{"type":"FeatureCollection","features":[{"type":"Feature","properties":{"t":"grama"},"geometry":{"type":"Polygon","coordinates":[[[5.7160127,50.0001458],[5.7172507,49.9986481],[5.7172249,49.998583],[5.7173318,49.9984376],[5.7176807,49.9986185],[5.7180925,49.9989719],[5.7183086,49.9991633],[5.7183933,49.9992937],[5.7184744,49.9995558],[5.7187574,50.0002865],[5.718641,50.0003236],[5.718763,50.0004247],[5.7187125,50.0004536],[5.717059,50.0008996],[5.7168327,50.0007069],[5.7163064,50.0002433],[5.7160127,50.0001458]]]}},{"type":"Feature","properties":{"t":"grama"},"geometry":{"type":"Polygon","coordinates":[[[5.7201808,50.001641],[5.7210893,50.0015722],[5.720919,50.0006433],[5.7200106,50.0007121],[5.7201808,50.001641]]]}},{"type":"Feature","properties":{"t":"grama"},"geometry":{"type":"Polygon","coordinates":[[[5.7264478,50.0067296],[5.7268414,50.006703],[5.7268139,50.0065351],[5.7264202,50.0065617],[5.7264478,50.0067296]]]}},{"type":"Feature","properties":{"t":"grama"},"geometry":{"type":"Polygon","coordinates":[[[5.7210209,50.0135761],[5.7211603,50.0130736],[5.7223683,50.0132168],[5.7222581,50.0137178],[5.7210209,50.0135761]]]}},{"type":"Feature","properties":{"t":"grama"},"geometry":{"type":"Polygon","coordinates":[[[5.7085269,49.9976418],[5.7082954,49.9974608],[5.7086676,49.9972666],[5.7089011,49.9974449],[5.7085269,49.9976418]]]}},{"type":"Feature","properties":{"t":"grama"},"geometry":{"type":"Polygon","coordinates":[[[5.6984711,50.0043914],[5.6984433,50.0050814],[5.6949522,50.0042472],[5.6950217,50.0041212],[5.6951183,50.0036535],[5.6952379,50.0035139],[5.6952597,50.00347],[5.6953823,50.0033607],[5.6955636,50.0034846],[5.6984711,50.0043914]]]}},{"type":"Feature","properties":{"t":"grama"},"geometry":{"type":"Polygon","coordinates":[[[5.6944643,50.0032856],[5.6944053,50.002725],[5.6927765,50.0027935],[5.6928576,50.0033327],[5.6944643,50.0032856]]]}},{"type":"Feature","properties":{"t":"lavoura"},"geometry":{"type":"Polygon","coordinates":[[[5.7096639,50.0065342],[5.7091811,50.0060895],[5.709216,50.0059705],[5.7094225,50.005324],[5.7095807,50.0049482],[5.7100948,50.0047035],[5.7103915,50.0050368],[5.7113725,50.0056223],[5.7103533,50.0060463],[5.7099148,50.0063281],[5.7096639,50.0065342]]]}},{"type":"Feature","properties":{"t":"lavoura"},"geometry":{"type":"Polygon","coordinates":[[[5.7317036,50.0011675],[5.7318324,50.0008951],[5.7331145,50.0011986],[5.7331635,50.0011401],[5.7344556,49.9995986],[5.7345843,49.9995124],[5.7354024,49.9982331],[5.735912,49.9981364],[5.7357216,49.9985297],[5.7357146,49.9985437],[5.7354212,49.9991297],[5.7347292,50.0000469],[5.736353,50.0005504],[5.7365638,50.0006158],[5.7378298,50.0009917],[5.7377923,50.0013468],[5.737583,50.0013917],[5.7376152,50.001502],[5.7370156,50.0015667],[5.7369447,50.0015744],[5.7363278,50.0017296],[5.7362741,50.001633],[5.7352817,50.0017089],[5.734477,50.001802],[5.7344019,50.0018468],[5.7343492,50.0019194],[5.7342517,50.0020537],[5.7338083,50.0018992],[5.7331037,50.0016537],[5.7317036,50.0011675]]]}},{"type":"Feature","properties":{"t":"grama"},"geometry":{"type":"Polygon","coordinates":[[[5.7276487,50.011142],[5.7279266,50.0111715],[5.7280003,50.0108849],[5.7277224,50.0108554],[5.7276863,50.0109956],[5.7276487,50.011142]]]}},{"type":"Feature","properties":{"t":"grama"},"geometry":{"type":"Polygon","coordinates":[[[5.7465359,49.9868958],[5.7464885,49.9867612],[5.7468476,49.9867089],[5.746895,49.9868435],[5.7465359,49.9868958]]]}},{"type":"Feature","properties":{"t":"grama"},"geometry":{"type":"Polygon","coordinates":[[[5.7885072,50.0100281],[5.7895908,50.0094213],[5.7890973,50.0090145],[5.7893011,50.0088697],[5.7886788,50.0083871],[5.7875738,50.0089869],[5.7881531,50.0094696],[5.7879278,50.0096213],[5.7885072,50.0100281]]]}},{"type":"Feature","properties":{"t":"prado"},"geometry":{"type":"Polygon","coordinates":[[[5.7673375,50.0209301],[5.7676196,50.0210193],[5.7691076,50.0214902],[5.7702611,50.0217642],[5.7711776,50.0218878],[5.7716474,50.0219958],[5.7724479,50.0221797],[5.7745207,50.0228497],[5.7752558,50.0213162],[5.7759198,50.0199096],[5.7749504,50.0188998],[5.7739286,50.0178663],[5.7734135,50.0173664],[5.7717197,50.015882],[5.7711433,50.0160441],[5.7705667,50.0162922],[5.7715193,50.0169143],[5.771548,50.0169746],[5.7714787,50.0170488],[5.7709459,50.0173679],[5.7706209,50.0176536],[5.7700237,50.0182555],[5.7699198,50.0183602],[5.7687053,50.0180033],[5.768082,50.0175601],[5.7673655,50.0178626],[5.7677248,50.0182508],[5.7673465,50.01839],[5.7669781,50.017981],[5.7656095,50.0185783],[5.7671915,50.0195475],[5.7662151,50.0192924],[5.7660168,50.0194064],[5.7657516,50.0195302],[5.766776,50.0198715],[5.7665678,50.0201424],[5.7659696,50.0199913],[5.7658832,50.020047],[5.7656467,50.0204359],[5.7673375,50.0209301]]]}},{"type":"Feature","properties":{"t":"grama"},"geometry":{"type":"Polygon","coordinates":[[[5.7080843,49.9997469],[5.7082981,49.9996091],[5.7087549,49.9998986],[5.7085685,50.0000339],[5.7080843,49.9997469]]]}},{"type":"Feature","properties":{"t":"grama"},"geometry":{"type":"Polygon","coordinates":[[[5.7191114,50.0209174],[5.7191729,50.0203904],[5.7204451,50.0204517],[5.7203836,50.0209787],[5.7191114,50.0209174]]]}},{"type":"Feature","properties":{"t":"grama"},"geometry":{"type":"Polygon","coordinates":[[[5.7190012,50.0214346],[5.7190452,50.0209753],[5.720382,50.0210281],[5.720338,50.0214875],[5.7190012,50.0214346]]]}},{"type":"Feature","properties":{"t":"grama"},"geometry":{"type":"Polygon","coordinates":[[[5.7188588,50.0220747],[5.7189226,50.0215],[5.7203351,50.0215648],[5.7202713,50.0221394],[5.7188588,50.0220747]]]}},{"type":"Feature","properties":{"t":"lavoura"},"geometry":{"type":"Polygon","coordinates":[[[5.7652176,50.0245306],[5.7639648,50.0266165],[5.7667914,50.02751],[5.7684736,50.0262341],[5.7652176,50.0245306]]]}},{"type":"Feature","properties":{"t":"lavoura"},"geometry":{"type":"Polygon","coordinates":[[[5.7848379,50.0415444],[5.7868425,50.0409381],[5.788314,50.0425401],[5.7871096,50.0431946],[5.7848379,50.0415444]]]}},{"type":"Feature","properties":{"t":"lavoura"},"geometry":{"type":"Polygon","coordinates":[[[5.7867262,50.0506907],[5.7878313,50.0512969],[5.7885826,50.05097],[5.7898575,50.0501706],[5.788931,50.0494472],[5.7867262,50.0506907]]]}},{"type":"Feature","properties":{"t":"lavoura"},"geometry":{"type":"Polygon","coordinates":[[[5.7855702,50.0558125],[5.7868426,50.0547068],[5.7860943,50.0544279],[5.7847119,50.0555438],[5.7855702,50.0558125]]]}},{"type":"Feature","properties":{"t":"prado"},"geometry":{"type":"Polygon","coordinates":[[[5.7306145,50.0114182],[5.7303034,50.0113105],[5.7303788,50.0112183],[5.7312369,50.0101695],[5.7315159,50.0100937],[5.7316422,50.0099314],[5.731902,50.0100143],[5.7336766,50.0109079],[5.7349597,50.0117587],[5.7351582,50.0125446],[5.7351307,50.0125495],[5.7340548,50.012759],[5.7339083,50.0123171],[5.7337314,50.0120277],[5.7333397,50.0117035],[5.7328595,50.0120121],[5.7310867,50.0109935],[5.7306145,50.0114182]]]}},{"type":"Feature","properties":{"t":"prado"},"geometry":{"type":"Polygon","coordinates":[[[5.7653734,50.0185926],[5.7654798,50.0185366],[5.765295,50.018348],[5.7654213,50.0182609],[5.7656908,50.0181374],[5.7656056,50.0180712],[5.7662116,50.0178109],[5.7659423,50.017631],[5.7655056,50.0173518],[5.7665843,50.0171831],[5.7660534,50.0163116],[5.7662115,50.0161784],[5.7671386,50.0159094],[5.7635559,50.0151529],[5.7632096,50.0163535],[5.7630873,50.0166033],[5.762906,50.0168056],[5.762562,50.016971],[5.7621131,50.0171418],[5.7615046,50.017554],[5.7608466,50.0181639],[5.7619077,50.0185418],[5.7620005,50.0184022],[5.7621025,50.0183382],[5.762369,50.0180999],[5.7627512,50.0179346],[5.7634446,50.0178194],[5.7645099,50.0187168],[5.7646632,50.0188344],[5.7649078,50.0187667],[5.7653734,50.0185926]]]}},{"type":"Feature","properties":{"t":"grama"},"geometry":{"type":"Polygon","coordinates":[[[5.7221435,50.0058341],[5.7226669,50.0060131],[5.7228038,50.0058405],[5.7223159,50.0056221],[5.7221435,50.0058341]]]}},{"type":"Feature","properties":{"t":"grama"},"geometry":{"type":"Polygon","coordinates":[[[5.7154009,50.0059995],[5.7156427,50.0061893],[5.7161218,50.0059371],[5.7158799,50.0057473],[5.7154009,50.0059995]]]}},{"type":"Feature","properties":{"t":"lavoura"},"geometry":{"type":"Polygon","coordinates":[[[5.7110882,50.007091],[5.7117373,50.0077047],[5.7119894,50.0076047],[5.7127114,50.0082462],[5.7130384,50.0081184],[5.7124132,50.0074254],[5.7126546,50.0072979],[5.7119465,50.0065532],[5.7110882,50.007091]]]}},{"type":"Feature","properties":{"t":"grama"},"geometry":{"type":"Polygon","coordinates":[[[5.6955982,50.0033007],[5.6958308,50.0032934],[5.6957983,50.0029695],[5.6955648,50.0029785],[5.6955982,50.0033007]]]}},{"type":"Feature","properties":{"t":"grama"},"geometry":{"type":"Polygon","coordinates":[[[5.6957971,50.003452],[5.6962595,50.0034373],[5.6962447,50.0032925],[5.6957744,50.0033122],[5.6957971,50.003452]]]}},{"type":"Feature","properties":{"t":"grama"},"geometry":{"type":"Polygon","coordinates":[[[5.6964483,50.003325],[5.6964462,50.0032536],[5.6962978,50.0032555],[5.6962902,50.0030063],[5.6966749,50.0030014],[5.6966846,50.003322],[5.6964483,50.003325]]]}},{"type":"Feature","properties":{"t":"grama"},"geometry":{"type":"Polygon","coordinates":[[[5.713428,50.0340995],[5.7135719,50.0341475],[5.7134512,50.0346454],[5.713855,50.0351432],[5.7144182,50.0356152],[5.7147079,50.035784],[5.7152282,50.0358702],[5.715475,50.0359632],[5.7167088,50.0360528],[5.7169828,50.0361019],[5.717036,50.0365719],[5.7148035,50.0364285],[5.713464,50.0356324],[5.7124556,50.0347078],[5.713428,50.0340995]]]}},{"type":"Feature","properties":{"t":"grama"},"geometry":{"type":"Polygon","coordinates":[[[5.7209167,50.0608521],[5.7207451,50.0610811],[5.720568,50.0613153],[5.7221586,50.0622537],[5.7236418,50.0632111],[5.7247845,50.063905],[5.7252163,50.0641632],[5.7262409,50.0632008],[5.7262221,50.0631663],[5.7245377,50.062419],[5.7236311,50.0620041],[5.7234407,50.0619283],[5.7228184,50.0616872],[5.7227648,50.0616907],[5.7224456,50.0614961],[5.721834,50.0612206],[5.7212386,50.0609675],[5.7209489,50.060816],[5.7209167,50.0608521]]]}},{"type":"Feature","properties":{"t":"grama"},"geometry":{"type":"Polygon","coordinates":[[[5.7265541,50.0642252],[5.7257253,50.0645368],[5.7248348,50.0649001],[5.7239041,50.0654097],[5.7235339,50.0656732],[5.7234642,50.0658608],[5.7241589,50.0663068],[5.7250735,50.0666769],[5.725736,50.0669782],[5.7258084,50.0670609],[5.7263476,50.0669886],[5.7266265,50.0668629],[5.7269618,50.0666855],[5.7260096,50.0661949],[5.7260901,50.0661501],[5.7252934,50.0656198],[5.726251,50.0651997],[5.7272112,50.0651205],[5.72734,50.0648312],[5.727002,50.0645867],[5.726774,50.0644318],[5.7265541,50.0642252]]]}},{"type":"Feature","properties":{"t":"grama"},"geometry":{"type":"Polygon","coordinates":[[[5.7198747,50.0644589],[5.719974,50.0646199],[5.7202154,50.0647404],[5.7203817,50.0647413],[5.7204541,50.0647068],[5.7203615,50.0645691],[5.7199699,50.0643702],[5.7198814,50.0644038],[5.7198747,50.0644589]]]}},{"type":"Feature","properties":{"t":"grama"},"geometry":{"type":"Polygon","coordinates":[[[5.6958912,50.0032907],[5.6961264,50.0032811],[5.6960974,50.002956],[5.6958648,50.0029656],[5.6958912,50.0032907]]]}},{"type":"Feature","properties":{"t":"prado"},"geometry":{"type":"Polygon","coordinates":[[[5.7905889,50.0591088],[5.793719,50.0608686],[5.793263,50.0612043],[5.7936814,50.0613989],[5.7935768,50.0615057],[5.7933784,50.0614368],[5.7930243,50.0616985],[5.7933676,50.0617123],[5.7936037,50.0617898],[5.7938477,50.0619155],[5.7968706,50.0612233],[5.7970598,50.0611741],[5.7972206,50.061073],[5.7975423,50.0609807],[5.7973719,50.0608356],[5.7960981,50.060996],[5.7960756,50.060961],[5.7954195,50.0610528],[5.7938638,50.0601643],[5.7915089,50.0588625],[5.7908624,50.0590227],[5.7905889,50.0591088]]]}},{"type":"Feature","properties":{"t":"prado"},"geometry":{"type":"Polygon","coordinates":[[[5.7915089,50.0588625],[5.7938638,50.0601643],[5.7954195,50.0610528],[5.7960756,50.060961],[5.7960659,50.0609461],[5.7972924,50.0607753],[5.7971866,50.0607037],[5.7971147,50.0607532],[5.7967606,50.0606757],[5.7953739,50.059894],[5.7928634,50.0585267],[5.7923752,50.058649],[5.7915089,50.0588625]]]}},{"type":"Feature","properties":{"t":"prado"},"geometry":{"type":"Polygon","coordinates":[[[5.7928634,50.0585267],[5.7953739,50.059894],[5.7957615,50.0596468],[5.7961517,50.059398],[5.796546,50.0591466],[5.7953256,50.0582994],[5.7931262,50.0584888],[5.7928634,50.0585267]]]}},{"type":"Feature","properties":{"t":"prado"},"geometry":{"type":"Polygon","coordinates":[[[5.7968947,50.0565154],[5.7940221,50.05614],[5.7932335,50.0584372],[5.7942742,50.0583511],[5.795154,50.0582753],[5.7957709,50.0582133],[5.7962912,50.0582271],[5.7968947,50.0565154]]]}},{"type":"Feature","properties":{"t":"prado"},"geometry":{"type":"Polygon","coordinates":[[[5.7870803,50.0526541],[5.7885611,50.0530195],[5.7885531,50.0531263],[5.7887918,50.0533605],[5.7893765,50.053047],[5.7901087,50.0526199],[5.7909107,50.052167],[5.791533,50.0518294],[5.7912996,50.0516314],[5.7908249,50.0510458],[5.7904252,50.0506893],[5.7898575,50.0501706],[5.7885826,50.05097],[5.7878313,50.0512969],[5.7867262,50.0506907],[5.788931,50.0494472],[5.7882124,50.0488619],[5.7855651,50.0502794],[5.7838026,50.0512039],[5.7848808,50.0518481],[5.7859859,50.0511729],[5.7858142,50.0510558],[5.7861683,50.0508836],[5.7871124,50.0514003],[5.7865331,50.0517585],[5.7875094,50.0523441],[5.7870803,50.0526541]]]}},{"type":"Feature","properties":{"t":"prado"},"geometry":{"type":"Polygon","coordinates":[[[5.7894731,50.0463576],[5.7888535,50.0459666],[5.7878637,50.0460131],[5.7866567,50.0459976],[5.7852969,50.0458633],[5.7851306,50.0459184],[5.7859164,50.0465229],[5.787169,50.0476012],[5.7881051,50.0471241],[5.7894731,50.0463576]]]}},{"type":"Feature","properties":{"t":"lavoura"},"geometry":{"type":"Polygon","coordinates":[[[5.7894731,50.0463576],[5.7881051,50.0471241],[5.787169,50.0476012],[5.7877108,50.0480559],[5.788427,50.0485984],[5.7901999,50.0474806],[5.7904252,50.0473221],[5.7906613,50.0470069],[5.7901436,50.0468399],[5.7898834,50.0467124],[5.7894731,50.0463576]]]}},{"type":"Feature","properties":{"t":"lavoura"},"geometry":{"type":"Polygon","coordinates":[[[5.7937995,50.0489394],[5.7930323,50.0483831],[5.7928768,50.0482402],[5.7922465,50.0477097],[5.7917288,50.0473876],[5.7913318,50.0471947],[5.7910421,50.0470931],[5.7908142,50.04705],[5.7903555,50.0475529],[5.7901999,50.0474806],[5.788427,50.0485984],[5.7892612,50.0493287],[5.7900551,50.050133],[5.7909,50.050784],[5.7937995,50.0489394]]]}},{"type":"Feature","properties":{"t":"lavoura"},"geometry":{"type":"Polygon","coordinates":[[[5.7937995,50.0489394],[5.7909,50.050784],[5.7912567,50.0511061],[5.7917416,50.0514909],[5.7918817,50.0516021],[5.7924154,50.0511268],[5.7929841,50.0505532],[5.7931259,50.0504377],[5.7935292,50.0501973],[5.7939818,50.0499367],[5.7946658,50.0495268],[5.7946524,50.0494579],[5.7941857,50.0492219],[5.7937995,50.0489394]]]}},{"type":"Feature","properties":{"t":"lavoura"},"geometry":{"type":"Polygon","coordinates":[[[5.7931128,50.0523926],[5.7949984,50.0496645],[5.7948174,50.0495474],[5.7947114,50.0495595],[5.7935528,50.0502254],[5.7931748,50.050461],[5.7930331,50.050562],[5.7919487,50.0516279],[5.7920426,50.0517106],[5.7928151,50.0522359],[5.7931128,50.0523926]]]}},{"type":"Feature","properties":{"t":"prado"},"geometry":{"type":"Polygon","coordinates":[[[5.794647,50.0532003],[5.7959613,50.0512904],[5.7951781,50.0510458],[5.7958969,50.0500658],[5.7949984,50.0496645],[5.7931128,50.0523926],[5.7934374,50.0525424],[5.7938397,50.0528231],[5.7944003,50.0530953],[5.794647,50.0532003]]]}},{"type":"Feature","properties":{"t":"prado"},"geometry":{"type":"Polygon","coordinates":[[[5.7958969,50.0500658],[5.7951781,50.0510458],[5.7959613,50.0512904],[5.794647,50.0532003],[5.7949179,50.053283],[5.7952183,50.0529265],[5.7953203,50.0529802],[5.7957011,50.0524477],[5.7970369,50.0505532],[5.7963529,50.0502828],[5.7958969,50.0500658]]]}},{"type":"Feature","properties":{"t":"prado"},"geometry":{"type":"Polygon","coordinates":[[[5.7925254,50.066053],[5.7933247,50.0663112],[5.7927051,50.0675405],[5.7926944,50.067568],[5.7927601,50.0676817],[5.7929599,50.0678685],[5.7931772,50.0679967],[5.7937217,50.0682429],[5.7939389,50.0678917],[5.7946363,50.0669964],[5.795103,50.0663715],[5.7947355,50.0662372],[5.79447,50.0662027],[5.7945505,50.0658119],[5.7945934,50.0657275],[5.794301,50.0646205],[5.7941202,50.0637662],[5.7932389,50.0634806],[5.793196,50.0634135],[5.7931477,50.0635099],[5.7932442,50.0635478],[5.7930726,50.0639059],[5.7929921,50.0638801],[5.7927802,50.0643467],[5.79274,50.064481],[5.7927051,50.0646032],[5.7927078,50.0647014],[5.79274,50.0649338],[5.7928634,50.0652231],[5.7928714,50.0653901],[5.7928231,50.065576],[5.7927239,50.0657551],[5.7925254,50.066053]]]}},{"type":"Feature","properties":{"t":"prado"},"geometry":{"type":"Polygon","coordinates":[[[5.790208,50.0666228],[5.7903823,50.0667072],[5.7916403,50.0672874],[5.7917932,50.0669327],[5.7919434,50.066733],[5.7921606,50.0664713],[5.7924369,50.0660736],[5.792689,50.0657086],[5.7928017,50.0654676],[5.7928124,50.0653333],[5.7927963,50.0652059],[5.7926863,50.0649459],[5.7926381,50.0647289],[5.7926381,50.0645929],[5.7922599,50.0648081],[5.791533,50.0654624],[5.790208,50.0666228]]]}},{"type":"Feature","properties":{"t":"prado"},"geometry":{"type":"Polygon","coordinates":[[[5.790208,50.0666228],[5.791533,50.0654624],[5.7922599,50.0648081],[5.7926381,50.0645929],[5.7926998,50.0643897],[5.7929331,50.0638629],[5.7919112,50.0646394],[5.7911977,50.0642985],[5.7890841,50.0660891],[5.7894435,50.0662527],[5.790208,50.0666228]]]}},{"type":"Feature","properties":{"t":"prado"},"geometry":{"type":"Polygon","coordinates":[[[5.7911977,50.0642985],[5.7919112,50.0646394],[5.7929331,50.0638629],[5.7934132,50.0627523],[5.7926702,50.06242],[5.7925978,50.062389],[5.7921338,50.0624389],[5.7920828,50.0623873],[5.7888763,50.0631251],[5.7889728,50.063181],[5.7892719,50.0633308],[5.7911977,50.0642985]]]}},{"type":"Feature","properties":{"t":"prado"},"geometry":{"type":"Polygon","coordinates":[[[5.7941202,50.0637662],[5.794301,50.0646205],[5.7945934,50.0657275],[5.7952264,50.0659376],[5.7952049,50.0663302],[5.7961437,50.0670739],[5.798449,50.0680914],[5.7990556,50.0673582],[5.7992362,50.0671188],[5.7948348,50.0652851],[5.7945015,50.0639015],[5.7943922,50.0638543],[5.7941202,50.0637662]]]}},{"type":"Feature","properties":{"t":"prado"},"geometry":{"type":"Polygon","coordinates":[[[5.793196,50.0634135],[5.7932389,50.0634806],[5.7941202,50.0637662],[5.7943922,50.0638543],[5.7948375,50.0633239],[5.7934803,50.0627781],[5.7933676,50.0629779],[5.793196,50.0634135]]]}},{"type":"Feature","properties":{"t":"prado"},"geometry":{"type":"Polygon","coordinates":[[[5.7945015,50.0639015],[5.7948348,50.0652851],[5.7992362,50.0671188],[5.7994857,50.0667881],[5.799813,50.0666538],[5.8000731,50.0663491],[5.7965112,50.0647703],[5.7945015,50.0639015]]]}},{"type":"Feature","properties":{"t":"prado"},"geometry":{"type":"Polygon","coordinates":[[[5.7934803,50.0627781],[5.7948375,50.0633239],[5.7943922,50.0638543],[5.7945015,50.0639015],[5.7965112,50.0647703],[5.8000731,50.0663491],[5.8004015,50.0667476],[5.8009696,50.0670726],[5.801551,50.0664887],[5.8013713,50.0661924],[5.800969,50.0658205],[5.8007464,50.0656725],[5.8005667,50.0654917],[5.8003467,50.0651663],[5.7997566,50.0648254],[5.7992658,50.0644345],[5.7990351,50.0642933],[5.798732,50.0638973],[5.7986435,50.0636649],[5.7985872,50.0635788],[5.7978818,50.0631345],[5.7969832,50.0628522],[5.7946417,50.0620515],[5.794234,50.0618931],[5.7940409,50.061943],[5.7940006,50.0619809],[5.7940301,50.0621979],[5.7939979,50.0623373],[5.7936788,50.0625698],[5.7935581,50.062649],[5.7934803,50.0627781]]]}},{"type":"Feature","properties":{"t":"prado"},"geometry":{"type":"Polygon","coordinates":[[[5.7971282,50.0612473],[5.7962349,50.0614489],[5.7962456,50.0615005],[5.7954302,50.0617399],[5.7947007,50.0618862],[5.794647,50.0617967],[5.794234,50.0618931],[5.7946417,50.0620515],[5.7969832,50.0628522],[5.7978818,50.0631345],[5.7985872,50.0635788],[5.7987441,50.0635943],[5.7987857,50.0635271],[5.7987401,50.0633463],[5.7984822,50.0631861],[5.798437,50.0632103],[5.7980508,50.0629658],[5.7981151,50.0628487],[5.7981849,50.0628763],[5.7983485,50.0626438],[5.7986462,50.0623356],[5.7985349,50.0622418],[5.798732,50.0620222],[5.7992095,50.0616848],[5.7994831,50.0615126],[5.798952,50.0613455],[5.7985558,50.0614368],[5.7981488,50.0615235],[5.7973867,50.0617088],[5.7971282,50.0612473]]]}},{"type":"Feature","properties":{"t":"prado"},"geometry":{"type":"Polygon","coordinates":[[[5.7750615,50.0631742],[5.7749006,50.0631896],[5.7748604,50.0632172],[5.7747129,50.0637458],[5.7745734,50.0640282],[5.7744312,50.0642537],[5.7742059,50.0645085],[5.7736346,50.0648839],[5.773699,50.0649097],[5.7748657,50.0649046],[5.7749811,50.064803],[5.7769069,50.0648443],[5.7768854,50.0648908],[5.7783043,50.064877],[5.7784116,50.064815],[5.7790312,50.0647995],[5.7789427,50.063014],[5.778594,50.0629882],[5.778181,50.0629744],[5.7776526,50.0630002],[5.776408,50.0630795],[5.7750615,50.0631742]]]}},{"type":"Feature","properties":{"t":"prado"},"geometry":{"type":"Polygon","coordinates":[[[5.7789427,50.063014],[5.7790312,50.0647995],[5.7784116,50.064815],[5.7783043,50.064877],[5.7796804,50.0648499],[5.7796293,50.0648012],[5.7809383,50.0647255],[5.7815265,50.0639169],[5.781413,50.0638835],[5.7808042,50.0639421],[5.7804903,50.0639111],[5.7802436,50.0638474],[5.7802999,50.0639455],[5.7802811,50.0640075],[5.7802033,50.0640178],[5.7798895,50.0637647],[5.7799646,50.0636993],[5.7795891,50.0634152],[5.7791385,50.0630932],[5.7790205,50.0630226],[5.7789427,50.063014]]]}},{"type":"Feature","properties":{"t":"lavoura"},"geometry":{"type":"Polygon","coordinates":[[[5.7862571,50.0606241],[5.7861249,50.0604952],[5.7845324,50.0589417],[5.7835478,50.0594148],[5.7835668,50.0594531],[5.7832503,50.0596116],[5.7851976,50.0611096],[5.7858574,50.0608152],[5.7862571,50.0606241]]]}},{"type":"Feature","properties":{"t":"lavoura"},"geometry":{"type":"Polygon","coordinates":[[[5.7883948,50.059739],[5.7882124,50.0597838],[5.7879308,50.0598888],[5.7874963,50.0600885],[5.7913211,50.0614437],[5.7925008,50.0618489],[5.7926519,50.0618107],[5.7925446,50.0617152],[5.7927571,50.0615641],[5.793263,50.0612043],[5.793719,50.0608686],[5.7905889,50.0591088],[5.7894891,50.0594531],[5.7891458,50.0595427],[5.7911575,50.0602521],[5.7905996,50.060538],[5.7883948,50.059739]]]}},{"type":"Feature","properties":{"t":"lavoura"},"geometry":{"type":"Polygon","coordinates":[[[5.7925008,50.0618489],[5.7913211,50.0614437],[5.7874963,50.0600885],[5.7861015,50.0607532],[5.7876331,50.0612836],[5.7865548,50.0618001],[5.7852151,50.0624323],[5.7861881,50.0625695],[5.7870832,50.0626421],[5.788891,50.0628057],[5.7886603,50.0629951],[5.7887569,50.0630846],[5.7908329,50.0626059],[5.792018,50.0623246],[5.791989,50.0622874],[5.792512,50.0621049],[5.7922438,50.0619155],[5.7922277,50.0618518],[5.7923672,50.0618414],[5.7925008,50.0618489]]]}},{"type":"Feature","properties":{"t":"prado"},"geometry":{"type":"Polygon","coordinates":[[[5.7889728,50.063181],[5.7883787,50.0637045],[5.7881118,50.0638758],[5.7884337,50.064023],[5.7892719,50.0633308],[5.7889728,50.063181]]]}},{"type":"Feature","properties":{"t":"prado"},"geometry":{"type":"Polygon","coordinates":[[[5.7867996,50.0679276],[5.7871953,50.068063],[5.7872694,50.0680884],[5.7874694,50.0681569],[5.7877295,50.067906],[5.7894435,50.0662527],[5.7890841,50.0660891],[5.7911977,50.0642985],[5.7892719,50.0633308],[5.7884337,50.064023],[5.7881118,50.0638758],[5.7883787,50.0637045],[5.7889728,50.063181],[5.7888763,50.0631251],[5.7854927,50.063918],[5.7841724,50.0642189],[5.7862793,50.0649904],[5.785031,50.0662642],[5.7861417,50.0659961],[5.7872844,50.0657964],[5.7880013,50.0656067],[5.7888811,50.0660062],[5.7867996,50.0679276]]]}},{"type":"Feature","properties":{"t":"prado"},"geometry":{"type":"Polygon","coordinates":[[[5.7770678,50.0601109],[5.7768801,50.0602711],[5.776459,50.060705],[5.775995,50.0610804],[5.7776847,50.0616142],[5.7773897,50.0619],[5.7793236,50.0624785],[5.7795623,50.0625526],[5.7802597,50.0623769],[5.7807773,50.0622667],[5.7812709,50.0621944],[5.7786959,50.0607239],[5.7770678,50.0601109]]]}},{"type":"Feature","properties":{"t":"prado"},"geometry":{"type":"Polygon","coordinates":[[[5.7802597,50.0623769],[5.7813406,50.0624596],[5.7824805,50.0625285],[5.7835025,50.0626025],[5.7839182,50.0625285],[5.7847719,50.0623698],[5.7852151,50.0624323],[5.7865548,50.0618001],[5.7876331,50.0612836],[5.7861015,50.0607532],[5.7855222,50.0610046],[5.7845646,50.0614626],[5.7848543,50.0619172],[5.7847711,50.0619448],[5.784688,50.061931],[5.7845539,50.0617777],[5.7844251,50.0615229],[5.7843159,50.0615047],[5.7840013,50.061609],[5.7831323,50.0618053],[5.7830894,50.0618535],[5.7824725,50.0619947],[5.7812709,50.0621944],[5.7807773,50.0622667],[5.7802597,50.0623769]]]}},{"type":"Feature","properties":{"t":"lavoura"},"geometry":{"type":"Polygon","coordinates":[[[5.7797557,50.0649217],[5.7788193,50.0649355],[5.7767594,50.0649614],[5.7735863,50.0649958],[5.7748282,50.0658963],[5.7756811,50.0665299],[5.777261,50.0676748],[5.7778671,50.0672926],[5.7780442,50.0672306],[5.7781944,50.0672168],[5.778425,50.0673442],[5.7785243,50.0673546],[5.7791546,50.0671531],[5.7797581,50.066962],[5.7804903,50.0668845],[5.7809025,50.0668601],[5.7798707,50.0663715],[5.7801336,50.0662372],[5.7807486,50.0658684],[5.7801268,50.0652794],[5.7801354,50.0650522],[5.7798149,50.0650036],[5.7797557,50.0649217]]]}},{"type":"Feature","properties":{"t":"prado"},"geometry":{"type":"Polygon","coordinates":[[[5.7706144,50.0635771],[5.7686189,50.0635357],[5.767892,50.0636167],[5.7668701,50.063763],[5.7663041,50.0638956],[5.7657865,50.0639817],[5.7654861,50.0640316],[5.7653466,50.0644776],[5.7657543,50.0644982],[5.768069,50.0641762],[5.7699332,50.0641022],[5.7706144,50.0635771]]]}},{"type":"Feature","properties":{"t":"prado"},"geometry":{"type":"Polygon","coordinates":[[[5.7699332,50.0641022],[5.768069,50.0641762],[5.7657543,50.0644982],[5.7658079,50.0646532],[5.7657274,50.0648818],[5.7659876,50.0649235],[5.7665938,50.0649769],[5.7666099,50.0648891],[5.7671973,50.0648891],[5.7671678,50.0649717],[5.7680288,50.0649751],[5.7680744,50.0648787],[5.7688871,50.0649063],[5.7689139,50.0649683],[5.7697803,50.0649476],[5.7694048,50.064605],[5.7695577,50.0644293],[5.7699332,50.0641022]]]}},{"type":"Feature","properties":{"t":"prado"},"geometry":{"type":"Polygon","coordinates":[[[5.7682836,50.0660461],[5.7682997,50.06544],[5.76812,50.065044],[5.7667494,50.0650526],[5.765942,50.0649992],[5.7655853,50.0649321],[5.7656014,50.0652988],[5.7661164,50.0654899],[5.766626,50.0656397],[5.7677525,50.0658928],[5.7682836,50.0660461]]]}},{"type":"Feature","properties":{"t":"lavoura"},"geometry":{"type":"Polygon","coordinates":[[[5.7747933,50.0632215],[5.7747316,50.0631922],[5.7734938,50.063392],[5.7727978,50.0635047],[5.7721594,50.0635788],[5.7715398,50.0635926],[5.7706144,50.0635771],[5.7699332,50.0641022],[5.7695577,50.0644293],[5.7694048,50.064605],[5.7697803,50.0649476],[5.7723284,50.0649321],[5.7733825,50.0649114],[5.7735461,50.0648753],[5.7739645,50.0646342],[5.7742059,50.0644328],[5.7743561,50.064283],[5.7745224,50.0640075],[5.7746807,50.0637027],[5.7747933,50.0632215]]]}},{"type":"Feature","properties":{"t":"lavoura"},"geometry":{"type":"Polygon","coordinates":[[[5.7702738,50.0650234],[5.7700941,50.0652076],[5.7697454,50.0654727],[5.7695067,50.065626],[5.7694086,50.0657148],[5.7693565,50.065762],[5.7689622,50.0660908],[5.7687342,50.0662475],[5.7691848,50.0665127],[5.7697695,50.0668467],[5.7708397,50.0662578],[5.7730432,50.0649941],[5.7702738,50.0650234]]]}},{"type":"Feature","properties":{"t":"lavoura"},"geometry":{"type":"Polygon","coordinates":[[[5.7735863,50.0649958],[5.7730432,50.0649941],[5.7708397,50.0662578],[5.7697695,50.0668467],[5.7705528,50.0672478],[5.7714379,50.0678211],[5.7748282,50.0658963],[5.7735863,50.0649958]]]}},{"type":"Feature","properties":{"t":"prado"},"geometry":{"type":"Polygon","coordinates":[[[5.7650469,50.0651014],[5.7647431,50.0649287],[5.764374,50.0652253],[5.7638657,50.0649691],[5.763343,50.0652937],[5.7635978,50.0654349],[5.7631864,50.0656974],[5.7633215,50.0657913],[5.7636702,50.0659445],[5.7645795,50.0652024],[5.7648642,50.0652957],[5.7650469,50.0651014]]]}},{"type":"Feature","properties":{"t":"prado"},"geometry":{"type":"Polygon","coordinates":[[[5.79826,50.0487052],[5.7964066,50.0478285],[5.7960981,50.0482419],[5.795213,50.0491806],[5.7948804,50.0494424],[5.7964039,50.0501416],[5.7964361,50.0502605],[5.7964951,50.0502932],[5.79826,50.0487052]]]}},{"type":"Feature","properties":{"t":"prado"},"geometry":{"type":"Polygon","coordinates":[[[5.7807559,50.0546865],[5.7812977,50.0552101],[5.7815321,50.0556174],[5.7839972,50.0557616],[5.7815015,50.0540166],[5.7814287,50.0538556],[5.7808444,50.0537669],[5.7807478,50.0536808],[5.7807183,50.0538013],[5.7806754,50.0537996],[5.7806593,50.0540752],[5.7807431,50.0546057],[5.7807559,50.0546865]]]}},{"type":"Feature","properties":{"t":"prado"},"geometry":{"type":"Polygon","coordinates":[[[5.7814287,50.0538556],[5.7815015,50.0540166],[5.7839972,50.0557616],[5.7841953,50.0557711],[5.7842467,50.0557704],[5.7853773,50.0549431],[5.7829338,50.0533105],[5.7827166,50.053946],[5.78262,50.0539977],[5.7824537,50.0539994],[5.7819226,50.0539305],[5.7814287,50.0538556]]]}},{"type":"Feature","properties":{"t":"prado"},"geometry":{"type":"Polygon","coordinates":[[[5.7853773,50.0549431],[5.7861283,50.0543111],[5.786418,50.054163],[5.787625,50.0538151],[5.7881936,50.0536446],[5.7885048,50.053543],[5.7887918,50.0533605],[5.7885531,50.0531263],[5.7885611,50.0530195],[5.7870803,50.0526541],[5.7866058,50.0526303],[5.7858368,50.0522924],[5.7855256,50.0525266],[5.7846126,50.0523372],[5.7841835,50.0528676],[5.7830462,50.0526403],[5.782831,50.0532859],[5.7829338,50.0533105],[5.7853773,50.0549431]]]}},{"type":"Feature","properties":{"t":"prado"},"geometry":{"type":"Polygon","coordinates":[[[5.7818395,50.0537962],[5.7807478,50.0536808],[5.7808444,50.0537669],[5.7814287,50.0538556],[5.7819226,50.0539305],[5.7824537,50.0539994],[5.78262,50.0539977],[5.7827166,50.053946],[5.7829338,50.0533105],[5.782831,50.0532859],[5.7826127,50.0539406],[5.7823545,50.0539477],[5.7818395,50.0538289],[5.7818395,50.0537962]]]}},{"type":"Feature","properties":{"t":"lavoura"},"geometry":{"type":"Polygon","coordinates":[[[5.7868426,50.0547068],[5.7893577,50.0553805],[5.7905701,50.0557026],[5.7916886,50.0558283],[5.7924342,50.0558782],[5.7924584,50.0559385],[5.7940221,50.05614],[5.7968947,50.0565154],[5.7969537,50.0565257],[5.7976806,50.0548191],[5.7976913,50.0547279],[5.7977986,50.0544816],[5.7970154,50.054268],[5.7960552,50.0539322],[5.7954195,50.0537273],[5.7946068,50.053438],[5.794116,50.0532003],[5.7934964,50.0528851],[5.7927293,50.0524339],[5.7918522,50.0518415],[5.7917154,50.0517657],[5.7915813,50.0518587],[5.7888776,50.0534087],[5.7883948,50.0536911],[5.7878423,50.0538048],[5.7865173,50.0541768],[5.7860943,50.0544279],[5.7868426,50.0547068]]]}},{"type":"Feature","properties":{"t":"lavoura"},"geometry":{"type":"Polygon","coordinates":[[[5.7916886,50.0558283],[5.7905701,50.0557026],[5.7893577,50.0553805],[5.7868426,50.0547068],[5.7855702,50.0558125],[5.7847119,50.0555438],[5.7844841,50.0556664],[5.7844734,50.0557422],[5.786579,50.056462],[5.7881695,50.0569821],[5.7887354,50.0571388],[5.7903662,50.05754],[5.7906425,50.0576485],[5.7910287,50.0578431],[5.7916886,50.0558283]]]}},{"type":"Feature","properties":{"t":"prado"},"geometry":{"type":"Polygon","coordinates":[[[5.7940221,50.05614],[5.7924584,50.0559385],[5.7924396,50.0559781],[5.7917583,50.0559351],[5.7916966,50.0559953],[5.7914177,50.0568254],[5.791136,50.057707],[5.7912031,50.0579378],[5.7916537,50.0581651],[5.7920346,50.0583046],[5.7924771,50.0584062],[5.792866,50.0584492],[5.7931182,50.0584544],[5.7932335,50.0584372],[5.7940221,50.05614]]]}},{"type":"Feature","properties":{"t":"prado"},"geometry":{"type":"Polygon","coordinates":[[[5.784857,50.0459976],[5.7834998,50.0460303],[5.7829258,50.0460458],[5.781928,50.0461096],[5.7816356,50.0460992],[5.7810005,50.0460249],[5.7810848,50.0470391],[5.7814058,50.0479777],[5.7826005,50.0475282],[5.7837117,50.0468588],[5.7848543,50.0460269],[5.784857,50.0459976]]]}},{"type":"Feature","properties":{"t":"prado"},"geometry":{"type":"Polygon","coordinates":[[[5.7855957,50.0465419],[5.7849643,50.0460338],[5.7840708,50.0466742],[5.7846458,50.047039],[5.7855957,50.0465419]]]}},{"type":"Feature","properties":{"t":"prado"},"geometry":{"type":"Polygon","coordinates":[[[5.7847294,50.0490527],[5.7849401,50.0486294],[5.7851037,50.0484038],[5.7852057,50.0484021],[5.7851386,50.0478475],[5.7854417,50.0475443],[5.785067,50.0474089],[5.7838278,50.0475464],[5.7826127,50.0487145],[5.7831412,50.048969],[5.7836044,50.0484899],[5.7847294,50.0490527]]]}},{"type":"Feature","properties":{"t":"prado"},"geometry":{"type":"Polygon","coordinates":[[[5.7847294,50.0490527],[5.7836044,50.0484899],[5.7831412,50.048969],[5.7828112,50.0493621],[5.7826074,50.049275],[5.7824188,50.0494114],[5.7823178,50.0495902],[5.78117,50.0488682],[5.7805842,50.049575],[5.7803455,50.0497782],[5.7800317,50.0499694],[5.78078,50.0506204],[5.7828695,50.0506514],[5.7845976,50.0493173],[5.7847294,50.0490527]]]}},{"type":"Feature","properties":{"t":"prado"},"geometry":{"type":"Polygon","coordinates":[[[5.7806225,50.0506675],[5.7801926,50.0508219],[5.7800585,50.051051],[5.780238,50.0511471],[5.7805249,50.0511867],[5.7809568,50.0513073],[5.7816515,50.0512143],[5.7820592,50.0512418],[5.7828102,50.0512832],[5.783599,50.0513042],[5.7838026,50.0512039],[5.7855651,50.0502794],[5.7882124,50.0488619],[5.787017,50.0477352],[5.7848326,50.0494613],[5.7845976,50.0493173],[5.7828695,50.0506514],[5.78078,50.0506204],[5.7800317,50.0499694],[5.7799144,50.0500384],[5.7806225,50.0506675]]]}},{"type":"Feature","properties":{"t":"prado"},"geometry":{"type":"Polygon","coordinates":[[[5.7969841,50.0469877],[5.7973319,50.0466177],[5.7975867,50.0463421],[5.7978147,50.0459511],[5.7979757,50.0455119],[5.7981688,50.0451553],[5.798488,50.0447195],[5.7984236,50.0446679],[5.7979086,50.0448005],[5.7972702,50.044959],[5.7966399,50.0450347],[5.7957977,50.0450761],[5.795036,50.0451898],[5.7944995,50.0453327],[5.7934776,50.04566],[5.7934454,50.0470069],[5.7947221,50.046585],[5.7947406,50.0471771],[5.7969841,50.0469877]]]}},{"type":"Feature","properties":{"t":"prado"},"geometry":{"type":"Polygon","coordinates":[[[5.7903662,50.0460321],[5.7890736,50.0459769],[5.7892083,50.046072],[5.7894749,50.0462354],[5.7902001,50.0467959],[5.7901283,50.0467914],[5.7905272,50.0469157],[5.7911092,50.0470741],[5.7914257,50.0471878],[5.7916805,50.0473325],[5.7919541,50.0474806],[5.7934454,50.0470069],[5.7934776,50.04566],[5.7930472,50.0457863],[5.7926246,50.0459157],[5.7923404,50.0459748],[5.7920587,50.0460286],[5.7921419,50.0460992],[5.7917154,50.0461612],[5.7903662,50.0460717],[5.7903662,50.0460321]]]}},{"type":"Feature","properties":{"t":"prado"},"geometry":{"type":"Polygon","coordinates":[[[5.7919541,50.0474806],[5.7922626,50.0476718],[5.7926837,50.0480197],[5.7930482,50.0483363],[5.7949348,50.0477317],[5.7947406,50.0471771],[5.7947221,50.046585],[5.7934454,50.0470069],[5.7919541,50.0474806]]]}},{"type":"Feature","properties":{"t":"lavoura"},"geometry":{"type":"Polygon","coordinates":[[[5.7815122,50.0431702],[5.7806069,50.0425788],[5.7792565,50.0426766],[5.7792297,50.0425802],[5.7790439,50.0425947],[5.7790444,50.0435651],[5.7803656,50.0433364],[5.7815122,50.0431702]]]}},{"type":"Feature","properties":{"t":"lavoura"},"geometry":{"type":"Polygon","coordinates":[[[5.7809969,50.0459813],[5.7813996,50.046045],[5.7817671,50.0460691],[5.7819749,50.0460743],[5.7826683,50.0460148],[5.7832208,50.0459933],[5.7836057,50.0459959],[5.7840818,50.045989],[5.7848972,50.0459563],[5.7838136,50.0450391],[5.7828252,50.044183],[5.7819656,50.043494],[5.7815122,50.0431702],[5.7803656,50.0433364],[5.7790444,50.0435651],[5.7770907,50.043692],[5.777164,50.0446919],[5.7797468,50.0448625],[5.7800344,50.0447385],[5.7803455,50.0447643],[5.7808883,50.0446747],[5.7809969,50.0459813]]]}},{"type":"Feature","properties":{"t":"prado"},"geometry":{"type":"Polygon","coordinates":[[[5.7716283,50.0627161],[5.7725537,50.0628952],[5.77261,50.0634996],[5.7730257,50.0634359],[5.7747826,50.0631432],[5.7748443,50.0631001],[5.7752466,50.0621324],[5.7753271,50.0618414],[5.7754934,50.0615332],[5.7759976,50.061008],[5.7764402,50.0606551],[5.7726422,50.0591552],[5.7721809,50.060748],[5.7716283,50.0627161]]]}},{"type":"Feature","properties":{"t":"prado"},"geometry":{"type":"Polygon","coordinates":[[[5.7713869,50.0635547],[5.7718939,50.063553],[5.77261,50.0634996],[5.7725537,50.0628952],[5.7716283,50.0627161],[5.7715076,50.0629606],[5.7713869,50.0635547]]]}},{"type":"Feature","properties":{"t":"lavoura"},"geometry":{"type":"Polygon","coordinates":[[[5.7713869,50.0635547],[5.7715076,50.0629606],[5.7716283,50.0627161],[5.7721809,50.060748],[5.7726422,50.0591552],[5.7723418,50.0590416],[5.7720092,50.0588315],[5.7714593,50.0583735],[5.7713762,50.0583149],[5.771293,50.0592809],[5.771175,50.0603486],[5.7711267,50.0606017],[5.7709685,50.0608996],[5.7709229,50.0610425],[5.7709148,50.0614127],[5.7709068,50.0618311],[5.7708263,50.0621755],[5.770652,50.0625715],[5.7706064,50.062816],[5.7705688,50.0635409],[5.7713869,50.0635547]]]}},{"type":"Feature","properties":{"t":"prado"},"geometry":{"type":"Polygon","coordinates":[[[5.7796723,50.060073],[5.779742,50.060104],[5.7796991,50.0602211],[5.7805252,50.0607446],[5.7810348,50.0603796],[5.7812548,50.0600421],[5.7817751,50.0597252],[5.78192,50.0596047],[5.7826871,50.0592568],[5.7803053,50.0576709],[5.7793075,50.0580842],[5.778999,50.0582529],[5.7775936,50.0597132],[5.7770678,50.0601109],[5.7786959,50.0607239],[5.7796723,50.060073]]]}},{"type":"Feature","properties":{"t":"prado"},"geometry":{"type":"Polygon","coordinates":[[[5.7835478,50.0594148],[5.7845324,50.0589417],[5.7861249,50.0604952],[5.7864153,50.060321],[5.7869795,50.0600629],[5.7853988,50.0585422],[5.7847765,50.0588177],[5.781867,50.056955],[5.7803053,50.0576709],[5.7826871,50.0592568],[5.783143,50.0595599],[5.7835293,50.0593774],[5.7835478,50.0594148]]]}},{"type":"Feature","properties":{"t":"prado"},"geometry":{"type":"Polygon","coordinates":[[[5.7893094,50.0594308],[5.7890171,50.059014],[5.7890359,50.0589676],[5.7891324,50.0589555],[5.7894623,50.0593791],[5.789516,50.0593894],[5.7900122,50.0592482],[5.7906532,50.0590278],[5.7912004,50.058878],[5.7916376,50.0587816],[5.7926971,50.0585112],[5.7926595,50.0584647],[5.7922357,50.0583993],[5.7918146,50.0582701],[5.7914847,50.0581376],[5.790951,50.0578517],[5.7903984,50.05759],[5.7894221,50.0573523],[5.7882124,50.0570596],[5.7881853,50.0570971],[5.7863346,50.0578273],[5.7851073,50.0572935],[5.7846352,50.0570868],[5.7831975,50.0564118],[5.781867,50.056955],[5.7847765,50.0588177],[5.7853988,50.0585422],[5.7869795,50.0600629],[5.7871369,50.0602142],[5.7878906,50.0598457],[5.7883948,50.0596632],[5.7892585,50.0594635],[5.7893094,50.0594308]]]}},{"type":"Feature","properties":{"t":"prado"},"geometry":{"type":"Polygon","coordinates":[[[5.7713762,50.0583149],[5.7714593,50.0583735],[5.7720092,50.0588315],[5.7723418,50.0590416],[5.7726422,50.0591552],[5.7764402,50.0606551],[5.7768559,50.0602315],[5.7775101,50.0597077],[5.7761261,50.0591015],[5.7759413,50.0590209],[5.7760325,50.058866],[5.7763571,50.0588832],[5.7776457,50.0575534],[5.7740477,50.0565343],[5.7718778,50.0558972],[5.7713762,50.0583149]]]}},{"type":"Feature","properties":{"t":"prado"},"geometry":{"type":"Polygon","coordinates":[[[5.770542,50.0542302],[5.7706681,50.0542818],[5.7709417,50.0542233],[5.7712743,50.0541613],[5.7718509,50.0540924],[5.7722399,50.0540976],[5.7725027,50.0541751],[5.7728299,50.0544093],[5.7731438,50.0545866],[5.773412,50.0546796],[5.7740477,50.0547967],[5.7744527,50.0548398],[5.7752252,50.0549535],[5.7755041,50.0549535],[5.7757053,50.054876],[5.7763651,50.0547657],[5.7767218,50.0548157],[5.7773441,50.054659],[5.7786021,50.0542405],[5.7791251,50.0539529],[5.7787415,50.0538013],[5.7781595,50.0535172],[5.7779261,50.0534414],[5.7772502,50.0537135],[5.7762605,50.0526458],[5.7759145,50.0529213],[5.7756302,50.0530591],[5.7750937,50.0532141],[5.7739028,50.0535482],[5.7732135,50.0536567],[5.7721755,50.0538065],[5.7715613,50.0539081],[5.7710597,50.0540252],[5.770542,50.0542302]]]}},{"type":"Feature","properties":{"t":"prado"},"geometry":{"type":"Polygon","coordinates":[[[5.7762605,50.0526458],[5.7772502,50.0537135],[5.7779261,50.0534414],[5.7776123,50.0527353],[5.7773975,50.0524872],[5.7769031,50.0521058],[5.7765512,50.0523842],[5.7762605,50.0526458]]]}},{"type":"Feature","properties":{"t":"prado"},"geometry":{"type":"Polygon","coordinates":[[[5.7775344,50.0524174],[5.7777169,50.0525993],[5.7779181,50.0531659],[5.7780978,50.0533415],[5.7781595,50.0535172],[5.7797769,50.0523582],[5.7795918,50.0522049],[5.7796937,50.0518553],[5.7797098,50.0517588],[5.7797527,50.0514936],[5.7798707,50.0512818],[5.7800585,50.051051],[5.7798312,50.0510902],[5.7793302,50.0519341],[5.7790637,50.0516381],[5.7775344,50.0524174]]]}},{"type":"Feature","properties":{"t":"prado"},"geometry":{"type":"Polygon","coordinates":[[[5.7791251,50.0539529],[5.7794416,50.0538823],[5.7794306,50.0537494],[5.7793341,50.0535393],[5.7797911,50.0531793],[5.779801,50.0528507],[5.7797152,50.0527078],[5.7799244,50.0524322],[5.7799351,50.0519707],[5.7798734,50.051857],[5.7796937,50.0518553],[5.7795918,50.0522049],[5.7797769,50.0523582],[5.7781595,50.0535172],[5.7787415,50.0538013],[5.7791251,50.0539529]]]}},{"type":"Feature","properties":{"t":"prado"},"geometry":{"type":"Polygon","coordinates":[[[5.7767218,50.0548157],[5.7759494,50.0550861],[5.7756463,50.0552014],[5.775547,50.0553358],[5.7756865,50.0554684],[5.7758743,50.0555218],[5.776011,50.0554184],[5.7762498,50.0553203],[5.7766172,50.0552221],[5.7770437,50.0551928],[5.7772851,50.0552307],[5.7774863,50.0549603],[5.7777169,50.0550929],[5.7779074,50.0552101],[5.7783017,50.0552617],[5.7788408,50.0553582],[5.7790768,50.054764],[5.7807431,50.0546057],[5.7806593,50.0540752],[5.7806754,50.0537996],[5.7800344,50.0537617],[5.779683,50.0537721],[5.7794416,50.0538823],[5.7791251,50.0539529],[5.7786021,50.0542405],[5.7773441,50.054659],[5.7767218,50.0548157]]]}},{"type":"Feature","properties":{"t":"prado"},"geometry":{"type":"Polygon","coordinates":[[[5.7788408,50.0553582],[5.7787952,50.0555183],[5.7794362,50.0555941],[5.7798466,50.0555992],[5.780654,50.0556147],[5.7810707,50.0556909],[5.7810989,50.055592],[5.7808256,50.0549414],[5.7807559,50.0546865],[5.7807431,50.0546057],[5.7790768,50.054764],[5.7788408,50.0553582]]]}},{"type":"Feature","properties":{"t":"lavoura"},"geometry":{"type":"Polygon","coordinates":[[[5.7744446,50.0559006],[5.7740477,50.0565343],[5.7776457,50.0575534],[5.777714,50.0574829],[5.7792815,50.0580167],[5.7801604,50.0576864],[5.7805571,50.0574898],[5.7810707,50.0556909],[5.780654,50.0556147],[5.7798466,50.0555992],[5.7794362,50.0555941],[5.7787952,50.0555183],[5.778197,50.0554356],[5.7777491,50.0553582],[5.7774246,50.0552531],[5.7772851,50.0552307],[5.7770437,50.0551928],[5.7766172,50.0552221],[5.7762498,50.0553203],[5.776011,50.0554184],[5.7758743,50.0555218],[5.7757643,50.055644],[5.7754827,50.0557456],[5.7748845,50.0558541],[5.7744446,50.0559006]]]}},{"type":"Feature","properties":{"t":"prado"},"geometry":{"type":"Polygon","coordinates":[[[5.7742891,50.0486811],[5.7740691,50.0486311],[5.7734978,50.0481472],[5.7733583,50.0480955],[5.7731572,50.0478647],[5.7731599,50.0477803],[5.772846,50.0475185],[5.7726717,50.0473325],[5.7725939,50.0470362],[5.7726234,50.0468502],[5.7727227,50.04669],[5.77272,50.0465798],[5.7729587,50.0464007],[5.7728916,50.0463473],[5.7725215,50.0464368],[5.7719877,50.0465453],[5.7716122,50.0465522],[5.7714298,50.0465419],[5.7713896,50.0466056],[5.7711777,50.0466762],[5.771006,50.0469553],[5.7709578,50.0472911],[5.7710516,50.0476873],[5.7711992,50.0481075],[5.7713601,50.0484847],[5.7726315,50.048061],[5.7730553,50.0485588],[5.7734013,50.0484382],[5.7742354,50.0489584],[5.7744946,50.0487987],[5.7742891,50.0486811]]]}},{"type":"Feature","properties":{"t":"prado"},"geometry":{"type":"Polygon","coordinates":[[[5.7744946,50.0487987],[5.7742354,50.0489584],[5.7741308,50.0490204],[5.7740772,50.0489928],[5.7736185,50.0492408],[5.7730445,50.0494579],[5.7720923,50.0498368],[5.7727119,50.0502846],[5.7727441,50.0504189],[5.7734415,50.0510648],[5.7749248,50.050524],[5.7753995,50.0503741],[5.7752681,50.0501847],[5.7754987,50.05004],[5.7748014,50.0493855],[5.7751045,50.0491995],[5.7746351,50.0488792],[5.7744946,50.0487987]]]}},{"type":"Feature","properties":{"t":"prado"},"geometry":{"type":"Polygon","coordinates":[[[5.7726234,50.0468502],[5.7725939,50.0470362],[5.7726717,50.0473325],[5.772846,50.0475185],[5.7731599,50.0477803],[5.7740852,50.0472894],[5.7747772,50.0469535],[5.7754827,50.0468847],[5.7759842,50.0468623],[5.7759896,50.0467245],[5.7753968,50.0468003],[5.7744366,50.0468364],[5.7730338,50.0468536],[5.7726234,50.0468502]]]}},{"type":"Feature","properties":{"t":"prado"},"geometry":{"type":"Polygon","coordinates":[[[5.7651266,50.0442097],[5.7647672,50.0440943],[5.7643917,50.0442786],[5.7638365,50.0446472],[5.7634985,50.0449262],[5.7633162,50.0451226],[5.763917,50.0452742],[5.7643568,50.0450468],[5.7647887,50.0448453],[5.7651266,50.0442097]]]}},{"type":"Feature","properties":{"t":"prado"},"geometry":{"type":"Polygon","coordinates":[[[5.7664881,50.0528359],[5.7657276,50.0524197],[5.7663175,50.0519726],[5.7650871,50.0510912],[5.7641572,50.0516404],[5.7630021,50.0505519],[5.7635258,50.0503492],[5.7627958,50.0503328],[5.7626027,50.0516176],[5.7624659,50.0521894],[5.7623318,50.0525218],[5.7621762,50.0526768],[5.7618061,50.0529093],[5.7618427,50.0529365],[5.7621977,50.0532003],[5.7629487,50.0528576],[5.7631069,50.0529575],[5.7638177,50.0526372],[5.7636729,50.0525063],[5.7639867,50.0523616],[5.7643408,50.0527129],[5.7654512,50.0533605],[5.765816,50.0530539],[5.7662076,50.0533346],[5.7666904,50.0529385],[5.7669245,50.0530377],[5.7674222,50.0525509],[5.7670405,50.0523414],[5.7664881,50.0528359]]]}},{"type":"Feature","properties":{"t":"prado"},"geometry":{"type":"Polygon","coordinates":[[[5.766449,50.0543387],[5.7676345,50.0544764],[5.7685813,50.0545798],[5.7700565,50.0547434],[5.7702416,50.0544162],[5.7704696,50.0542095],[5.7707459,50.0540786],[5.7710972,50.0539598],[5.7716739,50.0538375],[5.7724625,50.0537256],[5.7702792,50.0522755],[5.7688227,50.0512818],[5.7686564,50.0515246],[5.7683909,50.051733],[5.7677847,50.0521943],[5.7674222,50.0525509],[5.7669245,50.0530377],[5.7672188,50.0531624],[5.7667252,50.0539426],[5.766347,50.0542784],[5.766449,50.0543387]]]}},{"type":"Feature","properties":{"t":"prado"},"geometry":{"type":"Polygon","coordinates":[[[5.7677847,50.0521943],[5.7683909,50.051733],[5.7665509,50.0504723],[5.7654429,50.0497736],[5.7646478,50.0500184],[5.7653919,50.0504374],[5.7652545,50.0506506],[5.7677847,50.0521943]]]}},{"type":"Feature","properties":{"t":"prado"},"geometry":{"type":"Polygon","coordinates":[[[5.7688227,50.0512818],[5.7702792,50.0522755],[5.7724625,50.0537256],[5.7731491,50.0536257],[5.7738733,50.053512],[5.774155,50.0534444],[5.7720206,50.0520767],[5.7695601,50.0500815],[5.7693073,50.0505109],[5.7682655,50.0509226],[5.7688227,50.0512818]]]}},{"type":"Feature","properties":{"t":"lavoura"},"geometry":{"type":"Polygon","coordinates":[[[5.7962456,49.9841221],[5.7977638,49.9842894],[5.7979354,49.9837031],[5.7978989,49.9835876],[5.794791,49.9830323],[5.7943654,49.9837531],[5.7962215,49.9840704],[5.7962456,49.9841221]]]}},{"type":"Feature","properties":{"t":"grama"},"geometry":{"type":"Polygon","coordinates":[[[5.7077739,49.9972396],[5.708026,49.9974362],[5.7086295,49.9971103],[5.7083613,49.9969189],[5.7077739,49.9972396]]]}},{"type":"Feature","properties":{"t":"prado"},"geometry":{"type":"Polygon","coordinates":[[[5.7969448,49.9971021],[5.7976565,49.9966778],[5.7972971,49.9964536],[5.797179,49.9963071],[5.7965004,49.995845],[5.7961678,49.9955432],[5.7962134,49.9953915],[5.7960418,49.9952191],[5.7958326,49.9952156],[5.7956931,49.9951346],[5.7950655,49.9952639],[5.7944432,49.9955139],[5.7947597,49.9957199],[5.7955375,49.9960846],[5.7959372,49.9963131],[5.7962027,49.9965148],[5.7969448,49.9971021]]]}},{"type":"Feature","properties":{"t":"lavoura"},"geometry":{"type":"Polygon","coordinates":[[[5.7922599,50.0171312],[5.7924637,50.0182014],[5.7927132,50.0194974],[5.7931235,50.0197628],[5.7934588,50.0199386],[5.7938236,50.0200851],[5.7942501,50.0201868],[5.7942876,50.0201575],[5.7942393,50.0196508],[5.7942554,50.0191924],[5.7942259,50.0187995],[5.7941294,50.0183427],[5.7939872,50.0179326],[5.793719,50.0172535],[5.7935849,50.0170088],[5.793145,50.0171001],[5.7927588,50.0171381],[5.7924181,50.0171553],[5.7922599,50.0171312]]]}},{"type":"Feature","properties":{"t":"lavoura"},"geometry":{"type":"Polygon","coordinates":[[[5.7937031,50.0170787],[5.7939291,50.0175796],[5.7941776,50.0182635],[5.7942581,50.0183221],[5.7946819,50.0184375],[5.7950091,50.0185478],[5.7952827,50.0185995],[5.795677,50.0186064],[5.7961115,50.018553],[5.7966882,50.0184479],[5.7972488,50.0182979],[5.7982546,50.0179963],[5.7985872,50.0179688],[5.7990324,50.0179239],[5.7994616,50.0178602],[5.7997942,50.0177585],[5.79999,50.0176792],[5.8000168,50.017712],[5.8001147,50.0178112],[5.8004996,50.0175517],[5.8007973,50.0172415],[5.8012453,50.0167348],[5.8015618,50.0164038],[5.8020258,50.0159557],[5.8025461,50.015499],[5.8026132,50.0155628],[5.8028626,50.0153344],[5.8026172,50.0151465],[5.8026239,50.0150948],[5.8025931,50.0149854],[5.8024952,50.0149793],[5.8022382,50.0148914],[5.8009744,50.015125],[5.8007387,50.014698],[5.7990046,50.015046],[5.7991174,50.0154697],[5.7971656,50.0160505],[5.7952965,50.0168615],[5.7951349,50.0166128],[5.7937031,50.0170787]]]}},{"type":"Feature","properties":{"t":"prado"},"geometry":{"type":"Polygon","coordinates":[[[5.7965031,50.0048481],[5.7959211,50.0045688],[5.795052,50.0041309],[5.7941401,50.0036344],[5.7937632,50.0033904],[5.7935581,50.0032793],[5.793499,50.0032983],[5.7935071,50.0034776],[5.7936063,50.0036465],[5.793668,50.0039361],[5.7935151,50.0040378],[5.7940489,50.0049033],[5.7941642,50.0049171],[5.7944646,50.005286],[5.7945129,50.0052998],[5.7948992,50.0057031],[5.7953525,50.0059996],[5.7956314,50.0061358],[5.7959908,50.006172],[5.7960016,50.0052773],[5.7959023,50.0052636],[5.7959023,50.0051929],[5.7960901,50.0051412],[5.7965031,50.0048481]]]}},{"type":"Feature","properties":{"t":"prado"},"geometry":{"type":"Polygon","coordinates":[[[5.7945417,50.0065543],[5.794419,50.0067202],[5.7954624,50.0070616],[5.7960498,50.0072253],[5.7973049,50.0067103],[5.7972595,50.0062393],[5.7971305,50.005652],[5.7970798,50.0056566],[5.7970396,50.0055842],[5.7970315,50.0053773],[5.7970771,50.0051446],[5.7965434,50.0049153],[5.7961813,50.0051532],[5.7961088,50.0052377],[5.7960981,50.0059031],[5.7961008,50.0061738],[5.7964495,50.006222],[5.7964253,50.0063358],[5.7960016,50.0062893],[5.7955107,50.0062134],[5.7953873,50.0062324],[5.7951057,50.0063513],[5.7948697,50.006422],[5.7946953,50.0066254],[5.7945417,50.0065543]]]}},{"type":"Feature","properties":{"t":"lavoura"},"geometry":{"type":"Polygon","coordinates":[[[5.7809007,49.9979054],[5.7807612,49.998395],[5.7805654,49.9990968],[5.7804608,49.9994295],[5.781016,49.999545],[5.7816973,49.9997192],[5.7821935,49.9999002],[5.7826683,50.0001312],[5.7829767,49.9998933],[5.7832476,49.9996174],[5.7840067,49.9987899],[5.7809007,49.9979054]]]}},{"type":"Feature","properties":{"t":"lavoura"},"geometry":{"type":"Polygon","coordinates":[[[5.782671,49.9967588],[5.7795382,49.9957432],[5.7793984,49.9958664],[5.7792485,49.9959691],[5.7787389,49.9962519],[5.7821426,49.997333],[5.782671,49.9967588]]]}},{"type":"Feature","properties":{"t":"lavoura"},"geometry":{"type":"Polygon","coordinates":[[[5.7844359,49.9946656],[5.783091,49.9941188],[5.7819334,49.9936482],[5.7812923,49.9942276],[5.7839289,49.9952915],[5.7844359,49.9946656]]]}},{"type":"Feature","properties":{"t":"lavoura"},"geometry":{"type":"Polygon","coordinates":[[[5.7858226,49.9959794],[5.7856241,49.9964933],[5.7896206,49.9974467],[5.7899344,49.9969812],[5.7858226,49.9959794]]]}},{"type":"Feature","properties":{"t":"lavoura"},"geometry":{"type":"Polygon","coordinates":[[[5.7930109,49.9983795],[5.7911468,49.9966019],[5.7909885,49.9965312],[5.7859808,49.995326],[5.785962,49.9955484],[5.7858226,49.9959794],[5.7899344,49.9969812],[5.7896206,49.9974467],[5.7925254,49.9986502],[5.7930109,49.9983795]]]}},{"type":"Feature","properties":{"t":"prado"},"geometry":{"type":"Polygon","coordinates":[[[5.7945585,49.9985244],[5.7944727,49.9987312],[5.7943034,49.9990213],[5.7942528,49.9991951],[5.794234,49.999564],[5.7941991,50.0001209],[5.7958299,50.0005898],[5.7964683,49.9996502],[5.7958728,49.9993606],[5.7953069,49.9990106],[5.7945585,49.9985244]]]}},{"type":"Feature","properties":{"t":"prado"},"geometry":{"type":"Polygon","coordinates":[[[5.7998452,50.0022484],[5.7993114,50.0018105],[5.7992417,50.0016294],[5.7992561,50.0016021],[5.7958299,50.0005898],[5.7941991,50.0001209],[5.7942206,50.0004002],[5.7943118,50.0006984],[5.7978737,50.0017432],[5.7976297,50.0021242],[5.7984692,50.0023725],[5.7993945,50.0026035],[5.7996708,50.0024104],[5.7998452,50.0022484]]]}},{"type":"Feature","properties":{"t":"prado"},"geometry":{"type":"Polygon","coordinates":[[[5.7998452,50.0022484],[5.7996708,50.0024104],[5.7993945,50.0026035],[5.7984692,50.0023725],[5.7976297,50.0021242],[5.7978737,50.0017432],[5.7943118,50.0006984],[5.7943118,50.0008795],[5.7943037,50.0010984],[5.7943413,50.0012536],[5.7943869,50.0013553],[5.794521,50.0014881],[5.7951513,50.0016949],[5.7956475,50.0018932],[5.7958969,50.0020225],[5.7960525,50.002188],[5.7959855,50.0023759],[5.7960176,50.0024311],[5.795913,50.0025104],[5.7960176,50.0025276],[5.7961223,50.0024949],[5.7967016,50.0026018],[5.7970637,50.002607],[5.7970691,50.0026483],[5.7972595,50.0027018],[5.7972568,50.0028069],[5.7981876,50.002919],[5.7991934,50.0029811],[5.8001375,50.0030276],[5.8004004,50.0028224],[5.8002743,50.0027483],[5.8000195,50.0023639],[5.7998452,50.0022484]]]}},{"type":"Feature","properties":{"t":"prado"},"geometry":{"type":"Polygon","coordinates":[[[5.7915055,50.0025098],[5.7917476,50.0024914],[5.7920721,50.0024604],[5.7922949,50.0024551],[5.7924342,50.0018105],[5.793035,50.0018018],[5.7929465,50.0015812],[5.7926112,50.0015467],[5.7926112,50.001426],[5.7923967,50.0014363],[5.7922786,50.0011122],[5.7921499,50.0010243],[5.7916564,50.0011586],[5.7908886,50.0014744],[5.7908106,50.0015883],[5.7909148,50.0018005],[5.7896234,50.0017402],[5.7888312,50.001867],[5.7892408,50.0027884],[5.7908061,50.0025656],[5.7908866,50.0023846],[5.791305,50.0023863],[5.7915055,50.0025098]]]}},{"type":"Feature","properties":{"t":"lavoura"},"geometry":{"type":"Polygon","coordinates":[[[5.7923001,50.0123155],[5.7936653,50.0118295],[5.7958001,50.0110886],[5.7938665,50.0103626],[5.7935742,50.0104402],[5.7918736,50.011352],[5.7917851,50.0114916],[5.7916751,50.0116536],[5.791816,50.0117053],[5.7919393,50.0118045],[5.792166,50.0122138],[5.7923001,50.0123155]]]}},{"type":"Feature","properties":{"t":"lavoura"},"geometry":{"type":"Polygon","coordinates":[[[5.7923001,50.0123155],[5.7924825,50.0124034],[5.7929921,50.0124862],[5.7933837,50.0125741],[5.7936895,50.0126964],[5.7939982,50.0128502],[5.7949611,50.0124808],[5.7974643,50.0117135],[5.7958001,50.0110886],[5.7936653,50.0118295],[5.7923001,50.0123155]]]}},{"type":"Feature","properties":{"t":"prado"},"geometry":{"type":"Polygon","coordinates":[[[5.8006268,50.0128248],[5.8006686,50.0131704],[5.8008,50.0134049],[5.8011916,50.013915],[5.801716,50.0138859],[5.8022457,50.0138616],[5.802058,50.0135341],[5.802007,50.0131618],[5.8020383,50.0131608],[5.8020097,50.0130291],[5.8020258,50.0127016],[5.8021277,50.0123431],[5.8041608,50.0121828],[5.8042091,50.0119449],[5.8041729,50.0113132],[5.8040643,50.0113382],[5.8035895,50.0113847],[5.803163,50.0113675],[5.8032274,50.01119],[5.8027983,50.0111072],[5.8026427,50.011383],[5.8021921,50.0113382],[5.8019882,50.0114072],[5.8015108,50.0113865],[5.8001536,50.0110521],[5.7996386,50.0108659],[5.7994938,50.0106315],[5.799424,50.0102385],[5.7996735,50.0098386],[5.7989198,50.0095473],[5.7991075,50.0092439],[5.7985523,50.0089146],[5.7983807,50.0090853],[5.798445,50.0096041],[5.7984263,50.0098403],[5.7980829,50.0097869],[5.7975331,50.0095507],[5.797348,50.0097162],[5.7971549,50.0096679],[5.7969752,50.0096507],[5.7962859,50.009661],[5.7958272,50.0096783],[5.7953256,50.0097558],[5.7950333,50.0098351],[5.7946229,50.0099541],[5.7936293,50.0102784],[5.7934508,50.0103367],[5.7935742,50.0104402],[5.7938665,50.0103626],[5.7958001,50.0110886],[5.7974643,50.0117135],[5.7978588,50.0115926],[5.798127,50.0112323],[5.7978845,50.0111589],[5.7978201,50.0108987],[5.7977333,50.0107213],[5.7972567,50.0103202],[5.7974403,50.0101205],[5.798057,50.0104642],[5.7983324,50.010878],[5.7986782,50.0112494],[5.7989573,50.0114433],[5.7996654,50.0116485],[5.7999393,50.0117709],[5.8004808,50.0120128],[5.8007435,50.0124384],[5.800719,50.0127667],[5.8006268,50.0128248]]]}},{"type":"Feature","properties":{"t":"grama"},"geometry":{"type":"Polygon","coordinates":[[[5.7212872,50.0056152],[5.7214049,50.0056502],[5.7214562,50.0055769],[5.7214885,50.0055336],[5.7214448,50.0055019],[5.7213951,50.0054657],[5.7213429,50.0055405],[5.7212872,50.0056152]]]}},{"type":"Feature","properties":{"t":"prado"},"geometry":{"type":"Polygon","coordinates":[[[5.7862973,49.9808055],[5.7866433,49.9804951],[5.7859781,49.9801466],[5.7866524,49.9793096],[5.7866859,49.9792681],[5.7842427,49.9781838],[5.7840263,49.9782991],[5.7835776,49.9786115],[5.7836151,49.9787219],[5.7837707,49.9786529],[5.7838458,49.9789186],[5.7837117,49.9790221],[5.7850984,49.9797258],[5.7849187,49.9799448],[5.7852754,49.9800552],[5.7850206,49.980395],[5.7854095,49.9805192],[5.785118,49.9809101],[5.7854444,49.9810263],[5.7857609,49.9806434],[5.7862973,49.9808055]]]}},{"type":"Feature","properties":{"t":"prado"},"geometry":{"type":"Polygon","coordinates":[[[5.7849187,49.9799448],[5.7850984,49.9797258],[5.7837117,49.9790221],[5.78354,49.9790428],[5.783036,49.9793854],[5.782333,49.9800501],[5.7836178,49.9804813],[5.7836634,49.9804261],[5.7843687,49.9806348],[5.7849187,49.9799448]]]}},{"type":"Feature","properties":{"t":"prado"},"geometry":{"type":"Polygon","coordinates":[[[5.7822445,49.9800294],[5.782333,49.9800501],[5.783036,49.9793854],[5.7825234,49.9791601],[5.782739,49.9790634],[5.7825456,49.9787515],[5.7824346,49.9787225],[5.7816598,49.9795602],[5.7815587,49.9796628],[5.7822981,49.9799466],[5.7822445,49.9800294]]]}},{"type":"Feature","properties":{"t":"lavoura"},"geometry":{"type":"Polygon","coordinates":[[[5.7906398,49.9828838],[5.790334,49.9835237],[5.7895453,49.9851316],[5.789516,49.9851914],[5.7897225,49.9857416],[5.7905057,49.9840756],[5.7910475,49.983027],[5.7906398,49.9828838]]]}},{"type":"Feature","properties":{"t":"prado"},"geometry":{"type":"Polygon","coordinates":[[[5.7899518,49.9824923],[5.790333,49.9826169],[5.7905754,49.9822922],[5.7910234,49.98173],[5.7921204,49.980295],[5.7919864,49.9802511],[5.7914876,49.9800804],[5.7910235,49.9805089],[5.7911616,49.9806334],[5.7905672,49.9813346],[5.789412,49.9809855],[5.789347,49.9814661],[5.7893631,49.9816955],[5.7894248,49.9817938],[5.7894435,49.9817679],[5.7900363,49.9819921],[5.7897466,49.9823699],[5.789988,49.9824578],[5.7899518,49.9824923]]]}},{"type":"Feature","properties":{"t":"prado"},"geometry":{"type":"Polygon","coordinates":[[[5.7916713,49.9819477],[5.7910234,49.98173],[5.7905754,49.9822922],[5.7912272,49.9824958],[5.7915429,49.9821079],[5.7916713,49.9819477]]]}},{"type":"Feature","properties":{"t":"prado"},"geometry":{"type":"Polygon","coordinates":[[[5.7921204,49.980295],[5.7910234,49.98173],[5.7916713,49.9819477],[5.7926694,49.9807022],[5.7926568,49.980621],[5.7923779,49.9804174],[5.7921204,49.980295]]]}},{"type":"Feature","properties":{"t":"prado"},"geometry":{"type":"Polygon","coordinates":[[[5.7940114,49.9894528],[5.7940221,49.9897477],[5.7940221,49.9897804],[5.7959533,49.989439],[5.7972575,49.9890971],[5.7972139,49.9888578],[5.7940114,49.9894528]]]}},{"type":"Feature","properties":{"t":"prado"},"geometry":{"type":"Polygon","coordinates":[[[5.795618,49.9868091],[5.7965219,49.9871342],[5.7952693,49.9882646],[5.795027,49.9884863],[5.7940087,49.9894183],[5.7940114,49.9894528],[5.7972139,49.9888578],[5.7972575,49.9890971],[5.7972783,49.9892114],[5.7974396,49.9892109],[5.7976272,49.9885799],[5.7978845,49.9879525],[5.7979709,49.9877523],[5.7980937,49.9875577],[5.7984624,49.9870429],[5.7987305,49.9865037],[5.7988439,49.9862296],[5.7989351,49.9859786],[5.7988985,49.9857932],[5.7988366,49.9858175],[5.7986006,49.985933],[5.7982787,49.9859934],[5.7971871,49.9860744],[5.7969913,49.9861279],[5.7963502,49.9863969],[5.7957414,49.9866935],[5.7957736,49.9867211],[5.795618,49.9868091]]]}},{"type":"Feature","properties":{"t":"prado"},"geometry":{"type":"Polygon","coordinates":[[[5.7945424,49.987223],[5.7943466,49.9870695],[5.7941964,49.9871506],[5.7943761,49.9873127],[5.7945424,49.987223]]]}},{"type":"Feature","properties":{"t":"prado"},"geometry":{"type":"Polygon","coordinates":[[[5.7935339,49.9848827],[5.7926917,49.9864297],[5.7938156,49.9868988],[5.7943466,49.9870695],[5.7945424,49.987223],[5.7964039,49.9863072],[5.7965058,49.9861124],[5.7968223,49.9860572],[5.7969055,49.986052],[5.796884,49.985952],[5.7971334,49.9859709],[5.7984558,49.9858588],[5.7984692,49.9859037],[5.798732,49.985814],[5.7989183,49.985674],[5.7989991,49.9855687],[5.7953659,49.9851242],[5.7935339,49.9848827]]]}},{"type":"Feature","properties":{"t":"prado"},"geometry":{"type":"Polygon","coordinates":[[[5.7942313,49.9839756],[5.7940516,49.9839307],[5.7935339,49.9848827],[5.7953659,49.9851242],[5.7989991,49.9855687],[5.7991686,49.9853834],[5.7993275,49.9851759],[5.7996568,49.9848053],[5.7998373,49.9847301],[5.7999765,49.9846837],[5.7999799,49.9846373],[5.7999496,49.9845897],[5.798783,49.9844723],[5.7987723,49.9845412],[5.7973427,49.9844395],[5.7953712,49.9842291],[5.7953954,49.9841515],[5.7952479,49.9841273],[5.795213,49.984186],[5.7948992,49.9841618],[5.7949179,49.9840911],[5.7946631,49.9840514],[5.7946202,49.9841256],[5.7941991,49.9840221],[5.7942313,49.9839756]]]}},{"type":"Feature","properties":{"t":"prado"},"geometry":{"type":"Polygon","coordinates":[[[5.7866524,49.9793096],[5.7859781,49.9801466],[5.7866433,49.9804951],[5.7862973,49.9808055],[5.7860103,49.9811451],[5.7869866,49.9814782],[5.7871369,49.9814868],[5.788022,49.9818128],[5.7893336,49.9822405],[5.7894543,49.9822284],[5.7895482,49.9821405],[5.7893282,49.9817334],[5.7892933,49.9815282],[5.7893148,49.9813264],[5.7894087,49.9808262],[5.789355,49.98079],[5.7893363,49.9806813],[5.7891136,49.9805847],[5.7892531,49.9801639],[5.7866524,49.9793096]]]}},{"type":"Feature","properties":{"t":"prado"},"geometry":{"type":"Polygon","coordinates":[[[5.7894083,49.9791105],[5.7893343,49.9790867],[5.787261,49.9784186],[5.7867158,49.979224],[5.7866859,49.9792681],[5.7866524,49.9793096],[5.7892531,49.9801639],[5.7894677,49.9793636],[5.7894083,49.9791105]]]}},{"type":"Feature","properties":{"t":"prado"},"geometry":{"type":"Polygon","coordinates":[[[5.7658094,50.0611738],[5.7660858,50.0612157],[5.7674006,50.0602065],[5.7674121,50.0601104],[5.7676429,50.0599617],[5.7679034,50.0596873],[5.7673585,50.058937],[5.7672803,50.0588315],[5.7665934,50.0587909],[5.7665388,50.0592466],[5.7662355,50.0602965],[5.7659092,50.0609963],[5.7658094,50.0611738]]]}},{"type":"Feature","properties":{"t":"prado"},"geometry":{"type":"Polygon","coordinates":[[[5.7676429,50.0599617],[5.7674121,50.0601104],[5.7674006,50.0602065],[5.7674294,50.0602866],[5.7672816,50.0604677],[5.7672739,50.0607339],[5.7674697,50.0610185],[5.7675486,50.0610226],[5.7678708,50.0610395],[5.7682339,50.0610711],[5.7687614,50.0611171],[5.7685311,50.0621213],[5.7679706,50.0629973],[5.7676846,50.0632733],[5.7673372,50.0635382],[5.7673737,50.0636392],[5.7684332,50.0634963],[5.7688286,50.0634926],[5.7698362,50.063537],[5.7704351,50.0635382],[5.7705099,50.0635086],[5.7705272,50.063415],[5.7705617,50.0627694],[5.7706308,50.0625008],[5.7707863,50.0621373],[5.7708458,50.0618786],[5.7708496,50.0614954],[5.7708324,50.0612686],[5.7708765,50.0609581],[5.7710358,50.0606464],[5.7711203,50.0604948],[5.7711316,50.0602728],[5.7710865,50.0602693],[5.7699235,50.0601749],[5.7677053,50.0599841],[5.7676429,50.0599617]]]}},{"type":"Feature","properties":{"t":"prado"},"geometry":{"type":"Polygon","coordinates":[[[5.7673585,50.058937],[5.7679034,50.0596873],[5.7676429,50.0599617],[5.7677053,50.0599841],[5.7699235,50.0601749],[5.7710865,50.0602693],[5.7712018,50.0592706],[5.7690336,50.0590807],[5.7673585,50.058937]]]}},{"type":"Feature","properties":{"t":"prado"},"geometry":{"type":"Polygon","coordinates":[[[5.7667127,50.0579593],[5.7666191,50.0580582],[5.766553,50.0582019],[5.7665934,50.0587909],[5.7672803,50.0588315],[5.7669934,50.0584093],[5.7667127,50.0579593]]]}},{"type":"Feature","properties":{"t":"prado"},"geometry":{"type":"Polygon","coordinates":[[[5.7718807,50.0555058],[5.771595,50.0555586],[5.7712831,50.0557259],[5.7710134,50.0558001],[5.7708556,50.0558142],[5.7707083,50.0558679],[5.7705286,50.0559678],[5.7707727,50.0560952],[5.7710007,50.0560384],[5.7711428,50.056078],[5.7711616,50.0561951],[5.7710195,50.0562175],[5.7704991,50.0561848],[5.7704079,50.0561245],[5.7704025,50.0560212],[5.7701531,50.0560194],[5.770188,50.0558799],[5.7694852,50.0559506],[5.7693699,50.0558231],[5.7688593,50.0562312],[5.7680704,50.0568732],[5.7669604,50.0577649],[5.7667127,50.0579593],[5.7669934,50.0584093],[5.7672803,50.0588315],[5.7673585,50.058937],[5.7690336,50.0590807],[5.7712018,50.0592706],[5.7712469,50.0592784],[5.7713143,50.0583657],[5.7713762,50.0583149],[5.7718778,50.0558972],[5.7740477,50.0565343],[5.7744446,50.0559006],[5.7743159,50.0557852],[5.7739431,50.0557164],[5.7733986,50.0556802],[5.7728648,50.0556681],[5.772154,50.0555683],[5.7718778,50.0555373],[5.7718807,50.0555058]]]}},{"type":"Feature","properties":{"t":"prado"},"geometry":{"type":"Polygon","coordinates":[[[5.7815632,49.9859244],[5.7815096,49.9855346],[5.7815354,49.9852451],[5.7804474,49.9853104],[5.7805225,49.9859882],[5.7815632,49.9859244]]]}},{"type":"Feature","properties":{"t":"prado"},"geometry":{"type":"Polygon","coordinates":[[[5.7804474,49.9853104],[5.7815354,49.9852451],[5.7815418,49.9851742],[5.7826576,49.9857588],[5.7835695,49.9862469],[5.7840657,49.9858192],[5.7830599,49.9854812],[5.7835641,49.9845119],[5.7832342,49.9844602],[5.7828721,49.9844343],[5.7824296,49.9844119],[5.7804957,49.9845533],[5.7804206,49.9848931],[5.7804233,49.9850793],[5.7804474,49.9853104]]]}},{"type":"Feature","properties":{"t":"prado"},"geometry":{"type":"Polygon","coordinates":[[[5.7804957,49.9845533],[5.7824296,49.9844119],[5.7823625,49.9842411],[5.7822928,49.9840928],[5.7821828,49.9838876],[5.7819548,49.9838583],[5.7817671,49.983772],[5.7817349,49.9834788],[5.7804662,49.9828718],[5.7794255,49.9821767],[5.7798573,49.9828735],[5.7801765,49.9833943],[5.7804233,49.98396],[5.7805037,49.9842774],[5.7804957,49.9845533]]]}},{"type":"Feature","properties":{"t":"prado"},"geometry":{"type":"Polygon","coordinates":[[[5.7835641,49.9845119],[5.7830599,49.9854812],[5.7840657,49.9858192],[5.7878128,49.987361],[5.7888266,49.9870005],[5.7893497,49.9867401],[5.7883009,49.9864193],[5.7869169,49.985902],[5.7864609,49.9855881],[5.7860103,49.9854398],[5.7856107,49.9852828],[5.7855903,49.9852549],[5.7835641,49.9845119]]]}},{"type":"Feature","properties":{"t":"prado"},"geometry":{"type":"Polygon","coordinates":[[[5.7832342,49.9844602],[5.7835641,49.9845119],[5.7855903,49.9852549],[5.7855463,49.9851949],[5.7855302,49.9849896],[5.7852325,49.9849069],[5.7849535,49.984743],[5.7845592,49.9846085],[5.7840657,49.9843998],[5.7839826,49.9844291],[5.7838538,49.9843705],[5.7836527,49.9843946],[5.7835963,49.9842274],[5.7833952,49.984198],[5.7832342,49.9844602]]]}},{"type":"Feature","properties":{"t":"lavoura"},"geometry":{"type":"Polygon","coordinates":[[[5.7856768,49.9847964],[5.7858346,49.9845464],[5.7861015,49.9843153],[5.7864985,49.9839359],[5.786646,49.983741],[5.7851654,49.9833012],[5.7835266,49.9827993],[5.7826307,49.982532],[5.7825905,49.9825648],[5.7817134,49.9823147],[5.7812172,49.9826838],[5.7817617,49.9830201],[5.7826361,49.9835841],[5.7838002,49.9840946],[5.7838431,49.9841497],[5.7842803,49.9843429],[5.785203,49.9847568],[5.785431,49.9848706],[5.7855704,49.9848793],[5.7856643,49.9847913],[5.7856768,49.9847964]]]}},{"type":"Feature","properties":{"t":"prado"},"geometry":{"type":"Polygon","coordinates":[[[5.7889554,49.9823147],[5.7879978,49.9819766],[5.7873997,49.9828148],[5.7865531,49.9839577],[5.7866192,49.9839842],[5.7862249,49.9843429],[5.7861364,49.9843231],[5.7860962,49.9843584],[5.7871959,49.9847103],[5.7885021,49.982977],[5.7889554,49.9823147]]]}},{"type":"Feature","properties":{"t":"prado"},"geometry":{"type":"Polygon","coordinates":[[[5.7871959,49.9847103],[5.7860962,49.9843584],[5.7859379,49.9844998],[5.785716,49.9848123],[5.7857662,49.9848327],[5.7856938,49.9849758],[5.7857099,49.9851362],[5.7858333,49.9852294],[5.7865307,49.985476],[5.7866245,49.985357],[5.7866847,49.985388],[5.7871959,49.9847103]]]}},{"type":"Feature","properties":{"t":"lavoura"},"geometry":{"type":"Polygon","coordinates":[[[5.7833603,49.9804709],[5.7816138,49.982201],[5.7817429,49.9822543],[5.7826307,49.982532],[5.7835266,49.9827993],[5.7851654,49.9833012],[5.786646,49.983741],[5.7873943,49.9827407],[5.7879361,49.981949],[5.7872227,49.9817283],[5.7867962,49.9822905],[5.7859889,49.9820284],[5.7864314,49.9814713],[5.7833603,49.9804709]]]}},{"type":"Feature","properties":{"t":"prado"},"geometry":{"type":"Polygon","coordinates":[[[5.7909617,49.9876662],[5.790967,49.9880266],[5.7909962,49.9885201],[5.7920533,49.9878524],[5.7912567,49.9875075],[5.7911172,49.9876472],[5.7909617,49.9876662]]]}},{"type":"Feature","properties":{"t":"prado"},"geometry":{"type":"Polygon","coordinates":[[[5.7908873,49.9875408],[5.7909617,49.9876662],[5.7911172,49.9876472],[5.7912567,49.9875075],[5.7920533,49.9878524],[5.7932353,49.9871315],[5.7938933,49.9875489],[5.7943761,49.9873127],[5.7941964,49.9871506],[5.7943466,49.9870695],[5.7938156,49.9868988],[5.7926917,49.9864297],[5.7918066,49.9860589],[5.7915813,49.9863176],[5.7914096,49.9862417],[5.7909375,49.9860296],[5.7906479,49.986002],[5.7902804,49.9863107],[5.7906117,49.9865159],[5.7905661,49.9866685],[5.7899873,49.9867958],[5.7900202,49.9868643],[5.7901114,49.9869574],[5.7905567,49.9872023],[5.7907377,49.9873567],[5.7910824,49.9871247],[5.7914123,49.9872109],[5.7908873,49.9875408]]]}},{"type":"Feature","properties":{"t":"prado"},"geometry":{"type":"Polygon","coordinates":[[[5.7891324,49.9863659],[5.7884806,49.9861744],[5.7883438,49.9863262],[5.788321,49.9863756],[5.7892866,49.9866754],[5.7894462,49.9866884],[5.7898164,49.9865521],[5.7891324,49.9863659]]]}},{"type":"Feature","properties":{"t":"prado"},"geometry":{"type":"Polygon","coordinates":[[[5.7885021,49.982977],[5.7871959,49.9847103],[5.7866847,49.985388],[5.7867318,49.9854122],[5.7866111,49.9855432],[5.7869491,49.9858157],[5.7873648,49.985983],[5.7883438,49.9863262],[5.7884806,49.9861744],[5.7891324,49.9863659],[5.7896903,49.9858399],[5.7893121,49.984831],[5.7893255,49.9846378],[5.7895106,49.983891],[5.789642,49.9833409],[5.7885021,49.982977]]]}},{"type":"Feature","properties":{"t":"prado"},"geometry":{"type":"Polygon","coordinates":[[[5.7906398,49.9828838],[5.7897037,49.9825561],[5.7897627,49.9829442],[5.7897332,49.9832633],[5.7893792,49.9847327],[5.7893845,49.9847861],[5.7894382,49.9847913],[5.7895453,49.9851316],[5.790334,49.9835237],[5.7906398,49.9828838]]]}},{"type":"Feature","properties":{"t":"prado"},"geometry":{"type":"Polygon","coordinates":[[[5.7914525,49.9831132],[5.7910475,49.983027],[5.7905057,49.9840756],[5.7897225,49.9857416],[5.7897644,49.9858333],[5.7898486,49.9860175],[5.7899398,49.9861072],[5.7900805,49.9858287],[5.7914525,49.9831132]]]}},{"type":"Feature","properties":{"t":"prado"},"geometry":{"type":"Polygon","coordinates":[[[5.7833174,49.9883939],[5.781936,49.9874782],[5.7822955,49.9872385],[5.7818556,49.9868505],[5.7817697,49.9867142],[5.7811367,49.987035],[5.780279,49.9870145],[5.7806057,49.9873351],[5.78067,49.9874679],[5.7805145,49.9875317],[5.7809436,49.9879568],[5.7810703,49.9880606],[5.7814841,49.988025],[5.7822254,49.9886024],[5.7824939,49.9885785],[5.782907,49.9885267],[5.7831672,49.9884543],[5.7833174,49.9883939]]]}},{"type":"Feature","properties":{"t":"prado"},"geometry":{"type":"Polygon","coordinates":[[[5.7822955,49.9872385],[5.781936,49.9874782],[5.7833174,49.9883939],[5.7834783,49.9883129],[5.7837358,49.9881525],[5.7838351,49.9881163],[5.7846934,49.9879939],[5.7850501,49.9879352],[5.7854622,49.9878451],[5.7854685,49.9878249],[5.785593,49.9878024],[5.7857582,49.9875506],[5.7840791,49.9868764],[5.7833093,49.9865297],[5.7827193,49.9869609],[5.7822955,49.9872385]]]}},{"type":"Feature","properties":{"t":"prado"},"geometry":{"type":"Polygon","coordinates":[[[5.7776043,49.9793205],[5.7775141,49.9798878],[5.7774916,49.9800294],[5.7776328,49.9800757],[5.7780442,49.9802105],[5.7791144,49.9803258],[5.7794845,49.9803657],[5.7793424,49.9800087],[5.7792351,49.979881],[5.7788998,49.9795533],[5.7786772,49.9793429],[5.7776043,49.9793205]]]}},{"type":"Feature","properties":{"t":"prado"},"geometry":{"type":"Polygon","coordinates":[[[5.7795811,49.9803571],[5.7801416,49.9805502],[5.7809678,49.9798914],[5.7810053,49.9798465],[5.7804903,49.9796809],[5.7805279,49.979624],[5.779852,49.9794429],[5.7793128,49.9793843],[5.7789803,49.9793567],[5.7789212,49.9794136],[5.7790178,49.9795481],[5.7793128,49.9798569],[5.7794711,49.9800621],[5.7795811,49.9803571]]]}},{"type":"Feature","properties":{"t":"prado"},"geometry":{"type":"Polygon","coordinates":[[[5.7798684,49.9815062],[5.7816893,49.9801863],[5.7817376,49.980107],[5.7809678,49.9798914],[5.7801416,49.9805502],[5.7795811,49.9803571],[5.7796079,49.9805865],[5.7795247,49.9808055],[5.7792485,49.9810867],[5.7793236,49.981128],[5.7792565,49.9812781],[5.7798684,49.9815062]]]}},{"type":"Feature","properties":{"t":"prado"},"geometry":{"type":"Polygon","coordinates":[[[5.7816893,49.9801863],[5.7798684,49.9815062],[5.7805011,49.9817421],[5.7816138,49.982201],[5.7833603,49.9804709],[5.78284,49.9803174],[5.7825342,49.9806417],[5.7819709,49.980483],[5.7821551,49.9802318],[5.7819012,49.9801725],[5.7818288,49.9802139],[5.7816893,49.9801863]]]}},{"type":"Feature","properties":{"t":"prado"},"geometry":{"type":"Polygon","coordinates":[[[5.7917744,49.992336],[5.7922572,49.9923532],[5.7925737,49.9923239],[5.7928231,49.9922791],[5.7928017,49.9922446],[5.7923886,49.9921049],[5.7919595,49.9918946],[5.7917896,49.9921548],[5.7917744,49.992336]]]}},{"type":"Feature","properties":{"t":"prado"},"geometry":{"type":"Polygon","coordinates":[[[5.7907605,49.9918618],[5.7912219,49.991986],[5.7915544,49.9916463],[5.7906371,49.991072],[5.7904003,49.9910236],[5.7899773,49.9913979],[5.7902321,49.9916118],[5.7907945,49.9916824],[5.7907605,49.9918618]]]}},{"type":"Feature","properties":{"t":"prado"},"geometry":{"type":"Polygon","coordinates":[[[5.791465,49.9912013],[5.7922599,49.9913945],[5.7927183,49.9910188],[5.7914713,49.9908875],[5.791465,49.9912013]]]}},{"type":"Feature","properties":{"t":"prado"},"geometry":{"type":"Polygon","coordinates":[[[5.7951701,49.991817],[5.7947463,49.9913531],[5.7937941,49.9902581],[5.7932977,49.9903391],[5.7934372,49.9909116],[5.7927827,49.9909806],[5.7927183,49.9910188],[5.7922599,49.9913945],[5.7922319,49.991465],[5.7920668,49.9918825],[5.7924315,49.9920756],[5.7930243,49.992255],[5.7951701,49.991817]]]}},{"type":"Feature","properties":{"t":"prado"},"geometry":{"type":"Polygon","coordinates":[[[5.7974607,49.9907685],[5.7947463,49.9913531],[5.7951701,49.991817],[5.7968196,49.9914997],[5.7970852,49.9913376],[5.7970154,49.9913065],[5.7973453,49.9908979],[5.7973963,49.9908944],[5.7974607,49.9907685]]]}},{"type":"Feature","properties":{"t":"prado"},"geometry":{"type":"Polygon","coordinates":[[[5.7937941,49.9902581],[5.7947463,49.9913531],[5.7974607,49.9907685],[5.7974848,49.9905909],[5.7974553,49.9903633],[5.797407,49.9901081],[5.7973427,49.9899477],[5.7972917,49.9897511],[5.7972541,49.9895045],[5.7972032,49.9894924],[5.7954115,49.9898442],[5.7937941,49.9902581]]]}},{"type":"Feature","properties":{"t":"prado"},"geometry":{"type":"Polygon","coordinates":[[[5.7940087,49.9894183],[5.7929492,49.9894217],[5.7926837,49.98942],[5.7924101,49.9893803],[5.7920091,49.9892787],[5.7920212,49.9895649],[5.791828,49.9895787],[5.7918706,49.9898307],[5.7922837,49.9898256],[5.7940221,49.9897477],[5.7940114,49.9894528],[5.7940087,49.9894183]]]}},{"type":"Feature","properties":{"t":"prado"},"geometry":{"type":"Polygon","coordinates":[[[5.795027,49.9884863],[5.7943734,49.9882456],[5.7941052,49.9881611],[5.793837,49.9884302],[5.7928013,49.9892254],[5.7920775,49.9887078],[5.7918683,49.9888527],[5.7921295,49.9890755],[5.79192,49.9892629],[5.7920091,49.9892787],[5.7924101,49.9893803],[5.7926837,49.98942],[5.7929492,49.9894217],[5.7940087,49.9894183],[5.795027,49.9884863]]]}},{"type":"Feature","properties":{"t":"prado"},"geometry":{"type":"Polygon","coordinates":[[[5.7943734,49.9882456],[5.795027,49.9884863],[5.7952693,49.9882646],[5.794555,49.9880214],[5.7943734,49.9882456]]]}},{"type":"Feature","properties":{"t":"prado"},"geometry":{"type":"Polygon","coordinates":[[[5.794555,49.9880214],[5.7952693,49.9882646],[5.7965219,49.9871342],[5.795618,49.9868091],[5.7955644,49.9867815],[5.7937109,49.987711],[5.794555,49.9880214]]]}},{"type":"Feature","properties":{"t":"prado"},"geometry":{"type":"Polygon","coordinates":[[[5.7937726,49.990196],[5.7946014,49.9899701],[5.79539,49.9897753],[5.7960418,49.9896511],[5.7959533,49.989439],[5.7940221,49.9897804],[5.7937726,49.990196]]]}},{"type":"Feature","properties":{"t":"prado"},"geometry":{"type":"Polygon","coordinates":[[[5.7856241,49.9964933],[5.7855114,49.9967726],[5.7852888,49.9971054],[5.785034,49.9973657],[5.7898593,49.9987175],[5.7911012,49.9994554],[5.7925576,49.9986812],[5.7925254,49.9986502],[5.7896206,49.9974467],[5.7856241,49.9964933]]]}},{"type":"Feature","properties":{"t":"prado"},"geometry":{"type":"Polygon","coordinates":[[[5.7858843,49.9948397],[5.7859486,49.9950777],[5.7859808,49.995326],[5.7909885,49.9965312],[5.7911468,49.9966019],[5.7903823,49.9958967],[5.7892638,49.9956467],[5.7858843,49.9948397]]]}},{"type":"Feature","properties":{"t":"prado"},"geometry":{"type":"Polygon","coordinates":[[[5.7858521,49.9947811],[5.7858843,49.9948397],[5.7892638,49.9956467],[5.7903823,49.9958967],[5.7911468,49.9966019],[5.7930109,49.9983795],[5.7932737,49.9982692],[5.7935849,49.9982209],[5.7941186,49.9981899],[5.7944003,49.9981192],[5.7944405,49.9980312],[5.7943815,49.9978571],[5.7941562,49.9976364],[5.7928151,49.9960984],[5.7922465,49.9954156],[5.7918066,49.9951156],[5.7919729,49.9950432],[5.7916403,49.9947673],[5.7908839,49.9943776],[5.7900041,49.9941603],[5.7901812,49.9938534],[5.7901919,49.9937689],[5.7899263,49.9936275],[5.788773,49.9933154],[5.7873246,49.9931292],[5.7869115,49.9931671],[5.7866433,49.993212],[5.7866326,49.9932775],[5.7863858,49.9932982],[5.7860237,49.9934672],[5.7857046,49.9935482],[5.7855543,49.9937827],[5.7854657,49.9937783],[5.7854336,49.9938603],[5.7864314,49.99405],[5.7862759,49.9944414],[5.7856214,49.9943],[5.7858521,49.9947811]]]}},{"type":"Feature","properties":{"t":"prado"},"geometry":{"type":"Polygon","coordinates":[[[5.7901812,49.9938534],[5.7900041,49.9941603],[5.7908839,49.9943776],[5.7916403,49.9947673],[5.7919729,49.9950432],[5.7918066,49.9951156],[5.7922465,49.9954156],[5.7928151,49.9960984],[5.7941562,49.9976364],[5.7943815,49.9978571],[5.7941133,49.9974605],[5.7940113,49.9972502],[5.7940489,49.9971157],[5.7941508,49.9969554],[5.7933448,49.9957472],[5.7932764,49.9958122],[5.7928634,49.9952846],[5.7929286,49.995265],[5.7923242,49.9947121],[5.79171,49.9943569],[5.7909858,49.9940362],[5.7901812,49.9938534]]]}},{"type":"Feature","properties":{"t":"prado"},"geometry":{"type":"Polygon","coordinates":[[[5.7901919,49.9937689],[5.7901812,49.9938534],[5.7909858,49.9940362],[5.79171,49.9943569],[5.7923242,49.9947121],[5.7929286,49.995265],[5.7930243,49.9952363],[5.7933998,49.995695],[5.7933448,49.9957472],[5.7941508,49.9969554],[5.7942447,49.9967916],[5.7942796,49.9967278],[5.7935661,49.9956743],[5.7934749,49.9956829],[5.792917,49.9947225],[5.7928312,49.9946932],[5.7923591,49.9943173],[5.7921177,49.9942345],[5.7912728,49.993731],[5.790334,49.9936896],[5.790334,49.9937293],[5.7901919,49.9937689]]]}},{"type":"Feature","properties":{"t":"prado"},"geometry":{"type":"Polygon","coordinates":[[[5.792917,49.9947225],[5.7934749,49.9956829],[5.7935661,49.9956743],[5.7942796,49.9967278],[5.7943305,49.9963433],[5.7943134,49.9959864],[5.7940905,49.9955924],[5.7938853,49.9951656],[5.7932654,49.9943593],[5.7933263,49.9943387],[5.7929519,49.994069],[5.7923698,49.9937741],[5.7917529,49.9935896],[5.7916993,49.9936465],[5.7912379,49.9935292],[5.7912835,49.993443],[5.7911172,49.9933999],[5.7905677,49.9931906],[5.7902294,49.9933672],[5.7905781,49.993512],[5.7913345,49.9936189],[5.7915518,49.9937293],[5.792276,49.9941362],[5.7928687,49.994519],[5.792917,49.9947225]]]}},{"type":"Feature","properties":{"t":"prado"},"geometry":{"type":"Polygon","coordinates":[[[5.7926139,49.9986537],[5.7928339,49.9988726],[5.7925227,49.9989916],[5.7924664,49.9989675],[5.7920587,49.9992157],[5.7910019,49.9999036],[5.7899311,50.0007027],[5.790149,50.0006311],[5.7905647,50.000664],[5.7910797,50.0008157],[5.7912782,50.0007795],[5.7913989,50.0006226],[5.7915866,50.000514],[5.7921097,50.0006778],[5.792343,50.0007898],[5.7926676,50.0008415],[5.7928473,50.000914],[5.7935125,50.001245],[5.7938263,50.0013915],[5.7940087,50.0012812],[5.7941343,50.001335],[5.794403,50.0014501],[5.7943037,50.0013157],[5.7942581,50.0011415],[5.7942581,50.0010088],[5.7942823,50.0007795],[5.7941723,50.0003554],[5.7941535,49.9999881],[5.7941776,49.9995709],[5.7942098,49.9990881],[5.7943359,49.9988675],[5.7944378,49.9986968],[5.7944968,49.9984778],[5.7943627,49.998514],[5.7940274,49.998233],[5.793491,49.9982709],[5.7931477,49.9983537],[5.7926139,49.9986537]]]}},{"type":"Feature","properties":{"t":"prado"},"geometry":{"type":"Polygon","coordinates":[[[5.7940274,49.998233],[5.7943627,49.998514],[5.7944968,49.9984778],[5.7944486,49.9981657],[5.7940274,49.998233]]]}},{"type":"Feature","properties":{"t":"prado"},"geometry":{"type":"Polygon","coordinates":[[[5.7942769,49.9976209],[5.794462,49.997895],[5.7945156,49.9981037],[5.7945451,49.9984485],[5.7946685,49.9985347],[5.7955831,49.9991381],[5.7959157,49.9993416],[5.7964253,49.9995761],[5.7975794,49.9985563],[5.797289,49.9984347],[5.7979891,49.9977278],[5.7974821,49.9975174],[5.7970664,49.9972709],[5.797002,49.9971933],[5.7965621,49.9973899],[5.7959077,49.9977743],[5.796133,49.9978743],[5.7963341,49.9980778],[5.7970369,49.998414],[5.7972568,49.9984226],[5.7971227,49.9985381],[5.7961288,49.9980873],[5.7956716,49.9983899],[5.7948026,49.9978209],[5.7947087,49.9978312],[5.7943681,49.997595],[5.7942769,49.9976209]]]}},{"type":"Feature","properties":{"t":"prado"},"geometry":{"type":"Polygon","coordinates":[[[5.7944425,49.9958487],[5.7943734,49.9958812],[5.7943869,49.9963605],[5.7943035,49.9968254],[5.795357,49.9975168],[5.7954329,49.9975105],[5.795795,49.9977105],[5.7964837,49.9973352],[5.7959287,49.996948],[5.7954678,49.9966312],[5.795339,49.9966967],[5.7948026,49.9962536],[5.7948697,49.9961984],[5.7944425,49.9958487]]]}},{"type":"Feature","properties":{"t":"prado"},"geometry":{"type":"Polygon","coordinates":[[[5.79399,49.9935869],[5.7942963,49.9933424],[5.793601,49.9930706],[5.7936385,49.9929395],[5.7929224,49.9927723],[5.7928366,49.9929637],[5.7932067,49.993093],[5.7934293,49.9932361],[5.7936573,49.9934223],[5.79399,49.9935869]]]}},{"type":"Feature","properties":{"t":"prado"},"geometry":{"type":"Polygon","coordinates":[[[5.7935366,50.0079166],[5.7946363,50.0090577],[5.7946739,50.0092594],[5.7946202,50.0096438],[5.7946229,50.0099541],[5.7950333,50.0098351],[5.7950306,50.009387],[5.7951643,50.0079574],[5.7950616,50.0079757],[5.7943949,50.0081303],[5.7940596,50.0077787],[5.7935366,50.0079166]]]}},{"type":"Feature","properties":{"t":"prado"},"geometry":{"type":"Polygon","coordinates":[[[5.7940596,50.0077787],[5.7943949,50.0081303],[5.7950616,50.0079757],[5.7948137,50.0075643],[5.7940596,50.0077787]]]}},{"type":"Feature","properties":{"t":"prado"},"geometry":{"type":"Polygon","coordinates":[[[5.7944164,50.0076011],[5.7952076,50.0074236],[5.7932416,50.0065978],[5.793027,50.0067306],[5.7933301,50.0069857],[5.7944164,50.0076011]]]}},{"type":"Feature","properties":{"t":"prado"},"geometry":{"type":"Polygon","coordinates":[[[5.7882723,50.0042972],[5.7883224,50.0043964],[5.7885772,50.0045757],[5.7889063,50.0040751],[5.7882723,50.0042972]]]}},{"type":"Feature","properties":{"t":"prado"},"geometry":{"type":"Polygon","coordinates":[[[5.7889063,50.0040751],[5.7885772,50.0045757],[5.7893094,50.0050481],[5.790024,50.0039978],[5.7889063,50.0040751]]]}},{"type":"Feature","properties":{"t":"prado"},"geometry":{"type":"Polygon","coordinates":[[[5.790024,50.0039978],[5.7893094,50.0050481],[5.7904735,50.0055687],[5.790723,50.005748],[5.7913613,50.0046929],[5.7913801,50.0039775],[5.7923859,50.0042327],[5.7926059,50.004593],[5.7927507,50.0050188],[5.7929653,50.0058807],[5.7936358,50.0064479],[5.7937646,50.0065237],[5.794419,50.0067202],[5.7945417,50.0065543],[5.7944941,50.0065323],[5.7945907,50.0063341],[5.7942206,50.005929],[5.7937244,50.0055463],[5.7935983,50.0051653],[5.7933167,50.0052067],[5.7930458,50.0052808],[5.7930055,50.0048481],[5.7928258,50.0044757],[5.7924691,50.0039361],[5.7926568,50.0038499],[5.7924449,50.0035931],[5.792107,50.0034379],[5.7916725,50.0033707],[5.7912154,50.0033702],[5.7912717,50.0035314],[5.7912755,50.0039051],[5.790024,50.0039978]]]}},{"type":"Feature","properties":{"t":"prado"},"geometry":{"type":"Polygon","coordinates":[[[5.7923859,50.0042327],[5.7913801,50.0039775],[5.7913613,50.0046929],[5.790723,50.005748],[5.7913613,50.0062772],[5.7921553,50.0068495],[5.7925495,50.0072253],[5.7931209,50.0075718],[5.7935661,50.0078493],[5.7944164,50.0076011],[5.7933301,50.0069857],[5.793027,50.0067306],[5.7924181,50.0062151],[5.7929653,50.0058807],[5.7927507,50.0050188],[5.7926059,50.004593],[5.7923859,50.0042327]]]}},{"type":"Feature","properties":{"t":"prado"},"geometry":{"type":"Polygon","coordinates":[[[5.794419,50.0067202],[5.7937646,50.0065237],[5.7936358,50.0064479],[5.7929653,50.0058807],[5.7924181,50.0062151],[5.793027,50.0067306],[5.7932416,50.0065978],[5.7952076,50.0074236],[5.7961357,50.0072529],[5.7960498,50.0072253],[5.7954624,50.0070616],[5.794419,50.0067202]]]}},{"type":"Feature","properties":{"t":"prado"},"geometry":{"type":"Polygon","coordinates":[[[5.7915008,50.0122673],[5.7917395,50.0123026],[5.7916524,50.0124215],[5.7917784,50.0124954],[5.7921265,50.0122391],[5.7921016,50.0121931],[5.7919461,50.0118898],[5.7917972,50.0117579],[5.7916778,50.0116847],[5.7915799,50.0120639],[5.7915008,50.0122673]]]}},{"type":"Feature","properties":{"t":"prado"},"geometry":{"type":"Polygon","coordinates":[[[5.7921265,50.0122391],[5.7917784,50.0124954],[5.7917476,50.0125189],[5.7917434,50.012543],[5.7916443,50.0131084],[5.7930575,50.0132638],[5.7935634,50.013017],[5.7939982,50.0128502],[5.7936895,50.0126964],[5.7933837,50.0125741],[5.7929921,50.0124862],[5.7924825,50.0124034],[5.7923001,50.0123155],[5.7921265,50.0122391]]]}},{"type":"Feature","properties":{"t":"prado"},"geometry":{"type":"Polygon","coordinates":[[[5.7910582,50.0111434],[5.7918736,50.011352],[5.7935742,50.0104402],[5.7934508,50.0103367],[5.7912245,50.0088784],[5.7907793,50.0091025],[5.7903448,50.0094163],[5.7898968,50.0097558],[5.7896114,50.0099893],[5.7901185,50.0101544],[5.7896254,50.0107202],[5.7902714,50.0108959],[5.7901651,50.0110865],[5.7909431,50.0112811],[5.7910582,50.0111434]]]}},{"type":"Feature","properties":{"t":"prado"},"geometry":{"type":"Polygon","coordinates":[[[5.7929814,50.008132],[5.7912245,50.0088784],[5.7934508,50.0103367],[5.7936293,50.0102784],[5.7929814,50.008132]]]}},{"type":"Feature","properties":{"t":"prado"},"geometry":{"type":"Polygon","coordinates":[[[5.7946363,50.0090577],[5.7935015,50.0079125],[5.7929814,50.008132],[5.7936293,50.0102784],[5.7946229,50.0099541],[5.7946202,50.0096438],[5.7946739,50.0092594],[5.7946363,50.0090577]]]}},{"type":"Feature","properties":{"t":"prado"},"geometry":{"type":"Polygon","coordinates":[[[5.7852746,50.008559],[5.7852995,50.0087802],[5.7855651,50.0092111],[5.7864629,50.0100328],[5.786697,50.0102471],[5.7868552,50.0101195],[5.7871395,50.0099748],[5.7865548,50.009387],[5.786351,50.0090181],[5.786292,50.0087009],[5.7863027,50.0085699],[5.7854605,50.0085302],[5.7853129,50.0085664],[5.7852746,50.008559]]]}},{"type":"Feature","properties":{"t":"prado"},"geometry":{"type":"Polygon","coordinates":[[[5.787397,50.0097903],[5.7868552,50.0092525],[5.7866514,50.0087199],[5.786292,50.0087009],[5.786351,50.0090181],[5.7865548,50.009387],[5.7871395,50.0099748],[5.787397,50.0097903]]]}},{"type":"Feature","properties":{"t":"lavoura"},"geometry":{"type":"Polygon","coordinates":[[[5.7890532,50.0086614],[5.7897037,50.0083803],[5.7902034,50.0077792],[5.7900873,50.007739],[5.7879469,50.0069892],[5.7869518,50.006622],[5.7867587,50.0065668],[5.786697,50.0066702],[5.7864395,50.0069099],[5.7863644,50.007951],[5.7863027,50.0085699],[5.786292,50.0087009],[5.7866514,50.0087199],[5.7868552,50.0092525],[5.787397,50.0097903],[5.7877886,50.00943],[5.7874288,50.0090493],[5.7886838,50.0083743],[5.7890532,50.0086614]]]}},{"type":"Feature","properties":{"t":"prado"},"geometry":{"type":"Polygon","coordinates":[[[5.7902034,50.0077792],[5.7897037,50.0083803],[5.7890532,50.0086614],[5.7892226,50.008793],[5.7898727,50.0086733],[5.7902831,50.0086113],[5.7908142,50.0085733],[5.7912245,50.008625],[5.7914498,50.0087043],[5.791592,50.0086423],[5.7912433,50.0082303],[5.7914069,50.008101],[5.7910448,50.0080596],[5.7908249,50.0079941],[5.7902034,50.0077792]]]}},{"type":"Feature","properties":{"t":"prado"},"geometry":{"type":"Polygon","coordinates":[[[5.7921579,50.0069219],[5.7908249,50.0079941],[5.7910448,50.0080596],[5.7914069,50.008101],[5.7915518,50.0080976],[5.7929783,50.0075239],[5.7924959,50.0072477],[5.7921579,50.0069219]]]}},{"type":"Feature","properties":{"t":"prado"},"geometry":{"type":"Polygon","coordinates":[[[5.7900873,50.007739],[5.7902034,50.0077792],[5.7908249,50.0079941],[5.7921579,50.0069219],[5.7913077,50.0062962],[5.7900873,50.007739]]]}},{"type":"Feature","properties":{"t":"lavoura"},"geometry":{"type":"Polygon","coordinates":[[[5.7879469,50.0069892],[5.7900873,50.007739],[5.7913077,50.0062962],[5.7904655,50.0056239],[5.7899451,50.0053997],[5.789465,50.005167],[5.7879469,50.0069892]]]}},{"type":"Feature","properties":{"t":"prado"},"geometry":{"type":"Polygon","coordinates":[[[5.7870322,50.0060255],[5.7858092,50.0055704],[5.7853851,50.0062292],[5.7867878,50.0065092],[5.7870322,50.0060255]]]}},{"type":"Feature","properties":{"t":"prado"},"geometry":{"type":"Polygon","coordinates":[[[5.7848328,50.0084734],[5.7852746,50.008559],[5.7853129,50.0085664],[5.7854605,50.0085302],[5.7863027,50.0085699],[5.7863644,50.007951],[5.7864395,50.0069099],[5.786697,50.0066702],[5.7867587,50.0065668],[5.7867878,50.0065092],[5.7853851,50.0062292],[5.785211,50.0064996],[5.7851332,50.0064927],[5.7850528,50.0067513],[5.7849911,50.0070547],[5.7851011,50.0074218],[5.7852191,50.0076942],[5.7851601,50.0079424],[5.7848704,50.0082044],[5.7848328,50.0084734]]]}},{"type":"Feature","properties":{"t":"lavoura"},"geometry":{"type":"Polygon","coordinates":[[[5.7886282,50.0046723],[5.7869518,50.006622],[5.7879469,50.0069892],[5.789465,50.005167],[5.7892236,50.0050567],[5.7886282,50.0046723]]]}},{"type":"Feature","properties":{"t":"prado"},"geometry":{"type":"Polygon","coordinates":[[[5.7858092,50.0055704],[5.7870322,50.0060255],[5.7867878,50.0065092],[5.7867587,50.0065668],[5.7869518,50.006622],[5.7886282,50.0046723],[5.78825,50.0044085],[5.7882174,50.0043164],[5.7872562,50.0046533],[5.7868864,50.0042402],[5.7861525,50.0044516],[5.7867587,50.0048515],[5.7864038,50.0050505],[5.7861216,50.0052404],[5.7861873,50.0052877],[5.7861605,50.0055273],[5.7858612,50.0055154],[5.7858092,50.0055704]]]}},{"type":"Feature","properties":{"t":"prado"},"geometry":{"type":"Polygon","coordinates":[[[5.7851011,50.0074218],[5.7849911,50.0070547],[5.7850528,50.0067513],[5.7851332,50.0064927],[5.785211,50.0064996],[5.7853851,50.0062292],[5.7858092,50.0055704],[5.7858612,50.0055154],[5.7861216,50.0052404],[5.7851866,50.0058695],[5.7850372,50.0062415],[5.7848865,50.0066168],[5.784758,50.0073311],[5.7851011,50.0074218]]]}},{"type":"Feature","properties":{"t":"prado"},"geometry":{"type":"Polygon","coordinates":[[[5.7839638,50.0052187],[5.7839155,50.0055497],[5.7839745,50.0057437],[5.7841007,50.0059642],[5.7841676,50.0061014],[5.7843178,50.0063358],[5.7847765,50.0062169],[5.7848033,50.0061358],[5.7840416,50.0057428],[5.7841623,50.0054877],[5.7849696,50.0049119],[5.7848603,50.0048488],[5.7847788,50.0048017],[5.7854086,50.0040286],[5.7839818,50.0044816],[5.7843876,50.0049084],[5.7839638,50.0052187]]]}},{"type":"Feature","properties":{"t":"prado"},"geometry":{"type":"Polygon","coordinates":[[[5.7856053,50.002269],[5.7843554,50.0014777],[5.7838967,50.0012898],[5.7835481,50.0010484],[5.7831243,50.0005622],[5.7827211,50.0002264],[5.7825449,50.0005941],[5.7821533,50.0014062],[5.7814763,50.002668],[5.7809138,50.004102],[5.7805895,50.0049289],[5.7821177,50.0046657],[5.7834167,50.0042451],[5.7839558,50.0040464],[5.7839746,50.0037445],[5.7841543,50.0035718],[5.7840862,50.0035251],[5.784672,50.0031221],[5.7846022,50.0030549],[5.7858888,50.0024097],[5.7856053,50.002269]]]}},{"type":"Feature","properties":{"t":"prado"},"geometry":{"type":"Polygon","coordinates":[[[5.784755,50.0010174],[5.7847711,50.000995],[5.7837385,50.0005347],[5.783017,49.9999105],[5.7827273,50.0001467],[5.7829338,50.0002916],[5.7835159,50.0008053],[5.7838216,50.001095],[5.7843044,50.001326],[5.784578,50.0010984],[5.7846424,50.0011312],[5.784755,50.0010174]]]}},{"type":"Feature","properties":{"t":"prado"},"geometry":{"type":"Polygon","coordinates":[[[5.7843554,50.0014777],[5.7856053,50.002269],[5.786646,50.0018001],[5.78641,50.0015001],[5.7856938,50.0009484],[5.7857475,50.0007588],[5.7855087,50.0006847],[5.7852378,50.000626],[5.7847711,50.000995],[5.784755,50.0010174],[5.7848141,50.0010622],[5.7843554,50.0014777]]]}},{"type":"Feature","properties":{"t":"prado"},"geometry":{"type":"Polygon","coordinates":[[[5.7837814,49.9991054],[5.783017,49.9999105],[5.7837385,50.0005347],[5.7847711,50.000995],[5.7852378,50.000626],[5.7855087,50.0006847],[5.7857475,50.0007588],[5.7863161,50.0010036],[5.7862946,50.0004743],[5.7874721,50.0008915],[5.7875767,50.0008105],[5.7880005,50.0009933],[5.7886443,50.0004105],[5.7882687,50.0002847],[5.7864073,49.9998381],[5.7853639,49.9995933],[5.7837814,49.9991054]]]}},{"type":"Feature","properties":{"t":"prado"},"geometry":{"type":"Polygon","coordinates":[[[5.7891002,49.9999847],[5.7843769,49.9984485],[5.7837814,49.9991054],[5.7853639,49.9995933],[5.7864073,49.9998381],[5.7882687,50.0002847],[5.7886443,50.0004105],[5.7891002,49.9999847]]]}},{"type":"Feature","properties":{"t":"prado"},"geometry":{"type":"Polygon","coordinates":[[[5.7894731,49.9995364],[5.7845566,49.998133],[5.7844546,49.9983416],[5.7843769,49.9984485],[5.7891002,49.9999847],[5.7894731,49.9995364]]]}},{"type":"Feature","properties":{"t":"lavoura"},"geometry":{"type":"Polygon","coordinates":[[[5.7845566,49.998133],[5.7894731,49.9995364],[5.7898507,49.9987356],[5.785034,49.9973657],[5.7847041,49.9977502],[5.7846531,49.9978709],[5.7845566,49.998133]]]}},{"type":"Feature","properties":{"t":"prado"},"geometry":{"type":"Polygon","coordinates":[[[5.78403,49.9893233],[5.7834861,49.9895858],[5.7844355,49.9900617],[5.7845896,49.9896355],[5.7846121,49.9895734],[5.78403,49.9893233]]]}},{"type":"Feature","properties":{"t":"prado"},"geometry":{"type":"Polygon","coordinates":[[[5.7826553,49.9885935],[5.783422,49.9890441],[5.7838246,49.989229],[5.7838833,49.9891838],[5.7844976,49.9894735],[5.7848945,49.9890717],[5.7849453,49.9887499],[5.7837921,49.9881939],[5.7833415,49.9884371],[5.7830948,49.9885216],[5.782856,49.9885767],[5.7826553,49.9885935]]]}},{"type":"Feature","properties":{"t":"prado"},"geometry":{"type":"Polygon","coordinates":[[[5.7848006,49.9895614],[5.7846121,49.9895734],[5.7860497,49.9900459],[5.7862866,49.9897856],[5.7862759,49.989658],[5.7863098,49.989626],[5.7850447,49.989132],[5.7848006,49.9895614]]]}},{"type":"Feature","properties":{"t":"prado"},"geometry":{"type":"Polygon","coordinates":[[[5.7850447,49.989132],[5.7863098,49.989626],[5.7866506,49.9893042],[5.785158,49.9887409],[5.7850689,49.9888751],[5.7850447,49.989132]]]}},{"type":"Feature","properties":{"t":"prado"},"geometry":{"type":"Polygon","coordinates":[[[5.7837921,49.9881939],[5.7849453,49.9887499],[5.7850152,49.9887837],[5.7850796,49.9887112],[5.785467,49.9880566],[5.7853505,49.9879576],[5.785211,49.9879714],[5.7852057,49.9879249],[5.7847202,49.9880301],[5.7839048,49.9881508],[5.7837921,49.9881939]]]}},{"type":"Feature","properties":{"t":"prado"},"geometry":{"type":"Polygon","coordinates":[[[5.785467,49.9880566],[5.7850796,49.9887112],[5.785158,49.9887409],[5.7866506,49.9893042],[5.7866996,49.9892579],[5.786812,49.9892702],[5.78722,49.9893648],[5.7873871,49.9893142],[5.7874721,49.9889647],[5.7874909,49.9886302],[5.7877913,49.9883526],[5.7879469,49.9880318],[5.7870671,49.9877748],[5.7870054,49.9876472],[5.7863939,49.9877214],[5.7858762,49.9878438],[5.7854927,49.9880784],[5.785467,49.9880566]]]}},{"type":"Feature","properties":{"t":"prado"},"geometry":{"type":"Polygon","coordinates":[[[5.7891834,49.9885698],[5.7891244,49.9889441],[5.7884592,49.9889285],[5.7882795,49.9894097],[5.7881239,49.9893907],[5.7880673,49.9896358],[5.7894516,49.9896701],[5.7902265,49.9889288],[5.7902672,49.9885283],[5.7897922,49.9883232],[5.7891834,49.9885698]]]}},{"type":"Feature","properties":{"t":"prado"},"geometry":{"type":"Polygon","coordinates":[[[5.7895508,49.9867211],[5.7894462,49.9867522],[5.7895106,49.9868108],[5.7889608,49.9870798],[5.7883653,49.9876248],[5.7880381,49.988256],[5.7889707,49.9883766],[5.7891834,49.9885698],[5.7897922,49.9883232],[5.7902672,49.9885283],[5.790272,49.9884805],[5.7902351,49.9878342],[5.7901543,49.9875541],[5.7907954,49.9874955],[5.7905996,49.9873006],[5.7903555,49.9871523],[5.7900283,49.9869747],[5.789988,49.9869333],[5.7898217,49.9868643],[5.7895508,49.9867211]]]}},{"type":"Feature","properties":{"t":"prado"},"geometry":{"type":"Polygon","coordinates":[[[5.7827622,49.9915221],[5.7837224,49.9918928],[5.7839697,49.991624],[5.7830784,49.9912895],[5.7827702,49.9914566],[5.7827622,49.9915221]]]}},{"type":"Feature","properties":{"t":"prado"},"geometry":{"type":"Polygon","coordinates":[[[5.7865548,49.9924343],[5.7861498,49.9922756],[5.7854095,49.9921429],[5.7850099,49.9920394],[5.7844627,49.9917687],[5.7842234,49.9917859],[5.7841822,49.991841],[5.784291,49.9919153],[5.7842267,49.991986],[5.7842267,49.9920653],[5.784393,49.9920601],[5.7845136,49.9921877],[5.784865,49.9923826],[5.7853129,49.9925619],[5.7858145,49.9926602],[5.7862464,49.9926705],[5.7865843,49.9926895],[5.7866782,49.9925791],[5.7865548,49.9924343]]]}},{"type":"Feature","properties":{"t":"prado"},"geometry":{"type":"Polygon","coordinates":[[[5.7848352,49.9912844],[5.7844627,49.9917687],[5.7850099,49.9920394],[5.7854095,49.9921429],[5.7861498,49.9922756],[5.7865548,49.9924343],[5.7866782,49.9925791],[5.7869223,49.9926016],[5.7872683,49.9926481],[5.7872173,49.9927861],[5.7883948,49.9930878],[5.7890114,49.9931536],[5.7893086,49.9921686],[5.7887754,49.9919328],[5.7890833,49.9916651],[5.7886574,49.9912913],[5.7883537,49.9911082],[5.7876832,49.9917703],[5.7869679,49.9917014],[5.7868069,49.9915738],[5.7861457,49.9915092],[5.7858843,49.9914445],[5.7851171,49.9911617],[5.7849723,49.9913117],[5.7848352,49.9912844]]]}},{"type":"Feature","properties":{"t":"prado"},"geometry":{"type":"Polygon","coordinates":[[[5.7802892,49.9884733],[5.7798799,49.9887105],[5.7797983,49.9887578],[5.779827,49.9888629],[5.7801309,49.9889285],[5.7801148,49.9889837],[5.7801846,49.9891062],[5.7804555,49.9891941],[5.7807881,49.9893579],[5.781177,49.9888889],[5.7816356,49.9891234],[5.7815632,49.9891682],[5.7817724,49.9893579],[5.782097,49.9892855],[5.7822311,49.9891924],[5.7819656,49.9890234],[5.7817671,49.9888734],[5.7810777,49.9885405],[5.7810871,49.988505],[5.7811072,49.9884284],[5.7816866,49.9887388],[5.7810348,49.9881318],[5.7807344,49.9882715],[5.7808363,49.9883388],[5.7804152,49.9885491],[5.7802892,49.9884733]]]}},{"type":"Feature","properties":{"t":"prado"},"geometry":{"type":"Polygon","coordinates":[[[5.7825556,49.9895062],[5.78269,49.9893789],[5.7823759,49.9892458],[5.7822043,49.9892941],[5.7819629,49.9893872],[5.7815284,49.9894528],[5.7810348,49.9894476],[5.7807881,49.98942],[5.7806432,49.9894855],[5.780662,49.989558],[5.7818904,49.9906168],[5.7820272,49.9904668],[5.7821882,49.9905202],[5.7821667,49.9906133],[5.7822713,49.9907461],[5.7825395,49.9906771],[5.7821659,49.9904045],[5.7825154,49.9901322],[5.7827448,49.9900166],[5.7829877,49.9899235],[5.7825575,49.9897183],[5.7825556,49.9895062]]]}},{"type":"Feature","properties":{"t":"prado"},"geometry":{"type":"Polygon","coordinates":[[[5.7825395,49.9906771],[5.7822713,49.9907461],[5.7827675,49.991172],[5.7829741,49.9912634],[5.7833478,49.9910222],[5.7831046,49.9909116],[5.7826093,49.9906478],[5.7825395,49.9906771]]]}},{"type":"Feature","properties":{"t":"prado"},"geometry":{"type":"Polygon","coordinates":[[[5.785329,49.9937879],[5.7855141,49.9932551],[5.7852211,49.993182],[5.7848704,49.9935224],[5.7849227,49.9935474],[5.7848436,49.9936327],[5.785329,49.9937879]]]}},{"type":"Feature","properties":{"t":"prado"},"geometry":{"type":"Polygon","coordinates":[[[5.7722155,49.9810959],[5.7723954,49.9807124],[5.773015,49.9808159],[5.7731706,49.9808159],[5.7737151,49.9809193],[5.7738492,49.9810349],[5.7740959,49.9811522],[5.7744394,49.980648],[5.7745358,49.9804968],[5.7724142,49.9802967],[5.7722479,49.9806831],[5.7710302,49.980483],[5.7705501,49.9803933],[5.7704776,49.9803864],[5.7702309,49.9807434],[5.7704216,49.9807861],[5.7722155,49.9810959]]]}},{"type":"Feature","properties":{"t":"prado"},"geometry":{"type":"Polygon","coordinates":[[[5.7705501,49.9803933],[5.7710302,49.980483],[5.7722479,49.9806831],[5.7724142,49.9802967],[5.7745358,49.9804968],[5.7747906,49.9801104],[5.7747504,49.9800121],[5.7745814,49.9798741],[5.7745627,49.9797862],[5.7746592,49.9796206],[5.7746941,49.9795119],[5.7745761,49.9794068],[5.7706761,49.9793946],[5.7706279,49.9798189],[5.7706091,49.9801052],[5.7705501,49.9803933]]]}},{"type":"Feature","properties":{"t":"prado"},"geometry":{"type":"Polygon","coordinates":[[[5.7702309,49.9807434],[5.7704776,49.9803864],[5.7705501,49.9803933],[5.7706091,49.9801052],[5.7706279,49.9798189],[5.7687744,49.9797586],[5.7669479,49.9796395],[5.7663229,49.979555],[5.7664047,49.9796413],[5.7661284,49.9797301],[5.7660359,49.980201],[5.7660735,49.9803545],[5.7660198,49.9805295],[5.7662344,49.9805433],[5.7668433,49.9805037],[5.7670444,49.9805382],[5.7679964,49.9806661],[5.7690722,49.9806123],[5.7702309,49.9807434]]]}},{"type":"Feature","properties":{"t":"prado"},"geometry":{"type":"Polygon","coordinates":[[[5.7642871,49.9805045],[5.7645822,49.980621],[5.7648128,49.9806037],[5.7659903,49.9807762],[5.767776,49.9809824],[5.7679964,49.9806661],[5.7670444,49.9805382],[5.7668433,49.9805037],[5.7662344,49.9805433],[5.7660198,49.9805295],[5.7659715,49.9805813],[5.7658696,49.9805666],[5.7657422,49.9805339],[5.765588,49.9805709],[5.7652862,49.9804407],[5.764959,49.9803916],[5.7647511,49.9803053],[5.7642871,49.9805045]]]}},{"type":"Feature","properties":{"t":"prado"},"geometry":{"type":"Polygon","coordinates":[[[5.7760727,49.9799458],[5.7760191,49.9801035],[5.7774916,49.9800294],[5.7775141,49.9798878],[5.7771698,49.9799034],[5.7760727,49.9799458]]]}},{"type":"Feature","properties":{"t":"prado"},"geometry":{"type":"Polygon","coordinates":[[[5.7753915,49.9800138],[5.7760191,49.9801035],[5.7760727,49.9799458],[5.7762417,49.9794481],[5.7762471,49.9793187],[5.7757938,49.9793084],[5.7758045,49.9794222],[5.774914,49.9794015],[5.7747906,49.9794533],[5.7747397,49.9794533],[5.774745,49.9795102],[5.7747249,49.9795835],[5.7746176,49.9797724],[5.7746163,49.9798103],[5.7753915,49.9800138]]]}},{"type":"Feature","properties":{"t":"prado"},"geometry":{"type":"Polygon","coordinates":[[[5.7774916,49.9800294],[5.7760191,49.9801035],[5.7753915,49.9800138],[5.7752252,49.9803916],[5.7752681,49.9804399],[5.7752842,49.9803898],[5.7759279,49.9804864],[5.7759064,49.9806762],[5.7760513,49.9808003],[5.7762181,49.9808058],[5.776467,49.9805416],[5.7766601,49.9804933],[5.7772636,49.9803967],[5.7774649,49.9803937],[5.7776328,49.9800757],[5.7774916,49.9800294]]]}},{"type":"Feature","properties":{"t":"prado"},"geometry":{"type":"Polygon","coordinates":[[[5.7776328,49.9800757],[5.7774649,49.9803937],[5.7780576,49.9803847],[5.7791086,49.9804107],[5.7791144,49.9803258],[5.7780442,49.9802105],[5.7776328,49.9800757]]]}},{"type":"Feature","properties":{"t":"prado"},"geometry":{"type":"Polygon","coordinates":[[[5.7794496,49.9804192],[5.7791086,49.9804107],[5.7780576,49.9803847],[5.778012,49.9805175],[5.7779235,49.9806382],[5.7778725,49.980771],[5.779058,49.9812246],[5.7792002,49.9810366],[5.7794335,49.9807883],[5.7795221,49.9805916],[5.7795033,49.9804726],[5.7794496,49.9804192]]]}},{"type":"Feature","properties":{"t":"prado"},"geometry":{"type":"Polygon","coordinates":[[[5.7779235,49.9806382],[5.778012,49.9805175],[5.7780576,49.9803847],[5.7774649,49.9803937],[5.7772636,49.9803967],[5.7766601,49.9804933],[5.776467,49.9805416],[5.7762181,49.9808058],[5.7763141,49.980809],[5.776931,49.9808228],[5.777438,49.9807934],[5.7775855,49.9807262],[5.7778108,49.9806141],[5.7779235,49.9806382]]]}},{"type":"Feature","properties":{"t":"prado"},"geometry":{"type":"Polygon","coordinates":[[[5.7785591,49.9829683],[5.7782856,49.9828217],[5.7774822,49.9825734],[5.7773951,49.9826596],[5.7774299,49.982789],[5.7779315,49.982977],[5.7785886,49.983246],[5.7786094,49.9831068],[5.7784948,49.9830666],[5.7785591,49.9829683]]]}},{"type":"Feature","properties":{"t":"prado"},"geometry":{"type":"Polygon","coordinates":[[[5.7774822,49.9825734],[5.7782856,49.9828217],[5.7785591,49.9829683],[5.779117,49.9829614],[5.7796776,49.982751],[5.7792512,49.9821129],[5.7790795,49.9817403],[5.7783312,49.9813247],[5.7778645,49.981097],[5.7776579,49.9810591],[5.7773522,49.9810677],[5.7771698,49.9809987],[5.776931,49.9808228],[5.7763141,49.980809],[5.7762256,49.9809107],[5.776349,49.9811246],[5.7766038,49.9814126],[5.776746,49.981504],[5.7771564,49.981749],[5.7771242,49.9818248],[5.7766682,49.9821249],[5.7767352,49.9822146],[5.7771309,49.9824432],[5.7774822,49.9825734]]]}},{"type":"Feature","properties":{"t":"prado"},"geometry":{"type":"Polygon","coordinates":[[[5.7791573,49.984693],[5.7797179,49.9847327],[5.7803696,49.9846965],[5.7804018,49.9843429],[5.7803643,49.9840842],[5.780257,49.9838203],[5.7800075,49.9833064],[5.7797393,49.9828442],[5.779691,49.982789],[5.7791144,49.9830028],[5.7786208,49.9830304],[5.7786094,49.9831068],[5.7785886,49.983246],[5.7788783,49.9833633],[5.7791197,49.9835685],[5.7787415,49.9837686],[5.7789883,49.9840307],[5.7790513,49.9841101],[5.7790299,49.9842144],[5.7790554,49.9843964],[5.7790473,49.9845507],[5.7791573,49.984693]]]}},{"type":"Feature","properties":{"t":"prado"},"geometry":{"type":"Polygon","coordinates":[[[5.7763289,49.9849388],[5.7771885,49.9849362],[5.7770598,49.9843188],[5.776931,49.9840325],[5.7767782,49.9837858],[5.7766226,49.9836151],[5.7764509,49.9836134],[5.776018,49.9838286],[5.7763289,49.9849388]]]}},{"type":"Feature","properties":{"t":"prado"},"geometry":{"type":"Polygon","coordinates":[[[5.7766226,49.9836151],[5.7767782,49.9837858],[5.776931,49.9840325],[5.7770598,49.9843188],[5.7771885,49.9849362],[5.7777947,49.9849414],[5.7791801,49.9847982],[5.7791573,49.984693],[5.7790473,49.9845507],[5.7790554,49.9843964],[5.7790299,49.9842144],[5.7790513,49.9841101],[5.7789883,49.9840307],[5.7782936,49.9841049],[5.7782024,49.9840049],[5.7779852,49.9839014],[5.7775211,49.9834271],[5.7774393,49.9832357],[5.777041,49.98329],[5.7768694,49.9830184],[5.7766333,49.9827252],[5.7760271,49.9823957],[5.7757267,49.9821353],[5.7752198,49.9817421],[5.7746941,49.9815178],[5.7746726,49.9813971],[5.7743856,49.9812367],[5.7742327,49.981216],[5.7740959,49.9811522],[5.7738492,49.9810349],[5.7737151,49.9809193],[5.7731706,49.9808159],[5.773015,49.9808159],[5.7723954,49.9807124],[5.7722155,49.9810959],[5.7738499,49.981765],[5.7744634,49.9820266],[5.7752654,49.9825596],[5.7762659,49.9831029],[5.7766602,49.9834657],[5.7766226,49.9836151]]]}},{"type":"Feature","properties":{"t":"lavoura"},"geometry":{"type":"Polygon","coordinates":[[[5.7741925,49.9901598],[5.7744393,49.9893269],[5.7734256,49.9888518],[5.7724303,49.9883853],[5.7717624,49.9889941],[5.7741925,49.9901598]]]}},{"type":"Feature","properties":{"t":"prado"},"geometry":{"type":"Polygon","coordinates":[[[5.7717705,49.9855864],[5.770821,49.985288],[5.7697588,49.9850862],[5.7679097,49.9847228],[5.7678223,49.9848017],[5.7685763,49.9855597],[5.770179,49.9865408],[5.7704669,49.9866884],[5.7718134,49.9871092],[5.7717705,49.9855864]]]}},{"type":"Feature","properties":{"t":"prado"},"geometry":{"type":"Polygon","coordinates":[[[5.7717705,49.9855864],[5.7718134,49.9871092],[5.7728541,49.9874661],[5.7736051,49.9876179],[5.7745385,49.9877455],[5.7753593,49.9878507],[5.7756489,49.9879369],[5.775946,49.9868102],[5.7747182,49.9864314],[5.7747429,49.9862959],[5.7732028,49.9860244],[5.7717705,49.9855864]]]}},{"type":"Feature","properties":{"t":"prado"},"geometry":{"type":"Polygon","coordinates":[[[5.7796629,49.9886069],[5.7794537,49.9885293],[5.7790366,49.9886164],[5.7789253,49.9885543],[5.7777545,49.9886371],[5.7787523,49.9890113],[5.7790658,49.9891409],[5.779827,49.9888629],[5.7797983,49.9887578],[5.7798799,49.9887105],[5.7796629,49.9886069]]]}},{"type":"Feature","properties":{"t":"prado"},"geometry":{"type":"Polygon","coordinates":[[[5.7803872,49.9874971],[5.7802341,49.9873488],[5.7801349,49.9871816],[5.7800934,49.987004],[5.7801202,49.9868919],[5.779624,49.9868781],[5.7778886,49.9869712],[5.7778805,49.9871419],[5.7779396,49.9873678],[5.7781649,49.9879404],[5.7777545,49.9886371],[5.7789253,49.9885543],[5.7790366,49.9886164],[5.7794537,49.9885293],[5.7796629,49.9886069],[5.7798799,49.9887105],[5.7802892,49.9884733],[5.7805036,49.9883761],[5.7801269,49.9880792],[5.7798225,49.9877283],[5.7803872,49.9874971]]]}},{"type":"Feature","properties":{"t":"prado"},"geometry":{"type":"Polygon","coordinates":[[[5.7777545,49.9886371],[5.7781649,49.9879404],[5.7779396,49.9873678],[5.7778805,49.9871419],[5.7778886,49.9869712],[5.7778913,49.9868677],[5.7779744,49.9866418],[5.7782024,49.9859658],[5.7782721,49.9853484],[5.7783338,49.985119],[5.7792941,49.9851052],[5.7792297,49.9849317],[5.7778054,49.9850431],[5.7773629,49.9870471],[5.7770678,49.9883974],[5.7777545,49.9886371]]]}},{"type":"Feature","properties":{"t":"prado"},"geometry":{"type":"Polygon","coordinates":[[[5.7763289,49.9849388],[5.7763302,49.985357],[5.7762578,49.9859434],[5.7760754,49.9866039],[5.7758635,49.9873747],[5.7757053,49.9879697],[5.7764938,49.9882077],[5.7770678,49.9883974],[5.7773629,49.9870471],[5.7778054,49.9850431],[5.7792297,49.9849317],[5.7791801,49.9847982],[5.7777947,49.9849414],[5.7771885,49.9849362],[5.7763289,49.9849388]]]}},{"type":"Feature","properties":{"t":"prado"},"geometry":{"type":"Polygon","coordinates":[[[5.7791801,49.9847982],[5.7792297,49.9849317],[5.7792941,49.9851052],[5.7783338,49.985119],[5.7782721,49.9853484],[5.7782024,49.9859658],[5.7779744,49.9866418],[5.7778913,49.9868677],[5.7778886,49.9869712],[5.779624,49.9868781],[5.7795623,49.9863986],[5.7795972,49.986152],[5.780389,49.9861814],[5.780426,49.9859666],[5.7804206,49.9857114],[5.7803455,49.9852087],[5.7803321,49.9849974],[5.7803442,49.9848405],[5.7803696,49.9846965],[5.7797179,49.9847327],[5.7791573,49.984693],[5.7791801,49.9847982]]]}},{"type":"Feature","properties":{"t":"prado"},"geometry":{"type":"Polygon","coordinates":[[[5.7575896,49.9961501],[5.757823,49.9947311],[5.7553419,49.995207],[5.7553419,49.9957691],[5.7554573,49.9962191],[5.7555833,49.9965743],[5.7562914,49.9964536],[5.7575896,49.9961501]]]}},{"type":"Feature","properties":{"t":"prado"},"geometry":{"type":"Polygon","coordinates":[[[5.7592695,49.9932171],[5.7585043,49.993362],[5.7585928,49.9945966],[5.757823,49.9947311],[5.7575896,49.9961501],[5.7586116,49.9959139],[5.7590783,49.9958398],[5.7593733,49.9958105],[5.7594591,49.9952777],[5.7594672,49.9946707],[5.7593327,49.9932645],[5.7592741,49.993274],[5.7592695,49.9932171]]]}},{"type":"Feature","properties":{"t":"prado"},"geometry":{"type":"Polygon","coordinates":[[[5.7594672,49.9946707],[5.7594591,49.9952777],[5.7593733,49.9958105],[5.7597783,49.9957967],[5.7603979,49.9958381],[5.7604945,49.9944535],[5.7595369,49.9946587],[5.7594672,49.9946707]]]}},{"type":"Feature","properties":{"t":"prado"},"geometry":{"type":"Polygon","coordinates":[[[5.7621118,49.9958708],[5.7625169,49.9958381],[5.7625812,49.9957829],[5.7625745,49.9946397],[5.7621118,49.9958708]]]}},{"type":"Feature","properties":{"t":"prado"},"geometry":{"type":"Polygon","coordinates":[[[5.7595369,49.9946587],[5.7604945,49.9944535],[5.7603979,49.9958381],[5.7608217,49.9958846],[5.7612616,49.9958984],[5.7618678,49.9958898],[5.7621118,49.9958708],[5.7625745,49.9946397],[5.7625946,49.9936603],[5.7625678,49.9927274],[5.7606458,49.9931142],[5.7606534,49.9930499],[5.7593933,49.9932547],[5.7595369,49.9946587]]]}},{"type":"Feature","properties":{"t":"prado"},"geometry":{"type":"Polygon","coordinates":[[[5.7591244,49.991768],[5.7592285,49.9926998],[5.7592695,49.9932171],[5.7592741,49.993274],[5.7593327,49.9932645],[5.7593933,49.9932547],[5.7606534,49.9930499],[5.7611912,49.9885232],[5.760296,49.9879318],[5.7601416,49.9879474],[5.7601136,49.9880396],[5.759958,49.988237],[5.7596938,49.9884741],[5.7595557,49.9886009],[5.7595155,49.9886854],[5.7584587,49.9894614],[5.7586545,49.9903167],[5.7588503,49.9910444],[5.7591695,49.9917583],[5.7591244,49.991768]]]}},{"type":"Feature","properties":{"t":"prado"},"geometry":{"type":"Polygon","coordinates":[[[5.762651,49.994907],[5.7626483,49.9958346],[5.7634583,49.9956812],[5.7646519,49.9953794],[5.7659823,49.9949639],[5.7667628,49.994669],[5.7664248,49.9940776],[5.7663292,49.9939129],[5.762651,49.994907]]]}},{"type":"Feature","properties":{"t":"prado"},"geometry":{"type":"Polygon","coordinates":[[[5.762651,49.994907],[5.7663292,49.9939129],[5.7658828,49.9931447],[5.7626671,49.9939069],[5.762651,49.994907]]]}},{"type":"Feature","properties":{"t":"prado"},"geometry":{"type":"Polygon","coordinates":[[[5.7684422,49.9925381],[5.7658828,49.9931447],[5.7663292,49.9939129],[5.7664248,49.9940776],[5.7667628,49.994669],[5.7675326,49.9943828],[5.7685009,49.9941121],[5.7693566,49.9938669],[5.7685596,49.9932443],[5.7692397,49.9928607],[5.7693628,49.9929453],[5.7695427,49.9928871],[5.7693914,49.9927852],[5.769103,49.9926033],[5.7688174,49.9924492],[5.7684422,49.9925381]]]}},{"type":"Feature","properties":{"t":"prado"},"geometry":{"type":"Polygon","coordinates":[[[5.7626641,49.9936641],[5.7626671,49.9939069],[5.7658828,49.9931447],[5.7684422,49.9925381],[5.7688174,49.9924492],[5.7686564,49.9923645],[5.7676403,49.9916138],[5.7673672,49.9913919],[5.7627422,49.9927085],[5.7627207,49.9936672],[5.7626641,49.9936641]]]}},{"type":"Feature","properties":{"t":"lavoura"},"geometry":{"type":"Polygon","coordinates":[[[5.7676403,49.9916138],[5.7686564,49.9923645],[5.7696328,49.9913893],[5.768702,49.9907082],[5.7686357,49.9907525],[5.7676403,49.9916138]]]}},{"type":"Feature","properties":{"t":"prado"},"geometry":{"type":"Polygon","coordinates":[[[5.7686357,49.9907525],[5.768702,49.9907082],[5.7696328,49.9913893],[5.7686564,49.9923645],[5.7688174,49.9924492],[5.769103,49.9926033],[5.7693914,49.9927852],[5.7695427,49.9928871],[5.7697883,49.9930525],[5.7704414,49.9935594],[5.7709658,49.9933896],[5.7713118,49.9933137],[5.771749,49.9932689],[5.7722265,49.9932465],[5.7732886,49.9932051],[5.7715157,49.9919911],[5.7717893,49.9919549],[5.7717526,49.9919284],[5.7717249,49.9919084],[5.7713789,49.9917256],[5.7709631,49.9914048],[5.7685782,49.9895559],[5.7678554,49.9901024],[5.7677743,49.9901637],[5.7686357,49.9907525]]]}},{"type":"Feature","properties":{"t":"prado"},"geometry":{"type":"Polygon","coordinates":[[[5.7734871,49.99161],[5.7753324,49.9913065],[5.7758743,49.9912186],[5.7760754,49.9911462],[5.7761934,49.9910531],[5.7753271,49.9906254],[5.7741925,49.9901598],[5.7738411,49.9902219],[5.77353,49.9903426],[5.7732484,49.990465],[5.7729399,49.9907289],[5.7724786,49.9909599],[5.7734871,49.99161]]]}},{"type":"Feature","properties":{"t":"prado"},"geometry":{"type":"Polygon","coordinates":[[[5.7685782,49.9895559],[5.7709631,49.9914048],[5.7713789,49.9917256],[5.7717249,49.9919084],[5.7724035,49.9917894],[5.7734871,49.99161],[5.7724786,49.9909599],[5.7685089,49.9884284],[5.7681134,49.9888721],[5.7688669,49.9893581],[5.7685782,49.9895559]]]}},{"type":"Feature","properties":{"t":"prado"},"geometry":{"type":"Polygon","coordinates":[[[5.7685089,49.9884284],[5.7724786,49.9909599],[5.7729399,49.9907289],[5.7732484,49.990465],[5.77353,49.9903426],[5.7738411,49.9902219],[5.7741925,49.9901598],[5.7717624,49.9889941],[5.76909,49.9877196],[5.7685089,49.9884284]]]}},{"type":"Feature","properties":{"t":"lavoura"},"geometry":{"type":"Polygon","coordinates":[[[5.76909,49.9877196],[5.7717624,49.9889941],[5.7724303,49.9883853],[5.7733262,49.9876214],[5.7728621,49.9875075],[5.7718992,49.9871988],[5.7703328,49.9866746],[5.7701384,49.9865847],[5.76909,49.9877196]]]}},{"type":"Feature","properties":{"t":"lavoura"},"geometry":{"type":"Polygon","coordinates":[[[5.7746619,49.9878033],[5.7734256,49.9888518],[5.7744393,49.9893269],[5.7753244,49.9892441],[5.7764348,49.988237],[5.7755309,49.987949],[5.7752627,49.98788],[5.7746619,49.9878033]]]}},{"type":"Feature","properties":{"t":"lavoura"},"geometry":{"type":"Polygon","coordinates":[[[5.7733262,49.9876214],[5.7724303,49.9883853],[5.7734256,49.9888518],[5.7746619,49.9878033],[5.7737473,49.9876843],[5.7733262,49.9876214]]]}},{"type":"Feature","properties":{"t":"prado"},"geometry":{"type":"Polygon","coordinates":[[[5.777401,49.9889725],[5.7771912,49.9887181],[5.777446,49.988575],[5.7764348,49.988237],[5.7753244,49.9892441],[5.7744393,49.9893269],[5.7741925,49.9901598],[5.7753271,49.9906254],[5.7755417,49.990453],[5.7757723,49.9901788],[5.7764348,49.9897925],[5.7761049,49.9895149],[5.777401,49.9889725]]]}},{"type":"Feature","properties":{"t":"prado"},"geometry":{"type":"Polygon","coordinates":[[[5.7778685,49.9891519],[5.7784264,49.9889285],[5.7779181,49.9887561],[5.777401,49.9889725],[5.7761049,49.9895149],[5.7764348,49.9897925],[5.7768345,49.989608],[5.7770088,49.9896183],[5.7778685,49.9891519]]]}},{"type":"Feature","properties":{"t":"prado"},"geometry":{"type":"Polygon","coordinates":[[[5.7778685,49.9891519],[5.7770088,49.9896183],[5.7768345,49.989608],[5.7764348,49.9897925],[5.7757723,49.9901788],[5.7755417,49.990453],[5.7753271,49.9906254],[5.7761934,49.9910531],[5.7768989,49.9904823],[5.777261,49.990284],[5.7781434,49.9898804],[5.7785028,49.9897511],[5.7788024,49.989645],[5.7784435,49.9894841],[5.7778685,49.9891519]]]}},{"type":"Feature","properties":{"t":"prado"},"geometry":{"type":"Polygon","coordinates":[[[5.7784264,49.9889285],[5.7778685,49.9891519],[5.7784435,49.9894841],[5.7787904,49.9893087],[5.7790094,49.9891642],[5.7784264,49.9889285]]]}},{"type":"Feature","properties":{"t":"prado"},"geometry":{"type":"Polygon","coordinates":[[[5.7790875,49.9919704],[5.7789876,49.9916951],[5.7788193,49.9914859],[5.7785431,49.9912083],[5.7781514,49.9908841],[5.7771966,49.9903641],[5.7767943,49.9906306],[5.7763034,49.9910203],[5.7769203,49.9913169],[5.7774273,49.9916445],[5.7777706,49.9919359],[5.7779181,49.9922153],[5.7779503,49.9924067],[5.7783526,49.9923808],[5.7783473,49.9923084],[5.7789963,49.9922412],[5.7790339,49.9923153],[5.7791194,49.9923017],[5.7790875,49.9919704]]]}},{"type":"Feature","properties":{"t":"lavoura"},"geometry":{"type":"Polygon","coordinates":[[[5.7781528,49.9899244],[5.7771966,49.9903641],[5.7781514,49.9908841],[5.7785431,49.9912083],[5.7788193,49.9914859],[5.7789876,49.9916951],[5.7796915,49.9915162],[5.7800549,49.9920755],[5.780295,49.9920061],[5.7799277,49.991441],[5.7800248,49.9914082],[5.779793,49.9910151],[5.7794805,49.9906737],[5.7790312,49.9903659],[5.7781528,49.9899244]]]}},{"type":"Feature","properties":{"t":"prado"},"geometry":{"type":"Polygon","coordinates":[[[5.780121,49.9913757],[5.7808656,49.991124],[5.7804069,49.9907067],[5.7800287,49.9903687],[5.7803829,49.9902177],[5.7799214,49.9898375],[5.7794842,49.9899876],[5.7796079,49.9901417],[5.7791345,49.9903521],[5.7794684,49.9905875],[5.779797,49.9909048],[5.780121,49.9913757]]]}},{"type":"Feature","properties":{"t":"prado"},"geometry":{"type":"Polygon","coordinates":[[[5.7747243,49.9953286],[5.7756355,49.9956949],[5.7761532,49.9953363],[5.7729667,49.9932878],[5.7719743,49.9933258],[5.771454,49.9933637],[5.7711321,49.9934103],[5.7704911,49.9935982],[5.7708622,49.993773],[5.7735461,49.9948639],[5.7747243,49.9953286]]]}},{"type":"Feature","properties":{"t":"lavoura"},"geometry":{"type":"Polygon","coordinates":[[[5.7769821,49.9976187],[5.7776096,49.9970002],[5.7783928,49.9964053],[5.7764954,49.995125],[5.7761532,49.9953363],[5.7756355,49.9956949],[5.7767084,49.9964433],[5.7773746,49.9967427],[5.7764957,49.9975365],[5.7769821,49.9976187]]]}},{"type":"Feature","properties":{"t":"prado"},"geometry":{"type":"Polygon","coordinates":[[[5.7764954,49.995125],[5.7783928,49.9964053],[5.7791868,49.9959553],[5.7793879,49.9958191],[5.7774986,49.9945045],[5.7771805,49.9947018],[5.7764954,49.995125]]]}},{"type":"Feature","properties":{"t":"lavoura"},"geometry":{"type":"Polygon","coordinates":[[[5.7729667,49.9932878],[5.7761532,49.9953363],[5.7764954,49.995125],[5.7771805,49.9947018],[5.7748818,49.9932048],[5.7747558,49.9932309],[5.7747048,49.9931896],[5.7729667,49.9932878]]]}},{"type":"Feature","properties":{"t":"prado"},"geometry":{"type":"Polygon","coordinates":[[[5.7774986,49.9945045],[5.7793879,49.9958191],[5.779852,49.9953639],[5.780139,49.9951863],[5.7803428,49.9950656],[5.7790822,49.9942069],[5.7785484,49.9938534],[5.7774986,49.9945045]]]}},{"type":"Feature","properties":{"t":"prado"},"geometry":{"type":"Polygon","coordinates":[[[5.7748818,49.9932048],[5.7771805,49.9947018],[5.7774986,49.9945045],[5.7785484,49.9938534],[5.7787764,49.9937051],[5.7774299,49.9925671],[5.7762444,49.9928524],[5.7754505,49.9930102],[5.7755041,49.9930757],[5.7748818,49.9932048]]]}},{"type":"Feature","properties":{"t":"prado"},"geometry":{"type":"Polygon","coordinates":[[[5.7724325,49.9918566],[5.7717893,49.9919549],[5.7715157,49.9919911],[5.7732886,49.9932051],[5.7741281,49.993162],[5.7739297,49.9929585],[5.7733744,49.9925498],[5.7725215,49.9920239],[5.7724325,49.9918566]]]}},{"type":"Feature","properties":{"t":"prado"},"geometry":{"type":"Polygon","coordinates":[[[5.7741281,49.993162],[5.774737,49.9930964],[5.7733664,49.9916583],[5.7726771,49.9917808],[5.7727146,49.9918135],[5.7724325,49.9918566],[5.7725215,49.9920239],[5.7733744,49.9925498],[5.7739297,49.9929585],[5.7741281,49.993162]]]}},{"type":"Feature","properties":{"t":"lavoura"},"geometry":{"type":"Polygon","coordinates":[[[5.7752292,49.9913557],[5.7733664,49.9916583],[5.774737,49.9930964],[5.7765153,49.9927361],[5.7752292,49.9913557]]]}},{"type":"Feature","properties":{"t":"prado"},"geometry":{"type":"Polygon","coordinates":[[[5.7755738,49.9913005],[5.7752292,49.9913557],[5.7765153,49.9927361],[5.7776445,49.9924533],[5.7779503,49.9924067],[5.7779181,49.9922153],[5.7777706,49.9919359],[5.7774273,49.9916445],[5.7769203,49.9913169],[5.7763034,49.9910203],[5.7762243,49.9910893],[5.7762685,49.9911229],[5.7760915,49.9912695],[5.7756074,49.9913505],[5.7755738,49.9913005]]]}},{"type":"Feature","properties":{"t":"prado"},"geometry":{"type":"Polygon","coordinates":[[[5.7790822,49.9942069],[5.7803428,49.9950656],[5.7810295,49.9944138],[5.7798922,49.9936672],[5.7790822,49.9942069]]]}},{"type":"Feature","properties":{"t":"prado"},"geometry":{"type":"Polygon","coordinates":[[[5.7787764,49.9937051],[5.7785484,49.9938534],[5.7790822,49.9942069],[5.7798922,49.9936672],[5.7810295,49.9944138],[5.7813379,49.9940931],[5.7815766,49.9938965],[5.779784,49.9930511],[5.7795807,49.9931777],[5.7787764,49.9937051]]]}},{"type":"Feature","properties":{"t":"prado"},"geometry":{"type":"Polygon","coordinates":[[[5.7774299,49.9925671],[5.7787764,49.9937051],[5.7795807,49.9931777],[5.7786965,49.9924334],[5.778079,49.9924809],[5.7774299,49.9925671]]]}},{"type":"Feature","properties":{"t":"prado"},"geometry":{"type":"Polygon","coordinates":[[[5.7840067,49.9987899],[5.7809007,49.9979054],[5.7807612,49.998395],[5.7769096,49.9977812],[5.777387,49.9972812],[5.777961,49.9967916],[5.7783982,49.9964605],[5.7787389,49.9962519],[5.7821426,49.997333],[5.7845029,49.9980812],[5.7843715,49.9983812],[5.7841945,49.9985813],[5.7840067,49.9987899]]]}},{"type":"Feature","properties":{"t":"prado"},"geometry":{"type":"Polygon","coordinates":[[[5.7849079,49.9974312],[5.7827729,49.996795],[5.782671,49.9967588],[5.7821426,49.997333],[5.7845029,49.9980812],[5.7846343,49.9977519],[5.7849079,49.9974312]]]}},{"type":"Feature","properties":{"t":"prado"},"geometry":{"type":"Polygon","coordinates":[[[5.7832996,49.99611],[5.7827729,49.996795],[5.7849079,49.9974312],[5.785431,49.9968036],[5.7832996,49.99611]]]}},{"type":"Feature","properties":{"t":"prado"},"geometry":{"type":"Polygon","coordinates":[[[5.7832996,49.99611],[5.785431,49.9968036],[5.785785,49.9959415],[5.7859164,49.9955363],[5.7859111,49.9952897],[5.7844359,49.9946656],[5.7839289,49.9952915],[5.7832996,49.99611]]]}},{"type":"Feature","properties":{"t":"lavoura"},"geometry":{"type":"Polygon","coordinates":[[[5.782671,49.9967588],[5.7827729,49.996795],[5.7832996,49.99611],[5.7839289,49.9952915],[5.7812923,49.9942276],[5.7804099,49.9950915],[5.779978,49.9953484],[5.7797232,49.9955639],[5.7795382,49.9957432],[5.782671,49.9967588]]]}},{"type":"Feature","properties":{"t":"prado"},"geometry":{"type":"Polygon","coordinates":[[[5.7836124,49.993262],[5.7827246,49.9929154],[5.7821748,49.9934879],[5.7819334,49.9936482],[5.783091,49.9941188],[5.7836124,49.993262]]]}},{"type":"Feature","properties":{"t":"prado"},"geometry":{"type":"Polygon","coordinates":[[[5.7844359,49.9946656],[5.7859111,49.9952897],[5.7858521,49.9949277],[5.7857743,49.9947294],[5.7854068,49.9940345],[5.7852566,49.9939155],[5.7843071,49.9935396],[5.7836124,49.993262],[5.783091,49.9941188],[5.7844359,49.9946656]]]}},{"type":"Feature","properties":{"t":"prado"},"geometry":{"type":"Polygon","coordinates":[[[5.779784,49.9930511],[5.7815766,49.9938965],[5.7819065,49.9936206],[5.7802664,49.9927506],[5.779784,49.9930511]]]}},{"type":"Feature","properties":{"t":"prado"},"geometry":{"type":"Polygon","coordinates":[[[5.7802664,49.9927506],[5.7819065,49.9936206],[5.7821292,49.9934379],[5.7816759,49.9932206],[5.7812727,49.9930161],[5.7804498,49.9926363],[5.7802664,49.9927506]]]}},{"type":"Feature","properties":{"t":"prado"},"geometry":{"type":"Polygon","coordinates":[[[5.7816759,49.9932206],[5.7821292,49.9934379],[5.7823008,49.9932637],[5.7818286,49.993066],[5.7816759,49.9932206]]]}},{"type":"Feature","properties":{"t":"prado"},"geometry":{"type":"Polygon","coordinates":[[[5.7818286,49.993066],[5.7823008,49.9932637],[5.7824779,49.9931154],[5.781987,49.9928981],[5.781928,49.9929654],[5.7818286,49.993066]]]}},{"type":"Feature","properties":{"t":"prado"},"geometry":{"type":"Polygon","coordinates":[[[5.7812727,49.9930161],[5.7816759,49.9932206],[5.7818286,49.993066],[5.781928,49.9929654],[5.7815176,49.992774],[5.7812727,49.9930161]]]}},{"type":"Feature","properties":{"t":"prado"},"geometry":{"type":"Polygon","coordinates":[[[5.7637238,49.9980088],[5.7640967,49.9978847],[5.7660466,49.9970916],[5.7672778,49.9966088],[5.7673663,49.9965053],[5.7669739,49.9959726],[5.7669345,49.995976],[5.7667387,49.995757],[5.7626429,49.9968709],[5.7626912,49.997026],[5.7631767,49.9973485],[5.7635012,49.9975778],[5.7636541,49.9977347],[5.7637104,49.997864],[5.7637238,49.9980088]]]}},{"type":"Feature","properties":{"t":"prado"},"geometry":{"type":"Polygon","coordinates":[[[5.7631981,49.9988037],[5.7645231,49.9986226],[5.7649952,49.9986002],[5.7656389,49.9985071],[5.7667333,49.9978743],[5.767599,49.9980281],[5.7680234,49.9977692],[5.7683772,49.9974554],[5.7690893,49.9971585],[5.7691604,49.9964069],[5.7686082,49.9971364],[5.7682246,49.997364],[5.7678142,49.9976278],[5.7672429,49.9978571],[5.7660466,49.9970916],[5.7640967,49.9978847],[5.7637238,49.9980088],[5.7635763,49.9982485],[5.7632571,49.9986623],[5.7631981,49.9988037]]]}},{"type":"Feature","properties":{"t":"prado"},"geometry":{"type":"Polygon","coordinates":[[[5.7669739,49.9959726],[5.7673663,49.9965053],[5.7672778,49.9966088],[5.7660466,49.9970916],[5.7672429,49.9978571],[5.7678142,49.9976278],[5.7682246,49.997364],[5.7686082,49.9971364],[5.7691604,49.9964069],[5.7691877,49.9961188],[5.7685518,49.9958225],[5.7669739,49.9959726]]]}},{"type":"Feature","properties":{"t":"prado"},"geometry":{"type":"Polygon","coordinates":[[[5.7626429,49.9968709],[5.7667387,49.995757],[5.7669345,49.995976],[5.7669739,49.9959726],[5.7685518,49.9958225],[5.7691877,49.9961188],[5.7691955,49.9960359],[5.7691795,49.9959356],[5.7686296,49.9957225],[5.7669961,49.9958829],[5.7664061,49.9948776],[5.7658884,49.9950759],[5.764904,49.9953604],[5.7638875,49.9956415],[5.7632089,49.9958019],[5.7626966,49.9958725],[5.7626644,49.9959294],[5.7626751,49.9962553],[5.7626429,49.9968709]]]}},{"type":"Feature","properties":{"t":"lavoura"},"geometry":{"type":"Polygon","coordinates":[[[5.7691607,49.9958174],[5.7689032,49.9957156],[5.7683507,49.9942224],[5.7675058,49.9944638],[5.7664061,49.9948776],[5.7669961,49.9958829],[5.7686296,49.9957225],[5.7691795,49.9959356],[5.7691607,49.9958174]]]}},{"type":"Feature","properties":{"t":"prado"},"geometry":{"type":"Polygon","coordinates":[[[5.7691607,49.9958174],[5.7689032,49.9957156],[5.7683507,49.9942224],[5.7701156,49.9937362],[5.7702175,49.9938189],[5.7701987,49.9947587],[5.7702336,49.9952725],[5.7700307,49.9962512],[5.7693321,49.9960711],[5.7693136,49.9958053],[5.7696515,49.9954018],[5.7696381,49.9951277],[5.7693779,49.9951587],[5.7693887,49.9954622],[5.7691956,49.9955484],[5.7689783,49.9955553],[5.7690373,49.9957053],[5.7691607,49.9958174]]]}},{"type":"Feature","properties":{"t":"lavoura"},"geometry":{"type":"Polygon","coordinates":[[[5.7728547,49.9961878],[5.7729923,49.9957637],[5.7727656,49.9956829],[5.7702497,49.9947776],[5.7702336,49.9952725],[5.7728547,49.9961878]]]}},{"type":"Feature","properties":{"t":"lavoura"},"geometry":{"type":"Polygon","coordinates":[[[5.7726315,49.996876],[5.7728547,49.9961878],[5.7702336,49.9952725],[5.7700307,49.9962512],[5.7718703,49.9967255],[5.7726315,49.996876]]]}},{"type":"Feature","properties":{"t":"prado"},"geometry":{"type":"Polygon","coordinates":[[[5.7729923,49.9957637],[5.7728547,49.9961878],[5.7726315,49.996876],[5.7740365,49.9970619],[5.7742776,49.9962219],[5.7729923,49.9957637]]]}},{"type":"Feature","properties":{"t":"lavoura"},"geometry":{"type":"Polygon","coordinates":[[[5.7708622,49.993773],[5.7705863,49.9937344],[5.770483,49.9937474],[5.7702845,49.9937939],[5.7702497,49.9947776],[5.7727656,49.9956829],[5.7729923,49.9957637],[5.7742776,49.9962219],[5.7744012,49.9959747],[5.7745504,49.9956763],[5.7747243,49.9953286],[5.7735461,49.9948639],[5.7708622,49.993773]]]}},{"type":"Feature","properties":{"t":"prado"},"geometry":{"type":"Polygon","coordinates":[[[5.7736663,49.9985195],[5.7739431,49.9998605],[5.7757967,49.9986519],[5.7755792,49.9983709],[5.7736663,49.9985195]]]}},{"type":"Feature","properties":{"t":"lavoura"},"geometry":{"type":"Polygon","coordinates":[[[5.777548,49.9987709],[5.7805654,49.9990968],[5.7807612,49.998395],[5.7769096,49.9977812],[5.7758474,49.9986812],[5.776349,50.0001485],[5.7783955,50.0003657],[5.778704,49.9997623],[5.7786986,49.9997037],[5.7781944,49.9994537],[5.7781434,49.9994019],[5.7776847,49.9993778],[5.7775024,49.9994002],[5.7773334,49.9994519],[5.7772556,49.9993761],[5.7773924,49.9992899],[5.7774916,49.9991571],[5.7775506,49.9990002],[5.777548,49.9987709]]]}},{"type":"Feature","properties":{"t":"prado"},"geometry":{"type":"Polygon","coordinates":[[[5.7804608,49.9994295],[5.7805654,49.9990968],[5.777548,49.9987709],[5.7775506,49.9990002],[5.7774916,49.9991571],[5.7773924,49.9992899],[5.7775024,49.9994002],[5.7776847,49.9993778],[5.7781434,49.9994019],[5.7784063,49.9993916],[5.7787684,49.9995416],[5.7788247,49.9996347],[5.7786986,49.9997037],[5.778704,49.9997623],[5.7794657,49.9998743],[5.7801309,50.0000054],[5.7804608,49.9994295]]]}},{"type":"Feature","properties":{"t":"lavoura"},"geometry":{"type":"Polygon","coordinates":[[[5.7804608,49.9994295],[5.7801309,50.0000054],[5.7810509,50.0002105],[5.7825449,50.0005941],[5.7827211,50.0002264],[5.782671,50.0001847],[5.7826683,50.0001312],[5.7821935,49.9999002],[5.7816973,49.9997192],[5.781016,49.999545],[5.7804608,49.9994295]]]}},{"type":"Feature","properties":{"t":"lavoura"},"geometry":{"type":"Polygon","coordinates":[[[5.7821533,50.0014062],[5.7825449,50.0005941],[5.7810509,50.0002105],[5.7801309,50.0000054],[5.7794657,49.9998743],[5.778704,49.9997623],[5.7783955,50.0003657],[5.7784281,50.0005956],[5.7793263,50.0007002],[5.780088,50.0008536],[5.7821533,50.0014062]]]}},{"type":"Feature","properties":{"t":"lavoura"},"geometry":{"type":"Polygon","coordinates":[[[5.7814763,50.002668],[5.7821533,50.0014062],[5.780088,50.0008536],[5.7793263,50.0007002],[5.7784281,50.0005956],[5.7786793,50.0023683],[5.7797567,50.0025567],[5.7814763,50.002668]]]}},{"type":"Feature","properties":{"t":"prado"},"geometry":{"type":"Polygon","coordinates":[[[5.776349,50.0001485],[5.7771295,50.0025156],[5.7771307,50.002574],[5.7786793,50.0023683],[5.7784281,50.0005956],[5.7783955,50.0003657],[5.776349,50.0001485]]]}},{"type":"Feature","properties":{"t":"prado"},"geometry":{"type":"Polygon","coordinates":[[[5.7771307,50.002574],[5.777692,50.0045094],[5.7780568,50.0044987],[5.7781256,50.0046516],[5.7788111,50.0045255],[5.7788997,50.0041671],[5.7788702,50.0039263],[5.7786793,50.0023683],[5.7771307,50.002574]]]}},{"type":"Feature","properties":{"t":"prado"},"geometry":{"type":"Polygon","coordinates":[[[5.7788111,50.0045255],[5.7781256,50.0046516],[5.7782878,50.005012],[5.7788363,50.0049687],[5.7788111,50.0045255]]]}},{"type":"Feature","properties":{"t":"lavoura"},"geometry":{"type":"Polygon","coordinates":[[[5.7771295,50.0025156],[5.776349,50.0001485],[5.7758474,49.9986812],[5.7753673,49.9989985],[5.7742971,49.9997037],[5.7736051,50.0000778],[5.7750535,50.0000812],[5.7751876,50.0001536],[5.7753244,50.0002795],[5.7756838,50.001126],[5.7762524,50.0026518],[5.7771295,50.0025156]]]}},{"type":"Feature","properties":{"t":"lavoura"},"geometry":{"type":"Polygon","coordinates":[[[5.7756838,50.001126],[5.7753244,50.0002795],[5.7751876,50.0001536],[5.7750535,50.0000812],[5.7736051,50.0000778],[5.7731384,50.0003743],[5.7736775,50.0015156],[5.7756838,50.001126]]]}},{"type":"Feature","properties":{"t":"lavoura"},"geometry":{"type":"Polygon","coordinates":[[[5.7762524,50.0026518],[5.7756838,50.001126],[5.7736775,50.0015156],[5.7731384,50.0003743],[5.7726449,50.0007295],[5.771631,50.0015174],[5.7708827,50.0021277],[5.7698846,50.0032099],[5.7702121,50.0035236],[5.7745144,50.0028983],[5.7762524,50.0026518]]]}},{"type":"Feature","properties":{"t":"prado"},"geometry":{"type":"Polygon","coordinates":[[[5.744184,49.9990364],[5.7438487,49.9990175],[5.7436582,50.000033],[5.7435255,50.0007787],[5.7440901,50.0009984],[5.7445702,50.0011881],[5.744994,50.0012932],[5.74523,50.0013739],[5.7453186,50.0012208],[5.7455841,50.0012484],[5.7456297,50.001107],[5.7456833,50.0009277],[5.7457262,50.0006864],[5.7458281,50.0003347],[5.7461017,49.9991778],[5.744184,49.9990364]]]}},{"type":"Feature","properties":{"t":"prado"},"geometry":{"type":"Polygon","coordinates":[[[5.7457262,50.0006864],[5.7456833,50.0009277],[5.7459167,50.0009519],[5.7460185,50.0007744],[5.7457262,50.0006864]]]}},{"type":"Feature","properties":{"t":"prado"},"geometry":{"type":"Polygon","coordinates":[[[5.7465309,50.0011036],[5.7466784,50.0010174],[5.7462358,50.0008398],[5.7460875,50.0013421],[5.7464215,50.0013313],[5.7465309,50.0011036]]]}},{"type":"Feature","properties":{"t":"prado"},"geometry":{"type":"Polygon","coordinates":[[[5.7469895,50.0006795],[5.7458281,50.0003347],[5.7457262,50.0006864],[5.7460185,50.0007744],[5.7462358,50.0008398],[5.7466784,50.0010174],[5.7469895,50.0006795]]]}},{"type":"Feature","properties":{"t":"prado"},"geometry":{"type":"Polygon","coordinates":[[[5.7461017,49.9991778],[5.7458281,50.0003347],[5.7469895,50.0006795],[5.7471934,50.0004916],[5.7472658,50.0003743],[5.7478049,49.9992468],[5.7478774,49.9990123],[5.748237,49.9982977],[5.7461876,49.9987881],[5.7461017,49.9991778]]]}},{"type":"Feature","properties":{"t":"prado"},"geometry":{"type":"Polygon","coordinates":[[[5.748237,49.9982977],[5.7478774,49.9990123],[5.7478049,49.9992468],[5.7472658,50.0003743],[5.7471934,50.0004916],[5.7469895,50.0006795],[5.7466784,50.0010174],[5.7471129,50.0012777],[5.7472229,50.0011846],[5.7474938,50.0006105],[5.7479283,49.9998468],[5.7482582,49.9992606],[5.7483628,49.999283],[5.7489985,49.9989157],[5.7502699,49.9981381],[5.7515734,49.9974571],[5.7511926,49.9969674],[5.7489395,49.9981295],[5.748237,49.9982977]]]}},{"type":"Feature","properties":{"t":"lavoura"},"geometry":{"type":"Polygon","coordinates":[[[5.7445486,49.9971884],[5.744184,49.9990364],[5.7461017,49.9991778],[5.7461876,49.9987881],[5.748237,49.9982977],[5.7489395,49.9981295],[5.7511926,49.9969674],[5.7510477,49.9967916],[5.7463324,49.9979692],[5.7465202,49.9966985],[5.7445486,49.9971884]]]}},{"type":"Feature","properties":{"t":"lavoura"},"geometry":{"type":"Polygon","coordinates":[[[5.7500231,49.995826],[5.7465202,49.9966985],[5.7463324,49.9979692],[5.7510477,49.9967916],[5.7508385,49.9965881],[5.7503718,49.9961777],[5.7501411,49.9959846],[5.7500231,49.995826]]]}},{"type":"Feature","properties":{"t":"lavoura"},"geometry":{"type":"Polygon","coordinates":[[[5.7491594,49.9947087],[5.7437923,49.9955156],[5.7442027,49.9972743],[5.7445486,49.9971884],[5.7465202,49.9966985],[5.7500231,49.995826],[5.7491594,49.9947087]]]}},{"type":"Feature","properties":{"t":"prado"},"geometry":{"type":"Polygon","coordinates":[[[5.7435375,49.9946138],[5.7436803,49.9951193],[5.7437923,49.9955156],[5.7491594,49.9947087],[5.7487464,49.9941431],[5.7435375,49.9946138]]]}},{"type":"Feature","properties":{"t":"prado"},"geometry":{"type":"Polygon","coordinates":[[[5.7495108,49.9949915],[5.7502216,49.9959294],[5.7506829,49.9963122],[5.751037,49.9966226],[5.7513589,49.9970502],[5.7516217,49.9973847],[5.7517183,49.997395],[5.7528394,49.9967709],[5.7530165,49.9967243],[5.7528019,49.9965778],[5.7529977,49.9964191],[5.7530513,49.9961777],[5.7530487,49.9958363],[5.7521608,49.9951259],[5.7511336,49.9945052],[5.7495108,49.9949915]]]}},{"type":"Feature","properties":{"t":"prado"},"geometry":{"type":"Polygon","coordinates":[[[5.7501244,49.9937823],[5.7488322,49.9941052],[5.7495108,49.9949915],[5.7511336,49.9945052],[5.7504791,49.9940759],[5.7501244,49.9937823]]]}},{"type":"Feature","properties":{"t":"prado"},"geometry":{"type":"Polygon","coordinates":[[[5.7501244,49.9937823],[5.7504791,49.9940759],[5.7511336,49.9945052],[5.7521608,49.9951259],[5.7530487,49.9958363],[5.753054,49.9952553],[5.7535583,49.9952742],[5.7532203,49.9946087],[5.7532304,49.9945018],[5.7532952,49.9938131],[5.7527858,49.9939086],[5.7525873,49.9932189],[5.7512891,49.9934913],[5.7501244,49.9937823]]]}},{"type":"Feature","properties":{"t":"prado"},"geometry":{"type":"Polygon","coordinates":[[[5.7535583,49.9952742],[5.753054,49.9952553],[5.7530487,49.9958363],[5.7530513,49.9961777],[5.7529977,49.9964191],[5.7528019,49.9965778],[5.7530165,49.9967243],[5.7531184,49.996695],[5.7533893,49.9966726],[5.7542288,49.996676],[5.7546714,49.9966674],[5.755181,49.9966347],[5.7554814,49.9965915],[5.7555082,49.9965071],[5.7553178,49.9959019],[5.7552829,49.9956518],[5.7553017,49.9952811],[5.7535583,49.9952742]]]}},{"type":"Feature","properties":{"t":"prado"},"geometry":{"type":"Polygon","coordinates":[[[5.7532952,49.9938131],[5.7532304,49.9945018],[5.7532203,49.9946087],[5.7535583,49.9952742],[5.7553017,49.9952811],[5.7552695,49.993443],[5.7532952,49.9938131]]]}},{"type":"Feature","properties":{"t":"prado"},"geometry":{"type":"Polygon","coordinates":[[[5.7585928,49.9945966],[5.7585043,49.993362],[5.75535,49.9939638],[5.7553419,49.995207],[5.757823,49.9947311],[5.7585928,49.9945966]]]}},{"type":"Feature","properties":{"t":"prado"},"geometry":{"type":"Polygon","coordinates":[[[5.7553232,49.9934292],[5.75535,49.9939638],[5.7585043,49.993362],[5.7592695,49.9932171],[5.7592285,49.9926998],[5.7553232,49.9934292]]]}},{"type":"Feature","properties":{"t":"prado"},"geometry":{"type":"Polygon","coordinates":[[[5.7553232,49.9934292],[5.7592285,49.9926998],[5.7591244,49.991768],[5.7581341,49.9919808],[5.7552642,49.9924791],[5.7553232,49.9934292]]]}},{"type":"Feature","properties":{"t":"prado"},"geometry":{"type":"Polygon","coordinates":[[[5.7552052,49.9927136],[5.7525873,49.9932189],[5.7527858,49.9939086],[5.7532952,49.9938131],[5.7552695,49.993443],[5.7552052,49.9927136]]]}},{"type":"Feature","properties":{"t":"lavoura"},"geometry":{"type":"Polygon","coordinates":[[[5.7481992,49.9932189],[5.7434893,49.9933568],[5.7443127,49.9920446],[5.7445514,49.9916359],[5.7445997,49.9914859],[5.7443449,49.9915376],[5.7438353,49.9922015],[5.7430762,49.9931844],[5.7433176,49.9933672],[5.7433042,49.9934719],[5.7432747,49.9937017],[5.7432952,49.9938039],[5.7433981,49.9943155],[5.7435375,49.9946138],[5.7487464,49.9941431],[5.7483816,49.9936362],[5.7481992,49.9932189]]]}},{"type":"Feature","properties":{"t":"prado"},"geometry":{"type":"Polygon","coordinates":[[[5.7443127,49.9920446],[5.7434893,49.9933568],[5.7481992,49.9932189],[5.7476976,49.9914531],[5.7461339,49.9917359],[5.7443127,49.9920446]]]}},{"type":"Feature","properties":{"t":"prado"},"geometry":{"type":"Polygon","coordinates":[[[5.7488322,49.9941052],[5.7501244,49.9937823],[5.7512891,49.9934913],[5.7525873,49.9932189],[5.7552052,49.9927136],[5.7551837,49.9924895],[5.7551381,49.9924533],[5.7544612,49.991935],[5.7523406,49.992317],[5.7505757,49.9926326],[5.7491755,49.9928706],[5.7482582,49.9929947],[5.7484245,49.9934568],[5.7488322,49.9941052]]]}},{"type":"Feature","properties":{"t":"prado"},"geometry":{"type":"Polygon","coordinates":[[[5.7482582,49.9929947],[5.7491755,49.9928706],[5.7491326,49.9927533],[5.7485954,49.9912907],[5.7482314,49.9913497],[5.7480437,49.9908754],[5.7477137,49.990941],[5.7477357,49.9910043],[5.7478197,49.9912471],[5.7477486,49.9913307],[5.7482582,49.9929947]]]}},{"type":"Feature","properties":{"t":"prado"},"geometry":{"type":"Polygon","coordinates":[[[5.7485954,49.9912907],[5.7491326,49.9927533],[5.7503289,49.9925809],[5.7498246,49.9913979],[5.7496905,49.9911134],[5.7485954,49.9912907]]]}},{"type":"Feature","properties":{"t":"prado"},"geometry":{"type":"Polygon","coordinates":[[[5.7508459,49.9909101],[5.7498676,49.9910858],[5.750007,49.9913652],[5.7505757,49.9926326],[5.7523406,49.992317],[5.7544612,49.991935],[5.7545614,49.991917],[5.7533947,49.9904426],[5.7516807,49.9907565],[5.7515986,49.9907719],[5.7517183,49.9910324],[5.7509807,49.9911738],[5.7508459,49.9909101]]]}},{"type":"Feature","properties":{"t":"prado"},"geometry":{"type":"Polygon","coordinates":[[[5.7544612,49.991935],[5.7551381,49.9924533],[5.7552041,49.9924224],[5.7551783,49.9923981],[5.7551569,49.9920894],[5.7553205,49.9919359],[5.7552293,49.9918377],[5.7551864,49.9918066],[5.7545614,49.991917],[5.7544612,49.991935]]]}},{"type":"Feature","properties":{"t":"prado"},"geometry":{"type":"Polygon","coordinates":[[[5.7545024,49.9902202],[5.7557067,49.9915428],[5.7566965,49.990753],[5.7553902,49.9894459],[5.7548189,49.989677],[5.7542235,49.9897994],[5.7545024,49.9902202]]]}},{"type":"Feature","properties":{"t":"prado"},"geometry":{"type":"Polygon","coordinates":[[[5.7580439,49.9897477],[5.7563478,49.9886181],[5.7560259,49.9889906],[5.7558274,49.9891855],[5.7553902,49.9894459],[5.7566965,49.990753],[5.7573509,49.990315],[5.7580439,49.9897477]]]}},{"type":"Feature","properties":{"t":"prado"},"geometry":{"type":"Polygon","coordinates":[[[5.7563478,49.9886181],[5.7580439,49.9897477],[5.7582441,49.9895838],[5.7583541,49.9893769],[5.7588342,49.9890837],[5.759435,49.9885267],[5.7595207,49.9885794],[5.7599111,49.9882301],[5.7600841,49.9880102],[5.7601024,49.9879514],[5.7600412,49.9879576],[5.7576829,49.9869879],[5.7563478,49.9886181]]]}},{"type":"Feature","properties":{"t":"prado"},"geometry":{"type":"Polygon","coordinates":[[[5.7622728,49.9837962],[5.7626939,49.9832408],[5.7623613,49.9830856],[5.7622191,49.9829114],[5.7619214,49.9820801],[5.7610738,49.9831546],[5.7609236,49.9831098],[5.7607922,49.9832771],[5.7622728,49.9837962]]]}},{"type":"Feature","properties":{"t":"prado"},"geometry":{"type":"Polygon","coordinates":[[[5.7622728,49.9837962],[5.7607922,49.9832771],[5.7597274,49.9845447],[5.7602879,49.9846775],[5.7602987,49.9846585],[5.7613371,49.9849025],[5.7618383,49.9844033],[5.7617202,49.9842981],[5.7622728,49.9837962]]]}},{"type":"Feature","properties":{"t":"prado"},"geometry":{"type":"Polygon","coordinates":[[[5.7613371,49.9849025],[5.7602987,49.9846585],[5.7602879,49.9846775],[5.7597274,49.9845447],[5.757831,49.9868056],[5.7586116,49.9871971],[5.7593706,49.9868143],[5.7597059,49.986121],[5.7604811,49.9862676],[5.7606903,49.9857312],[5.7611006,49.985138],[5.7613371,49.9849025]]]}},{"type":"Feature","properties":{"t":"lavoura"},"geometry":{"type":"Polygon","coordinates":[[[5.738641,49.9958268],[5.7395223,49.9956191],[5.7395303,49.9953535],[5.7383904,49.9949932],[5.7367637,49.9944864],[5.7351529,49.9939845],[5.7344864,49.9947277],[5.738641,49.9958268]]]}},{"type":"Feature","properties":{"t":"prado"},"geometry":{"type":"Polygon","coordinates":[[[5.7384153,49.9939864],[5.7383904,49.9949932],[5.7395303,49.9953535],[5.7397798,49.9952622],[5.740083,49.995252],[5.73982,49.9944776],[5.7397047,49.993881],[5.7396403,49.9938862],[5.7388784,49.9940941],[5.7384153,49.9939864]]]}},{"type":"Feature","properties":{"t":"prado"},"geometry":{"type":"Polygon","coordinates":[[[5.7391683,49.9936534],[5.7387793,49.9933241],[5.7384159,49.9932755],[5.73825,49.9930004],[5.7382295,49.9929878],[5.7381141,49.9930068],[5.7380578,49.9929119],[5.7379693,49.9929292],[5.7372385,49.9930611],[5.7372269,49.993014],[5.7364988,49.9931214],[5.736478,49.9930301],[5.7364055,49.9930413],[5.736317,49.9929275],[5.7359388,49.9930016],[5.7359227,49.9930878],[5.7384153,49.9939864],[5.7388784,49.9940941],[5.7393345,49.9938086],[5.7391683,49.9936534]]]}},{"type":"Feature","properties":{"t":"prado"},"geometry":{"type":"Polygon","coordinates":[[[5.7396424,49.9932062],[5.7397047,49.993881],[5.7397729,49.9938771],[5.7397127,49.9932034],[5.7396424,49.9932062]]]}},{"type":"Feature","properties":{"t":"prado"},"geometry":{"type":"Polygon","coordinates":[[[5.7402036,49.9927895],[5.7396108,49.9928602],[5.7397127,49.9932034],[5.7404745,49.9932896],[5.7413328,49.9933223],[5.7421616,49.9919032],[5.741424,49.9920429],[5.7414669,49.9921343],[5.7400936,49.9923791],[5.7402036,49.9927895]]]}},{"type":"Feature","properties":{"t":"lavoura"},"geometry":{"type":"Polygon","coordinates":[[[5.7421616,49.9919032],[5.7413328,49.9933223],[5.7433176,49.9933672],[5.7430762,49.9931844],[5.7438353,49.9922015],[5.7431915,49.9922308],[5.7431379,49.9917497],[5.7426149,49.9918256],[5.7426363,49.9919946],[5.742293,49.9920308],[5.7422608,49.9918928],[5.7421616,49.9919032]]]}},{"type":"Feature","properties":{"t":"prado"},"geometry":{"type":"Polygon","coordinates":[[[5.7433176,49.9933672],[5.7413328,49.9933223],[5.7404745,49.9932896],[5.7397127,49.9932034],[5.7397729,49.9938771],[5.7431276,49.9936828],[5.7431245,49.9934913],[5.7433042,49.9934719],[5.7433176,49.9933672]]]}},{"type":"Feature","properties":{"t":"prado"},"geometry":{"type":"Polygon","coordinates":[[[5.7431276,49.9936828],[5.7397729,49.9938771],[5.7397047,49.993881],[5.73982,49.9944776],[5.7433981,49.9943155],[5.7432952,49.9938039],[5.7431298,49.9938189],[5.7431276,49.9936828]]]}},{"type":"Feature","properties":{"t":"prado"},"geometry":{"type":"Polygon","coordinates":[[[5.735912,49.9981364],[5.7357216,49.9985297],[5.7357146,49.9985437],[5.7354212,49.9991297],[5.7347292,50.0000469],[5.736353,50.0005504],[5.7379585,49.9981295],[5.7379478,49.9978571],[5.735912,49.9981364]]]}},{"type":"Feature","properties":{"t":"prado"},"geometry":{"type":"Polygon","coordinates":[[[5.7393743,50.0011832],[5.7393828,50.0011622],[5.7403068,50.0013784],[5.7404682,50.0010866],[5.7407534,50.0005709],[5.7414412,50.0005292],[5.742175,50.0004847],[5.7422152,50.0004329],[5.7430672,50.0007135],[5.7432988,50.0007898],[5.7433493,50.0007508],[5.7403377,49.9997536],[5.7390824,50.0007036],[5.7384534,50.0005821],[5.7378958,50.0010001],[5.7379371,50.0010053],[5.738731,50.0010639],[5.7393743,50.0011832]]]}},{"type":"Feature","properties":{"t":"prado"},"geometry":{"type":"Polygon","coordinates":[[[5.7378958,50.0010001],[5.7384534,50.0005821],[5.739297,49.9999295],[5.7393989,49.9997485],[5.7398468,49.998914],[5.7400587,49.998195],[5.7402331,49.9975468],[5.7389751,49.9977071],[5.7379478,49.9978571],[5.7379585,49.9981295],[5.736353,50.0005504],[5.7365638,50.0006158],[5.7378298,50.0009917],[5.7378958,50.0010001]]]}},{"type":"Feature","properties":{"t":"prado"},"geometry":{"type":"Polygon","coordinates":[[[5.7433981,49.9943155],[5.73982,49.9944776],[5.740083,49.995252],[5.7402828,49.9952453],[5.740276,49.9952122],[5.7415205,49.9951846],[5.7415244,49.9952076],[5.7419792,49.9951863],[5.7436803,49.9951193],[5.7435375,49.9946138],[5.7433981,49.9943155]]]}},{"type":"Feature","properties":{"t":"prado"},"geometry":{"type":"Polygon","coordinates":[[[5.7402828,49.9952453],[5.740083,49.995252],[5.7397798,49.9952622],[5.7395303,49.9953535],[5.7395223,49.9956191],[5.740217,49.9964674],[5.740286,49.9966598],[5.7403618,49.9968709],[5.7402411,49.9974709],[5.7404262,49.9974088],[5.7408017,49.9972812],[5.7424834,49.9972916],[5.7419792,49.9951863],[5.7415244,49.9952076],[5.7415286,49.9952328],[5.7402894,49.9952777],[5.7402828,49.9952453]]]}},{"type":"Feature","properties":{"t":"prado"},"geometry":{"type":"Polygon","coordinates":[[[5.7402331,49.9975468],[5.7400587,49.998195],[5.7398468,49.998914],[5.7393989,49.9997485],[5.739297,49.9999295],[5.7384534,50.0005821],[5.7390824,50.0007036],[5.7403377,49.9997536],[5.7433493,50.0007508],[5.7434586,50.0007936],[5.7435255,50.0007787],[5.7436582,50.000033],[5.7438487,49.9990175],[5.7440311,49.9981537],[5.7403994,49.9978261],[5.7404557,49.9975399],[5.7402331,49.9975468]]]}},{"type":"Feature","properties":{"t":"prado"},"geometry":{"type":"Polygon","coordinates":[[[5.7442027,49.9972743],[5.7424834,49.9972916],[5.7408017,49.9972812],[5.7404262,49.9974088],[5.7402411,49.9974709],[5.7402331,49.9975468],[5.7404557,49.9975399],[5.7403994,49.9978261],[5.7440311,49.9981537],[5.7438487,49.9990175],[5.744184,49.9990364],[5.7445486,49.9971884],[5.7442027,49.9972743]]]}},{"type":"Feature","properties":{"t":"prado"},"geometry":{"type":"Polygon","coordinates":[[[5.7437923,49.9955156],[5.7436803,49.9951193],[5.7419792,49.9951863],[5.7424834,49.9972916],[5.7442027,49.9972743],[5.7437923,49.9955156]]]}},{"type":"Feature","properties":{"t":"prado"},"geometry":{"type":"Polygon","coordinates":[[[5.7440713,50.0020303],[5.7447258,50.0017708],[5.7432291,50.0014381],[5.7432036,50.0014769],[5.7438299,50.0019768],[5.7440713,50.0020303]]]}},{"type":"Feature","properties":{"t":"prado"},"geometry":{"type":"Polygon","coordinates":[[[5.7416667,50.001251],[5.7421549,50.0013096],[5.7419685,50.0016156],[5.7421401,50.0016434],[5.7424529,50.0017012],[5.7426135,50.0013984],[5.7426068,50.0012726],[5.7419108,50.0011208],[5.7420516,50.0008812],[5.7419256,50.0008615],[5.7416667,50.001251]]]}},{"type":"Feature","properties":{"t":"prado"},"geometry":{"type":"Polygon","coordinates":[[[5.7419256,50.0008615],[5.7420516,50.0008812],[5.7427651,50.0010502],[5.7428125,50.0010287],[5.742977,50.0010562],[5.7430883,50.0008812],[5.742985,50.0008545],[5.7430672,50.0007135],[5.7422152,50.0004329],[5.742175,50.0004847],[5.7419256,50.0008615]]]}},{"type":"Feature","properties":{"t":"prado"},"geometry":{"type":"Polygon","coordinates":[[[5.7414412,50.0005292],[5.7411785,50.0011889],[5.7416667,50.001251],[5.7419256,50.0008615],[5.742175,50.0004847],[5.7414412,50.0005292]]]}},{"type":"Feature","properties":{"t":"prado"},"geometry":{"type":"Polygon","coordinates":[[[5.7404682,50.0010866],[5.7411785,50.0011889],[5.7414412,50.0005292],[5.7407534,50.0005709],[5.7404682,50.0010866]]]}},{"type":"Feature","properties":{"t":"prado"},"geometry":{"type":"Polygon","coordinates":[[[5.7377332,50.001595],[5.7391816,50.0018674],[5.7391958,50.0018151],[5.7393533,50.0012346],[5.7393743,50.0011832],[5.738731,50.0010639],[5.7379371,50.0010053],[5.7378995,50.0013846],[5.7377359,50.0014208],[5.7378244,50.0015432],[5.7377332,50.001595]]]}},{"type":"Feature","properties":{"t":"prado"},"geometry":{"type":"Polygon","coordinates":[[[5.7327792,49.9987019],[5.7325968,49.9992709],[5.7323071,49.9998347],[5.7318163,50.000764],[5.7331635,50.0011401],[5.7344556,49.9995986],[5.7345843,49.9995124],[5.7354024,49.9982331],[5.7344717,49.9985502],[5.734005,49.9986088],[5.7327792,49.9987019]]]}},{"type":"Feature","properties":{"t":"prado"},"geometry":{"type":"Polygon","coordinates":[[[5.740286,49.9966598],[5.740217,49.9964674],[5.7395223,49.9956191],[5.738641,49.9958268],[5.736376,49.9963605],[5.7359791,49.9968743],[5.740286,49.9966598]]]}},{"type":"Feature","properties":{"t":"prado"},"geometry":{"type":"Polygon","coordinates":[[[5.740286,49.9966598],[5.7359791,49.9968743],[5.7349652,49.9983019],[5.7354212,49.9981916],[5.7367569,49.9979606],[5.7396296,49.9975623],[5.7402411,49.9974709],[5.7403618,49.9968709],[5.740286,49.9966598]]]}},{"type":"Feature","properties":{"t":"prado"},"geometry":{"type":"Polygon","coordinates":[[[5.7553178,50.0005864],[5.7575145,50.000264],[5.7583487,50.0001226],[5.7583165,49.9998502],[5.7582196,49.9995533],[5.7581878,49.9995588],[5.7580563,49.9991571],[5.754784,49.9998226],[5.7551354,50.0004209],[5.7553178,50.0005864]]]}},{"type":"Feature","properties":{"t":"prado"},"geometry":{"type":"Polygon","coordinates":[[[5.7498515,50.0015863],[5.7508922,50.0011433],[5.7516029,50.0008984],[5.7522199,50.0007329],[5.7528046,50.0006157],[5.753231,50.0005554],[5.7545292,50.0004088],[5.7549047,50.0003623],[5.7549906,50.0003157],[5.7546285,49.9997226],[5.7544461,49.9994726],[5.7543066,49.9993209],[5.7509378,49.9996795],[5.7498515,50.0015863]]]}},{"type":"Feature","properties":{"t":"prado"},"geometry":{"type":"Polygon","coordinates":[[[5.7490562,50.0013062],[5.7490669,50.001788],[5.7493499,50.0017553],[5.7495296,50.0017139],[5.7498515,50.0015863],[5.7509378,49.9996795],[5.7499949,49.999449],[5.749775,49.9998071],[5.7488882,50.0012633],[5.7490562,50.0013062]]]}},{"type":"Feature","properties":{"t":"prado"},"geometry":{"type":"Polygon","coordinates":[[[5.7490669,50.001788],[5.7490562,50.0013062],[5.7488882,50.0012633],[5.7488027,50.0014036],[5.7481657,50.0016131],[5.7481556,50.0016587],[5.7485466,50.0017518],[5.7488295,50.001788],[5.7490669,50.001788]]]}},{"type":"Feature","properties":{"t":"prado"},"geometry":{"type":"Polygon","coordinates":[[[5.7481657,50.0016131],[5.7488027,50.0014036],[5.7488882,50.0012633],[5.749775,49.9998071],[5.7497066,49.9997881],[5.748627,50.0007355],[5.748159,50.0011519],[5.7481684,50.0014161],[5.7481657,50.0016131]]]}},{"type":"Feature","properties":{"t":"prado"},"geometry":{"type":"Polygon","coordinates":[[[5.747927,50.0010441],[5.7479511,50.0010726],[5.7478689,50.0011128],[5.7480665,50.0014294],[5.7480906,50.001582],[5.7480504,50.0016363],[5.7481556,50.0016587],[5.7481657,50.0016131],[5.7481684,50.0014161],[5.748159,50.0011519],[5.748627,50.0007355],[5.7497066,49.9997881],[5.749775,49.9998071],[5.7499949,49.999449],[5.7491782,49.9992399],[5.748796,49.9999071],[5.7484299,50.0005416],[5.7481818,50.0008803],[5.747927,50.0010441]]]}},{"type":"Feature","properties":{"t":"prado"},"geometry":{"type":"Polygon","coordinates":[[[5.7481818,50.0008803],[5.7484299,50.0005416],[5.748796,49.9999071],[5.7491782,49.9992399],[5.7488242,49.9990812],[5.7484513,49.9993209],[5.7482904,49.9994347],[5.7481295,49.9996347],[5.7477352,50.0003209],[5.7473932,50.0009407],[5.7474442,50.0009502],[5.747302,50.0012484],[5.7473382,50.0012717],[5.7474402,50.0012476],[5.747927,50.0010441],[5.7481818,50.0008803]]]}},{"type":"Feature","properties":{"t":"prado"},"geometry":{"type":"Polygon","coordinates":[[[5.7480665,50.0014294],[5.7478689,50.0011128],[5.7477607,50.0011657],[5.7476467,50.0012622],[5.7473677,50.0013407],[5.7471679,50.0013553],[5.747015,50.0014562],[5.7472886,50.001532],[5.7477942,50.0015501],[5.7480665,50.0014294]]]}},{"type":"Feature","properties":{"t":"prado"},"geometry":{"type":"Polygon","coordinates":[[[5.7488242,49.9990812],[5.7491782,49.9992399],[5.7499949,49.999449],[5.7509378,49.9996795],[5.7543066,49.9993209],[5.7538828,49.9990175],[5.7525846,49.9981847],[5.7516485,49.9975105],[5.7515949,49.9975192],[5.750345,49.9981761],[5.7488242,49.9990812]]]}},{"type":"Feature","properties":{"t":"prado"},"geometry":{"type":"Polygon","coordinates":[[[5.7544219,49.9993399],[5.7546151,49.9992916],[5.7545829,49.999233],[5.7564175,49.9986761],[5.7564738,49.998695],[5.7568507,49.9985387],[5.7559681,49.9983269],[5.7539579,49.9989812],[5.7542047,49.9991364],[5.7544219,49.9993399]]]}},{"type":"Feature","properties":{"t":"prado"},"geometry":{"type":"Polygon","coordinates":[[[5.7539579,49.9989812],[5.7559681,49.9983269],[5.7558998,49.9983106],[5.7549443,49.9980831],[5.7549262,49.998133],[5.7546473,49.998083],[5.7541081,49.9975726],[5.7541564,49.9975442],[5.7534161,49.9968898],[5.7531854,49.9967493],[5.7530272,49.9967864],[5.752826,49.9968795],[5.7517505,49.9974381],[5.7517451,49.9975071],[5.7526651,49.9981468],[5.7527241,49.9981261],[5.7539418,49.9989192],[5.7539579,49.9989812]]]}},{"type":"Feature","properties":{"t":"prado"},"geometry":{"type":"Polygon","coordinates":[[[5.7557148,49.9966122],[5.7548672,49.9967105],[5.7534993,49.9967243],[5.7531854,49.9967493],[5.7534161,49.9968898],[5.7541564,49.9975442],[5.7546902,49.9980226],[5.7549443,49.9980831],[5.7558998,49.9983106],[5.7557148,49.9966122]]]}},{"type":"Feature","properties":{"t":"prado"},"geometry":{"type":"Polygon","coordinates":[[[5.7558998,49.9983106],[5.7559681,49.9983269],[5.7568507,49.9985387],[5.7571793,49.9986175],[5.7572624,49.9985864],[5.7572812,49.9981968],[5.7579973,49.9961105],[5.7562995,49.996514],[5.7557148,49.9966122],[5.7558998,49.9983106]]]}},{"type":"Feature","properties":{"t":"prado"},"geometry":{"type":"Polygon","coordinates":[[[5.7604194,49.9958932],[5.7597274,49.9958519],[5.7592499,49.9958829],[5.7588288,49.9959329],[5.7579973,49.9961105],[5.7572812,49.9981968],[5.7572624,49.9985864],[5.7582226,49.9988726],[5.7588316,49.9976022],[5.7589818,49.9973194],[5.7593465,49.9969091],[5.7600747,49.9961915],[5.7601015,49.9962001],[5.7604194,49.9958932]]]}},{"type":"Feature","properties":{"t":"prado"},"geometry":{"type":"Polygon","coordinates":[[[5.7575145,50.000264],[5.7553178,50.0005864],[5.7557979,50.0011415],[5.7570666,50.0011208],[5.7570854,50.0009708],[5.7574984,50.000926],[5.7584023,50.0007674],[5.7583648,50.0003054],[5.7583487,50.0001226],[5.7575145,50.000264]]]}},{"type":"Feature","properties":{"t":"prado"},"geometry":{"type":"Polygon","coordinates":[[[5.7584023,50.0007674],[5.7574984,50.000926],[5.7575762,50.0024673],[5.7578634,50.0025597],[5.7586384,50.0016467],[5.7583514,50.001645],[5.7584023,50.0007674]]]}},{"type":"Feature","properties":{"t":"prado"},"geometry":{"type":"Polygon","coordinates":[[[5.7593679,50.0018975],[5.7592942,50.0021941],[5.7595235,50.0022768],[5.759431,50.0023578],[5.7594833,50.0023802],[5.7594953,50.002419],[5.7600144,50.0025587],[5.7623425,50.002669],[5.7623532,50.0024156],[5.7624713,50.0021173],[5.7625517,50.0019105],[5.7625705,50.0017122],[5.7625598,50.0015725],[5.7613903,50.0015932],[5.7596307,50.0016152],[5.7593679,50.0018975]]]}},{"type":"Feature","properties":{"t":"prado"},"geometry":{"type":"Polygon","coordinates":[[[5.7623425,50.002669],[5.7600144,50.0025587],[5.7594953,50.002419],[5.7594833,50.0023802],[5.7592298,50.0025725],[5.7593089,50.002619],[5.7591373,50.0027233],[5.7590876,50.0028302],[5.7597287,50.002775],[5.7600479,50.0027638],[5.7612576,50.0028095],[5.7619978,50.0028466],[5.7623868,50.0028431],[5.7623425,50.002669]]]}},{"type":"Feature","properties":{"t":"prado"},"geometry":{"type":"Polygon","coordinates":[[[5.7614499,49.9995846],[5.7614086,49.999697],[5.7597381,49.9993864],[5.7581583,49.9991651],[5.7582575,49.9995468],[5.7582196,49.9995533],[5.7583165,49.9998502],[5.7583487,50.0001226],[5.7583648,50.0003054],[5.7584694,50.0003588],[5.7584614,50.0007571],[5.7584023,50.0007674],[5.7583514,50.001645],[5.7586384,50.0016467],[5.7587564,50.0015053],[5.7591775,50.0016208],[5.7596307,50.0016152],[5.7613903,50.0015932],[5.7625598,50.0015725],[5.7624847,50.0014036],[5.762246,50.0010088],[5.7620636,50.0007347],[5.7619268,50.000345],[5.7619053,50.000033],[5.7619536,49.9998174],[5.7620609,49.9997054],[5.7623157,49.9995424],[5.7614499,49.9995846]]]}},{"type":"Feature","properties":{"t":"prado"},"geometry":{"type":"Polygon","coordinates":[[[5.7614499,49.9995846],[5.7623157,49.9995424],[5.7626161,49.9993778],[5.7628173,49.9992778],[5.7629514,49.9991933],[5.7630667,49.9989864],[5.7631091,49.9988333],[5.7616232,49.9991125],[5.7614499,49.9995846]]]}},{"type":"Feature","properties":{"t":"prado"},"geometry":{"type":"Polygon","coordinates":[[[5.7626724,50.0030948],[5.7637406,50.0029708],[5.7637238,50.0029449],[5.7644534,50.0028673],[5.7660345,50.002791],[5.766166,50.0018999],[5.7625276,50.0021208],[5.7624122,50.0024242],[5.7623881,50.0026156],[5.7624793,50.0028776],[5.7626107,50.0030828],[5.7626724,50.0030948]]]}},{"type":"Feature","properties":{"t":"prado"},"geometry":{"type":"Polygon","coordinates":[[[5.7622299,49.9996416],[5.7620475,49.9997899],[5.7619804,49.999895],[5.7626241,49.9998485],[5.7625034,50.0001519],[5.762608,50.000245],[5.7628092,50.000276],[5.7629916,50.0002329],[5.7629836,50.0003105],[5.7627824,50.0004174],[5.7620153,50.0002898],[5.7620448,50.0005019],[5.762246,50.0009191],[5.7625598,50.0014036],[5.7626322,50.0016829],[5.7626,50.0019329],[5.7625276,50.0021208],[5.766166,50.0018999],[5.7661255,50.0018471],[5.7665008,50.0017543],[5.7667606,50.0012842],[5.7664623,50.0007708],[5.7669968,50.0004733],[5.7666662,50.0001364],[5.7654271,49.9995485],[5.7647753,49.9992899],[5.7630399,49.9991519],[5.7628655,49.9993019],[5.7626563,49.9994037],[5.7624069,49.9995243],[5.7626188,49.999533],[5.7626751,49.9996881],[5.7623076,49.9997037],[5.7622299,49.9996416]]]}},{"type":"Feature","properties":{"t":"prado"},"geometry":{"type":"Polygon","coordinates":[[[5.7630399,49.9991519],[5.7647753,49.9992899],[5.7654271,49.9995485],[5.7666662,50.0001364],[5.7669968,50.0004733],[5.7674482,50.0002221],[5.7669916,49.9996142],[5.7681944,49.9986802],[5.767599,49.9980281],[5.7667333,49.9978743],[5.7656389,49.9985071],[5.7649952,49.9986002],[5.7645231,49.9986226],[5.7631981,49.9988037],[5.7630855,49.9990899],[5.7630399,49.9991519]]]}},{"type":"Feature","properties":{"t":"prado"},"geometry":{"type":"Polygon","coordinates":[[[5.7495912,50.0024223],[5.7497415,50.00355],[5.7511631,50.0039448],[5.7518859,50.0040128],[5.7519087,50.0035827],[5.751434,50.0023932],[5.7510692,50.002438],[5.7500634,50.002419],[5.7495912,50.0024223]]]}},{"type":"Feature","properties":{"t":"prado"},"geometry":{"type":"Polygon","coordinates":[[[5.7485667,50.0018036],[5.7484969,50.0020604],[5.7488725,50.0022846],[5.749197,50.0024052],[5.7493204,50.0024242],[5.7495912,50.0024223],[5.7500634,50.002419],[5.7510692,50.002438],[5.751434,50.0023932],[5.7509324,50.0011881],[5.7496798,50.0017243],[5.749374,50.0018105],[5.7490173,50.0018432],[5.7487357,50.0018346],[5.7485667,50.0018036]]]}},{"type":"Feature","properties":{"t":"prado"},"geometry":{"type":"Polygon","coordinates":[[[5.7518859,50.0040128],[5.7528877,50.0041568],[5.7529655,50.0032793],[5.7530111,50.0024363],[5.7529293,50.0016898],[5.7528488,50.0011131],[5.7527201,50.0006803],[5.7520509,50.000826],[5.7514715,50.0009933],[5.7509324,50.0011881],[5.751434,50.0023932],[5.7519087,50.0035827],[5.7518859,50.0040128]]]}},{"type":"Feature","properties":{"t":"prado"},"geometry":{"type":"Polygon","coordinates":[[[5.7536039,50.0018656],[5.7535556,50.0005588],[5.7530661,50.0006209],[5.7527201,50.0006803],[5.7528488,50.0011131],[5.7529293,50.0016898],[5.7530111,50.0024363],[5.7529655,50.0032793],[5.7528877,50.0041568],[5.7535205,50.0042563],[5.7536495,50.0039361],[5.7532257,50.0038137],[5.7534644,50.0035034],[5.7537882,50.0036791],[5.7537648,50.0030621],[5.7535958,50.0023259],[5.7536039,50.0018656]]]}},{"type":"Feature","properties":{"t":"prado"},"geometry":{"type":"Polygon","coordinates":[[[5.7537882,50.0036791],[5.7534644,50.0035034],[5.7532257,50.0038137],[5.7536495,50.0039361],[5.7535205,50.0042563],[5.7534724,50.0043757],[5.7539204,50.0044481],[5.7539719,50.0043454],[5.7542248,50.0038405],[5.7537903,50.0037353],[5.7537882,50.0036791]]]}},{"type":"Feature","properties":{"t":"prado"},"geometry":{"type":"Polygon","coordinates":[[[5.7537903,50.0037353],[5.7542248,50.0038405],[5.7544675,50.0038784],[5.7549021,50.0030483],[5.7548377,50.0028362],[5.7547384,50.0021966],[5.7546633,50.0019139],[5.7541135,50.0011743],[5.7538962,50.0005226],[5.7535556,50.0005588],[5.7536039,50.0018656],[5.7535958,50.0023259],[5.7537648,50.0030621],[5.7537882,50.0036791],[5.7537903,50.0037353]]]}},{"type":"Feature","properties":{"t":"prado"},"geometry":{"type":"Polygon","coordinates":[[[5.7597783,50.0032465],[5.7597245,50.0028692],[5.7597193,50.0028328],[5.7590649,50.0028914],[5.7585016,50.0028362],[5.7580644,50.0027363],[5.7577613,50.0026518],[5.7576889,50.0027242],[5.7574528,50.0026156],[5.7574904,50.0025552],[5.7569566,50.0023156],[5.7565731,50.0020691],[5.756329,50.0018398],[5.7560876,50.0015984],[5.755637,50.0010691],[5.7551676,50.0005674],[5.7550496,50.0004726],[5.7549477,50.0004347],[5.7547572,50.000426],[5.7538962,50.0005226],[5.7541135,50.0011743],[5.7546633,50.0019139],[5.7547384,50.0021966],[5.7548377,50.0028362],[5.7549021,50.0030483],[5.7562968,50.0032534],[5.7574555,50.0033276],[5.7597708,50.0033658],[5.7597783,50.0032465]]]}},{"type":"Feature","properties":{"t":"prado"},"geometry":{"type":"Polygon","coordinates":[[[5.7379202,50.0034669],[5.7402575,50.0032522],[5.7405978,50.0031707],[5.7407695,50.0030224],[5.7412657,50.0034008],[5.7413158,50.003382],[5.7408071,50.0029966],[5.7417136,50.0024277],[5.7418504,50.0024742],[5.7419014,50.0023966],[5.7413408,50.0022811],[5.7391816,50.0018674],[5.7377332,50.001595],[5.7374516,50.0015691],[5.7370707,50.001595],[5.7370156,50.0015667],[5.7369447,50.0015744],[5.7363278,50.0017296],[5.7362741,50.001633],[5.7352817,50.0017089],[5.7353193,50.0017501],[5.7343492,50.0019194],[5.7342517,50.0020537],[5.7339969,50.0023759],[5.7359254,50.0027276],[5.73682,50.0032759],[5.7372286,50.0034878],[5.7377363,50.0036612],[5.7379644,50.0035966],[5.7379202,50.0034669]]]}},{"type":"Feature","properties":{"t":"prado"},"geometry":{"type":"Polygon","coordinates":[[[5.7414508,50.0020949],[5.7420073,50.0021691],[5.7420757,50.0018156],[5.7421562,50.0018191],[5.7421401,50.0016434],[5.7419685,50.0016156],[5.7421549,50.0013096],[5.7416667,50.001251],[5.7411785,50.0011889],[5.7404682,50.0010866],[5.7403068,50.0013784],[5.7404879,50.0014208],[5.7408527,50.0014415],[5.7414481,50.0016053],[5.7414106,50.0016518],[5.7405952,50.0016518],[5.7404745,50.001507],[5.7393533,50.0012346],[5.7391958,50.0018151],[5.7413904,50.0021972],[5.7414508,50.0020949]]]}},{"type":"Feature","properties":{"t":"grama"},"geometry":{"type":"Polygon","coordinates":[[[5.7642978,49.9801294],[5.7641195,49.9800897],[5.7640833,49.9801104],[5.76387,49.9800225],[5.7637011,49.9800112],[5.7635374,49.9800707],[5.7635388,49.9802846],[5.7637735,49.9801415],[5.7638057,49.9801863],[5.7641745,49.9801544],[5.7642978,49.9801294]]]}},{"type":"Feature","properties":{"t":"grama"},"geometry":{"type":"Polygon","coordinates":[[[5.7647136,49.9800656],[5.7646076,49.9801139],[5.7645486,49.9800906],[5.7643515,49.980176],[5.7640725,49.9802234],[5.7641195,49.9802458],[5.7640994,49.98027],[5.7640712,49.9802562],[5.764043,49.9802726],[5.7639907,49.980251],[5.7638821,49.9803398],[5.7637507,49.980301],[5.7637212,49.9803415],[5.7637909,49.9803562],[5.7636796,49.9804468],[5.7636018,49.9804312],[5.7634878,49.9806003],[5.7634784,49.9806606],[5.7646345,49.980138],[5.7646961,49.9801078],[5.7647136,49.9800656]]]}},{"type":"Feature","properties":{"t":"prado"},"geometry":{"type":"Polygon","coordinates":[[[5.7588261,49.97911],[5.7587966,49.9802674],[5.7602745,49.9800601],[5.7602093,49.9798434],[5.7606312,49.9798068],[5.7605587,49.9794429],[5.7603013,49.9788599],[5.7588261,49.97911]]]}},{"type":"Feature","properties":{"t":"prado"},"geometry":{"type":"Polygon","coordinates":[[[5.7612105,49.9802518],[5.7618195,49.9801898],[5.7620421,49.9807486],[5.7628736,49.980621],[5.7634369,49.9805589],[5.7634985,49.980376],[5.7634288,49.9799862],[5.7632974,49.9797137],[5.7624485,49.9784166],[5.7603013,49.9788599],[5.7605587,49.9794429],[5.7613116,49.9793276],[5.7616684,49.979319],[5.7617631,49.9796895],[5.7611569,49.9798189],[5.7612105,49.9802518]]]}},{"type":"Feature","properties":{"t":"prado"},"geometry":{"type":"Polygon","coordinates":[[[5.7431674,50.0035948],[5.7438594,50.0038706],[5.7440874,50.0042809],[5.7446775,50.0041999],[5.7454687,50.0040137],[5.745796,50.0039982],[5.7456511,50.0038448],[5.7453588,50.0036051],[5.7451683,50.0035551],[5.7440807,50.0038327],[5.7439803,50.0038016],[5.7431996,50.0035603],[5.7431674,50.0035948]]]}},{"type":"Feature","properties":{"t":"prado"},"geometry":{"type":"Polygon","coordinates":[[[5.746674,50.004626],[5.7468728,50.0049137],[5.7473302,50.0055756],[5.747754,50.0054635],[5.7483575,50.0052601],[5.7486632,50.0052946],[5.7489771,50.0052498],[5.7491729,50.005286],[5.7493392,50.0052446],[5.7495081,50.0051653],[5.7497066,50.0051325],[5.7499292,50.0051653],[5.7500875,50.0051636],[5.7503182,50.0051101],[5.7503879,50.0045378],[5.7499132,50.0044723],[5.7493311,50.0043826],[5.7493177,50.0044361],[5.748623,50.0043361],[5.7483552,50.0041295],[5.7471693,50.0044757],[5.746674,50.004626]]]}},{"type":"Feature","properties":{"t":"prado"},"geometry":{"type":"Polygon","coordinates":[[[5.7456511,50.0038448],[5.745796,50.0039982],[5.7465577,50.0045705],[5.7465631,50.0044499],[5.746665,50.0044085],[5.7467508,50.0044654],[5.7470593,50.0043671],[5.7471693,50.0044757],[5.7483552,50.0041295],[5.7482341,50.0040361],[5.7483226,50.0040034],[5.7480544,50.0037741],[5.7476212,50.003206],[5.7475984,50.0031293],[5.747591,50.0031083],[5.7471062,50.0033095],[5.7469466,50.0034293],[5.7468286,50.003531],[5.7456511,50.0038448]]]}},{"type":"Feature","properties":{"t":"prado"},"geometry":{"type":"Polygon","coordinates":[[[5.751847,50.004736],[5.7527348,50.0049015],[5.7528421,50.004836],[5.7537299,50.0048257],[5.7539204,50.0044481],[5.7534724,50.0043757],[5.7535205,50.0042563],[5.7528877,50.0041568],[5.7518859,50.0040128],[5.751847,50.004736]]]}},{"type":"Feature","properties":{"t":"prado"},"geometry":{"type":"Polygon","coordinates":[[[5.7511631,50.0039448],[5.7511201,50.0039706],[5.7491058,50.0042275],[5.7488751,50.0041637],[5.7485938,50.004211],[5.7486874,50.0042826],[5.7493311,50.0043826],[5.7499132,50.0044723],[5.7503879,50.0045378],[5.751847,50.004736],[5.7518859,50.0040128],[5.7511631,50.0039448]]]}},{"type":"Feature","properties":{"t":"prado"},"geometry":{"type":"Polygon","coordinates":[[[5.7475072,50.0028604],[5.7474214,50.0028673],[5.7473677,50.0028035],[5.7472792,50.0025587],[5.7469815,50.0024725],[5.746853,50.0023971],[5.7464424,50.002319],[5.7463002,50.0024604],[5.7467857,50.002669],[5.7466838,50.0027914],[5.7466502,50.0027742],[5.7463217,50.0030517],[5.7463619,50.0031345],[5.7469466,50.0034293],[5.7471062,50.0033095],[5.747591,50.0031083],[5.747585,50.0030914],[5.7475072,50.0028604]]]}},{"type":"Feature","properties":{"t":"prado"},"geometry":{"type":"Polygon","coordinates":[[[5.7553607,49.9843826],[5.7542932,49.9839894],[5.7537997,49.9841998],[5.7584882,49.9857278],[5.7586974,49.985507],[5.7553607,49.9843826]]]}},{"type":"Feature","properties":{"t":"prado"},"geometry":{"type":"Polygon","coordinates":[[[5.7487364,49.978095],[5.7513321,49.9787029],[5.7532257,49.9792721],[5.7542288,49.9795033],[5.7552803,49.9798017],[5.7561064,49.9799431],[5.7563156,49.9799259],[5.7567608,49.9800121],[5.7569218,49.9801501],[5.7572341,49.9802034],[5.7573348,49.9801294],[5.7574421,49.9801328],[5.7576996,49.9791566],[5.7561815,49.9788875],[5.7528073,49.9779733],[5.7507741,49.9773834],[5.7501143,49.9771868],[5.7495457,49.9770867],[5.7491058,49.9770074],[5.7488781,49.9774098],[5.7486835,49.9777559],[5.7485586,49.9779768],[5.7487364,49.978095]]]}},{"type":"Feature","properties":{"t":"prado"},"geometry":{"type":"Polygon","coordinates":[[[5.7552642,49.9835996],[5.7542932,49.9839894],[5.7553607,49.9843826],[5.756101,49.9839652],[5.7557362,49.9838548],[5.7552642,49.9835996]]]}},{"type":"Feature","properties":{"t":"prado"},"geometry":{"type":"Polygon","coordinates":[[[5.7555961,49.9827044],[5.7553956,49.9825458],[5.7532686,49.9825682],[5.7531828,49.9839031],[5.7536173,49.9842239],[5.7554519,49.9834866],[5.7555015,49.9833961],[5.7555136,49.9828787],[5.7555699,49.9827855],[5.7555961,49.9827044]]]}},{"type":"Feature","properties":{"t":"prado"},"geometry":{"type":"Polygon","coordinates":[[[5.7583219,49.9828821],[5.7569861,49.9832201],[5.7579946,49.9838514],[5.7574797,49.9843964],[5.7591695,49.9849379],[5.760178,49.98381],[5.7600707,49.9837824],[5.760296,49.9834133],[5.7583219,49.9828821]]]}},{"type":"Feature","properties":{"t":"prado"},"geometry":{"type":"Polygon","coordinates":[[[5.7550228,49.9816093],[5.7551891,49.9820163],[5.7556933,49.9824026],[5.7555961,49.9827044],[5.7555699,49.9827855],[5.7556114,49.9827833],[5.7563585,49.9827441],[5.7568037,49.9827786],[5.7571793,49.9828959],[5.7575226,49.9830235],[5.7604569,49.9822681],[5.7594269,49.9819921],[5.7585096,49.9817334],[5.7570559,49.981561],[5.7560742,49.9815092],[5.7550228,49.9816093]]]}},{"type":"Feature","properties":{"t":"lavoura"},"geometry":{"type":"Polygon","coordinates":[[[5.7573107,49.9806313],[5.7568949,49.9805916],[5.7568306,49.9808676],[5.7562512,49.980771],[5.755586,49.9808366],[5.7550228,49.9810125],[5.7549852,49.9812747],[5.7550228,49.9816093],[5.7560742,49.9815092],[5.7570559,49.981561],[5.7585096,49.9817334],[5.7594269,49.9819921],[5.7604569,49.9822681],[5.7613984,49.9820508],[5.7611221,49.9819611],[5.7603201,49.9817248],[5.7587564,49.9814402],[5.7587671,49.9809435],[5.7587671,49.9806675],[5.7575923,49.9806572],[5.7573107,49.9806313]]]}},{"type":"Feature","properties":{"t":"prado"},"geometry":{"type":"Polygon","coordinates":[[[5.7587671,49.9809435],[5.7587564,49.9814402],[5.7603201,49.9817248],[5.7611221,49.9819611],[5.7613984,49.9820508],[5.761503,49.9820266],[5.761224,49.9819059],[5.7604569,49.981692],[5.7599688,49.9815851],[5.7599602,49.9809678],[5.7587671,49.9809435]]]}},{"type":"Feature","properties":{"t":"prado"},"geometry":{"type":"Polygon","coordinates":[[[5.7576996,49.9791566],[5.7574421,49.9801328],[5.7587966,49.9802674],[5.7588208,49.979129],[5.7581073,49.9791807],[5.7576996,49.9791566]]]}},{"type":"Feature","properties":{"t":"prado"},"geometry":{"type":"Polygon","coordinates":[[[5.7620421,49.9807486],[5.7613581,49.9808159],[5.759958,49.980809],[5.7599602,49.9809678],[5.7599688,49.9815851],[5.7604569,49.981692],[5.761224,49.9819059],[5.761503,49.9820266],[5.7617283,49.9819611],[5.7621896,49.9814023],[5.7625437,49.9811125],[5.7630935,49.9807986],[5.7628736,49.980621],[5.7620421,49.9807486]]]}},{"type":"Feature","properties":{"t":"grama"},"geometry":{"type":"Polygon","coordinates":[[[5.7642978,49.9801294],[5.7644708,49.9800699],[5.7645339,49.9800026],[5.7642817,49.9800354],[5.7641515,49.9800086],[5.7640122,49.9799345],[5.7634288,49.9799862],[5.7634985,49.980376],[5.7635388,49.9802846],[5.7635374,49.9800707],[5.7637011,49.9800112],[5.76387,49.9800225],[5.7640833,49.9801104],[5.7641195,49.9800897],[5.7642978,49.9801294]]]}},{"type":"Feature","properties":{"t":"lavoura"},"geometry":{"type":"Polygon","coordinates":[[[5.7559253,49.9875153],[5.7535341,49.9865228],[5.7530004,49.9869971],[5.756211,49.9884802],[5.7567458,49.9878427],[5.7559253,49.9875153]]]}},{"type":"Feature","properties":{"t":"prado"},"geometry":{"type":"Polygon","coordinates":[[[5.7538024,49.9861589],[5.7535341,49.9865228],[5.7559253,49.9875153],[5.7561372,49.9872695],[5.7556289,49.9870635],[5.755752,49.9869425],[5.7538024,49.9861589]]]}},{"type":"Feature","properties":{"t":"prado"},"geometry":{"type":"Polygon","coordinates":[[[5.7573509,49.9871161],[5.754025,49.9857968],[5.7538024,49.9861589],[5.755752,49.9869425],[5.757072,49.987473],[5.7573509,49.9871161]]]}},{"type":"Feature","properties":{"t":"prado"},"geometry":{"type":"Polygon","coordinates":[[[5.7579491,49.9864297],[5.7543199,49.9851067],[5.7541302,49.9850382],[5.7528743,49.9845844],[5.7525578,49.9847051],[5.7523459,49.9847534],[5.7521474,49.9847741],[5.7541376,49.985576],[5.754025,49.9857968],[5.7573509,49.9871161],[5.7579491,49.9864297]]]}},{"type":"Feature","properties":{"t":"prado"},"geometry":{"type":"Polygon","coordinates":[[[5.7530182,49.9845259],[5.7528743,49.9845844],[5.7541302,49.9850382],[5.7543199,49.9851067],[5.7579491,49.9864297],[5.7584882,49.9857278],[5.7537997,49.9841998],[5.7536012,49.9842946],[5.753561,49.9843877],[5.7530621,49.9845602],[5.7530182,49.9845259]]]}},{"type":"Feature","properties":{"t":"prado"},"geometry":{"type":"Polygon","coordinates":[[[5.7465818,49.9816834],[5.7464553,49.9817807],[5.7456218,49.9816111],[5.7455616,49.9816949],[5.7454996,49.9818541],[5.7461658,49.9819227],[5.7470325,49.9820473],[5.7476896,49.9821991],[5.747939,49.9822733],[5.7481563,49.9823768],[5.747813,49.9830873],[5.7481348,49.9831719],[5.7509485,49.9814661],[5.7499856,49.9810453],[5.7485254,49.9807101],[5.7481076,49.9810946],[5.7478386,49.9813421],[5.7470432,49.9812729],[5.7469144,49.9814816],[5.7466972,49.9814333],[5.7465818,49.9816834]]]}},{"type":"Feature","properties":{"t":"prado"},"geometry":{"type":"Polygon","coordinates":[[[5.7485296,49.9791024],[5.7483126,49.9790064],[5.7482163,49.9791794],[5.7479548,49.9796194],[5.7477459,49.980039],[5.7477382,49.9800544],[5.7475823,49.9803449],[5.7474819,49.9803211],[5.7473736,49.9804655],[5.7485254,49.9807101],[5.7499856,49.9810453],[5.7509485,49.9814661],[5.7516971,49.9818492],[5.7518202,49.9817714],[5.7520857,49.9817559],[5.7523084,49.9816472],[5.7526383,49.9814264],[5.752795,49.9813323],[5.7524881,49.9811815],[5.7500687,49.9798948],[5.7488268,49.9792393],[5.7485296,49.9791024]]]}},{"type":"Feature","properties":{"t":"prado"},"geometry":{"type":"Polygon","coordinates":[[[5.7542288,49.9795033],[5.7537058,49.9800276],[5.7524881,49.9811815],[5.752795,49.9813323],[5.753046,49.9811815],[5.7540411,49.9806434],[5.7544085,49.9805433],[5.7546017,49.9803019],[5.7550094,49.9801708],[5.7553849,49.9803674],[5.7555753,49.9803433],[5.7557121,49.9802536],[5.7561064,49.9799431],[5.7552803,49.9798017],[5.7542288,49.9795033]]]}},{"type":"Feature","properties":{"t":"lavoura"},"geometry":{"type":"Polygon","coordinates":[[[5.7542288,49.9795033],[5.7532257,49.9792721],[5.7513321,49.9787029],[5.7500687,49.9798948],[5.7524881,49.9811815],[5.7537058,49.9800276],[5.7542288,49.9795033]]]}},{"type":"Feature","properties":{"t":"prado"},"geometry":{"type":"Polygon","coordinates":[[[5.7476896,49.9821991],[5.7470325,49.9820473],[5.7461658,49.9819227],[5.7461533,49.9824578],[5.7475156,49.9825614],[5.7476896,49.9821991]]]}},{"type":"Feature","properties":{"t":"prado"},"geometry":{"type":"Polygon","coordinates":[[[5.7475156,49.9825614],[5.7461533,49.9824578],[5.7461523,49.9825011],[5.7465665,49.9825337],[5.7464504,49.9829407],[5.7463726,49.9829545],[5.7463596,49.9832009],[5.7468117,49.9831643],[5.7471693,49.9831753],[5.7473168,49.9829752],[5.7475156,49.9825614]]]}},{"type":"Feature","properties":{"t":"prado"},"geometry":{"type":"Polygon","coordinates":[[[5.7476896,49.9821991],[5.7475156,49.9825614],[5.7473168,49.9829752],[5.7471693,49.9831753],[5.7468117,49.9831643],[5.7469665,49.9838992],[5.7472688,49.9838723],[5.7474187,49.9838514],[5.7475448,49.9837876],[5.7478774,49.9837669],[5.7479686,49.9838962],[5.7481965,49.9838376],[5.7492024,49.983522],[5.7495886,49.9834719],[5.7498997,49.9834944],[5.7499346,49.9835064],[5.7512945,49.9829942],[5.750999,49.9825939],[5.7509941,49.9825872],[5.7502216,49.9828752],[5.7495537,49.9831011],[5.7494277,49.9829632],[5.7500178,49.9827407],[5.750168,49.9826079],[5.7507849,49.9824475],[5.7511926,49.9821129],[5.7513347,49.9820784],[5.7516971,49.9818492],[5.7509485,49.9814661],[5.7481348,49.9831719],[5.747813,49.9830873],[5.7481563,49.9823768],[5.747939,49.9822733],[5.7476896,49.9821991]]]}},{"type":"Feature","properties":{"t":"prado"},"geometry":{"type":"Polygon","coordinates":[[[5.7472953,49.9840523],[5.7475448,49.9840169],[5.7475972,49.984137],[5.7477987,49.9841116],[5.7480166,49.9846148],[5.7487263,49.98458],[5.7487826,49.9850552],[5.7491313,49.9850517],[5.749075,49.9845637],[5.7502037,49.9844933],[5.7501385,49.9842963],[5.7502162,49.9842394],[5.749948,49.9837031],[5.7498997,49.9834944],[5.7495886,49.9834719],[5.7492024,49.983522],[5.7481965,49.9838376],[5.7479686,49.9838962],[5.7478961,49.9839462],[5.7472973,49.9839372],[5.7472953,49.9840523]]]}},{"type":"Feature","properties":{"t":"prado"},"geometry":{"type":"Polygon","coordinates":[[[5.7509941,49.9825872],[5.750999,49.9825939],[5.7512945,49.9829942],[5.7499346,49.9835064],[5.7498997,49.9834944],[5.749948,49.9837031],[5.7502162,49.9842394],[5.750345,49.9842463],[5.750404,49.9843877],[5.7503021,49.9844153],[5.7503316,49.9844853],[5.7506347,49.9844576],[5.7510557,49.9843743],[5.7512381,49.9848132],[5.7522359,49.9847154],[5.7524291,49.9846758],[5.7525176,49.9842739],[5.7531801,49.9839911],[5.7534648,49.9842085],[5.7535234,49.9842532],[5.7536173,49.9842239],[5.7531828,49.9839031],[5.7532686,49.9825682],[5.7524827,49.9818473],[5.7523164,49.9816869],[5.7518604,49.9819939],[5.7514179,49.9823802],[5.7509887,49.9825665],[5.7509941,49.9825872]]]}},{"type":"Feature","properties":{"t":"prado"},"geometry":{"type":"Polygon","coordinates":[[[5.7524827,49.9818473],[5.7532686,49.9825682],[5.7553956,49.9825458],[5.7555961,49.9827044],[5.7556933,49.9824026],[5.7551891,49.9820163],[5.7550228,49.9816093],[5.7549852,49.9812747],[5.7550228,49.9810125],[5.7550523,49.9809004],[5.7550281,49.9807952],[5.7542798,49.980771],[5.7540894,49.9807106],[5.7539579,49.9807641],[5.7539579,49.9808245],[5.7530835,49.9812419],[5.7527872,49.9814181],[5.7530433,49.9816627],[5.7529548,49.9817541],[5.7524827,49.9818473]]]}},{"type":"Feature","properties":{"t":"prado"},"geometry":{"type":"Polygon","coordinates":[[[5.7550281,49.9807952],[5.7550523,49.9809004],[5.7550228,49.9810125],[5.755586,49.9808366],[5.7562512,49.980771],[5.7568306,49.9808676],[5.7568949,49.9805916],[5.756337,49.9805002],[5.7558998,49.9805226],[5.7550281,49.9807952]]]}},{"type":"Feature","properties":{"t":"prado"},"geometry":{"type":"Polygon","coordinates":[[[5.7513776,49.9894864],[5.751917,49.9892763],[5.7514329,49.9887957],[5.7512918,49.988894],[5.7513186,49.9889372],[5.7510192,49.9890848],[5.7513776,49.9894864]]]}},{"type":"Feature","properties":{"t":"prado"},"geometry":{"type":"Polygon","coordinates":[[[5.751917,49.9892763],[5.7513776,49.9894864],[5.7515007,49.9896858],[5.7515413,49.9896752],[5.7516083,49.9898253],[5.7517344,49.9898028],[5.7516941,49.9897114],[5.751965,49.9896511],[5.7518604,49.9895545],[5.7520992,49.9894511],[5.7519436,49.9893027],[5.751917,49.9892763]]]}},{"type":"Feature","properties":{"t":"prado"},"geometry":{"type":"Polygon","coordinates":[[[5.7515007,49.9896858],[5.7513776,49.9894864],[5.7510192,49.9890848],[5.7507312,49.9892269],[5.7510906,49.9897097],[5.7511497,49.989777],[5.7515007,49.9896858]]]}},{"type":"Feature","properties":{"t":"prado"},"geometry":{"type":"Polygon","coordinates":[[[5.7510036,49.9897266],[5.750691,49.989289],[5.7502726,49.9894459],[5.7498354,49.9895338],[5.7498169,49.9894611],[5.7487303,49.9895631],[5.7484916,49.9895907],[5.7488832,49.9901029],[5.7501304,49.9898856],[5.7500955,49.9898218],[5.7503852,49.9897701],[5.7504228,49.9898391],[5.7510036,49.9897266]]]}},{"type":"Feature","properties":{"t":"prado"},"geometry":{"type":"Polygon","coordinates":[[[5.7478532,49.9880508],[5.7480115,49.9893338],[5.7486927,49.9892855],[5.7487303,49.9895631],[5.7498169,49.9894611],[5.7500526,49.989439],[5.7506293,49.9891734],[5.7502887,49.988306],[5.7505327,49.9876627],[5.7479176,49.9877455],[5.747821,49.9877869],[5.7478532,49.9880508]]]}},{"type":"Feature","properties":{"t":"prado"},"geometry":{"type":"Polygon","coordinates":[[[5.7480358,49.9871345],[5.7471925,49.9873669],[5.746581,49.9875732],[5.7466476,49.9877188],[5.7468072,49.9879602],[5.7477915,49.9877041],[5.7478693,49.9876869],[5.7486069,49.98758],[5.7484916,49.9870867],[5.7480358,49.9871345]]]}},{"type":"Feature","properties":{"t":"lavoura"},"geometry":{"type":"Polygon","coordinates":[[[5.7480358,49.9871345],[5.7484916,49.9870867],[5.7486069,49.98758],[5.7478693,49.9876869],[5.7477915,49.9877041],[5.747821,49.9877869],[5.7479176,49.9877455],[5.7505327,49.9876627],[5.7506883,49.987511],[5.7507446,49.9872402],[5.7506454,49.9869143],[5.7499641,49.9868988],[5.7499722,49.9866642],[5.7499024,49.9864625],[5.7495906,49.985652],[5.7494941,49.9854011],[5.7493774,49.9850836],[5.7490747,49.985088],[5.7492472,49.985562],[5.7485743,49.9855566],[5.7486064,49.9856533],[5.7478218,49.9858531],[5.7478624,49.986046],[5.7478624,49.9864415],[5.7479364,49.9867527],[5.7480358,49.9871345]]]}},{"type":"Feature","properties":{"t":"prado"},"geometry":{"type":"Polygon","coordinates":[[[5.7494941,49.9854011],[5.7495906,49.985652],[5.7499024,49.9864625],[5.7499722,49.9866642],[5.7499641,49.9868988],[5.7506454,49.9869143],[5.7507446,49.9872402],[5.7506883,49.987511],[5.7505327,49.9876627],[5.7502887,49.988306],[5.7506293,49.9891734],[5.7511818,49.9888975],[5.7513964,49.9887595],[5.7518738,49.988387],[5.7519115,49.9883293],[5.7510075,49.9880473],[5.7508063,49.9871575],[5.7506829,49.9866884],[5.7502912,49.9855456],[5.7502126,49.9853163],[5.7494941,49.9854011]]]}},{"type":"Feature","properties":{"t":"prado"},"geometry":{"type":"Polygon","coordinates":[[[5.7502912,49.9855456],[5.7506829,49.9866884],[5.7508063,49.9871575],[5.7510075,49.9880473],[5.7519115,49.9883293],[5.7520267,49.9881525],[5.7522064,49.9878645],[5.7522869,49.9876731],[5.7530004,49.9869971],[5.7535341,49.9865228],[5.7538024,49.9861589],[5.754025,49.9857968],[5.7541376,49.985576],[5.7521474,49.9847741],[5.7513374,49.9848379],[5.75093,49.9849075],[5.7510987,49.9854605],[5.7502912,49.9855456]]]}},{"type":"Feature","properties":{"t":"prado"},"geometry":{"type":"Polygon","coordinates":[[[5.7528555,49.9889285],[5.7518738,49.988387],[5.7513964,49.9887595],[5.7514329,49.9887957],[5.751917,49.9892763],[5.7519436,49.9893027],[5.7528555,49.9889285]]]}},{"type":"Feature","properties":{"t":"prado"},"geometry":{"type":"Polygon","coordinates":[[[5.7538587,49.9890303],[5.7522064,49.9878645],[5.7520267,49.9881525],[5.7519115,49.9883293],[5.7518738,49.988387],[5.7528555,49.9889285],[5.7533357,49.9891976],[5.7536092,49.989051],[5.7536897,49.9891165],[5.7538587,49.9890303]]]}},{"type":"Feature","properties":{"t":"prado"},"geometry":{"type":"Polygon","coordinates":[[[5.7546312,49.9890079],[5.7522869,49.9876731],[5.7522064,49.9878645],[5.7538587,49.9890303],[5.7541832,49.9892527],[5.7546312,49.9890079]]]}},{"type":"Feature","properties":{"t":"prado"},"geometry":{"type":"Polygon","coordinates":[[[5.7530004,49.9869971],[5.7522869,49.9876731],[5.7546312,49.9890079],[5.7552883,49.9893872],[5.755586,49.9892286],[5.756211,49.9884802],[5.7530004,49.9869971]]]}},{"type":"Feature","properties":{"t":"prado"},"geometry":{"type":"Polygon","coordinates":[[[5.7444111,49.9811574],[5.7451294,49.9812521],[5.7453516,49.9809298],[5.7454617,49.9807086],[5.745026,49.980634],[5.7444033,49.9804812],[5.7446617,49.9799246],[5.7432776,49.9794784],[5.7432425,49.9795223],[5.7425719,49.9793325],[5.7425559,49.9792359],[5.7421428,49.9790842],[5.7415688,49.9787806],[5.7410726,49.9784701],[5.7406756,49.9789738],[5.7397154,49.9783252],[5.7390663,49.9791928],[5.7404342,49.9801173],[5.7423574,49.980721],[5.7436341,49.981009],[5.7444111,49.9811574]]]}},{"type":"Feature","properties":{"t":"prado"},"geometry":{"type":"Polygon","coordinates":[[[5.7382241,49.9800087],[5.7407024,49.9807745],[5.7422345,49.9812397],[5.7431164,49.9815075],[5.7442215,49.9817421],[5.7442671,49.9815817],[5.7441303,49.9815196],[5.7439533,49.9813229],[5.7439774,49.9812729],[5.7443141,49.9814103],[5.7444111,49.9811574],[5.7436341,49.981009],[5.7423574,49.980721],[5.7404342,49.9801173],[5.7390663,49.9791928],[5.7397154,49.9783252],[5.7401097,49.9778009],[5.7399377,49.9776717],[5.739474,49.9782804],[5.7393292,49.9782372],[5.7386959,49.9789153],[5.7357507,49.9777407],[5.7351473,49.9785979],[5.7382855,49.9798329],[5.7382241,49.9800087]]]}},{"type":"Feature","properties":{"t":"prado"},"geometry":{"type":"Polygon","coordinates":[[[5.7336348,49.9808228],[5.7338874,49.9807244],[5.7341523,49.9803797],[5.7339832,49.9803158],[5.7320413,49.979688],[5.7314891,49.9801259],[5.7325888,49.9805089],[5.7336348,49.9808228]]]}},{"type":"Feature","properties":{"t":"prado"},"geometry":{"type":"Polygon","coordinates":[[[5.7320413,49.979688],[5.7322837,49.9793927],[5.7305211,49.9791676],[5.730207,49.9797499],[5.7306415,49.9798293],[5.7308829,49.9799052],[5.7314891,49.9801259],[5.7320413,49.979688]]]}},{"type":"Feature","properties":{"t":"lavoura"},"geometry":{"type":"Polygon","coordinates":[[[5.7868425,50.0409381],[5.788314,50.0425401],[5.7888159,50.0422822],[5.7891405,50.0421599],[5.79009,50.0418601],[5.7908222,50.0416172],[5.7893953,50.0400135],[5.7887891,50.0393382],[5.7881319,50.0393037],[5.7876384,50.0392676],[5.7873246,50.0392658],[5.7870054,50.0392882],[5.7866192,50.0393451],[5.7856053,50.0395346],[5.7868425,50.0409381]]]}},{"type":"Feature","properties":{"t":"lavoura"},"geometry":{"type":"Polygon","coordinates":[[[5.7848379,50.0415444],[5.784114,50.0418308],[5.7846987,50.0422925],[5.7838082,50.0427162],[5.7832235,50.0430487],[5.7840496,50.0434139],[5.7848918,50.0436946],[5.7854068,50.04386],[5.785667,50.0439754],[5.7857314,50.0439754],[5.7864609,50.0435344],[5.7871096,50.0431946],[5.7848379,50.0415444]]]}},{"type":"Feature","properties":{"t":"prado"},"geometry":{"type":"Polygon","coordinates":[[[5.7976168,50.0426932],[5.7975706,50.042134],[5.7975036,50.0418016],[5.7973158,50.0414122],[5.7970449,50.0410143],[5.7949769,50.0410643],[5.7948562,50.0411194],[5.794749,50.0411332],[5.7969055,50.0427283],[5.7976168,50.0426932]]]}},{"type":"Feature","properties":{"t":"prado"},"geometry":{"type":"Polygon","coordinates":[[[5.7969055,50.0427283],[5.794749,50.0411332],[5.7945746,50.0411384],[5.7957441,50.0424647],[5.7961625,50.0429161],[5.7969055,50.0427283]]]}},{"type":"Feature","properties":{"t":"prado"},"geometry":{"type":"Polygon","coordinates":[[[5.7974231,50.0448711],[5.7951767,50.0426339],[5.7946578,50.0427886],[5.7968277,50.0449693],[5.7971173,50.044928],[5.7974231,50.0448711]]]}},{"type":"Feature","properties":{"t":"prado"},"geometry":{"type":"Polygon","coordinates":[[[5.7946578,50.0427886],[5.7951767,50.0426339],[5.7957441,50.0424647],[5.7945746,50.0411384],[5.7938772,50.0411625],[5.7931852,50.0412314],[5.7924181,50.0413347],[5.7916778,50.0414553],[5.7911307,50.0415725],[5.790562,50.0417654],[5.7921338,50.0429677],[5.7926616,50.0433711],[5.7946578,50.0427886]]]}},{"type":"Feature","properties":{"t":"prado"},"geometry":{"type":"Polygon","coordinates":[[[5.7946578,50.0427886],[5.7926616,50.0433711],[5.7949823,50.045145],[5.7953739,50.0450778],[5.7958192,50.045033],[5.7964709,50.0450037],[5.7968277,50.0449693],[5.7946578,50.0427886]]]}},{"type":"Feature","properties":{"t":"prado"},"geometry":{"type":"Polygon","coordinates":[[[5.7877859,50.0452638],[5.7888186,50.0458839],[5.7889795,50.045908],[5.7909992,50.0460252],[5.7915357,50.0460303],[5.7884109,50.0440805],[5.787102,50.0432571],[5.7863724,50.0436361],[5.7883653,50.044878],[5.7877859,50.0452638]]]}},{"type":"Feature","properties":{"t":"prado"},"geometry":{"type":"Polygon","coordinates":[[[5.7877859,50.0452638],[5.7883653,50.044878],[5.7863724,50.0436361],[5.7858333,50.0439823],[5.7858413,50.0440615],[5.7859084,50.0440994],[5.786882,50.0446799],[5.7877859,50.0452638]]]}},{"type":"Feature","properties":{"t":"lavoura"},"geometry":{"type":"Polygon","coordinates":[[[5.7921338,50.0429677],[5.790562,50.0417654],[5.7893336,50.042134],[5.7888615,50.0423166],[5.787102,50.0432571],[5.7884109,50.0440805],[5.7921338,50.0429677]]]}},{"type":"Feature","properties":{"t":"prado"},"geometry":{"type":"Polygon","coordinates":[[[5.7870027,50.0448263],[5.7860291,50.0454585],[5.7865494,50.0459287],[5.7871664,50.0459614],[5.788148,50.0459459],[5.788604,50.0459373],[5.7886684,50.0458856],[5.7885799,50.045803],[5.7870027,50.0448263]]]}},{"type":"Feature","properties":{"t":"prado"},"geometry":{"type":"Polygon","coordinates":[[[5.7850233,50.0437756],[5.7844922,50.044108],[5.7860291,50.0454585],[5.7870027,50.0448263],[5.7858065,50.044108],[5.78538,50.0439031],[5.7850233,50.0437756]]]}},{"type":"Feature","properties":{"t":"prado"},"geometry":{"type":"Polygon","coordinates":[[[5.786469,50.0459304],[5.7865494,50.0459287],[5.7860291,50.0454585],[5.7844922,50.044108],[5.7837345,50.0446011],[5.7843098,50.045114],[5.7851064,50.0458409],[5.7852674,50.0458081],[5.7854471,50.0458099],[5.7857019,50.0458477],[5.785718,50.0457909],[5.7864448,50.0458684],[5.786469,50.0459304]]]}},{"type":"Feature","properties":{"t":"prado"},"geometry":{"type":"Polygon","coordinates":[[[5.784519,50.0397206],[5.7838646,50.0380737],[5.7830116,50.038401],[5.7821096,50.0380134],[5.7810216,50.0375458],[5.7805179,50.0379723],[5.7817,50.0385699],[5.7824832,50.0398757],[5.7837412,50.039886],[5.7840523,50.0398481],[5.784519,50.0397206]]]}},{"type":"Feature","properties":{"t":"prado"},"geometry":{"type":"Polygon","coordinates":[[[5.7824832,50.0398757],[5.7817,50.0385699],[5.7805179,50.0379723],[5.7801187,50.0377604],[5.7792738,50.0385852],[5.7806069,50.0393863],[5.7812923,50.0390195],[5.7817966,50.0399049],[5.7824832,50.0398757]]]}},{"type":"Feature","properties":{"t":"prado"},"geometry":{"type":"Polygon","coordinates":[[[5.7801271,50.0396391],[5.7796378,50.039863],[5.7787897,50.0401598],[5.7791063,50.0404855],[5.779632,50.0403046],[5.7802007,50.0401496],[5.7814667,50.0399394],[5.7817966,50.0399049],[5.7812923,50.0390195],[5.7806069,50.0393863],[5.7801271,50.0396391]]]}},{"type":"Feature","properties":{"t":"prado"},"geometry":{"type":"Polygon","coordinates":[[[5.7964441,50.0388179],[5.7959208,50.0386915],[5.7961594,50.0382537],[5.7957709,50.0381702],[5.7953122,50.0381891],[5.7947677,50.0382718],[5.7940409,50.0384855],[5.7944137,50.0386767],[5.7948562,50.0389075],[5.7955751,50.0392831],[5.7956743,50.0391366],[5.7960686,50.0392262],[5.7964441,50.0388179]]]}},{"type":"Feature","properties":{"t":"prado"},"geometry":{"type":"Polygon","coordinates":[[[5.7971281,50.0406078],[5.7967357,50.0404953],[5.7964012,50.0403993],[5.7967284,50.0394863],[5.7960981,50.0392658],[5.7957172,50.0396948],[5.795567,50.0399136],[5.7956395,50.0399377],[5.7953337,50.0405871],[5.7952639,50.0405751],[5.7951272,50.0408972],[5.7949769,50.0410643],[5.7970449,50.0410143],[5.7971281,50.0406078]]]}},{"type":"Feature","properties":{"t":"prado"},"geometry":{"type":"Polygon","coordinates":[[[5.7927648,50.0398248],[5.7931471,50.0402011],[5.7948562,50.0389075],[5.7944137,50.0386767],[5.7927648,50.0398248]]]}},{"type":"Feature","properties":{"t":"prado"},"geometry":{"type":"Polygon","coordinates":[[[5.7927648,50.0398248],[5.7944137,50.0386767],[5.7940409,50.0384855],[5.79355,50.0386405],[5.7927909,50.039016],[5.7927766,50.0394415],[5.7923719,50.039438],[5.7927648,50.0398248]]]}},{"type":"Feature","properties":{"t":"prado"},"geometry":{"type":"Polygon","coordinates":[[[5.7933053,50.0411675],[5.7938605,50.0411124],[5.7943996,50.0410866],[5.7946223,50.0411003],[5.7931471,50.0402011],[5.7927648,50.0398248],[5.7923719,50.039438],[5.7923741,50.0391702],[5.7920447,50.0391934],[5.7917952,50.0391848],[5.7915002,50.0391779],[5.7933053,50.0411675]]]}},{"type":"Feature","properties":{"t":"prado"},"geometry":{"type":"Polygon","coordinates":[[[5.7905111,50.0391711],[5.7924986,50.0412727],[5.7933053,50.0411675],[5.7915002,50.0391779],[5.7910126,50.0391556],[5.7905111,50.0391711]]]}},{"type":"Feature","properties":{"t":"prado"},"geometry":{"type":"Polygon","coordinates":[[[5.7924986,50.0412727],[5.7905111,50.0391711],[5.790157,50.0392055],[5.7893658,50.0393141],[5.7887891,50.0393382],[5.7893953,50.0400135],[5.7908222,50.0416172],[5.7911897,50.0415001],[5.7917637,50.0413967],[5.7924986,50.0412727]]]}},{"type":"Feature","properties":{"t":"prado"},"geometry":{"type":"Polygon","coordinates":[[[5.7832235,50.0430487],[5.7838082,50.0427162],[5.7846987,50.0422925],[5.784114,50.0418308],[5.7816106,50.0407227],[5.7814985,50.0413708],[5.7820269,50.0417119],[5.7814851,50.0421047],[5.7823947,50.0426525],[5.7827675,50.0428506],[5.7832047,50.0424045],[5.7833174,50.0424389],[5.7833201,50.0425164],[5.782848,50.0428799],[5.7832235,50.0430487]]]}},{"type":"Feature","properties":{"t":"lavoura"},"geometry":{"type":"Polygon","coordinates":[[[5.7868425,50.0409381],[5.7856053,50.0395346],[5.78457,50.0397516],[5.7839343,50.0399084],[5.7834971,50.039917],[5.7826281,50.0399067],[5.781877,50.0399273],[5.7813621,50.039998],[5.7804389,50.040141],[5.7816106,50.0407227],[5.784114,50.0418308],[5.7848379,50.0415444],[5.7868425,50.0409381]]]}},{"type":"Feature","properties":{"t":"prado"},"geometry":{"type":"Polygon","coordinates":[[[5.7818944,50.042413],[5.7810493,50.0425524],[5.7819575,50.0432106],[5.7832664,50.0441838],[5.7837345,50.0446011],[5.7844922,50.044108],[5.7850233,50.0437756],[5.7841971,50.0435052],[5.7833979,50.0431675],[5.7826334,50.0428317],[5.782223,50.0426077],[5.7818944,50.042413]]]}},{"type":"Feature","properties":{"t":"prado"},"geometry":{"type":"Polygon","coordinates":[[[5.7965595,50.0365112],[5.79528,50.0364612],[5.7947355,50.0365767],[5.7943111,50.0363968],[5.7938048,50.0361821],[5.7933059,50.0370228],[5.7946068,50.0373347],[5.7943836,50.0377609],[5.7960498,50.0381805],[5.7959999,50.0375985],[5.7966238,50.0376517],[5.7964688,50.0370219],[5.7965595,50.0365112]]]}},{"type":"Feature","properties":{"t":"lavoura"},"geometry":{"type":"Polygon","coordinates":[[[5.7979202,50.023158],[5.7957011,50.0227252],[5.7953015,50.0236541],[5.792174,50.0230182],[5.7918683,50.0238488],[5.7917207,50.0241107],[5.7935473,50.0244829],[5.7948294,50.024738],[5.794601,50.0252598],[5.7944167,50.0256806],[5.7941533,50.0262821],[5.7939014,50.0268575],[5.7944995,50.0268695],[5.7951164,50.0268868],[5.7955,50.0268902],[5.7958245,50.0268299],[5.7963529,50.0266593],[5.7968411,50.0265714],[5.7971629,50.026568],[5.7974151,50.0265973],[5.7979032,50.0267437],[5.7987175,50.0270724],[5.7991263,50.0265525],[5.7990888,50.0264181],[5.7986301,50.0259752],[5.798378,50.0258193],[5.7983056,50.0257805],[5.7979274,50.0256228],[5.7977369,50.0255427],[5.7973346,50.0254841],[5.7967781,50.0254341],[5.796538,50.0254049],[5.7968384,50.0249379],[5.7973373,50.0244554],[5.7976806,50.0241797],[5.7974768,50.0239126],[5.7975492,50.0236403],[5.7979202,50.023158]]]}},{"type":"Feature","properties":{"t":"prado"},"geometry":{"type":"Polygon","coordinates":[[[5.7828507,50.0339356],[5.7845619,50.0312306],[5.784165,50.0312047],[5.783489,50.0311841],[5.7829794,50.0311479],[5.7815632,50.0334032],[5.7822928,50.0336961],[5.7828507,50.0339356]]]}},{"type":"Feature","properties":{"t":"prado"},"geometry":{"type":"Polygon","coordinates":[[[5.7822157,50.0295381],[5.7817751,50.0273813],[5.7787117,50.0273798],[5.7781645,50.0278554],[5.7782586,50.0286548],[5.7802676,50.0292438],[5.7822157,50.0295381]]]}},{"type":"Feature","properties":{"t":"lavoura"},"geometry":{"type":"Polygon","coordinates":[[[5.7829794,50.0311479],[5.783489,50.0311841],[5.784165,50.0312047],[5.7840443,50.0305621],[5.7833576,50.0270332],[5.7830116,50.0271521],[5.7822257,50.0273262],[5.7821989,50.0272883],[5.7817751,50.0273813],[5.7822157,50.0295381],[5.7818286,50.0310427],[5.7822794,50.0310893],[5.7829794,50.0311479]]]}},{"type":"Feature","properties":{"t":"lavoura"},"geometry":{"type":"Polygon","coordinates":[[[5.7829794,50.0311479],[5.7822794,50.0310893],[5.7818286,50.0310427],[5.7814854,50.0310152],[5.7814237,50.0310428],[5.7809538,50.0310101],[5.7799351,50.0326106],[5.7809222,50.0331534],[5.7815632,50.0334032],[5.7829794,50.0311479]]]}},{"type":"Feature","properties":{"t":"prado"},"geometry":{"type":"Polygon","coordinates":[[[5.7787342,50.0319451],[5.7799351,50.0326106],[5.7809538,50.0310101],[5.7795067,50.0309096],[5.7787342,50.0319451]]]}},{"type":"Feature","properties":{"t":"prado"},"geometry":{"type":"Polygon","coordinates":[[[5.778812,50.0308235],[5.7778214,50.0304568],[5.7772884,50.0311009],[5.7782782,50.0316935],[5.778812,50.0308235]]]}},{"type":"Feature","properties":{"t":"prado"},"geometry":{"type":"Polygon","coordinates":[[[5.7740074,50.0325745],[5.773549,50.0348579],[5.7738386,50.0350502],[5.7745171,50.0349882],[5.7750615,50.034971],[5.7754317,50.034921],[5.7748228,50.0329156],[5.7744902,50.032764],[5.7769203,50.0309428],[5.7763329,50.0306379],[5.7740074,50.0325745]]]}},{"type":"Feature","properties":{"t":"prado"},"geometry":{"type":"Polygon","coordinates":[[[5.7718769,50.0316711],[5.7728542,50.0319903],[5.7751819,50.0300261],[5.7744957,50.0296995],[5.7718769,50.0316711]]]}},{"type":"Feature","properties":{"t":"prado"},"geometry":{"type":"Polygon","coordinates":[[[5.773286,50.0321747],[5.7728542,50.0319903],[5.7718769,50.0316711],[5.7711212,50.031422],[5.7708612,50.0317233],[5.7706252,50.0320093],[5.770357,50.0323574],[5.7700163,50.0326554],[5.7695664,50.0329331],[5.7700088,50.0332505],[5.7701805,50.0334432],[5.7703808,50.0337273],[5.770584,50.0339567],[5.7707856,50.0341376],[5.77099,50.0342985],[5.7711956,50.034484],[5.7716053,50.0348693],[5.7717308,50.0349986],[5.7718348,50.0351072],[5.7720474,50.0353717],[5.7721123,50.0353544],[5.773549,50.0348579],[5.7740074,50.0325745],[5.773286,50.0321747]]]}},{"type":"Feature","properties":{"t":"prado"},"geometry":{"type":"Polygon","coordinates":[[[5.773286,50.0321747],[5.7740074,50.0325745],[5.7763329,50.0306379],[5.7754769,50.0301898],[5.773286,50.0321747]]]}},{"type":"Feature","properties":{"t":"prado"},"geometry":{"type":"Polygon","coordinates":[[[5.7769203,50.0309428],[5.7744902,50.032764],[5.7748228,50.0329156],[5.7752654,50.0328501],[5.775767,50.03254],[5.7764778,50.032111],[5.7775506,50.0313133],[5.7769203,50.0309428]]]}},{"type":"Feature","properties":{"t":"prado"},"geometry":{"type":"Polygon","coordinates":[[[5.7775506,50.0313133],[5.7764778,50.032111],[5.775767,50.03254],[5.7764402,50.0334911],[5.7772449,50.0328984],[5.7773951,50.03305],[5.7787737,50.0320317],[5.7775506,50.0313133]]]}},{"type":"Feature","properties":{"t":"prado"},"geometry":{"type":"Polygon","coordinates":[[[5.7769605,50.0345954],[5.7797889,50.0325788],[5.7787737,50.0320317],[5.7773951,50.03305],[5.7772449,50.0328984],[5.7764402,50.0334911],[5.775767,50.03254],[5.7752654,50.0328501],[5.7748228,50.0329156],[5.7754317,50.034921],[5.7757831,50.0348538],[5.775944,50.0347918],[5.7769605,50.0345954]]]}},{"type":"Feature","properties":{"t":"prado"},"geometry":{"type":"Polygon","coordinates":[[[5.7797889,50.0325788],[5.7769605,50.0345954],[5.7776257,50.0351312],[5.7805815,50.0330241],[5.7797889,50.0325788]]]}},{"type":"Feature","properties":{"t":"prado"},"geometry":{"type":"Polygon","coordinates":[[[5.7778218,50.0355117],[5.7785837,50.0354522],[5.7785873,50.035269],[5.7788689,50.0352242],[5.7790473,50.0351536],[5.7795086,50.0349228],[5.7803214,50.0344748],[5.7809329,50.0343249],[5.7812065,50.0342887],[5.7833227,50.0343783],[5.7831189,50.0341716],[5.7828078,50.0339717],[5.7821479,50.0336857],[5.7809812,50.0332309],[5.7805815,50.0330241],[5.7776257,50.0351312],[5.7778218,50.0355117]]]}},{"type":"Feature","properties":{"t":"prado"},"geometry":{"type":"Polygon","coordinates":[[[5.7764367,50.03562],[5.7778218,50.0355117],[5.7776257,50.0351312],[5.7769605,50.0345954],[5.775944,50.0347918],[5.7757831,50.0348538],[5.7762364,50.0354224],[5.7764367,50.03562]]]}},{"type":"Feature","properties":{"t":"prado"},"geometry":{"type":"Polygon","coordinates":[[[5.7733127,50.0352174],[5.7732812,50.035291],[5.7742457,50.0360431],[5.7749435,50.0358548],[5.7749925,50.0357916],[5.7758367,50.0356326],[5.7762095,50.0356377],[5.7764367,50.03562],[5.7762364,50.0354224],[5.7757831,50.0348538],[5.7754317,50.034921],[5.7750615,50.034971],[5.7745171,50.0349882],[5.7738386,50.0350502],[5.7733127,50.0352174]]]}},{"type":"Feature","properties":{"t":"prado"},"geometry":{"type":"Polygon","coordinates":[[[5.7749435,50.0358548],[5.7742457,50.0360431],[5.7735541,50.0369402],[5.7741818,50.0373691],[5.7754419,50.0362558],[5.7749435,50.0358548]]]}},{"type":"Feature","properties":{"t":"prado"},"geometry":{"type":"Polygon","coordinates":[[[5.7724653,50.0363827],[5.7736981,50.0372653],[5.7738932,50.0372265],[5.7733664,50.0368764],[5.7729748,50.0365043],[5.7727548,50.0362803],[5.7724653,50.0363827]]]}},{"type":"Feature","properties":{"t":"prado"},"geometry":{"type":"Polygon","coordinates":[[[5.7754419,50.0362558],[5.7741818,50.0373691],[5.7747799,50.0376947],[5.7759174,50.0366382],[5.7754419,50.0362558]]]}},{"type":"Feature","properties":{"t":"prado"},"geometry":{"type":"Polygon","coordinates":[[[5.7749864,50.0377154],[5.7752949,50.0377998],[5.7752439,50.0378928],[5.7753386,50.0379469],[5.7755095,50.037867],[5.7758855,50.0381222],[5.7767177,50.0373459],[5.7760547,50.0367597],[5.7749864,50.0377154]]]}},{"type":"Feature","properties":{"t":"prado"},"geometry":{"type":"Polygon","coordinates":[[[5.7817216,50.0369531],[5.7840013,50.035021],[5.7837653,50.0348952],[5.7835507,50.0346867],[5.7833227,50.0343783],[5.7812065,50.0342887],[5.7809329,50.0343249],[5.7803214,50.0344748],[5.7795086,50.0349228],[5.7790473,50.0351536],[5.7788689,50.0352242],[5.7785873,50.035269],[5.7785837,50.0354522],[5.7791242,50.035364],[5.7792776,50.035854],[5.7817216,50.0369531]]]}},{"type":"Feature","properties":{"t":"prado"},"geometry":{"type":"Polygon","coordinates":[[[5.7840013,50.035021],[5.7817216,50.0369531],[5.7810216,50.0375458],[5.7821096,50.0380134],[5.7838726,50.0365276],[5.7850689,50.0354887],[5.7845834,50.0353121],[5.7840013,50.035021]]]}},{"type":"Feature","properties":{"t":"lavoura"},"geometry":{"type":"Polygon","coordinates":[[[5.7850689,50.0354887],[5.7838726,50.0365276],[5.7821096,50.0380134],[5.7830116,50.038401],[5.7838646,50.0380737],[5.7841435,50.0379462],[5.7843634,50.0377033],[5.7843018,50.037693],[5.7846451,50.0372968],[5.7847899,50.0371383],[5.7850018,50.0369626],[5.7853344,50.0366662],[5.7857421,50.0362028],[5.7860747,50.0358238],[5.7855704,50.0356394],[5.7850689,50.0354887]]]}},{"type":"Feature","properties":{"t":"prado"},"geometry":{"type":"Polygon","coordinates":[[[5.7843634,50.0377033],[5.7841435,50.0379462],[5.7838646,50.0380737],[5.784519,50.0397206],[5.7863027,50.0393709],[5.7880542,50.0363785],[5.7867265,50.0360615],[5.7863912,50.0359582],[5.7861364,50.0358479],[5.785844,50.0361563],[5.7858387,50.0362063],[5.78549,50.0366094],[5.7852539,50.036792],[5.7850957,50.0370125],[5.7848355,50.0371624],[5.7847765,50.0372571],[5.7843634,50.0377033]]]}},{"type":"Feature","properties":{"t":"prado"},"geometry":{"type":"Polygon","coordinates":[[[5.7901731,50.0368282],[5.7880542,50.0363785],[5.7863027,50.0393709],[5.7868552,50.039271],[5.787212,50.0392331],[5.7876331,50.0392314],[5.7881293,50.0392658],[5.7884994,50.0392917],[5.7887247,50.0393037],[5.7896018,50.0377946],[5.7901731,50.0368282]]]}},{"type":"Feature","properties":{"t":"prado"},"geometry":{"type":"Polygon","coordinates":[[[5.7901731,50.0368282],[5.7896018,50.0377946],[5.7923779,50.0384389],[5.7927655,50.0377559],[5.7921955,50.0376181],[5.7921861,50.037637],[5.7919233,50.0375741],[5.7921043,50.037264],[5.7901731,50.0368282]]]}},{"type":"Feature","properties":{"t":"prado"},"geometry":{"type":"Polygon","coordinates":[[[5.794639,50.0378946],[5.7930793,50.0375044],[5.7928899,50.0377892],[5.7930095,50.0378213],[5.7929653,50.0379187],[5.7942286,50.0383683],[5.794639,50.0378946]]]}},{"type":"Feature","properties":{"t":"prado"},"geometry":{"type":"Polygon","coordinates":[[[5.7933488,50.0386681],[5.7936063,50.0385681],[5.7942286,50.0383683],[5.7929653,50.0379187],[5.7930095,50.0378213],[5.7928899,50.0377892],[5.7927655,50.0377559],[5.7923779,50.0384389],[5.7933488,50.0386681]]]}},{"type":"Feature","properties":{"t":"prado"},"geometry":{"type":"Polygon","coordinates":[[[5.7933488,50.0386681],[5.7923779,50.0384389],[5.7896018,50.0377946],[5.7887247,50.0393037],[5.7890868,50.0392951],[5.7895669,50.0392503],[5.790216,50.039159],[5.7905942,50.039128],[5.7909831,50.0391177],[5.7914793,50.0391401],[5.7919461,50.0391539],[5.792233,50.0391452],[5.7924557,50.0390936],[5.7927427,50.0389816],[5.7933488,50.0386681]]]}},{"type":"Feature","properties":{"t":"prado"},"geometry":{"type":"Polygon","coordinates":[[[5.7956381,50.0303536],[5.7967718,50.0293674],[5.7967392,50.0293577],[5.7972058,50.0289356],[5.79734,50.026618],[5.7970503,50.0266076],[5.796774,50.0266231],[5.7964307,50.0266938],[5.7957575,50.0268971],[5.7954946,50.0269264],[5.7950601,50.0269298],[5.7944754,50.0269057],[5.7943949,50.0269557],[5.7943332,50.0280326],[5.7942259,50.0301261],[5.7942246,50.0302399],[5.7956381,50.0303536]]]}},{"type":"Feature","properties":{"t":"prado"},"geometry":{"type":"Polygon","coordinates":[[[5.800505,50.0307533],[5.7989962,50.0306327],[5.7956381,50.0303536],[5.7942246,50.0302399],[5.7942876,50.0306611],[5.7943466,50.030662],[5.7944325,50.0311134],[5.7943869,50.0311237],[5.7944606,50.0312271],[5.7946336,50.0314011],[5.7999632,50.031918],[5.8001764,50.0315752],[5.8000356,50.0315433],[5.8000356,50.0314838],[5.8002985,50.0314675],[5.8002663,50.0310807],[5.800328,50.0309153],[5.800505,50.0307533]]]}},{"type":"Feature","properties":{"t":"prado"},"geometry":{"type":"Polygon","coordinates":[[[5.800049,50.0319258],[5.7999632,50.031918],[5.7946336,50.0314011],[5.7948241,50.0315631],[5.7949689,50.0315717],[5.7954678,50.0320249],[5.7996666,50.0324007],[5.7999149,50.0319869],[5.8000141,50.0319981],[5.800049,50.0319258]]]}},{"type":"Feature","properties":{"t":"prado"},"geometry":{"type":"Polygon","coordinates":[[[5.7853585,50.031433],[5.7851802,50.0304656],[5.7840443,50.0305621],[5.784165,50.0312047],[5.7845619,50.0312306],[5.7828507,50.0339356],[5.7830894,50.034082],[5.7833576,50.0343129],[5.7835266,50.0345523],[5.7835668,50.0345489],[5.7837975,50.0341457],[5.7849669,50.0321076],[5.7853585,50.031433]]]}},{"type":"Feature","properties":{"t":"prado"},"geometry":{"type":"Polygon","coordinates":[[[5.7848597,50.0347281],[5.7863885,50.0318207],[5.785435,50.031483],[5.7853666,50.0314976],[5.7836419,50.0345162],[5.7841489,50.0346368],[5.7842374,50.0346144],[5.7848597,50.0347281]]]}},{"type":"Feature","properties":{"t":"prado"},"geometry":{"type":"Polygon","coordinates":[[[5.7874212,50.0322049],[5.7863885,50.0318207],[5.7848597,50.0347281],[5.7855087,50.0348607],[5.7856187,50.0349262],[5.7852378,50.0354982],[5.7857662,50.0356601],[5.7874212,50.0322049]]]}},{"type":"Feature","properties":{"t":"prado"},"geometry":{"type":"Polygon","coordinates":[[[5.7866621,50.035095],[5.7880839,50.0324471],[5.7874212,50.0322049],[5.7857662,50.0356601],[5.7861686,50.0358117],[5.7866621,50.035095]]]}},{"type":"Feature","properties":{"t":"prado"},"geometry":{"type":"Polygon","coordinates":[[[5.7892424,50.0330982],[5.7894516,50.0327244],[5.7885343,50.0325676],[5.7881024,50.0324125],[5.7880839,50.0324471],[5.7866621,50.035095],[5.7879791,50.0354672],[5.7886523,50.0342095],[5.7892424,50.0330982]]]}},{"type":"Feature","properties":{"t":"prado"},"geometry":{"type":"Polygon","coordinates":[[[5.79436,50.0333446],[5.7892424,50.0330982],[5.7886523,50.0342095],[5.7900014,50.0343111],[5.7921043,50.0345093],[5.7933596,50.0346661],[5.7940087,50.0347367],[5.79436,50.0333446]]]}},{"type":"Feature","properties":{"t":"lavoura"},"geometry":{"type":"Polygon","coordinates":[[[5.7940114,50.0329173],[5.7961115,50.0329845],[5.796023,50.0326951],[5.7959694,50.0326089],[5.7958326,50.0324401],[5.7956743,50.0322885],[5.7929009,50.0321782],[5.7893443,50.0320438],[5.7894516,50.0327244],[5.7940114,50.0329173]]]}},{"type":"Feature","properties":{"t":"lavoura"},"geometry":{"type":"Polygon","coordinates":[[[5.79436,50.0333446],[5.7962483,50.0334066],[5.7961115,50.0329845],[5.7940114,50.0329173],[5.7894516,50.0327244],[5.7892424,50.0330982],[5.79436,50.0333446]]]}},{"type":"Feature","properties":{"t":"prado"},"geometry":{"type":"Polygon","coordinates":[[[5.7962483,50.0334066],[5.79436,50.0333446],[5.7940087,50.0347367],[5.7946578,50.0348159],[5.7958245,50.034952],[5.7959372,50.0350106],[5.7960552,50.0346006],[5.7962161,50.0343766],[5.7963583,50.0341268],[5.7963878,50.0339373],[5.7963663,50.0337323],[5.7962483,50.0334066]]]}},{"type":"Feature","properties":{"t":"prado"},"geometry":{"type":"Polygon","coordinates":[[[5.7861686,50.0358117],[5.7864127,50.0359099],[5.7866406,50.0359909],[5.7873595,50.0361735],[5.7883975,50.0364044],[5.7885638,50.0360322],[5.7884833,50.0359961],[5.78814,50.0357859],[5.7878396,50.0356567],[5.7878315,50.0355688],[5.7879791,50.0354672],[5.7866621,50.035095],[5.7861686,50.0358117]]]}},{"type":"Feature","properties":{"t":"prado"},"geometry":{"type":"Polygon","coordinates":[[[5.7900014,50.0343111],[5.7886523,50.0342095],[5.7879791,50.0354672],[5.7884753,50.035524],[5.7887247,50.0356429],[5.7889768,50.0357342],[5.7893819,50.0357945],[5.7900014,50.0343111]]]}},{"type":"Feature","properties":{"t":"prado"},"geometry":{"type":"Polygon","coordinates":[[[5.7921043,50.0345093],[5.7900014,50.0343111],[5.7893819,50.0357945],[5.7893685,50.0358451],[5.7897735,50.0358996],[5.7913949,50.0359582],[5.7916322,50.0359332],[5.7921043,50.0345093]]]}},{"type":"Feature","properties":{"t":"prado"},"geometry":{"type":"Polygon","coordinates":[[[5.7929967,50.0359748],[5.7933596,50.0346661],[5.7921043,50.0345093],[5.7916322,50.0359332],[5.7927909,50.0359599],[5.7929967,50.0359748]]]}},{"type":"Feature","properties":{"t":"prado"},"geometry":{"type":"Polygon","coordinates":[[[5.7946578,50.0348159],[5.7940087,50.0347367],[5.7933596,50.0346661],[5.7929967,50.0359748],[5.7934347,50.0360064],[5.7938048,50.0361821],[5.7943111,50.0363968],[5.7946953,50.0360943],[5.7946819,50.0352105],[5.7946578,50.0348159]]]}},{"type":"Feature","properties":{"t":"prado"},"geometry":{"type":"Polygon","coordinates":[[[5.7920909,50.0372158],[5.7927909,50.0359599],[5.7916322,50.0359332],[5.7913949,50.0359582],[5.7897735,50.0358996],[5.7893685,50.0358451],[5.7893229,50.0360185],[5.7890224,50.035972],[5.7888857,50.0359771],[5.7887354,50.0359875],[5.7885638,50.0360322],[5.7883975,50.0364044],[5.7908758,50.0369315],[5.7920909,50.0372158]]]}},{"type":"Feature","properties":{"t":"prado"},"geometry":{"type":"Polygon","coordinates":[[[5.7938048,50.0361821],[5.7934347,50.0360064],[5.7929967,50.0359748],[5.7927909,50.0359599],[5.7920909,50.0372158],[5.7943836,50.0377609],[5.7946068,50.0373347],[5.7933059,50.0370228],[5.7938048,50.0361821]]]}},{"type":"Feature","properties":{"t":"prado"},"geometry":{"type":"Polygon","coordinates":[[[5.7959372,50.0350106],[5.7958245,50.034952],[5.7946578,50.0348159],[5.7946819,50.0352105],[5.7946953,50.0360943],[5.7943111,50.0363968],[5.7947355,50.0365767],[5.79528,50.0364612],[5.7965595,50.0365112],[5.7968384,50.0365164],[5.7967204,50.0361546],[5.7965916,50.0359857],[5.7963234,50.0357911],[5.7960927,50.0355912],[5.7960069,50.0354258],[5.7959479,50.0351881],[5.7959372,50.0350106]]]}},{"type":"Feature","properties":{"t":"prado"},"geometry":{"type":"Polygon","coordinates":[[[5.7917207,50.0241107],[5.7912138,50.024993],[5.7911172,50.0252205],[5.7909563,50.0253997],[5.7911843,50.025441],[5.794601,50.0252598],[5.7948294,50.024738],[5.7935473,50.0244829],[5.7917207,50.0241107]]]}},{"type":"Feature","properties":{"t":"prado"},"geometry":{"type":"Polygon","coordinates":[[[5.7911843,50.025441],[5.7909563,50.0253997],[5.7903287,50.0261596],[5.7902482,50.0264181],[5.7901704,50.02663],[5.7902589,50.02668],[5.7905674,50.0266817],[5.7910609,50.02673],[5.7916671,50.0268506],[5.7915115,50.0263767],[5.7913023,50.026051],[5.7912353,50.0259046],[5.7911843,50.025441]]]}},{"type":"Feature","properties":{"t":"lavoura"},"geometry":{"type":"Polygon","coordinates":[[[5.7915115,50.0263767],[5.7916671,50.0268506],[5.7921553,50.0269143],[5.7926863,50.0268954],[5.7930967,50.0268661],[5.7939014,50.0268575],[5.7941533,50.0262821],[5.7935098,50.0262802],[5.7915115,50.0263767]]]}},{"type":"Feature","properties":{"t":"lavoura"},"geometry":{"type":"Polygon","coordinates":[[[5.7912353,50.0259046],[5.7913023,50.026051],[5.7915115,50.0263767],[5.7935098,50.0262802],[5.7941533,50.0262821],[5.7944167,50.0256806],[5.7912353,50.0259046]]]}},{"type":"Feature","properties":{"t":"lavoura"},"geometry":{"type":"Polygon","coordinates":[[[5.794601,50.0252598],[5.7911843,50.025441],[5.7912353,50.0259046],[5.7944167,50.0256806],[5.794601,50.0252598]]]}},{"type":"Feature","properties":{"t":"prado"},"geometry":{"type":"Polygon","coordinates":[[[5.7975492,50.0201471],[5.794301,50.0194612],[5.7943037,50.0197749],[5.7943627,50.0201868],[5.7944271,50.0202402],[5.7987416,50.0211473],[5.7999846,50.0214086],[5.8003736,50.0215069],[5.8006042,50.0214035],[5.8006069,50.0213001],[5.8008161,50.0211605],[5.8010387,50.0210846],[5.8012211,50.0209433],[5.8013893,50.0208148],[5.798626,50.0191261],[5.7975492,50.0201471]]]}},{"type":"Feature","properties":{"t":"lavoura"},"geometry":{"type":"Polygon","coordinates":[[[5.7975492,50.0201471],[5.798626,50.0191261],[5.7973105,50.0183221],[5.7965246,50.0185358],[5.7958138,50.0186306],[5.7953927,50.0186409],[5.794985,50.0185892],[5.79447,50.0184065],[5.7943332,50.0183738],[5.794234,50.0183962],[5.7942045,50.0184358],[5.7942957,50.0189063],[5.794301,50.0194612],[5.7975492,50.0201471]]]}},{"type":"Feature","properties":{"t":"lavoura"},"geometry":{"type":"Polygon","coordinates":[[[5.791136,50.0267937],[5.7917261,50.0281395],[5.7942688,50.0282377],[5.7943359,50.0269884],[5.7942903,50.0269195],[5.7941964,50.0269023],[5.7929304,50.0269161],[5.7925388,50.0269643],[5.7920694,50.0269815],[5.791136,50.0267937]]]}},{"type":"Feature","properties":{"t":"lavoura"},"geometry":{"type":"Polygon","coordinates":[[[5.7924369,50.0222565],[5.7896152,50.0216172],[5.7893192,50.0221908],[5.7892881,50.0222511],[5.7892773,50.022272],[5.7896796,50.0229113],[5.7897788,50.0232009],[5.7898566,50.0234817],[5.7899988,50.0237471],[5.7903099,50.0240315],[5.7908007,50.0243434],[5.7910368,50.024514],[5.7913077,50.0246622],[5.7917047,50.0240177],[5.7918468,50.0237609],[5.7922626,50.0226167],[5.7924369,50.0222565]]]}},{"type":"Feature","properties":{"t":"prado"},"geometry":{"type":"Polygon","coordinates":[[[5.7929894,50.0213724],[5.7988259,50.0225664],[5.7990861,50.0224288],[5.7992685,50.0222186],[5.7996172,50.0220083],[5.8004004,50.0215715],[5.7943332,50.0203074],[5.7940677,50.0206038],[5.7937753,50.0208382],[5.7935393,50.0210157],[5.7931879,50.021207],[5.7929894,50.0213724]]]}},{"type":"Feature","properties":{"t":"prado"},"geometry":{"type":"Polygon","coordinates":[[[5.7925951,50.0220463],[5.792343,50.0225805],[5.792174,50.0230182],[5.7953015,50.0236541],[5.7957011,50.0227252],[5.7925951,50.0220463]]]}},{"type":"Feature","properties":{"t":"lavoura"},"geometry":{"type":"Polygon","coordinates":[[[5.7988259,50.0225664],[5.7929894,50.0213724],[5.7928392,50.0215655],[5.7925951,50.0220463],[5.7957011,50.0227252],[5.7979202,50.023158],[5.7980105,50.0230406],[5.7985094,50.0227339],[5.7988259,50.0225664]]]}},{"type":"Feature","properties":{"t":"prado"},"geometry":{"type":"Polygon","coordinates":[[[5.7716069,50.0266128],[5.7723606,50.0257908],[5.7719368,50.0256961],[5.7711133,50.0264922],[5.7716069,50.0266128]]]}},{"type":"Feature","properties":{"t":"prado"},"geometry":{"type":"Polygon","coordinates":[[[5.7716069,50.0266128],[5.7711133,50.0264922],[5.7704227,50.0271616],[5.7707539,50.027271],[5.7716069,50.0266128]]]}},{"type":"Feature","properties":{"t":"prado"},"geometry":{"type":"Polygon","coordinates":[[[5.7762122,50.026618],[5.7723606,50.0257908],[5.7716069,50.0266128],[5.7707539,50.027271],[5.7704227,50.0271616],[5.7703543,50.0272288],[5.7708424,50.027545],[5.7715183,50.0279482],[5.7726422,50.0285978],[5.7731223,50.0288597],[5.7735917,50.0291543],[5.7739699,50.0293714],[5.7740504,50.029368],[5.7741442,50.0292905],[5.7745546,50.0290303],[5.7749596,50.0286926],[5.7753405,50.0283428],[5.7756275,50.0280154],[5.7758233,50.0277518],[5.775952,50.0274761],[5.7762122,50.026618]]]}},{"type":"Feature","properties":{"t":"prado"},"geometry":{"type":"Polygon","coordinates":[[[5.776075,50.0272747],[5.775944,50.0276467],[5.7756919,50.0280309],[5.7752895,50.0284634],[5.7748631,50.0288442],[5.7741201,50.0293646],[5.774112,50.0294524],[5.7752815,50.0300262],[5.7769443,50.0309065],[5.7776391,50.0304259],[5.777792,50.0304346],[5.7779555,50.0302397],[5.7781326,50.0299192],[5.7776712,50.0297848],[5.7782586,50.0286548],[5.7781645,50.0278554],[5.776075,50.0272747]]]}},{"type":"Feature","properties":{"t":"lavoura"},"geometry":{"type":"Polygon","coordinates":[[[5.7905001,50.0170908],[5.7894301,50.0170846],[5.7894596,50.0171329],[5.7918629,50.0188684],[5.7915062,50.0170726],[5.7905057,50.0171105],[5.7905001,50.0170908]]]}},{"type":"Feature","properties":{"t":"prado"},"geometry":{"type":"Polygon","coordinates":[[[5.7871664,50.0179033],[5.787161,50.0189063],[5.7872736,50.0189132],[5.787507,50.0189218],[5.788022,50.0189666],[5.7899981,50.0191348],[5.7903381,50.0183298],[5.7902133,50.01778],[5.7871664,50.0179033]]]}},{"type":"Feature","properties":{"t":"prado"},"geometry":{"type":"Polygon","coordinates":[[[5.7899981,50.0191348],[5.788022,50.0189666],[5.7880193,50.0190356],[5.7875016,50.018989],[5.787507,50.0189218],[5.7872736,50.0189132],[5.787212,50.0202454],[5.7871127,50.0202471],[5.7871154,50.02031],[5.7894489,50.0205004],[5.7895938,50.0200472],[5.7895884,50.01983],[5.7896769,50.0196973],[5.7897547,50.0197111],[5.7899981,50.0191348]]]}},{"type":"Feature","properties":{"t":"prado"},"geometry":{"type":"Polygon","coordinates":[[[5.7902133,50.01778],[5.7903381,50.0183298],[5.7899981,50.0191348],[5.7897547,50.0197111],[5.7897171,50.0199679],[5.7897708,50.020042],[5.7903072,50.0201627],[5.7907436,50.020262],[5.7908732,50.0200127],[5.7914525,50.0186805],[5.7902133,50.01778]]]}},{"type":"Feature","properties":{"t":"lavoura"},"geometry":{"type":"Polygon","coordinates":[[[5.7922599,50.0171312],[5.7919662,50.0170863],[5.7915129,50.0170484],[5.7915062,50.0170726],[5.7918629,50.0188684],[5.7924342,50.019301],[5.7927132,50.0194974],[5.7924637,50.0182014],[5.7922599,50.0171312]]]}},{"type":"Feature","properties":{"t":"prado"},"geometry":{"type":"Polygon","coordinates":[[[5.788144,50.0215344],[5.7883774,50.0213604],[5.7887086,50.0214897],[5.7889742,50.0212466],[5.7890351,50.0212714],[5.7892692,50.0210381],[5.789237,50.0209554],[5.7892907,50.0208261],[5.7894114,50.0207796],[5.7894421,50.0207986],[5.7895603,50.0205192],[5.7894489,50.0205004],[5.7871154,50.02031],[5.7870872,50.020634],[5.7872026,50.0207417],[5.7875834,50.0211062],[5.788144,50.0215344]]]}},{"type":"Feature","properties":{"t":"prado"},"geometry":{"type":"Polygon","coordinates":[[[5.7887086,50.0214897],[5.7883774,50.0213604],[5.788144,50.0215344],[5.7883264,50.0216189],[5.7885316,50.0216516],[5.7887086,50.0214897]]]}},{"type":"Feature","properties":{"t":"prado"},"geometry":{"type":"Polygon","coordinates":[[[5.7895603,50.0205192],[5.7894421,50.0207986],[5.7894865,50.0208261],[5.7893711,50.0210071],[5.7892692,50.0210381],[5.7890351,50.0212714],[5.7890546,50.0212794],[5.788655,50.0216757],[5.7889152,50.0217154],[5.7890895,50.021805],[5.7891153,50.0218319],[5.7891458,50.0218119],[5.7893192,50.0221908],[5.7896152,50.0216172],[5.7898352,50.0211777],[5.7900739,50.0206642],[5.7903072,50.0201627],[5.7897708,50.020042],[5.7896715,50.0203126],[5.7897493,50.0204074],[5.7896635,50.0205366],[5.7895603,50.0205192]]]}},{"type":"Feature","properties":{"t":"prado"},"geometry":{"type":"Polygon","coordinates":[[[5.7925576,50.020397],[5.7938772,50.0206969],[5.7940301,50.0205625],[5.7941642,50.0204246],[5.794234,50.020316],[5.7941696,50.0202574],[5.7937834,50.0201471],[5.7934105,50.0199989],[5.7930163,50.0198042],[5.7925576,50.019494],[5.7918763,50.0190028],[5.7914525,50.0186805],[5.7908732,50.0200127],[5.7925576,50.020397]]]}},{"type":"Feature","properties":{"t":"prado"},"geometry":{"type":"Polygon","coordinates":[[[5.7938772,50.0206969],[5.7925576,50.020397],[5.7908732,50.0200127],[5.7907436,50.020262],[5.7935929,50.0209106],[5.7938772,50.0206969]]]}},{"type":"Feature","properties":{"t":"prado"},"geometry":{"type":"Polygon","coordinates":[[[5.7903072,50.0201627],[5.7900739,50.0206642],[5.7929787,50.021319],[5.793137,50.0211949],[5.7933944,50.0210347],[5.7935312,50.0209623],[5.7935929,50.0209106],[5.7907436,50.020262],[5.7903072,50.0201627]]]}},{"type":"Feature","properties":{"t":"prado"},"geometry":{"type":"Polygon","coordinates":[[[5.7898352,50.0211777],[5.7926407,50.0218119],[5.7928017,50.021512],[5.7929787,50.021319],[5.7900739,50.0206642],[5.7898352,50.0211777]]]}},{"type":"Feature","properties":{"t":"prado"},"geometry":{"type":"Polygon","coordinates":[[[5.7926407,50.0218119],[5.7898352,50.0211777],[5.7896152,50.0216172],[5.7924369,50.0222565],[5.7926407,50.0218119]]]}},{"type":"Feature","properties":{"t":"prado"},"geometry":{"type":"Polygon","coordinates":[[[5.7897788,50.0232009],[5.7896796,50.0229113],[5.7892773,50.022272],[5.7892881,50.0222511],[5.7891901,50.0220842],[5.7890539,50.0222736],[5.7889876,50.0223659],[5.7886429,50.0227666],[5.7884203,50.0231871],[5.7879066,50.0237299],[5.7874225,50.0242098],[5.786705,50.0250464],[5.7865307,50.0250912],[5.7864717,50.025248],[5.7860693,50.0254565],[5.7860157,50.025591],[5.7856348,50.0258322],[5.7859084,50.0258787],[5.7865575,50.0260321],[5.7879817,50.0263733],[5.788478,50.0264801],[5.7891056,50.026568],[5.7897171,50.0266524],[5.7899639,50.0266731],[5.7900953,50.0266455],[5.7902697,50.0261579],[5.7905647,50.025796],[5.7879952,50.0249482],[5.7897788,50.0232009]]]}},{"type":"Feature","properties":{"t":"prado"},"geometry":{"type":"Polygon","coordinates":[[[5.7897788,50.0232009],[5.7879952,50.0249482],[5.7905647,50.025796],[5.7909778,50.0253135],[5.7910904,50.0251447],[5.7912379,50.024769],[5.7913077,50.0246622],[5.7910368,50.024514],[5.7908007,50.0243434],[5.7903099,50.0240315],[5.7899988,50.0237471],[5.7898566,50.0234817],[5.7897788,50.0232009]]]}},{"type":"Feature","properties":{"t":"prado"},"geometry":{"type":"Polygon","coordinates":[[[5.7866896,50.0261143],[5.7879305,50.0290026],[5.7886201,50.0289062],[5.7888696,50.0288821],[5.7893282,50.0288976],[5.7882956,50.026487],[5.7875204,50.0263285],[5.7866896,50.0261143]]]}},{"type":"Feature","properties":{"t":"prado"},"geometry":{"type":"Polygon","coordinates":[[[5.7886201,50.0289062],[5.7879305,50.0290026],[5.7862459,50.029218],[5.7871744,50.0320765],[5.7881024,50.0324125],[5.7885343,50.0325676],[5.7894516,50.0327244],[5.7893443,50.0320438],[5.789119,50.0307395],[5.7886201,50.0289062]]]}},{"type":"Feature","properties":{"t":"prado"},"geometry":{"type":"Polygon","coordinates":[[[5.7910124,50.0289606],[5.790039,50.0267093],[5.7897761,50.0267007],[5.7888696,50.0265835],[5.7882956,50.026487],[5.7893282,50.0288976],[5.7910124,50.0289606]]]}},{"type":"Feature","properties":{"t":"prado"},"geometry":{"type":"Polygon","coordinates":[[[5.790039,50.0267093],[5.7910124,50.0289606],[5.7920909,50.029001],[5.7917261,50.0281395],[5.791136,50.0267937],[5.7905325,50.0267248],[5.790039,50.0267093]]]}},{"type":"Feature","properties":{"t":"prado"},"geometry":{"type":"Polygon","coordinates":[[[5.7942635,50.0308171],[5.789119,50.0307395],[5.7893443,50.0320438],[5.7929009,50.0321782],[5.7956743,50.0322885],[5.7947704,50.0315855],[5.7945022,50.0313443],[5.794352,50.0311858],[5.794293,50.0310342],[5.7942635,50.0308171]]]}},{"type":"Feature","properties":{"t":"prado"},"geometry":{"type":"Polygon","coordinates":[[[5.7810348,50.0222582],[5.7807371,50.0211743],[5.7781327,50.0213276],[5.7781434,50.0215379],[5.7781059,50.0219618],[5.7779905,50.0223582],[5.7775533,50.0233559],[5.7775936,50.0234094],[5.7780361,50.0235076],[5.7780817,50.0234232],[5.7795221,50.0236386],[5.7809946,50.0236231],[5.7810616,50.0234697],[5.7810992,50.0225736],[5.7810348,50.0222582]]]}},{"type":"Feature","properties":{"t":"prado"},"geometry":{"type":"Polygon","coordinates":[[[5.7833067,50.0217395],[5.7808015,50.021226],[5.7810852,50.0222527],[5.7831221,50.0220292],[5.7833067,50.0217395]]]}},{"type":"Feature","properties":{"t":"prado"},"geometry":{"type":"Polygon","coordinates":[[[5.7831221,50.0220292],[5.7810852,50.0222527],[5.7810348,50.0222582],[5.7810992,50.0225736],[5.7810616,50.0234697],[5.7809946,50.0236231],[5.7820836,50.0236592],[5.7831221,50.0220292]]]}},{"type":"Feature","properties":{"t":"prado"},"geometry":{"type":"Polygon","coordinates":[[[5.7870993,50.0193785],[5.7839928,50.0189082],[5.783878,50.0188908],[5.7838304,50.0217642],[5.784696,50.021805],[5.785431,50.0218619],[5.7844117,50.0233146],[5.785608,50.0236541],[5.7865119,50.0224202],[5.7867318,50.0221307],[5.7868284,50.0219239],[5.7868499,50.0216723],[5.7869518,50.0208503],[5.7870376,50.0205659],[5.7870725,50.0200524],[5.7870993,50.0193785]]]}},{"type":"Feature","properties":{"t":"prado"},"geometry":{"type":"Polygon","coordinates":[[[5.785608,50.0236541],[5.7844117,50.0233146],[5.785431,50.0218619],[5.784696,50.021805],[5.7838304,50.0217642],[5.7833067,50.0217395],[5.7831221,50.0220292],[5.7820836,50.0236592],[5.782679,50.0236747],[5.7841341,50.0237273],[5.7852499,50.0240711],[5.7854015,50.0239212],[5.785608,50.0236541]]]}},{"type":"Feature","properties":{"t":"prado"},"geometry":{"type":"Polygon","coordinates":[[[5.7824752,50.0242839],[5.782679,50.0236747],[5.7820836,50.0236592],[5.7809946,50.0236231],[5.7795221,50.0236386],[5.7780817,50.0234232],[5.7780361,50.0235076],[5.778417,50.0236007],[5.7790178,50.0237902],[5.7798171,50.0241211],[5.7801792,50.0242934],[5.7802409,50.0242572],[5.780493,50.0241107],[5.7812279,50.0241073],[5.7819548,50.0241797],[5.7824752,50.0242839]]]}},{"type":"Feature","properties":{"t":"prado"},"geometry":{"type":"Polygon","coordinates":[[[5.7852499,50.0240711],[5.7841341,50.0237273],[5.782679,50.0236747],[5.7824752,50.0242839],[5.7834797,50.0244717],[5.7839128,50.0246105],[5.7841381,50.0247173],[5.7843111,50.0248879],[5.7844399,50.0251223],[5.7847121,50.0244761],[5.7848677,50.0243123],[5.7852499,50.0240711]]]}},{"type":"Feature","properties":{"t":"prado"},"geometry":{"type":"Polygon","coordinates":[[[5.7844399,50.0251223],[5.7843111,50.0248879],[5.7841381,50.0247173],[5.7839128,50.0246105],[5.7834797,50.0244717],[5.7824752,50.0242839],[5.7819548,50.0241797],[5.7812279,50.0241073],[5.780493,50.0241107],[5.7802409,50.0242572],[5.7813245,50.0247397],[5.7824537,50.025205],[5.7833093,50.0254152],[5.7839933,50.025541],[5.7839879,50.0255772],[5.784122,50.0255996],[5.7842374,50.0255754],[5.7844399,50.0251223]]]}},{"type":"Feature","properties":{"t":"prado"},"geometry":{"type":"Polygon","coordinates":[[[5.7882607,50.0216292],[5.7881333,50.0215672],[5.7876357,50.0212087],[5.7873863,50.0209778],[5.7871073,50.0207115],[5.7870483,50.0207193],[5.7869719,50.0210924],[5.7868995,50.0217645],[5.7868284,50.0220764],[5.7867171,50.0222375],[5.7864408,50.0226081],[5.7859406,50.0232931],[5.785439,50.0239556],[5.7853036,50.024072],[5.7849388,50.0243141],[5.7848074,50.024445],[5.784696,50.0246156],[5.7844278,50.0252799],[5.784279,50.0255858],[5.7843286,50.0256409],[5.7844171,50.0256676],[5.7849938,50.0257495],[5.7852325,50.0257805],[5.785329,50.0256702],[5.7855839,50.0255806],[5.7861847,50.0252773],[5.7862812,50.0250947],[5.7865307,50.0250912],[5.786705,50.0250464],[5.7874225,50.0242098],[5.7879066,50.0237299],[5.7884203,50.0231871],[5.7886429,50.0227666],[5.7889876,50.0223659],[5.7890539,50.0222736],[5.7890171,50.0218963],[5.7890811,50.0218543],[5.7890124,50.0217934],[5.7888897,50.021746],[5.7886375,50.0217016],[5.7884431,50.0226572],[5.7884297,50.0229639],[5.7883787,50.0230363],[5.7882245,50.0230845],[5.7881547,50.0231233],[5.7881735,50.0231957],[5.7877779,50.023399],[5.7874829,50.023617],[5.7872187,50.0237325],[5.787169,50.0240004],[5.7872026,50.02409],[5.7871422,50.0242158],[5.787043,50.0243477],[5.7867868,50.0244511],[5.7867922,50.0245088],[5.7866769,50.0245484],[5.7866071,50.0246897],[5.7865401,50.0247259],[5.7864355,50.0249051],[5.7863443,50.0249318],[5.7861444,50.02485],[5.786178,50.0247767],[5.7863604,50.0248422],[5.7865629,50.0245183],[5.7868619,50.0243563],[5.7870108,50.0242538],[5.7871234,50.0237006],[5.7872669,50.0236239],[5.7873501,50.0235748],[5.787625,50.0234094],[5.7879321,50.0232198],[5.7880005,50.023119],[5.7881467,50.0230509],[5.7883023,50.0228752],[5.7883948,50.0224667],[5.7884806,50.0217309],[5.7882553,50.0216671],[5.7882607,50.0216292]]]}},{"type":"Feature","properties":{"t":"prado"},"geometry":{"type":"Polygon","coordinates":[[[5.7725322,50.0246897],[5.772036,50.0255703],[5.7719368,50.0256961],[5.7723606,50.0257908],[5.7762122,50.026618],[5.7763892,50.0260666],[5.776585,50.0257081],[5.7766843,50.025572],[5.7748577,50.0251895],[5.7725322,50.0246897]]]}},{"type":"Feature","properties":{"t":"lavoura"},"geometry":{"type":"Polygon","coordinates":[[[5.7736212,50.0226675],[5.7733208,50.023225],[5.7728809,50.0240539],[5.7725322,50.0246897],[5.7748577,50.0251895],[5.7766843,50.025572],[5.7768238,50.0252997],[5.7769284,50.0249792],[5.7771188,50.0241986],[5.7771993,50.0239625],[5.777438,50.0234559],[5.7773951,50.0234059],[5.7759306,50.0231216],[5.7746431,50.0229493],[5.7742274,50.0228648],[5.7739297,50.0227804],[5.7736212,50.0226675]]]}},{"type":"Feature","properties":{"t":"prado"},"geometry":{"type":"Polygon","coordinates":[[[5.7801685,50.0243261],[5.7792337,50.0239281],[5.7787617,50.0237557],[5.7782882,50.0236136],[5.7776137,50.0234576],[5.7775386,50.0234481],[5.7774876,50.0234688],[5.777265,50.0239505],[5.7771993,50.0241004],[5.7804095,50.0251983],[5.7801604,50.0246639],[5.7801829,50.0246297],[5.7835477,50.026003],[5.7836151,50.0261148],[5.7833304,50.0262271],[5.7835668,50.02668],[5.7836956,50.0267084],[5.7837318,50.0268247],[5.7840362,50.0266421],[5.7839316,50.0266042],[5.7839853,50.0264767],[5.7841891,50.0262957],[5.7846317,50.026089],[5.7852083,50.0258201],[5.7847282,50.0257547],[5.7841757,50.025653],[5.7833,50.0254626],[5.7832852,50.0255005],[5.7825436,50.025329],[5.7821842,50.0252196],[5.7807465,50.0246122],[5.7801403,50.024383],[5.7801685,50.0243261]]]}},{"type":"Feature","properties":{"t":"prado"},"geometry":{"type":"Polygon","coordinates":[[[5.7804095,50.0251983],[5.7771993,50.0241004],[5.7771215,50.0244037],[5.7768774,50.025317],[5.7765287,50.0259235],[5.7763919,50.026244],[5.7763003,50.0265475],[5.7780851,50.0269345],[5.7785829,50.0266561],[5.7795163,50.0263321],[5.7801386,50.0259461],[5.780439,50.0255877],[5.7804877,50.0254083],[5.7804095,50.0251983]]]}},{"type":"Feature","properties":{"t":"prado"},"geometry":{"type":"Polygon","coordinates":[[[5.7835668,50.02668],[5.7833304,50.0262271],[5.7832664,50.026132],[5.7824215,50.0263526],[5.7824323,50.0264026],[5.7814582,50.0266371],[5.7814073,50.0269404],[5.7786584,50.0267282],[5.7785829,50.0266561],[5.7780851,50.0269345],[5.7787117,50.0273798],[5.7817751,50.0273813],[5.7821989,50.0272883],[5.7830116,50.0271108],[5.7833683,50.0269988],[5.783599,50.0269005],[5.7835668,50.02668]]]}},{"type":"Feature","properties":{"t":"prado"},"geometry":{"type":"Polygon","coordinates":[[[5.7652176,50.0245306],[5.7634771,50.0236644],[5.7623398,50.0230957],[5.7621467,50.0229803],[5.7620823,50.0229786],[5.7615057,50.0236351],[5.7612643,50.0238902],[5.760929,50.0241211],[5.7600626,50.0246604],[5.7597046,50.0248801],[5.7597797,50.0249465],[5.759372,50.0251989],[5.7592982,50.0253661],[5.7592137,50.0253601],[5.759262,50.0251679],[5.7588288,50.0254893],[5.7587188,50.025591],[5.7627768,50.0269949],[5.76441,50.0275623],[5.7639648,50.0266165],[5.7652176,50.0245306]]]}},{"type":"Feature","properties":{"t":"prado"},"geometry":{"type":"Polygon","coordinates":[[[5.7627768,50.0269949],[5.7587188,50.025591],[5.7583407,50.0260614],[5.7577291,50.0270539],[5.7572758,50.0278086],[5.7573509,50.0278638],[5.7579544,50.0281774],[5.7584962,50.0284824],[5.758979,50.0287718],[5.7592848,50.0289372],[5.759671,50.0290871],[5.76006,50.0291716],[5.7607225,50.0292405],[5.7612991,50.0293938],[5.7617095,50.0295317],[5.763208,50.0301704],[5.7627768,50.0269949]]]}},{"type":"Feature","properties":{"t":"prado"},"geometry":{"type":"Polygon","coordinates":[[[5.7649791,50.0309876],[5.7630372,50.0301537],[5.7616773,50.0295748],[5.7612669,50.02943],[5.7606769,50.0292836],[5.7603282,50.0292388],[5.7599393,50.0291923],[5.7596603,50.0291216],[5.7593197,50.0290044],[5.758853,50.0287684],[5.7580858,50.0282963],[5.7574689,50.0279637],[5.7572651,50.0278741],[5.7572275,50.0278827],[5.7567072,50.0287046],[5.7569469,50.0287708],[5.7569861,50.0286874],[5.7590702,50.0291991],[5.7600921,50.0295145],[5.761216,50.0299056],[5.7614724,50.0299985],[5.7617774,50.0300745],[5.7623613,50.0302243],[5.762302,50.0303149],[5.7622755,50.0303553],[5.7630236,50.0306015],[5.7631721,50.0306507],[5.7632101,50.0306199],[5.7632983,50.0305978],[5.763297,50.0306642],[5.7632962,50.0307046],[5.7636392,50.0308477],[5.7637331,50.0307719],[5.764153,50.0309406],[5.7641194,50.0310478],[5.7645904,50.0312896],[5.7653979,50.0317204],[5.7655229,50.0316456],[5.766937,50.0325448],[5.767503,50.0320963],[5.7651186,50.0311013],[5.7649791,50.0309876]]]}},{"type":"Feature","properties":{"t":"prado"},"geometry":{"type":"Polygon","coordinates":[[[5.7822901,50.0165883],[5.7824135,50.0162418],[5.7825369,50.0160781],[5.7817376,50.0159471],[5.7813647,50.015873],[5.7809034,50.0157541],[5.7804421,50.0157368],[5.7790768,50.0157627],[5.7777625,50.0157696],[5.7772073,50.0157196],[5.7766736,50.0156576],[5.7764402,50.01644],[5.7764134,50.0166951],[5.7763892,50.0169605],[5.7768184,50.0168192],[5.7782185,50.0165572],[5.7794738,50.0164917],[5.7795757,50.0165469],[5.7822901,50.0165883]]]}},{"type":"Feature","properties":{"t":"prado"},"geometry":{"type":"Polygon","coordinates":[[[5.7790741,50.0191079],[5.7797796,50.0196232],[5.7810134,50.0187908],[5.7811689,50.0186254],[5.7813567,50.0182256],[5.7814087,50.018107],[5.7815123,50.0178705],[5.7816946,50.017643],[5.782038,50.0174672],[5.7823062,50.0173535],[5.7823838,50.0172206],[5.7823116,50.017207],[5.7794255,50.0171536],[5.7790741,50.0191079]]]}},{"type":"Feature","properties":{"t":"lavoura"},"geometry":{"type":"Polygon","coordinates":[[[5.7822901,50.0165883],[5.7795757,50.0165469],[5.7794738,50.0164917],[5.7782185,50.0165572],[5.7768184,50.0168192],[5.7763892,50.0169605],[5.7763839,50.0174293],[5.7765126,50.0177326],[5.7772958,50.0190838],[5.7772905,50.0196112],[5.7772663,50.0200713],[5.7790741,50.0191079],[5.7794255,50.0171536],[5.7823116,50.017207],[5.7822365,50.0166538],[5.7822821,50.0166507],[5.7822901,50.0165883]]]}},{"type":"Feature","properties":{"t":"prado"},"geometry":{"type":"Polygon","coordinates":[[[5.7864864,50.0166606],[5.7866996,50.0169019],[5.7870832,50.0174431],[5.7871851,50.0176999],[5.7871664,50.0179033],[5.7902133,50.01778],[5.7894221,50.0171966],[5.7885826,50.0165607],[5.7884297,50.0165021],[5.7882553,50.0164125],[5.7879227,50.0161919],[5.7876384,50.0160729],[5.787456,50.0160298],[5.7871851,50.0160212],[5.7869706,50.0160385],[5.7866138,50.0160764],[5.7869732,50.0164969],[5.7864864,50.0166606]]]}},{"type":"Feature","properties":{"t":"prado"},"geometry":{"type":"Polygon","coordinates":[[[5.7859004,50.0161074],[5.7858254,50.0160579],[5.7857099,50.0160712],[5.7854632,50.0159764],[5.7842446,50.015985],[5.7844698,50.0161777],[5.7845056,50.016147],[5.7853237,50.0168158],[5.7852781,50.0168554],[5.7856204,50.0172648],[5.7867265,50.0171966],[5.7857877,50.0161539],[5.7859004,50.0161074]]]}},{"type":"Feature","properties":{"t":"prado"},"geometry":{"type":"Polygon","coordinates":[[[5.7841322,50.0158888],[5.7854229,50.0159006],[5.7841569,50.0152846],[5.7837804,50.0155876],[5.7841322,50.0158888]]]}},{"type":"Feature","properties":{"t":"prado"},"geometry":{"type":"Polygon","coordinates":[[[5.7844922,50.0162229],[5.7843822,50.016328],[5.784114,50.0163625],[5.7840979,50.0169209],[5.7839692,50.0169209],[5.7839745,50.0170588],[5.7839209,50.0170579],[5.7840711,50.017319],[5.7852727,50.0172863],[5.7856204,50.0172648],[5.7852781,50.0168554],[5.7852405,50.0168657],[5.7844922,50.0162229]]]}},{"type":"Feature","properties":{"t":"prado"},"geometry":{"type":"Polygon","coordinates":[[[5.7829607,50.0169872],[5.7824409,50.0169596],[5.7825369,50.0173483],[5.7838029,50.0173449],[5.7834971,50.0170622],[5.7829674,50.0170674],[5.7829607,50.0169872]]]}},{"type":"Feature","properties":{"t":"prado"},"geometry":{"type":"Polygon","coordinates":[[[5.7840786,50.0173844],[5.7840711,50.017319],[5.7839209,50.0170579],[5.78376,50.0170562],[5.7839504,50.0174655],[5.7839987,50.0174672],[5.7839928,50.0189082],[5.7870993,50.0193785],[5.7871154,50.0178722],[5.7870403,50.0175034],[5.7868955,50.0172742],[5.7855946,50.0173621],[5.7840818,50.0174121],[5.7840786,50.0173844]]]}},{"type":"Feature","properties":{"t":"prado"},"geometry":{"type":"Polygon","coordinates":[[[5.7839504,50.0174655],[5.78376,50.0170562],[5.7834971,50.0170622],[5.7838029,50.0173449],[5.7838243,50.0174164],[5.7824993,50.0174552],[5.782097,50.0175982],[5.7817215,50.0178205],[5.7815203,50.0182514],[5.7813969,50.0182411],[5.7812226,50.0186461],[5.780957,50.0188787],[5.7806593,50.0190993],[5.7806835,50.0197094],[5.7807103,50.0208037],[5.7808015,50.021226],[5.7833067,50.0217395],[5.7838304,50.0217642],[5.783878,50.0188908],[5.7838847,50.0174715],[5.7839504,50.0174655]]]}},{"type":"Feature","properties":{"t":"prado"},"geometry":{"type":"Polygon","coordinates":[[[5.7785404,50.0205918],[5.7783204,50.0208589],[5.778181,50.0211501],[5.7781327,50.0213276],[5.7807371,50.0211743],[5.7806486,50.0207744],[5.7806379,50.0202488],[5.7806057,50.0192441],[5.7805869,50.0191855],[5.77916,50.0201282],[5.7786128,50.0206073],[5.7785404,50.0205918]]]}},{"type":"Feature","properties":{"t":"prado"},"geometry":{"type":"Polygon","coordinates":[[[5.7797796,50.0196232],[5.7790741,50.0191079],[5.7772663,50.0200713],[5.7772368,50.0205383],[5.7772931,50.0206866],[5.7773522,50.0207693],[5.7776257,50.0209968],[5.7780147,50.0212794],[5.7780951,50.0213139],[5.7781246,50.0211019],[5.7782561,50.0208365],[5.7783633,50.0207279],[5.7786691,50.0203867],[5.7791895,50.0199938],[5.7797796,50.0196232]]]}},{"type":"Feature","properties":{"t":"prado"},"geometry":{"type":"Polygon","coordinates":[[[5.7759896,50.0176465],[5.7763651,50.0175655],[5.7763061,50.0173535],[5.7763222,50.0168657],[5.776341,50.0165521],[5.7763597,50.0164497],[5.7752931,50.0164903],[5.7759896,50.0176465]]]}},{"type":"Feature","properties":{"t":"prado"},"geometry":{"type":"Polygon","coordinates":[[[5.7752931,50.0164903],[5.774837,50.0157172],[5.7746721,50.0157189],[5.7746834,50.0157592],[5.7742879,50.0157738],[5.7760416,50.0184569],[5.7763356,50.0183376],[5.7759896,50.0176465],[5.7752931,50.0164903]]]}},{"type":"Feature","properties":{"t":"lavoura"},"geometry":{"type":"Polygon","coordinates":[[[5.7760416,50.0184569],[5.7742879,50.0157738],[5.7734174,50.0158058],[5.7757549,50.0185733],[5.7760416,50.0184569]]]}},{"type":"Feature","properties":{"t":"lavoura"},"geometry":{"type":"Polygon","coordinates":[[[5.7722023,50.015823],[5.7717197,50.015882],[5.7734135,50.0173664],[5.7739286,50.0178663],[5.7749504,50.0188998],[5.7752541,50.0187765],[5.773994,50.0174948],[5.7722023,50.015823]]]}},{"type":"Feature","properties":{"t":"lavoura"},"geometry":{"type":"Polygon","coordinates":[[[5.7727951,50.0158006],[5.7722023,50.015823],[5.773994,50.0174948],[5.7752541,50.0187765],[5.7757549,50.0185733],[5.7734174,50.0158058],[5.7727951,50.0158006]]]}},{"type":"Feature","properties":{"t":"prado"},"geometry":{"type":"Polygon","coordinates":[[[5.7780576,50.0218722],[5.7780737,50.0214052],[5.7777116,50.0211415],[5.7772931,50.0207917],[5.7771751,50.0206314],[5.7771966,50.0202385],[5.7772234,50.0194199],[5.77721,50.0191166],[5.7767916,50.0183583],[5.7763651,50.0175655],[5.7759896,50.0176465],[5.7763356,50.0183376],[5.7760416,50.0184569],[5.7757549,50.0185733],[5.7752541,50.0187765],[5.7749504,50.0188998],[5.7759198,50.0199096],[5.7752558,50.0213162],[5.7780576,50.0218722]]]}},{"type":"Feature","properties":{"t":"prado"},"geometry":{"type":"Polygon","coordinates":[[[5.7745207,50.0228497],[5.7747745,50.0229131],[5.7759172,50.0230785],[5.7774299,50.0233784],[5.777505,50.0233542],[5.777961,50.0222582],[5.7780576,50.0218722],[5.7752558,50.0213162],[5.7745207,50.0228497]]]}},{"type":"Feature","properties":{"t":"prado"},"geometry":{"type":"Polygon","coordinates":[[[5.7666719,50.023501],[5.7671383,50.0236937],[5.772036,50.0255703],[5.7725322,50.0246897],[5.7728809,50.0240539],[5.7733208,50.023225],[5.7736212,50.0226675],[5.7725805,50.022291],[5.771623,50.0220428],[5.7710007,50.0219842],[5.7702443,50.0218636],[5.7690212,50.021612],[5.7676077,50.021126],[5.7675916,50.0210795],[5.7673048,50.0210134],[5.7666719,50.023501]]]}},{"type":"Feature","properties":{"t":"prado"},"geometry":{"type":"Polygon","coordinates":[[[5.7662741,50.0250309],[5.7683151,50.0261071],[5.7688871,50.0263871],[5.7698473,50.0269298],[5.7703543,50.0272288],[5.7704227,50.0271616],[5.7711133,50.0264922],[5.7719368,50.0256961],[5.772036,50.0255703],[5.7671383,50.0236937],[5.7666719,50.023501],[5.7662741,50.0250309]]]}},{"type":"Feature","properties":{"t":"prado"},"geometry":{"type":"Polygon","coordinates":[[[5.7867881,50.013865],[5.7861943,50.014008],[5.7867774,50.0146183],[5.7875861,50.0154662],[5.7878007,50.0154076],[5.7878798,50.0154783],[5.7880756,50.0155576],[5.7882795,50.0157739],[5.788714,50.0161341],[5.7888038,50.016122],[5.7885155,50.0155766],[5.7884297,50.0155826],[5.7882634,50.0154525],[5.7883492,50.0153913],[5.7882741,50.0153085],[5.7884389,50.0152676],[5.7882473,50.0150681],[5.7879737,50.0145131],[5.7877537,50.0141115],[5.7870189,50.0142977],[5.7867881,50.013865]]]}},{"type":"Feature","properties":{"t":"prado"},"geometry":{"type":"Polygon","coordinates":[[[5.788191,50.016079],[5.7885987,50.0164538],[5.7890198,50.0167916],[5.7892746,50.0169674],[5.7892585,50.0168916],[5.7890975,50.0167003],[5.7892397,50.0166693],[5.7894596,50.0169209],[5.789457,50.0170433],[5.7901865,50.0170588],[5.7904842,50.0170346],[5.7910529,50.0169519],[5.7922661,50.0170431],[5.7920949,50.0168309],[5.7916259,50.0162496],[5.7910717,50.0161987],[5.7895267,50.0160212],[5.7892719,50.0156748],[5.7889967,50.0152036],[5.7884592,50.0152887],[5.7886054,50.0154111],[5.7888025,50.0158178],[5.7889608,50.0161875],[5.7889017,50.0163047],[5.7890962,50.0165133],[5.7889795,50.016546],[5.7888119,50.0163789],[5.7887314,50.0163918],[5.7886469,50.016322],[5.7886603,50.016222],[5.7884176,50.0160247],[5.788191,50.016079]]]}},{"type":"Feature","properties":{"t":"prado"},"geometry":{"type":"Polygon","coordinates":[[[5.7889967,50.0152036],[5.7892719,50.0156748],[5.7895267,50.0160212],[5.7910717,50.0161987],[5.7916259,50.0162496],[5.7918661,50.0162849],[5.7917464,50.0160854],[5.7916054,50.0160264],[5.791482,50.0159178],[5.7912943,50.0156938],[5.7911535,50.0154542],[5.7909939,50.0151146],[5.7909187,50.0148166],[5.7897386,50.0150423],[5.7897466,50.0150991],[5.7892343,50.0152112],[5.7891995,50.0151715],[5.7889967,50.0152036]]]}},{"type":"Feature","properties":{"t":"prado"},"geometry":{"type":"Polygon","coordinates":[[[5.7681522,50.0175298],[5.7686913,50.0179188],[5.7700237,50.0182555],[5.7706209,50.0176536],[5.7709459,50.0173679],[5.7714787,50.0170488],[5.771548,50.0169746],[5.7715193,50.0169143],[5.7705667,50.0162922],[5.7689756,50.0171088],[5.7681522,50.0175298]]]}},{"type":"Feature","properties":{"t":"prado"},"geometry":{"type":"Polygon","coordinates":[[[5.7915772,50.0118803],[5.7916047,50.0117908],[5.7907042,50.0116709],[5.7898142,50.0115376],[5.7897587,50.0116855],[5.7915772,50.0118803]]]}},{"type":"Feature","properties":{"t":"prado"},"geometry":{"type":"Polygon","coordinates":[[[5.7897426,50.0119975],[5.7902291,50.0120028],[5.790212,50.0119544],[5.7907873,50.0119613],[5.7908061,50.0120237],[5.7915303,50.012038],[5.7915772,50.0118803],[5.7897587,50.0116855],[5.7889755,50.0116071],[5.7889608,50.0117588],[5.7897493,50.0118269],[5.7897426,50.0119975]]]}},{"type":"Feature","properties":{"t":"prado"},"geometry":{"type":"Polygon","coordinates":[[[5.7914405,50.0122621],[5.7915303,50.012038],[5.7908061,50.0120237],[5.7908182,50.0120639],[5.7902549,50.0120759],[5.7902291,50.0120028],[5.7897426,50.0119975],[5.7896678,50.0119956],[5.7900135,50.012244],[5.790112,50.0123677],[5.7914405,50.0122621]]]}},{"type":"Feature","properties":{"t":"prado"},"geometry":{"type":"Polygon","coordinates":[[[5.790112,50.0123677],[5.7900135,50.012244],[5.7896678,50.0119956],[5.7893349,50.0119872],[5.7893202,50.0120759],[5.7891552,50.0120716],[5.7891217,50.0121992],[5.7892464,50.0122776],[5.7893416,50.0124077],[5.7898043,50.0123922],[5.790112,50.0123677]]]}},{"type":"Feature","properties":{"t":"prado"},"geometry":{"type":"Polygon","coordinates":[[[5.7891073,50.012933],[5.7892974,50.0131386],[5.7900672,50.0129076],[5.7906452,50.012643],[5.7907297,50.0126284],[5.7907163,50.0124879],[5.7912715,50.0124405],[5.7913761,50.0124172],[5.791427,50.0123336],[5.7914405,50.0122621],[5.790112,50.0123677],[5.7898043,50.0123922],[5.7898821,50.0126473],[5.7891579,50.0129165],[5.7891073,50.012933]]]}},{"type":"Feature","properties":{"t":"prado"},"geometry":{"type":"Polygon","coordinates":[[[5.7882101,50.0129947],[5.7884216,50.0130455],[5.7884632,50.0131816],[5.7887422,50.0132368],[5.7889165,50.0132678],[5.7892974,50.0131386],[5.7891073,50.012933],[5.7886959,50.0130675],[5.7885282,50.0131541],[5.7884847,50.0130231],[5.7882017,50.0129662],[5.7882101,50.0129947]]]}},{"type":"Feature","properties":{"t":"prado"},"geometry":{"type":"Polygon","coordinates":[[[5.7884272,50.0134399],[5.7885531,50.0133928],[5.7887422,50.0132368],[5.7884632,50.0131816],[5.7884216,50.0130455],[5.7882101,50.0129947],[5.7882379,50.0130886],[5.7881843,50.0130886],[5.7883117,50.0134212],[5.7883841,50.0134005],[5.7884272,50.0134399]]]}},{"type":"Feature","properties":{"t":"prado"},"geometry":{"type":"Polygon","coordinates":[[[5.7907297,50.0126284],[5.7906452,50.012643],[5.7900672,50.0129076],[5.7892974,50.0131386],[5.7889165,50.0132678],[5.7887422,50.0132368],[5.7885531,50.0133928],[5.7884272,50.0134399],[5.7887489,50.0137341],[5.7887837,50.0138289],[5.7891163,50.0142098],[5.7892933,50.0143011],[5.7907149,50.0139409],[5.7906661,50.013657],[5.7906345,50.0133635],[5.7906666,50.0130981],[5.7907297,50.0126284]]]}},{"type":"Feature","properties":{"t":"prado"},"geometry":{"type":"Polygon","coordinates":[[[5.7907243,50.0130282],[5.7906774,50.013379],[5.7908437,50.013398],[5.7908544,50.0136375],[5.791592,50.0136548],[5.7923704,50.013599],[5.7930575,50.0132638],[5.7916443,50.0131084],[5.7914847,50.013092],[5.7915621,50.0126711],[5.791411,50.012662],[5.7914418,50.0124758],[5.7912044,50.0124819],[5.7908222,50.0125112],[5.7908004,50.0126179],[5.7908262,50.0126137],[5.790841,50.0131929],[5.7907873,50.0131937],[5.7907739,50.01303],[5.7907243,50.0130282]]]}},{"type":"Feature","properties":{"t":"prado"},"geometry":{"type":"Polygon","coordinates":[[[5.791411,50.012662],[5.7915621,50.0126711],[5.7915874,50.0125334],[5.7915974,50.0124793],[5.7914418,50.0124758],[5.791411,50.012662]]]}},{"type":"Feature","properties":{"t":"prado"},"geometry":{"type":"Polygon","coordinates":[[[5.7914847,50.013092],[5.7916443,50.0131084],[5.7917434,50.012543],[5.7915874,50.0125334],[5.7915621,50.0126711],[5.7914847,50.013092]]]}},{"type":"Feature","properties":{"t":"prado"},"geometry":{"type":"Polygon","coordinates":[[[5.7871798,50.0099963],[5.7868606,50.0101704],[5.7867265,50.0102919],[5.7867144,50.0103893],[5.786764,50.0105031],[5.7868659,50.0106436],[5.7869786,50.010753],[5.787043,50.0107478],[5.787279,50.0109521],[5.7873957,50.0111331],[5.7874574,50.0113089],[5.7874319,50.0113494],[5.7875204,50.01158],[5.78792,50.0109765],[5.787629,50.0105712],[5.7871798,50.0099963]]]}},{"type":"Feature","properties":{"t":"prado"},"geometry":{"type":"Polygon","coordinates":[[[5.7880542,50.0101506],[5.7877775,50.0095243],[5.7874976,50.0097584],[5.7872683,50.0099403],[5.7871798,50.0099963],[5.787629,50.0105712],[5.78792,50.0109765],[5.7882918,50.0104515],[5.7880542,50.0101506]]]}},{"type":"Feature","properties":{"t":"prado"},"geometry":{"type":"Polygon","coordinates":[[[5.7795435,50.009256],[5.7798466,50.0094714],[5.7802677,50.0097369],[5.7816973,50.009318],[5.7813567,50.0086113],[5.7811887,50.0082257],[5.780744,50.008279],[5.7806924,50.0080758],[5.7805762,50.0080941],[5.7796309,50.0082016],[5.7800209,50.0086492],[5.7797704,50.0087113],[5.7796106,50.0087509],[5.7800478,50.0091215],[5.7795435,50.009256]]]}},{"type":"Feature","properties":{"t":"prado"},"geometry":{"type":"Polygon","coordinates":[[[5.7792726,50.0082424],[5.7796309,50.0082016],[5.7805762,50.0080941],[5.7804903,50.0077356],[5.7798091,50.0077614],[5.7788435,50.0078614],[5.778873,50.0079235],[5.7790822,50.0081183],[5.7791921,50.0081303],[5.7792726,50.0082424]]]}},{"type":"Feature","properties":{"t":"prado"},"geometry":{"type":"Polygon","coordinates":[[[5.7781124,50.0069347],[5.7779728,50.0064326],[5.7768208,50.0065712],[5.7769854,50.0070888],[5.7781124,50.0069347]]]}},{"type":"Feature","properties":{"t":"prado"},"geometry":{"type":"Polygon","coordinates":[[[5.7789979,50.0068739],[5.7793906,50.0069021],[5.7794389,50.0065996],[5.7793621,50.0062548],[5.7790339,50.0062996],[5.7789468,50.0063135],[5.7789979,50.0068739]]]}},{"type":"Feature","properties":{"t":"prado"},"geometry":{"type":"Polygon","coordinates":[[[5.7805909,50.006709],[5.7809128,50.0066901],[5.7810858,50.0066642],[5.7809906,50.0065246],[5.7794389,50.0065996],[5.7793906,50.0069021],[5.7796321,50.0069481],[5.7798624,50.0070143],[5.7800351,50.0068434],[5.7802216,50.0068025],[5.7805909,50.006709]]]}},{"type":"Feature","properties":{"t":"prado"},"geometry":{"type":"Polygon","coordinates":[[[5.7809128,50.0066901],[5.7805909,50.006709],[5.7802216,50.0068025],[5.7802442,50.0068422],[5.7803039,50.0068185],[5.7806647,50.0067547],[5.7809367,50.006726],[5.7809128,50.0066901]]]}},{"type":"Feature","properties":{"t":"prado"},"geometry":{"type":"Polygon","coordinates":[[[5.7811741,50.0070821],[5.7809367,50.006726],[5.7806647,50.0067547],[5.7803039,50.0068185],[5.7802442,50.0068422],[5.7804273,50.0071641],[5.7803737,50.0071943],[5.7806016,50.0073305],[5.7807907,50.0074735],[5.7813111,50.0072805],[5.7810831,50.0070909],[5.7811741,50.0070821]]]}},{"type":"Feature","properties":{"t":"prado"},"geometry":{"type":"Polygon","coordinates":[[[5.7809906,50.0065246],[5.7810858,50.0066642],[5.7809128,50.0066901],[5.7809367,50.006726],[5.7811741,50.0070821],[5.7815818,50.0070428],[5.7813272,50.006503],[5.7811582,50.0065134],[5.7810965,50.0064186],[5.7809906,50.0065246]]]}},{"type":"Feature","properties":{"t":"prado"},"geometry":{"type":"Polygon","coordinates":[[[5.7815818,50.0070428],[5.7811741,50.0070821],[5.7810831,50.0070909],[5.7813111,50.0072805],[5.7815297,50.0074669],[5.7814017,50.0075317],[5.7815552,50.0077787],[5.781536,50.0080187],[5.7816759,50.0080269],[5.7817242,50.0081751],[5.7819495,50.0082148],[5.7819596,50.008239],[5.7827809,50.0081838],[5.7827764,50.0080834],[5.7826281,50.0080131],[5.7828587,50.0076115],[5.782848,50.0072701],[5.7825789,50.0071625],[5.7825181,50.0070598],[5.7823545,50.0070564],[5.7823464,50.0072512],[5.7821935,50.0072443],[5.7821184,50.0070357],[5.7816015,50.0070846],[5.7815818,50.0070428]]]}},{"type":"Feature","properties":{"t":"prado"},"geometry":{"type":"Polygon","coordinates":[[[5.7857019,50.010304],[5.7861632,50.0101471],[5.7864629,50.0100328],[5.7855651,50.0092111],[5.7852995,50.0087802],[5.7852746,50.008559],[5.7848328,50.0084734],[5.784468,50.0086423],[5.7841247,50.0083941],[5.7843608,50.0082389],[5.7845968,50.0081838],[5.7847685,50.0079804],[5.7850152,50.0079114],[5.7850689,50.007577],[5.7847094,50.0074736],[5.784758,50.0073311],[5.7846343,50.0073167],[5.7845324,50.0074753],[5.7842883,50.0074132],[5.7842615,50.007627],[5.7841582,50.0076855],[5.7838082,50.0078838],[5.7836607,50.0079062],[5.7835212,50.0080114],[5.7831377,50.0079648],[5.7830062,50.0081751],[5.7834032,50.0081579],[5.7835078,50.0083372],[5.7837546,50.0087888],[5.7839718,50.0091387],[5.7841328,50.0095542],[5.7843527,50.0100558],[5.7845995,50.0102678],[5.7847255,50.0103402],[5.7848677,50.0103798],[5.7851319,50.0104936],[5.7852593,50.0105729],[5.785339,50.010772],[5.7854095,50.010759],[5.7855302,50.0111227],[5.7860452,50.0109642],[5.7857019,50.010304]]]}},{"type":"Feature","properties":{"t":"prado"},"geometry":{"type":"Polygon","coordinates":[[[5.7851319,50.0104936],[5.7848677,50.0103798],[5.7847255,50.0103402],[5.7845995,50.0102678],[5.7843527,50.0100558],[5.7841328,50.0095542],[5.7839718,50.0091387],[5.7837546,50.0087888],[5.7835078,50.0083372],[5.7834032,50.0081579],[5.7830062,50.0081751],[5.7827809,50.0081838],[5.7819596,50.008239],[5.782223,50.0088715],[5.7823116,50.0092232],[5.7827729,50.0091387],[5.7828373,50.0092077],[5.782679,50.0092887],[5.7824108,50.0094352],[5.7828212,50.0098541],[5.7830948,50.0101402],[5.7834971,50.0104264],[5.7838753,50.0107246],[5.7841703,50.0111055],[5.78435,50.0113003],[5.7843581,50.0112089],[5.7842696,50.0111055],[5.7842267,50.011065],[5.784338,50.0109667],[5.7851319,50.0104936]]]}},{"type":"Feature","properties":{"t":"prado"},"geometry":{"type":"Polygon","coordinates":[[[5.7822499,50.0094904],[5.7820635,50.0095491],[5.7824269,50.0099472],[5.782612,50.0099058],[5.7822499,50.0094904]]]}},{"type":"Feature","properties":{"t":"prado"},"geometry":{"type":"Polygon","coordinates":[[[5.7852593,50.0105729],[5.7851319,50.0104936],[5.784338,50.0109667],[5.7842267,50.011065],[5.7842696,50.0111055],[5.785305,50.010878],[5.7852781,50.0107832],[5.785339,50.010772],[5.7852593,50.0105729]]]}},{"type":"Feature","properties":{"t":"prado"},"geometry":{"type":"Polygon","coordinates":[[[5.785305,50.010878],[5.7842696,50.0111055],[5.7843581,50.0112089],[5.78435,50.0113003],[5.7845861,50.0113761],[5.7853854,50.0111607],[5.785305,50.010878]]]}},{"type":"Feature","properties":{"t":"prado"},"geometry":{"type":"Polygon","coordinates":[[[5.7872012,50.0126085],[5.7875124,50.0125706],[5.7873943,50.0122414],[5.7876694,50.0121857],[5.7874909,50.0116579],[5.7873273,50.011296],[5.7870255,50.0108771],[5.7866876,50.0104919],[5.7866339,50.010335],[5.786697,50.0102471],[5.7864629,50.0100328],[5.7861632,50.0101471],[5.7863805,50.0105539],[5.7865843,50.0108452],[5.786579,50.0111279],[5.7866138,50.0112934],[5.7868686,50.0115054],[5.7870322,50.0118105],[5.7870966,50.0120604],[5.7872012,50.0126085]]]}},{"type":"Feature","properties":{"t":"prado"},"geometry":{"type":"Polygon","coordinates":[[[5.7861632,50.0101471],[5.7857019,50.010304],[5.7860452,50.0109642],[5.7866648,50.0116881],[5.7867372,50.0119105],[5.7868327,50.0123128],[5.7870564,50.013086],[5.7873514,50.0130429],[5.7872012,50.0126085],[5.7870966,50.0120604],[5.7870322,50.0118105],[5.7868686,50.0115054],[5.7866138,50.0112934],[5.786579,50.0111279],[5.7865843,50.0108452],[5.7863805,50.0105539],[5.7861632,50.0101471]]]}},{"type":"Feature","properties":{"t":"prado"},"geometry":{"type":"Polygon","coordinates":[[[5.7851815,50.0121121],[5.7851373,50.0122466],[5.7852435,50.0124438],[5.785211,50.0125517],[5.7853425,50.0127206],[5.7868327,50.0123128],[5.7867372,50.0119105],[5.785777,50.0120208],[5.785608,50.0120449],[5.7851815,50.0121121]]]}},{"type":"Feature","properties":{"t":"prado"},"geometry":{"type":"Polygon","coordinates":[[[5.785777,50.0120208],[5.7867372,50.0119105],[5.7866648,50.0116881],[5.7860452,50.0109642],[5.7855302,50.0111227],[5.7857046,50.0115726],[5.785777,50.0120208]]]}},{"type":"Feature","properties":{"t":"prado"},"geometry":{"type":"Polygon","coordinates":[[[5.7853854,50.0111607],[5.7845861,50.0113761],[5.78435,50.0113003],[5.7843259,50.0114554],[5.7846102,50.0117846],[5.7842267,50.0119268],[5.7843903,50.0121294],[5.7846437,50.0120251],[5.7845955,50.011982],[5.784802,50.0118958],[5.7848543,50.0119337],[5.7850434,50.0118863],[5.7851815,50.0121121],[5.785608,50.0120449],[5.7853854,50.0111607]]]}},{"type":"Feature","properties":{"t":"prado"},"geometry":{"type":"Polygon","coordinates":[[[5.7793621,50.0062548],[5.7794389,50.0065996],[5.7809906,50.0065246],[5.7810965,50.0064186],[5.7813567,50.0062944],[5.7813218,50.0061203],[5.781177,50.0061169],[5.78115,50.0060471],[5.7795811,50.0062617],[5.7795382,50.0062307],[5.7793621,50.0062548]]]}},{"type":"Feature","properties":{"t":"prado"},"geometry":{"type":"Polygon","coordinates":[[[5.7776485,50.0054734],[5.7777545,50.0056592],[5.7776244,50.0057281],[5.7776619,50.0058118],[5.7774715,50.0059626],[5.7773776,50.0060402],[5.7772489,50.0060643],[5.7770826,50.0061841],[5.7767594,50.0062625],[5.7762712,50.006347],[5.7752198,50.006472],[5.7746834,50.0065513],[5.7743293,50.0065892],[5.7741281,50.0066496],[5.7740021,50.0067409],[5.7740208,50.006884],[5.7740537,50.0069434],[5.7747631,50.0068508],[5.7768208,50.0065712],[5.7779728,50.0064326],[5.7789468,50.0063135],[5.7790339,50.0062996],[5.7789373,50.0062376],[5.7786798,50.0062117],[5.7785511,50.0062996],[5.7783768,50.0062738],[5.7778591,50.0063531],[5.7775184,50.0063151],[5.7774273,50.00621],[5.7774621,50.00606],[5.7777035,50.0058997],[5.7781488,50.0057824],[5.7784143,50.0057566],[5.7787254,50.0057962],[5.7791814,50.0057428],[5.7794416,50.0057859],[5.7796025,50.0056773],[5.7799968,50.0056669],[5.7806513,50.0055842],[5.7809374,50.0054979],[5.7813664,50.0054734],[5.7815498,50.0053911],[5.7811737,50.0051326],[5.7800595,50.0052891],[5.7781836,50.0054497],[5.7776485,50.0054734]]]}},{"type":"Feature","properties":{"t":"prado"},"geometry":{"type":"Polygon","coordinates":[[[5.7687409,50.0069976],[5.7690212,50.0073115],[5.7690963,50.007739],[5.7691956,50.0078838],[5.7699278,50.0079476],[5.7706654,50.008039],[5.7711804,50.008132],[5.7713306,50.0077959],[5.7691736,50.0070395],[5.7695163,50.0065891],[5.7692002,50.0065011],[5.7690344,50.0067871],[5.7689911,50.0068978],[5.7688408,50.0069741],[5.7687409,50.0069976]]]}},{"type":"Feature","properties":{"t":"prado"},"geometry":{"type":"Polygon","coordinates":[[[5.7699332,50.0084716],[5.7706922,50.0090663],[5.770888,50.0091801],[5.7718697,50.0093852],[5.7718885,50.0093387],[5.7733986,50.0096369],[5.7742166,50.0097748],[5.7748201,50.0098058],[5.7757375,50.0099386],[5.7756972,50.0096765],[5.7756248,50.0094283],[5.7739967,50.0092042],[5.7725832,50.008987],[5.7710677,50.0086871],[5.7699332,50.0084716]]]}},{"type":"Feature","properties":{"t":"prado"},"geometry":{"type":"Polygon","coordinates":[[[5.7711804,50.008132],[5.7706654,50.008039],[5.7699278,50.0079476],[5.7691956,50.0078838],[5.7694933,50.0081424],[5.7699332,50.0084716],[5.7710677,50.0086871],[5.7725832,50.008987],[5.7739967,50.0092042],[5.7756248,50.0094283],[5.7756597,50.0092404],[5.7757757,50.0089246],[5.7740208,50.0087026],[5.773184,50.0085647],[5.7722265,50.0083854],[5.7711804,50.008132]]]}},{"type":"Feature","properties":{"t":"prado"},"geometry":{"type":"Polygon","coordinates":[[[5.7781327,50.0157213],[5.7792914,50.0157196],[5.7805762,50.0157075],[5.7810751,50.0157575],[5.780957,50.0154404],[5.7808122,50.0152301],[5.7807961,50.0151991],[5.7799244,50.0153577],[5.7792672,50.0153956],[5.7784438,50.0153956],[5.7783419,50.0150871],[5.777446,50.0151905],[5.7774916,50.0153852],[5.7776552,50.0154111],[5.7777759,50.0154094],[5.7778966,50.01563],[5.7781327,50.0157213]]]}},{"type":"Feature","properties":{"t":"prado"},"geometry":{"type":"Polygon","coordinates":[[[5.7808122,50.0152301],[5.780957,50.0154404],[5.7810751,50.0157575],[5.7813486,50.0158213],[5.7809886,50.0151068],[5.7809329,50.0151215],[5.7809758,50.0151991],[5.7808122,50.0152301]]]}},{"type":"Feature","properties":{"t":"prado"},"geometry":{"type":"Polygon","coordinates":[[[5.7809886,50.0151068],[5.7813486,50.0158213],[5.7816786,50.0159023],[5.7814506,50.0154111],[5.7812145,50.0150474],[5.7809886,50.0151068]]]}},{"type":"Feature","properties":{"t":"prado"},"geometry":{"type":"Polygon","coordinates":[[[5.781869,50.0150716],[5.7816517,50.0151767],[5.7817081,50.0153456],[5.7814506,50.0154111],[5.7816786,50.0159023],[5.7820997,50.0159747],[5.781979,50.0153801],[5.781869,50.0150716]]]}},{"type":"Feature","properties":{"t":"prado"},"geometry":{"type":"Polygon","coordinates":[[[5.781869,50.0150716],[5.781979,50.0153801],[5.7820997,50.0159747],[5.7825905,50.0160247],[5.7827351,50.0159726],[5.7830706,50.0157282],[5.7824768,50.0147844],[5.7821077,50.0148544],[5.781869,50.0150716]]]}},{"type":"Feature","properties":{"t":"lavoura"},"geometry":{"type":"Polygon","coordinates":[[[5.7763946,50.0133359],[5.7765126,50.0137858],[5.7765019,50.0142753],[5.7764967,50.0147313],[5.7770249,50.0146679],[5.7769592,50.0134161],[5.7763946,50.0133359]]]}},{"type":"Feature","properties":{"t":"prado"},"geometry":{"type":"Polygon","coordinates":[[[5.7757375,50.0099386],[5.7748201,50.0098058],[5.7742166,50.0097748],[5.7733986,50.0096369],[5.7718885,50.0093387],[5.7718697,50.0093852],[5.770888,50.0091801],[5.7710785,50.0093197],[5.771682,50.0096748],[5.7727924,50.0102488],[5.7736695,50.0107073],[5.7740528,50.0109497],[5.7745385,50.0113485],[5.7749355,50.0116898],[5.7758072,50.0124189],[5.7760647,50.0127085],[5.7763812,50.0132894],[5.7773924,50.0134402],[5.7774555,50.0134736],[5.7775091,50.0134798],[5.7777142,50.0135376],[5.7778403,50.0135876],[5.7780603,50.0127171],[5.7783419,50.0116676],[5.777649,50.011641],[5.7776276,50.0111722],[5.7776874,50.0110659],[5.7784948,50.0110695],[5.7780978,50.0109555],[5.777548,50.0107849],[5.7770196,50.0104798],[5.7756543,50.0104488],[5.7757375,50.0099386]]]}},{"type":"Feature","properties":{"t":"prado"},"geometry":{"type":"Polygon","coordinates":[[[5.7769592,50.0134161],[5.7770249,50.0146679],[5.7773728,50.0146354],[5.7773226,50.0142718],[5.7779825,50.0141839],[5.7777142,50.0135376],[5.7775091,50.0134798],[5.7774555,50.0134736],[5.7769592,50.0134161]]]}},{"type":"Feature","properties":{"t":"prado"},"geometry":{"type":"Polygon","coordinates":[[[5.7779825,50.0141839],[5.7773226,50.0142718],[5.7773728,50.0146354],[5.7783488,50.014544],[5.7783231,50.0143856],[5.7787441,50.0143544],[5.7787362,50.0142994],[5.7783526,50.014339],[5.7779825,50.0141839]]]}},{"type":"Feature","properties":{"t":"prado"},"geometry":{"type":"Polygon","coordinates":[[[5.7787658,50.014505],[5.7787441,50.0143544],[5.7783231,50.0143856],[5.7783488,50.014544],[5.7787658,50.014505]]]}},{"type":"Feature","properties":{"t":"prado"},"geometry":{"type":"Polygon","coordinates":[[[5.7778403,50.0135876],[5.7777142,50.0135376],[5.7779825,50.0141839],[5.7783526,50.014339],[5.7787362,50.0142994],[5.7787441,50.0143544],[5.7787658,50.014505],[5.7790421,50.0144792],[5.7783821,50.0138978],[5.7781166,50.0137237],[5.7778403,50.0135876]]]}},{"type":"Feature","properties":{"t":"prado"},"geometry":{"type":"Polygon","coordinates":[[[5.7780603,50.0127171],[5.7778403,50.0135876],[5.7781166,50.0137237],[5.7783821,50.0138978],[5.778476,50.0138564],[5.7791153,50.0144584],[5.7801284,50.0142707],[5.7800853,50.0142287],[5.780335,50.0141312],[5.7793172,50.0134159],[5.7792163,50.0133859],[5.7780603,50.0127171]]]}},{"type":"Feature","properties":{"t":"prado"},"geometry":{"type":"Polygon","coordinates":[[[5.7801284,50.0142707],[5.7791153,50.0144584],[5.7793337,50.0144433],[5.7796923,50.0148295],[5.7805363,50.0146679],[5.7801284,50.0142707]]]}},{"type":"Feature","properties":{"t":"prado"},"geometry":{"type":"Polygon","coordinates":[[[5.7713306,50.0077959],[5.7711804,50.008132],[5.7722265,50.0083854],[5.773184,50.0085647],[5.7740208,50.0087026],[5.7757757,50.0089246],[5.7758327,50.0087398],[5.7756677,50.0083372],[5.7755899,50.0082855],[5.7755846,50.0084113],[5.7752708,50.0084458],[5.7752278,50.0082165],[5.7754558,50.0081562],[5.7752972,50.008021],[5.7751608,50.0080562],[5.7750471,50.00796],[5.774689,50.0079933],[5.7737767,50.0080807],[5.7732792,50.0081312],[5.7727589,50.0081148],[5.7722863,50.0080678],[5.7713306,50.0077959]]]}},{"type":"Feature","properties":{"t":"prado"},"geometry":{"type":"Polygon","coordinates":[[[5.7758384,50.0087538],[5.7757757,50.0089246],[5.7756597,50.0092404],[5.7765663,50.0089801],[5.7771564,50.008844],[5.7770142,50.0084952],[5.7758384,50.0087538]]]}},{"type":"Feature","properties":{"t":"prado"},"geometry":{"type":"Polygon","coordinates":[[[5.7752972,50.008021],[5.7754558,50.0081562],[5.7755899,50.0082855],[5.7756677,50.0083372],[5.7760137,50.0082958],[5.7761291,50.0084285],[5.7766306,50.0083061],[5.7768225,50.0081248],[5.7772878,50.0079708],[5.7765716,50.0077474],[5.7756051,50.0079417],[5.7752972,50.008021]]]}},{"type":"Feature","properties":{"t":"prado"},"geometry":{"type":"Polygon","coordinates":[[[5.7774326,50.0077097],[5.7766898,50.0077423],[5.7774031,50.0079703],[5.7774729,50.00797],[5.7774326,50.0077097]]]}},{"type":"Feature","properties":{"t":"prado"},"geometry":{"type":"Polygon","coordinates":[[[5.7771564,50.008844],[5.7765663,50.0089801],[5.7756597,50.0092404],[5.7756248,50.0094283],[5.7756972,50.0096765],[5.7757375,50.0099386],[5.7756543,50.0104488],[5.7770196,50.0104798],[5.7779637,50.0105022],[5.7783741,50.0099748],[5.7783955,50.0098937],[5.7782131,50.0093128],[5.7787067,50.0092456],[5.7793128,50.0091577],[5.7788998,50.008825],[5.7787389,50.0086716],[5.7771564,50.008844]]]}},{"type":"Feature","properties":{"t":"prado"},"geometry":{"type":"Polygon","coordinates":[[[5.7809622,50.0103177],[5.7808095,50.0101764],[5.7802168,50.0097576],[5.7796615,50.009418],[5.7795113,50.0095386],[5.7787603,50.0093749],[5.7787067,50.0092456],[5.7782131,50.0093128],[5.7783955,50.0098937],[5.7783741,50.0099748],[5.7779637,50.0105022],[5.7770196,50.0104798],[5.777548,50.0107849],[5.7780978,50.0109555],[5.7784948,50.0110695],[5.7798592,50.0110757],[5.7797769,50.0108194],[5.7806782,50.0106353],[5.7805869,50.0104246],[5.7809622,50.0103177]]]}},{"type":"Feature","properties":{"t":"prado"},"geometry":{"type":"Polygon","coordinates":[[[5.7793128,50.0091577],[5.7787067,50.0092456],[5.7787603,50.0093749],[5.7795113,50.0095386],[5.7796615,50.009418],[5.7793128,50.0091577]]]}},{"type":"Feature","properties":{"t":"prado"},"geometry":{"type":"Polygon","coordinates":[[[5.7794952,50.0115675],[5.7791403,50.0115359],[5.7790867,50.0116962],[5.7783419,50.0116676],[5.7780603,50.0127171],[5.7792163,50.0133859],[5.7793172,50.0134159],[5.7794604,50.0132342],[5.7801363,50.0122],[5.780037,50.0120742],[5.7798707,50.0118381],[5.7796696,50.0116605],[5.7794952,50.0115675]]]}},{"type":"Feature","properties":{"t":"prado"},"geometry":{"type":"Polygon","coordinates":[[[5.7813047,50.0133074],[5.7806486,50.0127309],[5.7804126,50.0125017],[5.7801363,50.0122],[5.7794604,50.0132342],[5.7805011,50.0136961],[5.7808095,50.0135565],[5.7812843,50.013915],[5.7817204,50.0137124],[5.7813047,50.0133074]]]}},{"type":"Feature","properties":{"t":"prado"},"geometry":{"type":"Polygon","coordinates":[[[5.7812789,50.0120846],[5.7811984,50.0115933],[5.7810321,50.011152],[5.7807478,50.0106211],[5.7806782,50.0106353],[5.7797769,50.0108194],[5.7798592,50.0110757],[5.7798163,50.0113514],[5.7794765,50.0114485],[5.7794952,50.0115675],[5.7796696,50.0116605],[5.7798707,50.0118381],[5.780037,50.0120742],[5.7801095,50.0120725],[5.78078,50.0120846],[5.7812789,50.0120846]]]}},{"type":"Feature","properties":{"t":"prado"},"geometry":{"type":"Polygon","coordinates":[[[5.7810321,50.011152],[5.7811984,50.0115933],[5.7812789,50.0120846],[5.7816651,50.012038],[5.7819279,50.0119826],[5.7817644,50.0116985],[5.7815552,50.0110641],[5.7810321,50.011152]]]}},{"type":"Feature","properties":{"t":"prado"},"geometry":{"type":"Polygon","coordinates":[[[5.7812655,50.0105143],[5.7815471,50.0107832],[5.7817724,50.0110952],[5.7818411,50.0112614],[5.7822069,50.011152],[5.7823384,50.0113175],[5.78262,50.0111331],[5.7825744,50.0110159],[5.782325,50.0107349],[5.7818449,50.0102299],[5.7812655,50.0105143]]]}},{"type":"Feature","properties":{"t":"prado"},"geometry":{"type":"Polygon","coordinates":[[[5.7818824,50.0096283],[5.7816973,50.009318],[5.7802677,50.0097369],[5.780839,50.0101557],[5.7812655,50.0105143],[5.7818449,50.0102299],[5.782325,50.0107349],[5.7825744,50.0110159],[5.7830431,50.0108487],[5.7824993,50.0102936],[5.7824081,50.0103212],[5.7818073,50.0096438],[5.7818824,50.0096283]]]}},{"type":"Feature","properties":{"t":"prado"},"geometry":{"type":"Polygon","coordinates":[[[5.7816705,50.0131342],[5.78078,50.0120846],[5.7801095,50.0120725],[5.7803509,50.0123638],[5.7806995,50.0127361],[5.7813292,50.0132958],[5.7816705,50.0131342]]]}},{"type":"Feature","properties":{"t":"prado"},"geometry":{"type":"Polygon","coordinates":[[[5.7816651,50.012038],[5.7812789,50.0120846],[5.78078,50.0120846],[5.7816705,50.0131342],[5.7823062,50.013784],[5.7825573,50.0140088],[5.7829311,50.0138995],[5.7826683,50.0135565],[5.7833749,50.0133116],[5.7830857,50.0127282],[5.7827595,50.0128343],[5.7816651,50.012038]]]}},{"type":"Feature","properties":{"t":"prado"},"geometry":{"type":"Polygon","coordinates":[[[5.7833749,50.0133116],[5.7826683,50.0135565],[5.7829311,50.0138995],[5.7835373,50.0136858],[5.7833844,50.0133307],[5.7833749,50.0133116]]]}},{"type":"Feature","properties":{"t":"prado"},"geometry":{"type":"Polygon","coordinates":[[[5.7833844,50.0133307],[5.7835373,50.0136858],[5.7845432,50.0134548],[5.7843742,50.0133394],[5.7843044,50.0131653],[5.7833844,50.0133307]]]}},{"type":"Feature","properties":{"t":"prado"},"geometry":{"type":"Polygon","coordinates":[[[5.7697588,50.0052455],[5.7695094,50.0052325],[5.7694718,50.0051774],[5.7692036,50.005186],[5.7691205,50.0052636],[5.7689327,50.0053136],[5.7688844,50.0052377],[5.7687396,50.0052291],[5.7680127,50.0052618],[5.767664,50.0053153],[5.7678276,50.0054515],[5.7679671,50.0056411],[5.7683371,50.0057815],[5.768407,50.0057204],[5.7693753,50.0059928],[5.7694423,50.005935],[5.7697239,50.0056428],[5.7697584,50.0055622],[5.7697588,50.0052455]]]}},{"type":"Feature","properties":{"t":"prado"},"geometry":{"type":"Polygon","coordinates":[[[5.7708397,50.0060496],[5.7710047,50.0061152],[5.7711536,50.0061134],[5.7709458,50.0066148],[5.7712281,50.0067869],[5.7711701,50.0068737],[5.771037,50.0069914],[5.7718268,50.0072977],[5.772272,50.0074373],[5.7727588,50.0074882],[5.7730794,50.0075054],[5.7736125,50.0075095],[5.7735123,50.0071306],[5.7740289,50.007015],[5.7739162,50.0068547],[5.773927,50.0067582],[5.7739726,50.0066651],[5.7741791,50.006572],[5.7743856,50.0065289],[5.774965,50.0064737],[5.7750319,50.0061283],[5.7738096,50.0059962],[5.7734254,50.0060134],[5.7729574,50.0060755],[5.7728836,50.0058919],[5.7726194,50.0057618],[5.7725349,50.0059113],[5.7724088,50.0059783],[5.7723203,50.006191],[5.7721701,50.0062169],[5.7715881,50.0059669],[5.7716337,50.0058911],[5.7713742,50.0057763],[5.7713037,50.0059599],[5.7708662,50.0059713],[5.7708397,50.0060496]]]}},{"type":"Feature","properties":{"t":"prado"},"geometry":{"type":"Polygon","coordinates":[[[5.7750319,50.0061283],[5.774965,50.0064737],[5.7756945,50.0063858],[5.7763195,50.0063082],[5.7768747,50.0062014],[5.7771483,50.0061014],[5.7772207,50.0060255],[5.7771966,50.00591],[5.7771188,50.0058617],[5.7766762,50.00586],[5.7767567,50.0059876],[5.776754,50.0060169],[5.776518,50.0060617],[5.7763732,50.0059048],[5.7758241,50.0061134],[5.7750319,50.0061283]]]}},{"type":"Feature","properties":{"t":"prado"},"geometry":{"type":"Polygon","coordinates":[[[5.7626268,50.0036155],[5.7625464,50.0040499],[5.7621936,50.0048688],[5.7624605,50.0048688],[5.762486,50.0047697],[5.7627207,50.0047145],[5.7628293,50.0047421],[5.7632451,50.0046826],[5.7633604,50.0047653],[5.7634422,50.0045947],[5.763528,50.0045412],[5.763697,50.0045964],[5.7639103,50.0044163],[5.763983,50.0044205],[5.7638794,50.0040103],[5.7633939,50.0037896],[5.7633564,50.0036017],[5.7633188,50.0036034],[5.763292,50.0034948],[5.7630962,50.0035379],[5.7626268,50.0036155]]]}},{"type":"Feature","properties":{"t":"prado"},"geometry":{"type":"Polygon","coordinates":[[[5.7645124,50.0034207],[5.764043,50.0034793],[5.7641476,50.0036689],[5.7649577,50.0036241],[5.7649125,50.0033697],[5.7645124,50.0034207]]]}},{"type":"Feature","properties":{"t":"prado"},"geometry":{"type":"Polygon","coordinates":[[[5.7641906,50.0029914],[5.7642522,50.0033327],[5.7644775,50.0033224],[5.7645124,50.0034207],[5.7649125,50.0033697],[5.7648396,50.0029583],[5.7641906,50.0029914]]]}},{"type":"Feature","properties":{"t":"prado"},"geometry":{"type":"Polygon","coordinates":[[[5.763983,50.0044205],[5.7640444,50.004424],[5.7643314,50.004405],[5.7647283,50.0043568],[5.7648785,50.004249],[5.7649925,50.004212],[5.7651119,50.004237],[5.7652326,50.0043438],[5.7653238,50.0043688],[5.7657436,50.0043757],[5.7658723,50.0043326],[5.7654887,50.0041034],[5.7653855,50.0036775],[5.7649657,50.0036689],[5.7649577,50.0036241],[5.7641476,50.0036689],[5.764043,50.0034793],[5.7637829,50.0034965],[5.7636273,50.0035862],[5.7633564,50.0036017],[5.7633939,50.0037896],[5.7638794,50.0040103],[5.763983,50.0044205]]]}},{"type":"Feature","properties":{"t":"prado"},"geometry":{"type":"Polygon","coordinates":[[[5.7658723,50.0043326],[5.7657436,50.0043757],[5.7653238,50.0043688],[5.7652326,50.0043438],[5.7651119,50.004237],[5.7649925,50.004212],[5.7648785,50.004249],[5.7647283,50.0043568],[5.7643314,50.004405],[5.7640444,50.004424],[5.763983,50.0044205],[5.7639103,50.0044163],[5.763697,50.0045964],[5.763528,50.0045412],[5.7634422,50.0045947],[5.7633604,50.0047653],[5.7633425,50.0048678],[5.7644427,50.0049877],[5.7646103,50.0050343],[5.7648692,50.0051205],[5.7652178,50.0049748],[5.7655719,50.0048429],[5.7656416,50.0047878],[5.7656675,50.0047775],[5.7659769,50.004655],[5.7661271,50.0045499],[5.76628,50.0045068],[5.7667507,50.0043309],[5.7663685,50.0040577],[5.766217,50.0040603],[5.7661378,50.0041266],[5.7661432,50.0042111],[5.7658723,50.0043326]]]}},{"type":"Feature","properties":{"t":"prado"},"geometry":{"type":"Polygon","coordinates":[[[5.7652178,50.0049748],[5.7652956,50.0053092],[5.7655638,50.0052773],[5.7659946,50.0052205],[5.7655719,50.0048429],[5.7652178,50.0049748]]]}},{"type":"Feature","properties":{"t":"prado"},"geometry":{"type":"Polygon","coordinates":[[[5.7659769,50.004655],[5.7656675,50.0047775],[5.7656416,50.0047878],[5.7655719,50.0048429],[5.7659946,50.0052205],[5.7666743,50.0051308],[5.7668728,50.005086],[5.7666475,50.0048636],[5.7664061,50.0047481],[5.766162,50.0046361],[5.7660037,50.004705],[5.7659769,50.004655]]]}},{"type":"Feature","properties":{"t":"prado"},"geometry":{"type":"Polygon","coordinates":[[[5.7675594,50.0043602],[5.7671034,50.0042292],[5.7669868,50.0042283],[5.7668594,50.004287],[5.7667507,50.0043309],[5.76628,50.0045068],[5.7664195,50.0045636],[5.7669693,50.0048791],[5.7672241,50.0050825],[5.7677177,50.0050463],[5.7682903,50.0050162],[5.7686082,50.0049619],[5.768525,50.0048774],[5.7679939,50.0044464],[5.7675594,50.0043602]]]}},{"type":"Feature","properties":{"t":"prado"},"geometry":{"type":"Polygon","coordinates":[[[5.7649577,50.0036241],[5.7649657,50.0036689],[5.7653855,50.0036775],[5.7654887,50.0041034],[5.7658723,50.0043326],[5.7661432,50.0042111],[5.7661378,50.0041266],[5.766217,50.0040603],[5.7663685,50.0040577],[5.7667507,50.0043309],[5.7668594,50.004287],[5.7669868,50.0042283],[5.7671034,50.0042292],[5.7675594,50.0043602],[5.7677874,50.0040792],[5.7677498,50.0040172],[5.7674736,50.003881],[5.7672563,50.0036465],[5.7671893,50.0036551],[5.7666019,50.0036379],[5.765647,50.0035982],[5.7649577,50.0036241]]]}},{"type":"Feature","properties":{"t":"prado"},"geometry":{"type":"Polygon","coordinates":[[[5.7672563,50.0036465],[5.7674736,50.003881],[5.7677498,50.0040172],[5.7677874,50.0040792],[5.7675594,50.0043602],[5.7679939,50.0044464],[5.768525,50.0048774],[5.7688791,50.004905],[5.7689595,50.004855],[5.7692921,50.0049343],[5.7693028,50.0049877],[5.7696201,50.0050596],[5.7696542,50.0050673],[5.7695094,50.0048033],[5.768864,50.0042202],[5.7685545,50.0039809],[5.7682165,50.0035689],[5.7683112,50.0034437],[5.7686377,50.003331],[5.7687449,50.0032155],[5.7684874,50.0032017],[5.7681468,50.0031724],[5.7677847,50.0032603],[5.767744,50.0032063],[5.7674226,50.003319],[5.7674119,50.0034345],[5.7672536,50.0035827],[5.7672563,50.0036465]]]}},{"type":"Feature","properties":{"t":"prado"},"geometry":{"type":"Polygon","coordinates":[[[5.7648396,50.0029583],[5.7649125,50.0033697],[5.7649577,50.0036241],[5.765647,50.0035982],[5.7666019,50.0036379],[5.7671893,50.0036551],[5.7672563,50.0036465],[5.7672536,50.0035827],[5.7674119,50.0034345],[5.7674226,50.003319],[5.767744,50.0032063],[5.7677042,50.0031535],[5.7679564,50.0030638],[5.7680958,50.0028949],[5.7680264,50.0027508],[5.767774,50.0027207],[5.7677172,50.0026246],[5.7673491,50.0026805],[5.7667494,50.0028095],[5.7661392,50.0029207],[5.7653412,50.0029328],[5.7648396,50.0029583]]]}},{"type":"Feature","properties":{"t":"prado"},"geometry":{"type":"Polygon","coordinates":[[[5.7678223,50.0095352],[5.7679242,50.0096438],[5.7682809,50.0097093],[5.7683051,50.0098213],[5.7679698,50.0098937],[5.7675916,50.0100816],[5.7670605,50.0104436],[5.7668459,50.0107728],[5.766822,50.0108653],[5.7677686,50.0108797],[5.7680047,50.0105746],[5.7681844,50.0104419],[5.7684392,50.0102557],[5.7687074,50.0100765],[5.7689863,50.0097869],[5.7690105,50.0096886],[5.7682541,50.009611],[5.7678223,50.0095352]]]}},{"type":"Feature","properties":{"t":"prado"},"geometry":{"type":"Polygon","coordinates":[[[5.7674776,50.0077985],[5.7675259,50.0076511],[5.7676184,50.0075029],[5.7676721,50.0072917],[5.7676841,50.0071288],[5.7670471,50.0071926],[5.7664543,50.0072029],[5.7665053,50.0076321],[5.7665294,50.0081148],[5.766618,50.008494],[5.7665697,50.0086561],[5.7666126,50.0088578],[5.767208,50.008906],[5.7674776,50.0077985]]]}},{"type":"Feature","properties":{"t":"prado"},"geometry":{"type":"Polygon","coordinates":[[[5.7676841,50.0071288],[5.7676721,50.0072917],[5.7676184,50.0075029],[5.7675259,50.0076511],[5.7674776,50.0077985],[5.7679403,50.0077838],[5.7685626,50.0082165],[5.7686216,50.0081889],[5.7689247,50.0084475],[5.7694826,50.0088147],[5.7699439,50.0085406],[5.769276,50.0080321],[5.7691151,50.0078855],[5.7689837,50.0076063],[5.7689568,50.0073391],[5.7688951,50.0072443],[5.7688174,50.0071443],[5.7686779,50.0072408],[5.7685116,50.0072546],[5.7683775,50.0071719],[5.7681468,50.0071874],[5.7678008,50.0072426],[5.7677445,50.0071115],[5.7676841,50.0071288]]]}},{"type":"Feature","properties":{"t":"prado"},"geometry":{"type":"Polygon","coordinates":[[[5.7685626,50.0082165],[5.7679403,50.0077838],[5.7674776,50.0077985],[5.767208,50.008906],[5.767841,50.0089681],[5.7678223,50.0095352],[5.7682541,50.009611],[5.7690105,50.0096886],[5.7689863,50.0097869],[5.7716738,50.0111397],[5.7719582,50.0107246],[5.7717678,50.0105298],[5.7711026,50.0100109],[5.7701987,50.0094232],[5.7688147,50.0086871],[5.7685626,50.0082165]]]}},{"type":"Feature","properties":{"t":"prado"},"geometry":{"type":"Polygon","coordinates":[[[5.7699439,50.0085406],[5.7694826,50.0088147],[5.7702845,50.0093611],[5.7705769,50.0094852],[5.7709658,50.0097317],[5.7711026,50.0100109],[5.7717678,50.0105298],[5.7719582,50.0107246],[5.7724678,50.0101316],[5.7715049,50.0096317],[5.7707512,50.0091646],[5.7699439,50.0085406]]]}},{"type":"Feature","properties":{"t":"prado"},"geometry":{"type":"Polygon","coordinates":[[[5.7716738,50.0111397],[5.7689863,50.0097869],[5.7687074,50.0100765],[5.7684392,50.0102557],[5.7681844,50.0104419],[5.7680047,50.0105746],[5.7677686,50.0108797],[5.766822,50.0108653],[5.7660627,50.0108711],[5.7661298,50.0113313],[5.7675514,50.0113399],[5.7674897,50.011676],[5.7676023,50.0122828],[5.7708692,50.0123138],[5.7716738,50.0111397]]]}},{"type":"Feature","properties":{"t":"prado"},"geometry":{"type":"Polygon","coordinates":[[[5.7691205,50.014308],[5.7693806,50.0143028],[5.7695067,50.0138616],[5.7699305,50.0135703],[5.7700378,50.0135755],[5.7708692,50.0123138],[5.7676023,50.0122828],[5.7676989,50.012662],[5.7679027,50.0129378],[5.7679027,50.0131756],[5.7681763,50.0136479],[5.7684154,50.0139911],[5.7685304,50.0141563],[5.7689998,50.0142977],[5.7691205,50.014308]]]}},{"type":"Feature","properties":{"t":"prado"},"geometry":{"type":"Polygon","coordinates":[[[5.7698607,50.0165676],[5.7697213,50.0145786],[5.7690856,50.0145045],[5.7691205,50.014308],[5.7689998,50.0142977],[5.7685304,50.0141563],[5.7688174,50.0145769],[5.7687986,50.0150664],[5.7686001,50.0155093],[5.7685706,50.0160936],[5.7692238,50.0163506],[5.7697716,50.0166201],[5.7698607,50.0165676]]]}},{"type":"Feature","properties":{"t":"prado"},"geometry":{"type":"Polygon","coordinates":[[[5.7693806,50.0143028],[5.7691205,50.014308],[5.7690856,50.0145045],[5.7697213,50.0145786],[5.7698607,50.0165676],[5.7705098,50.0162315],[5.7708666,50.0160436],[5.7711884,50.0159368],[5.77158,50.0158368],[5.7716283,50.014932],[5.7706386,50.0147303],[5.7706697,50.0144971],[5.7693806,50.0143028]]]}},{"type":"Feature","properties":{"t":"prado"},"geometry":{"type":"Polygon","coordinates":[[[5.7721406,50.0149371],[5.7716122,50.0148578],[5.7707942,50.0146941],[5.770719,50.0145045],[5.7706697,50.0144971],[5.7706386,50.0147303],[5.7716283,50.014932],[5.7718644,50.0149768],[5.7723069,50.0150043],[5.7723257,50.0149509],[5.7721406,50.0149371]]]}},{"type":"Feature","properties":{"t":"prado"},"geometry":{"type":"Polygon","coordinates":[[[5.7700378,50.0135755],[5.7699305,50.0135703],[5.7695067,50.0138616],[5.7693806,50.0143028],[5.7706697,50.0144971],[5.770719,50.0145045],[5.7707942,50.0146941],[5.7716122,50.0148578],[5.7721406,50.0149371],[5.7723257,50.0149509],[5.772576,50.0145558],[5.7718161,50.0142339],[5.7709604,50.0138754],[5.7702336,50.0136599],[5.7700002,50.0136306],[5.7700378,50.0135755]]]}},{"type":"Feature","properties":{"t":"prado"},"geometry":{"type":"Polygon","coordinates":[[[5.7700378,50.0135755],[5.7700002,50.0136306],[5.7702336,50.0136599],[5.7709604,50.0138754],[5.7718161,50.0142339],[5.772576,50.0145558],[5.7726905,50.0143752],[5.7732028,50.0135134],[5.7708692,50.0123138],[5.7700378,50.0135755]]]}},{"type":"Feature","properties":{"t":"prado"},"geometry":{"type":"Polygon","coordinates":[[[5.776341,50.0133307],[5.7747263,50.0132273],[5.7742703,50.0131618],[5.7741684,50.0131756],[5.7731438,50.012631],[5.7733262,50.0123793],[5.7730687,50.0122035],[5.7719582,50.0107246],[5.7716738,50.0111397],[5.7708692,50.0123138],[5.7732028,50.0135134],[5.7735246,50.0136806],[5.7764536,50.013934],[5.7764107,50.0136134],[5.776341,50.0133307]]]}},{"type":"Feature","properties":{"t":"prado"},"geometry":{"type":"Polygon","coordinates":[[[5.7724678,50.0101316],[5.7719582,50.0107246],[5.7730687,50.0122035],[5.7733262,50.0123793],[5.7742971,50.0129412],[5.7742703,50.0131618],[5.7747263,50.0132273],[5.776341,50.0133307],[5.7761049,50.0128929],[5.7757401,50.0124207],[5.7747048,50.0115588],[5.7740664,50.0110279],[5.773589,50.0107177],[5.7724678,50.0101316]]]}},{"type":"Feature","properties":{"t":"prado"},"geometry":{"type":"Polygon","coordinates":[[[5.7764375,50.0146872],[5.7764536,50.013934],[5.7735246,50.0136806],[5.7732028,50.0135134],[5.7726905,50.0143752],[5.7741335,50.0144924],[5.7764375,50.0146872]]]}},{"type":"Feature","properties":{"t":"prado"},"geometry":{"type":"Polygon","coordinates":[[[5.7765958,50.0153335],[5.776467,50.0149268],[5.7764375,50.0146872],[5.7741335,50.0144924],[5.7726905,50.0143752],[5.772576,50.0145558],[5.7723257,50.0149509],[5.7735193,50.0151112],[5.7750079,50.0152267],[5.7765958,50.0153335]]]}},{"type":"Feature","properties":{"t":"prado"},"geometry":{"type":"Polygon","coordinates":[[[5.7718644,50.0149768],[5.7716283,50.014932],[5.77158,50.0158368],[5.7720843,50.0157661],[5.7727042,50.0157292],[5.7726744,50.0157058],[5.7727548,50.0156869],[5.7746458,50.0156248],[5.7746556,50.0156598],[5.7753459,50.015642],[5.7761452,50.0155955],[5.7764187,50.0155438],[5.7766387,50.0154559],[5.7765958,50.0153335],[5.7750079,50.0152267],[5.7735193,50.0151112],[5.7723257,50.0149509],[5.7723069,50.0150043],[5.772272,50.0151457],[5.7719555,50.015156],[5.7718644,50.0149768]]]}},{"type":"Feature","properties":{"t":"prado"},"geometry":{"type":"Polygon","coordinates":[[[5.764043,50.0085371],[5.7634529,50.0083561],[5.7618973,50.0080786],[5.7618727,50.0082833],[5.76179,50.0089715],[5.7612964,50.0089543],[5.761263,50.0091752],[5.7612482,50.0092732],[5.7625383,50.0093525],[5.7629701,50.009399],[5.7636675,50.0094766],[5.7637238,50.0093628],[5.7637882,50.009218],[5.7638647,50.009025],[5.764043,50.0085371]]]}},{"type":"Feature","properties":{"t":"lavoura"},"geometry":{"type":"Polygon","coordinates":[[[5.7610953,50.0102488],[5.7610441,50.0102443],[5.7598025,50.0101351],[5.7595932,50.0113279],[5.7634288,50.0116623],[5.7636005,50.0106539],[5.763697,50.0104832],[5.7636407,50.0104764],[5.7610953,50.0102488]]]}},{"type":"Feature","properties":{"t":"lavoura"},"geometry":{"type":"Polygon","coordinates":[[[5.7617846,50.0136772],[5.7592285,50.0133376],[5.7579249,50.0131515],[5.7553983,50.0127551],[5.7536119,50.0124689],[5.7506025,50.0117347],[5.750094,50.0131442],[5.749492,50.014813],[5.7500768,50.0148958],[5.750919,50.015106],[5.7530379,50.0159368],[5.7549101,50.0166124],[5.75616,50.0170226],[5.7569539,50.0174121],[5.7576835,50.0177568],[5.758177,50.0179291],[5.7592687,50.0180618],[5.761106,50.014882],[5.7617846,50.0136772]]]}},{"type":"Feature","properties":{"t":"lavoura"},"geometry":{"type":"Polygon","coordinates":[[[5.7637534,50.013953],[5.7617846,50.0136772],[5.761106,50.014882],[5.7592687,50.0180618],[5.7595476,50.0181342],[5.7598588,50.0182531],[5.7601377,50.0184341],[5.7602987,50.0185875],[5.7604113,50.0185995],[5.7607949,50.0180825],[5.7611865,50.0176999],[5.7616129,50.0173621],[5.7620394,50.0171225],[5.7624605,50.016945],[5.7626966,50.0168278],[5.7628977,50.0166899],[5.7630855,50.0163797],[5.7632491,50.0158144],[5.7634959,50.014932],[5.7637104,50.0141581],[5.7637534,50.013953]]]}},{"type":"Feature","properties":{"t":"prado"},"geometry":{"type":"Polygon","coordinates":[[[5.7646632,50.0188344],[5.7645099,50.0187168],[5.7634446,50.0178194],[5.7627512,50.0179346],[5.762369,50.0180999],[5.7621025,50.0183382],[5.7628155,50.0189406],[5.7636702,50.0188943],[5.7642281,50.0191218],[5.7646632,50.0188344]]]}},{"type":"Feature","properties":{"t":"prado"},"geometry":{"type":"Polygon","coordinates":[[[5.7628155,50.0189406],[5.7621025,50.0183382],[5.7620005,50.0184022],[5.7620352,50.0184195],[5.7617243,50.0188735],[5.761394,50.0193409],[5.7613639,50.0194541],[5.7619904,50.019486],[5.762005,50.0193187],[5.762018,50.0191632],[5.7626285,50.0189271],[5.7628155,50.0189406]]]}},{"type":"Feature","properties":{"t":"lavoura"},"geometry":{"type":"Polygon","coordinates":[[[5.7636675,50.0094766],[5.7629701,50.009399],[5.7625383,50.0093525],[5.7612482,50.0092732],[5.7610953,50.0102488],[5.7636407,50.0104764],[5.7637989,50.0102178],[5.7640055,50.0100454],[5.7644668,50.0097058],[5.7645607,50.0095593],[5.7636675,50.0094766]]]}},{"type":"Feature","properties":{"t":"prado"},"geometry":{"type":"Polygon","coordinates":[[[5.7646388,50.0093207],[5.7637882,50.009218],[5.7637238,50.0093628],[5.7639411,50.0094387],[5.7642978,50.0094921],[5.7645741,50.0094645],[5.7646388,50.0093207]]]}},{"type":"Feature","properties":{"t":"prado"},"geometry":{"type":"Polygon","coordinates":[[[5.7638647,50.009025],[5.7637882,50.009218],[5.7646388,50.0093207],[5.7647129,50.0091562],[5.7638647,50.009025]]]}},{"type":"Feature","properties":{"t":"prado"},"geometry":{"type":"Polygon","coordinates":[[[5.7647002,50.0069478],[5.7648772,50.0072288],[5.7659098,50.0075253],[5.7662424,50.007396],[5.7660225,50.0071857],[5.7656416,50.0070874],[5.7652393,50.0068788],[5.7651347,50.0069426],[5.7649308,50.0068771],[5.7647002,50.0069478]]]}},{"type":"Feature","properties":{"t":"prado"},"geometry":{"type":"Polygon","coordinates":[[[5.7639867,50.0101928],[5.7646143,50.0103488],[5.7650757,50.010142],[5.76547,50.0098817],[5.7657167,50.0097576],[5.7659018,50.0096438],[5.7647994,50.00943],[5.7645661,50.0097541],[5.7643086,50.0099627],[5.7639867,50.0101928]]]}},{"type":"Feature","properties":{"t":"prado"},"geometry":{"type":"Polygon","coordinates":[[[5.7665294,50.0081148],[5.7660359,50.00812],[5.7660386,50.0091818],[5.7660332,50.0094662],[5.7659018,50.0096438],[5.7657167,50.0097576],[5.76547,50.0098817],[5.7650757,50.010142],[5.7646143,50.0103488],[5.7639867,50.0101928],[5.7638352,50.0103712],[5.7637359,50.0105298],[5.7636635,50.010772],[5.7635643,50.0112848],[5.7634288,50.0120656],[5.7634315,50.0122578],[5.763469,50.0124827],[5.7636863,50.0130877],[5.7664195,50.0130291],[5.766331,50.0125155],[5.7661298,50.0113313],[5.7660627,50.0108711],[5.766822,50.0108653],[5.7668459,50.0107728],[5.7670605,50.0104436],[5.7675916,50.0100816],[5.7679698,50.0098937],[5.7679242,50.0096438],[5.7678223,50.0095352],[5.767841,50.0089681],[5.767208,50.008906],[5.7666126,50.0088578],[5.7665697,50.0086561],[5.766618,50.008494],[5.7665294,50.0081148]]]}},{"type":"Feature","properties":{"t":"prado"},"geometry":{"type":"Polygon","coordinates":[[[5.7664195,50.0130291],[5.7636863,50.0130877],[5.763807,50.0134445],[5.7638472,50.0137599],[5.7638124,50.0141167],[5.7636997,50.014508],[5.7635559,50.0151529],[5.7671386,50.0159094],[5.7678196,50.0157041],[5.7672188,50.0146493],[5.7664838,50.0133411],[5.7664195,50.0130291]]]}},{"type":"Feature","properties":{"t":"prado"},"geometry":{"type":"Polygon","coordinates":[[[5.7661298,50.0113313],[5.766331,50.0125155],[5.7664195,50.0130291],[5.7664838,50.0133411],[5.7672188,50.0146493],[5.7676882,50.014327],[5.7684154,50.0139911],[5.7681763,50.0136479],[5.7679027,50.0131756],[5.7679027,50.0129378],[5.7676989,50.012662],[5.7676023,50.0122828],[5.7674897,50.011676],[5.7675514,50.0113399],[5.7661298,50.0113313]]]}},{"type":"Feature","properties":{"t":"prado"},"geometry":{"type":"Polygon","coordinates":[[[5.7684154,50.0139911],[5.7676882,50.014327],[5.7672188,50.0146493],[5.7678196,50.0157041],[5.7671386,50.0159094],[5.7662115,50.0161784],[5.7660534,50.0163116],[5.7665843,50.0171831],[5.7677928,50.017014],[5.7680449,50.0169485],[5.768238,50.0167296],[5.7683936,50.0161574],[5.7685706,50.0160936],[5.7686001,50.0155093],[5.7687986,50.0150664],[5.7688174,50.0145769],[5.7685304,50.0141563],[5.7684154,50.0139911]]]}},{"type":"Feature","properties":{"t":"prado"},"geometry":{"type":"Polygon","coordinates":[[[5.7685706,50.0160936],[5.7683936,50.0161574],[5.768238,50.0167296],[5.7680449,50.0169485],[5.7677928,50.017014],[5.7679192,50.0171053],[5.7680777,50.0172062],[5.7683339,50.0171375],[5.7684961,50.0172568],[5.768601,50.0172023],[5.7692238,50.0163506],[5.7685706,50.0160936]]]}},{"type":"Feature","properties":{"t":"prado"},"geometry":{"type":"Polygon","coordinates":[[[5.7662116,50.0178109],[5.7668104,50.0175401],[5.7668822,50.0175456],[5.766931,50.017566],[5.7669837,50.0176263],[5.7671542,50.0175801],[5.7672951,50.0175216],[5.7672357,50.0174613],[5.7674646,50.017281],[5.7679192,50.0171053],[5.7677928,50.017014],[5.7665843,50.0171831],[5.7655056,50.0173518],[5.7659423,50.017631],[5.7662116,50.0178109]]]}},{"type":"Feature","properties":{"t":"prado"},"geometry":{"type":"Polygon","coordinates":[[[5.7590752,50.0045628],[5.7591302,50.004851],[5.7591909,50.0051687],[5.7598051,50.0050774],[5.7600117,50.0050722],[5.760591,50.0050584],[5.7610255,50.0050308],[5.761165,50.0049533],[5.7612696,50.0049636],[5.7616183,50.0049964],[5.7617026,50.0048389],[5.7614949,50.0048222],[5.7595718,50.0046395],[5.7590752,50.0045628]]]}},{"type":"Feature","properties":{"t":"prado"},"geometry":{"type":"Polygon","coordinates":[[[5.7544675,50.0038784],[5.7550818,50.0039965],[5.755704,50.0040482],[5.7562083,50.0041516],[5.756793,50.0043154],[5.7573295,50.004293],[5.7590752,50.0045628],[5.7595718,50.0046395],[5.7599178,50.003893],[5.7604586,50.0037469],[5.7598834,50.0032914],[5.7598883,50.0036258],[5.7597542,50.003631],[5.7597708,50.0033658],[5.7574555,50.0033276],[5.7562968,50.0032534],[5.7549021,50.0030483],[5.7544675,50.0038784]]]}},{"type":"Feature","properties":{"t":"prado"},"geometry":{"type":"Polygon","coordinates":[[[5.7604586,50.0037469],[5.7599178,50.003893],[5.7595718,50.0046395],[5.7614949,50.0048222],[5.7616881,50.003962],[5.7607976,50.0040154],[5.7604586,50.0037469]]]}},{"type":"Feature","properties":{"t":"prado"},"geometry":{"type":"Polygon","coordinates":[[[5.7598834,50.0032914],[5.7604586,50.0037469],[5.7607976,50.0040154],[5.7616881,50.003962],[5.7614949,50.0048222],[5.7617026,50.0048389],[5.7620314,50.0048653],[5.762431,50.0039947],[5.7624793,50.0040085],[5.762498,50.0039103],[5.7623398,50.0038241],[5.7620555,50.0038224],[5.7620501,50.0033534],[5.7621244,50.0029411],[5.7601297,50.0028776],[5.7599044,50.0028931],[5.7597245,50.0028692],[5.7597783,50.0032465],[5.7598829,50.0032569],[5.7598834,50.0032914]]]}},{"type":"Feature","properties":{"t":"prado"},"geometry":{"type":"Polygon","coordinates":[[[5.7574341,50.007034],[5.7574153,50.007296],[5.7574743,50.0074391],[5.7575655,50.0075804],[5.7619616,50.0077011],[5.7620448,50.0070633],[5.7620689,50.0066099],[5.7620797,50.0065289],[5.7619336,50.0065216],[5.7619107,50.0070478],[5.757544,50.0069185],[5.7574341,50.007034]]]}},{"type":"Feature","properties":{"t":"prado"},"geometry":{"type":"Polygon","coordinates":[[[5.757544,50.0069185],[5.7619107,50.0070478],[5.7619336,50.0065216],[5.7604811,50.0064496],[5.7598883,50.0064203],[5.7591868,50.0063803],[5.758523,50.0063134],[5.7580027,50.0062789],[5.7579946,50.0062134],[5.7571954,50.0062806],[5.7572383,50.0064082],[5.7573161,50.0064065],[5.757544,50.0069185]]]}},{"type":"Feature","properties":{"t":"prado"},"geometry":{"type":"Polygon","coordinates":[[[5.7620689,50.0066099],[5.7620448,50.0070633],[5.7619616,50.0077011],[5.7629889,50.0076373],[5.7633537,50.0069616],[5.7636521,50.0066373],[5.7632906,50.0064931],[5.7629165,50.006803],[5.7626,50.006703],[5.7620689,50.0066099]]]}},{"type":"Feature","properties":{"t":"prado"},"geometry":{"type":"Polygon","coordinates":[[[5.7636521,50.0066373],[5.7633537,50.0069616],[5.7629889,50.0076373],[5.7619616,50.0077011],[5.7618973,50.0080786],[5.7634529,50.0083561],[5.764043,50.0085371],[5.7650086,50.0086681],[5.7650194,50.0085785],[5.7644293,50.0084923],[5.7644775,50.0080234],[5.7641906,50.0079424],[5.764389,50.0076614],[5.7634637,50.0073356],[5.7635549,50.0070495],[5.7637924,50.0066932],[5.7636521,50.0066373]]]}},{"type":"Feature","properties":{"t":"prado"},"geometry":{"type":"Polygon","coordinates":[[[5.7635549,50.0070495],[5.7634637,50.0073356],[5.764389,50.0076614],[5.7649228,50.0078683],[5.7648918,50.0074336],[5.7646603,50.0070392],[5.7637924,50.0066932],[5.7635549,50.0070495]]]}},{"type":"Feature","properties":{"t":"prado"},"geometry":{"type":"Polygon","coordinates":[[[5.7627529,50.0061979],[5.7626,50.006703],[5.7629165,50.006803],[5.7632906,50.0064931],[5.7631391,50.0063875],[5.7633322,50.0061876],[5.7632357,50.0061255],[5.7628494,50.0060565],[5.7627529,50.0061979]]]}},{"type":"Feature","properties":{"t":"prado"},"geometry":{"type":"Polygon","coordinates":[[[5.7620797,50.0065289],[5.7620689,50.0066099],[5.7626,50.006703],[5.7627529,50.0061979],[5.7620957,50.0061772],[5.7620797,50.0065289]]]}},{"type":"Feature","properties":{"t":"prado"},"geometry":{"type":"Polygon","coordinates":[[[5.7604811,50.0064496],[5.7619336,50.0065216],[5.7620797,50.0065289],[5.7620957,50.0061772],[5.762077,50.0060307],[5.7615593,50.0060255],[5.7615593,50.0060824],[5.7608297,50.006141],[5.7608995,50.0062944],[5.7611382,50.0062944],[5.7611516,50.0062255],[5.761275,50.0061996],[5.761342,50.0063548],[5.7611194,50.0063875],[5.7609558,50.0063479],[5.7608485,50.0063444],[5.760583,50.0063996],[5.7604811,50.0064496]]]}},{"type":"Feature","properties":{"t":"prado"},"geometry":{"type":"Polygon","coordinates":[[[5.7641315,50.0058747],[5.7654726,50.0060031],[5.7654364,50.0056859],[5.7653118,50.005468],[5.764437,50.0055534],[5.7643622,50.0057381],[5.7641315,50.0058747]]]}},{"type":"Feature","properties":{"t":"grama"},"geometry":{"type":"Polygon","coordinates":[[[5.7663001,50.0060798],[5.7664181,50.006029],[5.7661516,50.0056895],[5.7660601,50.0057238],[5.7657865,50.0054049],[5.765419,50.0054575],[5.7655022,50.0056695],[5.7655759,50.00601],[5.765769,50.0060324],[5.7657838,50.0059807],[5.7659541,50.0059953],[5.7659068,50.0058941],[5.7656068,50.0058635],[5.7655692,50.0056669],[5.7654941,50.0054911],[5.7657891,50.0054532],[5.7660549,50.0058738],[5.7660855,50.0058712],[5.7660735,50.0057816],[5.7661378,50.0057661],[5.7663001,50.0060798]]]}},{"type":"Feature","properties":{"t":"prado"},"geometry":{"type":"Polygon","coordinates":[[[5.747019,50.0066892],[5.7481483,50.0065961],[5.7497361,50.0064634],[5.7497415,50.0064306],[5.750412,50.0063565],[5.7512033,50.0062669],[5.752008,50.0062376],[5.7520509,50.0054928],[5.7520482,50.0053566],[5.7516378,50.0053446],[5.7512811,50.0054463],[5.7510638,50.0055687],[5.7509512,50.005567],[5.7503772,50.0057066],[5.7503772,50.0060393],[5.7492533,50.0060238],[5.7486016,50.0061083],[5.7476762,50.00621],[5.7476225,50.0062824],[5.7472873,50.0063513],[5.746437,50.0064996],[5.7464102,50.0066823],[5.7469761,50.006634],[5.747019,50.0066892]]]}},{"type":"Feature","properties":{"t":"prado"},"geometry":{"type":"Polygon","coordinates":[[[5.7520509,50.0054928],[5.752008,50.0062376],[5.7533759,50.0061289],[5.7554787,50.0059497],[5.7554841,50.0059962],[5.7558972,50.0059617],[5.7559884,50.0059238],[5.7559347,50.0054566],[5.7554975,50.0052911],[5.7552749,50.0052842],[5.755122,50.0053549],[5.7547653,50.0054239],[5.7544622,50.0054066],[5.7540706,50.0053515],[5.7535958,50.0053997],[5.7535556,50.0054377],[5.7534751,50.005448],[5.753282,50.0054515],[5.753105,50.0054756],[5.7529011,50.0054566],[5.7525685,50.0054946],[5.7523003,50.0054894],[5.7520509,50.0054928]]]}},{"type":"Feature","properties":{"t":"prado"},"geometry":{"type":"Polygon","coordinates":[[[5.7535958,50.0053997],[5.7540706,50.0053515],[5.7544622,50.0054066],[5.7547653,50.0054239],[5.755122,50.0053549],[5.7552749,50.0052842],[5.7554975,50.0052911],[5.7559347,50.0054566],[5.7566509,50.0054396],[5.7566804,50.0053084],[5.7572651,50.0052274],[5.7576996,50.0052946],[5.7576728,50.0047619],[5.7566187,50.0045809],[5.755983,50.0045343],[5.7556397,50.0045068],[5.7555672,50.0045223],[5.7551166,50.0044637],[5.7547894,50.0045602],[5.7545426,50.0045223],[5.7539719,50.0043454],[5.7539204,50.0044481],[5.7537299,50.0048257],[5.7528421,50.004836],[5.7527348,50.0049015],[5.751847,50.004736],[5.7503879,50.0045378],[5.7503182,50.0051101],[5.7506655,50.0054291],[5.7503369,50.0055489],[5.7503289,50.0055713],[5.7502484,50.0056575],[5.750125,50.0056385],[5.7498582,50.0054066],[5.7498394,50.0053635],[5.7498837,50.0052524],[5.7499292,50.0051653],[5.7497066,50.0051325],[5.7495081,50.0051653],[5.7493392,50.0052446],[5.7491729,50.005286],[5.7489771,50.0052498],[5.748961,50.005367],[5.7487035,50.0054704],[5.7483548,50.0054032],[5.7482234,50.0054411],[5.7482609,50.005517],[5.7477593,50.0056738],[5.7476628,50.0057824],[5.7474831,50.005848],[5.7476762,50.00621],[5.7486016,50.0061083],[5.7492533,50.0060238],[5.7503772,50.0060393],[5.7503772,50.0057066],[5.7509512,50.005567],[5.7510638,50.0055687],[5.7512811,50.0054463],[5.7516378,50.0053446],[5.7520482,50.0053566],[5.7520509,50.0054928],[5.7523003,50.0054894],[5.7522923,50.0054411],[5.7525015,50.0054222],[5.7528019,50.0054118],[5.7532471,50.0053756],[5.7532552,50.0054135],[5.7535958,50.0053997]]]}},{"type":"Feature","properties":{"t":"prado"},"geometry":{"type":"Polygon","coordinates":[[[5.7576996,50.0052946],[5.7572651,50.0052274],[5.7566804,50.0053084],[5.7566509,50.0054396],[5.7566959,50.0058682],[5.7573161,50.0057756],[5.7579195,50.005729],[5.7588047,50.00571],[5.7591424,50.005705],[5.7591265,50.0055256],[5.7591654,50.0054649],[5.7586625,50.0053963],[5.7576996,50.0052946]]]}},{"type":"Feature","properties":{"t":"prado"},"geometry":{"type":"Polygon","coordinates":[[[5.7576728,50.0047619],[5.7576996,50.0052946],[5.7586625,50.0053963],[5.7591654,50.0054649],[5.759207,50.0053997],[5.7591909,50.0051687],[5.7591302,50.004851],[5.7576728,50.0047619]]]}},{"type":"Feature","properties":{"t":"prado"},"geometry":{"type":"Polygon","coordinates":[[[5.7591909,50.0051687],[5.759207,50.0053997],[5.7601166,50.0054537],[5.7601243,50.0054187],[5.7600117,50.0050722],[5.7598051,50.0050774],[5.7591909,50.0051687]]]}},{"type":"Feature","properties":{"t":"prado"},"geometry":{"type":"Polygon","coordinates":[[[5.7539719,50.0043454],[5.7545426,50.0045223],[5.7547894,50.0045602],[5.7551166,50.0044637],[5.7555672,50.0045223],[5.7556397,50.0045068],[5.755983,50.0045343],[5.7566187,50.0045809],[5.7576728,50.0047619],[5.7591302,50.004851],[5.7590752,50.0045628],[5.7573295,50.004293],[5.756793,50.0043154],[5.7562083,50.0041516],[5.755704,50.0040482],[5.7550818,50.0039965],[5.7544675,50.0038784],[5.7542248,50.0038405],[5.7539719,50.0043454]]]}},{"type":"Feature","properties":{"t":"prado"},"geometry":{"type":"Polygon","coordinates":[[[5.765466,50.0060652],[5.7640336,50.0059318],[5.7640071,50.0059473],[5.7644024,50.0064599],[5.7645942,50.0063091],[5.7649196,50.0064407],[5.7647176,50.0066349],[5.7653144,50.0068013],[5.7659259,50.0069081],[5.76639,50.0070219],[5.7666577,50.0067257],[5.7663135,50.0066539],[5.765466,50.0060652]]]}},{"type":"Feature","properties":{"t":"prado"},"geometry":{"type":"Polygon","coordinates":[[[5.7486398,50.0075489],[5.7486595,50.0078128],[5.7494947,50.0076994],[5.7506347,50.0075718],[5.7505437,50.0073693],[5.7499802,50.0074322],[5.7499909,50.0075408],[5.7495993,50.0075821],[5.7495752,50.0076063],[5.7493821,50.0076201],[5.7492748,50.0075615],[5.7490012,50.0075787],[5.7489341,50.0075201],[5.7486398,50.0075489]]]}},{"type":"Feature","properties":{"t":"prado"},"geometry":{"type":"Polygon","coordinates":[[[5.7495055,50.0077787],[5.7492024,50.007839],[5.748277,50.0079666],[5.7475582,50.0080821],[5.7476467,50.0091525],[5.7483119,50.0092766],[5.7488966,50.0093163],[5.7491165,50.0093232],[5.7488885,50.008956],[5.7488778,50.0088595],[5.7489395,50.0086664],[5.7491809,50.0084871],[5.7492667,50.0085268],[5.7490468,50.0086354],[5.748961,50.0087923],[5.7490441,50.0090301],[5.7492614,50.0092904],[5.7494384,50.0092456],[5.7494706,50.0088578],[5.7495484,50.0087647],[5.7498541,50.0089922],[5.7499158,50.0089577],[5.7503021,50.0084475],[5.7496101,50.0081458],[5.7495055,50.0077787]]]}},{"type":"Feature","properties":{"t":"prado"},"geometry":{"type":"Polygon","coordinates":[[[5.7506347,50.0075718],[5.7494947,50.0076994],[5.7495055,50.0077787],[5.7496101,50.0081458],[5.7503021,50.0084475],[5.7503691,50.0084699],[5.7504603,50.0083423],[5.7507393,50.0081803],[5.7511738,50.0079476],[5.750755,50.0075348],[5.7506347,50.0075718]]]}},{"type":"Feature","properties":{"t":"prado"},"geometry":{"type":"Polygon","coordinates":[[[5.750755,50.0075348],[5.7511738,50.0079476],[5.7520375,50.007446],[5.7526831,50.0071248],[5.7525993,50.0068923],[5.7525203,50.0068961],[5.7524022,50.0067357],[5.7518148,50.0067892],[5.7519114,50.0073081],[5.7515869,50.0073253],[5.7515658,50.0072742],[5.7510048,50.0073494],[5.7508251,50.0075132],[5.750755,50.0075348]]]}},{"type":"Feature","properties":{"t":"prado"},"geometry":{"type":"Polygon","coordinates":[[[5.7531291,50.0089371],[5.752759,50.0071512],[5.752252,50.0073943],[5.7515708,50.0077769],[5.7506695,50.0082751],[5.7504335,50.0084682],[5.7501411,50.0088888],[5.7499668,50.0090887],[5.7500902,50.0092422],[5.7505113,50.0096179],[5.7507929,50.0099851],[5.7535019,50.0103143],[5.7531291,50.0089371]]]}},{"type":"Feature","properties":{"t":"prado"},"geometry":{"type":"Polygon","coordinates":[[[5.7531291,50.0089371],[5.7535019,50.0103143],[5.7560313,50.0106177],[5.7561788,50.0092111],[5.7561999,50.0088325],[5.7549798,50.0088664],[5.7531291,50.0089371]]]}},{"type":"Feature","properties":{"t":"prado"},"geometry":{"type":"Polygon","coordinates":[[[5.7503048,50.0116105],[5.7503074,50.011695],[5.7506025,50.0117347],[5.7536119,50.0124689],[5.7553983,50.0127551],[5.7560313,50.0106177],[5.7535019,50.0103143],[5.7507929,50.0099851],[5.7505113,50.0096179],[5.7500902,50.0092422],[5.7499668,50.0090887],[5.7496744,50.0092904],[5.7494947,50.0093663],[5.7497629,50.0097593],[5.7500258,50.0101954],[5.7501519,50.0109504],[5.7503101,50.0115054],[5.7503048,50.0116105]]]}},{"type":"Feature","properties":{"t":"prado"},"geometry":{"type":"Polygon","coordinates":[[[5.7561788,50.0092111],[5.7560313,50.0106177],[5.7553983,50.0127551],[5.7579249,50.0131515],[5.7584882,50.0112279],[5.7595932,50.0113279],[5.7598025,50.0101351],[5.7580644,50.0099885],[5.758133,50.0094431],[5.7580724,50.0094438],[5.7561788,50.0092111]]]}},{"type":"Feature","properties":{"t":"lavoura"},"geometry":{"type":"Polygon","coordinates":[[[5.7595932,50.0113279],[5.7584882,50.0112279],[5.7579249,50.0131515],[5.7592285,50.0133376],[5.7617846,50.0136772],[5.7637534,50.013953],[5.7637453,50.0136393],[5.7636702,50.0133204],[5.7636031,50.0130343],[5.7633913,50.0125103],[5.7633403,50.0122156],[5.7633859,50.0118863],[5.7634288,50.0116623],[5.7595932,50.0113279]]]}},{"type":"Feature","properties":{"t":"prado"},"geometry":{"type":"Polygon","coordinates":[[[5.7561999,50.0088325],[5.7561788,50.0092111],[5.7580724,50.0094438],[5.7581368,50.0088871],[5.7581395,50.0087802],[5.7572114,50.0088043],[5.7561999,50.0088325]]]}},{"type":"Feature","properties":{"t":"lavoura"},"geometry":{"type":"Polygon","coordinates":[[[5.7582039,50.0088802],[5.758133,50.0094431],[5.7580644,50.0099885],[5.7598025,50.0101351],[5.7610441,50.0102443],[5.7610953,50.0102488],[5.7612482,50.0092732],[5.761263,50.0091752],[5.7582039,50.0088802]]]}},{"type":"Feature","properties":{"t":"lavoura"},"geometry":{"type":"Polygon","coordinates":[[[5.7579598,50.0081872],[5.7581851,50.0085578],[5.7582039,50.0088802],[5.761263,50.0091752],[5.7612964,50.0089543],[5.76179,50.0089715],[5.7618727,50.0082833],[5.7579598,50.0081872]]]}},{"type":"Feature","properties":{"t":"lavoura"},"geometry":{"type":"Polygon","coordinates":[[[5.7579598,50.0081872],[5.7618727,50.0082833],[5.7618973,50.0080786],[5.7619616,50.0077011],[5.7575655,50.0075804],[5.7579598,50.0081872]]]}},{"type":"Feature","properties":{"t":"prado"},"geometry":{"type":"Polygon","coordinates":[[[5.752759,50.0071512],[5.7531291,50.0089371],[5.7549798,50.0088664],[5.7549879,50.0087371],[5.7547814,50.0077407],[5.7535127,50.007839],[5.7533138,50.006893],[5.752759,50.0071512]]]}},{"type":"Feature","properties":{"t":"prado"},"geometry":{"type":"Polygon","coordinates":[[[5.7567394,50.0074132],[5.7570076,50.0080562],[5.7572114,50.0088043],[5.7581395,50.0087802],[5.7581341,50.0085458],[5.7573938,50.0074598],[5.757359,50.0073219],[5.7567394,50.0074132]]]}},{"type":"Feature","properties":{"t":"prado"},"geometry":{"type":"Polygon","coordinates":[[[5.7563753,50.0067944],[5.7564685,50.0071357],[5.7568145,50.0078855],[5.7568574,50.0080855],[5.7562673,50.0082182],[5.7549879,50.0087371],[5.7549798,50.0088664],[5.7561999,50.0088325],[5.7572114,50.0088043],[5.7570076,50.0080562],[5.7567394,50.0074132],[5.7564712,50.0064892],[5.7570156,50.0063599],[5.7570969,50.0063357],[5.75708,50.0062875],[5.7562782,50.006368],[5.7563753,50.0067944]]]}},{"type":"Feature","properties":{"t":"prado"},"geometry":{"type":"Polygon","coordinates":[[[5.7533138,50.006893],[5.7535127,50.007839],[5.7547814,50.0077407],[5.7549879,50.0087371],[5.7562673,50.0082182],[5.7568574,50.0080855],[5.7568145,50.0078855],[5.7564685,50.0071357],[5.7563753,50.0067944],[5.7559133,50.0068426],[5.7559612,50.0071065],[5.754151,50.0072753],[5.7535561,50.0074767],[5.7533571,50.0068771],[5.7533138,50.006893]]]}},{"type":"Feature","properties":{"t":"prado"},"geometry":{"type":"Polygon","coordinates":[[[5.7395598,50.0072546],[5.7401285,50.007377],[5.7405308,50.0074391],[5.7409224,50.0074873],[5.7413435,50.0074873],[5.7413623,50.0074546],[5.7415178,50.0074167],[5.741711,50.007396],[5.7417968,50.0073253],[5.7420194,50.0073029],[5.7424244,50.0071288],[5.7410431,50.0071667],[5.7406542,50.0071391],[5.740445,50.0071012],[5.7397771,50.0071495],[5.7395598,50.0072546]]]}},{"type":"Feature","properties":{"t":"prado"},"geometry":{"type":"Polygon","coordinates":[[[5.7404181,50.0059307],[5.7403216,50.0069443],[5.7406971,50.0069512],[5.7410887,50.0069443],[5.7414937,50.0068961],[5.7418182,50.006903],[5.7419121,50.0068737],[5.742175,50.0068926],[5.7428777,50.0068857],[5.7433739,50.0068237],[5.7438916,50.0068013],[5.7441893,50.0067616],[5.7444978,50.0068237],[5.7445037,50.006893],[5.7450315,50.0068426],[5.7452166,50.006753],[5.7456404,50.0067064],[5.7456197,50.0063977],[5.7455197,50.0064117],[5.7453775,50.0063858],[5.744994,50.0062824],[5.7446989,50.0061962],[5.7445112,50.0060479],[5.7443851,50.0059841],[5.7442215,50.0060031],[5.7440177,50.0060048],[5.7439077,50.00596],[5.7435751,50.0059859],[5.7428858,50.0060893],[5.7426792,50.0061617],[5.7427087,50.0062444],[5.7423654,50.0064168],[5.7422474,50.0064272],[5.7420436,50.0062755],[5.7417431,50.0061669],[5.7414749,50.00601],[5.7413194,50.0060272],[5.7411638,50.0060238],[5.7410753,50.0060341],[5.7409626,50.00601],[5.7407293,50.0059255],[5.7405375,50.0058592],[5.7404503,50.0058781],[5.7404181,50.0059307]]]}},{"type":"Feature","properties":{"t":"prado"},"geometry":{"type":"Polygon","coordinates":[[[5.7384494,50.0055652],[5.7386503,50.0058792],[5.7387418,50.0060221],[5.7391092,50.0059359],[5.7393506,50.0058859],[5.7400078,50.0059204],[5.7404181,50.0059307],[5.7404503,50.0058781],[5.7405375,50.0058592],[5.7407293,50.0059255],[5.7407461,50.0058719],[5.7404289,50.0057152],[5.740445,50.0055463],[5.740107,50.0054342],[5.7400292,50.0052929],[5.7398388,50.005286],[5.7396322,50.0053308],[5.7394123,50.0053256],[5.738959,50.0054549],[5.7386318,50.0054963],[5.7384494,50.0055652]]]}},{"type":"Feature","properties":{"t":"prado"},"geometry":{"type":"Polygon","coordinates":[[[5.7435751,50.0059859],[5.7439077,50.00596],[5.7440177,50.0060048],[5.7442215,50.0060031],[5.7443851,50.0059841],[5.7445112,50.0060479],[5.7446989,50.0061962],[5.744994,50.0062824],[5.7453775,50.0063858],[5.7455197,50.0064117],[5.7456197,50.0063977],[5.7455948,50.0060272],[5.7461071,50.0058755],[5.7471961,50.005604],[5.747235,50.0055316],[5.746842,50.0049593],[5.7468728,50.0049137],[5.746674,50.004626],[5.7465953,50.0046498],[5.7465577,50.0045705],[5.745796,50.0039982],[5.7454687,50.0040137],[5.7446775,50.0041999],[5.7440874,50.0042809],[5.7438594,50.0038706],[5.7431674,50.0035948],[5.7427436,50.0039465],[5.743162,50.0041602],[5.7435751,50.0059859]]]}},{"type":"Feature","properties":{"t":"prado"},"geometry":{"type":"Polygon","coordinates":[[[5.740445,50.0055463],[5.7404289,50.0057152],[5.7407461,50.0058719],[5.7407749,50.0057325],[5.7408982,50.0057135],[5.7410458,50.0057859],[5.7411638,50.0060238],[5.7413194,50.0060272],[5.7414749,50.00601],[5.7417431,50.0061669],[5.7420436,50.0062755],[5.7422474,50.0064272],[5.7423654,50.0064168],[5.7427087,50.0062444],[5.7426792,50.0061617],[5.7428858,50.0060893],[5.7435751,50.0059859],[5.743162,50.0041602],[5.7427436,50.0039465],[5.7431674,50.0035948],[5.7428635,50.0034313],[5.7427222,50.0033552],[5.7423091,50.0036172],[5.7423547,50.0037],[5.7412764,50.0043171],[5.7411665,50.0043826],[5.74063,50.0044447],[5.7403618,50.0044119],[5.740048,50.0044119],[5.7399702,50.0044412],[5.7400078,50.004574],[5.7401714,50.0046205],[5.7401043,50.0047585],[5.7400909,50.0049757],[5.7402277,50.0051119],[5.7403591,50.0051412],[5.7405093,50.0052429],[5.7408178,50.005298],[5.7410753,50.0054687],[5.7409438,50.0055428],[5.7406086,50.0056066],[5.740445,50.0055463]]]}},{"type":"Feature","properties":{"t":"prado"},"geometry":{"type":"Polygon","coordinates":[[[5.7591459,50.005744],[5.7586142,50.0057514],[5.757992,50.0057635],[5.7576554,50.0057868],[5.7576967,50.0059605],[5.7577747,50.0059738],[5.7585311,50.0059876],[5.7593935,50.0059627],[5.7593854,50.0058609],[5.7591534,50.005829],[5.7591459,50.005744]]]}},{"type":"Feature","properties":{"t":"prado"},"geometry":{"type":"Polygon","coordinates":[[[5.7577335,50.0061647],[5.7587054,50.0060634],[5.7587135,50.0060376],[5.7581878,50.0060376],[5.7577101,50.006028],[5.7577335,50.0061647]]]}},{"type":"Feature","properties":{"t":"prado"},"geometry":{"type":"Polygon","coordinates":[[[5.755865,50.0060462],[5.7552873,50.0063804],[5.7552965,50.0064022],[5.7559857,50.0063289],[5.7559884,50.0062858],[5.7562137,50.0062651],[5.7562271,50.0062272],[5.7567662,50.00616],[5.7567421,50.0060428],[5.7564551,50.0060255],[5.7561037,50.0060807],[5.755865,50.0060462]]]}},{"type":"Feature","properties":{"t":"prado"},"geometry":{"type":"Polygon","coordinates":[[[5.743976,50.0092256],[5.7445568,50.0091008],[5.7449135,50.0090629],[5.745171,50.0090456],[5.7459596,50.0090836],[5.7466194,50.0091698],[5.7475394,50.0092146],[5.7474241,50.0080769],[5.7474589,50.0080028],[5.7478237,50.0079476],[5.7486595,50.0078128],[5.7486398,50.0075489],[5.7477003,50.0076408],[5.7463111,50.0077646],[5.746327,50.0073029],[5.7456404,50.0073374],[5.7450932,50.0072943],[5.7442939,50.0071529],[5.7438433,50.0071081],[5.7434839,50.0070978],[5.7432908,50.0071202],[5.7437736,50.0076649],[5.7441705,50.0078597],[5.7442456,50.0079855],[5.7442108,50.0084234],[5.7441518,50.0084613],[5.7439479,50.0091405],[5.743976,50.0092256]]]}},{"type":"Feature","properties":{"t":"prado"},"geometry":{"type":"Polygon","coordinates":[[[5.7339969,50.0023759],[5.7336643,50.0032741],[5.733602,50.0034841],[5.7339557,50.0035051],[5.7340229,50.003509],[5.7343496,50.0035284],[5.7347362,50.0035133],[5.7347225,50.0032957],[5.7354319,50.0032569],[5.7357685,50.0032578],[5.7362352,50.0032931],[5.7364686,50.00335],[5.7365141,50.0034017],[5.7367569,50.0033207],[5.7370117,50.0035276],[5.7372286,50.0034878],[5.73682,50.0032759],[5.7359254,50.0027276],[5.7339969,50.0023759]]]}},{"type":"Feature","properties":{"t":"prado"},"geometry":{"type":"Polygon","coordinates":[[[5.7357685,50.0032578],[5.7354319,50.0032569],[5.7347225,50.0032957],[5.7347362,50.0035133],[5.7357672,50.0034732],[5.7357685,50.0032578]]]}},{"type":"Feature","properties":{"t":"prado"},"geometry":{"type":"Polygon","coordinates":[[[5.7365141,50.0034017],[5.7364686,50.00335],[5.7362352,50.0032931],[5.7357685,50.0032578],[5.7357672,50.0034732],[5.7360569,50.0034915],[5.736663,50.003612],[5.7365141,50.0034017]]]}},{"type":"Feature","properties":{"t":"prado"},"geometry":{"type":"Polygon","coordinates":[[[5.7346836,50.004874],[5.7348901,50.0049205],[5.7352951,50.0050877],[5.7353353,50.0049739],[5.7353045,50.0046835],[5.7345736,50.0046809],[5.7346836,50.004874]]]}},{"type":"Feature","properties":{"t":"prado"},"geometry":{"type":"Polygon","coordinates":[[[5.7353353,50.0049739],[5.7352951,50.0050877],[5.7352093,50.0051136],[5.7350698,50.0051222],[5.7350376,50.0059117],[5.7351342,50.0059462],[5.7354292,50.005879],[5.7363734,50.0056325],[5.7370359,50.0055015],[5.7372048,50.0052963],[5.7372773,50.0051136],[5.7371834,50.0050205],[5.7353353,50.0049739]]]}},{"type":"Feature","properties":{"t":"prado"},"geometry":{"type":"Polygon","coordinates":[[[5.7371834,50.0050205],[5.7372773,50.0051136],[5.7372048,50.0052963],[5.7375348,50.005248],[5.7387457,50.004874],[5.7386826,50.0047572],[5.7385983,50.0047783],[5.738558,50.0047386],[5.738259,50.0048153],[5.7378593,50.0049343],[5.7378486,50.0048309],[5.7373738,50.0048239],[5.7371834,50.0050205]]]}},{"type":"Feature","properties":{"t":"prado"},"geometry":{"type":"Polygon","coordinates":[[[5.7386826,50.0047572],[5.7387457,50.004874],[5.7387793,50.0048636],[5.7389805,50.0051429],[5.7392594,50.0051636],[5.7394391,50.0050705],[5.7400426,50.0050636],[5.740048,50.0048946],[5.7399219,50.0047585],[5.7399541,50.0046154],[5.7397529,50.0042878],[5.739077,50.004343],[5.7389563,50.0039223],[5.7383609,50.0039723],[5.7384601,50.0043068],[5.738495,50.0043895],[5.7385617,50.004562],[5.7386143,50.004543],[5.7387122,50.0047498],[5.7386826,50.0047572]]]}},{"type":"Feature","properties":{"t":"prado"},"geometry":{"type":"Polygon","coordinates":[[[5.738259,50.0048153],[5.738558,50.0047386],[5.7384829,50.0045904],[5.7385617,50.004562],[5.738495,50.0043895],[5.7381543,50.0044257],[5.738259,50.0048153]]]}},{"type":"Feature","properties":{"t":"prado"},"geometry":{"type":"Polygon","coordinates":[[[5.7394767,49.9841204],[5.7392541,49.9841791],[5.7389858,49.9841618],[5.7387122,49.9841635],[5.7383072,49.9841653],[5.7376984,49.9840808],[5.7375509,49.9840532],[5.7377413,49.9844274],[5.738892,49.9844343],[5.7401741,49.9845136],[5.7409492,49.9843533],[5.7411437,49.9842704],[5.7408957,49.9841816],[5.740232,49.9840584],[5.7401928,49.9840997],[5.7399943,49.9840877],[5.7394767,49.9841204]]]}},{"type":"Feature","properties":{"t":"prado"},"geometry":{"type":"Polygon","coordinates":[[[5.7401928,49.9840997],[5.740232,49.9840584],[5.7403244,49.9839246],[5.7400041,49.9835233],[5.7394767,49.9841204],[5.7399943,49.9840877],[5.7401928,49.9840997]]]}},{"type":"Feature","properties":{"t":"prado"},"geometry":{"type":"Polygon","coordinates":[[[5.737913,49.9850707],[5.7389704,49.985255],[5.7389858,49.985219],[5.7390502,49.9850483],[5.7384977,49.9849465],[5.737913,49.9850707]]]}},{"type":"Feature","properties":{"t":"prado"},"geometry":{"type":"Polygon","coordinates":[[[5.7389858,49.985219],[5.7389704,49.985255],[5.7388989,49.9854215],[5.738731,49.9858123],[5.740461,49.9861365],[5.7405603,49.9859554],[5.74074,49.9857261],[5.7408985,49.9855555],[5.7408419,49.9855415],[5.7408258,49.9854691],[5.7406488,49.9853777],[5.7406864,49.9852984],[5.7409438,49.9853501],[5.7409358,49.9854208],[5.7410404,49.9854363],[5.7411396,49.9853225],[5.7411811,49.9853376],[5.7415991,49.9849078],[5.7410864,49.9847371],[5.7413581,49.9843472],[5.7413111,49.9843304],[5.7412526,49.9843094],[5.7409787,49.9844205],[5.7401714,49.9845775],[5.7403269,49.9851466],[5.7397798,49.9852535],[5.7395276,49.9847275],[5.7392353,49.9847948],[5.7394364,49.985138],[5.7389858,49.985219]]]}},{"type":"Feature","properties":{"t":"prado"},"geometry":{"type":"Polygon","coordinates":[[[5.7379425,49.9878024],[5.7366147,49.9891755],[5.7363599,49.989439],[5.7391387,49.9904288],[5.7398468,49.9898977],[5.7401633,49.9897252],[5.740453,49.9896183],[5.7410511,49.9894373],[5.7401097,49.9890975],[5.7404181,49.9887613],[5.7404764,49.9887015],[5.7379425,49.9878024]]]}},{"type":"Feature","properties":{"t":"prado"},"geometry":{"type":"Polygon","coordinates":[[[5.7398736,49.9872747],[5.7386935,49.9869902],[5.7379425,49.9878024],[5.7404764,49.9887015],[5.7410324,49.9881318],[5.7413247,49.9878024],[5.7398736,49.9872747]]]}},{"type":"Feature","properties":{"t":"prado"},"geometry":{"type":"Polygon","coordinates":[[[5.740461,49.9861365],[5.7398736,49.9872747],[5.7413247,49.9878024],[5.7415608,49.9879007],[5.7419229,49.9879163],[5.7421508,49.9874558],[5.7423949,49.987004],[5.7424613,49.9868873],[5.741314,49.98644],[5.740461,49.9861365]]]}},{"type":"Feature","properties":{"t":"prado"},"geometry":{"type":"Polygon","coordinates":[[[5.7352629,49.9812716],[5.7354346,49.9811315],[5.7357833,49.9812453],[5.7355204,49.9815472],[5.7373041,49.982275],[5.7379103,49.9824854],[5.738841,49.9827562],[5.7391629,49.9823371],[5.7395357,49.9818714],[5.7396644,49.9817179],[5.7374462,49.981047],[5.7381299,49.9801364],[5.7349595,49.9788325],[5.7339832,49.9803158],[5.7341523,49.9803797],[5.7341847,49.9803174],[5.7348901,49.9804916],[5.7345602,49.9809901],[5.7352629,49.9812716]]]}},{"type":"Feature","properties":{"t":"prado"},"geometry":{"type":"Polygon","coordinates":[[[5.7395357,49.9818714],[5.7391629,49.9823371],[5.740681,49.9826061],[5.7405122,49.9827937],[5.7406367,49.9828494],[5.7404704,49.9830658],[5.7406139,49.983215],[5.7407159,49.9834306],[5.7408071,49.9835582],[5.7409172,49.9836567],[5.7413489,49.9835323],[5.7414423,49.9834065],[5.7417646,49.9834944],[5.7420328,49.9836099],[5.7430226,49.9832874],[5.7429743,49.9832184],[5.7424271,49.9829045],[5.7414025,49.9825699],[5.7399031,49.9820663],[5.7399405,49.9820059],[5.7395357,49.9818714]]]}},{"type":"Feature","properties":{"t":"prado"},"geometry":{"type":"Polygon","coordinates":[[[5.7381299,49.9801364],[5.7374462,49.981047],[5.7396644,49.9817179],[5.7395357,49.9818714],[5.7399405,49.9820059],[5.7407024,49.9807745],[5.7382241,49.9800087],[5.7381299,49.9801364]]]}},{"type":"Feature","properties":{"t":"prado"},"geometry":{"type":"Polygon","coordinates":[[[5.7407024,49.9807745],[5.7399405,49.9820059],[5.7399031,49.9820663],[5.7414025,49.9825699],[5.7422345,49.9812397],[5.7407024,49.9807745]]]}},{"type":"Feature","properties":{"t":"prado"},"geometry":{"type":"Polygon","coordinates":[[[5.7422345,49.9812397],[5.7414025,49.9825699],[5.7424271,49.9829045],[5.7431164,49.9815075],[5.7422345,49.9812397]]]}},{"type":"Feature","properties":{"t":"prado"},"geometry":{"type":"Polygon","coordinates":[[[5.7420328,49.9836099],[5.7426172,49.9838101],[5.7432801,49.9838428],[5.7433097,49.9839183],[5.7439306,49.9838737],[5.7436842,49.983299],[5.7430226,49.9832874],[5.7420328,49.9836099]]]}},{"type":"Feature","properties":{"t":"prado"},"geometry":{"type":"Polygon","coordinates":[[[5.7431164,49.9815075],[5.7424271,49.9829045],[5.7429743,49.9832184],[5.7430226,49.9832874],[5.7436842,49.983299],[5.7436466,49.9832112],[5.7430869,49.9832288],[5.7434195,49.9827907],[5.743736,49.9827338],[5.7441384,49.9820422],[5.7442215,49.9817421],[5.7431164,49.9815075]]]}},{"type":"Feature","properties":{"t":"prado"},"geometry":{"type":"Polygon","coordinates":[[[5.7430869,49.9832288],[5.7436466,49.9832112],[5.7442938,49.9831071],[5.7442081,49.9829045],[5.7439747,49.9829269],[5.7440713,49.982525],[5.7442456,49.9824785],[5.7444649,49.9825072],[5.7446373,49.9829266],[5.7447107,49.9829195],[5.744824,49.9825825],[5.7449948,49.9823487],[5.745357,49.9822041],[5.7453651,49.9820612],[5.7453948,49.9818433],[5.7454515,49.9816801],[5.7442716,49.9815212],[5.7442671,49.9815817],[5.7442215,49.9817421],[5.7441384,49.9820422],[5.743736,49.9827338],[5.7434195,49.9827907],[5.7430869,49.9832288]]]}},{"type":"Feature","properties":{"t":"prado"},"geometry":{"type":"Polygon","coordinates":[[[5.7408985,49.9855555],[5.74074,49.9857261],[5.7405603,49.9859554],[5.740461,49.9861365],[5.741314,49.98644],[5.7424613,49.9868873],[5.7426175,49.9866125],[5.7428532,49.9863367],[5.7429089,49.9862809],[5.7418773,49.9858226],[5.7413167,49.9856588],[5.7408985,49.9855555]]]}},{"type":"Feature","properties":{"t":"prado"},"geometry":{"type":"Polygon","coordinates":[[[5.7423949,49.987004],[5.743897,49.9869988],[5.7438376,49.9863768],[5.7431154,49.9864098],[5.7428532,49.9863367],[5.7426175,49.9866125],[5.7424613,49.9868873],[5.7423949,49.987004]]]}},{"type":"Feature","properties":{"t":"prado"},"geometry":{"type":"Polygon","coordinates":[[[5.7415991,49.9849078],[5.7411811,49.9853376],[5.7412201,49.9853518],[5.7410699,49.9855036],[5.7413354,49.9856105],[5.7413167,49.9856588],[5.7418773,49.9858226],[5.7429089,49.9862809],[5.7433681,49.9858208],[5.743785,49.9854025],[5.7438987,49.9848379],[5.7436499,49.9845893],[5.7431677,49.9851159],[5.742897,49.9850097],[5.7430158,49.9848441],[5.7426724,49.9847188],[5.7418732,49.9846211],[5.7415991,49.9849078]]]}},{"type":"Feature","properties":{"t":"prado"},"geometry":{"type":"Polygon","coordinates":[[[5.7410538,49.9889147],[5.7404181,49.9887613],[5.7401097,49.9890975],[5.7410511,49.9894373],[5.7413316,49.9893432],[5.7410431,49.9890193],[5.7410538,49.9889147]]]}},{"type":"Feature","properties":{"t":"prado"},"geometry":{"type":"Polygon","coordinates":[[[5.7436208,49.9881793],[5.7410324,49.9881318],[5.7404764,49.9887015],[5.7404181,49.9887613],[5.7410538,49.9889147],[5.7413489,49.9888095],[5.7414964,49.9888268],[5.7424082,49.9884303],[5.7429663,49.9885577],[5.7434815,49.9884091],[5.7436208,49.9881793]]]}},{"type":"Feature","properties":{"t":"prado"},"geometry":{"type":"Polygon","coordinates":[[[5.7437509,49.9879762],[5.7419229,49.9879163],[5.7415608,49.9879007],[5.7413247,49.9878024],[5.7410324,49.9881318],[5.7436208,49.9881793],[5.7437233,49.9881866],[5.7437509,49.9879762]]]}},{"type":"Feature","properties":{"t":"prado"},"geometry":{"type":"Polygon","coordinates":[[[5.7457072,49.9874918],[5.7421508,49.9874558],[5.7419229,49.9879163],[5.7437509,49.9879762],[5.744307,49.9879908],[5.745344,49.9879929],[5.7453671,49.987857],[5.7457535,49.98784],[5.7457072,49.9874918]]]}},{"type":"Feature","properties":{"t":"prado"},"geometry":{"type":"Polygon","coordinates":[[[5.743897,49.9869988],[5.7423949,49.987004],[5.7421508,49.9874558],[5.7457072,49.9874918],[5.7458426,49.9874791],[5.7456302,49.9870029],[5.743897,49.9869988]]]}},{"type":"Feature","properties":{"t":"prado"},"geometry":{"type":"Polygon","coordinates":[[[5.7452316,49.9863996],[5.7440061,49.9864524],[5.7440029,49.9863692],[5.7438376,49.9863768],[5.743897,49.9869988],[5.7456302,49.9870029],[5.7454893,49.9866871],[5.7452316,49.9863996]]]}},{"type":"Feature","properties":{"t":"prado"},"geometry":{"type":"Polygon","coordinates":[[[5.7370949,49.991873],[5.7365397,49.9923446],[5.7367703,49.9927567],[5.7380122,49.9925584],[5.7379451,49.9924429],[5.7377627,49.9924015],[5.7377279,49.9923498],[5.737929,49.9923153],[5.7379156,49.992167],[5.7370949,49.991873]]]}},{"type":"Feature","properties":{"t":"prado"},"geometry":{"type":"Polygon","coordinates":[[[5.7370949,49.991873],[5.7379156,49.992167],[5.7381128,49.9921291],[5.738204,49.9921394],[5.7386264,49.9924446],[5.7412335,49.9919825],[5.7397127,49.991391],[5.740732,49.9909858],[5.7408419,49.9910755],[5.7411826,49.9912755],[5.7417887,49.9915428],[5.7424512,49.9917635],[5.7428093,49.9917118],[5.7426189,49.9912712],[5.7425961,49.9912186],[5.742647,49.990365],[5.7409117,49.9900322],[5.7405657,49.989827],[5.7400694,49.9898477],[5.7397985,49.9900253],[5.7392433,49.990415],[5.7389751,49.9905737],[5.7384038,49.9908513],[5.7375643,49.9915152],[5.7370949,49.991873]]]}},{"type":"Feature","properties":{"t":"prado"},"geometry":{"type":"Polygon","coordinates":[[[5.7424512,49.9917635],[5.7417887,49.9915428],[5.7411826,49.9912755],[5.7408419,49.9910755],[5.740732,49.9909858],[5.7397127,49.991391],[5.7412335,49.9919825],[5.7424512,49.9917635]]]}},{"type":"Feature","properties":{"t":"prado"},"geometry":{"type":"Polygon","coordinates":[[[5.742647,49.990365],[5.7425961,49.9912186],[5.7426189,49.9912712],[5.7427973,49.9912402],[5.7427543,49.9911764],[5.7431513,49.9911031],[5.7432854,49.9912083],[5.7435241,49.991172],[5.7435134,49.9910651],[5.7435629,49.9902049],[5.7434678,49.9902098],[5.7431808,49.9902162],[5.742647,49.990365]]]}},{"type":"Feature","properties":{"t":"prado"},"geometry":{"type":"Polygon","coordinates":[[[5.7435629,49.9902049],[5.7435134,49.9910651],[5.7437414,49.9910151],[5.7439211,49.991448],[5.7447445,49.9913065],[5.7446694,49.9909565],[5.7445112,49.9901253],[5.7441062,49.990177],[5.7435629,49.9902049]]]}},{"type":"Feature","properties":{"t":"prado"},"geometry":{"type":"Polygon","coordinates":[[[5.7446694,49.9909565],[5.7458791,49.9907444],[5.7454285,49.989977],[5.7445112,49.9901253],[5.7446694,49.9909565]]]}},{"type":"Feature","properties":{"t":"prado"},"geometry":{"type":"Polygon","coordinates":[[[5.7400694,49.9898477],[5.7405657,49.989827],[5.7409117,49.9900322],[5.742647,49.990365],[5.7431808,49.9902162],[5.7427758,49.9902253],[5.7426819,49.9902271],[5.7408396,49.9898443],[5.7411698,49.9894707],[5.7407454,49.9895907],[5.740335,49.9897373],[5.7400694,49.9898477]]]}},{"type":"Feature","properties":{"t":"prado"},"geometry":{"type":"Polygon","coordinates":[[[5.7408396,49.9898443],[5.7426819,49.9902271],[5.7427758,49.9902253],[5.7427704,49.990177],[5.7426196,49.9895068],[5.7422398,49.9893964],[5.742002,49.9896957],[5.7408396,49.9898443]]]}},{"type":"Feature","properties":{"t":"lavoura"},"geometry":{"type":"Polygon","coordinates":[[[5.7428913,49.9891671],[5.7426196,49.9895068],[5.7427704,49.990177],[5.7430977,49.9901736],[5.7431728,49.9894838],[5.7432206,49.9893369],[5.7432142,49.9892793],[5.7428913,49.9891671]]]}},{"type":"Feature","properties":{"t":"prado"},"geometry":{"type":"Polygon","coordinates":[[[5.7432206,49.9893369],[5.7431728,49.9894838],[5.7430977,49.9901736],[5.7427704,49.990177],[5.7427758,49.9902253],[5.7431808,49.9902162],[5.7434678,49.9902098],[5.7435629,49.9902049],[5.7441062,49.990177],[5.7445112,49.9901253],[5.7444978,49.9900874],[5.7453963,49.9899494],[5.7458603,49.9898563],[5.7461048,49.9898354],[5.7461366,49.9898287],[5.7460561,49.9888009],[5.7457138,49.9888273],[5.7453374,49.9888932],[5.7446934,49.9890545],[5.7446406,49.9889526],[5.7432206,49.9893369]]]}},{"type":"Feature","properties":{"t":"prado"},"geometry":{"type":"Polygon","coordinates":[[[5.7457138,49.9888273],[5.7460561,49.9888009],[5.7460588,49.9882956],[5.7467428,49.9882543],[5.7467106,49.9879576],[5.7465416,49.9877317],[5.7464555,49.9877452],[5.7459351,49.9881118],[5.7456115,49.9882435],[5.7457634,49.9884388],[5.7457138,49.9888273]]]}},{"type":"Feature","properties":{"t":"prado"},"geometry":{"type":"Polygon","coordinates":[[[5.7470978,50.0184],[5.746783,50.0183359],[5.7454097,50.0198973],[5.745635,50.0200213],[5.7458925,50.0202023],[5.7461312,50.0204642],[5.7462949,50.0206262],[5.748159,50.0187546],[5.7479216,50.0187124],[5.74707,50.0184427],[5.7470978,50.0184]]]}},{"type":"Feature","properties":{"t":"prado"},"geometry":{"type":"Polygon","coordinates":[[[5.748159,50.0187546],[5.7490307,50.0190218],[5.7501338,50.0174571],[5.7490173,50.0169709],[5.7482341,50.0166538],[5.7470978,50.0184],[5.74707,50.0184427],[5.7479216,50.0187124],[5.748159,50.0187546]]]}},{"type":"Feature","properties":{"t":"prado"},"geometry":{"type":"Polygon","coordinates":[[[5.7470968,50.0159006],[5.7464316,50.0153422],[5.7463378,50.0155162],[5.74615,50.0154921],[5.7460991,50.0155679],[5.7458255,50.0155791],[5.7458764,50.0158584],[5.747357,50.0163694],[5.7474026,50.016378],[5.7474402,50.0162953],[5.7474107,50.0162143],[5.7470968,50.0159006]]]}},{"type":"Feature","properties":{"t":"prado"},"geometry":{"type":"Polygon","coordinates":[[[5.7470968,50.0159006],[5.7474107,50.0162143],[5.7474402,50.0162953],[5.7474026,50.016378],[5.7482341,50.0166538],[5.7483548,50.0165228],[5.7475877,50.0156869],[5.7470968,50.0159006]]]}},{"type":"Feature","properties":{"t":"prado"},"geometry":{"type":"Polygon","coordinates":[[[5.7482341,50.0166538],[5.7490173,50.0169709],[5.7501338,50.0174571],[5.750168,50.0174086],[5.7510611,50.0178878],[5.7519221,50.0183238],[5.7531801,50.0160436],[5.7508895,50.0151732],[5.7502753,50.0149871],[5.749948,50.0149388],[5.7491112,50.0148216],[5.7477137,50.0146286],[5.7476091,50.015318],[5.7466355,50.0150474],[5.7464316,50.0153422],[5.7470968,50.0159006],[5.7475877,50.0156869],[5.7483548,50.0165228],[5.7482341,50.0166538]]]}},{"type":"Feature","properties":{"t":"prado"},"geometry":{"type":"Polygon","coordinates":[[[5.7531801,50.0160436],[5.7519221,50.0183238],[5.7525498,50.018634],[5.7529145,50.0188408],[5.753392,50.0192079],[5.7545909,50.0193389],[5.7556719,50.0194509],[5.7595691,50.0183083],[5.7596469,50.0182273],[5.7591359,50.0181213],[5.7580899,50.0179757],[5.7577439,50.0178524],[5.7572731,50.0176413],[5.7564631,50.0172449],[5.7559803,50.0170467],[5.7548887,50.0166934],[5.7531801,50.0160436]]]}},{"type":"Feature","properties":{"t":"prado"},"geometry":{"type":"Polygon","coordinates":[[[5.7529145,50.0188408],[5.7525498,50.018634],[5.7519221,50.0183238],[5.7510611,50.0178878],[5.750168,50.0174086],[5.7501338,50.0174571],[5.7490307,50.0190218],[5.7491004,50.0190976],[5.7507312,50.0193113],[5.7525498,50.0196112],[5.7527509,50.0188529],[5.7529145,50.0188408]]]}},{"type":"Feature","properties":{"t":"prado"},"geometry":{"type":"Polygon","coordinates":[[[5.7490307,50.0190218],[5.748159,50.0187546],[5.7462949,50.0206262],[5.746496,50.0208055],[5.747121,50.0212604],[5.7475314,50.0215051],[5.7481724,50.0218532],[5.7483655,50.0219842],[5.7485586,50.0221531],[5.7501948,50.02064],[5.7485962,50.0202075],[5.7488215,50.0196215],[5.7490307,50.0190218]]]}},{"type":"Feature","properties":{"t":"prado"},"geometry":{"type":"Polygon","coordinates":[[[5.7508063,50.0199765],[5.7488215,50.0196215],[5.7485962,50.0202075],[5.7501948,50.02064],[5.7508063,50.0199765]]]}},{"type":"Feature","properties":{"t":"prado"},"geometry":{"type":"Polygon","coordinates":[[[5.7525498,50.0196112],[5.7507312,50.0193113],[5.7491004,50.0190976],[5.7490307,50.0190218],[5.7488215,50.0196215],[5.7508063,50.0199765],[5.7523781,50.020254],[5.7523116,50.0210989],[5.7528134,50.0211356],[5.7524827,50.020042],[5.7528421,50.0200144],[5.7528394,50.0199817],[5.7529736,50.0199679],[5.7529548,50.0198576],[5.7531184,50.0198283],[5.7530031,50.0195388],[5.7525498,50.0196112]]]}},{"type":"Feature","properties":{"t":"prado"},"geometry":{"type":"Polygon","coordinates":[[[5.7529145,50.0188408],[5.7527509,50.0188529],[5.7525498,50.0196112],[5.7530031,50.0195388],[5.7531184,50.0198283],[5.7529548,50.0198576],[5.7529736,50.0199679],[5.7528394,50.0199817],[5.7528421,50.0200144],[5.7524827,50.020042],[5.7528134,50.0211356],[5.7530594,50.0211536],[5.7531586,50.020883],[5.7533678,50.0208451],[5.7535073,50.020871],[5.7538292,50.0209468],[5.7543407,50.0209664],[5.7543254,50.0209227],[5.7548699,50.0208106],[5.754904,50.0208557],[5.7550389,50.0208106],[5.7545909,50.0193389],[5.753392,50.0192079],[5.7529145,50.0188408]]]}},{"type":"Feature","properties":{"t":"prado"},"geometry":{"type":"Polygon","coordinates":[[[5.7502323,50.0238195],[5.7506275,50.0240281],[5.7502866,50.0228607],[5.7500741,50.0227683],[5.7503718,50.0225822],[5.7504684,50.0223496],[5.7510263,50.0218981],[5.7514527,50.0218929],[5.751501,50.021855],[5.7519704,50.0217619],[5.7515922,50.0212932],[5.7520696,50.0210812],[5.7523116,50.0210989],[5.7523781,50.020254],[5.7508063,50.0199765],[5.7501948,50.02064],[5.7485586,50.0221531],[5.7487088,50.0223116],[5.7488081,50.0225167],[5.7489207,50.0228734],[5.7490602,50.023144],[5.7492265,50.023337],[5.7495001,50.0235369],[5.7501673,50.0238613],[5.7502323,50.0238195]]]}},{"type":"Feature","properties":{"t":"prado"},"geometry":{"type":"Polygon","coordinates":[[[5.7530594,50.0211536],[5.7528134,50.0211356],[5.7523116,50.0210989],[5.7520696,50.0210812],[5.7515922,50.0212932],[5.7519704,50.0217619],[5.7532176,50.021755],[5.7539687,50.0217223],[5.7545507,50.0216413],[5.7543951,50.0212105],[5.7530594,50.0211536]]]}},{"type":"Feature","properties":{"t":"prado"},"geometry":{"type":"Polygon","coordinates":[[[5.7514527,50.0218929],[5.7510381,50.0221319],[5.7519543,50.0227114],[5.7548189,50.022191],[5.7545507,50.0216413],[5.7539687,50.0217223],[5.7532176,50.021755],[5.7519704,50.0217619],[5.751501,50.021855],[5.7514527,50.0218929]]]}},{"type":"Feature","properties":{"t":"prado"},"geometry":{"type":"Polygon","coordinates":[[[5.7519543,50.0227114],[5.7542288,50.0241728],[5.7562485,50.0225994],[5.7556102,50.0220497],[5.7548189,50.022191],[5.7519543,50.0227114]]]}},{"type":"Feature","properties":{"t":"prado"},"geometry":{"type":"Polygon","coordinates":[[[5.7556719,50.0194509],[5.7545909,50.0193389],[5.7550389,50.0208106],[5.754904,50.0208557],[5.7549638,50.0209347],[5.7543737,50.0210605],[5.7543407,50.0209664],[5.7538292,50.0209468],[5.7535073,50.020871],[5.7533678,50.0208451],[5.7531586,50.020883],[5.7530594,50.0211536],[5.7543951,50.0212105],[5.7551569,50.0212173],[5.7554573,50.0211088],[5.7558167,50.0209209],[5.7570398,50.0200093],[5.7572678,50.0198938],[5.7571202,50.0196129],[5.7556719,50.0194509]]]}},{"type":"Feature","properties":{"t":"prado"},"geometry":{"type":"Polygon","coordinates":[[[5.7572678,50.0198938],[5.7570398,50.0200093],[5.7558167,50.0209209],[5.7554573,50.0211088],[5.7551569,50.0212173],[5.7543951,50.0212105],[5.7545507,50.0216413],[5.7553956,50.0214517],[5.7556209,50.0213862],[5.7561788,50.0211932],[5.7567313,50.0210002],[5.7576245,50.020802],[5.7588074,50.0205418],[5.7586545,50.0198404],[5.7577237,50.0197801],[5.7572678,50.0198938]]]}},{"type":"Feature","properties":{"t":"prado"},"geometry":{"type":"Polygon","coordinates":[[[5.7577586,50.0268592],[5.7581583,50.026232],[5.7556182,50.0250585],[5.7549208,50.0257288],[5.7577586,50.0268592]]]}},{"type":"Feature","properties":{"t":"prado"},"geometry":{"type":"Polygon","coordinates":[[[5.7562485,50.0225994],[5.7542288,50.0241728],[5.7556182,50.0250585],[5.7559025,50.0247294],[5.7561493,50.0247207],[5.7563581,50.0245555],[5.756412,50.0244571],[5.7569057,50.0239667],[5.7569892,50.0238152],[5.7570139,50.0233996],[5.7569524,50.0225],[5.7562485,50.0225994]]]}},{"type":"Feature","properties":{"t":"prado"},"geometry":{"type":"Polygon","coordinates":[[[5.7563581,50.0245555],[5.7561493,50.0247207],[5.7559025,50.0247294],[5.7556182,50.0250585],[5.7581583,50.026232],[5.7584506,50.0257684],[5.7588208,50.025398],[5.7592138,50.0251078],[5.7587714,50.0241677],[5.7586994,50.0239814],[5.7582363,50.0240152],[5.7579133,50.0240827],[5.7576252,50.0241832],[5.7573345,50.024083],[5.7569151,50.0244358],[5.756675,50.024498],[5.7563581,50.0245555]]]}},{"type":"Feature","properties":{"t":"prado"},"geometry":{"type":"Polygon","coordinates":[[[5.7567313,50.0210002],[5.7561788,50.0211932],[5.7556209,50.0213862],[5.7553956,50.0214517],[5.7545507,50.0216413],[5.7548189,50.022191],[5.7556102,50.0220497],[5.7562485,50.0225994],[5.7569524,50.0225],[5.7590014,50.022273],[5.7595155,50.0221876],[5.7592097,50.0220342],[5.7589012,50.0218429],[5.7582307,50.0212139],[5.7579678,50.0209881],[5.7576245,50.020802],[5.7567313,50.0210002]]]}},{"type":"Feature","properties":{"t":"prado"},"geometry":{"type":"Polygon","coordinates":[[[5.7595691,50.0183083],[5.7556719,50.0194509],[5.7571202,50.0196129],[5.7572678,50.0198938],[5.7577237,50.0197801],[5.7586545,50.0198404],[5.7606675,50.019687],[5.7607278,50.0194612],[5.7605427,50.019363],[5.7604381,50.0192389],[5.7604006,50.0190855],[5.7603711,50.0188753],[5.7601646,50.0189201],[5.7601029,50.0190459],[5.7587054,50.0191683],[5.7586974,50.0190321],[5.7599339,50.018858],[5.75995,50.0187805],[5.7601243,50.0186306],[5.7598588,50.0184065],[5.7595691,50.0183083]]]}},{"type":"Feature","properties":{"t":"prado"},"geometry":{"type":"Polygon","coordinates":[[[5.7617129,50.0197099],[5.7606675,50.019687],[5.7586545,50.0198404],[5.7616988,50.019868],[5.7617129,50.0197099]]]}},{"type":"Feature","properties":{"t":"prado"},"geometry":{"type":"Polygon","coordinates":[[[5.7607278,50.0194612],[5.7606675,50.019687],[5.7617129,50.0197099],[5.7617283,50.0195372],[5.7609518,50.0195],[5.7607278,50.0194612]]]}},{"type":"Feature","properties":{"t":"prado"},"geometry":{"type":"Polygon","coordinates":[[[5.7617283,50.0195372],[5.7617129,50.0197099],[5.7616988,50.019868],[5.7586545,50.0198404],[5.7588074,50.0205418],[5.7594698,50.0207048],[5.7595959,50.0206469],[5.7597783,50.02069],[5.7601646,50.0208865],[5.7604918,50.0205194],[5.760581,50.0205549],[5.7606339,50.0205125],[5.760875,50.0205788],[5.7620459,50.0201271],[5.7620853,50.0195528],[5.7618119,50.0195428],[5.7617283,50.0195372]]]}},{"type":"Feature","properties":{"t":"prado"},"geometry":{"type":"Polygon","coordinates":[[[5.7594698,50.0207048],[5.7588074,50.0205418],[5.7576245,50.020802],[5.7579678,50.0209881],[5.7582307,50.0212139],[5.7589012,50.0218429],[5.7592097,50.0220342],[5.7604784,50.0216568],[5.7611409,50.0214173],[5.7603309,50.0210174],[5.7601485,50.0209416],[5.7599607,50.020933],[5.7594779,50.0207882],[5.7594457,50.0207159],[5.7594698,50.0207048]]]}},{"type":"Feature","properties":{"t":"prado"},"geometry":{"type":"Polygon","coordinates":[[[5.7595155,50.0221876],[5.7590014,50.022273],[5.7592117,50.0230432],[5.7597274,50.0227209],[5.7602772,50.0224323],[5.7595155,50.0221876]]]}},{"type":"Feature","properties":{"t":"prado"},"geometry":{"type":"Polygon","coordinates":[[[5.7602772,50.0224323],[5.7597274,50.0227209],[5.7592117,50.0230432],[5.7592069,50.0231291],[5.7593238,50.0239866],[5.759987,50.0246041],[5.7607734,50.0241228],[5.7611623,50.0238781],[5.7614279,50.0236144],[5.7620287,50.0228976],[5.7615674,50.0227804],[5.7612294,50.0226856],[5.7610148,50.0226339],[5.7602772,50.0224323]]]}},{"type":"Feature","properties":{"t":"prado"},"geometry":{"type":"Polygon","coordinates":[[[5.760875,50.0205788],[5.7606339,50.0205125],[5.760581,50.0205549],[5.7606608,50.0205866],[5.7603309,50.0210174],[5.7611409,50.0214173],[5.7604784,50.0216568],[5.7592097,50.0220342],[5.7595155,50.0221876],[5.7602772,50.0224323],[5.7610148,50.0226339],[5.7615378,50.0221169],[5.7616559,50.0221566],[5.7612294,50.0226856],[5.7615674,50.0227804],[5.7616183,50.0227183],[5.7620904,50.0228286],[5.7624391,50.0223306],[5.7626241,50.0220101],[5.7627019,50.0218188],[5.7626992,50.021512],[5.7625916,50.0210537],[5.7616916,50.0213847],[5.7615149,50.0211272],[5.760875,50.0205788]]]}},{"type":"Feature","properties":{"t":"prado"},"geometry":{"type":"Polygon","coordinates":[[[5.7627073,50.0209399],[5.7628857,50.021076],[5.7630251,50.0212113],[5.7630428,50.0212461],[5.7631847,50.0212578],[5.7634342,50.0211768],[5.7632518,50.0210304],[5.7631217,50.020796],[5.763111,50.0206986],[5.7632385,50.0205197],[5.7630184,50.0204608],[5.7630345,50.0207968],[5.7627073,50.0209399]]]}},{"type":"Feature","properties":{"t":"prado"},"geometry":{"type":"Polygon","coordinates":[[[5.7626745,50.0202933],[5.7626697,50.0205461],[5.7627073,50.0209399],[5.7630345,50.0207968],[5.7630184,50.0204608],[5.7628655,50.0204668],[5.7628253,50.0203832],[5.7628548,50.0203324],[5.7626745,50.0202933]]]}},{"type":"Feature","properties":{"t":"prado"},"geometry":{"type":"Polygon","coordinates":[[[5.7638821,50.0207176],[5.7632183,50.0208735],[5.7633081,50.0210174],[5.763461,50.0211415],[5.7635227,50.0211708],[5.7635656,50.0211691],[5.7640699,50.020952],[5.764035,50.0209054],[5.7638821,50.0207176]]]}},{"type":"Feature","properties":{"t":"prado"},"geometry":{"type":"Polygon","coordinates":[[[5.7632183,50.0208735],[5.7638821,50.0207176],[5.7638647,50.0205909],[5.7638888,50.0204203],[5.7638714,50.0203755],[5.7636641,50.0204174],[5.7636294,50.0203254],[5.7635399,50.0203529],[5.7633676,50.0205528],[5.7632748,50.0205919],[5.763182,50.0206702],[5.7631646,50.0207684],[5.7632183,50.0208735]]]}},{"type":"Feature","properties":{"t":"prado"},"geometry":{"type":"Polygon","coordinates":[[[5.7636179,50.0201825],[5.7637104,50.0203789],[5.7638539,50.020341],[5.7639411,50.0202928],[5.7640095,50.0201144],[5.7639733,50.0200911],[5.7636179,50.0201825]]]}},{"type":"Feature","properties":{"t":"prado"},"geometry":{"type":"Polygon","coordinates":[[[5.7641101,50.0200636],[5.763976,50.0203074],[5.7643247,50.0202368],[5.7644749,50.0202549],[5.7643314,50.0200076],[5.7641101,50.0200636]]]}},{"type":"Feature","properties":{"t":"prado"},"geometry":{"type":"Polygon","coordinates":[[[5.7646868,50.0205091],[5.7646801,50.0203858],[5.7645178,50.0202919],[5.7643528,50.0202635],[5.763972,50.0203574],[5.7639277,50.0204668],[5.7639076,50.0206426],[5.7639223,50.0206883],[5.7646868,50.0205091]]]}},{"type":"Feature","properties":{"t":"prado"},"geometry":{"type":"Polygon","coordinates":[[[5.7646868,50.0205091],[5.7639223,50.0206883],[5.7640068,50.0208244],[5.764098,50.0209209],[5.7641704,50.0209356],[5.764664,50.020827],[5.7647002,50.0207977],[5.7646868,50.0205091]]]}},{"type":"Feature","properties":{"t":"prado"},"geometry":{"type":"Polygon","coordinates":[[[5.7635508,50.0214664],[5.763685,50.0213948],[5.7635669,50.0212751],[5.7634342,50.0211768],[5.7631847,50.0212578],[5.7630428,50.0212461],[5.7631485,50.0214543],[5.7635508,50.0214664]]]}},{"type":"Feature","properties":{"t":"prado"},"geometry":{"type":"Polygon","coordinates":[[[5.7635938,50.0216732],[5.7635482,50.0216232],[5.7635508,50.0214664],[5.7631485,50.0214543],[5.7632022,50.0218653],[5.7635938,50.0216732]]]}},{"type":"Feature","properties":{"t":"prado"},"geometry":{"type":"Polygon","coordinates":[[[5.7635938,50.0216732],[5.7632022,50.0218653],[5.7632022,50.0221255],[5.7638781,50.0218119],[5.763866,50.0217731],[5.7635938,50.0216732]]]}},{"type":"Feature","properties":{"t":"prado"},"geometry":{"type":"Polygon","coordinates":[[[5.762596,50.0222444],[5.7621776,50.0228476],[5.7622138,50.0229381],[5.7624096,50.0230699],[5.7625692,50.0231483],[5.7627663,50.0228933],[5.7627153,50.0228855],[5.762596,50.0222444]]]}},{"type":"Feature","properties":{"t":"prado"},"geometry":{"type":"Polygon","coordinates":[[[5.7632169,50.0228424],[5.7631767,50.0228011],[5.7630077,50.0225951],[5.7627663,50.0228933],[5.7628159,50.0229045],[5.7631874,50.0228579],[5.7632169,50.0228424]]]}},{"type":"Feature","properties":{"t":"prado"},"geometry":{"type":"Polygon","coordinates":[[[5.7632169,50.0228424],[5.7631874,50.0228579],[5.7628159,50.0229045],[5.7627663,50.0228933],[5.7625692,50.0231483],[5.7625665,50.0231517],[5.7629447,50.0233249],[5.7630152,50.0232448],[5.7629594,50.0232491],[5.7629406,50.0232138],[5.7630211,50.0231991],[5.7632813,50.0228596],[5.7632169,50.0228424]]]}},{"type":"Feature","properties":{"t":"prado"},"geometry":{"type":"Polygon","coordinates":[[[5.7631861,50.0230509],[5.7630152,50.0232448],[5.7629447,50.0233249],[5.7633328,50.0235141],[5.7635375,50.0232224],[5.7631861,50.0230509]]]}},{"type":"Feature","properties":{"t":"prado"},"geometry":{"type":"Polygon","coordinates":[[[5.7633242,50.0228717],[5.7631861,50.0230509],[5.7635375,50.0232224],[5.7637677,50.0228943],[5.7633242,50.0228717]]]}},{"type":"Feature","properties":{"t":"prado"},"geometry":{"type":"Polygon","coordinates":[[[5.7632276,50.0221583],[5.7632276,50.0223409],[5.7636219,50.0224426],[5.7637855,50.0221729],[5.7639626,50.0218429],[5.7638901,50.0218412],[5.7632276,50.0221583]]]}},{"type":"Feature","properties":{"t":"prado"},"geometry":{"type":"Polygon","coordinates":[[[5.7632276,50.0223409],[5.7630613,50.022577],[5.7632008,50.0227838],[5.7633457,50.0228355],[5.7636219,50.0224426],[5.7632276,50.0223409]]]}},{"type":"Feature","properties":{"t":"prado"},"geometry":{"type":"Polygon","coordinates":[[[5.763976,50.0225064],[5.7636219,50.0224426],[5.7633457,50.0228355],[5.7635871,50.0228562],[5.7637265,50.0228476],[5.763976,50.0225064]]]}},{"type":"Feature","properties":{"t":"prado"},"geometry":{"type":"Polygon","coordinates":[[[5.7641852,50.0221962],[5.7637855,50.0221729],[5.7636219,50.0224426],[5.763976,50.0225064],[5.7641852,50.0221962]]]}},{"type":"Feature","properties":{"t":"prado"},"geometry":{"type":"Polygon","coordinates":[[[5.7639626,50.0218429],[5.7637855,50.0221729],[5.7641852,50.0221962],[5.7642603,50.0220824],[5.764153,50.0219653],[5.7639626,50.0218429]]]}},{"type":"Feature","properties":{"t":"prado"},"geometry":{"type":"Polygon","coordinates":[[[5.763976,50.0217619],[5.7641825,50.0216292],[5.7642925,50.0215034],[5.7642576,50.0214724],[5.7636487,50.0214603],[5.7635951,50.0215],[5.7636139,50.0216189],[5.7636675,50.0216689],[5.763917,50.0217516],[5.763976,50.0217619]]]}},{"type":"Feature","properties":{"t":"prado"},"geometry":{"type":"Polygon","coordinates":[[[5.7647455,50.0215007],[5.7643703,50.0214845],[5.7642093,50.0216585],[5.7640055,50.021786],[5.7640082,50.0218205],[5.7641959,50.0219429],[5.7643264,50.0220979],[5.7647455,50.0215007]]]}},{"type":"Feature","properties":{"t":"prado"},"geometry":{"type":"Polygon","coordinates":[[[5.7641584,50.0209709],[5.7639652,50.0210295],[5.763579,50.0212018],[5.763579,50.0212363],[5.7637882,50.0214241],[5.763815,50.0214293],[5.7643596,50.0212114],[5.764345,50.0211944],[5.7641584,50.0209709]]]}},{"type":"Feature","properties":{"t":"prado"},"geometry":{"type":"Polygon","coordinates":[[[5.7650247,50.0209364],[5.7647109,50.0208572],[5.7641584,50.0209709],[5.764345,50.0211944],[5.7643596,50.0212114],[5.7650247,50.0209364]]]}},{"type":"Feature","properties":{"t":"prado"},"geometry":{"type":"Polygon","coordinates":[[[5.7650247,50.0209364],[5.7643596,50.0212114],[5.763815,50.0214293],[5.7641664,50.02145],[5.7646251,50.0214621],[5.7646948,50.0214448],[5.765022,50.0209881],[5.7650247,50.0209364]]]}},{"type":"Feature","properties":{"t":"prado"},"geometry":{"type":"Polygon","coordinates":[[[5.7647458,50.0206073],[5.7647498,50.0207934],[5.7647713,50.020833],[5.7650582,50.0208873],[5.7651136,50.0209759],[5.7653616,50.0206225],[5.7647458,50.0206073]]]}},{"type":"Feature","properties":{"t":"prado"},"geometry":{"type":"Polygon","coordinates":[[[5.7647458,50.0206073],[5.7653616,50.0206225],[5.7654496,50.0204672],[5.7647484,50.020299],[5.7647458,50.0206073]]]}},{"type":"Feature","properties":{"t":"prado"},"geometry":{"type":"Polygon","coordinates":[[[5.7644132,50.0200481],[5.7644789,50.0201816],[5.7645674,50.020285],[5.7646854,50.0203479],[5.764692,50.0202869],[5.7646841,50.0200308],[5.7644132,50.0200481]]]}},{"type":"Feature","properties":{"t":"prado"},"geometry":{"type":"Polygon","coordinates":[[[5.7439157,50.0177706],[5.7433578,50.0176861],[5.7429823,50.0176672],[5.7432935,50.0179636],[5.7438701,50.0185203],[5.7445112,50.0192786],[5.7447875,50.019525],[5.74512,50.0197508],[5.7454097,50.0198973],[5.746783,50.0183359],[5.7463109,50.0182187],[5.7449377,50.0179171],[5.7439157,50.0177706]]]}},{"type":"Feature","properties":{"t":"prado"},"geometry":{"type":"Polygon","coordinates":[[[5.7454241,50.0156712],[5.7439157,50.0177706],[5.7449377,50.0179171],[5.7463109,50.0182187],[5.747357,50.0163694],[5.7458764,50.0158584],[5.7454241,50.0156712]]]}},{"type":"Feature","properties":{"t":"prado"},"geometry":{"type":"Polygon","coordinates":[[[5.747357,50.0163694],[5.7463109,50.0182187],[5.746783,50.0183359],[5.7470978,50.0184],[5.7482341,50.0166538],[5.7474026,50.016378],[5.747357,50.0163694]]]}},{"type":"Feature","properties":{"t":"prado"},"geometry":{"type":"Polygon","coordinates":[[[5.7465604,50.0143701],[5.7465041,50.0145097],[5.7463995,50.0145286],[5.7463378,50.0147458],[5.7464156,50.0147889],[5.746327,50.0149423],[5.7466355,50.0150474],[5.7476091,50.015318],[5.7477137,50.0146286],[5.7472041,50.0145528],[5.7468501,50.0144562],[5.7465604,50.0143701]]]}},{"type":"Feature","properties":{"t":"prado"},"geometry":{"type":"Polygon","coordinates":[[[5.7459867,50.0131752],[5.7458496,50.013329],[5.746091,50.0134411],[5.7459569,50.0136599],[5.7466971,50.0137606],[5.7467481,50.0133273],[5.7461178,50.013217],[5.7459867,50.0131752]]]}},{"type":"Feature","properties":{"t":"prado"},"geometry":{"type":"Polygon","coordinates":[[[5.7466328,50.0143063],[5.7466971,50.0137606],[5.7459569,50.0136599],[5.7457048,50.0139237],[5.7459167,50.0140357],[5.7466328,50.0143063]]]}},{"type":"Feature","properties":{"t":"prado"},"geometry":{"type":"Polygon","coordinates":[[[5.750094,50.0131442],[5.7497469,50.0129343],[5.7474777,50.0127551],[5.7468715,50.0127154],[5.7463834,50.012936],[5.7457557,50.0131015],[5.7459867,50.0131752],[5.7461178,50.013217],[5.7467481,50.0133273],[5.7466971,50.0137606],[5.7466328,50.0143063],[5.7470405,50.0144425],[5.7476547,50.0145597],[5.749492,50.014813],[5.750094,50.0131442]]]}},{"type":"Feature","properties":{"t":"prado"},"geometry":{"type":"Polygon","coordinates":[[[5.7459807,50.0111894],[5.7459167,50.0119174],[5.746032,50.0120259],[5.7460749,50.0121742],[5.7457557,50.0131015],[5.7463834,50.012936],[5.7468715,50.0127154],[5.7474777,50.0127551],[5.7497469,50.0129343],[5.750094,50.0131442],[5.7506025,50.0117347],[5.7503074,50.011695],[5.7469466,50.0113003],[5.7459807,50.0111894]]]}},{"type":"Feature","properties":{"t":"prado"},"geometry":{"type":"Polygon","coordinates":[[[5.7454285,50.0090939],[5.7455626,50.0098541],[5.7456082,50.0104074],[5.7455653,50.0111417],[5.7459807,50.0111894],[5.7469466,50.0113003],[5.7468769,50.0108556],[5.7477486,50.0109211],[5.7477406,50.0101747],[5.7476306,50.0092715],[5.7465711,50.009206],[5.7458335,50.0091163],[5.7454285,50.0090939]]]}},{"type":"Feature","properties":{"t":"prado"},"geometry":{"type":"Polygon","coordinates":[[[5.7500848,50.0110779],[5.7477486,50.0109211],[5.7468769,50.0108556],[5.7469466,50.0113003],[5.7503074,50.011695],[5.7503048,50.0116105],[5.7502323,50.011595],[5.7500848,50.0110779]]]}},{"type":"Feature","properties":{"t":"prado"},"geometry":{"type":"Polygon","coordinates":[[[5.7477486,50.0109211],[5.7500848,50.0110779],[5.7500178,50.0105194],[5.7498676,50.0100558],[5.7494062,50.009387],[5.7490388,50.0094438],[5.7485318,50.0094145],[5.7476306,50.0092715],[5.7477406,50.0101747],[5.7477486,50.0109211]]]}},{"type":"Feature","properties":{"t":"lavoura"},"geometry":{"type":"Polygon","coordinates":[[[5.7217689,49.979809],[5.7212108,49.9797534],[5.7211545,49.9796533],[5.7209104,49.9795361],[5.7205089,49.9793653],[5.7199207,49.9791152],[5.7197463,49.9790566],[5.7196498,49.9791393],[5.7197651,49.9794947],[5.7199448,49.9801984],[5.7199958,49.9805606],[5.7199609,49.9807331],[5.7201667,49.9812823],[5.7211568,49.9813951],[5.7219023,49.9814801],[5.7217848,49.9800121],[5.7217689,49.979809]]]}},{"type":"Feature","properties":{"t":"prado"},"geometry":{"type":"Polygon","coordinates":[[[5.7239467,49.9788151],[5.7238769,49.9797982],[5.7217526,49.9796016],[5.7217689,49.979809],[5.7217848,49.9800121],[5.7219023,49.9814801],[5.7248991,49.9818217],[5.7253573,49.9813207],[5.7255667,49.9810918],[5.7258725,49.9807089],[5.726814,49.9792653],[5.7248372,49.9789134],[5.7239467,49.9788151]]]}},{"type":"Feature","properties":{"t":"prado"},"geometry":{"type":"Polygon","coordinates":[[[5.7303357,49.9798241],[5.728662,49.9796154],[5.7280424,49.9795171],[5.7276159,49.9794032],[5.7271224,49.9793343],[5.7268783,49.9793239],[5.7261756,49.9804813],[5.7271492,49.9806675],[5.7274765,49.9810746],[5.7259396,49.980771],[5.7256445,49.9811142],[5.7287825,49.9817799],[5.7289651,49.9815385],[5.7303357,49.9798241]]]}},{"type":"Feature","properties":{"t":"prado"},"geometry":{"type":"Polygon","coordinates":[[[5.7301801,49.9819025],[5.7315239,49.9801898],[5.7309499,49.9799707],[5.7303357,49.9798241],[5.7289651,49.9815385],[5.7301801,49.9819025]]]}},{"type":"Feature","properties":{"t":"prado"},"geometry":{"type":"Polygon","coordinates":[[[5.7315239,49.9801898],[5.7301801,49.9819025],[5.7317261,49.9823808],[5.7326236,49.9813885],[5.7333599,49.9815325],[5.7341887,49.9816274],[5.7342303,49.9815049],[5.7343993,49.9813816],[5.7345226,49.9813488],[5.7345924,49.9812298],[5.733946,49.9809745],[5.7324171,49.9805054],[5.7315239,49.9801898]]]}},{"type":"Feature","properties":{"t":"prado"},"geometry":{"type":"Polygon","coordinates":[[[5.7347077,49.9812712],[5.7345924,49.9812298],[5.7345226,49.9813488],[5.7343993,49.9813816],[5.7342303,49.9815049],[5.7341887,49.9816274],[5.7333599,49.9815325],[5.7326236,49.9813885],[5.7317261,49.9823808],[5.7327497,49.9826976],[5.7335436,49.982939],[5.7337984,49.9825768],[5.7347077,49.9812712]]]}},{"type":"Feature","properties":{"t":"prado"},"geometry":{"type":"Polygon","coordinates":[[[5.7287825,49.9817799],[5.7256445,49.9811142],[5.7246441,49.982256],[5.7253422,49.9823995],[5.7267415,49.9826872],[5.7272083,49.982701],[5.7275784,49.9827458],[5.7279919,49.9828248],[5.7287825,49.9817799]]]}},{"type":"Feature","properties":{"t":"prado"},"geometry":{"type":"Polygon","coordinates":[[[5.7301801,49.9819025],[5.7289651,49.9815385],[5.7287825,49.9817799],[5.7279919,49.9828248],[5.7284099,49.9829045],[5.7295525,49.9830028],[5.7302257,49.983027],[5.7307139,49.9829925],[5.7308131,49.9829977],[5.7313576,49.983284],[5.7314676,49.9833081],[5.7323116,49.9833335],[5.7327497,49.9826976],[5.7317261,49.9823808],[5.7301801,49.9819025]]]}},{"type":"Feature","properties":{"t":"prado"},"geometry":{"type":"Polygon","coordinates":[[[5.7323116,49.9833335],[5.7314676,49.9833081],[5.7313576,49.983284],[5.7308131,49.9829977],[5.7307139,49.9829925],[5.7302257,49.983027],[5.7295525,49.9830028],[5.7284099,49.9829045],[5.72824,49.9834048],[5.7283106,49.9834478],[5.7280397,49.9839307],[5.7291582,49.9840514],[5.7301694,49.9843826],[5.7303268,49.9843017],[5.7303894,49.9843653],[5.7303495,49.9844005],[5.7316366,49.9846292],[5.7322803,49.9847654],[5.7322052,49.9849845],[5.7320845,49.9853259],[5.732004,49.9856743],[5.7319531,49.9859382],[5.7320201,49.9860382],[5.7329589,49.9863883],[5.7335597,49.9865987],[5.7336536,49.9866039],[5.7331279,49.9863331],[5.7332003,49.9857847],[5.7333022,49.985764],[5.7330984,49.985557],[5.73327,49.985338],[5.73338,49.9850964],[5.7333264,49.9851017],[5.7333827,49.9846447],[5.7334578,49.9845395],[5.7333425,49.9840049],[5.7339084,49.9839342],[5.734068,49.9837207],[5.7336389,49.9835987],[5.7328758,49.9834133],[5.7323116,49.9833335]]]}},{"type":"Feature","properties":{"t":"prado"},"geometry":{"type":"Polygon","coordinates":[[[5.73338,49.9850964],[5.73327,49.985338],[5.7330984,49.985557],[5.7333022,49.985764],[5.7332003,49.9857847],[5.7331279,49.9863331],[5.7336536,49.9866039],[5.733777,49.986578],[5.7348794,49.9861106],[5.7357243,49.9857778],[5.7362661,49.9856157],[5.7350779,49.9849086],[5.7350242,49.9849552],[5.7347238,49.9848224],[5.7343295,49.9847672],[5.733836,49.9846499],[5.7335597,49.9845688],[5.7335141,49.9846016],[5.7335705,49.9847585],[5.733431,49.9850914],[5.73338,49.9850964]]]}},{"type":"Feature","properties":{"t":"prado"},"geometry":{"type":"Polygon","coordinates":[[[5.7337984,49.9825768],[5.7335436,49.982939],[5.7327497,49.9826976],[5.7323116,49.9833335],[5.7328758,49.9834133],[5.7336389,49.9835987],[5.734068,49.9837207],[5.7342088,49.9835323],[5.7341605,49.9834461],[5.734182,49.9833926],[5.7343322,49.9833823],[5.7344314,49.9833029],[5.7346809,49.9828097],[5.7350858,49.9821528],[5.7348736,49.982166],[5.7344502,49.9827183],[5.7337984,49.9825768]]]}},{"type":"Feature","properties":{"t":"prado"},"geometry":{"type":"Polygon","coordinates":[[[5.7388464,49.9828131],[5.7378647,49.9825199],[5.7371056,49.982256],[5.7362044,49.9818731],[5.7358664,49.9823992],[5.7354695,49.9830201],[5.7367811,49.9833805],[5.7384735,49.9834616],[5.7388464,49.9828131]]]}},{"type":"Feature","properties":{"t":"prado"},"geometry":{"type":"Polygon","coordinates":[[[5.7384735,49.9834616],[5.7367811,49.9833805],[5.7354695,49.9830201],[5.7358664,49.9823992],[5.7354641,49.9821112],[5.7353568,49.9822233],[5.7350858,49.9821528],[5.7346809,49.9828097],[5.7344314,49.9833029],[5.7348821,49.9834202],[5.7356304,49.9836082],[5.7355553,49.9838083],[5.7356277,49.9838583],[5.7368347,49.9839514],[5.7375509,49.9840532],[5.7376984,49.9840808],[5.7383072,49.9841653],[5.7387122,49.9841635],[5.7389858,49.9841618],[5.7392541,49.9841791],[5.7394767,49.9841204],[5.7400041,49.9835233],[5.7390851,49.9834892],[5.7384735,49.9834616]]]}},{"type":"Feature","properties":{"t":"prado"},"geometry":{"type":"Polygon","coordinates":[[[5.7375509,49.9840532],[5.7368347,49.9839514],[5.7367381,49.9840083],[5.7363814,49.984167],[5.7360971,49.9842308],[5.7357725,49.9843895],[5.735558,49.9844964],[5.7352924,49.9846706],[5.7352763,49.9847792],[5.7351476,49.9848913],[5.7355607,49.9851552],[5.7363144,49.9855846],[5.7367247,49.9853397],[5.7370841,49.9852069],[5.7375964,49.9850707],[5.7383716,49.9849086],[5.7371566,49.9847896],[5.7377413,49.9844274],[5.7375509,49.9840532]]]}},{"type":"Feature","properties":{"t":"prado"},"geometry":{"type":"Polygon","coordinates":[[[5.7347225,49.98466],[5.7348686,49.9847111],[5.7350135,49.9848086],[5.7352683,49.984505],[5.7354239,49.9844033],[5.7357565,49.9842791],[5.7356974,49.9841791],[5.735617,49.9842049],[5.7354507,49.9842274],[5.735338,49.9842205],[5.7352066,49.9842205],[5.7349357,49.9841791],[5.7348525,49.9841256],[5.734697,49.9840842],[5.7343617,49.9842446],[5.7342651,49.9842049],[5.7341605,49.9843205],[5.7339674,49.9845067],[5.734131,49.9845619],[5.734233,49.9843826],[5.7344449,49.9843705],[5.7345173,49.9842429],[5.7347453,49.9842981],[5.7347265,49.9844015],[5.7348391,49.9845481],[5.7347225,49.98466]]]}},{"type":"Feature","properties":{"t":"prado"},"geometry":{"type":"Polygon","coordinates":[[[5.7377413,49.9844274],[5.7371566,49.9847896],[5.7383716,49.9849086],[5.7390851,49.9847465],[5.738892,49.9844343],[5.7377413,49.9844274]]]}},{"type":"Feature","properties":{"t":"prado"},"geometry":{"type":"Polygon","coordinates":[[[5.7232116,49.9852195],[5.7231742,49.9853259],[5.7231477,49.9855624],[5.7239091,49.9855657],[5.7239997,49.9870059],[5.7242766,49.9870247],[5.7248881,49.9870816],[5.7258403,49.9870195],[5.7258296,49.9869419],[5.7261354,49.9866987],[5.7262158,49.9867298],[5.7264411,49.9863693],[5.7263741,49.9863383],[5.7264519,49.9856157],[5.7265645,49.9843015],[5.7265216,49.9842946],[5.724366,49.9841687],[5.7243276,49.9842584],[5.7239601,49.9852173],[5.7232116,49.9852195]]]}},{"type":"Feature","properties":{"t":"prado"},"geometry":{"type":"Polygon","coordinates":[[[5.7267734,49.9841794],[5.7268023,49.9840225],[5.7266369,49.9840169],[5.7266209,49.984167],[5.7267734,49.9841794]]]}},{"type":"Feature","properties":{"t":"prado"},"geometry":{"type":"Polygon","coordinates":[[[5.731878,49.985933],[5.7319531,49.9859382],[5.732004,49.9856743],[5.7320845,49.9853259],[5.7322052,49.9849845],[5.7322803,49.9847654],[5.7316366,49.9846292],[5.7303495,49.9844005],[5.7302973,49.9844465],[5.7298744,49.9847154],[5.7295624,49.9847449],[5.7266978,49.9845897],[5.7267734,49.9841794],[5.7266209,49.984167],[5.7265511,49.9841687],[5.7265216,49.9842946],[5.7265645,49.9843015],[5.7264519,49.9856157],[5.7263741,49.9863383],[5.7264411,49.9863693],[5.7262158,49.9867298],[5.7279807,49.987154],[5.7298127,49.9875524],[5.73062,49.9864763],[5.7310867,49.9859123],[5.731878,49.985933]]]}},{"type":"Feature","properties":{"t":"prado"},"geometry":{"type":"Polygon","coordinates":[[[5.7360756,49.9857743],[5.7360086,49.9857467],[5.7351959,49.9860261],[5.7336912,49.9866573],[5.7335195,49.9866384],[5.7328436,49.9864021],[5.7319075,49.9860641],[5.731878,49.985933],[5.7310867,49.9859123],[5.73062,49.9864763],[5.7298127,49.9875524],[5.7279807,49.987154],[5.7275677,49.9878369],[5.7292896,49.9883439],[5.72981,49.9885336],[5.729802,49.9887371],[5.7295867,49.9889321],[5.7316983,49.9895856],[5.7328597,49.9899994],[5.7340988,49.9883422],[5.7336295,49.9882025],[5.7338092,49.9879111],[5.733903,49.9875127],[5.7345763,49.9877093],[5.7354024,49.9866194],[5.7357833,49.9861037],[5.7360756,49.9857743]]]}},{"type":"Feature","properties":{"t":"prado"},"geometry":{"type":"Polygon","coordinates":[[[5.7345763,49.9877093],[5.733903,49.9875127],[5.7338092,49.9879111],[5.7336295,49.9882025],[5.7340988,49.9883422],[5.7345763,49.9877093]]]}},{"type":"Feature","properties":{"t":"prado"},"geometry":{"type":"Polygon","coordinates":[[[5.7373416,49.9851828],[5.7388989,49.9854215],[5.7389704,49.985255],[5.737913,49.9850707],[5.7373416,49.9851828]]]}},{"type":"Feature","properties":{"t":"prado"},"geometry":{"type":"Polygon","coordinates":[[[5.7366765,49.9854294],[5.738731,49.9858123],[5.7388989,49.9854215],[5.7373416,49.9851828],[5.7366765,49.9854294]]]}},{"type":"Feature","properties":{"t":"prado"},"geometry":{"type":"Polygon","coordinates":[[[5.7356545,49.9863969],[5.734764,49.987592],[5.7343563,49.9881146],[5.7350779,49.9883819],[5.7353434,49.9885371],[5.7366147,49.9891755],[5.7379425,49.9878024],[5.7386935,49.9869902],[5.7398736,49.9872747],[5.740461,49.9861365],[5.738731,49.9858123],[5.7366765,49.9854294],[5.7363814,49.9856002],[5.7360864,49.9858571],[5.7385889,49.9863745],[5.7381946,49.9871747],[5.7356545,49.9863969]]]}},{"type":"Feature","properties":{"t":"prado"},"geometry":{"type":"Polygon","coordinates":[[[5.7385889,49.9863745],[5.7360864,49.9858571],[5.7356545,49.9863969],[5.7381946,49.9871747],[5.7385889,49.9863745]]]}},{"type":"Feature","properties":{"t":"prado"},"geometry":{"type":"Polygon","coordinates":[[[5.7366147,49.9891755],[5.7353434,49.9885371],[5.7350779,49.9883819],[5.7343563,49.9881146],[5.7331869,49.9896718],[5.7353541,49.9904564],[5.7363599,49.989439],[5.7366147,49.9891755]]]}},{"type":"Feature","properties":{"t":"prado"},"geometry":{"type":"Polygon","coordinates":[[[5.7316983,49.9895856],[5.7306254,49.9905047],[5.7318431,49.9910875],[5.7325163,49.9904133],[5.7328597,49.9899994],[5.7316983,49.9895856]]]}},{"type":"Feature","properties":{"t":"prado"},"geometry":{"type":"Polygon","coordinates":[[[5.7318431,49.9910875],[5.7306254,49.9905047],[5.7316983,49.9895856],[5.7295867,49.9889321],[5.7288444,49.9896045],[5.7278471,49.9904167],[5.7279003,49.9904305],[5.7284018,49.9907513],[5.7286942,49.990972],[5.7292253,49.99116],[5.7295069,49.9912703],[5.729802,49.9913755],[5.7307193,49.9917204],[5.7311055,49.9918601],[5.7318431,49.9910875]]]}},{"type":"Feature","properties":{"t":"prado"},"geometry":{"type":"Polygon","coordinates":[[[5.7278471,49.9904167],[5.7288444,49.9896045],[5.7295867,49.9889321],[5.729802,49.9887371],[5.72981,49.9885336],[5.7292896,49.9883439],[5.7275677,49.9878369],[5.7279807,49.987154],[5.7262158,49.9867298],[5.7261837,49.9867918],[5.7262212,49.9868367],[5.7261005,49.9871057],[5.7259235,49.9870988],[5.7258403,49.9870195],[5.7248881,49.9870816],[5.7242766,49.9870247],[5.724121,49.98768],[5.7238254,49.9880875],[5.7262722,49.9886716],[5.7258028,49.9894528],[5.7274818,49.9902702],[5.7277608,49.9903943],[5.7278471,49.9904167]]]}},{"type":"Feature","properties":{"t":"prado"},"geometry":{"type":"Polygon","coordinates":[[[5.7258028,49.9894528],[5.7262722,49.9886716],[5.7238254,49.9880875],[5.7236731,49.9882974],[5.7235068,49.988794],[5.7246977,49.9891165],[5.7258028,49.9894528]]]}},{"type":"Feature","properties":{"t":"prado"},"geometry":{"type":"Polygon","coordinates":[[[5.7274818,49.9902702],[5.7258028,49.9894528],[5.7246977,49.9891165],[5.7235068,49.988794],[5.7228336,49.9886405],[5.7227907,49.9887164],[5.7234718,49.9888773],[5.722855,49.9901029],[5.7227316,49.9900788],[5.7226512,49.9902219],[5.7231662,49.9904857],[5.7232413,49.9906254],[5.7239547,49.9910341],[5.7247406,49.9914428],[5.7248211,49.9913928],[5.7251644,49.9915928],[5.7252181,49.9915566],[5.7253441,49.9916376],[5.7251955,49.9917281],[5.7255077,49.9918997],[5.7274818,49.9902702]]]}},{"type":"Feature","properties":{"t":"lavoura"},"geometry":{"type":"Polygon","coordinates":[[[5.7248291,49.9830873],[5.724366,49.9841687],[5.7265216,49.9842946],[5.7265511,49.9841687],[5.7266209,49.984167],[5.7266369,49.9840169],[5.7268023,49.9840225],[5.7268427,49.9838033],[5.7279129,49.9839136],[5.72824,49.9834048],[5.7284099,49.9829045],[5.7279919,49.9828248],[5.7275784,49.9827458],[5.7272083,49.982701],[5.7267415,49.9826872],[5.7253422,49.9823995],[5.7249954,49.9827976],[5.7248291,49.9830873]]]}},{"type":"Feature","properties":{"t":"prado"},"geometry":{"type":"Polygon","coordinates":[[[5.7250332,49.9917526],[5.7246092,49.9915273],[5.7247004,49.9914531],[5.7239203,49.9910484],[5.7237348,49.9911255],[5.72429,49.9921532],[5.7250332,49.9917526]]]}},{"type":"Feature","properties":{"t":"prado"},"geometry":{"type":"Polygon","coordinates":[[[5.7277608,49.9903943],[5.7274818,49.9902702],[5.7255077,49.9918997],[5.7251955,49.9917281],[5.7251376,49.9916963],[5.7250332,49.9917526],[5.72429,49.9921532],[5.7236356,49.9924705],[5.7237697,49.9931447],[5.7245475,49.9929792],[5.7251564,49.9927826],[5.7257357,49.9924895],[5.7258859,49.9925964],[5.7260013,49.9925722],[5.7265833,49.9921187],[5.728365,49.990779],[5.7278976,49.9905064],[5.7277662,49.9904581],[5.7277608,49.9903943]]]}},{"type":"Feature","properties":{"t":"prado"},"geometry":{"type":"Polygon","coordinates":[[[5.7258859,49.9925964],[5.7257357,49.9924895],[5.7251564,49.9927826],[5.7245475,49.9929792],[5.724856,49.9932258],[5.7253388,49.9930516],[5.7260321,49.9927214],[5.7258859,49.9925964]]]}},{"type":"Feature","properties":{"t":"lavoura"},"geometry":{"type":"Polygon","coordinates":[[[5.7322025,49.9922653],[5.7322642,49.992267],[5.7331628,49.9913548],[5.7320631,49.9909686],[5.7311913,49.9918687],[5.7322025,49.9922653]]]}},{"type":"Feature","properties":{"t":"prado"},"geometry":{"type":"Polygon","coordinates":[[[5.7322025,49.9922653],[5.7311913,49.9918687],[5.7309821,49.9920756],[5.7319933,49.9924412],[5.7322025,49.9922653]]]}},{"type":"Feature","properties":{"t":"prado"},"geometry":{"type":"Polygon","coordinates":[[[5.7307193,49.9917204],[5.729802,49.9913755],[5.7289839,49.9919618],[5.7299602,49.9923481],[5.7300292,49.9923752],[5.7307193,49.9917204]]]}},{"type":"Feature","properties":{"t":"prado"},"geometry":{"type":"Polygon","coordinates":[[[5.7300292,49.9923752],[5.7304564,49.9925429],[5.7311055,49.9918601],[5.7307193,49.9917204],[5.7300292,49.9923752]]]}},{"type":"Feature","properties":{"t":"prado"},"geometry":{"type":"Polygon","coordinates":[[[5.7304564,49.9925429],[5.7300292,49.9923752],[5.7299602,49.9923481],[5.7297417,49.9925609],[5.7301765,49.9927492],[5.7302311,49.9927688],[5.7304564,49.9925429]]]}},{"type":"Feature","properties":{"t":"prado"},"geometry":{"type":"Polygon","coordinates":[[[5.7274389,49.9924653],[5.7292253,49.99116],[5.7286942,49.990972],[5.7284018,49.9907513],[5.728365,49.990779],[5.7265833,49.9921187],[5.727329,49.9924722],[5.7274389,49.9924653]]]}},{"type":"Feature","properties":{"t":"prado"},"geometry":{"type":"Polygon","coordinates":[[[5.7295069,49.9912703],[5.7292253,49.99116],[5.7274389,49.9924653],[5.7276562,49.9925593],[5.7284823,49.9920239],[5.7295069,49.9912703]]]}},{"type":"Feature","properties":{"t":"prado"},"geometry":{"type":"Polygon","coordinates":[[[5.7292494,49.9923998],[5.7297417,49.9925609],[5.7299602,49.9923481],[5.7289839,49.9919618],[5.729802,49.9913755],[5.7295069,49.9912703],[5.7284823,49.9920239],[5.7276562,49.9925593],[5.7281173,49.9927587],[5.7288016,49.992229],[5.7287398,49.9921705],[5.7288623,49.992117],[5.7289588,49.9922084],[5.7289463,49.9922722],[5.729205,49.9923698],[5.7292494,49.9923998]]]}},{"type":"Feature","properties":{"t":"prado"},"geometry":{"type":"Polygon","coordinates":[[[5.7286808,49.9929775],[5.7284716,49.9929119],[5.7281173,49.9927587],[5.7276562,49.9925593],[5.7274389,49.9924653],[5.727329,49.9924722],[5.7265833,49.9921187],[5.7260013,49.9925722],[5.7258859,49.9925964],[5.7260321,49.9927214],[5.726467,49.9930855],[5.727396,49.9924938],[5.727856,49.9926904],[5.7282503,49.9928568],[5.7283737,49.9929154],[5.7286439,49.9930142],[5.7286808,49.9929775]]]}},{"type":"Feature","properties":{"t":"prado"},"geometry":{"type":"Polygon","coordinates":[[[5.727396,49.9924938],[5.726467,49.9930855],[5.726653,49.9932413],[5.7268113,49.9933844],[5.727856,49.9926904],[5.727396,49.9924938]]]}},{"type":"Feature","properties":{"t":"prado"},"geometry":{"type":"Polygon","coordinates":[[[5.7282503,49.9928568],[5.727856,49.9926904],[5.7268113,49.9933844],[5.7274416,49.9931844],[5.7275791,49.9932629],[5.7282503,49.9928568]]]}},{"type":"Feature","properties":{"t":"prado"},"geometry":{"type":"Polygon","coordinates":[[[5.7286439,49.9930142],[5.7283737,49.9929154],[5.7282503,49.9928568],[5.7275791,49.9932629],[5.7278569,49.9934214],[5.7285199,49.9931378],[5.7286439,49.9930142]]]}},{"type":"Feature","properties":{"t":"prado"},"geometry":{"type":"Polygon","coordinates":[[[5.7285199,49.9931378],[5.7278569,49.9934214],[5.7281336,49.9935793],[5.7283697,49.9937275],[5.7289178,49.9934559],[5.7290134,49.9934085],[5.7286084,49.9932465],[5.7285199,49.9931378]]]}},{"type":"Feature","properties":{"t":"prado"},"geometry":{"type":"Polygon","coordinates":[[[5.7258913,49.9939793],[5.7257035,49.9936827],[5.726653,49.9932413],[5.726467,49.9930855],[5.7260321,49.9927214],[5.7253388,49.9930516],[5.724856,49.9932258],[5.7245875,49.9932969],[5.7247674,49.9941862],[5.7239842,49.9942431],[5.7240057,49.9943086],[5.7246682,49.9942759],[5.7258913,49.9939793]]]}},{"type":"Feature","properties":{"t":"prado"},"geometry":{"type":"Polygon","coordinates":[[[5.7268113,49.9933844],[5.726653,49.9932413],[5.7257035,49.9936827],[5.7258913,49.9939793],[5.7263312,49.9938345],[5.7269374,49.993493],[5.7268113,49.9933844]]]}},{"type":"Feature","properties":{"t":"prado"},"geometry":{"type":"Polygon","coordinates":[[[5.731717,49.9925947],[5.7313281,49.9924722],[5.7308024,49.9922636],[5.7303196,49.9927654],[5.7313228,49.9928757],[5.7313791,49.9928412],[5.731717,49.9925947]]]}},{"type":"Feature","properties":{"t":"prado"},"geometry":{"type":"Polygon","coordinates":[[[5.7321247,49.992724],[5.7314998,49.992855],[5.7313791,49.9928412],[5.7313228,49.9928757],[5.7303196,49.9927654],[5.7296912,49.9934299],[5.7297283,49.9934927],[5.7330896,49.9929021],[5.7321247,49.992724]]]}},{"type":"Feature","properties":{"t":"prado"},"geometry":{"type":"Polygon","coordinates":[[[5.7337623,49.992591],[5.7334873,49.9925878],[5.7331279,49.9925446],[5.7326397,49.9924222],[5.7322642,49.992267],[5.7322025,49.9922653],[5.7319933,49.9924412],[5.7309821,49.9920756],[5.7308024,49.9922636],[5.7313281,49.9924722],[5.731717,49.9925947],[5.7313791,49.9928412],[5.7314998,49.992855],[5.7321247,49.992724],[5.7330896,49.9929021],[5.7338354,49.992771],[5.7337623,49.992591]]]}},{"type":"Feature","properties":{"t":"prado"},"geometry":{"type":"Polygon","coordinates":[[[5.7331628,49.9913548],[5.7322642,49.992267],[5.7326397,49.9924222],[5.7331279,49.9925446],[5.7334873,49.9925878],[5.7337623,49.992591],[5.7347339,49.9925039],[5.7354766,49.992493],[5.7361972,49.9925683],[5.7367837,49.9920446],[5.733608,49.9909065],[5.7331628,49.9913548]]]}},{"type":"Feature","properties":{"t":"prado"},"geometry":{"type":"Polygon","coordinates":[[[5.7353541,49.9904564],[5.7377037,49.9913134],[5.7382697,49.9908565],[5.7386184,49.9906702],[5.7389858,49.990503],[5.7391387,49.9904288],[5.7363599,49.989439],[5.7353541,49.9904564]]]}},{"type":"Feature","properties":{"t":"lavoura"},"geometry":{"type":"Polygon","coordinates":[[[5.7377037,49.9913134],[5.7353541,49.9904564],[5.7331869,49.9896718],[5.7328328,49.9901564],[5.7322723,49.9907582],[5.7320631,49.9909686],[5.7331628,49.9913548],[5.733608,49.9909065],[5.7367837,49.9920446],[5.7377037,49.9913134]]]}},{"type":"Feature","properties":{"t":"prado"},"geometry":{"type":"Polygon","coordinates":[[[5.7205018,49.9907868],[5.7197694,49.9906775],[5.7197528,49.9903197],[5.7204682,49.9903812],[5.7206226,49.990062],[5.7208523,49.990092],[5.7208869,49.9898188],[5.7213563,49.9898243],[5.7213923,49.9895182],[5.7210535,49.9895126],[5.7209879,49.9889792],[5.7209663,49.9889813],[5.7208827,49.9886082],[5.7207052,49.9877852],[5.7206259,49.9875236],[5.7213865,49.9873566],[5.7213517,49.9873023],[5.7206355,49.9874334],[5.7201004,49.9875334],[5.7195908,49.987473],[5.7187164,49.9874006],[5.7185313,49.9881111],[5.7184213,49.9887009],[5.7184213,49.9887613],[5.7180887,49.9886923],[5.7179305,49.9894666],[5.7178795,49.9901857],[5.7181234,49.9902026],[5.7181022,49.990553],[5.7183033,49.9908789],[5.7187057,49.9910789],[5.7194754,49.9914497],[5.7200602,49.9915497],[5.7205018,49.9907868]]]}},{"type":"Feature","properties":{"t":"prado"},"geometry":{"type":"Polygon","coordinates":[[[5.7184213,49.9887009],[5.7185313,49.9881111],[5.7187164,49.9874006],[5.7195908,49.987473],[5.7201004,49.9875334],[5.7206355,49.9874334],[5.7205418,49.9870667],[5.7202774,49.9870936],[5.7198508,49.9857883],[5.7191402,49.9858175],[5.7190973,49.9859675],[5.7184164,49.9858916],[5.7182202,49.9861607],[5.7176086,49.9870005],[5.7171929,49.9874368],[5.7178879,49.9875076],[5.717716,49.988566],[5.7184213,49.9887009]]]}},{"type":"Feature","properties":{"t":"prado"},"geometry":{"type":"Polygon","coordinates":[[[5.7198508,49.9857883],[5.7202774,49.9870936],[5.7205418,49.9870667],[5.7204746,49.9868039],[5.7201916,49.9857743],[5.7198508,49.9857883]]]}},{"type":"Feature","properties":{"t":"prado"},"geometry":{"type":"Polygon","coordinates":[[[5.720095,49.9829649],[5.7195988,49.9830563],[5.7193869,49.9837134],[5.7191804,49.9842256],[5.7189041,49.984881],[5.7183543,49.9858847],[5.7184164,49.9858916],[5.7190973,49.9859675],[5.7191402,49.9858175],[5.7192151,49.9845969],[5.719737,49.9846577],[5.7197973,49.9843877],[5.7196391,49.9843739],[5.7196578,49.9842722],[5.7202023,49.9843084],[5.720205,49.9843998],[5.7205054,49.9844205],[5.720095,49.9829649]]]}},{"type":"Feature","properties":{"t":"prado"},"geometry":{"type":"Polygon","coordinates":[[[5.6991028,49.9817145],[5.7003393,49.9819626],[5.7034171,49.9825837],[5.7034868,49.9825613],[5.7044846,49.98178],[5.7051694,49.9812236],[5.7049969,49.9811677],[5.7047126,49.9810677],[5.7044256,49.9810625],[5.7041359,49.9809711],[5.7040018,49.9809728],[5.7028109,49.9806313],[5.7021752,49.980514],[5.7007807,49.9804246],[5.6993182,49.9804152],[5.6985538,49.9804102],[5.698649,49.9807738],[5.698801,49.9811349],[5.6991028,49.9817145]]]}},{"type":"Feature","properties":{"t":"prado"},"geometry":{"type":"Polygon","coordinates":[[[5.7046106,49.9803847],[5.7044417,49.9805589],[5.7063514,49.9810039],[5.7082343,49.9814264],[5.7081619,49.9816282],[5.7089346,49.9817879],[5.7103398,49.9820784],[5.7104149,49.9819577],[5.7105464,49.9819818],[5.7107341,49.9817817],[5.7104418,49.981711],[5.7113669,49.9808804],[5.7103908,49.9801722],[5.7095017,49.9795341],[5.7093035,49.9793755],[5.708119,49.9800742],[5.707317,49.98084],[5.7057023,49.9804606],[5.7053053,49.980226],[5.7049969,49.9800276],[5.7046106,49.9803847]]]}},{"type":"Feature","properties":{"t":"prado"},"geometry":{"type":"Polygon","coordinates":[[[5.7049969,49.9800276],[5.7053053,49.980226],[5.7057023,49.9804606],[5.707317,49.98084],[5.708119,49.9800742],[5.7062288,49.9792007],[5.7059759,49.9790755],[5.7049969,49.9800276]]]}},{"type":"Feature","properties":{"t":"prado"},"geometry":{"type":"Polygon","coordinates":[[[5.7062288,49.9792007],[5.708119,49.9800742],[5.7093035,49.9793755],[5.7082394,49.9784763],[5.7080291,49.978619],[5.7079903,49.9786137],[5.7079115,49.9785798],[5.7078666,49.9786116],[5.7077957,49.9786044],[5.7076587,49.9786836],[5.7075036,49.9787979],[5.7073466,49.9789706],[5.7072103,49.9790572],[5.7068771,49.9792549],[5.7062288,49.9792007]]]}},{"type":"Feature","properties":{"t":"prado"},"geometry":{"type":"Polygon","coordinates":[[[5.7029881,49.977985],[5.7044631,49.9798879],[5.7042566,49.9801104],[5.7046106,49.9803847],[5.7049969,49.9800276],[5.7059759,49.9790755],[5.7062288,49.9792007],[5.7068771,49.9792549],[5.7072103,49.9790572],[5.7069783,49.9790473],[5.7069572,49.9790735],[5.7068948,49.9790847],[5.706882,49.9791231],[5.7068357,49.9791251],[5.7035461,49.9774509],[5.703241,49.9776978],[5.7029881,49.977985]]]}},{"type":"Feature","properties":{"t":"prado"},"geometry":{"type":"Polygon","coordinates":[[[5.7113669,49.9808804],[5.7104418,49.981711],[5.7107341,49.9817817],[5.7114288,49.9819956],[5.7130623,49.9826148],[5.7136308,49.9830573],[5.7140145,49.9832978],[5.7143511,49.9834685],[5.7144168,49.9834849],[5.7145523,49.9835263],[5.71485,49.98329],[5.7147708,49.9832155],[5.7147467,49.983227],[5.71439,49.9829356],[5.7144311,49.9829192],[5.7143015,49.9827855],[5.7132071,49.981937],[5.7116944,49.9811211],[5.7115092,49.980985],[5.7113669,49.9808804]]]}},{"type":"Feature","properties":{"t":"prado"},"geometry":{"type":"Polygon","coordinates":[[[5.7147293,49.9874808],[5.7143699,49.9885431],[5.7144401,49.9885368],[5.7150243,49.9884845],[5.715487,49.9880637],[5.7154347,49.9879257],[5.7154636,49.9878038],[5.7154682,49.9877843],[5.715611,49.9875698],[5.7155884,49.9875675],[5.7147293,49.9874808]]]}},{"type":"Feature","properties":{"t":"prado"},"geometry":{"type":"Polygon","coordinates":[[[5.7173806,49.9858364],[5.7158464,49.9857674],[5.7158276,49.9858692],[5.7153288,49.9858382],[5.7153314,49.9863883],[5.7149895,49.9864969],[5.7148406,49.9868772],[5.7147856,49.9868962],[5.71473,49.9870038],[5.7146743,49.9871118],[5.714799,49.9873161],[5.7147293,49.9874808],[5.7155884,49.9875675],[5.715611,49.9875698],[5.7156774,49.9875765],[5.7158051,49.9875868],[5.715792,49.9869271],[5.7159535,49.986832],[5.7161812,49.9867333],[5.7163785,49.9866695],[5.716635,49.9865883],[5.7171312,49.9863866],[5.7172787,49.9862107],[5.7174075,49.9860003],[5.7173806,49.9858364]]]}},{"type":"Feature","properties":{"t":"prado"},"geometry":{"type":"Polygon","coordinates":[[[5.7141151,49.9842144],[5.7142451,49.9846016],[5.7143176,49.9850759],[5.7143202,49.9853967],[5.7153288,49.9858382],[5.7158276,49.9858692],[5.7158464,49.9857674],[5.7173806,49.9858364],[5.7173002,49.9857157],[5.7166672,49.9850845],[5.7153415,49.983705],[5.7145831,49.98401],[5.7141151,49.9842144]]]}},{"type":"Feature","properties":{"t":"prado"},"geometry":{"type":"Polygon","coordinates":[[[5.7145831,49.98401],[5.7143337,49.9837444],[5.7140172,49.983973],[5.714048,49.9841239],[5.7141151,49.9842144],[5.7145831,49.98401]]]}},{"type":"Feature","properties":{"t":"prado"},"geometry":{"type":"Polygon","coordinates":[[[5.717,49.9853002],[5.7174529,49.9857532],[5.7174942,49.9857346],[5.717614,49.985764],[5.7176542,49.9855915],[5.7176945,49.9851656],[5.7177535,49.9838152],[5.7178125,49.9828217],[5.7165563,49.9834854],[5.7169005,49.9838634],[5.7160047,49.9842981],[5.7167599,49.9850438],[5.7171229,49.9849033],[5.717363,49.9851597],[5.717,49.9853002]]]}},{"type":"Feature","properties":{"t":"prado"},"geometry":{"type":"Polygon","coordinates":[[[5.7178125,49.9828217],[5.7177535,49.9838152],[5.7176945,49.9851656],[5.7176542,49.9855915],[5.717614,49.985764],[5.71785,49.9857985],[5.7182685,49.985138],[5.7185581,49.9846085],[5.7188719,49.9839135],[5.719167,49.9829908],[5.7193,49.982271],[5.7189953,49.9821043],[5.7187486,49.9818076],[5.718652,49.9813988],[5.7187566,49.9811367],[5.7178581,49.9811453],[5.7178178,49.9824251],[5.7178125,49.9828217]]]}},{"type":"Feature","properties":{"t":"prado"},"geometry":{"type":"Polygon","coordinates":[[[5.7165563,49.9834854],[5.7178125,49.9828217],[5.7178178,49.9824251],[5.7153502,49.9828959],[5.7152778,49.9834478],[5.7158866,49.9831253],[5.7159859,49.9832029],[5.7162112,49.9831063],[5.7165563,49.9834854]]]}},{"type":"Feature","properties":{"t":"prado"},"geometry":{"type":"Polygon","coordinates":[[[5.7148392,49.9831828],[5.7149487,49.9832763],[5.715192,49.983484],[5.7152778,49.9834478],[5.7153502,49.9828959],[5.7152873,49.9828332],[5.7148728,49.9831667],[5.7148392,49.9831828]]]}},{"type":"Feature","properties":{"t":"prado"},"geometry":{"type":"Polygon","coordinates":[[[5.7148728,49.9831667],[5.7152873,49.9828332],[5.7149648,49.9825116],[5.7143806,49.982795],[5.7144959,49.9828934],[5.7145375,49.9828769],[5.7148728,49.9831667]]]}},{"type":"Feature","properties":{"t":"prado"},"geometry":{"type":"Polygon","coordinates":[[[5.7143442,49.9827652],[5.7143806,49.982795],[5.7149648,49.9825116],[5.7140011,49.9815506],[5.7133841,49.9818749],[5.7144248,49.9827269],[5.7143442,49.9827652]]]}},{"type":"Feature","properties":{"t":"lavoura"},"geometry":{"type":"Polygon","coordinates":[[[5.7140011,49.9815506],[5.7149648,49.9825116],[5.7152873,49.9828332],[5.7153502,49.9828959],[5.7178178,49.9824251],[5.7178581,49.9811453],[5.7147172,49.9811487],[5.7140011,49.9815506]]]}},{"type":"Feature","properties":{"t":"prado"},"geometry":{"type":"Polygon","coordinates":[[[5.7133841,49.9818749],[5.7140011,49.9815506],[5.7147172,49.9811487],[5.715369,49.9806572],[5.7159859,49.9798293],[5.7161576,49.9795464],[5.7162019,49.9792921],[5.7162221,49.979031],[5.7162108,49.978658],[5.7139401,49.9785807],[5.7139291,49.9786878],[5.7136163,49.9794265],[5.7134998,49.979895],[5.7134264,49.9800709],[5.712443,49.9805494],[5.7115772,49.9809512],[5.7116836,49.9810325],[5.7119334,49.9811801],[5.7133841,49.9818749]]]}},{"type":"Feature","properties":{"t":"lavoura"},"geometry":{"type":"Polygon","coordinates":[[[5.7171527,49.9789893],[5.7162221,49.979031],[5.7162019,49.9792921],[5.7161576,49.9795464],[5.7159859,49.9798293],[5.715369,49.9806572],[5.7147172,49.9811487],[5.7178581,49.9811453],[5.7187566,49.9811367],[5.7192045,49.9804399],[5.7192072,49.9802501],[5.7190892,49.9794757],[5.7190131,49.9788646],[5.7176086,49.9790152],[5.7171527,49.9789893]]]}},{"type":"Feature","properties":{"t":"prado"},"geometry":{"type":"Polygon","coordinates":[[[5.7291073,49.9994881],[5.7299951,50.0000123],[5.7306924,50.0003209],[5.7305449,50.0005191],[5.7317736,50.0008418],[5.7318163,50.000764],[5.7323071,49.9998347],[5.7325968,49.9992709],[5.7327792,49.9987019],[5.7306629,49.9989054],[5.730443,49.9989157],[5.7291073,49.9994881]]]}},{"type":"Feature","properties":{"t":"prado"},"geometry":{"type":"Polygon","coordinates":[[[5.7206107,49.9997614],[5.7208836,49.9997261],[5.7210419,49.9997054],[5.7208434,49.9985071],[5.7209292,49.9985002],[5.7215837,49.9980088],[5.7217124,49.9978399],[5.7219404,49.9974554],[5.7216238,49.996895],[5.7201466,49.9973341],[5.7198184,49.9974845],[5.7192673,49.9978301],[5.7200736,49.9981571],[5.7197145,49.9981619],[5.7206107,49.9997614]]]}},{"type":"Feature","properties":{"t":"prado"},"geometry":{"type":"Polygon","coordinates":[[[5.7211357,49.9997105],[5.7214174,49.9997295],[5.721758,49.9997761],[5.7221282,49.9998433],[5.722218,49.9997157],[5.7223561,49.9996623],[5.7222891,49.9988071],[5.7221872,49.9983502],[5.7219404,49.9974554],[5.7217124,49.9978399],[5.7215837,49.9980088],[5.7209292,49.9985002],[5.7211357,49.9997105]]]}},{"type":"Feature","properties":{"t":"prado"},"geometry":{"type":"Polygon","coordinates":[[[5.7219404,49.9974554],[5.7221872,49.9983502],[5.7222891,49.9988071],[5.7223561,49.9996623],[5.7224634,49.9997381],[5.7229136,49.9997359],[5.7229194,49.9993243],[5.7231487,49.9989528],[5.7235725,49.99902],[5.7236449,49.9988623],[5.7232842,49.99877],[5.7236724,49.9982698],[5.7239319,49.9983847],[5.7240459,49.998114],[5.7240862,49.9977812],[5.7240701,49.997645],[5.7239547,49.9976295],[5.7239923,49.9971967],[5.7241291,49.9967933],[5.7242337,49.996795],[5.7243293,49.9964478],[5.7226539,49.9969872],[5.7216238,49.996895],[5.7219404,49.9974554]]]}},{"type":"Feature","properties":{"t":"prado"},"geometry":{"type":"Polygon","coordinates":[[[5.7252286,49.9984952],[5.7246614,49.9983407],[5.7240647,49.9992088],[5.7236087,50.0000536],[5.7243276,49.9999623],[5.7246759,49.9992865],[5.7248667,49.9989761],[5.7252286,49.9984952]]]}},{"type":"Feature","properties":{"t":"prado"},"geometry":{"type":"Polygon","coordinates":[[[5.7252449,49.9996416],[5.7254916,49.9992468],[5.7259369,49.9986881],[5.7252286,49.9984952],[5.7248667,49.9989761],[5.7246759,49.9992865],[5.7249927,49.9993812],[5.7248211,49.9996899],[5.7251564,49.9997588],[5.7252449,49.9996416]]]}},{"type":"Feature","properties":{"t":"prado"},"geometry":{"type":"Polygon","coordinates":[[[5.7262346,49.9999381],[5.7264841,49.9996312],[5.726932,49.9991657],[5.72705,49.9990295],[5.7274631,49.9991726],[5.7277957,49.9988002],[5.726063,49.9982761],[5.7259369,49.9986881],[5.7254916,49.9992468],[5.7252449,49.9996416],[5.7261281,50.0000646],[5.7262346,49.9999381]]]}},{"type":"Feature","properties":{"t":"prado"},"geometry":{"type":"Polygon","coordinates":[[[5.7279486,49.9992968],[5.7274631,49.9991726],[5.72705,49.9990295],[5.726932,49.9991657],[5.7274094,49.9995088],[5.727734,49.9993588],[5.7283106,49.9997743],[5.7284662,49.9997002],[5.7279486,49.9992968]]]}},{"type":"Feature","properties":{"t":"prado"},"geometry":{"type":"Polygon","coordinates":[[[5.7277957,49.9988002],[5.7274631,49.9991726],[5.7279486,49.9992968],[5.7285614,49.9989626],[5.7288685,49.9992174],[5.7292601,49.9990433],[5.7280612,49.9985347],[5.7277957,49.9988002]]]}},{"type":"Feature","properties":{"t":"prado"},"geometry":{"type":"Polygon","coordinates":[[[5.7246614,49.9983407],[5.7252286,49.9984952],[5.7259369,49.9986881],[5.726063,49.9982761],[5.7277957,49.9988002],[5.7280612,49.9985347],[5.7288283,49.9975743],[5.7291663,49.9971502],[5.7271573,49.9965588],[5.7265994,49.9966726],[5.7256043,49.996776],[5.7242283,49.9971054],[5.7241881,49.9974123],[5.7242015,49.9978795],[5.7241639,49.9981209],[5.7241334,49.9981689],[5.7246614,49.9983407]]]}},{"type":"Feature","properties":{"t":"prado"},"geometry":{"type":"Polygon","coordinates":[[[5.7243839,49.9960723],[5.7244483,49.9963139],[5.7243973,49.9966071],[5.7243356,49.9968691],[5.7242283,49.9971054],[5.7256043,49.996776],[5.7265994,49.9966726],[5.7271573,49.9965588],[5.7271251,49.9965174],[5.7274121,49.9963777],[5.7269948,49.9957323],[5.726776,49.9953899],[5.7243839,49.9960723]]]}},{"type":"Feature","properties":{"t":"prado"},"geometry":{"type":"Polygon","coordinates":[[[5.7299522,49.9954398],[5.7296705,49.9957656],[5.7302982,49.9960605],[5.7311082,49.9963812],[5.7320201,49.9949552],[5.7316017,49.9947845],[5.7306388,49.9944328],[5.7298154,49.9940845],[5.7293535,49.9941748],[5.7304969,49.9946434],[5.7299522,49.9954398]]]}},{"type":"Feature","properties":{"t":"prado"},"geometry":{"type":"Polygon","coordinates":[[[5.7274121,49.9963777],[5.7271251,49.9965174],[5.7271573,49.9965588],[5.7291663,49.9971502],[5.7302982,49.9960605],[5.7296705,49.9957656],[5.7299522,49.9954398],[5.7287911,49.9949094],[5.7275828,49.9952761],[5.7280639,49.9959812],[5.7276025,49.9963277],[5.7274121,49.9963777]]]}},{"type":"Feature","properties":{"t":"prado"},"geometry":{"type":"Polygon","coordinates":[[[5.7288283,49.9975743],[5.7280612,49.9985347],[5.7292601,49.9990433],[5.7296273,49.999207],[5.7305315,49.9988192],[5.7310009,49.998533],[5.7295364,49.9976778],[5.7288283,49.9975743]]]}},{"type":"Feature","properties":{"t":"prado"},"geometry":{"type":"Polygon","coordinates":[[[5.7302982,49.9960605],[5.7291663,49.9971502],[5.7288283,49.9975743],[5.7295364,49.9976778],[5.7310009,49.998533],[5.7316607,49.9978881],[5.7325378,49.9970364],[5.7317305,49.9966588],[5.7322428,49.9960432],[5.7327524,49.9952742],[5.7335919,49.9956243],[5.7341284,49.9949552],[5.731937,49.9943276],[5.7315803,49.9942776],[5.7305852,49.9939586],[5.7298154,49.9940845],[5.7306388,49.9944328],[5.7316017,49.9947845],[5.7320201,49.9949552],[5.7311082,49.9963812],[5.7302982,49.9960605]]]}},{"type":"Feature","properties":{"t":"prado"},"geometry":{"type":"Polygon","coordinates":[[[5.7326424,49.9970433],[5.7322293,49.9974605],[5.730738,49.9988192],[5.7307783,49.9988485],[5.7326987,49.9986675],[5.7337528,49.9972261],[5.7326424,49.9970433]]]}},{"type":"Feature","properties":{"t":"prado"},"geometry":{"type":"Polygon","coordinates":[[[5.736376,49.9963605],[5.7336777,49.9956294],[5.7330394,49.9965209],[5.7326424,49.9970433],[5.7337528,49.9972261],[5.7326987,49.9986675],[5.7339191,49.9985675],[5.7344744,49.9984881],[5.7349652,49.9983019],[5.7359791,49.9968743],[5.736376,49.9963605]]]}},{"type":"Feature","properties":{"t":"prado"},"geometry":{"type":"Polygon","coordinates":[[[5.7335919,49.9956243],[5.7327524,49.9952742],[5.7322428,49.9960432],[5.7317305,49.9966588],[5.7325378,49.9970364],[5.7330582,49.9963622],[5.7335919,49.9956243]]]}},{"type":"Feature","properties":{"t":"prado"},"geometry":{"type":"Polygon","coordinates":[[[5.7333264,49.9934723],[5.7307675,49.9939172],[5.7319584,49.9942914],[5.731937,49.9943276],[5.7341284,49.9949552],[5.7346728,49.9943224],[5.7346004,49.9942948],[5.7347453,49.9941414],[5.7347694,49.99405],[5.7353595,49.9932689],[5.7353085,49.9932034],[5.7346299,49.993293],[5.7346138,49.9932378],[5.734292,49.9932999],[5.7343402,49.9933672],[5.7339299,49.9934292],[5.7338977,49.9933689],[5.733718,49.9933982],[5.7337448,49.9934672],[5.7333398,49.9935275],[5.7333264,49.9934723]]]}},{"type":"Feature","properties":{"t":"prado"},"geometry":{"type":"Polygon","coordinates":[[[5.7208879,49.9935533],[5.7212752,49.9936913],[5.7219672,49.9939293],[5.7225546,49.9941052],[5.7230991,49.9942172],[5.7230562,49.9939948],[5.7230079,49.9939948],[5.7229516,49.9938189],[5.7230937,49.9937982],[5.7230374,49.9936258],[5.7226968,49.9936482],[5.7226458,49.9934758],[5.723708,49.9933792],[5.7237053,49.9933051],[5.7229838,49.9933585],[5.7230884,49.9930137],[5.7227504,49.9929257],[5.7221872,49.9927654],[5.7218224,49.992636],[5.7216239,49.9929619],[5.7213289,49.9928757],[5.7212085,49.9930607],[5.7208879,49.9935533]]]}},{"type":"Feature","properties":{"t":"prado"},"geometry":{"type":"Polygon","coordinates":[[[5.7208809,49.9941862],[5.7212752,49.9936913],[5.7208879,49.9935533],[5.7202399,49.9933223],[5.7198912,49.9938534],[5.7208809,49.9941862]]]}},{"type":"Feature","properties":{"t":"prado"},"geometry":{"type":"Polygon","coordinates":[[[5.7219516,49.9948766],[5.7219833,49.9948621],[5.7224527,49.9954863],[5.7232627,49.9952518],[5.7231903,49.9948966],[5.7230777,49.9946794],[5.7239279,49.9945569],[5.7238904,49.9942879],[5.7230991,49.9942172],[5.7225546,49.9941052],[5.7219672,49.9939293],[5.7212752,49.9936913],[5.7208809,49.9941862],[5.7207924,49.9943362],[5.7219516,49.9948766]]]}},{"type":"Feature","properties":{"t":"prado"},"geometry":{"type":"Polygon","coordinates":[[[5.7219516,49.9948766],[5.7207924,49.9943362],[5.7208809,49.9941862],[5.7198912,49.9938534],[5.7191992,49.9949242],[5.719849,49.9952417],[5.7204437,49.9954967],[5.7205135,49.9954587],[5.7210231,49.9956346],[5.7211116,49.9955622],[5.7218412,49.9959363],[5.7219994,49.9961295],[5.7224902,49.995976],[5.7219726,49.9956674],[5.7213262,49.9952673],[5.7216212,49.9950277],[5.7219516,49.9948766]]]}},{"type":"Feature","properties":{"t":"prado"},"geometry":{"type":"Polygon","coordinates":[[[5.7132317,49.9961447],[5.714044,49.9961708],[5.7142746,49.9959139],[5.71439,49.9955001],[5.7130033,49.9954277],[5.7129899,49.9958553],[5.7132259,49.9959036],[5.7132317,49.9961447]]]}},{"type":"Feature","properties":{"t":"prado"},"geometry":{"type":"Polygon","coordinates":[[[5.7145268,49.9942104],[5.7145885,49.9941086],[5.714618,49.9938379],[5.714508,49.9936844],[5.7142626,49.9935439],[5.7138777,49.9934016],[5.713419,49.9932947],[5.7119851,49.9930815],[5.7117051,49.9933654],[5.7116005,49.993493],[5.7116213,49.9936178],[5.7124074,49.9937804],[5.7145268,49.9942104]]]}},{"type":"Feature","properties":{"t":"prado"},"geometry":{"type":"Polygon","coordinates":[[[5.715192,49.9951759],[5.7158679,49.9952708],[5.7160127,49.9950121],[5.7160234,49.9948776],[5.7162246,49.9943862],[5.7162353,49.9940414],[5.7161441,49.9938224],[5.7160073,49.9936982],[5.7158826,49.9935844],[5.7155621,49.993087],[5.7155246,49.9930378],[5.7151155,49.992818],[5.7148406,49.9930818],[5.7142626,49.9935439],[5.714508,49.9936844],[5.714618,49.9938379],[5.7145885,49.9941086],[5.7145268,49.9942104],[5.7141647,49.9947794],[5.7139555,49.9950604],[5.715192,49.9951759]]]}},{"type":"Feature","properties":{"t":"prado"},"geometry":{"type":"Polygon","coordinates":[[[5.7158679,49.9952708],[5.715192,49.9951759],[5.7150713,49.9956449],[5.714854,49.9960898],[5.7145835,49.9963928],[5.7152107,49.9963846],[5.7155326,49.9964553],[5.715884,49.9958191],[5.7158974,49.9954104],[5.7158679,49.9952708]]]}},{"type":"Feature","properties":{"t":"prado"},"geometry":{"type":"Polygon","coordinates":[[[5.7161441,49.9938224],[5.7162353,49.9940414],[5.7162246,49.9943862],[5.7160234,49.9948776],[5.7160127,49.9950121],[5.7158679,49.9952708],[5.7158974,49.9954104],[5.715884,49.9958191],[5.7155326,49.9964553],[5.7155192,49.996614],[5.7165465,49.9966278],[5.7165531,49.9967057],[5.7169381,49.9967985],[5.7170185,49.9967691],[5.7175899,49.9969364],[5.7176918,49.9967829],[5.7170817,49.9966071],[5.7173645,49.9961381],[5.7176606,49.9960104],[5.7174048,49.9955518],[5.7169646,49.9956521],[5.7169005,49.995657],[5.7169515,49.9953639],[5.7168952,49.9952622],[5.7170454,49.9946966],[5.71693,49.9944311],[5.7170189,49.9943918],[5.7169156,49.9940827],[5.7165733,49.9936258],[5.7161441,49.9938224]]]}},{"type":"Feature","properties":{"t":"prado"},"geometry":{"type":"Polygon","coordinates":[[[5.7122442,49.9928188],[5.7119851,49.9930815],[5.713419,49.9932947],[5.7138777,49.9934016],[5.7142626,49.9935439],[5.7148406,49.9930818],[5.7151155,49.992818],[5.7155246,49.9930378],[5.7155621,49.993087],[5.7160771,49.9927455],[5.7154441,49.9924903],[5.7155178,49.992336],[5.7133615,49.9918565],[5.7131781,49.9921395],[5.7137167,49.9924015],[5.7144731,49.9925774],[5.7147937,49.9926921],[5.7149774,49.9928318],[5.7148084,49.9930551],[5.7144557,49.9929249],[5.7135357,49.9926085],[5.7126264,49.9924093],[5.7125405,49.9925416],[5.7125714,49.9925929],[5.7122442,49.9928188]]]}},{"type":"Feature","properties":{"t":"prado"},"geometry":{"type":"Polygon","coordinates":[[[5.7116675,49.9931792],[5.7117051,49.9933654],[5.7119851,49.9930815],[5.7122442,49.9928188],[5.7121718,49.9927878],[5.7122496,49.9926757],[5.7122442,49.992555],[5.7116353,49.9923429],[5.711638,49.9925584],[5.7116675,49.9931792]]]}},{"type":"Feature","properties":{"t":"prado"},"geometry":{"type":"Polygon","coordinates":[[[5.7133615,49.9918565],[5.7155178,49.992336],[5.7154441,49.9924903],[5.7160771,49.9927455],[5.7157271,49.9929878],[5.7155621,49.993087],[5.7158826,49.9935844],[5.7160073,49.9936982],[5.7161991,49.9935991],[5.7160315,49.9935155],[5.7157338,49.9930947],[5.7158089,49.9930464],[5.7160959,49.9934335],[5.7162876,49.9935357],[5.7172401,49.9930724],[5.7169971,49.9928205],[5.7168992,49.9926257],[5.7163762,49.9927059],[5.7160154,49.9923955],[5.715664,49.9921472],[5.7134778,49.9916772],[5.7133615,49.9918565]]]}},{"type":"Feature","properties":{"t":"prado"},"geometry":{"type":"Polygon","coordinates":[[[5.7157378,49.9914117],[5.7135884,49.9914859],[5.7135907,49.9915031],[5.7134778,49.9916772],[5.715664,49.9921472],[5.7160154,49.9923955],[5.7163762,49.9927059],[5.7168992,49.9926257],[5.7157378,49.9914117]]]}},{"type":"Feature","properties":{"t":"prado"},"geometry":{"type":"Polygon","coordinates":[[[5.7135884,49.9914859],[5.7157378,49.9914117],[5.7153153,49.9908547],[5.7131803,49.9913065],[5.7129711,49.9905047],[5.7121705,49.9910022],[5.711697,49.9913169],[5.7113993,49.9915704],[5.7115978,49.9921722],[5.7124561,49.9924015],[5.7125405,49.9925416],[5.7126264,49.9924093],[5.7135357,49.9926085],[5.7144557,49.9929249],[5.7148084,49.9930551],[5.7149774,49.9928318],[5.7147937,49.9926921],[5.7144731,49.9925774],[5.7137167,49.9924015],[5.7131781,49.9921395],[5.7130462,49.9923429],[5.7129711,49.992367],[5.7128128,49.992317],[5.713411,49.9913772],[5.7135719,49.9913617],[5.7135884,49.9914859]]]}},{"type":"Feature","properties":{"t":"prado"},"geometry":{"type":"Polygon","coordinates":[[[5.7147762,49.9901598],[5.7149291,49.9903305],[5.7145348,49.9904133],[5.7136229,49.9905116],[5.7132661,49.9903185],[5.7129711,49.9905047],[5.7131803,49.9913065],[5.7153153,49.9908547],[5.7164311,49.9905737],[5.7164231,49.9904995],[5.7157485,49.9906728],[5.7156768,49.990121],[5.7147762,49.9901598]]]}},{"type":"Feature","properties":{"t":"prado"},"geometry":{"type":"Polygon","coordinates":[[[5.7132661,49.9903185],[5.7136229,49.9905116],[5.7145348,49.9904133],[5.7149291,49.9903305],[5.7147762,49.9901598],[5.7145831,49.9899373],[5.714508,49.9898132],[5.7144164,49.989637],[5.7143068,49.9897132],[5.7142705,49.9896868],[5.7132661,49.9903185]]]}},{"type":"Feature","properties":{"t":"prado"},"geometry":{"type":"Polygon","coordinates":[[[5.7165733,49.9895511],[5.7156238,49.9895666],[5.7147655,49.9896132],[5.7147358,49.9894151],[5.7144164,49.989637],[5.714508,49.9898132],[5.7145831,49.9899373],[5.7147762,49.9901598],[5.7156768,49.990121],[5.7159296,49.9901184],[5.7159591,49.9898615],[5.7165145,49.9898695],[5.7165733,49.9895511]]]}},{"type":"Feature","properties":{"t":"prado"},"geometry":{"type":"Polygon","coordinates":[[[5.7147358,49.9894151],[5.7147655,49.9896132],[5.7156238,49.9895666],[5.7165733,49.9895511],[5.7167798,49.9885198],[5.7160578,49.9884837],[5.715369,49.9889751],[5.7147358,49.9894151]]]}},{"type":"Feature","properties":{"t":"prado"},"geometry":{"type":"Polygon","coordinates":[[[5.7160578,49.9884837],[5.7167798,49.9885198],[5.7169086,49.9878576],[5.7168522,49.9878421],[5.7168147,49.9879335],[5.7162246,49.9883646],[5.7160578,49.9884837]]]}},{"type":"Feature","properties":{"t":"prado"},"geometry":{"type":"Polygon","coordinates":[[[5.7314864,50.0055152],[5.7317144,50.0053153],[5.7316956,50.0050929],[5.7316822,50.0049067],[5.7313845,50.0043292],[5.7307702,50.0044671],[5.7308856,50.0048808],[5.7300953,50.0049646],[5.7299952,50.0053633],[5.7314864,50.0055152]]]}},{"type":"Feature","properties":{"t":"prado"},"geometry":{"type":"Polygon","coordinates":[[[5.7293674,50.0008709],[5.7295901,50.0005829],[5.7298073,50.0003088],[5.7288486,49.9997285],[5.7287492,49.9996683],[5.7280492,49.9999758],[5.7282215,50.0000565],[5.7290786,50.0005568],[5.7289624,50.0006536],[5.7293674,50.0008709]]]}},{"type":"Feature","properties":{"t":"prado"},"geometry":{"type":"Polygon","coordinates":[[[5.7283497,50.0011035],[5.7292641,50.0015812],[5.729339,50.001524],[5.7294425,50.001445],[5.7296678,50.0012105],[5.7299843,50.000695],[5.7295901,50.0005829],[5.7293674,50.0008709],[5.7289624,50.0006536],[5.7283497,50.0011035]]]}},{"type":"Feature","properties":{"t":"prado"},"geometry":{"type":"Polygon","coordinates":[[[5.7287492,49.9996683],[5.7288486,49.9997285],[5.7298073,50.0003088],[5.7305449,50.0005191],[5.7306924,50.0003209],[5.7299951,50.0000123],[5.7291073,49.9994881],[5.7287492,49.9996683]]]}},{"type":"Feature","properties":{"t":"prado"},"geometry":{"type":"Polygon","coordinates":[[[5.7305449,50.0005191],[5.7298073,50.0003088],[5.7295901,50.0005829],[5.7299843,50.000695],[5.7310143,50.0009502],[5.7314515,50.0010674],[5.7316225,50.0011173],[5.7317736,50.0008418],[5.7305449,50.0005191]]]}},{"type":"Feature","properties":{"t":"prado"},"geometry":{"type":"Polygon","coordinates":[[[5.7299843,50.000695],[5.7296678,50.0012105],[5.7294425,50.001445],[5.7296464,50.001557],[5.7306173,50.0016967],[5.7308239,50.0013777],[5.7310143,50.0009502],[5.7299843,50.000695]]]}},{"type":"Feature","properties":{"t":"prado"},"geometry":{"type":"Polygon","coordinates":[[[5.7296303,50.0016553],[5.7295876,50.0021909],[5.7300407,50.0022811],[5.7304189,50.0019536],[5.7306173,50.0016967],[5.7296464,50.001557],[5.7294425,50.001445],[5.729339,50.001524],[5.7296303,50.0016553]]]}},{"type":"Feature","properties":{"t":"prado"},"geometry":{"type":"Polygon","coordinates":[[[5.7314515,50.0010674],[5.7310143,50.0009502],[5.7308239,50.0013777],[5.7306173,50.0016967],[5.7304189,50.0019536],[5.7300407,50.0022811],[5.7304415,50.0024106],[5.7308131,50.002038],[5.731245,50.0015139],[5.7314515,50.0010674]]]}},{"type":"Feature","properties":{"t":"prado"},"geometry":{"type":"Polygon","coordinates":[[[5.7316225,50.0011173],[5.7314515,50.0010674],[5.731245,50.0015139],[5.7308131,50.002038],[5.7304415,50.0024106],[5.7306066,50.0024639],[5.7307836,50.0022501],[5.7315883,50.0025225],[5.7320926,50.0027656],[5.7323581,50.0030448],[5.7325298,50.0031466],[5.7332352,50.0032552],[5.7336643,50.0032741],[5.7339969,50.0023759],[5.7342517,50.0020537],[5.7338083,50.0018992],[5.7337904,50.0019363],[5.7315856,50.0011846],[5.7316225,50.0011173]]]}},{"type":"Feature","properties":{"t":"prado"},"geometry":{"type":"Polygon","coordinates":[[[5.7336643,50.0032741],[5.7332352,50.0032552],[5.7325298,50.0031466],[5.7323581,50.0030448],[5.7320926,50.0027656],[5.7315883,50.0025225],[5.7307836,50.0022501],[5.7306066,50.0024639],[5.7301319,50.0030483],[5.7312839,50.0034681],[5.7319906,50.0034551],[5.7325029,50.0035181],[5.7325847,50.0033776],[5.7333465,50.0034689],[5.733602,50.0034841],[5.7336643,50.0032741]]]}},{"type":"Feature","properties":{"t":"prado"},"geometry":{"type":"Polygon","coordinates":[[[5.7301319,50.0030483],[5.7306066,50.0024639],[5.7304415,50.0024106],[5.7300407,50.0022811],[5.7295876,50.0021909],[5.7294506,50.0023363],[5.7292011,50.0022484],[5.7284045,50.0029776],[5.7277991,50.0034275],[5.7279968,50.0034877],[5.7283394,50.0036108],[5.7291568,50.0038442],[5.7293366,50.0038956],[5.7296839,50.0037724],[5.7301319,50.0030483]]]}},{"type":"Feature","properties":{"t":"prado"},"geometry":{"type":"Polygon","coordinates":[[[5.7312839,50.0034681],[5.7301319,50.0030483],[5.7296839,50.0037724],[5.7293366,50.0038956],[5.7293537,50.0040068],[5.7311162,50.0038672],[5.7314998,50.0035827],[5.7312839,50.0034681]]]}},{"type":"Feature","properties":{"t":"lavoura"},"geometry":{"type":"Polygon","coordinates":[[[5.7010522,49.9832568],[5.7010241,49.9832392],[5.7004291,49.9828735],[5.6998683,49.9824352],[5.6993213,49.981987],[5.6992114,49.9819628],[5.6983343,49.9829235],[5.6983584,49.9830011],[5.6997371,49.9842739],[5.6997824,49.9843154],[5.7001563,49.9840186],[5.7010522,49.9832568]]]}},{"type":"Feature","properties":{"t":"prado"},"geometry":{"type":"Polygon","coordinates":[[[5.7003393,49.9819626],[5.7003674,49.9821732],[5.7004452,49.982325],[5.7004613,49.9828528],[5.7004291,49.9828735],[5.7010241,49.9832392],[5.7010522,49.9832568],[5.7010678,49.9832265],[5.7010755,49.9831925],[5.7030281,49.9835461],[5.7044283,49.9838393],[5.704734,49.9838979],[5.705547,49.9823939],[5.705485,49.9823819],[5.7058766,49.9817179],[5.7059377,49.9817344],[5.7060778,49.9815178],[5.7051694,49.9812236],[5.7044846,49.98178],[5.7034868,49.9825613],[5.7034171,49.9825837],[5.7003393,49.9819626]]]}},{"type":"Feature","properties":{"t":"prado"},"geometry":{"type":"Polygon","coordinates":[[[5.7060778,49.9815178],[5.7059377,49.9817344],[5.7059786,49.9817455],[5.7056272,49.9824095],[5.705547,49.9823939],[5.704734,49.9838979],[5.7055691,49.984065],[5.7055736,49.984048],[5.7059544,49.9841239],[5.7059327,49.98417],[5.7062387,49.9842153],[5.7066918,49.9842197],[5.7081619,49.9816282],[5.7082343,49.9814264],[5.7063514,49.9810039],[5.7060778,49.9815178]]]}},{"type":"Feature","properties":{"t":"prado"},"geometry":{"type":"Polygon","coordinates":[[[5.707561,49.9842281],[5.7084918,49.9825906],[5.7089346,49.9817879],[5.7081619,49.9816282],[5.7066918,49.9842197],[5.707561,49.9842281]]]}},{"type":"Feature","properties":{"t":"prado"},"geometry":{"type":"Polygon","coordinates":[[[5.7098773,49.9828214],[5.7084918,49.9825906],[5.707561,49.9842281],[5.7080117,49.9842325],[5.7090684,49.9842439],[5.7098773,49.9828214]]]}},{"type":"Feature","properties":{"t":"prado"},"geometry":{"type":"Polygon","coordinates":[[[5.7089346,49.9817879],[5.7084918,49.9825906],[5.7098773,49.9828214],[5.7101762,49.9822957],[5.7102165,49.9822991],[5.7103398,49.9820784],[5.7089346,49.9817879]]]}},{"type":"Feature","properties":{"t":"prado"},"geometry":{"type":"Polygon","coordinates":[[[5.7113913,49.9822647],[5.7108682,49.9831581],[5.7127538,49.9835944],[5.7134566,49.9835202],[5.7134056,49.9834271],[5.7132393,49.9832564],[5.7129362,49.9829925],[5.7126653,49.9827786],[5.7122764,49.9825958],[5.7113913,49.9822647]]]}},{"type":"Feature","properties":{"t":"prado"},"geometry":{"type":"Polygon","coordinates":[[[5.7103852,49.9842586],[5.7108682,49.9831581],[5.7113913,49.9822647],[5.7105464,49.9819818],[5.7104149,49.9819577],[5.7103398,49.9820784],[5.7102165,49.9822991],[5.7102755,49.9823319],[5.7091917,49.9842453],[5.7103852,49.9842586]]]}},{"type":"Feature","properties":{"t":"prado"},"geometry":{"type":"Polygon","coordinates":[[[5.7134566,49.9835202],[5.7127538,49.9835944],[5.7108682,49.9831581],[5.7103852,49.9842586],[5.7108334,49.9842636],[5.7115683,49.9842601],[5.7120321,49.9842701],[5.7121611,49.9842153],[5.7124346,49.9842187],[5.7129201,49.9842136],[5.7135987,49.9841454],[5.7135451,49.9840342],[5.7134606,49.9838453],[5.7134727,49.9836349],[5.7134566,49.9835202]]]}},{"type":"Feature","properties":{"t":"prado"},"geometry":{"type":"Polygon","coordinates":[[[5.7141593,49.9838177],[5.7145523,49.9835263],[5.7144168,49.9834849],[5.714414,49.9835135],[5.714186,49.9836494],[5.7141177,49.9836808],[5.7139769,49.9836513],[5.7141593,49.9838177]]]}},{"type":"Feature","properties":{"t":"prado"},"geometry":{"type":"Polygon","coordinates":[[[5.7105464,49.9819818],[5.7113913,49.9822647],[5.7122764,49.9825958],[5.7126653,49.9827786],[5.7129362,49.9829925],[5.7132393,49.9832564],[5.7134056,49.9834271],[5.7134566,49.9835202],[5.7134727,49.9836349],[5.7134606,49.9838453],[5.7135451,49.9840342],[5.7135987,49.9841454],[5.7137181,49.9841135],[5.7141593,49.9838177],[5.7139769,49.9836513],[5.7135558,49.9832548],[5.7136308,49.9830573],[5.7130623,49.9826148],[5.7114288,49.9819956],[5.7107341,49.9817817],[5.7105464,49.9819818]]]}},{"type":"Feature","properties":{"t":"prado"},"geometry":{"type":"Polygon","coordinates":[[[5.7044283,49.9838393],[5.7030281,49.9835461],[5.7030103,49.9843853],[5.7042103,49.984572],[5.7042366,49.9845767],[5.7044283,49.9838393]]]}},{"type":"Feature","properties":{"t":"prado"},"geometry":{"type":"Polygon","coordinates":[[[5.7055691,49.984065],[5.7044283,49.9838393],[5.7042366,49.9845767],[5.7071358,49.9850974],[5.7088055,49.9853976],[5.7088232,49.9853667],[5.7089187,49.9851997],[5.7091328,49.9842446],[5.7090684,49.9842439],[5.7080117,49.9842325],[5.707561,49.9842281],[5.7066918,49.9842197],[5.7062387,49.9842153],[5.7059327,49.98417],[5.7059008,49.9842377],[5.7055414,49.9841722],[5.7055691,49.984065]]]}},{"type":"Feature","properties":{"t":"prado"},"geometry":{"type":"Polygon","coordinates":[[[5.7108334,49.9842636],[5.7103852,49.9842586],[5.7091917,49.9842453],[5.7091328,49.9842446],[5.7091221,49.984305],[5.7089187,49.9851997],[5.7104694,49.9855868],[5.7108146,49.9849293],[5.7108319,49.9843169],[5.7108334,49.9842636]]]}},{"type":"Feature","properties":{"t":"prado"},"geometry":{"type":"Polygon","coordinates":[[[5.7115683,49.9842601],[5.7108334,49.9842636],[5.7108319,49.9843169],[5.7108146,49.9849293],[5.7104694,49.9855868],[5.7112335,49.9857775],[5.7112587,49.9858161],[5.7119492,49.9859692],[5.7119974,49.9859985],[5.7120672,49.9859727],[5.711976,49.9857174],[5.7124695,49.9858313],[5.7125366,49.9853949],[5.7116224,49.9843236],[5.7115683,49.9842601]]]}},{"type":"Feature","properties":{"t":"prado"},"geometry":{"type":"Polygon","coordinates":[[[5.7136068,49.984198],[5.7131159,49.984236],[5.7125285,49.9842808],[5.7120321,49.9842701],[5.7115683,49.9842601],[5.7116224,49.9843236],[5.7125366,49.9853949],[5.7133922,49.9855053],[5.713765,49.9854149],[5.7137382,49.9847292],[5.7136068,49.984198]]]}},{"type":"Feature","properties":{"t":"prado"},"geometry":{"type":"Polygon","coordinates":[[[5.714048,49.9841239],[5.7140172,49.983973],[5.7137248,49.9841687],[5.7136068,49.984198],[5.7137382,49.9847292],[5.713765,49.9854149],[5.7140037,49.985357],[5.7141298,49.9853501],[5.7143202,49.9853967],[5.7143176,49.9850759],[5.7142451,49.9846016],[5.7141151,49.9842144],[5.714048,49.9841239]]]}},{"type":"Feature","properties":{"t":"prado"},"geometry":{"type":"Polygon","coordinates":[[[5.7143202,49.9853967],[5.7141298,49.9853501],[5.7140037,49.985357],[5.713765,49.9854149],[5.7133922,49.9855053],[5.7125366,49.9853949],[5.7124695,49.9858313],[5.711976,49.9857174],[5.7120672,49.9859727],[5.7119974,49.9859985],[5.7119492,49.9859692],[5.7112587,49.9858161],[5.711541,49.9862486],[5.7121181,49.986202],[5.7127073,49.9862528],[5.7129604,49.9865383],[5.71302,49.9868534],[5.71473,49.9870038],[5.7147856,49.9868962],[5.7148406,49.9868772],[5.7149895,49.9864969],[5.7153314,49.9863883],[5.7153288,49.9858382],[5.7143202,49.9853967]]]}},{"type":"Feature","properties":{"t":"prado"},"geometry":{"type":"Polygon","coordinates":[[[5.71473,49.9870038],[5.71302,49.9868534],[5.7130292,49.986902],[5.7119114,49.9868328],[5.7118791,49.9873987],[5.7118633,49.9877455],[5.711744,49.9882282],[5.7117044,49.9883881],[5.711756,49.9886906],[5.7116353,49.9889803],[5.7115038,49.9891993],[5.7115012,49.9893441],[5.7117265,49.9894424],[5.7117641,49.9893597],[5.7118687,49.9892407],[5.7124012,49.9892792],[5.7128558,49.9873782],[5.7147293,49.9874808],[5.714799,49.9873161],[5.7146743,49.9871118],[5.71473,49.9870038]]]}},{"type":"Feature","properties":{"t":"prado"},"geometry":{"type":"Polygon","coordinates":[[[5.7124012,49.9892792],[5.7132044,49.9893372],[5.7135183,49.9894079],[5.7136121,49.9894528],[5.7137865,49.9893252],[5.71417,49.9890268],[5.7143699,49.9885431],[5.7147293,49.9874808],[5.7128558,49.9873782],[5.7124012,49.9892792]]]}},{"type":"Feature","properties":{"t":"prado"},"geometry":{"type":"Polygon","coordinates":[[[5.7137865,49.9893252],[5.7136121,49.9894528],[5.7135183,49.9894079],[5.7135048,49.9895856],[5.7133144,49.989658],[5.713183,49.9896097],[5.7132339,49.9895442],[5.7132071,49.9894597],[5.7129577,49.9894959],[5.7128718,49.9894321],[5.7127538,49.9894579],[5.7128262,49.989558],[5.7125929,49.9896528],[5.7124078,49.9895666],[5.7123193,49.9895718],[5.7119492,49.9896252],[5.7125387,49.9900537],[5.7126547,49.9900068],[5.7128538,49.9899299],[5.7128262,49.9899063],[5.7129604,49.9896752],[5.7131052,49.9896994],[5.7130301,49.9898649],[5.7134271,49.9896908],[5.7137597,49.9894976],[5.7139206,49.9894114],[5.7137865,49.9893252]]]}},{"type":"Feature","properties":{"t":"prado"},"geometry":{"type":"Polygon","coordinates":[[[5.7088217,49.9925309],[5.7087323,49.9925508],[5.7080006,49.9928372],[5.7082853,49.9930585],[5.7086661,49.9928654],[5.7091489,49.9932482],[5.7092831,49.993174],[5.7094252,49.9930792],[5.7096693,49.9928568],[5.7099509,49.9924998],[5.7102236,49.9920718],[5.7101226,49.9920429],[5.7101199,49.9919877],[5.7101253,49.9919584],[5.7100287,49.9920342],[5.7088217,49.9925309]]]}},{"type":"Feature","properties":{"t":"prado"},"geometry":{"type":"Polygon","coordinates":[[[5.7094467,49.9932965],[5.7096505,49.993162],[5.7098222,49.9930016],[5.7100958,49.992686],[5.7104582,49.9921389],[5.7102236,49.9920718],[5.7099509,49.9924998],[5.7096693,49.9928568],[5.7094252,49.9930792],[5.7092831,49.993174],[5.7094467,49.9932965]]]}},{"type":"Feature","properties":{"t":"prado"},"geometry":{"type":"Polygon","coordinates":[[[5.7099627,49.9930415],[5.7098222,49.9930016],[5.7096505,49.993162],[5.7094467,49.9932965],[5.7093501,49.9933706],[5.7095154,49.9934643],[5.7100062,49.993126],[5.7099402,49.9930723],[5.7099627,49.9930415]]]}},{"type":"Feature","properties":{"t":"prado"},"geometry":{"type":"Polygon","coordinates":[[[5.7104582,49.9921389],[5.7100958,49.992686],[5.7098222,49.9930016],[5.7099627,49.9930415],[5.7102942,49.992586],[5.7106349,49.9921894],[5.7104582,49.9921389]]]}},{"type":"Feature","properties":{"t":"prado"},"geometry":{"type":"Polygon","coordinates":[[[5.711343,49.9928706],[5.7111686,49.9928533],[5.7110667,49.9924153],[5.7109384,49.9923856],[5.71071,49.9923326],[5.7104552,49.9928136],[5.7100062,49.993126],[5.7113185,49.9934837],[5.7114422,49.9934706],[5.711343,49.9928706]]]}},{"type":"Feature","properties":{"t":"prado"},"geometry":{"type":"Polygon","coordinates":[[[5.6936013,49.9829139],[5.6936833,49.9827372],[5.6926131,49.9825665],[5.693804,49.9812039],[5.6944475,49.9803814],[5.6931119,49.9799647],[5.6925353,49.9797724],[5.6922135,49.9801415],[5.6921035,49.9802087],[5.6915241,49.9808831],[5.6905264,49.9820956],[5.6907007,49.9822353],[5.6911164,49.9826217],[5.6915215,49.9828062],[5.6918889,49.98282],[5.69231,49.9827717],[5.693112,49.9828217],[5.6935197,49.9829166],[5.6936013,49.9829139]]]}},{"type":"Feature","properties":{"t":"lavoura"},"geometry":{"type":"Polygon","coordinates":[[[5.6915241,49.9808831],[5.6921035,49.9802087],[5.6922752,49.9798379],[5.6924423,49.9796426],[5.6933317,49.9786829],[5.6931587,49.9782549],[5.6918742,49.9785345],[5.6907546,49.9771268],[5.6901911,49.9778474],[5.6893811,49.9788409],[5.6902823,49.9796827],[5.6915241,49.9808831]]]}},{"type":"Feature","properties":{"t":"lavoura"},"geometry":{"type":"Polygon","coordinates":[[[5.6901938,49.9816558],[5.6903788,49.9820525],[5.6904675,49.9821302],[5.6905264,49.9820956],[5.6915241,49.9808831],[5.6902823,49.9796827],[5.6893811,49.9788409],[5.6890619,49.9785753],[5.6869778,49.9781079],[5.6868008,49.9780527],[5.6856099,49.9787823],[5.6858271,49.9788668],[5.6862241,49.9790031],[5.6870368,49.9793291],[5.6878683,49.9796758],[5.6885791,49.9800328],[5.6890967,49.9802915],[5.6891638,49.9803622],[5.6891879,49.9804261],[5.6892148,49.9805744],[5.6893811,49.9807037],[5.6899014,49.9809487],[5.6904539,49.9812419],[5.6901938,49.9816558]]]}},{"type":"Feature","properties":{"t":"prado"},"geometry":{"type":"Polygon","coordinates":[[[5.6933185,49.978377],[5.6935734,49.9788685],[5.6939435,49.9793049],[5.6942922,49.9796292],[5.6945631,49.9798896],[5.6948018,49.9800328],[5.6950808,49.9797965],[5.6948286,49.9797189],[5.6947669,49.9796137],[5.6947535,49.9794498],[5.6945792,49.9794964],[5.6942975,49.9793791],[5.693973,49.9790169],[5.6939569,49.9789013],[5.6944585,49.9789927],[5.6948394,49.9790117],[5.6950486,49.9788237],[5.6952256,49.9787219],[5.6952784,49.9787263],[5.6965023,49.9773489],[5.6981715,49.9753906],[5.697501,49.9751719],[5.6964133,49.9752234],[5.6959868,49.9752465],[5.6952472,49.9753095],[5.6947639,49.9753996],[5.6942043,49.9760792],[5.6937548,49.9759518],[5.6934902,49.9758845],[5.6934089,49.9758998],[5.6933885,49.9765727],[5.6934016,49.9771054],[5.6934355,49.9780648],[5.6933775,49.978176],[5.6933185,49.978377]]]}},{"type":"Feature","properties":{"t":"prado"},"geometry":{"type":"Polygon","coordinates":[[[5.6966203,49.9784977],[5.6957781,49.9792463],[5.6948581,49.9800639],[5.6953651,49.9803536],[5.6957617,49.9800838],[5.6971058,49.979105],[5.6966203,49.9784977]]]}},{"type":"Feature","properties":{"t":"prado"},"geometry":{"type":"Polygon","coordinates":[[[5.6957617,49.9800838],[5.6953651,49.9803536],[5.6958908,49.9806917],[5.6963575,49.9811229],[5.6977018,49.9823604],[5.6982702,49.9821091],[5.6987899,49.9823067],[5.6990611,49.9819956],[5.6991041,49.9818507],[5.6990389,49.9817311],[5.6988519,49.9813885],[5.6985736,49.9807814],[5.6957617,49.9800838]]]}},{"type":"Feature","properties":{"t":"prado"},"geometry":{"type":"Polygon","coordinates":[[[5.6887427,49.9810867],[5.6885362,49.9809435],[5.6887239,49.9805847],[5.6888634,49.9804019],[5.6890967,49.9802915],[5.6885791,49.9800328],[5.6878683,49.9796758],[5.6870368,49.9793291],[5.6862241,49.9790031],[5.6858271,49.9788668],[5.6856099,49.9787823],[5.6853256,49.9789375],[5.6855321,49.9792687],[5.6855938,49.9794722],[5.6853846,49.9799138],[5.6860524,49.9801811],[5.6867686,49.9805313],[5.6874418,49.9809452],[5.6881526,49.9813617],[5.688451,49.9809845],[5.6887427,49.9810867]]]}},{"type":"Feature","properties":{"t":"prado"},"geometry":{"type":"Polygon","coordinates":[[[5.6896949,49.9830528],[5.6893314,49.9829726],[5.6890713,49.9829451],[5.6888473,49.9828554],[5.6884731,49.9828036],[5.6882814,49.9827527],[5.6876068,49.982538],[5.6875893,49.982494],[5.6878361,49.9822164],[5.6881794,49.9820025],[5.6884477,49.9820715],[5.6886891,49.9822181],[5.68896,49.9823285],[5.6896386,49.9825268],[5.6900194,49.9825906],[5.6900999,49.9825561],[5.690403,49.9821681],[5.6904675,49.9821302],[5.6903788,49.9820525],[5.6901938,49.9816558],[5.6900704,49.9816541],[5.6898504,49.981504],[5.6896922,49.9814144],[5.6893945,49.9813643],[5.6887427,49.9810867],[5.688451,49.9809845],[5.6881526,49.9813617],[5.686892,49.9829933],[5.68874,49.9841342],[5.6896949,49.9830528]]]}},{"type":"Feature","properties":{"t":"prado"},"geometry":{"type":"Polygon","coordinates":[[[5.6928492,49.9848499],[5.6895527,49.983284],[5.6888178,49.9841687],[5.6917387,49.9859916],[5.6928492,49.9848499]]]}},{"type":"Feature","properties":{"t":"prado"},"geometry":{"type":"Polygon","coordinates":[[[5.6928492,49.9848499],[5.6935412,49.9841497],[5.6933722,49.9841601],[5.6931227,49.984098],[5.6928921,49.9839824],[5.6925702,49.9837841],[5.6924415,49.98381],[5.6924307,49.9839152],[5.6923127,49.983948],[5.6919587,49.983829],[5.6914839,49.9834909],[5.6910065,49.9834081],[5.6905586,49.9832115],[5.6902622,49.9831589],[5.6900194,49.9831149],[5.690013,49.9831309],[5.690006,49.9831486],[5.6897264,49.9830776],[5.6895527,49.983284],[5.6928492,49.9848499]]]}},{"type":"Feature","properties":{"t":"prado"},"geometry":{"type":"Polygon","coordinates":[[[5.6935412,49.9841497],[5.6928492,49.9848499],[5.6917387,49.9859916],[5.6919587,49.9861382],[5.6926963,49.9853535],[5.6934473,49.9845257],[5.6941152,49.9838928],[5.6949788,49.9829287],[5.6936833,49.9827372],[5.6936013,49.9829139],[5.6937289,49.9829097],[5.6945175,49.9829649],[5.6946409,49.9830649],[5.6944907,49.9832408],[5.6943753,49.983403],[5.6941823,49.9835579],[5.6942171,49.9835892],[5.6938523,49.9840014],[5.6935412,49.9841497]]]}},{"type":"Feature","properties":{"t":"prado"},"geometry":{"type":"Polygon","coordinates":[[[5.6936833,49.9827372],[5.6949788,49.9829287],[5.6954938,49.9824147],[5.6962019,49.9816989],[5.696218,49.9815696],[5.6965399,49.9814075],[5.6958479,49.9807641],[5.6956777,49.9806714],[5.6951768,49.980609],[5.6944475,49.9803814],[5.693804,49.9812039],[5.6926131,49.9825665],[5.6936833,49.9827372]]]}},{"type":"Feature","properties":{"t":"prado"},"geometry":{"type":"Polygon","coordinates":[[[5.6962019,49.9816989],[5.6954938,49.9824147],[5.6949788,49.9829287],[5.6941152,49.9838928],[5.6934473,49.9845257],[5.6926963,49.9853535],[5.6919587,49.9861382],[5.6921018,49.986224],[5.6931188,49.9868356],[5.6936391,49.9862605],[5.6946516,49.9851811],[5.6954455,49.9842894],[5.6966123,49.9830166],[5.6972876,49.9822548],[5.6962958,49.981749],[5.6962019,49.9816989]]]}},{"type":"Feature","properties":{"t":"prado"},"geometry":{"type":"Polygon","coordinates":[[[5.6962958,49.981749],[5.6972876,49.9822548],[5.6973606,49.9821724],[5.6968001,49.9816558],[5.6967303,49.9817007],[5.6964299,49.9814954],[5.6964084,49.9815075],[5.6964245,49.9816851],[5.6962958,49.981749]]]}},{"type":"Feature","properties":{"t":"prado"},"geometry":{"type":"Polygon","coordinates":[[[5.6973606,49.9821724],[5.6972876,49.9822548],[5.6966123,49.9830166],[5.6954455,49.9842894],[5.6946516,49.9851811],[5.6936391,49.9862605],[5.6947985,49.9868485],[5.6961054,49.9853622],[5.6970575,49.9842687],[5.6980392,49.9831494],[5.6981707,49.982977],[5.6981438,49.9829149],[5.6976064,49.9824054],[5.6973606,49.9821724]]]}},{"type":"Feature","properties":{"t":"prado"},"geometry":{"type":"Polygon","coordinates":[[[5.6982829,49.9842993],[5.6974357,49.9839744],[5.6949949,49.9867815],[5.6954375,49.9868781],[5.6961,49.9864676],[5.6972694,49.9861572],[5.6977174,49.9860606],[5.6982829,49.9842993]]]}},{"type":"Feature","properties":{"t":"lavoura"},"geometry":{"type":"Polygon","coordinates":[[[5.6977174,49.9860606],[5.6972694,49.9861572],[5.6961,49.9864676],[5.6954375,49.9868781],[5.6962717,49.9870816],[5.6967835,49.9872966],[5.6971373,49.9870389],[5.6981936,49.9862012],[5.6977174,49.9860606]]]}},{"type":"Feature","properties":{"t":"lavoura"},"geometry":{"type":"Polygon","coordinates":[[[5.6974357,49.9839744],[5.6982829,49.9842993],[5.6977174,49.9860606],[5.6981936,49.9862012],[5.6990722,49.9854111],[5.6999646,49.9846782],[5.6996911,49.9843625],[5.698337,49.9831063],[5.6981868,49.9831253],[5.6974357,49.9839744]]]}},{"type":"Feature","properties":{"t":"prado"},"geometry":{"type":"Polygon","coordinates":[[[5.6992006,49.9967312],[5.7015261,49.9955242],[5.7013679,49.9954122],[5.7006866,49.9955346],[5.6993133,49.995726],[5.6985193,49.9957881],[5.6977361,49.9958674],[5.6966338,49.995907],[5.6974223,49.9961295],[5.6992006,49.9967312]]]}},{"type":"Feature","properties":{"t":"prado"},"geometry":{"type":"Polygon","coordinates":[[[5.6987081,49.9935871],[5.698632,49.993812],[5.6987232,49.9940707],[5.6986535,49.9942483],[5.6979373,49.9948449],[5.6973472,49.9952104],[5.6966472,49.9955743],[5.6963173,49.9958622],[5.6966338,49.995907],[5.6965372,49.9958139],[5.698117,49.9957036],[5.6995466,49.9955863],[5.7008019,49.9953553],[5.7013652,49.9952104],[5.7007965,49.9948414],[5.6994554,49.9940396],[5.6987081,49.9935871]]]}},{"type":"Feature","properties":{"t":"grama"},"geometry":{"type":"Polygon","coordinates":[[[5.7049164,49.994907],[5.7052302,49.9947518],[5.705308,49.9948794],[5.7053925,49.9946983],[5.7053382,49.9945294],[5.7052169,49.9943871],[5.7049821,49.994538],[5.704675,49.9947811],[5.7049164,49.994907]]]}},{"type":"Feature","properties":{"t":"prado"},"geometry":{"type":"Polygon","coordinates":[[[5.6957486,49.9885578],[5.6954631,49.9883711],[5.6950648,49.9881097],[5.6943673,49.9876886],[5.6942627,49.9876403],[5.6941608,49.9876472],[5.6933304,49.9881433],[5.6939676,49.9884336],[5.6950888,49.9889251],[5.6957486,49.9885578]]]}},{"type":"Feature","properties":{"t":"prado"},"geometry":{"type":"Polygon","coordinates":[[[5.6970844,49.9894088],[5.6958157,49.9885923],[5.6956038,49.9887664],[5.6961671,49.9891398],[5.6968215,49.9894683],[5.6968349,49.98952],[5.6967571,49.9896132],[5.6966029,49.9896218],[5.6966981,49.9896752],[5.696961,49.9894959],[5.6970844,49.9894088]]]}},{"type":"Feature","properties":{"t":"prado"},"geometry":{"type":"Polygon","coordinates":[[[5.6926641,49.9892562],[5.6924334,49.9895373],[5.6925933,49.9896292],[5.6926051,49.9896132],[5.693517,49.9900926],[5.694496,49.9906616],[5.694893,49.9901805],[5.69507,49.9901598],[5.6950995,49.9901063],[5.6938603,49.9896977],[5.6937973,49.9896414],[5.6926641,49.9892562]]]}},{"type":"Feature","properties":{"t":"prado"},"geometry":{"type":"Polygon","coordinates":[[[5.6937973,49.9896414],[5.6938603,49.9896977],[5.6950995,49.9901063],[5.6969717,49.9908013],[5.6978299,49.9902707],[5.6973981,49.9900563],[5.6971957,49.9899624],[5.6944317,49.9887768],[5.6943847,49.9887837],[5.694252,49.988738],[5.6938161,49.9885086],[5.693851,49.9884836],[5.693277,49.9881948],[5.6931583,49.9883047],[5.6931864,49.9883219],[5.6930758,49.9885483],[5.6942506,49.9889544],[5.6937973,49.9896414]]]}},{"type":"Feature","properties":{"t":"prado"},"geometry":{"type":"Polygon","coordinates":[[[5.6978299,49.9902707],[5.6969717,49.9908013],[5.6950995,49.9901063],[5.69507,49.9901598],[5.6951264,49.9902978],[5.6946409,49.9907547],[5.6953356,49.99121],[5.6967089,49.9919532],[5.6979534,49.9923067],[5.6982082,49.9922601],[5.6983557,49.9921498],[5.6984603,49.9919773],[5.6985167,49.9916221],[5.6984898,49.9911565],[5.6981921,49.9908323],[5.6982484,49.9907634],[5.6980607,49.9905685],[5.6978299,49.9902707]]]}},{"type":"Feature","properties":{"t":"prado"},"geometry":{"type":"Polygon","coordinates":[[[5.6982324,49.9900598],[5.6981251,49.9901063],[5.6986481,49.9906375],[5.6988734,49.9909427],[5.6990209,49.9914238],[5.6994098,49.9918083],[5.6997451,49.9919773],[5.6998792,49.9921877],[5.6999114,49.9927136],[5.6998149,49.9930637],[5.7000241,49.9932913],[5.7006782,49.9936452],[5.7009736,49.9931258],[5.7015932,49.9920963],[5.6982324,49.9900598]]]}},{"type":"Feature","properties":{"t":"prado"},"geometry":{"type":"Polygon","coordinates":[[[5.7009736,49.9931258],[5.7006782,49.9936452],[5.7004559,49.9940362],[5.7022608,49.9950811],[5.7025909,49.9948932],[5.7025852,49.9945501],[5.701856,49.9938586],[5.7016978,49.9936155],[5.7016495,49.9933534],[5.7009736,49.9931258]]]}},{"type":"Feature","properties":{"t":"prado"},"geometry":{"type":"Polygon","coordinates":[[[5.7381978,50.0059871],[5.7383072,50.0059609],[5.738326,50.0059772],[5.7386503,50.0058792],[5.7384494,50.0055652],[5.7380712,50.0056187],[5.737988,50.0056345],[5.7381978,50.0059871]]]}},{"type":"Feature","properties":{"t":"prado"},"geometry":{"type":"Polygon","coordinates":[[[5.7381978,50.0059871],[5.737988,50.0056345],[5.7378083,50.0056687],[5.7375804,50.005848],[5.7374424,50.0058903],[5.7376769,50.0061832],[5.7380886,50.0061022],[5.7380953,50.0060117],[5.7381978,50.0059871]]]}},{"type":"Feature","properties":{"t":"prado"},"geometry":{"type":"Polygon","coordinates":[[[5.7376769,50.0061832],[5.7374424,50.0058903],[5.7371646,50.0059755],[5.7373255,50.0062307],[5.7373725,50.0063168],[5.7376769,50.0061832]]]}},{"type":"Feature","properties":{"t":"prado"},"geometry":{"type":"Polygon","coordinates":[[[5.7387418,50.0060221],[5.7381731,50.0061927],[5.737913,50.0063548],[5.7376501,50.0064444],[5.7377386,50.0068288],[5.7374436,50.0070391],[5.7372773,50.0068323],[5.7371861,50.006815],[5.737052,50.0069185],[5.7370064,50.0070581],[5.7369125,50.0071633],[5.736596,50.0073736],[5.7370734,50.0072236],[5.7376796,50.007134],[5.7377171,50.0070133],[5.7378808,50.006853],[5.7382026,50.0068323],[5.7382616,50.0069616],[5.7379371,50.0070305],[5.7379425,50.0070719],[5.7383314,50.0070029],[5.7386452,50.0069443],[5.7395008,50.0068823],[5.7396886,50.0069133],[5.7403216,50.0069443],[5.7404181,50.0059307],[5.7400078,50.0059204],[5.7393506,50.0058859],[5.7391092,50.0059359],[5.7387418,50.0060221]]]}},{"type":"Feature","properties":{"t":"prado"},"geometry":{"type":"Polygon","coordinates":[[[5.7368545,50.0071146],[5.7369608,50.0070047],[5.7369286,50.0068013],[5.7364887,50.0069271],[5.736317,50.0069788],[5.7361159,50.0070857],[5.7359871,50.0073184],[5.7359415,50.0074098],[5.7362366,50.0074046],[5.7363385,50.0073029],[5.7367891,50.0070598],[5.7368545,50.0071146]]]}},{"type":"Feature","properties":{"t":"prado"},"geometry":{"type":"Polygon","coordinates":[[[5.7280692,50.0078424],[5.7281363,50.0078873],[5.7281738,50.0078614],[5.7282945,50.0079114],[5.7288203,50.0080131],[5.7293808,50.0082872],[5.7300407,50.0084785],[5.7309285,50.0084958],[5.7311538,50.0083147],[5.7303116,50.0079717],[5.7294345,50.0078218],[5.728654,50.0075908],[5.7283992,50.0075011],[5.7280692,50.0078424]]]}},{"type":"Feature","properties":{"t":"prado"},"geometry":{"type":"Polygon","coordinates":[[[5.7303405,50.0079122],[5.7306495,50.0072754],[5.7294774,50.0070391],[5.7282691,50.0067004],[5.7276025,50.0065185],[5.7274161,50.0068133],[5.7277656,50.0071363],[5.727978,50.0072201],[5.7281658,50.0073339],[5.7286406,50.0075339],[5.7295042,50.0077752],[5.7303405,50.0079122]]]}},{"type":"Feature","properties":{"t":"prado"},"geometry":{"type":"Polygon","coordinates":[[[5.7274362,50.0075391],[5.7279271,50.0077631],[5.7281953,50.0074667],[5.7277983,50.0074011],[5.7277451,50.0073218],[5.7274362,50.0075391]]]}},{"type":"Feature","properties":{"t":"grama"},"geometry":{"type":"Polygon","coordinates":[[[5.7267939,50.0071317],[5.7265735,50.0071787],[5.7267201,50.0072581],[5.7274362,50.0075391],[5.7267939,50.0071317]]]}},{"type":"Feature","properties":{"t":"prado"},"geometry":{"type":"Polygon","coordinates":[[[5.7324286,50.0073492],[5.7315505,50.0068991],[5.7310715,50.006581],[5.7309607,50.0064565],[5.7303679,50.0063944],[5.7298045,50.0061223],[5.7295015,50.0060548],[5.729523,50.0061324],[5.728426,50.0059497],[5.7281014,50.005979],[5.7275784,50.0058324],[5.7275167,50.0059273],[5.7276428,50.0060221],[5.7279244,50.0061548],[5.7277232,50.0064272],[5.728493,50.0066461],[5.7295471,50.0069443],[5.7307836,50.0071546],[5.7323742,50.0074718],[5.7324286,50.0073492]]]}},{"type":"Feature","properties":{"t":"prado"},"geometry":{"type":"Polygon","coordinates":[[[5.7429609,50.017724],[5.7428589,50.0176861],[5.742057,50.0177189],[5.7418692,50.0177585],[5.741145,50.0179946],[5.7410833,50.0180394],[5.7417244,50.018796],[5.7424593,50.019606],[5.7433096,50.0204815],[5.7440069,50.0212869],[5.7454687,50.0199834],[5.7450959,50.019799],[5.7447392,50.0195526],[5.7444736,50.0193268],[5.7442591,50.0190683],[5.7438004,50.0185306],[5.743264,50.0179946],[5.7429609,50.017724]]]}},{"type":"Feature","properties":{"t":"prado"},"geometry":{"type":"Polygon","coordinates":[[[5.7409519,50.0167037],[5.7404557,50.017037],[5.7403591,50.0171329],[5.7404798,50.0173001],[5.7410592,50.0179119],[5.7411128,50.0179481],[5.7418424,50.0176913],[5.7420972,50.017662],[5.7428777,50.0176275],[5.7428187,50.0175948],[5.742234,50.0172328],[5.7409519,50.0167037]]]}},{"type":"Feature","properties":{"t":"prado"},"geometry":{"type":"Polygon","coordinates":[[[5.746142,50.0228441],[5.7459864,50.0224064],[5.7479525,50.0217912],[5.7471317,50.0213276],[5.7467884,50.021076],[5.7462063,50.0206228],[5.7458711,50.0202661],[5.7454687,50.0199834],[5.7440069,50.0212869],[5.7441437,50.0214448],[5.7451737,50.0227114],[5.746142,50.0228441]]]}},{"type":"Feature","properties":{"t":"prado"},"geometry":{"type":"Polygon","coordinates":[[[5.7404476,50.0121897],[5.7397141,50.0119163],[5.7394539,50.0118131],[5.7387692,50.0116052],[5.7383411,50.0114677],[5.7381818,50.0116756],[5.7380041,50.0118243],[5.7380578,50.0118346],[5.7379022,50.0119846],[5.7401606,50.0129343],[5.7403296,50.0129343],[5.7405549,50.0124138],[5.7404476,50.0121897]]]}},{"type":"Feature","properties":{"t":"prado"},"geometry":{"type":"Polygon","coordinates":[[[5.7426256,50.014196],[5.7432666,50.0145752],[5.7433122,50.0145803],[5.74339,50.0146217],[5.743618,50.0147389],[5.7435912,50.0145907],[5.7440498,50.0139426],[5.7444361,50.0134135],[5.743846,50.0133014],[5.7429823,50.0131291],[5.7423922,50.012924],[5.7407373,50.0122879],[5.7407105,50.0123414],[5.7406408,50.0125568],[5.7405442,50.0127533],[5.7406273,50.0127895],[5.7404771,50.013055],[5.7423627,50.0139857],[5.7426256,50.014196]]]}},{"type":"Feature","properties":{"t":"prado"},"geometry":{"type":"Polygon","coordinates":[[[5.743618,50.0147389],[5.74339,50.0146217],[5.7431055,50.0153114],[5.7429586,50.015416],[5.7425559,50.0156748],[5.7424631,50.0157899],[5.7421851,50.0160144],[5.74175,50.0163037],[5.7409519,50.0167037],[5.742234,50.0172328],[5.7428187,50.0175948],[5.7428777,50.0176275],[5.7429823,50.0176672],[5.7433578,50.0176861],[5.7439157,50.0177706],[5.7454241,50.0156712],[5.7450704,50.0155248],[5.744935,50.0154835],[5.743618,50.0147389]]]}},{"type":"Feature","properties":{"t":"prado"},"geometry":{"type":"Polygon","coordinates":[[[5.7440498,50.0139426],[5.7435912,50.0145907],[5.743618,50.0147389],[5.744935,50.0154835],[5.7450704,50.0155248],[5.7454272,50.0146441],[5.74558,50.0143511],[5.7453789,50.0142873],[5.745513,50.0140779],[5.7457048,50.0141201],[5.7457061,50.0140064],[5.7455814,50.0139547],[5.7454124,50.0141477],[5.7453346,50.0143028],[5.7452166,50.0143615],[5.7449028,50.0142529],[5.7440498,50.0139426]]]}},{"type":"Feature","properties":{"t":"prado"},"geometry":{"type":"Polygon","coordinates":[[[5.7440498,50.0139426],[5.7449028,50.0142529],[5.7452166,50.0143615],[5.7453346,50.0143028],[5.7454124,50.0141477],[5.7455814,50.0139547],[5.7449082,50.013591],[5.7445434,50.0134411],[5.7444361,50.0134135],[5.7440498,50.0139426]]]}},{"type":"Feature","properties":{"t":"prado"},"geometry":{"type":"Polygon","coordinates":[[[5.7408202,50.0122497],[5.742344,50.0128292],[5.7427999,50.0130015],[5.7428268,50.0129653],[5.7439265,50.0132153],[5.7440793,50.0128723],[5.7447204,50.0129843],[5.7447875,50.0129636],[5.7457557,50.0131015],[5.7460749,50.0121742],[5.746032,50.0120259],[5.7459167,50.0119174],[5.7459807,50.0111894],[5.7455653,50.0111417],[5.743677,50.0109297],[5.7434034,50.0116071],[5.7433551,50.0116037],[5.7435503,50.0110474],[5.7426631,50.0109038],[5.7425639,50.01124],[5.7411714,50.011143],[5.7409027,50.0119898],[5.7408799,50.0120614],[5.7408202,50.0122497]]]}},{"type":"Feature","properties":{"t":"prado"},"geometry":{"type":"Polygon","coordinates":[[[5.7413855,50.0102556],[5.7411714,50.011143],[5.7425639,50.01124],[5.7426631,50.0109038],[5.7435503,50.0110474],[5.7436877,50.0106556],[5.7437199,50.0100833],[5.743538,50.0094186],[5.7423037,50.0097731],[5.7414247,50.0100024],[5.7413855,50.0102556]]]}},{"type":"Feature","properties":{"t":"prado"},"geometry":{"type":"Polygon","coordinates":[[[5.743677,50.0109297],[5.7455653,50.0111417],[5.7456082,50.0104074],[5.7455626,50.0098541],[5.7454285,50.0090939],[5.7449913,50.0090991],[5.7445568,50.0091439],[5.7439897,50.0092672],[5.7439962,50.009287],[5.7436265,50.0093932],[5.7437333,50.0096024],[5.7438299,50.010235],[5.743677,50.0109297]]]}},{"type":"Feature","properties":{"t":"prado"},"geometry":{"type":"Polygon","coordinates":[[[5.7406361,50.0091452],[5.7400453,50.0099765],[5.7412523,50.0098972],[5.7419309,50.0097231],[5.7426551,50.009468],[5.7438836,50.0091284],[5.7406361,50.0091452]]]}},{"type":"Feature","properties":{"t":"prado"},"geometry":{"type":"Polygon","coordinates":[[[5.7406361,50.0091452],[5.7438836,50.0091284],[5.7440498,50.0084923],[5.7441303,50.0084337],[5.7441518,50.0083923],[5.7437117,50.0084381],[5.7430574,50.0085061],[5.7426497,50.0082631],[5.7426685,50.0080958],[5.7425451,50.0080958],[5.7424405,50.008132],[5.7418638,50.0080907],[5.7418558,50.0078924],[5.7412962,50.0078261],[5.7407856,50.0088198],[5.7407105,50.0090405],[5.7406361,50.0091452]]]}},{"type":"Feature","properties":{"t":"prado"},"geometry":{"type":"Polygon","coordinates":[[[5.7555604,50.027212],[5.7560925,50.0273077],[5.7561412,50.0272572],[5.7572249,50.0276828],[5.7573,50.0276036],[5.7577586,50.0268592],[5.7549208,50.0257288],[5.7541054,50.0265869],[5.754497,50.0268109],[5.7547552,50.0269813],[5.7547814,50.0269557],[5.7555377,50.0271573],[5.7555604,50.027212]]]}},{"type":"Feature","properties":{"t":"prado"},"geometry":{"type":"Polygon","coordinates":[[[5.7535987,50.0261487],[5.7541054,50.0265869],[5.7549208,50.0257288],[5.7556182,50.0250585],[5.7542288,50.0241728],[5.7529199,50.025674],[5.7536414,50.0260958],[5.7535987,50.0261487]]]}},{"type":"Feature","properties":{"t":"prado"},"geometry":{"type":"Polygon","coordinates":[[[5.748049,50.0253945],[5.7489824,50.0260321],[5.7500124,50.0265525],[5.7511255,50.0270022],[5.7525762,50.0257008],[5.7526141,50.0256668],[5.7520348,50.0253738],[5.7510345,50.024509],[5.7503582,50.0240475],[5.7498729,50.0247225],[5.7494116,50.0250464],[5.7488,50.0252394],[5.748049,50.0253945]]]}},{"type":"Feature","properties":{"t":"prado"},"geometry":{"type":"Polygon","coordinates":[[[5.748049,50.0253945],[5.7488,50.0252394],[5.7494116,50.0250464],[5.7498729,50.0247225],[5.7503582,50.0240475],[5.750125,50.0238884],[5.7495296,50.0236127],[5.7493097,50.0234766],[5.749146,50.0233508],[5.7489368,50.0230785],[5.7487974,50.0226994],[5.7486767,50.022403],[5.7484674,50.0221273],[5.7483119,50.0220066],[5.7479525,50.0217912],[5.7459864,50.0224064],[5.746142,50.0228441],[5.7462197,50.023175],[5.7456243,50.0231543],[5.7456914,50.0232801],[5.7462385,50.0238815],[5.7468152,50.0244519],[5.748049,50.0253945]]]}},{"type":"Feature","properties":{"t":"prado"},"geometry":{"type":"Polygon","coordinates":[[[5.7460064,50.024068],[5.7452461,50.0231388],[5.7447391,50.0230804],[5.7449162,50.0240793],[5.7460064,50.024068]]]}},{"type":"Feature","properties":{"t":"prado"},"geometry":{"type":"Polygon","coordinates":[[[5.7561713,50.0280686],[5.7568952,50.0282788],[5.7571256,50.0278379],[5.7562056,50.027495],[5.7559964,50.0274071],[5.7560424,50.0273595],[5.7555825,50.0272651],[5.7555914,50.0272865],[5.7554975,50.0273175],[5.7549369,50.0272142],[5.7546741,50.0270608],[5.75471,50.0270256],[5.7545802,50.026954],[5.7545453,50.0269867],[5.7540438,50.0266731],[5.7540894,50.0266438],[5.7537192,50.0263112],[5.7536414,50.0263509],[5.7530379,50.0259356],[5.7525762,50.0257008],[5.7511255,50.0270022],[5.7523942,50.0274003],[5.7550389,50.0280826],[5.7559276,50.0284446],[5.7561713,50.0280686]]]}},{"type":"Feature","properties":{"t":"lavoura"},"geometry":{"type":"Polygon","coordinates":[[[5.7346112,50.0244605],[5.7356025,50.0242461],[5.7348075,50.0238092],[5.7353687,50.0235308],[5.7352339,50.0233236],[5.7354508,50.0232031],[5.7356501,50.0232935],[5.736062,50.0231868],[5.7359415,50.0230544],[5.7357833,50.0229269],[5.7347614,50.0223892],[5.7337636,50.0218757],[5.7336107,50.0217757],[5.7334176,50.0215999],[5.7312021,50.0224116],[5.7319853,50.0233422],[5.7319182,50.0233766],[5.7322079,50.0236954],[5.7335222,50.0231957],[5.7346112,50.0244605]]]}},{"type":"Feature","properties":{"t":"prado"},"geometry":{"type":"Polygon","coordinates":[[[5.7306603,50.0186064],[5.7306093,50.0186013],[5.7305905,50.0186237],[5.7307568,50.0189477],[5.7309929,50.0193389],[5.7312718,50.0197646],[5.7314837,50.0200541],[5.732004,50.0205573],[5.7321784,50.0206917],[5.7327765,50.0210605],[5.7345119,50.0196818],[5.7339352,50.0195285],[5.7334203,50.0193285],[5.7329911,50.0191596],[5.7324037,50.0189994],[5.731886,50.0188925],[5.7311645,50.0187633],[5.7307541,50.018653],[5.7306603,50.0186064]]]}},{"type":"Feature","properties":{"t":"prado"},"geometry":{"type":"Polygon","coordinates":[[[5.7345119,50.0196818],[5.7327765,50.0210605],[5.7330501,50.0212397],[5.7336429,50.0217361],[5.7338306,50.021867],[5.7344314,50.0221755],[5.7350135,50.0224754],[5.7366335,50.0211949],[5.7372209,50.0207124],[5.7369339,50.020547],[5.7364914,50.0203677],[5.7357323,50.0200972],[5.7351717,50.0198731],[5.7347721,50.0197559],[5.7345119,50.0196818]]]}},{"type":"Feature","properties":{"t":"prado"},"geometry":{"type":"Polygon","coordinates":[[[5.7311908,50.0179292],[5.7303974,50.0182204],[5.7305074,50.0184082],[5.7306066,50.0185444],[5.7308668,50.0186478],[5.7311511,50.0187236],[5.7316983,50.0188184],[5.7319209,50.0184565],[5.7316607,50.017805],[5.7311908,50.0179292]]]}},{"type":"Feature","properties":{"t":"prado"},"geometry":{"type":"Polygon","coordinates":[[[5.7311908,50.0179292],[5.7316607,50.017805],[5.7319209,50.0184565],[5.7316983,50.0188184],[5.7323045,50.0189339],[5.7328087,50.01907],[5.7336643,50.0193802],[5.7340291,50.0195164],[5.7344583,50.0196353],[5.7348633,50.0197318],[5.7358664,50.0175913],[5.7357067,50.0175572],[5.7343528,50.0172193],[5.7332808,50.0172966],[5.7321891,50.0173431],[5.7310735,50.0174697],[5.7311908,50.0179292]]]}},{"type":"Feature","properties":{"t":"prado"},"geometry":{"type":"Polygon","coordinates":[[[5.7357067,50.0175572],[5.7358664,50.0175913],[5.7348633,50.0197318],[5.7353166,50.0198938],[5.7358074,50.0200972],[5.7360005,50.0201661],[5.7365558,50.0195302],[5.7372344,50.0187357],[5.7377225,50.0180773],[5.7380632,50.0177258],[5.738208,50.0175138],[5.7382992,50.0171725],[5.7375804,50.0170019],[5.7371485,50.0169554],[5.7367998,50.0169847],[5.7365504,50.0170433],[5.7362205,50.0171639],[5.7360005,50.0171984],[5.735845,50.0171846],[5.7357067,50.0175572]]]}},{"type":"Feature","properties":{"t":"prado"},"geometry":{"type":"Polygon","coordinates":[[[5.736463,50.023905],[5.7378423,50.0236136],[5.738104,50.0238636],[5.7387984,50.0233015],[5.7393422,50.0228652],[5.7388356,50.0222772],[5.7381007,50.0214517],[5.7375669,50.0209709],[5.7372209,50.0207124],[5.7366335,50.0211949],[5.7350135,50.0224754],[5.7358852,50.0229355],[5.7360917,50.0231526],[5.7363009,50.0235989],[5.736463,50.023905]]]}},{"type":"Feature","properties":{"t":"prado"},"geometry":{"type":"Polygon","coordinates":[[[5.7360005,50.0201661],[5.7367462,50.0204298],[5.7372478,50.0206693],[5.7376179,50.0209692],[5.7381919,50.0215],[5.7388893,50.0222858],[5.7393975,50.0228547],[5.7399061,50.0226826],[5.7400212,50.0229079],[5.7416328,50.02371],[5.7429349,50.0224712],[5.7446758,50.0227235],[5.7448093,50.0227203],[5.7440686,50.0220049],[5.7436824,50.021593],[5.7433498,50.0215396],[5.7426846,50.0213431],[5.7425129,50.0210657],[5.7426497,50.0210174],[5.7429354,50.0206895],[5.7419711,50.0195216],[5.7407722,50.0181445],[5.7405281,50.018117],[5.7403994,50.0180567],[5.7400238,50.0176585],[5.7397744,50.0175293],[5.7383743,50.0171932],[5.738259,50.0176155],[5.7377735,50.018086],[5.7377225,50.0180773],[5.7372344,50.0187357],[5.7365558,50.0195302],[5.7360005,50.0201661]]]}},{"type":"Feature","properties":{"t":"prado"},"geometry":{"type":"Polygon","coordinates":[[[5.6925166,49.9906651],[5.6926064,49.9904693],[5.6926547,49.9902633],[5.6926319,49.9901038],[5.6925018,49.9898787],[5.6923798,49.9897149],[5.6923074,49.9897632],[5.6922403,49.9898787],[5.6922832,49.9901857],[5.6924039,49.9902133],[5.6924897,49.9904581],[5.6925166,49.9906651]]]}},{"type":"Feature","properties":{"t":"prado"},"geometry":{"type":"Polygon","coordinates":[[[5.6937048,49.992255],[5.6934017,49.9925429],[5.6929645,49.9923722],[5.6930208,49.9922187],[5.6929082,49.9921687],[5.6925407,49.9925653],[5.6925809,49.9926619],[5.6924629,49.9927999],[5.6928036,49.9929292],[5.6927499,49.9929999],[5.6929779,49.9930223],[5.6930637,49.9929068],[5.6935519,49.9930878],[5.6934956,49.9932051],[5.6937899,49.993315],[5.6938711,49.9932034],[5.6942885,49.9933897],[5.6948233,49.9926533],[5.6937048,49.992255]]]}},{"type":"Feature","properties":{"t":"prado"},"geometry":{"type":"Polygon","coordinates":[[[5.6937899,49.993315],[5.6934956,49.9932051],[5.6929779,49.9930223],[5.6927499,49.9929999],[5.692648,49.993093],[5.6920928,49.9928654],[5.6919131,49.9927343],[5.6915805,49.9925843],[5.6914625,49.992505],[5.6911996,49.9926378],[5.6910843,49.9928033],[5.6905205,49.9931617],[5.6915241,49.9937776],[5.6922537,49.994281],[5.6927285,49.9947156],[5.6934071,49.9952656],[5.6947817,49.9941293],[5.6943592,49.9937155],[5.6943848,49.993692],[5.694201,49.9935103],[5.6941286,49.9935448],[5.6937557,49.993362],[5.6937899,49.993315]]]}},{"type":"Feature","properties":{"t":"prado"},"geometry":{"type":"Polygon","coordinates":[[[5.6948233,49.9926533],[5.6942885,49.9933897],[5.694201,49.9935103],[5.6943848,49.993692],[5.6944531,49.9936293],[5.6948842,49.9940411],[5.6959257,49.9930499],[5.6948233,49.9926533]]]}},{"type":"Feature","properties":{"t":"prado"},"geometry":{"type":"Polygon","coordinates":[[[5.6925863,49.9906858],[5.69242,49.990991],[5.6918702,49.9916221],[5.6918755,49.9917101],[5.6920284,49.9918014],[5.6924227,49.9917928],[5.6926399,49.9918204],[5.693281,49.9920325],[5.6933159,49.9920179],[5.6932998,49.9919359],[5.6937852,49.99136],[5.6964128,49.9921516],[5.6963548,49.9921067],[5.6957835,49.9917342],[5.6946114,49.9911013],[5.6942332,49.9910099],[5.6936873,49.9909194],[5.6933092,49.9909125],[5.6925863,49.9906858]]]}},{"type":"Feature","properties":{"t":"prado"},"geometry":{"type":"Polygon","coordinates":[[[5.6964128,49.9921516],[5.6937852,49.99136],[5.6932998,49.9919359],[5.6933159,49.9920179],[5.6937477,49.9921808],[5.6937048,49.992255],[5.6948233,49.9926533],[5.6959257,49.9930499],[5.6968188,49.9934413],[5.6970334,49.9934275],[5.6980795,49.9931137],[5.6973875,49.9927257],[5.6968939,49.992524],[5.6964128,49.9921516]]]}},{"type":"Feature","properties":{"t":"prado"},"geometry":{"type":"Polygon","coordinates":[[[5.6931957,49.9901284],[5.6931254,49.9903193],[5.6933789,49.9903512],[5.6933092,49.9909125],[5.6936873,49.9909194],[5.6942332,49.9910099],[5.6943351,49.990872],[5.6935197,49.9903322],[5.6931957,49.9901284]]]}},{"type":"Feature","properties":{"t":"prado"},"geometry":{"type":"Polygon","coordinates":[[[5.6980795,49.9931137],[5.6970334,49.9934275],[5.6968188,49.9934413],[5.6959257,49.9930499],[5.6948842,49.9940411],[5.6957111,49.9948311],[5.6955931,49.9949242],[5.6958291,49.995138],[5.696843,49.9940379],[5.6972265,49.9936362],[5.6974706,49.9934723],[5.6981392,49.9931812],[5.6980795,49.9931137]]]}},{"type":"Feature","properties":{"t":"prado"},"geometry":{"type":"Polygon","coordinates":[[[5.6958291,49.995138],[5.6955931,49.9949242],[5.6947817,49.9941293],[5.6934071,49.9952656],[5.6937504,49.9954829],[5.6943861,49.9958501],[5.6958291,49.995138]]]}},{"type":"Feature","properties":{"t":"prado"},"geometry":{"type":"Polygon","coordinates":[[[5.6934071,49.9952656],[5.6927285,49.9947156],[5.6922537,49.994281],[5.6915241,49.9937776],[5.6905205,49.9931617],[5.6901267,49.993412],[5.6897099,49.9936846],[5.6892939,49.9939103],[5.6889908,49.9940905],[5.6892014,49.9942259],[5.6897217,49.9938965],[5.6904191,49.9943259],[5.6914061,49.9950104],[5.6925675,49.9960001],[5.6934071,49.9952656]]]}},{"type":"Feature","properties":{"t":"lavoura"},"geometry":{"type":"Polygon","coordinates":[[[5.6902394,49.9950277],[5.6890699,49.9943069],[5.6888929,49.9942052],[5.6888111,49.994219],[5.6856716,49.9963208],[5.6853792,49.996576],[5.6851754,49.9968398],[5.6850654,49.9970916],[5.6849983,49.9974623],[5.6874579,49.9975536],[5.6880105,49.997595],[5.6891745,49.9976726],[5.6891558,49.9977312],[5.6907356,49.9978071],[5.6929645,49.9979157],[5.6941715,49.9979761],[5.6946945,49.9979485],[5.6951478,49.9979226],[5.6943753,49.9975692],[5.6936511,49.997295],[5.6924763,49.9967709],[5.6920579,49.9964898],[5.6909958,49.9957105],[5.6906873,49.9953639],[5.6902394,49.9950277]]]}},{"type":"Feature","properties":{"t":"lavoura"},"geometry":{"type":"Polygon","coordinates":[[[5.6943861,49.9958501],[5.6937504,49.9954829],[5.6934071,49.9952656],[5.6925675,49.9960001],[5.6914061,49.9950104],[5.6904191,49.9943259],[5.6897217,49.9938965],[5.6892014,49.9942259],[5.689373,49.9943311],[5.6894629,49.9943311],[5.6905425,49.9949932],[5.6908295,49.9952122],[5.6908455,49.9953087],[5.6910682,49.9955191],[5.6911138,49.9956053],[5.691449,49.9958674],[5.6921035,49.9963398],[5.6926346,49.9966795],[5.6943136,49.9974416],[5.6945845,49.9974899],[5.6953597,49.997845],[5.6955126,49.9978416],[5.6958452,49.9978916],[5.6963333,49.9977847],[5.6986095,49.9970571],[5.6985515,49.9970295],[5.6992006,49.9967312],[5.6974223,49.9961295],[5.6966338,49.995907],[5.6963173,49.9958622],[5.6951559,49.995945],[5.6948125,49.9960777],[5.6943861,49.9958501]]]}},{"type":"Feature","properties":{"t":"prado"},"geometry":{"type":"Polygon","coordinates":[[[5.6981392,49.9931812],[5.6974706,49.9934723],[5.6972265,49.9936362],[5.696843,49.9940379],[5.6958291,49.995138],[5.6943861,49.9958501],[5.6948125,49.9960777],[5.6951559,49.995945],[5.6963173,49.9958622],[5.6966472,49.9955743],[5.6973472,49.9952104],[5.6979373,49.9948449],[5.6986535,49.9942483],[5.6987232,49.9940707],[5.698632,49.993812],[5.6987081,49.9935871],[5.6982565,49.9933137],[5.6981392,49.9931812]]]}},{"type":"Feature","properties":{"t":"prado"},"geometry":{"type":"Polygon","coordinates":[[[5.6862777,49.9924808],[5.6867793,49.9921377],[5.6871063,49.9917632],[5.6871875,49.9916702],[5.6870073,49.99151],[5.6871146,49.991391],[5.6871629,49.9912014],[5.6868705,49.9910996],[5.6846175,49.9905806],[5.6839992,49.9915404],[5.6845638,49.9916773],[5.6849742,49.991817],[5.685406,49.9919989],[5.6862777,49.9924808]]]}},{"type":"Feature","properties":{"t":"prado"},"geometry":{"type":"Polygon","coordinates":[[[5.6839992,49.9915404],[5.6846175,49.9905806],[5.6847033,49.9904633],[5.6863086,49.9908461],[5.6868088,49.9909151],[5.6869456,49.9907151],[5.6869374,49.9905958],[5.686149,49.9904392],[5.6854919,49.990284],[5.6853631,49.9902943],[5.684832,49.9901926],[5.6845269,49.9902252],[5.6843768,49.9904541],[5.6819777,49.9899068],[5.681642,49.9898665],[5.6813386,49.989984],[5.6811295,49.9900618],[5.6805715,49.9908662],[5.6803641,49.9912955],[5.6812866,49.9913405],[5.6821301,49.9914101],[5.6835231,49.9915014],[5.6839992,49.9915404]]]}},{"type":"Feature","properties":{"t":"grama"},"geometry":{"type":"Polygon","coordinates":[[[5.6862979,49.9926576],[5.6865513,49.9928154],[5.686515,49.9928655],[5.6866117,49.9929175],[5.6873067,49.9932907],[5.6875357,49.9934137],[5.6887239,49.9941069],[5.6888929,49.9942052],[5.6890699,49.9943069],[5.6891477,49.9942431],[5.6893462,49.9943502],[5.689373,49.9943311],[5.6892014,49.9942259],[5.6889908,49.9940905],[5.6892939,49.9939103],[5.6897099,49.9936846],[5.6895453,49.9936262],[5.6896909,49.9935284],[5.689593,49.9933792],[5.6893355,49.9934758],[5.6887991,49.9940215],[5.6866224,49.9927542],[5.6862777,49.9924808],[5.685406,49.9919989],[5.6849742,49.991817],[5.6845638,49.9916773],[5.6839992,49.9915404],[5.6835231,49.9915014],[5.6821301,49.9914101],[5.6820794,49.9915273],[5.6835553,49.9916204],[5.6840408,49.991679],[5.6845638,49.9918014],[5.6849501,49.9919394],[5.6853041,49.9920911],[5.6859894,49.9924946],[5.6860752,49.9925722],[5.6862253,49.9926361],[5.6862979,49.9926576]]]}},{"type":"Feature","properties":{"t":"prado"},"geometry":{"type":"Polygon","coordinates":[[[5.6841677,49.988129],[5.6838017,49.988728],[5.6821662,49.9881495],[5.6816639,49.9885695],[5.6820121,49.9887722],[5.6819867,49.9889152],[5.682112,49.9892005],[5.6834918,49.9896277],[5.6836101,49.9895441],[5.6845318,49.9898213],[5.6845613,49.9899818],[5.6854919,49.990284],[5.686149,49.9904392],[5.6869374,49.9905958],[5.6869456,49.9907151],[5.6872678,49.9907189],[5.6873265,49.9908823],[5.6872367,49.9910168],[5.6873244,49.9911616],[5.6874686,49.9913997],[5.6878696,49.9907409],[5.6879112,49.9906996],[5.689609,49.990703],[5.6899618,49.9907349],[5.6900804,49.990697],[5.6901643,49.9904133],[5.6902873,49.9904105],[5.6904338,49.9899589],[5.6907544,49.9895778],[5.6908911,49.9895649],[5.6913082,49.9895554],[5.6919265,49.9895864],[5.6919533,49.9895338],[5.6922068,49.9895968],[5.6922537,49.9895442],[5.6900945,49.9883543],[5.6888151,49.9877731],[5.6875773,49.9872463],[5.6868289,49.9869501],[5.6851883,49.9864589],[5.6841677,49.988129]]]}},{"type":"Feature","properties":{"t":"prado"},"geometry":{"type":"Polygon","coordinates":[[[5.682504,49.9790088],[5.6824697,49.9790377],[5.6766808,49.9769902],[5.6764804,49.9769236],[5.6764407,49.9769111],[5.6759372,49.9775818],[5.6759115,49.977674],[5.6763249,49.9777273],[5.6776557,49.977965],[5.678145,49.9780437],[5.6785845,49.9781689],[5.6791138,49.9784338],[5.6800051,49.9789701],[5.6817462,49.9799923],[5.6822048,49.9802743],[5.6833332,49.9810171],[5.6834024,49.9808831],[5.6834882,49.9807831],[5.6834185,49.98074],[5.6840783,49.9795809],[5.682504,49.9790088]]]}},{"type":"Feature","properties":{"t":"prado"},"geometry":{"type":"Polygon","coordinates":[[[5.6850989,49.9792653],[5.6852505,49.9789884],[5.6848964,49.9791807],[5.6842983,49.9795292],[5.6841803,49.9796482],[5.6834561,49.9809435],[5.6840006,49.9812859],[5.6842701,49.98079],[5.6850989,49.9792653]]]}},{"type":"Feature","properties":{"t":"prado"},"geometry":{"type":"Polygon","coordinates":[[[5.6853256,49.9789375],[5.6852505,49.9789884],[5.6850989,49.9792653],[5.6842701,49.98079],[5.684718,49.9809271],[5.6848857,49.9808711],[5.6850412,49.9805813],[5.6853846,49.9799138],[5.6855938,49.9794722],[5.6855321,49.9792687],[5.6853256,49.9789375]]]}},{"type":"Feature","properties":{"t":"prado"},"geometry":{"type":"Polygon","coordinates":[[[5.6847529,49.9812496],[5.6846242,49.9815722],[5.6851767,49.9818645],[5.6851552,49.9819301],[5.686892,49.9829933],[5.6881526,49.9813617],[5.6874418,49.9809452],[5.6867686,49.9805313],[5.6860524,49.9801811],[5.6853846,49.9799138],[5.6850412,49.9805813],[5.6850949,49.9806192],[5.6849782,49.9808711],[5.6850466,49.981097],[5.6851874,49.9812436],[5.6850734,49.9813454],[5.6849702,49.9813178],[5.6847529,49.9812496]]]}},{"type":"Feature","properties":{"t":"prado"},"geometry":{"type":"Polygon","coordinates":[[[5.6834722,49.9810819],[5.6834105,49.981078],[5.683338,49.9811401],[5.6826434,49.9823492],[5.6820881,49.983215],[5.6818145,49.9835116],[5.6818816,49.983572],[5.6814229,49.9843895],[5.6813478,49.9843584],[5.6812946,49.9846732],[5.6813609,49.9847202],[5.6818012,49.9848694],[5.6819379,49.9846801],[5.681994,49.9845611],[5.6820091,49.9845658],[5.6820253,49.9845498],[5.6820713,49.9845417],[5.6827302,49.9847495],[5.6841589,49.9822903],[5.6844431,49.9816877],[5.6834722,49.9810819]]]}},{"type":"Feature","properties":{"t":"prado"},"geometry":{"type":"Polygon","coordinates":[[[5.6819379,49.9846801],[5.6818012,49.9848694],[5.6826376,49.9851517],[5.6833173,49.9853846],[5.6840905,49.985664],[5.685293,49.986132],[5.6865647,49.9866177],[5.6870744,49.9868867],[5.6872353,49.9869488],[5.6877369,49.9870695],[5.6880721,49.9862848],[5.686664,49.9854622],[5.6871495,49.9850414],[5.6882948,49.9840618],[5.6860819,49.9826493],[5.6844431,49.9816877],[5.6841589,49.9822903],[5.6843075,49.9823357],[5.6860949,49.9836131],[5.6852556,49.9857254],[5.6850849,49.9858305],[5.6850173,49.9858423],[5.6819916,49.9847611],[5.6820008,49.984703],[5.6819379,49.9846801]]]}},{"type":"Feature","properties":{"t":"lavoura"},"geometry":{"type":"Polygon","coordinates":[[[5.6871495,49.9850414],[5.686664,49.9854622],[5.6880721,49.9862848],[5.6877369,49.9870695],[5.6881177,49.9871764],[5.688622,49.9872351],[5.6888124,49.9873472],[5.688799,49.9875541],[5.6897163,49.9879352],[5.691154,49.9885802],[5.6921371,49.9880394],[5.6915012,49.9876507],[5.6908282,49.9872392],[5.6905478,49.9870583],[5.6903104,49.9869108],[5.6892979,49.9863003],[5.689145,49.9862029],[5.6880194,49.9855468],[5.687919,49.9854884],[5.6871495,49.9850414]]]}},{"type":"Feature","properties":{"t":"prado"},"geometry":{"type":"Polygon","coordinates":[[[5.6901897,49.9851906],[5.6901475,49.9851992],[5.6892832,49.9846723],[5.6891155,49.984577],[5.6880194,49.9855468],[5.689145,49.9862029],[5.6892979,49.9863003],[5.6903104,49.9869108],[5.6905559,49.9867134],[5.6908147,49.98686],[5.6905478,49.9870583],[5.6908282,49.9872392],[5.6916931,49.9867039],[5.6916301,49.9866729],[5.6919962,49.9863038],[5.6914504,49.9859701],[5.6901897,49.9851906]]]}},{"type":"Feature","properties":{"t":"prado"},"geometry":{"type":"Polygon","coordinates":[[[5.6882948,49.9840618],[5.6871495,49.9850414],[5.687919,49.9854884],[5.6890458,49.9845412],[5.6890605,49.9845231],[5.6882948,49.9840618]]]}},{"type":"Feature","properties":{"t":"prado"},"geometry":{"type":"Polygon","coordinates":[[[5.6905559,49.9867134],[5.6903104,49.9869108],[5.6905478,49.9870583],[5.6908147,49.98686],[5.6905559,49.9867134]]]}},{"type":"Feature","properties":{"t":"lavoura"},"geometry":{"type":"Polygon","coordinates":[[[5.6854248,49.9947294],[5.6849956,49.9945328],[5.6846067,49.9944362],[5.6841025,49.9943949],[5.683566,49.9943949],[5.6824341,49.9944466],[5.682182,49.9943931],[5.6819862,49.9943742],[5.6813934,49.9942224],[5.6800121,49.9939689],[5.6790599,49.993812],[5.6788801,49.9938651],[5.6787712,49.9946528],[5.6798532,49.9947362],[5.6822084,49.994937],[5.6815319,49.9972381],[5.6831557,49.9973743],[5.6847905,49.9974467],[5.6848213,49.9974149],[5.6848857,49.9969674],[5.6851137,49.9965605],[5.6855455,49.9962277],[5.6866157,49.9955139],[5.6887239,49.9941069],[5.6875357,49.9934137],[5.6873067,49.9932907],[5.6854248,49.9947294]]]}},{"type":"Feature","properties":{"t":"prado"},"geometry":{"type":"Polygon","coordinates":[[[5.682182,49.9943931],[5.6824341,49.9944466],[5.683566,49.9943949],[5.6841025,49.9943949],[5.6846067,49.9944362],[5.6849956,49.9945328],[5.6854248,49.9947294],[5.6873067,49.9932907],[5.6866117,49.9929175],[5.6860363,49.9934085],[5.6856447,49.9936258],[5.6854784,49.9937138],[5.6852987,49.9938655],[5.6850493,49.9939948],[5.6847998,49.9940776],[5.6842875,49.9941897],[5.6840005,49.9941224],[5.6827989,49.99415],[5.6823564,49.9942517],[5.682182,49.9943931]]]}},{"type":"Feature","properties":{"t":"prado"},"geometry":{"type":"Polygon","coordinates":[[[5.6862253,49.9926361],[5.686086,49.9927343],[5.6855053,49.9932378],[5.6851861,49.9933241],[5.6845611,49.9934051],[5.6845933,49.9935086],[5.6847516,49.9935448],[5.6847757,49.9937396],[5.6850439,49.9938603],[5.6852987,49.9937431],[5.6853202,49.993662],[5.6854114,49.9936068],[5.6855616,49.9935844],[5.6858137,49.993443],[5.6859988,49.9932689],[5.686515,49.9928655],[5.6865513,49.9928154],[5.6862979,49.9926576],[5.6862253,49.9926361]]]}},{"type":"Feature","properties":{"t":"lavoura"},"geometry":{"type":"Polygon","coordinates":[[[5.6845611,49.9934051],[5.6851861,49.9933241],[5.6855053,49.9932378],[5.686086,49.9927343],[5.6862253,49.9926361],[5.6860752,49.9925722],[5.6859894,49.9924946],[5.6853041,49.9920911],[5.6849501,49.9919394],[5.6845638,49.9918014],[5.6840408,49.991679],[5.6835553,49.9916204],[5.6820794,49.9915273],[5.6818522,49.9917802],[5.6813904,49.992224],[5.6809588,49.9927013],[5.6809028,49.9927256],[5.680687,49.9927741],[5.6805992,49.992822],[5.6804072,49.9928948],[5.6801667,49.9929877],[5.6797969,49.9930239],[5.6786394,49.9930877],[5.677569,49.9931419],[5.6766439,49.9931981],[5.6766411,49.9934621],[5.6788185,49.9933982],[5.6804171,49.9931896],[5.6804654,49.9933672],[5.6805941,49.9934482],[5.6813344,49.9935793],[5.6818575,49.9936327],[5.6823322,49.9935913],[5.6823966,49.9935103],[5.6824851,49.9934758],[5.6826675,49.9935327],[5.6829572,49.9935793],[5.6838477,49.9934361],[5.6845611,49.9934051]]]}},{"type":"Feature","properties":{"t":"prado"},"geometry":{"type":"Polygon","coordinates":[[[5.6918675,50.0026638],[5.6912037,50.0026724],[5.6905371,50.0026811],[5.6906457,50.0030218],[5.6907624,50.0033879],[5.6905693,50.00345],[5.6938094,50.0059393],[5.6935304,50.0064479],[5.6948206,50.0066306],[5.6956413,50.0068805],[5.6961107,50.0070064],[5.6968832,50.0073546],[5.6971326,50.0072598],[5.697535,50.0069305],[5.6978275,50.0066245],[5.697881,50.0065685],[5.6940359,50.0056353],[5.6941532,50.0052451],[5.6945222,50.0041483],[5.6942171,50.0040913],[5.6928862,50.0036685],[5.6923677,50.0033497],[5.6919479,50.002869],[5.6918675,50.0026638]]]}},{"type":"Feature","properties":{"t":"prado"},"geometry":{"type":"Polygon","coordinates":[[[5.697881,50.0065685],[5.698058,50.0061996],[5.6979454,50.0061676],[5.6941532,50.0052451],[5.6940359,50.0056353],[5.697881,50.0065685]]]}},{"type":"Feature","properties":{"t":"grama"},"geometry":{"type":"Polygon","coordinates":[[[5.6956796,49.9980321],[5.6955421,49.9979864],[5.6953382,49.9979761],[5.6952041,49.9980002],[5.6951264,49.9980606],[5.695121,49.9981709],[5.6951961,49.9981537],[5.6952578,49.9983812],[5.6951827,49.9986726],[5.6956738,49.998431],[5.6956,49.9984038],[5.6956226,49.9982588],[5.6954856,49.9982053],[5.6954164,49.9982],[5.6953673,49.9981746],[5.6953278,49.9981424],[5.6953315,49.9981207],[5.6954177,49.9980789],[5.6956365,49.9980654],[5.695674,49.9980875],[5.6956869,49.9981196],[5.695667,49.9981541],[5.6954926,49.9982033],[5.6959212,49.9982573],[5.6960168,49.9981905],[5.6956796,49.9980321]]]}},{"type":"Feature","properties":{"t":"grama"},"geometry":{"type":"Polygon","coordinates":[[[5.6955667,49.9989274],[5.696467,49.9984385],[5.6950135,49.9991609],[5.6965613,49.9987295],[5.6966177,49.9986373],[5.6965812,49.9985339],[5.6964192,49.9986657],[5.6959578,49.9987778],[5.6955667,49.9989274]]]}},{"type":"Feature","properties":{"t":"grama"},"geometry":{"type":"Polygon","coordinates":[[[5.6979454,49.997433],[5.698068,49.9973705],[5.698294,49.9972554],[5.696328,49.9978571],[5.6961858,49.997945],[5.6961644,49.9980399],[5.6962846,49.9981406],[5.6978971,49.9973933],[5.6979454,49.997433]]]}},{"type":"Feature","properties":{"t":"grama"},"geometry":{"type":"Polygon","coordinates":[[[5.6966909,49.9984791],[5.6968483,49.9985812],[5.6970522,49.9985864],[5.6972748,49.9984623],[5.6986481,49.9973709],[5.6982431,49.9975588],[5.6982887,49.997614],[5.6980178,49.9977968],[5.6972104,49.9982606],[5.6966909,49.9984791]]]}},{"type":"Feature","properties":{"t":"grama"},"geometry":{"type":"Polygon","coordinates":[[[5.6943713,49.9996675],[5.6947855,49.9995368],[5.6950411,49.9994576],[5.6958155,49.9991837],[5.6965957,49.9989143],[5.6968013,49.9988355],[5.6968855,49.9987295],[5.696151,49.9989123],[5.6954214,49.9991985],[5.694885,49.9993881],[5.6943713,49.9996675]]]}},{"type":"Feature","properties":{"t":"prado"},"geometry":{"type":"Polygon","coordinates":[[[5.6942466,50.0011674],[5.6942761,50.0009571],[5.6946784,50.000964],[5.6950083,50.0004209],[5.6955743,49.999595],[5.6950411,49.9994576],[5.6947855,49.9995368],[5.6939167,50.0008933],[5.6935894,50.0009019],[5.6935975,50.0011208],[5.6942466,50.0011674]]]}},{"type":"Feature","properties":{"t":"prado"},"geometry":{"type":"Polygon","coordinates":[[[5.6951389,50.0018275],[5.6951371,50.0011898],[5.6942466,50.0011674],[5.6935975,50.0011208],[5.6935894,50.0009019],[5.6939167,50.0008933],[5.6947855,49.9995368],[5.6943713,49.9996675],[5.6940025,49.9998175],[5.692869,50.0003492],[5.6928752,50.000688],[5.6928733,50.001026],[5.6930771,50.0010433],[5.6931729,50.0017539],[5.6936219,50.0017591],[5.6936441,50.001865],[5.6942924,50.0018667],[5.6945487,50.0017947],[5.6951389,50.0018275]]]}},{"type":"Feature","properties":{"t":"prado"},"geometry":{"type":"Polygon","coordinates":[[[5.6958155,49.9991837],[5.6955743,49.999595],[5.6950083,50.0004209],[5.6946784,50.000964],[5.6942761,50.0009571],[5.6942466,50.0011674],[5.6951371,50.0011898],[5.6951389,50.0018275],[5.6958041,50.0018644],[5.6958513,50.00178],[5.6970615,50.0017206],[5.6972383,50.0011631],[5.6963639,50.0011944],[5.6963685,50.00101],[5.6974628,49.999354],[5.6977213,49.9986943],[5.6968855,49.9987295],[5.6968013,49.9988355],[5.6965957,49.9989143],[5.6958155,49.9991837]]]}},{"type":"Feature","properties":{"t":"prado"},"geometry":{"type":"Polygon","coordinates":[[[5.7102755,50.0110969],[5.7101038,50.0111348],[5.7098302,50.0111365],[5.7094306,50.0113192],[5.7093957,50.011433],[5.7091865,50.0116295],[5.7088539,50.0119966],[5.7082182,50.0126827],[5.7078561,50.0131308],[5.7074082,50.0132782],[5.7070836,50.0132825],[5.7069498,50.0133363],[5.7071544,50.013537],[5.7077718,50.0133879],[5.707584,50.0132638],[5.7078871,50.0131569],[5.7082733,50.012695],[5.708681,50.0130742],[5.7091906,50.0128466],[5.7090297,50.0126863],[5.7097244,50.012352],[5.7088874,50.0120048],[5.7091353,50.0117588],[5.7096961,50.0119001],[5.7098396,50.011689],[5.7099898,50.0115028],[5.7098731,50.0114554],[5.7096492,50.011483],[5.7096143,50.0114511],[5.7100837,50.0112253],[5.7102755,50.0110969]]]}},{"type":"Feature","properties":{"t":"prado"},"geometry":{"type":"Polygon","coordinates":[[[5.7115763,50.0102109],[5.7120413,50.0097328],[5.7120122,50.0096653],[5.7123435,50.0094921],[5.7124386,50.0095294],[5.7124937,50.0095036],[5.7122228,50.0092215],[5.712216,50.0091051],[5.7124266,50.0089491],[5.7107725,50.0072666],[5.7106322,50.0073322],[5.7102406,50.0070167],[5.709995,50.0071648],[5.710073,50.0072426],[5.7088459,50.0079907],[5.7081377,50.0090887],[5.7087493,50.0094283],[5.7088123,50.0093801],[5.7088767,50.0094163],[5.7083899,50.0098584],[5.7086286,50.0100902],[5.7091449,50.0099566],[5.7093662,50.0098386],[5.7095419,50.0096326],[5.7097511,50.0093163],[5.7099456,50.0088086],[5.7100233,50.0088388],[5.7099093,50.0094197],[5.7094185,50.0099661],[5.7091516,50.0100833],[5.709094,50.0101747],[5.7088177,50.0102488],[5.7087985,50.0103481],[5.7094091,50.0101988],[5.7106805,50.0108814],[5.7108241,50.0109436],[5.7115763,50.0102109]]]}},{"type":"Feature","properties":{"t":"prado"},"geometry":{"type":"Polygon","coordinates":[[[5.7120413,50.0097328],[5.7115763,50.0102109],[5.7108241,50.0109436],[5.7109299,50.0110021],[5.7111825,50.0111149],[5.7114154,50.011026],[5.7116582,50.0112503],[5.7130433,50.0104816],[5.7137005,50.0104023],[5.7135531,50.010154],[5.7132179,50.0101161],[5.7129558,50.0100428],[5.7124953,50.0098748],[5.712457,50.009843],[5.7123663,50.0098825],[5.7120498,50.0097524],[5.7120413,50.0097328]]]}},{"type":"Feature","properties":{"t":"prado"},"geometry":{"type":"Polygon","coordinates":[[[5.6979239,50.006653],[5.6977871,50.0068323],[5.6975698,50.0072374],[5.6971246,50.0075063],[5.6986118,50.0088171],[5.6996459,50.0080976],[5.7003754,50.0070495],[5.69897,50.0068219],[5.6989431,50.0068961],[5.6981921,50.0068081],[5.6982141,50.0066999],[5.6979239,50.006653]]]}},{"type":"Feature","properties":{"t":"prado"},"geometry":{"type":"Polygon","coordinates":[[[5.7069629,50.0070978],[5.7070836,50.0071184],[5.7073653,50.0072874],[5.7076576,50.0075735],[5.7063863,50.0086113],[5.707832,50.0093697],[5.7074779,50.0095766],[5.7078937,50.0098317],[5.7080023,50.0099015],[5.7083389,50.0096696],[5.7083094,50.0096024],[5.7085857,50.0094438],[5.7086849,50.0094766],[5.7087493,50.0094283],[5.7081377,50.0090887],[5.7088459,50.0079907],[5.710073,50.0072426],[5.709995,50.0071648],[5.7087707,50.0079028],[5.7081324,50.0070047],[5.70795,50.0068081],[5.7074726,50.0065547],[5.7071507,50.0065582],[5.7068557,50.0069219],[5.7069629,50.0070978]]]}},{"type":"Feature","properties":{"t":"prado"},"geometry":{"type":"Polygon","coordinates":[[[5.7053,50.0087078],[5.7059303,50.0089974],[5.7063863,50.0086113],[5.7076576,50.0075735],[5.7073653,50.0072874],[5.7070836,50.0071184],[5.7069629,50.0070978],[5.7069147,50.0074167],[5.7065365,50.0078355],[5.7064426,50.0078476],[5.7060376,50.0081958],[5.7053804,50.0085406],[5.7052085,50.0086738],[5.7053,50.0087078]]]}},{"type":"Feature","properties":{"t":"prado"},"geometry":{"type":"Polygon","coordinates":[[[5.7039455,50.0082441],[5.7023227,50.0094025],[5.7034332,50.0100023],[5.7041332,50.00978],[5.7044873,50.0095904],[5.7046965,50.0094525],[5.7050237,50.0091025],[5.7053,50.0087078],[5.7052085,50.0086738],[5.7051846,50.0086923],[5.7047689,50.0084837],[5.7048628,50.0083613],[5.7047555,50.008332],[5.7047045,50.0084441],[5.7039455,50.0082441]]]}},{"type":"Feature","properties":{"t":"lavoura"},"geometry":{"type":"Polygon","coordinates":[[[5.7023227,50.0094025],[5.7039455,50.0082441],[5.7039267,50.0082027],[5.7037389,50.0081338],[5.703747,50.0080562],[5.7030255,50.0079235],[5.7024783,50.0077993],[5.7015234,50.0074391],[5.7009789,50.0072064],[5.7003754,50.0070495],[5.6996459,50.0080976],[5.6986118,50.0088171],[5.6985435,50.0088647],[5.7004532,50.0105798],[5.7023227,50.0094025]]]}},{"type":"Feature","properties":{"t":"lavoura"},"geometry":{"type":"Polygon","coordinates":[[[5.7044873,50.0095904],[5.7041332,50.00978],[5.7034332,50.0100023],[5.7023227,50.0094025],[5.7004532,50.0105798],[5.7017541,50.0117846],[5.7026955,50.0126154],[5.7030818,50.0124241],[5.7029557,50.0122983],[5.7035324,50.0120518],[5.7042244,50.0124034],[5.704506,50.0125999],[5.7060805,50.013329],[5.705426,50.0136927],[5.7056299,50.0138099],[5.7060075,50.0136569],[5.7062921,50.0135169],[5.7066347,50.0134275],[5.7069498,50.0133363],[5.7070836,50.0132825],[5.7074082,50.0132782],[5.7078561,50.0131308],[5.7082182,50.0126827],[5.7088539,50.0119966],[5.7091865,50.0116295],[5.7093957,50.011433],[5.7094306,50.0113192],[5.7098302,50.0111365],[5.7101038,50.0111348],[5.7102755,50.0110969],[5.7106805,50.0108814],[5.7094091,50.0101988],[5.7087985,50.0103481],[5.7087252,50.010366],[5.7082102,50.0109366],[5.7046965,50.0094525],[5.7044873,50.0095904]]]}},{"type":"Feature","properties":{"t":"lavoura"},"geometry":{"type":"Polygon","coordinates":[[[5.7082102,50.0109366],[5.7087252,50.010366],[5.7080023,50.0099015],[5.7078937,50.0098317],[5.7074779,50.0095766],[5.707832,50.0093697],[5.7063863,50.0086113],[5.7059303,50.0089974],[5.7053,50.0087078],[5.7050237,50.0091025],[5.7046965,50.0094525],[5.7082102,50.0109366]]]}},{"type":"Feature","properties":{"t":"prado"},"geometry":{"type":"Polygon","coordinates":[[[5.7137005,50.0104023],[5.713848,50.0105368],[5.7149048,50.0103989],[5.7147975,50.0101041],[5.7135531,50.010154],[5.7137005,50.0104023]]]}},{"type":"Feature","properties":{"t":"prado"},"geometry":{"type":"Polygon","coordinates":[[[5.7129558,50.0100428],[5.7132179,50.0101161],[5.7135531,50.010154],[5.7147975,50.0101041],[5.7153795,50.0100956],[5.7156531,50.0101662],[5.7160407,50.0101403],[5.7160877,50.0100524],[5.7157418,50.0099437],[5.7151946,50.0097593],[5.7149318,50.0097127],[5.7146341,50.0097541],[5.7141727,50.0097283],[5.7136577,50.0096386],[5.7135531,50.0098627],[5.7132131,50.009927],[5.7129558,50.0100428]]]}},{"type":"Feature","properties":{"t":"prado"},"geometry":{"type":"Polygon","coordinates":[[[5.7132131,50.009927],[5.7135531,50.0098627],[5.7136577,50.0096386],[5.7141727,50.0097283],[5.7146341,50.0097541],[5.7149318,50.0097127],[5.7151946,50.0097593],[5.7157418,50.0099437],[5.7158035,50.0098662],[5.7157564,50.0098275],[5.7158692,50.0096619],[5.7159792,50.0096938],[5.7160836,50.0095422],[5.7161896,50.0095336],[5.7164639,50.0091687],[5.7158799,50.0088805],[5.7160033,50.0087743],[5.7159084,50.0087283],[5.7162059,50.0084481],[5.7146971,50.007788],[5.7148821,50.0075811],[5.7145603,50.0073381],[5.7141272,50.0080406],[5.7147237,50.008344],[5.7139755,50.0089083],[5.713765,50.0090698],[5.7127694,50.0094365],[5.7132131,50.009927]]]}},{"type":"Feature","properties":{"t":"prado"},"geometry":{"type":"Polygon","coordinates":[[[5.707997,50.0065743],[5.7079768,50.0066013],[5.7074726,50.0065547],[5.70795,50.0068081],[5.7081324,50.0070047],[5.7087707,50.0079028],[5.709995,50.0071648],[5.7102406,50.0070167],[5.7106322,50.0073322],[5.7107725,50.0072666],[5.7110673,50.0071016],[5.7119465,50.0065532],[5.7116595,50.0063875],[5.7113859,50.0061583],[5.7111391,50.0057911],[5.7104981,50.0060738],[5.7099617,50.0063703],[5.7099148,50.0063281],[5.7096639,50.0065342],[5.7094815,50.0066427],[5.7092214,50.0067875],[5.7089639,50.0069305],[5.7086232,50.0066978],[5.7083845,50.0065961],[5.7081485,50.0065685],[5.707997,50.0065743]]]}},{"type":"Feature","properties":{"t":"prado"},"geometry":{"type":"Polygon","coordinates":[[[5.707997,50.0065743],[5.7081485,50.0065685],[5.7083845,50.0065961],[5.7086232,50.0066978],[5.7089639,50.0069305],[5.7092214,50.0067875],[5.707655,50.0053877],[5.7068744,50.0054842],[5.7067135,50.0056204],[5.7063058,50.0060669],[5.7063541,50.0062203],[5.7068476,50.0064513],[5.7071078,50.006453],[5.7071158,50.0063927],[5.7075182,50.0064496],[5.7080117,50.0065547],[5.707997,50.0065743]]]}},{"type":"Feature","properties":{"t":"prado"},"geometry":{"type":"Polygon","coordinates":[[[5.7111391,50.0057911],[5.7113859,50.0061583],[5.7116595,50.0063875],[5.7119465,50.0065532],[5.7126546,50.0072979],[5.7124132,50.0074254],[5.7130384,50.0081184],[5.7135971,50.0078034],[5.7132688,50.0074529],[5.7128933,50.0069099],[5.7124749,50.0064806],[5.712322,50.0063255],[5.7120493,50.0060585],[5.7115828,50.0056385],[5.7111391,50.0057911]]]}},{"type":"Feature","properties":{"t":"prado"},"geometry":{"type":"Polygon","coordinates":[[[5.7124749,50.0064806],[5.7128933,50.0069099],[5.7132688,50.0074529],[5.7135971,50.0078034],[5.7139968,50.0080603],[5.7144342,50.0073381],[5.7136984,50.0064688],[5.7141579,50.0061593],[5.7136233,50.0057788],[5.7141129,50.0054266],[5.7138972,50.0052705],[5.7127573,50.0060173],[5.7129246,50.0061436],[5.7124749,50.0064806]]]}},{"type":"Feature","properties":{"t":"prado"},"geometry":{"type":"Polygon","coordinates":[[[5.7120493,50.0060585],[5.712322,50.0063255],[5.7127753,50.0061134],[5.7127573,50.0060173],[5.7125099,50.0058384],[5.7120493,50.0060585]]]}},{"type":"Feature","properties":{"t":"prado"},"geometry":{"type":"Polygon","coordinates":[[[5.708553,50.005001],[5.7082638,50.0051705],[5.707655,50.0053877],[5.7092214,50.0067875],[5.7094815,50.0066427],[5.7090631,50.0064806],[5.7089987,50.0061531],[5.7091811,50.0060895],[5.709216,50.0059705],[5.7094225,50.005324],[5.7092334,50.0052025],[5.7089813,50.0053506],[5.708553,50.005001]]]}},{"type":"Feature","properties":{"t":"prado"},"geometry":{"type":"Polygon","coordinates":[[[5.6927442,50.0104348],[5.6928612,50.0102824],[5.6936272,50.0096406],[5.6915295,50.0091146],[5.6897995,50.0086888],[5.6898129,50.0084975],[5.6885979,50.0084389],[5.6884155,50.0086612],[5.6886595,50.0090232],[5.6890029,50.0094197],[5.6896225,50.0101247],[5.6899229,50.0104591],[5.6910896,50.0111745],[5.6915402,50.0111383],[5.6918594,50.0109831],[5.6923449,50.0106263],[5.6925273,50.0105781],[5.6926185,50.0103902],[5.6927442,50.0104348]]]}},{"type":"Feature","properties":{"t":"lavoura"},"geometry":{"type":"Polygon","coordinates":[[[5.6901455,50.00616],[5.6903654,50.0061686],[5.6905398,50.0061307],[5.6909555,50.0058118],[5.6909046,50.0057859],[5.690985,50.0056721],[5.6909797,50.005579],[5.6895876,50.0049653],[5.6896868,50.0048912],[5.6901482,50.0045964],[5.690344,50.0044516],[5.6904593,50.0042947],[5.6894857,50.0030483],[5.6894615,50.003019],[5.6889734,50.0031069],[5.6890029,50.0032224],[5.6880641,50.0032845],[5.6879109,50.0033106],[5.6876591,50.0033534],[5.6878667,50.0038569],[5.6880856,50.0043878],[5.6885362,50.0052929],[5.6885747,50.0052904],[5.6888258,50.0052739],[5.6892496,50.0057773],[5.6901455,50.00616]]]}},{"type":"Feature","properties":{"t":"lavoura"},"geometry":{"type":"Polygon","coordinates":[[[5.6909555,50.0058118],[5.6905398,50.0061307],[5.6905586,50.0062289],[5.6909823,50.0062875],[5.6935304,50.0064479],[5.6938094,50.0059393],[5.6905693,50.00345],[5.690057,50.0035931],[5.690403,50.0040792],[5.6907651,50.0043878],[5.6903145,50.0046619],[5.6897029,50.0049533],[5.6910145,50.0055342],[5.6911245,50.0055497],[5.6911942,50.0056532],[5.6909555,50.0058118]]]}},{"type":"Feature","properties":{"t":"prado"},"geometry":{"type":"Polygon","coordinates":[[[5.6901482,50.0045964],[5.6896868,50.0048912],[5.6895876,50.0049653],[5.6909797,50.005579],[5.6910145,50.0055342],[5.6897029,50.0049533],[5.6903145,50.0046619],[5.6901482,50.0045964]]]}},{"type":"Feature","properties":{"t":"lavoura"},"geometry":{"type":"Polygon","coordinates":[[[5.6884932,50.0069219],[5.6881338,50.0081234],[5.6881633,50.0082872],[5.6884155,50.0086612],[5.6885979,50.0084389],[5.6898129,50.0084975],[5.6897995,50.0086888],[5.6915295,50.0091146],[5.6936272,50.0096406],[5.6936538,50.0096472],[5.6948099,50.0087733],[5.6953061,50.0084527],[5.6902635,50.0072805],[5.6884932,50.0069219]]]}},{"type":"Feature","properties":{"t":"lavoura"},"geometry":{"type":"Polygon","coordinates":[[[5.6884932,50.0069219],[5.6902635,50.0072805],[5.6953061,50.0084527],[5.6956682,50.0082596],[5.6961644,50.0080631],[5.6965426,50.0078855],[5.6969047,50.0075235],[5.6958291,50.0070391],[5.6946006,50.0067788],[5.6938979,50.0066737],[5.6927392,50.0065358],[5.6907061,50.0064272],[5.6900275,50.0063961],[5.6894106,50.0061841],[5.6887132,50.0058462],[5.6884932,50.0069219]]]}},{"type":"Feature","properties":{"t":"lavoura"},"geometry":{"type":"Polygon","coordinates":[[[5.6922269,50.0110624],[5.6936565,50.0119191],[5.6941795,50.0117724],[5.6947143,50.0116449],[5.6962823,50.012779],[5.6971058,50.0133394],[5.6974357,50.0135169],[5.6979427,50.0133842],[5.6987447,50.0130515],[5.6988412,50.0130463],[5.6989029,50.0129998],[5.6992999,50.013148],[5.6999275,50.0124379],[5.6998363,50.0119673],[5.6997129,50.0117122],[5.6997827,50.0114054],[5.6998551,50.011352],[5.7006276,50.0120139],[5.7010621,50.0123707],[5.7012123,50.0127671],[5.7014242,50.0132618],[5.7015771,50.0135031],[5.7018077,50.0137806],[5.701833,50.0137956],[5.7027894,50.0132928],[5.7022288,50.0128068],[5.7026471,50.0126352],[5.7018748,50.011938],[5.7004559,50.0106556],[5.6994125,50.00973],[5.6985113,50.0088957],[5.6975538,50.008051],[5.6970441,50.0075856],[5.6969476,50.007558],[5.6967169,50.0078062],[5.696277,50.0080665],[5.695534,50.0083665],[5.6951156,50.0086113],[5.6938469,50.0095559],[5.6929913,50.0102178],[5.6927941,50.0104525],[5.692648,50.0106263],[5.6926855,50.0106935],[5.6926641,50.0107608],[5.6925166,50.0108831],[5.6923503,50.0109676],[5.6922269,50.0110624]]]}},{"type":"Feature","properties":{"t":"prado"},"geometry":{"type":"Polygon","coordinates":[[[5.7072258,50.0141115],[5.7079259,50.0144787],[5.7087868,50.0149268],[5.7090175,50.0149613],[5.7092053,50.0145803],[5.7094224,50.0142694],[5.7084341,50.0137039],[5.7074404,50.0140615],[5.7072258,50.0141115]]]}},{"type":"Feature","properties":{"t":"prado"},"geometry":{"type":"Polygon","coordinates":[[[5.7104954,50.0157937],[5.710236,50.0152655],[5.7097886,50.0152224],[5.7094091,50.0151371],[5.7091181,50.0150759],[5.7088834,50.0155559],[5.7088941,50.0156352],[5.7090336,50.0157075],[5.7093984,50.015711],[5.7101896,50.0157696],[5.7104954,50.0157937]]]}},{"type":"Feature","properties":{"t":"prado"},"geometry":{"type":"Polygon","coordinates":[[[5.7146046,50.0154059],[5.713537,50.0151017],[5.7129014,50.0151327],[5.7127324,50.0152732],[5.7120658,50.0153111],[5.7118097,50.0153387],[5.711119,50.0153439],[5.7104954,50.0152904],[5.710236,50.0152655],[5.7104954,50.0157937],[5.7110238,50.0158678],[5.7116649,50.0159902],[5.7123823,50.0161548],[5.7127739,50.0153077],[5.7133694,50.0154594],[5.714213,50.0156886],[5.7147172,50.0158471],[5.7148889,50.0155231],[5.7146046,50.0154059]]]}},{"type":"Feature","properties":{"t":"prado"},"geometry":{"type":"Polygon","coordinates":[[[5.7091181,50.0150759],[5.7094091,50.0151371],[5.7097886,50.0152224],[5.710236,50.0152655],[5.7104954,50.0152904],[5.7105973,50.0149388],[5.710427,50.0149156],[5.7103465,50.0151103],[5.709507,50.0149725],[5.7095499,50.0149052],[5.7092951,50.0147941],[5.7092026,50.0148242],[5.7091181,50.0150759]]]}},{"type":"Feature","properties":{"t":"prado"},"geometry":{"type":"Polygon","coordinates":[[[5.7120658,50.0153111],[5.7120886,50.0151233],[5.7105973,50.0149388],[5.7104954,50.0152904],[5.711119,50.0153439],[5.7118097,50.0153387],[5.7120658,50.0153111]]]}},{"type":"Feature","properties":{"t":"prado"},"geometry":{"type":"Polygon","coordinates":[[[5.7150176,50.0151612],[5.7146341,50.0151095],[5.7150364,50.0144407],[5.7127507,50.0139387],[5.7126479,50.0141046],[5.7125285,50.0143011],[5.7120886,50.0151233],[5.7120658,50.0153111],[5.7127324,50.0152732],[5.7129014,50.0151327],[5.713537,50.0151017],[5.7146046,50.0154059],[5.7150176,50.0151612]]]}},{"type":"Feature","properties":{"t":"prado"},"geometry":{"type":"Polygon","coordinates":[[[5.7105973,50.0149388],[5.7120886,50.0151233],[5.7125285,50.0143011],[5.7113212,50.0140663],[5.7105973,50.0149388]]]}},{"type":"Feature","properties":{"t":"prado"},"geometry":{"type":"Polygon","coordinates":[[[5.710427,50.0149156],[5.7105973,50.0149388],[5.7113212,50.0140663],[5.7107011,50.0139457],[5.7101937,50.0143416],[5.7101803,50.0143916],[5.7103157,50.0144485],[5.7103492,50.0145036],[5.7103801,50.0146114],[5.7104552,50.0146277],[5.7103667,50.014907],[5.710427,50.0149156]]]}},{"type":"Feature","properties":{"t":"prado"},"geometry":{"type":"Polygon","coordinates":[[[5.7101803,50.0143916],[5.7101937,50.0143416],[5.7107011,50.0139457],[5.7099764,50.0138047],[5.7095754,50.0142253],[5.7099107,50.0143382],[5.7101803,50.0143916]]]}},{"type":"Feature","properties":{"t":"prado"},"geometry":{"type":"Polygon","coordinates":[[[5.7126479,50.0141046],[5.7127507,50.0139387],[5.7131159,50.0133497],[5.7108763,50.0128947],[5.7102352,50.0135272],[5.7126479,50.0141046]]]}},{"type":"Feature","properties":{"t":"lavoura"},"geometry":{"type":"Polygon","coordinates":[[[5.7201626,50.013108],[5.7189953,50.0127671],[5.7183757,50.0126241],[5.7181907,50.0125275],[5.7175121,50.0123276],[5.717032,50.0122552],[5.7162166,50.0122345],[5.7156413,50.0122516],[5.7151303,50.0123827],[5.7148647,50.0120242],[5.7143068,50.0122311],[5.7142047,50.0123619],[5.7131526,50.0120081],[5.7127078,50.0115886],[5.7123622,50.0118622],[5.7119438,50.0121466],[5.7114744,50.0124965],[5.7132179,50.0130101],[5.7148299,50.0133738],[5.716238,50.0136703],[5.7171822,50.0140029],[5.7175657,50.0141477],[5.7177937,50.0137703],[5.7188827,50.0141288],[5.7198188,50.0144979],[5.7199992,50.0141926],[5.719285,50.0138875],[5.7180136,50.0135462],[5.7181719,50.0133359],[5.7174665,50.0130291],[5.7168066,50.0128326],[5.7161817,50.0127585],[5.7153931,50.0127413],[5.7156694,50.0124379],[5.7167959,50.0124827],[5.7173377,50.0125568],[5.7178071,50.0127137],[5.7184079,50.0129533],[5.7193011,50.0131687],[5.7202562,50.0134639],[5.7203096,50.0131579],[5.7201626,50.013108]]]}},{"type":"Feature","properties":{"t":"lavoura"},"geometry":{"type":"Polygon","coordinates":[[[5.7199992,50.0141926],[5.7202562,50.0134639],[5.7193011,50.0131687],[5.7184079,50.0129533],[5.7178071,50.0127137],[5.7173377,50.0125568],[5.7167959,50.0124827],[5.7156694,50.0124379],[5.7153931,50.0127413],[5.7161817,50.0127585],[5.7168066,50.0128326],[5.7174665,50.0130291],[5.7181719,50.0133359],[5.7180136,50.0135462],[5.719285,50.0138875],[5.7199992,50.0141926]]]}},{"type":"Feature","properties":{"t":"prado"},"geometry":{"type":"Polygon","coordinates":[[[5.7162166,50.0122345],[5.717032,50.0122552],[5.7175121,50.0123276],[5.7181907,50.0125275],[5.7183757,50.0126241],[5.7184884,50.0123724],[5.7169881,50.0119912],[5.7168657,50.0121104],[5.7163078,50.0121139],[5.7162166,50.0122345]]]}},{"type":"Feature","properties":{"t":"prado"},"geometry":{"type":"Polygon","coordinates":[[[5.7202533,50.0130653],[5.7204303,50.0124276],[5.7198858,50.0123879],[5.7199421,50.0120415],[5.7198322,50.0120277],[5.7197705,50.012331],[5.7188632,50.0121589],[5.7185581,50.0125655],[5.7202533,50.0130653]]]}},{"type":"Feature","properties":{"t":"grama"},"geometry":{"type":"Polygon","coordinates":[[[5.7382119,50.0105388],[5.7381643,50.0104375],[5.7373485,50.0106766],[5.7367933,50.0107933],[5.736706,50.0108554],[5.7374241,50.0110495],[5.7377951,50.0111652],[5.738093,50.0112715],[5.738667,50.0114778],[5.7390972,50.0116065],[5.7389559,50.0113495],[5.7385855,50.0113586],[5.7384131,50.0113316],[5.7382476,50.0111919],[5.7382119,50.0105388]]]}},{"type":"Feature","properties":{"t":"prado"},"geometry":{"type":"Polygon","coordinates":[[[5.7351664,50.010497],[5.7360756,50.010535],[5.7361346,50.0100006],[5.7360059,50.0095007],[5.735845,50.0090663],[5.7357511,50.0087199],[5.7356465,50.0084216],[5.7353488,50.0084958],[5.7353622,50.0087923],[5.7344744,50.0090629],[5.734587,50.0094404],[5.7344797,50.0094697],[5.7345924,50.0097524],[5.7342035,50.0098007],[5.7339889,50.0096231],[5.7339326,50.0092215],[5.733887,50.0089267],[5.7341136,50.0085406],[5.7340774,50.0085061],[5.7333478,50.008688],[5.7325324,50.0088095],[5.732165,50.0088853],[5.7318176,50.0089465],[5.7318109,50.0089922],[5.7319601,50.009071],[5.731996,50.0090405],[5.7321382,50.0090336],[5.7332459,50.0095973],[5.7341042,50.0101161],[5.7344905,50.0102816],[5.7347989,50.010416],[5.7351664,50.010497]]]}},{"type":"Feature","properties":{"t":"lavoura"},"geometry":{"type":"Polygon","coordinates":[[[5.7370939,50.0105676],[5.7374943,50.0104678],[5.7374784,50.0104436],[5.7376581,50.0103385],[5.7377949,50.0102333],[5.7378593,50.0100023],[5.7378432,50.0098903],[5.7377306,50.0096386],[5.737634,50.009287],[5.737642,50.0089112],[5.7376756,50.0088198],[5.7368749,50.0087199],[5.7363385,50.008694],[5.7362741,50.0086026],[5.7357511,50.0087199],[5.735845,50.0090663],[5.7360059,50.0095007],[5.7361346,50.0100006],[5.7360756,50.010535],[5.7370922,50.0105315],[5.7370939,50.0105676]]]}},{"type":"Feature","properties":{"t":"prado"},"geometry":{"type":"Polygon","coordinates":[[[5.7377842,50.0086492],[5.7378834,50.0084492],[5.7387659,50.0082924],[5.7390314,50.0083423],[5.7392728,50.008625],[5.7395759,50.0087474],[5.7396725,50.0086785],[5.73993,50.0086733],[5.7406622,50.0088543],[5.7412174,50.0078149],[5.7413274,50.007577],[5.7408687,50.0075459],[5.7404637,50.0074925],[5.7403806,50.00777],[5.739297,50.0077218],[5.7394024,50.0073658],[5.7388732,50.0073115],[5.7385111,50.0073132],[5.7379371,50.0074011],[5.7378352,50.0075408],[5.7375938,50.0075925],[5.7375616,50.0076959],[5.7372451,50.0077907],[5.7371512,50.007889],[5.7369608,50.0081217],[5.7366201,50.0082768],[5.7368749,50.0087199],[5.7376756,50.0088198],[5.7377842,50.0086492]]]}},{"type":"Feature","properties":{"t":"prado"},"geometry":{"type":"Polygon","coordinates":[[[5.7324493,50.0135962],[5.7321998,50.0142253],[5.7333934,50.0142891],[5.7340559,50.0143218],[5.7349116,50.014246],[5.7349962,50.0142249],[5.7350805,50.0141615],[5.7354453,50.0139478],[5.7354969,50.0137641],[5.7350054,50.0137961],[5.7342866,50.013803],[5.7336321,50.0137599],[5.7336295,50.0137375],[5.7331172,50.0136358],[5.7327041,50.0135789],[5.7324493,50.0135962]]]}},{"type":"Feature","properties":{"t":"prado"},"geometry":{"type":"Polygon","coordinates":[[[5.7307917,50.0135531],[5.7310197,50.0135462],[5.7324493,50.0135962],[5.7327041,50.0135789],[5.7327079,50.0134809],[5.7315561,50.0131911],[5.7308882,50.0131584],[5.7308319,50.0133928],[5.7307997,50.0135083],[5.7307917,50.0135531]]]}},{"type":"Feature","properties":{"t":"prado"},"geometry":{"type":"Polygon","coordinates":[[[5.7286942,50.0142529],[5.729228,50.0139512],[5.7297698,50.0137048],[5.7300916,50.0136151],[5.7304001,50.0135565],[5.7307997,50.0135083],[5.7308319,50.0133928],[5.7300273,50.0133756],[5.7290214,50.0134014],[5.7283562,50.0133618],[5.7286942,50.0142529]]]}},{"type":"Feature","properties":{"t":"prado"},"geometry":{"type":"Polygon","coordinates":[[[5.7265833,50.0143804],[5.7270473,50.0143752],[5.7275864,50.0143649],[5.7278641,50.0143278],[5.7279217,50.0143201],[5.7277715,50.0137685],[5.7275284,50.0132055],[5.7263409,50.0134467],[5.7259636,50.0135233],[5.7263446,50.0143839],[5.7265833,50.0143804]]]}},{"type":"Feature","properties":{"t":"prado"},"geometry":{"type":"Polygon","coordinates":[[[5.7283562,50.0133618],[5.7290214,50.0134014],[5.7300273,50.0133756],[5.7308319,50.0133928],[5.7308882,50.0131584],[5.7303894,50.0131049],[5.7298127,50.0129619],[5.7293667,50.0127697],[5.7293314,50.0128246],[5.7287049,50.0127894],[5.7282597,50.0127551],[5.7279861,50.012743],[5.7283562,50.0133618]]]}},{"type":"Feature","properties":{"t":"prado"},"geometry":{"type":"Polygon","coordinates":[[[5.7288954,50.010622],[5.7279291,50.0113288],[5.7275891,50.0117433],[5.7273236,50.01245],[5.7270305,50.0125677],[5.7275284,50.0132055],[5.7277715,50.0137685],[5.7279217,50.0143201],[5.7281337,50.0143017],[5.7286942,50.0142529],[5.7283562,50.0133618],[5.7279861,50.012743],[5.7282597,50.0127551],[5.7285762,50.0120294],[5.7287237,50.0114209],[5.7288954,50.010622]]]}},{"type":"Feature","properties":{"t":"lavoura"},"geometry":{"type":"Polygon","coordinates":[[[5.7288954,50.010622],[5.7287237,50.0114209],[5.7285762,50.0120294],[5.7282597,50.0127551],[5.7287049,50.0127894],[5.7294237,50.0108348],[5.7288954,50.010622]]]}},{"type":"Feature","properties":{"t":"prado"},"geometry":{"type":"Polygon","coordinates":[[[5.7293667,50.0127697],[5.7298127,50.0129619],[5.7303894,50.0131049],[5.7308882,50.0131584],[5.7315561,50.0131911],[5.731945,50.012662],[5.731945,50.012562],[5.7309955,50.0125861],[5.7301748,50.0124724],[5.7296799,50.0122818],[5.7293667,50.0127697]]]}},{"type":"Feature","properties":{"t":"prado"},"geometry":{"type":"Polygon","coordinates":[[[5.731945,50.012662],[5.7315561,50.0131911],[5.7327079,50.0134809],[5.7327335,50.0128226],[5.731945,50.012662]]]}},{"type":"Feature","properties":{"t":"prado"},"geometry":{"type":"Polygon","coordinates":[[[5.7327335,50.0128226],[5.7327079,50.0134809],[5.7327041,50.0135789],[5.7331172,50.0136358],[5.7336295,50.0137375],[5.7336321,50.0137599],[5.7342866,50.013803],[5.7350054,50.0137961],[5.7354969,50.0137641],[5.7355097,50.0137186],[5.7356009,50.0137013],[5.7354131,50.0132842],[5.7351307,50.0125495],[5.7340548,50.012759],[5.7339083,50.0123171],[5.7337314,50.0120277],[5.7333397,50.0117035],[5.7328595,50.0120121],[5.7326745,50.012131],[5.7329214,50.0124414],[5.7331467,50.0129067],[5.7327335,50.0128226]]]}},{"type":"Feature","properties":{"t":"prado"},"geometry":{"type":"Polygon","coordinates":[[[5.7287942,50.0105403],[5.7294237,50.0108348],[5.7300996,50.0111106],[5.7306467,50.0104073],[5.7298609,50.0101091],[5.729033,50.0098284],[5.7290374,50.0099109],[5.7287942,50.0105403]]]}},{"type":"Feature","properties":{"t":"prado"},"geometry":{"type":"Polygon","coordinates":[[[5.7298609,50.0101091],[5.7303034,50.0095041],[5.729515,50.0092715],[5.7293232,50.0092491],[5.7286794,50.0090405],[5.7281765,50.0088647],[5.7276294,50.0087371],[5.7274818,50.0088147],[5.7274054,50.0089861],[5.7290241,50.0096645],[5.729033,50.0098284],[5.7298609,50.0101091]]]}},{"type":"Feature","properties":{"t":"prado"},"geometry":{"type":"Polygon","coordinates":[[[5.7283965,50.0085302],[5.7276428,50.008301],[5.7275382,50.0084346],[5.7280397,50.0086138],[5.7285695,50.0087233],[5.7286446,50.0086673],[5.7283965,50.0085302]]]}},{"type":"Feature","properties":{"t":"prado"},"geometry":{"type":"Polygon","coordinates":[[[5.734407,50.0104848],[5.7341391,50.0103488],[5.7336292,50.0106189],[5.7340345,50.0108366],[5.7343939,50.0110366],[5.7351744,50.011433],[5.7357162,50.0118398],[5.7364592,50.0127189],[5.7367891,50.0127137],[5.7368213,50.0127688],[5.737012,50.0127371],[5.7370706,50.0119527],[5.7374516,50.0119432],[5.7375089,50.01196],[5.7377815,50.0118898],[5.7379693,50.0117588],[5.7381624,50.0115054],[5.7381302,50.011402],[5.7380256,50.011321],[5.7373658,50.0111107],[5.7369581,50.0110124],[5.7364833,50.0110136],[5.7360944,50.011414],[5.7357404,50.0116726],[5.7351744,50.0113279],[5.7351556,50.0111589],[5.7343242,50.010497],[5.734407,50.0104848]]]}},{"type":"Feature","properties":{"t":"prado"},"geometry":{"type":"Polygon","coordinates":[[[5.7305169,50.0091175],[5.7311618,50.0093749],[5.7322401,50.0099075],[5.7332513,50.010416],[5.7336292,50.0106189],[5.7341391,50.0103488],[5.7338025,50.0101859],[5.7337394,50.0102264],[5.7334363,50.0100713],[5.7329723,50.0097851],[5.7320778,50.0094007],[5.7317828,50.0092215],[5.7309231,50.0089009],[5.7302177,50.0088526],[5.7298368,50.0088543],[5.7305169,50.0091175]]]}},{"type":"Feature","properties":{"t":"prado"},"geometry":{"type":"Polygon","coordinates":[[[5.7305169,50.0091175],[5.7298368,50.0088543],[5.7291099,50.0088078],[5.7289517,50.0088552],[5.729574,50.0090215],[5.7303934,50.0092473],[5.7305169,50.0091175]]]}},{"type":"Feature","properties":{"t":"grama"},"geometry":{"type":"Polygon","coordinates":[[[5.7284635,50.0082639],[5.7284729,50.0083699],[5.72854,50.0084871],[5.7287116,50.0086009],[5.7288592,50.0086371],[5.7292803,50.0086906],[5.7293916,50.0086319],[5.7289879,50.0084923],[5.728658,50.0083518],[5.7284635,50.0082639]]]}},{"type":"Feature","properties":{"t":"prado"},"geometry":{"type":"Polygon","coordinates":[[[5.7287655,50.017294],[5.7285842,50.017369],[5.7283252,50.0175404],[5.7283482,50.0175689],[5.7277662,50.0179912],[5.7274631,50.0180549],[5.7275838,50.0182704],[5.7274899,50.0183203],[5.727852,50.0187409],[5.727919,50.0186823],[5.7283401,50.0182531],[5.7286513,50.0180498],[5.7290065,50.0178767],[5.7293657,50.0177705],[5.7291636,50.0176465],[5.7289195,50.0175155],[5.7287655,50.017294]]]}},{"type":"Feature","properties":{"t":"lavoura"},"geometry":{"type":"Polygon","coordinates":[[[5.7290065,50.0178767],[5.7286513,50.0180498],[5.7283401,50.0182531],[5.727919,50.0186823],[5.7288149,50.0197542],[5.7307434,50.0190338],[5.7305047,50.0185582],[5.7303679,50.018291],[5.7296531,50.0185652],[5.7290065,50.0178767]]]}},{"type":"Feature","properties":{"t":"prado"},"geometry":{"type":"Polygon","coordinates":[[[5.726774,50.0149291],[5.7266054,50.0151445],[5.7261463,50.0152786],[5.726307,50.0155093],[5.7271922,50.0152887],[5.7267442,50.0146045],[5.726774,50.0149291]]]}},{"type":"Feature","properties":{"t":"prado"},"geometry":{"type":"Polygon","coordinates":[[[5.7258242,50.0156438],[5.7259235,50.0158627],[5.7255077,50.0160281],[5.7257545,50.0163159],[5.726535,50.0160023],[5.7270312,50.01644],[5.7274175,50.0162711],[5.7273933,50.0158937],[5.7273021,50.0155955],[5.7271922,50.0152887],[5.726307,50.0155093],[5.7258242,50.0156438]]]}},{"type":"Feature","properties":{"t":"prado"},"geometry":{"type":"Polygon","coordinates":[[[5.7267442,50.0146045],[5.7271922,50.0152887],[5.7273021,50.0155955],[5.7276803,50.0155404],[5.7277366,50.0160867],[5.7280531,50.0159609],[5.7283321,50.0157799],[5.7284528,50.0152077],[5.7283857,50.0147803],[5.7281337,50.0143017],[5.7278641,50.0143278],[5.7275864,50.0143649],[5.7270473,50.0143752],[5.7265833,50.0143804],[5.7267442,50.0146045]]]}},{"type":"Feature","properties":{"t":"prado"},"geometry":{"type":"Polygon","coordinates":[[[5.7310197,50.0135462],[5.7307917,50.0135531],[5.7303438,50.0135945],[5.729818,50.0137272],[5.7292682,50.0139685],[5.72889,50.0141839],[5.7287908,50.0142598],[5.7287881,50.014308],[5.7290214,50.0146286],[5.7291019,50.0148354],[5.7306415,50.0142753],[5.7309687,50.0144235],[5.731996,50.0144166],[5.7321998,50.0142253],[5.7324493,50.0135962],[5.7310197,50.0135462]]]}},{"type":"Feature","properties":{"t":"prado"},"geometry":{"type":"Polygon","coordinates":[[[5.7319424,50.0147372],[5.7333961,50.014701],[5.7333934,50.0142891],[5.7321998,50.0142253],[5.731996,50.0144166],[5.7319424,50.0147372]]]}},{"type":"Feature","properties":{"t":"prado"},"geometry":{"type":"Polygon","coordinates":[[[5.7319424,50.0147372],[5.731996,50.0144166],[5.7309687,50.0144235],[5.7306415,50.0142753],[5.7291019,50.0148354],[5.729118,50.015044],[5.7290214,50.015349],[5.7293513,50.0152818],[5.7295793,50.0152956],[5.7297242,50.0152301],[5.7297724,50.0151681],[5.7299843,50.0150595],[5.7300235,50.0151242],[5.7302365,50.0150138],[5.7303518,50.0148673],[5.7309499,50.0146157],[5.7311203,50.0147148],[5.7311807,50.0148167],[5.7319424,50.0147372]]]}},{"type":"Feature","properties":{"t":"prado"},"geometry":{"type":"Polygon","coordinates":[[[5.7311807,50.0148167],[5.7311203,50.0147148],[5.7309499,50.0146157],[5.7303518,50.0148673],[5.7302365,50.0150138],[5.7300235,50.0151242],[5.730046,50.0151526],[5.7297215,50.0152784],[5.7295927,50.0154818],[5.7292727,50.0155401],[5.7293299,50.0157437],[5.7296061,50.0156576],[5.7311323,50.0150423],[5.731084,50.0148268],[5.7311807,50.0148167]]]}},{"type":"Feature","properties":{"t":"prado"},"geometry":{"type":"Polygon","coordinates":[[[5.7333934,50.0142891],[5.7333961,50.014701],[5.7319424,50.0147372],[5.7311807,50.0148167],[5.731084,50.0148268],[5.7311323,50.0150423],[5.7296061,50.0156576],[5.7297081,50.0158006],[5.7299387,50.0157265],[5.7301125,50.0156519],[5.7305127,50.01548],[5.7309446,50.0153387],[5.7312825,50.0156438],[5.7337314,50.0151078],[5.7348412,50.0149651],[5.7349238,50.0149761],[5.7348418,50.0148079],[5.7347801,50.0146338],[5.7349116,50.014246],[5.7340559,50.0143218],[5.7333934,50.0142891]]]}},{"type":"Feature","properties":{"t":"prado"},"geometry":{"type":"Polygon","coordinates":[[[5.7302445,50.0158747],[5.7302982,50.015985],[5.7308292,50.0159368],[5.7308909,50.0161953],[5.7336576,50.015973],[5.7339245,50.0159609],[5.7354445,50.0161482],[5.7356867,50.0159316],[5.7354255,50.0151546],[5.7351583,50.0151801],[5.7349947,50.0151215],[5.7349238,50.0149761],[5.7348412,50.0149651],[5.7337314,50.0151078],[5.7312825,50.0156438],[5.7309446,50.0153387],[5.7305127,50.01548],[5.7301125,50.0156519],[5.7302445,50.0158747]]]}},{"type":"Feature","properties":{"t":"prado"},"geometry":{"type":"Polygon","coordinates":[[[5.7289651,50.0171001],[5.7292306,50.0174759],[5.7300112,50.0172966],[5.72981,50.0170157],[5.7295954,50.0167623],[5.7294103,50.0168278],[5.7294586,50.0168985],[5.7289651,50.0171001]]]}},{"type":"Feature","properties":{"t":"prado"},"geometry":{"type":"Polygon","coordinates":[[[5.7302982,50.015985],[5.7299495,50.0160264],[5.7299736,50.0161333],[5.7296947,50.0163332],[5.7297885,50.01644],[5.7294238,50.0165831],[5.7295954,50.0167623],[5.72981,50.0170157],[5.7301104,50.0169209],[5.7301158,50.0168244],[5.730435,50.0167382],[5.7303894,50.0165934],[5.7307858,50.0164974],[5.73257,50.0163745],[5.7336608,50.0162632],[5.7336576,50.015973],[5.7308909,50.0161953],[5.7308292,50.0159368],[5.7302982,50.015985]]]}},{"type":"Feature","properties":{"t":"prado"},"geometry":{"type":"Polygon","coordinates":[[[5.7354445,50.0161482],[5.7339245,50.0159609],[5.7336576,50.015973],[5.7336608,50.0162632],[5.7340479,50.0162522],[5.734072,50.0163521],[5.7343724,50.0163625],[5.7344127,50.0163384],[5.7345575,50.0163125],[5.7348901,50.0162953],[5.7349545,50.0162591],[5.7352095,50.016255],[5.7353166,50.0161746],[5.7353921,50.016195],[5.7354445,50.0161482]]]}},{"type":"Feature","properties":{"t":"prado"},"geometry":{"type":"Polygon","coordinates":[[[5.7356867,50.0159316],[5.7354445,50.0161482],[5.7353921,50.016195],[5.7352789,50.0162963],[5.7353251,50.0165708],[5.7355204,50.0165538],[5.7355853,50.016646],[5.7358689,50.0166014],[5.7360175,50.0169561],[5.7359167,50.0170896],[5.7361588,50.0170622],[5.7366925,50.016914],[5.7368562,50.0167916],[5.7370225,50.0164004],[5.7366979,50.016197],[5.7363304,50.0158454],[5.7360703,50.015904],[5.7356867,50.0159316]]]}},{"type":"Feature","properties":{"t":"prado"},"geometry":{"type":"Polygon","coordinates":[[[5.7354255,50.0151546],[5.7356867,50.0159316],[5.7360703,50.015904],[5.7363304,50.0158454],[5.7366979,50.016197],[5.7370225,50.0164004],[5.7368562,50.0167916],[5.7369447,50.016914],[5.7372585,50.0169123],[5.7376125,50.0169536],[5.7382026,50.0171036],[5.7398254,50.0174827],[5.7397529,50.0173793],[5.7399943,50.017176],[5.7393962,50.0165021],[5.7386023,50.0156558],[5.7378834,50.0148147],[5.7377502,50.0146627],[5.7365772,50.0150147],[5.7357189,50.0151267],[5.7354255,50.0151546]]]}},{"type":"Feature","properties":{"t":"grama"},"geometry":{"type":"Polygon","coordinates":[[[5.7287103,50.0199627],[5.7281832,50.0193458],[5.7279968,50.0193949],[5.7278413,50.0194044],[5.7278399,50.0194242],[5.7282074,50.0196344],[5.7286915,50.0199679],[5.7287103,50.0199627]]]}},{"type":"Feature","properties":{"t":"grama"},"geometry":{"type":"Polygon","coordinates":[[[5.7278748,50.0190037],[5.727793,50.0189839],[5.7277004,50.0190244],[5.7275757,50.0190993],[5.7274926,50.0191329],[5.7274671,50.0191976],[5.7275945,50.0192648],[5.7277662,50.0193191],[5.7279485,50.0193234],[5.7281041,50.0192889],[5.7280719,50.0192329],[5.7278748,50.0190037]]]}},{"type":"Feature","properties":{"t":"prado"},"geometry":{"type":"Polygon","coordinates":[[[5.7265779,50.0186995],[5.7259825,50.0185461],[5.7259208,50.0186237],[5.7264116,50.0187598],[5.72694,50.0189313],[5.7272083,50.0190399],[5.727388,50.0190562],[5.7275422,50.0190235],[5.7276468,50.0189304],[5.7276723,50.0188089],[5.7276052,50.0187029],[5.7271521,50.0181519],[5.7268944,50.0183307],[5.7265779,50.0186995]]]}},{"type":"Feature","properties":{"t":"lavoura"},"geometry":{"type":"Polygon","coordinates":[[[5.7259825,50.0185461],[5.7261997,50.0181549],[5.7256794,50.0175448],[5.7252529,50.0171794],[5.7245757,50.0176965],[5.7240419,50.0180885],[5.7238086,50.0181695],[5.7234746,50.0181532],[5.7229114,50.0181058],[5.7227679,50.0181239],[5.7227102,50.0181713],[5.7227397,50.0182333],[5.7227974,50.0182704],[5.7242256,50.018385],[5.7252422,50.0185125],[5.7259208,50.0186237],[5.7259825,50.0185461]]]}},{"type":"Feature","properties":{"t":"lavoura"},"geometry":{"type":"Polygon","coordinates":[[[5.7168817,50.0176103],[5.7178098,50.0177964],[5.718314,50.0178533],[5.7184187,50.0178188],[5.7186574,50.0173345],[5.7171607,50.0169967],[5.7168817,50.0176103]]]}},{"type":"Feature","properties":{"t":"prado"},"geometry":{"type":"Polygon","coordinates":[[[5.7168817,50.0176103],[5.7171607,50.0169967],[5.7186574,50.0173345],[5.7189015,50.0168761],[5.7190195,50.0167055],[5.7174396,50.016197],[5.7173645,50.0163177],[5.7171902,50.0162763],[5.7170024,50.0166796],[5.7165974,50.0175379],[5.7168817,50.0176103]]]}},{"type":"Feature","properties":{"t":"prado"},"geometry":{"type":"Polygon","coordinates":[[[5.7149695,50.0159336],[5.7142746,50.0167623],[5.7154602,50.0172122],[5.7165974,50.0175379],[5.7170024,50.0166796],[5.715436,50.0161677],[5.7154575,50.0161005],[5.7153207,50.016054],[5.7149695,50.0159336]]]}},{"type":"Feature","properties":{"t":"prado"},"geometry":{"type":"Polygon","coordinates":[[[5.7142746,50.0167623],[5.7149695,50.0159336],[5.7147172,50.0158471],[5.714213,50.0156886],[5.7133694,50.0154594],[5.7127739,50.0153077],[5.7123823,50.0161548],[5.7130757,50.016359],[5.7138911,50.01664],[5.7142746,50.0167623]]]}},{"type":"Feature","properties":{"t":"prado"},"geometry":{"type":"Polygon","coordinates":[[[5.7153207,50.016054],[5.7154575,50.0161005],[5.715436,50.0161677],[5.7170024,50.0166796],[5.7171902,50.0162763],[5.7173645,50.0163177],[5.7174396,50.016197],[5.7190195,50.0167055],[5.7190329,50.0166675],[5.718542,50.0165073],[5.7191415,50.0156442],[5.7198188,50.0144979],[5.7188827,50.0141288],[5.7177937,50.0137703],[5.7175657,50.0141477],[5.7171822,50.0140029],[5.7162166,50.0153525],[5.7155829,50.0150407],[5.7153019,50.0151078],[5.7151544,50.0151819],[5.7151088,50.0153249],[5.715251,50.0154697],[5.7153395,50.0157386],[5.7152751,50.0159712],[5.7153475,50.0160454],[5.7153207,50.016054]]]}},{"type":"Feature","properties":{"t":"prado"},"geometry":{"type":"Polygon","coordinates":[[[5.7186118,50.0176206],[5.7185367,50.0178378],[5.7185984,50.0178947],[5.7201862,50.0180463],[5.7205322,50.0173087],[5.7197079,50.0171075],[5.7189303,50.0170258],[5.7186118,50.0176206]]]}},{"type":"Feature","properties":{"t":"prado"},"geometry":{"type":"Polygon","coordinates":[[[5.7197079,50.0171075],[5.7205322,50.0173087],[5.7209212,50.0167968],[5.7210204,50.0166779],[5.7211304,50.0165159],[5.7204357,50.0163004],[5.7210714,50.0152474],[5.7208943,50.0152181],[5.7207382,50.0155483],[5.7197079,50.0171075]]]}},{"type":"Feature","properties":{"t":"prado"},"geometry":{"type":"Polygon","coordinates":[[[5.7209212,50.0167968],[5.7205322,50.0173087],[5.7201862,50.0180463],[5.7208675,50.0180963],[5.7211491,50.0175827],[5.7211009,50.0175034],[5.7215139,50.0168364],[5.7210204,50.0166779],[5.7209212,50.0167968]]]}},{"type":"Feature","properties":{"t":"prado"},"geometry":{"type":"Polygon","coordinates":[[[5.7211491,50.0175827],[5.7208675,50.0180963],[5.7222312,50.0181952],[5.7223258,50.0182034],[5.7224017,50.0177947],[5.7228416,50.0178274],[5.7231742,50.0172397],[5.7237858,50.0163608],[5.7230026,50.0160643],[5.7233178,50.0156221],[5.7226458,50.0152749],[5.7220447,50.0150519],[5.7213258,50.014878],[5.7210714,50.0152474],[5.7204357,50.0163004],[5.7211304,50.0165159],[5.7218385,50.0167658],[5.7213342,50.0175276],[5.7211491,50.0175827]]]}},{"type":"Feature","properties":{"t":"prado"},"geometry":{"type":"Polygon","coordinates":[[[5.7237858,50.0163608],[5.7231742,50.0172397],[5.7228416,50.0178274],[5.7224017,50.0177947],[5.7223258,50.0182034],[5.7225332,50.0182342],[5.7227424,50.0180773],[5.722914,50.0180532],[5.7235524,50.018117],[5.7238287,50.0181135],[5.7239842,50.0180567],[5.7246548,50.0175724],[5.7241157,50.0172966],[5.7243785,50.0170553],[5.7240057,50.0167244],[5.724633,50.0160679],[5.7245609,50.015985],[5.724003,50.0159781],[5.7237858,50.0163608]]]}},{"type":"Feature","properties":{"t":"prado"},"geometry":{"type":"Polygon","coordinates":[[[5.7243785,50.0170553],[5.724628,50.0172466],[5.7251859,50.0168537],[5.7250705,50.0164538],[5.7249954,50.0164848],[5.724633,50.0160679],[5.7240057,50.0167244],[5.7243785,50.0170553]]]}},{"type":"Feature","properties":{"t":"prado"},"geometry":{"type":"Polygon","coordinates":[[[5.7189846,50.0165555],[5.7194781,50.0158282],[5.7192072,50.0157386],[5.7187057,50.0164935],[5.7189846,50.0165555]]]}},{"type":"Feature","properties":{"t":"grama"},"geometry":{"type":"Polygon","coordinates":[[[5.7304698,50.0217274],[5.7310894,50.0224443],[5.7312021,50.0224116],[5.7309768,50.0222393],[5.7305417,50.021688],[5.7304698,50.0217274]]]}},{"type":"Feature","properties":{"t":"grama"},"geometry":{"type":"Polygon","coordinates":[[[5.727919,50.0186823],[5.727852,50.0187409],[5.7287881,50.0198249],[5.7298154,50.0209778],[5.730038,50.0211777],[5.7300889,50.0212363],[5.7301562,50.021212],[5.7300782,50.0211346],[5.7288149,50.0197542],[5.727919,50.0186823]]]}},{"type":"Feature","properties":{"t":"prado"},"geometry":{"type":"Polygon","coordinates":[[[5.7288149,50.0197542],[5.7300782,50.0211346],[5.7301562,50.021212],[5.7302016,50.021257],[5.7305417,50.021688],[5.7309768,50.0222393],[5.7312021,50.0224116],[5.7334176,50.0215999],[5.7330045,50.0212466],[5.7324788,50.0209382],[5.7320657,50.020671],[5.7316017,50.020235],[5.731253,50.0198507],[5.7309419,50.0193492],[5.7307434,50.0190338],[5.7288149,50.0197542]]]}},{"type":"Feature","properties":{"t":"prado"},"geometry":{"type":"Polygon","coordinates":[[[5.713757,50.0173776],[5.7140118,50.01745],[5.7144007,50.0175448],[5.7149586,50.0175965],[5.7157633,50.0175603],[5.7159188,50.0175724],[5.7156989,50.0174586],[5.7157445,50.0173983],[5.7150203,50.0171518],[5.7141834,50.0168433],[5.713757,50.0173776]]]}},{"type":"Feature","properties":{"t":"lavoura"},"geometry":{"type":"Polygon","coordinates":[[[5.713757,50.0173776],[5.7141834,50.0168433],[5.7133466,50.01654],[5.7123488,50.0162315],[5.7118607,50.0172949],[5.7120216,50.0172587],[5.7123193,50.0172191],[5.7126358,50.0172035],[5.7130408,50.0172242],[5.7133707,50.0172777],[5.713757,50.0173776]]]}},{"type":"Feature","properties":{"t":"prado"},"geometry":{"type":"Polygon","coordinates":[[[5.7549208,50.0301761],[5.7555351,50.0295506],[5.7564872,50.0288218],[5.7562298,50.0287184],[5.7546902,50.0283721],[5.75454,50.0282687],[5.752598,50.0277552],[5.7509726,50.027159],[5.750801,50.0271556],[5.7497495,50.0281774],[5.7499829,50.0282635],[5.7498214,50.0283839],[5.751246,50.0290326],[5.7522952,50.0298987],[5.753023,50.030427],[5.7542154,50.0297798],[5.7549208,50.0301761]]]}},{"type":"Feature","properties":{"t":"prado"},"geometry":{"type":"Polygon","coordinates":[[[5.7590809,50.0391263],[5.7595932,50.0386836],[5.7587618,50.0379962],[5.7578713,50.0386681],[5.7576674,50.0387886],[5.7590809,50.0391263]]]}},{"type":"Feature","properties":{"t":"prado"},"geometry":{"type":"Polygon","coordinates":[[[5.7592845,50.0399234],[5.7597917,50.0393072],[5.7590809,50.0391263],[5.7576674,50.0387886],[5.7572785,50.0389988],[5.7569727,50.0392572],[5.756852,50.0394415],[5.7583514,50.0397999],[5.7584292,50.0397396],[5.7591131,50.0399515],[5.759207,50.0399411],[5.7592845,50.0399234]]]}},{"type":"Feature","properties":{"t":"prado"},"geometry":{"type":"Polygon","coordinates":[[[5.7617524,50.0410677],[5.7635683,50.0403528],[5.7641315,50.0401496],[5.7627895,50.0389906],[5.7625732,50.0390522],[5.7613796,50.0384544],[5.7612938,50.0387576],[5.7612078,50.0387559],[5.7610403,50.0392615],[5.7609437,50.0395854],[5.7607231,50.0402739],[5.7607976,50.040277],[5.7610202,50.0403218],[5.7612267,50.0404097],[5.761342,50.0405148],[5.761385,50.040675],[5.7617524,50.0410677]]]}},{"type":"Feature","properties":{"t":"prado"},"geometry":{"type":"Polygon","coordinates":[[[5.7607231,50.0402739],[5.7609437,50.0395854],[5.7597917,50.0393072],[5.7592845,50.0399234],[5.7596227,50.0398464],[5.7598883,50.0397155],[5.7600573,50.0400514],[5.7605857,50.0401409],[5.7607231,50.0402739]]]}},{"type":"Feature","properties":{"t":"prado"},"geometry":{"type":"Polygon","coordinates":[[[5.7609437,50.0395854],[5.7610403,50.0392615],[5.7609531,50.0392607],[5.7594913,50.0378592],[5.759266,50.0376568],[5.7587618,50.0379962],[5.7595932,50.0386836],[5.7590809,50.0391263],[5.7597917,50.0393072],[5.7609437,50.0395854]]]}},{"type":"Feature","properties":{"t":"prado"},"geometry":{"type":"Polygon","coordinates":[[[5.759266,50.0376568],[5.7594913,50.0378592],[5.7602059,50.0374521],[5.7601038,50.0372922],[5.7597193,50.0374148],[5.7594444,50.0375414],[5.759266,50.0376568]]]}},{"type":"Feature","properties":{"t":"prado"},"geometry":{"type":"Polygon","coordinates":[[[5.7602059,50.0374521],[5.7594913,50.0378592],[5.7609531,50.0392607],[5.7610403,50.0392615],[5.7612078,50.0387559],[5.7611221,50.0387542],[5.7610685,50.0381857],[5.7611574,50.0379518],[5.7610068,50.0378567],[5.7607198,50.0377085],[5.7604247,50.0377946],[5.7602059,50.0374521]]]}},{"type":"Feature","properties":{"t":"prado"},"geometry":{"type":"Polygon","coordinates":[[[5.7620877,50.0423958],[5.7612723,50.0423442],[5.7602048,50.0422735],[5.7602155,50.0425543],[5.7601592,50.0429798],[5.760119,50.0433501],[5.7618603,50.0437465],[5.7626,50.043817],[5.7623827,50.0424027],[5.7620877,50.0423958]]]}},{"type":"Feature","properties":{"t":"prado"},"geometry":{"type":"Polygon","coordinates":[[[5.7619911,50.0419497],[5.7620877,50.0423958],[5.7623827,50.0424027],[5.7626,50.043817],[5.7646166,50.0439436],[5.7649845,50.0415066],[5.764778,50.0410384],[5.7619911,50.0419497]]]}},{"type":"Feature","properties":{"t":"prado"},"geometry":{"type":"Polygon","coordinates":[[[5.7617524,50.0410677],[5.7619911,50.0419497],[5.764778,50.0410384],[5.7649845,50.0415066],[5.7656147,50.041295],[5.7658712,50.0416303],[5.7659984,50.041693],[5.7661765,50.0413892],[5.765372,50.0400012],[5.7636822,50.0387362],[5.7627895,50.0389906],[5.7641315,50.0401496],[5.7635683,50.0403528],[5.7617524,50.0410677]]]}},{"type":"Feature","properties":{"t":"prado"},"geometry":{"type":"Polygon","coordinates":[[[5.7629136,50.0374475],[5.7615848,50.0375362],[5.7610068,50.0378567],[5.7611574,50.0379518],[5.7611811,50.0378894],[5.7613903,50.0380134],[5.7613796,50.0384544],[5.7625732,50.0390522],[5.7627895,50.0389906],[5.7636822,50.0387362],[5.7642959,50.0385597],[5.7629136,50.0374475]]]}},{"type":"Feature","properties":{"t":"prado"},"geometry":{"type":"Polygon","coordinates":[[[5.7516485,50.0388851],[5.7565892,50.0397361],[5.7568574,50.0392986],[5.7550603,50.0388679],[5.7546097,50.0387249],[5.7539928,50.0384062],[5.7532412,50.037911],[5.7523764,50.0372455],[5.7521045,50.0370935],[5.7516485,50.0388851]]]}},{"type":"Feature","properties":{"t":"prado"},"geometry":{"type":"Polygon","coordinates":[[[5.7577157,50.0387111],[5.756093,50.038134],[5.7552588,50.0376861],[5.754586,50.0373163],[5.7532412,50.037911],[5.7539928,50.0384062],[5.7546097,50.0387249],[5.7550603,50.0388679],[5.7568574,50.0392986],[5.7570398,50.039128],[5.7573643,50.0388937],[5.7577157,50.0387111]]]}},{"type":"Feature","properties":{"t":"prado"},"geometry":{"type":"Polygon","coordinates":[[[5.754586,50.0373163],[5.7552588,50.0376861],[5.756093,50.038134],[5.7577157,50.0387111],[5.7582307,50.0383528],[5.7585472,50.0381116],[5.7574475,50.0372882],[5.7562346,50.0363749],[5.7561478,50.0364555],[5.7558194,50.0367708],[5.754586,50.0373163]]]}},{"type":"Feature","properties":{"t":"prado"},"geometry":{"type":"Polygon","coordinates":[[[5.7468536,50.0389855],[5.7477298,50.0384648],[5.7479551,50.0375845],[5.7517397,50.0379962],[5.7519945,50.0370246],[5.7482126,50.036599],[5.7481241,50.0369143],[5.744825,50.0377688],[5.7452515,50.0383838],[5.7459086,50.0393261],[5.7465584,50.0391655],[5.7468536,50.0389855]]]}},{"type":"Feature","properties":{"t":"prado"},"geometry":{"type":"Polygon","coordinates":[[[5.7466874,50.0355416],[5.7438648,50.03668],[5.744825,50.0377688],[5.7481241,50.0369143],[5.7482126,50.036599],[5.7483654,50.036045],[5.7482224,50.0360103],[5.7480424,50.035968],[5.7473699,50.0357575],[5.7466874,50.0355416]]]}},{"type":"Feature","properties":{"t":"prado"},"geometry":{"type":"Polygon","coordinates":[[[5.7483654,50.036045],[5.7482126,50.036599],[5.7519945,50.0370246],[5.752157,50.0364308],[5.7515389,50.0363586],[5.7521592,50.0344581],[5.7516322,50.0343872],[5.7516051,50.0344666],[5.751599,50.0344897],[5.7515077,50.0347739],[5.7514233,50.0350393],[5.7513463,50.0352691],[5.751282,50.0354592],[5.75125,50.0355479],[5.7512184,50.0356303],[5.7511963,50.0356888],[5.7511264,50.0359013],[5.751064,50.0360765],[5.7510184,50.0362043],[5.7509715,50.0363394],[5.7505545,50.0363094],[5.7504668,50.0363078],[5.7494914,50.036226],[5.7492309,50.0361968],[5.7483654,50.036045]]]}},{"type":"Feature","properties":{"t":"prado"},"geometry":{"type":"Polygon","coordinates":[[[5.7521045,50.0370935],[5.7523764,50.0372455],[5.7535077,50.0358863],[5.7529802,50.0356943],[5.753115,50.0353366],[5.7527055,50.0352571],[5.7525498,50.0356343],[5.7523245,50.0363045],[5.7521045,50.0370935]]]}},{"type":"Feature","properties":{"t":"prado"},"geometry":{"type":"Polygon","coordinates":[[[5.7584521,50.0377298],[5.7584922,50.0377007],[5.7588912,50.0374257],[5.75822,50.0368988],[5.7577398,50.0371727],[5.7584521,50.0377298]]]}},{"type":"Feature","properties":{"t":"prado"},"geometry":{"type":"Polygon","coordinates":[[[5.709672,50.0218377],[5.7097866,50.0218664],[5.7102701,50.0219877],[5.7119921,50.0225012],[5.7123307,50.0225907],[5.7126734,50.0226813],[5.7127243,50.0226012],[5.7123917,50.0225495],[5.7106805,50.0220532],[5.7102379,50.0219067],[5.709511,50.0216637],[5.7088029,50.0214155],[5.710026,50.0196887],[5.7097846,50.0196198],[5.7093099,50.0194768],[5.7086849,50.0193354],[5.7085937,50.0194078],[5.7084355,50.0193871],[5.7083765,50.0193148],[5.7080948,50.0192493],[5.7077947,50.0192177],[5.7067983,50.0211256],[5.7065959,50.0215297],[5.707207,50.0214017],[5.7079205,50.0213363],[5.7087064,50.0214224],[5.709106,50.0215448],[5.7097068,50.0217878],[5.709672,50.0218377]]]}},{"type":"Feature","properties":{"t":"prado"},"geometry":{"type":"Polygon","coordinates":[[[5.710026,50.0196887],[5.7088029,50.0214155],[5.709511,50.0216637],[5.7102379,50.0219067],[5.7106805,50.0220532],[5.7118157,50.0204057],[5.710026,50.0196887]]]}},{"type":"Feature","properties":{"t":"prado"},"geometry":{"type":"Polygon","coordinates":[[[5.7118157,50.0204057],[5.7106805,50.0220532],[5.7123917,50.0225495],[5.7127243,50.0226012],[5.7128477,50.0221169],[5.7133305,50.0215568],[5.7133746,50.0215736],[5.7135478,50.0213242],[5.7127753,50.0209313],[5.7128289,50.0208141],[5.7125393,50.0206952],[5.7118157,50.0204057]]]}},{"type":"Feature","properties":{"t":"lavoura"},"geometry":{"type":"Polygon","coordinates":[[[5.7167849,50.0205991],[5.715546,50.0203022],[5.7142964,50.0226971],[5.7146394,50.022739],[5.7146336,50.0227867],[5.7156667,50.0229045],[5.7160905,50.0219911],[5.7164687,50.0213363],[5.7167849,50.0205991]]]}},{"type":"Feature","properties":{"t":"prado"},"geometry":{"type":"Polygon","coordinates":[[[5.7135478,50.0213242],[5.7133746,50.0215736],[5.7134485,50.0216016],[5.7129657,50.0222048],[5.7128504,50.0225202],[5.7142964,50.0226971],[5.715546,50.0203022],[5.7167849,50.0205991],[5.7167932,50.0205797],[5.7169415,50.0205463],[5.7169595,50.0204918],[5.7167893,50.0205182],[5.716761,50.0205539],[5.7160315,50.0203901],[5.7160552,50.0203157],[5.7157633,50.0202523],[5.7140708,50.019961],[5.7135478,50.0213242]]]}},{"type":"Feature","properties":{"t":"lavoura"},"geometry":{"type":"Polygon","coordinates":[[[5.7182148,50.0184996],[5.7183167,50.0183031],[5.7182819,50.0181876],[5.7179198,50.0180015],[5.7167879,50.0178119],[5.7167101,50.0180342],[5.7182148,50.0184996]]]}},{"type":"Feature","properties":{"t":"prado"},"geometry":{"type":"Polygon","coordinates":[[[5.7157633,50.0202523],[5.7160552,50.0203157],[5.7160771,50.0202471],[5.7168388,50.0204556],[5.7167893,50.0205182],[5.7169595,50.0204918],[5.7175335,50.0194543],[5.7182148,50.0184996],[5.7167101,50.0180342],[5.7167879,50.0178119],[5.7165062,50.017743],[5.716356,50.0182118],[5.7166967,50.0182893],[5.7161307,50.0195147],[5.7157633,50.0202523]]]}},{"type":"Feature","properties":{"t":"prado"},"geometry":{"type":"Polygon","coordinates":[[[5.7140708,50.019961],[5.7157633,50.0202523],[5.7161307,50.0195147],[5.7149452,50.0192923],[5.7155594,50.0175999],[5.7149371,50.0176275],[5.7140708,50.019961]]]}},{"type":"Feature","properties":{"t":"lavoura"},"geometry":{"type":"Polygon","coordinates":[[[5.7149452,50.0192923],[5.7161307,50.0195147],[5.7166967,50.0182893],[5.716356,50.0182118],[5.7165062,50.017743],[5.7159457,50.0176172],[5.7155594,50.0175999],[5.7149452,50.0192923]]]}},{"type":"Feature","properties":{"t":"lavoura"},"geometry":{"type":"Polygon","coordinates":[[[5.7125393,50.0206952],[5.7128289,50.0208141],[5.7127753,50.0209313],[5.7135478,50.0213242],[5.7140708,50.019961],[5.7149371,50.0176275],[5.714575,50.0176086],[5.7141942,50.0175344],[5.7136416,50.0173776],[5.7125393,50.0206952]]]}},{"type":"Feature","properties":{"t":"lavoura"},"geometry":{"type":"Polygon","coordinates":[[[5.7097846,50.0196198],[5.710026,50.0196887],[5.7118157,50.0204057],[5.7125393,50.0206952],[5.7136416,50.0173776],[5.7132018,50.0172811],[5.7129523,50.0172552],[5.7125124,50.017238],[5.7120162,50.0173001],[5.7115763,50.0174224],[5.7103372,50.0177826],[5.710085,50.0178361],[5.7096559,50.0179033],[5.7091892,50.0193889],[5.7098168,50.0195922],[5.7097846,50.0196198]]]}},{"type":"Feature","properties":{"t":"prado"},"geometry":{"type":"Polygon","coordinates":[[[5.7091892,50.0193889],[5.7096559,50.0179033],[5.7086134,50.01808],[5.7085468,50.0181687],[5.7086527,50.0182031],[5.708579,50.0183996],[5.7084355,50.0184306],[5.7081243,50.0190769],[5.7072432,50.0189235],[5.7071333,50.0191433],[5.7077947,50.0192177],[5.7080948,50.0192493],[5.7084596,50.0192096],[5.7085642,50.0192165],[5.7086661,50.0192803],[5.7091892,50.0193889]]]}},{"type":"Feature","properties":{"t":"prado"},"geometry":{"type":"Polygon","coordinates":[[[5.7114556,50.0174207],[5.7118607,50.0172949],[5.7123488,50.0162315],[5.711579,50.016054],[5.71082,50.0159299],[5.7102191,50.0158644],[5.7092777,50.0158092],[5.7088485,50.0158282],[5.7087091,50.0159057],[5.7085533,50.0162273],[5.7092554,50.0162988],[5.7103989,50.0164642],[5.7109487,50.0165659],[5.7115066,50.0168244],[5.7114556,50.0174207]]]}},{"type":"Feature","properties":{"t":"prado"},"geometry":{"type":"Polygon","coordinates":[[[5.7113987,50.0174381],[5.7114556,50.0174207],[5.7115066,50.0168244],[5.7109487,50.0165659],[5.7103989,50.0164642],[5.7092554,50.0162988],[5.7090778,50.0165929],[5.7103735,50.0169948],[5.7109782,50.0172173],[5.7113987,50.0174381]]]}},{"type":"Feature","properties":{"t":"lavoura"},"geometry":{"type":"Polygon","coordinates":[[[5.7278464,50.0293299],[5.7291314,50.0288976],[5.7306656,50.0283531],[5.731304,50.0281033],[5.7334471,50.0271969],[5.732857,50.0265663],[5.7317891,50.0253606],[5.7314408,50.0254083],[5.730148,50.0255238],[5.7288954,50.0256702],[5.729177,50.02668],[5.7292896,50.0278655],[5.7276415,50.0281165],[5.7277642,50.0289493],[5.7278464,50.0293299]]]}},{"type":"Feature","properties":{"t":"lavoura"},"geometry":{"type":"Polygon","coordinates":[[[5.7276415,50.0281165],[5.7292896,50.0278655],[5.729177,50.02668],[5.7288954,50.0256702],[5.726859,50.026008],[5.7272083,50.0270177],[5.7276415,50.0281165]]]}},{"type":"Feature","properties":{"t":"lavoura"},"geometry":{"type":"Polygon","coordinates":[[[5.7323659,50.0240743],[5.7320014,50.0236765],[5.7319155,50.0237127],[5.7311109,50.0228097],[5.7311994,50.0227735],[5.7310197,50.0225495],[5.7304966,50.0228355],[5.7293513,50.0244071],[5.7279083,50.0240297],[5.726755,50.0256943],[5.7267415,50.0257943],[5.726859,50.026008],[5.7288954,50.0256702],[5.730148,50.0255238],[5.7314408,50.0254083],[5.7317891,50.0253606],[5.7318431,50.0253532],[5.7320003,50.0253152],[5.7321084,50.0252892],[5.7313546,50.0244569],[5.7323659,50.0240743]]]}},{"type":"Feature","properties":{"t":"prado"},"geometry":{"type":"Polygon","coordinates":[[[5.7279083,50.0240297],[5.7293513,50.0244071],[5.7304966,50.0228355],[5.7310197,50.0225495],[5.7298556,50.0212725],[5.7297724,50.021319],[5.7291904,50.0220135],[5.7285896,50.0229372],[5.7279083,50.0240297]]]}},{"type":"Feature","properties":{"t":"prado"},"geometry":{"type":"Polygon","coordinates":[[[5.7281792,50.0234817],[5.7265913,50.0228752],[5.7251242,50.0222875],[5.7248506,50.0223599],[5.7251242,50.0228407],[5.7246574,50.0229917],[5.7254702,50.0240504],[5.7266289,50.0256185],[5.7267308,50.0256358],[5.7277232,50.0242262],[5.7281792,50.0234817]]]}},{"type":"Feature","properties":{"t":"prado"},"geometry":{"type":"Polygon","coordinates":[[[5.7251242,50.0222875],[5.7265913,50.0228752],[5.7281792,50.0234817],[5.7291555,50.0219601],[5.7294613,50.0215861],[5.7293889,50.0215155],[5.7297322,50.0211105],[5.7290724,50.0203746],[5.7288524,50.0201816],[5.7266423,50.0213225],[5.7251805,50.0220514],[5.7251242,50.0222875]]]}},{"type":"Feature","properties":{"t":"prado"},"geometry":{"type":"Polygon","coordinates":[[[5.724747,50.0215531],[5.7247862,50.0215896],[5.7251805,50.0220514],[5.7266423,50.0213225],[5.7288524,50.0201816],[5.7284018,50.0198335],[5.7276106,50.0193699],[5.7268944,50.019058],[5.7262078,50.0188184],[5.7253629,50.0186185],[5.7247755,50.0185254],[5.7237858,50.0184358],[5.7228121,50.0183376],[5.7226297,50.0184324],[5.7226163,50.0189339],[5.7225949,50.019544],[5.7226163,50.0197025],[5.7231876,50.0194733],[5.7239976,50.0191459],[5.7251778,50.0213121],[5.724747,50.0215531]]]}},{"type":"Feature","properties":{"t":"prado"},"geometry":{"type":"Polygon","coordinates":[[[5.7241908,50.0210347],[5.724747,50.0215531],[5.7251778,50.0213121],[5.7239976,50.0191459],[5.7231876,50.0194733],[5.7241908,50.0210347]]]}},{"type":"Feature","properties":{"t":"prado"},"geometry":{"type":"Polygon","coordinates":[[[5.7241908,50.0210347],[5.7231876,50.0194733],[5.7226163,50.0197025],[5.7226968,50.0200007],[5.7228041,50.0202523],[5.7230133,50.0205814],[5.7236302,50.0213983],[5.7241908,50.0210347]]]}},{"type":"Feature","properties":{"t":"grama"},"geometry":{"type":"Polygon","coordinates":[[[5.7231259,50.0208037],[5.7229757,50.0206107],[5.722442,50.0207727],[5.7225573,50.0209571],[5.7231259,50.0208037]]]}},{"type":"Feature","properties":{"t":"prado"},"geometry":{"type":"Polygon","coordinates":[[[5.7232225,50.0277311],[5.7231827,50.028191],[5.7273625,50.0288302],[5.7275591,50.0282104],[5.7269749,50.0265525],[5.7232681,50.0271073],[5.7232225,50.0277311]]]}},{"type":"Feature","properties":{"t":"prado"},"geometry":{"type":"Polygon","coordinates":[[[5.7232225,50.0277311],[5.7232681,50.0271073],[5.7269749,50.0265525],[5.7268837,50.0263095],[5.7260281,50.0264422],[5.7232654,50.0269109],[5.7230723,50.0262216],[5.7221215,50.0264068],[5.7224634,50.0269195],[5.7228792,50.0273641],[5.7232225,50.0277311]]]}},{"type":"Feature","properties":{"t":"lavoura"},"geometry":{"type":"Polygon","coordinates":[[[5.7211569,50.0246797],[5.7214739,50.0250778],[5.7221215,50.0264068],[5.7230723,50.0262216],[5.7232654,50.0269109],[5.7260281,50.0264422],[5.7268837,50.0263095],[5.7266745,50.0257891],[5.7263204,50.0252894],[5.7256123,50.0243537],[5.7227719,50.0249672],[5.7227075,50.0242227],[5.7211569,50.0246797]]]}},{"type":"Feature","properties":{"t":"lavoura"},"geometry":{"type":"Polygon","coordinates":[[[5.7211569,50.0246797],[5.7227075,50.0242227],[5.7227719,50.0249672],[5.7256123,50.0243537],[5.7246226,50.0230509],[5.7245998,50.0230104],[5.7243839,50.0226253],[5.7240754,50.0225495],[5.7236423,50.0217686],[5.7207361,50.0228579],[5.719623,50.0232508],[5.7209784,50.0244556],[5.7211569,50.0246797]]]}},{"type":"Feature","properties":{"t":"grama"},"geometry":{"type":"Polygon","coordinates":[[[5.7225318,50.0188046],[5.72256,50.0183591],[5.722501,50.0183169],[5.7223508,50.0183022],[5.7222569,50.0182928],[5.7222368,50.0187624],[5.7224071,50.0187719],[5.7224233,50.0188069],[5.7225318,50.0188046]]]}},{"type":"Feature","properties":{"t":"lavoura"},"geometry":{"type":"Polygon","coordinates":[[[5.7225033,50.0210148],[5.7223414,50.0207641],[5.7229476,50.020572],[5.7226834,50.0201644],[5.7225707,50.0197465],[5.7225372,50.0194535],[5.7225318,50.0188046],[5.7224233,50.0188069],[5.7221563,50.0188124],[5.7221724,50.0183367],[5.7209318,50.0182488],[5.7209292,50.0199076],[5.7215729,50.0212811],[5.7225033,50.0210148]]]}},{"type":"Feature","properties":{"t":"lavoura"},"geometry":{"type":"Polygon","coordinates":[[[5.719623,50.0232508],[5.7207361,50.0228579],[5.7236423,50.0217686],[5.7238072,50.0217068],[5.7231501,50.0208296],[5.7225033,50.0210148],[5.7215729,50.0212811],[5.7209292,50.0199076],[5.7209318,50.0182488],[5.7209319,50.0181842],[5.7198161,50.0180877],[5.7195559,50.0188873],[5.7192706,50.0198995],[5.7202318,50.0199593],[5.7204683,50.0204641],[5.7202886,50.0226027],[5.7202613,50.0228131],[5.7193682,50.0231009],[5.7194915,50.0232784],[5.719623,50.0232508]]]}},{"type":"Feature","properties":{"t":"prado"},"geometry":{"type":"Polygon","coordinates":[[[5.7368399,50.0334612],[5.737288,50.0334962],[5.7368749,50.0315734],[5.7363599,50.0315817],[5.7363707,50.0316177],[5.736616,50.0323498],[5.7368399,50.0334612]]]}},{"type":"Feature","properties":{"t":"lavoura"},"geometry":{"type":"Polygon","coordinates":[[[5.7363599,50.0315817],[5.7368749,50.0315734],[5.7373014,50.0315717],[5.7375482,50.0315855],[5.7384011,50.031458],[5.7387257,50.0313598],[5.7371646,50.029561],[5.7370439,50.0296316],[5.7368642,50.0295954],[5.7365906,50.0296988],[5.7360005,50.0297884],[5.7359785,50.0297668],[5.7358121,50.0298461],[5.7357967,50.0299969],[5.7358365,50.0306478],[5.7360561,50.0305658],[5.7363599,50.0315817]]]}},{"type":"Feature","properties":{"t":"lavoura"},"geometry":{"type":"Polygon","coordinates":[[[5.7339567,50.0278879],[5.7355902,50.0297505],[5.7359469,50.0296747],[5.7361507,50.0294834],[5.7364699,50.029561],[5.7366925,50.0295058],[5.7368347,50.02943],[5.7368481,50.029306],[5.7363921,50.0288063],[5.7362983,50.0288149],[5.7356599,50.0280499],[5.7356974,50.0280206],[5.7355216,50.0278064],[5.7354668,50.0277397],[5.7351742,50.0274549],[5.7339567,50.0278879]]]}},{"type":"Feature","properties":{"t":"prado"},"geometry":{"type":"Polygon","coordinates":[[[5.7351742,50.0274549],[5.7347694,50.0270608],[5.7344851,50.0269833],[5.7341874,50.0266921],[5.7344851,50.0264887],[5.7340211,50.0259993],[5.7339326,50.0260407],[5.7337394,50.025815],[5.733844,50.0257753],[5.7332566,50.0251378],[5.733203,50.0251653],[5.7330001,50.0249579],[5.7321084,50.0252892],[5.7320003,50.0253152],[5.7323018,50.0257788],[5.7329321,50.0265387],[5.732857,50.0265663],[5.7334471,50.0271969],[5.731304,50.0281033],[5.731701,50.0286374],[5.7339567,50.0278879],[5.7351742,50.0274549]]]}},{"type":"Feature","properties":{"t":"prado"},"geometry":{"type":"Polygon","coordinates":[[[5.7346112,50.0244605],[5.7335222,50.0231957],[5.7322079,50.0236954],[5.7323635,50.0238781],[5.732452,50.0238522],[5.732629,50.0240263],[5.7325163,50.0240556],[5.7327604,50.0243382],[5.7328463,50.0242899],[5.7338226,50.0253911],[5.733726,50.0254221],[5.7343295,50.0260631],[5.7347238,50.0264922],[5.7348157,50.0266563],[5.7348713,50.026618],[5.7355553,50.0273158],[5.7361829,50.0270505],[5.7357104,50.0267396],[5.7345924,50.0252584],[5.7342973,50.0250016],[5.7341584,50.0246033],[5.734292,50.0244002],[5.7346112,50.0244605]]]}},{"type":"Feature","properties":{"t":"prado"},"geometry":{"type":"Polygon","coordinates":[[[5.7034772,50.0156613],[5.7037803,50.0154531],[5.703055,50.0149837],[5.7024166,50.0146682],[5.7023174,50.0147372],[5.7026285,50.0148958],[5.7028887,50.0150664],[5.702945,50.015206],[5.7029209,50.015337],[5.7034772,50.0156613]]]}},{"type":"Feature","properties":{"t":"prado"},"geometry":{"type":"Polygon","coordinates":[[[5.7037803,50.0154531],[5.7040098,50.0153378],[5.7022879,50.0144967],[5.7021135,50.0146372],[5.7023174,50.0147372],[5.7024166,50.0146682],[5.703055,50.0149837],[5.7037803,50.0154531]]]}},{"type":"Feature","properties":{"t":"prado"},"geometry":{"type":"Polygon","coordinates":[[[5.7024738,50.0144331],[5.7022879,50.0144967],[5.7040098,50.0153378],[5.7042808,50.0150978],[5.7041439,50.0150698],[5.704101,50.0149578],[5.7034121,50.0145919],[5.7031891,50.0146148],[5.7030013,50.0145562],[5.7024738,50.0144331]]]}},{"type":"Feature","properties":{"t":"prado"},"geometry":{"type":"Polygon","coordinates":[[[5.7034121,50.0145919],[5.704101,50.0149578],[5.7041439,50.0150698],[5.7042808,50.0150978],[5.7044792,50.0149221],[5.7037017,50.014485],[5.7034573,50.0145872],[5.7034121,50.0145919]]]}},{"type":"Feature","properties":{"t":"prado"},"geometry":{"type":"Polygon","coordinates":[[[5.701833,50.0137956],[5.7023388,50.014096],[5.7027036,50.0141391],[5.7027701,50.014176],[5.7035448,50.0134013],[5.7031864,50.0132204],[5.7030094,50.0131997],[5.7027894,50.0132928],[5.701833,50.0137956]]]}},{"type":"Feature","properties":{"t":"prado"},"geometry":{"type":"Polygon","coordinates":[[[5.7035448,50.0134013],[5.7027701,50.014176],[5.7033044,50.0144718],[5.7034573,50.01447],[5.7039589,50.0141805],[5.7039976,50.0141447],[5.7035748,50.0134164],[5.7035448,50.0134013]]]}},{"type":"Feature","properties":{"t":"prado"},"geometry":{"type":"Polygon","coordinates":[[[5.7035748,50.0134164],[5.7039976,50.0141447],[5.70427,50.0138926],[5.7040108,50.0134622],[5.7037738,50.0135169],[5.7035748,50.0134164]]]}},{"type":"Feature","properties":{"t":"prado"},"geometry":{"type":"Polygon","coordinates":[[[5.7055946,50.0138607],[5.7054689,50.013772],[5.7052115,50.0136548],[5.7050317,50.0136444],[5.704844,50.0136858],[5.7044685,50.0139099],[5.7036933,50.0144373],[5.7037416,50.0144683],[5.7037017,50.014485],[5.7044792,50.0149221],[5.7050581,50.0152204],[5.705198,50.0147613],[5.7047635,50.0146096],[5.7050988,50.014246],[5.7052651,50.0140702],[5.7055946,50.0138607]]]}},{"type":"Feature","properties":{"t":"prado"},"geometry":{"type":"Polygon","coordinates":[[[5.7059544,50.0140219],[5.7059813,50.0140788],[5.7058552,50.0141098],[5.7058766,50.014146],[5.7066301,50.0141136],[5.7060075,50.0136569],[5.7056299,50.0138099],[5.7056702,50.0138553],[5.7057948,50.0138108],[5.7059544,50.0140219]]]}},{"type":"Feature","properties":{"t":"prado"},"geometry":{"type":"Polygon","coordinates":[[[5.7072965,50.0145894],[5.7079259,50.0144787],[5.7072258,50.0141115],[5.7071882,50.0141219],[5.7072768,50.0142546],[5.7072965,50.0145894]]]}},{"type":"Feature","properties":{"t":"prado"},"geometry":{"type":"Polygon","coordinates":[[[5.7059917,50.0151127],[5.7075047,50.0156955],[5.7079554,50.0156662],[5.7086205,50.0156489],[5.7087359,50.0155042],[5.7090175,50.0149613],[5.7087868,50.0149268],[5.7079259,50.0144787],[5.7072965,50.0145894],[5.7068878,50.0146614],[5.7061154,50.0146975],[5.7060564,50.0147958],[5.7059917,50.0151127]]]}},{"type":"Feature","properties":{"t":"prado"},"geometry":{"type":"Polygon","coordinates":[[[5.7075047,50.0156955],[5.7059917,50.0151127],[5.7056366,50.0158971],[5.7049298,50.0156989],[5.7047568,50.0158532],[5.7053952,50.0161841],[5.7058525,50.0160609],[5.7069683,50.0158368],[5.7075463,50.0157636],[5.7080412,50.0157162],[5.7085347,50.0156938],[5.7086205,50.0156489],[5.7079554,50.0156662],[5.7075047,50.0156955]]]}},{"type":"Feature","properties":{"t":"prado"},"geometry":{"type":"Polygon","coordinates":[[[5.7058632,50.0161522],[5.7071748,50.01659],[5.7080492,50.0169364],[5.7084864,50.0159988],[5.7084194,50.0158902],[5.7081914,50.0158247],[5.7070917,50.0159299],[5.7064104,50.0160333],[5.7058632,50.0161522]]]}},{"type":"Feature","properties":{"t":"prado"},"geometry":{"type":"Polygon","coordinates":[[[5.7040232,50.0174241],[5.7041171,50.0175276],[5.7044933,50.0176492],[5.7045999,50.0173035],[5.7050371,50.0167623],[5.7053885,50.0163918],[5.705587,50.0162212],[5.7045382,50.0165262],[5.7040232,50.0174241]]]}},{"type":"Feature","properties":{"t":"prado"},"geometry":{"type":"Polygon","coordinates":[[[5.7040232,50.0174241],[5.7045382,50.0165262],[5.7032349,50.0169018],[5.7036424,50.0174914],[5.7039029,50.0173771],[5.7040232,50.0174241]]]}},{"type":"Feature","properties":{"t":"lavoura"},"geometry":{"type":"Polygon","coordinates":[[[5.7062508,50.0173018],[5.7065043,50.0170398],[5.7071748,50.01659],[5.7058632,50.0161522],[5.705587,50.0162212],[5.7053885,50.0163918],[5.7050371,50.0167623],[5.7045999,50.0173035],[5.7044933,50.0176492],[5.704667,50.0177033],[5.7052521,50.0177539],[5.7059276,50.0179774],[5.7060926,50.0175569],[5.7062508,50.0173018]]]}},{"type":"Feature","properties":{"t":"prado"},"geometry":{"type":"Polygon","coordinates":[[[5.7080492,50.0169364],[5.7071748,50.01659],[5.7065043,50.0170398],[5.7062508,50.0173018],[5.7077207,50.0175905],[5.7080492,50.0169364]]]}},{"type":"Feature","properties":{"t":"prado"},"geometry":{"type":"Polygon","coordinates":[[[5.7077207,50.0175905],[5.7062508,50.0173018],[5.7060926,50.0175569],[5.7059276,50.0179774],[5.7062575,50.0180284],[5.7065311,50.0180635],[5.7075268,50.0180945],[5.7077207,50.0175905]]]}},{"type":"Feature","properties":{"t":"prado"},"geometry":{"type":"Polygon","coordinates":[[[5.7047877,50.0185461],[5.7046182,50.0188478],[5.7050452,50.0189546],[5.70519,50.018665],[5.7059967,50.0188716],[5.7063698,50.0180708],[5.7074327,50.0182834],[5.7075268,50.0180945],[5.7065311,50.0180635],[5.7062575,50.0180284],[5.7059276,50.0179774],[5.7052521,50.0177539],[5.7047877,50.0185461]]]}},{"type":"Feature","properties":{"t":"prado"},"geometry":{"type":"Polygon","coordinates":[[[5.7047877,50.0185461],[5.7045865,50.0184961],[5.7045007,50.0185961],[5.7036746,50.0183169],[5.7035029,50.0184186],[5.7034988,50.0185579],[5.7035431,50.0187822],[5.7042485,50.0190097],[5.7043532,50.0188322],[5.7046182,50.0188478],[5.7047877,50.0185461]]]}},{"type":"Feature","properties":{"t":"prado"},"geometry":{"type":"Polygon","coordinates":[[[5.7333291,50.044288],[5.7333009,50.0438471],[5.733325,50.0437119],[5.7333612,50.0433932],[5.7333224,50.0431322],[5.7332137,50.0428317],[5.7330783,50.0426482],[5.7324909,50.0422115],[5.7316594,50.0415914],[5.7308912,50.041031],[5.7300255,50.0416376],[5.730156,50.0417301],[5.7305945,50.0419936],[5.7312302,50.0424113],[5.7314891,50.0425862],[5.732,50.043301],[5.7322468,50.0435878],[5.732448,50.0437455],[5.7333291,50.044288]]]}},{"type":"Feature","properties":{"t":"prado"},"geometry":{"type":"Polygon","coordinates":[[[5.7400829,50.0408765],[5.7399217,50.0404542],[5.7392675,50.0393192],[5.738906,50.0391326],[5.732798,50.0423683],[5.7332432,50.0427197],[5.733431,50.0432502],[5.7333505,50.0439565],[5.7334202,50.0443354],[5.7400829,50.0408765]]]}},{"type":"Feature","properties":{"t":"prado"},"geometry":{"type":"Polygon","coordinates":[[[5.732798,50.0423683],[5.738906,50.0391326],[5.7369874,50.0385102],[5.734204,50.03827],[5.7318527,50.0381097],[5.7302156,50.0374136],[5.7299829,50.0372855],[5.7296707,50.0374191],[5.7289402,50.0389971],[5.7291126,50.039364],[5.7293996,50.0397241],[5.7298636,50.0401099],[5.7301372,50.0403132],[5.7307675,50.0408696],[5.7314542,50.0413795],[5.732798,50.0423683]]]}},{"type":"Feature","properties":{"t":"prado"},"geometry":{"type":"Polygon","coordinates":[[[5.7251841,50.0379953],[5.7254168,50.0365958],[5.7252717,50.0365698],[5.7244867,50.0366946],[5.7243526,50.0379953],[5.7251841,50.0379953]]]}},{"type":"Feature","properties":{"t":"prado"},"geometry":{"type":"Polygon","coordinates":[[[5.7244867,50.0366946],[5.7252717,50.0365698],[5.7254168,50.0365958],[5.7261461,50.0365491],[5.7264438,50.0361322],[5.7265329,50.0360939],[5.7264586,50.0359949],[5.7243959,50.0360009],[5.7235309,50.0361563],[5.7226956,50.0362721],[5.7220477,50.0361839],[5.7214126,50.0360504],[5.7210395,50.0361677],[5.7206619,50.0362381],[5.7209051,50.0364526],[5.7208273,50.0366766],[5.7209641,50.036699],[5.721361,50.0368213],[5.7218921,50.0369333],[5.7223785,50.0370168],[5.7228104,50.0370271],[5.7233146,50.0369651],[5.7238725,50.0368117],[5.7244867,50.0366946]]]}},{"type":"Feature","properties":{"t":"prado"},"geometry":{"type":"Polygon","coordinates":[[[5.7264586,50.0359949],[5.7265329,50.0360939],[5.7268086,50.0360202],[5.7284099,50.0362459],[5.728456,50.036614],[5.7286352,50.0367351],[5.7296707,50.0374191],[5.7299829,50.0372855],[5.729609,50.0370797],[5.7290965,50.0368764],[5.7287725,50.036552],[5.7290241,50.0361591],[5.7289517,50.0360254],[5.7287639,50.035841],[5.7276642,50.0355516],[5.7264586,50.0359949]]]}},{"type":"Feature","properties":{"t":"prado"},"geometry":{"type":"Polygon","coordinates":[[[5.7307394,50.0305035],[5.7309633,50.030158],[5.7310814,50.0301856],[5.7310606,50.0301449],[5.7311164,50.0300731],[5.731076,50.030065],[5.7318056,50.0295679],[5.7321435,50.0292457],[5.7321677,50.029231],[5.731701,50.0286374],[5.731304,50.0281033],[5.7306656,50.0283531],[5.7291314,50.0288976],[5.7278464,50.0293299],[5.7279554,50.0296475],[5.7281599,50.0303924],[5.7284004,50.0309986],[5.7287955,50.0320451],[5.7310089,50.031377],[5.7308547,50.0310815],[5.7307582,50.0309316],[5.7307407,50.0307438],[5.7307394,50.0305035]]]}},{"type":"Feature","properties":{"t":"prado"},"geometry":{"type":"Polygon","coordinates":[[[5.7349233,50.0309887],[5.7357727,50.0306716],[5.7357055,50.0298505],[5.735794,50.0297927],[5.7359442,50.0297333],[5.7359469,50.0296747],[5.7355902,50.0297505],[5.7340693,50.0293594],[5.7332942,50.0294783],[5.7339486,50.0302829],[5.7345441,50.0305758],[5.7347399,50.030724],[5.7349233,50.0309887]]]}},{"type":"Feature","properties":{"t":"prado"},"geometry":{"type":"Polygon","coordinates":[[[5.731701,50.0286374],[5.7321677,50.029231],[5.7321435,50.0292457],[5.7325083,50.0294593],[5.7325298,50.0296988],[5.7325968,50.0297712],[5.7326987,50.0296006],[5.7328597,50.0296626],[5.732637,50.0298487],[5.7325445,50.0299573],[5.7323447,50.0301218],[5.7320926,50.0299478],[5.7319155,50.0301055],[5.7319263,50.030177],[5.7318042,50.0302476],[5.7313228,50.0305664],[5.7309781,50.0308257],[5.7311162,50.0310083],[5.7309104,50.0310659],[5.7310411,50.0312926],[5.7314274,50.0317009],[5.7330018,50.0307964],[5.7333532,50.03111],[5.7318458,50.0318112],[5.7319155,50.0319232],[5.731819,50.0319577],[5.7321144,50.0321083],[5.7333532,50.0315286],[5.7333988,50.0315579],[5.7349233,50.0309887],[5.7347399,50.030724],[5.7343724,50.0308205],[5.7338306,50.0304518],[5.7339486,50.0302829],[5.7332942,50.0294783],[5.7340693,50.0293594],[5.7355902,50.0297505],[5.7339567,50.0278879],[5.731701,50.0286374]]]}},{"type":"Feature","properties":{"t":"prado"},"geometry":{"type":"Polygon","coordinates":[[[5.7308547,50.0310815],[5.7310089,50.031377],[5.7311887,50.0315355],[5.7313737,50.0317302],[5.7321516,50.0322213],[5.7322174,50.0321847],[5.7321144,50.0321083],[5.731819,50.0319577],[5.7314274,50.0317009],[5.7310411,50.0312926],[5.7309104,50.0310659],[5.7308547,50.0310815]]]}},{"type":"Feature","properties":{"t":"prado"},"geometry":{"type":"Polygon","coordinates":[[[5.7405227,50.0333274],[5.7387257,50.0313598],[5.7384011,50.031458],[5.7375482,50.0315855],[5.7373014,50.0315717],[5.7376045,50.0334876],[5.737288,50.0334962],[5.7368399,50.0334612],[5.7363211,50.0334293],[5.7365262,50.0337857],[5.7365818,50.0340987],[5.7366845,50.0340837],[5.7373738,50.034113],[5.7375804,50.0343921],[5.7389134,50.0344765],[5.7386774,50.0342181],[5.7389489,50.0342606],[5.7392081,50.0342933],[5.7405227,50.0333274]]]}},{"type":"Feature","properties":{"t":"prado"},"geometry":{"type":"Polygon","coordinates":[[[5.7405227,50.0333274],[5.7392081,50.0342933],[5.7396913,50.0343542],[5.7410538,50.0346988],[5.741381,50.0349331],[5.7417169,50.0351082],[5.7418585,50.0350365],[5.7408875,50.0340407],[5.7410377,50.0340028],[5.7405227,50.0333274]]]}},{"type":"Feature","properties":{"t":"prado"},"geometry":{"type":"Polygon","coordinates":[[[5.7415849,50.0343508],[5.7427597,50.0355912],[5.7428563,50.035574],[5.7438648,50.03668],[5.7466874,50.0355416],[5.7462482,50.0354096],[5.7457055,50.0351532],[5.7459707,50.0348896],[5.7461832,50.0345105],[5.746591,50.0340408],[5.746826,50.0338148],[5.7462975,50.0322579],[5.7458732,50.0322218],[5.7452097,50.0320997],[5.7450997,50.0320695],[5.7448907,50.032086],[5.7445437,50.0321694],[5.7446649,50.0325246],[5.7437861,50.0329138],[5.7435172,50.0330352],[5.7430038,50.033263],[5.7431594,50.0335014],[5.7424888,50.0339183],[5.7415849,50.0343508]]]}},{"type":"Feature","properties":{"t":"prado"},"geometry":{"type":"Polygon","coordinates":[[[5.7378137,50.0300986],[5.7386962,50.0310092],[5.7397503,50.0305896],[5.7399246,50.0306964],[5.7401794,50.0305224],[5.7390909,50.0296764],[5.7389305,50.0294188],[5.7382134,50.0299228],[5.7378137,50.0300986]]]}},{"type":"Feature","properties":{"t":"lavoura"},"geometry":{"type":"Polygon","coordinates":[[[5.7477298,50.0384648],[5.7481135,50.0386834],[5.7484061,50.0388502],[5.7496074,50.0395346],[5.7504389,50.038985],[5.7514152,50.0391487],[5.7517397,50.0379962],[5.7479551,50.0375845],[5.7477298,50.0384648]]]}},{"type":"Feature","properties":{"t":"prado"},"geometry":{"type":"Polygon","coordinates":[[[5.7456028,50.0422925],[5.7464209,50.0419566],[5.7462986,50.0417561],[5.7451656,50.042041],[5.7456028,50.0422925]]]}},{"type":"Feature","properties":{"t":"prado"},"geometry":{"type":"Polygon","coordinates":[[[5.7434651,50.0402185],[5.7437693,50.0408375],[5.7442483,50.0418119],[5.7443073,50.0418067],[5.7444951,50.0421426],[5.7449403,50.0420668],[5.7449591,50.0420978],[5.7451656,50.042041],[5.7451361,50.0419859],[5.7449216,50.0415346],[5.7459033,50.0412624],[5.7457852,50.0410608],[5.7464156,50.0408817],[5.7463351,50.0406698],[5.745266,50.0409446],[5.7446721,50.0411177],[5.7444549,50.0406836],[5.7446614,50.0406078],[5.7443057,50.0399208],[5.7434651,50.0402185]]]}},{"type":"Feature","properties":{"t":"prado"},"geometry":{"type":"Polygon","coordinates":[[[5.7446614,50.0406078],[5.7444549,50.0406836],[5.7446721,50.0411177],[5.745266,50.0409446],[5.7450047,50.0405819],[5.7448411,50.0406164],[5.7447928,50.0405544],[5.7446614,50.0406078]]]}},{"type":"Feature","properties":{"t":"prado"},"geometry":{"type":"Polygon","coordinates":[[[5.7459033,50.0412624],[5.7449216,50.0415346],[5.7451361,50.0419859],[5.7459623,50.0417774],[5.7458174,50.0415035],[5.7466516,50.0412917],[5.7465282,50.0410832],[5.7459033,50.0412624]]]}},{"type":"Feature","properties":{"t":"prado"},"geometry":{"type":"Polygon","coordinates":[[[5.7427654,50.0401252],[5.7434651,50.0402185],[5.7443057,50.0399208],[5.7455282,50.0395036],[5.7454343,50.0393577],[5.7449403,50.0395105],[5.7441384,50.0398447],[5.743964,50.0396758],[5.7448304,50.0393692],[5.744935,50.0394846],[5.7454199,50.0393353],[5.7452097,50.0390092],[5.7433873,50.0396104],[5.7434094,50.0396305],[5.7426149,50.0399118],[5.7427654,50.0401252]]]}},{"type":"Feature","properties":{"t":"prado"},"geometry":{"type":"Polygon","coordinates":[[[5.7433122,50.0364698],[5.7428348,50.0359496],[5.7415259,50.0354672],[5.7410388,50.0372327],[5.7427826,50.0389965],[5.7428589,50.0389661],[5.7432371,50.0392021],[5.7445729,50.0385716],[5.7447472,50.0384028],[5.7431969,50.0364871],[5.7433122,50.0364698]]]}},{"type":"Feature","properties":{"t":"prado"},"geometry":{"type":"Polygon","coordinates":[[[5.7168384,50.0350021],[5.7151625,50.0344438],[5.7149382,50.0347622],[5.7149654,50.0347848],[5.7152068,50.0351879],[5.7156628,50.0354429],[5.7158827,50.035691],[5.7164728,50.0358047],[5.7167839,50.0352879],[5.7169327,50.0352466],[5.7168384,50.0350021]]]}},{"type":"Feature","properties":{"t":"prado"},"geometry":{"type":"Polygon","coordinates":[[[5.7197585,50.0360551],[5.7193363,50.0355987],[5.7186127,50.0352943],[5.7174039,50.0350303],[5.7172158,50.0351759],[5.7172614,50.0355325],[5.7172721,50.035884],[5.7176583,50.035977],[5.7180131,50.0359974],[5.718247,50.0362114],[5.7186734,50.0363494],[5.7187378,50.0363544],[5.7198107,50.0363751],[5.7197585,50.0360551]]]}},{"type":"Feature","properties":{"t":"prado"},"geometry":{"type":"Polygon","coordinates":[[[5.7198107,50.0363751],[5.7187378,50.0363544],[5.7187405,50.0366128],[5.718534,50.0366404],[5.7184498,50.0370591],[5.7190517,50.0374725],[5.7200512,50.0378618],[5.7202136,50.0378919],[5.7210177,50.037836],[5.7218617,50.0378432],[5.7218712,50.0369858],[5.7213315,50.0368833],[5.7209024,50.0367438],[5.7205859,50.0367868],[5.7204974,50.0366921],[5.7200146,50.0367317],[5.7196176,50.0367041],[5.7196149,50.0366645],[5.7199475,50.0366456],[5.7204545,50.0365784],[5.720543,50.0364371],[5.7204071,50.0363586],[5.7198107,50.0363751]]]}},{"type":"Feature","properties":{"t":"prado"},"geometry":{"type":"Polygon","coordinates":[[[5.7470507,50.0396833],[5.7468838,50.0397766],[5.7469774,50.0401881],[5.7474211,50.0401565],[5.7474844,50.040265],[5.7477849,50.0404709],[5.7472182,50.0408082],[5.7473965,50.0410746],[5.7496074,50.0395346],[5.7484061,50.0388502],[5.7470507,50.0396833]]]}},{"type":"Feature","properties":{"t":"prado"},"geometry":{"type":"Polygon","coordinates":[[[5.7471486,50.0392818],[5.7472296,50.0393632],[5.7470606,50.0394459],[5.7471223,50.0395027],[5.7469466,50.0395854],[5.7470507,50.0396833],[5.7484061,50.0388502],[5.7481135,50.0386834],[5.7471486,50.0392818]]]}},{"type":"Feature","properties":{"t":"prado"},"geometry":{"type":"Polygon","coordinates":[[[5.7471486,50.0392818],[5.7481135,50.0386834],[5.7477298,50.0384648],[5.7468536,50.0389855],[5.7471486,50.0392818]]]}},{"type":"Feature","properties":{"t":"lavoura"},"geometry":{"type":"Polygon","coordinates":[[[5.7496074,50.0395346],[5.7473965,50.0410746],[5.7471894,50.0412234],[5.7474359,50.0414387],[5.7480028,50.0410619],[5.7486659,50.0405957],[5.7492321,50.041039],[5.7494867,50.0412383],[5.7497415,50.0410763],[5.7500258,50.0408334],[5.7500607,50.0407749],[5.7507366,50.0408886],[5.7512274,50.0397034],[5.7514152,50.0391487],[5.7504389,50.038985],[5.7496074,50.0395346]]]}},{"type":"Feature","properties":{"t":"prado"},"geometry":{"type":"Polygon","coordinates":[[[5.7578685,50.0461249],[5.756962,50.0459993],[5.7569513,50.0466142],[5.757359,50.0466039],[5.757646,50.0465677],[5.7578753,50.0465186],[5.7578109,50.0462439],[5.757819,50.0461845],[5.7578685,50.0461249]]]}},{"type":"Feature","properties":{"t":"prado"},"geometry":{"type":"Polygon","coordinates":[[[5.757257,50.0452828],[5.7572651,50.0453345],[5.756962,50.0459993],[5.7578685,50.0461249],[5.7579021,50.0460846],[5.7578686,50.0455911],[5.757257,50.0452828]]]}},{"type":"Feature","properties":{"t":"prado"},"geometry":{"type":"Polygon","coordinates":[[[5.7587162,50.0461578],[5.7582656,50.0457892],[5.7578686,50.0455911],[5.7579021,50.0460846],[5.7578685,50.0461249],[5.757819,50.0461845],[5.7578109,50.0462439],[5.7578753,50.0465186],[5.7580724,50.0464558],[5.7583192,50.0463498],[5.7585499,50.0462293],[5.7587162,50.0461578]]]}},{"type":"Feature","properties":{"t":"prado"},"geometry":{"type":"Polygon","coordinates":[[[5.7563357,50.0445886],[5.75592,50.0449943],[5.7563451,50.0452759],[5.7564551,50.0452948],[5.757257,50.0452828],[5.7578686,50.0455911],[5.7582656,50.0457892],[5.7587162,50.0461578],[5.7587966,50.0461251],[5.7589965,50.0457134],[5.7563357,50.0445886]]]}},{"type":"Feature","properties":{"t":"prado"},"geometry":{"type":"Polygon","coordinates":[[[5.7566022,50.0443255],[5.7563357,50.0445886],[5.7589965,50.0457134],[5.7592687,50.0454413],[5.7566022,50.0443255]]]}},{"type":"Feature","properties":{"t":"prado"},"geometry":{"type":"Polygon","coordinates":[[[5.7554278,50.0434742],[5.7552508,50.0436163],[5.7551193,50.043705],[5.7566022,50.0443255],[5.7592687,50.0454413],[5.7596026,50.0451157],[5.7554278,50.0434742]]]}},{"type":"Feature","properties":{"t":"prado"},"geometry":{"type":"Polygon","coordinates":[[[5.7597327,50.0446825],[5.7595101,50.0446317],[5.7556826,50.0432227],[5.7554278,50.0434742],[5.7596026,50.0451157],[5.7597327,50.0446825]]]}},{"type":"Feature","properties":{"t":"prado"},"geometry":{"type":"Polygon","coordinates":[[[5.7556826,50.0432227],[5.7595101,50.0446317],[5.7597327,50.0446825],[5.7598065,50.0444069],[5.7558703,50.0429367],[5.7557738,50.0431055],[5.7556826,50.0432227]]]}},{"type":"Feature","properties":{"t":"prado"},"geometry":{"type":"Polygon","coordinates":[[[5.7598065,50.0444069],[5.7597327,50.0446825],[5.7596026,50.0451157],[5.7592687,50.0454413],[5.7589965,50.0457134],[5.7587966,50.0461251],[5.7590219,50.0460639],[5.7592271,50.0460329],[5.759439,50.0460157],[5.7599272,50.0452406],[5.7603925,50.0448074],[5.7601136,50.044313],[5.7598494,50.0442562],[5.7598065,50.0444069]]]}},{"type":"Feature","properties":{"t":"prado"},"geometry":{"type":"Polygon","coordinates":[[[5.7624525,50.0462164],[5.7623881,50.0463163],[5.7622351,50.0470516],[5.7624122,50.0470586],[5.7624578,50.0470948],[5.7636525,50.0470758],[5.7638391,50.0463318],[5.7634315,50.0462542],[5.7624525,50.0462164]]]}},{"type":"Feature","properties":{"t":"prado"},"geometry":{"type":"Polygon","coordinates":[[[5.7558703,50.0429367],[5.7598065,50.0444069],[5.7598494,50.0442562],[5.7599513,50.0440124],[5.7600787,50.0435586],[5.7559937,50.0426353],[5.7558703,50.0429367]]]}},{"type":"Feature","properties":{"t":"prado"},"geometry":{"type":"Polygon","coordinates":[[[5.7603925,50.0448074],[5.7599272,50.0452406],[5.759439,50.0460157],[5.7601672,50.0460407],[5.7608069,50.0460682],[5.7612045,50.0460584],[5.7612596,50.0450735],[5.7606681,50.0448891],[5.7605642,50.0449658],[5.760422,50.0449314],[5.7604634,50.0448241],[5.7603925,50.0448074]]]}},{"type":"Feature","properties":{"t":"prado"},"geometry":{"type":"Polygon","coordinates":[[[5.7604634,50.0448241],[5.7606313,50.0443888],[5.7609263,50.0435792],[5.760996,50.0435982],[5.760811,50.0443406],[5.7607788,50.0448074],[5.7606681,50.0448891],[5.7612596,50.0450735],[5.7612616,50.0450382],[5.7614976,50.0443492],[5.7618603,50.0437465],[5.760119,50.0433501],[5.7600787,50.0435586],[5.7599513,50.0440124],[5.7598494,50.0442562],[5.7601136,50.044313],[5.7603925,50.0448074],[5.7604634,50.0448241]]]}},{"type":"Feature","properties":{"t":"prado"},"geometry":{"type":"Polygon","coordinates":[[[5.7560581,50.0423287],[5.7559937,50.0426353],[5.7600787,50.0435586],[5.760119,50.0433501],[5.7601592,50.0429798],[5.7560581,50.0423287]]]}},{"type":"Feature","properties":{"t":"prado"},"geometry":{"type":"Polygon","coordinates":[[[5.7602048,50.0422735],[5.7602155,50.0425543],[5.7601592,50.0429798],[5.7560581,50.0423287],[5.756101,50.0420806],[5.7561976,50.0417482],[5.7567662,50.0418515],[5.7602048,50.0422735]]]}},{"type":"Feature","properties":{"t":"prado"},"geometry":{"type":"Polygon","coordinates":[[[5.7603724,50.0413993],[5.7561117,50.0407146],[5.7561815,50.0413278],[5.7562217,50.0415501],[5.7568252,50.0416689],[5.7567662,50.0418515],[5.7602048,50.0422735],[5.7602853,50.0417654],[5.7603724,50.0413993]]]}},{"type":"Feature","properties":{"t":"prado"},"geometry":{"type":"Polygon","coordinates":[[[5.7561117,50.0407146],[5.7603724,50.0413993],[5.7605615,50.0409041],[5.7607466,50.0404217],[5.7605991,50.0403408],[5.7605025,50.0403287],[5.7598668,50.0406216],[5.7590783,50.0406681],[5.7590246,50.040532],[5.7591587,50.0405182],[5.7595852,50.0404751],[5.759789,50.0404011],[5.7594028,50.0401254],[5.7593965,50.0400818],[5.7577533,50.0397017],[5.7569057,50.0394898],[5.756785,50.0395036],[5.7562405,50.0403769],[5.7561251,50.0405578],[5.7561117,50.0407146]]]}},{"type":"Feature","properties":{"t":"prado"},"geometry":{"type":"Polygon","coordinates":[[[5.7607466,50.0404217],[5.7605615,50.0409041],[5.7603724,50.0413993],[5.7602853,50.0417654],[5.7602048,50.0422735],[5.7612723,50.0423442],[5.7620877,50.0423958],[5.7619911,50.0419497],[5.7617524,50.0410677],[5.761385,50.040675],[5.761342,50.0405148],[5.7612267,50.0404097],[5.7610202,50.0403218],[5.7607976,50.040277],[5.7607231,50.0402739],[5.7608083,50.0403563],[5.7607466,50.0404217]]]}},{"type":"Feature","properties":{"t":"prado"},"geometry":{"type":"Polygon","coordinates":[[[5.7598937,50.0537066],[5.7599956,50.0537256],[5.7608646,50.0532881],[5.7614386,50.0529954],[5.7617229,50.052886],[5.7605964,50.0518828],[5.7604475,50.0518045],[5.7596791,50.0521704],[5.759435,50.0520017],[5.7591507,50.0517192],[5.7582065,50.0508391],[5.7576102,50.0501508],[5.7571605,50.050288],[5.7577828,50.051113],[5.7584935,50.0519793],[5.759038,50.0524425],[5.7593277,50.0527835],[5.7598937,50.0537066]]]}},{"type":"Feature","properties":{"t":"prado"},"geometry":{"type":"Polygon","coordinates":[[[5.7576102,50.0501508],[5.7582065,50.0508391],[5.7591507,50.0517192],[5.759435,50.0520017],[5.7596791,50.0521704],[5.7604475,50.0518045],[5.7602169,50.0516408],[5.760009,50.0514307],[5.7617095,50.0506652],[5.7615834,50.050598],[5.7609048,50.0503845],[5.7605776,50.0502088],[5.7599688,50.0498316],[5.7597944,50.0496783],[5.7594752,50.0495819],[5.7576102,50.0501508]]]}},{"type":"Feature","properties":{"t":"prado"},"geometry":{"type":"Polygon","coordinates":[[[5.7617095,50.0506652],[5.760009,50.0514307],[5.7602169,50.0516408],[5.7604475,50.0518045],[5.7605964,50.0518828],[5.7617229,50.052886],[5.7618919,50.0528145],[5.7621145,50.0526768],[5.7622915,50.0524856],[5.7624257,50.0521377],[5.7625356,50.051671],[5.7626134,50.0512111],[5.7617095,50.0506652]]]}},{"type":"Feature","properties":{"t":"prado"},"geometry":{"type":"Polygon","coordinates":[[[5.7571605,50.050288],[5.7576102,50.0501508],[5.7594752,50.0495819],[5.7590166,50.0494372],[5.7586974,50.0492495],[5.7568198,50.0498316],[5.7571605,50.050288]]]}},{"type":"Feature","properties":{"t":"prado"},"geometry":{"type":"Polygon","coordinates":[[[5.7622808,50.0490996],[5.7623881,50.0490256],[5.7618413,50.047859],[5.7621521,50.0478216],[5.7621118,50.0476391],[5.7621118,50.0474358],[5.7621919,50.0470499],[5.7623506,50.0462577],[5.7617927,50.0461681],[5.761385,50.0462181],[5.7610792,50.046163],[5.7611792,50.0460795],[5.76065,50.0461044],[5.7599446,50.0460631],[5.7593787,50.0460562],[5.7590193,50.0461096],[5.7588235,50.0461569],[5.7588369,50.0462],[5.7586384,50.0470379],[5.7585083,50.0472076],[5.7581395,50.0475753],[5.7579276,50.0476907],[5.7581341,50.047832],[5.7585767,50.0481506],[5.7589012,50.0486311],[5.7581744,50.0488533],[5.7582682,50.0489808],[5.7586974,50.0492495],[5.7590166,50.0494372],[5.7594752,50.0495819],[5.7597944,50.0496783],[5.7599688,50.0498316],[5.7605776,50.0502088],[5.7609048,50.0503845],[5.7615834,50.050598],[5.7617095,50.0506652],[5.7626134,50.0512111],[5.7626483,50.0509821],[5.761731,50.0504723],[5.7605374,50.0498557],[5.7597488,50.0492684],[5.760819,50.0486053],[5.7616961,50.0486363],[5.7622808,50.0490996]]]}},{"type":"Feature","properties":{"t":"prado"},"geometry":{"type":"Polygon","coordinates":[[[5.7622808,50.0490996],[5.7616961,50.0486363],[5.760819,50.0486053],[5.7597488,50.0492684],[5.7605374,50.0498557],[5.761731,50.0504723],[5.7626483,50.0509821],[5.7628146,50.049876],[5.7623944,50.0491985],[5.7622808,50.0490996]]]}},{"type":"Feature","properties":{"t":"prado"},"geometry":{"type":"Polygon","coordinates":[[[5.7568198,50.0498316],[5.7586974,50.0492495],[5.7582682,50.0489808],[5.7581288,50.0490393],[5.757882,50.0488826],[5.7576567,50.0486294],[5.7576406,50.0484934],[5.7576004,50.048316],[5.7576858,50.0480902],[5.7557201,50.0482264],[5.7558355,50.0484796],[5.7561895,50.0489618],[5.7568198,50.0498316]]]}},{"type":"Feature","properties":{"t":"prado"},"geometry":{"type":"Polygon","coordinates":[[[5.7585083,50.0472076],[5.7581395,50.0475753],[5.7579276,50.0476907],[5.7581341,50.047832],[5.7576969,50.048061],[5.7576858,50.0480902],[5.7557201,50.0482264],[5.7553822,50.0473841],[5.7585083,50.0472076]]]}},{"type":"Feature","properties":{"t":"prado"},"geometry":{"type":"Polygon","coordinates":[[[5.7585083,50.0472076],[5.7586384,50.0470379],[5.7588369,50.0462],[5.7588235,50.0461569],[5.7585445,50.0462766],[5.7581542,50.0464695],[5.7579209,50.0465557],[5.757641,50.0466218],[5.7573208,50.0466503],[5.7565677,50.0466607],[5.755806,50.0466521],[5.7554224,50.0465936],[5.7550737,50.0465023],[5.7550496,50.0465539],[5.7553822,50.0473841],[5.7585083,50.0472076]]]}},{"type":"Feature","properties":{"t":"lavoura"},"geometry":{"type":"Polygon","coordinates":[[[5.7535614,50.0519121],[5.7542556,50.0530574],[5.7584265,50.0519552],[5.7577693,50.0511698],[5.7572544,50.0504809],[5.7534537,50.0515514],[5.7536548,50.0518794],[5.7535614,50.0519121]]]}},{"type":"Feature","properties":{"t":"lavoura"},"geometry":{"type":"Polygon","coordinates":[[[5.7534537,50.0515514],[5.7572544,50.0504809],[5.7561976,50.0490789],[5.753628,50.0497627],[5.7524505,50.0500676],[5.7524876,50.0501244],[5.7525605,50.0500951],[5.7534537,50.0515514]]]}},{"type":"Feature","properties":{"t":"prado"},"geometry":{"type":"Polygon","coordinates":[[[5.753628,50.0497627],[5.7561976,50.0490789],[5.7557684,50.0484813],[5.7556558,50.0482419],[5.7529461,50.0484104],[5.7530854,50.0490215],[5.753628,50.0497627]]]}},{"type":"Feature","properties":{"t":"prado"},"geometry":{"type":"Polygon","coordinates":[[[5.7523942,50.0499697],[5.7524505,50.0500676],[5.753628,50.0497627],[5.7530854,50.0490215],[5.7524103,50.0491892],[5.7523084,50.0491272],[5.7519009,50.0492008],[5.7521021,50.0495238],[5.752185,50.0495061],[5.7524666,50.0499367],[5.7523942,50.0499697]]]}},{"type":"Feature","properties":{"t":"prado"},"geometry":{"type":"Polygon","coordinates":[[[5.7529461,50.0484104],[5.7556558,50.0482419],[5.7554921,50.0478079],[5.752759,50.0477045],[5.7528061,50.0480032],[5.7528582,50.0481627],[5.7530353,50.0481369],[5.7530771,50.048251],[5.7529095,50.0482922],[5.7529461,50.0484104]]]}},{"type":"Feature","properties":{"t":"prado"},"geometry":{"type":"Polygon","coordinates":[[[5.7528061,50.0480032],[5.752759,50.0477045],[5.7527106,50.0474284],[5.7518122,50.0474651],[5.7509136,50.0476649],[5.7512682,50.0482564],[5.752075,50.0480748],[5.7521045,50.048154],[5.7528061,50.0480032]]]}},{"type":"Feature","properties":{"t":"prado"},"geometry":{"type":"Polygon","coordinates":[[[5.7527106,50.0474284],[5.752759,50.0477045],[5.7554921,50.0478079],[5.7553178,50.0473308],[5.7527778,50.047131],[5.7527402,50.0474272],[5.7527106,50.0474284]]]}},{"type":"Feature","properties":{"t":"prado"},"geometry":{"type":"Polygon","coordinates":[[[5.7527778,50.047131],[5.7553178,50.0473308],[5.7550791,50.0467985],[5.7527965,50.0465419],[5.7527778,50.047131]]]}},{"type":"Feature","properties":{"t":"prado"},"geometry":{"type":"Polygon","coordinates":[[[5.7514366,50.0470345],[5.7508097,50.0470585],[5.7508466,50.0471344],[5.7507151,50.0471706],[5.7508519,50.0473945],[5.750758,50.047422],[5.7509136,50.0476649],[5.7518122,50.0474651],[5.7527106,50.0474284],[5.7527402,50.0474272],[5.7527778,50.047131],[5.7527965,50.0465419],[5.7519355,50.046442],[5.7520616,50.0467021],[5.7514018,50.0468175],[5.7514366,50.0470345]]]}},{"type":"Feature","properties":{"t":"prado"},"geometry":{"type":"Polygon","coordinates":[[[5.7508097,50.0470585],[5.7514366,50.0470345],[5.7514018,50.0468175],[5.7520616,50.0467021],[5.7519355,50.046442],[5.7511255,50.0454499],[5.7506224,50.0453197],[5.7505321,50.045632],[5.750168,50.0456324],[5.7496828,50.0455986],[5.7503262,50.0467331],[5.7504469,50.0467107],[5.7506427,50.0470224],[5.7507956,50.0470293],[5.7508097,50.0470585]]]}},{"type":"Feature","properties":{"t":"prado"},"geometry":{"type":"Polygon","coordinates":[[[5.7552159,50.045443],[5.7544461,50.0461905],[5.7550603,50.0464592],[5.7555014,50.0465593],[5.7559347,50.0466073],[5.7569513,50.0466142],[5.756962,50.0459993],[5.7552159,50.045443]]]}},{"type":"Feature","properties":{"t":"prado"},"geometry":{"type":"Polygon","coordinates":[[[5.7544461,50.0461905],[5.7552159,50.045443],[5.756962,50.0459993],[5.7572651,50.0453345],[5.757257,50.0452828],[5.7564551,50.0452948],[5.7563451,50.0452759],[5.75592,50.0449943],[5.755873,50.0449727],[5.7555726,50.0451536],[5.7548028,50.0449021],[5.7545116,50.0446234],[5.7542461,50.0443875],[5.753856,50.0449021],[5.7537195,50.0450135],[5.7541674,50.0453389],[5.7541135,50.0454309],[5.7534873,50.0457725],[5.7540062,50.0460062],[5.7544461,50.0461905]]]}},{"type":"Feature","properties":{"t":"prado"},"geometry":{"type":"Polygon","coordinates":[[[5.7527965,50.0465419],[5.7550791,50.0467985],[5.7549718,50.0465471],[5.7547814,50.0463955],[5.75377,50.0459459],[5.7533889,50.0462686],[5.7536039,50.046361],[5.7534764,50.0464676],[5.7527869,50.0463784],[5.7527965,50.0465419]]]}},{"type":"Feature","properties":{"t":"prado"},"geometry":{"type":"Polygon","coordinates":[[[5.7511255,50.0454499],[5.7519355,50.046442],[5.7527965,50.0465419],[5.7527869,50.0463784],[5.7527912,50.0461492],[5.7522869,50.0458925],[5.7514286,50.0454654],[5.7512242,50.045304],[5.7511255,50.0454499]]]}},{"type":"Feature","properties":{"t":"prado"},"geometry":{"type":"Polygon","coordinates":[[[5.7513193,50.0451632],[5.7512242,50.045304],[5.7514286,50.0454654],[5.7522869,50.0458925],[5.7523754,50.0455722],[5.7513193,50.0451632]]]}},{"type":"Feature","properties":{"t":"prado"},"geometry":{"type":"Polygon","coordinates":[[[5.7506224,50.0453197],[5.7511255,50.0454499],[5.7512242,50.045304],[5.7513193,50.0451632],[5.7508692,50.0449889],[5.7509646,50.0448935],[5.7504442,50.0446093],[5.7503852,50.0446317],[5.7502162,50.0445283],[5.7499856,50.0446713],[5.7502216,50.0448212],[5.7501358,50.044897],[5.7503977,50.0450864],[5.7502672,50.0452311],[5.7506224,50.0453197]]]}},{"type":"Feature","properties":{"t":"prado"},"geometry":{"type":"Polygon","coordinates":[[[5.7544759,50.044043],[5.7549519,50.0443579],[5.755873,50.0449727],[5.75592,50.0449943],[5.7563357,50.0445886],[5.7566022,50.0443255],[5.7551193,50.043705],[5.7548511,50.0438514],[5.7545963,50.0439737],[5.7544759,50.044043]]]}},{"type":"Feature","properties":{"t":"prado"},"geometry":{"type":"Polygon","coordinates":[[[5.7549519,50.0443579],[5.7545116,50.0446234],[5.7548028,50.0449021],[5.7555726,50.0451536],[5.755873,50.0449727],[5.7549519,50.0443579]]]}},{"type":"Feature","properties":{"t":"prado"},"geometry":{"type":"Polygon","coordinates":[[[5.7492321,50.041039],[5.7484149,50.0416213],[5.7486627,50.0417929],[5.7482374,50.0420666],[5.7494033,50.042878],[5.7499159,50.0428591],[5.7507366,50.0408886],[5.7500607,50.0407749],[5.7500258,50.0408334],[5.7497415,50.0410763],[5.7494867,50.0412383],[5.7492321,50.041039]]]}},{"type":"Feature","properties":{"t":"lavoura"},"geometry":{"type":"Polygon","coordinates":[[[5.7484149,50.0416213],[5.7492321,50.041039],[5.7486659,50.0405957],[5.7480028,50.0410619],[5.7483001,50.0412645],[5.7476958,50.0416716],[5.7480084,50.0419045],[5.7484149,50.0416213]]]}},{"type":"Feature","properties":{"t":"prado"},"geometry":{"type":"Polygon","coordinates":[[[5.7501243,50.0426805],[5.7501841,50.0426921],[5.750412,50.0427335],[5.7508841,50.0425974],[5.7511657,50.0419256],[5.7514635,50.0411969],[5.7514769,50.041147],[5.7518229,50.0403029],[5.7511389,50.0401823],[5.7501243,50.0426805]]]}},{"type":"Feature","properties":{"t":"prado"},"geometry":{"type":"Polygon","coordinates":[[[5.750412,50.0427335],[5.7501841,50.0426921],[5.750117,50.0428368],[5.7502297,50.0429608],[5.750412,50.0427335]]]}},{"type":"Feature","properties":{"t":"prado"},"geometry":{"type":"Polygon","coordinates":[[[5.7508841,50.0425974],[5.750412,50.0427335],[5.7502297,50.0429608],[5.7503101,50.0429367],[5.7506319,50.0430762],[5.7508466,50.0429281],[5.7511416,50.0427214],[5.7508841,50.0425974]]]}},{"type":"Feature","properties":{"t":"prado"},"geometry":{"type":"Polygon","coordinates":[[[5.7512484,50.0430913],[5.7508466,50.0429281],[5.7506319,50.0430762],[5.7509699,50.0432227],[5.7512484,50.0430913]]]}},{"type":"Feature","properties":{"t":"prado"},"geometry":{"type":"Polygon","coordinates":[[[5.7511416,50.0427214],[5.7508466,50.0429281],[5.7512484,50.0430913],[5.7515826,50.0429337],[5.7511416,50.0427214]]]}},{"type":"Feature","properties":{"t":"prado"},"geometry":{"type":"Polygon","coordinates":[[[5.7524328,50.0425327],[5.7511657,50.0419256],[5.7508841,50.0425974],[5.7511416,50.0427214],[5.7515826,50.0429337],[5.7524328,50.0425327]]]}},{"type":"Feature","properties":{"t":"prado"},"geometry":{"type":"Polygon","coordinates":[[[5.7514635,50.0411969],[5.7511657,50.0419256],[5.7524328,50.0425327],[5.7527778,50.04237],[5.7531264,50.0415173],[5.7527,50.0414364],[5.7524425,50.0416861],[5.7523781,50.0416655],[5.7525337,50.0415259],[5.7525659,50.041426],[5.7514635,50.0411969]]]}},{"type":"Feature","properties":{"t":"prado"},"geometry":{"type":"Polygon","coordinates":[[[5.7526217,50.0434704],[5.7518624,50.0440971],[5.7526436,50.0444612],[5.7530301,50.0446943],[5.7536202,50.0444736],[5.7539602,50.044693],[5.7542315,50.0442682],[5.7526217,50.0434704]]]}},{"type":"Feature","properties":{"t":"prado"},"geometry":{"type":"Polygon","coordinates":[[[5.7532667,50.0414533],[5.7533088,50.0414605],[5.752987,50.0422908],[5.7528824,50.0424424],[5.7518604,50.0429333],[5.750978,50.0433295],[5.7514045,50.0436085],[5.7506856,50.0440478],[5.751147,50.0442906],[5.7518148,50.0437722],[5.7525364,50.0434535],[5.7526217,50.0434704],[5.7542315,50.0442682],[5.7544032,50.044034],[5.7544836,50.0439771],[5.7550254,50.0437256],[5.7552454,50.0435723],[5.7555217,50.0433277],[5.7557791,50.0430246],[5.7559133,50.0427197],[5.7560259,50.0421685],[5.7561547,50.0415724],[5.7560286,50.0406853],[5.7560796,50.0405079],[5.7565892,50.0397361],[5.7516485,50.0388851],[5.7514313,50.0394691],[5.7539123,50.0398946],[5.7532667,50.0414533]]]}},{"type":"Feature","properties":{"t":"prado"},"geometry":{"type":"Polygon","coordinates":[[[5.7511389,50.0401823],[5.7518229,50.0403029],[5.7514769,50.041147],[5.7532667,50.0414533],[5.7539123,50.0398946],[5.7514313,50.0394691],[5.7511389,50.0401823]]]}},{"type":"Feature","properties":{"t":"prado"},"geometry":{"type":"Polygon","coordinates":[[[5.7665868,50.0576725],[5.7642201,50.0565602],[5.7641476,50.0566273],[5.7642519,50.0566779],[5.7652523,50.0571632],[5.7655883,50.0573262],[5.7658692,50.0574625],[5.7663026,50.0576727],[5.7664302,50.0577346],[5.7666933,50.05783],[5.7665868,50.0576725]]]}},{"type":"Feature","properties":{"t":"prado"},"geometry":{"type":"Polygon","coordinates":[[[5.7639036,50.0554753],[5.7638271,50.0555157],[5.7629742,50.0558601],[5.7633939,50.0562416],[5.7641476,50.0566273],[5.7642201,50.0565602],[5.7665868,50.0576725],[5.7657784,50.0564775],[5.7639036,50.0554753]]]}},{"type":"Feature","properties":{"t":"prado"},"geometry":{"type":"Polygon","coordinates":[[[5.761857,50.0546194],[5.7620113,50.054894],[5.7621923,50.0549173],[5.7623371,50.0551644],[5.7626952,50.0554908],[5.7627845,50.0556091],[5.7629742,50.0558601],[5.7638271,50.0555157],[5.7639036,50.0554753],[5.7634395,50.0551722],[5.7631713,50.054938],[5.7625195,50.0548105],[5.761857,50.0546194]]]}},{"type":"Feature","properties":{"t":"prado"},"geometry":{"type":"Polygon","coordinates":[[[5.761106,50.0532072],[5.7609263,50.0533105],[5.7613876,50.053841],[5.761857,50.0546194],[5.7625195,50.0548105],[5.7631713,50.054938],[5.7631847,50.0548312],[5.7633108,50.0545866],[5.7632437,50.0543128],[5.7627636,50.0537032],[5.7621977,50.0532003],[5.7618427,50.0529365],[5.7616881,50.0530212],[5.7611918,50.0532675],[5.761106,50.0532072]]]}},{"type":"Feature","properties":{"t":"prado"},"geometry":{"type":"Polygon","coordinates":[[[5.7633108,50.0545866],[5.7631847,50.0548312],[5.7631713,50.054938],[5.7634395,50.0551722],[5.7639036,50.0554753],[5.7649275,50.0544586],[5.7647002,50.0542336],[5.7633108,50.0545866]]]}},{"type":"Feature","properties":{"t":"prado"},"geometry":{"type":"Polygon","coordinates":[[[5.7649275,50.0544586],[5.7639036,50.0554753],[5.7657784,50.0564775],[5.7656161,50.0548463],[5.7651857,50.0547141],[5.7649275,50.0544586]]]}},{"type":"Feature","properties":{"t":"prado"},"geometry":{"type":"Polygon","coordinates":[[[5.7656161,50.0548463],[5.7657784,50.0564775],[5.7665868,50.0576725],[5.7666933,50.05783],[5.766736,50.057893],[5.7667708,50.0578569],[5.7664651,50.0573196],[5.7663095,50.0570802],[5.7676345,50.0544764],[5.766449,50.0543387],[5.7662263,50.0544454],[5.7657409,50.0548846],[5.7656161,50.0548463]]]}},{"type":"Feature","properties":{"t":"prado"},"geometry":{"type":"Polygon","coordinates":[[[5.7676345,50.0544764],[5.7663095,50.0570802],[5.7664651,50.0573196],[5.7676291,50.0560694],[5.7683319,50.0551601],[5.7685813,50.0545798],[5.7676345,50.0544764]]]}},{"type":"Feature","properties":{"t":"prado"},"geometry":{"type":"Polygon","coordinates":[[[5.7685813,50.0545798],[5.7683319,50.0551601],[5.7676291,50.0560694],[5.7664651,50.0573196],[5.7667708,50.0578569],[5.7678705,50.0569631],[5.7695737,50.0556061],[5.7697749,50.0554632],[5.7699305,50.0551498],[5.7700565,50.0547434],[5.7685813,50.0545798]]]}},{"type":"Feature","properties":{"t":"prado"},"geometry":{"type":"Polygon","coordinates":[[[5.7632866,50.0630278],[5.7634181,50.0631277],[5.7635039,50.0630037],[5.764466,50.0633063],[5.7645768,50.0631552],[5.763512,50.0626817],[5.7632866,50.0630278]]]}},{"type":"Feature","properties":{"t":"prado"},"geometry":{"type":"Polygon","coordinates":[[[5.7642724,50.0621677],[5.7640028,50.062222],[5.7637775,50.0623175],[5.763512,50.0626817],[5.7645768,50.0631552],[5.7650945,50.0633532],[5.7654995,50.0633549],[5.765883,50.0633481],[5.7665831,50.0629279],[5.7656604,50.0624406],[5.765368,50.0626533],[5.7642724,50.0621677]]]}},{"type":"Feature","properties":{"t":"prado"},"geometry":{"type":"Polygon","coordinates":[[[5.7654995,50.0633549],[5.7655504,50.0636597],[5.7656604,50.0636287],[5.7659206,50.063918],[5.7665884,50.0637854],[5.766634,50.0636459],[5.7669532,50.0634651],[5.7672134,50.0631914],[5.767082,50.0631277],[5.7672697,50.0628832],[5.7674253,50.0628832],[5.7675219,50.0627282],[5.767605,50.0626714],[5.7679269,50.0621255],[5.768069,50.0617399],[5.7680261,50.0616434],[5.7680851,50.0615642],[5.7680663,50.0613972],[5.7678708,50.0610395],[5.7675486,50.0610226],[5.7656604,50.0624406],[5.7665831,50.0629279],[5.765883,50.0633481],[5.7654995,50.0633549]]]}},{"type":"Feature","properties":{"t":"prado"},"geometry":{"type":"Polygon","coordinates":[[[5.7659206,50.063918],[5.7656604,50.0636287],[5.7655504,50.0636597],[5.7641505,50.0639416],[5.7640395,50.0640235],[5.7644829,50.0641866],[5.764676,50.0640953],[5.7652554,50.0640178],[5.7659206,50.063918]]]}},{"type":"Feature","properties":{"t":"prado"},"geometry":{"type":"Polygon","coordinates":[[[5.7643059,50.0635547],[5.7641262,50.0634961],[5.7639894,50.0636563],[5.7643086,50.063825],[5.7641505,50.0639416],[5.7655504,50.0636597],[5.7654995,50.0633549],[5.7650945,50.0633532],[5.7645768,50.0631552],[5.764466,50.0633063],[5.7643059,50.0635547]]]}},{"type":"Feature","properties":{"t":"prado"},"geometry":{"type":"Polygon","coordinates":[[[5.7687614,50.0611171],[5.7682339,50.0610711],[5.7682219,50.0614041],[5.7681897,50.0617898],[5.7678571,50.0623735],[5.7676318,50.0627626],[5.7675353,50.0629193],[5.7676104,50.0630467],[5.7672134,50.0634169],[5.7668352,50.0636063],[5.7667252,50.0637423],[5.7668612,50.0637243],[5.7673372,50.0635382],[5.7676846,50.0632733],[5.7679706,50.0629973],[5.7685311,50.0621213],[5.7687614,50.0611171]]]}},{"type":"Feature","properties":{"t":"prado"},"geometry":{"type":"Polygon","coordinates":[[[5.7648598,50.0620308],[5.7656604,50.0624406],[5.7675486,50.0610226],[5.7674697,50.0610185],[5.7672739,50.0607339],[5.7672816,50.0604677],[5.7674294,50.0602866],[5.7674006,50.0602065],[5.7660858,50.0612157],[5.7658094,50.0611738],[5.76547,50.0616538],[5.7652366,50.0618346],[5.7648598,50.0620308]]]}},{"type":"Feature","properties":{"t":"prado"},"geometry":{"type":"Polygon","coordinates":[[[5.7664704,50.0579102],[5.7662478,50.0577225],[5.7663026,50.0576727],[5.7658692,50.0574625],[5.7652286,50.0585095],[5.7646921,50.0595117],[5.7644078,50.060073],[5.7640189,50.0608531],[5.7642281,50.060996],[5.7644239,50.0610563],[5.7646358,50.0611234],[5.7647109,50.0610408],[5.7652969,50.061249],[5.7654917,50.0613182],[5.7660574,50.060321],[5.7663122,50.0595048],[5.7664758,50.058754],[5.7663095,50.0582822],[5.7664704,50.0579102]]]}},{"type":"Feature","properties":{"t":"prado"},"geometry":{"type":"Polygon","coordinates":[[[5.7654917,50.0613182],[5.7652969,50.061249],[5.7647377,50.0619069],[5.764212,50.0617467],[5.7638794,50.0621669],[5.7638955,50.0621841],[5.7641101,50.0621462],[5.7640886,50.0620946],[5.7647055,50.0619534],[5.7651669,50.0617571],[5.7654029,50.0614747],[5.7654917,50.0613182]]]}},{"type":"Feature","properties":{"t":"prado"},"geometry":{"type":"Polygon","coordinates":[[[5.7638124,50.0620877],[5.7637426,50.0621083],[5.7637989,50.0621376],[5.7641101,50.0617261],[5.7639223,50.0616486],[5.7644239,50.0610563],[5.7642281,50.060996],[5.7640189,50.0608531],[5.7638016,50.06081],[5.7637319,50.0608996],[5.7632482,50.0607946],[5.7638124,50.0620877]]]}},{"type":"Feature","properties":{"t":"prado"},"geometry":{"type":"Polygon","coordinates":[[[5.7627073,50.0595737],[5.7626697,50.059584],[5.7629648,50.0602487],[5.7637748,50.0604846],[5.7640162,50.0604123],[5.7642902,50.0600293],[5.7627121,50.0594418],[5.7626666,50.0594887],[5.7627073,50.0595737]]]}},{"type":"Feature","properties":{"t":"prado"},"geometry":{"type":"Polygon","coordinates":[[[5.7627121,50.0594418],[5.7642902,50.0600293],[5.7644078,50.060073],[5.7646921,50.0595117],[5.7645392,50.0594566],[5.7648423,50.0590364],[5.7649845,50.0587093],[5.7651454,50.0584785],[5.7652286,50.0585095],[5.7658692,50.0574625],[5.7655883,50.0573262],[5.764448,50.0576519],[5.7627121,50.0594418]]]}},{"type":"Feature","properties":{"t":"prado"},"geometry":{"type":"Polygon","coordinates":[[[5.7626666,50.0594887],[5.7627121,50.0594418],[5.764448,50.0576519],[5.7655883,50.0573262],[5.7652523,50.0571632],[5.7613662,50.0578396],[5.7618463,50.0585474],[5.7622567,50.0590347],[5.7624096,50.0591914],[5.7625195,50.0591811],[5.7626666,50.0594887]]]}},{"type":"Feature","properties":{"t":"prado"},"geometry":{"type":"Polygon","coordinates":[[[5.7606393,50.0557284],[5.76065,50.0561796],[5.7608351,50.0567995],[5.7610926,50.0575228],[5.7613662,50.0578396],[5.7652523,50.0571632],[5.7642519,50.0566779],[5.7640236,50.0566613],[5.7623666,50.0571061],[5.7606393,50.0557284]]]}},{"type":"Feature","properties":{"t":"prado"},"geometry":{"type":"Polygon","coordinates":[[[5.7627845,50.0556091],[5.7611436,50.0554684],[5.7606554,50.0554219],[5.7606393,50.0557284],[5.7623666,50.0571061],[5.7640236,50.0566613],[5.7642519,50.0566779],[5.7641476,50.0566273],[5.7633939,50.0562416],[5.7629742,50.0558601],[5.7627845,50.0556091]]]}},{"type":"Feature","properties":{"t":"prado"},"geometry":{"type":"Polygon","coordinates":[[[5.7606554,50.0554219],[5.7611436,50.0554684],[5.7627845,50.0556091],[5.7626952,50.0554908],[5.7623371,50.0551644],[5.7621923,50.0549173],[5.7620113,50.054894],[5.761857,50.0546194],[5.7613876,50.053841],[5.7609263,50.0533105],[5.7599848,50.0537979],[5.7599688,50.0538513],[5.7606715,50.0550981],[5.7606554,50.0554219]]]}},{"type":"Feature","properties":{"t":"prado"},"geometry":{"type":"Polygon","coordinates":[[[5.7577077,50.0544196],[5.7583299,50.0554167],[5.7604757,50.0548674],[5.7599097,50.0538547],[5.7577077,50.0544196]]]}},{"type":"Feature","properties":{"t":"prado"},"geometry":{"type":"Polygon","coordinates":[[[5.7542556,50.0530574],[5.7554787,50.0550034],[5.7559026,50.0548924],[5.7577077,50.0544196],[5.7599097,50.0538547],[5.7592553,50.0527801],[5.7589334,50.052427],[5.7584453,50.0520051],[5.7584265,50.0519552],[5.7542556,50.0530574]]]}},{"type":"Feature","properties":{"t":"prado"},"geometry":{"type":"Polygon","coordinates":[[[5.7578284,50.058308],[5.7588784,50.0579812],[5.7585204,50.0573764],[5.7593733,50.0571457],[5.7583299,50.0554167],[5.7577077,50.0544196],[5.7559026,50.0548924],[5.7566053,50.0558834],[5.756214,50.0560709],[5.7564551,50.0566067],[5.7572517,50.0578947],[5.7573509,50.0578689],[5.7578284,50.058308]]]}},{"type":"Feature","properties":{"t":"prado"},"geometry":{"type":"Polygon","coordinates":[[[5.7593733,50.0571457],[5.7585204,50.0573764],[5.7588784,50.0579812],[5.7592767,50.0586542],[5.7602157,50.0584192],[5.7614654,50.0581066],[5.7612696,50.0578276],[5.7610443,50.0575658],[5.7609773,50.057385],[5.7607895,50.0568529],[5.7607466,50.0567978],[5.7593733,50.0571457]]]}},{"type":"Feature","properties":{"t":"prado"},"geometry":{"type":"Polygon","coordinates":[[[5.7583299,50.0554167],[5.7593733,50.0571457],[5.7607466,50.0567978],[5.7605803,50.0562502],[5.7605535,50.056016],[5.7606044,50.0552479],[5.760583,50.055062],[5.7604757,50.0548674],[5.7583299,50.0554167]]]}},{"type":"Feature","properties":{"t":"prado"},"geometry":{"type":"Polygon","coordinates":[[[5.7593572,50.0603038],[5.7585928,50.0599904],[5.7592902,50.0611596],[5.7596538,50.0610508],[5.7594913,50.0603778],[5.7593572,50.0603038]]]}},{"type":"Feature","properties":{"t":"prado"},"geometry":{"type":"Polygon","coordinates":[[[5.7583353,50.0595857],[5.7585928,50.0599904],[5.7593572,50.0603038],[5.7599607,50.0597597],[5.7600278,50.0597769],[5.7601672,50.0595289],[5.7603416,50.0592017],[5.7594109,50.0589073],[5.7592767,50.0586542],[5.7588784,50.0579812],[5.7578284,50.058308],[5.7576835,50.0584182],[5.757772,50.0585698],[5.7577023,50.0585887],[5.7580081,50.0590485],[5.7580912,50.0590209],[5.7584158,50.0595668],[5.7583353,50.0595857]]]}},{"type":"Feature","properties":{"t":"prado"},"geometry":{"type":"Polygon","coordinates":[[[5.7621305,50.0621492],[5.7596538,50.0610508],[5.7597876,50.0616033],[5.7596388,50.0616417],[5.7597247,50.0617691],[5.7599151,50.0617261],[5.7599795,50.0616744],[5.7610014,50.0621789],[5.7617983,50.0625123],[5.7621305,50.0621492]]]}},{"type":"Feature","properties":{"t":"prado"},"geometry":{"type":"Polygon","coordinates":[[[5.7594913,50.0603778],[5.7596538,50.0610508],[5.7621305,50.0621492],[5.7623506,50.0619086],[5.7621306,50.0617674],[5.762203,50.0617037],[5.7617685,50.0614454],[5.7594913,50.0603778]]]}},{"type":"Feature","properties":{"t":"prado"},"geometry":{"type":"Polygon","coordinates":[[[5.7601672,50.0595289],[5.7600278,50.0597769],[5.7594913,50.0603778],[5.7617685,50.0614454],[5.762203,50.0617037],[5.7623023,50.0617622],[5.7629085,50.0606585],[5.7625115,50.0605276],[5.7617739,50.0601901],[5.7614896,50.059906],[5.7601672,50.0595289]]]}},{"type":"Feature","properties":{"t":"prado"},"geometry":{"type":"Polygon","coordinates":[[[5.7592767,50.0586542],[5.7594109,50.0589073],[5.7603416,50.0592017],[5.7601672,50.0595289],[5.7614896,50.059906],[5.7617739,50.0601901],[5.7625115,50.0605276],[5.7629085,50.0606585],[5.7623023,50.0617622],[5.762203,50.0617037],[5.7621306,50.0617674],[5.7623506,50.0619086],[5.7621305,50.0621492],[5.7617983,50.0625123],[5.7616095,50.0627771],[5.7618546,50.0628968],[5.7620662,50.0625044],[5.7626376,50.0619413],[5.7626697,50.061962],[5.7631847,50.0610132],[5.7626456,50.0597149],[5.7624364,50.0593636],[5.7621118,50.0589727],[5.7616344,50.0583166],[5.7614922,50.0583442],[5.7615593,50.0585061],[5.7604516,50.0588057],[5.7602157,50.0584192],[5.7592767,50.0586542]]]}},{"type":"Feature","properties":{"t":"prado"},"geometry":{"type":"Polygon","coordinates":[[[5.7622728,50.0625732],[5.7620662,50.0625044],[5.7618546,50.0628968],[5.7620085,50.0629719],[5.7622728,50.0625732]]]}},{"type":"Feature","properties":{"t":"prado"},"geometry":{"type":"Polygon","coordinates":[[[5.7631847,50.0610132],[5.7626697,50.061962],[5.7626376,50.0619413],[5.7620662,50.0625044],[5.7622728,50.0625732],[5.7628414,50.0627626],[5.7626094,50.0631364],[5.7630345,50.0632654],[5.7636997,50.0622943],[5.7636783,50.0621462],[5.7631847,50.0610132]]]}},{"type":"Feature","properties":{"t":"prado"},"geometry":{"type":"Polygon","coordinates":[[[5.7625279,50.0631128],[5.7626885,50.0627936],[5.7623318,50.0626972],[5.7620789,50.062991],[5.7625279,50.0631128]]]}},{"type":"Feature","properties":{"t":"prado"},"geometry":{"type":"Polygon","coordinates":[[[5.7454716,50.0451326],[5.7438192,50.0441373],[5.7443243,50.043654],[5.7422233,50.0430125],[5.7416211,50.043089],[5.7433364,50.0444388],[5.7450074,50.0455325],[5.7454716,50.0451326]]]}},{"type":"Feature","properties":{"t":"prado"},"geometry":{"type":"Polygon","coordinates":[[[5.7454716,50.0451326],[5.7450074,50.0455325],[5.7433364,50.0444388],[5.7416211,50.043089],[5.7415282,50.0431008],[5.7415313,50.0431262],[5.7408419,50.0432158],[5.7412201,50.0443251],[5.7414159,50.0447419],[5.7415661,50.0450675],[5.7419127,50.0449613],[5.74269,50.044723],[5.7447606,50.0461285],[5.7451672,50.0457796],[5.7449397,50.0456901],[5.7450541,50.0455627],[5.7456967,50.0457668],[5.7459784,50.0455997],[5.7457182,50.0454602],[5.7458496,50.0453586],[5.7457611,50.0453069],[5.7454716,50.0451326]]]}},{"type":"Feature","properties":{"t":"prado"},"geometry":{"type":"Polygon","coordinates":[[[5.7460615,50.0448298],[5.7446775,50.0437618],[5.7443243,50.043654],[5.7438192,50.0441373],[5.7454716,50.0451326],[5.7457611,50.0453069],[5.7458791,50.0452397],[5.7463029,50.0454826],[5.7466248,50.0452604],[5.7460615,50.0448298]]]}},{"type":"Feature","properties":{"t":"prado"},"geometry":{"type":"Polygon","coordinates":[[[5.7415282,50.0431008],[5.7416211,50.043089],[5.7422233,50.0430125],[5.7443243,50.043654],[5.7446775,50.0437618],[5.7460615,50.0448298],[5.7466868,50.0443389],[5.7465416,50.0442407],[5.7463485,50.0441925],[5.7463869,50.0441705],[5.7447794,50.0437653],[5.7447204,50.0437033],[5.7439211,50.0434483],[5.7431352,50.0431813],[5.7416092,50.0418879],[5.7408339,50.0422649],[5.7407454,50.042873],[5.7407802,50.0430349],[5.7408312,50.0431641],[5.7415259,50.0430814],[5.7415282,50.0431008]]]}},{"type":"Feature","properties":{"t":"prado"},"geometry":{"type":"Polygon","coordinates":[[[5.7447204,50.0437033],[5.7447794,50.0437653],[5.7463869,50.0441705],[5.7464307,50.0441454],[5.7463673,50.0441029],[5.7461634,50.0439186],[5.7461286,50.0438721],[5.745464,50.0432043],[5.7453185,50.0432709],[5.7452515,50.0432175],[5.7450463,50.0433794],[5.7448545,50.0435689],[5.7447204,50.0437033]]]}},{"type":"Feature","properties":{"t":"prado"},"geometry":{"type":"Polygon","coordinates":[[[5.7464307,50.0441454],[5.746496,50.044108],[5.7467688,50.0442745],[5.7472118,50.0444907],[5.747416,50.0445903],[5.7475904,50.0444422],[5.7476699,50.0443038],[5.7479933,50.0440142],[5.74729,50.0433381],[5.7469708,50.0435327],[5.7461634,50.0439186],[5.7463673,50.0441029],[5.7464307,50.0441454]]]}},{"type":"Feature","properties":{"t":"prado"},"geometry":{"type":"Polygon","coordinates":[[[5.7422011,50.0416001],[5.7416092,50.0418879],[5.7431352,50.0431813],[5.7439211,50.0434483],[5.7447204,50.0437033],[5.7448545,50.0435689],[5.7443932,50.0433932],[5.7440472,50.0432209],[5.7434088,50.0427335],[5.7422011,50.0416001]]]}},{"type":"Feature","properties":{"t":"prado"},"geometry":{"type":"Polygon","coordinates":[[[5.7450463,50.0433794],[5.7452515,50.0432175],[5.7454017,50.0431589],[5.7450798,50.0428575],[5.7451143,50.0428468],[5.7447976,50.0425474],[5.7447767,50.0425629],[5.7445031,50.0423252],[5.744302,50.0419463],[5.7442483,50.0418119],[5.7437693,50.0408375],[5.7427532,50.0413316],[5.7431298,50.0416155],[5.7441303,50.0425681],[5.7450463,50.0433794]]]}},{"type":"Feature","properties":{"t":"prado"},"geometry":{"type":"Polygon","coordinates":[[[5.7447976,50.0425474],[5.7451143,50.0428468],[5.7451576,50.0428334],[5.7454446,50.0431348],[5.745635,50.0430852],[5.7455465,50.0430039],[5.7458782,50.0427925],[5.7455127,50.0424316],[5.7456028,50.0422925],[5.7451656,50.042041],[5.7449591,50.0420978],[5.7445434,50.0422029],[5.7448277,50.042525],[5.7447976,50.0425474]]]}},{"type":"Feature","properties":{"t":"prado"},"geometry":{"type":"Polygon","coordinates":[[[5.7461286,50.0438721],[5.7465818,50.0436326],[5.7466999,50.0435396],[5.7468447,50.0433622],[5.7470593,50.0433346],[5.7472685,50.0431917],[5.7462505,50.0427921],[5.7456645,50.0431124],[5.745464,50.0432043],[5.7461286,50.0438721]]]}},{"type":"Feature","properties":{"t":"prado"},"geometry":{"type":"Polygon","coordinates":[[[5.736714,50.048409],[5.7377922,50.0477596],[5.7375875,50.0475657],[5.7356657,50.0480749],[5.7357833,50.048378],[5.7358825,50.0487414],[5.7363814,50.0486156],[5.736714,50.048409]]]}},{"type":"Feature","properties":{"t":"prado"},"geometry":{"type":"Polygon","coordinates":[[[5.7334882,50.04951],[5.7351637,50.0506531],[5.7356627,50.0504458],[5.7361695,50.050257],[5.7356518,50.0496945],[5.7349832,50.0487424],[5.7342933,50.0465884],[5.7339996,50.0467193],[5.734815,50.0490204],[5.7334882,50.04951]]]}},{"type":"Feature","properties":{"t":"prado"},"geometry":{"type":"Polygon","coordinates":[[[5.7334882,50.04951],[5.734815,50.0490204],[5.7339996,50.0467193],[5.7342933,50.0465884],[5.7348573,50.0462908],[5.734477,50.0457926],[5.7340532,50.0453241],[5.7334632,50.0445456],[5.7325029,50.0451484],[5.7314515,50.0460269],[5.730854,50.0465465],[5.7306468,50.0470948],[5.7307273,50.04736],[5.7312155,50.0479594],[5.7334882,50.04951]]]}},{"type":"Feature","properties":{"t":"prado"},"geometry":{"type":"Polygon","coordinates":[[[5.7365467,50.0465957],[5.7382965,50.0453207],[5.7356138,50.0434367],[5.7335597,50.0445008],[5.7338226,50.0448987],[5.7342263,50.0454249],[5.7347251,50.0459881],[5.734925,50.0462913],[5.7350564,50.046628],[5.7353864,50.0474514],[5.7365467,50.0465957]]]}},{"type":"Feature","properties":{"t":"prado"},"geometry":{"type":"Polygon","coordinates":[[[5.7356138,50.0434367],[5.7382965,50.0453207],[5.7384675,50.0451943],[5.7408553,50.0434294],[5.7406676,50.0428885],[5.7407588,50.0422477],[5.7401365,50.0410936],[5.7356138,50.0434367]]]}},{"type":"Feature","properties":{"t":"prado"},"geometry":{"type":"Polygon","coordinates":[[[5.7402895,50.0412274],[5.7408339,50.0422649],[5.7416092,50.0418879],[5.7422011,50.0416001],[5.7427532,50.0413316],[5.7437693,50.0408375],[5.7434651,50.0402185],[5.7427654,50.0401252],[5.7427973,50.0401702],[5.7402895,50.0412274]]]}},{"type":"Feature","properties":{"t":"prado"},"geometry":{"type":"Polygon","coordinates":[[[5.7389027,50.0456979],[5.7393587,50.0462301],[5.7412362,50.0447333],[5.7409787,50.0440529],[5.7389027,50.0456979]]]}},{"type":"Feature","properties":{"t":"prado"},"geometry":{"type":"Polygon","coordinates":[[[5.7384675,50.0451943],[5.7389027,50.0456979],[5.7409787,50.0440529],[5.7412362,50.0447333],[5.7393587,50.0462301],[5.740422,50.0474953],[5.7410026,50.0472387],[5.7402089,50.0464265],[5.7416895,50.0453603],[5.7411772,50.0444078],[5.7408553,50.0434294],[5.7384675,50.0451943]]]}},{"type":"Feature","properties":{"t":"prado"},"geometry":{"type":"Polygon","coordinates":[[[5.7419127,50.0449613],[5.7415661,50.0450675],[5.7417968,50.045455],[5.7425559,50.0465626],[5.7428241,50.0472756],[5.7430394,50.0476768],[5.7438701,50.0469398],[5.7441316,50.0467546],[5.74524,50.0458082],[5.7451672,50.0457796],[5.7447606,50.0461285],[5.7441089,50.0467004],[5.7419127,50.0449613]]]}},{"type":"Feature","properties":{"t":"prado"},"geometry":{"type":"Polygon","coordinates":[[[5.7419127,50.0449613],[5.7441089,50.0467004],[5.7447606,50.0461285],[5.74269,50.044723],[5.7419127,50.0449613]]]}},{"type":"Feature","properties":{"t":"prado"},"geometry":{"type":"Polygon","coordinates":[[[5.74524,50.0458082],[5.7441316,50.0467546],[5.7442391,50.0467997],[5.7444624,50.046621],[5.7450987,50.046945],[5.7460728,50.0461641],[5.7457665,50.0460217],[5.7456753,50.0459477],[5.7454392,50.0461216],[5.7451851,50.0460174],[5.7453185,50.0458391],[5.74524,50.0458082]]]}},{"type":"Feature","properties":{"t":"prado"},"geometry":{"type":"Polygon","coordinates":[[[5.7459515,50.0542594],[5.7508814,50.0535327],[5.7517236,50.0532313],[5.7511872,50.0526406],[5.750813,50.0521076],[5.7504415,50.0518553],[5.7502323,50.0514833],[5.7455197,50.0528714],[5.7459515,50.0542594]]]}},{"type":"Feature","properties":{"t":"prado"},"geometry":{"type":"Polygon","coordinates":[[[5.7502323,50.0514833],[5.7504415,50.0518553],[5.750813,50.0521076],[5.7511872,50.0526406],[5.7517236,50.0532313],[5.751847,50.0531977],[5.7519798,50.0533381],[5.7520448,50.0533204],[5.7521501,50.0532916],[5.7516646,50.0527336],[5.7511041,50.0520017],[5.7509355,50.051821],[5.7507929,50.0518622],[5.7505757,50.051373],[5.7502323,50.0514833]]]}},{"type":"Feature","properties":{"t":"prado"},"geometry":{"type":"Polygon","coordinates":[[[5.7509355,50.051821],[5.7511041,50.0520017],[5.7516646,50.0527336],[5.7521501,50.0532916],[5.753794,50.0528804],[5.7531989,50.0519431],[5.7533678,50.0519138],[5.7532337,50.0517175],[5.7530889,50.0517519],[5.7529467,50.0515194],[5.7531077,50.0514729],[5.7529601,50.051237],[5.7509355,50.051821]]]}},{"type":"Feature","properties":{"t":"prado"},"geometry":{"type":"Polygon","coordinates":[[[5.7502323,50.0514833],[5.7505757,50.051373],[5.7503986,50.0506876],[5.7503235,50.0504378],[5.7501803,50.0500107],[5.7499373,50.0500848],[5.7502001,50.0505808],[5.7502457,50.0507479],[5.7502323,50.0514833]]]}},{"type":"Feature","properties":{"t":"prado"},"geometry":{"type":"Polygon","coordinates":[[[5.7505757,50.051373],[5.7507929,50.0518622],[5.7509355,50.051821],[5.7529601,50.051237],[5.7524264,50.0504224],[5.7522494,50.0504568],[5.7521175,50.0502403],[5.7503986,50.0506876],[5.7505757,50.051373]]]}},{"type":"Feature","properties":{"t":"prado"},"geometry":{"type":"Polygon","coordinates":[[[5.7499373,50.0500848],[5.7501803,50.0500107],[5.750101,50.0497741],[5.7448626,50.0512973],[5.744994,50.0515246],[5.7499373,50.0500848]]]}},{"type":"Feature","properties":{"t":"prado"},"geometry":{"type":"Polygon","coordinates":[[[5.7448626,50.0512973],[5.750101,50.0497741],[5.7500741,50.0496938],[5.7499292,50.0495698],[5.7497361,50.0494269],[5.7487196,50.0488034],[5.7486203,50.04875],[5.7442778,50.0499883],[5.7444173,50.0505188],[5.7448626,50.0512973]]]}},{"type":"Feature","properties":{"t":"prado"},"geometry":{"type":"Polygon","coordinates":[[[5.7497361,50.0494269],[5.7499292,50.0495698],[5.7500741,50.0496938],[5.750101,50.0497741],[5.7501803,50.0500107],[5.7503235,50.0504378],[5.7503986,50.0506876],[5.7521175,50.0502403],[5.751326,50.0489413],[5.7502833,50.0492443],[5.7504684,50.0496111],[5.7504415,50.0498316],[5.7502323,50.049854],[5.7500473,50.0495336],[5.7500553,50.0493235],[5.7497361,50.0494269]]]}},{"type":"Feature","properties":{"t":"prado"},"geometry":{"type":"Polygon","coordinates":[[[5.7487196,50.0488034],[5.7497361,50.0494269],[5.7500553,50.0493235],[5.7502833,50.0492443],[5.751326,50.0489413],[5.7507634,50.048018],[5.7508707,50.0479732],[5.7508573,50.047937],[5.7502028,50.0481885],[5.7487196,50.0488034]]]}},{"type":"Feature","properties":{"t":"lavoura"},"geometry":{"type":"Polygon","coordinates":[[[5.7502323,50.0514833],[5.7502457,50.0507479],[5.7502001,50.0505808],[5.7499373,50.0500848],[5.744994,50.0515246],[5.7454151,50.0524977],[5.7455197,50.0528714],[5.7502323,50.0514833]]]}},{"type":"Feature","properties":{"t":"prado"},"geometry":{"type":"Polygon","coordinates":[[[5.7442778,50.0499883],[5.7486203,50.04875],[5.7481617,50.0485089],[5.7479498,50.0484141],[5.747872,50.04839],[5.7475604,50.0484041],[5.7475769,50.0485416],[5.7470271,50.048719],[5.7466006,50.0488516],[5.7463485,50.0485829],[5.7440981,50.0492753],[5.7442269,50.0496439],[5.7442778,50.0499883]]]}},{"type":"Feature","properties":{"t":"prado"},"geometry":{"type":"Polygon","coordinates":[[[5.7488747,50.0461174],[5.7483092,50.0463145],[5.7485613,50.0470018],[5.7486954,50.0469794],[5.7487974,50.0472584],[5.7482153,50.0473118],[5.7481868,50.0472576],[5.7480249,50.0473325],[5.7485828,50.0479009],[5.7479498,50.0484141],[5.7481617,50.0485089],[5.7486203,50.04875],[5.7487196,50.0488034],[5.7502028,50.0481885],[5.7498563,50.0478404],[5.7497174,50.0479138],[5.7491206,50.0473419],[5.748965,50.0474048],[5.7488886,50.0473419],[5.7491393,50.0471129],[5.749315,50.0472481],[5.7493177,50.0473807],[5.7497039,50.0477476],[5.7497579,50.0477193],[5.7488747,50.0461174]]]}},{"type":"Feature","properties":{"t":"prado"},"geometry":{"type":"Polygon","coordinates":[[[5.7498563,50.0478404],[5.7502028,50.0481885],[5.7508573,50.047937],[5.7507205,50.0477131],[5.7506508,50.0477441],[5.7504523,50.047441],[5.7505488,50.0473996],[5.7504228,50.047143],[5.7502967,50.0471757],[5.7501867,50.0470311],[5.7501063,50.0471103],[5.749948,50.0470655],[5.7499856,50.0468003],[5.7494675,50.0459107],[5.7488747,50.0461174],[5.7497579,50.0477193],[5.7498783,50.0476563],[5.7497013,50.0473738],[5.7498676,50.0472705],[5.7500392,50.0474858],[5.750168,50.047453],[5.7503155,50.0475977],[5.7498563,50.0478404]]]}},{"type":"Feature","properties":{"t":"prado"},"geometry":{"type":"Polygon","coordinates":[[[5.7483092,50.0463145],[5.7488747,50.0461174],[5.7494675,50.0459107],[5.7493606,50.0457272],[5.7492077,50.0457496],[5.7491675,50.045865],[5.7487303,50.0459787],[5.7485506,50.0457056],[5.748167,50.0458064],[5.7475157,50.045846],[5.747526,50.0458968],[5.747754,50.0463955],[5.7483092,50.0463145]]]}},{"type":"Feature","properties":{"t":"prado"},"geometry":{"type":"Polygon","coordinates":[[[5.7475604,50.0484041],[5.747872,50.04839],[5.7479498,50.0484141],[5.7485828,50.0479009],[5.7480249,50.0473325],[5.7481868,50.0472576],[5.7481509,50.0471895],[5.7484835,50.0470879],[5.7481644,50.0464351],[5.7478023,50.0464954],[5.747754,50.0463955],[5.747526,50.0458968],[5.7471786,50.045896],[5.7472068,50.0455136],[5.7468957,50.0456169],[5.7465542,50.0458404],[5.7465388,50.0458538],[5.7472309,50.0463989],[5.747593,50.0471137],[5.7477003,50.0474599],[5.7477003,50.0476184],[5.7475448,50.0482746],[5.7475604,50.0484041]]]}},{"type":"Feature","properties":{"t":"prado"},"geometry":{"type":"Polygon","coordinates":[[[5.7470271,50.048719],[5.7475769,50.0485416],[5.7475604,50.0484041],[5.7475448,50.0482746],[5.7477003,50.0476184],[5.7477003,50.0474599],[5.747593,50.0471137],[5.7472309,50.0463989],[5.7465388,50.0458538],[5.7460474,50.0462808],[5.7465959,50.0465621],[5.7464958,50.0466464],[5.7470271,50.048719]]]}},{"type":"Feature","properties":{"t":"prado"},"geometry":{"type":"Polygon","coordinates":[[[5.7453941,50.0476006],[5.7463485,50.0485829],[5.7466006,50.0488516],[5.7470271,50.048719],[5.7464958,50.0466464],[5.7454607,50.0475185],[5.7450396,50.0470776],[5.7449537,50.047143],[5.7453941,50.0476006]]]}},{"type":"Feature","properties":{"t":"prado"},"geometry":{"type":"Polygon","coordinates":[[[5.7434438,50.0483852],[5.7437441,50.0487793],[5.7440981,50.0492753],[5.7463485,50.0485829],[5.7453941,50.0476006],[5.7441442,50.0485681],[5.7436473,50.0482572],[5.7434438,50.0483852]]]}},{"type":"Feature","properties":{"t":"prado"},"geometry":{"type":"Polygon","coordinates":[[[5.7385674,50.0518673],[5.7387373,50.0518054],[5.739938,50.0513679],[5.7410485,50.0522273],[5.7450342,50.0517743],[5.7447714,50.051206],[5.7443047,50.0504775],[5.7442188,50.0501175],[5.7441518,50.0496921],[5.7440713,50.0494182],[5.7437065,50.0488482],[5.7431513,50.0490049],[5.7428995,50.0486971],[5.7424233,50.0488844],[5.7419738,50.0490611],[5.7415194,50.0492942],[5.7410887,50.0495319],[5.7407958,50.0496996],[5.7412718,50.0500596],[5.7407517,50.0503087],[5.7403055,50.0499573],[5.7400587,50.050102],[5.7405281,50.0504413],[5.740276,50.0505963],[5.7397932,50.0502191],[5.7386988,50.0508409],[5.7389107,50.0510355],[5.7384869,50.0513007],[5.7385755,50.0513868],[5.7382563,50.0515556],[5.7385674,50.0518673]]]}},{"type":"Feature","properties":{"t":"prado"},"geometry":{"type":"Polygon","coordinates":[[[5.7388583,50.0501778],[5.7383984,50.050431],[5.7387927,50.0507048],[5.7392469,50.0504578],[5.7388583,50.0501778]]]}},{"type":"Feature","properties":{"t":"lavoura"},"geometry":{"type":"Polygon","coordinates":[[[5.7375482,50.0506066],[5.7378861,50.0508564],[5.738039,50.0507702],[5.7379612,50.0506807],[5.7383984,50.050431],[5.7388583,50.0501778],[5.7386264,50.0500073],[5.7375482,50.0506066]]]}},{"type":"Feature","properties":{"t":"prado"},"geometry":{"type":"Polygon","coordinates":[[[5.7374409,50.0500538],[5.7375874,50.0503244],[5.7371941,50.0504034],[5.7373899,50.0507031],[5.7375482,50.0506066],[5.7386264,50.0500073],[5.7388583,50.0501778],[5.7392469,50.0504578],[5.7393129,50.0504225],[5.7389302,50.0501275],[5.7397325,50.0496914],[5.7402206,50.0493974],[5.739144,50.0486934],[5.7374409,50.0500538]]]}},{"type":"Feature","properties":{"t":"prado"},"geometry":{"type":"Polygon","coordinates":[[[5.7379827,50.0493614],[5.7374114,50.0498075],[5.7374409,50.0500538],[5.739144,50.0486934],[5.7389778,50.0485846],[5.7379827,50.0493614]]]}},{"type":"Feature","properties":{"t":"prado"},"geometry":{"type":"Polygon","coordinates":[[[5.738776,50.0484442],[5.7377306,50.0492374],[5.7379827,50.0493614],[5.7389778,50.0485846],[5.738776,50.0484442]]]}},{"type":"Feature","properties":{"t":"prado"},"geometry":{"type":"Polygon","coordinates":[[[5.7375804,50.0491306],[5.7377306,50.0492374],[5.738776,50.0484442],[5.7386017,50.0483374],[5.7375804,50.0491306]]]}},{"type":"Feature","properties":{"t":"prado"},"geometry":{"type":"Polygon","coordinates":[[[5.7377306,50.0492374],[5.7375804,50.0491306],[5.7371351,50.0494665],[5.736545,50.0496266],[5.7366389,50.0497593],[5.737288,50.0495595],[5.7377306,50.0492374]]]}},{"type":"Feature","properties":{"t":"prado"},"geometry":{"type":"Polygon","coordinates":[[[5.7371351,50.0494665],[5.7375804,50.0491306],[5.7386017,50.0483374],[5.7377922,50.0477596],[5.736714,50.048409],[5.7372156,50.0488447],[5.7368776,50.0490824],[5.7371351,50.0494665]]]}},{"type":"Feature","properties":{"t":"prado"},"geometry":{"type":"Polygon","coordinates":[[[5.7377922,50.0477596],[5.7386017,50.0483374],[5.738776,50.0484442],[5.7389778,50.0485846],[5.739144,50.0486934],[5.7402206,50.0493974],[5.7406655,50.049667],[5.7407053,50.0496362],[5.739098,50.0480451],[5.740422,50.0474953],[5.7393587,50.0462301],[5.7389027,50.0456979],[5.7384675,50.0451943],[5.7382965,50.0453207],[5.7365467,50.0465957],[5.7375875,50.0475657],[5.7377922,50.0477596]]]}},{"type":"Feature","properties":{"t":"prado"},"geometry":{"type":"Polygon","coordinates":[[[5.7477741,50.0570184],[5.7476574,50.0568589],[5.7475857,50.0566944],[5.7470018,50.057002],[5.7472967,50.0572575],[5.7477741,50.0570184]]]}},{"type":"Feature","properties":{"t":"prado"},"geometry":{"type":"Polygon","coordinates":[[[5.749476,50.0575021],[5.7495779,50.0573626],[5.7489556,50.0570923],[5.7484326,50.0568116],[5.7481988,50.0567536],[5.7481831,50.0567703],[5.7480249,50.0567418],[5.7479431,50.0567892],[5.7478371,50.0567582],[5.747843,50.0566888],[5.7475708,50.0566567],[5.7475857,50.0566944],[5.7476574,50.0568589],[5.7477741,50.0570184],[5.7483802,50.0575134],[5.7484862,50.0575831],[5.7486176,50.0576158],[5.7490253,50.0573144],[5.749476,50.0575021]]]}},{"type":"Feature","properties":{"t":"prado"},"geometry":{"type":"Polygon","coordinates":[[[5.7522011,50.0576847],[5.7524291,50.0574935],[5.7523566,50.0574539],[5.7524446,50.0573742],[5.751965,50.0571526],[5.750699,50.0564689],[5.7497844,50.0569029],[5.7500178,50.0570682],[5.7500553,50.0570492],[5.7516432,50.057757],[5.7515708,50.0578224],[5.7518162,50.0579352],[5.7521313,50.0576606],[5.7522011,50.0576847]]]}},{"type":"Feature","properties":{"t":"prado"},"geometry":{"type":"Polygon","coordinates":[[[5.7481988,50.0567536],[5.7484326,50.0568116],[5.7489556,50.0570923],[5.7495779,50.0573626],[5.7500178,50.0570682],[5.7497844,50.0569029],[5.750699,50.0564689],[5.751965,50.0571526],[5.7524446,50.0573742],[5.7526302,50.0572059],[5.7517531,50.056722],[5.7510558,50.0563329],[5.7509512,50.0563983],[5.7506749,50.0562347],[5.7507661,50.0561641],[5.7503933,50.0559884],[5.7501975,50.0561365],[5.7498738,50.0559737],[5.7496986,50.0561081],[5.7495578,50.0562717],[5.7493097,50.0563639],[5.7496396,50.0564758],[5.7492104,50.0567065],[5.7488859,50.0565533],[5.7484715,50.056462],[5.7481988,50.0567536]]]}},{"type":"Feature","properties":{"t":"prado"},"geometry":{"type":"Polygon","coordinates":[[[5.7498738,50.0559737],[5.7501975,50.0561365],[5.7503933,50.0559884],[5.7505676,50.0558808],[5.7502498,50.0556854],[5.7498738,50.0559737]]]}},{"type":"Feature","properties":{"t":"prado"},"geometry":{"type":"Polygon","coordinates":[[[5.7466038,50.0566029],[5.7474978,50.0564706],[5.7475708,50.0566567],[5.747843,50.0566888],[5.7478599,50.0564887],[5.7481483,50.056245],[5.7480785,50.056109],[5.7478747,50.0556957],[5.746614,50.055892],[5.7464987,50.056295],[5.7465094,50.0564327],[5.7466038,50.0566029]]]}},{"type":"Feature","properties":{"t":"prado"},"geometry":{"type":"Polygon","coordinates":[[[5.7513213,50.0553702],[5.7519463,50.0552686],[5.7520536,50.0552583],[5.7521689,50.0552083],[5.7522064,50.0551773],[5.7526061,50.0543697],[5.7463485,50.0552755],[5.746606,50.0557525],[5.746614,50.055892],[5.7478747,50.0556957],[5.7480785,50.056109],[5.748572,50.0560229],[5.7492506,50.0558799],[5.7496932,50.055731],[5.7500499,50.0555682],[5.7504912,50.0554675],[5.7509297,50.0554176],[5.7513213,50.0553702]]]}},{"type":"Feature","properties":{"t":"prado"},"geometry":{"type":"Polygon","coordinates":[[[5.7509297,50.0554176],[5.7504912,50.0554675],[5.7500499,50.0555682],[5.7500687,50.0555958],[5.7494491,50.0559695],[5.7485077,50.0561503],[5.7485935,50.0562623],[5.7489529,50.0563242],[5.7493016,50.0562795],[5.7494974,50.0561142],[5.7501572,50.0556526],[5.7509719,50.0555374],[5.7509297,50.0554176]]]}},{"type":"Feature","properties":{"t":"prado"},"geometry":{"type":"Polygon","coordinates":[[[5.7463485,50.0552755],[5.7526061,50.0543697],[5.7526705,50.0543197],[5.7527268,50.0541113],[5.7526544,50.0539736],[5.7526624,50.0538823],[5.752463,50.0539197],[5.7525243,50.0539916],[5.7461607,50.0549259],[5.7463485,50.0552755]]]}},{"type":"Feature","properties":{"t":"prado"},"geometry":{"type":"Polygon","coordinates":[[[5.752463,50.0539197],[5.7526624,50.0538823],[5.7520448,50.0533204],[5.7519798,50.0533381],[5.7521622,50.0535663],[5.752463,50.0539197]]]}},{"type":"Feature","properties":{"t":"prado"},"geometry":{"type":"Polygon","coordinates":[[[5.7461607,50.0549259],[5.7525243,50.0539916],[5.752463,50.0539197],[5.7521622,50.0535663],[5.7519798,50.0533381],[5.751847,50.0531977],[5.7517236,50.0532313],[5.7508814,50.0535327],[5.7459515,50.0542594],[5.7460561,50.0546521],[5.7461607,50.0549259]]]}},{"type":"Feature","properties":{"t":"lavoura"},"geometry":{"type":"Polygon","coordinates":[[[5.7520448,50.0533204],[5.7526624,50.0538823],[5.7541635,50.0534623],[5.753794,50.0528804],[5.7521501,50.0532916],[5.7520448,50.0533204]]]}},{"type":"Feature","properties":{"t":"prado"},"geometry":{"type":"Polygon","coordinates":[[[5.755071,50.054733],[5.7548779,50.0544472],[5.7539284,50.055],[5.7544166,50.0555011],[5.7543227,50.0555562],[5.7545185,50.0557318],[5.7550469,50.0553065],[5.7549852,50.0552152],[5.7550657,50.0550258],[5.7549906,50.0547692],[5.755071,50.054733]]]}},{"type":"Feature","properties":{"t":"lavoura"},"geometry":{"type":"Polygon","coordinates":[[[5.7519463,50.0552686],[5.7513213,50.0553702],[5.7509297,50.0554176],[5.7509719,50.0555374],[5.751037,50.055756],[5.7512864,50.0559953],[5.7516995,50.0562657],[5.7520833,50.0564944],[5.7524827,50.0567324],[5.7529628,50.0569769],[5.7532445,50.0567444],[5.7532954,50.0567685],[5.754092,50.0560987],[5.7529816,50.0550378],[5.7528099,50.055272],[5.7526195,50.0554753],[5.7523674,50.055601],[5.7519463,50.0552686]]]}},{"type":"Feature","properties":{"t":"lavoura"},"geometry":{"type":"Polygon","coordinates":[[[5.7519463,50.0552686],[5.7523674,50.055601],[5.7526195,50.0554753],[5.7528099,50.055272],[5.7529816,50.0550378],[5.754092,50.0560987],[5.7545185,50.0557318],[5.7543227,50.0555562],[5.7544166,50.0555011],[5.7539284,50.055],[5.7548779,50.0544472],[5.7548511,50.0543834],[5.7547626,50.0544058],[5.7541635,50.0534623],[5.7526624,50.0538823],[5.7526544,50.0539736],[5.7527268,50.0541113],[5.7526705,50.0543197],[5.7526061,50.0543697],[5.7522064,50.0551773],[5.7521689,50.0552083],[5.7520536,50.0552583],[5.7519463,50.0552686]]]}},{"type":"Feature","properties":{"t":"prado"},"geometry":{"type":"Polygon","coordinates":[[[5.7599299,50.0651869],[5.7602075,50.0654099],[5.760304,50.0654874],[5.760355,50.0654676],[5.7604998,50.0647978],[5.7604247,50.0647737],[5.7599419,50.064877],[5.7596362,50.0649089],[5.7599299,50.0651869]]]}},{"type":"Feature","properties":{"t":"prado"},"geometry":{"type":"Polygon","coordinates":[[[5.760709,50.0647031],[5.7606313,50.0647496],[5.7604448,50.0655468],[5.7610026,50.0659406],[5.7614091,50.0661253],[5.7618651,50.0662217],[5.7623883,50.0664625],[5.7618812,50.0656535],[5.7617873,50.0656811],[5.7611006,50.0647961],[5.7609424,50.064722],[5.7607305,50.0647496],[5.760709,50.0647031]]]}},{"type":"Feature","properties":{"t":"prado"},"geometry":{"type":"Polygon","coordinates":[[[5.7526578,50.0611243],[5.7530527,50.061064],[5.7529427,50.0609297],[5.7526946,50.0607084],[5.7525203,50.0607282],[5.752421,50.0606533],[5.7523835,50.0606068],[5.7525122,50.0605672],[5.7524005,50.0604382],[5.7521193,50.0605207],[5.7523191,50.0608935],[5.7526578,50.0611243]]]}},{"type":"Feature","properties":{"t":"prado"},"geometry":{"type":"Polygon","coordinates":[[[5.7531197,50.0610545],[5.7538774,50.0608956],[5.7533678,50.0605294],[5.7527351,50.0600077],[5.7527073,50.0599223],[5.7522333,50.0600644],[5.7527053,50.0605483],[5.7531197,50.0610545]]]}},{"type":"Feature","properties":{"t":"prado"},"geometry":{"type":"Polygon","coordinates":[[[5.7522333,50.0600644],[5.7527073,50.0599223],[5.7525653,50.0589724],[5.7534218,50.0587314],[5.7536571,50.058737],[5.7543624,50.0587536],[5.754371,50.0583769],[5.7541376,50.0583717],[5.7537433,50.0584148],[5.7529494,50.0585371],[5.7523513,50.0585922],[5.7520616,50.0587058],[5.7520777,50.0588591],[5.7518792,50.0590295],[5.7518363,50.0594738],[5.7517999,50.059625],[5.7518631,50.0597304],[5.7519275,50.0597442],[5.7522333,50.0600644]]]}},{"type":"Feature","properties":{"t":"prado"},"geometry":{"type":"Polygon","coordinates":[[[5.7586651,50.0620188],[5.7588449,50.0622891],[5.7591614,50.0621789],[5.7591373,50.0620928],[5.7592446,50.0619878],[5.7593143,50.0620291],[5.7595772,50.0619482],[5.7594219,50.0616974],[5.7586651,50.0620188]]]}},{"type":"Feature","properties":{"t":"prado"},"geometry":{"type":"Polygon","coordinates":[[[5.7579228,50.0609807],[5.7574367,50.06029],[5.7569513,50.0606017],[5.7572181,50.0609989],[5.7574113,50.0612615],[5.7575977,50.0611897],[5.7576795,50.0610614],[5.7579228,50.0609807]]]}},{"type":"Feature","properties":{"t":"prado"},"geometry":{"type":"Polygon","coordinates":[[[5.7572181,50.0609989],[5.7569513,50.0606017],[5.7574367,50.06029],[5.7571645,50.0599835],[5.7569177,50.0599009],[5.7567206,50.0599456],[5.756654,50.0599213],[5.7565355,50.0600386],[5.7563598,50.0604598],[5.7569488,50.0611141],[5.7572181,50.0609989]]]}},{"type":"Feature","properties":{"t":"prado"},"geometry":{"type":"Polygon","coordinates":[[[5.7566043,50.059375],[5.7568031,50.0596219],[5.7570559,50.0598492],[5.7574636,50.0595065],[5.7575843,50.0595582],[5.7577506,50.0593498],[5.7576969,50.0591363],[5.7578042,50.0590915],[5.7570854,50.0579395],[5.7569459,50.0578069],[5.7569164,50.0577312],[5.7568198,50.0577518],[5.756741,50.0576253],[5.7563075,50.057974],[5.7564658,50.058296],[5.7561479,50.0585982],[5.7565838,50.058866],[5.7567354,50.0587618],[5.7568306,50.0587979],[5.7567018,50.0589701],[5.7569312,50.0590476],[5.7570277,50.0590536],[5.7572637,50.0589176],[5.7573362,50.0589486],[5.7571404,50.0590829],[5.7571699,50.0591699],[5.7569526,50.0592749],[5.7567649,50.0593404],[5.7566043,50.059375]]]}},{"type":"Feature","properties":{"t":"prado"},"geometry":{"type":"Polygon","coordinates":[[[5.7561479,50.0585982],[5.7564658,50.058296],[5.7563075,50.057974],[5.756741,50.0576253],[5.756337,50.0569769],[5.7564765,50.0569321],[5.7560849,50.0562812],[5.755924,50.0563225],[5.7553714,50.0554684],[5.7551622,50.0554477],[5.755071,50.0553823],[5.753282,50.0568615],[5.7533571,50.0568977],[5.7526919,50.0574608],[5.7535502,50.0576399],[5.7541376,50.0575383],[5.7551783,50.0573316],[5.7553849,50.0574677],[5.7550549,50.0575813],[5.7550067,50.0576261],[5.7547197,50.0576519],[5.7544059,50.0577484],[5.7542744,50.0580118],[5.7547867,50.0582633],[5.755071,50.0583511],[5.7556075,50.0583786],[5.7557845,50.0583941],[5.7561479,50.0585982]]]}},{"type":"Feature","properties":{"t":"prado"},"geometry":{"type":"Polygon","coordinates":[[[5.7514581,50.0586662],[5.7515869,50.0582753],[5.7518926,50.0579636],[5.7518162,50.0579352],[5.7515708,50.0578224],[5.7513615,50.0579963],[5.7515211,50.0580764],[5.7510477,50.0585147],[5.7511577,50.0585887],[5.7514581,50.0586662]]]}},{"type":"Feature","properties":{"t":"prado"},"geometry":{"type":"Polygon","coordinates":[[[5.7510477,50.0585147],[5.7515211,50.0580764],[5.7513615,50.0579963],[5.7515708,50.0578224],[5.7516432,50.057757],[5.7500553,50.0570492],[5.7500178,50.0570682],[5.7503691,50.0574522],[5.7506052,50.0577622],[5.7506537,50.0579557],[5.7506803,50.0580618],[5.7508573,50.0583218],[5.7509685,50.0584345],[5.7510477,50.0585147]]]}},{"type":"Feature","properties":{"t":"prado"},"geometry":{"type":"Polygon","coordinates":[[[5.7541645,50.061621],[5.7535583,50.0611923],[5.7531399,50.0611028],[5.7531197,50.0610545],[5.7530527,50.061064],[5.7526578,50.0611243],[5.7527724,50.0611923],[5.7528073,50.0611699],[5.7534242,50.0615866],[5.7537943,50.0618914],[5.7539847,50.0617278],[5.7543576,50.0619155],[5.7546768,50.0619826],[5.755114,50.0623459],[5.7553262,50.0625541],[5.7557872,50.0623528],[5.7546017,50.0618018],[5.7541645,50.061621]]]}},{"type":"Feature","properties":{"t":"prado"},"geometry":{"type":"Polygon","coordinates":[[[5.7546017,50.0618018],[5.7548448,50.0616091],[5.7546768,50.0615332],[5.7540517,50.0610209],[5.7538774,50.0608956],[5.7531197,50.0610545],[5.7531399,50.0611028],[5.7535583,50.0611923],[5.7541645,50.061621],[5.7546017,50.0618018]]]}},{"type":"Feature","properties":{"t":"prado"},"geometry":{"type":"Polygon","coordinates":[[[5.7548448,50.0616091],[5.7546017,50.0618018],[5.7557872,50.0623528],[5.7553262,50.0625541],[5.7554036,50.0626301],[5.7555605,50.0632895],[5.7556197,50.0634391],[5.756624,50.0630054],[5.756675,50.0629796],[5.7568064,50.0630347],[5.7569647,50.0629159],[5.7566907,50.0625815],[5.7553366,50.0618311],[5.7548448,50.0616091]]]}},{"type":"Feature","properties":{"t":"prado"},"geometry":{"type":"Polygon","coordinates":[[[5.756624,50.0630054],[5.7556197,50.0634391],[5.7562166,50.0637717],[5.7562901,50.0638035],[5.7568426,50.0635676],[5.7567662,50.0634092],[5.7568107,50.0632147],[5.7567528,50.0632069],[5.756624,50.0630054]]]}},{"type":"Feature","properties":{"t":"prado"},"geometry":{"type":"Polygon","coordinates":[[[5.7568426,50.0635676],[5.7562901,50.0638035],[5.7563934,50.0639946],[5.7564336,50.0641074],[5.7563679,50.0642778],[5.756329,50.0643803],[5.7568306,50.0644931],[5.7568198,50.0644156],[5.7566643,50.0643674],[5.756616,50.0643209],[5.7566073,50.0642417],[5.7568093,50.0641512],[5.7571256,50.0640884],[5.7568426,50.0635676]]]}},{"type":"Feature","properties":{"t":"prado"},"geometry":{"type":"Polygon","coordinates":[[[5.7568107,50.0632147],[5.7567662,50.0634092],[5.7568426,50.0635676],[5.7571256,50.0640884],[5.7574555,50.064555],[5.7574287,50.0645981],[5.7581274,50.0647352],[5.7579437,50.0646153],[5.7575226,50.064295],[5.7573348,50.0640385],[5.7573885,50.0638181],[5.7572007,50.0635874],[5.7569191,50.0632292],[5.7568107,50.0632147]]]}},{"type":"Feature","properties":{"t":"prado"},"geometry":{"type":"Polygon","coordinates":[[[5.7577318,50.0632775],[5.7573804,50.0630553],[5.7571498,50.0629469],[5.7571444,50.0632878],[5.7576251,50.0639137],[5.7577741,50.0638669],[5.7581717,50.064345],[5.7585177,50.0641745],[5.7584345,50.0640953],[5.7587089,50.0639868],[5.7579571,50.0634428],[5.7579249,50.0633205],[5.7585955,50.0634961],[5.7590483,50.0631607],[5.758625,50.0628935],[5.7585123,50.0629968],[5.7581368,50.0628281],[5.7579996,50.0629718],[5.7577318,50.0632775]]]}},{"type":"Feature","properties":{"t":"prado"},"geometry":{"type":"Polygon","coordinates":[[[5.7590483,50.0631607],[5.7585955,50.0634961],[5.7579249,50.0633205],[5.7579571,50.0634428],[5.7587089,50.0639868],[5.7595967,50.064492],[5.7604798,50.0641203],[5.7603604,50.0640592],[5.7602584,50.0640936],[5.7599902,50.0639352],[5.7600492,50.0638939],[5.759876,50.0637624],[5.759258,50.063293],[5.7591281,50.063211],[5.7590483,50.0631607]]]}},{"type":"Feature","properties":{"t":"prado"},"geometry":{"type":"Polygon","coordinates":[[[5.7467321,50.0640299],[5.7484835,50.0645895],[5.7490227,50.0639352],[5.7487437,50.0638663],[5.748961,50.063534],[5.7480479,50.063459],[5.7475663,50.0639829],[5.7469394,50.0637778],[5.7467321,50.0640299]]]}},{"type":"Feature","properties":{"t":"prado"},"geometry":{"type":"Polygon","coordinates":[[[5.751265,50.0644638],[5.7507178,50.0649924],[5.751847,50.0656845],[5.7521823,50.0653505],[5.7525471,50.0651731],[5.7526115,50.0652076],[5.7527751,50.0651473],[5.7521769,50.0646532],[5.751265,50.0644638]]]}},{"type":"Feature","properties":{"t":"prado"},"geometry":{"type":"Polygon","coordinates":[[[5.748961,50.063534],[5.7487437,50.0638663],[5.7490227,50.0639352],[5.751265,50.0644638],[5.7521769,50.0646532],[5.7527751,50.0651473],[5.7538184,50.0649269],[5.7544836,50.0648718],[5.7546928,50.064815],[5.7547894,50.0647134],[5.7547277,50.0645464],[5.7546151,50.0643484],[5.7546499,50.0642589],[5.7547975,50.0641711],[5.75443,50.0640333],[5.754312,50.0641384],[5.7529736,50.0637148],[5.7529092,50.0637699],[5.7513106,50.0633377],[5.7509699,50.0636683],[5.748961,50.063534]]]}},{"type":"Feature","properties":{"t":"prado"},"geometry":{"type":"Polygon","coordinates":[[[5.7480479,50.063459],[5.748961,50.063534],[5.7509699,50.0636683],[5.7513106,50.0633377],[5.7507205,50.063169],[5.7500473,50.0631294],[5.749653,50.0630657],[5.749653,50.0629934],[5.7507339,50.0630467],[5.7513589,50.0632551],[5.7518202,50.0633446],[5.7529736,50.0637148],[5.754312,50.0641384],[5.75443,50.0640333],[5.7547975,50.0641711],[5.7548645,50.0641263],[5.7547545,50.0640815],[5.7548591,50.0639817],[5.7542476,50.0637372],[5.7535636,50.0635288],[5.7526124,50.0630623],[5.7522708,50.0629761],[5.7521769,50.0630261],[5.7511159,50.0625019],[5.7504852,50.0622401],[5.7501774,50.0625474],[5.7496986,50.0623537],[5.7491876,50.0620748],[5.7490441,50.0623227],[5.7485035,50.062964],[5.7492508,50.0631698],[5.7490198,50.0633475],[5.7479176,50.0630795],[5.7478908,50.0631414],[5.7474921,50.0630318],[5.7472453,50.0633203],[5.7480479,50.063459]]]}},{"type":"Feature","properties":{"t":"prado"},"geometry":{"type":"Polygon","coordinates":[[[5.7491876,50.0620748],[5.7496986,50.0623537],[5.7501774,50.0625474],[5.7504852,50.0622401],[5.7503128,50.0621686],[5.7504221,50.0621148],[5.7502001,50.0619999],[5.7502618,50.0619],[5.7500312,50.0618225],[5.7499078,50.061993],[5.7499842,50.0620369],[5.7499333,50.0621557],[5.7497039,50.0622538],[5.7495698,50.062135],[5.7497517,50.06192],[5.749439,50.0617739],[5.7492574,50.0618767],[5.7491876,50.0620748]]]}},{"type":"Feature","properties":{"t":"prado"},"geometry":{"type":"Polygon","coordinates":[[[5.7504221,50.0621148],[5.7503128,50.0621686],[5.7504852,50.0622401],[5.7511159,50.0625019],[5.7515904,50.0621611],[5.7509818,50.0617851],[5.7504221,50.0621148]]]}},{"type":"Feature","properties":{"t":"prado"},"geometry":{"type":"Polygon","coordinates":[[[5.7545078,50.0648994],[5.7539687,50.0649648],[5.7533464,50.0650819],[5.7527751,50.0652179],[5.7525068,50.0653212],[5.752295,50.0654538],[5.7520063,50.0656989],[5.7522735,50.0659324],[5.7527268,50.0661408],[5.753594,50.0664966],[5.7528144,50.067499],[5.7529188,50.0676602],[5.7531694,50.0674561],[5.7534242,50.0673098],[5.7533437,50.0672857],[5.753569,50.0671187],[5.7540089,50.066585],[5.7541913,50.0663336],[5.7546928,50.0660512],[5.7553366,50.0655898],[5.7554653,50.0653815],[5.7549906,50.0652661],[5.7545078,50.0648994]]]}},{"type":"Feature","properties":{"t":"prado"},"geometry":{"type":"Polygon","coordinates":[[[5.7561882,50.0644035],[5.7559566,50.0647096],[5.7558221,50.0648994],[5.7558998,50.0649252],[5.7558406,50.0650382],[5.756793,50.0653384],[5.7570854,50.0650733],[5.756565,50.0645378],[5.7565221,50.0644931],[5.7561882,50.0644035]]]}},{"type":"Feature","properties":{"t":"prado"},"geometry":{"type":"Polygon","coordinates":[[[5.7500784,50.0588671],[5.7503563,50.0587494],[5.7502618,50.0586696],[5.750168,50.0586886],[5.7499614,50.0583959],[5.7499078,50.058079],[5.7499856,50.058036],[5.7500419,50.0581169],[5.7500419,50.0581565],[5.7506537,50.0579557],[5.7506052,50.0577622],[5.7503691,50.0574522],[5.7500178,50.0570682],[5.7495779,50.0573626],[5.749476,50.0575021],[5.7491979,50.0577753],[5.749535,50.0579877],[5.7496809,50.0581606],[5.7492357,50.0583555],[5.7494089,50.0585043],[5.7495028,50.0585276],[5.7497106,50.0587308],[5.749893,50.0586318],[5.7500784,50.0588671]]]}},{"type":"Feature","properties":{"t":"prado"},"geometry":{"type":"Polygon","coordinates":[[[5.7506537,50.0579557],[5.7500419,50.0581565],[5.7500419,50.0581995],[5.7501626,50.0583993],[5.7505327,50.0587867],[5.7503986,50.0588126],[5.7501572,50.058909],[5.75064,50.0593343],[5.7503329,50.0595375],[5.7504027,50.0595814],[5.7507728,50.0593429],[5.7508412,50.0591966],[5.7509807,50.0590614],[5.7511899,50.0591303],[5.7514273,50.0590571],[5.7514501,50.0588935],[5.7511872,50.0589968],[5.750758,50.0585629],[5.7509685,50.0584345],[5.7508573,50.0583218],[5.7506803,50.0580618],[5.7506537,50.0579557]]]}},{"type":"Feature","properties":{"t":"prado"},"geometry":{"type":"Polygon","coordinates":[[[5.7465148,50.0560453],[5.7456216,50.0555218],[5.7451951,50.0552049],[5.7445112,50.0556544],[5.7448947,50.0560039],[5.7458012,50.0565582],[5.7464907,50.0560969],[5.7465148,50.0560453]]]}},{"type":"Feature","properties":{"t":"prado"},"geometry":{"type":"Polygon","coordinates":[[[5.7458012,50.0565582],[5.7448947,50.0560039],[5.7445112,50.0556544],[5.7438514,50.056109],[5.7436381,50.0558756],[5.7429876,50.0563175],[5.7448159,50.0572174],[5.7458012,50.0565582]]]}},{"type":"Feature","properties":{"t":"prado"},"geometry":{"type":"Polygon","coordinates":[[[5.7464907,50.0560969],[5.7458012,50.0565582],[5.7448159,50.0572174],[5.7447687,50.057249],[5.7449011,50.057315],[5.745451,50.0575889],[5.7459592,50.0571394],[5.7461339,50.0572154],[5.7467601,50.0568639],[5.7465202,50.0566136],[5.746429,50.056388],[5.746429,50.0562519],[5.7464907,50.0560969]]]}},{"type":"Feature","properties":{"t":"prado"},"geometry":{"type":"Polygon","coordinates":[[[5.7387373,50.0518054],[5.7390824,50.0521205],[5.7402277,50.0528249],[5.7422754,50.0525902],[5.7423896,50.0525028],[5.7424993,50.0525619],[5.7452542,50.0522497],[5.7450342,50.0517743],[5.7410485,50.0522273],[5.739938,50.0513679],[5.7387373,50.0518054]]]}},{"type":"Feature","properties":{"t":"prado"},"geometry":{"type":"Polygon","coordinates":[[[5.7452783,50.057571],[5.7447062,50.0572824],[5.7446721,50.0573006],[5.7440128,50.056973],[5.7434571,50.0574264],[5.7447177,50.0580583],[5.7452783,50.057571]]]}},{"type":"Feature","properties":{"t":"prado"},"geometry":{"type":"Polygon","coordinates":[[[5.7449993,50.0582082],[5.7445675,50.0585784],[5.7448196,50.0587626],[5.7452756,50.0589727],[5.7467991,50.0595496],[5.7468163,50.0595255],[5.7473007,50.058847],[5.7463029,50.0585818],[5.7451026,50.0581311],[5.7449993,50.0582082]]]}},{"type":"Feature","properties":{"t":"prado"},"geometry":{"type":"Polygon","coordinates":[[[5.7380203,50.0547467],[5.7394661,50.0554273],[5.7396483,50.0555131],[5.739769,50.0553909],[5.7396913,50.0552135],[5.7396698,50.0551687],[5.7396977,50.0551577],[5.7391977,50.054832],[5.7394794,50.0546245],[5.7392527,50.0545005],[5.73947,50.0543206],[5.7393385,50.0542405],[5.7390341,50.0544351],[5.7388236,50.0545531],[5.7385272,50.0546194],[5.7384011,50.0545229],[5.7380203,50.0547467]]]}},{"type":"Feature","properties":{"t":"prado"},"geometry":{"type":"Polygon","coordinates":[[[5.7392862,50.0524632],[5.7386318,50.052911],[5.7391387,50.0531504],[5.7394385,50.0533453],[5.7397556,50.0532089],[5.740084,50.0529651],[5.7396913,50.0527302],[5.7395706,50.052787],[5.7396537,50.0528283],[5.7396269,50.0528679],[5.7392755,50.0527956],[5.7390717,50.0528955],[5.738951,50.0528042],[5.7391602,50.0526458],[5.7392782,50.0526957],[5.7394314,50.0525552],[5.7392862,50.0524632]]]}},{"type":"Feature","properties":{"t":"prado"},"geometry":{"type":"Polygon","coordinates":[[[5.7392862,50.0524632],[5.7394314,50.0525552],[5.7394659,50.0525235],[5.7396805,50.0526148],[5.7396913,50.0527302],[5.740084,50.0529651],[5.7406703,50.0533157],[5.7409358,50.0531538],[5.7431835,50.0531659],[5.7455894,50.0533123],[5.7453507,50.0524908],[5.7452542,50.0522497],[5.7424993,50.0525619],[5.7428241,50.052737],[5.7426792,50.0528335],[5.7422501,50.0526096],[5.7422754,50.0525902],[5.7402277,50.0528249],[5.7390824,50.0521205],[5.7387373,50.0518054],[5.7385674,50.0518673],[5.7381041,50.0520698],[5.7378928,50.0518992],[5.73763,50.0520258],[5.7377051,50.0520921],[5.7375804,50.0521653],[5.7379693,50.0525088],[5.7381704,50.0524425],[5.7383957,50.0524425],[5.7386693,50.0526561],[5.7391709,50.0523892],[5.7392862,50.0524632]]]}},{"type":"Feature","properties":{"t":"prado"},"geometry":{"type":"Polygon","coordinates":[[[5.7483736,50.060965],[5.7480812,50.0613791],[5.7479189,50.061634],[5.7484139,50.0617312],[5.7486244,50.061547],[5.7486847,50.0615849],[5.7488984,50.0613381],[5.7483736,50.060965]]]}},{"type":"Feature","properties":{"t":"prado"},"geometry":{"type":"Polygon","coordinates":[[[5.7485849,50.0606312],[5.7483736,50.060965],[5.7488984,50.0613381],[5.7491782,50.0611441],[5.7489181,50.0609943],[5.7489668,50.0609566],[5.7485849,50.0606312]]]}},{"type":"Feature","properties":{"t":"prado"},"geometry":{"type":"Polygon","coordinates":[[[5.7468903,50.0596081],[5.7471515,50.0597417],[5.74718,50.0597269],[5.7474965,50.059894],[5.7474718,50.0599027],[5.7478693,50.0601281],[5.7483199,50.0604054],[5.7485849,50.0606312],[5.7489668,50.0609566],[5.7492517,50.0607355],[5.7501203,50.060994],[5.7503504,50.0609616],[5.7506052,50.06086],[5.750859,50.060705],[5.7504925,50.0603847],[5.7506642,50.0603055],[5.7501224,50.0598165],[5.7499185,50.0599112],[5.7489637,50.0590829],[5.7488368,50.0591665],[5.7484191,50.0589862],[5.7482563,50.0591535],[5.7473007,50.058847],[5.7468163,50.0595255],[5.7468581,50.0595341],[5.7471961,50.059231],[5.7472765,50.0592465],[5.7468903,50.0596081]]]}},{"type":"Feature","properties":{"t":"prado"},"geometry":{"type":"Polygon","coordinates":[[[5.7341002,50.0502148],[5.7333658,50.0497382],[5.7323299,50.0502303],[5.7322374,50.0502725],[5.7322745,50.0503043],[5.733039,50.0508847],[5.7330814,50.0509166],[5.7341002,50.0502148]]]}},{"type":"Feature","properties":{"t":"prado"},"geometry":{"type":"Polygon","coordinates":[[[5.7337658,50.0514307],[5.7344132,50.0510038],[5.7347372,50.0507944],[5.7344609,50.0507358],[5.7346058,50.0505429],[5.7341002,50.0502148],[5.7330814,50.0509166],[5.7336907,50.0513756],[5.7337658,50.0514307]]]}},{"type":"Feature","properties":{"t":"prado"},"geometry":{"type":"Polygon","coordinates":[[[5.7307488,50.0496818],[5.7285298,50.0492242],[5.7281933,50.050452],[5.7281714,50.0508176],[5.7282184,50.0509626],[5.7283495,50.0511127],[5.730444,50.052474],[5.7311255,50.0526222],[5.7314726,50.0525432],[5.7315061,50.0525286],[5.7318713,50.0522936],[5.7320175,50.0522643],[5.7321838,50.0522832],[5.7323112,50.0523392],[5.7323474,50.0523676],[5.7326554,50.0521574],[5.7325991,50.0519336],[5.7324945,50.0517941],[5.7323845,50.0513549],[5.7323174,50.0507659],[5.7322745,50.0503043],[5.7322374,50.0502725],[5.7323299,50.0502303],[5.7321164,50.0501867],[5.7320738,50.0510527],[5.7308078,50.0509046],[5.7307488,50.0496818]]]}},{"type":"Feature","properties":{"t":"prado"},"geometry":{"type":"Polygon","coordinates":[[[5.7307488,50.0496818],[5.7308078,50.0509046],[5.7320738,50.0510527],[5.7321164,50.0501867],[5.7320724,50.0501778],[5.7322347,50.0499995],[5.7307488,50.0496818]]]}},{"type":"Feature","properties":{"t":"prado"},"geometry":{"type":"Polygon","coordinates":[[[5.7285298,50.0492242],[5.7307488,50.0496818],[5.7322347,50.0499995],[5.7320724,50.0501778],[5.7321164,50.0501867],[5.7323299,50.0502303],[5.7333658,50.0497382],[5.7330823,50.0495543],[5.7300997,50.0474186],[5.7295688,50.047592],[5.7292353,50.0477291],[5.729077,50.0478548],[5.7288209,50.0481518],[5.7285298,50.0492242]]]}},{"type":"Feature","properties":{"t":"prado"},"geometry":{"type":"Polygon","coordinates":[[[5.7353662,50.0536377],[5.7356934,50.0535344],[5.7358664,50.0534767],[5.7360488,50.0534302],[5.7364042,50.0532029],[5.7363251,50.0531073],[5.736486,50.0530419],[5.7364351,50.0529988],[5.7352689,50.0534071],[5.7352763,50.0534914],[5.7353662,50.0536377]]]}},{"type":"Feature","properties":{"t":"prado"},"geometry":{"type":"Polygon","coordinates":[[[5.7352689,50.0534071],[5.7364351,50.0529988],[5.736191,50.0527982],[5.7359134,50.0525114],[5.7354239,50.0527198],[5.7353058,50.0525932],[5.735271,50.0526087],[5.7351972,50.0525364],[5.7350484,50.0525881],[5.7349598,50.0528421],[5.7350779,50.0531366],[5.7351489,50.0533639],[5.7352656,50.0533691],[5.7352689,50.0534071]]]}},{"type":"Feature","properties":{"t":"prado"},"geometry":{"type":"Polygon","coordinates":[[[5.7418236,50.0567642],[5.7417244,50.057218],[5.741601,50.0574229],[5.7427061,50.0579877],[5.7434872,50.0584137],[5.7437575,50.0585612],[5.744251,50.058358],[5.7445675,50.0585784],[5.7449993,50.0582082],[5.7447177,50.0580583],[5.7434571,50.0574264],[5.7440128,50.056973],[5.7428563,50.0563983],[5.742002,50.0558533],[5.7419443,50.0561486],[5.7418236,50.0567642]]]}},{"type":"Feature","properties":{"t":"prado"},"geometry":{"type":"Polygon","coordinates":[[[5.7418236,50.0567642],[5.7419443,50.0561486],[5.742002,50.0558533],[5.740404,50.0548893],[5.7398607,50.0552639],[5.7405885,50.0558128],[5.7418236,50.0567642]]]}},{"type":"Feature","properties":{"t":"prado"},"geometry":{"type":"Polygon","coordinates":[[[5.7335406,50.054379],[5.7335406,50.0540484],[5.733739,50.0537074],[5.7335915,50.0537419],[5.7333474,50.0538021],[5.7330577,50.053933],[5.732878,50.0540863],[5.7325937,50.054274],[5.7329428,50.0544075],[5.7334816,50.0543818],[5.7335406,50.054379]]]}},{"type":"Feature","properties":{"t":"prado"},"geometry":{"type":"Polygon","coordinates":[[[5.7320201,50.0543938],[5.7324247,50.0541018],[5.7325159,50.0540381],[5.7326071,50.0539141],[5.7325857,50.0538538],[5.7321967,50.0535765],[5.7317032,50.0532752],[5.7316673,50.0532425],[5.731085,50.0531667],[5.7306898,50.0531142],[5.7298368,50.0532365],[5.7294613,50.0533725],[5.728881,50.0535812],[5.7315803,50.0546486],[5.7320201,50.0543938]]]}},{"type":"Feature","properties":{"t":"prado"},"geometry":{"type":"Polygon","coordinates":[[[5.7238499,50.0516592],[5.7223535,50.0526406],[5.7244318,50.0526431],[5.7251599,50.0522728],[5.7238499,50.0516592]]]}},{"type":"Feature","properties":{"t":"prado"},"geometry":{"type":"Polygon","coordinates":[[[5.7215613,50.0540679],[5.7218637,50.0538163],[5.7223879,50.0539623],[5.7243298,50.0527568],[5.7243433,50.0527327],[5.7230562,50.0527095],[5.7211867,50.0538754],[5.7215613,50.0540679]]]}},{"type":"Feature","properties":{"t":"prado"},"geometry":{"type":"Polygon","coordinates":[[[5.7265005,50.0546716],[5.7272485,50.0542457],[5.7275248,50.0540631],[5.7279271,50.0538117],[5.7285842,50.0535792],[5.7291046,50.0533708],[5.7292789,50.0532571],[5.7284608,50.0531728],[5.7268982,50.0528278],[5.7262771,50.0527543],[5.7251897,50.0527311],[5.7251479,50.0527878],[5.7241045,50.0533991],[5.722685,50.0542767],[5.722589,50.0543852],[5.7246062,50.0551571],[5.7246432,50.0551861],[5.7249767,50.055062],[5.7256043,50.0549138],[5.7260683,50.0548071],[5.7265005,50.0546716]]]}},{"type":"Feature","properties":{"t":"prado"},"geometry":{"type":"Polygon","coordinates":[[[5.7260683,50.0548071],[5.7256043,50.0549138],[5.7249767,50.055062],[5.7246432,50.0551861],[5.724687,50.0552204],[5.7241479,50.056171],[5.7235256,50.0572404],[5.723826,50.0573213],[5.7241505,50.0568478],[5.7245636,50.0563397],[5.7254004,50.0554804],[5.7260683,50.0548071]]]}},{"type":"Feature","properties":{"t":"prado"},"geometry":{"type":"Polygon","coordinates":[[[5.7329804,50.0547227],[5.7330206,50.0550275],[5.7327175,50.0550551],[5.7319102,50.0552273],[5.7323179,50.0560194],[5.7342792,50.0557867],[5.7343644,50.0557766],[5.7341042,50.0551687],[5.7337341,50.0546779],[5.7329804,50.0547227]]]}},{"type":"Feature","properties":{"t":"prado"},"geometry":{"type":"Polygon","coordinates":[[[5.7343389,50.0555493],[5.7349759,50.0557301],[5.7351612,50.0553358],[5.734178,50.055167],[5.7343389,50.0555493]]]}},{"type":"Feature","properties":{"t":"prado"},"geometry":{"type":"Polygon","coordinates":[[[5.7351612,50.0553358],[5.7349759,50.0557301],[5.736258,50.0560987],[5.737744,50.0565016],[5.7394661,50.0554273],[5.7380203,50.0547467],[5.7379585,50.054783],[5.7375188,50.0543197],[5.737233,50.0544687],[5.7376622,50.0548295],[5.7380511,50.0551524],[5.7376863,50.055378],[5.7375334,50.0553478],[5.7370171,50.0552057],[5.7368443,50.0551587],[5.7365182,50.0554942],[5.7362281,50.0554273],[5.7361829,50.0555243],[5.7358181,50.0554313],[5.7358261,50.0553346],[5.7354051,50.0552376],[5.7352281,50.0550981],[5.7360703,50.054454],[5.736368,50.0547563],[5.7374519,50.0542493],[5.7371566,50.0539408],[5.7371365,50.0538504],[5.7368079,50.0536472],[5.736431,50.0533191],[5.7361762,50.0534535],[5.7362299,50.0535249],[5.7359791,50.0536085],[5.7359281,50.0535267],[5.735727,50.0535818],[5.7356934,50.0535344],[5.7353662,50.0536377],[5.7354265,50.0537359],[5.7353749,50.0537547],[5.7354936,50.0538668],[5.7357028,50.0541062],[5.7344556,50.0548897],[5.7341659,50.0548605],[5.734099,50.0548335],[5.7340439,50.0549052],[5.7341351,50.0551016],[5.7352321,50.0553108],[5.7352214,50.0553461],[5.7351612,50.0553358]]]}},{"type":"Feature","properties":{"t":"prado"},"geometry":{"type":"Polygon","coordinates":[[[5.736368,50.0547563],[5.7360703,50.054454],[5.7352281,50.0550981],[5.7354051,50.0552376],[5.7358261,50.0553346],[5.7362281,50.0554273],[5.7365182,50.0554942],[5.7368443,50.0551587],[5.7364029,50.0550387],[5.7361668,50.0550086],[5.7364069,50.0548045],[5.736368,50.0547563]]]}},{"type":"Feature","properties":{"t":"prado"},"geometry":{"type":"Polygon","coordinates":[[[5.7374519,50.0542493],[5.736368,50.0547563],[5.7364069,50.0548045],[5.7361668,50.0550086],[5.7364029,50.0550387],[5.7368991,50.0546719],[5.7371002,50.0546288],[5.7370238,50.0545677],[5.737233,50.0544687],[5.7375188,50.0543197],[5.737469,50.0542672],[5.7374519,50.0542493]]]}},{"type":"Feature","properties":{"t":"prado"},"geometry":{"type":"Polygon","coordinates":[[[5.7371002,50.0546288],[5.7368991,50.0546719],[5.7364029,50.0550387],[5.7368443,50.0551587],[5.7370171,50.0552057],[5.7375334,50.0553478],[5.7376863,50.055378],[5.7380511,50.0551524],[5.7376622,50.0548295],[5.7374731,50.0549233],[5.7371002,50.0546288]]]}},{"type":"Feature","properties":{"t":"prado"},"geometry":{"type":"Polygon","coordinates":[[[5.737233,50.0544687],[5.7370238,50.0545677],[5.7371002,50.0546288],[5.7374731,50.0549233],[5.7376622,50.0548295],[5.737233,50.0544687]]]}},{"type":"Feature","properties":{"t":"prado"},"geometry":{"type":"Polygon","coordinates":[[[5.7339138,50.0547589],[5.734099,50.0548335],[5.7341659,50.0548605],[5.7344556,50.0548897],[5.7357028,50.0541062],[5.7354936,50.0538668],[5.7353749,50.0537547],[5.7352844,50.0537876],[5.7350269,50.0533949],[5.7348092,50.0533785],[5.7346966,50.0535386],[5.7342835,50.0539416],[5.7338249,50.0542671],[5.7336987,50.0543601],[5.7336327,50.054368],[5.7339138,50.0547589]]]}},{"type":"Feature","properties":{"t":"prado"},"geometry":{"type":"Polygon","coordinates":[[[5.7414052,50.0626111],[5.7401016,50.0623132],[5.7394606,50.0621583],[5.7366496,50.0614919],[5.7366604,50.061671],[5.7364967,50.0621893],[5.7365048,50.0622599],[5.7365745,50.0623236],[5.7371297,50.0624406],[5.7376206,50.0625577],[5.7377493,50.0626163],[5.7389671,50.0629004],[5.7396618,50.0631587],[5.7397529,50.0631552],[5.7405066,50.0627902],[5.740858,50.0626903],[5.7410511,50.0626507],[5.7414052,50.0626111]]]}},{"type":"Feature","properties":{"t":"lavoura"},"geometry":{"type":"Polygon","coordinates":[[[5.7432827,50.060309],[5.7421321,50.0615091],[5.7408392,50.0612078],[5.7401016,50.0623132],[5.7414052,50.0626111],[5.7419899,50.0625422],[5.7424539,50.0624131],[5.7427731,50.0622995],[5.7430199,50.0621479],[5.7437548,50.0614506],[5.743905,50.0613645],[5.7441276,50.0613851],[5.744648,50.0613197],[5.744833,50.061349],[5.7448357,50.061299],[5.7446453,50.061039],[5.7444468,50.0608669],[5.7441652,50.0606947],[5.7432827,50.060309]]]}},{"type":"Feature","properties":{"t":"lavoura"},"geometry":{"type":"Polygon","coordinates":[[[5.7408392,50.0612078],[5.7421321,50.0615091],[5.7432827,50.060309],[5.742175,50.0598199],[5.7408392,50.0612078]]]}},{"type":"Feature","properties":{"t":"lavoura"},"geometry":{"type":"Polygon","coordinates":[[[5.7366496,50.0614919],[5.7394606,50.0621583],[5.7401016,50.0623132],[5.7408392,50.0612078],[5.7373711,50.0603709],[5.735448,50.0599181],[5.7357618,50.060309],[5.7363626,50.0609753],[5.736596,50.0612887],[5.7366496,50.0614919]]]}},{"type":"Feature","properties":{"t":"prado"},"geometry":{"type":"Polygon","coordinates":[[[5.7408392,50.0612078],[5.742175,50.0598199],[5.7413006,50.0593929],[5.7412282,50.059448],[5.740799,50.0592517],[5.7405522,50.0592809],[5.74063,50.0590967],[5.7378486,50.0583339],[5.734807,50.0574935],[5.7347399,50.0575331],[5.7348043,50.0578534],[5.7350188,50.0582615],[5.7352924,50.0587213],[5.7352844,50.0589779],[5.7352227,50.0593326],[5.7352871,50.0596116],[5.735448,50.0599181],[5.7373711,50.0603709],[5.7408392,50.0612078]]]}},{"type":"Feature","properties":{"t":"prado"},"geometry":{"type":"Polygon","coordinates":[[[5.7417968,50.0595875],[5.7434872,50.0584137],[5.7427061,50.0579877],[5.741601,50.0574229],[5.7417244,50.057218],[5.7418236,50.0567642],[5.7405885,50.0558128],[5.7398607,50.0552639],[5.7396977,50.0551577],[5.7396698,50.0551687],[5.7396913,50.0552135],[5.739769,50.0553909],[5.7396483,50.0555131],[5.7394661,50.0554273],[5.737744,50.0565016],[5.736258,50.0560987],[5.7349759,50.0557301],[5.7343389,50.0555493],[5.7345897,50.0561985],[5.7347399,50.0566979],[5.7386801,50.0577863],[5.7382616,50.0583993],[5.7408178,50.0591053],[5.7417968,50.0595875]]]}},{"type":"Feature","properties":{"t":"lavoura"},"geometry":{"type":"Polygon","coordinates":[[[5.7382616,50.0583993],[5.7386801,50.0577863],[5.7347399,50.0566979],[5.7347989,50.0569907],[5.7347587,50.0573144],[5.7347935,50.0574246],[5.7348552,50.057466],[5.7382616,50.0583993]]]}},{"type":"Feature","properties":{"t":"lavoura"},"geometry":{"type":"Polygon","coordinates":[[[5.7326053,50.0605518],[5.7321542,50.0602952],[5.7315827,50.0599265],[5.7304376,50.0609025],[5.731868,50.061566],[5.7326053,50.0605518]]]}},{"type":"Feature","properties":{"t":"lavoura"},"geometry":{"type":"Polygon","coordinates":[[[5.7345521,50.0612577],[5.7357699,50.0603968],[5.7353649,50.0598854],[5.7351959,50.0595788],[5.7351691,50.0592827],[5.7352254,50.0587885],[5.7351154,50.0585302],[5.734756,50.0579585],[5.7327819,50.0581858],[5.7311421,50.0596151],[5.7315827,50.0599265],[5.7321542,50.0602952],[5.7326053,50.0605518],[5.7326133,50.0605564],[5.7327953,50.0604226],[5.7338092,50.0608806],[5.7345521,50.0612577]]]}},{"type":"Feature","properties":{"t":"lavoura"},"geometry":{"type":"Polygon","coordinates":[[[5.734756,50.0579585],[5.7346809,50.0576743],[5.7346728,50.0574815],[5.7345924,50.0574729],[5.734579,50.0573558],[5.7322991,50.0576382],[5.7305339,50.0591851],[5.7311421,50.0596151],[5.7327819,50.0581858],[5.734756,50.0579585]]]}},{"type":"Feature","properties":{"t":"lavoura"},"geometry":{"type":"Polygon","coordinates":[[[5.7305339,50.0591851],[5.7322991,50.0576382],[5.734579,50.0573558],[5.7346621,50.0571371],[5.7347184,50.057125],[5.7347319,50.0569958],[5.7347211,50.0568925],[5.731532,50.0572645],[5.7296611,50.0588711],[5.7305339,50.0591851]]]}},{"type":"Feature","properties":{"t":"prado"},"geometry":{"type":"Polygon","coordinates":[[[5.7296611,50.0588711],[5.731532,50.0572645],[5.7347211,50.0568925],[5.7346836,50.0567513],[5.734646,50.056753],[5.7345843,50.0565705],[5.7308802,50.0569735],[5.7300246,50.0566049],[5.7283582,50.0580662],[5.7296611,50.0588711]]]}},{"type":"Feature","properties":{"t":"prado"},"geometry":{"type":"Polygon","coordinates":[[[5.7300246,50.0566049],[5.7308802,50.0569735],[5.7345843,50.0565705],[5.7342792,50.0557867],[5.7323179,50.0560194],[5.7319102,50.0552273],[5.7327175,50.0550551],[5.7330206,50.0550275],[5.7329804,50.0547227],[5.7329804,50.0546624],[5.7335651,50.054628],[5.7334816,50.0543818],[5.7329428,50.0544075],[5.7325937,50.054274],[5.7324864,50.0542172],[5.7320496,50.0544127],[5.7320201,50.0543938],[5.7315803,50.0546486],[5.728881,50.0535812],[5.7287908,50.0536136],[5.7280236,50.0539253],[5.7273668,50.0542988],[5.7284769,50.0552617],[5.7292923,50.0557077],[5.7294333,50.0557431],[5.730351,50.0561579],[5.7304215,50.0562003],[5.7300246,50.0566049]]]}},{"type":"Feature","properties":{"t":"lavoura"},"geometry":{"type":"Polygon","coordinates":[[[5.7294333,50.0557431],[5.7292923,50.0557077],[5.7284769,50.0552617],[5.7273668,50.0542988],[5.7271573,50.0544179],[5.7267777,50.0545897],[5.7269542,50.0551323],[5.7272525,50.0552992],[5.7260911,50.0565709],[5.7272542,50.0570456],[5.7287988,50.0560039],[5.7289463,50.0560849],[5.7294333,50.0557431]]]}},{"type":"Feature","properties":{"t":"lavoura"},"geometry":{"type":"Polygon","coordinates":[[[5.7441813,50.0635616],[5.7447553,50.0628659],[5.7430333,50.0621806],[5.7427812,50.0623408],[5.7424593,50.062451],[5.7420382,50.0625577],[5.7415527,50.0626421],[5.7411584,50.0626697],[5.7407856,50.0627334],[5.7404879,50.0628298],[5.739828,50.0631621],[5.73982,50.0632379],[5.7407615,50.0636459],[5.7413569,50.0638319],[5.7416412,50.0639025],[5.7420623,50.0634806],[5.7437682,50.0640574],[5.7441813,50.0635616]]]}},{"type":"Feature","properties":{"t":"prado"},"geometry":{"type":"Polygon","coordinates":[[[5.7441813,50.0635616],[5.7437682,50.0640574],[5.7420623,50.0634806],[5.7416412,50.0639025],[5.7423037,50.0641728],[5.742757,50.0643381],[5.7430065,50.0644414],[5.7432452,50.0644827],[5.7433552,50.0643674],[5.7439211,50.0645292],[5.7438996,50.0645723],[5.74431,50.0646704],[5.7446212,50.0647875],[5.7449082,50.0644586],[5.7460561,50.0648512],[5.74615,50.0646463],[5.7452649,50.0643002],[5.7454057,50.0640709],[5.7441813,50.0635616]]]}},{"type":"Feature","properties":{"t":"prado"},"geometry":{"type":"Polygon","coordinates":[[[5.7430333,50.0621806],[5.7447553,50.0628659],[5.7441813,50.0635616],[5.7454057,50.0640709],[5.7462922,50.0644397],[5.7468752,50.0637245],[5.7468468,50.0637009],[5.7468734,50.0636487],[5.7461913,50.0633924],[5.7464774,50.0630318],[5.7471719,50.0632781],[5.747361,50.0630408],[5.7466645,50.062794],[5.7471085,50.0622284],[5.7459209,50.0616951],[5.745493,50.062146],[5.7446878,50.0618404],[5.7450368,50.0614109],[5.7449149,50.0613968],[5.7448267,50.0614007],[5.7448143,50.0615022],[5.744192,50.0615487],[5.7438269,50.0614668],[5.7437226,50.0615341],[5.7430333,50.0621806]]]}},{"type":"Feature","properties":{"t":"prado"},"geometry":{"type":"Polygon","coordinates":[[[5.7466584,50.0613154],[5.7467133,50.0612457],[5.7447016,50.0603313],[5.7427195,50.0594428],[5.7422984,50.0598182],[5.7429019,50.0600851],[5.7442054,50.0606706],[5.7445541,50.0608634],[5.7449537,50.0613352],[5.7460065,50.061652],[5.7459421,50.0615436],[5.7460628,50.0614273],[5.7461996,50.0614678],[5.7465269,50.0612655],[5.7466584,50.0613154]]]}},{"type":"Feature","properties":{"t":"prado"},"geometry":{"type":"Polygon","coordinates":[[[5.7422984,50.0598182],[5.7427195,50.0594428],[5.7447016,50.0603313],[5.7467133,50.0612457],[5.7466584,50.0613154],[5.7467039,50.0613326],[5.746264,50.0616804],[5.7463572,50.0616923],[5.7469388,50.0616977],[5.7472425,50.0613378],[5.7474402,50.061219],[5.7476856,50.0612302],[5.7480812,50.0613791],[5.7483736,50.060965],[5.7485849,50.0606312],[5.7483199,50.0604054],[5.7478693,50.0601281],[5.7474718,50.0599027],[5.7474187,50.0599215],[5.7470968,50.05977],[5.7471515,50.0597417],[5.7468903,50.0596081],[5.7467991,50.0595496],[5.7452756,50.0589727],[5.7448196,50.0587626],[5.7445675,50.0585784],[5.744251,50.058358],[5.7437575,50.0585612],[5.7434872,50.0584137],[5.7417968,50.0595875],[5.7422984,50.0598182]]]}},{"type":"Feature","properties":{"t":"prado"},"geometry":{"type":"Polygon","coordinates":[[[5.7423493,50.0649562],[5.743736,50.065465],[5.7439706,50.0651837],[5.7439077,50.0651628],[5.7440096,50.0650165],[5.7447579,50.0652145],[5.7449537,50.0649355],[5.7442859,50.064722],[5.7438245,50.0645946],[5.7431298,50.0645154],[5.7429635,50.0645447],[5.7426095,50.0648305],[5.7423493,50.0649562]]]}},{"type":"Feature","properties":{"t":"prado"},"geometry":{"type":"Polygon","coordinates":[[[5.7500392,50.0655881],[5.7512543,50.0663474],[5.7513857,50.066337],[5.7515895,50.0660512],[5.7519087,50.0657327],[5.751847,50.0656845],[5.7507178,50.0649924],[5.7500392,50.0655881]]]}},{"type":"Feature","properties":{"t":"prado"},"geometry":{"type":"Polygon","coordinates":[[[5.7500392,50.0655881],[5.7507178,50.0649924],[5.751265,50.0644638],[5.7490227,50.0639352],[5.7484835,50.0645895],[5.7467321,50.0640299],[5.7464746,50.0643037],[5.7482314,50.0647651],[5.7481348,50.0649132],[5.7484084,50.0649407],[5.7490307,50.0651077],[5.7495752,50.0653126],[5.7500392,50.0655881]]]}},{"type":"Feature","properties":{"t":"grama"},"geometry":{"type":"Polygon","coordinates":[[[5.7343563,50.0694928],[5.7343349,50.0694205],[5.7323004,50.0668302],[5.7319102,50.0665299],[5.731709,50.0664662],[5.730958,50.0657224],[5.7305744,50.0653953],[5.730325,50.0650354],[5.7295524,50.0643602],[5.7304618,50.0653935],[5.7315706,50.0665599],[5.7343563,50.0694928]]]}},{"type":"Feature","properties":{"t":"prado"},"geometry":{"type":"Polygon","coordinates":[[[5.7341546,50.065521],[5.7330569,50.0663087],[5.737457,50.0677402],[5.7377815,50.0674802],[5.7381517,50.0671927],[5.7383528,50.0670171],[5.7385138,50.0668226],[5.7385486,50.0666487],[5.7385191,50.0665402],[5.738546,50.0664248],[5.7386264,50.0662802],[5.7388276,50.0660857],[5.7347292,50.0647375],[5.7341546,50.065521]]]}},{"type":"Feature","properties":{"t":"prado"},"geometry":{"type":"Polygon","coordinates":[[[5.7340801,50.0654521],[5.7341793,50.0654107],[5.7346433,50.0647961],[5.734696,50.064728],[5.7354319,50.0637751],[5.7358074,50.063305],[5.7358853,50.0632002],[5.736089,50.0630037],[5.7336616,50.0622638],[5.7326028,50.0635588],[5.7328328,50.0636442],[5.7335865,50.0636735],[5.733719,50.0637009],[5.733431,50.0639369],[5.7330716,50.0641607],[5.7322716,50.0645886],[5.7340801,50.0654521]]]}},{"type":"Feature","properties":{"t":"prado"},"geometry":{"type":"Polygon","coordinates":[[[5.7364136,50.0622926],[5.7364458,50.0621393],[5.7365531,50.0618914],[5.736596,50.0616383],[5.7365987,50.0614299],[5.7364672,50.0611923],[5.7361963,50.0608617],[5.7357699,50.0603968],[5.7345521,50.0612577],[5.7343933,50.0613689],[5.7342252,50.0615745],[5.7343778,50.0616744],[5.7347506,50.0618414],[5.7351315,50.0619844],[5.7356948,50.062141],[5.7364136,50.0622926]]]}},{"type":"Feature","properties":{"t":"prado"},"geometry":{"type":"Polygon","coordinates":[[[5.733673,50.0622498],[5.7336616,50.0622638],[5.736089,50.0630037],[5.73625,50.0628143],[5.7363519,50.0626404],[5.7364163,50.0623218],[5.7355714,50.0621445],[5.7349384,50.0619568],[5.73452,50.0617898],[5.7341967,50.0616094],[5.733673,50.0622498]]]}},{"type":"Feature","properties":{"t":"prado"},"geometry":{"type":"Polygon","coordinates":[[[5.7380363,50.0650182],[5.7368401,50.0646463],[5.7382911,50.0627747],[5.7376555,50.0626283],[5.7373926,50.0625336],[5.7368454,50.0624097],[5.736545,50.0623563],[5.7364485,50.0623787],[5.736368,50.0626989],[5.7361373,50.063014],[5.7358637,50.0632775],[5.7357269,50.0634789],[5.7347292,50.0647375],[5.7388276,50.0660857],[5.7393238,50.0656156],[5.7395437,50.0655209],[5.7380363,50.0650182]]]}},{"type":"Feature","properties":{"t":"prado"},"geometry":{"type":"Polygon","coordinates":[[[5.7382911,50.0627747],[5.7368401,50.0646463],[5.7380363,50.0650182],[5.7394847,50.0631277],[5.7388517,50.0629176],[5.7382911,50.0627747]]]}},{"type":"Feature","properties":{"t":"prado"},"geometry":{"type":"Polygon","coordinates":[[[5.7394847,50.0631277],[5.7380363,50.0650182],[5.7395437,50.0655209],[5.740099,50.0653367],[5.7407722,50.0651869],[5.7418799,50.0650371],[5.7422984,50.064939],[5.7425988,50.064784],[5.7429099,50.0645344],[5.7428992,50.0644362],[5.7417324,50.0639731],[5.7410592,50.0637837],[5.7405522,50.0636098],[5.7397073,50.0632292],[5.7394847,50.0631277]]]}},{"type":"Feature","properties":{"t":"prado"},"geometry":{"type":"Polygon","coordinates":[[[5.7446265,50.066535],[5.7468581,50.0670602],[5.7488483,50.0650905],[5.748387,50.0649786],[5.7481563,50.0649596],[5.7477137,50.0649769],[5.7459113,50.0651886],[5.7457772,50.0652885],[5.7453454,50.0657],[5.7448947,50.066306],[5.7447258,50.0664576],[5.7446265,50.066535]]]}},{"type":"Feature","properties":{"t":"prado"},"geometry":{"type":"Polygon","coordinates":[[[5.715111,50.0253529],[5.7147011,50.0253601],[5.7129952,50.0249258],[5.712896,50.0250292],[5.7127845,50.0250706],[5.7128021,50.0250878],[5.7127491,50.0251071],[5.7129738,50.0253376],[5.7149749,50.0258213],[5.7150458,50.0256426],[5.715111,50.0253529]]]}},{"type":"Feature","properties":{"t":"prado"},"geometry":{"type":"Polygon","coordinates":[[[5.7120484,50.0245053],[5.7103747,50.0264077],[5.7102808,50.0264319],[5.7104418,50.026854],[5.7122925,50.0247655],[5.7120484,50.0245053]]]}},{"type":"Feature","properties":{"t":"prado"},"geometry":{"type":"Polygon","coordinates":[[[5.7111579,50.0279379],[5.7111821,50.0279155],[5.7113939,50.028012],[5.7119465,50.0275123],[5.7129979,50.0264439],[5.7131749,50.0261872],[5.7120404,50.0259166],[5.7107207,50.0274278],[5.7109246,50.0276984],[5.7111579,50.0279379]]]}},{"type":"Feature","properties":{"t":"prado"},"geometry":{"type":"Polygon","coordinates":[[[5.7118084,50.0283988],[5.7119733,50.0284858],[5.7122469,50.0286168],[5.7132755,50.0289631],[5.7137436,50.0283307],[5.7122844,50.0278138],[5.7118084,50.0283988]]]}},{"type":"Feature","properties":{"t":"prado"},"geometry":{"type":"Polygon","coordinates":[[[5.7150122,50.0270074],[5.7150176,50.0268816],[5.7149211,50.0267145],[5.7147253,50.0266059],[5.7143766,50.0264818],[5.7131749,50.0261872],[5.7129979,50.0264439],[5.7119465,50.0275123],[5.7113939,50.028012],[5.7111821,50.0279155],[5.7111579,50.0279379],[5.7113604,50.0281033],[5.7116032,50.028279],[5.7118084,50.0283988],[5.7122844,50.0278138],[5.7137436,50.0283307],[5.7141741,50.027576],[5.7149345,50.0278],[5.7150481,50.027768],[5.7150042,50.0276294],[5.7149023,50.0273158],[5.7149747,50.0271676],[5.7150122,50.0270074]]]}},{"type":"Feature","properties":{"t":"prado"},"geometry":{"type":"Polygon","coordinates":[[[5.7104418,50.026854],[5.7105517,50.0271435],[5.7106349,50.0273175],[5.7107207,50.0274278],[5.7120404,50.0259166],[5.7131749,50.0261872],[5.7143766,50.0264818],[5.7147253,50.0266059],[5.7149211,50.0267145],[5.7150176,50.0268816],[5.7150122,50.0270074],[5.7153395,50.0268661],[5.7149854,50.0264939],[5.714913,50.0259201],[5.7149749,50.0258213],[5.7129738,50.0253376],[5.7127491,50.0251071],[5.7127216,50.0251171],[5.7123756,50.0247931],[5.7122925,50.0247655],[5.7104418,50.026854]]]}},{"type":"Feature","properties":{"t":"prado"},"geometry":{"type":"Polygon","coordinates":[[[5.7132755,50.0289631],[5.7143471,50.0293473],[5.7149586,50.0287425],[5.7137436,50.0283307],[5.7132755,50.0289631]]]}},{"type":"Feature","properties":{"t":"prado"},"geometry":{"type":"Polygon","coordinates":[[[5.7143471,50.0293473],[5.7145375,50.0294369],[5.7153073,50.0299986],[5.7153851,50.0300296],[5.7161844,50.0302192],[5.716357,50.0295348],[5.7161522,50.0287891],[5.7163238,50.0287098],[5.7157899,50.0273193],[5.7154843,50.0274106],[5.7150874,50.0277569],[5.7150481,50.027768],[5.7149345,50.0278],[5.7141741,50.027576],[5.7137436,50.0283307],[5.7149586,50.0287425],[5.7143471,50.0293473]]]}},{"type":"Feature","properties":{"t":"prado"},"geometry":{"type":"Polygon","coordinates":[[[5.7035067,50.0311013],[5.703696,50.0311772],[5.7046294,50.031508],[5.705713,50.0317974],[5.7060215,50.0314201],[5.7051793,50.0311927],[5.7047233,50.0309842],[5.7043022,50.0307602],[5.7041225,50.0306155],[5.7039911,50.0305689],[5.7035067,50.0311013]]]}},{"type":"Feature","properties":{"t":"prado"},"geometry":{"type":"Polygon","coordinates":[[[5.7077631,50.0303519],[5.7095352,50.0307102],[5.7110399,50.0310462],[5.7116622,50.0292371],[5.7119063,50.0285116],[5.7114395,50.0282308],[5.7110882,50.0279344],[5.7108656,50.0277104],[5.7106912,50.0274864],[5.7097417,50.0284186],[5.708009,50.0300917],[5.7077631,50.0303519]]]}},{"type":"Feature","properties":{"t":"prado"},"geometry":{"type":"Polygon","coordinates":[[[5.7110399,50.0310462],[5.7109997,50.0311444],[5.7114127,50.0311909],[5.7120618,50.0312495],[5.7125875,50.0312702],[5.7128799,50.0307188],[5.7131696,50.0304311],[5.7131615,50.0295196],[5.7134137,50.0290389],[5.7123435,50.0286857],[5.7120538,50.0285771],[5.7119063,50.0285116],[5.7116622,50.0292371],[5.7110399,50.0310462]]]}},{"type":"Feature","properties":{"t":"prado"},"geometry":{"type":"Polygon","coordinates":[[[5.7065955,50.0315907],[5.7069495,50.031906],[5.7071105,50.0321403],[5.7073898,50.0323963],[5.7079098,50.0325727],[5.7095808,50.0329966],[5.7104981,50.0332137],[5.7113147,50.0335088],[5.7127844,50.0339116],[5.7128088,50.0337168],[5.7127592,50.0336177],[5.7127163,50.0334445],[5.7126345,50.0334308],[5.7120846,50.0332085],[5.7111673,50.0329561],[5.7108924,50.0328191],[5.7112625,50.0327123],[5.7119572,50.0324944],[5.712216,50.0323694],[5.712609,50.0320317],[5.7130301,50.031651],[5.7125875,50.0312702],[5.7120618,50.0312495],[5.7114127,50.0311909],[5.7109997,50.0311444],[5.7110399,50.0310462],[5.7095352,50.0307102],[5.7077631,50.0303519],[5.7075074,50.0303002],[5.7073331,50.0308067],[5.7071292,50.0311169],[5.7067993,50.0314322],[5.7065955,50.0315907]]]}},{"type":"Feature","properties":{"t":"prado"},"geometry":{"type":"Polygon","coordinates":[[[5.7130301,50.031651],[5.7132634,50.0315407],[5.7133976,50.0315218],[5.7136336,50.0315304],[5.714103,50.0315734],[5.7164767,50.0319077],[5.7163238,50.0308601],[5.7162675,50.0307412],[5.716128,50.0306396],[5.7155755,50.0302588],[5.7150418,50.0298608],[5.7145697,50.0295179],[5.714229,50.029337],[5.7134137,50.0290389],[5.7131615,50.0295196],[5.7131696,50.0304311],[5.7128799,50.0307188],[5.7125875,50.0312702],[5.7130301,50.031651]]]}},{"type":"Feature","properties":{"t":"prado"},"geometry":{"type":"Polygon","coordinates":[[[5.712609,50.0320317],[5.7133761,50.0322669],[5.713757,50.0323445],[5.7140601,50.032397],[5.7153971,50.0326184],[5.7165974,50.0328019],[5.7164767,50.0319077],[5.714103,50.0315734],[5.7136336,50.0315304],[5.7133976,50.0315218],[5.7132634,50.0315407],[5.7130301,50.031651],[5.712609,50.0320317]]]}},{"type":"Feature","properties":{"t":"prado"},"geometry":{"type":"Polygon","coordinates":[[[5.7127844,50.0339116],[5.713097,50.0339973],[5.7131361,50.0339509],[5.7136524,50.0341475],[5.7144719,50.0343748],[5.7149382,50.0347622],[5.7151625,50.0344438],[5.7168384,50.0350021],[5.7167932,50.0348849],[5.7167423,50.0344369],[5.7167926,50.0341211],[5.716745,50.0339321],[5.7166779,50.0336375],[5.7165974,50.0328019],[5.7153971,50.0326184],[5.7140601,50.032397],[5.713757,50.0323445],[5.7133761,50.0322669],[5.712609,50.0320317],[5.712216,50.0323694],[5.7119572,50.0324944],[5.7112625,50.0327123],[5.7108924,50.0328191],[5.7111673,50.0329561],[5.7120846,50.0332085],[5.7126345,50.0334308],[5.7127163,50.0334445],[5.7127592,50.0336177],[5.7128088,50.0337168],[5.7127844,50.0339116]]]}},{"type":"Feature","properties":{"t":"grama"},"geometry":{"type":"Polygon","coordinates":[[[5.7315782,50.0525524],[5.7317773,50.0526781],[5.7321133,50.0524538],[5.7319208,50.0523289],[5.7315782,50.0525524]]]}},{"type":"Feature","properties":{"t":"lavoura"},"geometry":{"type":"Polygon","coordinates":[[[5.7087225,50.0612457],[5.7082987,50.0610063],[5.7076362,50.0614058],[5.7070702,50.0610614],[5.7062066,50.0608066],[5.706129,50.0609915],[5.7060081,50.061163],[5.7057824,50.0613902],[5.7060587,50.0615107],[5.7062893,50.0618586],[5.7065119,50.0621409],[5.7070028,50.0624784],[5.7087225,50.0612457]]]}},{"type":"Feature","properties":{"t":"prado"},"geometry":{"type":"Polygon","coordinates":[[[5.6942408,50.06545],[5.6950057,50.0647789],[5.6957486,50.0641229],[5.6957057,50.0640712],[5.69621,50.0634755],[5.6956507,50.0630803],[5.6954764,50.0629718],[5.6947616,50.0637337],[5.6942707,50.0641642],[5.6933427,50.0650389],[5.6931294,50.0649634],[5.6927633,50.0654108],[5.6919211,50.066096],[5.6913364,50.0666194],[5.6903279,50.0676317],[5.6906792,50.0676559],[5.6907865,50.0675284],[5.6909931,50.0675612],[5.6908992,50.0676713],[5.6913471,50.0677178],[5.6916341,50.0674837],[5.6916958,50.0677127],[5.6918979,50.0676564],[5.6934285,50.0661804],[5.693635,50.0657327],[5.6938121,50.0657585],[5.6942121,50.065434],[5.6942408,50.06545]]]}},{"type":"Feature","properties":{"t":"prado"},"geometry":{"type":"Polygon","coordinates":[[[5.6956507,50.0630803],[5.69621,50.0634755],[5.6957057,50.0640712],[5.6957486,50.0641229],[5.6950057,50.0647789],[5.6942408,50.06545],[5.6946209,50.0656619],[5.6934687,50.0664128],[5.6922966,50.0675887],[5.6924549,50.0676094],[5.6928438,50.0675371],[5.6934144,50.0673691],[5.6936619,50.0673098],[5.6940106,50.0672685],[5.6942383,50.0672833],[5.6943172,50.0671908],[5.6946892,50.0668157],[5.6950811,50.0665194],[5.6954911,50.0666883],[5.6963628,50.0658351],[5.6962395,50.0657913],[5.6963146,50.0656966],[5.6969047,50.0658756],[5.697315,50.0659806],[5.6973606,50.06596],[5.6974116,50.0658791],[5.6975162,50.0655605],[5.6976423,50.0652532],[5.6977348,50.0649932],[5.6977978,50.0647711],[5.6978703,50.0644173],[5.6978676,50.0640333],[5.6978327,50.0638095],[5.6978649,50.0635736],[5.6979078,50.0634479],[5.6975162,50.0633343],[5.6972051,50.0632051],[5.696969,50.0633859],[5.6963468,50.0630002],[5.6959847,50.0627523],[5.6956507,50.0630803]]]}},{"type":"Feature","properties":{"t":"lavoura"},"geometry":{"type":"Polygon","coordinates":[[[5.686554,50.0642589],[5.6859317,50.0648495],[5.6886622,50.0656828],[5.688909,50.0649579],[5.686554,50.0642589]]]}},{"type":"Feature","properties":{"t":"prado"},"geometry":{"type":"Polygon","coordinates":[[[5.6923717,50.0633326],[5.6917709,50.0630485],[5.6909636,50.0638791],[5.6910172,50.0639076],[5.6905425,50.0644293],[5.6904539,50.0644397],[5.690234,50.0647548],[5.6899497,50.065013],[5.6898875,50.0649797],[5.6892738,50.0655812],[5.6887481,50.0661683],[5.6887806,50.0664064],[5.6888209,50.0664119],[5.6887605,50.0668067],[5.6897324,50.0658498],[5.6911245,50.0645103],[5.6923717,50.0633326]]]}},{"type":"Feature","properties":{"t":"prado"},"geometry":{"type":"Polygon","coordinates":[[[5.6927817,50.0646383],[5.6938952,50.0635375],[5.6940025,50.0635684],[5.6948501,50.0626283],[5.6944987,50.0624079],[5.694024,50.0629314],[5.6933427,50.0635943],[5.6931415,50.0637441],[5.6923717,50.0633326],[5.6911245,50.0645103],[5.6897324,50.0658498],[5.6887605,50.0668067],[5.6887212,50.0670636],[5.6885876,50.0672772],[5.6883538,50.0677127],[5.6881821,50.0680897],[5.6881741,50.0682997],[5.6882791,50.0685568],[5.6884181,50.0685614],[5.6888527,50.0679451],[5.6892335,50.0676386],[5.6899416,50.0668467],[5.6910574,50.0658067],[5.6918943,50.065001],[5.6920928,50.0650147],[5.692597,50.0645395],[5.6927817,50.0646383]]]}},{"type":"Feature","properties":{"t":"prado"},"geometry":{"type":"Polygon","coordinates":[[[5.6954764,50.0629718],[5.6948501,50.0626283],[5.6940025,50.0635684],[5.6938952,50.0635375],[5.6927817,50.0646383],[5.6932086,50.0648667],[5.6931294,50.0649634],[5.6933427,50.0650389],[5.6942707,50.0641642],[5.6947616,50.0637337],[5.6954764,50.0629718]]]}},{"type":"Feature","properties":{"t":"prado"},"geometry":{"type":"Polygon","coordinates":[[[5.7006437,50.0631001],[5.7003862,50.0633532],[5.7000375,50.0634324],[5.6994098,50.0634772],[5.6992596,50.0638698],[5.6991014,50.064159],[5.6999597,50.0641315],[5.7004559,50.0640402],[5.7008797,50.0639317],[5.7010862,50.0642107],[5.7013303,50.0640437],[5.7006437,50.0631001]]]}},{"type":"Feature","properties":{"t":"prado"},"geometry":{"type":"Polygon","coordinates":[[[5.7092621,50.0597273],[5.7096153,50.0595168],[5.7094704,50.0593618],[5.7090631,50.0589452],[5.7086071,50.0583511],[5.7084677,50.0585956],[5.708237,50.0588212],[5.7092621,50.0597273]]]}},{"type":"Feature","properties":{"t":"prado"},"geometry":{"type":"Polygon","coordinates":[[[5.7072982,50.0594859],[5.7084194,50.0602297],[5.7092621,50.0597273],[5.708237,50.0588212],[5.7079473,50.059064],[5.7072982,50.0594859]]]}},{"type":"Feature","properties":{"t":"prado"},"geometry":{"type":"Polygon","coordinates":[[[5.7062066,50.0608066],[5.7070702,50.0610614],[5.7076362,50.0614058],[5.7082987,50.0610063],[5.7087225,50.0612457],[5.7094758,50.0608116],[5.7103934,50.0602113],[5.7099962,50.0599317],[5.7100793,50.0598611],[5.7097601,50.059627],[5.7096153,50.0595168],[5.7092621,50.0597273],[5.7084194,50.0602297],[5.7072982,50.0594859],[5.7069039,50.059832],[5.7064667,50.0602711],[5.7062897,50.060581],[5.7062066,50.0608066]]]}},{"type":"Feature","properties":{"t":"prado"},"geometry":{"type":"Polygon","coordinates":[[[5.7043558,50.0632689],[5.7039401,50.0630777],[5.7037631,50.0631983],[5.7021135,50.0638956],[5.7015315,50.064085],[5.7015127,50.0641401],[5.7023066,50.0651973],[5.7037926,50.0639593],[5.7048735,50.063534],[5.7043558,50.0632689]]]}},{"type":"Feature","properties":{"t":"prado"},"geometry":{"type":"Polygon","coordinates":[[[5.7039401,50.0630777],[5.7043558,50.0632689],[5.7045409,50.0629951],[5.7053161,50.0633653],[5.7059652,50.0631449],[5.7063081,50.0630219],[5.7049133,50.0624622],[5.7046857,50.0628246],[5.704388,50.0626748],[5.7041305,50.0629434],[5.7039401,50.0630777]]]}},{"type":"Feature","properties":{"t":"prado"},"geometry":{"type":"Polygon","coordinates":[[[5.7063081,50.0630219],[5.7059652,50.0631449],[5.7057291,50.0634996],[5.7052517,50.0644225],[5.7068181,50.0651387],[5.7083919,50.0634611],[5.7071143,50.0627328],[5.7063081,50.0630219]]]}},{"type":"Feature","properties":{"t":"prado"},"geometry":{"type":"Polygon","coordinates":[[[5.7071143,50.0627328],[5.7069345,50.0626303],[5.7054931,50.0618995],[5.7050425,50.0622564],[5.7049133,50.0624622],[5.7063081,50.0630219],[5.7071143,50.0627328]]]}},{"type":"Feature","properties":{"t":"prado"},"geometry":{"type":"Polygon","coordinates":[[[5.7053161,50.0633653],[5.7045409,50.0629951],[5.7043558,50.0632689],[5.7048735,50.063534],[5.7037926,50.0639593],[5.7023066,50.0651973],[5.7027921,50.0658291],[5.7031086,50.0663422],[5.7036325,50.0666202],[5.7036755,50.0666228],[5.7037304,50.0666012],[5.7038767,50.0666503],[5.704059,50.0667674],[5.7041573,50.0665144],[5.7045489,50.0657241],[5.7052517,50.0644225],[5.7057291,50.0634996],[5.7053161,50.0633653]]]}},{"type":"Feature","properties":{"t":"prado"},"geometry":{"type":"Polygon","coordinates":[[[5.7010862,50.0642107],[5.7008797,50.0639317],[5.7004559,50.0640402],[5.6999597,50.0641315],[5.6991014,50.064159],[5.6987473,50.0642262],[5.6981787,50.0652076],[5.6982136,50.0652145],[5.6984872,50.0651129],[5.6992918,50.0649166],[5.6997746,50.0647909],[5.7002199,50.0646136],[5.7006222,50.064419],[5.7010862,50.0642107]]]}},{"type":"Feature","properties":{"t":"prado"},"geometry":{"type":"Polygon","coordinates":[[[5.6982136,50.0652145],[5.6981787,50.0652076],[5.6987473,50.0642262],[5.6979561,50.0641952],[5.6979239,50.0645017],[5.6978086,50.064939],[5.6976852,50.0652868],[5.6978917,50.0653849],[5.6980714,50.0652833],[5.6982136,50.0652145]]]}},{"type":"Feature","properties":{"t":"prado"},"geometry":{"type":"Polygon","coordinates":[[[5.704059,50.0667674],[5.7041489,50.0668233],[5.7041422,50.0668983],[5.7040767,50.0669676],[5.7043344,50.0671161],[5.704671,50.0672676],[5.70508,50.0673959],[5.7054166,50.067562],[5.7056849,50.0677239],[5.7065433,50.0682743],[5.7069716,50.0674179],[5.7061905,50.0671187],[5.7056911,50.0668006],[5.7061797,50.0659893],[5.7068181,50.0651387],[5.7052517,50.0644225],[5.7045489,50.0657241],[5.7041573,50.0665144],[5.704059,50.0667674]]]}},{"type":"Feature","properties":{"t":"prado"},"geometry":{"type":"Polygon","coordinates":[[[5.7000294,50.0650182],[5.7004559,50.0645516],[5.6998309,50.0648202],[5.6994769,50.0649114],[5.6988519,50.0655743],[5.6985596,50.065428],[5.6984711,50.0656156],[5.6978676,50.0663956],[5.6973204,50.0668449],[5.6972212,50.0672151],[5.6971514,50.0674975],[5.6969851,50.0677385],[5.6976986,50.0671858],[5.6975993,50.0671084],[5.6981921,50.0665919],[5.6985167,50.0662027],[5.6990021,50.0656759],[5.6990263,50.066461],[5.6991443,50.0669069],[5.6992194,50.0671307],[5.698691,50.0679193],[5.6985462,50.0681379],[5.6982377,50.0686234],[5.6979936,50.0691296],[5.6979802,50.0691709],[5.6982375,50.0692587],[5.6985351,50.06935],[5.698467,50.0707592],[5.6979827,50.0706652],[5.6977442,50.0710491],[5.7002893,50.0717533],[5.7015569,50.0720607],[5.701164,50.071483],[5.7009736,50.0708615],[5.7009923,50.0705395],[5.7006111,50.0695394],[5.7008767,50.0695049],[5.7014188,50.0694257],[5.7010299,50.0682326],[5.7008395,50.0676317],[5.7007885,50.0673907],[5.7008904,50.0671135],[5.7012525,50.066535],[5.7004854,50.0662854],[5.7000992,50.0669035],[5.6999409,50.0672633],[5.6999624,50.0675835],[5.6997639,50.0675921],[5.6996754,50.0672926],[5.6997263,50.0668415],[5.6999034,50.0662992],[5.6993401,50.0661993],[5.6993696,50.0658515],[5.6995413,50.0656139],[5.7000294,50.0650182]]]}},{"type":"Feature","properties":{"t":"prado"},"geometry":{"type":"Polygon","coordinates":[[[5.6982082,50.065261],[5.6985596,50.065428],[5.6988519,50.0655743],[5.6994769,50.0649114],[5.6987366,50.065106],[5.6983852,50.0651955],[5.6982082,50.065261]]]}},{"type":"Feature","properties":{"t":"prado"},"geometry":{"type":"Polygon","coordinates":[[[5.7015529,50.064846],[5.7011077,50.0642331],[5.7004559,50.0645516],[5.7000294,50.0650182],[5.6995413,50.0656139],[5.6993696,50.0658515],[5.6993401,50.0661993],[5.6999034,50.0662992],[5.6997263,50.0668415],[5.6996754,50.0672926],[5.6997639,50.0675921],[5.6999624,50.0675835],[5.6999409,50.0672633],[5.7000992,50.0669035],[5.7004854,50.0662854],[5.7007134,50.0659359],[5.7011586,50.065273],[5.7015529,50.064846]]]}},{"type":"Feature","properties":{"t":"prado"},"geometry":{"type":"Polygon","coordinates":[[[5.7011077,50.0642331],[5.7015529,50.064846],[5.7018372,50.0647014],[5.7013839,50.0641039],[5.7011077,50.0642331]]]}},{"type":"Feature","properties":{"t":"prado"},"geometry":{"type":"Polygon","coordinates":[[[5.7012525,50.066535],[5.7016495,50.0658946],[5.7021537,50.0651594],[5.7018372,50.0647014],[5.7015529,50.064846],[5.7011586,50.065273],[5.7007134,50.0659359],[5.7004854,50.0662854],[5.7012525,50.066535]]]}},{"type":"Feature","properties":{"t":"prado"},"geometry":{"type":"Polygon","coordinates":[[[5.6859317,50.0648495],[5.6855938,50.0651473],[5.6885119,50.066003],[5.688622,50.065898],[5.6886622,50.0656828],[5.6859317,50.0648495]]]}},{"type":"Feature","properties":{"t":"prado"},"geometry":{"type":"Polygon","coordinates":[[[5.6889412,50.0651112],[5.6888124,50.0654159],[5.6886676,50.0658188],[5.6886998,50.0660065],[5.6887481,50.0661683],[5.6892738,50.0655812],[5.6898875,50.0649797],[5.6893328,50.0646824],[5.6891048,50.0649683],[5.6889412,50.0651112]]]}},{"type":"Feature","properties":{"t":"prado"},"geometry":{"type":"Polygon","coordinates":[[[5.6826594,50.0649855],[5.6821901,50.0654745],[5.6818709,50.0657138],[5.6817073,50.0658171],[5.6820077,50.0660409],[5.6818923,50.0662079],[5.6817314,50.0661563],[5.6813586,50.066418],[5.6815302,50.0665247],[5.6813908,50.0667933],[5.6809804,50.0666762],[5.6811762,50.066368],[5.6809697,50.0662751],[5.6803635,50.0666366],[5.6801248,50.0668381],[5.6799129,50.0670808],[5.6799611,50.0671239],[5.6803688,50.0672185],[5.6805781,50.0673683],[5.6809509,50.0676662],[5.6811172,50.067754],[5.6815088,50.0679141],[5.6818269,50.0680755],[5.6842241,50.0657618],[5.6826594,50.0649855]]]}},{"type":"Feature","properties":{"t":"grama"},"geometry":{"type":"Polygon","coordinates":[[[5.7206002,50.0553192],[5.7180807,50.0526854],[5.7177642,50.0526509],[5.7176784,50.0526992],[5.7178071,50.0528473],[5.7183355,50.0533002],[5.7190973,50.0539701],[5.7194459,50.0542009],[5.7198724,50.0546796],[5.7204568,50.0553417],[5.7206002,50.0553192]]]}},{"type":"Feature","properties":{"t":"prado"},"geometry":{"type":"Polygon","coordinates":[[[5.7189068,50.0526509],[5.7190919,50.052973],[5.7196122,50.052663],[5.7189068,50.0526509]]]}},{"type":"Feature","properties":{"t":"grama"},"geometry":{"type":"Polygon","coordinates":[[[5.7190919,50.052973],[5.7189068,50.0526509],[5.7185528,50.0526578],[5.7190195,50.053171],[5.7196471,50.0537962],[5.7190919,50.052973]]]}},{"type":"Feature","properties":{"t":"prado"},"geometry":{"type":"Polygon","coordinates":[[[5.7196122,50.052663],[5.7190919,50.052973],[5.7196471,50.0537962],[5.7202747,50.0544592],[5.7203626,50.0544157],[5.7209207,50.0539461],[5.7211867,50.0538754],[5.7230562,50.0527095],[5.7196122,50.052663]]]}},{"type":"Feature","properties":{"t":"prado"},"geometry":{"type":"Polygon","coordinates":[[[5.7203613,50.0553567],[5.7196525,50.0545281],[5.7181259,50.055925],[5.7186594,50.0562877],[5.7198559,50.0558842],[5.7200011,50.0557486],[5.7203253,50.0553624],[5.7203613,50.0553567]]]}},{"type":"Feature","properties":{"t":"prado"},"geometry":{"type":"Polygon","coordinates":[[[5.7174833,50.0549028],[5.718005,50.0558428],[5.7181259,50.055925],[5.7196525,50.0545281],[5.7193923,50.0542405],[5.7191536,50.0540631],[5.7189095,50.053884],[5.7184374,50.0534449],[5.7174833,50.0549028]]]}},{"type":"Feature","properties":{"t":"prado"},"geometry":{"type":"Polygon","coordinates":[[[5.7174833,50.0549028],[5.7184374,50.0534449],[5.717909,50.0529902],[5.7174906,50.0527147],[5.7172573,50.0536894],[5.71714,50.0542742],[5.7173833,50.0547226],[5.7174833,50.0549028]]]}},{"type":"Feature","properties":{"t":"prado"},"geometry":{"type":"Polygon","coordinates":[[[5.7174906,50.0527147],[5.7172626,50.0526527],[5.7167369,50.0526372],[5.7168174,50.0532761],[5.7169059,50.0537325],[5.7170507,50.0541096],[5.71714,50.0542742],[5.7172573,50.0536894],[5.7174906,50.0527147]]]}},{"type":"Feature","properties":{"t":"prado"},"geometry":{"type":"Polygon","coordinates":[[[5.7167664,50.0545884],[5.7168695,50.0548111],[5.7173833,50.0547226],[5.71714,50.0542742],[5.7170507,50.0541096],[5.7169059,50.0537325],[5.7168174,50.0532761],[5.7167369,50.0526372],[5.716297,50.0526768],[5.7162595,50.0530178],[5.7163373,50.0535947],[5.7164741,50.0540579],[5.7167664,50.0545884]]]}},{"type":"Feature","properties":{"t":"prado"},"geometry":{"type":"Polygon","coordinates":[[[5.7167664,50.0545884],[5.7164741,50.0540579],[5.7163373,50.0535947],[5.7162595,50.0530178],[5.716297,50.0526768],[5.7158303,50.0527801],[5.7154956,50.0528624],[5.7156325,50.053153],[5.7153375,50.0533236],[5.7148299,50.0530643],[5.7145643,50.053159],[5.7144141,50.0533174],[5.7141727,50.0534879],[5.7137677,50.0537652],[5.7155138,50.0542543],[5.7167664,50.0545884]]]}},{"type":"Feature","properties":{"t":"prado"},"geometry":{"type":"Polygon","coordinates":[[[5.7126465,50.0548209],[5.7123113,50.0552187],[5.7146233,50.0558851],[5.7154897,50.0548674],[5.715082,50.0547124],[5.7155138,50.0542543],[5.7137677,50.0537652],[5.7132876,50.0542698],[5.7126465,50.0548209]]]}},{"type":"Feature","properties":{"t":"prado"},"geometry":{"type":"Polygon","coordinates":[[[5.7168695,50.0548111],[5.7167664,50.0545884],[5.7155138,50.0542543],[5.715082,50.0547124],[5.7154897,50.0548674],[5.7146233,50.0558851],[5.7123113,50.0552187],[5.7126465,50.0548209],[5.7120886,50.0551653],[5.7116488,50.0554908],[5.7113023,50.0557804],[5.7117168,50.0560168],[5.7126234,50.0562888],[5.7149569,50.0570018],[5.7151663,50.0569982],[5.716497,50.0568284],[5.7178318,50.0565657],[5.7168695,50.0548111]]]}},{"type":"Feature","properties":{"t":"prado"},"geometry":{"type":"Polygon","coordinates":[[[5.7118425,50.0572199],[5.7108843,50.0573747],[5.7128165,50.0581124],[5.7134227,50.057837],[5.7131866,50.0577233],[5.7121164,50.0573272],[5.7118425,50.0572199]]]}},{"type":"Feature","properties":{"t":"prado"},"geometry":{"type":"Polygon","coordinates":[[[5.7105182,50.056692],[5.7101885,50.0569556],[5.7108618,50.0573553],[5.7117704,50.0571917],[5.7105182,50.056692]]]}},{"type":"Feature","properties":{"t":"prado"},"geometry":{"type":"Polygon","coordinates":[[[5.7117614,50.0587351],[5.7126144,50.0582581],[5.7104498,50.057447],[5.710254,50.0574849],[5.7097068,50.0574918],[5.7090926,50.057943],[5.7089505,50.058017],[5.710946,50.0589882],[5.7117614,50.0587351]]]}},{"type":"Feature","properties":{"t":"prado"},"geometry":{"type":"Polygon","coordinates":[[[5.7097391,50.0594532],[5.710946,50.0589882],[5.7089505,50.058017],[5.7086232,50.0582581],[5.7086232,50.0582994],[5.708819,50.0585922],[5.7091275,50.0589624],[5.7095192,50.0593305],[5.7095402,50.059317],[5.7097391,50.0594532]]]}},{"type":"Feature","properties":{"t":"prado"},"geometry":{"type":"Polygon","coordinates":[[[5.7128165,50.0581124],[5.7108843,50.0573747],[5.7104498,50.057447],[5.7126144,50.0582581],[5.7117614,50.0587351],[5.710946,50.0589882],[5.7097391,50.0594532],[5.7098218,50.0595099],[5.7099559,50.0596683],[5.7102215,50.0598508],[5.7106138,50.0600693],[5.7138156,50.058404],[5.7129938,50.0582163],[5.7128245,50.0581728],[5.7128165,50.0581124]]]}},{"type":"Feature","properties":{"t":"prado"},"geometry":{"type":"Polygon","coordinates":[[[5.7221274,50.049665],[5.7229262,50.0485995],[5.7223729,50.0484373],[5.7204974,50.0480025],[5.7191688,50.0476743],[5.7186574,50.048843],[5.7182711,50.0495836],[5.7179761,50.0500021],[5.7177588,50.0501743],[5.717842,50.0502277],[5.7176462,50.0503517],[5.7176194,50.0505429],[5.7173914,50.0507392],[5.7174209,50.0508202],[5.7173726,50.0508357],[5.71796,50.0514574],[5.7199475,50.0501588],[5.7212699,50.0506418],[5.7221274,50.049665]]]}},{"type":"Feature","properties":{"t":"prado"},"geometry":{"type":"Polygon","coordinates":[[[5.7180644,50.0490207],[5.7178232,50.0493528],[5.717158,50.0489567],[5.7167932,50.049122],[5.7168442,50.0491702],[5.7163302,50.0494475],[5.7168451,50.0500123],[5.7171768,50.0505412],[5.7174101,50.0503776],[5.7178071,50.0500676],[5.7180351,50.0498316],[5.7183704,50.0492942],[5.7184571,50.0490324],[5.7182359,50.0489497],[5.718146,50.0490375],[5.7180644,50.0490207]]]}},{"type":"Feature","properties":{"t":"prado"},"geometry":{"type":"Polygon","coordinates":[[[5.717158,50.0489567],[5.7178232,50.0493528],[5.7180644,50.0490207],[5.7180333,50.0490143],[5.718087,50.0488972],[5.7180602,50.0486836],[5.718154,50.048563],[5.7181299,50.0483684],[5.7181433,50.0483012],[5.7182694,50.0482496],[5.7184035,50.0480153],[5.7187039,50.047428],[5.71883,50.0469406],[5.7188273,50.0468303],[5.7188675,50.0467494],[5.7186905,50.0466202],[5.7187227,50.0465565],[5.7186154,50.0464307],[5.7181782,50.0460862],[5.718195,50.0460093],[5.7181482,50.0459806],[5.7180963,50.0460168],[5.7159258,50.0473412],[5.7163489,50.0475356],[5.7168156,50.0477458],[5.716703,50.0479318],[5.7167195,50.0482442],[5.7156899,50.0488415],[5.7162139,50.0493649],[5.7167932,50.049122],[5.717158,50.0489567]]]}},{"type":"Feature","properties":{"t":"prado"},"geometry":{"type":"Polygon","coordinates":[[[5.7207683,50.0480283],[5.7213798,50.0468502],[5.7202104,50.0467469],[5.7198831,50.0467262],[5.7196283,50.0471602],[5.7195206,50.0471404],[5.7195059,50.0472704],[5.7195394,50.0473591],[5.7196923,50.0474177],[5.7198505,50.0474082],[5.7198492,50.0476037],[5.7198425,50.0478018],[5.7207683,50.0480283]]]}},{"type":"Feature","properties":{"t":"prado"},"geometry":{"type":"Polygon","coordinates":[[[5.7202104,50.0467469],[5.7213798,50.0468502],[5.7207683,50.0480283],[5.7219002,50.0482953],[5.7223952,50.0483966],[5.7231307,50.0470546],[5.7234763,50.0456753],[5.7225894,50.0456179],[5.7225172,50.0458574],[5.7202323,50.0456024],[5.7199797,50.0455997],[5.7195775,50.0459674],[5.7201406,50.0460613],[5.7200575,50.0463318],[5.7203123,50.0463645],[5.7202104,50.0467469]]]}},{"type":"Feature","properties":{"t":"prado"},"geometry":{"type":"Polygon","coordinates":[[[5.7185689,50.0456577],[5.7188451,50.0458391],[5.719226,50.0460458],[5.7198197,50.0452939],[5.7190061,50.0446641],[5.7193431,50.0444156],[5.7179938,50.0440327],[5.7178368,50.0443071],[5.7178554,50.044344],[5.7180834,50.0443182],[5.7181182,50.0444078],[5.7179224,50.0444439],[5.7184213,50.0453982],[5.7185876,50.0456273],[5.7185689,50.0456577]]]}},{"type":"Feature","properties":{"t":"prado"},"geometry":{"type":"Polygon","coordinates":[[[5.7180282,50.0459943],[5.7183677,50.0457358],[5.7180727,50.0455601],[5.7178178,50.045331],[5.7180217,50.0451846],[5.7177763,50.0448402],[5.7174773,50.0451236],[5.7173271,50.0457632],[5.7180282,50.0459943]]]}},{"type":"Feature","properties":{"t":"prado"},"geometry":{"type":"Polygon","coordinates":[[[5.7169939,50.0449502],[5.717158,50.0445008],[5.7175152,50.0441211],[5.7173833,50.0438876],[5.7168759,50.0436482],[5.7161222,50.0446376],[5.7169939,50.0449502]]]}},{"type":"Feature","properties":{"t":"prado"},"geometry":{"type":"Polygon","coordinates":[[[5.7151946,50.0505171],[5.7143685,50.0509718],[5.7146046,50.0511491],[5.7139742,50.0518036],[5.7141164,50.0518828],[5.7147921,50.0521591],[5.7148674,50.0520464],[5.7154441,50.0522497],[5.7159215,50.0518863],[5.7163024,50.0514729],[5.7155728,50.050846],[5.7151946,50.0505171]]]}},{"type":"Feature","properties":{"t":"prado"},"geometry":{"type":"Polygon","coordinates":[[[5.715369,50.0524322],[5.7155916,50.0525321],[5.7152563,50.0528438],[5.7153261,50.0528524],[5.7157847,50.0527267],[5.7162273,50.0526423],[5.7165733,50.0525975],[5.7174316,50.0525717],[5.7174423,50.0524632],[5.7164553,50.0514764],[5.7163453,50.0515091],[5.7159483,50.0519069],[5.715369,50.0524322]]]}},{"type":"Feature","properties":{"t":"prado"},"geometry":{"type":"Polygon","coordinates":[[[5.6993026,50.0616176],[5.6993616,50.0614179],[5.6987715,50.0606551],[5.6979427,50.0595565],[5.6974733,50.0590623],[5.6968832,50.0585922],[5.6966874,50.0589107],[5.6965479,50.0591621],[5.695982,50.0599508],[5.6959525,50.0600765],[5.6969127,50.0607928],[5.697256,50.0609874],[5.6975055,50.0606533],[5.6980017,50.0611251],[5.698337,50.0613421],[5.6988305,50.0615246],[5.6993026,50.0616176]]]}},{"type":"Feature","properties":{"t":"prado"},"geometry":{"type":"Polygon","coordinates":[[[5.6959525,50.0600765],[5.695923,50.0603554],[5.6958541,50.0605807],[5.6961885,50.0608961],[5.6965747,50.0611992],[5.6969798,50.0613834],[5.6972641,50.0616262],[5.6977308,50.0619103],[5.6981063,50.0620773],[5.6985408,50.0622134],[5.6988895,50.0623063],[5.6991336,50.062005],[5.6993026,50.0616176],[5.6988305,50.0615246],[5.698337,50.0613421],[5.6980017,50.0611251],[5.6975055,50.0606533],[5.697256,50.0609874],[5.6969127,50.0607928],[5.6959525,50.0600765]]]}},{"type":"Feature","properties":{"t":"prado"},"geometry":{"type":"Polygon","coordinates":[[[5.6931013,50.0605845],[5.6922403,50.060395],[5.6917561,50.0602194],[5.6916261,50.0604054],[5.6920981,50.0606034],[5.6926292,50.0607222],[5.6931281,50.0607859],[5.6931013,50.0605845]]]}},{"type":"Feature","properties":{"t":"prado"},"geometry":{"type":"Polygon","coordinates":[[[5.6944987,50.0624079],[5.6948501,50.0626283],[5.6954764,50.0629718],[5.6956507,50.0630803],[5.6959847,50.0627523],[5.6963468,50.0630002],[5.696969,50.0633859],[5.6972051,50.0632051],[5.6975162,50.0633343],[5.6979078,50.0634479],[5.6981492,50.0631053],[5.6984389,50.062816],[5.6987554,50.062494],[5.6988895,50.0623063],[5.6985408,50.0622134],[5.6981063,50.0620773],[5.6977308,50.0619103],[5.6972641,50.0616262],[5.6969798,50.0613834],[5.6965747,50.0611992],[5.6961885,50.0608961],[5.6958541,50.0605807],[5.695695,50.0608083],[5.6955394,50.0609168],[5.6949896,50.0611337],[5.6938443,50.0608272],[5.6931013,50.0605845],[5.6931281,50.0607859],[5.6926292,50.0607222],[5.6920981,50.0606034],[5.6916261,50.0604054],[5.6917561,50.0602194],[5.6920606,50.0597838],[5.6910521,50.0594876],[5.6906605,50.0600851],[5.6910118,50.0602435],[5.6905486,50.061124],[5.6908751,50.0612267],[5.691551,50.0614213],[5.6920928,50.0615143],[5.6927633,50.0616383],[5.6933132,50.0618208],[5.6937289,50.0619792],[5.6940615,50.0621565],[5.6944987,50.0624079]]]}},{"type":"Feature","properties":{"t":"lavoura"},"geometry":{"type":"Polygon","coordinates":[[[5.694024,50.0629314],[5.6944987,50.0624079],[5.6940615,50.0621565],[5.6937289,50.0619792],[5.6933132,50.0618208],[5.6927633,50.0616383],[5.6920928,50.0615143],[5.691551,50.0614213],[5.6908751,50.0612267],[5.6905486,50.061124],[5.6897914,50.0608858],[5.689593,50.0613748],[5.6920579,50.0620687],[5.6927365,50.0622788],[5.694024,50.0629314]]]}},{"type":"Feature","properties":{"t":"lavoura"},"geometry":{"type":"Polygon","coordinates":[[[5.6917709,50.0630485],[5.6923717,50.0633326],[5.6931415,50.0637441],[5.6933427,50.0635943],[5.694024,50.0629314],[5.6927365,50.0622788],[5.6920579,50.0620687],[5.689593,50.0613748],[5.6893864,50.0619826],[5.689204,50.0627385],[5.6891236,50.063045],[5.688976,50.0634135],[5.6889117,50.0637699],[5.6888795,50.0641401],[5.6888741,50.0644173],[5.6889921,50.0643398],[5.6893435,50.0644483],[5.6896654,50.0640557],[5.6899551,50.0641487],[5.6902903,50.06372],[5.6904754,50.0637527],[5.69069,50.0637337],[5.6909636,50.0638791],[5.6917709,50.0630485]]]}},{"type":"Feature","properties":{"t":"prado"},"geometry":{"type":"Polygon","coordinates":[[[5.6998363,50.0594635],[5.6970119,50.0584888],[5.6969368,50.0585388],[5.697366,50.0588505],[5.6977844,50.059231],[5.6981009,50.059584],[5.6984308,50.0600248],[5.6988788,50.0606309],[5.6992784,50.0611613],[5.6993213,50.0611475],[5.6991523,50.0608031],[5.6991202,50.0605431],[5.6991872,50.0602935],[5.6993535,50.0600489],[5.6995198,50.0598475],[5.6998363,50.0594635]]]}},{"type":"Feature","properties":{"t":"prado"},"geometry":{"type":"Polygon","coordinates":[[[5.7030952,50.059448],[5.7031381,50.0593481],[5.702143,50.0591019],[5.7025051,50.0584251],[5.7017487,50.0581789],[5.7011184,50.0590003],[5.700362,50.0589176],[5.6999302,50.0594445],[5.6995815,50.0598905],[5.6992945,50.0602573],[5.6992167,50.0605604],[5.6992462,50.0607963],[5.699434,50.061163],[5.699493,50.0613765],[5.6995252,50.0614867],[5.7000428,50.0621755],[5.7001582,50.0619878],[5.7013732,50.0621789],[5.7016414,50.0617123],[5.701797,50.0614919],[5.7006678,50.0611475],[5.700767,50.0609495],[5.7019097,50.0613438],[5.7020116,50.061213],[5.7020947,50.0611045],[5.7022932,50.0608548],[5.7025722,50.0604588],[5.7027921,50.0601195],[5.7030952,50.059448]]]}},{"type":"Feature","properties":{"t":"prado"},"geometry":{"type":"Polygon","coordinates":[[[5.7073894,50.059367],[5.7059732,50.058432],[5.7056111,50.0589056],[5.7053938,50.0592431],[5.7052651,50.0595668],[5.7059276,50.0597648],[5.7065874,50.0600679],[5.7069147,50.0597459],[5.7073894,50.059367]]]}},{"type":"Feature","properties":{"t":"prado"},"geometry":{"type":"Polygon","coordinates":[[[5.7065874,50.0600679],[5.7059276,50.0597648],[5.7052651,50.0595668],[5.7052034,50.0597011],[5.7042539,50.059646],[5.7030952,50.059448],[5.7027921,50.0601195],[5.7025722,50.0604588],[5.7059008,50.0611992],[5.7061261,50.0608858],[5.7062441,50.0605517],[5.7063568,50.0603399],[5.7065874,50.0600679]]]}},{"type":"Feature","properties":{"t":"prado"},"geometry":{"type":"Polygon","coordinates":[[[5.7059008,50.0611992],[5.7025722,50.0604588],[5.7022932,50.0608548],[5.7041439,50.0613455],[5.7054394,50.0617743],[5.7057506,50.061349],[5.7059008,50.0611992]]]}},{"type":"Feature","properties":{"t":"prado"},"geometry":{"type":"Polygon","coordinates":[[[5.7020116,50.061213],[5.7019097,50.0613438],[5.700767,50.0609495],[5.7006678,50.0611475],[5.701797,50.0614919],[5.7038301,50.0623494],[5.7035941,50.062525],[5.7042003,50.0628022],[5.7046965,50.0623769],[5.7050021,50.0621726],[5.7042325,50.0618707],[5.7040715,50.0619947],[5.7020116,50.061213]]]}},{"type":"Feature","properties":{"t":"prado"},"geometry":{"type":"Polygon","coordinates":[[[5.7051654,50.0620405],[5.703181,50.0612956],[5.7030576,50.0614075],[5.7020947,50.0611045],[5.7020116,50.061213],[5.7040715,50.0619947],[5.7042325,50.0618707],[5.7050021,50.0621726],[5.7051654,50.0620405]]]}},{"type":"Feature","properties":{"t":"lavoura"},"geometry":{"type":"Polygon","coordinates":[[[5.7054394,50.0617743],[5.7041439,50.0613455],[5.7022932,50.0608548],[5.7020947,50.0611045],[5.7030576,50.0614075],[5.703181,50.0612956],[5.7051654,50.0620405],[5.7053989,50.0618517],[5.7054394,50.0617743]]]}},{"type":"Feature","properties":{"t":"prado"},"geometry":{"type":"Polygon","coordinates":[[[5.6994098,50.0634772],[5.6998578,50.0626852],[5.7000348,50.062315],[5.6994179,50.0615022],[5.6991604,50.0620498],[5.698809,50.0625044],[5.698117,50.0632327],[5.6979856,50.0634049],[5.6979319,50.0635581],[5.6979051,50.0638439],[5.6979561,50.0641952],[5.6987473,50.0642262],[5.6991014,50.064159],[5.6992596,50.0638698],[5.6994098,50.0634772]]]}},{"type":"Feature","properties":{"t":"lavoura"},"geometry":{"type":"Polygon","coordinates":[[[5.7000348,50.062315],[5.6998578,50.0626852],[5.6994098,50.0634772],[5.7000375,50.0634324],[5.7003862,50.0633532],[5.7006437,50.0631001],[5.7000348,50.062315]]]}},{"type":"Feature","properties":{"t":"prado"},"geometry":{"type":"Polygon","coordinates":[[[5.70059,50.0629038],[5.7014456,50.0640471],[5.7018614,50.063949],[5.7021618,50.0638336],[5.7008877,50.0627523],[5.70059,50.0629038]]]}},{"type":"Feature","properties":{"t":"prado"},"geometry":{"type":"Polygon","coordinates":[[[5.7016414,50.0617123],[5.7013732,50.0621789],[5.7001582,50.0619878],[5.7000428,50.0621755],[5.70059,50.0629038],[5.7008877,50.0627523],[5.7021618,50.0638336],[5.7037443,50.0631638],[5.7040393,50.0629572],[5.7042003,50.0628022],[5.7035941,50.062525],[5.7030576,50.0623218],[5.7028967,50.0623701],[5.7016414,50.0617123]]]}},{"type":"Feature","properties":{"t":"prado"},"geometry":{"type":"Polygon","coordinates":[[[5.7083876,50.0564963],[5.707958,50.0563604],[5.7076201,50.0568064],[5.7080278,50.0569502],[5.7081056,50.0568633],[5.7083014,50.0565877],[5.7083876,50.0564963]]]}},{"type":"Feature","properties":{"t":"prado"},"geometry":{"type":"Polygon","coordinates":[[[5.7083014,50.0565877],[5.7081056,50.0568633],[5.7086903,50.0571112],[5.7089496,50.0567651],[5.7083014,50.0565877]]]}},{"type":"Feature","properties":{"t":"lavoura"},"geometry":{"type":"Polygon","coordinates":[[[5.7102486,50.0561055],[5.7100582,50.0560143],[5.7107851,50.0552789],[5.7115361,50.055508],[5.7116085,50.055458],[5.7104203,50.0550843],[5.710372,50.0551326],[5.7101041,50.0550514],[5.7100368,50.055031],[5.7099321,50.0551102],[5.7094896,50.0550017],[5.7094172,50.0551153],[5.7093045,50.0551119],[5.708929,50.0555734],[5.7089737,50.0556035],[5.709288,50.0558154],[5.7099048,50.0561045],[5.7094051,50.0564491],[5.7091127,50.0567143],[5.7085513,50.0574308],[5.7086286,50.0574522],[5.7088512,50.0574505],[5.7093206,50.0568512],[5.7096425,50.0565602],[5.7102486,50.0561055]]]}},{"type":"Feature","properties":{"t":"prado"},"geometry":{"type":"Polygon","coordinates":[[[5.7115361,50.055508],[5.7107851,50.0552789],[5.7100582,50.0560143],[5.7102486,50.0561055],[5.710828,50.0563449],[5.7111096,50.0558937],[5.7113296,50.0556733],[5.7115361,50.055508]]]}},{"type":"Feature","properties":{"t":"prado"},"geometry":{"type":"Polygon","coordinates":[[[5.710828,50.0563449],[5.7102486,50.0561055],[5.7096425,50.0565602],[5.7093206,50.0568512],[5.7088512,50.0574505],[5.7096827,50.0574419],[5.7100448,50.0570458],[5.7102433,50.0568633],[5.7105571,50.0566222],[5.710828,50.0563449]]]}},{"type":"Feature","properties":{"t":"prado"},"geometry":{"type":"Polygon","coordinates":[[[5.7025051,50.0584251],[5.7026446,50.0582633],[5.7022798,50.0581324],[5.7019553,50.0580342],[5.701113,50.0579085],[5.7009843,50.0582633],[5.700818,50.0584768],[5.700362,50.0589176],[5.7011184,50.0590003],[5.7017487,50.0581789],[5.7025051,50.0584251]]]}},{"type":"Feature","properties":{"t":"prado"},"geometry":{"type":"Polygon","coordinates":[[[5.7064853,50.057961],[5.7081002,50.0588935],[5.7082602,50.0587461],[5.7073384,50.0577105],[5.7072204,50.057788],[5.7069129,50.0575947],[5.7064853,50.057961]]]}},{"type":"Feature","properties":{"t":"prado"},"geometry":{"type":"Polygon","coordinates":[[[5.7010487,50.0578474],[5.70048,50.0577157],[5.6999704,50.0576313],[5.6993052,50.0575607],[5.6992328,50.0577604],[5.69864,50.0575452],[5.6982672,50.0574625],[5.6976718,50.057385],[5.697661,50.0577243],[5.6975618,50.0579912],[5.6979051,50.0580618],[5.6985274,50.0582271],[5.6992355,50.0584751],[5.699257,50.0585526],[5.7003593,50.0588315],[5.7007617,50.0584492],[5.7009307,50.0582288],[5.7010111,50.0580101],[5.7010487,50.0578474]]]}},{"type":"Feature","properties":{"t":"prado"},"geometry":{"type":"Polygon","coordinates":[[[5.7003593,50.0588315],[5.699257,50.0585526],[5.6992355,50.0584751],[5.6985274,50.0582271],[5.6979051,50.0580618],[5.6975618,50.0579912],[5.697425,50.0581565],[5.6970119,50.0584888],[5.6998363,50.0594635],[5.7001957,50.0589865],[5.7003593,50.0588315]]]}},{"type":"Feature","properties":{"t":"prado"},"geometry":{"type":"Polygon","coordinates":[[[5.7043344,50.0575142],[5.7039803,50.0573127],[5.7034788,50.0571009],[5.7031998,50.0570148],[5.7032383,50.0569441],[5.7024153,50.0566971],[5.7021162,50.0566299],[5.7016495,50.0565671],[5.7016066,50.0566893],[5.7025561,50.0568874],[5.7030523,50.0570768],[5.7028967,50.0572421],[5.7031006,50.0573127],[5.7030725,50.0574473],[5.7030389,50.0576089],[5.7029235,50.0577828],[5.7037926,50.0581599],[5.7043344,50.0575142]]]}},{"type":"Feature","properties":{"t":"prado"},"geometry":{"type":"Polygon","coordinates":[[[5.7030725,50.0574473],[5.7031006,50.0573127],[5.7028967,50.0572421],[5.7022557,50.0570578],[5.7015046,50.0569304],[5.7014523,50.0570578],[5.702084,50.0571534],[5.7026285,50.0572946],[5.7030725,50.0574473]]]}},{"type":"Feature","properties":{"t":"prado"},"geometry":{"type":"Polygon","coordinates":[[[5.7030725,50.0574473],[5.7026285,50.0572946],[5.702084,50.0571534],[5.7014523,50.0570578],[5.7013866,50.0572455],[5.7018533,50.05728],[5.70243,50.0574022],[5.7030389,50.0576089],[5.7030725,50.0574473]]]}},{"type":"Feature","properties":{"t":"prado"},"geometry":{"type":"Polygon","coordinates":[[[5.7016495,50.0565671],[5.7021162,50.0566299],[5.7024153,50.0566971],[5.7032383,50.0569441],[5.7034653,50.0565274],[5.7029477,50.056338],[5.7024783,50.0562261],[5.7017595,50.0561073],[5.7016495,50.0565671]]]}},{"type":"Feature","properties":{"t":"prado"},"geometry":{"type":"Polygon","coordinates":[[[5.7031381,50.0593481],[5.7035726,50.0584475],[5.7024407,50.0579877],[5.7018882,50.0578328],[5.7011586,50.0577329],[5.701113,50.0579085],[5.7019553,50.0580342],[5.7022798,50.0581324],[5.7026446,50.0582633],[5.7025051,50.0584251],[5.702143,50.0591019],[5.7031381,50.0593481]]]}},{"type":"Feature","properties":{"t":"prado"},"geometry":{"type":"Polygon","coordinates":[[[5.7029235,50.0577828],[5.7030389,50.0576089],[5.70243,50.0574022],[5.7018533,50.05728],[5.7013866,50.0572455],[5.7013732,50.0572834],[5.7015529,50.0573334],[5.7019874,50.0575555],[5.7018882,50.0578328],[5.7024407,50.0579877],[5.7035726,50.0584475],[5.7031381,50.0593481],[5.7030952,50.059448],[5.7042539,50.059646],[5.7052034,50.0597011],[5.7052651,50.0595668],[5.7053938,50.0592431],[5.7056111,50.0589056],[5.7059732,50.058432],[5.7073894,50.059367],[5.7078668,50.0590709],[5.7081002,50.0588935],[5.7064853,50.057961],[5.7061154,50.0582779],[5.7058445,50.0581582],[5.7052795,50.057917],[5.7049459,50.0583252],[5.7047501,50.0587058],[5.7045624,50.059157],[5.7043451,50.0591156],[5.7045543,50.0585767],[5.704785,50.0581772],[5.705076,50.0578302],[5.7054636,50.0575013],[5.7056943,50.057125],[5.7058147,50.0569683],[5.7062732,50.0564868],[5.7060722,50.0563467],[5.7055471,50.0567411],[5.705367,50.056908],[5.7050344,50.0572886],[5.704884,50.057225],[5.7044269,50.0576976],[5.7038972,50.0583967],[5.7028538,50.0579257],[5.7029235,50.0577828]]]}},{"type":"Feature","properties":{"t":"prado"},"geometry":{"type":"Polygon","coordinates":[[[5.7026202,50.0560822],[5.7018346,50.0559729],[5.7017595,50.0561073],[5.7024783,50.0562261],[5.7029477,50.056338],[5.7034653,50.0565274],[5.7032383,50.0569441],[5.7031998,50.0570148],[5.7034788,50.0571009],[5.7039803,50.0573127],[5.7043344,50.0575142],[5.7037926,50.0581599],[5.7029235,50.0577828],[5.7028538,50.0579257],[5.7038972,50.0583967],[5.7044269,50.0576976],[5.704884,50.057225],[5.7047287,50.0571594],[5.7048359,50.0568874],[5.705113,50.0565592],[5.7048266,50.0564534],[5.7049848,50.0562812],[5.7038878,50.0561624],[5.7037094,50.0564758],[5.7027277,50.0561021],[5.7026202,50.0560822]]]}},{"type":"Feature","properties":{"t":"prado"},"geometry":{"type":"Polygon","coordinates":[[[5.7026202,50.0560822],[5.7027277,50.0561021],[5.7037094,50.0564758],[5.7038878,50.0561624],[5.7041198,50.055849],[5.7042244,50.0554787],[5.7038838,50.0554408],[5.7038449,50.0555131],[5.7026111,50.0553909],[5.7026017,50.0554451],[5.702831,50.0555157],[5.7026902,50.0557043],[5.702709,50.055762],[5.7026312,50.0558739],[5.7026202,50.0560822]]]}},{"type":"Feature","properties":{"t":"prado"},"geometry":{"type":"Polygon","coordinates":[[[5.705113,50.0565592],[5.7048359,50.0568874],[5.7047287,50.0571594],[5.704884,50.057225],[5.7050344,50.0572886],[5.705367,50.056908],[5.7055471,50.0567411],[5.705113,50.0565592]]]}},{"type":"Feature","properties":{"t":"prado"},"geometry":{"type":"Polygon","coordinates":[[[5.705076,50.0578302],[5.704785,50.0581772],[5.7045543,50.0585767],[5.7043451,50.0591156],[5.7045624,50.059157],[5.7047501,50.0587058],[5.7049459,50.0583252],[5.7052795,50.057917],[5.705076,50.0578302]]]}},{"type":"Feature","properties":{"t":"prado"},"geometry":{"type":"Polygon","coordinates":[[[5.7056473,50.0575874],[5.7054636,50.0575013],[5.705076,50.0578302],[5.7052795,50.057917],[5.7058445,50.0581582],[5.7061847,50.0578539],[5.7056473,50.0575874]]]}},{"type":"Feature","properties":{"t":"prado"},"geometry":{"type":"Polygon","coordinates":[[[5.7059115,50.057305],[5.7059772,50.0572283],[5.7056943,50.057125],[5.7054636,50.0575013],[5.7056473,50.0575874],[5.7059115,50.057305]]]}},{"type":"Feature","properties":{"t":"prado"},"geometry":{"type":"Polygon","coordinates":[[[5.7065484,50.0575285],[5.7059115,50.057305],[5.7056473,50.0575874],[5.7061847,50.0578539],[5.7065484,50.0575285]]]}},{"type":"Feature","properties":{"t":"prado"},"geometry":{"type":"Polygon","coordinates":[[[5.7060926,50.0571052],[5.7059772,50.0572283],[5.7059115,50.057305],[5.7065484,50.0575285],[5.7067685,50.0573316],[5.7061811,50.0570441],[5.7060926,50.0571052]]]}},{"type":"Feature","properties":{"t":"prado"},"geometry":{"type":"Polygon","coordinates":[[[5.7058147,50.0569683],[5.7056943,50.057125],[5.7059772,50.0572283],[5.7060926,50.0571052],[5.7058147,50.0569683]]]}},{"type":"Feature","properties":{"t":"lavoura"},"geometry":{"type":"Polygon","coordinates":[[[5.6838852,50.063398],[5.6833811,50.0628716],[5.6831878,50.0626697],[5.6825039,50.0628918],[5.6822437,50.0626077],[5.6820425,50.0627334],[5.6815356,50.0629934],[5.6813157,50.0628298],[5.6808007,50.0631277],[5.6804761,50.0628573],[5.6802669,50.0629951],[5.6802079,50.0629658],[5.6798083,50.0632155],[5.6796554,50.0632757],[5.6795856,50.0632292],[5.6787354,50.0638491],[5.6785341,50.0640089],[5.6782365,50.0642451],[5.6779468,50.0644018],[5.677641,50.0646893],[5.6784806,50.0650939],[5.677523,50.0657671],[5.6779039,50.0659651],[5.6771958,50.0666762],[5.6774855,50.066795],[5.6781667,50.0661304],[5.6789178,50.0655726],[5.6801623,50.0645619],[5.6808516,50.0640385],[5.6813961,50.0636769],[5.6815866,50.0638835],[5.6815973,50.0639765],[5.6819245,50.0643691],[5.6813961,50.064753],[5.6814739,50.0648133],[5.6820479,50.0646136],[5.6824502,50.0648563],[5.6827909,50.0645447],[5.6828928,50.0645895],[5.6836814,50.0636563],[5.6838852,50.063398]]]}},{"type":"Feature","properties":{"t":"prado"},"geometry":{"type":"Polygon","coordinates":[[[5.7026553,50.028491],[5.7048976,50.0290734],[5.7039803,50.0302019],[5.7033115,50.0310231],[5.7035067,50.0311013],[5.7039911,50.0305689],[5.7041225,50.0306155],[5.7045624,50.0302088],[5.7049862,50.029816],[5.7052141,50.0294783],[5.7053563,50.0276312],[5.7038355,50.0272624],[5.703645,50.027638],[5.7034332,50.0279448],[5.7030576,50.0282308],[5.7026553,50.028491]]]}},{"type":"Feature","properties":{"t":"prado"},"geometry":{"type":"Polygon","coordinates":[[[5.7064292,50.0255754],[5.7045919,50.0250223],[5.7042593,50.0259925],[5.7038355,50.0272624],[5.7053563,50.0276312],[5.7068396,50.0278689],[5.7065633,50.0271952],[5.7063997,50.0267868],[5.7063514,50.0263078],[5.7063943,50.0258512],[5.7064292,50.0255754]]]}},{"type":"Feature","properties":{"t":"prado"},"geometry":{"type":"Polygon","coordinates":[[[5.7068396,50.0278689],[5.7053563,50.0276312],[5.7052141,50.0294783],[5.7075718,50.0296902],[5.7074645,50.0294197],[5.7072312,50.0289545],[5.7070917,50.0285909],[5.7068396,50.0278689]]]}},{"type":"Feature","properties":{"t":"prado"},"geometry":{"type":"Polygon","coordinates":[[[5.7075852,50.0297522],[5.7075718,50.0296902],[5.7052141,50.0294783],[5.7049862,50.029816],[5.7045624,50.0302088],[5.7041225,50.0306155],[5.7043022,50.0307602],[5.7047233,50.0309842],[5.7051793,50.0311927],[5.7060215,50.0314201],[5.7064801,50.0316716],[5.7065955,50.0315907],[5.7067993,50.0314322],[5.7071292,50.0311169],[5.7073331,50.0308067],[5.7075074,50.0303002],[5.7076147,50.0299418],[5.7075852,50.0297522]]]}},{"type":"Feature","properties":{"t":"prado"},"geometry":{"type":"Polygon","coordinates":[[[5.7081458,50.0241538],[5.7063755,50.0249103],[5.7064667,50.0253514],[5.7064587,50.0257822],[5.7089478,50.0248603],[5.7090296,50.0248198],[5.7081458,50.0241538]]]}},{"type":"Feature","properties":{"t":"prado"},"geometry":{"type":"Polygon","coordinates":[[[5.7089478,50.0248603],[5.7064587,50.0257822],[5.7064077,50.0262716],[5.7064131,50.0265542],[5.7091731,50.0255858],[5.7089478,50.0248603]]]}},{"type":"Feature","properties":{"t":"prado"},"geometry":{"type":"Polygon","coordinates":[[[5.7095918,50.0260179],[5.7091731,50.0255858],[5.7064131,50.0265542],[5.7065123,50.0269574],[5.7066572,50.0272865],[5.7083791,50.0265301],[5.7095918,50.0260179]]]}},{"type":"Feature","properties":{"t":"prado"},"geometry":{"type":"Polygon","coordinates":[[[5.7090296,50.0248198],[5.7089478,50.0248603],[5.7091731,50.0255858],[5.7095918,50.0260179],[5.7096398,50.0259976],[5.7098785,50.0263888],[5.7101575,50.0263043],[5.7099241,50.025796],[5.7096291,50.0253807],[5.7093796,50.0251257],[5.7090296,50.0248198]]]}},{"type":"Feature","properties":{"t":"prado"},"geometry":{"type":"Polygon","coordinates":[[[5.7101575,50.0263043],[5.7098785,50.0263888],[5.7096398,50.0259976],[5.7095918,50.0260179],[5.7083791,50.0265301],[5.7066572,50.0272865],[5.7069254,50.0279758],[5.7071748,50.0286133],[5.7087037,50.0277225],[5.7103398,50.0267937],[5.7101575,50.0263043]]]}},{"type":"Feature","properties":{"t":"prado"},"geometry":{"type":"Polygon","coordinates":[[[5.7103398,50.0267937],[5.7087037,50.0277225],[5.7071748,50.0286133],[5.7072687,50.0289321],[5.7075289,50.0294576],[5.7076335,50.0297092],[5.7075852,50.0297522],[5.7076147,50.0299418],[5.7075074,50.0303002],[5.7077631,50.0303519],[5.708009,50.0300917],[5.7097417,50.0284186],[5.7106912,50.0274864],[5.7105678,50.0273124],[5.7104176,50.0269815],[5.7103398,50.0267937]]]}},{"type":"Feature","properties":{"t":"prado"},"geometry":{"type":"Polygon","coordinates":[[[5.7109229,50.0256982],[5.7105759,50.0255582],[5.7106134,50.0255065],[5.7102299,50.0253842],[5.7097846,50.0254962],[5.7099965,50.0257822],[5.7102808,50.0264319],[5.7109229,50.0256982]]]}},{"type":"Feature","properties":{"t":"prado"},"geometry":{"type":"Polygon","coordinates":[[[5.7097149,50.0254135],[5.7097846,50.0254962],[5.7102299,50.0253842],[5.7106134,50.0255065],[5.7105759,50.0255582],[5.7109229,50.0256982],[5.7110887,50.0255087],[5.710541,50.0253273],[5.7105812,50.0252618],[5.7103989,50.0252119],[5.7097149,50.0254135]]]}},{"type":"Feature","properties":{"t":"prado"},"geometry":{"type":"Polygon","coordinates":[[[5.7099137,50.0251637],[5.7097149,50.0254135],[5.7102352,50.0252584],[5.7099137,50.0251637]]]}},{"type":"Feature","properties":{"t":"prado"},"geometry":{"type":"Polygon","coordinates":[[[5.7107341,50.0250447],[5.7105812,50.0252618],[5.710541,50.0253273],[5.7110887,50.0255087],[5.7113494,50.0252107],[5.7107341,50.0250447]]]}},{"type":"Feature","properties":{"t":"prado"},"geometry":{"type":"Polygon","coordinates":[[[5.7102824,50.0247006],[5.7099137,50.0251637],[5.7102352,50.0252584],[5.7103989,50.0252119],[5.7105812,50.0252618],[5.7107341,50.0250447],[5.7108414,50.0248638],[5.7102824,50.0247006]]]}},{"type":"Feature","properties":{"t":"prado"},"geometry":{"type":"Polygon","coordinates":[[[5.7108414,50.0248638],[5.7107341,50.0250447],[5.7113494,50.0252107],[5.7117795,50.0247192],[5.7110506,50.0245519],[5.7109715,50.0246665],[5.7108414,50.0248638]]]}},{"type":"Feature","properties":{"t":"prado"},"geometry":{"type":"Polygon","coordinates":[[[5.7109715,50.0246665],[5.7104324,50.0245122],[5.7102824,50.0247006],[5.7108414,50.0248638],[5.7109715,50.0246665]]]}},{"type":"Feature","properties":{"t":"lavoura"},"geometry":{"type":"Polygon","coordinates":[[[5.7097866,50.0218664],[5.7095888,50.0221548],[5.7094306,50.0221014],[5.7079795,50.0239849],[5.7088914,50.0246242],[5.7094413,50.025093],[5.7097149,50.0254135],[5.7099137,50.0251637],[5.7102824,50.0247006],[5.7104324,50.0245122],[5.7119921,50.0225012],[5.7102701,50.0219877],[5.7097866,50.0218664]]]}},{"type":"Feature","properties":{"t":"prado"},"geometry":{"type":"Polygon","coordinates":[[[5.7119921,50.0225012],[5.7104324,50.0245122],[5.7109715,50.0246665],[5.7110506,50.0245519],[5.7123307,50.0225907],[5.7119921,50.0225012]]]}},{"type":"Feature","properties":{"t":"prado"},"geometry":{"type":"Polygon","coordinates":[[[5.7123307,50.0225907],[5.7110506,50.0245519],[5.7117795,50.0247192],[5.7119787,50.0244916],[5.7119438,50.0244468],[5.7120216,50.0243261],[5.7126734,50.0226813],[5.7123307,50.0225907]]]}},{"type":"Feature","properties":{"t":"prado"},"geometry":{"type":"Polygon","coordinates":[[[5.7126734,50.0226813],[5.7120216,50.0243261],[5.7127845,50.0250706],[5.712896,50.0250292],[5.7129952,50.0249258],[5.7134831,50.0226911],[5.7127243,50.0226012],[5.7126734,50.0226813]]]}},{"type":"Feature","properties":{"t":"prado"},"geometry":{"type":"Polygon","coordinates":[[[5.7134831,50.0226911],[5.7129952,50.0249258],[5.7147011,50.0253601],[5.715111,50.0253529],[5.7151182,50.0253213],[5.7151952,50.0249725],[5.7151678,50.0249758],[5.7149672,50.0249078],[5.7135826,50.0247431],[5.7141244,50.0229803],[5.7152376,50.0230664],[5.7152617,50.022963],[5.7157069,50.0229837],[5.7157686,50.0229062],[5.7156667,50.0229045],[5.7146336,50.0227867],[5.7146287,50.0228269],[5.7134831,50.0226911]]]}},{"type":"Feature","properties":{"t":"prado"},"geometry":{"type":"Polygon","coordinates":[[[5.705359,50.0537635],[5.7050452,50.0537807],[5.7047608,50.0537927],[5.7045597,50.0538168],[5.7043505,50.0538754],[5.7041627,50.0540511],[5.7040527,50.0542732],[5.7044551,50.0542887],[5.7045024,50.0543118],[5.7058042,50.0542267],[5.70703,50.0540493],[5.707081,50.0540769],[5.7073304,50.0540235],[5.7076174,50.0539977],[5.7079393,50.0536567],[5.7072178,50.0535602],[5.7067484,50.0534276],[5.7065365,50.053543],[5.7064238,50.0537497],[5.7062602,50.0537841],[5.7061905,50.0539357],[5.706051,50.0540063],[5.7055977,50.0540046],[5.7054394,50.0539546],[5.7054368,50.0538323],[5.705359,50.0537635]]]}},{"type":"Feature","properties":{"t":"prado"},"geometry":{"type":"Polygon","coordinates":[[[5.7059866,50.0535447],[5.7055199,50.0537221],[5.7055601,50.0537686],[5.7057264,50.0538272],[5.7056916,50.0539098],[5.7060376,50.0538754],[5.7061717,50.0536653],[5.7060778,50.0536171],[5.7061002,50.0535872],[5.7059866,50.0535447]]]}},{"type":"Feature","properties":{"t":"prado"},"geometry":{"type":"Polygon","coordinates":[[[5.706802,50.0532072],[5.7059866,50.0535447],[5.7061002,50.0535872],[5.7061127,50.0535706],[5.7062656,50.0536154],[5.7065499,50.053481],[5.706802,50.0532072]]]}},{"type":"Feature","properties":{"t":"prado"},"geometry":{"type":"Polygon","coordinates":[[[5.7079822,50.0540244],[5.7072635,50.0550806],[5.7074001,50.0551429],[5.7076603,50.0552686],[5.7081029,50.0554546],[5.7083926,50.0554701],[5.7087788,50.0555252],[5.708929,50.0555734],[5.7093045,50.0551119],[5.7094172,50.0551153],[5.7094896,50.0550017],[5.7099321,50.0551102],[5.7100368,50.055031],[5.7101041,50.0550514],[5.7104149,50.0545143],[5.7101816,50.0538961],[5.7079822,50.0540244]]]}},{"type":"Feature","properties":{"t":"prado"},"geometry":{"type":"Polygon","coordinates":[[[5.7069656,50.0549448],[5.7072635,50.0550806],[5.7079822,50.0540244],[5.7075467,50.054062],[5.7070997,50.0546263],[5.7065123,50.0544592],[5.7063697,50.0545933],[5.706916,50.0548415],[5.7068838,50.0549078],[5.7069656,50.0549448]]]}},{"type":"Feature","properties":{"t":"prado"},"geometry":{"type":"Polygon","coordinates":[[[5.7067832,50.0551171],[5.7069656,50.0549448],[5.7068838,50.0549078],[5.706916,50.0548415],[5.7063697,50.0545933],[5.7061368,50.0548122],[5.7067832,50.0551171]]]}},{"type":"Feature","properties":{"t":"prado"},"geometry":{"type":"Polygon","coordinates":[[[5.7074001,50.0551429],[5.7072635,50.0550806],[5.7069656,50.0549448],[5.7067832,50.0551171],[5.7064419,50.0554584],[5.7062766,50.0556178],[5.7058864,50.0561449],[5.7062043,50.0563282],[5.7066008,50.0558059],[5.7067859,50.055613],[5.7074001,50.0551429]]]}},{"type":"Feature","properties":{"t":"prado"},"geometry":{"type":"Polygon","coordinates":[[[5.7070782,50.0563099],[5.7071963,50.0561469],[5.7074216,50.0559161],[5.7077891,50.055644],[5.7081029,50.0554546],[5.7076603,50.0552686],[5.7074001,50.0551429],[5.7067859,50.055613],[5.7066008,50.0558059],[5.7062043,50.0563282],[5.7067954,50.056669],[5.7070782,50.0563099]]]}},{"type":"Feature","properties":{"t":"prado"},"geometry":{"type":"Polygon","coordinates":[[[5.708127,50.0561813],[5.7083631,50.0559695],[5.7086608,50.0557732],[5.7089737,50.0556035],[5.708929,50.0555734],[5.7087788,50.0555252],[5.7083926,50.0554701],[5.7081029,50.0554546],[5.7077891,50.055644],[5.7074216,50.0559161],[5.7071963,50.0561469],[5.7070782,50.0563099],[5.7075611,50.056481],[5.7072271,50.0568486],[5.7074605,50.0570062],[5.7076201,50.0568064],[5.707958,50.0563604],[5.708127,50.0561813]]]}},{"type":"Feature","properties":{"t":"prado"},"geometry":{"type":"Polygon","coordinates":[[[5.7089737,50.0556035],[5.7086608,50.0557732],[5.7083631,50.0559695],[5.708127,50.0561813],[5.707958,50.0563604],[5.7083876,50.0564963],[5.7085401,50.0563346],[5.7087667,50.0561305],[5.709288,50.0558154],[5.7089737,50.0556035]]]}},{"type":"Feature","properties":{"t":"prado"},"geometry":{"type":"Polygon","coordinates":[[[5.7047555,50.0500297],[5.7053938,50.0500727],[5.706287,50.0502105],[5.7069173,50.05035],[5.7069468,50.0504482],[5.7079098,50.0505016],[5.7081994,50.0505481],[5.70887,50.05071],[5.70887,50.0508202],[5.7087117,50.0509563],[5.7084844,50.0511198],[5.708591,50.0511457],[5.7092455,50.0512215],[5.7095835,50.0512731],[5.7099026,50.0513541],[5.7102057,50.0514678],[5.7109681,50.0518263],[5.7111499,50.0516004],[5.7113859,50.0512473],[5.7110319,50.0510803],[5.7108334,50.0512163],[5.7105839,50.0512404],[5.7103613,50.0512731],[5.7102433,50.0514178],[5.7099724,50.0513506],[5.7097793,50.051175],[5.7098705,50.0510648],[5.7097524,50.0507117],[5.7098356,50.0505963],[5.7102567,50.0505705],[5.7102299,50.0504585],[5.7089478,50.0502811],[5.7089612,50.0505705],[5.708465,50.0504292],[5.7079527,50.0503448],[5.7069603,50.0502897],[5.7070032,50.0500848],[5.706287,50.0499108],[5.7057935,50.0498058],[5.7052839,50.0497403],[5.7049352,50.0497076],[5.7047555,50.0500297]]]}},{"type":"Feature","properties":{"t":"prado"},"geometry":{"type":"Polygon","coordinates":[[[5.7076764,50.0509735],[5.7083711,50.0510923],[5.7084844,50.0511198],[5.7087117,50.0509563],[5.70887,50.0508202],[5.70887,50.05071],[5.7081994,50.0505481],[5.7079098,50.0505016],[5.7069468,50.0504482],[5.7069173,50.05035],[5.706287,50.0502105],[5.7053938,50.0500727],[5.7047555,50.0500297],[5.7045704,50.0504344],[5.7050639,50.0504706],[5.7057774,50.050555],[5.7064158,50.0507117],[5.7065821,50.0507789],[5.7076764,50.0509735]]]}},{"type":"Feature","properties":{"t":"prado"},"geometry":{"type":"Polygon","coordinates":[[[5.7082048,50.0525528],[5.7088432,50.0524167],[5.7091328,50.0523272],[5.708634,50.05221],[5.7077542,50.0519431],[5.7075638,50.0523254],[5.7082048,50.0525528]]]}},{"type":"Feature","properties":{"t":"prado"},"geometry":{"type":"Polygon","coordinates":[[[5.7078373,50.0517175],[5.7079366,50.0515246],[5.7080626,50.0513179],[5.7082316,50.0511974],[5.708634,50.0512508],[5.7095432,50.0514144],[5.7098114,50.0514833],[5.7099429,50.0515039],[5.7102916,50.0516107],[5.7106563,50.0517933],[5.7107744,50.0518794],[5.7109004,50.0519104],[5.7109681,50.0518263],[5.7102057,50.0514678],[5.7099026,50.0513541],[5.7095835,50.0512731],[5.7092455,50.0512215],[5.708591,50.0511457],[5.7084844,50.0511198],[5.7083711,50.0510923],[5.7076764,50.0509735],[5.7065821,50.0507789],[5.7063675,50.0509304],[5.706118,50.0511354],[5.7059544,50.0512714],[5.7065016,50.0514557],[5.7074404,50.0516555],[5.7078373,50.0517175]]]}},{"type":"Feature","properties":{"t":"prado"},"geometry":{"type":"Polygon","coordinates":[[[5.709165,50.0523478],[5.7096854,50.0521463],[5.7101119,50.0520034],[5.7107744,50.0518794],[5.7106563,50.0517933],[5.7102916,50.0516107],[5.7101709,50.0518535],[5.7100153,50.0518553],[5.7096854,50.0518053],[5.7086474,50.0515763],[5.7081404,50.0513541],[5.7082236,50.0512594],[5.7098249,50.0516434],[5.7098114,50.0514833],[5.7095432,50.0514144],[5.708634,50.0512508],[5.7082316,50.0511974],[5.7080626,50.0513179],[5.7079366,50.0515246],[5.7078373,50.0517175],[5.7077542,50.0519431],[5.708634,50.05221],[5.7091328,50.0523272],[5.709165,50.0523478]]]}},{"type":"Feature","properties":{"t":"prado"},"geometry":{"type":"Polygon","coordinates":[[[5.7104015,50.053097],[5.7111096,50.0531383],[5.7111526,50.0529127],[5.7103452,50.0528335],[5.7109004,50.0519104],[5.7107744,50.0518794],[5.7101119,50.0520034],[5.7096854,50.0521463],[5.709165,50.0523478],[5.7087573,50.0524822],[5.7081968,50.0526027],[5.7078561,50.0526992],[5.7076415,50.0527767],[5.707258,50.0529695],[5.7075745,50.0530729],[5.7081565,50.0532003],[5.7091865,50.053345],[5.7093689,50.0529695],[5.7098758,50.0530488],[5.7104015,50.053097]]]}},{"type":"Feature","properties":{"t":"prado"},"geometry":{"type":"Polygon","coordinates":[[[5.7076174,50.0539977],[5.7086286,50.0539357],[5.7098678,50.0538633],[5.7109648,50.0537962],[5.7120109,50.0537273],[5.7122442,50.0536963],[5.7119143,50.0536567],[5.7114664,50.0535981],[5.7108602,50.0534741],[5.7103318,50.0533346],[5.7104015,50.053097],[5.7098758,50.0530488],[5.7093689,50.0529695],[5.7091865,50.053345],[5.7081565,50.0532003],[5.7075745,50.0530729],[5.707258,50.0529695],[5.7069221,50.0531422],[5.7070085,50.0531641],[5.7069629,50.0532468],[5.7068047,50.053326],[5.7067484,50.0534276],[5.7072178,50.0535602],[5.7079393,50.0536567],[5.7076174,50.0539977]]]}},{"type":"Feature","properties":{"t":"prado"},"geometry":{"type":"Polygon","coordinates":[[[5.7131489,50.0499935],[5.7126975,50.0506359],[5.7124266,50.0509563],[5.7133037,50.0513593],[5.7136872,50.0513868],[5.7143685,50.0509718],[5.7151946,50.0505171],[5.7149076,50.0501761],[5.7135612,50.0501175],[5.7134029,50.05004],[5.7131489,50.0499935]]]}},{"type":"Feature","properties":{"t":"prado"},"geometry":{"type":"Polygon","coordinates":[[[5.7110319,50.0510803],[5.7113859,50.0512473],[5.7111499,50.0516004],[5.7131427,50.0522255],[5.7134324,50.0519638],[5.7135934,50.0518432],[5.7138643,50.0516004],[5.7136872,50.0513868],[5.7133037,50.0513593],[5.7124266,50.0509563],[5.7122844,50.0510975],[5.712027,50.0512697],[5.7113162,50.0508167],[5.7109299,50.0505756],[5.7108361,50.0506187],[5.7105759,50.0507341],[5.710533,50.0507978],[5.7109246,50.0509373],[5.7108897,50.0510217],[5.7110319,50.0510803]]]}},{"type":"Feature","properties":{"t":"prado"},"geometry":{"type":"Polygon","coordinates":[[[5.7111526,50.0529127],[5.7111096,50.0531383],[5.7104015,50.053097],[5.7103318,50.0533346],[5.7108602,50.0534741],[5.7114664,50.0535981],[5.7119143,50.0536567],[5.7122442,50.0536963],[5.712727,50.0536136],[5.7131213,50.0535137],[5.7123998,50.0533519],[5.7124963,50.0531865],[5.7111526,50.0529127]]]}},{"type":"Feature","properties":{"t":"prado"},"geometry":{"type":"Polygon","coordinates":[[[5.7122335,50.055031],[5.7125741,50.0548209],[5.7128902,50.0545731],[5.711807,50.0543524],[5.7109728,50.0542405],[5.7108521,50.0543352],[5.7106295,50.054671],[5.7122335,50.055031]]]}},{"type":"Feature","properties":{"t":"prado"},"geometry":{"type":"Polygon","coordinates":[[[5.7101816,50.0538961],[5.7104149,50.0545143],[5.7101041,50.0550514],[5.710372,50.0551326],[5.7104203,50.0550843],[5.7116085,50.055458],[5.7119277,50.0552256],[5.7122335,50.055031],[5.7106295,50.054671],[5.7108521,50.0543352],[5.7109728,50.0542405],[5.711807,50.0543524],[5.7128902,50.0545731],[5.7132018,50.0542646],[5.7135451,50.0539374],[5.7137543,50.0537187],[5.7139099,50.0536016],[5.714247,50.0533825],[5.7140064,50.0533226],[5.713006,50.0536119],[5.7123944,50.0537531],[5.7117507,50.0537996],[5.7110855,50.053841],[5.7104632,50.0538806],[5.7101816,50.0538961]]]}},{"type":"Feature","properties":{"t":"prado"},"geometry":{"type":"Polygon","coordinates":[[[5.7126841,50.0529316],[5.7124963,50.0531865],[5.7123998,50.0533519],[5.7131213,50.0535137],[5.7140306,50.0532382],[5.7136363,50.0531297],[5.7126841,50.0529316]]]}},{"type":"Feature","properties":{"t":"prado"},"geometry":{"type":"Polygon","coordinates":[[[5.7126841,50.0529316],[5.7136363,50.0531297],[5.7140306,50.0532382],[5.7146126,50.053078],[5.7149048,50.0527945],[5.7146797,50.0527629],[5.7146662,50.0525459],[5.714567,50.0524959],[5.7131883,50.0522703],[5.7126841,50.0529316]]]}},{"type":"Feature","properties":{"t":"prado"},"geometry":{"type":"Polygon","coordinates":[[[5.7134324,50.0519638],[5.7131427,50.0522255],[5.7111499,50.0516004],[5.7109681,50.0518263],[5.7109004,50.0519104],[5.7103452,50.0528335],[5.7111526,50.0529127],[5.7124963,50.0531865],[5.7126841,50.0529316],[5.7131883,50.0522703],[5.714567,50.0524959],[5.7147921,50.0521591],[5.7141164,50.0518828],[5.7138321,50.0520533],[5.7134324,50.0519638]]]}},{"type":"Feature","properties":{"t":"prado"},"geometry":{"type":"Polygon","coordinates":[[[5.7143685,50.0509718],[5.7136872,50.0513868],[5.7138643,50.0516004],[5.7135934,50.0518432],[5.7137999,50.0518914],[5.7139742,50.0518036],[5.7146046,50.0511491],[5.7143685,50.0509718]]]}},{"type":"Feature","properties":{"t":"prado"},"geometry":{"type":"Polygon","coordinates":[[[5.7060912,50.0469174],[5.7066116,50.04705],[5.7072929,50.0471688],[5.7075235,50.0469191],[5.7082397,50.0469811],[5.709503,50.0452569],[5.7094145,50.0452259],[5.709216,50.0453637],[5.7087654,50.0456583],[5.7082692,50.0459614],[5.7077971,50.0461526],[5.7069066,50.0465384],[5.7063192,50.0467813],[5.7061797,50.0468433],[5.7060912,50.0469174]]]}},{"type":"Feature","properties":{"t":"prado"},"geometry":{"type":"Polygon","coordinates":[[[5.709503,50.0452569],[5.7082397,50.0469811],[5.7075235,50.0469191],[5.7072929,50.0471688],[5.7066116,50.04705],[5.7060912,50.0469174],[5.7058364,50.0471809],[5.7054287,50.0475951],[5.7059023,50.0476409],[5.7059614,50.0476006],[5.7062495,50.0475047],[5.7066277,50.04741],[5.7076576,50.0472412],[5.7077864,50.0472395],[5.7070461,50.0488654],[5.7072821,50.0489412],[5.7072607,50.0490135],[5.7077917,50.0490652],[5.70795,50.048762],[5.708347,50.0488206],[5.7083947,50.0488319],[5.7087091,50.0482884],[5.7084972,50.048235],[5.7087627,50.0477062],[5.708996,50.0477355],[5.7101676,50.045412],[5.709503,50.0452569]]]}},{"type":"Feature","properties":{"t":"prado"},"geometry":{"type":"Polygon","coordinates":[[[5.7070461,50.0488654],[5.7077864,50.0472395],[5.7076576,50.0472412],[5.7066277,50.04741],[5.7062495,50.0475047],[5.7059614,50.0476006],[5.7060714,50.0476265],[5.7062672,50.0476334],[5.7064388,50.0477643],[5.7066695,50.0478883],[5.7066373,50.0479882],[5.7062725,50.0479606],[5.7060633,50.047971],[5.7058541,50.0480743],[5.7060633,50.048219],[5.7063369,50.04825],[5.7064871,50.0482879],[5.7065139,50.0483878],[5.7064657,50.0485221],[5.7063476,50.0486358],[5.7070461,50.0488654]]]}},{"type":"Feature","properties":{"t":"prado"},"geometry":{"type":"Polygon","coordinates":[[[5.7059023,50.0476409],[5.7054287,50.0475951],[5.7051994,50.0477717],[5.7049325,50.0478888],[5.7047323,50.0479552],[5.7046981,50.0479727],[5.7041761,50.0482143],[5.7042282,50.0483271],[5.7045436,50.0481696],[5.7048349,50.0480674],[5.7049234,50.0479779],[5.7049931,50.0479434],[5.7050173,50.0479279],[5.705071,50.0479262],[5.7051219,50.0479193],[5.7053043,50.0479245],[5.7055215,50.0479004],[5.7059023,50.0476409]]]}},{"type":"Feature","properties":{"t":"prado"},"geometry":{"type":"Polygon","coordinates":[[[5.7067514,50.0492799],[5.7065552,50.0492253],[5.7064185,50.0492546],[5.7060832,50.0490858],[5.7059517,50.0490324],[5.705783,50.0490113],[5.705547,50.0490578],[5.7054746,50.0490759],[5.705311,50.0490733],[5.7049395,50.0490354],[5.7047155,50.0490044],[5.7045331,50.0490087],[5.7045063,50.0490621],[5.7046136,50.0490983],[5.7046941,50.0491534],[5.704851,50.0491749],[5.7049596,50.0491792],[5.7050964,50.0492266],[5.7051393,50.0492748],[5.7051863,50.0493265],[5.7052332,50.0493437],[5.7053539,50.0493316],[5.7054209,50.0493256],[5.7055443,50.0493618],[5.7057133,50.0493592],[5.7057938,50.0493566],[5.7058823,50.0493626],[5.705944,50.0493842],[5.70607,50.0494048],[5.7061586,50.0494246],[5.7062591,50.0495263],[5.706298,50.0496339],[5.7064039,50.0497545],[5.7063986,50.049795],[5.7063893,50.049826],[5.7064586,50.0498459],[5.7065096,50.0497885],[5.707081,50.0499091],[5.7070354,50.0499797],[5.7072607,50.0499935],[5.7080144,50.0500469],[5.7084113,50.0500366],[5.709098,50.0499883],[5.7092192,50.0499987],[5.7092428,50.0497817],[5.7091838,50.0498368],[5.7090953,50.0498557],[5.7088619,50.0498747],[5.7087144,50.0498316],[5.7072768,50.0496714],[5.7066062,50.0495543],[5.7067514,50.0492799]]]}},{"type":"Feature","properties":{"t":"prado"},"geometry":{"type":"Polygon","coordinates":[[[5.708524,50.04942],[5.7085133,50.0494475],[5.7086018,50.0495181],[5.70876,50.0495044],[5.7089961,50.049544],[5.7092857,50.0496697],[5.7094386,50.0496869],[5.710358,50.0482872],[5.7101371,50.0482208],[5.7100503,50.0483624],[5.7097203,50.0481644],[5.7096559,50.048123],[5.709157,50.0489067],[5.7089719,50.0488757],[5.708524,50.04942]]]}},{"type":"Feature","properties":{"t":"prado"},"geometry":{"type":"Polygon","coordinates":[[[5.7087144,50.0498316],[5.7089075,50.0496146],[5.7087842,50.0495819],[5.7085615,50.0495698],[5.7083577,50.0495457],[5.7083711,50.0494096],[5.708524,50.04942],[5.7089719,50.0488757],[5.709157,50.0489067],[5.7096559,50.048123],[5.709562,50.0480628],[5.709452,50.0481282],[5.7089129,50.0482402],[5.7087528,50.0482177],[5.708996,50.0477355],[5.7087627,50.0477062],[5.7084972,50.048235],[5.7087091,50.0482884],[5.7083947,50.0488319],[5.7087117,50.0489067],[5.7083416,50.0493907],[5.7081968,50.04937],[5.7081056,50.049525],[5.7079473,50.0495268],[5.7076442,50.0494458],[5.7071051,50.0493459],[5.7067966,50.0492925],[5.7067514,50.0492799],[5.7066062,50.0495543],[5.7072768,50.0496714],[5.7087144,50.0498316]]]}},{"type":"Feature","properties":{"t":"prado"},"geometry":{"type":"Polygon","coordinates":[[[5.710358,50.0482872],[5.7094386,50.0496869],[5.7094091,50.0497679],[5.7092428,50.0497817],[5.7092192,50.0499987],[5.7097793,50.0500469],[5.7099831,50.0501003],[5.7107697,50.0484725],[5.7106376,50.048421],[5.7106607,50.0483783],[5.710358,50.0482872]]]}},{"type":"Feature","properties":{"t":"prado"},"geometry":{"type":"Polygon","coordinates":[[[5.7063893,50.049826],[5.7062457,50.0498681],[5.7059319,50.04977],[5.705669,50.0497286],[5.7052734,50.0496727],[5.7049569,50.049614],[5.7049352,50.0497076],[5.7052839,50.0497403],[5.7057935,50.0498058],[5.706287,50.0499108],[5.7070032,50.0500848],[5.7069603,50.0502897],[5.7079527,50.0503448],[5.708465,50.0504292],[5.7089612,50.0505705],[5.7089478,50.0502811],[5.7102299,50.0504585],[5.7103667,50.0504568],[5.7108361,50.0506187],[5.7109299,50.0505756],[5.7113162,50.0508167],[5.712027,50.0512697],[5.7122844,50.0510975],[5.7124266,50.0509563],[5.7126975,50.0506359],[5.7131489,50.0499935],[5.7129979,50.0499659],[5.7133815,50.0488654],[5.7127833,50.0488275],[5.7129362,50.0483728],[5.7124695,50.0482384],[5.7123059,50.0486139],[5.7120511,50.0485622],[5.711976,50.0487724],[5.7117775,50.0504206],[5.711718,50.0504243],[5.7117292,50.0504999],[5.7123649,50.0506635],[5.712373,50.0508839],[5.7122067,50.0509976],[5.7119599,50.0509115],[5.7113537,50.0505136],[5.7109889,50.0503672],[5.7103559,50.0501606],[5.7101145,50.0501244],[5.7099831,50.0501003],[5.7097793,50.0500469],[5.7092192,50.0499987],[5.709098,50.0499883],[5.7084113,50.0500366],[5.7080144,50.0500469],[5.7072607,50.0499935],[5.7070354,50.0499797],[5.7070059,50.0500038],[5.7064586,50.0498459],[5.7063893,50.049826]]]}},{"type":"Feature","properties":{"t":"prado"},"geometry":{"type":"Polygon","coordinates":[[[5.7101371,50.0482208],[5.710358,50.0482872],[5.7106607,50.0483783],[5.7111633,50.0474496],[5.7113725,50.0472705],[5.7118285,50.0473773],[5.7122362,50.0467159],[5.7118902,50.0463094],[5.7115154,50.0459707],[5.7101371,50.0482208]]]}},{"type":"Feature","properties":{"t":"lavoura"},"geometry":{"type":"Polygon","coordinates":[[[5.6953409,50.0400565],[5.6963093,50.038938],[5.6958501,50.0389096],[5.6945255,50.03862],[5.6960698,50.0368426],[5.6946384,50.0362695],[5.6939971,50.0367662],[5.6930664,50.0373726],[5.6929913,50.0373398],[5.6925219,50.0377981],[5.6921008,50.038401],[5.6922349,50.0385733],[5.6926319,50.0389678],[5.693163,50.0393347],[5.6937343,50.0396155],[5.6944558,50.0398102],[5.6952363,50.0400066],[5.6953409,50.0400565]]]}},{"type":"Feature","properties":{"t":"prado"},"geometry":{"type":"Polygon","coordinates":[[[5.6981659,50.0390531],[5.6963093,50.038938],[5.6953409,50.0400565],[5.6958479,50.0402202],[5.6966633,50.0404269],[5.6969637,50.040513],[5.6981659,50.0390531]]]}},{"type":"Feature","properties":{"t":"prado"},"geometry":{"type":"Polygon","coordinates":[[[5.6981659,50.0390531],[5.6969637,50.040513],[5.6974706,50.0407008],[5.6977549,50.0408567],[5.698105,50.0410698],[5.6996003,50.0391419],[5.6981659,50.0390531]]]}},{"type":"Feature","properties":{"t":"prado"},"geometry":{"type":"Polygon","coordinates":[[[5.7005551,50.045877],[5.7000214,50.0457754],[5.6995869,50.0462474],[5.6998149,50.0464489],[5.700016,50.0466056],[5.7005551,50.045877]]]}},{"type":"Feature","properties":{"t":"prado"},"geometry":{"type":"Polygon","coordinates":[[[5.7005551,50.045877],[5.700016,50.0466056],[5.7002547,50.0467848],[5.7008824,50.0459235],[5.7005551,50.045877]]]}},{"type":"Feature","properties":{"t":"prado"},"geometry":{"type":"Polygon","coordinates":[[[5.7011372,50.0472791],[5.7014832,50.0466831],[5.7019097,50.0461406],[5.7016173,50.046051],[5.7013276,50.0459959],[5.7008824,50.0459235],[5.7002547,50.0467848],[5.7006195,50.0470259],[5.7009709,50.047205],[5.7011372,50.0472791]]]}},{"type":"Feature","properties":{"t":"prado"},"geometry":{"type":"Polygon","coordinates":[[[5.7019097,50.0461406],[5.7014832,50.0466831],[5.7011372,50.0472791],[5.7014778,50.0474238],[5.7015422,50.0471999],[5.7021752,50.0462715],[5.7019097,50.0461406]]]}},{"type":"Feature","properties":{"t":"prado"},"geometry":{"type":"Polygon","coordinates":[[[5.7021189,50.0476649],[5.7028692,50.0466711],[5.7021752,50.0462715],[5.7015422,50.0471999],[5.7014778,50.0474238],[5.7021189,50.0476649]]]}},{"type":"Feature","properties":{"t":"prado"},"geometry":{"type":"Polygon","coordinates":[[[5.7034057,50.04698],[5.7028692,50.0466711],[5.7021189,50.0476649],[5.7026955,50.0478819],[5.7033822,50.0482367],[5.7034057,50.04698]]]}},{"type":"Feature","properties":{"t":"prado"},"geometry":{"type":"Polygon","coordinates":[[[5.7035351,50.0482867],[5.7035565,50.0479456],[5.7035512,50.0473686],[5.7035468,50.0470613],[5.7034057,50.04698],[5.7033822,50.0482367],[5.7035351,50.0482867]]]}},{"type":"Feature","properties":{"t":"prado"},"geometry":{"type":"Polygon","coordinates":[[[5.7035565,50.0479456],[5.7035351,50.0482867],[5.7036169,50.0483226],[5.7038596,50.0482281],[5.7038999,50.0481334],[5.7038221,50.0480076],[5.7039481,50.0479405],[5.7041187,50.0479899],[5.7041885,50.0479951],[5.7044111,50.0479383],[5.7044889,50.0478797],[5.7046874,50.0478952],[5.7049459,50.0477665],[5.7044765,50.0472825],[5.7041332,50.0473841],[5.7037336,50.0471688],[5.7035468,50.0470613],[5.7035512,50.0473686],[5.7037872,50.0474152],[5.703806,50.0477734],[5.7039347,50.0478595],[5.7039106,50.0479129],[5.703688,50.0479508],[5.7035565,50.0479456]]]}},{"type":"Feature","properties":{"t":"prado"},"geometry":{"type":"Polygon","coordinates":[[[5.7050076,50.0469225],[5.7054843,50.0460987],[5.7051766,50.0458391],[5.7049459,50.046268],[5.7047099,50.0465781],[5.704506,50.0467882],[5.7043183,50.0469122],[5.7042427,50.046874],[5.7037336,50.0471688],[5.7041332,50.0473841],[5.7044765,50.0472825],[5.7049459,50.0477665],[5.7050559,50.0477889],[5.7052276,50.0477028],[5.705426,50.0475426],[5.705646,50.0473101],[5.7050076,50.0469225]]]}},{"type":"Feature","properties":{"t":"prado"},"geometry":{"type":"Polygon","coordinates":[[[5.7055789,50.0461785],[5.7054843,50.0460987],[5.7050076,50.0469225],[5.705646,50.0473101],[5.7060885,50.0468674],[5.7062575,50.0467486],[5.7064399,50.0466797],[5.7055789,50.0461785]]]}},{"type":"Feature","properties":{"t":"prado"},"geometry":{"type":"Polygon","coordinates":[[[5.7055789,50.0461785],[5.7064399,50.0466797],[5.7069576,50.0464661],[5.7075584,50.0462232],[5.7083255,50.0458667],[5.7088754,50.0455377],[5.7093582,50.0451984],[5.708583,50.0446214],[5.7081324,50.044208],[5.7076335,50.0446248],[5.7087681,50.0449193],[5.7079661,50.0456893],[5.7067886,50.0452518],[5.7063966,50.0455521],[5.7075155,50.0460372],[5.7069468,50.0463593],[5.7059801,50.0458712],[5.7055789,50.0461785]]]}},{"type":"Feature","properties":{"t":"prado"},"geometry":{"type":"Polygon","coordinates":[[[5.7059801,50.0458712],[5.7069468,50.0463593],[5.7075155,50.0460372],[5.7063966,50.0455521],[5.7059801,50.0458712]]]}},{"type":"Feature","properties":{"t":"lavoura"},"geometry":{"type":"Polygon","coordinates":[[[5.7051766,50.0458391],[5.7054843,50.0460987],[5.7055789,50.0461785],[5.7059801,50.0458712],[5.7063966,50.0455521],[5.7067886,50.0452518],[5.7079661,50.0456893],[5.7087681,50.0449193],[5.7076335,50.0446248],[5.7081324,50.044208],[5.7076576,50.0437222],[5.7050456,50.045753],[5.7051229,50.0458099],[5.7051766,50.0458391]]]}},{"type":"Feature","properties":{"t":"prado"},"geometry":{"type":"Polygon","coordinates":[[[5.7050456,50.045753],[5.7076576,50.0437222],[5.7075316,50.0435069],[5.7074377,50.0431159],[5.7073867,50.0430539],[5.7063889,50.0438755],[5.7052141,50.0447884],[5.7044953,50.0453482],[5.7050456,50.045753]]]}},{"type":"Feature","properties":{"t":"prado"},"geometry":{"type":"Polygon","coordinates":[[[5.6992382,50.0455119],[5.6996164,50.0453413],[5.7003728,50.0449865],[5.7009736,50.0447195],[5.7017058,50.0444491],[5.701907,50.0443544],[5.7004613,50.0436378],[5.7003459,50.044046],[5.7002279,50.0444525],[5.7000858,50.0446903],[5.6998658,50.0449228],[5.6994876,50.0452346],[5.6992382,50.0455119]]]}},{"type":"Feature","properties":{"t":"lavoura"},"geometry":{"type":"Polygon","coordinates":[[[5.7040822,50.0450244],[5.7039133,50.0449021],[5.7032883,50.0454292],[5.7027385,50.0450296],[5.7023039,50.044754],[5.7020545,50.0446317],[5.7017058,50.0444491],[5.7009736,50.0447195],[5.7003728,50.0449865],[5.6996164,50.0453413],[5.6992382,50.0455119],[5.6991175,50.0456221],[5.6991523,50.04571],[5.6992677,50.0459321],[5.6993642,50.0460648],[5.6995869,50.0462474],[5.7000214,50.0457754],[5.7005551,50.045877],[5.7008824,50.0459235],[5.7013276,50.0459959],[5.7016173,50.046051],[5.7019097,50.0461406],[5.7021752,50.0462715],[5.7028692,50.0466711],[5.7034057,50.04698],[5.7035468,50.0470613],[5.7037336,50.0471688],[5.7042427,50.046874],[5.7044175,50.0467727],[5.7046375,50.0466091],[5.7048359,50.0463352],[5.7050157,50.0460389],[5.7051229,50.0458099],[5.7050456,50.045753],[5.7044953,50.0453482],[5.7052141,50.0447884],[5.7063889,50.0438755],[5.7073867,50.0430539],[5.7072821,50.0430108],[5.7069388,50.0429505],[5.7066625,50.0429229],[5.7062495,50.0432606],[5.7052007,50.044108],[5.7043612,50.0448125],[5.7040822,50.0450244]]]}},{"type":"Feature","properties":{"t":"prado"},"geometry":{"type":"Polygon","coordinates":[[[5.7037335,50.0426218],[5.7023764,50.0424286],[5.7016173,50.042258],[5.7010433,50.0421082],[5.7009736,50.0421667],[5.700818,50.0424303],[5.7006061,50.0428885],[5.7005149,50.0433829],[5.7004613,50.0436378],[5.701907,50.0443544],[5.7017058,50.0444491],[5.7020545,50.0446317],[5.7023039,50.044754],[5.7027385,50.0450296],[5.7032883,50.0454292],[5.7039133,50.0449021],[5.7040822,50.0450244],[5.7043612,50.0448125],[5.7052007,50.044108],[5.7062495,50.0432606],[5.7066625,50.0429229],[5.7063889,50.0428971],[5.7060268,50.0428592],[5.7055467,50.0427972],[5.7051229,50.0427614],[5.7060026,50.0431121],[5.7052838,50.0438011],[5.7046293,50.0437873],[5.7036959,50.0440085],[5.7030951,50.0436709],[5.7031487,50.0434573],[5.7034706,50.0432637],[5.703374,50.0431672],[5.7037335,50.0426218]]]}},{"type":"Feature","properties":{"t":"prado"},"geometry":{"type":"Polygon","coordinates":[[[5.7020943,50.0423273],[5.7027653,50.0424492],[5.7037872,50.0425922],[5.7044417,50.0426801],[5.7051793,50.0427214],[5.7056594,50.0427696],[5.7062495,50.0428558],[5.7067165,50.042869],[5.7065394,50.0428243],[5.7065122,50.0426362],[5.7031872,50.0410057],[5.7020943,50.0423273]]]}},{"type":"Feature","properties":{"t":"prado"},"geometry":{"type":"Polygon","coordinates":[[[5.7045704,50.0504344],[5.7044014,50.0506669],[5.7041842,50.0508529],[5.7039589,50.0510682],[5.7042459,50.0511423],[5.7042459,50.0511974],[5.7048869,50.0513782],[5.7057372,50.0515556],[5.7059544,50.0512714],[5.706118,50.0511354],[5.7063675,50.0509304],[5.7065821,50.0507789],[5.7064158,50.0507117],[5.7057774,50.050555],[5.7050639,50.0504706],[5.7045704,50.0504344]]]}},{"type":"Feature","properties":{"t":"prado"},"geometry":{"type":"Polygon","coordinates":[[[5.7038408,50.052086],[5.7039615,50.0516796],[5.7027304,50.0514282],[5.7027599,50.0518157],[5.7038408,50.052086]]]}},{"type":"Feature","properties":{"t":"prado"},"geometry":{"type":"Polygon","coordinates":[[[5.7051095,50.0526182],[5.7052785,50.0522376],[5.7054502,50.0519517],[5.7061771,50.052179],[5.7065499,50.0522617],[5.7069334,50.0523151],[5.7075208,50.0523702],[5.7075638,50.0523254],[5.7077542,50.0519431],[5.7078373,50.0517175],[5.7074404,50.0516555],[5.7065016,50.0514557],[5.7059544,50.0512714],[5.7057372,50.0515556],[5.7048869,50.0513782],[5.7042459,50.0511974],[5.7042459,50.0511423],[5.7039589,50.0510682],[5.7039362,50.0510971],[5.7037792,50.0512973],[5.7026365,50.0509752],[5.7027304,50.0514282],[5.7039615,50.0516796],[5.7038408,50.052086],[5.703747,50.0523427],[5.7042941,50.0525183],[5.704675,50.0525855],[5.7051095,50.0526182]]]}},{"type":"Feature","properties":{"t":"prado"},"geometry":{"type":"Polygon","coordinates":[[[5.7026093,50.0522297],[5.7033576,50.0523975],[5.7031371,50.0528301],[5.7039617,50.0530702],[5.704954,50.0530522],[5.7051095,50.0526182],[5.704675,50.0525855],[5.7042941,50.0525183],[5.703747,50.0523427],[5.7038408,50.052086],[5.7027599,50.0518157],[5.7027009,50.0520602],[5.7026093,50.0522297]]]}},{"type":"Feature","properties":{"t":"prado"},"geometry":{"type":"Polygon","coordinates":[[[5.7030845,50.0541957],[5.7038864,50.0542784],[5.703983,50.054268],[5.7041627,50.0539839],[5.7042995,50.0538496],[5.704447,50.0537996],[5.7048038,50.0537462],[5.7051712,50.0537566],[5.7054797,50.0536929],[5.7057479,50.053593],[5.7062978,50.0533794],[5.704954,50.0530522],[5.7039617,50.0530702],[5.7035512,50.0535275],[5.7034385,50.0536119],[5.7030845,50.0541957]]]}},{"type":"Feature","properties":{"t":"prado"},"geometry":{"type":"Polygon","coordinates":[[[5.7035512,50.0535275],[5.7032776,50.0534449],[5.7031435,50.0536274],[5.7026124,50.053469],[5.7025042,50.0538133],[5.702607,50.0539357],[5.7024944,50.0541303],[5.7025875,50.0541869],[5.7027143,50.0541578],[5.7030845,50.0541957],[5.7034385,50.0536119],[5.7035512,50.0535275]]]}},{"type":"Feature","properties":{"t":"prado"},"geometry":{"type":"Polygon","coordinates":[[[5.7062978,50.0533794],[5.7069254,50.0531039],[5.7072365,50.0529248],[5.7077569,50.0526664],[5.7079017,50.0526217],[5.7082048,50.0525528],[5.7075638,50.0523254],[5.7075208,50.0523702],[5.7069334,50.0523151],[5.7065499,50.0522617],[5.7061771,50.052179],[5.7054502,50.0519517],[5.7052785,50.0522376],[5.7051095,50.0526182],[5.704954,50.0530522],[5.7062978,50.0533794]]]}},{"type":"Feature","properties":{"t":"prado"},"geometry":{"type":"Polygon","coordinates":[[[5.701443,50.0526285],[5.7021403,50.0528231],[5.7022959,50.0526285],[5.7017434,50.0524598],[5.7018399,50.0522686],[5.7023656,50.0524322],[5.7024488,50.0523082],[5.7017729,50.0521102],[5.7019486,50.0518707],[5.6983557,50.0507857],[5.69811,50.0512158],[5.6980821,50.0512645],[5.6997907,50.051745],[5.6996191,50.0519793],[5.7014778,50.052582],[5.701443,50.0526285]]]}},{"type":"Feature","properties":{"t":"prado"},"geometry":{"type":"Polygon","coordinates":[[[5.7019486,50.0518707],[5.7026048,50.0520498],[5.7026741,50.0518622],[5.7026875,50.0515418],[5.7022342,50.0515005],[5.7022583,50.0514471],[5.7019258,50.0513696],[5.7013679,50.0512439],[5.7016066,50.0509786],[5.7020947,50.0510958],[5.7022127,50.050908],[5.7025427,50.0508822],[5.7025279,50.0506704],[5.7020357,50.0506686],[5.7020371,50.0504344],[5.7012311,50.050443],[5.701333,50.0502277],[5.7008824,50.0500917],[5.7009105,50.0498497],[5.7006933,50.049823],[5.7006888,50.0495601],[5.7004747,50.0495491],[5.6998846,50.0494406],[5.6998014,50.0494544],[5.6993696,50.0493924],[5.6991979,50.0494182],[5.6990021,50.0493011],[5.6986025,50.0492098],[5.6984979,50.0493907],[5.6993186,50.049618],[5.6992167,50.0497851],[5.6983021,50.0495801],[5.6981277,50.0498592],[5.6979695,50.0501244],[5.6978676,50.0503845],[5.6984603,50.0504327],[5.698404,50.050648],[5.6976396,50.0505911],[5.6970334,50.0504981],[5.6964782,50.0503862],[5.6963897,50.0505136],[5.6971675,50.0506635],[5.6978649,50.0507582],[5.6983557,50.0507857],[5.7019486,50.0518707]]]}},{"type":"Feature","properties":{"t":"prado"},"geometry":{"type":"Polygon","coordinates":[[[5.7020371,50.0504344],[5.70254,50.050431],[5.7025829,50.0502639],[5.7027787,50.0499952],[5.7014054,50.0499814],[5.7009119,50.0495009],[5.7007342,50.0495171],[5.7007107,50.0495612],[5.7006888,50.0495601],[5.7006933,50.049823],[5.7009105,50.0498497],[5.7008824,50.0500917],[5.701333,50.0502277],[5.7012311,50.050443],[5.7020371,50.0504344]]]}},{"type":"Feature","properties":{"t":"prado"},"geometry":{"type":"Polygon","coordinates":[[[5.7009119,50.0495009],[5.7014054,50.0499814],[5.7027787,50.0499952],[5.7029933,50.0497179],[5.7030818,50.0495612],[5.7029557,50.049401],[5.7028431,50.0494355],[5.7024595,50.0495767],[5.7020384,50.0496663],[5.7016093,50.0497162],[5.701459,50.0493442],[5.701423,50.0492748],[5.7009266,50.0493692],[5.7009119,50.0495009]]]}},{"type":"Feature","properties":{"t":"prado"},"geometry":{"type":"Polygon","coordinates":[[[5.701459,50.0493442],[5.7016093,50.0497162],[5.7020384,50.0496663],[5.7024595,50.0495767],[5.7028431,50.0494355],[5.7029557,50.049401],[5.7030818,50.0495612],[5.7031891,50.0493838],[5.7034197,50.0492581],[5.7039669,50.0490694],[5.7038811,50.0490032],[5.7035056,50.0489963],[5.7031944,50.0489119],[5.7031962,50.0488586],[5.7029745,50.0488723],[5.703012,50.0489429],[5.7028645,50.0489859],[5.7025534,50.0490755],[5.7021135,50.0492667],[5.701459,50.0493442]]]}},{"type":"Feature","properties":{"t":"prado"},"geometry":{"type":"Polygon","coordinates":[[[5.7004613,50.0489636],[5.7000267,50.0488964],[5.6995895,50.0487775],[5.6993714,50.0493074],[5.6994098,50.0493029],[5.6997532,50.0493459],[5.7007429,50.0495009],[5.7007342,50.0495171],[5.7009119,50.0495009],[5.7009266,50.0493692],[5.701423,50.0492748],[5.7014108,50.0492598],[5.7016307,50.0492064],[5.702084,50.0491943],[5.7026687,50.0489394],[5.7029745,50.0488723],[5.7031962,50.0488586],[5.7031998,50.04875],[5.7030442,50.0486794],[5.703063,50.0485898],[5.7032508,50.0485691],[5.7033205,50.0487396],[5.7033641,50.0487777],[5.703429,50.0487083],[5.7036711,50.0486638],[5.7039652,50.0486833],[5.704017,50.0487916],[5.7039868,50.0488554],[5.7041815,50.048843],[5.7042096,50.0488565],[5.7041533,50.048682],[5.704046,50.0485493],[5.7038972,50.0484245],[5.7035622,50.0483439],[5.7033956,50.0484003],[5.7028297,50.048514],[5.7022342,50.0485777],[5.7013303,50.0485829],[5.7013276,50.0486501],[5.7013866,50.0486484],[5.7014134,50.0487173],[5.7019016,50.0487],[5.7018936,50.0487638],[5.7014161,50.0487896],[5.7013705,50.0490807],[5.7009709,50.0491013],[5.7004639,50.0490135],[5.7004613,50.0489636]]]}},{"type":"Feature","properties":{"t":"prado"},"geometry":{"type":"Polygon","coordinates":[[[5.701459,50.0474565],[5.701333,50.04844],[5.7013303,50.0485829],[5.7022342,50.0485777],[5.7028297,50.048514],[5.7033956,50.0484003],[5.7035622,50.0483439],[5.70335,50.0482798],[5.7029128,50.0480421],[5.7025641,50.0478767],[5.7020491,50.0476838],[5.701459,50.0474565]]]}},{"type":"Feature","properties":{"t":"prado"},"geometry":{"type":"Polygon","coordinates":[[[5.7030925,50.0496688],[5.7029799,50.0498161],[5.7036772,50.0499108],[5.7034801,50.0501907],[5.7028042,50.0500486],[5.7026499,50.0502983],[5.7026111,50.0504654],[5.7033138,50.0506488],[5.7033902,50.0506945],[5.7033554,50.0508779],[5.7030845,50.0508813],[5.7028498,50.0509218],[5.7028323,50.05097],[5.7026325,50.0509399],[5.7026365,50.0509752],[5.7037792,50.0512973],[5.7039362,50.0510971],[5.7034412,50.0509011],[5.7034761,50.0508167],[5.7037577,50.0507634],[5.7041842,50.0508529],[5.7044014,50.0506669],[5.7045704,50.0504344],[5.7047555,50.0500297],[5.7049352,50.0497076],[5.7049569,50.049614],[5.704038,50.0494544],[5.7039227,50.0495078],[5.7036464,50.0496576],[5.7033554,50.0496645],[5.7030925,50.0496688]]]}},{"type":"Feature","properties":{"t":"prado"},"geometry":{"type":"Polygon","coordinates":[[[5.6995359,50.0462491],[5.699257,50.0460028],[5.6990692,50.0456893],[5.6989861,50.0457341],[5.6985649,50.0460648],[5.6981412,50.0463628],[5.6978542,50.0465384],[5.6981841,50.0466504],[5.6978837,50.0471327],[5.6973016,50.0470552],[5.6971729,50.0469622],[5.6970119,50.0471137],[5.6987232,50.0476132],[5.6988412,50.0470827],[5.6991041,50.0467537],[5.6995359,50.0462491]]]}},{"type":"Feature","properties":{"t":"prado"},"geometry":{"type":"Polygon","coordinates":[[[5.6995359,50.0462491],[5.6991041,50.0467537],[5.6988412,50.0470827],[5.6987232,50.0476132],[5.6970119,50.0471137],[5.6967169,50.0474238],[5.6966069,50.0474892],[5.6981387,50.0480397],[5.6994474,50.0484262],[5.6994876,50.048359],[5.6994072,50.0483332],[5.6994823,50.0481575],[5.700134,50.048378],[5.7003057,50.0475512],[5.7005954,50.0470362],[5.7002467,50.0468123],[5.6997853,50.0464833],[5.6995359,50.0462491]]]}},{"type":"Feature","properties":{"t":"prado"},"geometry":{"type":"Polygon","coordinates":[[[5.6947267,50.0496094],[5.6948957,50.0492288],[5.6949574,50.048905],[5.6950083,50.0488637],[5.6944531,50.0482763],[5.6944317,50.0483848],[5.6943083,50.0484882],[5.6939945,50.0486604],[5.6935009,50.0488998],[5.6933615,50.0490032],[5.6945175,50.0495388],[5.6947267,50.0496094]]]}},{"type":"Feature","properties":{"t":"prado"},"geometry":{"type":"Polygon","coordinates":[[[5.6945175,50.0495388],[5.6933615,50.0490032],[5.6932676,50.0491788],[5.6932783,50.0492822],[5.6934607,50.0495233],[5.6935841,50.0494992],[5.6941849,50.0494665],[5.6945175,50.0495388]]]}},{"type":"Feature","properties":{"t":"prado"},"geometry":{"type":"Polygon","coordinates":[[[5.6945899,50.0497128],[5.6943378,50.0498195],[5.6939918,50.0500486],[5.6939971,50.0502346],[5.6940106,50.0502897],[5.6941849,50.0503724],[5.6944853,50.0502036],[5.6946954,50.0500321],[5.6946033,50.0499229],[5.6947106,50.0498574],[5.6945899,50.0497128]]]}},{"type":"Feature","properties":{"t":"prado"},"geometry":{"type":"Polygon","coordinates":[[[5.6944531,50.0482763],[5.6950083,50.0488637],[5.695129,50.0490135],[5.6950513,50.0492167],[5.695011,50.0495526],[5.6948072,50.0496663],[5.6949306,50.0498247],[5.6948221,50.0499817],[5.6949681,50.0500176],[5.6954053,50.0493941],[5.6964835,50.0497334],[5.6974894,50.0500262],[5.6979695,50.0501244],[5.6981277,50.0498592],[5.6983021,50.0495801],[5.6992167,50.0497851],[5.6993186,50.049618],[5.6984979,50.0493907],[5.6986025,50.0492098],[5.6990021,50.0493011],[5.6990397,50.0492667],[5.6992355,50.0493235],[5.6993714,50.0493074],[5.6995895,50.0487775],[5.7000267,50.0488964],[5.7004613,50.0489636],[5.7012096,50.0490376],[5.7013276,50.0486501],[5.7013303,50.0485829],[5.701333,50.04844],[5.701459,50.0474565],[5.7009736,50.047255],[5.7005954,50.0470362],[5.7003057,50.0475512],[5.700134,50.048378],[5.6994823,50.0481575],[5.6994072,50.0483332],[5.6994876,50.048359],[5.6994474,50.0484262],[5.6981387,50.0480397],[5.6980017,50.0482178],[5.6972507,50.0480524],[5.6967679,50.0480593],[5.6967209,50.0480423],[5.6965882,50.0483969],[5.6965774,50.0486088],[5.6959525,50.0486432],[5.6959391,50.0487655],[5.6954804,50.0487724],[5.6954911,50.0485175],[5.6954509,50.0484865],[5.6954643,50.0483797],[5.6951907,50.0483366],[5.6950872,50.047978],[5.6946516,50.0480903],[5.6945175,50.0481937],[5.6944531,50.0482763]]]}},{"type":"Feature","properties":{"t":"prado"},"geometry":{"type":"Polygon","coordinates":[[[5.6965882,50.0483969],[5.6967209,50.0480423],[5.6963816,50.0479198],[5.6963199,50.04803],[5.6958827,50.0480903],[5.6955662,50.0480731],[5.6955957,50.0483039],[5.6954777,50.0483228],[5.6956925,50.0483833],[5.6958197,50.0483676],[5.695953,50.0483931],[5.6961536,50.04839],[5.6962851,50.0483366],[5.6965882,50.0483969]]]}},{"type":"Feature","properties":{"t":"prado"},"geometry":{"type":"Polygon","coordinates":[[[5.6949466,50.0508099],[5.6959122,50.0510889],[5.6961215,50.0508719],[5.696151,50.0508374],[5.6954268,50.05066],[5.6951102,50.050574],[5.6949466,50.0508099]]]}},{"type":"Feature","properties":{"t":"prado"},"geometry":{"type":"Polygon","coordinates":[[[5.6941849,50.0503724],[5.694252,50.0504017],[5.694319,50.0503345],[5.6947106,50.0504654],[5.6951102,50.050574],[5.6954268,50.05066],[5.696151,50.0508374],[5.6961215,50.0508719],[5.6971621,50.0510906],[5.69811,50.0512158],[5.6983557,50.0507857],[5.6978649,50.0507582],[5.6971675,50.0506635],[5.6963897,50.0505136],[5.6964782,50.0503862],[5.6970334,50.0504981],[5.6976396,50.0505911],[5.698404,50.050648],[5.6984603,50.0504327],[5.6978676,50.0503845],[5.6979695,50.0501244],[5.6974894,50.0500262],[5.6964835,50.0497334],[5.6954053,50.0493941],[5.6949681,50.0500176],[5.6948221,50.0499817],[5.6947723,50.0499694],[5.6946954,50.0500321],[5.6944853,50.0502036],[5.6941849,50.0503724]]]}},{"type":"Feature","properties":{"t":"prado"},"geometry":{"type":"Polygon","coordinates":[[[5.6968322,50.0472326],[5.6972024,50.0468691],[5.6969878,50.0468192],[5.6960651,50.0466745],[5.6960759,50.0466211],[5.6943378,50.0465557],[5.6937665,50.046535],[5.6930986,50.0464368],[5.6922939,50.0463748],[5.6922108,50.046175],[5.6921732,50.0460165],[5.6928974,50.0461096],[5.6932327,50.0461423],[5.6947026,50.0461561],[5.6959981,50.0461509],[5.6958881,50.0458409],[5.6971782,50.0460562],[5.6971166,50.0462525],[5.6980875,50.0463576],[5.6984094,50.0461165],[5.6987286,50.0458908],[5.6976342,50.045691],[5.6976959,50.0455618],[5.6963226,50.0453465],[5.6955904,50.045207],[5.6956682,50.0449762],[5.6957942,50.0446816],[5.6944022,50.0447264],[5.6943727,50.0445955],[5.6940052,50.0445766],[5.6934124,50.0445283],[5.6928411,50.0444491],[5.6925756,50.0444043],[5.6923047,50.0446214],[5.6917119,50.0449917],[5.691264,50.0453207],[5.6910548,50.0455101],[5.6910145,50.0456204],[5.6910199,50.0457823],[5.6910789,50.0459287],[5.691205,50.0460768],[5.6913793,50.0462336],[5.6916368,50.046411],[5.6918594,50.0465229],[5.6921223,50.0466383],[5.6923395,50.0467038],[5.6924602,50.046752],[5.6925353,50.0468244],[5.6926104,50.0469673],[5.6933588,50.0468864],[5.6939676,50.0468261],[5.6942707,50.0468381],[5.6946704,50.0468709],[5.6956816,50.0469966],[5.6960088,50.0470242],[5.6968322,50.0472326]]]}},{"type":"Feature","properties":{"t":"prado"},"geometry":{"type":"Polygon","coordinates":[[[5.6972024,50.0468691],[5.6974263,50.0467236],[5.6972815,50.0466521],[5.6967048,50.046566],[5.6963293,50.0464885],[5.6960034,50.0464394],[5.6959862,50.0463431],[5.6954938,50.0463679],[5.6936404,50.046318],[5.6929967,50.046256],[5.6922108,50.046175],[5.6922939,50.0463748],[5.6930986,50.0464368],[5.6937665,50.046535],[5.6943378,50.0465557],[5.6960759,50.0466211],[5.6960651,50.0466745],[5.6969878,50.0468192],[5.6972024,50.0468691]]]}},{"type":"Feature","properties":{"t":"prado"},"geometry":{"type":"Polygon","coordinates":[[[5.6975779,50.0466409],[5.6976825,50.0465936],[5.6969301,50.0464997],[5.6960624,50.0463705],[5.6960718,50.0464136],[5.6972775,50.0466134],[5.6975779,50.0466409]]]}},{"type":"Feature","properties":{"t":"lavoura"},"geometry":{"type":"Polygon","coordinates":[[[5.696041,50.0463404],[5.6963977,50.0463852],[5.6968805,50.0464678],[5.6975618,50.0465488],[5.6977791,50.0465367],[5.6980875,50.0463576],[5.6971166,50.0462525],[5.6971782,50.0460562],[5.6958881,50.0458409],[5.6959981,50.0461509],[5.696041,50.0463404]]]}},{"type":"Feature","properties":{"t":"lavoura"},"geometry":{"type":"Polygon","coordinates":[[[5.6930074,50.0438445],[5.6929564,50.0439685],[5.6928545,50.0441477],[5.6927177,50.0442941],[5.6925756,50.0444043],[5.6928411,50.0444491],[5.6934124,50.0445283],[5.6940052,50.0445766],[5.6943727,50.0445955],[5.6944022,50.0447264],[5.6957942,50.0446816],[5.6956682,50.0449762],[5.6955904,50.045207],[5.6963226,50.0453465],[5.6976959,50.0455618],[5.6976342,50.045691],[5.6987286,50.0458908],[5.6990048,50.0456566],[5.6991228,50.0455394],[5.6991175,50.0454688],[5.6990102,50.0453362],[5.6988922,50.0452432],[5.6985864,50.0451036],[5.6979829,50.0448901],[5.6974062,50.0446696],[5.6971487,50.0445628],[5.6966096,50.0444215],[5.6962314,50.0443079],[5.6959337,50.0441873],[5.6958801,50.044301],[5.6947616,50.0443406],[5.694319,50.0443458],[5.6944719,50.0439892],[5.6930074,50.0438445]]]}},{"type":"Feature","properties":{"t":"prado"},"geometry":{"type":"Polygon","coordinates":[[[5.6930423,50.0437308],[5.6930074,50.0438445],[5.6944719,50.0439892],[5.694319,50.0443458],[5.6947616,50.0443406],[5.6958801,50.044301],[5.6959337,50.0441873],[5.6954831,50.0440064],[5.6949735,50.0437808],[5.694901,50.0437239],[5.6945282,50.0436912],[5.6944907,50.0438548],[5.6930423,50.0437308]]]}},{"type":"Feature","properties":{"t":"prado"},"geometry":{"type":"Polygon","coordinates":[[[5.6932273,50.0432158],[5.6930423,50.0437308],[5.6944907,50.0438548],[5.6945282,50.0436912],[5.694901,50.0437239],[5.6948206,50.0436895],[5.6940508,50.0434931],[5.6933293,50.0432382],[5.6932273,50.0432158]]]}},{"type":"Feature","properties":{"t":"prado"},"geometry":{"type":"Polygon","coordinates":[[[5.6939596,50.0434225],[5.6949493,50.043717],[5.6950647,50.0437877],[5.6959042,50.0441391],[5.6961563,50.0442424],[5.6964594,50.0443406],[5.6969181,50.0444474],[5.6971943,50.0445387],[5.6975833,50.0440133],[5.6979346,50.0435431],[5.6968215,50.0433243],[5.6965908,50.04355],[5.6963977,50.0437343],[5.6958479,50.0436206],[5.6943834,50.04345],[5.6939596,50.0434225]]]}},{"type":"Feature","properties":{"t":"prado"},"geometry":{"type":"Polygon","coordinates":[[[5.6965908,50.04355],[5.6951934,50.043326],[5.6942412,50.0432141],[5.6932032,50.0431572],[5.6932461,50.0431882],[5.6933722,50.0432089],[5.6939596,50.0434225],[5.6943834,50.04345],[5.6958479,50.0436206],[5.6963977,50.0437343],[5.6965908,50.04355]]]}},{"type":"Feature","properties":{"t":"prado"},"geometry":{"type":"Polygon","coordinates":[[[5.6979346,50.0435431],[5.6975833,50.0440133],[5.6971943,50.0445387],[5.6976262,50.0447092],[5.698396,50.0449779],[5.6988546,50.045176],[5.698978,50.0452483],[5.6990692,50.0453258],[5.6991845,50.0454843],[5.6994286,50.0452173],[5.6996432,50.0450399],[5.699898,50.044816],[5.7000616,50.04463],[5.7001904,50.0444009],[5.7002923,50.0440099],[5.6979346,50.0435431]]]}},{"type":"Feature","properties":{"t":"prado"},"geometry":{"type":"Polygon","coordinates":[[[5.6817126,50.0441304],[5.6821284,50.0443613],[5.682241,50.0439668],[5.6834507,50.0444887],[5.6846926,50.0449417],[5.6854003,50.0451317],[5.6855294,50.0448221],[5.6853095,50.0447712],[5.6846899,50.0445766],[5.6837162,50.0441993],[5.6837752,50.0440839],[5.6823644,50.0435207],[5.6824583,50.0432209],[5.68252,50.0431038],[5.682233,50.0429987],[5.6819192,50.0436344],[5.6817126,50.0441304]]]}},{"type":"Feature","properties":{"t":"prado"},"geometry":{"type":"Polygon","coordinates":[[[5.683845,50.0437463],[5.6824583,50.0432209],[5.6823644,50.0435207],[5.6837752,50.0440839],[5.6837162,50.0441993],[5.6846899,50.0445766],[5.6853095,50.0447712],[5.6855294,50.0448221],[5.6865101,50.044972],[5.6865594,50.0447402],[5.6863153,50.0447075],[5.6861919,50.0446971],[5.6857145,50.04463],[5.684934,50.044437],[5.6843117,50.0441718],[5.6837887,50.0439582],[5.683845,50.0437463]]]}},{"type":"Feature","properties":{"t":"prado"},"geometry":{"type":"Polygon","coordinates":[[[5.683845,50.0437463],[5.6837887,50.0439582],[5.6843117,50.0441718],[5.684934,50.044437],[5.6857145,50.04463],[5.6861919,50.0446971],[5.6863153,50.0447075],[5.6862938,50.0444009],[5.6863931,50.0443923],[5.6864011,50.0443458],[5.6866962,50.0443923],[5.6867579,50.0441752],[5.6862321,50.044096],[5.6857145,50.0440013],[5.6852451,50.0438807],[5.6847569,50.0436946],[5.6840569,50.043407],[5.683845,50.0437463]]]}},{"type":"Feature","properties":{"t":"prado"},"geometry":{"type":"Polygon","coordinates":[[[5.6840569,50.043407],[5.6847569,50.0436946],[5.6852451,50.0438807],[5.6857145,50.0440013],[5.6862321,50.044096],[5.6867579,50.0441752],[5.6867713,50.0440219],[5.6858647,50.0438256],[5.6853631,50.0436929],[5.6841711,50.0432654],[5.6840569,50.043407]]]}},{"type":"Feature","properties":{"t":"prado"},"geometry":{"type":"Polygon","coordinates":[[[5.6841711,50.0432654],[5.6853631,50.0436929],[5.6858647,50.0438256],[5.6867713,50.0440219],[5.6868008,50.0437842],[5.6868625,50.0436085],[5.684486,50.0428747],[5.6841711,50.0432654]]]}},{"type":"Feature","properties":{"t":"prado"},"geometry":{"type":"Polygon","coordinates":[[[5.682233,50.0429987],[5.68252,50.0431038],[5.6824583,50.0432209],[5.683845,50.0437463],[5.6840569,50.043407],[5.6841711,50.0432654],[5.684486,50.0428747],[5.6830054,50.0423511],[5.6826842,50.0422196],[5.6824502,50.0424544],[5.682233,50.0429987]]]}},{"type":"Feature","properties":{"t":"prado"},"geometry":{"type":"Polygon","coordinates":[[[5.6826842,50.0422196],[5.6830054,50.0423511],[5.684486,50.0428747],[5.6868625,50.0436085],[5.6869295,50.0434914],[5.6872058,50.0431107],[5.6857923,50.0426646],[5.6845853,50.0423269],[5.6836304,50.0419945],[5.6834826,50.0419018],[5.6826842,50.0422196]]]}},{"type":"Feature","properties":{"t":"prado"},"geometry":{"type":"Polygon","coordinates":[[[5.6834826,50.0419018],[5.6836304,50.0419945],[5.6845853,50.0423269],[5.6857923,50.0426646],[5.6872058,50.0431107],[5.6872326,50.0430711],[5.6872889,50.0430969],[5.6874633,50.0428644],[5.6888366,50.0432588],[5.6890941,50.0427886],[5.6885254,50.0425268],[5.6881499,50.0423838],[5.6875625,50.0422098],[5.6876135,50.0420513],[5.686208,50.0416207],[5.6855911,50.0415001],[5.6860605,50.0410109],[5.6858386,50.0407698],[5.6855821,50.0409148],[5.6845772,50.0415139],[5.6834826,50.0419018]]]}},{"type":"Feature","properties":{"t":"prado"},"geometry":{"type":"Polygon","coordinates":[[[5.6896707,50.0424182],[5.6903011,50.0414415],[5.6895286,50.0409006],[5.689375,50.0407892],[5.6889412,50.0410626],[5.6886247,50.0413743],[5.6883109,50.0418929],[5.6896707,50.0424182]]]}},{"type":"Feature","properties":{"t":"prado"},"geometry":{"type":"Polygon","coordinates":[[[5.6860605,50.0410109],[5.6855911,50.0415001],[5.686208,50.0416207],[5.6876135,50.0420513],[5.6875625,50.0422098],[5.6881499,50.0423838],[5.6885254,50.0425268],[5.6890941,50.0427886],[5.6888366,50.0432588],[5.6874633,50.0428644],[5.6872889,50.0430969],[5.6870154,50.043469],[5.6869,50.0436154],[5.6868249,50.0439324],[5.6868008,50.0442269],[5.6867042,50.0445163],[5.6865996,50.0448091],[5.686619,50.0449886],[5.6876799,50.045232],[5.687946,50.0451807],[5.6880798,50.0452096],[5.6883323,50.0450313],[5.6884825,50.0447385],[5.6887507,50.0441563],[5.6891531,50.0433329],[5.6894374,50.0428093],[5.6896707,50.0424182],[5.6883109,50.0418929],[5.6886247,50.0413743],[5.6889412,50.0410626],[5.689375,50.0407892],[5.6890062,50.0405217],[5.688217,50.0409764],[5.6875169,50.0415311],[5.6871307,50.0413709],[5.6866989,50.04119],[5.6860605,50.0410109]]]}},{"type":"Feature","properties":{"t":"prado"},"geometry":{"type":"Polygon","coordinates":[[[5.6888098,50.0403792],[5.6871307,50.0413709],[5.6875169,50.0415311],[5.688217,50.0409764],[5.6890062,50.0405217],[5.6888098,50.0403792]]]}},{"type":"Feature","properties":{"t":"prado"},"geometry":{"type":"Polygon","coordinates":[[[5.6858386,50.0407698],[5.6860605,50.0410109],[5.6866989,50.04119],[5.6871307,50.0413709],[5.6888098,50.0403792],[5.6877461,50.0396076],[5.6866854,50.0402908],[5.6858386,50.0407698]]]}},{"type":"Feature","properties":{"t":"prado"},"geometry":{"type":"Polygon","coordinates":[[[5.6926131,50.0424286],[5.6928465,50.0427352],[5.6932032,50.0431572],[5.6942412,50.0432141],[5.6951934,50.043326],[5.6965908,50.04355],[5.6968215,50.0433243],[5.6949547,50.0430022],[5.6950834,50.0425354],[5.6941366,50.0423855],[5.6937182,50.0423201],[5.6934366,50.042699],[5.6926131,50.0424286]]]}},{"type":"Feature","properties":{"t":"prado"},"geometry":{"type":"Polygon","coordinates":[[[5.6923932,50.0420582],[5.6926131,50.0424286],[5.6934366,50.042699],[5.6937182,50.0423201],[5.6928108,50.0419824],[5.6926668,50.0421581],[5.6923932,50.0420582]]]}},{"type":"Feature","properties":{"t":"prado"},"geometry":{"type":"Polygon","coordinates":[[[5.6941366,50.0423855],[5.6950834,50.0425354],[5.6949547,50.0430022],[5.6968215,50.0433243],[5.6979346,50.0435431],[5.7002923,50.0440099],[5.7004184,50.0435396],[5.7005605,50.0428558],[5.7007027,50.0425285],[5.700928,50.0420875],[5.699721,50.0417895],[5.6989029,50.0415759],[5.698455,50.0413692],[5.6978568,50.0409833],[5.6974518,50.040749],[5.6968993,50.0405354],[5.6964272,50.0414415],[5.696041,50.042289],[5.695247,50.0421926],[5.6957406,50.0412279],[5.6949198,50.0410074],[5.6941366,50.0423855]]]}},{"type":"Feature","properties":{"t":"prado"},"geometry":{"type":"Polygon","coordinates":[[[5.6923932,50.0420582],[5.6926668,50.0421581],[5.6928108,50.0419824],[5.6906202,50.0411108],[5.690521,50.0412882],[5.6907678,50.0414019],[5.6912586,50.0415346],[5.6915429,50.041619],[5.6921411,50.0418911],[5.6922913,50.0419618],[5.6923932,50.0420582]]]}},{"type":"Feature","properties":{"t":"prado"},"geometry":{"type":"Polygon","coordinates":[[[5.6957406,50.0412279],[5.695247,50.0421926],[5.696041,50.042289],[5.6964272,50.0414415],[5.6968993,50.0405354],[5.6962824,50.0403563],[5.6957406,50.0412279]]]}},{"type":"Feature","properties":{"t":"lavoura"},"geometry":{"type":"Polygon","coordinates":[[[5.6917602,50.0389402],[5.6911218,50.0399256],[5.6906202,50.0411108],[5.6928108,50.0419824],[5.6937182,50.0423201],[5.6941366,50.0423855],[5.6949198,50.0410074],[5.693922,50.0406974],[5.6941044,50.0397534],[5.6935519,50.0395949],[5.6929672,50.039302],[5.6922054,50.0386612],[5.6920659,50.038513],[5.6918675,50.0388024],[5.6927043,50.039743],[5.6927097,50.0399739],[5.692597,50.0402839],[5.6924039,50.0402357],[5.6925809,50.0398326],[5.6925112,50.0396844],[5.6921196,50.0392124],[5.6917602,50.0389402]]]}},{"type":"Feature","properties":{"t":"grama"},"geometry":{"type":"Polygon","coordinates":[[[5.692597,50.0402839],[5.6927097,50.0399739],[5.6927043,50.039743],[5.6918675,50.0388024],[5.6917602,50.0389402],[5.6921196,50.0392124],[5.6925112,50.0396844],[5.6925809,50.0398326],[5.6924039,50.0402357],[5.692597,50.0402839]]]}},{"type":"Feature","properties":{"t":"prado"},"geometry":{"type":"Polygon","coordinates":[[[5.6896412,50.0408524],[5.6899416,50.0407542],[5.6903681,50.0410229],[5.6905532,50.0405113],[5.6904083,50.0404217],[5.6885147,50.0390815],[5.6877979,50.0395743],[5.6896412,50.0408524]]]}},{"type":"Feature","properties":{"t":"lavoura"},"geometry":{"type":"Polygon","coordinates":[[[5.6885147,50.0390815],[5.6904083,50.0404217],[5.6910628,50.0391608],[5.6917453,50.0381725],[5.6906744,50.0363343],[5.6897717,50.0363216],[5.688484,50.0363953],[5.6874465,50.0368396],[5.6867391,50.0378256],[5.6868517,50.0379273],[5.6879246,50.0386508],[5.6885147,50.0390815]]]}},{"type":"Feature","properties":{"t":"prado"},"geometry":{"type":"Polygon","coordinates":[[[5.6903654,50.035288],[5.6892121,50.0353672],[5.6881124,50.0354741],[5.6881231,50.0356034],[5.6899052,50.0359742],[5.6905203,50.0360698],[5.6921357,50.0360081],[5.6941975,50.0355551],[5.6946603,50.035253],[5.6945433,50.0349274],[5.6932052,50.0349177],[5.692772,50.0344811],[5.692611,50.0343504],[5.6911325,50.0346471],[5.690859,50.034685],[5.6901616,50.034878],[5.6903654,50.035288]]]}},{"type":"Feature","properties":{"t":"prado"},"geometry":{"type":"Polygon","coordinates":[[[5.6901616,50.034878],[5.690859,50.034685],[5.6911325,50.0346471],[5.692611,50.0343504],[5.691882,50.0337588],[5.6910554,50.031945],[5.6906792,50.0311897],[5.6903033,50.0313829],[5.6903484,50.0326385],[5.6895289,50.0341623],[5.6891423,50.0341854],[5.6887697,50.0342996],[5.6884539,50.0346859],[5.6892282,50.0349021],[5.6892925,50.0350916],[5.6901616,50.034878]]]}},{"type":"Feature","properties":{"t":"prado"},"geometry":{"type":"Polygon","coordinates":[[[5.6930798,50.0473101],[5.6934218,50.0474823],[5.6936565,50.0475891],[5.6939891,50.0477105],[5.6942841,50.0476477],[5.694496,50.0476236],[5.6944679,50.0474703],[5.6945497,50.0474754],[5.6945532,50.0471378],[5.6944183,50.0471404],[5.694414,50.0471148],[5.6930798,50.0473101]]]}},{"type":"Feature","properties":{"t":"prado"},"geometry":{"type":"Polygon","coordinates":[[[5.6930798,50.0473101],[5.694414,50.0471148],[5.6943955,50.0470044],[5.694264,50.0469949],[5.69369,50.047056],[5.6928733,50.0471887],[5.6930798,50.0473101]]]}},{"type":"Feature","properties":{"t":"prado"},"geometry":{"type":"Polygon","coordinates":[[[5.6928733,50.0471887],[5.69369,50.047056],[5.694264,50.0469949],[5.6943955,50.0470044],[5.694414,50.0471148],[5.6944183,50.0471404],[5.6945532,50.0471378],[5.6945537,50.0470939],[5.6945389,50.046926],[5.6940857,50.0469122],[5.693678,50.0469398],[5.6927204,50.0470879],[5.6928733,50.0471887]]]}},{"type":"Feature","properties":{"t":"prado"},"geometry":{"type":"Polygon","coordinates":[[[5.6927204,50.0470879],[5.693678,50.0469398],[5.6940857,50.0469122],[5.6945389,50.046926],[5.6945537,50.0470939],[5.6946583,50.0470939],[5.6946704,50.0468709],[5.6942707,50.0468381],[5.6939676,50.0468261],[5.6933588,50.0468864],[5.6926104,50.0469673],[5.6927204,50.0470879]]]}},{"type":"Feature","properties":{"t":"prado"},"geometry":{"type":"Polygon","coordinates":[[[5.6963548,50.0475977],[5.6965412,50.0474815],[5.6959967,50.0473359],[5.6956038,50.047224],[5.6950445,50.0471594],[5.694669,50.0471361],[5.6946382,50.0475168],[5.6949869,50.0475616],[5.695239,50.0475822],[5.6951584,50.0472909],[5.6955314,50.0473824],[5.6963548,50.0475977]]]}},{"type":"Feature","properties":{"t":"prado"},"geometry":{"type":"Polygon","coordinates":[[[5.6946704,50.0468709],[5.6946583,50.0470939],[5.6945537,50.0470939],[5.6945532,50.0471378],[5.6945497,50.0474754],[5.6944679,50.0474703],[5.694496,50.0476236],[5.6942841,50.0476477],[5.6939891,50.0477105],[5.6941903,50.0478113],[5.6946221,50.0477648],[5.6946382,50.0475168],[5.694669,50.0471361],[5.6950445,50.0471594],[5.6956038,50.047224],[5.6959967,50.0473359],[5.6965412,50.0474815],[5.6966928,50.0473686],[5.6968322,50.0472326],[5.6960088,50.0470242],[5.6956816,50.0469966],[5.6946704,50.0468709]]]}},{"type":"Feature","properties":{"t":"prado"},"geometry":{"type":"Polygon","coordinates":[[[5.6821284,50.0443613],[5.6834239,50.0449142],[5.6834051,50.0449969],[5.6842661,50.0453448],[5.6849472,50.0455026],[5.6850171,50.0455188],[5.6857601,50.045629],[5.6860149,50.0456617],[5.6862885,50.0454981],[5.6865316,50.0454113],[5.6865216,50.0453189],[5.6854003,50.0451317],[5.6846926,50.0449417],[5.6834507,50.0444887],[5.682241,50.0439668],[5.6821284,50.0443613]]]}},{"type":"Feature","properties":{"t":"prado"},"geometry":{"type":"Polygon","coordinates":[[[5.6901374,50.0456531],[5.6884289,50.0453086],[5.6884047,50.0459511],[5.6885308,50.0460424],[5.6887025,50.0461302],[5.6891128,50.0462818],[5.6894535,50.0463817],[5.6898907,50.0464695],[5.6904647,50.0465212],[5.6907999,50.0465867],[5.6910226,50.0459373],[5.6909582,50.0457375],[5.6901374,50.0456531]]]}},{"type":"Feature","properties":{"t":"prado"},"geometry":{"type":"Polygon","coordinates":[[[5.6910226,50.0459373],[5.6907999,50.0465867],[5.6910253,50.046628],[5.691618,50.0466866],[5.691897,50.0467055],[5.6921947,50.0466986],[5.6917709,50.0465298],[5.6915107,50.0463714],[5.6911889,50.046132],[5.6910226,50.0459373]]]}},{"type":"Feature","properties":{"t":"prado"},"geometry":{"type":"Polygon","coordinates":[[[5.6884289,50.0453086],[5.6901374,50.0456531],[5.6909582,50.0457375],[5.6909904,50.0455377],[5.6902286,50.0454929],[5.6897351,50.0454085],[5.689078,50.0451691],[5.6885388,50.0449348],[5.6884396,50.0451071],[5.6884289,50.0453086]]]}},{"type":"Feature","properties":{"t":"prado"},"geometry":{"type":"Polygon","coordinates":[[[5.6893435,50.0434466],[5.6915215,50.0438738],[5.6915912,50.043624],[5.6893998,50.0432296],[5.6893435,50.0434466]]]}},{"type":"Feature","properties":{"t":"prado"},"geometry":{"type":"Polygon","coordinates":[[[5.6925434,50.0424131],[5.6923181,50.0420324],[5.6922644,50.0419962],[5.6920096,50.0422391],[5.6916717,50.0426232],[5.6912908,50.0432743],[5.6917146,50.0433415],[5.6920955,50.0427559],[5.6924495,50.0423803],[5.6925434,50.0424131]]]}},{"type":"Feature","properties":{"t":"prado"},"geometry":{"type":"Polygon","coordinates":[[[5.6912532,50.0415638],[5.6907812,50.0420375],[5.6903708,50.0426026],[5.6901562,50.0431159],[5.6895339,50.0430384],[5.6893998,50.0432296],[5.6915912,50.043624],[5.6915215,50.0438738],[5.6893435,50.0434466],[5.6887171,50.0447822],[5.6893194,50.0450365],[5.6898451,50.0451984],[5.6904808,50.0453207],[5.6911835,50.045331],[5.6916743,50.0449693],[5.6922027,50.0446317],[5.6926265,50.0443268],[5.692817,50.0441253],[5.6929269,50.0439289],[5.6930369,50.0435999],[5.6931576,50.0431968],[5.6929055,50.0429074],[5.6925434,50.0424131],[5.6924495,50.0423803],[5.6920955,50.0427559],[5.6917146,50.0433415],[5.6912908,50.0432743],[5.6916717,50.0426232],[5.6920096,50.0422391],[5.6922644,50.0419962],[5.691846,50.0417878],[5.6912532,50.0415638]]]}},{"type":"Feature","properties":{"t":"prado"},"geometry":{"type":"Polygon","coordinates":[[[5.6895339,50.0430384],[5.6901562,50.0431159],[5.6903708,50.0426026],[5.6907812,50.0420375],[5.6912532,50.0415638],[5.6908321,50.0414501],[5.6905264,50.0413296],[5.6899658,50.0422046],[5.6894454,50.0430246],[5.6895339,50.0430384]]]}},{"type":"Feature","properties":{"t":"prado"},"geometry":{"type":"Polygon","coordinates":[[[5.692537,50.048198],[5.6922322,50.0482574],[5.6919721,50.0482867],[5.6914678,50.0482488],[5.6909421,50.0481248],[5.6903493,50.0479233],[5.6902899,50.0482339],[5.6912801,50.048533],[5.6920204,50.0486742],[5.6921338,50.0486185],[5.6922163,50.0484458],[5.6925745,50.0483227],[5.692537,50.048198]]]}},{"type":"Feature","properties":{"t":"prado"},"geometry":{"type":"Polygon","coordinates":[[[5.690226,50.047894],[5.6892471,50.0476958],[5.6891209,50.0479715],[5.6894565,50.048051],[5.6901911,50.048204],[5.690226,50.047894]]]}},{"type":"Feature","properties":{"t":"prado"},"geometry":{"type":"Polygon","coordinates":[[[5.6884047,50.0460441],[5.6883457,50.0464764],[5.6882492,50.0469415],[5.6885925,50.0470534],[5.689424,50.047286],[5.690116,50.0474169],[5.6901213,50.0473325],[5.6902045,50.046969],[5.6904379,50.0465677],[5.6897351,50.0464851],[5.6892362,50.0463559],[5.6888124,50.0462164],[5.6884047,50.0460441]]]}},{"type":"Feature","properties":{"t":"prado"},"geometry":{"type":"Polygon","coordinates":[[[5.6923876,50.0477009],[5.6918997,50.0477252],[5.6914034,50.0477028],[5.6907302,50.0475392],[5.6901213,50.0473325],[5.690116,50.0474169],[5.689424,50.047286],[5.6885925,50.0470534],[5.6882492,50.0469415],[5.6882486,50.047411],[5.688791,50.0475822],[5.6892471,50.0476958],[5.690226,50.047894],[5.6901911,50.048204],[5.6902899,50.0482339],[5.6903493,50.0479233],[5.6909421,50.0481248],[5.6914678,50.0482488],[5.6919721,50.0482867],[5.6922322,50.0482574],[5.692537,50.048198],[5.6923876,50.0477009]]]}},{"type":"Feature","properties":{"t":"prado"},"geometry":{"type":"Polygon","coordinates":[[[5.6904379,50.0465677],[5.6902045,50.046969],[5.6901213,50.0473325],[5.6907302,50.0475392],[5.6914034,50.0477028],[5.6918997,50.0477252],[5.6923876,50.0477009],[5.6924423,50.047175],[5.6927301,50.047132],[5.6925783,50.0470276],[5.6925112,50.0469088],[5.6924361,50.0467813],[5.6923234,50.0467314],[5.692074,50.0467469],[5.6915027,50.0467176],[5.6907758,50.0466194],[5.6904379,50.0465677]]]}},{"type":"Feature","properties":{"t":"prado"},"geometry":{"type":"Polygon","coordinates":[[[5.6950647,50.0525752],[5.6958988,50.052861],[5.6961912,50.0529075],[5.6962717,50.0526561],[5.6965587,50.0518036],[5.6964835,50.051776],[5.6964487,50.0518174],[5.6957164,50.0516434],[5.6956816,50.0517072],[5.6953195,50.0516124],[5.6953758,50.0515194],[5.6942627,50.0512094],[5.694378,50.0508581],[5.6940508,50.050772],[5.6938469,50.0510923],[5.693045,50.050772],[5.6924951,50.050524],[5.6922054,50.0503362],[5.6920713,50.0505085],[5.6920257,50.0506755],[5.6926373,50.0508822],[5.6924978,50.0511888],[5.6923047,50.0514678],[5.691956,50.0513679],[5.6919935,50.0518467],[5.6921625,50.0516693],[5.6925642,50.051733],[5.6927955,50.0514127],[5.6937289,50.0517795],[5.693965,50.0513954],[5.6947964,50.0517227],[5.6946704,50.0518312],[5.6947187,50.0518673],[5.6944746,50.0521412],[5.6951505,50.052446],[5.6950647,50.0525752]]]}},{"type":"Feature","properties":{"t":"prado"},"geometry":{"type":"Polygon","coordinates":[[[5.6961536,50.0530539],[5.6960289,50.0533865],[5.6967732,50.0534018],[5.6975323,50.0535757],[5.6977066,50.0533088],[5.6969959,50.0531056],[5.6966552,50.053066],[5.6961536,50.0530539]]]}},{"type":"Feature","properties":{"t":"prado"},"geometry":{"type":"Polygon","coordinates":[[[5.6997666,50.0540097],[5.6995996,50.0543566],[5.6993589,50.054826],[5.6998052,50.0549693],[5.7001474,50.0543524],[5.7003513,50.0542181],[5.7004344,50.0539529],[5.7000589,50.0539047],[5.6999007,50.0539236],[5.6998309,50.0540097],[5.6997666,50.0540097]]]}},{"type":"Feature","properties":{"t":"prado"},"geometry":{"type":"Polygon","coordinates":[[[5.6995996,50.0543566],[5.6997666,50.0540097],[5.6997049,50.0538547],[5.6995091,50.0538651],[5.6994662,50.0538806],[5.6991309,50.0536636],[5.6987849,50.0534724],[5.6987017,50.0535224],[5.6980392,50.0533501],[5.69772,50.0537962],[5.6980365,50.0538823],[5.69897,50.0541389],[5.6995996,50.0543566]]]}},{"type":"Feature","properties":{"t":"prado"},"geometry":{"type":"Polygon","coordinates":[[[5.6962717,50.0526561],[5.6961912,50.0529075],[5.6961536,50.0530539],[5.6966552,50.053066],[5.6969959,50.0531056],[5.6977066,50.0533088],[5.6975323,50.0535757],[5.6971997,50.0541527],[5.6974562,50.0542265],[5.69772,50.0537962],[5.6980392,50.0533501],[5.6987017,50.0535224],[5.6987849,50.0534724],[5.6991309,50.0536636],[5.6994662,50.0538806],[5.6995091,50.0538651],[5.6995815,50.0535017],[5.6994742,50.0532658],[5.6992489,50.0531056],[5.6991765,50.0532416],[5.6986535,50.0530298],[5.698176,50.0528731],[5.6985494,50.0522468],[5.6981224,50.0521205],[5.6981572,50.0520792],[5.6985247,50.0521722],[5.6989861,50.0523289],[5.6989431,50.0523633],[5.6988627,50.0525063],[5.6992006,50.0526354],[5.7000965,50.052892],[5.7006517,50.0530246],[5.700928,50.0530298],[5.7011291,50.0530419],[5.7012123,50.0528938],[5.701443,50.0526285],[5.7014778,50.052582],[5.6996191,50.0519793],[5.6992918,50.0523495],[5.6983101,50.0520464],[5.6978863,50.0519242],[5.6974813,50.052706],[5.6968899,50.0526533],[5.6968778,50.0526974],[5.6962717,50.0526561]]]}},{"type":"Feature","properties":{"t":"prado"},"geometry":{"type":"Polygon","coordinates":[[[5.6980365,50.0538823],[5.69772,50.0537962],[5.6974562,50.0542265],[5.6977683,50.0543163],[5.6980365,50.0538823]]]}},{"type":"Feature","properties":{"t":"prado"},"geometry":{"type":"Polygon","coordinates":[[[5.7004344,50.0539529],[5.7003513,50.0542181],[5.7003888,50.0543214],[5.7002495,50.0545664],[5.700531,50.0546435],[5.7006597,50.0544558],[5.7009655,50.0545023],[5.7008985,50.0547864],[5.7010165,50.0548019],[5.7011946,50.0544002],[5.7015034,50.053817],[5.7013558,50.053766],[5.7011238,50.0537488],[5.7009938,50.0537409],[5.7010621,50.0533984],[5.7013143,50.0529285],[5.7012123,50.0528938],[5.7011291,50.0530419],[5.700869,50.0534018],[5.7007697,50.0533984],[5.7005364,50.0537583],[5.7004344,50.0539529]]]}},{"type":"Feature","properties":{"t":"prado"},"geometry":{"type":"Polygon","coordinates":[[[5.6996191,50.0519793],[5.6997907,50.051745],[5.6980821,50.0512645],[5.6978273,50.0514712],[5.6973821,50.0519121],[5.6971031,50.0518759],[5.6968899,50.0526533],[5.6974813,50.052706],[5.6978863,50.0519242],[5.6983101,50.0520464],[5.6992918,50.0523495],[5.6996191,50.0519793]]]}},{"type":"Feature","properties":{"t":"prado"},"geometry":{"type":"Polygon","coordinates":[[[5.6980821,50.0512645],[5.69811,50.0512158],[5.6971621,50.0510906],[5.6961215,50.0508719],[5.6959122,50.0510889],[5.6949466,50.0508099],[5.6944826,50.0506704],[5.694378,50.0508581],[5.6942627,50.0512094],[5.6953758,50.0515194],[5.6958184,50.0516021],[5.6964835,50.051776],[5.6965587,50.0518036],[5.6971031,50.0518759],[5.6973821,50.0519121],[5.6978273,50.0514712],[5.6980821,50.0512645]]]}},{"type":"Feature","properties":{"t":"prado"},"geometry":{"type":"Polygon","coordinates":[[[5.6944826,50.0506704],[5.6943512,50.0504792],[5.694142,50.0504051],[5.6939757,50.0503156],[5.6939194,50.050226],[5.6939435,50.0500538],[5.6934634,50.0496335],[5.6926829,50.0500589],[5.6928626,50.0502002],[5.6931764,50.050338],[5.6929645,50.0505377],[5.6931871,50.0506445],[5.693045,50.050772],[5.6938469,50.0510923],[5.6940508,50.050772],[5.694378,50.0508581],[5.6944826,50.0506704]]]}},{"type":"Feature","properties":{"t":"prado"},"geometry":{"type":"Polygon","coordinates":[[[5.6900758,50.0510992],[5.6899711,50.0510682],[5.6897914,50.0509752],[5.6890002,50.0507186],[5.6888124,50.0507014],[5.6886703,50.0506652],[5.6885308,50.0506876],[5.6882814,50.0506101],[5.6884879,50.0512111],[5.6898424,50.0514437],[5.6900758,50.0510992]]]}},{"type":"Feature","properties":{"t":"prado"},"geometry":{"type":"Polygon","coordinates":[[[5.6902608,50.050865],[5.6905746,50.050958],[5.6905532,50.050989],[5.6912774,50.0512783],[5.6918755,50.0512043],[5.6919399,50.0506497],[5.6918138,50.0506152],[5.6912747,50.0502605],[5.6909233,50.050102],[5.6904566,50.0498557],[5.6896949,50.0495216],[5.6895795,50.0497093],[5.6900677,50.0499384],[5.6903681,50.0501726],[5.6905425,50.0503672],[5.6905317,50.0505498],[5.6904621,50.0505294],[5.6902608,50.050865]]]}},{"type":"Feature","properties":{"t":"prado"},"geometry":{"type":"Polygon","coordinates":[[[5.6894465,50.0502313],[5.6894428,50.0503414],[5.6892067,50.0503483],[5.6890619,50.0502174],[5.6887937,50.0502398],[5.6887963,50.0503311],[5.6883886,50.0503052],[5.6884289,50.0505257],[5.6886435,50.0506239],[5.6886703,50.0506652],[5.6887266,50.0506428],[5.6889707,50.0506669],[5.6892228,50.0507496],[5.689829,50.0509459],[5.6899899,50.0510527],[5.6899711,50.0510682],[5.6900758,50.0510992],[5.6902608,50.050865],[5.6904621,50.0505294],[5.6894465,50.0502313]]]}},{"type":"Feature","properties":{"t":"prado"},"geometry":{"type":"Polygon","coordinates":[[[5.6890109,50.0501244],[5.6890823,50.0501425],[5.6892201,50.0497438],[5.6893301,50.0496249],[5.689609,50.0491341],[5.6892827,50.0490622],[5.6889886,50.0495983],[5.6890753,50.0496732],[5.6890753,50.0498368],[5.6890109,50.0501244]]]}},{"type":"Feature","properties":{"t":"prado"},"geometry":{"type":"Polygon","coordinates":[[[5.6909233,50.050102],[5.6912747,50.0502605],[5.6918138,50.0506152],[5.6919399,50.0506497],[5.6920364,50.050462],[5.6921947,50.0502863],[5.692479,50.0501054],[5.6932786,50.0496788],[5.6927285,50.0497179],[5.6923472,50.0495558],[5.6914383,50.0499952],[5.6912735,50.0499341],[5.6909233,50.050102]]]}},{"type":"Feature","properties":{"t":"prado"},"geometry":{"type":"Polygon","coordinates":[[[5.6912735,50.0499341],[5.6897941,50.0493855],[5.6900302,50.0490273],[5.6903681,50.049153],[5.6906122,50.049215],[5.690816,50.0488671],[5.6900221,50.0486776],[5.6900409,50.0486139],[5.689829,50.048564],[5.6896654,50.0488947],[5.6897244,50.0489136],[5.689609,50.0491341],[5.6893301,50.0496249],[5.6895795,50.0497093],[5.6896949,50.0495216],[5.6904566,50.0498557],[5.6909233,50.050102],[5.6912735,50.0499341]]]}},{"type":"Feature","properties":{"t":"prado"},"geometry":{"type":"Polygon","coordinates":[[[5.6906122,50.049215],[5.6903681,50.049153],[5.6900302,50.0490273],[5.6897941,50.0493855],[5.6912735,50.0499341],[5.6914383,50.0499952],[5.6923472,50.0495558],[5.6925487,50.0494337],[5.6921625,50.0494114],[5.6917495,50.0493511],[5.6910011,50.0492994],[5.6906122,50.049215]]]}},{"type":"Feature","properties":{"t":"prado"},"geometry":{"type":"Polygon","coordinates":[[[5.6865712,50.0482009],[5.686833,50.0477372],[5.6861892,50.0475633],[5.6855804,50.0473204],[5.6853443,50.0472498],[5.6847945,50.0471275],[5.6845772,50.0473618],[5.6844485,50.0475667],[5.6850547,50.0477321],[5.6859854,50.048049],[5.6865712,50.0482009]]]}},{"type":"Feature","properties":{"t":"prado"},"geometry":{"type":"Polygon","coordinates":[[[5.6869855,50.0483064],[5.6867659,50.0486828],[5.6873913,50.0488775],[5.6876897,50.0489102],[5.6877221,50.0488266],[5.6877261,50.0482738],[5.6876497,50.0479586],[5.6876242,50.0479095],[5.6872843,50.0478304],[5.6869855,50.0483064]]]}},{"type":"Feature","properties":{"t":"prado"},"geometry":{"type":"Polygon","coordinates":[[[5.6847462,50.0470758],[5.6852317,50.0471723],[5.685288,50.0470466],[5.685347,50.0469305],[5.6840193,50.046597],[5.6832978,50.0464351],[5.683271,50.0464713],[5.6826782,50.0464368],[5.6823322,50.0464041],[5.6826299,50.0458271],[5.6823724,50.0457651],[5.6820908,50.0456531],[5.6818655,50.0454964],[5.6815946,50.0452707],[5.6813237,50.045095],[5.6816992,50.0448797],[5.6810663,50.0444709],[5.679937,50.0449969],[5.6801945,50.0452569],[5.6804225,50.045517],[5.6807309,50.0459149],[5.6808999,50.0458322],[5.6810689,50.0460372],[5.6814632,50.0462715],[5.6818682,50.0464162],[5.6822705,50.0465143],[5.6828499,50.0465643],[5.6832764,50.0465694],[5.6839067,50.0467004],[5.6848213,50.0469501],[5.6847462,50.0470758]]]}},{"type":"Feature","properties":{"t":"lavoura"},"geometry":{"type":"Polygon","coordinates":[[[5.6808999,50.0458322],[5.6807309,50.0459149],[5.6809992,50.0461647],[5.6813613,50.0463765],[5.6816429,50.0464678],[5.6822035,50.0466263],[5.6828096,50.0467296],[5.6828499,50.0465643],[5.6822705,50.0465143],[5.6818682,50.0464162],[5.6814632,50.0462715],[5.6810689,50.0460372],[5.6808999,50.0458322]]]}},{"type":"Feature","properties":{"t":"prado"},"geometry":{"type":"Polygon","coordinates":[[[5.685347,50.0469305],[5.6853712,50.0468829],[5.6857862,50.0470345],[5.6858606,50.0469136],[5.6853759,50.0465881],[5.6850756,50.0460048],[5.6843975,50.045834],[5.6833005,50.0454085],[5.6832415,50.0455153],[5.6828445,50.0454292],[5.6827292,50.0453672],[5.6826594,50.045424],[5.6822008,50.0452759],[5.6818929,50.045125],[5.6815946,50.0452707],[5.6818655,50.0454964],[5.6820908,50.0456531],[5.6823724,50.0457651],[5.6826299,50.0458271],[5.6823322,50.0464041],[5.6826782,50.0464368],[5.683271,50.0464713],[5.6832978,50.0464351],[5.6840193,50.046597],[5.685347,50.0469305]]]}},{"type":"Feature","properties":{"t":"prado"},"geometry":{"type":"Polygon","coordinates":[[[5.6855616,50.0472377],[5.6858352,50.0473669],[5.6862938,50.0475547],[5.6866023,50.0476391],[5.6867794,50.0473509],[5.6861731,50.0471757],[5.6858298,50.047224],[5.6856179,50.0471447],[5.6855616,50.0472377]]]}},{"type":"Feature","properties":{"t":"prado"},"geometry":{"type":"Polygon","coordinates":[[[5.6861731,50.0471757],[5.6867794,50.0473509],[5.6871977,50.0472739],[5.6869563,50.0470121],[5.6858606,50.0469136],[5.6857862,50.0470345],[5.6861731,50.0471757]]]}},{"type":"Feature","properties":{"t":"prado"},"geometry":{"type":"Polygon","coordinates":[[[5.6849472,50.0455026],[5.6842661,50.0453448],[5.6834051,50.0449969],[5.6834239,50.0449142],[5.6821284,50.0443613],[5.6817126,50.0441304],[5.6815301,50.0442549],[5.6810663,50.0444709],[5.6816992,50.0448797],[5.681954,50.0450261],[5.6827292,50.0453672],[5.6828445,50.0454292],[5.6832415,50.0455153],[5.6833005,50.0454085],[5.6843975,50.045834],[5.6850756,50.0460048],[5.6856975,50.0461611],[5.6856957,50.0460631],[5.685685,50.0458684],[5.6850332,50.0457582],[5.6849472,50.0455026]]]}},{"type":"Feature","properties":{"t":"prado"},"geometry":{"type":"Polygon","coordinates":[[[5.696049,50.0579223],[5.6968993,50.0585198],[5.6972212,50.0582615],[5.6966338,50.0580532],[5.6963468,50.0579808],[5.696049,50.0579223]]]}},{"type":"Feature","properties":{"t":"prado"},"geometry":{"type":"Polygon","coordinates":[[[5.6957379,50.0576967],[5.696049,50.0579223],[5.6963468,50.0579808],[5.6966338,50.0580532],[5.6972212,50.0582615],[5.6974304,50.0580842],[5.6967518,50.0578396],[5.6961912,50.0577277],[5.6957379,50.0576967]]]}},{"type":"Feature","properties":{"t":"prado"},"geometry":{"type":"Polygon","coordinates":[[[5.6975886,50.0577845],[5.6968671,50.0575348],[5.6964916,50.0574556],[5.6959029,50.0573738],[5.6960973,50.0572094],[5.6960544,50.0571749],[5.6958075,50.0571074],[5.6952712,50.057261],[5.6954053,50.0574556],[5.6957379,50.0576967],[5.6961912,50.0577277],[5.6967518,50.0578396],[5.6974304,50.0580842],[5.6975269,50.0579619],[5.6975886,50.0577845]]]}},{"type":"Feature","properties":{"t":"prado"},"geometry":{"type":"Polygon","coordinates":[[[5.6958075,50.0571074],[5.6960544,50.0571749],[5.6960973,50.0572094],[5.6959029,50.0573738],[5.6964916,50.0574556],[5.6968671,50.0575348],[5.6975886,50.0577845],[5.6976342,50.0573781],[5.6976771,50.0572387],[5.6969878,50.0570217],[5.6964433,50.0569252],[5.6958075,50.0571074]]]}},{"type":"Feature","properties":{"t":"prado"},"geometry":{"type":"Polygon","coordinates":[[[5.6950244,50.0566532],[5.6952712,50.057261],[5.6958075,50.0571074],[5.6964433,50.0569252],[5.6964834,50.0568432],[5.695982,50.0567014],[5.6954563,50.0566394],[5.6950244,50.0566532]]]}},{"type":"Feature","properties":{"t":"prado"},"geometry":{"type":"Polygon","coordinates":[[[5.6966287,50.056546],[5.6960946,50.0563931],[5.6957567,50.0563432],[5.6953168,50.0563311],[5.6948394,50.0562588],[5.6950244,50.0566532],[5.6954563,50.0566394],[5.695982,50.0567014],[5.6964834,50.0568432],[5.6966287,50.056546]]]}},{"type":"Feature","properties":{"t":"prado"},"geometry":{"type":"Polygon","coordinates":[[[5.6945658,50.0555906],[5.6956065,50.0558386],[5.695762,50.0555252],[5.6960812,50.055],[5.6961,50.0549535],[5.6955877,50.0548266],[5.6953222,50.0547778],[5.6946152,50.054754],[5.6945336,50.0548932],[5.6947482,50.0549586],[5.6951047,50.0553814],[5.6945658,50.0555906]]]}},{"type":"Feature","properties":{"t":"prado"},"geometry":{"type":"Polygon","coordinates":[[[5.6960812,50.055],[5.695762,50.0555252],[5.6956065,50.0558386],[5.6955153,50.0560229],[5.6953168,50.0563311],[5.6957567,50.0563432],[5.6960946,50.0563931],[5.6966287,50.056546],[5.696674,50.0564534],[5.6970602,50.0556147],[5.697197,50.0553392],[5.6960812,50.055]]]}},{"type":"Feature","properties":{"t":"prado"},"geometry":{"type":"Polygon","coordinates":[[[5.69783,50.0557887],[5.6970602,50.0556147],[5.696674,50.0564534],[5.6972238,50.0565481],[5.6974143,50.0565963],[5.6978622,50.0563725],[5.6982136,50.0561934],[5.6984048,50.0559838],[5.69783,50.0557887]]]}},{"type":"Feature","properties":{"t":"prado"},"geometry":{"type":"Polygon","coordinates":[[[5.697197,50.0553392],[5.6970602,50.0556147],[5.69783,50.0557887],[5.6981626,50.0552583],[5.6973579,50.0550602],[5.697197,50.0553392]]]}},{"type":"Feature","properties":{"t":"prado"},"geometry":{"type":"Polygon","coordinates":[[[5.6981626,50.0552583],[5.69783,50.0557887],[5.6984048,50.0559838],[5.6984791,50.0559023],[5.6986856,50.0555906],[5.6985623,50.0553306],[5.6982046,50.0551644],[5.6981626,50.0552583]]]}},{"type":"Feature","properties":{"t":"prado"},"geometry":{"type":"Polygon","coordinates":[[[5.6974143,50.0565963],[5.6972238,50.0565481],[5.696674,50.0564534],[5.6966287,50.056546],[5.6964834,50.0568432],[5.6964433,50.0569252],[5.6969878,50.0570217],[5.6976771,50.0572387],[5.6976342,50.0573781],[5.6976718,50.057385],[5.6982672,50.0574625],[5.69864,50.0575452],[5.6992328,50.0577604],[5.6993052,50.0575607],[5.6993562,50.0574315],[5.6990451,50.0573144],[5.6986266,50.0572025],[5.6978327,50.0570561],[5.6980365,50.0568185],[5.6974143,50.0565963]]]}},{"type":"Feature","properties":{"t":"prado"},"geometry":{"type":"Polygon","coordinates":[[[5.6982136,50.0561934],[5.6978622,50.0563725],[5.6982333,50.0565274],[5.6983745,50.0563225],[5.6982136,50.0561934]]]}},{"type":"Feature","properties":{"t":"prado"},"geometry":{"type":"Polygon","coordinates":[[[5.6988814,50.0552462],[5.6987286,50.0553702],[5.6987527,50.0555269],[5.6989163,50.05557],[5.6989217,50.0556957],[5.6988466,50.0558369],[5.6985113,50.0562554],[5.6984121,50.0564207],[5.6988707,50.0564947],[5.6994179,50.0566583],[5.7000204,50.0556593],[5.7001582,50.0554236],[5.6996137,50.0553168],[5.69956,50.0553857],[5.6988814,50.0552462]]]}},{"type":"Feature","properties":{"t":"prado"},"geometry":{"type":"Polygon","coordinates":[[[5.6994179,50.0566583],[5.6988707,50.0564947],[5.6984121,50.0564207],[5.6982994,50.056555],[5.6982333,50.0565274],[5.6978622,50.0563725],[5.6974143,50.0565963],[5.6980365,50.0568185],[5.6978327,50.0570561],[5.6986266,50.0572025],[5.6990451,50.0573144],[5.6993562,50.0574315],[5.6993052,50.0575607],[5.6999704,50.0576313],[5.70048,50.0577157],[5.7010487,50.0578474],[5.7011318,50.057602],[5.7012686,50.0573695],[5.7002655,50.057187],[5.6995305,50.0571508],[5.6997961,50.0567944],[5.6997237,50.0567754],[5.6994179,50.0566583]]]}},{"type":"Feature","properties":{"t":"prado"},"geometry":{"type":"Polygon","coordinates":[[[5.7000204,50.0556593],[5.6994179,50.0566583],[5.6997237,50.0567754],[5.6999141,50.0565705],[5.6998926,50.0563191],[5.7003432,50.0558662],[5.7004318,50.0557387],[5.7000204,50.0556593]]]}},{"type":"Feature","properties":{"t":"prado"},"geometry":{"type":"Polygon","coordinates":[[[5.6997961,50.0567944],[5.6995305,50.0571508],[5.7002655,50.057187],[5.7012686,50.0573695],[5.7015315,50.0567031],[5.700126,50.0565447],[5.6997961,50.0567944]]]}},{"type":"Feature","properties":{"t":"prado"},"geometry":{"type":"Polygon","coordinates":[[[5.700126,50.0565447],[5.7015315,50.0567031],[5.7016414,50.0562932],[5.7013169,50.0562468],[5.7003191,50.0561469],[5.7003674,50.056245],[5.7002038,50.056264],[5.700126,50.0565447]]]}},{"type":"Feature","properties":{"t":"prado"},"geometry":{"type":"Polygon","coordinates":[[[5.7004318,50.0557387],[5.7003432,50.0558662],[5.7005578,50.0558937],[5.7003191,50.0561469],[5.7013169,50.0562468],[5.7016414,50.0562932],[5.7017243,50.0560179],[5.7010674,50.055644],[5.700472,50.0556389],[5.7004318,50.0557387]]]}},{"type":"Feature","properties":{"t":"prado"},"geometry":{"type":"Polygon","coordinates":[[[5.6921732,50.0526957],[5.6919667,50.0523513],[5.6919238,50.0519018],[5.6918755,50.0512043],[5.6918138,50.0513558],[5.6912988,50.0523427],[5.6911567,50.0525769],[5.6917649,50.0527697],[5.6921732,50.0526957]]]}},{"type":"Feature","properties":{"t":"prado"},"geometry":{"type":"Polygon","coordinates":[[[5.6912988,50.0523427],[5.6918138,50.0513558],[5.6918755,50.0512043],[5.6912774,50.0512783],[5.6909341,50.0517881],[5.6907088,50.0521584],[5.6908563,50.0523857],[5.6909528,50.0522324],[5.6912988,50.0523427]]]}},{"type":"Feature","properties":{"t":"prado"},"geometry":{"type":"Polygon","coordinates":[[[5.6898719,50.0514712],[5.6903976,50.0518312],[5.6902412,50.0520621],[5.6907088,50.0521584],[5.6909341,50.0517881],[5.6912774,50.0512783],[5.6905532,50.050989],[5.6905746,50.050958],[5.6902608,50.050865],[5.6900758,50.0510992],[5.6898424,50.0514437],[5.6898719,50.0514712]]]}},{"type":"Feature","properties":{"t":"prado"},"geometry":{"type":"Polygon","coordinates":[[[5.6902412,50.0520621],[5.6903976,50.0518312],[5.6898719,50.0514712],[5.6886837,50.0513179],[5.6887883,50.0514884],[5.6887507,50.0515401],[5.6893194,50.051931],[5.689799,50.0522478],[5.6901321,50.0522548],[5.6902412,50.0520621]]]}},{"type":"Feature","properties":{"t":"prado"},"geometry":{"type":"Polygon","coordinates":[[[5.6929001,50.0517864],[5.6930962,50.0518372],[5.6931066,50.0518105],[5.6931898,50.0518225],[5.6936243,50.0520034],[5.6936163,50.0520378],[5.6937772,50.0520826],[5.6937476,50.0521472],[5.693796,50.0521601],[5.6935734,50.0524718],[5.6934926,50.0524416],[5.6933963,50.0525476],[5.6928223,50.0523668],[5.6920777,50.0521816],[5.6920525,50.0522617],[5.6919935,50.0522548],[5.692074,50.0524029],[5.6928813,50.052582],[5.693678,50.0528748],[5.6935331,50.053109],[5.6943217,50.0533295],[5.6943485,50.0533002],[5.6945711,50.0529093],[5.6949032,50.0530029],[5.6949171,50.052985],[5.6951907,50.0530453],[5.6953758,50.0527921],[5.6949466,50.0526182],[5.6949735,50.0524546],[5.6943431,50.0521842],[5.6946704,50.0518312],[5.6947964,50.0517227],[5.693965,50.0513954],[5.6937289,50.0517795],[5.6927955,50.0514127],[5.6925642,50.051733],[5.6929001,50.0517864]]]}},{"type":"Feature","properties":{"t":"prado"},"geometry":{"type":"Polygon","coordinates":[[[5.6920777,50.0521816],[5.6928223,50.0523668],[5.6933963,50.0525476],[5.6934926,50.0524416],[5.6934446,50.0524236],[5.693686,50.0521308],[5.6937476,50.0521472],[5.6937772,50.0520826],[5.6936163,50.0520378],[5.6930718,50.0519],[5.6930962,50.0518372],[5.6929001,50.0517864],[5.6928143,50.0518932],[5.6922296,50.0517605],[5.6921706,50.0518863],[5.6920777,50.0521816]]]}},{"type":"Feature","properties":{"t":"prado"},"geometry":{"type":"Polygon","coordinates":[[[5.6949032,50.0530029],[5.6945711,50.0529093],[5.6943485,50.0533002],[5.6952041,50.0534845],[5.6952538,50.0533085],[5.6950915,50.0532485],[5.6951103,50.0531297],[5.6948769,50.0530367],[5.6949032,50.0530029]]]}},{"type":"Feature","properties":{"t":"prado"},"geometry":{"type":"Polygon","coordinates":[[[5.6952538,50.0533085],[5.6952041,50.0534845],[5.6957138,50.0535706],[5.6957969,50.0533639],[5.6959766,50.0533897],[5.6960289,50.0533865],[5.6961536,50.0530539],[5.6961912,50.0529075],[5.6958988,50.052861],[5.6958747,50.0529334],[5.6955582,50.0529747],[5.6953758,50.0532106],[5.6952873,50.0533209],[5.6952538,50.0533085]]]}},{"type":"Feature","properties":{"t":"prado"},"geometry":{"type":"Polygon","coordinates":[[[5.6897807,50.0601144],[5.6898612,50.0606929],[5.6897914,50.0608858],[5.6905486,50.061124],[5.6910118,50.0602435],[5.6906605,50.0600851],[5.6910521,50.0594876],[5.6915054,50.058672],[5.6906337,50.0583425],[5.6903428,50.0581966],[5.6902286,50.0582323],[5.6905532,50.0583924],[5.6906068,50.0585405],[5.6902689,50.0592534],[5.6897807,50.0601144]]]}},{"type":"Feature","properties":{"t":"prado"},"geometry":{"type":"Polygon","coordinates":[[[5.6917008,50.0586738],[5.692758,50.0590984],[5.6930074,50.0589348],[5.6934097,50.0586008],[5.6934901,50.0584602],[5.692251,50.0579654],[5.6924844,50.057912],[5.6923342,50.0576054],[5.6922832,50.0575004],[5.6916985,50.0575193],[5.6911996,50.0579636],[5.692082,50.0583201],[5.6919399,50.0584665],[5.6917008,50.0586738]]]}},{"type":"Feature","properties":{"t":"prado"},"geometry":{"type":"Polygon","coordinates":[[[5.6904218,50.058172],[5.6907892,50.0583494],[5.6915402,50.0586094],[5.6917008,50.0586738],[5.6919399,50.0584665],[5.6906178,50.0579985],[5.6904218,50.058172]]]}},{"type":"Feature","properties":{"t":"prado"},"geometry":{"type":"Polygon","coordinates":[[[5.6931871,50.0578396],[5.6923342,50.0576054],[5.6924844,50.057912],[5.692251,50.0579654],[5.6934901,50.0584602],[5.693576,50.0583098],[5.6936936,50.0580169],[5.6931871,50.0578396]]]}},{"type":"Feature","properties":{"t":"prado"},"geometry":{"type":"Polygon","coordinates":[[[5.6918299,50.056722],[5.6919989,50.0569872],[5.6922832,50.0575004],[5.6923342,50.0576054],[5.6931871,50.0578396],[5.6938925,50.0576054],[5.6941298,50.0575221],[5.6941715,50.0574737],[5.6944598,50.0572292],[5.6940562,50.0571061],[5.6935063,50.0570182],[5.6929162,50.0569356],[5.6918299,50.056722]]]}},{"type":"Feature","properties":{"t":"prado"},"geometry":{"type":"Polygon","coordinates":[[[5.693289,50.0565326],[5.6928197,50.0563811],[5.6924871,50.0563036],[5.6918219,50.0561951],[5.6919238,50.0564896],[5.6924066,50.0565033],[5.6923851,50.0566084],[5.6925863,50.0566532],[5.6925783,50.0567065],[5.6930476,50.0568013],[5.693104,50.0567444],[5.693289,50.0565326]]]}},{"type":"Feature","properties":{"t":"prado"},"geometry":{"type":"Polygon","coordinates":[[[5.6924871,50.0563036],[5.6928197,50.0563811],[5.693289,50.0565326],[5.6934071,50.0563036],[5.693053,50.0561606],[5.692589,50.0560194],[5.6924871,50.0563036]]]}},{"type":"Feature","properties":{"t":"prado"},"geometry":{"type":"Polygon","coordinates":[[[5.692589,50.0560194],[5.693053,50.0561606],[5.6934071,50.0563036],[5.6934795,50.0563432],[5.693619,50.0561693],[5.692935,50.0559351],[5.6920552,50.0557508],[5.6919077,50.0558989],[5.692589,50.0560194]]]}},{"type":"Feature","properties":{"t":"prado"},"geometry":{"type":"Polygon","coordinates":[[[5.6938979,50.055756],[5.6933507,50.0556096],[5.692876,50.0555011],[5.6923061,50.0553944],[5.6921625,50.0556182],[5.6928438,50.0557577],[5.6934392,50.055923],[5.6937289,50.0560298],[5.6937423,50.0560022],[5.6938979,50.055756]]]}},{"type":"Feature","properties":{"t":"prado"},"geometry":{"type":"Polygon","coordinates":[[[5.6934017,50.0554718],[5.6929913,50.0553805],[5.6923855,50.0552707],[5.6923061,50.0553944],[5.692876,50.0555011],[5.6933507,50.0556096],[5.6938979,50.055756],[5.6939971,50.0556423],[5.6934017,50.0554718]]]}},{"type":"Feature","properties":{"t":"prado"},"geometry":{"type":"Polygon","coordinates":[[[5.6934017,50.0554718],[5.6935921,50.0551773],[5.6925778,50.054971],[5.6923855,50.0552707],[5.6929913,50.0553805],[5.6934017,50.0554718]]]}},{"type":"Feature","properties":{"t":"prado"},"geometry":{"type":"Polygon","coordinates":[[[5.6950593,50.0570423],[5.6946945,50.0570165],[5.6940588,50.0568546],[5.6938308,50.0568202],[5.693104,50.0567444],[5.6930476,50.0568013],[5.6929162,50.0569356],[5.6935063,50.0570182],[5.6940562,50.0571061],[5.6944598,50.0572292],[5.6950898,50.0572467],[5.6951585,50.0572283],[5.6950593,50.0570423]]]}},{"type":"Feature","properties":{"t":"prado"},"geometry":{"type":"Polygon","coordinates":[[[5.6934795,50.0563432],[5.6934071,50.0563036],[5.693289,50.0565326],[5.693104,50.0567444],[5.6938308,50.0568202],[5.6940588,50.0568546],[5.6946945,50.0570165],[5.6950593,50.0570423],[5.6949091,50.0567186],[5.6938228,50.0564551],[5.6934795,50.0563432]]]}},{"type":"Feature","properties":{"t":"prado"},"geometry":{"type":"Polygon","coordinates":[[[5.6937423,50.0560022],[5.6937289,50.0560298],[5.693619,50.0561693],[5.6934795,50.0563432],[5.6938228,50.0564551],[5.6949091,50.0567186],[5.6946945,50.056214],[5.6942761,50.0561124],[5.6937423,50.0560022]]]}},{"type":"Feature","properties":{"t":"prado"},"geometry":{"type":"Polygon","coordinates":[[[5.6939971,50.0556423],[5.6938979,50.055756],[5.6937423,50.0560022],[5.6942761,50.0561124],[5.6946945,50.056214],[5.6945819,50.0559437],[5.6943271,50.0555304],[5.6941098,50.0554942],[5.6939971,50.0556423]]]}},{"type":"Feature","properties":{"t":"prado"},"geometry":{"type":"Polygon","coordinates":[[[5.6937517,50.0578724],[5.6936936,50.0580169],[5.693576,50.0583098],[5.6934901,50.0584602],[5.6934097,50.0586008],[5.69437,50.0588815],[5.6947133,50.0582598],[5.6947549,50.0581522],[5.6937517,50.0578724]]]}},{"type":"Feature","properties":{"t":"lavoura"},"geometry":{"type":"Polygon","coordinates":[[[5.69437,50.0588815],[5.6934097,50.0586008],[5.6930074,50.0589348],[5.692758,50.0590984],[5.6917008,50.0586738],[5.6915402,50.0586094],[5.6915054,50.058672],[5.6910521,50.0594876],[5.6920606,50.0597838],[5.6917561,50.0602194],[5.6922403,50.060395],[5.6931013,50.0605845],[5.6938443,50.0608272],[5.6949896,50.0611337],[5.6955394,50.0609168],[5.695695,50.0608083],[5.6958541,50.0605807],[5.695923,50.0603554],[5.6959525,50.0600765],[5.695982,50.0599508],[5.6954697,50.0598595],[5.6948045,50.0596753],[5.69426,50.059448],[5.6945094,50.0589193],[5.69437,50.0588815]]]}},{"type":"Feature","properties":{"t":"prado"},"geometry":{"type":"Polygon","coordinates":[[[5.6966874,50.0589107],[5.6964165,50.0588763],[5.6958237,50.0587161],[5.695239,50.0584992],[5.6947133,50.0582598],[5.69437,50.0588815],[5.6945094,50.0589193],[5.69426,50.059448],[5.6948045,50.0596753],[5.6954697,50.0598595],[5.695982,50.0599508],[5.6965479,50.0591621],[5.6966874,50.0589107]]]}},{"type":"Feature","properties":{"t":"prado"},"geometry":{"type":"Polygon","coordinates":[[[5.6940588,50.0576046],[5.6939583,50.0576287],[5.6938617,50.0576959],[5.6937745,50.0578241],[5.6937517,50.0578724],[5.6947549,50.0581522],[5.6947133,50.0582598],[5.695239,50.0584992],[5.6958237,50.0587161],[5.6964165,50.0588763],[5.6966874,50.0589107],[5.6968832,50.0585922],[5.6957339,50.0577854],[5.6949775,50.0576631],[5.6943552,50.0575917],[5.6940588,50.0576046]]]}},{"type":"Feature","properties":{"t":"prado"},"geometry":{"type":"Polygon","coordinates":[[[5.6838852,50.063398],[5.684604,50.0624613],[5.6839737,50.0620222],[5.6832764,50.0622891],[5.6836224,50.062692],[5.6833811,50.0628716],[5.6838852,50.063398]]]}},{"type":"Feature","properties":{"t":"prado"},"geometry":{"type":"Polygon","coordinates":[[[5.6858861,50.0629503],[5.6857118,50.0631879],[5.6851271,50.0638612],[5.6849608,50.0640454],[5.6843895,50.0646067],[5.6834131,50.0641298],[5.6826594,50.0649855],[5.6842241,50.0657618],[5.6858164,50.0642916],[5.6864655,50.0634996],[5.6873774,50.0622667],[5.6865621,50.0619327],[5.6863582,50.0622271],[5.6858861,50.0629503]]]}},{"type":"Feature","properties":{"t":"prado"},"geometry":{"type":"Polygon","coordinates":[[[5.6863582,50.0622271],[5.6865621,50.0619327],[5.6873774,50.0622667],[5.6874874,50.0621204],[5.6875786,50.0619844],[5.6865862,50.0616176],[5.6857574,50.0612319],[5.6856716,50.0611923],[5.6853095,50.0616916],[5.6863582,50.0622271]]]}},{"type":"Feature","properties":{"t":"prado"},"geometry":{"type":"Polygon","coordinates":[[[5.6858861,50.0629503],[5.6863582,50.0622271],[5.6853095,50.0616916],[5.6847784,50.0623838],[5.6858861,50.0629503]]]}},{"type":"Feature","properties":{"t":"lavoura"},"geometry":{"type":"Polygon","coordinates":[[[5.6849608,50.0640454],[5.6839281,50.0635306],[5.6834131,50.0641298],[5.6843895,50.0646067],[5.6849608,50.0640454]]]}},{"type":"Feature","properties":{"t":"prado"},"geometry":{"type":"Polygon","coordinates":[[[5.688107,50.0623683],[5.6874874,50.0621204],[5.6873774,50.0622667],[5.6864655,50.0634996],[5.6858164,50.0642916],[5.6842241,50.0657618],[5.6847594,50.0659515],[5.6855938,50.0651473],[5.6859317,50.0648495],[5.686554,50.0642589],[5.6868544,50.0639197],[5.6870958,50.0635926],[5.68874,50.0640747],[5.6888393,50.063961],[5.6888661,50.0637441],[5.6874445,50.0632051],[5.688107,50.0623683]]]}},{"type":"Feature","properties":{"t":"prado"},"geometry":{"type":"Polygon","coordinates":[[[5.6857574,50.0612319],[5.6865862,50.0616176],[5.6875786,50.0619844],[5.6874874,50.0621204],[5.688107,50.0623683],[5.6883886,50.0620119],[5.686731,50.061287],[5.6860217,50.060852],[5.6857574,50.0612319]]]}},{"type":"Feature","properties":{"t":"lavoura"},"geometry":{"type":"Polygon","coordinates":[[[5.6888393,50.063961],[5.68874,50.0640747],[5.6870958,50.0635926],[5.6868544,50.0639197],[5.686554,50.0642589],[5.688909,50.0649579],[5.6889009,50.0648047],[5.6888258,50.0643002],[5.6888393,50.063961]]]}},{"type":"Feature","properties":{"t":"prado"},"geometry":{"type":"Polygon","coordinates":[[[5.6871092,50.060922],[5.686731,50.061287],[5.6883886,50.0620119],[5.688107,50.0623683],[5.6874445,50.0632051],[5.6888661,50.0637441],[5.6888983,50.0633997],[5.6890941,50.0629675],[5.6893328,50.0619775],[5.6877476,50.0612233],[5.6871092,50.060922]]]}},{"type":"Feature","properties":{"t":"prado"},"geometry":{"type":"Polygon","coordinates":[[[5.6860217,50.060852],[5.686731,50.061287],[5.6871092,50.060922],[5.687238,50.06081],[5.6869978,50.0605845],[5.6867471,50.0607291],[5.6863152,50.06043],[5.6860217,50.060852]]]}},{"type":"Feature","properties":{"t":"prado"},"geometry":{"type":"Polygon","coordinates":[[[5.6864494,50.0600696],[5.6869978,50.0605845],[5.687238,50.06081],[5.6871092,50.060922],[5.6877476,50.0612233],[5.6880829,50.0609271],[5.6884181,50.0611045],[5.6884772,50.0610666],[5.689491,50.0615384],[5.6897365,50.0608841],[5.6896292,50.0608161],[5.6894065,50.0608006],[5.6886032,50.0603546],[5.6884946,50.0602272],[5.6879407,50.059875],[5.6870502,50.0592689],[5.6867123,50.0596873],[5.6864494,50.0600696]]]}},{"type":"Feature","properties":{"t":"prado"},"geometry":{"type":"Polygon","coordinates":[[[5.6879407,50.059875],[5.6884946,50.0602272],[5.6886032,50.0603546],[5.6894065,50.0608006],[5.6896292,50.0608161],[5.6897365,50.0608841],[5.6897794,50.0607523],[5.6897861,50.0605586],[5.6897673,50.060507],[5.6891799,50.0599887],[5.6895818,50.0594543],[5.6895715,50.0593808],[5.6896521,50.0593336],[5.6895333,50.0586121],[5.6889012,50.0583209],[5.6881982,50.0588952],[5.6881016,50.0591363],[5.6883109,50.0592947],[5.6884637,50.0593963],[5.6879407,50.059875]]]}},{"type":"Feature","properties":{"t":"prado"},"geometry":{"type":"Polygon","coordinates":[[[5.6895818,50.0594543],[5.6891799,50.0599887],[5.6897673,50.060507],[5.6897137,50.0602607],[5.6897278,50.060164],[5.6896868,50.0602039],[5.6895818,50.0594543]]]}},{"type":"Feature","properties":{"t":"prado"},"geometry":{"type":"Polygon","coordinates":[[[5.6879407,50.059875],[5.6884637,50.0593963],[5.6883109,50.0592947],[5.6882358,50.0593464],[5.687938,50.0591191],[5.6879944,50.0589417],[5.6884316,50.0585508],[5.6888181,50.0582826],[5.688642,50.0582014],[5.6881848,50.0584165],[5.6877342,50.0587006],[5.6872326,50.0590933],[5.6870502,50.0592689],[5.6879407,50.059875]]]}},{"type":"Feature","properties":{"t":"prado"},"geometry":{"type":"Polygon","coordinates":[[[5.6893406,50.0557635],[5.6880212,50.0552962],[5.6879488,50.0552772],[5.6878254,50.055582],[5.6882883,50.0557691],[5.6891209,50.0561055],[5.6894153,50.0562204],[5.6896359,50.0559213],[5.6892952,50.0558145],[5.6893406,50.0557635]]]}},{"type":"Feature","properties":{"t":"prado"},"geometry":{"type":"Polygon","coordinates":[[[5.6880775,50.0551636],[5.6880212,50.0552962],[5.6893406,50.0557635],[5.6893811,50.0557181],[5.6894615,50.0557628],[5.6895232,50.0556836],[5.6896788,50.0557232],[5.6897861,50.0556061],[5.68955,50.05552],[5.6887293,50.0552445],[5.6885415,50.0552152],[5.6880775,50.0551636]]]}},{"type":"Feature","properties":{"t":"prado"},"geometry":{"type":"Polygon","coordinates":[[[5.6860326,50.0546583],[5.6862026,50.0547261],[5.6865969,50.0548122],[5.6875679,50.0549862],[5.6880346,50.0551222],[5.6884477,50.0551687],[5.6887642,50.0552204],[5.6896761,50.0555286],[5.6900758,50.0556991],[5.6905317,50.0558834],[5.6905666,50.0558162],[5.6907812,50.055849],[5.6908402,50.0556251],[5.688681,50.0549724],[5.6891075,50.0546108],[5.6889278,50.0544385],[5.6884235,50.0540528],[5.6882814,50.054163],[5.6876725,50.053853],[5.6871682,50.0536532],[5.686723,50.0540028],[5.6872541,50.0544282],[5.6870583,50.054578],[5.686436,50.0542319],[5.6860326,50.0546583]]]}},{"type":"Feature","properties":{"t":"prado"},"geometry":{"type":"Polygon","coordinates":[[[5.6876725,50.053853],[5.6882814,50.054163],[5.6884235,50.0540528],[5.6888875,50.0537187],[5.6891745,50.0539253],[5.6893194,50.0539288],[5.6894952,50.0537861],[5.6894056,50.0537493],[5.6892711,50.0538565],[5.6884584,50.0532416],[5.6879863,50.0535447],[5.6876725,50.053853]]]}},{"type":"Feature","properties":{"t":"prado"},"geometry":{"type":"Polygon","coordinates":[[[5.6902179,50.0546331],[5.6902823,50.0546469],[5.6906444,50.0543232],[5.6900275,50.0540046],[5.6894952,50.0537861],[5.6893194,50.0539288],[5.6891745,50.0539253],[5.6888875,50.0537187],[5.6884235,50.0540528],[5.6889278,50.0544385],[5.6890163,50.0542405],[5.689019,50.0540407],[5.6891102,50.0539908],[5.689652,50.0542026],[5.6895715,50.0543404],[5.6902179,50.0546331]]]}},{"type":"Feature","properties":{"t":"prado"},"geometry":{"type":"Polygon","coordinates":[[[5.6902179,50.0546331],[5.6895715,50.0543404],[5.689652,50.0542026],[5.6891102,50.0539908],[5.689019,50.0540407],[5.6890163,50.0542405],[5.6889278,50.0544385],[5.6891075,50.0546108],[5.688681,50.0549724],[5.6908402,50.0556251],[5.6910843,50.0550378],[5.6907044,50.0549758],[5.69058,50.0549414],[5.6905398,50.0549896],[5.6900731,50.0548536],[5.6902179,50.0546331]]]}},{"type":"Feature","properties":{"t":"prado"},"geometry":{"type":"Polygon","coordinates":[[[5.6894153,50.0562204],[5.6891209,50.0561055],[5.6888446,50.0566291],[5.6896872,50.0569278],[5.6897753,50.0567909],[5.6898451,50.0568133],[5.689939,50.0564069],[5.6896761,50.056326],[5.6894153,50.0562204]]]}},{"type":"Feature","properties":{"t":"prado"},"geometry":{"type":"Polygon","coordinates":[[[5.6838208,50.0527508],[5.6835231,50.053066],[5.6830403,50.0536929],[5.6828928,50.0539632],[5.6835446,50.0540511],[5.6840998,50.0540786],[5.6844646,50.0540407],[5.685508,50.0539064],[5.6853738,50.0537152],[5.6856762,50.0534326],[5.6861114,50.0535689],[5.686385,50.0534104],[5.6864655,50.0532899],[5.6863582,50.0532451],[5.6864548,50.05314],[5.687069,50.0533622],[5.687364,50.0532589],[5.6865031,50.0529454],[5.6866157,50.0528059],[5.6857386,50.0525304],[5.6852719,50.0524477],[5.6852397,50.0524977],[5.6846684,50.052427],[5.6846389,50.0524735],[5.6843653,50.0523857],[5.6843358,50.0524649],[5.6845182,50.0525493],[5.6844994,50.0526854],[5.6841722,50.0525493],[5.6839308,50.0527457],[5.6838208,50.0527508]]]}},{"type":"Feature","properties":{"t":"prado"},"geometry":{"type":"Polygon","coordinates":[[[5.6859103,50.051516],[5.6858003,50.0515229],[5.6858687,50.0516271],[5.6852719,50.0524477],[5.6857386,50.0525304],[5.6866157,50.0528059],[5.6876028,50.0531831],[5.6882197,50.0530453],[5.6870609,50.0525338],[5.6872138,50.0523065],[5.6873533,50.0518398],[5.6874123,50.0517261],[5.6870824,50.0517089],[5.6870636,50.0517468],[5.6866533,50.0516693],[5.6865735,50.0517778],[5.6862456,50.0517003],[5.6859103,50.051516]]]}},{"type":"Feature","properties":{"t":"prado"},"geometry":{"type":"Polygon","coordinates":[[[5.6803522,50.0489086],[5.6811038,50.0492305],[5.6818843,50.0495888],[5.6817246,50.0497426],[5.6816804,50.0497851],[5.6827989,50.0502363],[5.6841534,50.0508236],[5.6842554,50.0510096],[5.6844807,50.0510062],[5.6847623,50.0510527],[5.6852746,50.0512783],[5.6857493,50.0514678],[5.6858405,50.0511491],[5.6859398,50.0509528],[5.6848159,50.0506428],[5.6850183,50.0504175],[5.6831317,50.0496586],[5.6832093,50.0495612],[5.6821901,50.0492632],[5.6824261,50.048793],[5.6811011,50.0482626],[5.6803522,50.0489086]]]}},{"type":"Feature","properties":{"t":"prado"},"geometry":{"type":"Polygon","coordinates":[[[5.678361,50.0492046],[5.6793523,50.0497713],[5.6801357,50.0490954],[5.6803522,50.0489086],[5.6811011,50.0482626],[5.6800497,50.0476838],[5.6795528,50.0473203],[5.679065,50.0477014],[5.677807,50.0489904],[5.678361,50.0492046]]]}},{"type":"Feature","properties":{"t":"prado"},"geometry":{"type":"Polygon","coordinates":[[[5.6865862,50.0511767],[5.6861597,50.0511405],[5.6858405,50.0511491],[5.6857493,50.0514678],[5.6861114,50.0514282],[5.6865416,50.0512874],[5.6865862,50.0511767]]]}},{"type":"Feature","properties":{"t":"prado"},"geometry":{"type":"Polygon","coordinates":[[[5.6854624,50.0503672],[5.6850183,50.0504175],[5.6848159,50.0506428],[5.6859398,50.0509528],[5.6858405,50.0511491],[5.6861597,50.0511405],[5.6865862,50.0511767],[5.6872541,50.0513334],[5.687474,50.0513145],[5.6876376,50.0512043],[5.6876584,50.0510574],[5.6873345,50.050939],[5.6873614,50.0508167],[5.6860561,50.0502869],[5.6857266,50.0506221],[5.6853363,50.0505033],[5.6854624,50.0503672]]]}},{"type":"Feature","properties":{"t":"prado"},"geometry":{"type":"Polygon","coordinates":[[[5.6844485,50.0475667],[5.68425,50.0478957],[5.6843546,50.0479353],[5.6841668,50.0481575],[5.6839254,50.048092],[5.6830993,50.0487396],[5.683853,50.048998],[5.683799,50.0490508],[5.6842312,50.0492012],[5.6843197,50.0491168],[5.684345,50.0490884],[5.684309,50.0490738],[5.6842741,50.0489257],[5.6842205,50.0486931],[5.6843975,50.0485812],[5.6845129,50.0482867],[5.6845638,50.0482247],[5.685575,50.0485554],[5.6857091,50.0484331],[5.6858593,50.048452],[5.6867659,50.0486828],[5.6869855,50.0483064],[5.6865712,50.0482009],[5.6859854,50.048049],[5.6850547,50.0477321],[5.6844485,50.0475667]]]}},{"type":"Feature","properties":{"t":"prado"},"geometry":{"type":"Polygon","coordinates":[[[5.6873292,50.0494182],[5.6873313,50.0493592],[5.6873913,50.0488775],[5.6867659,50.0486828],[5.6858593,50.048452],[5.6857091,50.0485795],[5.6856689,50.0487293],[5.6857359,50.0488154],[5.6858513,50.0488688],[5.6862751,50.0490014],[5.6865513,50.0490204],[5.6870663,50.0492408],[5.6870152,50.049309],[5.687179,50.0493528],[5.6873292,50.0494182]]]}},{"type":"Feature","properties":{"t":"prado"},"geometry":{"type":"Polygon","coordinates":[[[5.6873292,50.0494182],[5.687179,50.0493528],[5.6870152,50.049309],[5.6869939,50.0493373],[5.6868196,50.0492581],[5.6867452,50.0492368],[5.6863689,50.0500262],[5.6871656,50.0501657],[5.6874928,50.0502191],[5.6879884,50.0503615],[5.6881016,50.050369],[5.6878871,50.0497851],[5.6878066,50.0497989],[5.6876215,50.0495612],[5.6873292,50.0494182]]]}},{"type":"Feature","properties":{"t":"prado"},"geometry":{"type":"Polygon","coordinates":[[[5.6872138,50.0523065],[5.688563,50.052849],[5.6886086,50.0529988],[5.6887051,50.0529954],[5.6886917,50.052973],[5.6890431,50.0527663],[5.6889331,50.0526802],[5.6891133,50.0526023],[5.6888929,50.0522634],[5.6885388,50.0521704],[5.6882465,50.052024],[5.68804,50.0520172],[5.6873533,50.0518398],[5.6872138,50.0523065]]]}},{"type":"Feature","properties":{"t":"prado"},"geometry":{"type":"Polygon","coordinates":[[[5.6807122,50.0459666],[5.6802294,50.0453569],[5.6801516,50.0453965],[5.6793521,50.0446956],[5.6787783,50.0449021],[5.6789312,50.0450365],[5.6784698,50.0452208],[5.6783491,50.0451519],[5.6777683,50.0453775],[5.6778241,50.0456061],[5.6778972,50.0457035],[5.6781051,50.0459822],[5.6782584,50.0461837],[5.6783422,50.0462807],[5.6785825,50.0465006],[5.6797117,50.0473359],[5.6803286,50.0469019],[5.6801113,50.046752],[5.679878,50.0468209],[5.6795186,50.0467072],[5.6792799,50.046454],[5.6794032,50.046411],[5.679591,50.0464403],[5.6797308,50.0465262],[5.6799799,50.0463714],[5.6807122,50.0459666]]]}},{"type":"Feature","properties":{"t":"prado"},"geometry":{"type":"Polygon","coordinates":[[[5.6803286,50.0469019],[5.6797117,50.0473359],[5.6801972,50.0476976],[5.6809857,50.0481299],[5.6813371,50.0482815],[5.6816724,50.0478802],[5.6815973,50.0478544],[5.6816697,50.0476959],[5.682064,50.0476787],[5.6821525,50.0476253],[5.6819674,50.0476201],[5.6815812,50.0476425],[5.6813264,50.0475822],[5.6808731,50.0473497],[5.6803286,50.0469019]]]}},{"type":"Feature","properties":{"t":"prado"},"geometry":{"type":"Polygon","coordinates":[[[5.68425,50.0478957],[5.6844485,50.0475667],[5.6845772,50.0473618],[5.6847945,50.0471275],[5.6827211,50.0467727],[5.6820667,50.0466383],[5.6815463,50.0464764],[5.6812808,50.0463748],[5.6810099,50.0462336],[5.6807122,50.0459666],[5.6799799,50.0463714],[5.6797308,50.0465262],[5.6797814,50.0465574],[5.6799638,50.0465798],[5.6801113,50.046752],[5.6803286,50.0469019],[5.6808731,50.0473497],[5.6813264,50.0475822],[5.6815812,50.0476425],[5.6819674,50.0476201],[5.6821525,50.0476253],[5.6822652,50.0476236],[5.6823537,50.0475822],[5.6824315,50.047453],[5.6826353,50.0474685],[5.6833515,50.0476184],[5.683845,50.0477751],[5.68425,50.0478957]]]}},{"type":"Feature","properties":{"t":"prado"},"geometry":{"type":"Polygon","coordinates":[[[5.68425,50.0478957],[5.683845,50.0477751],[5.6833515,50.0476184],[5.6826353,50.0474685],[5.6824315,50.047453],[5.6823537,50.0475822],[5.6825361,50.0476408],[5.6824583,50.0477545],[5.6825843,50.0477786],[5.6827909,50.0477889],[5.6828928,50.0478302],[5.6828955,50.0478957],[5.6830269,50.0479577],[5.683161,50.0478957],[5.683381,50.0479732],[5.6832495,50.0482316],[5.6829223,50.048359],[5.6827882,50.0485416],[5.682587,50.0486036],[5.6830993,50.0487396],[5.6839254,50.048092],[5.6841668,50.0481575],[5.6843546,50.0479353],[5.68425,50.0478957]]]}},{"type":"Feature","properties":{"t":"prado"},"geometry":{"type":"Polygon","coordinates":[[[5.6830993,50.0487396],[5.682587,50.0486036],[5.6822839,50.0484847],[5.6821364,50.0484675],[5.6818038,50.0483797],[5.6816483,50.0484003],[5.6827989,50.0488895],[5.6835794,50.0491961],[5.683799,50.0490508],[5.683853,50.048998],[5.6830993,50.0487396]]]}},{"type":"Feature","properties":{"t":"prado"},"geometry":{"type":"Polygon","coordinates":[[[5.6826568,50.0539839],[5.6826782,50.0541354],[5.6835875,50.0543094],[5.6838611,50.0543438],[5.6839845,50.0541131],[5.6832093,50.0540545],[5.6828365,50.0539873],[5.6826568,50.0539839]]]}},{"type":"Feature","properties":{"t":"prado"},"geometry":{"type":"Polygon","coordinates":[[[5.6839845,50.0541131],[5.6838611,50.0543438],[5.6835875,50.0543094],[5.6822303,50.0562854],[5.6821954,50.0563363],[5.6831288,50.0564069],[5.6835017,50.0564551],[5.6841347,50.0565808],[5.6842554,50.0563725],[5.6842259,50.0562209],[5.6844163,50.0558868],[5.6841266,50.0557215],[5.68414,50.0556492],[5.6838289,50.0555149],[5.6835955,50.0554908],[5.6831932,50.0550878],[5.6833488,50.0549672],[5.6838638,50.0552169],[5.6837055,50.0553478],[5.683912,50.0554735],[5.6841212,50.0553978],[5.6842473,50.0554804],[5.6843734,50.0554081],[5.6845102,50.0554821],[5.6846926,50.0554873],[5.6847206,50.055496],[5.6855214,50.0545109],[5.6849769,50.054318],[5.6840998,50.0541131],[5.6839845,50.0541131]]]}},{"type":"Feature","properties":{"t":"prado"},"geometry":{"type":"Polygon","coordinates":[[[5.6855214,50.0545109],[5.6847206,50.055496],[5.6850842,50.0556079],[5.685521,50.0551494],[5.6852397,50.0550499],[5.6856238,50.0545485],[5.6855214,50.0545109]]]}},{"type":"Feature","properties":{"t":"prado"},"geometry":{"type":"Polygon","coordinates":[[[5.686664,50.0568288],[5.6869403,50.0569132],[5.6871682,50.0570251],[5.6875116,50.0571612],[5.6881902,50.0572559],[5.6884611,50.0573058],[5.688622,50.0573747],[5.6890558,50.0575941],[5.6891906,50.0575193],[5.6893247,50.0575813],[5.6895715,50.0573471],[5.6886086,50.0570148],[5.688696,50.056872],[5.6877851,50.0565008],[5.6874874,50.0563983],[5.6870663,50.0563019],[5.6868517,50.0564861],[5.686664,50.0568288]]]}},{"type":"Feature","properties":{"t":"prado"},"geometry":{"type":"Polygon","coordinates":[[[5.6846872,50.0565843],[5.6853658,50.0565085],[5.6856689,50.0565653],[5.6862617,50.0567479],[5.6865594,50.0568168],[5.686664,50.0568288],[5.6868517,50.0564861],[5.6870663,50.0563019],[5.6874874,50.0563983],[5.6875243,50.0559367],[5.6868866,50.0558455],[5.6868598,50.0561675],[5.6869,50.0561865],[5.6866747,50.056481],[5.6864494,50.0563862],[5.6861007,50.0562967],[5.6857011,50.0561865],[5.6855187,50.0561193],[5.6851512,50.0561916],[5.6849313,50.0560987],[5.6846872,50.0565843]]]}},{"type":"Feature","properties":{"t":"prado"},"geometry":{"type":"Polygon","coordinates":[[[5.6861517,50.0556612],[5.6861007,50.0562967],[5.6864494,50.0563862],[5.6866747,50.056481],[5.6869,50.0561865],[5.6868598,50.0561675],[5.6868866,50.0558455],[5.6861517,50.0556612]]]}},{"type":"Feature","properties":{"t":"prado"},"geometry":{"type":"Polygon","coordinates":[[[5.6861724,50.0554188],[5.68587,50.0553237],[5.6859049,50.0551171],[5.6858969,50.0550637],[5.6858045,50.0548993],[5.6855562,50.0551618],[5.6852129,50.0557198],[5.6853282,50.0557456],[5.685567,50.0559282],[5.6855187,50.0561193],[5.6857011,50.0561865],[5.6861007,50.0562967],[5.6861517,50.0556612],[5.6861724,50.0554188]]]}},{"type":"Feature","properties":{"t":"prado"},"geometry":{"type":"Polygon","coordinates":[[[5.6859049,50.0551171],[5.68587,50.0553237],[5.6861724,50.0554188],[5.6861865,50.0552531],[5.6862214,50.0551894],[5.6859049,50.0551171]]]}},{"type":"Feature","properties":{"t":"prado"},"geometry":{"type":"Polygon","coordinates":[[[5.6858045,50.0548993],[5.6858969,50.0550637],[5.6859049,50.0551171],[5.6862214,50.0551894],[5.6864628,50.0548191],[5.6860056,50.0546869],[5.6858045,50.0548993]]]}},{"type":"Feature","properties":{"t":"prado"},"geometry":{"type":"Polygon","coordinates":[[[5.6862214,50.0551894],[5.6861865,50.0552531],[5.6861724,50.0554188],[5.6861517,50.0556612],[5.6868866,50.0558455],[5.6870985,50.0554425],[5.6862214,50.0551894]]]}},{"type":"Feature","properties":{"t":"prado"},"geometry":{"type":"Polygon","coordinates":[[[5.6868866,50.0558455],[5.6875243,50.0559367],[5.6875568,50.0555305],[5.6870985,50.0554425],[5.6868866,50.0558455]]]}},{"type":"Feature","properties":{"t":"prado"},"geometry":{"type":"Polygon","coordinates":[[[5.6875568,50.0555305],[5.6875243,50.0559367],[5.6874874,50.0563983],[5.6877851,50.0565008],[5.6881988,50.0558993],[5.6877449,50.0557783],[5.6878254,50.055582],[5.6875568,50.0555305]]]}},{"type":"Feature","properties":{"t":"prado"},"geometry":{"type":"Polygon","coordinates":[[[5.6882883,50.0557691],[5.6878254,50.055582],[5.6877449,50.0557783],[5.6881988,50.0558993],[5.6882883,50.0557691]]]}},{"type":"Feature","properties":{"t":"prado"},"geometry":{"type":"Polygon","coordinates":[[[5.6882883,50.0557691],[5.6881988,50.0558993],[5.6877851,50.0565008],[5.688696,50.056872],[5.6888446,50.0566291],[5.6891209,50.0561055],[5.6882883,50.0557691]]]}},{"type":"Feature","properties":{"t":"prado"},"geometry":{"type":"Polygon","coordinates":[[[5.6864628,50.0548191],[5.6862214,50.0551894],[5.6870985,50.0554425],[5.6875568,50.0555305],[5.6878254,50.055582],[5.6879488,50.0552772],[5.6880212,50.0552962],[5.6880775,50.0551636],[5.6879568,50.0551274],[5.6879246,50.0551791],[5.6868249,50.0549362],[5.6868571,50.0548846],[5.6864628,50.0548191]]]}},{"type":"Feature","properties":{"t":"prado"},"geometry":{"type":"Polygon","coordinates":[[[5.6865406,50.0571181],[5.6884863,50.0581077],[5.6889385,50.057912],[5.6886139,50.0577604],[5.6889331,50.0575865],[5.6886917,50.0574436],[5.6884664,50.0573471],[5.6882572,50.0572972],[5.687761,50.0572369],[5.687466,50.0571801],[5.6872541,50.0571043],[5.686892,50.0569494],[5.6866586,50.0568598],[5.6865406,50.0571181]]]}},{"type":"Feature","properties":{"t":"prado"},"geometry":{"type":"Polygon","coordinates":[[[5.6824395,50.0579016],[5.6831852,50.0564517],[5.6819326,50.0563484],[5.681026,50.0577518],[5.6817529,50.0578379],[5.6824395,50.0579016]]]}},{"type":"Feature","properties":{"t":"prado"},"geometry":{"type":"Polygon","coordinates":[[[5.6819326,50.0563484],[5.681946,50.0563139],[5.6821954,50.0563363],[5.6822303,50.0562854],[5.6819272,50.0562502],[5.6808811,50.0562192],[5.6796607,50.0574642],[5.679599,50.0576829],[5.6793764,50.0579877],[5.679422,50.0579877],[5.6794891,50.0579946],[5.6797251,50.0581083],[5.6803408,50.0578094],[5.6803742,50.0577931],[5.6809697,50.0578999],[5.6812996,50.0579189],[5.6827399,50.058048],[5.6827197,50.0579133],[5.6824395,50.0579016],[5.6817529,50.0578379],[5.681026,50.0577518],[5.6819326,50.0563484]]]}},{"type":"Feature","properties":{"t":"prado"},"geometry":{"type":"Polygon","coordinates":[[[5.6835017,50.0515642],[5.6832039,50.0514195],[5.6828472,50.0512576],[5.6825307,50.0511836],[5.6821927,50.0510871],[5.6821069,50.0510389],[5.6819433,50.0509201],[5.6815919,50.0506893],[5.6809857,50.0503965],[5.6810904,50.0502673],[5.6806558,50.0500917],[5.6800631,50.049897],[5.6795722,50.0497679],[5.6793523,50.0497713],[5.6793013,50.0497937],[5.6790009,50.0505722],[5.6785852,50.0507479],[5.6782258,50.0512938],[5.6778936,50.0519765],[5.6774635,50.052404],[5.6769792,50.0528855],[5.6760369,50.0528888],[5.6757625,50.0529785],[5.6754467,50.0531913],[5.6755916,50.0532943],[5.6772691,50.0533974],[5.6770051,50.0537664],[5.6776196,50.0538272],[5.6782445,50.0538633],[5.6789526,50.0539512],[5.6791565,50.0539718],[5.6793818,50.0538341],[5.6799102,50.0535878],[5.6807443,50.0532055],[5.6813344,50.0529299],[5.6818199,50.0526406],[5.6822732,50.0523409],[5.6828338,50.051931],[5.6831047,50.0518174],[5.683322,50.0517261],[5.6835687,50.0516624],[5.683684,50.0516176],[5.6835017,50.0515642]]]}},{"type":"Feature","properties":{"t":"prado"},"geometry":{"type":"Polygon","coordinates":[[[5.683684,50.0516176],[5.6839174,50.0515005],[5.6842446,50.0514333],[5.6843036,50.0513748],[5.6839737,50.0512146],[5.6842554,50.0510096],[5.6841534,50.0508236],[5.6827989,50.0502363],[5.6816804,50.0497851],[5.6810904,50.0502673],[5.6809857,50.0503965],[5.6815919,50.0506893],[5.6819433,50.0509201],[5.6821069,50.0510389],[5.6821927,50.0510871],[5.6825307,50.0511836],[5.6828472,50.0512576],[5.6832039,50.0514195],[5.6835017,50.0515642],[5.683684,50.0516176]]]}},{"type":"Feature","properties":{"t":"prado"},"geometry":{"type":"Polygon","coordinates":[[[5.6816804,50.0497851],[5.6817246,50.0497426],[5.6801357,50.0490954],[5.6793523,50.0497713],[5.6795722,50.0497679],[5.6800631,50.049897],[5.6806558,50.0500917],[5.6810904,50.0502673],[5.6816804,50.0497851]]]}},{"type":"Feature","properties":{"t":"prado"},"geometry":{"type":"Polygon","coordinates":[[[5.6817246,50.0497426],[5.6818843,50.0495888],[5.6811038,50.0492305],[5.6803522,50.0489086],[5.6801357,50.0490954],[5.6817246,50.0497426]]]}},{"type":"Feature","properties":{"t":"prado"},"geometry":{"type":"Polygon","coordinates":[[[5.6851485,50.051547],[5.6846657,50.0514747],[5.6843197,50.0514592],[5.6843331,50.0515539],[5.6844753,50.0516348],[5.6844217,50.0517175],[5.6840193,50.0516365],[5.6838047,50.0516744],[5.6835875,50.0517847],[5.6832468,50.0518363],[5.6832093,50.051807],[5.6830081,50.0519035],[5.682638,50.0520998],[5.6825656,50.0521515],[5.6838559,50.0527044],[5.6839147,50.0526268],[5.6838047,50.0525493],[5.6838423,50.0525218],[5.6839898,50.0525924],[5.6843466,50.0522738],[5.6852719,50.0524477],[5.6858687,50.0516271],[5.6858003,50.0515229],[5.6857252,50.0515246],[5.6856072,50.0517278],[5.6854409,50.0518415],[5.684993,50.0517778],[5.6851485,50.051547]]]}},{"type":"Feature","properties":{"t":"prado"},"geometry":{"type":"Polygon","coordinates":[[[5.6851485,50.051547],[5.684993,50.0517778],[5.6854409,50.0518415],[5.6856072,50.0517278],[5.6857252,50.0515246],[5.6851485,50.051547]]]}},{"type":"Feature","properties":{"t":"prado"},"geometry":{"type":"Polygon","coordinates":[[[5.6838559,50.0527044],[5.6825656,50.0521515],[5.6820989,50.0525011],[5.6816161,50.0528145],[5.6812084,50.0530143],[5.6801677,50.0535017],[5.679473,50.053822],[5.6791753,50.0539822],[5.6799182,50.0541906],[5.6803313,50.0542835],[5.6806987,50.0543077],[5.6810501,50.054287],[5.6814015,50.0542112],[5.6820372,50.0540304],[5.6823805,50.0539753],[5.6827104,50.0539495],[5.6828928,50.0539632],[5.6830403,50.0536929],[5.6835231,50.053066],[5.6838208,50.0527508],[5.6838559,50.0527044]]]}},{"type":"Feature","properties":{"t":"lavoura"},"geometry":{"type":"Polygon","coordinates":[[[5.6800389,50.0618346],[5.6796688,50.0615349],[5.6799048,50.0612887],[5.6793737,50.0606499],[5.6805083,50.0599611],[5.6808633,50.0597849],[5.6807014,50.0595909],[5.6804252,50.0593688],[5.6800765,50.0591862],[5.6798539,50.0590795],[5.6796607,50.0590037],[5.6792504,50.0588436],[5.6788802,50.0587334],[5.6783733,50.0586145],[5.6778476,50.0583407],[5.6775552,50.0581341],[5.6773165,50.0579774],[5.6771824,50.0578138],[5.6770161,50.0576485],[5.6767988,50.0575193],[5.6767479,50.0575193],[5.6759378,50.058079],[5.6756964,50.0583752],[5.6747845,50.0579998],[5.6740066,50.0589124],[5.6746906,50.0593188],[5.6740496,50.0598991],[5.6732583,50.060538],[5.6736016,50.0607463],[5.674586,50.0605707],[5.6751224,50.0605121],[5.6759137,50.0605225],[5.6763589,50.0605879],[5.6770644,50.0607773],[5.6778315,50.0610528],[5.6800389,50.0618346]]]}},{"type":"Feature","properties":{"t":"lavoura"},"geometry":{"type":"Polygon","coordinates":[[[5.6809053,50.0599473],[5.6809643,50.059906],[5.6808633,50.0597849],[5.6805083,50.0599611],[5.6793737,50.0606499],[5.6799048,50.0612887],[5.6796688,50.0615349],[5.6800389,50.0618346],[5.6803662,50.0619568],[5.6811605,50.0616699],[5.6818011,50.0614385],[5.6817073,50.0611888],[5.6812084,50.0603262],[5.6809053,50.0599473]]]}},{"type":"Feature","properties":{"t":"prado"},"geometry":{"type":"Polygon","coordinates":[[[5.6841373,50.0610063],[5.6828108,50.0602999],[5.6825575,50.0606361],[5.6828016,50.0607704],[5.6844377,50.061807],[5.6851003,50.0615436],[5.6841373,50.0610063]]]}},{"type":"Feature","properties":{"t":"prado"},"geometry":{"type":"Polygon","coordinates":[[[5.6828108,50.0602999],[5.6841373,50.0610063],[5.6843814,50.0608669],[5.6841132,50.0607102],[5.6829461,50.0601204],[5.6828108,50.0602999]]]}},{"type":"Feature","properties":{"t":"prado"},"geometry":{"type":"Polygon","coordinates":[[[5.6829461,50.0601204],[5.6841132,50.0607102],[5.6845987,50.060426],[5.6848052,50.0605621],[5.6851324,50.0607153],[5.6855958,50.0609037],[5.6859739,50.0604138],[5.6843794,50.0598437],[5.6843412,50.0599301],[5.6841266,50.0600472],[5.6833595,50.0597579],[5.6831127,50.0599852],[5.6830637,50.0599644],[5.6829461,50.0601204]]]}},{"type":"Feature","properties":{"t":"prado"},"geometry":{"type":"Polygon","coordinates":[[[5.6843794,50.0598437],[5.6859739,50.0604138],[5.6860658,50.0604467],[5.6861973,50.0602487],[5.6855965,50.0600162],[5.6857306,50.0597993],[5.6855723,50.0597287],[5.6855982,50.0596429],[5.6854436,50.0596081],[5.6846336,50.0593894],[5.6837377,50.0591139],[5.6834024,50.0593051],[5.6833059,50.0593894],[5.6837699,50.0595496],[5.6844029,50.0597906],[5.6843794,50.0598437]]]}},{"type":"Feature","properties":{"t":"prado"},"geometry":{"type":"Polygon","coordinates":[[[5.6800765,50.0591862],[5.6804252,50.0593688],[5.6807014,50.0595909],[5.6808633,50.0597849],[5.6809643,50.059906],[5.6809053,50.0599473],[5.6812084,50.0603262],[5.6817073,50.0611888],[5.6828016,50.0607704],[5.6825575,50.0606361],[5.6828108,50.0602999],[5.6829461,50.0601204],[5.6830637,50.0599644],[5.6825575,50.0597493],[5.6819916,50.0593843],[5.6818172,50.0595237],[5.6815731,50.0594325],[5.6817287,50.0592586],[5.6812593,50.0590399],[5.681313,50.0588711],[5.6809144,50.0584358],[5.6804413,50.0586128],[5.6802401,50.0586404],[5.6798324,50.0586645],[5.6799343,50.0590261],[5.6801409,50.0591535],[5.6800765,50.0591862]]]}},{"type":"Feature","properties":{"t":"prado"},"geometry":{"type":"Polygon","coordinates":[[[5.6797251,50.0581083],[5.6793206,50.0583703],[5.6794032,50.0584268],[5.6796178,50.0585594],[5.6798083,50.0586008],[5.6800577,50.0585922],[5.6803152,50.0585353],[5.6804413,50.0584751],[5.6805888,50.0583425],[5.6807584,50.0582654],[5.6803408,50.0578094],[5.6797251,50.0581083]]]}},{"type":"Feature","properties":{"t":"prado"},"geometry":{"type":"Polygon","coordinates":[[[5.6803408,50.0578094],[5.6807584,50.0582654],[5.6809144,50.0584358],[5.681313,50.0588711],[5.6814498,50.0587764],[5.6817019,50.0586938],[5.682064,50.0586094],[5.6825978,50.0585973],[5.6828208,50.058184],[5.682756,50.0581599],[5.6827399,50.058048],[5.6812996,50.0579189],[5.6809697,50.0578999],[5.6803742,50.0577931],[5.6803408,50.0578094]]]}},{"type":"Feature","properties":{"t":"prado"},"geometry":{"type":"Polygon","coordinates":[[[5.6835526,50.0579585],[5.6837085,50.0580976],[5.6841749,50.057218],[5.6845209,50.0566342],[5.6842795,50.0566187],[5.6835526,50.0579585]]]}},{"type":"Feature","properties":{"t":"prado"},"geometry":{"type":"Polygon","coordinates":[[[5.6828208,50.058184],[5.6825978,50.0585973],[5.682705,50.0586455],[5.6829035,50.0585474],[5.6830537,50.0585043],[5.683212,50.0585061],[5.6837887,50.0584751],[5.6838584,50.058215],[5.683735,50.0582116],[5.6834266,50.0581789],[5.6834319,50.0581393],[5.6835526,50.0579585],[5.6842795,50.0566187],[5.6838047,50.0565378],[5.6835258,50.0564913],[5.6831852,50.0564517],[5.6824395,50.0579016],[5.6827197,50.0579133],[5.6827131,50.0578689],[5.6829143,50.0578293],[5.683051,50.0579154],[5.683043,50.0580738],[5.6828767,50.0582047],[5.6828208,50.058184]]]}},{"type":"Feature","properties":{"t":"prado"},"geometry":{"type":"Polygon","coordinates":[[[5.6865406,50.0597545],[5.6866291,50.0596167],[5.6865513,50.059541],[5.6867954,50.059231],[5.6865317,50.0591408],[5.68598,50.0589521],[5.6858781,50.0588866],[5.6859586,50.0587902],[5.6859344,50.0587402],[5.6857172,50.0586541],[5.6855509,50.0586352],[5.6853202,50.058618],[5.6849956,50.0584251],[5.6849125,50.0584062],[5.6846336,50.0584079],[5.6844887,50.0584389],[5.6842929,50.0584613],[5.6840327,50.05842],[5.6838718,50.0585491],[5.6838047,50.0586335],[5.6839228,50.058711],[5.6844082,50.0587196],[5.6844565,50.0587936],[5.6847838,50.0588815],[5.6852666,50.0591535],[5.6856058,50.0592856],[5.6859344,50.0594135],[5.6859264,50.0594841],[5.6864306,50.0597132],[5.6865406,50.0597545]]]}},{"type":"Feature","properties":{"t":"prado"},"geometry":{"type":"Polygon","coordinates":[[[5.6867614,50.0577355],[5.6865701,50.0578689],[5.6862938,50.0579946],[5.6870772,50.0584386],[5.6874935,50.058157],[5.6867614,50.0577355]]]}},{"type":"Feature","properties":{"t":"prado"},"geometry":{"type":"Polygon","coordinates":[[[5.6861946,50.0574091],[5.6857896,50.0576984],[5.6861436,50.057912],[5.6862912,50.0578947],[5.6864843,50.0578138],[5.686662,50.0576782],[5.6861946,50.0574091]]]}},{"type":"Feature","properties":{"t":"prado"},"geometry":{"type":"Polygon","coordinates":[[[5.6853792,50.0567806],[5.6855857,50.0569407],[5.685862,50.0570992],[5.6861705,50.05723],[5.6865513,50.0568478],[5.6862724,50.0567806],[5.6857869,50.0566342],[5.6855348,50.0565653],[5.6854302,50.0565464],[5.6853792,50.0567806]]]}},{"type":"Feature","properties":{"t":"prado"},"geometry":{"type":"Polygon","coordinates":[[[5.6863368,50.0572972],[5.6861946,50.0574091],[5.686662,50.0576782],[5.6867614,50.0577355],[5.6874935,50.058157],[5.6875223,50.0581376],[5.6878656,50.0579395],[5.6873184,50.0576674],[5.6863744,50.0572642],[5.6863368,50.0572972]]]}},{"type":"Feature","properties":{"t":"prado"},"geometry":{"type":"Polygon","coordinates":[[[5.6863744,50.0572642],[5.6873184,50.0576674],[5.6878656,50.0579395],[5.6883377,50.058172],[5.6884863,50.0581077],[5.6865406,50.0571181],[5.6863744,50.0572642]]]}},{"type":"Feature","properties":{"t":"lavoura"},"geometry":{"type":"Polygon","coordinates":[[[5.6799826,50.0618742],[5.6787193,50.0625801],[5.6789204,50.0626903],[5.6792182,50.0629486],[5.6793308,50.0628126],[5.6797251,50.0625784],[5.6801382,50.0623752],[5.6803393,50.0624751],[5.6803983,50.0626128],[5.6805378,50.062816],[5.6806156,50.0628367],[5.6814578,50.0623976],[5.6799826,50.0618742]]]}},{"type":"Feature","properties":{"t":"prado"},"geometry":{"type":"Polygon","coordinates":[[[5.686841,50.0351226],[5.6870341,50.034971],[5.6865299,50.0348022],[5.686601,50.0345646],[5.6868249,50.0344369],[5.6873292,50.0344369],[5.6874292,50.0341511],[5.6840354,50.0325865],[5.6833354,50.0334342],[5.6834131,50.0335031],[5.6827533,50.0342577],[5.6825951,50.0344852],[5.6825771,50.0345692],[5.683279,50.0346126],[5.6838477,50.0347264],[5.6849632,50.034642],[5.6857789,50.034654],[5.6861544,50.0348159],[5.686841,50.0351226]]]}},{"type":"Feature","properties":{"t":"prado"},"geometry":{"type":"Polygon","coordinates":[[[5.6812352,50.0377137],[5.6811011,50.0376138],[5.6802589,50.0377757],[5.6791913,50.0378791],[5.6794327,50.0386887],[5.6797922,50.0388472],[5.680393,50.0389506],[5.6804573,50.0386336],[5.6806773,50.0386336],[5.6807148,50.0388541],[5.6814444,50.0392365],[5.6817824,50.0392503],[5.6821471,50.0390677],[5.6818467,50.0388403],[5.6812352,50.0377137]]]}},{"type":"Feature","properties":{"t":"prado"},"geometry":{"type":"Polygon","coordinates":[[[5.6914544,50.0280723],[5.6910092,50.0281515],[5.6894106,50.0285926],[5.6882032,50.0295602],[5.6886095,50.029862],[5.6890511,50.0296609],[5.689888,50.0290406],[5.6900869,50.0288467],[5.6907522,50.029092],[5.6912023,50.0289028],[5.6916368,50.0290889],[5.6918984,50.0286538],[5.6918138,50.0283514],[5.6914061,50.0282997],[5.6914544,50.0280723]]]}},{"type":"Feature","properties":{"t":"prado"},"geometry":{"type":"Polygon","coordinates":[[[5.6820819,50.0348621],[5.6807792,50.0344231],[5.6803742,50.034971],[5.6807712,50.0349675],[5.6811574,50.0350933],[5.6814149,50.0350726],[5.681886,50.0351899],[5.6820819,50.0348621]]]}},{"type":"Feature","properties":{"t":"prado"},"geometry":{"type":"Polygon","coordinates":[[[5.6950888,50.0258787],[5.6945416,50.0261527],[5.6948581,50.026568],[5.6952685,50.0270315],[5.6956574,50.0272792],[5.6956163,50.0267034],[5.6952471,50.0261303],[5.6950888,50.0258787]]]}},{"type":"Feature","properties":{"t":"prado"},"geometry":{"type":"Polygon","coordinates":[[[5.6948554,50.0255772],[5.695129,50.0258649],[5.6951988,50.025939],[5.695813,50.0260062],[5.6959686,50.0260545],[5.6960785,50.0260683],[5.6962207,50.0258977],[5.6959525,50.0258253],[5.6948554,50.0255772]]]}},{"type":"Feature","properties":{"t":"prado"},"geometry":{"type":"Polygon","coordinates":[[[5.6934983,50.0244692],[5.6937128,50.0246363],[5.6941795,50.0249844],[5.6948554,50.0255772],[5.6959525,50.0258253],[5.6959686,50.025703],[5.6953248,50.0250999],[5.6950459,50.0243279],[5.6951156,50.0238764],[5.6952175,50.0238815],[5.6960598,50.0238936],[5.6967866,50.0239625],[5.6968188,50.0235197],[5.6968108,50.0227252],[5.696556,50.0222238],[5.6958291,50.0221462],[5.6956494,50.0221945],[5.6956816,50.0222737],[5.6953543,50.0224581],[5.6952256,50.0229493],[5.6949574,50.0229372],[5.6932863,50.0235879],[5.6931254,50.0236506],[5.693745,50.024383],[5.6934983,50.0244692]]]}},{"type":"Feature","properties":{"t":"prado"},"geometry":{"type":"Polygon","coordinates":[[[5.6968188,50.0235197],[5.6967866,50.0239625],[5.6960598,50.0238936],[5.6952175,50.0238815],[5.6953517,50.0244175],[5.6955554,50.0248631],[5.6970629,50.0248293],[5.6971782,50.0250413],[5.6972614,50.0251912],[5.697543,50.0253618],[5.6982699,50.0254962],[5.698455,50.026132],[5.6987795,50.0271056],[5.6987554,50.0278259],[5.6993964,50.0278259],[5.6989968,50.0267317],[5.6986642,50.0258649],[5.6983799,50.0250809],[5.6979856,50.0242055],[5.6975618,50.023256],[5.6972212,50.0224598],[5.6970602,50.0221307],[5.6968161,50.021836],[5.6967618,50.0217567],[5.6967249,50.0222186],[5.6969127,50.0225426],[5.697079,50.0229441],[5.697079,50.0235352],[5.6968188,50.0235197]]]}},{"type":"Feature","properties":{"t":"grama"},"geometry":{"type":"Polygon","coordinates":[[[5.6995359,50.0278121],[5.6991738,50.0268161],[5.69875,50.0256306],[5.6983235,50.0244468],[5.6981412,50.0239763],[5.6975886,50.0226822],[5.6971943,50.0219118],[5.6967598,50.0213793],[5.6961805,50.0208554],[5.6957352,50.0205383],[5.6949896,50.0201058],[5.6946918,50.0199869],[5.6943673,50.0199507],[5.6941125,50.01998],[5.6938496,50.0200368],[5.6924602,50.0205108],[5.6925112,50.0205228],[5.6937128,50.0201075],[5.6939864,50.0200351],[5.6941795,50.02003],[5.6944558,50.0200506],[5.6948045,50.0201506],[5.6952417,50.0203436],[5.695577,50.0205332],[5.6963119,50.0212449],[5.6970388,50.0220101],[5.697248,50.0223547],[5.6976825,50.023399],[5.6982994,50.0247845],[5.6987929,50.0260286],[5.6992905,50.0274373],[5.6994553,50.0278201],[5.6995359,50.0278121]]]}},{"type":"Feature","properties":{"t":"prado"},"geometry":{"type":"Polygon","coordinates":[[[5.6985385,50.0228148],[5.6985944,50.0229424],[5.6988439,50.0236627],[5.6991792,50.0251102],[5.6995305,50.0258339],[5.70048,50.0260821],[5.7012123,50.0262854],[5.7016575,50.0265215],[5.702135,50.0266576],[5.7023013,50.0265766],[5.7038006,50.0269626],[5.7046133,50.0245743],[5.7037282,50.0244502],[5.7031166,50.0242848],[5.7022154,50.0240091],[5.7011747,50.0237747],[5.7005417,50.0236386],[5.6997666,50.0234456],[5.6994233,50.0232457],[5.6990933,50.0229389],[5.6989995,50.022789],[5.6986651,50.0228077],[5.6985385,50.0228148]]]}},{"type":"Feature","properties":{"t":"grama"},"geometry":{"type":"Polygon","coordinates":[[[5.6988439,50.0236627],[5.698581,50.023773],[5.6988814,50.0248086],[5.6993455,50.0261544],[5.6998283,50.027526],[5.7004666,50.0292836],[5.700582,50.0292491],[5.7005578,50.029051],[5.7003996,50.028696],[5.7001957,50.0279086],[5.699847,50.0266714],[5.6995842,50.025989],[5.6995305,50.0258339],[5.6991792,50.0251102],[5.6988439,50.0236627]]]}},{"type":"Feature","properties":{"t":"prado"},"geometry":{"type":"Polygon","coordinates":[[[5.70048,50.0260821],[5.6995305,50.0258339],[5.6995842,50.025989],[5.7004264,50.0262216],[5.70048,50.0260821]]]}},{"type":"Feature","properties":{"t":"prado"},"geometry":{"type":"Polygon","coordinates":[[[5.7038006,50.0269626],[5.7023013,50.0265766],[5.702135,50.0266576],[5.7016575,50.0265215],[5.7014966,50.0266404],[5.7012069,50.0265008],[5.7004264,50.0262216],[5.6995842,50.025989],[5.699847,50.0266714],[5.7001957,50.0279086],[5.7016146,50.0279551],[5.702194,50.0279827],[5.7028216,50.0282739],[5.7032078,50.027993],[5.703401,50.0278172],[5.7035565,50.0275743],[5.7028243,50.0273675],[5.7030898,50.0269298],[5.70346,50.0270194],[5.7038006,50.0269626]]]}},{"type":"Feature","properties":{"t":"prado"},"geometry":{"type":"Polygon","coordinates":[[[5.7028216,50.0282739],[5.702194,50.0279827],[5.701392,50.0288097],[5.7011211,50.0291113],[5.7015797,50.0289924],[5.701966,50.0288149],[5.7028216,50.0282739]]]}},{"type":"Feature","properties":{"t":"prado"},"geometry":{"type":"Polygon","coordinates":[[[5.7048976,50.0290734],[5.7026553,50.028491],[5.702489,50.0286185],[5.7031944,50.0290854],[5.7025346,50.0294869],[5.7023871,50.0298849],[5.7013464,50.0294748],[5.7012767,50.0294042],[5.7010996,50.0293577],[5.7009789,50.0296058],[5.7009682,50.0298194],[5.7010138,50.0299986],[5.7010701,50.0301248],[5.7033115,50.0310231],[5.7039803,50.0302019],[5.7048976,50.0290734]]]}},{"type":"Feature","properties":{"t":"prado"},"geometry":{"type":"Polygon","coordinates":[[[5.6973219,50.0268189],[5.6972587,50.02719],[5.6962341,50.0283514],[5.6964809,50.02902],[5.6970441,50.0290958],[5.6970119,50.0294955],[5.6965506,50.0294817],[5.6958318,50.0291991],[5.6954294,50.0289889],[5.6952041,50.028727],[5.694775,50.0286099],[5.6941527,50.028634],[5.6934741,50.0287529],[5.6934349,50.028811],[5.6942868,50.0288976],[5.6945953,50.0289183],[5.6948796,50.0290062],[5.6949601,50.029063],[5.6951746,50.0292681],[5.6953999,50.0292939],[5.6957486,50.0294731],[5.6961375,50.0297316],[5.6963575,50.0299159],[5.696564,50.0300159],[5.6968768,50.030189],[5.6974652,50.029909],[5.6975216,50.0293439],[5.6976557,50.0288976],[5.6976745,50.0276932],[5.6977335,50.0275863],[5.697881,50.0274726],[5.6978971,50.0272055],[5.697948,50.0269746],[5.6978354,50.0267817],[5.6973219,50.0268189]]]}},{"type":"Feature","properties":{"t":"grama"},"geometry":{"type":"Polygon","coordinates":[[[5.6993052,50.0296489],[5.6997558,50.0294766],[5.7000643,50.0293852],[5.699662,50.0282325],[5.6995359,50.0278121],[5.6994553,50.0278201],[5.6993964,50.0278259],[5.6996137,50.0285961],[5.6996888,50.0292474],[5.6994742,50.0294697],[5.6992628,50.0296208],[5.6993052,50.0296489]]]}},{"type":"Feature","properties":{"t":"grama"},"geometry":{"type":"Polygon","coordinates":[[[5.6971541,50.0192131],[5.6970924,50.01912],[5.6969583,50.0190545],[5.6967437,50.0190097],[5.6963174,50.0191736],[5.6963906,50.0192932],[5.6969851,50.0204056],[5.6973392,50.0211243],[5.697366,50.0211002],[5.6972373,50.0204177],[5.6971729,50.0196232],[5.6971541,50.0192131]]]}},{"type":"Feature","properties":{"t":"grama"},"geometry":{"type":"Polygon","coordinates":[[[5.6971729,50.0190907],[5.6972614,50.0190942],[5.6973392,50.0189322],[5.697535,50.0187495],[5.6974706,50.0187391],[5.6969905,50.0189166],[5.6969717,50.018977],[5.6970602,50.0190166],[5.6971729,50.0190907]]]}},{"type":"Feature","properties":{"t":"prado"},"geometry":{"type":"Polygon","coordinates":[[[5.7007984,50.0176255],[5.6991068,50.0181652],[5.6980902,50.0185272],[5.6976101,50.0188098],[5.6978756,50.0188873],[5.6974545,50.0194681],[5.697535,50.0196232],[5.697476,50.0198111],[5.6975108,50.0199783],[5.6975377,50.0202781],[5.6980178,50.0214138],[5.6986079,50.0212346],[5.6984925,50.0210933],[5.6985515,50.0208382],[5.6988841,50.0202798],[5.6994367,50.0198938],[5.7003325,50.0194216],[5.7010911,50.019189],[5.7006151,50.0188351],[5.7015937,50.0183384],[5.7007984,50.0176255]]]}},{"type":"Feature","properties":{"t":"prado"},"geometry":{"type":"Polygon","coordinates":[[[5.7010911,50.019189],[5.7003325,50.0194216],[5.6994367,50.0198938],[5.6988841,50.0202798],[5.6985515,50.0208382],[5.6984925,50.0210933],[5.6986079,50.0212346],[5.6998819,50.0216947],[5.6999356,50.0214707],[5.7001609,50.0211139],[5.7006383,50.0207589],[5.701333,50.0204367],[5.7002735,50.019849],[5.7011208,50.019499],[5.7013786,50.0194026],[5.7010911,50.019189]]]}},{"type":"Feature","properties":{"t":"prado"},"geometry":{"type":"Polygon","coordinates":[[[5.7011208,50.019499],[5.7002735,50.019849],[5.701333,50.0204367],[5.7017621,50.0206676],[5.7018802,50.0206038],[5.701746,50.0205056],[5.7021912,50.0202593],[5.7028986,50.0198148],[5.702724,50.0194162],[5.7022433,50.0191914],[5.7016844,50.0198163],[5.7011208,50.019499]]]}},{"type":"Feature","properties":{"t":"prado"},"geometry":{"type":"Polygon","coordinates":[[[5.6998819,50.0216947],[5.6999229,50.0224426],[5.7001877,50.0224685],[5.7003567,50.0222358],[5.7006946,50.0217774],[5.700869,50.0214173],[5.7044578,50.0217929],[5.7050559,50.021855],[5.7050434,50.0218061],[5.704962,50.0214862],[5.7042834,50.0213104],[5.7043424,50.0207555],[5.7039339,50.0207491],[5.703755,50.0209175],[5.7022863,50.0202994],[5.7018802,50.0206038],[5.7017621,50.0206676],[5.701333,50.0204367],[5.7006383,50.0207589],[5.7001609,50.0211139],[5.6999356,50.0214707],[5.6998819,50.0216947]]]}},{"type":"Feature","properties":{"t":"prado"},"geometry":{"type":"Polygon","coordinates":[[[5.7003567,50.0222358],[5.705035,50.023308],[5.7051766,50.0228717],[5.7048923,50.0228131],[5.7049202,50.0227285],[5.7047092,50.0226948],[5.7046671,50.0226485],[5.7047643,50.0223621],[5.7044692,50.022313],[5.7045404,50.0221085],[5.7044095,50.0220842],[5.7044578,50.0217929],[5.700869,50.0214173],[5.7006946,50.0217774],[5.7003567,50.0222358]]]}},{"type":"Feature","properties":{"t":"prado"},"geometry":{"type":"Polygon","coordinates":[[[5.705035,50.023308],[5.7003567,50.0222358],[5.7001877,50.0224685],[5.6999229,50.0224426],[5.6999651,50.0232129],[5.7016575,50.0236403],[5.7031891,50.0240142],[5.7039374,50.0241659],[5.7046965,50.0242589],[5.705035,50.023308]]]}},{"type":"Feature","properties":{"t":"prado"},"geometry":{"type":"Polygon","coordinates":[[[5.6986079,50.0212346],[5.6980178,50.0214138],[5.6986651,50.0228077],[5.6989995,50.022789],[5.6990933,50.0229389],[5.6994233,50.0232457],[5.6997666,50.0234456],[5.7005417,50.0236386],[5.7011747,50.0237747],[5.7022154,50.0240091],[5.7031166,50.0242848],[5.7037282,50.0244502],[5.7046133,50.0245743],[5.7046965,50.0242589],[5.7039374,50.0241659],[5.7031891,50.0240142],[5.7016575,50.0236403],[5.6999651,50.0232129],[5.6999229,50.0224426],[5.6998819,50.0216947],[5.6986079,50.0212346]]]}},{"type":"Feature","properties":{"t":"grama"},"geometry":{"type":"Polygon","coordinates":[[[5.6986651,50.0228077],[5.6980178,50.0214138],[5.6975377,50.0202781],[5.6975108,50.0199783],[5.6973231,50.0199765],[5.6974733,50.0210467],[5.6976959,50.0216775],[5.6980017,50.0215896],[5.6985385,50.0228148],[5.6986651,50.0228077]]]}},{"type":"Feature","properties":{"t":"prado"},"geometry":{"type":"Polygon","coordinates":[[[5.7052624,50.0229648],[5.7045919,50.0250223],[5.7064292,50.0255754],[5.706405,50.025342],[5.7063688,50.0250568],[5.7062964,50.0247518],[5.7061529,50.0243063],[5.7060041,50.0239246],[5.7059062,50.0237471],[5.7057291,50.023505],[5.7053719,50.0230724],[5.7052624,50.0229648]]]}},{"type":"Feature","properties":{"t":"prado"},"geometry":{"type":"Polygon","coordinates":[[[5.7070595,50.0234869],[5.7062196,50.0230233],[5.7056941,50.0233891],[5.7059196,50.023704],[5.7060349,50.0238988],[5.7069415,50.0236231],[5.7070595,50.0234869]]]}},{"type":"Feature","properties":{"t":"prado"},"geometry":{"type":"Polygon","coordinates":[[[5.7070595,50.0234869],[5.7069415,50.0236231],[5.7060349,50.0238988],[5.7062468,50.0244536],[5.7063755,50.0249103],[5.7081458,50.0241538],[5.7074243,50.0237058],[5.7070595,50.0234869]]]}},{"type":"Feature","properties":{"t":"prado"},"geometry":{"type":"Polygon","coordinates":[[[5.7077461,50.0223099],[5.7066225,50.0225179],[5.7068637,50.0226029],[5.7070113,50.0227689],[5.7066652,50.0231819],[5.7069039,50.0233353],[5.7077461,50.0223099]]]}},{"type":"Feature","properties":{"t":"prado"},"geometry":{"type":"Polygon","coordinates":[[[5.7077461,50.0223099],[5.7069039,50.0233353],[5.7075906,50.0237264],[5.7079795,50.0239849],[5.7094306,50.0221014],[5.7086688,50.0218981],[5.7081508,50.0218129],[5.7077461,50.0223099]]]}},{"type":"Feature","properties":{"t":"prado"},"geometry":{"type":"Polygon","coordinates":[[[5.7066225,50.0225179],[5.7077461,50.0223099],[5.7081508,50.0218129],[5.7080814,50.0218016],[5.7079554,50.0219687],[5.7077086,50.0222737],[5.7065588,50.0224955],[5.7066225,50.0225179]]]}},{"type":"Feature","properties":{"t":"prado"},"geometry":{"type":"Polygon","coordinates":[[[5.7065588,50.0224955],[5.7077086,50.0222737],[5.7079554,50.0219687],[5.7069493,50.0221544],[5.7069629,50.0222151],[5.7066759,50.0222548],[5.7066786,50.0223013],[5.706397,50.022322],[5.7064185,50.0224461],[5.7065588,50.0224955]]]}},{"type":"Feature","properties":{"t":"prado"},"geometry":{"type":"Polygon","coordinates":[[[5.7069493,50.0221544],[5.7079554,50.0219687],[5.7080814,50.0218016],[5.7077274,50.0218016],[5.7072929,50.0218291],[5.7070863,50.0218601],[5.7069817,50.0220618],[5.7069299,50.0220678],[5.7069493,50.0221544]]]}},{"type":"Feature","properties":{"t":"prado"},"geometry":{"type":"Polygon","coordinates":[[[5.708663,50.0214623],[5.7080814,50.0218016],[5.7081508,50.0218129],[5.7086688,50.0218981],[5.7094306,50.0221014],[5.7095888,50.0221548],[5.7097866,50.0218664],[5.709672,50.0218377],[5.709326,50.0216947],[5.708752,50.0214793],[5.708663,50.0214623]]]}},{"type":"Feature","properties":{"t":"prado"},"geometry":{"type":"Polygon","coordinates":[[[5.7069299,50.0220678],[5.7069817,50.0220618],[5.7070863,50.0218601],[5.7072929,50.0218291],[5.7077274,50.0218016],[5.7080814,50.0218016],[5.708663,50.0214623],[5.7084623,50.0214241],[5.7079902,50.0213931],[5.7076791,50.0213914],[5.7074082,50.0214345],[5.707089,50.0214552],[5.7070334,50.0214653],[5.706865,50.0217778],[5.7069299,50.0220678]]]}},{"type":"Feature","properties":{"t":"prado"},"geometry":{"type":"Polygon","coordinates":[[[5.706865,50.0217778],[5.7070334,50.0214653],[5.7065874,50.0215465],[5.7059973,50.0214328],[5.7057962,50.021855],[5.706865,50.0217778]]]}},{"type":"Feature","properties":{"t":"prado"},"geometry":{"type":"Polygon","coordinates":[[[5.6969395,50.0150233],[5.6971836,50.0155576],[5.697417,50.0155024],[5.6983021,50.0160195],[5.6984791,50.0158627],[5.6988305,50.0156989],[5.6991684,50.0155955],[5.6995386,50.015499],[5.6997693,50.0154559],[5.6996137,50.0151474],[5.6986481,50.0152491],[5.6985435,50.0148423],[5.6969395,50.0150233]]]}},{"type":"Feature","properties":{"t":"prado"},"geometry":{"type":"Polygon","coordinates":[[[5.6928518,50.0141046],[5.6934875,50.0148596],[5.6939355,50.0154645],[5.6944182,50.0160436],[5.6946972,50.0163297],[5.6952873,50.0168554],[5.6957969,50.017188],[5.6965989,50.0176189],[5.6971273,50.0171708],[5.6978434,50.0164538],[5.6983021,50.0160195],[5.697417,50.0155024],[5.6971836,50.0155576],[5.6969395,50.0150233],[5.6960598,50.013903],[5.6954308,50.013362],[5.6928518,50.0141046]]]}},{"type":"Feature","properties":{"t":"prado"},"geometry":{"type":"Polygon","coordinates":[[[5.6928518,50.0141046],[5.6954308,50.013362],[5.6950378,50.0130239],[5.6925112,50.0137203],[5.6928518,50.0141046]]]}},{"type":"Feature","properties":{"t":"prado"},"geometry":{"type":"Polygon","coordinates":[[[5.6936565,50.0119191],[5.6922269,50.0110624],[5.6920499,50.011252],[5.6919211,50.0113744],[5.6916931,50.0114744],[5.6914303,50.0115468],[5.6912774,50.0116037],[5.6911647,50.0116726],[5.6911084,50.0117484],[5.6911057,50.0118312],[5.6912559,50.0120708],[5.6915939,50.0126068],[5.6918299,50.0129222],[5.6925112,50.0137203],[5.6950378,50.0130239],[5.6954308,50.013362],[5.6960598,50.013903],[5.6969395,50.0150233],[5.6985435,50.0148423],[5.6986481,50.0152491],[5.6996137,50.0151474],[5.6997693,50.0154559],[5.7002279,50.0153887],[5.7007483,50.0152353],[5.7013813,50.0150095],[5.7019231,50.0147062],[5.7021457,50.0145562],[5.7019848,50.014508],[5.7012418,50.0139736],[5.7007027,50.0137634],[5.700134,50.0136393],[5.69978,50.0135445],[5.6992489,50.0132756],[5.6989136,50.0131256],[5.6987393,50.0130946],[5.6986374,50.013117],[5.6979883,50.013398],[5.6974062,50.0135617],[5.6966016,50.0136841],[5.6958103,50.0130686],[5.6941795,50.0117724],[5.6936565,50.0119191]]]}},{"type":"Feature","properties":{"t":"grama"},"geometry":{"type":"Polygon","coordinates":[[[5.6906095,50.0115778],[5.691213,50.012331],[5.6922242,50.0135496],[5.6931442,50.0146114],[5.6940669,50.0157972],[5.6946731,50.016478],[5.6952631,50.0169984],[5.6960839,50.0176223],[5.6971219,50.0182066],[5.6975886,50.0183789],[5.6980044,50.0183944],[5.6982806,50.018341],[5.69864,50.018198],[5.6986079,50.0181549],[5.6983477,50.0181273],[5.6977978,50.0183048],[5.6975618,50.0182824],[5.6974062,50.0182169],[5.6965855,50.0176947],[5.6965587,50.0176482],[5.6955931,50.0171156],[5.6951264,50.0167572],[5.6945577,50.0162349],[5.6939837,50.0155852],[5.6931791,50.0145459],[5.692471,50.0137306],[5.6917387,50.0128602],[5.691154,50.0120122],[5.6910413,50.0117622],[5.6911352,50.0116467],[5.6913123,50.0115588],[5.6914625,50.0115071],[5.6906095,50.0115778]]]}},{"type":"Feature","properties":{"t":"prado"},"geometry":{"type":"Polygon","coordinates":[[[5.7005632,50.0153284],[5.701054,50.0154059],[5.7016629,50.0155455],[5.7019016,50.0155886],[5.7022262,50.0155886],[5.702481,50.0155679],[5.7027224,50.0155024],[5.7029209,50.015337],[5.702945,50.015206],[5.7028887,50.0150664],[5.7026285,50.0148958],[5.7023174,50.0147372],[5.7021135,50.0146372],[5.7017058,50.014882],[5.701392,50.0150371],[5.7010138,50.015187],[5.7005632,50.0153284]]]}},{"type":"Feature","properties":{"t":"prado"},"geometry":{"type":"Polygon","coordinates":[[[5.6985944,50.015842],[5.6984657,50.0159023],[5.6975886,50.0167348],[5.6976342,50.0175689],[5.6985971,50.0177102],[5.698919,50.0176568],[5.698868,50.0171312],[5.6992114,50.0171312],[5.6992248,50.0170915],[5.6992757,50.016895],[5.6991819,50.0164866],[5.6990236,50.0161884],[5.6985944,50.015842]]]}},{"type":"Feature","properties":{"t":"prado"},"geometry":{"type":"Polygon","coordinates":[[[5.7016629,50.0155455],[5.701054,50.0154059],[5.7005632,50.0153284],[5.6999463,50.0154645],[5.6996405,50.0155059],[5.6991658,50.0156248],[5.6987983,50.0157541],[5.6985944,50.015842],[5.6990236,50.0161884],[5.6991819,50.0164866],[5.6992757,50.016895],[5.6992248,50.0170915],[5.6995413,50.0171432],[5.6995922,50.0172018],[5.6996781,50.017207],[5.6997263,50.0171036],[5.6998363,50.0171053],[5.7002467,50.0164762],[5.7005364,50.0160247],[5.7006249,50.016035],[5.7014134,50.0156972],[5.7016629,50.0155455]]]}},{"type":"Feature","properties":{"t":"lavoura"},"geometry":{"type":"Polygon","coordinates":[[[5.6975886,50.0167348],[5.6968725,50.01745],[5.6966713,50.017643],[5.6967142,50.0177223],[5.6967652,50.0177499],[5.6968027,50.0177154],[5.6975725,50.01821],[5.6976959,50.0182307],[5.698396,50.018017],[5.6984282,50.0180704],[5.6985569,50.0180739],[5.6987447,50.0181704],[5.700008,50.0177671],[5.70151,50.0173259],[5.7011559,50.0167249],[5.7024059,50.0161798],[5.7030174,50.0159144],[5.7034772,50.0156613],[5.7029209,50.015337],[5.7027224,50.0155024],[5.702481,50.0155679],[5.7022262,50.0155886],[5.7019016,50.0155886],[5.7016629,50.0155455],[5.7014134,50.0156972],[5.7006249,50.016035],[5.7005364,50.0160247],[5.7002467,50.0164762],[5.6998363,50.0171053],[5.6997263,50.0171036],[5.6996781,50.017207],[5.6995922,50.0172018],[5.6995413,50.0171432],[5.6992248,50.0170915],[5.6992114,50.0171312],[5.698868,50.0171312],[5.698919,50.0176568],[5.6985971,50.0177102],[5.6976342,50.0175689],[5.6975886,50.0167348]]]}},{"type":"Feature","properties":{"t":"grama"},"geometry":{"type":"Polygon","coordinates":[[[5.695898,50.0191622],[5.695819,50.01903],[5.6956869,50.0188339],[5.6952766,50.0181601],[5.6942868,50.0167244],[5.6942707,50.016752],[5.6945255,50.0172794],[5.6947187,50.0179153],[5.694952,50.0189649],[5.6950244,50.0192079],[5.6951612,50.0193165],[5.6953973,50.0193544],[5.695898,50.0191622]]]}},{"type":"Feature","properties":{"t":"grama"},"geometry":{"type":"Polygon","coordinates":[[[5.6962414,50.019044],[5.6972909,50.018684],[5.6974009,50.0186082],[5.6973848,50.018491],[5.6972855,50.018391],[5.6964567,50.0179498],[5.6955984,50.0173897],[5.6946838,50.0166262],[5.6946516,50.0166538],[5.6952175,50.0174586],[5.6961659,50.0189157],[5.6962414,50.019044]]]}},{"type":"Feature","properties":{"t":"grama"},"geometry":{"type":"Polygon","coordinates":[[[5.6951773,50.0194406],[5.6951854,50.0194044],[5.6950057,50.0193044],[5.6949145,50.0193061],[5.6948125,50.0194854],[5.6947213,50.0195681],[5.6947535,50.0195939],[5.6951773,50.0194406]]]}},{"type":"Feature","properties":{"t":"grama"},"geometry":{"type":"Polygon","coordinates":[[[5.6943431,50.0198559],[5.6943485,50.0198886],[5.6945175,50.0198904],[5.6946436,50.0199093],[5.694724,50.0198904],[5.6947213,50.0197818],[5.6946623,50.0197422],[5.6943431,50.0198559]]]}},{"type":"Feature","properties":{"t":"prado"},"geometry":{"type":"Polygon","coordinates":[[[5.6872112,50.0269953],[5.6870338,50.0271579],[5.6865138,50.0276346],[5.6851003,50.0264887],[5.6850654,50.0265077],[5.6848984,50.0263812],[5.6842644,50.0267601],[5.6846048,50.0272088],[5.6844348,50.0272693],[5.6848186,50.0274899],[5.6845397,50.0275691],[5.6845558,50.0276708],[5.6843948,50.028155],[5.6841581,50.0286792],[5.6854572,50.0289556],[5.6856962,50.028183],[5.685811,50.0281412],[5.6867552,50.028603],[5.6869858,50.0284996],[5.6883001,50.0277035],[5.6872112,50.0269953]]]}},{"type":"Feature","properties":{"t":"prado"},"geometry":{"type":"Polygon","coordinates":[[[5.6894106,50.0285926],[5.6886756,50.027962],[5.6883001,50.0277035],[5.6869858,50.0284996],[5.6875867,50.028827],[5.6874525,50.0290027],[5.6882032,50.0295602],[5.6894106,50.0285926]]]}},{"type":"Feature","properties":{"t":"prado"},"geometry":{"type":"Polygon","coordinates":[[[5.6825124,50.0272983],[5.6824106,50.0273986],[5.6832844,50.0277475],[5.6841306,50.0270115],[5.6839147,50.0267455],[5.6837396,50.0264562],[5.6825124,50.0272983]]]}},{"type":"Feature","properties":{"t":"prado"},"geometry":{"type":"Polygon","coordinates":[[[5.6806532,50.028858],[5.6776866,50.0321196],[5.6776974,50.0322161],[5.6783558,50.0329854],[5.6810501,50.0300624],[5.6808848,50.0292817],[5.6810335,50.0290298],[5.6806532,50.028858]]]}},{"type":"Feature","properties":{"t":"prado"},"geometry":{"type":"Polygon","coordinates":[[[5.6810501,50.0300624],[5.6783558,50.0329854],[5.6790304,50.0337719],[5.6815923,50.0310839],[5.6813425,50.0309187],[5.681246,50.0306151],[5.6810501,50.0300624]]]}},{"type":"Feature","properties":{"t":"prado"},"geometry":{"type":"Polygon","coordinates":[[[5.6815923,50.0310839],[5.6790304,50.0337719],[5.6802079,50.0351657],[5.6803742,50.034971],[5.6807792,50.0344231],[5.6802428,50.0340251],[5.6820908,50.0318284],[5.6818172,50.0314356],[5.6816751,50.0311427],[5.6815923,50.0310839]]]}},{"type":"Feature","properties":{"t":"prado"},"geometry":{"type":"Polygon","coordinates":[[[5.6820908,50.0318284],[5.6802428,50.0340251],[5.6807792,50.0344231],[5.6820819,50.0348621],[5.6822684,50.03455],[5.6825334,50.0340613],[5.6831503,50.0332481],[5.6837511,50.0324005],[5.6833139,50.0321971],[5.6829092,50.0320913],[5.6826165,50.0320817],[5.6823376,50.0318974],[5.6820908,50.0318284]]]}},{"type":"Feature","properties":{"t":"prado"},"geometry":{"type":"Polygon","coordinates":[[[5.6791332,50.035712],[5.6801784,50.0352122],[5.6776786,50.0322798],[5.6775445,50.0322867],[5.6768954,50.0329966],[5.6791332,50.035712]]]}},{"type":"Feature","properties":{"t":"prado"},"geometry":{"type":"Polygon","coordinates":[[[5.6808428,50.0366517],[5.6812566,50.0365043],[5.6801784,50.0352122],[5.6791332,50.035712],[5.6785404,50.0359954],[5.6791913,50.0365077],[5.6798755,50.0369988],[5.6802883,50.0368641],[5.6801904,50.0368533],[5.6799614,50.0368513],[5.6796419,50.0364043],[5.6797037,50.0359582],[5.6798512,50.0359409],[5.6799422,50.0357911],[5.6800362,50.0358307],[5.6801838,50.036003],[5.6803742,50.0361201],[5.6805297,50.0362965],[5.6808032,50.0365108],[5.6808428,50.0366517]]]}},{"type":"Feature","properties":{"t":"prado"},"geometry":{"type":"Polygon","coordinates":[[[5.6813237,50.02719],[5.6797948,50.0264146],[5.679599,50.0263853],[5.6794354,50.0264353],[5.6789057,50.0270496],[5.68057,50.0276535],[5.6805754,50.0275502],[5.6811306,50.0273072],[5.6813237,50.02719]]]}},{"type":"Feature","properties":{"t":"prado"},"geometry":{"type":"Polygon","coordinates":[[[5.6811306,50.0273072],[5.6805754,50.0275502],[5.68057,50.0276535],[5.6806988,50.0277123],[5.6808096,50.0276214],[5.681034,50.0277121],[5.6811681,50.0274709],[5.6811306,50.0273072]]]}},{"type":"Feature","properties":{"t":"prado"},"geometry":{"type":"Polygon","coordinates":[[[5.6806988,50.0277123],[5.68057,50.0276535],[5.6789057,50.0270496],[5.6788346,50.0271194],[5.6805771,50.0278122],[5.6806988,50.0277123]]]}},{"type":"Feature","properties":{"t":"prado"},"geometry":{"type":"Polygon","coordinates":[[[5.6805771,50.0278122],[5.6788346,50.0271194],[5.6783599,50.0276794],[5.6802133,50.0284014],[5.6806134,50.0282834],[5.6804413,50.0280723],[5.6804386,50.0279258],[5.6805771,50.0278122]]]}},{"type":"Feature","properties":{"t":"prado"},"geometry":{"type":"Polygon","coordinates":[[[5.6781694,50.0278982],[5.6782982,50.0279706],[5.6789741,50.0282601],[5.6795642,50.0284961],[5.6805298,50.0288494],[5.6809415,50.0284365],[5.6806134,50.0282834],[5.6802133,50.0284014],[5.6783599,50.0276794],[5.6781694,50.0278982]]]}},{"type":"Feature","properties":{"t":"lavoura"},"geometry":{"type":"Polygon","coordinates":[[[5.6805298,50.0288494],[5.6795642,50.0284961],[5.6789741,50.0282601],[5.6764555,50.0310428],[5.6768095,50.0311668],[5.676975,50.0313397],[5.6770188,50.0313219],[5.6776464,50.0320352],[5.6791967,50.0303191],[5.6805298,50.0288494]]]}},{"type":"Feature","properties":{"t":"prado"},"geometry":{"type":"Polygon","coordinates":[[[5.7654496,50.0204672],[5.7653616,50.0206225],[5.7651136,50.0209759],[5.7647455,50.0215007],[5.7643264,50.0220979],[5.7637677,50.0228943],[5.7635375,50.0232224],[5.7633328,50.0235141],[5.7662741,50.0250309],[5.7666719,50.023501],[5.7673048,50.0210134],[5.7654496,50.0204672]]]}},{"type":"Feature","properties":{"t":"prado"},"geometry":{"type":"Polygon","coordinates":[[[5.6945718,50.0222111],[5.6939971,50.0213897],[5.6941098,50.021338],[5.6941654,50.0213017],[5.6939016,50.0210749],[5.6932191,50.020597],[5.6931243,50.0205236],[5.693024,50.0204645],[5.692581,50.0206238],[5.6925198,50.0205576],[5.6922993,50.0205739],[5.692639,50.0207921],[5.6923879,50.0213789],[5.6922996,50.0214454],[5.6918009,50.0218071],[5.6920684,50.0220863],[5.6922997,50.0224174],[5.6924752,50.0223387],[5.6922579,50.0220272],[5.6930825,50.0214526],[5.6934587,50.0213076],[5.6938181,50.0215475],[5.6945718,50.0222111]]]}},{"type":"Feature","properties":{"t":"prado"},"geometry":{"type":"Polygon","coordinates":[[[5.6925198,50.0205576],[5.692581,50.0206238],[5.693024,50.0204645],[5.6931243,50.0205236],[5.6930463,50.0204072],[5.6932358,50.0203929],[5.6932971,50.0205433],[5.6932191,50.020597],[5.6939016,50.0210749],[5.6940964,50.0210174],[5.6933641,50.0204987],[5.6933668,50.020447],[5.6934875,50.0203557],[5.6944478,50.0208089],[5.6944612,50.0208606],[5.6941554,50.0210398],[5.6943673,50.02117],[5.6949492,50.0207903],[5.6946706,50.0206578],[5.694236,50.0204591],[5.6938404,50.020273],[5.6932079,50.0203141],[5.6925198,50.0205576]]]}},{"type":"Feature","properties":{"t":"prado"},"geometry":{"type":"Polygon","coordinates":[[[5.6932079,50.0203141],[5.6938404,50.020273],[5.694236,50.0204591],[5.6946706,50.0206578],[5.6949492,50.0207903],[5.6943673,50.02117],[5.6941654,50.0213017],[5.6941098,50.021338],[5.6949735,50.022272],[5.6953543,50.0224581],[5.6956816,50.0222737],[5.6956494,50.0221945],[5.6958291,50.0221462],[5.696556,50.0222238],[5.69668,50.0216865],[5.6955789,50.0206077],[5.6954953,50.0206417],[5.6950384,50.0203965],[5.6950774,50.020307],[5.6946372,50.0201387],[5.6943892,50.0200778],[5.6940632,50.0200671],[5.6938376,50.0200993],[5.6934364,50.0202318],[5.6932079,50.0203141]]]}},{"type":"Feature","properties":{"t":"prado"},"geometry":{"type":"Polygon","coordinates":[[[5.6929082,50.0269367],[5.6930074,50.0271969],[5.6940758,50.0267219],[5.6948518,50.0272826],[5.6954241,50.0273727],[5.6956574,50.0272792],[5.6952685,50.0270315],[5.6948581,50.026568],[5.6945524,50.0267593],[5.6941393,50.0263578],[5.6945416,50.0261527],[5.6950888,50.0258787],[5.6948378,50.0256233],[5.6943196,50.0251633],[5.694119,50.0249914],[5.6938181,50.025097],[5.6934419,50.0253297],[5.6929572,50.0250559],[5.6922857,50.024637],[5.6918065,50.0242772],[5.6914304,50.0239192],[5.6910153,50.02422],[5.6912549,50.0244491],[5.6916449,50.0247534],[5.692556,50.0253942],[5.6926479,50.0253852],[5.69296,50.0256895],[5.6932469,50.0262461],[5.6934447,50.0266381],[5.6937679,50.026511],[5.6938738,50.0267205],[5.6935116,50.0267473],[5.6934642,50.0267151],[5.6929082,50.0269367]]]}},{"type":"Feature","properties":{"t":"prado"},"geometry":{"type":"Polygon","coordinates":[[[5.692503,50.0237224],[5.6921158,50.0239855],[5.6930658,50.0246155],[5.6938181,50.025097],[5.694119,50.0249914],[5.6936175,50.0246209],[5.6930714,50.0241358],[5.6927259,50.0238494],[5.692503,50.0237224]]]}},{"type":"Feature","properties":{"t":"prado"},"geometry":{"type":"Polygon","coordinates":[[[5.6931254,50.0236506],[5.6932863,50.0235879],[5.6927204,50.0231227],[5.6923749,50.0228685],[5.6919235,50.0225821],[5.6915056,50.0222241],[5.6912939,50.022071],[5.6906587,50.0225642],[5.6907562,50.0226126],[5.690394,50.0228596],[5.6908367,50.0229443],[5.691894,50.0232699],[5.6921882,50.0230529],[5.693063,50.0236758],[5.6931254,50.0236506]]]}},{"type":"Feature","properties":{"t":"prado"},"geometry":{"type":"Polygon","coordinates":[[[5.6931254,50.0236506],[5.693063,50.0236758],[5.6921882,50.0230529],[5.691894,50.0232699],[5.6916951,50.0234342],[5.6919876,50.02347],[5.6922885,50.0235756],[5.6926591,50.0237564],[5.692946,50.0239747],[5.6934983,50.0244692],[5.693745,50.024383],[5.6931254,50.0236506]]]}},{"type":"Feature","properties":{"t":"prado"},"geometry":{"type":"Polygon","coordinates":[[[5.6922997,50.0224174],[5.6920405,50.0225248],[5.6917647,50.0222313],[5.6914482,50.0219378],[5.6912604,50.0218232],[5.6908189,50.0216499],[5.6906841,50.0217677],[5.6909986,50.0219019],[5.6912939,50.022071],[5.6915056,50.0222241],[5.6919235,50.0225821],[5.6923749,50.0228685],[5.6927204,50.0231227],[5.6932863,50.0235879],[5.6949574,50.0229372],[5.6948662,50.0227097],[5.6946892,50.0223789],[5.6945718,50.0222111],[5.6938181,50.0215475],[5.6934587,50.0213076],[5.6930825,50.0214526],[5.6922579,50.0220272],[5.6924752,50.0223387],[5.6922997,50.0224174]]]}},{"type":"Feature","properties":{"t":"prado"},"geometry":{"type":"Polygon","coordinates":[[[5.6914482,50.0219378],[5.6917647,50.0222313],[5.6920405,50.0225248],[5.6922997,50.0224174],[5.6920684,50.0220863],[5.6918009,50.0218071],[5.6916589,50.0218053],[5.6914482,50.0219378]]]}},{"type":"Feature","properties":{"t":"prado"},"geometry":{"type":"Polygon","coordinates":[[[5.6920109,50.0205967],[5.6923144,50.0204674],[5.6921923,50.020425],[5.6920934,50.0204293],[5.6920208,50.0204547],[5.6919581,50.0205225],[5.6919713,50.0205734],[5.6920109,50.0205967]]]}},{"type":"Feature","properties":{"t":"prado"},"geometry":{"type":"Polygon","coordinates":[[[5.6901711,50.011568],[5.689927,50.0116552],[5.6900165,50.0117319],[5.6905428,50.0123752],[5.6913213,50.0132765],[5.6919398,50.0140993],[5.6925774,50.0148802],[5.6933017,50.0157536],[5.6936706,50.0162277],[5.6939554,50.0169616],[5.6943814,50.0180632],[5.6946391,50.0187169],[5.694647,50.0188203],[5.6941554,50.0194202],[5.6935813,50.0198421],[5.6933993,50.0199736],[5.6934244,50.0200038],[5.6934617,50.0200486],[5.6943,50.0197383],[5.694593,50.0195762],[5.694753,50.0193792],[5.6948235,50.0191614],[5.694791,50.0188197],[5.6945685,50.0179308],[5.6942376,50.0169633],[5.693752,50.01609],[5.6928812,50.0149639],[5.6920267,50.0138465],[5.6912617,50.0129017],[5.6901711,50.011568]]]}},{"type":"Feature","properties":{"t":"prado"},"geometry":{"type":"Polygon","coordinates":[[[5.6871079,50.0241429],[5.6869673,50.0243972],[5.6867394,50.0245819],[5.6869375,50.0246639],[5.688047,50.0251902],[5.6888229,50.0249305],[5.6890616,50.0248207],[5.6888717,50.0246935],[5.6886384,50.0247928],[5.688576,50.0248155],[5.6873742,50.024263],[5.6871079,50.0241429]]]}},{"type":"Feature","properties":{"t":"prado"},"geometry":{"type":"Polygon","coordinates":[[[5.6879358,50.0239075],[5.6884675,50.02408],[5.6886167,50.0238674],[5.6883373,50.0237367],[5.6882477,50.0237611],[5.6880904,50.0237367],[5.6879493,50.0237785],[5.6879032,50.0237332],[5.6881257,50.0236408],[5.6881772,50.0234421],[5.6879656,50.0231615],[5.6872603,50.0235292],[5.6879358,50.0239075]]]}},{"type":"Feature","properties":{"t":"prado"},"geometry":{"type":"Polygon","coordinates":[[[5.6886384,50.0247928],[5.6885651,50.0247458],[5.6889612,50.0245331],[5.6892135,50.0243066],[5.6884675,50.02408],[5.6879358,50.0239075],[5.6873742,50.024263],[5.688576,50.0248155],[5.6886384,50.0247928]]]}},{"type":"Feature","properties":{"t":"prado"},"geometry":{"type":"Polygon","coordinates":[[[5.6869375,50.0246639],[5.6865088,50.0249392],[5.6863759,50.0248643],[5.6859771,50.0251344],[5.6861209,50.0252146],[5.6859829,50.025301],[5.686433,50.0255813],[5.6867989,50.0258101],[5.6868588,50.0257828],[5.6874719,50.0255213],[5.688047,50.0251902],[5.6869375,50.0246639]]]}},{"type":"Feature","properties":{"t":"prado"},"geometry":{"type":"Polygon","coordinates":[[[5.6870338,50.0271579],[5.6854267,50.0261123],[5.68528,50.0262285],[5.6853899,50.0263302],[5.6851003,50.0264887],[5.6865138,50.0276346],[5.6870338,50.0271579]]]}},{"type":"Feature","properties":{"t":"prado"},"geometry":{"type":"Polygon","coordinates":[[[5.6856184,50.0259604],[5.6854267,50.0261123],[5.6870338,50.0271579],[5.6872112,50.0269953],[5.6856184,50.0259604]]]}},{"type":"Feature","properties":{"t":"prado"},"geometry":{"type":"Polygon","coordinates":[[[5.6856184,50.0259604],[5.6872112,50.0269953],[5.6872522,50.0269382],[5.687754,50.0264189],[5.6876482,50.0263509],[5.6867557,50.0258298],[5.6863824,50.0256128],[5.6858362,50.0259522],[5.6857139,50.0258794],[5.6856184,50.0259604]]]}},{"type":"Feature","properties":{"t":"prado"},"geometry":{"type":"Polygon","coordinates":[[[5.6850793,50.0260427],[5.68528,50.0262285],[5.6854267,50.0261123],[5.6856184,50.0259604],[5.6857139,50.0258794],[5.6854834,50.0257409],[5.6850793,50.0260427]]]}},{"type":"Feature","properties":{"t":"prado"},"geometry":{"type":"Polygon","coordinates":[[[5.6850793,50.0260427],[5.6854834,50.0257409],[5.6855539,50.025666],[5.6853451,50.0255457],[5.6853125,50.0255632],[5.6850412,50.0253906],[5.6851714,50.0252965],[5.6853722,50.0249549],[5.6852528,50.0249044],[5.6850629,50.0250665],[5.6848975,50.0253174],[5.6846106,50.0256906],[5.6850793,50.0260427]]]}},{"type":"Feature","properties":{"t":"prado"},"geometry":{"type":"Polygon","coordinates":[[[5.6892135,50.0243066],[5.6898934,50.0246147],[5.6904901,50.0244727],[5.6896801,50.0241375],[5.6887035,50.0238743],[5.6887523,50.0237994],[5.6887225,50.023782],[5.6889821,50.0235284],[5.6891096,50.0233232],[5.6889684,50.0233044],[5.6888264,50.0232577],[5.6884898,50.0230307],[5.6882113,50.0232085],[5.6883237,50.0232992],[5.6883373,50.0237367],[5.6886167,50.0238674],[5.6884675,50.02408],[5.6892135,50.0243066]]]}},{"type":"Feature","properties":{"t":"prado"},"geometry":{"type":"Polygon","coordinates":[[[5.6904901,50.0244727],[5.6906024,50.024446],[5.6907435,50.0245872],[5.6920836,50.0255684],[5.692556,50.0253942],[5.6916449,50.0247534],[5.6912549,50.0244491],[5.6910153,50.02422],[5.6889821,50.0235284],[5.6887225,50.023782],[5.6887523,50.0237994],[5.6887035,50.0238743],[5.6896801,50.0241375],[5.6904901,50.0244727]]]}},{"type":"Feature","properties":{"t":"prado"},"geometry":{"type":"Polygon","coordinates":[[[5.6888229,50.0249305],[5.688047,50.0251902],[5.6874719,50.0255213],[5.6868588,50.0257828],[5.6877215,50.0263091],[5.6877785,50.0263501],[5.6886547,50.0258978],[5.6888446,50.0257514],[5.6892867,50.0254778],[5.6895513,50.0253169],[5.6888229,50.0249305]]]}},{"type":"Feature","properties":{"t":"prado"},"geometry":{"type":"Polygon","coordinates":[[[5.6890616,50.0248207],[5.6888229,50.0249305],[5.6895513,50.0253169],[5.6895906,50.025293],[5.6898673,50.0252285],[5.6899297,50.0251815],[5.689927,50.0249706],[5.6895173,50.024629],[5.6892271,50.0247423],[5.6890616,50.0248207]]]}},{"type":"Feature","properties":{"t":"prado"},"geometry":{"type":"Polygon","coordinates":[[[5.692556,50.0253942],[5.6920836,50.0255684],[5.6907435,50.0245872],[5.6906594,50.0246168],[5.6905075,50.0245122],[5.6899595,50.0246447],[5.6898934,50.0246147],[5.6892135,50.0243066],[5.6889612,50.0245331],[5.6892271,50.0247423],[5.6895173,50.024629],[5.689927,50.0249706],[5.6899297,50.0251815],[5.6898673,50.0252285],[5.6906024,50.02572],[5.6909253,50.0260145],[5.6911586,50.0262638],[5.6914437,50.0265885],[5.6918422,50.0262986],[5.6920375,50.0263387],[5.6922871,50.0266245],[5.6924933,50.0267517],[5.6929082,50.0269367],[5.6934642,50.0267151],[5.6934447,50.0266381],[5.6932469,50.0262461],[5.69296,50.0256895],[5.6926479,50.0253852],[5.692556,50.0253942]]]}},{"type":"Feature","properties":{"t":"prado"},"geometry":{"type":"Polygon","coordinates":[[[5.6914437,50.0265885],[5.6915167,50.0266716],[5.6918017,50.0270876],[5.6924093,50.026935],[5.6925943,50.026985],[5.6929082,50.0269367],[5.6924933,50.0267517],[5.6922871,50.0266245],[5.6920375,50.0263387],[5.6918422,50.0262986],[5.6914437,50.0265885]]]}},{"type":"Feature","properties":{"t":"prado"},"geometry":{"type":"Polygon","coordinates":[[[5.6918017,50.0270876],[5.6915167,50.0266716],[5.6914437,50.0265885],[5.6911586,50.0262638],[5.6909253,50.0260145],[5.6906024,50.02572],[5.6898673,50.0252285],[5.6895906,50.025293],[5.6895513,50.0253169],[5.6892867,50.0254778],[5.6888446,50.0257514],[5.6886547,50.0258978],[5.6888554,50.0259727],[5.6896747,50.0263649],[5.6898619,50.026513],[5.6901847,50.0267901],[5.6907435,50.027407],[5.690909,50.0276998],[5.6909849,50.0279769],[5.6910092,50.0281515],[5.6914544,50.0280723],[5.6919211,50.0279379],[5.6919748,50.0275347],[5.6918017,50.0270876]]]}},{"type":"Feature","properties":{"t":"prado"},"geometry":{"type":"Polygon","coordinates":[[[5.6901847,50.0267901],[5.6898619,50.026513],[5.6896747,50.0263649],[5.6888554,50.0259727],[5.6886547,50.0258978],[5.6877785,50.0263501],[5.6877567,50.0263614],[5.6877947,50.0263892],[5.687754,50.0264189],[5.689419,50.0273278],[5.6901847,50.0267901]]]}},{"type":"Feature","properties":{"t":"prado"},"geometry":{"type":"Polygon","coordinates":[[[5.689419,50.0273278],[5.687754,50.0264189],[5.6872522,50.0269382],[5.6886709,50.0278532],[5.689419,50.0273278]]]}},{"type":"Feature","properties":{"t":"prado"},"geometry":{"type":"Polygon","coordinates":[[[5.6910092,50.0281515],[5.6909849,50.0279769],[5.690909,50.0276998],[5.6907435,50.027407],[5.6901847,50.0267901],[5.689419,50.0273278],[5.6886709,50.0278532],[5.6872522,50.0269382],[5.6872112,50.0269953],[5.6883001,50.0277035],[5.6886756,50.027962],[5.6894106,50.0285926],[5.6910092,50.0281515]]]}},{"type":"Feature","properties":{"t":"prado"},"geometry":{"type":"Polygon","coordinates":[[[5.6810889,50.0199885],[5.6829362,50.0209921],[5.6847113,50.0217506],[5.6851476,50.0215198],[5.685528,50.0212248],[5.684833,50.0209675],[5.6839239,50.0206408],[5.6833679,50.0203987],[5.6828704,50.0201037],[5.6815681,50.0194103],[5.6810889,50.0199885]]]}},{"type":"Feature","properties":{"t":"prado"},"geometry":{"type":"Polygon","coordinates":[[[5.6798942,50.0213476],[5.6804089,50.0213207],[5.6805121,50.0213263],[5.6811046,50.0213238],[5.681768,50.0212952],[5.6817629,50.0213134],[5.6827917,50.0214481],[5.683271,50.0215527],[5.6841215,50.0218359],[5.6844746,50.0219377],[5.68463,50.0217936],[5.6847113,50.0217506],[5.6829362,50.0209921],[5.6810889,50.0199885],[5.6798942,50.0213476]]]}},{"type":"Feature","properties":{"t":"prado"},"geometry":{"type":"Polygon","coordinates":[[[5.6835471,50.0219088],[5.683222,50.0222831],[5.683245,50.022297],[5.683969,50.0227705],[5.6842788,50.0225105],[5.6841507,50.0224541],[5.684374,50.0221528],[5.6842751,50.0221227],[5.6844481,50.0219622],[5.6837355,50.0217302],[5.6832015,50.0215633],[5.6828046,50.0214787],[5.6826546,50.0214622],[5.6835471,50.0219088]]]}},{"type":"Feature","properties":{"t":"prado"},"geometry":{"type":"Polygon","coordinates":[[[5.681757,50.0213346],[5.681744,50.0213809],[5.6815628,50.0213502],[5.6815423,50.0214183],[5.6824894,50.0218422],[5.683222,50.0222831],[5.6835471,50.0219088],[5.6826546,50.0214622],[5.681757,50.0213346]]]}},{"type":"Feature","properties":{"t":"prado"},"geometry":{"type":"Polygon","coordinates":[[[5.6836825,50.019596],[5.6840117,50.0198075],[5.6843556,50.0199885],[5.6849263,50.0202189],[5.6855318,50.0204268],[5.6858423,50.0201349],[5.6863489,50.0195615],[5.686532,50.0192171],[5.6861152,50.019133],[5.6860383,50.0192129],[5.6842934,50.0187804],[5.6836825,50.019596]]]}},{"type":"Feature","properties":{"t":"prado"},"geometry":{"type":"Polygon","coordinates":[[[5.68463,50.0217936],[5.6849555,50.0218853],[5.6848154,50.0220367],[5.68534,50.022168],[5.6853626,50.0221126],[5.6854631,50.0221215],[5.685849,50.0211241],[5.6857707,50.0210991],[5.6857026,50.0211847],[5.6849288,50.0209446],[5.6851159,50.0206951],[5.6854337,50.020452],[5.6848787,50.0202447],[5.684319,50.0200379],[5.6839715,50.0198475],[5.6835874,50.0196031],[5.6828704,50.0201037],[5.6833679,50.0203987],[5.6839239,50.0206408],[5.684833,50.0209675],[5.685528,50.0212248],[5.6851476,50.0215198],[5.6847113,50.0217506],[5.68463,50.0217936]]]}},{"type":"Feature","properties":{"t":"prado"},"geometry":{"type":"Polygon","coordinates":[[[5.683969,50.0227705],[5.6843836,50.0230417],[5.684746,50.0233162],[5.6850503,50.0231229],[5.6852862,50.0225452],[5.6851944,50.0225237],[5.6853322,50.022187],[5.6847946,50.0220592],[5.6845422,50.0220051],[5.6844141,50.022165],[5.684374,50.0221528],[5.6841507,50.0224541],[5.6842788,50.0225105],[5.683969,50.0227705]]]}},{"type":"Feature","properties":{"t":"prado"},"geometry":{"type":"Polygon","coordinates":[[[5.6842751,50.0221227],[5.684374,50.0221528],[5.6844141,50.022165],[5.6845422,50.0220051],[5.6847946,50.0220592],[5.6848154,50.0220367],[5.6849555,50.0218853],[5.68463,50.0217936],[5.6844746,50.0219377],[5.6844481,50.0219622],[5.6842751,50.0221227]]]}},{"type":"Feature","properties":{"t":"prado"},"geometry":{"type":"Polygon","coordinates":[[[5.682007,50.023117],[5.6827589,50.0234607],[5.6828848,50.0234383],[5.683217,50.0236472],[5.683175,50.0237101],[5.6834163,50.0238247],[5.6837415,50.0239078],[5.6838185,50.0238539],[5.6841402,50.0238831],[5.6844549,50.023782],[5.6847382,50.0238157],[5.6848326,50.023773],[5.6850809,50.0237618],[5.6851571,50.0240169],[5.6856049,50.0237519],[5.6852931,50.0235491],[5.6851563,50.0236018],[5.684899,50.0235798],[5.6844409,50.0231732],[5.6830701,50.0224295],[5.6831191,50.0223239],[5.6822553,50.0218172],[5.6814528,50.0214858],[5.6813164,50.0214555],[5.6811328,50.0214263],[5.6831228,50.0226092],[5.682007,50.023117]]]}},{"type":"Feature","properties":{"t":"prado"},"geometry":{"type":"Polygon","coordinates":[[[5.6843307,50.0248515],[5.6845837,50.0244909],[5.6849098,50.024313],[5.6848896,50.0241751],[5.6850854,50.0240593],[5.6847662,50.0238562],[5.6845668,50.0238404],[5.6842451,50.0239954],[5.6839898,50.0239595],[5.6835842,50.024119],[5.6843307,50.0248515]]]}},{"type":"Feature","properties":{"t":"lavoura"},"geometry":{"type":"Polygon","coordinates":[[[5.6832623,50.0252877],[5.6823107,50.0243319],[5.6819998,50.0244565],[5.6832636,50.0258677],[5.6836258,50.0257216],[5.6832623,50.0252877]]]}},{"type":"Feature","properties":{"t":"prado"},"geometry":{"type":"Polygon","coordinates":[[[5.685849,50.0211241],[5.6854631,50.0221215],[5.686242,50.0221903],[5.6863758,50.0218638],[5.6860381,50.0218058],[5.6861083,50.0216447],[5.6864293,50.0217349],[5.6866723,50.0213863],[5.685849,50.0211241]]]}},{"type":"Feature","properties":{"t":"lavoura"},"geometry":{"type":"Polygon","coordinates":[[[5.6875485,50.0175034],[5.6898364,50.0175958],[5.6903545,50.0183961],[5.692997,50.0191577],[5.6930612,50.0190753],[5.6931956,50.0188692],[5.6932964,50.0185002],[5.6932262,50.0182234],[5.692997,50.0178642],[5.6926427,50.0175482],[5.692215,50.0172282],[5.6917598,50.016973],[5.6911427,50.0167041],[5.6907548,50.0166045],[5.6896926,50.0164806],[5.6890912,50.0163924],[5.6886859,50.0162937],[5.6878818,50.016237],[5.6875485,50.0175034]]]}},{"type":"Feature","properties":{"t":"prado"},"geometry":{"type":"Polygon","coordinates":[[[5.6855318,50.0204268],[5.6859306,50.0205423],[5.6862116,50.020599],[5.686252,50.0205863],[5.6863751,50.0202756],[5.6864741,50.020133],[5.6868293,50.0201795],[5.6868098,50.0204058],[5.6870182,50.0204707],[5.687638,50.0204831],[5.6875158,50.0201874],[5.687318,50.0199375],[5.6869078,50.0195059],[5.6866921,50.0192297],[5.686532,50.0192171],[5.6863489,50.0195615],[5.6858423,50.0201349],[5.6855318,50.0204268]]]}},{"type":"Feature","properties":{"t":"prado"},"geometry":{"type":"Polygon","coordinates":[[[5.6850056,50.0174593],[5.6854141,50.0176819],[5.6860025,50.0179675],[5.686277,50.0182448],[5.6864764,50.0186081],[5.6866235,50.0189945],[5.687689,50.0190995],[5.6880976,50.0191562],[5.6887643,50.0193095],[5.689503,50.0195195],[5.6900292,50.0197022],[5.6906892,50.0199972],[5.6907761,50.0200528],[5.6903545,50.0183961],[5.6898364,50.0175958],[5.6875485,50.0175034],[5.6862411,50.0174446],[5.6850056,50.0174593]]]}},{"type":"Feature","properties":{"t":"prado"},"geometry":{"type":"Polygon","coordinates":[[[5.6906892,50.0199972],[5.6900292,50.0197022],[5.689503,50.0195195],[5.6887643,50.0193095],[5.6880976,50.0191562],[5.687689,50.0190995],[5.6866235,50.0189945],[5.6867215,50.0192003],[5.6870418,50.0195636],[5.6875223,50.0200929],[5.6876498,50.0203449],[5.6877282,50.020788],[5.6878132,50.0208636],[5.6880976,50.0209413],[5.6886597,50.0211345],[5.6890689,50.0213113],[5.6893853,50.0210403],[5.6898647,50.0207302],[5.6906892,50.0199972]]]}},{"type":"Feature","properties":{"t":"prado"},"geometry":{"type":"Polygon","coordinates":[[[5.688918,50.0213004],[5.6883721,50.0210778],[5.6882054,50.0212794],[5.6874275,50.0210316],[5.6869111,50.0216133],[5.6869765,50.0216805],[5.6874112,50.0217918],[5.6878263,50.0218548],[5.6878655,50.021796],[5.6883721,50.02188],[5.688918,50.0213004]]]}},{"type":"Feature","properties":{"t":"prado"},"geometry":{"type":"Polygon","coordinates":[[[5.6906268,50.0217166],[5.6911877,50.0211286],[5.6913858,50.0209499],[5.6916191,50.0207959],[5.6919064,50.020624],[5.6907761,50.0200528],[5.6906892,50.0199972],[5.6898647,50.0207302],[5.6893853,50.0210403],[5.6898966,50.0211984],[5.6901203,50.0214037],[5.6900948,50.0215043],[5.6906268,50.0217166]]]}},{"type":"Feature","properties":{"t":"prado"},"geometry":{"type":"Polygon","coordinates":[[[5.6916188,50.0159907],[5.6920208,50.0160876],[5.6920835,50.0162805],[5.6922748,50.0163802],[5.6927169,50.0166134],[5.69307,50.0168932],[5.692971,50.0169038],[5.6926806,50.01673],[5.6924893,50.0166579],[5.6921099,50.0165773],[5.6927924,50.0169946],[5.6932698,50.0174458],[5.6933669,50.0173893],[5.6931095,50.0171116],[5.6933075,50.0170607],[5.6937199,50.0173342],[5.6940268,50.0172621],[5.693866,50.0168494],[5.6936223,50.016221],[5.6932661,50.0157854],[5.6927537,50.015169],[5.6920881,50.0143679],[5.6911977,50.0149461],[5.6918913,50.0158978],[5.6916188,50.0159907]]]}},{"type":"Feature","properties":{"t":"prado"},"geometry":{"type":"Polygon","coordinates":[[[5.6919064,50.020624],[5.6918942,50.020518],[5.6918881,50.020465],[5.6919645,50.0204002],[5.6920928,50.0203727],[5.69227,50.0203904],[5.6923433,50.0204022],[5.6928779,50.0202236],[5.6932964,50.0200646],[5.6934244,50.0200038],[5.6933993,50.0199736],[5.6935813,50.0198421],[5.693555,50.0198018],[5.6941983,50.0192167],[5.6945612,50.0187546],[5.6946188,50.0187987],[5.6946238,50.0187514],[5.6944524,50.0183496],[5.6942243,50.0183464],[5.6936905,50.0192107],[5.6930612,50.0190753],[5.692997,50.0191577],[5.6903545,50.0183961],[5.6907761,50.0200528],[5.6919064,50.020624]]]}},{"type":"Feature","properties":{"t":"prado"},"geometry":{"type":"Polygon","coordinates":[[[5.6921099,50.0165773],[5.691902,50.0164459],[5.6918954,50.0163717],[5.6914335,50.0161576],[5.6914236,50.0160198],[5.6913199,50.0161348],[5.6911427,50.0167041],[5.6917598,50.016973],[5.692215,50.0172282],[5.6926427,50.0175482],[5.692997,50.0178642],[5.6932262,50.0182234],[5.6932964,50.0185002],[5.6931956,50.0188692],[5.6930612,50.0190753],[5.6936905,50.0192107],[5.6942243,50.0183464],[5.6941488,50.0183454],[5.6940334,50.0182648],[5.6932283,50.0174699],[5.6932698,50.0174458],[5.6927924,50.0169946],[5.6921099,50.0165773]]]}},{"type":"Feature","properties":{"t":"lavoura"},"geometry":{"type":"Polygon","coordinates":[[[5.6805059,50.0190687],[5.6796641,50.0188596],[5.6792717,50.019364],[5.6787087,50.0198651],[5.6781458,50.0202533],[5.6775261,50.0205619],[5.6783163,50.0209733],[5.6784918,50.0210231],[5.6794421,50.020313],[5.680036,50.0197323],[5.6805059,50.0190687]]]}},{"type":"Feature","properties":{"t":"lavoura"},"geometry":{"type":"Polygon","coordinates":[[[5.6815681,50.0194103],[5.6816524,50.019301],[5.6805059,50.0190687],[5.680036,50.0197323],[5.6794421,50.020313],[5.6784918,50.0210231],[5.6789721,50.0211459],[5.6796746,50.0213274],[5.6798494,50.0213499],[5.6798942,50.0213476],[5.6810889,50.0199885],[5.6815681,50.0194103]]]}},{"type":"Feature","properties":{"t":"lavoura"},"geometry":{"type":"Polygon","coordinates":[[[5.6802883,50.0214634],[5.6796938,50.0213948],[5.6796875,50.0213728],[5.6792613,50.0212753],[5.6790238,50.0215208],[5.6796125,50.022138],[5.6802883,50.0214634]]]}},{"type":"Feature","properties":{"t":"lavoura"},"geometry":{"type":"Polygon","coordinates":[[[5.6802883,50.0214634],[5.6796125,50.022138],[5.6798759,50.0224266],[5.6808251,50.0232091],[5.6808985,50.0231642],[5.6812167,50.0233933],[5.6815664,50.0232203],[5.682007,50.023117],[5.6831228,50.0226092],[5.6811328,50.0214263],[5.6802883,50.0214634]]]}},{"type":"Feature","properties":{"t":"lavoura"},"geometry":{"type":"Polygon","coordinates":[[[5.6798759,50.0225029],[5.6774383,50.0259104],[5.6771491,50.0263517],[5.6778566,50.0265275],[5.6787449,50.0264512],[5.6795867,50.0262953],[5.6805162,50.0260763],[5.6808519,50.0260066],[5.6814045,50.0260099],[5.6825407,50.0261327],[5.6811205,50.0247094],[5.6819158,50.0244572],[5.6816162,50.0239761],[5.6812238,50.023578],[5.6804801,50.0229675],[5.6798759,50.0225029]]]}},{"type":"Feature","properties":{"t":"lavoura"},"geometry":{"type":"Polygon","coordinates":[[[5.6819158,50.0244572],[5.6811205,50.0247094],[5.6825407,50.0261327],[5.6835296,50.0262322],[5.6819158,50.0244572]]]}},{"type":"Feature","properties":{"t":"prado"},"geometry":{"type":"Polygon","coordinates":[[[5.6828768,50.0261988],[5.6816498,50.026073],[5.6824479,50.0265551],[5.6829948,50.02689],[5.6832033,50.0267385],[5.6828649,50.0265293],[5.6829362,50.0264882],[5.6827058,50.0263707],[5.6828768,50.0261988]]]}},{"type":"Feature","properties":{"t":"prado"},"geometry":{"type":"Polygon","coordinates":[[[5.6805911,50.0260962],[5.682115,50.0270884],[5.6824583,50.0272314],[5.682756,50.0270418],[5.6822178,50.0267053],[5.6824479,50.0265551],[5.6816498,50.026073],[5.6811902,50.0260232],[5.6809655,50.0260365],[5.6805911,50.0260962]]]}},{"type":"Feature","properties":{"t":"prado"},"geometry":{"type":"Polygon","coordinates":[[[5.682115,50.0270884],[5.6805911,50.0260962],[5.6801134,50.0262173],[5.6795273,50.026345],[5.6789618,50.0264363],[5.6786261,50.0264827],[5.6780503,50.0265408],[5.6777792,50.026564],[5.6773557,50.0266303],[5.6769813,50.0267149],[5.6766895,50.0268145],[5.6760719,50.0269367],[5.6762087,50.0269936],[5.677169,50.0274244],[5.6778127,50.0277276],[5.6781694,50.0278982],[5.6783599,50.0276794],[5.6788346,50.0271194],[5.6789057,50.0270496],[5.6794354,50.0264353],[5.679599,50.0263853],[5.6797948,50.0264146],[5.6813237,50.02719],[5.6817502,50.0273813],[5.682115,50.0270884]]]}},{"type":"Feature","properties":{"t":"prado"},"geometry":{"type":"Polygon","coordinates":[[[5.6831179,50.0242084],[5.6829561,50.0242671],[5.6836615,50.0249633],[5.6837957,50.0248878],[5.6831179,50.0242084]]]}},{"type":"Feature","properties":{"t":"prado"},"geometry":{"type":"Polygon","coordinates":[[[5.6837957,50.0248878],[5.6841061,50.0251715],[5.6843307,50.0248515],[5.6835842,50.024119],[5.6835249,50.0240471],[5.6831179,50.0242084],[5.6837957,50.0248878]]]}},{"type":"Feature","properties":{"t":"prado"},"geometry":{"type":"Polygon","coordinates":[[[5.6839253,50.015926],[5.6839381,50.0161293],[5.6840108,50.0163491],[5.6841476,50.0166018],[5.6843614,50.0168848],[5.6844939,50.0170194],[5.6847889,50.0173106],[5.6850056,50.0174593],[5.6862411,50.0174446],[5.6875485,50.0175034],[5.6878818,50.016237],[5.6863109,50.0161458],[5.6856696,50.0167282],[5.6853618,50.0166485],[5.6851138,50.0164562],[5.6839253,50.015926]]]}},{"type":"Feature","properties":{"t":"prado"},"geometry":{"type":"Polygon","coordinates":[[[5.6839253,50.015926],[5.6851138,50.0164562],[5.6853404,50.016209],[5.6855713,50.0162749],[5.6856568,50.0161925],[5.685148,50.0159892],[5.68434,50.0155414],[5.6842631,50.0155167],[5.6840963,50.0156568],[5.6839424,50.0158354],[5.6839253,50.015926]]]}},{"type":"Feature","properties":{"t":"prado"},"geometry":{"type":"Polygon","coordinates":[[[5.6877004,50.0123106],[5.6874866,50.0124095],[5.6873669,50.0124975],[5.6872515,50.0125909],[5.6871061,50.0130909],[5.6869736,50.0133766],[5.6867855,50.0136486],[5.6863537,50.0140112],[5.6859518,50.0145387],[5.6857252,50.0147255],[5.6854217,50.0148903],[5.6859005,50.0150057],[5.6866486,50.0151403],[5.6871702,50.0152695],[5.6877346,50.0153711],[5.6884058,50.015437],[5.6894917,50.0154728],[5.6899149,50.015437],[5.6898978,50.0152585],[5.6897567,50.0150744],[5.6911977,50.0149461],[5.6920881,50.0143679],[5.6912531,50.0132695],[5.6903382,50.0122117],[5.6898636,50.0116952],[5.6896712,50.0117254],[5.6894062,50.0118353],[5.6889744,50.0120716],[5.6887905,50.0120606],[5.688735,50.0120167],[5.6878585,50.0122529],[5.6879098,50.0122639],[5.6886131,50.0125006],[5.689212,50.0127101],[5.6899888,50.013135],[5.6902911,50.0133079],[5.6906759,50.0136156],[5.6911291,50.014025],[5.6910094,50.0140634],[5.6905135,50.0135634],[5.6899705,50.0132118],[5.6896989,50.0136041],[5.6896413,50.0136733],[5.6893121,50.0135634],[5.6886495,50.0132887],[5.6883416,50.0130607],[5.6880338,50.0127694],[5.6877004,50.0123106]]]}},{"type":"Feature","properties":{"t":"grama"},"geometry":{"type":"Polygon","coordinates":[[[5.6873761,50.0389661],[5.6877463,50.0387464],[5.6875867,50.0386388],[5.6872152,50.0388627],[5.6873761,50.0389661]]]}},{"type":"Feature","properties":{"t":"grama"},"geometry":{"type":"Polygon","coordinates":[[[5.7896823,49.9895476],[5.7899478,49.9896968],[5.7900698,49.9896054],[5.7897936,49.9894571],[5.7896823,49.9895476]]]}},{"type":"Feature","properties":{"t":"grama"},"geometry":{"type":"Polygon","coordinates":[[[5.7524013,49.9905485],[5.7522593,49.990258],[5.7524756,49.9902165],[5.752624,49.9905132],[5.7524013,49.9905485]]]}},{"type":"Feature","properties":{"t":"grama"},"geometry":{"type":"Polygon","coordinates":[[[5.7425817,50.0012564],[5.7426917,50.001045],[5.7420685,50.0009037],[5.7419565,50.0011065],[5.7425817,50.0012564]]]}},{"type":"Feature","properties":{"t":"grama"},"geometry":{"type":"Polygon","coordinates":[[[5.7192639,49.9849985],[5.7192864,49.9846725],[5.7195523,49.984687],[5.7195343,49.9850144],[5.7192639,49.9849985]]]}},{"type":"Feature","properties":{"t":"grama"},"geometry":{"type":"Polygon","coordinates":[[[5.7178782,50.0006506],[5.7179405,50.0006336],[5.7177312,50.0004719],[5.7176843,50.0004939],[5.7178782,50.0006506]]]}},{"type":"Feature","properties":{"t":"grama"},"geometry":{"type":"Polygon","coordinates":[[[5.7177675,50.0006675],[5.7178278,50.000651],[5.7175969,50.0004747],[5.7175538,50.0005026],[5.7177675,50.0006675]]]}},{"type":"Feature","properties":{"t":"grama"},"geometry":{"type":"Polygon","coordinates":[[[5.7176947,50.0006863],[5.717753,50.00067],[5.71761,50.0005571],[5.7175629,50.0005831],[5.7176947,50.0006863]]]}},{"type":"Feature","properties":{"t":"grama"},"geometry":{"type":"Polygon","coordinates":[[[5.7176221,50.0007063],[5.7176812,50.0006889],[5.7175542,50.0005871],[5.7175045,50.0006144],[5.7176221,50.0007063]]]}},{"type":"Feature","properties":{"t":"grama"},"geometry":{"type":"Polygon","coordinates":[[[5.7175483,50.0007248],[5.7176083,50.0007075],[5.7174301,50.0005673],[5.7173794,50.0005945],[5.7175483,50.0007248]]]}},{"type":"Feature","properties":{"t":"grama"},"geometry":{"type":"Polygon","coordinates":[[[5.7182958,50.0005472],[5.718358,50.0005304],[5.7181449,50.000365],[5.7181004,50.0003889],[5.7182958,50.0005472]]]}},{"type":"Feature","properties":{"t":"grama"},"geometry":{"type":"Polygon","coordinates":[[[5.7182593,50.0003596],[5.718429,50.0004942],[5.7183774,50.0005106],[5.7182082,50.0003805],[5.7182593,50.0003596]]]}},{"type":"Feature","properties":{"t":"grama"},"geometry":{"type":"Polygon","coordinates":[[[5.7184456,50.0004927],[5.7184983,50.0004761],[5.718374,50.0003781],[5.7183266,50.0003992],[5.7184456,50.0004927]]]}},{"type":"Feature","properties":{"t":"grama"},"geometry":{"type":"Polygon","coordinates":[[[5.7185137,50.0004731],[5.7185634,50.000457],[5.7184283,50.000349],[5.7183829,50.0003707],[5.7185137,50.0004731]]]}},{"type":"Feature","properties":{"t":"grama"},"geometry":{"type":"Polygon","coordinates":[[[5.7185838,50.0004548],[5.7186329,50.0004399],[5.718422,50.0002674],[5.7183751,50.0002901],[5.7185838,50.0004548]]]}},{"type":"Feature","properties":{"t":"grama"},"geometry":{"type":"Polygon","coordinates":[[[5.7186881,50.0004413],[5.7187379,50.0004185],[5.7186335,50.0003256],[5.7185762,50.0003488],[5.7186881,50.0004413]]]}},{"type":"Feature","properties":{"t":"grama"},"geometry":{"type":"Polygon","coordinates":[[[5.7180245,50.0002477],[5.7180021,50.0002127],[5.717975,50.0001683],[5.7177965,49.9996886],[5.7177705,49.9997074],[5.7171483,49.9996795],[5.7171464,49.9994851],[5.7170861,49.999513],[5.717043,49.999547],[5.7170368,49.9995662],[5.7170441,49.9995943],[5.7171233,49.9997011],[5.7174432,50.0001145],[5.7175067,50.0001859],[5.7175709,50.0002589],[5.7176201,50.0003018],[5.7176635,50.0003368],[5.717701,50.0003619],[5.7177298,50.000376],[5.717761,50.0003851],[5.7177923,50.0003837],[5.7178315,50.000368],[5.7178802,50.0003376],[5.7179567,50.0002949],[5.7180211,50.0002638],[5.7180245,50.0002477]]]}},{"type":"Feature","properties":{"t":"grama"},"geometry":{"type":"Polygon","coordinates":[[[5.7169804,49.9995711],[5.7173359,50.0000327],[5.7174389,50.0001658],[5.7174925,50.0002313],[5.7176093,50.0003625],[5.7174277,50.0004683],[5.7173779,50.0004911],[5.7173546,50.0004969],[5.7173356,50.0004963],[5.7173158,50.0004896],[5.7172834,50.0004694],[5.717194,50.0004002],[5.7171278,50.000339],[5.7167281,50.0000288],[5.7167045,50.0000029],[5.7166897,49.9999805],[5.71668,49.9999551],[5.7166785,49.9999245],[5.716686,49.9998934],[5.716696,49.9998626],[5.7167091,49.9998354],[5.7167298,49.9997929],[5.7167565,49.9997531],[5.7167962,49.9997048],[5.7168318,49.9996662],[5.7168852,49.9996233],[5.7169173,49.9995938],[5.7169479,49.9995748],[5.7169804,49.9995711]]]}},{"type":"Feature","properties":{"t":"grama"},"geometry":{"type":"Polygon","coordinates":[[[5.7171238,50.0005469],[5.7172148,50.0005036],[5.7171861,50.000458],[5.7171476,50.0004127],[5.717111,50.0003743],[5.7166766,50.0000254],[5.7166685,50.0000368],[5.7166724,50.0000804],[5.7167004,50.0001567],[5.7167393,50.000224],[5.7168072,50.0003025],[5.7168854,50.0003807],[5.716993,50.0004624],[5.7170698,50.0005162],[5.7171238,50.0005469]]]}},{"type":"Feature","properties":{"t":"grama"},"geometry":{"type":"Polygon","coordinates":[[[5.7170503,50.0004888],[5.7171493,50.0004446],[5.7170994,50.0003985],[5.7170004,50.0004428],[5.7170503,50.0004888]]]}},{"type":"Feature","properties":{"t":"grama"},"geometry":{"type":"Polygon","coordinates":[[[5.7240801,50.0014899],[5.7247555,50.0019629],[5.7249454,50.0018533],[5.7245229,50.0015628],[5.7248649,50.0013791],[5.7246219,50.0012106],[5.7245111,50.0012677],[5.7241203,50.0014692],[5.7240801,50.0014899]]]}},{"type":"Feature","properties":{"t":"grama"},"geometry":{"type":"Polygon","coordinates":[[[5.7753479,50.0421628],[5.775502,50.0422024],[5.7756847,50.0421812],[5.7757485,50.0419691],[5.7755196,50.0418886],[5.7753479,50.0421628]]]}},{"type":"Feature","properties":{"t":"grama"},"geometry":{"type":"Polygon","coordinates":[[[5.7497011,50.0217885],[5.749543,50.0218291],[5.7494112,50.0217834],[5.7492927,50.0217106],[5.7492979,50.021604],[5.7494139,50.0215041],[5.7494982,50.0214736],[5.7496431,50.0214973],[5.749788,50.021543],[5.749846,50.0215837],[5.7498302,50.0216598],[5.7497669,50.0217258],[5.7497011,50.0217885]]]}},{"type":"Feature","properties":{"t":"lavoura"},"geometry":{"type":"Polygon","coordinates":[[[5.6780518,50.0174351],[5.6801737,50.0160303],[5.6788935,50.0152039],[5.6770054,50.0158124],[5.6769002,50.016297],[5.6768535,50.0167327],[5.6768768,50.0168378],[5.6780518,50.0174351]]]}},{"type":"Feature","properties":{"t":"prado"},"geometry":{"type":"Polygon","coordinates":[[[5.6804016,50.0182576],[5.6807758,50.0182426],[5.6813106,50.0182407],[5.6821348,50.0175121],[5.6828801,50.0177975],[5.6831753,50.0179121],[5.6834705,50.0179909],[5.6840434,50.0181299],[5.6843064,50.0177506],[5.6821436,50.0168942],[5.6804016,50.0182576]]]}},{"type":"Feature","properties":{"t":"prado"},"geometry":{"type":"Polygon","coordinates":[[[5.6850079,50.0182501],[5.6863055,50.0184229],[5.6861945,50.0182276],[5.68606,50.0180867],[5.6858993,50.0179609],[5.6857152,50.0178632],[5.6843064,50.0177506],[5.6840434,50.0181299],[5.6850079,50.0182501]]]}},{"type":"Feature","properties":{"t":"prado"},"geometry":{"type":"Polygon","coordinates":[[[5.6813106,50.0182407],[5.6814801,50.0182651],[5.6816906,50.0183252],[5.681939,50.0184323],[5.6821144,50.0185318],[5.6828801,50.0177975],[5.6821348,50.0175121],[5.6813106,50.0182407]]]}},{"type":"Feature","properties":{"t":"prado"},"geometry":{"type":"Polygon","coordinates":[[[5.6821144,50.0185318],[5.6828041,50.0189938],[5.6836825,50.019596],[5.6842934,50.0187804],[5.6860383,50.0192129],[5.6861152,50.019133],[5.686532,50.0192171],[5.6866921,50.0192297],[5.6864751,50.0189074],[5.6863055,50.0184229],[5.6850079,50.0182501],[5.6840434,50.0181299],[5.6834705,50.0179909],[5.6831753,50.0179121],[5.6828801,50.0177975],[5.6821144,50.0185318]]]}},{"type":"Feature","properties":{"t":"prado"},"geometry":{"type":"Polygon","coordinates":[[[5.6835874,50.0196031],[5.6824008,50.0187985],[5.6820734,50.0185694],[5.6817286,50.0184041],[5.6813778,50.018314],[5.6808684,50.0182884],[5.680571,50.0184275],[5.6796641,50.0188596],[5.6805059,50.0190687],[5.6816524,50.019301],[5.6815681,50.0194103],[5.6828704,50.0201037],[5.6835874,50.0196031]]]}},{"type":"Feature","properties":{"t":"lavoura"},"geometry":{"type":"Polygon","coordinates":[[[5.6802584,50.0182997],[5.6799516,50.0182539],[5.6793495,50.0180623],[5.6783382,50.0176266],[5.6771224,50.0170444],[5.6769879,50.0170707],[5.677023,50.0173224],[5.677099,50.0178895],[5.677134,50.0186332],[5.6773036,50.0204323],[5.6775261,50.0205619],[5.6781458,50.0202533],[5.6787087,50.0198651],[5.6792717,50.019364],[5.6796641,50.0188596],[5.680571,50.0184275],[5.6802584,50.0182997]]]}},{"type":"Feature","properties":{"t":"prado"},"geometry":{"type":"Polygon","coordinates":[[[5.6817009,50.012866],[5.6809277,50.0125756],[5.6801178,50.0122927],[5.6794591,50.0120595],[5.6788744,50.011863],[5.6787534,50.0118846],[5.6786358,50.0120098],[5.6775172,50.013351],[5.6789519,50.0139468],[5.6794537,50.0136846],[5.6798562,50.013558],[5.6808004,50.0136546],[5.6811934,50.01356],[5.6813951,50.0133593],[5.6817009,50.012866]]]}},{"type":"Feature","properties":{"t":"prado"},"geometry":{"type":"Polygon","coordinates":[[[5.6840783,50.0107432],[5.6832532,50.0103901],[5.6814721,50.0127398],[5.6818989,50.0128607],[5.6824109,50.0129492],[5.6828266,50.0123882],[5.6838058,50.0110878],[5.6840783,50.0107432]]]}},{"type":"Feature","properties":{"t":"prado"},"geometry":{"type":"Polygon","coordinates":[[[5.6844699,50.0108968],[5.6840783,50.0107432],[5.6838058,50.0110878],[5.6844858,50.0113785],[5.6855789,50.0118018],[5.6858586,50.0113816],[5.6844699,50.0108968]]]}},{"type":"Feature","properties":{"t":"prado"},"geometry":{"type":"Polygon","coordinates":[[[5.6894435,50.011431],[5.6893393,50.0112345],[5.6881395,50.0105909],[5.6884689,50.0102799],[5.6881606,50.0100556],[5.6871546,50.0110454],[5.6874495,50.0111621],[5.687469,50.011137],[5.687827,50.0107875],[5.6879782,50.0107464],[5.6894435,50.011431]]]}},{"type":"Feature","properties":{"t":"prado"},"geometry":{"type":"Polygon","coordinates":[[[5.6858586,50.0113816],[5.6855789,50.0118018],[5.6855382,50.0118499],[5.6872722,50.0124886],[5.6875373,50.0123245],[5.6878041,50.0122367],[5.6883897,50.0120652],[5.6886597,50.0119858],[5.6886337,50.0118645],[5.6886988,50.011806],[5.6890176,50.0116826],[5.6880188,50.0113607],[5.687469,50.011137],[5.6874495,50.0111621],[5.6871546,50.0110454],[5.6867184,50.0114745],[5.6863045,50.011345],[5.6862187,50.0114829],[5.6858586,50.0113816]]]}},{"type":"Feature","properties":{"t":"lavoura"},"geometry":{"type":"Polygon","coordinates":[[[5.6844858,50.0113785],[5.6838058,50.0110878],[5.6828266,50.0123882],[5.6824109,50.0129492],[5.6824036,50.012959],[5.6832463,50.0131241],[5.6836741,50.0124907],[5.6841897,50.0117328],[5.6844858,50.0113785]]]}},{"type":"Feature","properties":{"t":"lavoura"},"geometry":{"type":"Polygon","coordinates":[[[5.6872722,50.0124886],[5.6855382,50.0118499],[5.6855789,50.0118018],[5.6844858,50.0113785],[5.6841897,50.0117328],[5.6836741,50.0124907],[5.6832463,50.0131241],[5.6836236,50.0132945],[5.6845085,50.0135203],[5.6856456,50.0138025],[5.6862978,50.0139593],[5.686371,50.0139447],[5.6866915,50.0136876],[5.6868688,50.0134565],[5.6870006,50.0132067],[5.6870982,50.0129694],[5.6871958,50.0125795],[5.6872722,50.0124886]]]}},{"type":"Feature","properties":{"t":"lavoura"},"geometry":{"type":"Polygon","coordinates":[[[5.6808004,50.0136546],[5.6821899,50.0145018],[5.6839059,50.0153762],[5.684219,50.0151614],[5.6848111,50.0149753],[5.6853609,50.0148395],[5.6853902,50.0148666],[5.685709,50.0146889],[5.6858977,50.014528],[5.6862783,50.0140116],[5.6836204,50.0133593],[5.6832105,50.0131586],[5.6817009,50.012866],[5.6813951,50.0133593],[5.6811934,50.01356],[5.6808004,50.0136546]]]}},{"type":"Feature","properties":{"t":"prado"},"geometry":{"type":"Polygon","coordinates":[[[5.6794537,50.0136846],[5.6789519,50.0139468],[5.6792688,50.0142127],[5.6789779,50.014297],[5.6795342,50.0147726],[5.6802207,50.0152576],[5.6807477,50.0156088],[5.6814634,50.0159244],[5.6819189,50.0161523],[5.682485,50.0164742],[5.6822507,50.0166456],[5.6833341,50.0171411],[5.6843329,50.0174985],[5.6849282,50.0174735],[5.6846614,50.0172602],[5.6843719,50.0169467],[5.6841214,50.0166268],[5.6839847,50.0163739],[5.6839034,50.0161565],[5.6838937,50.0159182],[5.6839294,50.015799],[5.6840368,50.0156276],[5.6841409,50.0155377],[5.6839059,50.0153762],[5.6821899,50.0145018],[5.681984,50.014622],[5.6811706,50.0147287],[5.6808004,50.0148749],[5.6794537,50.0136846]]]}},{"type":"Feature","properties":{"t":"prado"},"geometry":{"type":"Polygon","coordinates":[[[5.6789779,50.014297],[5.6783825,50.0144893],[5.6796253,50.0154143],[5.6819482,50.0168547],[5.6816977,50.0170428],[5.6816131,50.0170031],[5.6800157,50.0182135],[5.6802239,50.0182574],[5.6804016,50.0182576],[5.6821436,50.0168942],[5.6843064,50.0177506],[5.6857152,50.0178632],[5.6851104,50.0175822],[5.6849282,50.0174735],[5.6843329,50.0174985],[5.6833341,50.0171411],[5.6822507,50.0166456],[5.682485,50.0164742],[5.6819189,50.0161523],[5.6814634,50.0159244],[5.6807477,50.0156088],[5.6802207,50.0152576],[5.6795342,50.0147726],[5.6789779,50.014297]]]}},{"type":"Feature","properties":{"t":"prado"},"geometry":{"type":"Polygon","coordinates":[[[5.6800157,50.0182135],[5.6816131,50.0170031],[5.6816977,50.0170428],[5.6819482,50.0168547],[5.6796253,50.0154143],[5.6783825,50.0144893],[5.6781011,50.0145908],[5.6783324,50.0147983],[5.6788935,50.0152039],[5.6801737,50.0160303],[5.6809364,50.0165369],[5.679095,50.0179103],[5.6795977,50.0180974],[5.6800157,50.0182135]]]}},{"type":"Feature","properties":{"t":"prado"},"geometry":{"type":"Polygon","coordinates":[[[5.6780518,50.0174351],[5.679095,50.0179103],[5.6809364,50.0165369],[5.6801737,50.0160303],[5.6780518,50.0174351]]]}},{"type":"Feature","properties":{"t":"prado"},"geometry":{"type":"Polygon","coordinates":[[[5.6813623,50.009492],[5.68105,50.0099217],[5.6808233,50.0102335],[5.6794582,50.0120229],[5.6814721,50.0127398],[5.6832532,50.0103901],[5.6813623,50.009492]]]}},{"type":"Feature","properties":{"t":"lavoura"},"geometry":{"type":"Polygon","coordinates":[[[5.6839972,50.005893],[5.6832928,50.0075215],[5.6862918,50.0090812],[5.6868281,50.0092378],[5.687474,50.0096281],[5.6881606,50.0100556],[5.6881878,50.0100333],[5.6887187,50.010371],[5.6888424,50.010496],[5.6890967,50.0102602],[5.6863541,50.0070613],[5.6862906,50.0070956],[5.6860315,50.0068605],[5.6857598,50.0066728],[5.6852062,50.0064035],[5.6839972,50.005893]]]}},{"type":"Feature","properties":{"t":"lavoura"},"geometry":{"type":"Polygon","coordinates":[[[5.6811131,50.0090464],[5.6813623,50.009492],[5.6832532,50.0103901],[5.6840783,50.0107432],[5.6844699,50.0108968],[5.6846416,50.0107313],[5.6849205,50.0108348],[5.6855501,50.0102591],[5.6819961,50.0084406],[5.6811131,50.0090464]]]}},{"type":"Feature","properties":{"t":"lavoura"},"geometry":{"type":"Polygon","coordinates":[[[5.687474,50.0096281],[5.6868281,50.0092378],[5.6862918,50.0090812],[5.6832928,50.0075215],[5.6820502,50.0068705],[5.6816548,50.0068043],[5.6809722,50.0077582],[5.6819961,50.0084406],[5.6855501,50.0102591],[5.6862815,50.0095902],[5.6870234,50.0100349],[5.687474,50.0096281]]]}},{"type":"Feature","properties":{"t":"prado"},"geometry":{"type":"Polygon","coordinates":[[[5.6780567,50.0115436],[5.6787702,50.0117887],[5.6794582,50.0120229],[5.6808233,50.0102335],[5.6795863,50.0097901],[5.6780567,50.0115436]]]}},{"type":"Feature","properties":{"t":"lavoura"},"geometry":{"type":"Polygon","coordinates":[[[5.6793634,50.0078766],[5.6786619,50.0070968],[5.6784901,50.0071762],[5.6780038,50.0075011],[5.6770188,50.0081499],[5.6771006,50.0083544],[5.6775552,50.0086302],[5.6777654,50.0088566],[5.6781453,50.009156],[5.678672,50.0093756],[5.6796193,50.009751],[5.6804129,50.0087733],[5.679965,50.0083809],[5.6793634,50.0078766]]]}},{"type":"Feature","properties":{"t":"prado"},"geometry":{"type":"Polygon","coordinates":[[[5.6770164,50.0053756],[5.6779035,50.0063308],[5.6779929,50.006296],[5.678456,50.0067486],[5.6786619,50.0070968],[5.6793634,50.0078766],[5.679965,50.0083809],[5.680141,50.0081017],[5.6802156,50.0079492],[5.6804835,50.0075979],[5.6808541,50.0072492],[5.6811834,50.0067164],[5.6793465,50.0063728],[5.6789999,50.0059804],[5.6783361,50.0062409],[5.6778375,50.0057508],[5.6779175,50.0057217],[5.6775842,50.0053687],[5.6777549,50.005307],[5.6776429,50.0052042],[5.6770164,50.0053756]]]}},{"type":"Feature","properties":{"t":"prado"},"geometry":{"type":"Polygon","coordinates":[[[5.6802156,50.0079492],[5.680141,50.0081017],[5.6802636,50.0081496],[5.6808774,50.0086147],[5.6810102,50.008686],[5.6808016,50.008881],[5.6808821,50.0091126],[5.6809034,50.0095101],[5.68105,50.0099217],[5.6813623,50.009492],[5.6811131,50.0090464],[5.6819961,50.0084406],[5.6809722,50.0077582],[5.6816548,50.0068043],[5.6811834,50.0067164],[5.6808541,50.0072492],[5.6804835,50.0075979],[5.6802156,50.0079492]]]}},{"type":"Feature","properties":{"t":"prado"},"geometry":{"type":"Polygon","coordinates":[[[5.68105,50.0099217],[5.6809034,50.0095101],[5.6808821,50.0091126],[5.6808016,50.008881],[5.6806283,50.0088027],[5.6808774,50.0086147],[5.6802636,50.0081496],[5.680141,50.0081017],[5.679965,50.0083809],[5.6804129,50.0087733],[5.6796193,50.009751],[5.6795863,50.0097901],[5.6808233,50.0102335],[5.68105,50.0099217]]]}},{"type":"Feature","properties":{"t":"prado"},"geometry":{"type":"Polygon","coordinates":[[[5.6799437,50.0047056],[5.6789839,50.0049506],[5.678552,50.0049575],[5.6781708,50.0050568],[5.6789999,50.0059804],[5.6793465,50.0063728],[5.6816548,50.0068043],[5.6820502,50.0068705],[5.6832928,50.0075215],[5.6839972,50.005893],[5.6836628,50.0057765],[5.6823804,50.0054081],[5.6811514,50.0048581],[5.6807148,50.0047354],[5.6804742,50.0049969],[5.6799437,50.0047056]]]}},{"type":"Feature","properties":{"t":"prado"},"geometry":{"type":"Polygon","coordinates":[[[5.6833625,50.0055026],[5.6822525,50.0050483],[5.6815326,50.004757],[5.6809621,50.0045925],[5.6807461,50.0045805],[5.6806528,50.004613],[5.6805782,50.004697],[5.6807148,50.0047354],[5.6811514,50.0048581],[5.6823804,50.0054081],[5.6836628,50.0057765],[5.6839972,50.005893],[5.6833371,50.0055401],[5.6833625,50.0055026]]]}},{"type":"Feature","properties":{"t":"prado"},"geometry":{"type":"Polygon","coordinates":[[[5.6794987,50.0043973],[5.6796516,50.0043614],[5.6801791,50.0042242],[5.6817596,50.0038196],[5.6817403,50.0037981],[5.6817255,50.003721],[5.6820305,50.0036954],[5.6823487,50.0036382],[5.6827369,50.0035323],[5.6831763,50.0034057],[5.6828127,50.0029199],[5.6826062,50.0027373],[5.6824064,50.0025754],[5.6825053,50.0025192],[5.6825497,50.0024957],[5.6820826,50.0019472],[5.6814667,50.0010835],[5.6808848,50.0004044],[5.6808181,50.0003582],[5.6807328,50.0003222],[5.6808021,50.0005655],[5.6808368,50.000874],[5.6807888,50.0013041],[5.6807035,50.001676],[5.6805035,50.0023494],[5.6803009,50.00304],[5.680125,50.0036449],[5.6799223,50.0040339],[5.679781,50.004183],[5.6794987,50.0043973]]]}},{"type":"Feature","properties":{"t":"prado"},"geometry":{"type":"Polygon","coordinates":[[[5.6825445,50.0039322],[5.6825367,50.0039187],[5.6819391,50.0040789],[5.6809424,50.0043346],[5.6807779,50.0044882],[5.681044,50.0045284],[5.681365,50.0046106],[5.6818973,50.0048052],[5.6834943,50.0054693],[5.6852008,50.0061753],[5.6854774,50.0063162],[5.6857853,50.0065041],[5.6861741,50.006769],[5.6862081,50.0067456],[5.6855192,50.0059473],[5.6848042,50.0051842],[5.6840422,50.0043003],[5.6840161,50.0043104],[5.6838634,50.0043031],[5.6838491,50.0042098],[5.6836926,50.0039934],[5.683463,50.0037117],[5.682975,50.0038307],[5.6826616,50.0039895],[5.6825445,50.0039322]]]}},{"type":"Feature","properties":{"t":"grama"},"geometry":{"type":"Polygon","coordinates":[[[5.6804496,50.0044578],[5.680462,50.0044783],[5.6807211,50.0044834],[5.6808576,50.0043555],[5.6804496,50.0044578]]]}},{"type":"Feature","properties":{"t":"prado"},"geometry":{"type":"Polygon","coordinates":[[[5.6802428,50.0027126],[5.6805405,50.0017047],[5.6805918,50.0014969],[5.6806688,50.0010089],[5.6806508,50.0004416],[5.6804969,50.0000261],[5.6800993,49.9994787],[5.6799639,49.9997516],[5.6798684,49.9999091],[5.6794791,50.0008096],[5.6787688,50.0021696],[5.6786271,50.0021879],[5.6784172,50.0027706],[5.6789565,50.0028943],[5.6793116,50.0030876],[5.6799747,50.0032157],[5.6801414,50.0027289],[5.6802428,50.0027126]]]}},{"type":"Feature","properties":{"t":"grama"},"geometry":{"type":"Polygon","coordinates":[[[5.7249465,50.0060519],[5.7251703,50.0061404],[5.7252327,50.0060477],[5.7250519,50.0059772],[5.7249465,50.0060519]]]}},{"type":"Feature","properties":{"t":"grama"},"geometry":{"type":"Polygon","coordinates":[[[5.7263857,50.0067309],[5.7264202,50.0067229],[5.726402,50.0065541],[5.7263003,50.0065571],[5.7262323,50.0065725],[5.7261747,50.0066206],[5.7263857,50.0067309]]]}},{"type":"Feature","properties":{"t":"grama"},"geometry":{"type":"Polygon","coordinates":[[[5.68874,49.9841342],[5.6888178,49.9841687],[5.6895527,49.983284],[5.6897264,49.9830776],[5.690006,49.9831486],[5.690013,49.9831309],[5.6900194,49.9831149],[5.6896949,49.9830528],[5.68874,49.9841342]]]}},{"type":"Feature","properties":{"t":"grama"},"geometry":{"type":"Polygon","coordinates":[[[5.689538,49.9924231],[5.6898156,49.992392],[5.6897847,49.9923248],[5.6897257,49.9923024],[5.6893891,49.992267],[5.689538,49.9924231]]]}},{"type":"Feature","properties":{"t":"grama"},"geometry":{"type":"Polygon","coordinates":[[[5.6880239,49.9918497],[5.6876805,49.991817],[5.687246,49.9917221],[5.6871875,49.9916702],[5.6871063,49.9917632],[5.6878147,49.9919308],[5.6880239,49.9918497]]]}},{"type":"Feature","properties":{"t":"prado"},"geometry":{"type":"Polygon","coordinates":[[[5.7414247,50.0100024],[5.740877,50.0100514],[5.740789,50.0103919],[5.7408949,50.0104385],[5.7409402,50.0105022],[5.740619,50.0118434],[5.740551,50.0118393],[5.7405186,50.0118972],[5.7403973,50.0119225],[5.7403629,50.011906],[5.7403269,50.0120621],[5.7406795,50.0121916],[5.7408799,50.0120614],[5.7409027,50.0119898],[5.7414247,50.0100024]]]}},{"type":"Feature","properties":{"t":"grama"},"geometry":{"type":"Polygon","coordinates":[[[5.6970316,49.9986358],[5.6971421,49.9986455],[5.6972495,49.9986443],[5.6974643,49.9986409],[5.6974123,49.9986115],[5.6973758,49.9985731],[5.6973516,49.9985308],[5.6973369,49.9984747],[5.6972846,49.9985175],[5.6971882,49.9985846],[5.6971289,49.9986099],[5.6970316,49.9986358]]]}},{"type":"Feature","properties":{"t":"grama"},"geometry":{"type":"Polygon","coordinates":[[[5.702745,49.9953765],[5.7027238,49.9953637],[5.7028026,49.9953225],[5.7028358,49.9953089],[5.7029282,49.9952893],[5.7030265,49.9952773],[5.702745,49.9953765]]]}},{"type":"Feature","properties":{"t":"grama"},"geometry":{"type":"Polygon","coordinates":[[[5.7024436,49.9951937],[5.7024158,49.9951769],[5.7026552,49.9950613],[5.7024908,49.9951581],[5.7024436,49.9951937]]]}},{"type":"Feature","properties":{"t":"grama"},"geometry":{"type":"Polygon","coordinates":[[[5.7099563,49.9911151],[5.7092643,49.9915359],[5.7093816,49.9915159],[5.7095909,49.9914067],[5.7099689,49.9911453],[5.710017,49.9910869],[5.7100243,49.991027],[5.7100155,49.9909671],[5.7098784,49.9908651],[5.7098019,49.9908518],[5.7097228,49.9908522],[5.709629,49.9908802],[5.7095486,49.9909203],[5.7099563,49.9911151]]]}},{"type":"Feature","properties":{"t":"grama"},"geometry":{"type":"Polygon","coordinates":[[[5.7120423,49.9908121],[5.7126053,49.9904526],[5.7128058,49.9903375],[5.7119816,49.9907464],[5.7120423,49.9908121]]]}},{"type":"Feature","properties":{"t":"grama"},"geometry":{"type":"Polygon","coordinates":[[[5.7122506,49.9903489],[5.7125413,49.9902049],[5.713022,49.989952],[5.7123686,49.9902319],[5.7122506,49.9903489]]]}},{"type":"Feature","properties":{"t":"grama"},"geometry":{"type":"Polygon","coordinates":[[[5.7083604,49.9920704],[5.7086668,49.9917845],[5.7088473,49.991681],[5.7091004,49.9915627],[5.7092643,49.9915359],[5.7088566,49.991341],[5.7087133,49.9914339],[5.7088324,49.9915152],[5.708752,49.9916256],[5.7085025,49.9917376],[5.7084087,49.9919084],[5.7083175,49.9920239],[5.7083604,49.9920704]]]}},{"type":"Feature","properties":{"t":"grama"},"geometry":{"type":"Polygon","coordinates":[[[5.7088488,49.9920348],[5.7086527,49.9921319],[5.7088291,49.9920203],[5.7088488,49.9920348]]]}},{"type":"Feature","properties":{"t":"grama"},"geometry":{"type":"Polygon","coordinates":[[[5.7090042,49.9922404],[5.7088163,49.9923169],[5.7092107,49.9921212],[5.7092526,49.9921515],[5.7090042,49.9922404]]]}},{"type":"Feature","properties":{"t":"grama"},"geometry":{"type":"Polygon","coordinates":[[[5.7164445,49.987473],[5.7164374,49.9874898],[5.7163136,49.9874373],[5.7162747,49.9874166],[5.7161923,49.9873671],[5.7164445,49.987473]]]}},{"type":"Feature","properties":{"t":"grama"},"geometry":{"type":"Polygon","coordinates":[[[5.7157268,49.9878155],[5.7156738,49.9878206],[5.7156036,49.9879384],[5.7156412,49.9879437],[5.7156828,49.9879267],[5.7157133,49.9879038],[5.7160392,49.9875738],[5.7161032,49.9874856],[5.7161073,49.9874555],[5.7157616,49.9878263],[5.7157268,49.9878155]]]}},{"type":"Feature","properties":{"t":"grama"},"geometry":{"type":"Polygon","coordinates":[[[5.720205,49.9843998],[5.7201904,49.9844093],[5.720511,49.9844489],[5.7205592,49.9844317],[5.7205828,49.9844093],[5.7205901,49.9843834],[5.7205874,49.9843489],[5.7205767,49.984298],[5.7205512,49.9842213],[5.7204476,49.9839337],[5.7203589,49.9836237],[5.7202783,49.9833121],[5.7201676,49.98302],[5.7200598,49.9828801],[5.7200181,49.9828507],[5.7199775,49.9828285],[5.7199348,49.9828122],[5.719884,49.9827971],[5.719825,49.9827912],[5.7197742,49.9827939],[5.7197247,49.9827939],[5.7197022,49.9828398],[5.7196956,49.9828694],[5.719664,49.9828677],[5.7196743,49.9828114],[5.7196301,49.9828336],[5.7195858,49.9828723],[5.7195566,49.9829286],[5.7195374,49.9829838],[5.7195554,49.9829879],[5.7196498,49.982935],[5.7196578,49.9828838],[5.7197065,49.9828881],[5.7196981,49.9829365],[5.7200396,49.9829103],[5.720095,49.9829649],[5.7205054,49.9844205],[5.720205,49.9843998]]]}},{"type":"Feature","properties":{"t":"grama"},"geometry":{"type":"Polygon","coordinates":[[[5.7196437,49.9824192],[5.7198619,49.9826205],[5.7198745,49.9826882],[5.7196242,49.9825479],[5.7195977,49.9825487],[5.7195446,49.9828041],[5.7195505,49.9828122],[5.7195759,49.9827946],[5.7196258,49.9827691],[5.7197132,49.982743],[5.7198067,49.9827299],[5.7198819,49.9827364],[5.7199154,49.9827436],[5.7199418,49.9827502],[5.7199652,49.9827586],[5.7200374,49.98279],[5.7200577,49.9827992],[5.7200752,49.9827923],[5.7198498,49.9825762],[5.7196483,49.982389],[5.7196437,49.9824192]]]}},{"type":"Feature","properties":{"t":"grama"},"geometry":{"type":"Polygon","coordinates":[[[5.7198017,49.9813136],[5.7197411,49.981311],[5.7197445,49.9812191],[5.7197513,49.9812147],[5.7197691,49.9812221],[5.7197877,49.9812436],[5.7198231,49.9813108],[5.7199514,49.9815577],[5.7200355,49.9818177],[5.7199443,49.981886],[5.7198709,49.9819588],[5.7198671,49.9820489],[5.7198801,49.9821718],[5.7199314,49.9822956],[5.720013,49.9824353],[5.7200694,49.9825577],[5.7200801,49.982647],[5.720072,49.9826672],[5.7200327,49.982618],[5.7198345,49.9822286],[5.719842,49.9819725],[5.719952,49.9818216],[5.7198017,49.9813136]]]}},{"type":"Feature","properties":{"t":"grama"},"geometry":{"type":"Polygon","coordinates":[[[5.720057,49.9819444],[5.7203675,49.9830953],[5.7201496,49.9827418],[5.7201242,49.9825347],[5.7200052,49.9823157],[5.7199402,49.9821164],[5.7199337,49.9820198],[5.7199591,49.9819551],[5.7199954,49.981924],[5.720057,49.9819444]]]}},{"type":"Feature","properties":{"t":"grama"},"geometry":{"type":"Polygon","coordinates":[[[5.719331,49.9820275],[5.7192214,49.9819341],[5.7191453,49.9818636],[5.7190498,49.9817384],[5.7189914,49.9816201],[5.7189648,49.9815371],[5.7189494,49.981441],[5.7189556,49.9813033],[5.7190003,49.9811716],[5.7193751,49.9804995],[5.7193903,49.9804641],[5.719404,49.9804746],[5.7194121,49.9805642],[5.7194039,49.9805697],[5.71942,49.9809328],[5.7194227,49.9812596],[5.7194106,49.9815795],[5.7193912,49.9818467],[5.7193544,49.9818447],[5.7193425,49.9818364],[5.7193379,49.9807131],[5.7192502,49.9809241],[5.7191932,49.9810321],[5.7190746,49.9812619],[5.7190422,49.9813788],[5.7190317,49.9814569],[5.7190437,49.9815863],[5.7191041,49.9816984],[5.7191671,49.9817786],[5.7192167,49.9818398],[5.7192596,49.9818847],[5.7193388,49.9819665],[5.719331,49.9820275]]]}},{"type":"Feature","properties":{"t":"grama"},"geometry":{"type":"Polygon","coordinates":[[[5.7172937,50.0035199],[5.7172867,50.0035441],[5.717278,50.0035657],[5.7172647,50.0035738],[5.7172404,50.0035758],[5.7172106,50.0035728],[5.717191,50.0035597],[5.7171801,50.0035436],[5.7171777,50.0035234],[5.7171793,50.0034997],[5.717202,50.0034781],[5.7172302,50.0034589],[5.7172616,50.0034463],[5.7172945,50.0034438],[5.7173133,50.0034554],[5.7173141,50.0034635],[5.7172937,50.0035199]]]}},{"type":"Feature","properties":{"t":"prado"},"geometry":{"type":"Polygon","coordinates":[[[5.7904521,49.9858902],[5.7917851,49.9832201],[5.7914525,49.9831132],[5.7900805,49.9858287],[5.7904521,49.9858902]]]}},{"type":"Feature","properties":{"t":"grama"},"geometry":{"type":"Polygon","coordinates":[[[5.7908584,50.0114089],[5.7911669,50.0114882],[5.7912243,50.0113959],[5.7909159,50.0113166],[5.7908584,50.0114089]]]}},{"type":"Feature","properties":{"t":"grama"},"geometry":{"type":"Polygon","coordinates":[[[5.7916751,50.0116536],[5.7916778,50.0116847],[5.7917972,50.0117579],[5.7919461,50.0118898],[5.7921016,50.0121931],[5.7921265,50.0122391],[5.7923001,50.0123155],[5.792166,50.0122138],[5.7919393,50.0118045],[5.791816,50.0117053],[5.7916751,50.0116536]]]}},{"type":"Feature","properties":{"t":"pomar"},"geometry":{"type":"Polygon","coordinates":[[[5.7848033,50.0061358],[5.7847765,50.0062169],[5.7843178,50.0063358],[5.7841676,50.0061014],[5.7841582,50.0076855],[5.7842615,50.007627],[5.7842883,50.0074132],[5.7845324,50.0074753],[5.7846343,50.0073167],[5.784758,50.0073311],[5.7848865,50.0066168],[5.7850372,50.0062415],[5.7848033,50.0061358]]]}},{"type":"Feature","properties":{"t":"prado"},"geometry":{"type":"Polygon","coordinates":[[[5.7839818,50.0044816],[5.7838101,50.0045361],[5.7835937,50.0047929],[5.7831261,50.0048586],[5.7828721,50.0051084],[5.7827085,50.0052705],[5.7823625,50.0053584],[5.7823518,50.005417],[5.7824302,50.0055611],[5.7825262,50.0057376],[5.7829045,50.0059413],[5.7836473,50.0059945],[5.7841007,50.0059642],[5.7839745,50.0057437],[5.7839155,50.0055497],[5.7835078,50.0058566],[5.7833314,50.0058328],[5.7837711,50.0055198],[5.7839638,50.0052187],[5.7843876,50.0049084],[5.7839818,50.0044816]]]}},{"type":"Feature","properties":{"t":"prado"},"geometry":{"type":"Polygon","coordinates":[[[5.7242891,50.0078452],[5.7248605,50.0079397],[5.7255763,50.0081137],[5.7257228,50.0081442],[5.7256973,50.0083412],[5.7264588,50.0083813],[5.7265377,50.0085475],[5.7260678,50.0084776],[5.7254749,50.0084579],[5.724882,50.0084891],[5.7245804,50.0085055],[5.7246316,50.0088553],[5.723686,50.0084661],[5.7241051,50.0080423],[5.7242891,50.0078452]]]}},{"type":"Feature","properties":{"t":"grama"},"geometry":{"type":"Polygon","coordinates":[[[5.7244297,50.0074543],[5.7247057,50.0071143],[5.7245421,50.0068548],[5.7246213,50.0067678],[5.7241693,50.0066496],[5.7241747,50.0067633],[5.7236597,50.0072477],[5.7244297,50.0074543]]]}},{"type":"Feature","properties":{"t":"prado"},"geometry":{"type":"Polygon","coordinates":[[[5.7124775,50.0051371],[5.7126303,50.0050382],[5.7120757,50.0046899],[5.7125613,50.0043976],[5.712321,50.0042169],[5.7116796,50.0045454],[5.7111097,50.0041627],[5.7106479,50.0044403],[5.712259,50.0052786],[5.7121155,50.0053446],[5.7122254,50.0055135],[5.7122495,50.0055556],[5.7129012,50.005439],[5.7124775,50.0051371]]]}},{"type":"Feature","properties":{"t":"grama"},"geometry":{"type":"Polygon","coordinates":[[[5.7148988,50.004765],[5.714834,50.0047185],[5.7141841,50.0042514],[5.7134685,50.0046801],[5.7129753,50.0043696],[5.7127683,50.0042054],[5.7127504,50.004097],[5.7129599,50.0039754],[5.7133535,50.0039393],[5.7136116,50.0038966],[5.7138615,50.0037567],[5.7139873,50.0036863],[5.7142582,50.0034547],[5.7144984,50.003481],[5.7146773,50.0035681],[5.7149022,50.0038966],[5.7154543,50.0042809],[5.7155395,50.0043538],[5.7148988,50.004765]]]}},{"type":"Feature","properties":{"t":"prado"},"geometry":{"type":"Polygon","coordinates":[[[5.7200736,49.9981571],[5.7192673,49.9978301],[5.7188379,49.9982211],[5.7189759,49.9983278],[5.7197145,49.9981619],[5.7200736,49.9981571]]]}},{"type":"Feature","properties":{"t":"prado"},"geometry":{"type":"Polygon","coordinates":[[[5.7137192,49.997344],[5.7140538,49.9977101],[5.713581,49.9978859],[5.7141253,49.9985233],[5.7144721,49.9984051],[5.714501,49.9983952],[5.7153878,49.9980716],[5.7153699,49.9977331],[5.7150172,49.9976264],[5.7148767,49.9977594],[5.7149482,49.9978465],[5.7147285,49.9979483],[5.7146211,49.9978531],[5.7145598,49.9978843],[5.7140489,49.9973314],[5.7139822,49.9973487],[5.7137192,49.997344]]]}},{"type":"Feature","properties":{"t":"prado"},"geometry":{"type":"Polygon","coordinates":[[[5.7123798,49.9966612],[5.712252,49.9964435],[5.7121447,49.9963515],[5.7120476,49.9963491],[5.7118125,49.9965257],[5.7113269,49.99657],[5.7113039,49.9965503],[5.7118074,49.9961954],[5.7115735,49.9961026],[5.7108784,49.9965848],[5.7110151,49.9967162],[5.7118099,49.9966144],[5.7118585,49.9967244],[5.7123798,49.9966612]]]}},{"type":"Feature","properties":{"t":"prado"},"geometry":{"type":"Polygon","coordinates":[[[5.7022967,49.9956024],[5.7025373,49.9955036],[5.7026505,49.9955777],[5.7028796,49.9955621],[5.7032086,49.9957451],[5.7035083,49.9958898],[5.7038677,49.9960088],[5.7038355,49.9961364],[5.704262,49.9964398],[5.7045785,49.996495],[5.7051802,49.9968109],[5.7056559,49.9969774],[5.7059345,49.9971253],[5.7063127,49.9973405],[5.7065016,49.9974209],[5.7065552,49.9975002],[5.7068109,49.9976297],[5.7070486,49.9974755],[5.7080888,49.9981215],[5.7093587,49.9989102],[5.7090217,49.9991164],[5.7094178,49.9993759],[5.7091674,49.9995895],[5.7105065,50.0003862],[5.7108694,50.0001595],[5.7112036,50.0004157],[5.7108004,50.000585],[5.7102842,50.0004059],[5.7097488,50.0003115],[5.7096734,50.0003632],[5.7088607,49.9999336],[5.7086499,50.0001094],[5.7077107,49.9995386],[5.7076187,49.9996338],[5.7073759,49.9995648],[5.7062463,49.9992182],[5.7061262,49.9990835],[5.7059779,49.9989258],[5.7056304,49.9986153],[5.7050477,49.9981734],[5.7053544,49.9979927],[5.7047538,49.9976231],[5.704143,49.9971713],[5.703867,49.9973931],[5.7038184,49.9971894],[5.7036395,49.9970448],[5.7034555,49.9969972],[5.70366,49.9966538],[5.7037157,49.9966174],[5.703712,49.996561],[5.7022967,49.9956024]]]}},{"type":"Feature","properties":{"t":"prado"},"geometry":{"type":"Polygon","coordinates":[[[5.700169,50.0003484],[5.6994611,50.0001595],[5.6999441,49.9993053],[5.7001409,49.9993694],[5.6998137,49.9999887],[5.7002507,50.0000626],[5.700169,50.0003484]]]}},{"type":"Feature","properties":{"t":"prado"},"geometry":{"type":"Polygon","coordinates":[[[5.7002022,50.0005571],[5.7019451,50.0007065],[5.7021266,50.0003172],[5.701204,50.0001825],[5.7011529,50.0004864],[5.700284,50.0004306],[5.7002022,50.0005571]]]}},{"type":"Feature","properties":{"t":"grama"},"geometry":{"type":"Polygon","coordinates":[[[5.6944665,50.0034603],[5.6945345,50.0034084],[5.6946002,50.0033607],[5.6947174,50.003217],[5.6947965,50.0030829],[5.6948839,50.0028009],[5.695257,50.0027418],[5.6954308,50.0026794],[5.6955816,50.0024856],[5.6932312,50.0026097],[5.6925011,50.0026387],[5.6921652,50.0026587],[5.692243,50.0028],[5.6925199,50.0028289],[5.6926694,50.0034241],[5.6929886,50.003462],[5.6931871,50.0035379],[5.6936511,50.003481],[5.6942131,50.0033629],[5.6944665,50.0034603]]]}},{"type":"Feature","properties":{"t":"grama"},"geometry":{"type":"Polygon","coordinates":[[[5.7097245,50.0026958],[5.7106062,50.0029159],[5.7108362,50.0025118],[5.7099505,50.0022892],[5.7097245,50.0026958]]]}},{"type":"Feature","properties":{"t":"grama"},"geometry":{"type":"Polygon","coordinates":[[[5.7097245,50.0026958],[5.7090268,50.0025233],[5.7091878,50.002157],[5.7100056,50.0021899],[5.7099505,50.0022892],[5.7097245,50.0026958]]]}},{"type":"Feature","properties":{"t":"grama"},"geometry":{"type":"Polygon","coordinates":[[[5.7093872,50.0039508],[5.709929,50.0035368],[5.7096112,50.0034211],[5.7094185,50.0033509],[5.7089501,50.0031804],[5.7088607,50.00332],[5.7087764,50.0032905],[5.7084876,50.0036288],[5.7093872,50.0039508]]]}},{"type":"Feature","properties":{"t":"grama"},"geometry":{"type":"Polygon","coordinates":[[[5.704019,50.0040017],[5.704704,50.0038342],[5.7044995,50.0034728],[5.7044484,50.0034449],[5.7043756,50.0034481],[5.7037686,50.0035993],[5.7040088,50.0039968],[5.704019,50.0040017]]]}},{"type":"Feature","properties":{"t":"prado"},"geometry":{"type":"Polygon","coordinates":[[[5.6885747,50.0052904],[5.6884692,50.005705],[5.6881677,50.0070421],[5.6878687,50.0081622],[5.6871454,50.0073114],[5.6867723,50.0067103],[5.6866927,50.0065048],[5.6865679,50.006183],[5.6865474,50.0056771],[5.6866164,50.0046012],[5.6866675,50.0039524],[5.6878667,50.0038569],[5.6880856,50.0043878],[5.6885362,50.0052929],[5.6885747,50.0052904]]]}},{"type":"Feature","properties":{"t":"grama"},"geometry":{"type":"Polygon","coordinates":[[[5.6899548,50.0016176],[5.6912301,50.0022838],[5.691263,50.002309],[5.6912717,50.002321],[5.691273,50.0023301],[5.6912683,50.0023394],[5.6912188,50.0023766],[5.6912022,50.0023819],[5.6911794,50.0023803],[5.6908426,50.0022919],[5.6904998,50.0021565],[5.6902208,50.0020783],[5.6899226,50.0019905],[5.6896968,50.0019329],[5.6894843,50.0019084],[5.6893448,50.0019119],[5.6892349,50.0019112],[5.6892281,50.0019031],[5.6892291,50.0018931],[5.6899548,50.0016176]]]}},{"type":"Feature","properties":{"t":"grama"},"geometry":{"type":"Polygon","coordinates":[[[5.7096112,50.0034211],[5.7097603,50.0033299],[5.7095225,50.0031038],[5.7097245,50.0026958],[5.7090268,50.0025233],[5.70871,50.002443],[5.7085955,50.0026794],[5.7092617,50.0028422],[5.7091261,50.0030864],[5.7094728,50.0032802],[5.7094185,50.0033509],[5.7096112,50.0034211]]]}},{"type":"Feature","properties":{"t":"prado"},"geometry":{"type":"Polygon","coordinates":[[[5.7057072,50.004345],[5.7056695,50.0042064],[5.7059122,50.0041677],[5.7061639,50.0041076],[5.7062649,50.0040902],[5.7064865,50.0042374],[5.7062875,50.0043101],[5.7061323,50.0043392],[5.7057072,50.004345]]]}},{"type":"Feature","properties":{"t":"prado"},"geometry":{"type":"Polygon","coordinates":[[[5.7067172,50.0038353],[5.7066584,50.0037946],[5.7064564,50.0033693],[5.7067443,50.0031988],[5.7069056,50.00316],[5.7068498,50.0030631],[5.7070186,50.0030079],[5.7071709,50.0032811],[5.7067172,50.0038353]]]}},{"type":"Feature","properties":{"t":"grama"},"geometry":{"type":"Polygon","coordinates":[[[5.7076985,50.0033683],[5.7074136,50.0037326],[5.7071453,50.0036232],[5.7074226,50.0032724],[5.7076985,50.0033683]]]}},{"type":"Feature","properties":{"t":"grama"},"geometry":{"type":"Polygon","coordinates":[[[5.6972367,50.0034691],[5.6979,50.003536],[5.6980251,50.0029682],[5.6972081,50.0029992],[5.6972367,50.0034691]]]}},{"type":"Feature","properties":{"t":"grama"},"geometry":{"type":"Polygon","coordinates":[[[5.6991837,50.0034952],[5.6990954,50.0038567],[5.6984517,50.0037888],[5.6985663,50.0033247],[5.6991144,50.0033651],[5.6990954,50.0034827],[5.6991837,50.0034952]]]}},{"type":"Feature","properties":{"t":"prado"},"geometry":{"type":"Polygon","coordinates":[[[5.6986748,50.0046502],[5.698999,50.0046599],[5.6999426,50.0047723],[5.6998507,50.0050561],[5.7001265,50.0050968],[5.700229,50.0048062],[5.7007009,50.0049215],[5.7006074,50.005217],[5.700927,50.0053235],[5.7011742,50.0053487],[5.7013039,50.0050639],[5.7021209,50.0052548],[5.7028023,50.0054359],[5.7028641,50.0053391],[5.7016717,50.0050474],[5.7007717,50.0048333],[5.7004416,50.0047529],[5.7000225,50.0046938],[5.699721,50.0046754],[5.6987985,50.0045736],[5.6986447,50.0045756],[5.6986748,50.0046502]]]}},{"type":"Feature","properties":{"t":"prado"},"geometry":{"type":"Polygon","coordinates":[[[5.7040642,50.008143],[5.703747,50.0080562],[5.7040369,50.0073446],[5.7042102,50.0072283],[5.7036645,50.0071285],[5.7037188,50.0069784],[5.7043188,50.0070772],[5.704569,50.0065637],[5.7048117,50.0065724],[5.7048193,50.0065065],[5.705166,50.0065666],[5.7052851,50.0063069],[5.703755,50.0059543],[5.7036781,50.0056287],[5.7029078,50.0054321],[5.7029568,50.005373],[5.7032002,50.005464],[5.7032244,50.005433],[5.7037158,50.0055319],[5.7039419,50.0051356],[5.7057177,50.0053778],[5.7055835,50.0055338],[5.7056167,50.0057605],[5.7051584,50.0060725],[5.7051916,50.0061597],[5.705472,50.0061481],[5.7056891,50.0059543],[5.7059574,50.0059523],[5.7063058,50.0060669],[5.7063541,50.0062203],[5.7068476,50.0064513],[5.7069281,50.0065703],[5.7068288,50.0067082],[5.7065633,50.007134],[5.706051,50.0079769],[5.7051403,50.0075645],[5.7051916,50.0073765],[5.7049745,50.0072719],[5.7047213,50.0074017],[5.7047183,50.0075335],[5.7040642,50.008143]]]}},{"type":"Feature","properties":{"t":"grama"},"geometry":{"type":"Polygon","coordinates":[[[5.7091817,49.9885709],[5.7091338,49.988573],[5.7090883,49.9885632],[5.7090521,49.9885429],[5.7090308,49.9885153],[5.7090275,49.9884845],[5.7090428,49.9884553],[5.7090743,49.988432],[5.7091172,49.9884183],[5.7091651,49.9884162],[5.7092106,49.988426],[5.7092467,49.9884463],[5.7092681,49.9884739],[5.7092714,49.9885046],[5.7092561,49.9885339],[5.7092246,49.9885571],[5.7091817,49.9885709]]]}},{"type":"Feature","properties":{"t":"prado"},"geometry":{"type":"Polygon","coordinates":[[[5.7091379,49.9910502],[5.7096615,49.9907604],[5.7096848,49.9907117],[5.7096412,49.9906603],[5.709407,49.9903134],[5.7093706,49.9901095],[5.7093823,49.9899693],[5.7086318,49.9897822],[5.7079031,49.9902825],[5.7086885,49.9907463],[5.7088601,49.9906463],[5.7091306,49.9908557],[5.708975,49.9909754],[5.709087,49.9910437],[5.7091379,49.9910502]]]}},{"type":"Feature","properties":{"t":"prado"},"geometry":{"type":"Polygon","coordinates":[[[5.7029477,49.9911091],[5.7027455,49.9914074],[5.7034757,49.9917805],[5.7038946,49.9912943],[5.7031455,49.9907042],[5.7029477,49.9911091]]]}},{"type":"Feature","properties":{"t":"prado"},"geometry":{"type":"Polygon","coordinates":[[[5.7070488,49.992893],[5.7059306,49.9934454],[5.7051909,49.9929317],[5.7048314,49.9928142],[5.704462,49.9926935],[5.7043396,49.9921452],[5.7057592,49.9927062],[5.7064137,49.9923902],[5.7067054,49.9926343],[5.7070488,49.992893]]]}},{"type":"Feature","properties":{"t":"prado"},"geometry":{"type":"Polygon","coordinates":[[[5.6949949,49.9867815],[5.6949016,49.9868861],[5.6943198,49.9875463],[5.694922,49.9879335],[5.6953336,49.9878241],[5.6953016,49.9875978],[5.6957781,49.9871855],[5.6953382,49.9870902],[5.6952846,49.9869936],[5.6954375,49.9868781],[5.6949949,49.9867815]]]}},{"type":"Feature","properties":{"t":"grama"},"geometry":{"type":"Polygon","coordinates":[[[5.6973617,49.9879351],[5.6970208,49.9881766],[5.6970761,49.9882514],[5.6975269,49.9885058],[5.6990105,49.9894578],[5.6990512,49.9895606],[5.6989829,49.9896607],[5.6986469,49.9898888],[5.6984956,49.9899244],[5.6983647,49.9899075],[5.6982222,49.9898608],[5.6974775,49.9894026],[5.6971939,49.9892735],[5.6956405,49.9883337],[5.6958368,49.9882103],[5.6958921,49.9883169],[5.6983734,49.9897514],[5.698516,49.9897925],[5.6988461,49.9896205],[5.6988694,49.9895569],[5.6988374,49.9894793],[5.6973349,49.9885152],[5.6968492,49.9882084],[5.6972826,49.9878849],[5.6973617,49.9879351]]]}},{"type":"Feature","properties":{"t":"grama"},"geometry":{"type":"Polygon","coordinates":[[[5.6974582,49.9879964],[5.697348,49.9880812],[5.6972913,49.9882122],[5.6973742,49.9883244],[5.6986294,49.9891314],[5.6990818,49.9894278],[5.6991661,49.989469],[5.699329,49.9894783],[5.6994439,49.9894512],[5.700017,49.9892361],[5.7005726,49.9890669],[5.7009449,49.9889332],[5.7016314,49.9886554],[5.7018147,49.9885423],[5.7018292,49.9884759],[5.7018656,49.9884095],[5.7019092,49.9883534],[5.701918,49.9882309],[5.7018132,49.9879073],[5.7015514,49.9872733],[5.7014176,49.9868356],[5.7011195,49.9862867],[5.7006002,49.9854946],[5.7001857,49.9849232],[5.7001188,49.9849148],[5.7009973,49.9862502],[5.7013929,49.9869759],[5.7018205,49.9882608],[5.7018031,49.98833],[5.7017361,49.9884946],[5.7015296,49.9886161],[5.7008809,49.9888574],[5.7003573,49.9890538],[5.6997726,49.989181],[5.6994294,49.9893175],[5.699281,49.9893755],[5.699153,49.9893549],[5.697588,49.9883487],[5.6974949,49.9882533],[5.6974717,49.9881635],[5.697524,49.9880382],[5.6974582,49.9879964]]]}},{"type":"Feature","properties":{"t":"prado"},"geometry":{"type":"Polygon","coordinates":[[[5.7036531,49.9849129],[5.7034175,49.9849185],[5.7027543,49.985085],[5.7024314,49.9850644],[5.7023238,49.9848773],[5.7013696,49.9850962],[5.7011078,49.9847333],[5.7028648,49.9843779],[5.7029259,49.9844041],[5.7037957,49.9845388],[5.7036531,49.9849129]]]}},{"type":"Feature","properties":{"t":"prado"},"geometry":{"type":"Polygon","coordinates":[[[5.7030103,49.9843853],[5.7029722,49.9843794],[5.7010522,49.9832568],[5.7010678,49.9832265],[5.7010755,49.9831925],[5.7030281,49.9835461],[5.7030103,49.9843853]]]}},{"type":"Feature","properties":{"t":"prado"},"geometry":{"type":"Polygon","coordinates":[[[5.7032895,49.9876679],[5.7031499,49.9880495],[5.7030757,49.9880943],[5.7024896,49.9882982],[5.7023383,49.988315],[5.7022278,49.9883066],[5.7021754,49.9882767],[5.7020809,49.9881991],[5.7020241,49.9881177],[5.7016052,49.9870264],[5.701678,49.9869871],[5.7018496,49.9871498],[5.7021201,49.9875089],[5.7023121,49.9874472],[5.7023936,49.9875968],[5.7022801,49.9876548],[5.7022336,49.9877465],[5.702411,49.9878194],[5.7026408,49.9878662],[5.7028299,49.9877652],[5.7030248,49.9876548],[5.7032895,49.9876679]]]}},{"type":"Feature","properties":{"t":"prado"},"geometry":{"type":"Polygon","coordinates":[[[5.698516,49.9897925],[5.6988461,49.9896205],[5.6988694,49.9895569],[5.6988374,49.9894793],[5.6973349,49.9885152],[5.6968492,49.9882084],[5.6972826,49.9878849],[5.6973617,49.9879351],[5.6974582,49.9879964],[5.697524,49.9880382],[5.6974717,49.9881635],[5.6974949,49.9882533],[5.697588,49.9883487],[5.699153,49.9893549],[5.699281,49.9893755],[5.6994294,49.9893175],[5.6997726,49.989181],[5.7003573,49.9890538],[5.7008809,49.9888574],[5.7015296,49.9886161],[5.7017361,49.9884946],[5.7018031,49.98833],[5.7018205,49.9882608],[5.7013929,49.9869759],[5.7009973,49.9862502],[5.7001188,49.9849148],[5.6999093,49.9848605],[5.6970819,49.9872078],[5.6958368,49.9882103],[5.6958921,49.9883169],[5.6983734,49.9897514],[5.698516,49.9897925]]]}},{"type":"Feature","properties":{"t":"grama"},"geometry":{"type":"Polygon","coordinates":[[[5.7021836,49.9902538],[5.701054,49.9891744],[5.701038,49.9891239],[5.7011471,49.9890575],[5.7019267,49.9887686],[5.7018234,49.9887115],[5.7011515,49.9889481],[5.7010307,49.9889911],[5.7009304,49.9890669],[5.70091,49.9891202],[5.7009086,49.9892025],[5.7009551,49.9892511],[5.7013434,49.9896476],[5.7017841,49.9901058],[5.7018714,49.9902245],[5.7018961,49.9902919],[5.7018831,49.9903854],[5.701854,49.9904387],[5.7015049,49.9909464],[5.7013958,49.991053],[5.7012082,49.9911306],[5.7010409,49.9911494],[5.700862,49.9911465],[5.7007122,49.9911063],[5.7005842,49.9910362],[5.6998541,49.9905369],[5.6997334,49.9904293],[5.6996199,49.990304],[5.6995748,49.9901563],[5.6995748,49.9899637],[5.6994977,49.9898299],[5.6993523,49.9897252],[5.6992432,49.9896943],[5.6991487,49.9897065],[5.6990323,49.9897411],[5.6987021,49.9899571],[5.6986818,49.9900487],[5.6987065,49.9901338],[5.6987749,49.9901871],[5.6994221,49.9905761],[5.6997494,49.9907912],[5.6999123,49.9909605],[5.7013769,49.9918413],[5.7015296,49.9917375],[5.7009115,49.9913588],[5.7008795,49.9913027],[5.7009115,49.9912401],[5.7009246,49.9912157],[5.7010555,49.9912139],[5.7011733,49.9911952],[5.7013042,49.9911634],[5.7014249,49.9910998],[5.7015893,49.9909315],[5.7019427,49.9904415],[5.7019907,49.9903022],[5.7021836,49.9902538]]]}},{"type":"Feature","properties":{"t":"grama"},"geometry":{"type":"Polygon","coordinates":[[[5.7009697,49.9903702],[5.7016562,49.9900805],[5.7017841,49.9902395],[5.7018016,49.990348],[5.7017638,49.9904228],[5.7014351,49.9909034],[5.7013173,49.9910166],[5.7011413,49.9910802],[5.701006,49.9910951],[5.7008664,49.991083],[5.7007617,49.9910549],[5.7006497,49.9910053],[5.6998308,49.990419],[5.6997246,49.9902853],[5.6996781,49.9901759],[5.6996723,49.9899216],[5.6996068,49.989814],[5.6995065,49.9897205],[5.6994628,49.9896691],[5.6994977,49.9895382],[5.6995705,49.9894737],[5.6997028,49.989426],[5.6999617,49.9893446],[5.7000155,49.9894447],[5.6997115,49.9895213],[5.6996374,49.9895831],[5.6996883,49.9896654],[5.6997319,49.9897402],[5.6998235,49.9901909],[5.6998875,49.990319],[5.7000082,49.9904368],[5.7007122,49.9909333],[5.700814,49.9909969],[5.7009246,49.9910175],[5.70107,49.9910156],[5.7012155,49.9909633],[5.7013114,49.9908885],[5.7013551,49.990795],[5.7013493,49.9907501],[5.7009697,49.9903702]]]}},{"type":"Feature","properties":{"t":"prado"},"geometry":{"type":"Polygon","coordinates":[[[5.7004868,49.9897776],[5.7010656,49.9895494],[5.7008227,49.9892586],[5.7007515,49.9891959],[5.7006933,49.9891763],[5.7006235,49.9891716],[5.7005304,49.9891688],[5.6999617,49.9893446],[5.7000155,49.9894447],[5.6997115,49.9895213],[5.6996374,49.9895831],[5.6996883,49.9896654],[5.6997319,49.9897402],[5.6998235,49.9901909],[5.6998875,49.990319],[5.7000082,49.9904368],[5.7007122,49.9909333],[5.700814,49.9909969],[5.7009246,49.9910175],[5.70107,49.9910156],[5.7012155,49.9909633],[5.7013114,49.9908885],[5.7013551,49.990795],[5.7013493,49.9907501],[5.7009697,49.9903702],[5.7004039,49.9898037],[5.7004868,49.9897776]]]}},{"type":"Feature","properties":{"t":"prado"},"geometry":{"type":"Polygon","coordinates":[[[5.7009115,49.9912401],[5.7008795,49.9913027],[5.7009115,49.9913588],[5.7015296,49.9917375],[5.702475,49.9911166],[5.7026699,49.9909904],[5.7029477,49.9911091],[5.7031455,49.9907042],[5.7030132,49.9905733],[5.7023485,49.9902124],[5.7021836,49.9902538],[5.7019907,49.9903022],[5.7019427,49.9904415],[5.7015893,49.9909315],[5.7014249,49.9910998],[5.7013042,49.9911634],[5.7011733,49.9911952],[5.7010555,49.9912139],[5.7009246,49.9912157],[5.7009115,49.9912401]]]}},{"type":"Feature","properties":{"t":"prado"},"geometry":{"type":"Polygon","coordinates":[[[5.6817462,49.9799923],[5.6812043,49.9804821],[5.6819607,49.9808771],[5.6821404,49.9807546],[5.6818454,49.9805658],[5.6822048,49.9802743],[5.6833332,49.9810171],[5.6834105,49.981078],[5.683338,49.9811401],[5.6826434,49.9823492],[5.6820881,49.983215],[5.6818145,49.9835116],[5.6805743,49.9829453],[5.679316,49.9825279],[5.6781925,49.982255],[5.6777031,49.9820334],[5.6773985,49.981677],[5.6772437,49.9811761],[5.6775633,49.9807779],[5.6771838,49.980627],[5.6767094,49.9804215],[5.6759306,49.9802079],[5.6750516,49.9798593],[5.6747594,49.9796846],[5.6745173,49.9794453],[5.6744648,49.9792254],[5.6745198,49.9789588],[5.6745347,49.9787036],[5.6749759,49.978047],[5.6759978,49.9782444],[5.6763249,49.9777273],[5.6776557,49.977965],[5.678145,49.9780437],[5.6785845,49.9781689],[5.6791138,49.9784338],[5.6800051,49.9789701],[5.6817462,49.9799923]]]}},{"type":"Feature","properties":{"t":"prado"},"geometry":{"type":"Polygon","coordinates":[[[5.6885747,50.0052904],[5.6888258,50.0052739],[5.6892496,50.0057773],[5.6901455,50.00616],[5.6903654,50.0061686],[5.6905398,50.0061307],[5.6905586,50.0062289],[5.6909823,50.0062875],[5.6935304,50.0064479],[5.6948206,50.0066306],[5.6956413,50.0068805],[5.6961107,50.0070064],[5.6968832,50.0073546],[5.6971326,50.0072598],[5.697535,50.0069305],[5.6978275,50.0066245],[5.6979239,50.006653],[5.6977871,50.0068323],[5.6975698,50.0072374],[5.6971246,50.0075063],[5.6986118,50.0088171],[5.6985435,50.0088647],[5.6985113,50.0088957],[5.6975538,50.008051],[5.6970441,50.0075856],[5.6969476,50.007558],[5.6969047,50.0075235],[5.6958291,50.0070391],[5.6946006,50.0067788],[5.6938979,50.0066737],[5.6927392,50.0065358],[5.6907061,50.0064272],[5.6900275,50.0063961],[5.6894106,50.0061841],[5.6887132,50.0058462],[5.6884932,50.0069219],[5.6881338,50.0081234],[5.6881633,50.0082872],[5.6880118,50.0083358],[5.6878687,50.0081622],[5.6881677,50.0070421],[5.6884692,50.005705],[5.6885747,50.0052904]]]}},{"type":"Feature","properties":{"t":"prado"},"geometry":{"type":"Polygon","coordinates":[[[5.6804489,49.9989791],[5.6803845,49.9988403],[5.6794148,49.9974474],[5.6793231,49.9971758],[5.6786856,49.9971358],[5.6790341,49.9975692],[5.679339,49.9978504],[5.6802804,49.9990192],[5.6804736,49.9992433],[5.6809092,49.9996974],[5.681269,49.9999798],[5.6811118,50.0000602],[5.6812956,50.0003037],[5.6816289,50.0006981],[5.6824547,50.0016027],[5.6832426,50.002506],[5.6834131,50.0024756],[5.6834926,50.0026594],[5.6836423,50.0029187],[5.6837458,50.0029226],[5.6835902,50.0024675],[5.683558,50.0022985],[5.6835634,50.0021192],[5.6835902,50.0019847],[5.683719,50.0018778],[5.6840945,50.0017227],[5.6844056,50.0016503],[5.6845586,50.0016509],[5.6847276,50.0016197],[5.6850022,50.001694],[5.6852162,50.0018109],[5.6853583,50.001957],[5.6854776,50.0021627],[5.685489,50.0023672],[5.6854454,50.0024963],[5.6853545,50.0026411],[5.6851587,50.0027823],[5.6852522,50.0028432],[5.685292,50.0028937],[5.6860629,50.0026886],[5.6871633,50.0023404],[5.6873281,50.0022771],[5.6875307,50.0021469],[5.6877618,50.0019265],[5.6880118,50.0016416],[5.6882088,50.00147],[5.6881633,50.0013434],[5.6884626,50.0012691],[5.6889891,50.0011693],[5.6892443,50.0011416],[5.6892657,50.0011985],[5.6891956,50.0012679],[5.6894835,50.0013215],[5.6897184,50.001403],[5.689743,50.0014122],[5.6903008,50.0011821],[5.6906493,50.0010323],[5.6907942,50.0008862],[5.6907881,50.000867],[5.6892751,50.0010061],[5.6892335,50.0008381],[5.6883187,50.000938],[5.6883565,50.0011157],[5.6879493,50.0011632],[5.6879001,50.0010147],[5.6865742,50.0011656],[5.6852825,50.0011401],[5.685328,49.9999567],[5.6850495,49.999919],[5.6847806,49.999908],[5.6834112,49.9998167],[5.6831138,49.9999859],[5.6821839,49.9999165],[5.6822028,49.9998362],[5.6818789,49.9997972],[5.681841,49.9999287],[5.6817748,49.9999044],[5.6814698,49.9997765],[5.6806213,49.999152],[5.6804489,49.9989791]]]}},{"type":"Feature","properties":{"t":"prado"},"geometry":{"type":"Polygon","coordinates":[[[5.6842067,50.003525],[5.6845571,50.0034215],[5.6848014,50.0033679],[5.6852333,50.0033119],[5.6854435,50.0033095],[5.6854464,50.0032352],[5.6854094,50.003195],[5.6854681,50.0031555],[5.6868754,50.0027544],[5.6868972,50.0027763],[5.6870636,50.0028962],[5.6868592,50.0031673],[5.6868336,50.0033562],[5.6867314,50.0033677],[5.6866675,50.0039524],[5.6866164,50.0046012],[5.6865474,50.0056771],[5.6865679,50.006183],[5.6866927,50.0065048],[5.686453,50.0065701],[5.6860629,50.006068],[5.6858375,50.0057758],[5.6854397,50.0052341],[5.6852011,50.0048945],[5.685006,50.0046413],[5.6847124,50.0042876],[5.6846944,50.0042499],[5.6847134,50.0042359],[5.6848374,50.0041732],[5.6847143,50.0040898],[5.6845249,50.0039255],[5.6843961,50.0037757],[5.6842067,50.003525]]]}},{"type":"Feature","properties":{"t":"lavoura"},"geometry":{"type":"Polygon","coordinates":[[[5.7194128,49.9920729],[5.7196453,49.9919131],[5.7198408,49.9916471],[5.7194191,49.9915842],[5.718931,49.9913652],[5.7181451,49.9909824],[5.7179171,49.9907496],[5.717884,49.9902529],[5.7175443,49.990265],[5.7175711,49.9905271],[5.7177857,49.9910962],[5.7181719,49.9914704],[5.7191992,49.9919963],[5.7194128,49.9920729]]]}},{"type":"Feature","properties":{"t":"prado"},"geometry":{"type":"Polygon","coordinates":[[[5.6918303,50.0025026],[5.6919966,50.002499],[5.6923135,50.0025119],[5.6925124,50.0025079],[5.6938933,50.0024438],[5.6938933,50.0024188],[5.6922684,50.0024937],[5.6920687,50.0024883],[5.6918303,50.0024741],[5.6918303,50.0025026]]]}},{"type":"Feature","properties":{"t":"prado"},"geometry":{"type":"Polygon","coordinates":[[[5.6985114,50.0022303],[5.6991088,50.0022097],[5.6991044,50.0021873],[5.6987135,50.0022023],[5.6985085,50.0022144],[5.6985114,50.0022303]]]}},{"type":"Feature","properties":{"t":"prado"},"geometry":{"type":"Polygon","coordinates":[[[5.699212,50.0022051],[5.699212,50.0021845],[5.7014714,50.0020846],[5.7019374,50.0020677],[5.7019433,50.0020874],[5.7014651,50.0021079],[5.699212,50.0022051]]]}},{"type":"Feature","properties":{"t":"prado"},"geometry":{"type":"Polygon","coordinates":[[[5.6939919,50.0024455],[5.6959756,50.0023502],[5.6959725,50.0023284],[5.6939817,50.0024197],[5.6939919,50.0024455]]]}},{"type":"Feature","properties":{"t":"prado"},"geometry":{"type":"Polygon","coordinates":[[[5.6960857,50.0023423],[5.6960796,50.0023244],[5.6975359,50.0022569],[5.6978417,50.0022469],[5.6978386,50.0022648],[5.6960857,50.0023423]]]}},{"type":"Feature","properties":{"t":"grama"},"geometry":{"type":"Polygon","coordinates":[[[5.7026653,50.034251],[5.7025239,50.0339114],[5.7022664,50.0333705],[5.7020062,50.0328002],[5.7019311,50.0328967],[5.7023144,50.0337584],[5.7027143,50.0344455],[5.7033715,50.0355533],[5.7039052,50.0364009],[5.7045932,50.0373476],[5.7051176,50.0380479],[5.7056621,50.0386767],[5.705131,50.0378791],[5.7049459,50.0377137],[5.7039991,50.0363406],[5.7035592,50.0356515],[5.7032649,50.0352477],[5.7026653,50.034251]]]}},{"type":"Feature","properties":{"t":"grama"},"geometry":{"type":"Polygon","coordinates":[[[5.6837223,50.0281803],[5.6831094,50.0287532],[5.683912,50.0290148],[5.6842098,50.0283566],[5.6837223,50.0281803]]]}},{"type":"Feature","properties":{"t":"prado"},"geometry":{"type":"Polygon","coordinates":[[[5.6823192,50.0277968],[5.681964,50.0276741],[5.6815138,50.0280058],[5.6814095,50.0280998],[5.6808825,50.0285987],[5.6812207,50.028713],[5.6814762,50.0282803],[5.6816241,50.0282911],[5.6818691,50.0283691],[5.6819535,50.0282728],[5.6823192,50.0277968]]]}},{"type":"Feature","properties":{"t":"prado"},"geometry":{"type":"Polygon","coordinates":[[[5.6831094,50.0287532],[5.6830701,50.02879],[5.6830564,50.0292715],[5.6832978,50.0293267],[5.6832227,50.0296334],[5.683704,50.0299336],[5.6839067,50.029337],[5.6841203,50.0286711],[5.6843251,50.0282101],[5.6844673,50.0278],[5.6844815,50.027682],[5.6838986,50.0280154],[5.6837223,50.0281803],[5.6842098,50.0283566],[5.683912,50.0290148],[5.6831094,50.0287532]]]}},{"type":"Feature","properties":{"t":"grama"},"geometry":{"type":"Polygon","coordinates":[[[5.7585008,50.0618012],[5.7586651,50.0620188],[5.7594219,50.0616974],[5.7592867,50.061479],[5.7585008,50.0618012]]]}},{"type":"Feature","properties":{"t":"prado"},"geometry":{"type":"Polygon","coordinates":[[[5.7592867,50.061479],[5.7586437,50.0604407],[5.7585204,50.0604708],[5.7583728,50.060705],[5.7578927,50.0608574],[5.7585008,50.0618012],[5.7592867,50.061479]]]}},{"type":"Feature","properties":{"t":"grama"},"geometry":{"type":"Polygon","coordinates":[[[5.7155229,49.9993743],[5.7156138,49.9992417],[5.7154255,49.9992524],[5.7155229,49.9993743]]]}},{"type":"Feature","properties":{"t":"grama"},"geometry":{"type":"Polygon","coordinates":[[[5.7095611,49.9940473],[5.7095435,49.9940253],[5.7096,49.993945],[5.7096424,49.9939359],[5.7096801,49.9939549],[5.7096825,49.9940177],[5.7096507,49.9940397],[5.7095611,49.9940473]]]}},{"type":"Feature","properties":{"t":"grama"},"geometry":{"type":"Polygon","coordinates":[[[5.7105775,49.9946311],[5.710531,49.9946164],[5.7105042,49.9945878],[5.7105057,49.9945544],[5.710535,49.9945269],[5.7105828,49.9945139],[5.710634,49.9945196],[5.7106722,49.9945422],[5.7106854,49.9945745],[5.7106693,49.9946062],[5.7106291,49.9946273],[5.7105775,49.9946311]]]}},{"type":"Feature","properties":{"t":"lavoura"},"geometry":{"type":"Polygon","coordinates":[[[5.7461286,50.0026656],[5.7463163,50.0023552],[5.7458255,50.0023205],[5.7455996,50.0026095],[5.7455412,50.0026613],[5.7454956,50.0027707],[5.7460508,50.0028828],[5.7461286,50.0026656]]]}},{"type":"Feature","properties":{"t":"prado"},"geometry":{"type":"Polygon","coordinates":[[[5.7433329,50.0016488],[5.7430628,50.0018139],[5.7435175,50.0020962],[5.7437896,50.0019922],[5.7433329,50.0016488]]]}},{"type":"Feature","properties":{"t":"grama"},"geometry":{"type":"Polygon","coordinates":[[[5.7269519,50.0074183],[5.7283827,50.0080723],[5.7281819,50.0079215],[5.7271801,50.0074658],[5.7269519,50.0074183]]]}},{"type":"Feature","properties":{"t":"prado"},"geometry":{"type":"Polygon","coordinates":[[[5.7070647,49.9969709],[5.7073516,49.9972785],[5.708238,49.9967022],[5.7081699,49.9966467],[5.7079087,49.9966341],[5.7077503,49.9966973],[5.7074806,49.9966778],[5.7070647,49.9969709]]]}},{"type":"Feature","properties":{"t":"prado"},"geometry":{"type":"Polygon","coordinates":[[[5.7797704,50.0087113],[5.7800209,50.0086492],[5.7796309,50.0082016],[5.7792726,50.0082424],[5.7783714,50.0083837],[5.7787043,50.0086069],[5.7795395,50.0084699],[5.7797704,50.0087113]]]}},{"type":"Feature","properties":{"t":"prado"},"geometry":{"type":"Polygon","coordinates":[[[5.7109384,49.9923856],[5.7110667,49.9924153],[5.7110305,49.992092],[5.710381,49.9918794],[5.7101253,49.9919584],[5.7107905,49.9921558],[5.7109384,49.9923856]]]}},{"type":"Feature","properties":{"t":"prado"},"geometry":{"type":"Polygon","coordinates":[[[5.7289624,50.0006536],[5.7290786,50.0005568],[5.7282215,50.0000565],[5.7280492,49.9999758],[5.7277009,50.0001898],[5.7282062,50.0004673],[5.727687,50.0007494],[5.7283497,50.0011035],[5.7289624,50.0006536]]]}},{"type":"Feature","properties":{"t":"prado"},"geometry":{"type":"Polygon","coordinates":[[[5.7373738,50.0048239],[5.7375053,50.0045274],[5.7361953,50.0046235],[5.7361789,50.0045619],[5.7360207,50.004555],[5.7360129,50.0046304],[5.7353018,50.0046395],[5.7353045,50.0046835],[5.7353353,50.0049739],[5.7371834,50.0050205],[5.7373738,50.0048239]]]}},{"type":"Feature","properties":{"t":"prado"},"geometry":{"type":"Polygon","coordinates":[[[5.7283394,50.0036108],[5.7279968,50.0034877],[5.7279056,50.0037827],[5.7280706,50.0038108],[5.7282537,50.0038164],[5.7283394,50.0036108]]]}},{"type":"Feature","properties":{"t":"prado"},"geometry":{"type":"Polygon","coordinates":[[[5.7333465,50.0034689],[5.733602,50.0034841],[5.7336857,50.0040995],[5.7333599,50.0041197],[5.7332969,50.0038448],[5.7333465,50.0034689]]]}},{"type":"Feature","properties":{"t":"prado"},"geometry":{"type":"Polygon","coordinates":[[[5.7343517,50.0035576],[5.7343872,50.0040559],[5.7340497,50.0040769],[5.7339557,50.0035051],[5.7340229,50.003509],[5.7340036,50.0035508],[5.7343517,50.0035576]]]}},{"type":"Feature","properties":{"t":"prado"},"geometry":{"type":"Polygon","coordinates":[[[5.7433329,50.0016488],[5.7430864,50.0014581],[5.7429647,50.0014752],[5.7427673,50.0017593],[5.7430628,50.0018139],[5.7433329,50.0016488]]]}},{"type":"Feature","properties":{"t":"prado"},"geometry":{"type":"Polygon","coordinates":[[[5.7424529,50.0017012],[5.7427673,50.0017593],[5.7429647,50.0014752],[5.7427813,50.0014598],[5.7427779,50.001409],[5.7426135,50.0013984],[5.7424529,50.0017012]]]}},{"type":"Feature","properties":{"t":"lavoura"},"geometry":{"type":"Polygon","coordinates":[[[5.7344864,49.9947277],[5.7336777,49.9956294],[5.736376,49.9963605],[5.738641,49.9958268],[5.7344864,49.9947277]]]}},{"type":"Feature","properties":{"t":"lavoura"},"geometry":{"type":"Polygon","coordinates":[[[5.7367637,49.9944864],[5.7383904,49.9949932],[5.7384153,49.9939864],[5.7359227,49.9930878],[5.7352871,49.9938282],[5.7356223,49.9939707],[5.7356974,49.9939707],[5.7357162,49.9936775],[5.7366818,49.9936655],[5.7367637,49.9944864]]]}},{"type":"Feature","properties":{"t":"prado"},"geometry":{"type":"Polygon","coordinates":[[[5.7388784,49.9940941],[5.7396403,49.9938862],[5.7397047,49.993881],[5.7396424,49.9932062],[5.7394123,49.9932154],[5.7389282,49.9932985],[5.7392031,49.9936293],[5.7391683,49.9936534],[5.7393345,49.9938086],[5.7388784,49.9940941]]]}}]}