{"type":"FeatureCollection","features":[{"type":"Feature","properties":{"t":"mata"},"geometry":{"type":"Polygon","coordinates":[[[5.6759265,49.993752],[5.6760649,49.9937415],[5.676639,49.9936674],[5.6766411,49.9934621],[5.6766439,49.9931981],[5.677569,49.9931419],[5.6786394,49.9930877],[5.6797969,49.9930239],[5.6801667,49.9929877],[5.6804072,49.9928948],[5.6805992,49.992822],[5.680687,49.9927741],[5.6809028,49.9927256],[5.6809588,49.9927013],[5.6813904,49.992224],[5.6818522,49.9917802],[5.6820794,49.9915273],[5.6821301,49.9914101],[5.6812866,49.9913405],[5.6803641,49.9912955],[5.6805715,49.9908662],[5.6811295,49.9900618],[5.6813386,49.989984],[5.681642,49.9898665],[5.6819777,49.9899068],[5.6843768,49.9904541],[5.6845269,49.9902252],[5.6845613,49.9899818],[5.6845318,49.9898213],[5.6836101,49.9895441],[5.6834918,49.9896277],[5.682112,49.9892005],[5.6819867,49.9889152],[5.6820121,49.9887722],[5.6816639,49.9885695],[5.6821662,49.9881495],[5.6838017,49.988728],[5.6841677,49.988129],[5.6851883,49.9864589],[5.6852008,49.9863005],[5.685293,49.986132],[5.6840905,49.985664],[5.6833173,49.9853846],[5.6826376,49.9851517],[5.6818012,49.9848694],[5.6813609,49.9847202],[5.6812946,49.9846732],[5.6812423,49.9847926],[5.679618,49.9841798],[5.6795785,49.9842463],[5.6795121,49.984358],[5.6785006,49.9842469],[5.6780336,49.9842109],[5.6778555,49.9841819],[5.677793,49.9841598],[5.6777277,49.9841085],[5.6775817,49.9839894],[5.6774138,49.9839269],[5.6769536,49.9837905],[5.6764162,49.9836669],[5.6759107,49.9835702],[5.6746934,49.9834522],[5.6744733,49.9838401],[5.6741663,49.9842542],[5.6738295,49.9844164],[5.6734829,49.9845832],[5.6731186,49.9846341],[5.6728262,49.984826],[5.6715149,49.9857692],[5.6719118,49.986666],[5.672636,49.9879007],[5.6730062,49.988832],[5.6737626,49.9905668],[5.6745028,49.9916807],[5.6759265,49.993752]]]}},{"type":"Feature","properties":{"t":"mata"},"geometry":{"type":"Polygon","coordinates":[[[5.7044839,49.971847],[5.7047313,49.9733694],[5.7048046,49.9735686],[5.7050999,49.9740771],[5.7051646,49.9741853],[5.7053144,49.9744205],[5.7053769,49.9746188],[5.705403,49.9746869],[5.7054714,49.9748138],[5.7055671,49.9749385],[5.7057398,49.9752094],[5.7057822,49.9753057],[5.7058317,49.9755211],[5.7058866,49.9757087],[5.7059594,49.9758847],[5.7063709,49.976356],[5.7066491,49.9766559],[5.7069131,49.9769612],[5.7073886,49.9774944],[5.7119347,49.9768956],[5.7162818,49.9763521],[5.7163943,49.9771351],[5.7164061,49.9775824],[5.7162277,49.9782003],[5.7162108,49.978658],[5.7139401,49.9785807],[5.7139291,49.9786878],[5.7136163,49.9794265],[5.7134998,49.979895],[5.7134264,49.9800709],[5.712443,49.9805494],[5.7115772,49.9809512],[5.7115092,49.980985],[5.7113669,49.9808804],[5.7103908,49.9801722],[5.7095017,49.9795341],[5.7093035,49.9793755],[5.7082394,49.9784763],[5.7080291,49.978619],[5.7079903,49.9786137],[5.7079115,49.9785798],[5.7078666,49.9786116],[5.7077957,49.9786044],[5.7076587,49.9786836],[5.7075036,49.9787979],[5.7073466,49.9789706],[5.7072103,49.9790572],[5.7069783,49.9790473],[5.7069572,49.9790735],[5.7068948,49.9790847],[5.706882,49.9791231],[5.7068357,49.9791251],[5.7035461,49.9774509],[5.703241,49.9776978],[5.7029881,49.977985],[5.702808,49.9782797],[5.7028203,49.9785007],[5.7027906,49.9786421],[5.7026749,49.9787588],[5.7025937,49.9788455],[5.7024939,49.9789955],[5.7023626,49.9791418],[5.7026303,49.979501],[5.7026022,49.97969],[5.7024533,49.9798212],[5.7024206,49.9798739],[5.7022979,49.9800422],[5.7022175,49.9800308],[5.7021842,49.9800433],[5.701863,49.979955],[5.7019897,49.9796263],[5.7018931,49.9795193],[5.7016278,49.9793919],[5.7015769,49.9792922],[5.701444,49.9792755],[5.701263,49.9793499],[5.7011809,49.9793405],[5.7011415,49.9793046],[5.7010625,49.9790568],[5.7004472,49.9789705],[5.7000041,49.9788589],[5.6996596,49.9790097],[5.6993685,49.9791698],[5.6991856,49.9791344],[5.6990501,49.9791471],[5.6989676,49.9791231],[5.6988628,49.9790693],[5.6985134,49.9793039],[5.6984542,49.9796419],[5.6976523,49.9796486],[5.6971766,49.979717],[5.6969924,49.979994],[5.6969396,49.980121],[5.6970396,49.9802472],[5.6974584,49.9803107],[5.6976968,49.9803068],[5.6979341,49.980275],[5.6981448,49.9802797],[5.6984475,49.9802597],[5.6988104,49.9802404],[5.6999457,49.9802329],[5.7009074,49.9802294],[5.7013986,49.9801789],[5.7016181,49.9800787],[5.7017129,49.9800759],[5.7017578,49.9800885],[5.7015663,49.9803221],[5.7007807,49.9804246],[5.6993182,49.9804152],[5.6985538,49.9804102],[5.698649,49.9807738],[5.6985736,49.9807814],[5.6957617,49.9800838],[5.6971058,49.979105],[5.699369,49.9774842],[5.6984406,49.9769417],[5.7001846,49.9754843],[5.7009021,49.9752963],[5.7034969,49.9740601],[5.7044839,49.971847]]]}},{"type":"Feature","properties":{"t":"mata"},"geometry":{"type":"Polygon","coordinates":[[[5.7606458,49.9931142],[5.7625678,49.9927274],[5.7625946,49.9936603],[5.7626641,49.9936641],[5.7627207,49.9936672],[5.7627422,49.9927085],[5.7673672,49.9913919],[5.7676403,49.9916138],[5.7686357,49.9907525],[5.7677743,49.9901637],[5.7678554,49.9901024],[5.7685782,49.9895559],[5.7688669,49.9893581],[5.7681134,49.9888721],[5.7685089,49.9884284],[5.76909,49.9877196],[5.7701384,49.9865847],[5.770179,49.9865408],[5.7685763,49.9855597],[5.7678223,49.9848017],[5.7679097,49.9847228],[5.7697588,49.9850862],[5.770821,49.985288],[5.7717705,49.9855864],[5.7732028,49.9860244],[5.7747429,49.9862959],[5.7747182,49.9864314],[5.775946,49.9868102],[5.7760996,49.986409],[5.7762229,49.9858847],[5.7762766,49.985407],[5.7762722,49.9851598],[5.7763289,49.9849388],[5.776018,49.9838286],[5.7764509,49.9836134],[5.7766226,49.9836151],[5.7766602,49.9834657],[5.7762659,49.9831029],[5.7752654,49.9825596],[5.7744634,49.9820266],[5.7738499,49.981765],[5.7722155,49.9810959],[5.7704216,49.9807861],[5.7702309,49.9807434],[5.7690722,49.9806123],[5.7679964,49.9806661],[5.767776,49.9809824],[5.7659903,49.9807762],[5.7648128,49.9806037],[5.7645822,49.980621],[5.7642871,49.9805045],[5.76424,49.9805672],[5.7638472,49.9810366],[5.7633805,49.9819025],[5.7627176,49.9831946],[5.7626939,49.9832408],[5.7622728,49.9837962],[5.7617202,49.9842981],[5.7618383,49.9844033],[5.7613371,49.9849025],[5.7611006,49.985138],[5.7606903,49.9857312],[5.7604811,49.9862676],[5.7597059,49.986121],[5.7593706,49.9868143],[5.7586116,49.9871971],[5.757831,49.9868056],[5.7576829,49.9869879],[5.7600412,49.9879576],[5.7601024,49.9879514],[5.7601416,49.9879474],[5.760296,49.9879318],[5.7611912,49.9885232],[5.7606534,49.9930499],[5.7606458,49.9931142]]]}},{"type":"Feature","properties":{"t":"mata"},"geometry":{"type":"Polygon","coordinates":[[[5.7174039,50.0350303],[5.7172158,50.0351759],[5.7169327,50.0352466],[5.7168384,50.0350021],[5.7167932,50.0348849],[5.7167423,50.0344369],[5.7167926,50.0341211],[5.716812,50.0339993],[5.7163875,50.0308417],[5.7162166,50.030612],[5.7153851,50.0300296],[5.7161844,50.0302192],[5.716357,50.0295348],[5.7161522,50.0287891],[5.7163238,50.0287098],[5.7157899,50.0273193],[5.7154843,50.0274106],[5.7154146,50.0273417],[5.715495,50.0272831],[5.7155004,50.0270608],[5.7153556,50.0270057],[5.7153395,50.0268661],[5.7149854,50.0264939],[5.714913,50.0259201],[5.7149749,50.0258213],[5.7150458,50.0256426],[5.715111,50.0253529],[5.7151182,50.0253213],[5.7151935,50.0253375],[5.7154253,50.0254083],[5.7155433,50.0258201],[5.7155538,50.0261767],[5.715825,50.0262733],[5.7163453,50.026039],[5.7164419,50.0261458],[5.7160212,50.0265066],[5.7171524,50.0265232],[5.7187271,50.0261527],[5.7193191,50.0262977],[5.7197678,50.0263629],[5.7201326,50.0262492],[5.7202515,50.0258899],[5.7201219,50.0256461],[5.7197195,50.0254152],[5.7199776,50.0249182],[5.7209784,50.0244556],[5.7211569,50.0246797],[5.7214739,50.0250778],[5.7221215,50.0264068],[5.7224634,50.0269195],[5.7228792,50.0273641],[5.7232225,50.0277311],[5.7231827,50.028191],[5.7273625,50.0288302],[5.7275591,50.0282104],[5.7277642,50.0289493],[5.7278464,50.0293299],[5.7279554,50.0296475],[5.7281599,50.0303924],[5.7284004,50.0309986],[5.7287955,50.0320451],[5.728913,50.0323991],[5.7300439,50.0322296],[5.7301077,50.0320498],[5.7301949,50.0320309],[5.730505,50.0321958],[5.7305184,50.0322526],[5.7306592,50.0322561],[5.7307812,50.0322423],[5.7308094,50.0322983],[5.7305412,50.0323827],[5.7305144,50.0324404],[5.7305599,50.0325076],[5.7306203,50.0325671],[5.7305801,50.0326257],[5.7306216,50.0326636],[5.7306659,50.0327239],[5.7307316,50.032866],[5.730851,50.0330624],[5.7309848,50.0334704],[5.7309632,50.03358],[5.7307997,50.0337874],[5.7299575,50.0344197],[5.7296583,50.0348088],[5.7290475,50.0351257],[5.727644,50.0354767],[5.7276642,50.0355516],[5.7264586,50.0359949],[5.7243959,50.0360009],[5.7235309,50.0361563],[5.7226956,50.0362721],[5.7220477,50.0361839],[5.7214126,50.0360504],[5.7210395,50.0361677],[5.7206619,50.0362381],[5.7204071,50.0363586],[5.7198107,50.0363751],[5.7197585,50.0360551],[5.7193363,50.0355987],[5.7186127,50.0352943],[5.7174039,50.0350303]]]}},{"type":"Feature","properties":{"t":"mata"},"geometry":{"type":"Polygon","coordinates":[[[5.7524667,50.0352394],[5.752157,50.0364308],[5.7515389,50.0363586],[5.7521592,50.0344581],[5.7516322,50.0343872],[5.7516051,50.0344666],[5.751599,50.0344897],[5.7515077,50.0347739],[5.7514233,50.0350393],[5.7513463,50.0352691],[5.751282,50.0354592],[5.75125,50.0355479],[5.7512184,50.0356303],[5.7511963,50.0356888],[5.7511264,50.0359013],[5.751064,50.0360765],[5.7510184,50.0362043],[5.7509715,50.0363394],[5.7505545,50.0363094],[5.7504668,50.0363078],[5.7494914,50.036226],[5.7492309,50.0361968],[5.7483654,50.036045],[5.7482224,50.0360103],[5.7480424,50.035968],[5.7473699,50.0357575],[5.7466874,50.0355416],[5.7462482,50.0354096],[5.7457055,50.0351532],[5.7459707,50.0348896],[5.7461832,50.0345105],[5.746591,50.0340408],[5.746826,50.0338148],[5.7462975,50.0322579],[5.7458732,50.0322218],[5.7452097,50.0320997],[5.7450997,50.0320695],[5.7448907,50.032086],[5.7445437,50.0321694],[5.7446649,50.0325246],[5.7437861,50.0329138],[5.7435172,50.0330352],[5.7430038,50.033263],[5.7425389,50.0326781],[5.7437277,50.0322111],[5.742521,50.030746],[5.7411105,50.0312807],[5.7401794,50.0305224],[5.7390909,50.0296764],[5.7389305,50.0294188],[5.738841,50.029275],[5.7387014,50.0291036],[5.7386023,50.028982],[5.7385688,50.0288262],[5.7377976,50.0283083],[5.7373846,50.0279017],[5.7374275,50.0278689],[5.7368937,50.0274864],[5.7359952,50.0279706],[5.7347962,50.0266697],[5.7348157,50.0266563],[5.7348713,50.026618],[5.7355553,50.0273158],[5.7361829,50.0270505],[5.7357104,50.0267396],[5.7345924,50.0252584],[5.7342973,50.0250016],[5.7341584,50.0246033],[5.734292,50.0244002],[5.7346112,50.0244605],[5.7356025,50.0242461],[5.7348075,50.0238092],[5.7353687,50.0235308],[5.7352339,50.0233236],[5.7354508,50.0232031],[5.7356501,50.0232935],[5.736062,50.0231868],[5.7364152,50.0239234],[5.736463,50.023905],[5.7378423,50.0236136],[5.738104,50.0238636],[5.7387984,50.0233015],[5.7393422,50.0228652],[5.7393975,50.0228547],[5.7399061,50.0226826],[5.7400212,50.0229079],[5.7416328,50.02371],[5.7429349,50.0224712],[5.7446758,50.0227235],[5.7447391,50.0230804],[5.7449162,50.0240793],[5.7460064,50.024068],[5.747646,50.0254923],[5.7471428,50.0256929],[5.7467994,50.026125],[5.7462985,50.0269524],[5.7447816,50.0280649],[5.7445812,50.029021],[5.7446098,50.0299219],[5.7449839,50.0304371],[5.7476159,50.0294568],[5.7498214,50.0283839],[5.751246,50.0290326],[5.7522952,50.0298987],[5.753023,50.030427],[5.7541315,50.0312317],[5.7533535,50.0321737],[5.7530229,50.0328875],[5.752906,50.0332775],[5.7526001,50.033279],[5.7525852,50.0334142],[5.7525848,50.0336245],[5.7527922,50.0336091],[5.7528372,50.0336703],[5.7524667,50.0352394]]]}},{"type":"Feature","properties":{"t":"mata"},"geometry":{"type":"Polygon","coordinates":[[[5.7536571,50.058737],[5.7543624,50.0587536],[5.7550718,50.0587704],[5.7557982,50.0588997],[5.7558408,50.0589073],[5.7559988,50.0589669],[5.7563442,50.0590971],[5.7564127,50.059123],[5.7565572,50.0593554],[5.756576,50.0593811],[5.7567609,50.0596339],[5.7565489,50.0597769],[5.756654,50.0599213],[5.7565355,50.0600386],[5.7563598,50.0604598],[5.7569488,50.0611141],[5.7564646,50.0613014],[5.7563043,50.0615365],[5.7562166,50.0616053],[5.7561719,50.0616491],[5.7560785,50.0617407],[5.7558918,50.0620567],[5.755704,50.061931],[5.7556504,50.0618346],[5.7551998,50.0616865],[5.7542959,50.0611458],[5.7535019,50.0605328],[5.7532606,50.0601867],[5.7529038,50.0597562],[5.753274,50.0592999],[5.7533437,50.0590571],[5.7536571,50.058737]]]}},{"type":"Feature","properties":{"t":"mata"},"geometry":{"type":"Polygon","coordinates":[[[5.7321144,50.0321083],[5.7333532,50.0315286],[5.7333988,50.0315579],[5.7349233,50.0309887],[5.7357727,50.0306716],[5.7358365,50.0306478],[5.7360561,50.0305658],[5.7363599,50.0315817],[5.7363707,50.0316177],[5.736616,50.0323498],[5.7368399,50.0334612],[5.7363211,50.0334293],[5.7361845,50.0334219],[5.7363393,50.0336338],[5.7345596,50.0334989],[5.7333699,50.0333557],[5.7334575,50.0330113],[5.7330877,50.0327157],[5.7328168,50.0326296],[5.7322174,50.0321847],[5.7321144,50.0321083]]]}},{"type":"Feature","properties":{"t":"mata"},"geometry":{"type":"Polygon","coordinates":[[[5.7506275,50.0240281],[5.7502866,50.0228607],[5.7500741,50.0227683],[5.7503718,50.0225822],[5.7504684,50.0223496],[5.7510263,50.0218981],[5.7514527,50.0218929],[5.7510381,50.0221319],[5.7519543,50.0227114],[5.7542288,50.0241728],[5.7529199,50.025674],[5.7528643,50.0257377],[5.7526654,50.0256284],[5.7522143,50.0253805],[5.7516694,50.0249422],[5.7510345,50.024509],[5.7503582,50.0240475],[5.750125,50.0238884],[5.7501673,50.0238613],[5.7502323,50.0238195],[5.7506275,50.0240281]]]}},{"type":"Feature","properties":{"t":"mata"},"geometry":{"type":"Polygon","coordinates":[[[5.7841724,50.0642189],[5.7862793,50.0649904],[5.785031,50.0662642],[5.7844466,50.0668604],[5.7849455,50.0671084],[5.7855087,50.0666297],[5.7861417,50.0669259],[5.7872844,50.0657964],[5.7880013,50.0656067],[5.7888811,50.0660062],[5.7867996,50.0679276],[5.7861368,50.0676737],[5.7848577,50.0671839],[5.784482,50.0671539],[5.7842776,50.0669723],[5.7835539,50.066674],[5.7834654,50.0666376],[5.7818913,50.06602],[5.7809402,50.0658938],[5.7807486,50.0658684],[5.7801268,50.0652794],[5.7801354,50.0650522],[5.7798149,50.0650036],[5.7797557,50.0649217],[5.7802892,50.0649287],[5.7811743,50.0648563],[5.7841724,50.0642189]]]}},{"type":"Feature","properties":{"t":"mata"},"geometry":{"type":"Polygon","coordinates":[[[5.7999393,50.0117709],[5.8004808,50.0120128],[5.8007435,50.0124384],[5.800719,50.0127667],[5.8006268,50.0128248],[5.7998867,50.0132913],[5.7990564,50.0137302],[5.7978473,50.0141578],[5.7976378,50.0141625],[5.7972491,50.0141713],[5.7963544,50.0140219],[5.7952124,50.0134103],[5.7930833,50.0141891],[5.7932074,50.0144671],[5.7918973,50.015084],[5.7911628,50.0153818],[5.7909376,50.014813],[5.7907149,50.0139409],[5.7906661,50.013657],[5.7906774,50.013379],[5.7908437,50.013398],[5.7908544,50.0136375],[5.791592,50.0136548],[5.7923704,50.013599],[5.7930575,50.0132638],[5.7935634,50.013017],[5.7939982,50.0128502],[5.7949611,50.0124808],[5.7974643,50.0117135],[5.7978588,50.0115926],[5.7981795,50.0116037],[5.7984102,50.0114106],[5.799585,50.011745],[5.7999393,50.0117709]]]}},{"type":"Feature","properties":{"t":"mata"},"geometry":{"type":"Polygon","coordinates":[[[5.6849379,50.002926],[5.6851248,50.0028068],[5.6851587,50.0027823],[5.6853545,50.0026411],[5.6854454,50.0024963],[5.685489,50.0023672],[5.6854776,50.0021627],[5.6853583,50.001957],[5.6852162,50.0018109],[5.6850022,50.001694],[5.6847276,50.0016197],[5.6845586,50.0016509],[5.6844056,50.0016503],[5.6840945,50.0017227],[5.683719,50.0018778],[5.6835902,50.0019847],[5.6835634,50.0021192],[5.683558,50.0022985],[5.6835902,50.0024675],[5.6837458,50.0029226],[5.6837833,50.0030157],[5.6839354,50.0032226],[5.6846992,50.0030124],[5.6849379,50.002926]]]}},{"type":"Feature","properties":{"t":"mata"},"geometry":{"type":"Polygon","coordinates":[[[5.7268427,49.9838033],[5.7268023,49.9840225],[5.7267734,49.9841794],[5.7266978,49.9845897],[5.7295624,49.9847449],[5.7298744,49.9847154],[5.7302973,49.9844465],[5.7303495,49.9844005],[5.7303894,49.9843653],[5.7303268,49.9843017],[5.7301694,49.9843826],[5.7291582,49.9840514],[5.7280397,49.9839307],[5.7283106,49.9834478],[5.72824,49.9834048],[5.7279129,49.9839136],[5.7268427,49.9838033]]]}},{"type":"Feature","properties":{"t":"mata"},"geometry":{"type":"Polygon","coordinates":[[[5.777649,50.011641],[5.7776276,50.0111722],[5.7776874,50.0110659],[5.7784948,50.0110695],[5.7798592,50.0110757],[5.7798163,50.0113514],[5.7794765,50.0114485],[5.7794952,50.0115675],[5.7791403,50.0115359],[5.7790867,50.0116962],[5.7783419,50.0116676],[5.777649,50.011641]]]}},{"type":"Feature","properties":{"t":"mata"},"geometry":{"type":"Polygon","coordinates":[[[5.7926694,49.9807022],[5.7950244,49.9817118],[5.7962046,49.9821838],[5.7965165,49.981968],[5.7966399,49.981949],[5.7968438,49.9823906],[5.7970583,49.9826458],[5.7973686,49.9829236],[5.7979667,49.9835997],[5.7978989,49.9835876],[5.794791,49.9830323],[5.7943654,49.9837531],[5.7962215,49.9840704],[5.7962456,49.9841221],[5.7942224,49.9838843],[5.7916394,49.983034],[5.7921759,49.9823303],[5.7915429,49.9821079],[5.7916713,49.9819477],[5.7926694,49.9807022]]]}},{"type":"Feature","properties":{"t":"mata"},"geometry":{"type":"Polygon","coordinates":[[[5.6794537,50.0136846],[5.6798562,50.013558],[5.6808004,50.0136546],[5.6821899,50.0145018],[5.681984,50.014622],[5.6811706,50.0147287],[5.6808004,50.0148749],[5.6794537,50.0136846]]]}},{"type":"Feature","properties":{"t":"mata"},"geometry":{"type":"Polygon","coordinates":[[[5.7036959,50.0440085],[5.7046293,50.0437873],[5.7052838,50.0438011],[5.7060026,50.0431121],[5.7051229,50.0427614],[5.7043987,50.0427059],[5.7037335,50.0426218],[5.703374,50.0431672],[5.7034706,50.0432637],[5.7031487,50.0434573],[5.7030951,50.0436709],[5.7036959,50.0440085]]]}},{"type":"Feature","properties":{"t":"mata"},"geometry":{"type":"Polygon","coordinates":[[[5.6941795,50.0117724],[5.6947143,50.0116449],[5.6962823,50.012779],[5.6958103,50.0130686],[5.6941795,50.0117724]]]}},{"type":"Feature","properties":{"t":"mata"},"geometry":{"type":"Polygon","coordinates":[[[5.6844699,50.0108968],[5.6846416,50.0107313],[5.6849205,50.0108348],[5.6855501,50.0102591],[5.6862815,50.0095902],[5.6870234,50.0100349],[5.687474,50.0096281],[5.6881606,50.0100556],[5.6871546,50.0110454],[5.6867184,50.0114745],[5.6863045,50.011345],[5.6862187,50.0114829],[5.6858586,50.0113816],[5.6844699,50.0108968]]]}},{"type":"Feature","properties":{"t":"mata"},"geometry":{"type":"Polygon","coordinates":[[[5.6889968,50.0126938],[5.6891668,50.0127694],[5.6898465,50.0131596],[5.6895968,50.0135751],[5.6896989,50.0136041],[5.6899705,50.0132118],[5.6905135,50.0135634],[5.6910094,50.0140634],[5.6911291,50.014025],[5.6906759,50.0136156],[5.6902911,50.0133079],[5.6899888,50.013135],[5.689212,50.0127101],[5.6886131,50.0125006],[5.6885572,50.0125423],[5.6889968,50.0126938]]]}},{"type":"Feature","properties":{"t":"mata"},"geometry":{"type":"Polygon","coordinates":[[[5.7115154,50.0459707],[5.7101371,50.0482208],[5.7100503,50.0483624],[5.7097203,50.0481644],[5.7096559,50.048123],[5.709562,50.0480628],[5.709452,50.0481282],[5.7089129,50.0482402],[5.7087528,50.0482177],[5.708996,50.0477355],[5.7101676,50.045412],[5.7108012,50.0455653],[5.7111901,50.0457392],[5.7115154,50.0459707]]]}},{"type":"Feature","properties":{"t":"mata"},"geometry":{"type":"Polygon","coordinates":[[[5.7684859,50.0292033],[5.7684911,50.0291538],[5.7685208,50.0291081],[5.7685717,50.0290708],[5.7686386,50.0290461],[5.7687143,50.0290364],[5.7687908,50.0290428],[5.76886,50.0290647],[5.7689147,50.0290997],[5.768949,50.0291441],[5.7689593,50.0291932],[5.7689438,50.0292431],[5.7689037,50.0292869],[5.7688433,50.0293198],[5.7687694,50.0293381],[5.7686903,50.0293398],[5.7686147,50.0293247],[5.7685511,50.0292944],[5.7685065,50.0292524],[5.7684859,50.0292033]]]}},{"type":"Feature","properties":{"t":"mata"},"geometry":{"type":"Polygon","coordinates":[[[5.7682622,50.02945],[5.7683225,50.0295457],[5.7684409,50.0295916],[5.7685762,50.029613],[5.7686848,50.0296027],[5.768821,50.0295462],[5.7689295,50.0294308],[5.768935,50.0293912],[5.7690656,50.0293789],[5.7691006,50.0293652],[5.7690379,50.0293092],[5.7690496,50.0292873],[5.7693861,50.0293627],[5.7695617,50.0294167],[5.7695587,50.0294628],[5.7694817,50.0296208],[5.7691806,50.0298081],[5.7689148,50.0299296],[5.7688114,50.0300093],[5.7684907,50.0302251],[5.7681833,50.030301],[5.7677765,50.0302804],[5.7677011,50.0302512],[5.7675748,50.0302007],[5.7674344,50.0300011],[5.7673302,50.0298359],[5.7673743,50.0296713],[5.7674728,50.0295604],[5.7678519,50.0294454],[5.7682622,50.02945]]]}},{"type":"Feature","properties":{"t":"mata"},"geometry":{"type":"Polygon","coordinates":[[[5.7677103,50.0291421],[5.7677553,50.0290737],[5.7678317,50.0290179],[5.7679391,50.0289787],[5.7680607,50.028965],[5.7681824,50.0289785],[5.76829,50.0290174],[5.7683709,50.0290774],[5.7684156,50.0291513],[5.7684189,50.0292306],[5.7683805,50.029306],[5.7683106,50.0293652],[5.7682152,50.0294072],[5.768104,50.0294277],[5.7679884,50.0294245],[5.7678803,50.0293981],[5.7677908,50.0293511],[5.767729,50.0292883],[5.7677012,50.0292162],[5.7677103,50.0291421]]]}},{"type":"Feature","properties":{"t":"mata"},"geometry":{"type":"Polygon","coordinates":[[[5.7728542,50.0319903],[5.7751819,50.0300261],[5.7754769,50.0301898],[5.773286,50.0321747],[5.7728542,50.0319903]]]}},{"type":"Feature","properties":{"t":"mata"},"geometry":{"type":"Polygon","coordinates":[[[5.7785829,50.0266561],[5.7795163,50.0263321],[5.7801386,50.0259461],[5.780439,50.0255877],[5.7804877,50.0254083],[5.7804095,50.0251983],[5.7801604,50.0246639],[5.7801829,50.0246297],[5.7835477,50.026003],[5.7836151,50.0261148],[5.7833304,50.0262271],[5.7832664,50.026132],[5.7824215,50.0263526],[5.7824323,50.0264026],[5.7814582,50.0266371],[5.7814073,50.0269404],[5.7786584,50.0267282],[5.7785829,50.0266561]]]}},{"type":"Feature","properties":{"t":"mata"},"geometry":{"type":"Polygon","coordinates":[[[5.7763003,50.0265475],[5.7780851,50.0269345],[5.7787117,50.0273798],[5.7781645,50.0278554],[5.776075,50.0272747],[5.7763003,50.0265475]]]}},{"type":"Feature","properties":{"t":"mata"},"geometry":{"type":"Polygon","coordinates":[[[5.7851892,50.025972],[5.7854451,50.0258403],[5.7866896,50.0261143],[5.7879305,50.0290026],[5.7862459,50.029218],[5.7855409,50.026923],[5.7852083,50.026051],[5.7845378,50.0264474],[5.7844734,50.0263974],[5.7851892,50.025972]]]}},{"type":"Feature","properties":{"t":"mata"},"geometry":{"type":"Polygon","coordinates":[[[5.7782586,50.0286548],[5.7802676,50.0292438],[5.7822157,50.0295381],[5.7818286,50.0310427],[5.7814854,50.0310152],[5.7814237,50.0310428],[5.7809538,50.0310101],[5.7795067,50.0309096],[5.7787342,50.0319451],[5.7782782,50.0316935],[5.778812,50.0308235],[5.7778214,50.0304568],[5.7772884,50.0311009],[5.7769443,50.0309065],[5.7776391,50.0304259],[5.777792,50.0304346],[5.7779555,50.0302397],[5.7781326,50.0299192],[5.7776712,50.0297848],[5.7782586,50.0286548]]]}},{"type":"Feature","properties":{"t":"mata"},"geometry":{"type":"Polygon","coordinates":[[[5.7794306,50.0537494],[5.7794416,50.0538823],[5.779683,50.0537721],[5.7800344,50.0537617],[5.7806754,50.0537996],[5.7807183,50.0538013],[5.7807478,50.0536808],[5.7818395,50.0537962],[5.7818395,50.0538289],[5.7823545,50.0539477],[5.7826127,50.0539406],[5.782831,50.0532859],[5.7830462,50.0526403],[5.7841835,50.0528676],[5.7846126,50.0523372],[5.7855256,50.0525266],[5.7858368,50.0522924],[5.7866058,50.0526303],[5.7870803,50.0526541],[5.7875094,50.0523441],[5.7865331,50.0517585],[5.7871124,50.0514003],[5.7861683,50.0508836],[5.7858142,50.0510558],[5.7859859,50.0511729],[5.7848808,50.0518481],[5.7838026,50.0512039],[5.783599,50.0513042],[5.7828102,50.0512832],[5.7820592,50.0512418],[5.7816515,50.0512143],[5.7809568,50.0513073],[5.7805249,50.0511867],[5.780238,50.0511471],[5.7802041,50.0517757],[5.7807181,50.0524061],[5.779849,50.0526678],[5.7797152,50.0527078],[5.779801,50.0528507],[5.7797911,50.0531793],[5.7793341,50.0535393],[5.7794306,50.0537494]]]}},{"type":"Feature","properties":{"t":"mata"},"geometry":{"type":"Polygon","coordinates":[[[5.7776456,50.0595681],[5.7775101,50.0597077],[5.7761261,50.0591015],[5.7759413,50.0590209],[5.7760325,50.058866],[5.7763571,50.0588832],[5.7776457,50.0575534],[5.777714,50.0574829],[5.7792815,50.0580167],[5.7789132,50.0582615],[5.77773,50.059481],[5.7763946,50.0589176],[5.7762685,50.0589899],[5.7776456,50.0595681]]]}},{"type":"Feature","properties":{"t":"mata"},"geometry":{"type":"Polygon","coordinates":[[[5.7930482,50.0483363],[5.7949348,50.0477317],[5.7947406,50.0471771],[5.7969841,50.0469877],[5.7960514,50.0481989],[5.7956097,50.0486584],[5.7952961,50.0490256],[5.7949563,50.0493094],[5.7947966,50.0494029],[5.7946476,50.0493855],[5.7943132,50.0492425],[5.7930482,50.0483363]]]}},{"type":"Feature","properties":{"t":"mata"},"geometry":{"type":"Polygon","coordinates":[[[5.7889886,50.0459819],[5.7890736,50.0459769],[5.7892083,50.046072],[5.7894749,50.0462354],[5.7902001,50.0467959],[5.7901283,50.0467914],[5.7898054,50.0465777],[5.7895444,50.0463543],[5.7889886,50.0459819]]]}},{"type":"Feature","properties":{"t":"mata"},"geometry":{"type":"Polygon","coordinates":[[[5.729033,50.0098284],[5.7290374,50.0099109],[5.7287942,50.0105403],[5.7281712,50.0102997],[5.72725,50.0099495],[5.7272419,50.009353],[5.7279685,50.0094848],[5.729033,50.0098284]]]}},{"type":"Feature","properties":{"t":"mata"},"geometry":{"type":"Polygon","coordinates":[[[5.7605587,49.9794429],[5.7613116,49.9793276],[5.7616684,49.979319],[5.7617631,49.9796895],[5.7611569,49.9798189],[5.7612105,49.9802518],[5.7610415,49.9802656],[5.7609879,49.9801828],[5.7605239,49.9802346],[5.760312,49.9801845],[5.7602745,49.9800601],[5.7602093,49.9798434],[5.7606312,49.9798068],[5.7605587,49.9794429]]]}},{"type":"Feature","properties":{"t":"mata"},"geometry":{"type":"Polygon","coordinates":[[[5.6924423,49.9796426],[5.6922752,49.9798379],[5.6921035,49.9802087],[5.6922135,49.9801415],[5.6925353,49.9797724],[5.6931119,49.9799647],[5.6944475,49.9803814],[5.6951768,49.980609],[5.6956777,49.9806714],[5.6951615,49.980369],[5.694359,49.9798398],[5.6936639,49.9791167],[5.6933317,49.9786829],[5.6924423,49.9796426]]]}},{"type":"Feature","properties":{"t":"mata"},"geometry":{"type":"Polygon","coordinates":[[[5.6852556,49.9857254],[5.6860949,49.9836131],[5.6843075,49.9823357],[5.6841589,49.9822903],[5.6827302,49.9847495],[5.6820713,49.9845417],[5.6820253,49.9845498],[5.6820091,49.9845658],[5.681994,49.9845611],[5.6819379,49.9846801],[5.6820008,49.984703],[5.6819916,49.9847611],[5.6850173,49.9858423],[5.6850849,49.9858305],[5.6852556,49.9857254]]]}},{"type":"Feature","properties":{"t":"mata"},"geometry":{"type":"Polygon","coordinates":[[[5.7593465,49.9969091],[5.7610734,49.9970091],[5.7611583,49.9963933],[5.7612589,49.9963872],[5.7613308,49.9959556],[5.7620207,49.9959276],[5.7626,49.995882],[5.7626134,49.9961501],[5.7625839,49.9965709],[5.7625732,49.9968416],[5.7626398,49.9970487],[5.7630452,49.9973192],[5.7634632,49.9976142],[5.7636192,49.997795],[5.7636509,49.9979987],[5.7634471,49.9983108],[5.7632169,49.9986312],[5.7631091,49.9988333],[5.7616232,49.9991125],[5.7614499,49.9995846],[5.7614086,49.999697],[5.7597381,49.9993864],[5.7581583,49.9991651],[5.7582226,49.9988726],[5.7588316,49.9976022],[5.7589818,49.9973194],[5.7593465,49.9969091]]]}},{"type":"Feature","properties":{"t":"mata"},"geometry":{"type":"Polygon","coordinates":[[[5.7037928,50.0493196],[5.7039001,50.0492972],[5.7040933,50.0492429],[5.7042448,50.0492292],[5.7043735,50.0492205],[5.7044607,50.0492929],[5.7046284,50.0493514],[5.7047289,50.0493867],[5.7048107,50.0494479],[5.7049127,50.0494944],[5.7049945,50.0495125],[5.7049569,50.049614],[5.7052734,50.0496727],[5.705669,50.0497286],[5.7059319,50.04977],[5.7062457,50.0498681],[5.7063893,50.049826],[5.7063986,50.049795],[5.7064039,50.0497545],[5.706298,50.0496339],[5.7062591,50.0495263],[5.7061586,50.0494246],[5.70607,50.0494048],[5.705944,50.0493842],[5.7058823,50.0493626],[5.7057938,50.0493566],[5.7057133,50.0493592],[5.7055443,50.0493618],[5.7054209,50.0493256],[5.7053539,50.0493316],[5.7052332,50.0493437],[5.7051863,50.0493265],[5.7051393,50.0492748],[5.7050964,50.0492266],[5.7049596,50.0491792],[5.704851,50.0491749],[5.7046941,50.0491534],[5.7046136,50.0490983],[5.7045063,50.0490621],[5.7045331,50.0490087],[5.7047155,50.0490044],[5.7049395,50.0490354],[5.705311,50.0490733],[5.7054746,50.0490759],[5.705547,50.0490578],[5.705783,50.0490113],[5.7058031,50.0489622],[5.7057093,50.0488529],[5.7058219,50.0486307],[5.7062081,50.048653],[5.7063476,50.0486358],[5.7064657,50.0485221],[5.7065139,50.0483878],[5.7064871,50.0482879],[5.7063369,50.04825],[5.7060633,50.048219],[5.7058541,50.0480743],[5.7060633,50.047971],[5.7062725,50.0479606],[5.7066373,50.0479882],[5.7066695,50.0478883],[5.7064388,50.0477643],[5.7062672,50.0476334],[5.7060714,50.0476265],[5.7059614,50.0476006],[5.7059023,50.0476409],[5.7055215,50.0479004],[5.7053043,50.0479245],[5.7051219,50.0479193],[5.705071,50.0479262],[5.7050173,50.0479279],[5.7049931,50.0479434],[5.7049234,50.0479779],[5.7048349,50.0480674],[5.7049593,50.048328],[5.7044899,50.0485622],[5.7043333,50.0485548],[5.7042282,50.0483271],[5.7041761,50.0482143],[5.7046981,50.0479727],[5.7047323,50.0479552],[5.7050559,50.0477889],[5.7049459,50.0477665],[5.7046874,50.0478952],[5.7044889,50.0478797],[5.7044111,50.0479383],[5.7041885,50.0479951],[5.7041187,50.0479899],[5.7039481,50.0479405],[5.7038221,50.0480076],[5.7038999,50.0481334],[5.7038596,50.0482281],[5.7036169,50.0483226],[5.7035622,50.0483439],[5.7039645,50.0484213],[5.7041241,50.0485394],[5.7041965,50.0485798],[5.7042408,50.0485549],[5.7043011,50.0487038],[5.7042649,50.048883],[5.7040798,50.0490104],[5.7039669,50.0490694],[5.703821,50.0491456],[5.7036775,50.0492068],[5.7037151,50.0492653],[5.7037218,50.0492937],[5.703754,50.0493127],[5.7037928,50.0493196]]]}},{"type":"Feature","properties":{"t":"mata"},"geometry":{"type":"Polygon","coordinates":[[[5.7181996,50.0459881],[5.718195,50.0460093],[5.7181782,50.0460862],[5.7186154,50.0464307],[5.7187227,50.0465565],[5.7186905,50.0466202],[5.7188675,50.0467494],[5.7188273,50.0468303],[5.71883,50.0469406],[5.7187039,50.047428],[5.7184035,50.0480153],[5.7182694,50.0482496],[5.7181433,50.0483012],[5.7181299,50.0483684],[5.718154,50.048563],[5.7180602,50.0486836],[5.718087,50.0488972],[5.7180333,50.0490143],[5.7180644,50.0490207],[5.718146,50.0490375],[5.7182359,50.0489497],[5.7184571,50.0490324],[5.7184974,50.0490048],[5.7186865,50.0486078],[5.71896,50.0479671],[5.7191076,50.0476157],[5.7192403,50.047645],[5.7198425,50.0478018],[5.7198492,50.0476037],[5.7198505,50.0474082],[5.7196923,50.0474177],[5.7195394,50.0473591],[5.7195059,50.0472704],[5.7195206,50.0471404],[5.7193289,50.0470887],[5.7193691,50.0470749],[5.7194294,50.0468605],[5.7194348,50.0466107],[5.719404,50.046553],[5.7192175,50.046516],[5.7191491,50.0466099],[5.7190083,50.04659],[5.7189386,50.0465039],[5.7188447,50.0464514],[5.7188836,50.0464221],[5.7187669,50.0463472],[5.7187012,50.0463722],[5.718555,50.0462335],[5.7183257,50.0460613],[5.7181996,50.0459881]]]}},{"type":"Feature","properties":{"t":"mata"},"geometry":{"type":"Polygon","coordinates":[[[5.7322745,50.0503043],[5.733039,50.0508847],[5.7330814,50.0509166],[5.7336907,50.0513756],[5.7337658,50.0514307],[5.7326554,50.0521574],[5.7325991,50.0519336],[5.7324945,50.0517941],[5.7323845,50.0513549],[5.7323174,50.0507659],[5.7322745,50.0503043]]]}},{"type":"Feature","properties":{"t":"mata"},"geometry":{"type":"Polygon","coordinates":[[[5.7920426,50.0517106],[5.7918522,50.0518415],[5.7927293,50.0524339],[5.7934964,50.0528851],[5.794116,50.0532003],[5.7946068,50.053438],[5.7954195,50.0537273],[5.7960552,50.0539322],[5.7970154,50.054268],[5.7977986,50.0544816],[5.7978611,50.0544939],[5.7984611,50.0546125],[5.79918,50.0547416],[5.79955,50.0547716],[5.8002663,50.0548295],[5.7999551,50.0553513],[5.8002448,50.0555063],[5.8006659,50.055663],[5.8011353,50.054969],[5.8019507,50.0550602],[5.8022565,50.0551377],[5.8024174,50.0552411],[5.802565,50.0552544],[5.803104,50.055303],[5.8043298,50.0554374],[5.8046946,50.0555028],[5.8053919,50.0556192],[5.8062959,50.0557043],[5.8064005,50.0553926],[5.8057889,50.0552927],[5.8056253,50.0550654],[5.8052686,50.054845],[5.8057648,50.0545953],[5.8062771,50.0543283],[5.806269,50.0542577],[5.8051667,50.0548071],[5.8049333,50.05469],[5.8049414,50.0547365],[5.8053598,50.055074],[5.8054644,50.0552428],[5.804885,50.0551773],[5.8038685,50.0550344],[5.8030075,50.0548932],[5.8023342,50.0548691],[5.8011997,50.0547158],[5.8002958,50.0545694],[5.7987535,50.0543145],[5.7980179,50.054163],[5.7979769,50.0541546],[5.7979006,50.0541389],[5.7969108,50.0539357],[5.7961598,50.0537066],[5.7963797,50.0533829],[5.7954276,50.0530367],[5.7953203,50.0529802],[5.7952183,50.0529265],[5.7949179,50.053283],[5.794647,50.0532003],[5.7944003,50.0530953],[5.7938397,50.0528231],[5.7934374,50.0525424],[5.7931128,50.0523926],[5.7928151,50.0522359],[5.7920426,50.0517106]]]}},{"type":"Feature","properties":{"t":"mata"},"geometry":{"type":"Polygon","coordinates":[[[5.7883948,50.059739],[5.7905996,50.060538],[5.7911575,50.0602521],[5.7891458,50.0595427],[5.7883948,50.059739]]]}},{"type":"Feature","properties":{"t":"mata"},"geometry":{"type":"Polygon","coordinates":[[[5.7932221,50.0620626],[5.7938477,50.0619155],[5.7936037,50.0617898],[5.7933676,50.0617123],[5.7930243,50.0616985],[5.7933784,50.0614368],[5.7935768,50.0615057],[5.7936814,50.0613989],[5.793263,50.0612043],[5.7927571,50.0615641],[5.792858,50.0617071],[5.7928526,50.061838],[5.7932221,50.0620626]]]}},{"type":"Feature","properties":{"t":"mata"},"geometry":{"type":"Polygon","coordinates":[[[5.787017,50.0477352],[5.7882124,50.0488619],[5.788931,50.0494472],[5.7898575,50.0501706],[5.7902724,50.050493],[5.7909,50.0510355],[5.7913855,50.0516434],[5.7917416,50.0514909],[5.7912567,50.0511061],[5.7909,50.050784],[5.7900551,50.050133],[5.7892612,50.0493287],[5.788427,50.0485984],[5.7877108,50.0480559],[5.787169,50.0476012],[5.7859164,50.0465229],[5.7851306,50.0459184],[5.7849938,50.0460122],[5.7856331,50.0465223],[5.7856651,50.046504],[5.787017,50.0477352]]]}},{"type":"Feature","properties":{"t":"mata"},"geometry":{"type":"Polygon","coordinates":[[[5.7931477,50.0635099],[5.7929921,50.0638801],[5.7930726,50.0639059],[5.7932442,50.0635478],[5.7931477,50.0635099]]]}},{"type":"Feature","properties":{"t":"moita"},"geometry":{"type":"Polygon","coordinates":[[[5.7928925,50.0623073],[5.7930538,50.0623804],[5.7932416,50.0622323],[5.7937539,50.0624596],[5.7938558,50.0623907],[5.7939631,50.0622719],[5.7939577,50.0620859],[5.7938933,50.0619706],[5.7928553,50.0622116],[5.7929251,50.0622908],[5.7928925,50.0623073]]]}},{"type":"Feature","properties":{"t":"mata"},"geometry":{"type":"Polygon","coordinates":[[[5.7920828,50.0623873],[5.7921338,50.0624389],[5.7925978,50.062389],[5.7926702,50.06242],[5.7928925,50.0623073],[5.7929251,50.0622908],[5.7928553,50.0622116],[5.7920828,50.0623873]]]}},{"type":"Feature","properties":{"t":"mata"},"geometry":{"type":"Polygon","coordinates":[[[5.7962349,50.0614489],[5.794647,50.0617967],[5.7947007,50.0618862],[5.7954302,50.0617399],[5.7962456,50.0615005],[5.7962349,50.0614489]]]}},{"type":"Feature","properties":{"t":"mata"},"geometry":{"type":"Polygon","coordinates":[[[5.7768854,50.0648908],[5.7769069,50.0648443],[5.7749811,50.064803],[5.7748657,50.0649046],[5.7768854,50.0648908]]]}},{"type":"Feature","properties":{"t":"mata"},"geometry":{"type":"Polygon","coordinates":[[[5.7847719,50.0623698],[5.7839182,50.0625285],[5.7835025,50.0626025],[5.7824805,50.0625285],[5.7813406,50.0624596],[5.7802597,50.0623769],[5.7795623,50.0625526],[5.7793236,50.0624785],[5.7773897,50.0619],[5.7776847,50.0616142],[5.775995,50.0610804],[5.7757294,50.0613559],[5.7755631,50.061547],[5.7753754,50.0618948],[5.7753083,50.0621686],[5.7749274,50.0630932],[5.7750267,50.0631414],[5.7763973,50.0630433],[5.7780415,50.0629469],[5.7789347,50.0629727],[5.7792941,50.0630261],[5.779919,50.0630054],[5.7794765,50.0632637],[5.7802436,50.0638474],[5.7804903,50.0639111],[5.7808042,50.0639421],[5.781413,50.0638835],[5.7815265,50.0639169],[5.7809383,50.0647255],[5.7796293,50.0648012],[5.7796804,50.0648499],[5.7803616,50.0648434],[5.7810697,50.0647789],[5.7821104,50.0645757],[5.7835509,50.0642696],[5.7835588,50.0640781],[5.7836674,50.0640564],[5.7840316,50.0641674],[5.7887569,50.0630846],[5.7886603,50.0629951],[5.788891,50.0628057],[5.7870832,50.0626421],[5.7861881,50.0625695],[5.7852151,50.0624323],[5.7847719,50.0623698]]]}},{"type":"Feature","properties":{"t":"mata"},"geometry":{"type":"Polygon","coordinates":[[[5.7851976,50.0611096],[5.7832503,50.0596116],[5.7835668,50.0594531],[5.7835478,50.0594148],[5.7835293,50.0593774],[5.783143,50.0595599],[5.7826871,50.0592568],[5.78192,50.0596047],[5.7817751,50.0597252],[5.7812548,50.0600421],[5.7810348,50.0603796],[5.7805252,50.0607446],[5.7796991,50.0602211],[5.779742,50.060104],[5.7796723,50.060073],[5.7786959,50.0607239],[5.7812709,50.0621944],[5.7824725,50.0619947],[5.7830894,50.0618535],[5.7831323,50.0618053],[5.7840013,50.061609],[5.7843159,50.0615047],[5.7844895,50.0614471],[5.7851976,50.0611096]]]}},{"type":"Feature","properties":{"t":"mata"},"geometry":{"type":"Polygon","coordinates":[[[5.7671678,50.0649717],[5.7671973,50.0648891],[5.7666099,50.0648891],[5.7665938,50.0649769],[5.7671678,50.0649717]]]}},{"type":"Feature","properties":{"t":"mata"},"geometry":{"type":"Polygon","coordinates":[[[5.7689139,50.0649683],[5.7688871,50.0649063],[5.7680744,50.0648787],[5.7680288,50.0649751],[5.7689139,50.0649683]]]}},{"type":"Feature","properties":{"t":"mata"},"geometry":{"type":"Polygon","coordinates":[[[5.7964361,50.0502605],[5.7964039,50.0501416],[5.7948804,50.0494424],[5.7948697,50.0495216],[5.7964361,50.0502605]]]}},{"type":"Feature","properties":{"t":"mata"},"geometry":{"type":"Polygon","coordinates":[[[5.7810989,50.055592],[5.7815321,50.0556174],[5.7812977,50.0552101],[5.7807559,50.0546865],[5.7808256,50.0549414],[5.7810989,50.055592]]]}},{"type":"Feature","properties":{"t":"mata"},"geometry":{"type":"Polygon","coordinates":[[[5.7921419,50.0460992],[5.7920587,50.0460286],[5.791364,50.0460854],[5.7903662,50.0460321],[5.7903662,50.0460717],[5.7917154,50.0461612],[5.7921419,50.0460992]]]}},{"type":"Feature","properties":{"t":"mata"},"geometry":{"type":"Polygon","coordinates":[[[5.7918441,50.0435947],[5.791769,50.0435224],[5.7902723,50.0439496],[5.7903045,50.0440219],[5.7918441,50.0435947]]]}},{"type":"Feature","properties":{"t":"mata"},"geometry":{"type":"Polygon","coordinates":[[[5.7851064,50.0458409],[5.7843098,50.045114],[5.7837345,50.0446011],[5.7832664,50.0441838],[5.7819575,50.0432106],[5.7810493,50.0425524],[5.7806069,50.0425788],[5.7815122,50.0431702],[5.7820487,50.0435207],[5.7831323,50.044394],[5.7841971,50.0453069],[5.7849508,50.045927],[5.7851064,50.0458409]]]}},{"type":"Feature","properties":{"t":"mata"},"geometry":{"type":"Polygon","coordinates":[[[5.7712716,50.0592827],[5.7712469,50.0592784],[5.7712018,50.0592706],[5.7710865,50.0602693],[5.7711316,50.0602728],[5.7711536,50.0602745],[5.7712716,50.0592827]]]}},{"type":"Feature","properties":{"t":"moita"},"geometry":{"type":"Polygon","coordinates":[[[5.7869795,50.0600629],[5.7864153,50.060321],[5.7861249,50.0604952],[5.7862571,50.0606241],[5.7871369,50.0602142],[5.7869795,50.0600629]]]}},{"type":"Feature","properties":{"t":"mata"},"geometry":{"type":"Polygon","coordinates":[[[5.7704991,50.0561848],[5.7710195,50.0562175],[5.7711616,50.0561951],[5.7711428,50.056078],[5.7710007,50.0560384],[5.7707727,50.0560952],[5.7705286,50.0559678],[5.7707083,50.0558679],[5.7702765,50.0558093],[5.770086,50.0558266],[5.7702577,50.0555717],[5.7697481,50.0555734],[5.7693699,50.0558231],[5.7694852,50.0559506],[5.770188,50.0558799],[5.7701531,50.0560194],[5.7704025,50.0560212],[5.7704079,50.0561245],[5.7704991,50.0561848]]]}},{"type":"Feature","properties":{"t":"mata"},"geometry":{"type":"Polygon","coordinates":[[[5.7773975,50.0524872],[5.7776123,50.0527353],[5.7779261,50.0534414],[5.7781595,50.0535172],[5.7780978,50.0533415],[5.7779181,50.0531659],[5.7777169,50.0525993],[5.7775344,50.0524174],[5.7773975,50.0524872]]]}},{"type":"Feature","properties":{"t":"charneca"},"geometry":{"type":"Polygon","coordinates":[[[5.7797152,50.0527078],[5.779849,50.0526678],[5.7807181,50.0524061],[5.7802041,50.0517757],[5.780238,50.0511471],[5.7800585,50.051051],[5.7798707,50.0512818],[5.7797527,50.0514936],[5.7797098,50.0517588],[5.7796937,50.0518553],[5.7798734,50.051857],[5.7799351,50.0519707],[5.7799244,50.0524322],[5.7797152,50.0527078]]]}},{"type":"Feature","properties":{"t":"mata"},"geometry":{"type":"Polygon","coordinates":[[[5.7787952,50.0555183],[5.7788408,50.0553582],[5.7783017,50.0552617],[5.7779074,50.0552101],[5.7777169,50.0550929],[5.7774863,50.0549603],[5.7772851,50.0552307],[5.7774246,50.0552531],[5.7777491,50.0553582],[5.778197,50.0554356],[5.7787952,50.0555183]]]}},{"type":"Feature","properties":{"t":"moita"},"geometry":{"type":"Polygon","coordinates":[[[5.7767218,50.0548157],[5.7763651,50.0547657],[5.7757053,50.054876],[5.7755041,50.0549535],[5.7755767,50.0550309],[5.775606,50.0549896],[5.7756838,50.0549603],[5.7759118,50.0548966],[5.7759842,50.0549845],[5.7758957,50.0550189],[5.7756194,50.0551791],[5.7756463,50.0552014],[5.7759494,50.0550861],[5.7767218,50.0548157]]]}},{"type":"Feature","properties":{"t":"mata"},"geometry":{"type":"Polygon","coordinates":[[[5.7589012,50.0486311],[5.7585767,50.0481506],[5.7581341,50.047832],[5.7576969,50.048061],[5.7576858,50.0480902],[5.7576004,50.048316],[5.7576406,50.0484934],[5.7576567,50.0486294],[5.757882,50.0488826],[5.7581288,50.0490393],[5.7582682,50.0489808],[5.7581744,50.0488533],[5.7589012,50.0486311]]]}},{"type":"Feature","properties":{"t":"mata"},"geometry":{"type":"Polygon","coordinates":[[[5.766449,50.0543387],[5.766347,50.0542784],[5.7667252,50.0539426],[5.7672188,50.0531624],[5.7669245,50.0530377],[5.7666904,50.0529385],[5.7662076,50.0533346],[5.765816,50.0530539],[5.7654512,50.0533605],[5.7643408,50.0527129],[5.7639867,50.0523616],[5.7636729,50.0525063],[5.7638177,50.0526372],[5.7631069,50.0529575],[5.7629487,50.0528576],[5.7621977,50.0532003],[5.7627636,50.0537032],[5.7632437,50.0543128],[5.7633108,50.0545866],[5.7647002,50.0542336],[5.7649275,50.0544586],[5.7651857,50.0547141],[5.7656161,50.0548463],[5.7657409,50.0548846],[5.7662263,50.0544454],[5.766449,50.0543387]]]}},{"type":"Feature","properties":{"t":"mata"},"geometry":{"type":"Polygon","coordinates":[[[5.7919864,49.9802511],[5.7921204,49.980295],[5.7923779,49.9804174],[5.7926568,49.980621],[5.7926694,49.9807022],[5.7950244,49.9817118],[5.7954517,49.9815196],[5.7955027,49.981454],[5.7960203,49.9812246],[5.7962805,49.9810953],[5.7965541,49.9808745],[5.7966776,49.9808448],[5.7965616,49.9805287],[5.7946929,49.980176],[5.7939577,49.9800949],[5.7936648,49.9800041],[5.7934951,49.9799516],[5.7926061,49.9796761],[5.7919864,49.9802511]]]}},{"type":"Feature","properties":{"t":"mata"},"geometry":{"type":"Polygon","coordinates":[[[5.792645,50.0171048],[5.792859,50.0170863],[5.7932845,50.0170433],[5.7936384,50.0169182],[5.7937031,50.0170787],[5.7951349,50.0166128],[5.7952965,50.0168615],[5.7971656,50.0160505],[5.7991174,50.0154697],[5.7990046,50.015046],[5.8007387,50.014698],[5.8009744,50.015125],[5.8022382,50.0148914],[5.8025282,50.0147238],[5.801716,50.0138859],[5.8011916,50.013915],[5.798772,50.0146558],[5.7971677,50.0151531],[5.7965055,50.0147887],[5.7974821,50.0143201],[5.7976378,50.0141625],[5.7972491,50.0141713],[5.7963544,50.0140219],[5.7952124,50.0134103],[5.7930833,50.0141891],[5.7932074,50.0144671],[5.7918973,50.015084],[5.7911628,50.0153818],[5.7913908,50.0157541],[5.7915544,50.0159454],[5.7917234,50.0160471],[5.7917464,50.0160854],[5.7918661,50.0162849],[5.7916259,50.0162496],[5.7920949,50.0168309],[5.7922365,50.0167884],[5.792645,50.0171048]]]}},{"type":"Feature","properties":{"t":"mata"},"geometry":{"type":"Polygon","coordinates":[[[5.7978461,49.9965693],[5.7977208,49.9964415],[5.797635,49.9964019],[5.7975438,49.9964191],[5.7974955,49.996257],[5.7972783,49.9961605],[5.7971585,49.9960805],[5.7970744,49.9960243],[5.7966158,49.9957415],[5.7964709,49.9955829],[5.7964146,49.9953311],[5.7967901,49.9950604],[5.7966278,49.9949156],[5.796542,49.9949621],[5.7961115,49.9947656],[5.7954732,49.9945259],[5.7953283,49.9946294],[5.796251,49.9950035],[5.7960364,49.9951156],[5.7956931,49.9950277],[5.7955483,49.9950311],[5.7954088,49.9949242],[5.7950816,49.9947897],[5.7949823,49.9948535],[5.7953176,49.9950173],[5.7952425,49.9950673],[5.7950333,49.9950552],[5.7949394,49.9949708],[5.7948348,49.9949742],[5.7947811,49.9947483],[5.7945961,49.9946604],[5.7944995,49.9947363],[5.7950655,49.9952639],[5.7956931,49.9951346],[5.7958326,49.9952156],[5.7960418,49.9952191],[5.7962134,49.9953915],[5.7961678,49.9955432],[5.7965004,49.995845],[5.797179,49.9963071],[5.7972971,49.9964536],[5.7976565,49.9966778],[5.7978461,49.9965693]]]}},{"type":"Feature","properties":{"t":"mata"},"geometry":{"type":"Polygon","coordinates":[[[5.7891995,50.0151715],[5.7892343,50.0152112],[5.7897466,50.0150991],[5.7897386,50.0150423],[5.7897252,50.0150112],[5.7891726,50.0151129],[5.7891995,50.0151715]]]}},{"type":"Feature","properties":{"t":"moita"},"geometry":{"type":"Polygon","coordinates":[[[5.7907149,50.0139409],[5.7892933,50.0143011],[5.7891163,50.0142098],[5.7887837,50.0138289],[5.7887489,50.0137341],[5.7880434,50.013822],[5.7880488,50.0138788],[5.7887381,50.014258],[5.7879737,50.0145131],[5.7882473,50.0150681],[5.7884389,50.0152676],[5.7884592,50.0152887],[5.7889967,50.0152036],[5.7891995,50.0151715],[5.7891726,50.0151129],[5.7897252,50.0150112],[5.7897386,50.0150423],[5.7909187,50.0148166],[5.7909376,50.014813],[5.7907149,50.0139409]]]}},{"type":"Feature","properties":{"t":"charneca"},"geometry":{"type":"Polygon","coordinates":[[[5.7912154,50.0033702],[5.7916725,50.0033707],[5.792107,50.0034379],[5.7924449,50.0035931],[5.7926568,50.0038499],[5.7924691,50.0039361],[5.7928258,50.0044757],[5.7930055,50.0048481],[5.7930458,50.0052808],[5.7933167,50.0052067],[5.7932916,50.0051073],[5.7932067,50.0047705],[5.7933623,50.0046705],[5.7930806,50.0040827],[5.7931584,50.0039241],[5.7930484,50.0036724],[5.7928956,50.0036982],[5.7928205,50.0036155],[5.7921419,50.0030569],[5.7914251,50.003078],[5.7909402,50.0031517],[5.7912154,50.0033702]]]}},{"type":"Feature","properties":{"t":"mata"},"geometry":{"type":"Polygon","coordinates":[[[5.7880542,50.001357],[5.7882446,50.0013432],[5.7887354,50.0008967],[5.788832,50.0008157],[5.78895,50.000826],[5.7890171,50.0009174],[5.7891914,50.0008743],[5.7892317,50.0008088],[5.7887435,50.0006691],[5.7883653,50.0009312],[5.7880568,50.0010398],[5.788022,50.0011984],[5.7880542,50.001357]]]}},{"type":"Feature","properties":{"t":"mata"},"geometry":{"type":"Polygon","coordinates":[[[5.7827273,50.0001467],[5.782671,50.0001847],[5.7827211,50.0002264],[5.7831243,50.0005622],[5.7835481,50.0010484],[5.7838967,50.0012898],[5.7843554,50.0014777],[5.7848141,50.0010622],[5.784755,50.0010174],[5.7846424,50.0011312],[5.784578,50.0010984],[5.7843044,50.001326],[5.7838216,50.001095],[5.7835159,50.0008053],[5.7829338,50.0002916],[5.7827273,50.0001467]]]}},{"type":"Feature","properties":{"t":"mata"},"geometry":{"type":"Polygon","coordinates":[[[5.7786986,49.9997037],[5.7788247,49.9996347],[5.7787684,49.9995416],[5.7784063,49.9993916],[5.7781434,49.9994019],[5.7781944,49.9994537],[5.7786986,49.9997037]]]}},{"type":"Feature","properties":{"t":"moita"},"geometry":{"type":"Polygon","coordinates":[[[5.793035,50.0018018],[5.7924342,50.0018105],[5.7922949,50.0024551],[5.7927212,50.0024449],[5.792799,50.0021208],[5.7929465,50.001926],[5.793035,50.0018018]]]}},{"type":"Feature","properties":{"t":"mata"},"geometry":{"type":"Polygon","coordinates":[[[5.7940489,50.0049033],[5.7935151,50.0040378],[5.793668,50.0039361],[5.7936063,50.0036465],[5.7935071,50.0034776],[5.793499,50.0032983],[5.7935581,50.0032793],[5.7937632,50.0033904],[5.7943091,50.0036862],[5.794352,50.00365],[5.7936868,50.0031914],[5.7936251,50.0030569],[5.7937324,50.0029362],[5.7939577,50.0028759],[5.7941508,50.0028811],[5.7943413,50.0029776],[5.794462,50.003119],[5.7944861,50.0032448],[5.7948402,50.0034207],[5.7950333,50.0034207],[5.79528,50.0034069],[5.7952103,50.0032776],[5.794985,50.0031914],[5.7947677,50.0030931],[5.7946497,50.0029155],[5.7947382,50.0028431],[5.7949904,50.002788],[5.7951835,50.0028104],[5.7953927,50.0027983],[5.795559,50.0028293],[5.7957779,50.0026321],[5.794862,50.0025017],[5.794801,50.002484],[5.7943705,50.0024559],[5.7934642,50.0019087],[5.7941343,50.001335],[5.7940087,50.0012812],[5.7938263,50.0013915],[5.7935125,50.001245],[5.7928473,50.000914],[5.7926676,50.0008415],[5.792343,50.0007898],[5.7921097,50.0006778],[5.7915866,50.000514],[5.7913989,50.0006226],[5.7912782,50.0007795],[5.7915223,50.0009053],[5.7918468,50.000876],[5.7919943,50.0009277],[5.7921499,50.0010243],[5.7922786,50.0011122],[5.7923967,50.0014363],[5.7926112,50.001426],[5.7926112,50.0015467],[5.7929465,50.0015812],[5.793035,50.0018018],[5.7929465,50.001926],[5.792799,50.0021208],[5.7927212,50.0024449],[5.7922949,50.0024551],[5.7920721,50.0024604],[5.7917476,50.0024914],[5.7915055,50.0025098],[5.7914251,50.003078],[5.7921419,50.0030569],[5.7928205,50.0036155],[5.7928956,50.0036982],[5.7930484,50.0036724],[5.7931584,50.0039241],[5.7930806,50.0040827],[5.7933623,50.0046705],[5.7932067,50.0047705],[5.7932916,50.0051073],[5.7940489,50.0049033]]]}},{"type":"Feature","properties":{"t":"mata"},"geometry":{"type":"Polygon","coordinates":[[[5.7918736,50.011352],[5.7910582,50.0111434],[5.7909431,50.0112811],[5.7917851,50.0114916],[5.7918736,50.011352]]]}},{"type":"Feature","properties":{"t":"mata"},"geometry":{"type":"Polygon","coordinates":[[[5.7658696,49.9805666],[5.7659715,49.9805813],[5.7660198,49.9805295],[5.7660735,49.9803545],[5.7660359,49.980201],[5.7661284,49.9797301],[5.7664047,49.9796413],[5.7663229,49.979555],[5.7657087,49.9798069],[5.7652017,49.9800544],[5.7647887,49.9802251],[5.7642415,49.9804787],[5.7642871,49.9805045],[5.7647511,49.9803053],[5.764959,49.9803916],[5.7652862,49.9804407],[5.765588,49.9805709],[5.7657422,49.9805339],[5.7658696,49.9805666]]]}},{"type":"Feature","properties":{"t":"mata"},"geometry":{"type":"Polygon","coordinates":[[[5.7929787,49.9842032],[5.7931101,49.9842222],[5.7932469,49.9841463],[5.7932308,49.9839876],[5.7926622,49.983891],[5.7925791,49.9840307],[5.7926327,49.9841308],[5.7929787,49.9842032]]]}},{"type":"Feature","properties":{"t":"mata"},"geometry":{"type":"Polygon","coordinates":[[[5.7895482,49.9821405],[5.7894543,49.9822284],[5.7893336,49.9822405],[5.788022,49.9818128],[5.7871369,49.9814868],[5.7869866,49.9814782],[5.7860103,49.9811451],[5.785962,49.9812022],[5.7859433,49.9812195],[5.789406,49.9823474],[5.7895884,49.9822543],[5.7895482,49.9821405]]]}},{"type":"Feature","properties":{"t":"mata"},"geometry":{"type":"Polygon","coordinates":[[[5.7822445,49.9800294],[5.7822981,49.9799466],[5.7815587,49.9796628],[5.7814801,49.9796326],[5.7804501,49.9794032],[5.7804045,49.9794636],[5.7822445,49.9800294]]]}},{"type":"Feature","properties":{"t":"mata"},"geometry":{"type":"Polygon","coordinates":[[[5.779058,49.9812246],[5.7778725,49.980771],[5.7779235,49.9806382],[5.7778108,49.9806141],[5.7775855,49.9807262],[5.777438,49.9807934],[5.776931,49.9808228],[5.7771698,49.9809987],[5.7773522,49.9810677],[5.7776579,49.9810591],[5.7778645,49.981097],[5.7783312,49.9813247],[5.7790795,49.9817403],[5.7790017,49.9814816],[5.7790178,49.9813678],[5.779058,49.9812246]]]}},{"type":"Feature","properties":{"t":"mata"},"geometry":{"type":"Polygon","coordinates":[[[5.7812172,49.9826838],[5.7817134,49.9823147],[5.7825905,49.9825648],[5.7826307,49.982532],[5.7817429,49.9822543],[5.7816138,49.982201],[5.7805011,49.9817421],[5.7798684,49.9815062],[5.7792565,49.9812781],[5.7793236,49.981128],[5.7792485,49.9810867],[5.7791385,49.9812384],[5.7790983,49.9813988],[5.7791197,49.981561],[5.7791707,49.9817127],[5.7794255,49.9821767],[5.7804662,49.9828718],[5.7817349,49.9834788],[5.7817671,49.983772],[5.7819548,49.9838583],[5.7821828,49.9838876],[5.7822928,49.9840928],[5.7823625,49.9842411],[5.7824296,49.9844119],[5.7828721,49.9844343],[5.7832342,49.9844602],[5.7833952,49.984198],[5.7835963,49.9842274],[5.7836527,49.9843946],[5.7838538,49.9843705],[5.7839826,49.9844291],[5.7840657,49.9843998],[5.7845592,49.9846085],[5.7849535,49.984743],[5.7852325,49.9849069],[5.7855302,49.9849896],[5.7855463,49.9851949],[5.7855903,49.9852549],[5.7856107,49.9852828],[5.7860103,49.9854398],[5.7864609,49.9855881],[5.7869169,49.985902],[5.7883009,49.9864193],[5.788321,49.9863756],[5.7883438,49.9863262],[5.7873648,49.985983],[5.7869491,49.9858157],[5.7866111,49.9855432],[5.7867318,49.9854122],[5.7866847,49.985388],[5.7866245,49.985357],[5.7865307,49.985476],[5.7858333,49.9852294],[5.7857099,49.9851362],[5.7856938,49.9849758],[5.7857662,49.9848327],[5.785716,49.9848123],[5.7856768,49.9847964],[5.7856643,49.9847913],[5.7855704,49.9848793],[5.785431,49.9848706],[5.785203,49.9847568],[5.7842803,49.9843429],[5.7838431,49.9841497],[5.7838002,49.9840946],[5.7826361,49.9835841],[5.7817617,49.9830201],[5.7812172,49.9826838]]]}},{"type":"Feature","properties":{"t":"mata"},"geometry":{"type":"Polygon","coordinates":[[[5.7843687,49.9806348],[5.7836634,49.9804261],[5.7836178,49.9804813],[5.7843152,49.980702],[5.7843687,49.9806348]]]}},{"type":"Feature","properties":{"t":"mata"},"geometry":{"type":"Polygon","coordinates":[[[5.7891083,49.982363],[5.7889554,49.9823147],[5.7885021,49.982977],[5.789642,49.9833409],[5.7896957,49.9830977],[5.7897037,49.9829252],[5.7896876,49.9828131],[5.789355,49.9827114],[5.789009,49.9825441],[5.7891083,49.982363]]]}},{"type":"Feature","properties":{"t":"mata"},"geometry":{"type":"Polygon","coordinates":[[[5.789988,49.9824578],[5.7897466,49.9823699],[5.7900363,49.9819921],[5.7894435,49.9817679],[5.7894248,49.9817938],[5.789575,49.9820146],[5.7896635,49.9822612],[5.789642,49.9823664],[5.7897147,49.9824239],[5.7899518,49.9824923],[5.789988,49.9824578]]]}},{"type":"Feature","properties":{"t":"mata"},"geometry":{"type":"Polygon","coordinates":[[[5.7946202,49.9841256],[5.7946631,49.9840514],[5.7942313,49.9839756],[5.7941991,49.9840221],[5.7946202,49.9841256]]]}},{"type":"Feature","properties":{"t":"mata"},"geometry":{"type":"Polygon","coordinates":[[[5.795213,49.984186],[5.7952479,49.9841273],[5.7949179,49.9840911],[5.7948992,49.9841618],[5.795213,49.984186]]]}},{"type":"Feature","properties":{"t":"mata"},"geometry":{"type":"Polygon","coordinates":[[[5.7673372,50.0635382],[5.7668612,50.0637243],[5.7673737,50.0636392],[5.7673372,50.0635382]]]}},{"type":"Feature","properties":{"t":"mata"},"geometry":{"type":"Polygon","coordinates":[[[5.7863939,49.9877214],[5.7863899,49.9876907],[5.7863858,49.9876593],[5.785593,49.9878024],[5.7854685,49.9878249],[5.7854622,49.9878451],[5.7854551,49.987868],[5.7852057,49.9879249],[5.785211,49.9879714],[5.7853505,49.9879576],[5.785467,49.9880566],[5.7854927,49.9880784],[5.7858762,49.9878438],[5.7863939,49.9877214]]]}},{"type":"Feature","properties":{"t":"mata"},"geometry":{"type":"Polygon","coordinates":[[[5.7869893,49.9874334],[5.7867962,49.9872299],[5.7866862,49.9872816],[5.7868284,49.9874937],[5.7869893,49.9874334]]]}},{"type":"Feature","properties":{"t":"moita"},"geometry":{"type":"Polygon","coordinates":[[[5.7817697,49.9867142],[5.7818556,49.9868505],[5.7822955,49.9872385],[5.7827193,49.9869609],[5.7833093,49.9865297],[5.7835695,49.9862469],[5.7826576,49.9857588],[5.7815418,49.9851742],[5.7815354,49.9852451],[5.7815096,49.9855346],[5.7815632,49.9859244],[5.7816598,49.9865004],[5.7817697,49.9867142]]]}},{"type":"Feature","properties":{"t":"mata"},"geometry":{"type":"Polygon","coordinates":[[[5.7861015,49.9843153],[5.7861364,49.9843231],[5.7862249,49.9843429],[5.7866192,49.9839842],[5.7865531,49.9839577],[5.7864985,49.9839359],[5.7861015,49.9843153]]]}},{"type":"Feature","properties":{"t":"mata"},"geometry":{"type":"Polygon","coordinates":[[[5.7895508,49.9867211],[5.7898217,49.9868643],[5.789988,49.9869333],[5.7899076,49.9867625],[5.7898593,49.9866211],[5.7895508,49.9867211]]]}},{"type":"Feature","properties":{"t":"moita"},"geometry":{"type":"Polygon","coordinates":[[[5.7893845,49.9847861],[5.789516,49.9851914],[5.7895453,49.9851316],[5.7894382,49.9847913],[5.7893845,49.9847861]]]}},{"type":"Feature","properties":{"t":"mata"},"geometry":{"type":"Polygon","coordinates":[[[5.7822365,49.9801208],[5.7805279,49.979624],[5.7804903,49.9796809],[5.7810053,49.9798465],[5.7809678,49.9798914],[5.7817376,49.980107],[5.7816893,49.9801863],[5.7818288,49.9802139],[5.7819012,49.9801725],[5.7821551,49.9802318],[5.7822365,49.9801208]]]}},{"type":"Feature","properties":{"t":"mata"},"geometry":{"type":"Polygon","coordinates":[[[5.7906309,49.9909889],[5.7906371,49.991072],[5.7915437,49.99161],[5.7916456,49.9913203],[5.7922319,49.991465],[5.7922599,49.9913945],[5.791465,49.9912013],[5.7906309,49.9909889]]]}},{"type":"Feature","properties":{"t":"mata"},"geometry":{"type":"Polygon","coordinates":[[[5.7933998,49.995695],[5.7930243,49.9952363],[5.7929286,49.995265],[5.7928634,49.9952846],[5.7932764,49.9958122],[5.7933448,49.9957472],[5.7933998,49.995695]]]}},{"type":"Feature","properties":{"t":"mata"},"geometry":{"type":"Polygon","coordinates":[[[5.792917,49.9947225],[5.7928687,49.994519],[5.792276,49.9941362],[5.7915518,49.9937293],[5.7913345,49.9936189],[5.7905781,49.993512],[5.7902294,49.9933672],[5.7905677,49.9931906],[5.7906854,49.9931292],[5.7913184,49.9932154],[5.7916054,49.9929326],[5.7918741,49.9927223],[5.7916741,49.9926721],[5.7914415,49.9929811],[5.7907414,49.9929484],[5.7900601,49.9933123],[5.7890114,49.9931536],[5.7883948,49.9930878],[5.7872173,49.9927861],[5.7872683,49.9926481],[5.7869223,49.9926016],[5.7866782,49.9925791],[5.7865843,49.9926895],[5.7862464,49.9926705],[5.7862142,49.9927602],[5.7867748,49.9928205],[5.7868338,49.9927878],[5.7870993,49.9928861],[5.7868686,49.992943],[5.7868794,49.9930689],[5.7861122,49.993212],[5.7855543,49.9931982],[5.7856214,49.9930913],[5.7845941,49.9928102],[5.7846397,49.9927171],[5.784409,49.992624],[5.7842696,49.9927792],[5.7839236,49.9925843],[5.7836956,49.9923981],[5.7836419,49.9921584],[5.7834783,49.9921015],[5.7834971,49.992286],[5.7836366,49.992336],[5.7836017,49.992455],[5.7840738,49.9927826],[5.7845807,49.9930223],[5.7852211,49.993182],[5.7855141,49.9932551],[5.785329,49.9937879],[5.7848436,49.9936327],[5.7848382,49.9936982],[5.7853639,49.9938758],[5.7854176,49.9937758],[5.7854657,49.9937783],[5.7855543,49.9937827],[5.7857046,49.9935482],[5.7860237,49.9934672],[5.7863858,49.9932982],[5.7866326,49.9932775],[5.7866433,49.993212],[5.7869115,49.9931671],[5.7873246,49.9931292],[5.788773,49.9933154],[5.7899263,49.9936275],[5.7901919,49.9937689],[5.790334,49.9937293],[5.790334,49.9936896],[5.7912728,49.993731],[5.7921177,49.9942345],[5.7923591,49.9943173],[5.7928312,49.9946932],[5.792917,49.9947225]]]}},{"type":"Feature","properties":{"t":"mata"},"geometry":{"type":"Polygon","coordinates":[[[5.7917529,49.9935896],[5.7912835,49.993443],[5.7912379,49.9935292],[5.7916993,49.9936465],[5.7917529,49.9935896]]]}},{"type":"Feature","properties":{"t":"mata"},"geometry":{"type":"Polygon","coordinates":[[[5.7936734,49.9936431],[5.7933274,49.9934654],[5.7931825,49.9934223],[5.7929948,49.9934586],[5.7925844,49.9933103],[5.792335,49.9932706],[5.7923055,49.993312],[5.7930538,49.9935327],[5.7931879,49.9935155],[5.7935929,49.9936844],[5.7936734,49.9936431]]]}},{"type":"Feature","properties":{"t":"mata"},"geometry":{"type":"Polygon","coordinates":[[[5.7941802,49.9974413],[5.7942769,49.9976209],[5.7943681,49.997595],[5.7947087,49.9978312],[5.7948026,49.9978209],[5.7956716,49.9983899],[5.7961288,49.9980873],[5.7959747,49.9980175],[5.7959452,49.9981226],[5.7957548,49.9982192],[5.7954329,49.9980709],[5.7950789,49.9978881],[5.7950279,49.9977433],[5.7952452,49.9977726],[5.7956073,49.9980123],[5.7956529,49.9979726],[5.7953551,49.9977209],[5.7951918,49.9976219],[5.7949582,49.9974709],[5.7947429,49.9976165],[5.7943144,49.9973847],[5.7941802,49.9974413]]]}},{"type":"Feature","properties":{"t":"mata"},"geometry":{"type":"Polygon","coordinates":[[[5.79399,49.9935869],[5.7936573,49.9934223],[5.7934293,49.9932361],[5.7932067,49.993093],[5.7928366,49.9929637],[5.7925445,49.9928904],[5.7926756,49.9930154],[5.7934052,49.993331],[5.7935822,49.9934827],[5.7939617,49.9936094],[5.79399,49.9935869]]]}},{"type":"Feature","properties":{"t":"mata"},"geometry":{"type":"Polygon","coordinates":[[[5.7938048,49.9938551],[5.7937686,49.9940319],[5.793798,49.9941789],[5.793868,49.9941551],[5.7941958,49.9944518],[5.7944244,49.9947069],[5.7945317,49.9946069],[5.7942756,49.9943983],[5.7941455,49.9940759],[5.7938048,49.9938551]]]}},{"type":"Feature","properties":{"t":"mata"},"geometry":{"type":"Polygon","coordinates":[[[5.7858612,50.0055154],[5.7861605,50.0055273],[5.7861873,50.0052877],[5.7861216,50.0052404],[5.7858612,50.0055154]]]}},{"type":"Feature","properties":{"t":"mata"},"geometry":{"type":"Polygon","coordinates":[[[5.7864038,50.0050505],[5.7867587,50.0048515],[5.7861525,50.0044516],[5.785909,50.0045358],[5.7857233,50.0038965],[5.785481,50.0039982],[5.7854712,50.0041396],[5.7848603,50.0048488],[5.7849696,50.0049119],[5.7841623,50.0054877],[5.7840416,50.0057428],[5.7848033,50.0061358],[5.7850372,50.0062415],[5.7851866,50.0058695],[5.7861216,50.0052404],[5.7864038,50.0050505]]]}},{"type":"Feature","properties":{"t":"mata"},"geometry":{"type":"Polygon","coordinates":[[[5.784758,50.0073311],[5.7847094,50.0074736],[5.7850689,50.007577],[5.7850152,50.0079114],[5.7847685,50.0079804],[5.7845968,50.0081838],[5.7843608,50.0082389],[5.7841247,50.0083941],[5.784468,50.0086423],[5.7848328,50.0084734],[5.7848704,50.0082044],[5.7851601,50.0079424],[5.7852191,50.0076942],[5.7851011,50.0074218],[5.784758,50.0073311]]]}},{"type":"Feature","properties":{"t":"mata"},"geometry":{"type":"Polygon","coordinates":[[[5.7809374,50.0054979],[5.7806513,50.0055842],[5.7799968,50.0056669],[5.7796025,50.0056773],[5.7794416,50.0057859],[5.7791814,50.0057428],[5.7787254,50.0057962],[5.7784143,50.0057566],[5.7781488,50.0057824],[5.7777035,50.0058997],[5.7774621,50.00606],[5.7774273,50.00621],[5.7775184,50.0063151],[5.7778591,50.0063531],[5.7783768,50.0062738],[5.7785511,50.0062996],[5.7786798,50.0062117],[5.7789373,50.0062376],[5.7790339,50.0062996],[5.7793621,50.0062548],[5.7795382,50.0062307],[5.7795811,50.0062617],[5.78115,50.0060471],[5.7810751,50.0058535],[5.7809374,50.0054979]]]}},{"type":"Feature","properties":{"t":"mata"},"geometry":{"type":"Polygon","coordinates":[[[5.7823518,50.005417],[5.7823625,50.0053584],[5.7827085,50.0052705],[5.7828721,50.0051084],[5.7831261,50.0048586],[5.7811737,50.0051326],[5.7815498,50.0053911],[5.7813664,50.0054734],[5.7823518,50.005417]]]}},{"type":"Feature","properties":{"t":"mata"},"geometry":{"type":"Polygon","coordinates":[[[5.7849453,49.9887499],[5.7848945,49.9890717],[5.7844976,49.9894735],[5.7838833,49.9891838],[5.7838246,49.989229],[5.78403,49.9893233],[5.7846121,49.9895734],[5.7848006,49.9895614],[5.7850447,49.989132],[5.7850689,49.9888751],[5.785158,49.9887409],[5.7850796,49.9887112],[5.7850152,49.9887837],[5.7849453,49.9887499]]]}},{"type":"Feature","properties":{"t":"mata"},"geometry":{"type":"Polygon","coordinates":[[[5.7894462,49.9867522],[5.7885879,49.9871454],[5.7884002,49.9874196],[5.7881829,49.9877455],[5.7880247,49.9880197],[5.7879469,49.9880318],[5.7877913,49.9883526],[5.7874909,49.9886302],[5.7874721,49.9889647],[5.7873871,49.9893142],[5.7875496,49.989265],[5.7876706,49.9889458],[5.7875764,49.9888064],[5.7877967,49.9884595],[5.7880381,49.988256],[5.7883653,49.9876248],[5.7889608,49.9870798],[5.7895106,49.9868108],[5.7894462,49.9867522]]]}},{"type":"Feature","properties":{"t":"mata"},"geometry":{"type":"Polygon","coordinates":[[[5.786812,49.9892702],[5.7866996,49.9892579],[5.7866506,49.9893042],[5.7863098,49.989626],[5.7862759,49.989658],[5.7862866,49.9897856],[5.7863456,49.9898115],[5.786812,49.9892702]]]}},{"type":"Feature","properties":{"t":"charneca"},"geometry":{"type":"Polygon","coordinates":[[[5.7862464,49.9926705],[5.7858145,49.9926602],[5.7853129,49.9925619],[5.784865,49.9923826],[5.7845136,49.9921877],[5.784393,49.9920601],[5.7842267,49.9920653],[5.7842267,49.991986],[5.784291,49.9919153],[5.7841822,49.991841],[5.7841435,49.9918928],[5.7839584,49.9918549],[5.783827,49.9919428],[5.7836419,49.9921584],[5.7836956,49.9923981],[5.7839236,49.9925843],[5.7842696,49.9927792],[5.784409,49.992624],[5.7846397,49.9927171],[5.7845941,49.9928102],[5.7856214,49.9930913],[5.7855543,49.9931982],[5.7861122,49.993212],[5.7868794,49.9930689],[5.7868686,49.992943],[5.7870993,49.9928861],[5.7868338,49.9927878],[5.7867748,49.9928205],[5.7862142,49.9927602],[5.7862464,49.9926705]]]}},{"type":"Feature","properties":{"t":"mata"},"geometry":{"type":"Polygon","coordinates":[[[5.7840657,49.99166],[5.7839697,49.991624],[5.7837224,49.9918928],[5.783827,49.9919428],[5.7839584,49.9918549],[5.7841435,49.9918928],[5.7841822,49.991841],[5.7842234,49.9917859],[5.7841274,49.9917928],[5.7840657,49.99166]]]}},{"type":"Feature","properties":{"t":"mata"},"geometry":{"type":"Polygon","coordinates":[[[5.7805145,49.9875317],[5.78067,49.9874679],[5.7806057,49.9873351],[5.780279,49.9870145],[5.780198,49.9870126],[5.7801819,49.987104],[5.7805145,49.9875317]]]}},{"type":"Feature","properties":{"t":"mata"},"geometry":{"type":"Polygon","coordinates":[[[5.7816866,49.9887388],[5.7811072,49.9884284],[5.7810871,49.988505],[5.7810777,49.9885405],[5.7817671,49.9888734],[5.7816866,49.9887388]]]}},{"type":"Feature","properties":{"t":"mata"},"geometry":{"type":"Polygon","coordinates":[[[5.7808363,49.9883388],[5.7807344,49.9882715],[5.7805036,49.9883761],[5.7802892,49.9884733],[5.7804152,49.9885491],[5.7808363,49.9883388]]]}},{"type":"Feature","properties":{"t":"mata"},"geometry":{"type":"Polygon","coordinates":[[[5.7801551,49.9892993],[5.7803554,49.9893475],[5.7807881,49.9893579],[5.7804555,49.9891941],[5.7801846,49.9891062],[5.7801148,49.9889837],[5.7801309,49.9889285],[5.779827,49.9888629],[5.7799619,49.9889492],[5.7801551,49.9892993]]]}},{"type":"Feature","properties":{"t":"mata"},"geometry":{"type":"Polygon","coordinates":[[[5.7829741,49.9912634],[5.7827675,49.991172],[5.7822713,49.9907461],[5.7821667,49.9906133],[5.7821882,49.9905202],[5.7820272,49.9904668],[5.7818904,49.9906168],[5.7825851,49.9912841],[5.7827327,49.9913359],[5.7828882,49.9913203],[5.7829741,49.9912634]]]}},{"type":"Feature","properties":{"t":"moita"},"geometry":{"type":"Polygon","coordinates":[[[5.7774393,49.9832357],[5.7775211,49.9834271],[5.7779852,49.9839014],[5.7782024,49.9840049],[5.7782936,49.9841049],[5.7789883,49.9840307],[5.7787415,49.9837686],[5.7791197,49.9835685],[5.7788783,49.9833633],[5.7785886,49.983246],[5.7779315,49.982977],[5.7774299,49.982789],[5.7773951,49.9826596],[5.7770061,49.9825458],[5.7769686,49.9826605],[5.7771121,49.9826786],[5.7771698,49.9827045],[5.7772543,49.9828304],[5.7772864,49.982977],[5.7774393,49.9832357]]]}},{"type":"Feature","properties":{"t":"moita"},"geometry":{"type":"Polygon","coordinates":[[[5.7761645,49.9817183],[5.7760057,49.9816575],[5.7754451,49.9815541],[5.774796,49.9813523],[5.7746726,49.9813971],[5.7746941,49.9815178],[5.7752198,49.9817421],[5.7757267,49.9821353],[5.7759654,49.9821284],[5.7761049,49.9820611],[5.7759708,49.9818611],[5.7761645,49.9817183]]]}},{"type":"Feature","properties":{"t":"charneca"},"geometry":{"type":"Polygon","coordinates":[[[5.777041,49.98329],[5.7774393,49.9832357],[5.7772864,49.982977],[5.7772543,49.9828304],[5.7771698,49.9827045],[5.7771121,49.9826786],[5.7769686,49.9826605],[5.7770061,49.9825458],[5.7773951,49.9826596],[5.7774822,49.9825734],[5.7771309,49.9824432],[5.7767352,49.9822146],[5.7767084,49.9823267],[5.7764912,49.9823009],[5.7763007,49.9822129],[5.7761049,49.9820611],[5.7759654,49.9821284],[5.7757267,49.9821353],[5.7760271,49.9823957],[5.7766333,49.9827252],[5.7768694,49.9830184],[5.777041,49.98329]]]}},{"type":"Feature","properties":{"t":"moita"},"geometry":{"type":"Polygon","coordinates":[[[5.7593327,49.9932645],[5.7594672,49.9946707],[5.7595369,49.9946587],[5.7593933,49.9932547],[5.7593327,49.9932645]]]}},{"type":"Feature","properties":{"t":"mata"},"geometry":{"type":"Polygon","coordinates":[[[5.7595557,49.9886009],[5.7595207,49.9885794],[5.759435,49.9885267],[5.7588342,49.9890837],[5.7583541,49.9893769],[5.7582441,49.9895838],[5.7580439,49.9897477],[5.7573509,49.990315],[5.7566965,49.990753],[5.7557067,49.9915428],[5.7554921,49.9917756],[5.7552293,49.9918377],[5.7553205,49.9919359],[5.7551569,49.9920894],[5.7551783,49.9923981],[5.7552041,49.9924224],[5.7552642,49.9924791],[5.7581341,49.9919808],[5.7591244,49.991768],[5.7591695,49.9917583],[5.7588503,49.9910444],[5.7586545,49.9903167],[5.7584587,49.9894614],[5.7595155,49.9886854],[5.7595557,49.9886009]]]}},{"type":"Feature","properties":{"t":"moita"},"geometry":{"type":"Polygon","coordinates":[[[5.7790339,49.9923153],[5.7789963,49.9922412],[5.7783473,49.9923084],[5.7783526,49.9923808],[5.7790339,49.9923153]]]}},{"type":"Feature","properties":{"t":"moita"},"geometry":{"type":"Polygon","coordinates":[[[5.7782016,49.9898985],[5.7781528,49.9899244],[5.7790312,49.9903659],[5.7794805,49.9906737],[5.779793,49.9910151],[5.7800248,49.9914082],[5.780121,49.9913757],[5.779797,49.9909048],[5.7794684,49.9905875],[5.7791345,49.9903521],[5.7789097,49.9902459],[5.7782016,49.9898985]]]}},{"type":"Feature","properties":{"t":"mata"},"geometry":{"type":"Polygon","coordinates":[[[5.7747048,49.9931896],[5.7747558,49.9932309],[5.7748818,49.9932048],[5.7755041,49.9930757],[5.7754505,49.9930102],[5.7747048,49.9931896]]]}},{"type":"Feature","properties":{"t":"mata"},"geometry":{"type":"Polygon","coordinates":[[[5.7717893,49.9919549],[5.7724325,49.9918566],[5.7727146,49.9918135],[5.7726771,49.9917808],[5.7717526,49.9919284],[5.7717893,49.9919549]]]}},{"type":"Feature","properties":{"t":"mata"},"geometry":{"type":"Polygon","coordinates":[[[5.7755738,49.9913005],[5.7756074,49.9913505],[5.7760915,49.9912695],[5.7762685,49.9911229],[5.7762243,49.9910893],[5.7760607,49.9911988],[5.7755738,49.9913005]]]}},{"type":"Feature","properties":{"t":"mata"},"geometry":{"type":"Polygon","coordinates":[[[5.7693321,49.9960711],[5.7693136,49.9958053],[5.7696515,49.9954018],[5.7696381,49.9951277],[5.7693779,49.9951587],[5.7693887,49.9954622],[5.7691956,49.9955484],[5.7689783,49.9955553],[5.7690373,49.9957053],[5.7691607,49.9958174],[5.7691795,49.9959356],[5.7691955,49.9960359],[5.7693321,49.9960711]]]}},{"type":"Feature","properties":{"t":"mata"},"geometry":{"type":"Polygon","coordinates":[[[5.7773924,49.9992899],[5.7772556,49.9993761],[5.7773334,49.9994519],[5.7775024,49.9994002],[5.7773924,49.9992899]]]}},{"type":"Feature","properties":{"t":"mata"},"geometry":{"type":"Polygon","coordinates":[[[5.7458094,50.0013139],[5.7460875,50.0013421],[5.7462358,50.0008398],[5.7460185,50.0007744],[5.7459167,50.0009519],[5.7456833,50.0009277],[5.7456297,50.001107],[5.7458362,50.0011295],[5.7458094,50.0013139]]]}},{"type":"Feature","properties":{"t":"mata"},"geometry":{"type":"Polygon","coordinates":[[[5.7464987,50.0015019],[5.7467079,50.0014915],[5.746952,50.0013708],[5.7471129,50.0012777],[5.7466784,50.0010174],[5.7465309,50.0011036],[5.7464215,50.0013313],[5.7464987,50.0015019]]]}},{"type":"Feature","properties":{"t":"mata"},"geometry":{"type":"Polygon","coordinates":[[[5.7433042,49.9934719],[5.7431245,49.9934913],[5.7431276,49.9936828],[5.7431298,49.9938189],[5.7432952,49.9938039],[5.7432747,49.9937017],[5.7433042,49.9934719]]]}},{"type":"Feature","properties":{"t":"mata"},"geometry":{"type":"Polygon","coordinates":[[[5.7476413,49.991041],[5.7477486,49.9913307],[5.7478197,49.9912471],[5.7477357,49.9910043],[5.7476413,49.991041]]]}},{"type":"Feature","properties":{"t":"moita"},"geometry":{"type":"Polygon","coordinates":[[[5.7498246,49.9913979],[5.7503289,49.9925809],[5.7491326,49.9927533],[5.7491755,49.9928706],[5.7505757,49.9926326],[5.750007,49.9913652],[5.7498246,49.9913979]]]}},{"type":"Feature","properties":{"t":"moita"},"geometry":{"type":"Polygon","coordinates":[[[5.7533947,49.9904426],[5.7545614,49.991917],[5.7551864,49.9918066],[5.7552293,49.9918377],[5.7554921,49.9917756],[5.7557067,49.9915428],[5.7545024,49.9902202],[5.7542288,49.9902736],[5.7533947,49.9904426]]]}},{"type":"Feature","properties":{"t":"mata"},"geometry":{"type":"Polygon","coordinates":[[[5.7609236,49.9831098],[5.7610738,49.9831546],[5.7619214,49.9820801],[5.7618195,49.982037],[5.7609236,49.9831098]]]}},{"type":"Feature","properties":{"t":"mata"},"geometry":{"type":"Polygon","coordinates":[[[5.7364055,49.9930413],[5.736478,49.9930301],[5.7378442,49.992784],[5.7377627,49.9926895],[5.736317,49.9929275],[5.7364055,49.9930413]]]}},{"type":"Feature","properties":{"t":"mata"},"geometry":{"type":"Polygon","coordinates":[[[5.7391683,49.9936534],[5.7392031,49.9936293],[5.7389282,49.9932985],[5.7387793,49.9933241],[5.7391683,49.9936534]]]}},{"type":"Feature","properties":{"t":"mata"},"geometry":{"type":"Polygon","coordinates":[[[5.7400614,49.9922825],[5.7400936,49.9923791],[5.7414669,49.9921343],[5.741424,49.9920429],[5.7400614,49.9922825]]]}},{"type":"Feature","properties":{"t":"mata"},"geometry":{"type":"Polygon","coordinates":[[[5.7426149,49.9918256],[5.7422608,49.9918928],[5.742293,49.9920308],[5.7426363,49.9919946],[5.7426149,49.9918256]]]}},{"type":"Feature","properties":{"t":"mata"},"geometry":{"type":"Polygon","coordinates":[[[5.7414481,50.0016053],[5.7408527,50.0014415],[5.7404879,50.0014208],[5.7403068,50.0013784],[5.7393828,50.0011622],[5.7393743,50.0011832],[5.7393533,50.0012346],[5.7404745,50.001507],[5.7405952,50.0016518],[5.7414106,50.0016518],[5.7414481,50.0016053]]]}},{"type":"Feature","properties":{"t":"moita"},"geometry":{"type":"Polygon","coordinates":[[[5.7378298,50.0009917],[5.7377923,50.0013468],[5.737583,50.0013917],[5.7376152,50.001502],[5.7370156,50.0015667],[5.7370707,50.001595],[5.7374516,50.0015691],[5.7377332,50.001595],[5.7378244,50.0015432],[5.7377359,50.0014208],[5.7378995,50.0013846],[5.7379371,50.0010053],[5.7378958,50.0010001],[5.7378298,50.0009917]]]}},{"type":"Feature","properties":{"t":"mata"},"geometry":{"type":"Polygon","coordinates":[[[5.7415286,49.9952328],[5.7415244,49.9952076],[5.7415205,49.9951846],[5.740276,49.9952122],[5.7402828,49.9952453],[5.7402894,49.9952777],[5.7415286,49.9952328]]]}},{"type":"Feature","properties":{"t":"moita"},"geometry":{"type":"Polygon","coordinates":[[[5.7331635,50.0011401],[5.7318163,50.000764],[5.7317736,50.0008418],[5.7316225,50.0011173],[5.7315856,50.0011846],[5.7337904,50.0019363],[5.7338083,50.0018992],[5.7331037,50.0016537],[5.7317036,50.0011675],[5.7318324,50.0008951],[5.7331145,50.0011986],[5.7331635,50.0011401]]]}},{"type":"Feature","properties":{"t":"moita"},"geometry":{"type":"Polygon","coordinates":[[[5.7580563,49.9991571],[5.7581878,49.9995588],[5.7582196,49.9995533],[5.7582575,49.9995468],[5.7581583,49.9991651],[5.7580563,49.9991571]]]}},{"type":"Feature","properties":{"t":"mata"},"geometry":{"type":"Polygon","coordinates":[[[5.7480504,50.0016363],[5.7480906,50.001582],[5.7480665,50.0014294],[5.7477942,50.0015501],[5.7472886,50.001532],[5.747015,50.0014562],[5.7471679,50.0013553],[5.7473677,50.0013407],[5.7476467,50.0012622],[5.7477607,50.0011657],[5.7478689,50.0011128],[5.7479511,50.0010726],[5.747927,50.0010441],[5.7474402,50.0012476],[5.7473382,50.0012717],[5.747302,50.0012484],[5.7474442,50.0009502],[5.7473932,50.0009407],[5.7472189,50.0012631],[5.7468997,50.0014742],[5.7469667,50.0015451],[5.7471398,50.0015622],[5.7480504,50.0016363]]]}},{"type":"Feature","properties":{"t":"mata"},"geometry":{"type":"Polygon","coordinates":[[[5.754784,49.9998226],[5.7580563,49.9991571],[5.7581583,49.9991651],[5.7582226,49.9988726],[5.7572624,49.9985864],[5.7571793,49.9986175],[5.7568507,49.9985387],[5.7564738,49.998695],[5.7564175,49.9986761],[5.7545829,49.999233],[5.7546151,49.9992916],[5.7544219,49.9993399],[5.7546365,49.999595],[5.754784,49.9998226]]]}},{"type":"Feature","properties":{"t":"mata"},"geometry":{"type":"Polygon","coordinates":[[[5.7539579,49.9989812],[5.7539418,49.9989192],[5.7527241,49.9981261],[5.7526651,49.9981468],[5.7539579,49.9989812]]]}},{"type":"Feature","properties":{"t":"mata"},"geometry":{"type":"Polygon","coordinates":[[[5.7541564,49.9975442],[5.7541081,49.9975726],[5.7546473,49.998083],[5.7549262,49.998133],[5.7549443,49.9980831],[5.7546902,49.9980226],[5.7541564,49.9975442]]]}},{"type":"Feature","properties":{"t":"mata"},"geometry":{"type":"Polygon","coordinates":[[[5.7575762,50.0024673],[5.7575387,50.0025104],[5.7578203,50.0026104],[5.7578634,50.0025597],[5.7575762,50.0024673]]]}},{"type":"Feature","properties":{"t":"moita"},"geometry":{"type":"Polygon","coordinates":[[[5.7583648,50.0003054],[5.7584023,50.0007674],[5.7584614,50.0007571],[5.7584694,50.0003588],[5.7583648,50.0003054]]]}},{"type":"Feature","properties":{"t":"mata"},"geometry":{"type":"Polygon","coordinates":[[[5.7619804,49.999895],[5.761975,50.0001916],[5.7620153,50.0002898],[5.7627824,50.0004174],[5.7629836,50.0003105],[5.7629916,50.0002329],[5.7628092,50.000276],[5.762608,50.000245],[5.7625034,50.0001519],[5.7626241,49.9998485],[5.7619804,49.999895]]]}},{"type":"Feature","properties":{"t":"mata"},"geometry":{"type":"Polygon","coordinates":[[[5.7622299,49.9996416],[5.7623076,49.9997037],[5.7626751,49.9996881],[5.7626188,49.999533],[5.7624069,49.9995243],[5.7622299,49.9996416]]]}},{"type":"Feature","properties":{"t":"mata"},"geometry":{"type":"Polygon","coordinates":[[[5.7493311,50.0043826],[5.7486874,50.0042826],[5.7485938,50.004211],[5.7483226,50.0040034],[5.7482341,50.0040361],[5.7483552,50.0041295],[5.748623,50.0043361],[5.7493177,50.0044361],[5.7493311,50.0043826]]]}},{"type":"Feature","properties":{"t":"moita"},"geometry":{"type":"Polygon","coordinates":[[[5.7490307,50.0037551],[5.7484889,50.0032914],[5.7485506,50.0032052],[5.7482207,50.0032362],[5.7480973,50.0031828],[5.747939,50.0032362],[5.747872,50.003269],[5.7478961,50.0033586],[5.748328,50.0033362],[5.7484433,50.0033121],[5.7489395,50.0037706],[5.7490307,50.0037551]]]}},{"type":"Feature","properties":{"t":"moita"},"geometry":{"type":"Polygon","coordinates":[[[5.7475984,50.0031293],[5.748167,50.0029018],[5.7482931,50.0024346],[5.7481939,50.0024208],[5.7480866,50.0028552],[5.7479712,50.0029517],[5.7476923,50.0030414],[5.747585,50.0030914],[5.747591,50.0031083],[5.7475984,50.0031293]]]}},{"type":"Feature","properties":{"t":"mata"},"geometry":{"type":"Polygon","coordinates":[[[5.7475072,50.0028604],[5.7474482,50.0025639],[5.7472846,50.0024173],[5.746853,50.0023971],[5.7469815,50.0024725],[5.7472792,50.0025587],[5.7473677,50.0028035],[5.7474214,50.0028673],[5.7475072,50.0028604]]]}},{"type":"Feature","properties":{"t":"mata"},"geometry":{"type":"Polygon","coordinates":[[[5.7479927,50.0018415],[5.7478827,50.0018311],[5.7478452,50.0019553],[5.7476976,50.0019467],[5.7475957,50.0022553],[5.7476976,50.002269],[5.7478479,50.0020087],[5.7479578,50.0020225],[5.7479927,50.0018415]]]}},{"type":"Feature","properties":{"t":"mata"},"geometry":{"type":"Polygon","coordinates":[[[5.7472524,50.0016243],[5.7472431,50.0016541],[5.7479578,50.0017105],[5.7479444,50.0016708],[5.7472524,50.0016243]]]}},{"type":"Feature","properties":{"t":"mata"},"geometry":{"type":"Polygon","coordinates":[[[5.7463767,50.0016967],[5.746378,50.0016243],[5.7458724,50.0016337],[5.7458952,50.0018191],[5.7462198,50.0018165],[5.7462157,50.0017518],[5.7463767,50.0016967]]]}},{"type":"Feature","properties":{"t":"mata"},"geometry":{"type":"Polygon","coordinates":[[[5.7577613,50.0026518],[5.7574904,50.0025552],[5.7574528,50.0026156],[5.7576889,50.0027242],[5.7577613,50.0026518]]]}},{"type":"Feature","properties":{"t":"mata"},"geometry":{"type":"Polygon","coordinates":[[[5.7598829,50.0032569],[5.7597783,50.0032465],[5.7597708,50.0033658],[5.7597542,50.003631],[5.7598883,50.0036258],[5.7598834,50.0032914],[5.7598829,50.0032569]]]}},{"type":"Feature","properties":{"t":"mata"},"geometry":{"type":"Polygon","coordinates":[[[5.7344019,50.0018468],[5.7343492,50.0019194],[5.7353193,50.0017501],[5.7352817,50.0017089],[5.734477,50.001802],[5.7344019,50.0018468]]]}},{"type":"Feature","properties":{"t":"moita"},"geometry":{"type":"Polygon","coordinates":[[[5.7391816,50.0018674],[5.7413408,50.0022811],[5.7413904,50.0021972],[5.7391958,50.0018151],[5.7391816,50.0018674]]]}},{"type":"Feature","properties":{"t":"mata"},"geometry":{"type":"Polygon","coordinates":[[[5.7628736,49.980621],[5.7630935,49.9807986],[5.7633966,49.980652],[5.7634369,49.9805589],[5.7628736,49.980621]]]}},{"type":"Feature","properties":{"t":"mata"},"geometry":{"type":"Polygon","coordinates":[[[5.7579946,49.9838514],[5.7569861,49.9832201],[5.7564282,49.9833409],[5.7560527,49.9833995],[5.7552642,49.9835996],[5.7557362,49.9838548],[5.756101,49.9839652],[5.7553607,49.9843826],[5.7586974,49.985507],[5.7591695,49.9849379],[5.7574797,49.9843964],[5.7579946,49.9838514]]]}},{"type":"Feature","properties":{"t":"mata"},"geometry":{"type":"Polygon","coordinates":[[[5.7615191,49.9820853],[5.7583219,49.9828821],[5.760296,49.9834133],[5.7600707,49.9837824],[5.760178,49.98381],[5.7615191,49.9820853]]]}},{"type":"Feature","properties":{"t":"mata"},"geometry":{"type":"Polygon","coordinates":[[[5.7470593,50.0043671],[5.7467508,50.0044654],[5.746665,50.0044085],[5.7465631,50.0044499],[5.7465577,50.0045705],[5.7465953,50.0046498],[5.746674,50.004626],[5.7471693,50.0044757],[5.7470593,50.0043671]]]}},{"type":"Feature","properties":{"t":"charneca"},"geometry":{"type":"Polygon","coordinates":[[[5.7563585,49.9827441],[5.7556114,49.9827833],[5.7555981,49.9828338],[5.7559213,49.9828588],[5.7561225,49.9829839],[5.756506,49.9832512],[5.7567689,49.9832167],[5.7575226,49.9830235],[5.7571793,49.9828959],[5.7568037,49.9827786],[5.7563585,49.9827441]]]}},{"type":"Feature","properties":{"t":"moita"},"geometry":{"type":"Polygon","coordinates":[[[5.7574421,49.9801328],[5.7573348,49.9801294],[5.7572341,49.9802034],[5.7571846,49.9802398],[5.7573134,49.980326],[5.7573107,49.9806313],[5.7575923,49.9806572],[5.7575065,49.9803916],[5.7574421,49.9801328]]]}},{"type":"Feature","properties":{"t":"mata"},"geometry":{"type":"Polygon","coordinates":[[[5.7529387,49.9844636],[5.7530182,49.9845259],[5.7530621,49.9845602],[5.753561,49.9843877],[5.7536012,49.9842946],[5.7535234,49.9842532],[5.7534648,49.9842085],[5.7529387,49.9844636]]]}},{"type":"Feature","properties":{"t":"mata"},"geometry":{"type":"Polygon","coordinates":[[[5.7472973,49.9839372],[5.7478961,49.9839462],[5.7479686,49.9838962],[5.7478774,49.9837669],[5.7475448,49.9837876],[5.7474187,49.9838514],[5.7472688,49.9838723],[5.7472973,49.9839372]]]}},{"type":"Feature","properties":{"t":"mata"},"geometry":{"type":"Polygon","coordinates":[[[5.7502162,49.9842394],[5.7501385,49.9842963],[5.7502037,49.9844933],[5.7503316,49.9844853],[5.7503021,49.9844153],[5.750404,49.9843877],[5.750345,49.9842463],[5.7502162,49.9842394]]]}},{"type":"Feature","properties":{"t":"charneca"},"geometry":{"type":"Polygon","coordinates":[[[5.7526383,49.9814264],[5.7523084,49.9816472],[5.7520857,49.9817559],[5.7518202,49.9817714],[5.7516971,49.9818492],[5.7513347,49.9820784],[5.7511926,49.9821129],[5.7507849,49.9824475],[5.750168,49.9826079],[5.7500178,49.9827407],[5.7494277,49.9829632],[5.7495537,49.9831011],[5.7502216,49.9828752],[5.7509941,49.9825872],[5.7509887,49.9825665],[5.7514179,49.9823802],[5.7518604,49.9819939],[5.7523164,49.9816869],[5.7524827,49.9818473],[5.7529548,49.9817541],[5.7530433,49.9816627],[5.7527872,49.9814181],[5.7526919,49.9814747],[5.7526383,49.9814264]]]}},{"type":"Feature","properties":{"t":"mata"},"geometry":{"type":"Polygon","coordinates":[[[5.753046,49.9811815],[5.752795,49.9813323],[5.7526383,49.9814264],[5.7526919,49.9814747],[5.7527872,49.9814181],[5.7530835,49.9812419],[5.753046,49.9811815]]]}},{"type":"Feature","properties":{"t":"charneca"},"geometry":{"type":"Polygon","coordinates":[[[5.7561064,49.9799431],[5.7557121,49.9802536],[5.7555753,49.9803433],[5.7553849,49.9803674],[5.7550094,49.9801708],[5.7546017,49.9803019],[5.7544085,49.9805433],[5.7540411,49.9806434],[5.753046,49.9811815],[5.7530835,49.9812419],[5.7539579,49.9808245],[5.7539579,49.9807641],[5.7540894,49.9807106],[5.7542798,49.980771],[5.7550281,49.9807952],[5.7558998,49.9805226],[5.756337,49.9805002],[5.7568949,49.9805916],[5.7573107,49.9806313],[5.7573134,49.980326],[5.7571846,49.9802398],[5.7572341,49.9802034],[5.7569218,49.9801501],[5.7567608,49.9800121],[5.7563156,49.9799259],[5.7561064,49.9799431]]]}},{"type":"Feature","properties":{"t":"mata"},"geometry":{"type":"Polygon","coordinates":[[[5.7498169,49.9894611],[5.7498354,49.9895338],[5.7502726,49.9894459],[5.750691,49.989289],[5.7510036,49.9897266],[5.7510906,49.9897097],[5.7507312,49.9892269],[5.7510192,49.9890848],[5.7513186,49.9889372],[5.7512918,49.988894],[5.7514329,49.9887957],[5.7513964,49.9887595],[5.7511818,49.9888975],[5.7506293,49.9891734],[5.7500526,49.989439],[5.7498169,49.9894611]]]}},{"type":"Feature","properties":{"t":"mata"},"geometry":{"type":"Polygon","coordinates":[[[5.7442671,49.9815817],[5.7442716,49.9815212],[5.7443141,49.9814103],[5.7439774,49.9812729],[5.7439533,49.9813229],[5.7441303,49.9815196],[5.7442671,49.9815817]]]}},{"type":"Feature","properties":{"t":"mata"},"geometry":{"type":"Polygon","coordinates":[[[5.786469,50.0459304],[5.7864448,50.0458684],[5.785718,50.0457909],[5.7857019,50.0458477],[5.786469,50.0459304]]]}},{"type":"Feature","properties":{"t":"mata"},"geometry":{"type":"Polygon","coordinates":[[[5.7947436,50.0403132],[5.7944834,50.0403408],[5.7936224,50.0400824],[5.7935688,50.0401616],[5.7945022,50.0404148],[5.7947436,50.0404252],[5.7947436,50.0403132]]]}},{"type":"Feature","properties":{"t":"mata"},"geometry":{"type":"Polygon","coordinates":[[[5.7852378,50.0354982],[5.7856187,50.0349262],[5.7855087,50.0348607],[5.7848597,50.0347281],[5.7842374,50.0346144],[5.7841489,50.0346368],[5.7836419,50.0345162],[5.783591,50.0346505],[5.7838136,50.0348556],[5.7842025,50.0350795],[5.7847577,50.0353276],[5.7852378,50.0354982]]]}},{"type":"Feature","properties":{"t":"mata"},"geometry":{"type":"Polygon","coordinates":[[[5.7749864,50.0377154],[5.7760547,50.0367597],[5.7759174,50.0366382],[5.7747799,50.0376947],[5.7749864,50.0377154]]]}},{"type":"Feature","properties":{"t":"moita"},"geometry":{"type":"Polygon","coordinates":[[[5.7843018,50.037693],[5.7843634,50.0377033],[5.7847765,50.0372571],[5.7848355,50.0371624],[5.7850957,50.0370125],[5.7852539,50.036792],[5.78549,50.0366094],[5.7858387,50.0362063],[5.785844,50.0361563],[5.7861364,50.0358479],[5.7860747,50.0358238],[5.7857421,50.0362028],[5.7853344,50.0366662],[5.7850018,50.0369626],[5.7847899,50.0371383],[5.7846451,50.0372968],[5.7843018,50.037693]]]}},{"type":"Feature","properties":{"t":"mata"},"geometry":{"type":"Polygon","coordinates":[[[5.792976,50.0302657],[5.7929358,50.0302037],[5.7925844,50.0302984],[5.7924235,50.0300245],[5.792335,50.0300434],[5.7925254,50.0304432],[5.792976,50.0302657]]]}},{"type":"Feature","properties":{"t":"moita"},"geometry":{"type":"Polygon","coordinates":[[[5.7942876,50.0306611],[5.7943869,50.0311237],[5.7944325,50.0311134],[5.7943466,50.030662],[5.7942876,50.0306611]]]}},{"type":"Feature","properties":{"t":"mata"},"geometry":{"type":"Polygon","coordinates":[[[5.7941696,50.0301847],[5.7938209,50.0301761],[5.7935768,50.0301399],[5.7933274,50.0301089],[5.7931074,50.0301296],[5.793094,50.030214],[5.7933623,50.0302347],[5.7934186,50.0301985],[5.7937995,50.0302088],[5.793829,50.0302898],[5.794183,50.030295],[5.7941696,50.0301847]]]}},{"type":"Feature","properties":{"t":"mata"},"geometry":{"type":"Polygon","coordinates":[[[5.7954678,50.0320249],[5.7949689,50.0315717],[5.7948241,50.0315631],[5.7958487,50.0324039],[5.7959023,50.0323677],[5.7954678,50.0320249]]]}},{"type":"Feature","properties":{"t":"moita"},"geometry":{"type":"Polygon","coordinates":[[[5.7893229,50.0360185],[5.7893685,50.0358451],[5.7893819,50.0357945],[5.7889768,50.0357342],[5.7887247,50.0356429],[5.7884753,50.035524],[5.7879791,50.0354672],[5.7878315,50.0355688],[5.7878396,50.0356567],[5.78814,50.0357859],[5.7884833,50.0359961],[5.7885638,50.0360322],[5.7887354,50.0359875],[5.7888857,50.0359771],[5.7890224,50.035972],[5.7893229,50.0360185]]]}},{"type":"Feature","properties":{"t":"moita"},"geometry":{"type":"Polygon","coordinates":[[[5.787507,50.0189218],[5.7875016,50.018989],[5.7880193,50.0190356],[5.788022,50.0189666],[5.787507,50.0189218]]]}},{"type":"Feature","properties":{"t":"moita"},"geometry":{"type":"Polygon","coordinates":[[[5.7872736,50.0189132],[5.787161,50.0189063],[5.7871127,50.0202471],[5.787212,50.0202454],[5.7872736,50.0189132]]]}},{"type":"Feature","properties":{"t":"moita"},"geometry":{"type":"Polygon","coordinates":[[[5.788655,50.0216757],[5.7890546,50.0212794],[5.7890351,50.0212714],[5.7889742,50.0212466],[5.7887086,50.0214897],[5.7885316,50.0216516],[5.788655,50.0216757]]]}},{"type":"Feature","properties":{"t":"moita"},"geometry":{"type":"Polygon","coordinates":[[[5.7892692,50.0210381],[5.7893711,50.0210071],[5.7894865,50.0208261],[5.7894421,50.0207986],[5.7894114,50.0207796],[5.7892907,50.0208261],[5.789237,50.0209554],[5.7892692,50.0210381]]]}},{"type":"Feature","properties":{"t":"mata"},"geometry":{"type":"Polygon","coordinates":[[[5.7894489,50.0205004],[5.7895603,50.0205192],[5.7896635,50.0205366],[5.7897493,50.0204074],[5.7896715,50.0203126],[5.7897708,50.020042],[5.7897171,50.0199679],[5.7897547,50.0197111],[5.7896769,50.0196973],[5.7895884,50.01983],[5.7895938,50.0200472],[5.7894489,50.0205004]]]}},{"type":"Feature","properties":{"t":"mata"},"geometry":{"type":"Polygon","coordinates":[[[5.7892881,50.0222511],[5.7893192,50.0221908],[5.7891458,50.0218119],[5.7891153,50.0218319],[5.7890811,50.0218543],[5.7890171,50.0218963],[5.7890539,50.0222736],[5.7891901,50.0220842],[5.7892881,50.0222511]]]}},{"type":"Feature","properties":{"t":"mata"},"geometry":{"type":"Polygon","coordinates":[[[5.7856348,50.0258322],[5.7860157,50.025591],[5.7860693,50.0254565],[5.7864717,50.025248],[5.7865307,50.0250912],[5.7862812,50.0250947],[5.7861847,50.0252773],[5.7855839,50.0255806],[5.785329,50.0256702],[5.7852325,50.0257805],[5.7856348,50.0258322]]]}},{"type":"Feature","properties":{"t":"mata"},"geometry":{"type":"Polygon","coordinates":[[[5.7852083,50.0258201],[5.7846317,50.026089],[5.7841891,50.0262957],[5.7839853,50.0264767],[5.7839316,50.0266042],[5.7840362,50.0266421],[5.7853183,50.0258356],[5.7852083,50.0258201]]]}},{"type":"Feature","properties":{"t":"mata"},"geometry":{"type":"Polygon","coordinates":[[[5.7846317,50.0272159],[5.7845083,50.026618],[5.7843983,50.0266438],[5.7845432,50.02724],[5.7846317,50.0272159]]]}},{"type":"Feature","properties":{"t":"mata"},"geometry":{"type":"Polygon","coordinates":[[[5.7839928,50.0189082],[5.7839987,50.0174672],[5.7839504,50.0174655],[5.7838847,50.0174715],[5.783878,50.0188908],[5.7839928,50.0189082]]]}},{"type":"Feature","properties":{"t":"moita"},"geometry":{"type":"Polygon","coordinates":[[[5.7802409,50.0242572],[5.7801792,50.0242934],[5.7823196,50.0251946],[5.7826441,50.0252894],[5.7832235,50.0254204],[5.7839879,50.0255772],[5.7839933,50.025541],[5.7833093,50.0254152],[5.7824537,50.025205],[5.7813245,50.0247397],[5.7802409,50.0242572]]]}},{"type":"Feature","properties":{"t":"mata"},"geometry":{"type":"Polygon","coordinates":[[[5.7882607,50.0216292],[5.7882553,50.0216671],[5.7884806,50.0217309],[5.7883948,50.0224667],[5.7883023,50.0228752],[5.7881467,50.0230509],[5.7880005,50.023119],[5.7879321,50.0232198],[5.787625,50.0234094],[5.7873501,50.0235748],[5.7872669,50.0236239],[5.7871234,50.0237006],[5.7870108,50.0242538],[5.7868619,50.0243563],[5.7865629,50.0245183],[5.7863604,50.0248422],[5.786178,50.0247767],[5.7861444,50.02485],[5.7863443,50.0249318],[5.7864355,50.0249051],[5.7865401,50.0247259],[5.7866071,50.0246897],[5.7866769,50.0245484],[5.7867922,50.0245088],[5.7867868,50.0244511],[5.787043,50.0243477],[5.7871422,50.0242158],[5.7872026,50.02409],[5.787169,50.0240004],[5.7872187,50.0237325],[5.7874829,50.023617],[5.7877779,50.023399],[5.7881735,50.0231957],[5.7881547,50.0231233],[5.7882245,50.0230845],[5.7883787,50.0230363],[5.7884297,50.0229639],[5.7884431,50.0226572],[5.7886375,50.0217016],[5.788435,50.0216723],[5.7882607,50.0216292]]]}},{"type":"Feature","properties":{"t":"moita"},"geometry":{"type":"Polygon","coordinates":[[[5.7801685,50.0243261],[5.7801403,50.024383],[5.7807465,50.0246122],[5.7821842,50.0252196],[5.7825436,50.025329],[5.7832852,50.0255005],[5.7833,50.0254626],[5.7826133,50.0253204],[5.7821976,50.025186],[5.7801685,50.0243261]]]}},{"type":"Feature","properties":{"t":"moita"},"geometry":{"type":"Polygon","coordinates":[[[5.7837318,50.0268247],[5.7836956,50.0267084],[5.7835668,50.02668],[5.783599,50.0269005],[5.7837318,50.0268247]]]}},{"type":"Feature","properties":{"t":"mata"},"geometry":{"type":"Polygon","coordinates":[[[5.7597046,50.0248801],[5.759262,50.0251679],[5.7592137,50.0253601],[5.7592982,50.0253661],[5.759372,50.0251989],[5.7597797,50.0249465],[5.7597046,50.0248801]]]}},{"type":"Feature","properties":{"t":"mata"},"geometry":{"type":"Polygon","coordinates":[[[5.7842159,50.015237],[5.7841569,50.0152846],[5.7854229,50.0159006],[5.7841322,50.0158888],[5.7842446,50.015985],[5.7854632,50.0159764],[5.7857099,50.0160712],[5.7858254,50.0160579],[5.7858843,50.0160531],[5.7859486,50.0160436],[5.7848634,50.0154198],[5.7847577,50.0154662],[5.7842159,50.015237]]]}},{"type":"Feature","properties":{"t":"mata"},"geometry":{"type":"Polygon","coordinates":[[[5.7852781,50.0168554],[5.7853237,50.0168158],[5.7845056,50.016147],[5.7844698,50.0161777],[5.7844922,50.0162229],[5.7852405,50.0168657],[5.7852781,50.0168554]]]}},{"type":"Feature","properties":{"t":"mata"},"geometry":{"type":"Polygon","coordinates":[[[5.7840818,50.0174121],[5.7855946,50.0173621],[5.7868955,50.0172742],[5.7864556,50.0167003],[5.7859004,50.0161074],[5.7857877,50.0161539],[5.7867265,50.0171966],[5.7856204,50.0172648],[5.7852727,50.0172863],[5.7840711,50.017319],[5.7840786,50.0173844],[5.7840818,50.0174121]]]}},{"type":"Feature","properties":{"t":"mata"},"geometry":{"type":"Polygon","coordinates":[[[5.7838243,50.0174164],[5.7838029,50.0173449],[5.7825369,50.0173483],[5.7824409,50.0169596],[5.7824215,50.0168813],[5.7824162,50.0166469],[5.7823458,50.0166465],[5.7822821,50.0166507],[5.7822365,50.0166538],[5.7823116,50.017207],[5.7823838,50.0172206],[5.7824028,50.0172242],[5.7823572,50.0173983],[5.782105,50.0174965],[5.7817107,50.0176775],[5.7815579,50.0178722],[5.7813969,50.0182411],[5.7815203,50.0182514],[5.7817215,50.0178205],[5.782097,50.0175982],[5.7824993,50.0174552],[5.7838243,50.0174164]]]}},{"type":"Feature","properties":{"t":"moita"},"geometry":{"type":"Polygon","coordinates":[[[5.7805869,50.0191855],[5.7805306,50.01917],[5.7790098,50.0201799],[5.7785404,50.0205918],[5.7786128,50.0206073],[5.77916,50.0201282],[5.7805869,50.0191855]]]}},{"type":"Feature","properties":{"t":"mata"},"geometry":{"type":"Polygon","coordinates":[[[5.7746834,50.0157592],[5.7746721,50.0157189],[5.7746556,50.0156598],[5.7746458,50.0156248],[5.7727548,50.0156869],[5.7726744,50.0157058],[5.7727042,50.0157292],[5.7727951,50.0158006],[5.7734174,50.0158058],[5.7742879,50.0157738],[5.7746834,50.0157592]]]}},{"type":"Feature","properties":{"t":"mata"},"geometry":{"type":"Polygon","coordinates":[[[5.7676196,50.0210193],[5.7675916,50.0210795],[5.7676077,50.021126],[5.7690212,50.021612],[5.7702443,50.0218636],[5.7710007,50.0219842],[5.771623,50.0220428],[5.7716474,50.0219958],[5.7711776,50.0218878],[5.7702611,50.0217642],[5.7691076,50.0214902],[5.7676196,50.0210193]]]}},{"type":"Feature","properties":{"t":"mata"},"geometry":{"type":"Polygon","coordinates":[[[5.789457,50.0170433],[5.7894596,50.0169209],[5.7892397,50.0166693],[5.7890975,50.0167003],[5.7892585,50.0168916],[5.7892746,50.0169674],[5.789355,50.0170398],[5.789457,50.0170433]]]}},{"type":"Feature","properties":{"t":"mata"},"geometry":{"type":"Polygon","coordinates":[[[5.7884389,50.0152676],[5.7882741,50.0153085],[5.7883492,50.0153913],[5.7882634,50.0154525],[5.7884297,50.0155826],[5.7885155,50.0155766],[5.7888038,50.016122],[5.788714,50.0161341],[5.7882795,50.0157739],[5.7880756,50.0155576],[5.7878798,50.0154783],[5.7878007,50.0154076],[5.7875861,50.0154662],[5.788191,50.016079],[5.7884176,50.0160247],[5.7886603,50.016222],[5.7886469,50.016322],[5.7887314,50.0163918],[5.7888119,50.0163789],[5.7889795,50.016546],[5.7890962,50.0165133],[5.7889017,50.0163047],[5.7889608,50.0161875],[5.7888025,50.0158178],[5.7886054,50.0154111],[5.7884592,50.0152887],[5.7884389,50.0152676]]]}},{"type":"Feature","properties":{"t":"mata"},"geometry":{"type":"Polygon","coordinates":[[[5.7699198,50.0183602],[5.7700237,50.0182555],[5.7686913,50.0179188],[5.7681522,50.0175298],[5.768082,50.0175601],[5.7687053,50.0180033],[5.7699198,50.0183602]]]}},{"type":"Feature","properties":{"t":"mata"},"geometry":{"type":"Polygon","coordinates":[[[5.7902549,50.0120759],[5.7908182,50.0120639],[5.7908061,50.0120237],[5.7907873,50.0119613],[5.790212,50.0119544],[5.7902291,50.0120028],[5.7902549,50.0120759]]]}},{"type":"Feature","properties":{"t":"mata"},"geometry":{"type":"Polygon","coordinates":[[[5.790841,50.0131929],[5.7908262,50.0126137],[5.7908004,50.0126179],[5.7907511,50.0126258],[5.7907243,50.0130282],[5.7907739,50.01303],[5.7907873,50.0131937],[5.790841,50.0131929]]]}},{"type":"Feature","properties":{"t":"mata"},"geometry":{"type":"Polygon","coordinates":[[[5.7874319,50.0113494],[5.7874574,50.0113089],[5.7873957,50.0111331],[5.787279,50.0109521],[5.787043,50.0107478],[5.7869786,50.010753],[5.7872495,50.0110762],[5.7874319,50.0113494]]]}},{"type":"Feature","properties":{"t":"mata"},"geometry":{"type":"Polygon","coordinates":[[[5.7819656,50.00958],[5.7824135,50.0100799],[5.7827085,50.0100023],[5.7828925,50.0101961],[5.7830948,50.0101402],[5.7828212,50.0098541],[5.7824108,50.0094352],[5.782679,50.0092887],[5.7828373,50.0092077],[5.7827729,50.0091387],[5.7823116,50.0092232],[5.782223,50.0088715],[5.7819596,50.008239],[5.7819495,50.0082148],[5.7817242,50.0081751],[5.7816759,50.0080269],[5.781536,50.0080187],[5.7815123,50.0083165],[5.7816839,50.0083355],[5.7818368,50.0087612],[5.7819951,50.0087354],[5.7821743,50.0089891],[5.7822499,50.0094904],[5.782612,50.0099058],[5.7824269,50.0099472],[5.7820635,50.0095491],[5.7819656,50.00958]]]}},{"type":"Feature","properties":{"t":"mata"},"geometry":{"type":"Polygon","coordinates":[[[5.785608,50.0120449],[5.785777,50.0120208],[5.7857046,50.0115726],[5.7855302,50.0111227],[5.7854095,50.010759],[5.785339,50.010772],[5.7852781,50.0107832],[5.785305,50.010878],[5.7853854,50.0111607],[5.785608,50.0120449]]]}},{"type":"Feature","properties":{"t":"mata"},"geometry":{"type":"Polygon","coordinates":[[[5.7776244,50.0057281],[5.7772167,50.005904],[5.7772489,50.0060643],[5.7773776,50.0060402],[5.7774715,50.0059626],[5.7776619,50.0058118],[5.7776244,50.0057281]]]}},{"type":"Feature","properties":{"t":"mata"},"geometry":{"type":"Polygon","coordinates":[[[5.768702,50.007015],[5.7685888,50.0071378],[5.7683319,50.0070254],[5.7678732,50.0070236],[5.7677445,50.0071115],[5.7678008,50.0072426],[5.7681468,50.0071874],[5.7683775,50.0071719],[5.7685116,50.0072546],[5.7686779,50.0072408],[5.7688174,50.0071443],[5.768702,50.007015]]]}},{"type":"Feature","properties":{"t":"moita"},"geometry":{"type":"Polygon","coordinates":[[[5.7776552,50.0154111],[5.7778028,50.0157403],[5.7781327,50.0157213],[5.7778966,50.01563],[5.7777759,50.0154094],[5.7776552,50.0154111]]]}},{"type":"Feature","properties":{"t":"mata"},"geometry":{"type":"Polygon","coordinates":[[[5.7791153,50.0144584],[5.778476,50.0138564],[5.7783821,50.0138978],[5.7790421,50.0144792],[5.7791153,50.0144584]]]}},{"type":"Feature","properties":{"t":"mata"},"geometry":{"type":"Polygon","coordinates":[[[5.7752708,50.0084458],[5.7755846,50.0084113],[5.7755899,50.0082855],[5.7754558,50.0081562],[5.7752278,50.0082165],[5.7752708,50.0084458]]]}},{"type":"Feature","properties":{"t":"mata"},"geometry":{"type":"Polygon","coordinates":[[[5.7749945,50.0075132],[5.7750471,50.00796],[5.7751608,50.0080562],[5.7752972,50.008021],[5.7756051,50.0079417],[5.7754344,50.0075391],[5.7749945,50.0075132]]]}},{"type":"Feature","properties":{"t":"mata"},"geometry":{"type":"Polygon","coordinates":[[[5.7818824,50.0096283],[5.7818073,50.0096438],[5.7824081,50.0103212],[5.7824993,50.0102936],[5.7818824,50.0096283]]]}},{"type":"Feature","properties":{"t":"mata"},"geometry":{"type":"Polygon","coordinates":[[[5.7683371,50.0057815],[5.7679671,50.0056411],[5.7678276,50.0054515],[5.767664,50.0053153],[5.7680127,50.0052618],[5.7687396,50.0052291],[5.7688844,50.0052377],[5.7689327,50.0053136],[5.7691205,50.0052636],[5.7692036,50.005186],[5.7694718,50.0051774],[5.7695094,50.0052325],[5.7697588,50.0052455],[5.7699702,50.0051618],[5.7699144,50.0051601],[5.7699194,50.0051237],[5.7693136,50.0050981],[5.7688992,50.005111],[5.7683426,50.0051144],[5.7683268,50.0050848],[5.7682903,50.0050162],[5.7677177,50.0050463],[5.7672241,50.0050825],[5.7669693,50.0048791],[5.7664195,50.0045636],[5.76628,50.0045068],[5.7661271,50.0045499],[5.7659769,50.004655],[5.7660037,50.004705],[5.766162,50.0046361],[5.7664061,50.0047481],[5.7666475,50.0048636],[5.7668728,50.005086],[5.7666743,50.0051308],[5.7659946,50.0052205],[5.7655638,50.0052773],[5.7652956,50.0053092],[5.7638928,50.0054877],[5.7639089,50.0055721],[5.7641128,50.0055497],[5.7641235,50.0055876],[5.764437,50.0055534],[5.7653118,50.005468],[5.765419,50.0054575],[5.7657865,50.0054049],[5.7660601,50.0057238],[5.7661516,50.0056895],[5.7662719,50.0056445],[5.766449,50.005567],[5.7666555,50.0057704],[5.766398,50.0058583],[5.7665777,50.00611],[5.7672758,50.0061569],[5.7673022,50.0061253],[5.7671919,50.0058669],[5.7671437,50.0055911],[5.7672563,50.0054359],[5.7675747,50.0055639],[5.7682139,50.0058893],[5.7683371,50.0057815]]]}},{"type":"Feature","properties":{"t":"mata"},"geometry":{"type":"Polygon","coordinates":[[[5.7716337,50.0058911],[5.7715881,50.0059669],[5.7721701,50.0062169],[5.7723203,50.006191],[5.7724088,50.0059783],[5.7719315,50.0059746],[5.7716337,50.0058911]]]}},{"type":"Feature","properties":{"t":"mata"},"geometry":{"type":"Polygon","coordinates":[[[5.7697584,50.0055622],[5.7697239,50.0056428],[5.7708397,50.0060496],[5.7708662,50.0059713],[5.770016,50.0056312],[5.7697584,50.0055622]]]}},{"type":"Feature","properties":{"t":"mata"},"geometry":{"type":"Polygon","coordinates":[[[5.7767567,50.0059876],[5.7766762,50.00586],[5.7764724,50.0058221],[5.7763732,50.0059048],[5.776518,50.0060617],[5.776754,50.0060169],[5.7767567,50.0059876]]]}},{"type":"Feature","properties":{"t":"moita"},"geometry":{"type":"Polygon","coordinates":[[[5.7621706,50.0049407],[5.7624203,50.0049429],[5.7627207,50.0047809],[5.7628763,50.0047843],[5.763234,50.0047327],[5.7633425,50.0048678],[5.7633604,50.0047653],[5.7632451,50.0046826],[5.7628293,50.0047421],[5.7627207,50.0047145],[5.762486,50.0047697],[5.7624605,50.0048688],[5.7621936,50.0048688],[5.7621706,50.0049407]]]}},{"type":"Feature","properties":{"t":"moita"},"geometry":{"type":"Polygon","coordinates":[[[5.768525,50.0048774],[5.7686082,50.0049619],[5.7682903,50.0050162],[5.7683268,50.0050848],[5.7696201,50.0050596],[5.7693028,50.0049877],[5.7692921,50.0049343],[5.7689595,50.004855],[5.7688791,50.004905],[5.768525,50.0048774]]]}},{"type":"Feature","properties":{"t":"mata"},"geometry":{"type":"Polygon","coordinates":[[[5.7679242,50.0096438],[5.7679698,50.0098937],[5.7683051,50.0098213],[5.7682809,50.0097093],[5.7679242,50.0096438]]]}},{"type":"Feature","properties":{"t":"mata"},"geometry":{"type":"Polygon","coordinates":[[[5.7702845,50.0093611],[5.7694826,50.0088147],[5.7689247,50.0084475],[5.7686216,50.0081889],[5.7685626,50.0082165],[5.7688147,50.0086871],[5.7701987,50.0094232],[5.7702845,50.0093611]]]}},{"type":"Feature","properties":{"t":"moita"},"geometry":{"type":"Polygon","coordinates":[[[5.7711026,50.0100109],[5.7709658,50.0097317],[5.7705769,50.0094852],[5.7702845,50.0093611],[5.7701987,50.0094232],[5.7711026,50.0100109]]]}},{"type":"Feature","properties":{"t":"mata"},"geometry":{"type":"Polygon","coordinates":[[[5.7741684,50.0131756],[5.7742703,50.0131618],[5.7742971,50.0129412],[5.7733262,50.0123793],[5.7731438,50.012631],[5.7741684,50.0131756]]]}},{"type":"Feature","properties":{"t":"mata"},"geometry":{"type":"Polygon","coordinates":[[[5.7718644,50.0149768],[5.7719555,50.015156],[5.772272,50.0151457],[5.7723069,50.0150043],[5.7718644,50.0149768]]]}},{"type":"Feature","properties":{"t":"mata"},"geometry":{"type":"Polygon","coordinates":[[[5.7613035,50.0194536],[5.7613639,50.0194541],[5.761394,50.0193409],[5.7617243,50.0188735],[5.7620352,50.0184195],[5.7620005,50.0184022],[5.7619077,50.0185418],[5.7615886,50.018973],[5.7613201,50.01935],[5.7613035,50.0194536]]]}},{"type":"Feature","properties":{"t":"mata"},"geometry":{"type":"Polygon","coordinates":[[[5.7636675,50.0094766],[5.7645607,50.0095593],[5.7644668,50.0097058],[5.7640055,50.0100454],[5.7637989,50.0102178],[5.7636407,50.0104764],[5.763697,50.0104832],[5.7638365,50.0102678],[5.7640672,50.0100592],[5.7644051,50.0098334],[5.7646143,50.0096283],[5.7648584,50.0091784],[5.764904,50.0089732],[5.7648209,50.00895],[5.7647129,50.0091562],[5.7646388,50.0093207],[5.7645741,50.0094645],[5.7642978,50.0094921],[5.7639411,50.0094387],[5.7637238,50.0093628],[5.7636675,50.0094766]]]}},{"type":"Feature","properties":{"t":"mata"},"geometry":{"type":"Polygon","coordinates":[[[5.7659259,50.0069081],[5.7653144,50.0068013],[5.7647176,50.0066349],[5.7645607,50.0065875],[5.7644963,50.0066875],[5.7647002,50.0069478],[5.7649308,50.0068771],[5.7651347,50.0069426],[5.7652393,50.0068788],[5.7656416,50.0070874],[5.7660225,50.0071857],[5.7662424,50.007396],[5.7659098,50.0075253],[5.7650703,50.0082993],[5.7651427,50.008413],[5.7656577,50.0080855],[5.7660359,50.00812],[5.766052,50.0076718],[5.7663792,50.0074167],[5.7663363,50.0071995],[5.7658803,50.0070029],[5.7658938,50.0069633],[5.7659259,50.0069081]]]}},{"type":"Feature","properties":{"t":"moita"},"geometry":{"type":"Polygon","coordinates":[[[5.7624793,50.0040085],[5.762431,50.0039947],[5.7620314,50.0048653],[5.7617026,50.0048389],[5.7616183,50.0049964],[5.7620341,50.0050843],[5.7624793,50.0040085]]]}},{"type":"Feature","properties":{"t":"mata"},"geometry":{"type":"Polygon","coordinates":[[[5.7621279,50.0028966],[5.7602558,50.0028311],[5.7597193,50.0028328],[5.7597245,50.0028692],[5.7599044,50.0028931],[5.7601297,50.0028776],[5.7621244,50.0029411],[5.7621279,50.0028966]]]}},{"type":"Feature","properties":{"t":"mata"},"geometry":{"type":"Polygon","coordinates":[[[5.7574341,50.007034],[5.757544,50.0069185],[5.7573161,50.0064065],[5.7572383,50.0064082],[5.7574448,50.0069219],[5.7574341,50.007034]]]}},{"type":"Feature","properties":{"t":"mata"},"geometry":{"type":"Polygon","coordinates":[[[5.7598883,50.0064203],[5.7604811,50.0064496],[5.760583,50.0063996],[5.7608485,50.0063444],[5.7609558,50.0063479],[5.7611194,50.0063875],[5.761342,50.0063548],[5.761275,50.0061996],[5.7611516,50.0062255],[5.7611382,50.0062944],[5.7608995,50.0062944],[5.7608297,50.006141],[5.7607681,50.0060014],[5.7601672,50.0060479],[5.7601243,50.0062979],[5.7598883,50.0064203]]]}},{"type":"Feature","properties":{"t":"mata"},"geometry":{"type":"Polygon","coordinates":[[[5.7592472,50.0061014],[5.7579946,50.0062134],[5.7580027,50.0062789],[5.758523,50.0063134],[5.7591868,50.0063803],[5.7593626,50.0062738],[5.7592472,50.0061014]]]}},{"type":"Feature","properties":{"t":"mata"},"geometry":{"type":"Polygon","coordinates":[[[5.7659068,50.0058941],[5.7659541,50.0059953],[5.7657838,50.0059807],[5.765769,50.0060324],[5.7663001,50.0060798],[5.7661378,50.0057661],[5.7660735,50.0057816],[5.7660855,50.0058712],[5.7660549,50.0058738],[5.7660788,50.0059117],[5.7659068,50.0058941]]]}},{"type":"Feature","properties":{"t":"moita"},"geometry":{"type":"Polygon","coordinates":[[[5.765419,50.0054575],[5.7653118,50.005468],[5.7654364,50.0056859],[5.7654726,50.0060031],[5.7655759,50.00601],[5.7655022,50.0056695],[5.765419,50.0054575]]]}},{"type":"Feature","properties":{"t":"moita"},"geometry":{"type":"Polygon","coordinates":[[[5.7554841,50.0059962],[5.7554787,50.0059497],[5.7533759,50.0061289],[5.752008,50.0062376],[5.7512033,50.0062669],[5.750412,50.0063565],[5.7497415,50.0064306],[5.7497361,50.0064634],[5.7523137,50.0062617],[5.7554841,50.0059962]]]}},{"type":"Feature","properties":{"t":"mata"},"geometry":{"type":"Polygon","coordinates":[[[5.7461071,50.0058755],[5.7455948,50.0060272],[5.7456197,50.0063977],[5.7456404,50.0067064],[5.7452166,50.006753],[5.7450315,50.0068426],[5.747019,50.0066892],[5.7469761,50.006634],[5.7464102,50.0066823],[5.746437,50.0064996],[5.7461071,50.0058755]]]}},{"type":"Feature","properties":{"t":"moita"},"geometry":{"type":"Polygon","coordinates":[[[5.7468728,50.0049137],[5.746842,50.0049593],[5.747235,50.0055316],[5.7471961,50.005604],[5.7461071,50.0058755],[5.746437,50.0064996],[5.7472873,50.0063513],[5.7476225,50.0062824],[5.7476762,50.00621],[5.7474831,50.005848],[5.7476628,50.0057824],[5.7477593,50.0056738],[5.7482609,50.005517],[5.7482234,50.0054411],[5.7483548,50.0054032],[5.7487035,50.0054704],[5.748961,50.005367],[5.7489771,50.0052498],[5.7486632,50.0052946],[5.7483575,50.0052601],[5.747754,50.0054635],[5.7473302,50.0055756],[5.7468728,50.0049137]]]}},{"type":"Feature","properties":{"t":"moita"},"geometry":{"type":"Polygon","coordinates":[[[5.7499292,50.0051653],[5.7498837,50.0052524],[5.7498394,50.0053635],[5.7498582,50.0054066],[5.750125,50.0056385],[5.7502484,50.0056575],[5.7503289,50.0055713],[5.7503369,50.0055489],[5.7506655,50.0054291],[5.7503182,50.0051101],[5.7500875,50.0051636],[5.7499292,50.0051653]]]}},{"type":"Feature","properties":{"t":"moita"},"geometry":{"type":"Polygon","coordinates":[[[5.7535958,50.0053997],[5.7532552,50.0054135],[5.7532471,50.0053756],[5.7528019,50.0054118],[5.7525015,50.0054222],[5.7522923,50.0054411],[5.7523003,50.0054894],[5.7525685,50.0054946],[5.7529011,50.0054566],[5.753105,50.0054756],[5.753282,50.0054515],[5.7534751,50.005448],[5.7535556,50.0054377],[5.7535958,50.0053997]]]}},{"type":"Feature","properties":{"t":"mata"},"geometry":{"type":"Polygon","coordinates":[[[5.7600774,50.0056307],[5.7601166,50.0054537],[5.759207,50.0053997],[5.7591654,50.0054649],[5.7591265,50.0055256],[5.7591424,50.005705],[5.7591459,50.005744],[5.7591534,50.005829],[5.7593854,50.0058609],[5.7593935,50.0059627],[5.7593974,50.0060126],[5.7606482,50.0059289],[5.7608297,50.0059066],[5.7606956,50.0057307],[5.7605763,50.0056376],[5.7600774,50.0056307]]]}},{"type":"Feature","properties":{"t":"mata"},"geometry":{"type":"Polygon","coordinates":[[[5.7495055,50.0077787],[5.7494947,50.0076994],[5.7486595,50.0078128],[5.7478237,50.0079476],[5.7474589,50.0080028],[5.7474241,50.0080769],[5.7475394,50.0092146],[5.7482287,50.0093266],[5.7487383,50.0094007],[5.749146,50.0094025],[5.7494196,50.0093611],[5.7496154,50.0092766],[5.7498729,50.0091077],[5.7500204,50.0089629],[5.7503691,50.0084699],[5.7503021,50.0084475],[5.7499158,50.0089577],[5.7498541,50.0089922],[5.7495484,50.0087647],[5.7494706,50.0088578],[5.7494384,50.0092456],[5.7492614,50.0092904],[5.7490441,50.0090301],[5.748961,50.0087923],[5.7490468,50.0086354],[5.7492667,50.0085268],[5.7491809,50.0084871],[5.7489395,50.0086664],[5.7488778,50.0088595],[5.7488885,50.008956],[5.7491165,50.0093232],[5.7488966,50.0093163],[5.7483119,50.0092766],[5.7476467,50.0091525],[5.7475582,50.0080821],[5.748277,50.0079666],[5.7492024,50.007839],[5.7495055,50.0077787]]]}},{"type":"Feature","properties":{"t":"mata"},"geometry":{"type":"Polygon","coordinates":[[[5.7494947,50.0093663],[5.7494062,50.009387],[5.7498676,50.0100558],[5.7500178,50.0105194],[5.7500848,50.0110779],[5.7502323,50.011595],[5.7503048,50.0116105],[5.7503101,50.0115054],[5.7501519,50.0109504],[5.7500258,50.0101954],[5.7497629,50.0097593],[5.7494947,50.0093663]]]}},{"type":"Feature","properties":{"t":"mata"},"geometry":{"type":"Polygon","coordinates":[[[5.7570425,50.0064289],[5.7570156,50.0063599],[5.7564712,50.0064892],[5.7567394,50.0074132],[5.757359,50.0073219],[5.7573885,50.0069185],[5.7573026,50.0069288],[5.7572865,50.0072632],[5.7568064,50.0073219],[5.7566187,50.0065565],[5.7570425,50.0064289]]]}},{"type":"Feature","properties":{"t":"mata"},"geometry":{"type":"Polygon","coordinates":[[[5.7444472,50.006926],[5.7445037,50.006893],[5.7444978,50.0068237],[5.7441893,50.0067616],[5.7438916,50.0068013],[5.7433739,50.0068237],[5.7428777,50.0068857],[5.742175,50.0068926],[5.7419121,50.0068737],[5.7418182,50.006903],[5.7414937,50.0068961],[5.7410887,50.0069443],[5.7406971,50.0069512],[5.7403216,50.0069443],[5.7396886,50.0069133],[5.7395008,50.0068823],[5.7386452,50.0069443],[5.7383314,50.0070029],[5.7379425,50.0070719],[5.7379371,50.0070305],[5.7382616,50.0069616],[5.7382026,50.0068323],[5.7378808,50.006853],[5.7377171,50.0070133],[5.7376796,50.007134],[5.7370734,50.0072236],[5.736596,50.0073736],[5.7369125,50.0071633],[5.7368545,50.0071146],[5.7367891,50.0070598],[5.7363385,50.0073029],[5.7362366,50.0074046],[5.7359415,50.0074098],[5.7359871,50.0073184],[5.7354265,50.0072322],[5.735102,50.0075442],[5.7347587,50.0077614],[5.7348204,50.0079597],[5.7334927,50.0083648],[5.7328811,50.0084751],[5.7329026,50.0085096],[5.7334819,50.0084079],[5.7344127,50.0081407],[5.7353595,50.0078459],[5.7358932,50.0076666],[5.7359603,50.0077494],[5.7367972,50.0075046],[5.7370761,50.007396],[5.7375482,50.0072943],[5.7379398,50.0072201],[5.7382965,50.0071839],[5.738723,50.0071426],[5.7392085,50.0072029],[5.7395598,50.0072546],[5.7397771,50.0071495],[5.740445,50.0071012],[5.7406542,50.0071391],[5.7410431,50.0071667],[5.7424244,50.0071288],[5.7420194,50.0073029],[5.7417968,50.0073253],[5.741711,50.007396],[5.7415178,50.0074167],[5.7413623,50.0074546],[5.7413435,50.0074873],[5.7417539,50.0074373],[5.7429475,50.0071219],[5.7431218,50.0070702],[5.7435456,50.0070322],[5.7441115,50.0070702],[5.7444919,50.0071234],[5.7444472,50.006926]]]}},{"type":"Feature","properties":{"t":"mata"},"geometry":{"type":"Polygon","coordinates":[[[5.7411638,50.0060238],[5.7410458,50.0057859],[5.7408982,50.0057135],[5.7407749,50.0057325],[5.7407461,50.0058719],[5.7407293,50.0059255],[5.7409626,50.00601],[5.7410753,50.0060341],[5.7411638,50.0060238]]]}},{"type":"Feature","properties":{"t":"mata"},"geometry":{"type":"Polygon","coordinates":[[[5.7299952,50.0053633],[5.7298045,50.0061223],[5.7303679,50.0063944],[5.7309607,50.0064565],[5.7308695,50.0063565],[5.730502,50.0063013],[5.7303196,50.0062134],[5.7303062,50.0061048],[5.7301855,50.0058686],[5.730384,50.0055963],[5.7305101,50.0055704],[5.7315829,50.005617],[5.7318994,50.0051222],[5.7335463,50.0051084],[5.733887,50.0053256],[5.7340264,50.0057152],[5.7340383,50.0059874],[5.7351208,50.0061031],[5.7354641,50.0060531],[5.7357994,50.0061858],[5.735912,50.006341],[5.735456,50.007015],[5.7354265,50.0072322],[5.7359871,50.0073184],[5.7361159,50.0070857],[5.736317,50.0069788],[5.7364887,50.0069271],[5.7369286,50.0068013],[5.736663,50.0065496],[5.7367395,50.0065142],[5.7367086,50.0064246],[5.7368293,50.006372],[5.7373255,50.0062307],[5.7371646,50.0059755],[5.7374424,50.0058903],[5.7375804,50.005848],[5.7378083,50.0056687],[5.737988,50.0056345],[5.7380712,50.0056187],[5.7384494,50.0055652],[5.7386318,50.0054963],[5.738959,50.0054549],[5.7394123,50.0053256],[5.7396322,50.0053308],[5.7398388,50.005286],[5.7400292,50.0052929],[5.740107,50.0054342],[5.740445,50.0055463],[5.7406086,50.0056066],[5.7409438,50.0055428],[5.7410753,50.0054687],[5.7408178,50.005298],[5.7405093,50.0052429],[5.7403591,50.0051412],[5.7402277,50.0051119],[5.7400909,50.0049757],[5.7401043,50.0047585],[5.7401714,50.0046205],[5.7400078,50.004574],[5.7399702,50.0044412],[5.740048,50.0044119],[5.7403618,50.0044119],[5.74063,50.0044447],[5.7411665,50.0043826],[5.7412764,50.0043171],[5.7407373,50.0043757],[5.7399031,50.0043413],[5.7397529,50.0042878],[5.7399541,50.0046154],[5.7399219,50.0047585],[5.740048,50.0048946],[5.7400426,50.0050636],[5.7394391,50.0050705],[5.7392594,50.0051636],[5.7389805,50.0051429],[5.7387793,50.0048636],[5.7387457,50.004874],[5.7375348,50.005248],[5.7372048,50.0052963],[5.7370359,50.0055015],[5.7363734,50.0056325],[5.7354292,50.005879],[5.7351342,50.0059462],[5.7350376,50.0059117],[5.7350698,50.0051222],[5.7352093,50.0051136],[5.7352951,50.0050877],[5.7348901,50.0049205],[5.7346836,50.004874],[5.7345736,50.0046809],[5.7344985,50.0048774],[5.7316822,50.0049067],[5.7316956,50.0050929],[5.7317144,50.0053153],[5.7314864,50.0055152],[5.7299952,50.0053633]]]}},{"type":"Feature","properties":{"t":"moita"},"geometry":{"type":"Polygon","coordinates":[[[5.7577101,50.006028],[5.7581878,50.0060376],[5.7587135,50.0060376],[5.7587054,50.0060634],[5.7593974,50.0060126],[5.7593935,50.0059627],[5.7585311,50.0059876],[5.7577747,50.0059738],[5.7576967,50.0059605],[5.7577101,50.006028]]]}},{"type":"Feature","properties":{"t":"mata"},"geometry":{"type":"Polygon","coordinates":[[[5.7559884,50.0062858],[5.7559857,50.0063289],[5.7570076,50.0062289],[5.7569352,50.0059738],[5.7568631,50.0058892],[5.7567313,50.0059066],[5.756034,50.0059566],[5.755865,50.0060462],[5.7561037,50.0060807],[5.7564551,50.0060255],[5.7567421,50.0060428],[5.7567662,50.00616],[5.7562271,50.0062272],[5.7562137,50.0062651],[5.7559884,50.0062858]]]}},{"type":"Feature","properties":{"t":"mata"},"geometry":{"type":"Polygon","coordinates":[[[5.7438836,50.0091284],[5.7426551,50.009468],[5.7419309,50.0097231],[5.7412523,50.0098972],[5.7400453,50.0099765],[5.7399534,50.0100249],[5.7399629,50.0101273],[5.7406188,50.0100647],[5.7408687,50.0100506],[5.7414247,50.0100024],[5.7423037,50.0097731],[5.743538,50.0094186],[5.7436265,50.0093932],[5.7439962,50.009287],[5.7439897,50.0092672],[5.743976,50.0092256],[5.7439479,50.0091405],[5.7438836,50.0091284]]]}},{"type":"Feature","properties":{"t":"moita"},"geometry":{"type":"Polygon","coordinates":[[[5.7441518,50.0083923],[5.7441303,50.0084337],[5.7440498,50.0084923],[5.7438836,50.0091284],[5.7439479,50.0091405],[5.7441518,50.0084613],[5.7442108,50.0084234],[5.7442456,50.0079855],[5.7441705,50.0078597],[5.7437736,50.0076649],[5.7432908,50.0071202],[5.743221,50.0071271],[5.7436904,50.0077028],[5.7441223,50.0079183],[5.7441571,50.0080131],[5.7441518,50.0083923]]]}},{"type":"Feature","properties":{"t":"mata"},"geometry":{"type":"Polygon","coordinates":[[[5.738558,50.0047386],[5.7385983,50.0047783],[5.7386826,50.0047572],[5.7387122,50.0047498],[5.7386143,50.004543],[5.7385617,50.004562],[5.7384829,50.0045904],[5.738558,50.0047386]]]}},{"type":"Feature","properties":{"t":"mata"},"geometry":{"type":"Polygon","coordinates":[[[5.7377762,50.0043723],[5.7374623,50.0043826],[5.7375053,50.0045274],[5.7373738,50.0048239],[5.7378486,50.0048309],[5.7378593,50.0049343],[5.738259,50.0048153],[5.7381543,50.0044257],[5.738495,50.0043895],[5.7384601,50.0043068],[5.7381463,50.0043275],[5.738039,50.0040103],[5.7376689,50.0040206],[5.7377762,50.0043723]]]}},{"type":"Feature","properties":{"t":"mata"},"geometry":{"type":"Polygon","coordinates":[[[5.7413167,49.9856588],[5.7413354,49.9856105],[5.7410699,49.9855036],[5.7412201,49.9853518],[5.7411811,49.9853376],[5.7411396,49.9853225],[5.7410404,49.9854363],[5.7409358,49.9854208],[5.7409438,49.9853501],[5.7406864,49.9852984],[5.7406488,49.9853777],[5.7408258,49.9854691],[5.7408419,49.9855415],[5.7408985,49.9855555],[5.7413167,49.9856588]]]}},{"type":"Feature","properties":{"t":"moita"},"geometry":{"type":"Polygon","coordinates":[[[5.7365397,49.9923446],[5.7360193,49.9928619],[5.7367703,49.9927567],[5.7365397,49.9923446]]]}},{"type":"Feature","properties":{"t":"mata"},"geometry":{"type":"Polygon","coordinates":[[[5.7549638,50.0209347],[5.754904,50.0208557],[5.7548699,50.0208106],[5.7543254,50.0209227],[5.7543407,50.0209664],[5.7543737,50.0210605],[5.7549638,50.0209347]]]}},{"type":"Feature","properties":{"t":"mata"},"geometry":{"type":"Polygon","coordinates":[[[5.7596469,50.0182273],[5.7595691,50.0183083],[5.7598588,50.0184065],[5.7601243,50.0186306],[5.75995,50.0187805],[5.7599339,50.018858],[5.7586974,50.0190321],[5.7587054,50.0191683],[5.7601029,50.0190459],[5.7601646,50.0189201],[5.7603711,50.0188753],[5.7602826,50.018615],[5.7599393,50.0183876],[5.7596469,50.0182273]]]}},{"type":"Feature","properties":{"t":"mata"},"geometry":{"type":"Polygon","coordinates":[[[5.7603309,50.0210174],[5.7606608,50.0205866],[5.760581,50.0205549],[5.7604918,50.0205194],[5.7601646,50.0208865],[5.7597783,50.02069],[5.7595959,50.0206469],[5.7594698,50.0207048],[5.7594457,50.0207159],[5.7594779,50.0207882],[5.7599607,50.020933],[5.7601485,50.0209416],[5.7603309,50.0210174]]]}},{"type":"Feature","properties":{"t":"mata"},"geometry":{"type":"Polygon","coordinates":[[[5.7620904,50.0228286],[5.7616183,50.0227183],[5.7615674,50.0227804],[5.7620287,50.0228976],[5.7620904,50.0228286]]]}},{"type":"Feature","properties":{"t":"mata"},"geometry":{"type":"Polygon","coordinates":[[[5.7612294,50.0226856],[5.7616559,50.0221566],[5.7615378,50.0221169],[5.7610148,50.0226339],[5.7612294,50.0226856]]]}},{"type":"Feature","properties":{"t":"moita"},"geometry":{"type":"Polygon","coordinates":[[[5.7630077,50.0225951],[5.7631767,50.0223401],[5.7632022,50.0221255],[5.7632022,50.0218653],[5.7631485,50.0214543],[5.7630428,50.0212461],[5.7630251,50.0212113],[5.7628857,50.021076],[5.7627073,50.0209399],[5.7626952,50.0210778],[5.7628052,50.0216775],[5.7627837,50.0218843],[5.7627194,50.0220463],[5.762596,50.0222444],[5.7627153,50.0228855],[5.7627663,50.0228933],[5.7630077,50.0225951]]]}},{"type":"Feature","properties":{"t":"mata"},"geometry":{"type":"Polygon","coordinates":[[[5.7559276,50.0284446],[5.7550389,50.0280826],[5.7523942,50.0274003],[5.7511255,50.0270022],[5.7500124,50.0265525],[5.7489824,50.0260321],[5.748049,50.0253945],[5.7468152,50.0244519],[5.7462385,50.0238815],[5.7456914,50.0232801],[5.7456243,50.0231543],[5.7462197,50.023175],[5.746142,50.0228441],[5.7451737,50.0227114],[5.7448093,50.0227203],[5.7446758,50.0227235],[5.7447391,50.0230804],[5.7452461,50.0231388],[5.7460064,50.024068],[5.747646,50.0254923],[5.7486016,50.0261251],[5.750801,50.0271556],[5.7509726,50.027159],[5.752598,50.0277552],[5.75454,50.0282687],[5.7546902,50.0283721],[5.7562298,50.0287184],[5.7564872,50.0288218],[5.7566563,50.0286472],[5.7559276,50.0284446]]]}},{"type":"Feature","properties":{"t":"mata"},"geometry":{"type":"Polygon","coordinates":[[[5.7261756,49.9804813],[5.7259396,49.980771],[5.7274765,49.9810746],[5.7271492,49.9806675],[5.7261756,49.9804813]]]}},{"type":"Feature","properties":{"t":"mata"},"geometry":{"type":"Polygon","coordinates":[[[5.7351476,49.9848913],[5.7352763,49.9847792],[5.7352924,49.9846706],[5.735558,49.9844964],[5.7357725,49.9843895],[5.7360971,49.9842308],[5.7363814,49.984167],[5.7367381,49.9840083],[5.7368347,49.9839514],[5.7356277,49.9838583],[5.7355553,49.9838083],[5.7356304,49.9836082],[5.7348821,49.9834202],[5.7344314,49.9833029],[5.7343322,49.9833823],[5.734182,49.9833926],[5.7341605,49.9834461],[5.7342088,49.9835323],[5.734068,49.9837207],[5.7339084,49.9839342],[5.7333425,49.9840049],[5.7334578,49.9845395],[5.7333827,49.9846447],[5.7333264,49.9851017],[5.73338,49.9850964],[5.733431,49.9850914],[5.7335705,49.9847585],[5.7335141,49.9846016],[5.7335597,49.9845688],[5.733836,49.9846499],[5.7343295,49.9847672],[5.7347238,49.9848224],[5.7350242,49.9849552],[5.7350779,49.9849086],[5.734756,49.9847103],[5.7346863,49.9846947],[5.7347225,49.98466],[5.7348391,49.9845481],[5.7347265,49.9844015],[5.7347453,49.9842981],[5.7345173,49.9842429],[5.7344449,49.9843705],[5.734233,49.9843826],[5.734131,49.9845619],[5.7339674,49.9845067],[5.7341605,49.9843205],[5.7342651,49.9842049],[5.7343617,49.9842446],[5.734697,49.9840842],[5.7347479,49.9839687],[5.7350832,49.9839962],[5.7355848,49.9839807],[5.7357162,49.984029],[5.7357269,49.9841101],[5.7356974,49.9841791],[5.7357565,49.9842791],[5.7354239,49.9844033],[5.7352683,49.984505],[5.7350135,49.9848086],[5.7351476,49.9848913]]]}},{"type":"Feature","properties":{"t":"moita"},"geometry":{"type":"Polygon","coordinates":[[[5.7262158,49.9867298],[5.7261354,49.9866987],[5.7258296,49.9869419],[5.7258403,49.9870195],[5.7259235,49.9870988],[5.7261005,49.9871057],[5.7262212,49.9868367],[5.7261837,49.9867918],[5.7262158,49.9867298]]]}},{"type":"Feature","properties":{"t":"moita"},"geometry":{"type":"Polygon","coordinates":[[[5.7284018,49.9907513],[5.7279003,49.9904305],[5.7278471,49.9904167],[5.7277608,49.9903943],[5.7277662,49.9904581],[5.7278976,49.9905064],[5.728365,49.990779],[5.7284018,49.9907513]]]}},{"type":"Feature","properties":{"t":"mata"},"geometry":{"type":"Polygon","coordinates":[[[5.7181234,49.9902026],[5.7178795,49.9901857],[5.717884,49.9902529],[5.7179171,49.9907496],[5.7181451,49.9909824],[5.718931,49.9913652],[5.7194191,49.9915842],[5.7198408,49.9916471],[5.7199011,49.991655],[5.7199261,49.9916583],[5.7200602,49.9915497],[5.7194754,49.9914497],[5.7187057,49.9910789],[5.7183033,49.9908789],[5.7181022,49.990553],[5.7181234,49.9902026]]]}},{"type":"Feature","properties":{"t":"moita"},"geometry":{"type":"Polygon","coordinates":[[[5.717716,49.988566],[5.7177104,49.9886005],[5.7180887,49.9886923],[5.7184213,49.9887613],[5.7184213,49.9887009],[5.717716,49.988566]]]}},{"type":"Feature","properties":{"t":"moita"},"geometry":{"type":"Polygon","coordinates":[[[5.720095,49.9829649],[5.7200396,49.9829103],[5.7196981,49.9829365],[5.7196498,49.982935],[5.7195554,49.9829879],[5.7193695,49.983512],[5.7193018,49.9837027],[5.7192,49.9839898],[5.7191353,49.9841725],[5.718752,49.9849196],[5.7186037,49.9852087],[5.7182041,49.9858744],[5.7177346,49.9864688],[5.7172572,49.9870512],[5.7167179,49.9876086],[5.7168288,49.9876559],[5.7168584,49.9876692],[5.7168909,49.9876771],[5.7169163,49.9876751],[5.7169407,49.9876575],[5.7169559,49.9876313],[5.7170322,49.987434],[5.7171023,49.987368],[5.7173455,49.9871359],[5.7176179,49.9868472],[5.7179251,49.9864659],[5.7183543,49.9858847],[5.7189041,49.984881],[5.7191804,49.9842256],[5.7193869,49.9837134],[5.7195988,49.9830563],[5.720095,49.9829649]]]}},{"type":"Feature","properties":{"t":"mata"},"geometry":{"type":"Polygon","coordinates":[[[5.7059786,49.9817455],[5.7059377,49.9817344],[5.7058766,49.9817179],[5.705485,49.9823819],[5.705547,49.9823939],[5.7056272,49.9824095],[5.7059786,49.9817455]]]}},{"type":"Feature","properties":{"t":"charneca"},"geometry":{"type":"Polygon","coordinates":[[[5.7046106,49.9803847],[5.7044417,49.9805589],[5.7063514,49.9810039],[5.7060778,49.9815178],[5.7051694,49.9812236],[5.7049969,49.9811677],[5.7047126,49.9810677],[5.7044256,49.9810625],[5.7041359,49.9809711],[5.7040018,49.9809728],[5.7028109,49.9806313],[5.7021752,49.980514],[5.7007807,49.9804246],[5.7015663,49.9803221],[5.7017578,49.9800885],[5.7017129,49.9800759],[5.7016181,49.9800787],[5.7013986,49.9801789],[5.7009074,49.9802294],[5.6999457,49.9802329],[5.6988104,49.9802404],[5.6984475,49.9802597],[5.6981448,49.9802797],[5.6979341,49.980275],[5.6976968,49.9803068],[5.6974584,49.9803107],[5.6970396,49.9802472],[5.6969396,49.980121],[5.6969924,49.979994],[5.6971766,49.979717],[5.6976523,49.9796486],[5.6984542,49.9796419],[5.6985134,49.9793039],[5.6988628,49.9790693],[5.6989676,49.9791231],[5.6990501,49.9791471],[5.6991856,49.9791344],[5.6993685,49.9791698],[5.6996596,49.9790097],[5.7000041,49.9788589],[5.7004472,49.9789705],[5.7010625,49.9790568],[5.7011415,49.9793046],[5.7011809,49.9793405],[5.701263,49.9793499],[5.701444,49.9792755],[5.7015769,49.9792922],[5.7016278,49.9793919],[5.7018931,49.9795193],[5.7019897,49.9796263],[5.701863,49.979955],[5.7021842,49.9800433],[5.7022175,49.9800308],[5.7022979,49.9800422],[5.7024206,49.9798739],[5.7024533,49.9798212],[5.7026022,49.97969],[5.7026303,49.979501],[5.7023626,49.9791418],[5.7024939,49.9789955],[5.7025937,49.9788455],[5.7026035,49.9788307],[5.7026749,49.9787588],[5.7027906,49.9786421],[5.7028203,49.9785007],[5.702808,49.9782797],[5.7029881,49.977985],[5.7044631,49.9798879],[5.7042566,49.9801104],[5.7046106,49.9803847]]]}},{"type":"Feature","properties":{"t":"mata"},"geometry":{"type":"Polygon","coordinates":[[[5.7147467,49.983227],[5.7147708,49.9832155],[5.7148392,49.9831828],[5.7148728,49.9831667],[5.7145375,49.9828769],[5.7144959,49.9828934],[5.7144311,49.9829192],[5.71439,49.9829356],[5.7147467,49.983227]]]}},{"type":"Feature","properties":{"t":"moita"},"geometry":{"type":"Polygon","coordinates":[[[5.7190731,49.9788582],[5.7190131,49.9788646],[5.7190892,49.9794757],[5.7192072,49.9802501],[5.7192045,49.9804399],[5.7187566,49.9811367],[5.718652,49.9813988],[5.7187486,49.9818076],[5.7189953,49.9821043],[5.7193,49.982271],[5.7193145,49.9821112],[5.7191348,49.9819801],[5.718931,49.9817145],[5.7188264,49.9813971],[5.7189444,49.9810867],[5.7191777,49.98069],[5.7192853,49.9804623],[5.7193531,49.9803068],[5.7193215,49.9799734],[5.7192599,49.9796653],[5.7191952,49.9793493],[5.7191228,49.9790372],[5.7190731,49.9788582]]]}},{"type":"Feature","properties":{"t":"mata"},"geometry":{"type":"Polygon","coordinates":[[[5.7211357,49.9997105],[5.7209292,49.9985002],[5.7208434,49.9985071],[5.7210419,49.9997054],[5.7211357,49.9997105]]]}},{"type":"Feature","properties":{"t":"mata"},"geometry":{"type":"Polygon","coordinates":[[[5.7242337,49.996795],[5.7241291,49.9967933],[5.7239923,49.9971967],[5.7239547,49.9976295],[5.7240701,49.997645],[5.7241774,49.9970536],[5.7242337,49.996795]]]}},{"type":"Feature","properties":{"t":"mata"},"geometry":{"type":"Polygon","coordinates":[[[5.7307675,49.9939172],[5.7305852,49.9939586],[5.7315803,49.9942776],[5.731937,49.9943276],[5.7319584,49.9942914],[5.7307675,49.9939172]]]}},{"type":"Feature","properties":{"t":"mata"},"geometry":{"type":"Polygon","coordinates":[[[5.7337448,49.9934672],[5.733718,49.9933982],[5.7333264,49.9934723],[5.7333398,49.9935275],[5.7337448,49.9934672]]]}},{"type":"Feature","properties":{"t":"mata"},"geometry":{"type":"Polygon","coordinates":[[[5.7338977,49.9933689],[5.7339299,49.9934292],[5.7343402,49.9933672],[5.734292,49.9932999],[5.7338977,49.9933689]]]}},{"type":"Feature","properties":{"t":"mata"},"geometry":{"type":"Polygon","coordinates":[[[5.7346138,49.9932378],[5.7346299,49.993293],[5.7353085,49.9932034],[5.7353595,49.9932689],[5.7347694,49.99405],[5.7347453,49.9941414],[5.7346004,49.9942948],[5.7346728,49.9943224],[5.7356733,49.9931844],[5.7355285,49.9930792],[5.7346138,49.9932378]]]}},{"type":"Feature","properties":{"t":"mata"},"geometry":{"type":"Polygon","coordinates":[[[5.7219833,49.9948621],[5.7219516,49.9948766],[5.7216212,49.9950277],[5.7213262,49.9952673],[5.7219726,49.9956674],[5.7224527,49.9954863],[5.7219833,49.9948621]]]}},{"type":"Feature","properties":{"t":"moita"},"geometry":{"type":"Polygon","coordinates":[[[5.7170189,49.9943918],[5.71693,49.9944311],[5.7170454,49.9946966],[5.7168952,49.9952622],[5.7169515,49.9953639],[5.7169005,49.995657],[5.7169646,49.9956521],[5.7171044,49.9946897],[5.7170189,49.9943918]]]}},{"type":"Feature","properties":{"t":"mata"},"geometry":{"type":"Polygon","coordinates":[[[5.7191187,49.9920998],[5.7191992,49.9919963],[5.7181719,49.9914704],[5.7177857,49.9910962],[5.7175711,49.9905271],[5.7175443,49.990265],[5.717884,49.9902529],[5.7178795,49.9901857],[5.7173458,49.9902167],[5.7173485,49.9905892],[5.7176033,49.9911927],[5.7177991,49.9914462],[5.718129,49.9915669],[5.7182497,49.9915462],[5.7183596,49.9917204],[5.7191187,49.9920998]]]}},{"type":"Feature","properties":{"t":"mata"},"geometry":{"type":"Polygon","coordinates":[[[5.7120423,49.9908121],[5.7119816,49.9907464],[5.7107177,49.9913735],[5.710844,49.9914699],[5.7109233,49.991479],[5.7109904,49.9914692],[5.7111083,49.9914085],[5.7111864,49.9913585],[5.7120423,49.9908121]]]}},{"type":"Feature","properties":{"t":"moita"},"geometry":{"type":"Polygon","coordinates":[[[5.7145268,49.9942104],[5.7124074,49.9937804],[5.7126975,49.9952742],[5.7130033,49.9954277],[5.71439,49.9955001],[5.7142746,49.9959139],[5.714044,49.9961708],[5.7140493,49.9963381],[5.7142049,49.9963812],[5.7144228,49.9964463],[5.7145835,49.9963928],[5.714854,49.9960898],[5.7150713,49.9956449],[5.715192,49.9951759],[5.7139555,49.9950604],[5.7141647,49.9947794],[5.7145268,49.9942104]]]}},{"type":"Feature","properties":{"t":"moita"},"geometry":{"type":"Polygon","coordinates":[[[5.7161991,49.9935991],[5.7160073,49.9936982],[5.7161441,49.9938224],[5.7165733,49.9936258],[5.7162876,49.9935357],[5.7161991,49.9935991]]]}},{"type":"Feature","properties":{"t":"mata"},"geometry":{"type":"Polygon","coordinates":[[[5.7162876,49.9935357],[5.7160959,49.9934335],[5.7158089,49.9930464],[5.7157338,49.9930947],[5.7160315,49.9935155],[5.7161991,49.9935991],[5.7162876,49.9935357]]]}},{"type":"Feature","properties":{"t":"mata"},"geometry":{"type":"Polygon","coordinates":[[[5.7130462,49.9923429],[5.7131781,49.9921395],[5.7133615,49.9918565],[5.7134778,49.9916772],[5.7135907,49.9915031],[5.7135884,49.9914859],[5.7135719,49.9913617],[5.713411,49.9913772],[5.7128128,49.992317],[5.7129711,49.992367],[5.7130462,49.9923429]]]}},{"type":"Feature","properties":{"t":"mata"},"geometry":{"type":"Polygon","coordinates":[[[5.7168522,49.9878421],[5.7166373,49.9876852],[5.7155541,49.9886371],[5.7151383,49.988951],[5.7141325,49.9896338],[5.7138455,49.9898011],[5.7130243,49.9902957],[5.712955,49.9903374],[5.7128099,49.9904513],[5.7111845,49.9914906],[5.7110867,49.9915846],[5.7112696,49.991936],[5.7113988,49.9922918],[5.7115522,49.9932568],[5.7116675,49.9931792],[5.711638,49.9925584],[5.7116353,49.9923429],[5.7122442,49.992555],[5.7122496,49.9926757],[5.7121718,49.9927878],[5.7122442,49.9928188],[5.7125714,49.9925929],[5.7125405,49.9925416],[5.7124561,49.9924015],[5.7115978,49.9921722],[5.7113993,49.9915704],[5.711697,49.9913169],[5.7122442,49.9909341],[5.7127994,49.9905375],[5.7135934,49.9900546],[5.7142237,49.9896528],[5.7142705,49.9896868],[5.7143068,49.9897132],[5.7144164,49.989637],[5.7147358,49.9894151],[5.715369,49.9889751],[5.7160578,49.9884837],[5.7162246,49.9883646],[5.7168147,49.9879335],[5.7168522,49.9878421]]]}},{"type":"Feature","properties":{"t":"mata"},"geometry":{"type":"Polygon","coordinates":[[[5.6967835,49.9872966],[5.6962717,49.9870816],[5.6954375,49.9868781],[5.6952846,49.9869936],[5.6953382,49.9870902],[5.6957781,49.9871855],[5.6958237,49.9871954],[5.6960437,49.987292],[5.6962851,49.9875162],[5.6961402,49.9877731],[5.6959203,49.9878386],[5.6954911,49.9878524],[5.6950648,49.9881097],[5.6954631,49.9883711],[5.6955573,49.9883108],[5.6960373,49.9879348],[5.6961494,49.9879095],[5.6967835,49.9872966]]]}},{"type":"Feature","properties":{"t":"mata"},"geometry":{"type":"Polygon","coordinates":[[[5.7004291,49.9828735],[5.7004613,49.9828528],[5.7004452,49.982325],[5.7003674,49.9821732],[5.6998683,49.9824352],[5.7004291,49.9828735]]]}},{"type":"Feature","properties":{"t":"mata"},"geometry":{"type":"Polygon","coordinates":[[[5.7102165,49.9822991],[5.7101762,49.9822957],[5.7098773,49.9828214],[5.7090684,49.9842439],[5.7091328,49.9842446],[5.7091917,49.9842453],[5.7102755,49.9823319],[5.7102165,49.9822991]]]}},{"type":"Feature","properties":{"t":"mata"},"geometry":{"type":"Polygon","coordinates":[[[5.7059008,49.9842377],[5.7059327,49.98417],[5.7059544,49.9841239],[5.7055736,49.984048],[5.7055691,49.984065],[5.7055414,49.9841722],[5.7059008,49.9842377]]]}},{"type":"Feature","properties":{"t":"mata"},"geometry":{"type":"Polygon","coordinates":[[[5.7088232,49.9853667],[5.7090497,49.9854467],[5.7094252,49.9854622],[5.7104042,49.9856709],[5.7111901,49.9858882],[5.7113054,49.986021],[5.7114905,49.986378],[5.7113215,49.9868056],[5.7110828,49.9867625],[5.7110694,49.9868281],[5.7113913,49.9868729],[5.7114851,49.9867246],[5.7116675,49.9863986],[5.7120886,49.986528],[5.712027,49.9866418],[5.7118928,49.9867591],[5.7119114,49.9868328],[5.7130292,49.986902],[5.71302,49.9868534],[5.7129604,49.9865383],[5.7127073,49.9862528],[5.7121181,49.986202],[5.711541,49.9862486],[5.7112587,49.9858161],[5.7112335,49.9857775],[5.7104694,49.9855868],[5.7089187,49.9851997],[5.7088232,49.9853667]]]}},{"type":"Feature","properties":{"t":"mata"},"geometry":{"type":"Polygon","coordinates":[[[5.711744,49.9882282],[5.7116649,49.9882456],[5.7115281,49.9888113],[5.7113618,49.9891131],[5.7110265,49.9893303],[5.7107797,49.9894993],[5.7103854,49.9895942],[5.7099563,49.9896252],[5.7102701,49.9897339],[5.7115012,49.9893441],[5.7115038,49.9891993],[5.7116353,49.9889803],[5.711756,49.9886906],[5.7117044,49.9883881],[5.711744,49.9882282]]]}},{"type":"Feature","properties":{"t":"moita"},"geometry":{"type":"Polygon","coordinates":[[[5.7143737,49.989008],[5.7143041,49.988982],[5.7144401,49.9885368],[5.7143699,49.9885431],[5.71417,49.9890268],[5.7137865,49.9893252],[5.7139206,49.9894114],[5.7144839,49.9890492],[5.7163528,49.9875605],[5.7162388,49.9875106],[5.7162174,49.9875054],[5.7162028,49.987507],[5.7161917,49.9875133],[5.7161174,49.9875776],[5.7155165,49.9881422],[5.714618,49.9889044],[5.7144946,49.9889923],[5.7143737,49.989008]]]}},{"type":"Feature","properties":{"t":"mata"},"geometry":{"type":"Polygon","coordinates":[[[5.7128538,49.9899299],[5.7130301,49.9898649],[5.7131052,49.9896994],[5.7129604,49.9896752],[5.7128262,49.9899063],[5.7128538,49.9899299]]]}},{"type":"Feature","properties":{"t":"mata"},"geometry":{"type":"Polygon","coordinates":[[[5.7119492,49.9896252],[5.7123193,49.9895718],[5.7124078,49.9895666],[5.7125929,49.9896528],[5.7128262,49.989558],[5.7127538,49.9894579],[5.7128718,49.9894321],[5.7129577,49.9894959],[5.7132071,49.9894597],[5.7132339,49.9895442],[5.713183,49.9896097],[5.7133144,49.989658],[5.7135048,49.9895856],[5.7135183,49.9894079],[5.7132044,49.9893372],[5.7124012,49.9892792],[5.7118687,49.9892407],[5.7117641,49.9893597],[5.7117265,49.9894424],[5.7118794,49.9896149],[5.7119492,49.9896252]]]}},{"type":"Feature","properties":{"t":"mata"},"geometry":{"type":"Polygon","coordinates":[[[5.7101253,49.9919584],[5.7101199,49.9919877],[5.7101226,49.9920429],[5.7102236,49.9920718],[5.7104582,49.9921389],[5.7106349,49.9921894],[5.7102942,49.992586],[5.7099627,49.9930415],[5.7099402,49.9930723],[5.7100062,49.993126],[5.7104552,49.9928136],[5.71071,49.9923326],[5.7109384,49.9923856],[5.7107905,49.9921558],[5.7101253,49.9919584]]]}},{"type":"Feature","properties":{"t":"mata"},"geometry":{"type":"Polygon","coordinates":[[[5.7087225,49.992455],[5.7079271,49.9927801],[5.7070523,49.9932166],[5.7080006,49.9928372],[5.7087323,49.9925508],[5.7088217,49.9925309],[5.7100287,49.9920342],[5.7101253,49.9919584],[5.7087225,49.992455]]]}},{"type":"Feature","properties":{"t":"mata"},"geometry":{"type":"Polygon","coordinates":[[[5.7092107,49.9921212],[5.7092526,49.9921515],[5.7106001,49.9916696],[5.7106712,49.9915955],[5.7106729,49.991549],[5.710562,49.9914508],[5.7092107,49.9921212]]]}},{"type":"Feature","properties":{"t":"mata"},"geometry":{"type":"Polygon","coordinates":[[[5.7092267,49.991648],[5.7091865,49.9916221],[5.708819,49.9917877],[5.7086125,49.9919428],[5.7084891,49.9920567],[5.7085615,49.992086],[5.7092267,49.991648]]]}},{"type":"Feature","properties":{"t":"mata"},"geometry":{"type":"Polygon","coordinates":[[[5.7088324,49.9915152],[5.7087133,49.9914339],[5.7082826,49.9917342],[5.7077676,49.9921032],[5.7075128,49.9922429],[5.7072285,49.9922912],[5.7067457,49.992317],[5.7065982,49.9923153],[5.706802,49.9925653],[5.7067054,49.9926343],[5.7070488,49.992893],[5.7080895,49.9923808],[5.7082584,49.9922653],[5.7083604,49.9920704],[5.7083175,49.9920239],[5.7084087,49.9919084],[5.7085025,49.9917376],[5.708752,49.9916256],[5.7088324,49.9915152]]]}},{"type":"Feature","properties":{"t":"mata"},"geometry":{"type":"Polygon","coordinates":[[[5.7092643,49.9915359],[5.7099563,49.9911151],[5.7095486,49.9909203],[5.7088566,49.991341],[5.7092643,49.9915359]]]}},{"type":"Feature","properties":{"t":"mata"},"geometry":{"type":"Polygon","coordinates":[[[5.6890967,49.9802915],[5.6888634,49.9804019],[5.6887239,49.9805847],[5.6885362,49.9809435],[5.6887427,49.9810867],[5.6893945,49.9813643],[5.6896922,49.9814144],[5.6898504,49.981504],[5.6900704,49.9816541],[5.6901938,49.9816558],[5.6904539,49.9812419],[5.6899014,49.9809487],[5.6893811,49.9807037],[5.6892148,49.9805744],[5.6891879,49.9804261],[5.6891638,49.9803622],[5.6890967,49.9802915]]]}},{"type":"Feature","properties":{"t":"mata"},"geometry":{"type":"Polygon","coordinates":[[[5.6900194,49.9831149],[5.6902622,49.9831589],[5.6905586,49.9832115],[5.6910065,49.9834081],[5.6914839,49.9834909],[5.6919587,49.983829],[5.6923127,49.983948],[5.6924307,49.9839152],[5.6924415,49.98381],[5.6925702,49.9837841],[5.6928921,49.9839824],[5.6931227,49.984098],[5.6933722,49.9841601],[5.6935224,49.9839824],[5.6933695,49.98386],[5.6932005,49.9835823],[5.6930611,49.9834219],[5.6932113,49.9833736],[5.6934607,49.9832943],[5.6938738,49.9832633],[5.6941205,49.9831701],[5.69437,49.9831529],[5.6944907,49.9832408],[5.6946409,49.9830649],[5.6945175,49.9829649],[5.6937289,49.9829097],[5.6936013,49.9829139],[5.6935197,49.9829166],[5.693112,49.9828217],[5.69231,49.9827717],[5.6918889,49.98282],[5.6915215,49.9828062],[5.6911164,49.9826217],[5.6907007,49.9822353],[5.6905264,49.9820956],[5.6904675,49.9821302],[5.690403,49.9821681],[5.6900999,49.9825561],[5.6900194,49.9825906],[5.6896386,49.9825268],[5.68896,49.9823285],[5.6886891,49.9822181],[5.6884477,49.9820715],[5.6881794,49.9820025],[5.6878361,49.9822164],[5.6875893,49.982494],[5.6876068,49.982538],[5.6882814,49.9827527],[5.6884731,49.9828036],[5.6888473,49.9828554],[5.6890713,49.9829451],[5.6893314,49.9829726],[5.6896949,49.9830528],[5.6900194,49.9831149]]]}},{"type":"Feature","properties":{"t":"moita"},"geometry":{"type":"Polygon","coordinates":[[[5.6943753,49.983403],[5.6944907,49.9832408],[5.69437,49.9831529],[5.6941205,49.9831701],[5.6938738,49.9832633],[5.6934607,49.9832943],[5.6932113,49.9833736],[5.6930611,49.9834219],[5.6932005,49.9835823],[5.6933695,49.98386],[5.6935224,49.9839824],[5.6933722,49.9841601],[5.6935412,49.9841497],[5.6938523,49.9840014],[5.6942171,49.9835892],[5.6941823,49.9835579],[5.6940854,49.9836357],[5.6936728,49.9839668],[5.693509,49.9838755],[5.6934664,49.983596],[5.693619,49.9834547],[5.6939435,49.9832909],[5.6943542,49.9832028],[5.6943753,49.983403]]]}},{"type":"Feature","properties":{"t":"mata"},"geometry":{"type":"Polygon","coordinates":[[[5.6962958,49.981749],[5.6964245,49.9816851],[5.6964084,49.9815075],[5.6964299,49.9814954],[5.6967303,49.9817007],[5.6968001,49.9816558],[5.6965399,49.9814075],[5.696218,49.9815696],[5.6962019,49.9816989],[5.6962958,49.981749]]]}},{"type":"Feature","properties":{"t":"moita"},"geometry":{"type":"Polygon","coordinates":[[[5.6992006,49.9967312],[5.6985515,49.9970295],[5.6986095,49.9970571],[5.6992918,49.9967588],[5.7004559,49.9961795],[5.7015958,49.9955794],[5.7015261,49.9955242],[5.6992006,49.9967312]]]}},{"type":"Feature","properties":{"t":"mata"},"geometry":{"type":"Polygon","coordinates":[[[5.7043717,49.994543],[5.7040286,49.9947595],[5.703787,49.9949353],[5.703767,49.994983],[5.7037515,49.9950852],[5.7037546,49.9951715],[5.7037824,49.995247],[5.7038442,49.9953393],[5.7039167,49.9954048],[5.7040109,49.9954663],[5.7041067,49.995513],[5.7042132,49.9955477],[5.7043244,49.9955696],[5.7044494,49.9955815],[5.7045714,49.9955795],[5.7046949,49.9955626],[5.7048013,49.9955343],[5.7049308,49.9954824],[5.7050266,49.9954248],[5.7051304,49.9953307],[5.7051826,49.9952493],[5.7051979,49.9951707],[5.7052142,49.9950423],[5.705308,49.9948794],[5.7052302,49.9947518],[5.7049164,49.994907],[5.704675,49.9947811],[5.7049821,49.994538],[5.7052169,49.9943871],[5.7050016,49.994219],[5.7048063,49.9943164],[5.7043717,49.994543]]]}},{"type":"Feature","properties":{"t":"mata"},"geometry":{"type":"Polygon","coordinates":[[[5.6967089,49.9919532],[5.6953356,49.99121],[5.6946409,49.9907547],[5.6951264,49.9902978],[5.69507,49.9901598],[5.694893,49.9901805],[5.694496,49.9906616],[5.693517,49.9900926],[5.6926051,49.9896132],[5.6925933,49.9896292],[5.6925327,49.9897114],[5.6931957,49.9901284],[5.6935197,49.9903322],[5.6943351,49.990872],[5.6942332,49.9910099],[5.6946114,49.9911013],[5.6957835,49.9917342],[5.6963548,49.9921067],[5.6964128,49.9921516],[5.6968939,49.992524],[5.6973875,49.9927257],[5.6980795,49.9931137],[5.6981392,49.9931812],[5.6982565,49.9933137],[5.6987081,49.9935871],[5.6994554,49.9940396],[5.7007965,49.9948414],[5.7013652,49.9952104],[5.7008019,49.9953553],[5.6995466,49.9955863],[5.698117,49.9957036],[5.6965372,49.9958139],[5.6966338,49.995907],[5.6977361,49.9958674],[5.6985193,49.9957881],[5.6993133,49.995726],[5.7006866,49.9955346],[5.7013679,49.9954122],[5.7015261,49.9955242],[5.7015958,49.9955794],[5.7021028,49.995307],[5.6999704,49.9939758],[5.6999677,49.9939345],[5.6997988,49.9937327],[5.6997156,49.9935948],[5.6997451,49.9934034],[5.6995735,49.993224],[5.6991953,49.9931344],[5.6990853,49.9930154],[5.6989029,49.9930533],[5.6985274,49.9927671],[5.6977335,49.9924757],[5.6967089,49.9919532]]]}},{"type":"Feature","properties":{"t":"mata"},"geometry":{"type":"Polygon","coordinates":[[[5.694252,49.988738],[5.6943847,49.9887837],[5.6944317,49.9887768],[5.6971957,49.9899624],[5.6973854,49.9898046],[5.6975336,49.9896804],[5.6970844,49.9894088],[5.696961,49.9894959],[5.6966981,49.9896752],[5.6966029,49.9896218],[5.6961684,49.9894321],[5.6959458,49.9893045],[5.6959417,49.9892001],[5.6957503,49.9891082],[5.6957947,49.9890696],[5.6959806,49.9891605],[5.6961671,49.9891398],[5.6956038,49.9887664],[5.6958157,49.9885923],[5.6957486,49.9885578],[5.6950888,49.9889251],[5.6939676,49.9884336],[5.6933304,49.9881433],[5.693277,49.9881948],[5.693851,49.9884836],[5.6938161,49.9885086],[5.694252,49.988738]]]}},{"type":"Feature","properties":{"t":"charneca"},"geometry":{"type":"Polygon","coordinates":[[[5.6975336,49.9896804],[5.6973854,49.9898046],[5.6974907,49.9897981],[5.6975497,49.9898257],[5.6976108,49.9898929],[5.6976242,49.9899542],[5.6975591,49.9900076],[5.6973981,49.9900563],[5.6978299,49.9902707],[5.6980607,49.9905685],[5.6982484,49.9907634],[5.6981921,49.9908323],[5.6984898,49.9911565],[5.6985167,49.9916221],[5.6984603,49.9919773],[5.6983557,49.9921498],[5.6982082,49.9922601],[5.6979534,49.9923067],[5.6967089,49.9919532],[5.6977335,49.9924757],[5.6985274,49.9927671],[5.6989029,49.9930533],[5.6990853,49.9930154],[5.6991953,49.9931344],[5.6995735,49.993224],[5.6997451,49.9934034],[5.6997156,49.9935948],[5.6997988,49.9937327],[5.6999677,49.9939345],[5.6999704,49.9939758],[5.7021028,49.995307],[5.7022825,49.9952225],[5.7021457,49.9951466],[5.7022608,49.9950811],[5.7004559,49.9940362],[5.7006782,49.9936452],[5.7000241,49.9932913],[5.6998149,49.9930637],[5.6999114,49.9927136],[5.6998792,49.9921877],[5.6997451,49.9919773],[5.6994098,49.9918083],[5.6990209,49.9914238],[5.6988734,49.9909427],[5.6986481,49.9906375],[5.6981251,49.9901063],[5.6982324,49.9900598],[5.6975336,49.9896804]]]}},{"type":"Feature","properties":{"t":"mata"},"geometry":{"type":"Polygon","coordinates":[[[5.7052418,49.9941179],[5.7053965,49.9941793],[5.7057855,49.993981],[5.7059638,49.9940457],[5.7064734,49.9937767],[5.7066505,49.9937594],[5.7067148,49.9938595],[5.7067591,49.9940836],[5.7066089,49.9942259],[5.7062924,49.9944992],[5.7063863,49.9945483],[5.7067135,49.9943147],[5.7067779,49.9943517],[5.706739,49.9944759],[5.7068194,49.9945112],[5.707325,49.9942543],[5.707494,49.9940258],[5.707541,49.9938327],[5.7068557,49.9936043],[5.7066585,49.9935189],[5.7069831,49.993362],[5.706953,49.9932869],[5.7052418,49.9941179]]]}},{"type":"Feature","properties":{"t":"mata"},"geometry":{"type":"Polygon","coordinates":[[[5.705791,49.9935112],[5.7059306,49.9934454],[5.7051909,49.9929317],[5.7048314,49.9928142],[5.7046455,49.9930395],[5.7049097,49.9932042],[5.7055441,49.9933879],[5.705791,49.9935112]]]}},{"type":"Feature","properties":{"t":"mata"},"geometry":{"type":"Polygon","coordinates":[[[5.7036973,49.995313],[5.703652,49.9952062],[5.7036336,49.9950949],[5.7036491,49.9949774],[5.7036511,49.9949625],[5.7036301,49.9949697],[5.7031772,49.995201],[5.7033259,49.9952087],[5.7035245,49.9952473],[5.7036973,49.995313]]]}},{"type":"Feature","properties":{"t":"mata"},"geometry":{"type":"Polygon","coordinates":[[[5.7376501,50.0064444],[5.7375804,50.0064651],[5.7375978,50.0065694],[5.7375133,50.0067202],[5.7372773,50.0068323],[5.7374436,50.0070391],[5.7377386,50.0068288],[5.7376501,50.0064444]]]}},{"type":"Feature","properties":{"t":"mata"},"geometry":{"type":"Polygon","coordinates":[[[5.7311538,50.0083147],[5.7309285,50.0084958],[5.7300407,50.0084785],[5.7293808,50.0082872],[5.7288203,50.0080131],[5.7282945,50.0079114],[5.7281738,50.0078614],[5.7281363,50.0078873],[5.7281819,50.0079215],[5.7283827,50.0080723],[5.7283911,50.0080786],[5.7291716,50.0083768],[5.7295847,50.0084406],[5.7301211,50.008563],[5.7309285,50.0086544],[5.7312352,50.0083356],[5.7311538,50.0083147]]]}},{"type":"Feature","properties":{"t":"mata"},"geometry":{"type":"Polygon","coordinates":[[[5.7279271,50.0077631],[5.7280692,50.0078424],[5.7283992,50.0075011],[5.728654,50.0075908],[5.7294345,50.0078218],[5.7303116,50.0079717],[5.7303405,50.0079122],[5.7295042,50.0077752],[5.7286406,50.0075339],[5.7281658,50.0073339],[5.727978,50.0072201],[5.7277451,50.0073218],[5.7277983,50.0074011],[5.7281953,50.0074667],[5.7279271,50.0077631]]]}},{"type":"Feature","properties":{"t":"mata"},"geometry":{"type":"Polygon","coordinates":[[[5.7330716,50.0079321],[5.7332218,50.007839],[5.7325368,50.0074047],[5.7324286,50.0073492],[5.7323742,50.0074718],[5.7307836,50.0071546],[5.7295471,50.0069443],[5.728493,50.0066461],[5.7277232,50.0064272],[5.7279244,50.0061548],[5.7276428,50.0060221],[5.7275167,50.0059273],[5.7275784,50.0058324],[5.7281014,50.005979],[5.728426,50.0059497],[5.729523,50.0061324],[5.7295015,50.0060548],[5.7282677,50.0057135],[5.7281658,50.0058376],[5.7275328,50.0056773],[5.7273987,50.0057531],[5.7273075,50.0059152],[5.7258832,50.0055497],[5.7258376,50.0056204],[5.7277527,50.0061772],[5.7275864,50.0063893],[5.7270822,50.0063306],[5.726712,50.0062806],[5.7264492,50.0063393],[5.7261287,50.0064026],[5.726071,50.0065198],[5.7262769,50.0065466],[5.7270111,50.0064711],[5.7269695,50.0065832],[5.7266705,50.0068986],[5.7274161,50.0068133],[5.7276025,50.0065185],[5.7282691,50.0067004],[5.7294774,50.0070391],[5.7306495,50.0072754],[5.7319128,50.0075632],[5.7330716,50.0079321]]]}},{"type":"Feature","properties":{"t":"mata"},"geometry":{"type":"Polygon","coordinates":[[[5.7451737,50.0227114],[5.7441437,50.0214448],[5.7440069,50.0212869],[5.7433096,50.0204815],[5.7424593,50.019606],[5.7417244,50.018796],[5.7410833,50.0180394],[5.7408205,50.0181377],[5.7417244,50.0191596],[5.7427543,50.0203832],[5.742977,50.0206417],[5.7429354,50.0206895],[5.7426497,50.0210174],[5.7425129,50.0210657],[5.7426846,50.0213431],[5.7433498,50.0215396],[5.7436824,50.021593],[5.7440686,50.0220049],[5.7448093,50.0227203],[5.7451737,50.0227114]]]}},{"type":"Feature","properties":{"t":"mata"},"geometry":{"type":"Polygon","coordinates":[[[5.7394078,50.0112977],[5.7392943,50.0114175],[5.7392246,50.0116605],[5.7398429,50.0118551],[5.7399018,50.0117116],[5.7396343,50.0115396],[5.7395503,50.011297],[5.7394078,50.0112977]]]}},{"type":"Feature","properties":{"t":"moita"},"geometry":{"type":"Polygon","coordinates":[[[5.7404476,50.0121897],[5.7405549,50.0124138],[5.7403296,50.0129343],[5.7401606,50.0129343],[5.7379022,50.0119846],[5.7380578,50.0118346],[5.7380041,50.0118243],[5.7376577,50.0120037],[5.7378915,50.012024],[5.740316,50.0130806],[5.7406086,50.0125232],[5.740626,50.0123198],[5.7405992,50.0122319],[5.7404476,50.0121897]]]}},{"type":"Feature","properties":{"t":"moita"},"geometry":{"type":"Polygon","coordinates":[[[5.7426256,50.014196],[5.7423627,50.0139857],[5.7404771,50.013055],[5.7406273,50.0127895],[5.7405442,50.0127533],[5.7403779,50.0130636],[5.7404235,50.0130946],[5.7418504,50.0137909],[5.7426256,50.014196]]]}},{"type":"Feature","properties":{"t":"mata"},"geometry":{"type":"Polygon","coordinates":[[[5.7427999,50.0130015],[5.7439131,50.0132635],[5.7439265,50.0132153],[5.7428268,50.0129653],[5.7427999,50.0130015]]]}},{"type":"Feature","properties":{"t":"mata"},"geometry":{"type":"Polygon","coordinates":[[[5.7408056,50.0100914],[5.7405817,50.0102885],[5.740406,50.0103527],[5.7403808,50.0103836],[5.7403994,50.0104183],[5.7405514,50.0104823],[5.7406151,50.0105431],[5.7402896,50.0114868],[5.7401243,50.0114702],[5.7399902,50.0118989],[5.7403269,50.0120621],[5.7403629,50.011906],[5.7407749,50.0104522],[5.740789,50.0103919],[5.7408687,50.0100506],[5.7408056,50.0100914]]]}},{"type":"Feature","properties":{"t":"moita"},"geometry":{"type":"Polygon","coordinates":[[[5.7436265,50.0093932],[5.743538,50.0094186],[5.7437199,50.0100833],[5.7436877,50.0106556],[5.7435503,50.0110474],[5.7433551,50.0116037],[5.7434034,50.0116071],[5.743677,50.0109297],[5.7438299,50.010235],[5.7437333,50.0096024],[5.7436265,50.0093932]]]}},{"type":"Feature","properties":{"t":"mata"},"geometry":{"type":"Polygon","coordinates":[[[5.737752,50.0089336],[5.737642,50.0089112],[5.737634,50.009287],[5.7377306,50.0096386],[5.7378432,50.0098903],[5.7378593,50.0100023],[5.7377949,50.0102333],[5.7376581,50.0103385],[5.7374784,50.0104436],[5.7374943,50.0104678],[5.7375079,50.0104884],[5.7378137,50.0103902],[5.7381973,50.0101644],[5.7383475,50.0100661],[5.7382268,50.0099334],[5.7380095,50.0097455],[5.7377574,50.0094318],[5.7377037,50.009237],[5.737752,50.0089336]]]}},{"type":"Feature","properties":{"t":"mata"},"geometry":{"type":"Polygon","coordinates":[[[5.7399534,50.0100249],[5.7400453,50.0099765],[5.7406361,50.0091452],[5.7407105,50.0090405],[5.7407856,50.0088198],[5.7412962,50.0078261],[5.7412174,50.0078149],[5.7406622,50.0088543],[5.73993,50.0086733],[5.7396725,50.0086785],[5.7395759,50.0087474],[5.7392728,50.008625],[5.7390314,50.0083423],[5.7387659,50.0082924],[5.7378834,50.0084492],[5.7377842,50.0086492],[5.7379264,50.008806],[5.73809,50.008806],[5.7383877,50.0086164],[5.7386237,50.0086044],[5.7387659,50.0084492],[5.7389349,50.0084441],[5.7390583,50.0086233],[5.7390851,50.0086595],[5.7397208,50.0088216],[5.7397858,50.0088815],[5.7398012,50.0088957],[5.7398884,50.0091287],[5.7399284,50.0093916],[5.7397932,50.0098127],[5.7398396,50.0099865],[5.7399534,50.0100249]]]}},{"type":"Feature","properties":{"t":"mata"},"geometry":{"type":"Polygon","coordinates":[[[5.7545453,50.0269867],[5.7545802,50.026954],[5.7543629,50.0267885],[5.7540894,50.0266438],[5.7540438,50.0266731],[5.7545453,50.0269867]]]}},{"type":"Feature","properties":{"t":"mata"},"geometry":{"type":"Polygon","coordinates":[[[5.7555914,50.0272865],[5.7555825,50.0272651],[5.7555604,50.027212],[5.7555377,50.0271573],[5.7547814,50.0269557],[5.7547552,50.0269813],[5.75471,50.0270256],[5.7546741,50.0270608],[5.7549369,50.0272142],[5.7554975,50.0273175],[5.7555914,50.0272865]]]}},{"type":"Feature","properties":{"t":"mata"},"geometry":{"type":"Polygon","coordinates":[[[5.7572249,50.0276828],[5.7561412,50.0272572],[5.7560925,50.0273077],[5.7560424,50.0273595],[5.7559964,50.0274071],[5.7562056,50.027495],[5.7571256,50.0278379],[5.7572249,50.0276828]]]}},{"type":"Feature","properties":{"t":"mata"},"geometry":{"type":"Polygon","coordinates":[[[5.7536414,50.0263509],[5.7537192,50.0263112],[5.753569,50.0261854],[5.7535987,50.0261487],[5.7536414,50.0260958],[5.7529199,50.025674],[5.7528643,50.0257377],[5.7526654,50.0256284],[5.7526141,50.0256668],[5.7525762,50.0257008],[5.7530379,50.0259356],[5.7536414,50.0263509]]]}},{"type":"Feature","properties":{"t":"mata"},"geometry":{"type":"Polygon","coordinates":[[[5.7312021,50.0224116],[5.7310894,50.0224443],[5.7319182,50.0233766],[5.7319853,50.0233422],[5.7312021,50.0224116]]]}},{"type":"Feature","properties":{"t":"moita"},"geometry":{"type":"Polygon","coordinates":[[[5.7383743,50.0171932],[5.7382992,50.0171725],[5.738208,50.0175138],[5.7380632,50.0177258],[5.7377225,50.0180773],[5.7377735,50.018086],[5.738259,50.0176155],[5.7383743,50.0171932]]]}},{"type":"Feature","properties":{"t":"mata"},"geometry":{"type":"Polygon","coordinates":[[[5.6935519,49.9930878],[5.6930637,49.9929068],[5.6929779,49.9930223],[5.6934956,49.9932051],[5.6935519,49.9930878]]]}},{"type":"Feature","properties":{"t":"mata"},"geometry":{"type":"Polygon","coordinates":[[[5.6942885,49.9933897],[5.6938711,49.9932034],[5.6937899,49.993315],[5.6937557,49.993362],[5.6941286,49.9935448],[5.694201,49.9935103],[5.6942885,49.9933897]]]}},{"type":"Feature","properties":{"t":"mata"},"geometry":{"type":"Polygon","coordinates":[[[5.6955931,49.9949242],[5.6957111,49.9948311],[5.6948842,49.9940411],[5.6944531,49.9936293],[5.6943848,49.993692],[5.6943592,49.9937155],[5.6947817,49.9941293],[5.6955931,49.9949242]]]}},{"type":"Feature","properties":{"t":"mata"},"geometry":{"type":"Polygon","coordinates":[[[5.6874579,49.9975536],[5.6849983,49.9974623],[5.6850654,49.9970916],[5.6851754,49.9968398],[5.6853792,49.996576],[5.6856716,49.9963208],[5.6888111,49.994219],[5.6888929,49.9942052],[5.6887239,49.9941069],[5.6866157,49.9955139],[5.6855455,49.9962277],[5.6851137,49.9965605],[5.6848857,49.9969674],[5.6848213,49.9974149],[5.6847905,49.9974467],[5.6847703,49.9974933],[5.6856233,49.9975485],[5.6874552,49.9976243],[5.6887749,49.9977192],[5.6891558,49.9977312],[5.6891745,49.9976726],[5.6880105,49.997595],[5.6874579,49.9975536]]]}},{"type":"Feature","properties":{"t":"mata"},"geometry":{"type":"Polygon","coordinates":[[[5.6890699,49.9943069],[5.6902394,49.9950277],[5.6906873,49.9953639],[5.6909958,49.9957105],[5.6920579,49.9964898],[5.6924763,49.9967709],[5.6936511,49.997295],[5.6943753,49.9975692],[5.6951478,49.9979226],[5.6952524,49.9979174],[5.6953597,49.997845],[5.6945845,49.9974899],[5.6943136,49.9974416],[5.6926346,49.9966795],[5.6921035,49.9963398],[5.691449,49.9958674],[5.6911138,49.9956053],[5.6910682,49.9955191],[5.6908455,49.9953087],[5.6908295,49.9952122],[5.6905425,49.9949932],[5.6894629,49.9943311],[5.689373,49.9943311],[5.6893462,49.9943502],[5.6891477,49.9942431],[5.6890699,49.9943069]]]}},{"type":"Feature","properties":{"t":"mata"},"geometry":{"type":"Polygon","coordinates":[[[5.6897099,49.9936846],[5.6901267,49.993412],[5.6905205,49.9931617],[5.6910843,49.9928033],[5.6911996,49.9926378],[5.6914625,49.992505],[5.6915805,49.9925843],[5.6917897,49.9924067],[5.6914973,49.9922412],[5.6914491,49.9922221],[5.691323,49.9921722],[5.6911805,49.9923724],[5.6909099,49.992524],[5.6906967,49.9924395],[5.6901897,49.9923369],[5.6900181,49.9925765],[5.6897525,49.9926033],[5.6898102,49.9924076],[5.6899517,49.9923826],[5.6899497,49.9923394],[5.6898699,49.9923252],[5.6898773,49.9922709],[5.6898377,49.9922571],[5.6898739,49.992189],[5.6898344,49.9921795],[5.6897472,49.9921929],[5.6897405,49.9922153],[5.6897606,49.9922472],[5.6897257,49.9923024],[5.6897847,49.9923248],[5.6898156,49.992392],[5.689538,49.9924231],[5.6897056,49.9931611],[5.6880574,49.9925326],[5.687706,49.9925162],[5.6876913,49.9924576],[5.6879675,49.9924429],[5.6877959,49.9921705],[5.687694,49.9921532],[5.6878147,49.9919308],[5.6871063,49.9917632],[5.6867793,49.9921377],[5.6862777,49.9924808],[5.6866224,49.9927542],[5.6887991,49.9940215],[5.6893355,49.9934758],[5.689593,49.9933792],[5.6896909,49.9935284],[5.6895453,49.9936262],[5.6897099,49.9936846]]]}},{"type":"Feature","properties":{"t":"mata"},"geometry":{"type":"Polygon","coordinates":[[[5.6870114,49.9909633],[5.6868088,49.9909151],[5.6863086,49.9908461],[5.6847033,49.9904633],[5.6846175,49.9905806],[5.6868705,49.9910996],[5.6871629,49.9912014],[5.6871146,49.991391],[5.6870073,49.99151],[5.6871875,49.9916702],[5.687246,49.9917221],[5.6876805,49.991817],[5.6880239,49.9918497],[5.6881392,49.9917101],[5.6879863,49.991648],[5.6878468,49.9917549],[5.6877503,49.9916894],[5.6877986,49.9915721],[5.6882304,49.9910082],[5.6883404,49.9910134],[5.6884798,49.9909151],[5.6886703,49.9908789],[5.6893355,49.9909134],[5.689609,49.990703],[5.6879112,49.9906996],[5.6878696,49.9907409],[5.6874686,49.9913997],[5.6873244,49.9911616],[5.6872353,49.9911324],[5.6871817,49.9911772],[5.6870114,49.9909633]]]}},{"type":"Feature","properties":{"t":"moita"},"geometry":{"type":"Polygon","coordinates":[[[5.6845269,49.9902252],[5.684832,49.9901926],[5.6853631,49.9902943],[5.6854919,49.990284],[5.6845613,49.9899818],[5.6845269,49.9902252]]]}},{"type":"Feature","properties":{"t":"mata"},"geometry":{"type":"Polygon","coordinates":[[[5.6908911,49.9895649],[5.6907544,49.9895778],[5.6904338,49.9899589],[5.6902873,49.9904105],[5.690293,49.9904616],[5.6912211,49.9903926],[5.6916314,49.9903857],[5.6919748,49.9904167],[5.6919911,49.990546],[5.6919908,49.9906616],[5.691828,49.9907371],[5.6917012,49.9907892],[5.6916971,49.9908573],[5.6917591,49.990878],[5.6918165,49.9909289],[5.6911728,49.9912738],[5.690918,49.9913514],[5.690631,49.9915687],[5.6906444,49.9916635],[5.6908241,49.9916566],[5.6910092,49.9916135],[5.6910709,49.991598],[5.6920043,49.9910375],[5.6923878,49.9909013],[5.6925166,49.9906651],[5.6924897,49.9904581],[5.6924039,49.9902133],[5.6922832,49.9901857],[5.6922403,49.9898787],[5.6923074,49.9897632],[5.6923798,49.9897149],[5.6922068,49.9895968],[5.6919533,49.9895338],[5.6919265,49.9895864],[5.6913082,49.9895554],[5.6908911,49.9895649]]]}},{"type":"Feature","properties":{"t":"moita"},"geometry":{"type":"Polygon","coordinates":[[[5.6906873,49.9908892],[5.6908214,49.9908237],[5.6908026,49.9907565],[5.6905961,49.9907254],[5.6905478,49.9908392],[5.6906873,49.9908892]]]}},{"type":"Feature","properties":{"t":"moita"},"geometry":{"type":"Polygon","coordinates":[[[5.6783679,49.9836927],[5.6783491,49.9837617],[5.6795785,49.9842463],[5.679618,49.9841798],[5.6812423,49.9847926],[5.6812946,49.9846732],[5.6813478,49.9843584],[5.6816617,49.9836755],[5.6818145,49.9835116],[5.6805743,49.9829453],[5.679316,49.9825279],[5.6781925,49.982255],[5.6777031,49.9820334],[5.6773985,49.981677],[5.6772437,49.9811761],[5.6768742,49.9810476],[5.6764497,49.9807522],[5.6761127,49.9811873],[5.6754696,49.9809554],[5.6743791,49.9820753],[5.6720794,49.9811361],[5.6697959,49.9802385],[5.6693066,49.9800538],[5.6688391,49.9797635],[5.6690244,49.9802529],[5.6697224,49.9805584],[5.6698251,49.9804364],[5.6719762,49.9812419],[5.6719789,49.9813091],[5.6726173,49.9816455],[5.6739986,49.9821732],[5.6746531,49.9823681],[5.6750473,49.9824958],[5.6760451,49.9828614],[5.6760666,49.9828217],[5.6783679,49.9836927]]]}},{"type":"Feature","properties":{"t":"mata"},"geometry":{"type":"Polygon","coordinates":[[[5.6841534,49.9795999],[5.6840783,49.9795809],[5.6834185,49.98074],[5.6834882,49.9807831],[5.6841534,49.9795999]]]}},{"type":"Feature","properties":{"t":"mata"},"geometry":{"type":"Polygon","coordinates":[[[5.6845705,49.9816282],[5.6851552,49.9819301],[5.6851767,49.9818645],[5.6846242,49.9815722],[5.6845705,49.9816282]]]}},{"type":"Feature","properties":{"t":"moita"},"geometry":{"type":"Polygon","coordinates":[[[5.6850949,49.9806192],[5.6850412,49.9805813],[5.6848857,49.9808711],[5.6848562,49.9810754],[5.6847529,49.9812496],[5.6849702,49.9813178],[5.6850734,49.9813454],[5.6851874,49.9812436],[5.6850466,49.981097],[5.6849782,49.9808711],[5.6850949,49.9806192]]]}},{"type":"Feature","properties":{"t":"moita"},"geometry":{"type":"Polygon","coordinates":[[[5.6818145,49.9835116],[5.6816617,49.9836755],[5.6813478,49.9843584],[5.6814229,49.9843895],[5.6818816,49.983572],[5.6818145,49.9835116]]]}},{"type":"Feature","properties":{"t":"mata"},"geometry":{"type":"Polygon","coordinates":[[[5.6870395,49.9869488],[5.6870744,49.9868867],[5.6865647,49.9866177],[5.685293,49.986132],[5.6852008,49.9863005],[5.6851883,49.9864589],[5.6868289,49.9869501],[5.6870395,49.9869488]]]}},{"type":"Feature","properties":{"t":"mata"},"geometry":{"type":"Polygon","coordinates":[[[5.6880507,49.9873196],[5.6889331,49.9877041],[5.6893998,49.9878956],[5.6918406,49.9891838],[5.6918675,49.9890786],[5.6917575,49.9889941],[5.6917911,49.9889723],[5.691154,49.9885802],[5.6897163,49.9879352],[5.688799,49.9875541],[5.6882116,49.9872799],[5.6880507,49.9873196]]]}},{"type":"Feature","properties":{"t":"moita"},"geometry":{"type":"Polygon","coordinates":[[[5.6881177,49.9871764],[5.6877369,49.9870695],[5.6872353,49.9869488],[5.6870744,49.9868867],[5.6870395,49.9869488],[5.6880507,49.9873196],[5.6882116,49.9872799],[5.688799,49.9875541],[5.6888124,49.9873472],[5.688622,49.9872351],[5.6881177,49.9871764]]]}},{"type":"Feature","properties":{"t":"mata"},"geometry":{"type":"Polygon","coordinates":[[[5.6892832,49.9846723],[5.6892684,49.9847128],[5.6901566,49.9852227],[5.6901897,49.9851906],[5.6901475,49.9851992],[5.6892832,49.9846723]]]}},{"type":"Feature","properties":{"t":"mata"},"geometry":{"type":"Polygon","coordinates":[[[5.6880194,49.9855468],[5.6891155,49.984577],[5.6890458,49.9845412],[5.687919,49.9854884],[5.6880194,49.9855468]]]}},{"type":"Feature","properties":{"t":"mata"},"geometry":{"type":"Polygon","coordinates":[[[5.6892912,49.9860391],[5.6892537,49.9860701],[5.6890485,49.9860434],[5.689145,49.9862029],[5.6892979,49.9863003],[5.6893381,49.9862538],[5.6892443,49.98614],[5.68931,49.9860572],[5.6892912,49.9860391]]]}},{"type":"Feature","properties":{"t":"mata"},"geometry":{"type":"Polygon","coordinates":[[[5.7025373,49.9955036],[5.7026505,49.9955777],[5.7028796,49.9955621],[5.7032086,49.9957451],[5.7035083,49.9958898],[5.7038677,49.9960088],[5.7038355,49.9961364],[5.704262,49.9964398],[5.7045785,49.996495],[5.7047369,49.996327],[5.7046787,49.9962187],[5.7046708,49.9961508],[5.7049596,49.9958469],[5.7061058,49.9962867],[5.7062927,49.9963484],[5.7065352,49.9961801],[5.706633,49.9961122],[5.7063192,49.9960484],[5.7060058,49.9956032],[5.7058901,49.9956518],[5.705713,49.9954294],[5.7055977,49.9954432],[5.7055896,49.9952466],[5.7055206,49.9950752],[5.7054242,49.9950479],[5.7053917,49.9952007],[5.7053531,49.9952999],[5.705298,49.9953802],[5.7052214,49.9954511],[5.7051354,49.9955124],[5.7050305,49.9955695],[5.7049217,49.9956153],[5.7047577,49.9956602],[5.7045614,49.9956853],[5.7044405,49.9956861],[5.7042724,49.9956688],[5.7041582,49.995649],[5.7040386,49.9956084],[5.7039485,49.9955738],[5.703845,49.9955194],[5.7037122,49.9954277],[5.7036104,49.9953638],[5.7035109,49.9953194],[5.7034337,49.9952969],[5.7033342,49.995278],[5.7032383,49.9952698],[5.7031295,49.995269],[5.7030265,49.9952773],[5.702745,49.9953765],[5.7026549,49.995423],[5.7025373,49.9955036]]]}},{"type":"Feature","properties":{"t":"mata"},"geometry":{"type":"Polygon","coordinates":[[[5.7013246,49.9963387],[5.7028935,49.9965569],[5.7030871,49.9964502],[5.70366,49.9966538],[5.7037157,49.9966174],[5.703712,49.996561],[5.7022967,49.9956024],[5.7020635,49.9957148],[5.700869,49.9962898],[5.699544,49.9969364],[5.6989539,49.997264],[5.6981213,49.9979435],[5.6975125,49.9984218],[5.6975085,49.99847],[5.6975833,49.9985019],[5.6976869,49.9984249],[5.6980762,49.9982623],[5.6986401,49.9979765],[5.6989471,49.9979672],[5.7000831,49.997514],[5.7002453,49.9974088],[5.7004412,49.9974614],[5.7007391,49.9971484],[5.7013246,49.9963387]]]}},{"type":"Feature","properties":{"t":"mata"},"geometry":{"type":"Polygon","coordinates":[[[5.6815007,49.997295],[5.6831986,49.997414],[5.6847703,49.9974933],[5.6847905,49.9974467],[5.6831557,49.9973743],[5.6815319,49.9972381],[5.6815007,49.997295]]]}},{"type":"Feature","properties":{"t":"moita"},"geometry":{"type":"Polygon","coordinates":[[[5.6767479,49.9936853],[5.6767586,49.9936517],[5.6769195,49.9936681],[5.6770335,49.993762],[5.6771582,49.9937327],[5.6773996,49.993762],[5.6776866,49.9937069],[5.6786495,49.9937534],[5.6788293,49.9937017],[5.6788801,49.9938651],[5.6790599,49.993812],[5.6800121,49.9939689],[5.6813934,49.9942224],[5.6819862,49.9943742],[5.682182,49.9943931],[5.6823564,49.9942517],[5.6827989,49.99415],[5.6840005,49.9941224],[5.6842875,49.9941897],[5.6847998,49.9940776],[5.6846255,49.9937551],[5.6845933,49.9935086],[5.6845611,49.9934051],[5.6838477,49.9934361],[5.6829572,49.9935793],[5.6826675,49.9935327],[5.6824851,49.9934758],[5.6823966,49.9935103],[5.6823322,49.9935913],[5.6818575,49.9936327],[5.6813344,49.9935793],[5.6805941,49.9934482],[5.6804654,49.9933672],[5.6804171,49.9931896],[5.6788185,49.9933982],[5.6766411,49.9934621],[5.676639,49.9936674],[5.6767479,49.9936853]]]}},{"type":"Feature","properties":{"t":"moita"},"geometry":{"type":"Polygon","coordinates":[[[5.686515,49.9928655],[5.6859988,49.9932689],[5.6858137,49.993443],[5.6855616,49.9935844],[5.6854114,49.9936068],[5.6853202,49.993662],[5.6852987,49.9937431],[5.6850439,49.9938603],[5.6847757,49.9937396],[5.6847516,49.9935448],[5.6845933,49.9935086],[5.6846255,49.9937551],[5.6847998,49.9940776],[5.6850493,49.9939948],[5.6852987,49.9938655],[5.6854784,49.9937138],[5.6856447,49.9936258],[5.6860363,49.9934085],[5.6866117,49.9929175],[5.686515,49.9928655]]]}},{"type":"Feature","properties":{"t":"mata"},"geometry":{"type":"Polygon","coordinates":[[[5.6947508,50.0040912],[5.694834,50.0036034],[5.6946087,50.0035931],[5.6945229,50.0035362],[5.6944665,50.0034603],[5.6942131,50.0033629],[5.6936511,50.003481],[5.6931871,50.0035379],[5.6929886,50.003462],[5.6926694,50.0034241],[5.6925199,50.0028289],[5.692243,50.0028],[5.6921652,50.0026587],[5.6918675,50.0026638],[5.6919479,50.002869],[5.6923677,50.0033497],[5.6928862,50.0036685],[5.6942171,50.0040913],[5.6945222,50.0041483],[5.694549,50.0040688],[5.6947508,50.0040912]]]}},{"type":"Feature","properties":{"t":"mata"},"geometry":{"type":"Polygon","coordinates":[[[5.6956365,49.9980654],[5.6954177,49.9980789],[5.6953315,49.9981207],[5.6953278,49.9981424],[5.6953673,49.9981746],[5.6954164,49.9982],[5.6954856,49.9982053],[5.6954926,49.9982033],[5.695667,49.9981541],[5.6956869,49.9981196],[5.695674,49.9980875],[5.6956365,49.9980654]]]}},{"type":"Feature","properties":{"t":"mata"},"geometry":{"type":"Polygon","coordinates":[[[5.6965812,49.9985339],[5.696467,49.9984385],[5.6955667,49.9989274],[5.6959578,49.9987778],[5.6964192,49.9986657],[5.6965812,49.9985339]]]}},{"type":"Feature","properties":{"t":"mata"},"geometry":{"type":"Polygon","coordinates":[[[5.6962552,49.9982617],[5.6961749,49.9981946],[5.6956738,49.998431],[5.6951827,49.9986726],[5.6952578,49.9983812],[5.6951961,49.9981537],[5.695121,49.9981709],[5.6951183,49.9984226],[5.6949466,49.9988519],[5.6948974,49.9989168],[5.694902,49.9989472],[5.6950036,49.9988957],[5.6953893,49.9987004],[5.6957813,49.9985018],[5.6961569,49.9983115],[5.6962552,49.9982617]]]}},{"type":"Feature","properties":{"t":"mata"},"geometry":{"type":"Polygon","coordinates":[[[5.6979454,49.997433],[5.6978971,49.9973933],[5.6962846,49.9981406],[5.6963701,49.9982118],[5.6969066,49.9979465],[5.6972883,49.9977578],[5.6976802,49.9975641],[5.6979454,49.997433]]]}},{"type":"Feature","properties":{"t":"mata"},"geometry":{"type":"Polygon","coordinates":[[[5.6980178,49.9977968],[5.6982887,49.997614],[5.6982431,49.9975588],[5.6965819,49.9983882],[5.6966909,49.9984791],[5.6972104,49.9982606],[5.6980178,49.9977968]]]}},{"type":"Feature","properties":{"t":"moita"},"geometry":{"type":"Polygon","coordinates":[[[5.6954214,49.9991985],[5.696151,49.9989123],[5.6950263,49.9992416],[5.6947184,49.999354],[5.6943606,49.999499],[5.6939134,49.9997133],[5.6934631,49.9999341],[5.6930241,50.0001504],[5.6922577,50.0005482],[5.6919935,50.0007207],[5.690909,50.0013524],[5.6906187,50.0016015],[5.6907546,50.0015709],[5.6909753,50.0013914],[5.6915521,50.0010636],[5.6923149,50.0007441],[5.6928752,50.000688],[5.692869,50.0003492],[5.6940025,49.9998175],[5.6943713,49.9996675],[5.694885,49.9993881],[5.6954214,49.9991985]]]}},{"type":"Feature","properties":{"t":"moita"},"geometry":{"type":"Polygon","coordinates":[[[5.6955743,49.999595],[5.6958155,49.9991837],[5.6950411,49.9994576],[5.6955743,49.999595]]]}},{"type":"Feature","properties":{"t":"mata"},"geometry":{"type":"Polygon","coordinates":[[[5.7103548,50.0116784],[5.7107677,50.0115218],[5.7113537,50.011782],[5.7114275,50.0117346],[5.7106765,50.0113279],[5.7109152,50.0111701],[5.7109299,50.0110021],[5.7108241,50.0109436],[5.7106805,50.0108814],[5.7102755,50.0110969],[5.7100837,50.0112253],[5.7096143,50.0114511],[5.7096492,50.011483],[5.7098731,50.0114554],[5.7099898,50.0115028],[5.7103548,50.0116784]]]}},{"type":"Feature","properties":{"t":"mata"},"geometry":{"type":"Polygon","coordinates":[[[5.6981921,50.0068081],[5.6989431,50.0068961],[5.69897,50.0068219],[5.6982141,50.0066999],[5.6981921,50.0068081]]]}},{"type":"Feature","properties":{"t":"moita"},"geometry":{"type":"Polygon","coordinates":[[[5.7039455,50.0082441],[5.7047045,50.0084441],[5.7047555,50.008332],[5.7040642,50.008143],[5.703747,50.0080562],[5.7037389,50.0081338],[5.7039267,50.0082027],[5.7039455,50.0082441]]]}},{"type":"Feature","properties":{"t":"moita"},"geometry":{"type":"Polygon","coordinates":[[[5.7123059,50.0091068],[5.712216,50.0091051],[5.7122228,50.0092215],[5.7124937,50.0095036],[5.7125514,50.0094765],[5.7123059,50.0091068]]]}},{"type":"Feature","properties":{"t":"mata"},"geometry":{"type":"Polygon","coordinates":[[[5.7124386,50.0095294],[5.7123435,50.0094921],[5.7120122,50.0096653],[5.7120413,50.0097328],[5.7120498,50.0097524],[5.7123663,50.0098825],[5.712457,50.009843],[5.7122092,50.0096369],[5.7124386,50.0095294]]]}},{"type":"Feature","properties":{"t":"mata"},"geometry":{"type":"Polygon","coordinates":[[[5.7048628,50.0083613],[5.7047689,50.0084837],[5.7051846,50.0086923],[5.7052085,50.0086738],[5.7053804,50.0085406],[5.7060376,50.0081958],[5.7064426,50.0078476],[5.7065365,50.0078355],[5.7069147,50.0074167],[5.7069629,50.0070978],[5.7068557,50.0069219],[5.7071507,50.0065582],[5.7074726,50.0065547],[5.7079768,50.0066013],[5.707997,50.0065743],[5.7080117,50.0065547],[5.7075182,50.0064496],[5.7071158,50.0063927],[5.7071078,50.006453],[5.7068476,50.0064513],[5.7069281,50.0065703],[5.7068288,50.0067082],[5.7065633,50.007134],[5.706051,50.0079769],[5.7051403,50.0075645],[5.7051916,50.0073765],[5.7049745,50.0072719],[5.7047213,50.0074017],[5.7047183,50.0075335],[5.7049022,50.0076982],[5.7051675,50.0078106],[5.7054358,50.007985],[5.7053333,50.008231],[5.7052758,50.0084165],[5.7049808,50.0083889],[5.7048628,50.0083613]]]}},{"type":"Feature","properties":{"t":"mata"},"geometry":{"type":"Polygon","coordinates":[[[5.7127573,50.0060173],[5.7127753,50.0061134],[5.712322,50.0063255],[5.7124749,50.0064806],[5.7129246,50.0061436],[5.7127573,50.0060173]]]}},{"type":"Feature","properties":{"t":"mata"},"geometry":{"type":"Polygon","coordinates":[[[5.7096639,50.0065342],[5.7091811,50.0060895],[5.7089987,50.0061531],[5.7090631,50.0064806],[5.7094815,50.0066427],[5.7096639,50.0065342]]]}},{"type":"Feature","properties":{"t":"mata"},"geometry":{"type":"Polygon","coordinates":[[[5.7099148,50.0063281],[5.7099617,50.0063703],[5.7104981,50.0060738],[5.7111391,50.0057911],[5.7115828,50.0056385],[5.7119068,50.005466],[5.7120835,50.0055469],[5.7122254,50.0055135],[5.7121155,50.0053446],[5.712259,50.0052786],[5.7106479,50.0044403],[5.7100948,50.0047035],[5.7103915,50.0050368],[5.7113725,50.0056223],[5.7103533,50.0060463],[5.7099148,50.0063281]]]}},{"type":"Feature","properties":{"t":"mata"},"geometry":{"type":"Polygon","coordinates":[[[5.7049566,50.0135703],[5.7049137,50.0134686],[5.7045704,50.013622],[5.7043344,50.0134066],[5.7043236,50.0130257],[5.7041734,50.0130636],[5.7040849,50.0129395],[5.7039508,50.0130101],[5.7040179,50.0132101],[5.7039025,50.0132825],[5.7040108,50.0134622],[5.70427,50.0138926],[5.7039976,50.0141447],[5.7039589,50.0141805],[5.7034573,50.01447],[5.7033044,50.0144718],[5.7027701,50.014176],[5.7027036,50.0141391],[5.7023388,50.014096],[5.701833,50.0137956],[5.7018077,50.0137806],[5.701502,50.0140753],[5.7020974,50.0144011],[5.7023737,50.0144097],[5.7024738,50.0144331],[5.7030013,50.0145562],[5.7031891,50.0146148],[5.7034121,50.0145919],[5.7034573,50.0145872],[5.7037017,50.014485],[5.7037416,50.0144683],[5.7036933,50.0144373],[5.7044202,50.0139099],[5.7046428,50.0137117],[5.7049566,50.0135703]]]}},{"type":"Feature","properties":{"t":"moita"},"geometry":{"type":"Polygon","coordinates":[[[5.6896225,50.0101247],[5.6890029,50.0094197],[5.6888795,50.0094576],[5.6894615,50.0101868],[5.6896225,50.0101247]]]}},{"type":"Feature","properties":{"t":"mata"},"geometry":{"type":"Polygon","coordinates":[[[5.6927941,50.0104525],[5.6927442,50.0104348],[5.6926185,50.0103902],[5.6925273,50.0105781],[5.6923449,50.0106263],[5.6918594,50.0109831],[5.6915402,50.0111383],[5.6910896,50.0111745],[5.6899229,50.0104591],[5.6896225,50.0101247],[5.6894615,50.0101868],[5.6906095,50.0115778],[5.6914625,50.0115071],[5.6917709,50.0114261],[5.6920606,50.0112158],[5.6922269,50.0110124],[5.6924361,50.0108573],[5.6926292,50.0106987],[5.692648,50.0106263],[5.6927941,50.0104525]]]}},{"type":"Feature","properties":{"t":"mata"},"geometry":{"type":"Polygon","coordinates":[[[5.6909797,50.005579],[5.690985,50.0056721],[5.6909046,50.0057859],[5.6909555,50.0058118],[5.6911942,50.0056532],[5.6911245,50.0055497],[5.6910145,50.0055342],[5.6909797,50.005579]]]}},{"type":"Feature","properties":{"t":"mata"},"geometry":{"type":"Polygon","coordinates":[[[5.6895876,50.003019],[5.6894857,50.0030483],[5.6904593,50.0042947],[5.690344,50.0044516],[5.6901482,50.0045964],[5.6903145,50.0046619],[5.6907651,50.0043878],[5.690403,50.0040792],[5.690057,50.0035931],[5.6905693,50.00345],[5.6907624,50.0033879],[5.6906457,50.0030218],[5.6900333,50.0030966],[5.6898774,50.0027385],[5.6894021,50.0027582],[5.6895876,50.003019]]]}},{"type":"Feature","properties":{"t":"moita"},"geometry":{"type":"Polygon","coordinates":[[[5.7018077,50.0137806],[5.7015771,50.0135031],[5.7014242,50.0132618],[5.7012123,50.0127671],[5.7010621,50.0123707],[5.7006276,50.0120139],[5.6998551,50.011352],[5.6997827,50.0114054],[5.6997129,50.0117122],[5.6998363,50.0119673],[5.6999275,50.0124379],[5.6992999,50.013148],[5.6989029,50.0129998],[5.6988412,50.0130463],[5.6993562,50.0132877],[5.6997639,50.01351],[5.7006678,50.0137134],[5.7011908,50.0139081],[5.701502,50.0140753],[5.7018077,50.0137806]]]}},{"type":"Feature","properties":{"t":"charneca"},"geometry":{"type":"Polygon","coordinates":[[[5.7153475,50.0160454],[5.7152751,50.0159712],[5.7153395,50.0157386],[5.715251,50.0154697],[5.7151088,50.0153249],[5.7151544,50.0151819],[5.7153019,50.0151078],[5.7155829,50.0150407],[5.7153583,50.0149302],[5.7151839,50.0150043],[5.7150176,50.0151612],[5.7146046,50.0154059],[5.7148889,50.0155231],[5.7147172,50.0158471],[5.7149695,50.0159336],[5.7153207,50.016054],[5.7153475,50.0160454]]]}},{"type":"Feature","properties":{"t":"mata"},"geometry":{"type":"Polygon","coordinates":[[[5.7159269,50.0144855],[5.7163292,50.0138926],[5.7161951,50.0138513],[5.7157713,50.0144338],[5.7159269,50.0144855]]]}},{"type":"Feature","properties":{"t":"moita"},"geometry":{"type":"Polygon","coordinates":[[[5.7126799,50.0115623],[5.7122979,50.0118346],[5.7117668,50.0121552],[5.7113618,50.0124551],[5.7114744,50.0124965],[5.7119438,50.0121466],[5.7123622,50.0118622],[5.7127078,50.0115886],[5.7126799,50.0115623]]]}},{"type":"Feature","properties":{"t":"moita"},"geometry":{"type":"Polygon","coordinates":[[[5.7162166,50.0122345],[5.7163078,50.0121139],[5.7168657,50.0121104],[5.7169881,50.0119912],[5.716748,50.0119302],[5.7156413,50.0122516],[5.7162166,50.0122345]]]}},{"type":"Feature","properties":{"t":"moita"},"geometry":{"type":"Polygon","coordinates":[[[5.7184884,50.0123724],[5.7183757,50.0126241],[5.7189953,50.0127671],[5.7201626,50.013108],[5.7203096,50.0131579],[5.7203243,50.013074],[5.7202533,50.0130653],[5.7185581,50.0125655],[5.7188632,50.0121589],[5.7187164,50.0121311],[5.7184884,50.0123724]]]}},{"type":"Feature","properties":{"t":"mata"},"geometry":{"type":"Polygon","coordinates":[[[5.7351307,50.0125495],[5.7354131,50.0132842],[5.7356009,50.0137013],[5.7359523,50.0136737],[5.735507,50.0127361],[5.7360193,50.0126534],[5.7361615,50.0126154],[5.7363144,50.0127981],[5.7368213,50.0127688],[5.7367891,50.0127137],[5.7364592,50.0127189],[5.7357162,50.0118398],[5.7351744,50.011433],[5.7343939,50.0110366],[5.7340345,50.0108366],[5.7336292,50.0106189],[5.7332513,50.010416],[5.7322401,50.0099075],[5.7311618,50.0093749],[5.7305169,50.0091175],[5.7303934,50.0092473],[5.729574,50.0090215],[5.7289517,50.0088552],[5.7288208,50.0089443],[5.7286794,50.0090405],[5.7293232,50.0092491],[5.729515,50.0092715],[5.7303034,50.0095041],[5.7316422,50.0099314],[5.731902,50.0100143],[5.7336766,50.0109079],[5.7349597,50.0117587],[5.7351582,50.0125446],[5.7351307,50.0125495]]]}},{"type":"Feature","properties":{"t":"charneca"},"geometry":{"type":"Polygon","coordinates":[[[5.7345924,50.0097524],[5.7344797,50.0094697],[5.7342732,50.0091198],[5.733887,50.0089267],[5.7339326,50.0092215],[5.7339889,50.0096231],[5.7342035,50.0098007],[5.7345924,50.0097524]]]}},{"type":"Feature","properties":{"t":"mata"},"geometry":{"type":"Polygon","coordinates":[[[5.7360756,50.010535],[5.7351664,50.010497],[5.7347989,50.010416],[5.7344905,50.0102816],[5.7341042,50.0101161],[5.7332459,50.0095973],[5.7321382,50.0090336],[5.731996,50.0090405],[5.7319601,50.009071],[5.7317828,50.0092215],[5.7320778,50.0094007],[5.7329723,50.0097851],[5.7334363,50.0100713],[5.7337394,50.0102264],[5.7338025,50.0101859],[5.7339004,50.010123],[5.7342651,50.0102902],[5.7346522,50.0104232],[5.7349625,50.0105298],[5.7353139,50.0105987],[5.7361051,50.0106746],[5.7365879,50.0106625],[5.7370949,50.0105867],[5.7370939,50.0105676],[5.7370922,50.0105315],[5.7360756,50.010535]]]}},{"type":"Feature","properties":{"t":"mata"},"geometry":{"type":"Polygon","coordinates":[[[5.7318176,50.0089465],[5.732165,50.0088853],[5.7325324,50.0088095],[5.7333478,50.008688],[5.7340774,50.0085061],[5.7341136,50.0085406],[5.733887,50.0089267],[5.7342732,50.0091198],[5.7344797,50.0094697],[5.734587,50.0094404],[5.7344744,50.0090629],[5.7353622,50.0087923],[5.7353488,50.0084958],[5.7356465,50.0084216],[5.7357511,50.0087199],[5.7362741,50.0086026],[5.7363385,50.008694],[5.7368749,50.0087199],[5.7366201,50.0082768],[5.7369608,50.0081217],[5.7371512,50.007889],[5.7372451,50.0077907],[5.7375616,50.0076959],[5.7375938,50.0075925],[5.7378352,50.0075408],[5.7379371,50.0074011],[5.7385111,50.0073132],[5.7388732,50.0073115],[5.7394024,50.0073658],[5.739423,50.007296],[5.7388571,50.0072133],[5.7383662,50.0072322],[5.7376528,50.0073512],[5.7371163,50.0074718],[5.7369554,50.0076683],[5.7366389,50.0076649],[5.7364136,50.0076994],[5.736073,50.0078097],[5.7359791,50.0079373],[5.7355714,50.0080958],[5.7352602,50.0081251],[5.7352173,50.0080683],[5.7342008,50.0083751],[5.7338038,50.0085078],[5.7330045,50.0086888],[5.7322106,50.0088043],[5.7318136,50.0088784],[5.7317957,50.0089112],[5.7318176,50.0089465]]]}},{"type":"Feature","properties":{"t":"charneca"},"geometry":{"type":"Polygon","coordinates":[[[5.7326745,50.012131],[5.7306145,50.0114182],[5.7303034,50.0113105],[5.7296799,50.0122818],[5.7301748,50.0124724],[5.7309955,50.0125861],[5.731945,50.012562],[5.731945,50.012662],[5.7327335,50.0128226],[5.7331467,50.0129067],[5.7329214,50.0124414],[5.7326745,50.012131]]]}},{"type":"Feature","properties":{"t":"mata"},"geometry":{"type":"Polygon","coordinates":[[[5.7347077,50.0105556],[5.7347721,50.0106625],[5.7354346,50.0108194],[5.7362848,50.0110141],[5.7364833,50.0110136],[5.7369581,50.0110124],[5.7361132,50.0107832],[5.7359174,50.0107556],[5.7352978,50.0106901],[5.7347077,50.0105556]]]}},{"type":"Feature","properties":{"t":"mata"},"geometry":{"type":"Polygon","coordinates":[[[5.7344878,50.0104729],[5.734407,50.0104848],[5.7343242,50.010497],[5.7351556,50.0111589],[5.735212,50.0111227],[5.7345334,50.0105608],[5.7344878,50.0104729]]]}},{"type":"Feature","properties":{"t":"mata"},"geometry":{"type":"Polygon","coordinates":[[[5.7298368,50.0088543],[5.7297993,50.0088026],[5.7291917,50.0087509],[5.7291099,50.0088078],[5.7298368,50.0088543]]]}},{"type":"Feature","properties":{"t":"mata"},"geometry":{"type":"Polygon","coordinates":[[[5.7265377,50.0085475],[5.727101,50.0086699],[5.7274818,50.0088147],[5.7276294,50.0087371],[5.7281765,50.0088647],[5.7286794,50.0090405],[5.7288208,50.0089443],[5.7289517,50.0088552],[5.728898,50.0088431],[5.7291327,50.0087362],[5.7288431,50.0086673],[5.72854,50.0085535],[5.7284555,50.0084794],[5.7283965,50.0085302],[5.7286446,50.0086673],[5.7285695,50.0087233],[5.7280397,50.0086138],[5.7275382,50.0084346],[5.7263151,50.0080786],[5.7263537,50.0081599],[5.7264588,50.0083813],[5.7265377,50.0085475]]]}},{"type":"Feature","properties":{"t":"mata"},"geometry":{"type":"Polygon","coordinates":[[[5.7348418,50.0148079],[5.7349238,50.0149761],[5.7349947,50.0151215],[5.7351583,50.0151801],[5.7354255,50.0151546],[5.7357189,50.0151267],[5.7365772,50.0150147],[5.7377502,50.0146627],[5.7376637,50.0145566],[5.7364197,50.0149358],[5.7358557,50.0149871],[5.7351235,50.0150474],[5.7350457,50.0148423],[5.7348418,50.0148079]]]}},{"type":"Feature","properties":{"t":"moita"},"geometry":{"type":"Polygon","coordinates":[[[5.7356009,50.0137013],[5.7355097,50.0137186],[5.7354969,50.0137641],[5.7354453,50.0139478],[5.7350805,50.0141615],[5.7349962,50.0142249],[5.7349116,50.014246],[5.7347801,50.0146338],[5.7348418,50.0148079],[5.7350457,50.0148423],[5.7351235,50.0150474],[5.7358557,50.0149871],[5.7364197,50.0149358],[5.7359818,50.0146665],[5.7354239,50.0145907],[5.7354614,50.0144201],[5.7361776,50.0144097],[5.736537,50.0145304],[5.737052,50.0143184],[5.7365826,50.0137151],[5.7359523,50.0136737],[5.7356009,50.0137013]]]}},{"type":"Feature","properties":{"t":"mata"},"geometry":{"type":"Polygon","coordinates":[[[5.7287655,50.017294],[5.7289195,50.0175155],[5.7291636,50.0176465],[5.7293657,50.0177705],[5.7295981,50.0178154],[5.7300299,50.0180739],[5.7301748,50.0180136],[5.7298127,50.0177516],[5.7296222,50.0176947],[5.7294425,50.0176568],[5.7292145,50.0175862],[5.7289866,50.0173845],[5.7289383,50.0172225],[5.7287655,50.017294]]]}},{"type":"Feature","properties":{"t":"mata"},"geometry":{"type":"Polygon","coordinates":[[[5.729,50.0154973],[5.7292727,50.0155401],[5.7295927,50.0154818],[5.7297215,50.0152784],[5.730046,50.0151526],[5.7300235,50.0151242],[5.7299843,50.0150595],[5.7297724,50.0151681],[5.7297242,50.0152301],[5.7295793,50.0152956],[5.7293513,50.0152818],[5.7290214,50.015349],[5.729,50.0154973]]]}},{"type":"Feature","properties":{"t":"moita"},"geometry":{"type":"Polygon","coordinates":[[[5.7369447,50.016914],[5.7368562,50.0167916],[5.7366925,50.016914],[5.7361588,50.0170622],[5.7359167,50.0170896],[5.7358785,50.0171402],[5.7361226,50.0171437],[5.7366925,50.0169485],[5.7369447,50.016914]]]}},{"type":"Feature","properties":{"t":"mata"},"geometry":{"type":"Polygon","coordinates":[[[5.727911,50.0173225],[5.7279888,50.017674],[5.727624,50.0179305],[5.7275221,50.0179188],[5.7273772,50.0179326],[5.7270768,50.0176241],[5.7269213,50.0176947],[5.7272837,50.0180934],[5.7274899,50.0183203],[5.7275838,50.0182704],[5.7274631,50.0180549],[5.7277662,50.0179912],[5.7283482,50.0175689],[5.7283252,50.0175404],[5.7281318,50.0172444],[5.727911,50.0173225]]]}},{"type":"Feature","properties":{"t":"mata"},"geometry":{"type":"Polygon","coordinates":[[[5.7211304,50.0165159],[5.7210204,50.0166779],[5.7215139,50.0168364],[5.7211009,50.0175034],[5.7211491,50.0175827],[5.7213342,50.0175276],[5.7218385,50.0167658],[5.7211304,50.0165159]]]}},{"type":"Feature","properties":{"t":"mata"},"geometry":{"type":"Polygon","coordinates":[[[5.7300889,50.0212363],[5.7304698,50.0217274],[5.7305417,50.021688],[5.7302016,50.021257],[5.7301562,50.021212],[5.7300889,50.0212363]]]}},{"type":"Feature","properties":{"t":"moita"},"geometry":{"type":"Polygon","coordinates":[[[5.738841,50.029275],[5.7387014,50.0291036],[5.7381329,50.0294679],[5.7382402,50.0295886],[5.7385164,50.0294094],[5.738841,50.029275]]]}},{"type":"Feature","properties":{"t":"mata"},"geometry":{"type":"Polygon","coordinates":[[[5.7196349,50.0184591],[5.7197088,50.0180773],[5.7185233,50.0179722],[5.7184213,50.0181514],[5.7183702,50.0183573],[5.7182416,50.0185513],[5.7173753,50.0198335],[5.7169998,50.0205332],[5.7169415,50.0205463],[5.7167932,50.0205797],[5.7167849,50.0205991],[5.7164687,50.0213363],[5.7160905,50.0219911],[5.7156667,50.0229045],[5.7157686,50.0229062],[5.7162514,50.0219877],[5.7163963,50.0220221],[5.7167852,50.0211932],[5.7170695,50.0207641],[5.7173243,50.0205142],[5.7175416,50.0203815],[5.7175899,50.0198783],[5.7178286,50.0199438],[5.7183757,50.0201127],[5.718652,50.0200661],[5.718762,50.0196525],[5.7188371,50.0193596],[5.7188103,50.0187891],[5.7189015,50.0186788],[5.7195049,50.0188063],[5.7196349,50.0184591]]]}},{"type":"Feature","properties":{"t":"moita"},"geometry":{"type":"Polygon","coordinates":[[[5.7159188,50.0175724],[5.7165706,50.0177206],[5.7168388,50.0177775],[5.7176891,50.0179326],[5.7180807,50.0179946],[5.7182899,50.0181221],[5.7183784,50.0180997],[5.7183918,50.0179912],[5.7183355,50.0179567],[5.7172948,50.0177895],[5.716289,50.0175603],[5.7157445,50.0173983],[5.7156989,50.0174586],[5.7159188,50.0175724]]]}},{"type":"Feature","properties":{"t":"mata"},"geometry":{"type":"Polygon","coordinates":[[[5.7541315,50.0312317],[5.7549208,50.0301761],[5.7542154,50.0297798],[5.753023,50.030427],[5.7541315,50.0312317]]]}},{"type":"Feature","properties":{"t":"mata"},"geometry":{"type":"Polygon","coordinates":[[[5.7498214,50.0283839],[5.7499829,50.0282635],[5.7497495,50.0281774],[5.750801,50.0271556],[5.7486016,50.0261251],[5.747646,50.0254923],[5.7471428,50.0256929],[5.7467994,50.026125],[5.7462985,50.0269524],[5.7447816,50.0280649],[5.7445812,50.029021],[5.7446098,50.0299219],[5.7449839,50.0304371],[5.7476159,50.0294568],[5.7498214,50.0283839]]]}},{"type":"Feature","properties":{"t":"mata"},"geometry":{"type":"Polygon","coordinates":[[[5.7608083,50.0403563],[5.7607231,50.0402739],[5.7605857,50.0401409],[5.7600573,50.0400514],[5.7598883,50.0397155],[5.7596227,50.0398464],[5.7592845,50.0399234],[5.759207,50.0399411],[5.7591131,50.0399515],[5.7584292,50.0397396],[5.7583514,50.0397999],[5.758861,50.0399291],[5.7593921,50.0400514],[5.7593965,50.0400818],[5.7594028,50.0401254],[5.759789,50.0404011],[5.7595852,50.0404751],[5.7591587,50.0405182],[5.7590246,50.040532],[5.7590783,50.0406681],[5.7598668,50.0406216],[5.7605025,50.0403287],[5.7605991,50.0403408],[5.7607466,50.0404217],[5.7608083,50.0403563]]]}},{"type":"Feature","properties":{"t":"mata"},"geometry":{"type":"Polygon","coordinates":[[[5.7613796,50.0384544],[5.7613903,50.0380134],[5.7611811,50.0378894],[5.7611574,50.0379518],[5.7610685,50.0381857],[5.7611221,50.0387542],[5.7612078,50.0387559],[5.7612938,50.0387576],[5.7613796,50.0384544]]]}},{"type":"Feature","properties":{"t":"mata"},"geometry":{"type":"Polygon","coordinates":[[[5.7438648,50.03668],[5.7428563,50.035574],[5.7427597,50.0355912],[5.7450557,50.0382649],[5.7458979,50.0394949],[5.7459891,50.0394622],[5.7459086,50.0393261],[5.7452515,50.0383838],[5.744825,50.0377688],[5.7438648,50.03668]]]}},{"type":"Feature","properties":{"t":"moita"},"geometry":{"type":"Polygon","coordinates":[[[5.7588912,50.0374257],[5.7584922,50.0377007],[5.7588328,50.0379075],[5.7591855,50.0376568],[5.7588912,50.0374257]]]}},{"type":"Feature","properties":{"t":"mata"},"geometry":{"type":"Polygon","coordinates":[[[5.7562346,50.0363749],[5.7574475,50.0372882],[5.7585472,50.0381116],[5.7587618,50.0379721],[5.7584521,50.0377298],[5.7577398,50.0371727],[5.75822,50.0368988],[5.7588912,50.0374257],[5.7591855,50.0376568],[5.7593036,50.037581],[5.7597944,50.0373364],[5.7600814,50.0372571],[5.7601038,50.0372922],[5.7602059,50.0374521],[5.7604247,50.0377946],[5.7607198,50.0377085],[5.7610068,50.0378567],[5.7615848,50.0375362],[5.7611334,50.0370494],[5.7603502,50.0366904],[5.758463,50.0351482],[5.757196,50.0354824],[5.7562346,50.0363749]]]}},{"type":"Feature","properties":{"t":"moita"},"geometry":{"type":"Polygon","coordinates":[[[5.7065874,50.0215465],[5.7070334,50.0214653],[5.707089,50.0214552],[5.7074082,50.0214345],[5.7076791,50.0213914],[5.7079902,50.0213931],[5.7084623,50.0214241],[5.708663,50.0214623],[5.708752,50.0214793],[5.709326,50.0216947],[5.709672,50.0218377],[5.7097068,50.0217878],[5.709106,50.0215448],[5.7087064,50.0214224],[5.7079205,50.0213363],[5.707207,50.0214017],[5.7065959,50.0215297],[5.7065874,50.0215465]]]}},{"type":"Feature","properties":{"t":"mata"},"geometry":{"type":"Polygon","coordinates":[[[5.7134485,50.0216016],[5.7133746,50.0215736],[5.7133305,50.0215568],[5.7128477,50.0221169],[5.7127243,50.0226012],[5.7134831,50.0226911],[5.7146287,50.0228269],[5.7146336,50.0227867],[5.7146394,50.022739],[5.7142964,50.0226971],[5.7128504,50.0225202],[5.7129657,50.0222048],[5.7134485,50.0216016]]]}},{"type":"Feature","properties":{"t":"mata"},"geometry":{"type":"Polygon","coordinates":[[[5.7197008,50.0262578],[5.719969,50.0261406],[5.7199475,50.0259477],[5.7197329,50.0259838],[5.7195747,50.0262423],[5.7197008,50.0262578]]]}},{"type":"Feature","properties":{"t":"mata"},"geometry":{"type":"Polygon","coordinates":[[[5.7197115,50.0255462],[5.719218,50.025715],[5.7193628,50.0258615],[5.719867,50.025703],[5.7197115,50.0255462]]]}},{"type":"Feature","properties":{"t":"mata"},"geometry":{"type":"Polygon","coordinates":[[[5.7159351,50.0230848],[5.7153816,50.0230835],[5.7149386,50.0245512],[5.7150406,50.0246604],[5.7149672,50.0249078],[5.7151678,50.0249758],[5.7151952,50.0249725],[5.715258,50.0249649],[5.7154666,50.0249397],[5.7159351,50.0230848]]]}},{"type":"Feature","properties":{"t":"mata"},"geometry":{"type":"Polygon","coordinates":[[[5.7200092,50.0245708],[5.718652,50.0233335],[5.7184642,50.0234473],[5.7195371,50.0244054],[5.7198751,50.0246156],[5.7200092,50.0245708]]]}},{"type":"Feature","properties":{"t":"mata"},"geometry":{"type":"Polygon","coordinates":[[[5.717842,50.0222048],[5.7178205,50.0220359],[5.7173699,50.0220359],[5.7173833,50.0221186],[5.717622,50.0221255],[5.7176515,50.0222255],[5.717842,50.0222048]]]}},{"type":"Feature","properties":{"t":"mata"},"geometry":{"type":"Polygon","coordinates":[[[5.7176891,50.0202919],[5.7179117,50.0203212],[5.7179895,50.0201782],[5.7176998,50.0200799],[5.7176891,50.0202919]]]}},{"type":"Feature","properties":{"t":"mata"},"geometry":{"type":"Polygon","coordinates":[[[5.718129,50.0210347],[5.7181719,50.0205418],[5.7180002,50.0206555],[5.7179466,50.0209933],[5.7177722,50.0210226],[5.7178205,50.0211863],[5.718129,50.0210347]]]}},{"type":"Feature","properties":{"t":"mata"},"geometry":{"type":"Polygon","coordinates":[[[5.7180619,50.0217326],[5.7183355,50.0213759],[5.7181236,50.0212656],[5.717909,50.0215448],[5.7179037,50.0217068],[5.7180619,50.0217326]]]}},{"type":"Feature","properties":{"t":"mata"},"geometry":{"type":"Polygon","coordinates":[[[5.7184884,50.0220032],[5.7186177,50.0218863],[5.7187191,50.0217947],[5.7186976,50.0216327],[5.7184911,50.0216309],[5.7183945,50.021774],[5.7184026,50.0219704],[5.7184884,50.0220032]]]}},{"type":"Feature","properties":{"t":"mata"},"geometry":{"type":"Polygon","coordinates":[[[5.7190248,50.0205625],[5.7187808,50.0205832],[5.7186815,50.0208692],[5.7184777,50.0215482],[5.7187781,50.0215138],[5.7190248,50.0205625]]]}},{"type":"Feature","properties":{"t":"mata"},"geometry":{"type":"Polygon","coordinates":[[[5.7160771,50.0202471],[5.7160552,50.0203157],[5.7160315,50.0203901],[5.716761,50.0205539],[5.7167893,50.0205182],[5.7168388,50.0204556],[5.7160771,50.0202471]]]}},{"type":"Feature","properties":{"t":"mata"},"geometry":{"type":"Polygon","coordinates":[[[5.7098168,50.0195922],[5.7091892,50.0193889],[5.7086661,50.0192803],[5.7085642,50.0192165],[5.7084596,50.0192096],[5.7080948,50.0192493],[5.7083765,50.0193148],[5.7084355,50.0193871],[5.7085937,50.0194078],[5.7086849,50.0193354],[5.7093099,50.0194768],[5.7097846,50.0196198],[5.7098168,50.0195922]]]}},{"type":"Feature","properties":{"t":"mata"},"geometry":{"type":"Polygon","coordinates":[[[5.7317891,50.0253606],[5.732857,50.0265663],[5.7329321,50.0265387],[5.7323018,50.0257788],[5.7320003,50.0253152],[5.7318431,50.0253532],[5.7317891,50.0253606]]]}},{"type":"Feature","properties":{"t":"moita"},"geometry":{"type":"Polygon","coordinates":[[[5.7311994,50.0227735],[5.7311109,50.0228097],[5.7319155,50.0237127],[5.7320014,50.0236765],[5.7311994,50.0227735]]]}},{"type":"Feature","properties":{"t":"moita"},"geometry":{"type":"Polygon","coordinates":[[[5.7294613,50.0215861],[5.72981,50.0211863],[5.7297322,50.0211105],[5.7293889,50.0215155],[5.7294613,50.0215861]]]}},{"type":"Feature","properties":{"t":"mata"},"geometry":{"type":"Polygon","coordinates":[[[5.7229476,50.020572],[5.7223414,50.0207641],[5.7225033,50.0210148],[5.7231501,50.0208296],[5.7231259,50.0208037],[5.7225573,50.0209571],[5.722442,50.0207727],[5.7229757,50.0206107],[5.7229476,50.020572]]]}},{"type":"Feature","properties":{"t":"moita"},"geometry":{"type":"Polygon","coordinates":[[[5.7263786,50.019539],[5.7263773,50.0194946],[5.7263231,50.0194972],[5.726211,50.0196392],[5.7261201,50.0196988],[5.7260025,50.0198192],[5.7261769,50.0198953],[5.7264042,50.0199717],[5.7264388,50.019805],[5.7265182,50.019677],[5.7263508,50.0195966],[5.7263786,50.019539]]]}},{"type":"Feature","properties":{"t":"moita"},"geometry":{"type":"Polygon","coordinates":[[[5.7224233,50.0188069],[5.7224071,50.0187719],[5.7222368,50.0187624],[5.7222569,50.0182928],[5.7209319,50.0181842],[5.7209318,50.0182488],[5.7221724,50.0183367],[5.7221563,50.0188124],[5.7224233,50.0188069]]]}},{"type":"Feature","properties":{"t":"moita"},"geometry":{"type":"Polygon","coordinates":[[[5.7193682,50.0231009],[5.7202613,50.0228131],[5.7202886,50.0226027],[5.719414,50.0225751],[5.719414,50.0223944],[5.7191224,50.0223887],[5.7193682,50.0231009]]]}},{"type":"Feature","properties":{"t":"mata"},"geometry":{"type":"Polygon","coordinates":[[[5.7347399,50.030724],[5.7345441,50.0305758],[5.7339486,50.0302829],[5.7338306,50.0304518],[5.7343724,50.0308205],[5.7347399,50.030724]]]}},{"type":"Feature","properties":{"t":"mata"},"geometry":{"type":"Polygon","coordinates":[[[5.7376045,50.0334876],[5.7373014,50.0315717],[5.7368749,50.0315734],[5.737288,50.0334962],[5.7376045,50.0334876]]]}},{"type":"Feature","properties":{"t":"mata"},"geometry":{"type":"Polygon","coordinates":[[[5.7333532,50.03111],[5.7330018,50.0307964],[5.7314274,50.0317009],[5.731819,50.0319577],[5.7319155,50.0319232],[5.7318458,50.0318112],[5.7333532,50.03111]]]}},{"type":"Feature","properties":{"t":"mata"},"geometry":{"type":"Polygon","coordinates":[[[5.732637,50.0298487],[5.7328597,50.0296626],[5.7326987,50.0296006],[5.7325968,50.0297712],[5.7325298,50.0296988],[5.7325083,50.0294593],[5.7321435,50.0292457],[5.7318056,50.0295679],[5.731076,50.030065],[5.7311164,50.0300731],[5.7312088,50.0300917],[5.731257,50.030127],[5.7313228,50.0301649],[5.7312007,50.0303906],[5.7310411,50.0303691],[5.7310814,50.0301856],[5.7309633,50.030158],[5.7307394,50.0305035],[5.7307407,50.0307438],[5.7307582,50.0309316],[5.7308547,50.0310815],[5.7309104,50.0310659],[5.7311162,50.0310083],[5.7309781,50.0308257],[5.7313228,50.0305664],[5.7318042,50.0302476],[5.7319263,50.030177],[5.7319155,50.0301055],[5.7320926,50.0299478],[5.7323447,50.0301218],[5.7325445,50.0299573],[5.732637,50.0298487]]]}},{"type":"Feature","properties":{"t":"mata"},"geometry":{"type":"Polygon","coordinates":[[[5.7204071,50.0363586],[5.720543,50.0364371],[5.7204545,50.0365784],[5.7199475,50.0366456],[5.7196149,50.0366645],[5.7196176,50.0367041],[5.7200146,50.0367317],[5.7204974,50.0366921],[5.7205859,50.0367868],[5.7209024,50.0367438],[5.7213315,50.0368833],[5.7218712,50.0369858],[5.7218921,50.0369333],[5.721361,50.0368213],[5.7209641,50.036699],[5.7208273,50.0366766],[5.7209051,50.0364526],[5.7206619,50.0362381],[5.7204071,50.0363586]]]}},{"type":"Feature","properties":{"t":"mata"},"geometry":{"type":"Polygon","coordinates":[[[5.7368481,50.029306],[5.7368347,50.02943],[5.7366925,50.0295058],[5.7364699,50.029561],[5.7359442,50.0297333],[5.7359785,50.0297668],[5.7360005,50.0297884],[5.7365906,50.0296988],[5.7368642,50.0295954],[5.7370439,50.0296316],[5.7371646,50.029561],[5.7369232,50.0293129],[5.7368481,50.029306]]]}},{"type":"Feature","properties":{"t":"mata"},"geometry":{"type":"Polygon","coordinates":[[[5.7363921,50.0288063],[5.7364377,50.0287787],[5.7355848,50.027788],[5.7355216,50.0278064],[5.7356974,50.0280206],[5.7356599,50.0280499],[5.7362983,50.0288149],[5.7363921,50.0288063]]]}},{"type":"Feature","properties":{"t":"mata"},"geometry":{"type":"Polygon","coordinates":[[[5.7330001,50.0249579],[5.733203,50.0251653],[5.7332566,50.0251378],[5.7330498,50.0249394],[5.7330001,50.0249579]]]}},{"type":"Feature","properties":{"t":"mata"},"geometry":{"type":"Polygon","coordinates":[[[5.7339326,50.0260407],[5.7340211,50.0259993],[5.733844,50.0257753],[5.7337394,50.025815],[5.7339326,50.0260407]]]}},{"type":"Feature","properties":{"t":"mata"},"geometry":{"type":"Polygon","coordinates":[[[5.7344851,50.0264887],[5.7341874,50.0266921],[5.7344851,50.0269833],[5.7347694,50.0270608],[5.7351742,50.0274549],[5.7354668,50.0277397],[5.7355419,50.0277052],[5.7344851,50.0264887]]]}},{"type":"Feature","properties":{"t":"mata"},"geometry":{"type":"Polygon","coordinates":[[[5.732629,50.0240263],[5.732452,50.0238522],[5.7323635,50.0238781],[5.7325163,50.0240556],[5.732629,50.0240263]]]}},{"type":"Feature","properties":{"t":"mata"},"geometry":{"type":"Polygon","coordinates":[[[5.733726,50.0254221],[5.7338226,50.0253911],[5.7328463,50.0242899],[5.7327604,50.0243382],[5.733726,50.0254221]]]}},{"type":"Feature","properties":{"t":"mata"},"geometry":{"type":"Polygon","coordinates":[[[5.7401365,50.0410936],[5.7400829,50.0408765],[5.7334202,50.0443354],[5.7335597,50.0445008],[5.7356138,50.0434367],[5.7401365,50.0410936]]]}},{"type":"Feature","properties":{"t":"mata"},"geometry":{"type":"Polygon","coordinates":[[[5.7287725,50.036552],[5.7290965,50.0368764],[5.729609,50.0370797],[5.7299829,50.0372855],[5.7302156,50.0374136],[5.7318527,50.0381097],[5.734204,50.03827],[5.7369874,50.0385102],[5.738906,50.0391326],[5.7392675,50.0393192],[5.7390371,50.0389044],[5.7388412,50.0386354],[5.739751,50.0387642],[5.7392549,50.0392266],[5.7399494,50.0403991],[5.7401409,50.0409516],[5.7402895,50.0412274],[5.7427973,50.0401702],[5.7427654,50.0401252],[5.7426149,50.0399118],[5.7434094,50.0396305],[5.7433873,50.0396104],[5.743247,50.0394662],[5.7427826,50.0389965],[5.7410388,50.0372327],[5.7415259,50.0354672],[5.7428348,50.0359496],[5.7410377,50.0340028],[5.7408875,50.0340407],[5.7418585,50.0350365],[5.7417169,50.0351082],[5.741381,50.0349331],[5.7410538,50.0346988],[5.7396913,50.0343542],[5.7392081,50.0342933],[5.7389489,50.0342606],[5.7386774,50.0342181],[5.7389134,50.0344765],[5.7375804,50.0343921],[5.7373738,50.034113],[5.7366845,50.0340837],[5.7365818,50.0340987],[5.7365112,50.034109],[5.7360329,50.0341787],[5.7345656,50.0341285],[5.7336161,50.0341492],[5.7331496,50.033975],[5.7321703,50.0343852],[5.7321034,50.0345867],[5.730781,50.0354034],[5.7300675,50.0357066],[5.7291663,50.0360753],[5.7290241,50.0361591],[5.7287725,50.036552]]]}},{"type":"Feature","properties":{"t":"moita"},"geometry":{"type":"Polygon","coordinates":[[[5.731025,50.0315545],[5.729523,50.031999],[5.729531,50.03203],[5.7304618,50.0317785],[5.7305154,50.0317836],[5.731076,50.0315855],[5.731025,50.0315545]]]}},{"type":"Feature","properties":{"t":"mata"},"geometry":{"type":"Polygon","coordinates":[[[5.7307316,50.032866],[5.730851,50.0330624],[5.7311672,50.0329621],[5.7317358,50.0327623],[5.7316209,50.0324877],[5.7315175,50.0325791],[5.7315752,50.0326205],[5.7316074,50.0326929],[5.7315363,50.0327566],[5.7313552,50.0328135],[5.7309864,50.0328962],[5.7308389,50.0329013],[5.7307316,50.032866]]]}},{"type":"Feature","properties":{"t":"mata"},"geometry":{"type":"Polygon","coordinates":[[[5.7315175,50.0325791],[5.7316209,50.0324877],[5.7316554,50.0324573],[5.7310036,50.0320834],[5.7307799,50.0321639],[5.7308738,50.0322811],[5.7309945,50.0322681],[5.7312037,50.0322647],[5.7312131,50.0323164],[5.7311366,50.0323353],[5.7311219,50.0323689],[5.7310226,50.0324327],[5.7308764,50.0324706],[5.7305962,50.032543],[5.7306203,50.0325671],[5.7307826,50.0325498],[5.7309596,50.0325361],[5.7310079,50.0325145],[5.7311058,50.0324534],[5.7311983,50.0324146],[5.731311,50.032499],[5.7313888,50.0325662],[5.7315175,50.0325791]]]}},{"type":"Feature","properties":{"t":"mata"},"geometry":{"type":"Polygon","coordinates":[[[5.7442483,50.0418119],[5.744302,50.0419463],[5.7445031,50.0423252],[5.7447767,50.0425629],[5.7447976,50.0425474],[5.7448277,50.042525],[5.7445434,50.0422029],[5.7449591,50.0420978],[5.7449403,50.0420668],[5.7444951,50.0421426],[5.7443073,50.0418067],[5.7442483,50.0418119]]]}},{"type":"Feature","properties":{"t":"moita"},"geometry":{"type":"Polygon","coordinates":[[[5.7459623,50.0417774],[5.7451361,50.0419859],[5.7451656,50.042041],[5.7462986,50.0417561],[5.7462653,50.0417016],[5.7459623,50.0417774]]]}},{"type":"Feature","properties":{"t":"mata"},"geometry":{"type":"Polygon","coordinates":[[[5.7452097,50.0390092],[5.7454199,50.0393353],[5.7454343,50.0393577],[5.7455282,50.0395036],[5.7456645,50.039457],[5.7453375,50.038967],[5.7452097,50.0390092]]]}},{"type":"Feature","properties":{"t":"mata"},"geometry":{"type":"Polygon","coordinates":[[[5.743247,50.0394662],[5.7440847,50.0390453],[5.7441464,50.0390729],[5.744707,50.0387421],[5.7446185,50.0386594],[5.7449833,50.038451],[5.7433122,50.0364698],[5.7431969,50.0364871],[5.7447472,50.0384028],[5.7445729,50.0385716],[5.7432371,50.0392021],[5.7428589,50.0389661],[5.7427826,50.0389965],[5.743247,50.0394662]]]}},{"type":"Feature","properties":{"t":"mata"},"geometry":{"type":"Polygon","coordinates":[[[5.7514769,50.041147],[5.7514635,50.0411969],[5.7525659,50.041426],[5.7525337,50.0415259],[5.7523781,50.0416655],[5.7524425,50.0416861],[5.7527,50.0414364],[5.7531264,50.0415173],[5.7527778,50.04237],[5.7524328,50.0425327],[5.7515826,50.0429337],[5.7512484,50.0430913],[5.7509699,50.0432227],[5.7506319,50.0430762],[5.7503101,50.0429367],[5.7502297,50.0429608],[5.750117,50.0428368],[5.7501841,50.0426921],[5.7501243,50.0426805],[5.7500955,50.0426749],[5.7499829,50.0429729],[5.750227,50.0430194],[5.7507929,50.0432554],[5.7506481,50.0433743],[5.7507554,50.0434363],[5.750978,50.0433295],[5.7518604,50.0429333],[5.7528824,50.0424424],[5.752987,50.0422908],[5.7533088,50.0414605],[5.7532667,50.0414533],[5.7514769,50.041147]]]}},{"type":"Feature","properties":{"t":"mata"},"geometry":{"type":"Polygon","coordinates":[[[5.7605642,50.0449658],[5.7606681,50.0448891],[5.7607788,50.0448074],[5.760811,50.0443406],[5.760996,50.0435982],[5.7609263,50.0435792],[5.7606313,50.0443888],[5.7604634,50.0448241],[5.760422,50.0449314],[5.7605642,50.0449658]]]}},{"type":"Feature","properties":{"t":"mata"},"geometry":{"type":"Polygon","coordinates":[[[5.7568252,50.0416689],[5.7562217,50.0415501],[5.7561976,50.0417482],[5.7567662,50.0418515],[5.7568252,50.0416689]]]}},{"type":"Feature","properties":{"t":"mata"},"geometry":{"type":"Polygon","coordinates":[[[5.7508707,50.0479732],[5.7507634,50.048018],[5.751326,50.0489413],[5.7521175,50.0502403],[5.7522494,50.0504568],[5.7524264,50.0504224],[5.7508707,50.0479732]]]}},{"type":"Feature","properties":{"t":"mata"},"geometry":{"type":"Polygon","coordinates":[[[5.748556,50.0452087],[5.748454,50.0452707],[5.7486418,50.0455463],[5.7485506,50.0457056],[5.7487303,50.0459787],[5.7491675,50.045865],[5.7492077,50.0457496],[5.7493606,50.0457272],[5.7494675,50.0459107],[5.7499856,50.0468003],[5.749948,50.0470655],[5.7501063,50.0471103],[5.7501867,50.0470311],[5.7502967,50.0471757],[5.7504228,50.047143],[5.7494261,50.0455559],[5.748967,50.0457374],[5.748556,50.0452087]]]}},{"type":"Feature","properties":{"t":"mata"},"geometry":{"type":"Polygon","coordinates":[[[5.7535368,50.0519207],[5.7535614,50.0519121],[5.7536548,50.0518794],[5.7534537,50.0515514],[5.7525605,50.0500951],[5.7524876,50.0501244],[5.7524747,50.0501296],[5.7535368,50.0519207]]]}},{"type":"Feature","properties":{"t":"mata"},"geometry":{"type":"Polygon","coordinates":[[[5.7523647,50.0499832],[5.7523942,50.0499697],[5.7524666,50.0499367],[5.752185,50.0495061],[5.7521021,50.0495238],[5.7520643,50.0495319],[5.7523647,50.0499832]]]}},{"type":"Feature","properties":{"t":"mata"},"geometry":{"type":"Polygon","coordinates":[[[5.750758,50.047422],[5.7508519,50.0473945],[5.7507151,50.0471706],[5.7508466,50.0471344],[5.7508097,50.0470585],[5.7507956,50.0470293],[5.7506427,50.0470224],[5.7504469,50.0467107],[5.7503262,50.0467331],[5.750758,50.047422]]]}},{"type":"Feature","properties":{"t":"mata"},"geometry":{"type":"Polygon","coordinates":[[[5.7663026,50.0576727],[5.7662478,50.0577225],[5.7664704,50.0579102],[5.7663095,50.0582822],[5.7664758,50.058754],[5.7663122,50.0595048],[5.7660574,50.060321],[5.7654917,50.0613182],[5.7654029,50.0614747],[5.7651669,50.0617571],[5.7647055,50.0619534],[5.7640886,50.0620946],[5.7641101,50.0621462],[5.7646787,50.0620257],[5.7652473,50.0617812],[5.7654405,50.06164],[5.7658428,50.0609547],[5.7662183,50.0601626],[5.7665563,50.0588263],[5.7664972,50.0582478],[5.766508,50.0581066],[5.766736,50.057893],[5.7666933,50.05783],[5.7664302,50.0577346],[5.7663026,50.0576727]]]}},{"type":"Feature","properties":{"t":"mata"},"geometry":{"type":"Polygon","coordinates":[[[5.761106,50.0532072],[5.7611918,50.0532675],[5.7616881,50.0530212],[5.7618427,50.0529365],[5.7618061,50.0529093],[5.7615405,50.0529954],[5.761106,50.0532072]]]}},{"type":"Feature","properties":{"t":"moita"},"geometry":{"type":"Polygon","coordinates":[[[5.7682339,50.0610711],[5.7678708,50.0610395],[5.7680663,50.0613972],[5.7680851,50.0615642],[5.7680261,50.0616434],[5.768069,50.0617399],[5.7679269,50.0621255],[5.767605,50.0626714],[5.7675219,50.0627282],[5.7676318,50.0627626],[5.7678571,50.0623735],[5.7681897,50.0617898],[5.7682219,50.0614041],[5.7682339,50.0610711]]]}},{"type":"Feature","properties":{"t":"mata"},"geometry":{"type":"Polygon","coordinates":[[[5.7667252,50.0637423],[5.7668352,50.0636063],[5.7672134,50.0634169],[5.7676104,50.0630467],[5.7675353,50.0629193],[5.7676318,50.0627626],[5.7675219,50.0627282],[5.7674253,50.0628832],[5.7672697,50.0628832],[5.767082,50.0631277],[5.7672134,50.0631914],[5.7669532,50.0634651],[5.766634,50.0636459],[5.7665884,50.0637854],[5.7667252,50.0637423]]]}},{"type":"Feature","properties":{"t":"mata"},"geometry":{"type":"Polygon","coordinates":[[[5.7637426,50.0621083],[5.7638124,50.0620877],[5.7632482,50.0607946],[5.7631606,50.0607756],[5.7637426,50.0621083]]]}},{"type":"Feature","properties":{"t":"moita"},"geometry":{"type":"Polygon","coordinates":[[[5.7637748,50.0604846],[5.7629648,50.0602487],[5.7631606,50.0607756],[5.7632482,50.0607946],[5.7637319,50.0608996],[5.7638016,50.06081],[5.7637748,50.0604846]]]}},{"type":"Feature","properties":{"t":"mata"},"geometry":{"type":"Polygon","coordinates":[[[5.7640189,50.0608531],[5.7644078,50.060073],[5.7642902,50.0600293],[5.7640162,50.0604123],[5.7637748,50.0604846],[5.7638016,50.06081],[5.7640189,50.0608531]]]}},{"type":"Feature","properties":{"t":"moita"},"geometry":{"type":"Polygon","coordinates":[[[5.7645392,50.0594566],[5.7646921,50.0595117],[5.7652286,50.0585095],[5.7651454,50.0584785],[5.7649845,50.0587093],[5.7648423,50.0590364],[5.7645392,50.0594566]]]}},{"type":"Feature","properties":{"t":"mata"},"geometry":{"type":"Polygon","coordinates":[[[5.7626697,50.059584],[5.7627073,50.0595737],[5.7626666,50.0594887],[5.7625195,50.0591811],[5.7624096,50.0591914],[5.7626697,50.059584]]]}},{"type":"Feature","properties":{"t":"mata"},"geometry":{"type":"Polygon","coordinates":[[[5.7577023,50.0585887],[5.757772,50.0585698],[5.7576835,50.0584182],[5.7578284,50.058308],[5.7573509,50.0578689],[5.7572517,50.0578947],[5.7577023,50.0585887]]]}},{"type":"Feature","properties":{"t":"mata"},"geometry":{"type":"Polygon","coordinates":[[[5.7583353,50.0595857],[5.7584158,50.0595668],[5.7580912,50.0590209],[5.7580081,50.0590485],[5.7583353,50.0595857]]]}},{"type":"Feature","properties":{"t":"moita"},"geometry":{"type":"Polygon","coordinates":[[[5.7600278,50.0597769],[5.7599607,50.0597597],[5.7593572,50.0603038],[5.7594913,50.0603778],[5.7600278,50.0597769]]]}},{"type":"Feature","properties":{"t":"mata"},"geometry":{"type":"Polygon","coordinates":[[[5.7626094,50.0631364],[5.7628414,50.0627626],[5.7622728,50.0625732],[5.7620085,50.0629719],[5.7620789,50.062991],[5.7623318,50.0626972],[5.7626885,50.0627936],[5.7625279,50.0631128],[5.7626094,50.0631364]]]}},{"type":"Feature","properties":{"t":"mata"},"geometry":{"type":"Polygon","coordinates":[[[5.756576,50.0593811],[5.7566043,50.059375],[5.7567649,50.0593404],[5.7569526,50.0592749],[5.7571699,50.0591699],[5.7571404,50.0590829],[5.7573362,50.0589486],[5.7572637,50.0589176],[5.7570277,50.0590536],[5.7569312,50.0590476],[5.7567018,50.0589701],[5.7568306,50.0587979],[5.7567354,50.0587618],[5.7565838,50.058866],[5.7561479,50.0585982],[5.7557982,50.0588997],[5.7558408,50.0589073],[5.7559988,50.0589669],[5.7559736,50.0589021],[5.756164,50.0587377],[5.7563679,50.0588599],[5.7564577,50.0589348],[5.7564551,50.0589882],[5.756447,50.0590907],[5.7564127,50.059123],[5.7565572,50.0593554],[5.756576,50.0593811]]]}},{"type":"Feature","properties":{"t":"mata"},"geometry":{"type":"Polygon","coordinates":[[[5.7467688,50.0442745],[5.746496,50.044108],[5.7464307,50.0441454],[5.7463869,50.0441705],[5.7463485,50.0441925],[5.7465416,50.0442407],[5.7466868,50.0443389],[5.7468259,50.0444525],[5.7465148,50.0447109],[5.7466248,50.044766],[5.746842,50.0445921],[5.7469788,50.0446661],[5.7472118,50.0444907],[5.7467688,50.0442745]]]}},{"type":"Feature","properties":{"t":"mata"},"geometry":{"type":"Polygon","coordinates":[[[5.7415313,50.0431262],[5.7415282,50.0431008],[5.7415259,50.0430814],[5.7408312,50.0431641],[5.7408419,50.0432158],[5.7415313,50.0431262]]]}},{"type":"Feature","properties":{"t":"mata"},"geometry":{"type":"Polygon","coordinates":[[[5.7446775,50.0434139],[5.7448545,50.043314],[5.7447231,50.043233],[5.7446346,50.0432554],[5.7444227,50.0430969],[5.7442671,50.0429281],[5.7440364,50.042985],[5.7442296,50.0431882],[5.744538,50.0433243],[5.7446775,50.0434139]]]}},{"type":"Feature","properties":{"t":"mata"},"geometry":{"type":"Polygon","coordinates":[[[5.7440311,50.042854],[5.7438916,50.0426508],[5.7438487,50.0425268],[5.7437012,50.0426026],[5.7439613,50.0429109],[5.7440311,50.042854]]]}},{"type":"Feature","properties":{"t":"mata"},"geometry":{"type":"Polygon","coordinates":[[[5.7474227,50.0431656],[5.746386,50.042718],[5.7462505,50.0427921],[5.7472685,50.0431917],[5.7470593,50.0433346],[5.7468447,50.0433622],[5.7466999,50.0435396],[5.7465818,50.0436326],[5.7461286,50.0438721],[5.7461634,50.0439186],[5.7469708,50.0435327],[5.74729,50.0433381],[5.7473811,50.0432864],[5.7474227,50.0431656]]]}},{"type":"Feature","properties":{"t":"mata"},"geometry":{"type":"Polygon","coordinates":[[[5.7456645,50.0431124],[5.745635,50.0430852],[5.7454446,50.0431348],[5.7451576,50.0428334],[5.7451143,50.0428468],[5.7450798,50.0428575],[5.7454017,50.0431589],[5.7452515,50.0432175],[5.7453185,50.0432709],[5.745464,50.0432043],[5.7456645,50.0431124]]]}},{"type":"Feature","properties":{"t":"mata"},"geometry":{"type":"Polygon","coordinates":[[[5.7306468,50.0470948],[5.7300997,50.0474186],[5.7330823,50.0495543],[5.7333658,50.0497382],[5.7341002,50.0502148],[5.7346058,50.0505429],[5.7344609,50.0507358],[5.7347372,50.0507944],[5.7349044,50.0507765],[5.7351637,50.0506531],[5.7334882,50.04951],[5.7312155,50.0479594],[5.7307273,50.04736],[5.7306468,50.0470948]]]}},{"type":"Feature","properties":{"t":"mata"},"geometry":{"type":"Polygon","coordinates":[[[5.7420248,50.0475839],[5.7425076,50.0473153],[5.7424325,50.0472326],[5.7418209,50.0472808],[5.7420248,50.0475839]]]}},{"type":"Feature","properties":{"t":"mata"},"geometry":{"type":"Polygon","coordinates":[[[5.7533678,50.0519138],[5.7531989,50.0519431],[5.753794,50.0528804],[5.7541635,50.0534623],[5.7547626,50.0544058],[5.7548511,50.0543834],[5.7533678,50.0519138]]]}},{"type":"Feature","properties":{"t":"mata"},"geometry":{"type":"Polygon","coordinates":[[[5.7531077,50.0514729],[5.7529467,50.0515194],[5.7530889,50.0517519],[5.7532337,50.0517175],[5.7531077,50.0514729]]]}},{"type":"Feature","properties":{"t":"mata"},"geometry":{"type":"Polygon","coordinates":[[[5.7502323,50.049854],[5.7504415,50.0498316],[5.7504684,50.0496111],[5.7502833,50.0492443],[5.7500553,50.0493235],[5.7500473,50.0495336],[5.7502323,50.049854]]]}},{"type":"Feature","properties":{"t":"mata"},"geometry":{"type":"Polygon","coordinates":[[[5.7505488,50.0473996],[5.7504523,50.047441],[5.7506508,50.0477441],[5.7507205,50.0477131],[5.7505488,50.0473996]]]}},{"type":"Feature","properties":{"t":"mata"},"geometry":{"type":"Polygon","coordinates":[[[5.7503155,50.0475977],[5.750168,50.047453],[5.7500392,50.0474858],[5.7498676,50.0472705],[5.7497013,50.0473738],[5.7498783,50.0476563],[5.7497579,50.0477193],[5.7497039,50.0477476],[5.7493177,50.0473807],[5.749315,50.0472481],[5.7491393,50.0471129],[5.7488886,50.0473419],[5.748965,50.0474048],[5.7491206,50.0473419],[5.7497174,50.0479138],[5.7498563,50.0478404],[5.7503155,50.0475977]]]}},{"type":"Feature","properties":{"t":"mata"},"geometry":{"type":"Polygon","coordinates":[[[5.7483092,50.0463145],[5.747754,50.0463955],[5.7478023,50.0464954],[5.7481644,50.0464351],[5.7484835,50.0470879],[5.7481509,50.0471895],[5.7481868,50.0472576],[5.7482153,50.0473118],[5.7487974,50.0472584],[5.7486954,50.0469794],[5.7485613,50.0470018],[5.7483092,50.0463145]]]}},{"type":"Feature","properties":{"t":"mata"},"geometry":{"type":"Polygon","coordinates":[[[5.7428241,50.052737],[5.7424993,50.0525619],[5.7423896,50.0525028],[5.7422754,50.0525902],[5.7422501,50.0526096],[5.7426792,50.0528335],[5.7428241,50.052737]]]}},{"type":"Feature","properties":{"t":"mata"},"geometry":{"type":"Polygon","coordinates":[[[5.7437736,50.0541974],[5.742529,50.0533674],[5.742352,50.0534845],[5.7435805,50.0543111],[5.7437736,50.0541974]]]}},{"type":"Feature","properties":{"t":"moita"},"geometry":{"type":"Polygon","coordinates":[[[5.7522011,50.0576847],[5.7521313,50.0576606],[5.7518162,50.0579352],[5.7518926,50.0579636],[5.7522011,50.0576847]]]}},{"type":"Feature","properties":{"t":"charneca"},"geometry":{"type":"Polygon","coordinates":[[[5.7561479,50.0585982],[5.7557845,50.0583941],[5.7556075,50.0583786],[5.755071,50.0583511],[5.7547867,50.0582633],[5.7545963,50.058401],[5.754371,50.0583769],[5.7543624,50.0587536],[5.7550718,50.0587704],[5.7557982,50.0588997],[5.7561479,50.0585982]]]}},{"type":"Feature","properties":{"t":"mata"},"geometry":{"type":"Polygon","coordinates":[[[5.7568198,50.0577518],[5.7569164,50.0577312],[5.7564765,50.0569321],[5.756337,50.0569769],[5.756741,50.0576253],[5.7568198,50.0577518]]]}},{"type":"Feature","properties":{"t":"mata"},"geometry":{"type":"Polygon","coordinates":[[[5.755071,50.0553823],[5.7551622,50.0554477],[5.7553714,50.0554684],[5.755924,50.0563225],[5.7560849,50.0562812],[5.7555002,50.0553409],[5.755291,50.0552893],[5.755071,50.0553823]]]}},{"type":"Feature","properties":{"t":"mata"},"geometry":{"type":"Polygon","coordinates":[[[5.7515117,50.0591931],[5.7517183,50.0591019],[5.7517344,50.0594669],[5.7518363,50.0594738],[5.7518792,50.0590295],[5.7520777,50.0588591],[5.7520616,50.0587058],[5.7523513,50.0585922],[5.7529494,50.0585371],[5.7537433,50.0584148],[5.7541376,50.0583717],[5.754371,50.0583769],[5.7545963,50.058401],[5.7547867,50.0582633],[5.7542744,50.0580118],[5.7544059,50.0577484],[5.7547197,50.0576519],[5.7550067,50.0576261],[5.7550549,50.0575813],[5.7553849,50.0574677],[5.7551783,50.0573316],[5.7541376,50.0575383],[5.7535502,50.0576399],[5.7526919,50.0574608],[5.7533571,50.0568977],[5.753282,50.0568615],[5.7519275,50.0580308],[5.751721,50.0582891],[5.7515681,50.0586679],[5.7515117,50.0591931]]]}},{"type":"Feature","properties":{"t":"moita"},"geometry":{"type":"Polygon","coordinates":[[[5.7517531,50.056722],[5.7526302,50.0572059],[5.7524446,50.0573742],[5.7523566,50.0574539],[5.7524291,50.0574935],[5.7532954,50.0567685],[5.7532445,50.0567444],[5.7529628,50.0569769],[5.7524827,50.0567324],[5.7520833,50.0564944],[5.7517531,50.056722]]]}},{"type":"Feature","properties":{"t":"mata"},"geometry":{"type":"Polygon","coordinates":[[[5.7500499,50.0555682],[5.7496932,50.055731],[5.7492506,50.0558799],[5.748572,50.0560229],[5.7480785,50.056109],[5.7481483,50.056245],[5.7478599,50.0564887],[5.747843,50.0566888],[5.7478371,50.0567582],[5.7479431,50.0567892],[5.7480249,50.0567418],[5.7481831,50.0567703],[5.7481988,50.0567536],[5.7484715,50.056462],[5.7488859,50.0565533],[5.7492104,50.0567065],[5.7496396,50.0564758],[5.7493097,50.0563639],[5.7495578,50.0562717],[5.7496986,50.0561081],[5.7498738,50.0559737],[5.7502498,50.0556854],[5.7505676,50.0558808],[5.7503933,50.0559884],[5.7507661,50.0561641],[5.7506749,50.0562347],[5.7509512,50.0563983],[5.7510558,50.0563329],[5.7517531,50.056722],[5.7520833,50.0564944],[5.7512864,50.0559953],[5.751037,50.055756],[5.7509719,50.0555374],[5.7501572,50.0556526],[5.7494974,50.0561142],[5.7493016,50.0562795],[5.7489529,50.0563242],[5.7485935,50.0562623],[5.7485077,50.0561503],[5.7494491,50.0559695],[5.7500687,50.0555958],[5.7500499,50.0555682]]]}},{"type":"Feature","properties":{"t":"mata"},"geometry":{"type":"Polygon","coordinates":[[[5.755071,50.054733],[5.7549906,50.0547692],[5.7550657,50.0550258],[5.7549852,50.0552152],[5.7550469,50.0553065],[5.7552427,50.0551016],[5.7552454,50.0549913],[5.755071,50.054733]]]}},{"type":"Feature","properties":{"t":"mata"},"geometry":{"type":"Polygon","coordinates":[[[5.7617873,50.0656811],[5.7618812,50.0656535],[5.7612213,50.0645998],[5.7608539,50.0646669],[5.760709,50.0647031],[5.7607305,50.0647496],[5.7609424,50.064722],[5.7611006,50.0647961],[5.7617873,50.0656811]]]}},{"type":"Feature","properties":{"t":"mata"},"geometry":{"type":"Polygon","coordinates":[[[5.7518175,50.0597751],[5.7521853,50.0601244],[5.7524653,50.0604192],[5.7524005,50.0604382],[5.7525122,50.0605672],[5.7523835,50.0606068],[5.752421,50.0606533],[5.7525203,50.0607282],[5.7526946,50.0607084],[5.7529427,50.0609297],[5.7530527,50.061064],[5.7531197,50.0610545],[5.7527053,50.0605483],[5.7522333,50.0600644],[5.7519275,50.0597442],[5.7518631,50.0597304],[5.7518175,50.0597751]]]}},{"type":"Feature","properties":{"t":"moita"},"geometry":{"type":"Polygon","coordinates":[[[5.7518363,50.0594738],[5.7517344,50.0594669],[5.7517639,50.0596598],[5.7518175,50.0597751],[5.7518631,50.0597304],[5.7517999,50.059625],[5.7518363,50.0594738]]]}},{"type":"Feature","properties":{"t":"mata"},"geometry":{"type":"Polygon","coordinates":[[[5.7578042,50.0590915],[5.7576969,50.0591363],[5.7577506,50.0593498],[5.7575843,50.0595582],[5.7579303,50.0597493],[5.7575896,50.0601867],[5.7577184,50.0602229],[5.7581395,50.0601385],[5.7585096,50.0603107],[5.7585552,50.0603038],[5.7578042,50.0590915]]]}},{"type":"Feature","properties":{"t":"mata"},"geometry":{"type":"Polygon","coordinates":[[[5.7509685,50.0584345],[5.750758,50.0585629],[5.7511872,50.0589968],[5.7514501,50.0588935],[5.7514581,50.0586662],[5.7511577,50.0585887],[5.7510477,50.0585147],[5.7509685,50.0584345]]]}},{"type":"Feature","properties":{"t":"moita"},"geometry":{"type":"Polygon","coordinates":[[[5.7554201,50.0635485],[5.7556197,50.0634391],[5.7555605,50.0632895],[5.7554036,50.0626301],[5.7553262,50.0625541],[5.755114,50.0623459],[5.7546768,50.0619826],[5.7543576,50.0619155],[5.7539847,50.0617278],[5.7537943,50.0618914],[5.7537098,50.0619516],[5.7545269,50.0624202],[5.7539633,50.0627773],[5.7545614,50.0630889],[5.7547116,50.0629908],[5.7549973,50.0632008],[5.7545668,50.063503],[5.7550925,50.0637389],[5.7554201,50.0635485]]]}},{"type":"Feature","properties":{"t":"mata"},"geometry":{"type":"Polygon","coordinates":[[[5.7566907,50.0625815],[5.7569647,50.0629159],[5.7568064,50.0630347],[5.756675,50.0629796],[5.756624,50.0630054],[5.7567528,50.0632069],[5.7568107,50.0632147],[5.7569191,50.0632292],[5.7572007,50.0635874],[5.7573885,50.0638181],[5.7573348,50.0640385],[5.7575226,50.064295],[5.7579437,50.0646153],[5.7581274,50.0647352],[5.7583058,50.0647703],[5.7578713,50.0645034],[5.7576272,50.0642813],[5.7574797,50.0639593],[5.7576251,50.0639137],[5.7571444,50.0632878],[5.7571498,50.0629469],[5.7573804,50.0630553],[5.7577318,50.0632775],[5.7579996,50.0629718],[5.757587,50.0626679],[5.7573456,50.0624665],[5.7570988,50.0621772],[5.7569594,50.0623202],[5.7561489,50.0619496],[5.7560785,50.0617407],[5.7558918,50.0620567],[5.755704,50.061931],[5.7556504,50.0618346],[5.7551998,50.0616865],[5.7542959,50.0611458],[5.7535019,50.0605328],[5.7532606,50.0601867],[5.7529038,50.0597562],[5.753274,50.0592999],[5.7533437,50.0590571],[5.7536571,50.058737],[5.7534218,50.0587314],[5.7525653,50.0589724],[5.7527073,50.0599223],[5.7527351,50.0600077],[5.7533678,50.0605294],[5.7538774,50.0608956],[5.7540517,50.0610209],[5.7546768,50.0615332],[5.7548448,50.0616091],[5.7553366,50.0618311],[5.7566907,50.0625815]]]}},{"type":"Feature","properties":{"t":"mata"},"geometry":{"type":"Polygon","coordinates":[[[5.7529736,50.0637148],[5.7518202,50.0633446],[5.7513589,50.0632551],[5.7507339,50.0630467],[5.749653,50.0629934],[5.749653,50.0630657],[5.7500473,50.0631294],[5.7507205,50.063169],[5.7513106,50.0633377],[5.7529092,50.0637699],[5.7529736,50.0637148]]]}},{"type":"Feature","properties":{"t":"mata"},"geometry":{"type":"Polygon","coordinates":[[[5.7499078,50.061993],[5.7497517,50.06192],[5.7495698,50.062135],[5.7497039,50.0622538],[5.7499333,50.0621557],[5.7499842,50.0620369],[5.7499078,50.061993]]]}},{"type":"Feature","properties":{"t":"mata"},"geometry":{"type":"Polygon","coordinates":[[[5.7558998,50.0649252],[5.7558221,50.0648994],[5.7554653,50.0653815],[5.7553366,50.0655898],[5.7546928,50.0660512],[5.7541913,50.0663336],[5.7540089,50.066585],[5.753569,50.0671187],[5.7533437,50.0672857],[5.7534242,50.0673098],[5.7536868,50.0671136],[5.75362,50.0671118],[5.7543951,50.0663543],[5.7554036,50.0656242],[5.7558006,50.0651146],[5.7558406,50.0650382],[5.7558998,50.0649252]]]}},{"type":"Feature","properties":{"t":"mata"},"geometry":{"type":"Polygon","coordinates":[[[5.7507728,50.0593429],[5.7513511,50.0597242],[5.7514273,50.0590571],[5.7511899,50.0591303],[5.7509807,50.0590614],[5.7508412,50.0591966],[5.7507728,50.0593429]]]}},{"type":"Feature","properties":{"t":"mata"},"geometry":{"type":"Polygon","coordinates":[[[5.7503986,50.0588126],[5.7505327,50.0587867],[5.7501626,50.0583993],[5.7500419,50.0581995],[5.7500419,50.0581565],[5.7500419,50.0581169],[5.7499856,50.058036],[5.7499078,50.058079],[5.7499614,50.0583959],[5.750168,50.0586886],[5.7502618,50.0586696],[5.7503563,50.0587494],[5.7503986,50.0588126]]]}},{"type":"Feature","properties":{"t":"mata"},"geometry":{"type":"Polygon","coordinates":[[[5.7427005,50.0556743],[5.7427168,50.0552187],[5.742242,50.0546039],[5.7420838,50.0547158],[5.742462,50.0552256],[5.7425069,50.0556728],[5.7426082,50.0556845],[5.7427005,50.0556743]]]}},{"type":"Feature","properties":{"t":"mata"},"geometry":{"type":"Polygon","coordinates":[[[5.7429876,50.0563175],[5.7429421,50.0563484],[5.7428563,50.0563983],[5.7440128,50.056973],[5.7446721,50.0573006],[5.7447062,50.0572824],[5.7447687,50.057249],[5.7448159,50.0572174],[5.7429876,50.0563175]]]}},{"type":"Feature","properties":{"t":"mata"},"geometry":{"type":"Polygon","coordinates":[[[5.7427141,50.0542371],[5.7423466,50.0544248],[5.7424164,50.0544868],[5.7427731,50.0542784],[5.7427141,50.0542371]]]}},{"type":"Feature","properties":{"t":"mata"},"geometry":{"type":"Polygon","coordinates":[[[5.7421347,50.0543455],[5.7414213,50.0540821],[5.7413542,50.0541699],[5.7420543,50.0544351],[5.7421347,50.0543455]]]}},{"type":"Feature","properties":{"t":"mata"},"geometry":{"type":"Polygon","coordinates":[[[5.7396913,50.0527302],[5.7396805,50.0526148],[5.7394659,50.0525235],[5.7394314,50.0525552],[5.7392782,50.0526957],[5.7391602,50.0526458],[5.738951,50.0528042],[5.7390717,50.0528955],[5.7392755,50.0527956],[5.7396269,50.0528679],[5.7396537,50.0528283],[5.7395706,50.052787],[5.7396913,50.0527302]]]}},{"type":"Feature","properties":{"t":"mata"},"geometry":{"type":"Polygon","coordinates":[[[5.746264,50.0616804],[5.7467039,50.0613326],[5.7466584,50.0613154],[5.7465269,50.0612655],[5.7461996,50.0614678],[5.7460628,50.0614273],[5.7459421,50.0615436],[5.7460065,50.061652],[5.746264,50.0616804]]]}},{"type":"Feature","properties":{"t":"moita"},"geometry":{"type":"Polygon","coordinates":[[[5.7474965,50.059894],[5.74718,50.0597269],[5.7471515,50.0597417],[5.7470968,50.05977],[5.7474187,50.0599215],[5.7474718,50.0599027],[5.7474965,50.059894]]]}},{"type":"Feature","properties":{"t":"moita"},"geometry":{"type":"Polygon","coordinates":[[[5.7467991,50.0595496],[5.7468903,50.0596081],[5.7472765,50.0592465],[5.7471961,50.059231],[5.7468581,50.0595341],[5.7468163,50.0595255],[5.7467991,50.0595496]]]}},{"type":"Feature","properties":{"t":"mata"},"geometry":{"type":"Polygon","coordinates":[[[5.7348092,50.0533785],[5.7350269,50.0533949],[5.7352844,50.0537876],[5.7353749,50.0537547],[5.7354265,50.0537359],[5.7353662,50.0536377],[5.7352763,50.0534914],[5.7352689,50.0534071],[5.7352656,50.0533691],[5.7351489,50.0533639],[5.7348133,50.0533311],[5.7348092,50.0533785]]]}},{"type":"Feature","properties":{"t":"mata"},"geometry":{"type":"Polygon","coordinates":[[[5.736431,50.0533191],[5.7364777,50.0532563],[5.7364042,50.0532029],[5.7360488,50.0534302],[5.7358664,50.0534767],[5.7356934,50.0535344],[5.735727,50.0535818],[5.7359281,50.0535267],[5.7359791,50.0536085],[5.7362299,50.0535249],[5.7361762,50.0534535],[5.736431,50.0533191]]]}},{"type":"Feature","properties":{"t":"mata"},"geometry":{"type":"Polygon","coordinates":[[[5.7292789,50.0532571],[5.7291046,50.0533708],[5.7285842,50.0535792],[5.7279271,50.0538117],[5.7275248,50.0540631],[5.7275328,50.0541096],[5.7271332,50.054349],[5.7271373,50.0543606],[5.7271573,50.0544179],[5.7273668,50.0542988],[5.7280236,50.0539253],[5.7287908,50.0536136],[5.728881,50.0535812],[5.7294613,50.0533725],[5.7298368,50.0532365],[5.7292789,50.0532571]]]}},{"type":"Feature","properties":{"t":"mata"},"geometry":{"type":"Polygon","coordinates":[[[5.7334816,50.0543818],[5.7335651,50.054628],[5.7329804,50.0546624],[5.7329804,50.0547227],[5.7337341,50.0546779],[5.7335693,50.0543756],[5.7335406,50.054379],[5.7334816,50.0543818]]]}},{"type":"Feature","properties":{"t":"mata"},"geometry":{"type":"Polygon","coordinates":[[[5.7358261,50.0553346],[5.7358181,50.0554313],[5.7361829,50.0555243],[5.7362281,50.0554273],[5.7358261,50.0553346]]]}},{"type":"Feature","properties":{"t":"moita"},"geometry":{"type":"Polygon","coordinates":[[[5.7352321,50.0553108],[5.7341351,50.0551016],[5.7340439,50.0549052],[5.734099,50.0548335],[5.7339138,50.0547589],[5.7340546,50.0550017],[5.734178,50.055167],[5.7351612,50.0553358],[5.7352214,50.0553461],[5.7352321,50.0553108]]]}},{"type":"Feature","properties":{"t":"mata"},"geometry":{"type":"Polygon","coordinates":[[[5.7437548,50.0614506],[5.7438269,50.0614668],[5.744192,50.0615487],[5.7448143,50.0615022],[5.7448267,50.0614007],[5.744833,50.061349],[5.744648,50.0613197],[5.7441276,50.0613851],[5.743905,50.0613645],[5.7437548,50.0614506]]]}},{"type":"Feature","properties":{"t":"mata"},"geometry":{"type":"Polygon","coordinates":[[[5.74063,50.0590967],[5.7405522,50.0592809],[5.740799,50.0592517],[5.7412282,50.059448],[5.7413006,50.0593929],[5.7407695,50.0591449],[5.74063,50.0590967]]]}},{"type":"Feature","properties":{"t":"mata"},"geometry":{"type":"Polygon","coordinates":[[[5.734579,50.0573558],[5.7345924,50.0574729],[5.7346728,50.0574815],[5.7347184,50.057125],[5.7346621,50.0571371],[5.734579,50.0573558]]]}},{"type":"Feature","properties":{"t":"mata"},"geometry":{"type":"Polygon","coordinates":[[[5.7342792,50.0557867],[5.7345843,50.0565705],[5.734646,50.056753],[5.7346836,50.0567513],[5.7343644,50.0557766],[5.7342792,50.0557867]]]}},{"type":"Feature","properties":{"t":"mata"},"geometry":{"type":"Polygon","coordinates":[[[5.7438996,50.0645723],[5.7439211,50.0645292],[5.7433552,50.0643674],[5.7432452,50.0644827],[5.7438996,50.0645723]]]}},{"type":"Feature","properties":{"t":"moita"},"geometry":{"type":"Polygon","coordinates":[[[5.7128021,50.0250878],[5.7127845,50.0250706],[5.7120216,50.0243261],[5.7119438,50.0244468],[5.7119787,50.0244916],[5.7117795,50.0247192],[5.7113494,50.0252107],[5.7110887,50.0255087],[5.7109229,50.0256982],[5.7102808,50.0264319],[5.7103747,50.0264077],[5.7120484,50.0245053],[5.7122925,50.0247655],[5.7123756,50.0247931],[5.7127216,50.0251171],[5.7127491,50.0251071],[5.7128021,50.0250878]]]}},{"type":"Feature","properties":{"t":"charneca"},"geometry":{"type":"Polygon","coordinates":[[[5.7153395,50.0268661],[5.7150122,50.0270074],[5.7149747,50.0271676],[5.7149023,50.0273158],[5.7150042,50.0276294],[5.7150481,50.027768],[5.7150874,50.0277569],[5.7154843,50.0274106],[5.7154146,50.0273417],[5.715495,50.0272831],[5.7155004,50.0270608],[5.7153556,50.0270057],[5.7153395,50.0268661]]]}},{"type":"Feature","properties":{"t":"mata"},"geometry":{"type":"Polygon","coordinates":[[[5.6932086,50.0648667],[5.6927817,50.0646383],[5.692597,50.0645395],[5.6920928,50.0650147],[5.6918943,50.065001],[5.6910574,50.0658067],[5.6899416,50.0668467],[5.6892335,50.0676386],[5.6888527,50.0679451],[5.6884181,50.0685614],[5.6882791,50.0685568],[5.6882143,50.0685546],[5.6881446,50.0687336],[5.6883554,50.0689452],[5.6884396,50.0690297],[5.6884503,50.0693362],[5.6894857,50.0682274],[5.6900167,50.0676111],[5.6903279,50.0676317],[5.6913364,50.0666194],[5.6919211,50.066096],[5.6927633,50.0654108],[5.6931294,50.0649634],[5.6932086,50.0648667]]]}},{"type":"Feature","properties":{"t":"mata"},"geometry":{"type":"Polygon","coordinates":[[[5.6761819,50.0682102],[5.6769838,50.0684822],[5.677126,50.0685304],[5.6783867,50.0673563],[5.6785798,50.0674355],[5.6797922,50.0662854],[5.6799746,50.0663956],[5.6800872,50.0665884],[5.6796688,50.0670326],[5.6793791,50.067346],[5.6794703,50.0674114],[5.6799906,50.0668398],[5.6803045,50.0665557],[5.6807846,50.066251],[5.6815624,50.0658188],[5.6819165,50.0655571],[5.6823832,50.0651508],[5.6828928,50.0645895],[5.6827909,50.0645447],[5.6824502,50.0648563],[5.6820479,50.0646136],[5.6814739,50.0648133],[5.6813961,50.064753],[5.6819245,50.0643691],[5.6815973,50.0639765],[5.6815866,50.0638835],[5.6813961,50.0636769],[5.6808516,50.0640385],[5.6801623,50.0645619],[5.6789178,50.0655726],[5.6781667,50.0661304],[5.6774855,50.066795],[5.6761819,50.0682102]]]}},{"type":"Feature","properties":{"t":"mata"},"geometry":{"type":"Polygon","coordinates":[[[5.6889412,50.0651112],[5.6891048,50.0649683],[5.6893328,50.0646824],[5.6898875,50.0649797],[5.6899497,50.065013],[5.690234,50.0647548],[5.6904539,50.0644397],[5.6905425,50.0644293],[5.6910172,50.0639076],[5.6909636,50.0638791],[5.69069,50.0637337],[5.6904754,50.0637527],[5.6902903,50.06372],[5.6899551,50.0641487],[5.6896654,50.0640557],[5.6893435,50.0644483],[5.6889921,50.0643398],[5.6888741,50.0644173],[5.6889063,50.0646618],[5.68896,50.0649579],[5.6889412,50.0651112]]]}},{"type":"Feature","properties":{"t":"mata"},"geometry":{"type":"Polygon","coordinates":[[[5.7038301,50.0623494],[5.701797,50.0614919],[5.7016414,50.0617123],[5.7028967,50.0623701],[5.7030576,50.0623218],[5.7035941,50.062525],[5.7038301,50.0623494]]]}},{"type":"Feature","properties":{"t":"mata"},"geometry":{"type":"Polygon","coordinates":[[[5.704388,50.0626748],[5.7046857,50.0628246],[5.7049133,50.0624622],[5.7050425,50.0622564],[5.7054931,50.0618995],[5.7053989,50.0618517],[5.7051654,50.0620405],[5.7050021,50.0621726],[5.7048601,50.0622874],[5.704388,50.0626748]]]}},{"type":"Feature","properties":{"t":"mata"},"geometry":{"type":"Polygon","coordinates":[[[5.7057291,50.0634996],[5.7059652,50.0631449],[5.7053161,50.0633653],[5.7057291,50.0634996]]]}},{"type":"Feature","properties":{"t":"mata"},"geometry":{"type":"Polygon","coordinates":[[[5.7205027,50.0519689],[5.7198965,50.0516796],[5.7194996,50.0518484],[5.7195425,50.0520172],[5.7199556,50.0522204],[5.7202077,50.0522376],[5.7205027,50.0519689]]]}},{"type":"Feature","properties":{"t":"mata"},"geometry":{"type":"Polygon","coordinates":[[[5.7107697,50.0484725],[5.7099831,50.0501003],[5.7101145,50.0501244],[5.7101332,50.0500452],[5.7102646,50.049804],[5.7105052,50.0493621],[5.7104337,50.0493459],[5.7108763,50.048514],[5.7107697,50.0484725]]]}},{"type":"Feature","properties":{"t":"moita"},"geometry":{"type":"Polygon","coordinates":[[[5.7151946,50.0505171],[5.7155728,50.050846],[5.7163024,50.0514729],[5.7163936,50.0514178],[5.7154521,50.0504258],[5.7151946,50.0505171]]]}},{"type":"Feature","properties":{"t":"moita"},"geometry":{"type":"Polygon","coordinates":[[[5.7155818,50.0489205],[5.7158464,50.0492288],[5.7167315,50.0501519],[5.7171231,50.0505619],[5.7171768,50.0505412],[5.7168451,50.0500123],[5.7163302,50.0494475],[5.7162139,50.0493649],[5.7156899,50.0488415],[5.7155818,50.0489205]]]}},{"type":"Feature","properties":{"t":"moita"},"geometry":{"type":"Polygon","coordinates":[[[5.7131959,50.0468701],[5.7139555,50.0477166],[5.7145831,50.0483917],[5.7153609,50.0492719],[5.7162568,50.050226],[5.7170856,50.0510803],[5.7184777,50.0525717],[5.7186896,50.0525769],[5.7188424,50.0525097],[5.7186654,50.0522703],[5.7179224,50.0515246],[5.717217,50.050815],[5.7163534,50.0498282],[5.7153019,50.0487758],[5.7141083,50.0476546],[5.713612,50.0472079],[5.7131959,50.0468701]]]}},{"type":"Feature","properties":{"t":"moita"},"geometry":{"type":"Polygon","coordinates":[[[5.7124132,50.0466504],[5.7123166,50.0466883],[5.7130945,50.047689],[5.7139313,50.0486966],[5.7150605,50.0499074],[5.7162058,50.051113],[5.7170829,50.0519913],[5.7175523,50.0524563],[5.7176033,50.0525752],[5.7178903,50.0524701],[5.7167557,50.0512404],[5.715723,50.0501795],[5.7144356,50.0487913],[5.7131132,50.0474341],[5.7124132,50.0466504]]]}},{"type":"Feature","properties":{"t":"mata"},"geometry":{"type":"Polygon","coordinates":[[[5.7122362,50.0467159],[5.7118285,50.0473773],[5.7113725,50.0472705],[5.7111633,50.0474496],[5.7106607,50.0483783],[5.7106376,50.048421],[5.7107697,50.0484725],[5.7108763,50.048514],[5.7114556,50.0485691],[5.7114261,50.0487276],[5.711872,50.0487639],[5.711976,50.0487724],[5.7120511,50.0485622],[5.7123059,50.0486139],[5.7124695,50.0482384],[5.7129362,50.0483728],[5.7127833,50.0488275],[5.7133815,50.0488654],[5.7129979,50.0499659],[5.7131489,50.0499935],[5.7134029,50.05004],[5.7135612,50.0501175],[5.7149076,50.0501761],[5.7151946,50.0505171],[5.7154521,50.0504258],[5.7137087,50.0485364],[5.7122362,50.0467159]]]}},{"type":"Feature","properties":{"t":"mata"},"geometry":{"type":"Polygon","coordinates":[[[5.7168442,50.0491702],[5.7167932,50.049122],[5.7162139,50.0493649],[5.7163302,50.0494475],[5.7168442,50.0491702]]]}},{"type":"Feature","properties":{"t":"mata"},"geometry":{"type":"Polygon","coordinates":[[[5.7180963,50.0460168],[5.7181482,50.0459806],[5.7185367,50.04571],[5.7185689,50.0456577],[5.7185876,50.0456273],[5.7184213,50.0453982],[5.7179224,50.0444439],[5.7178237,50.0444835],[5.7179037,50.0447195],[5.7177763,50.0448402],[5.7180217,50.0451846],[5.7178178,50.045331],[5.7180727,50.0455601],[5.7183677,50.0457358],[5.7180282,50.0459943],[5.7180963,50.0460168]]]}},{"type":"Feature","properties":{"t":"mata"},"geometry":{"type":"Polygon","coordinates":[[[5.7141164,50.0518828],[5.7139742,50.0518036],[5.7137999,50.0518914],[5.7135934,50.0518432],[5.7134324,50.0519638],[5.7138321,50.0520533],[5.7141164,50.0518828]]]}},{"type":"Feature","properties":{"t":"mata"},"geometry":{"type":"Polygon","coordinates":[[[5.7030523,50.0570768],[5.7025561,50.0568874],[5.7016066,50.0566893],[5.7015046,50.0569304],[5.7022557,50.0570578],[5.7028967,50.0572421],[5.7030523,50.0570768]]]}},{"type":"Feature","properties":{"t":"mata"},"geometry":{"type":"Polygon","coordinates":[[[5.6804761,50.0628573],[5.6805378,50.062816],[5.6803983,50.0626128],[5.6803393,50.0624751],[5.6801382,50.0623752],[5.6797251,50.0625784],[5.6793308,50.0628126],[5.6792182,50.0629486],[5.6795856,50.0632292],[5.6796554,50.0632757],[5.6798083,50.0632155],[5.6802079,50.0629658],[5.6802669,50.0629951],[5.6804761,50.0628573]]]}},{"type":"Feature","properties":{"t":"mata"},"geometry":{"type":"Polygon","coordinates":[[[5.6971782,50.0250413],[5.6965345,50.0251671],[5.6966767,50.0253463],[5.6972587,50.0253945],[5.697417,50.0258529],[5.6977978,50.0261286],[5.6981841,50.0272211],[5.6980821,50.0274158],[5.6981009,50.0277724],[5.698455,50.0283514],[5.698345,50.0285099],[5.6983879,50.0285926],[5.6991068,50.0284755],[5.6993508,50.0287167],[5.699493,50.0292147],[5.699375,50.0294111],[5.6994742,50.0294697],[5.6996888,50.0292474],[5.6996137,50.0285961],[5.6993964,50.0278259],[5.6987554,50.0278259],[5.6987795,50.0271056],[5.698455,50.026132],[5.6982699,50.0254962],[5.697543,50.0253618],[5.6972614,50.0251912],[5.6971782,50.0250413]]]}},{"type":"Feature","properties":{"t":"mata"},"geometry":{"type":"Polygon","coordinates":[[[5.7014966,50.0266404],[5.7016575,50.0265215],[5.7012123,50.0262854],[5.70048,50.0260821],[5.7004264,50.0262216],[5.7012069,50.0265008],[5.7014966,50.0266404]]]}},{"type":"Feature","properties":{"t":"mata"},"geometry":{"type":"Polygon","coordinates":[[[5.700582,50.0292491],[5.7011211,50.0291113],[5.701392,50.0288097],[5.702194,50.0279827],[5.7016146,50.0279551],[5.7001957,50.0279086],[5.7003996,50.028696],[5.7005578,50.029051],[5.700582,50.0292491]]]}},{"type":"Feature","properties":{"t":"mata"},"geometry":{"type":"Polygon","coordinates":[[[5.7070085,50.0531641],[5.7069221,50.0531422],[5.7068932,50.0531349],[5.706802,50.0532072],[5.7065499,50.053481],[5.7062656,50.0536154],[5.7061127,50.0535706],[5.7061002,50.0535872],[5.7060778,50.0536171],[5.7061717,50.0536653],[5.7060376,50.0538754],[5.7056916,50.0539098],[5.7057264,50.0538272],[5.7055601,50.0537686],[5.7055199,50.0537221],[5.705359,50.0537635],[5.7054368,50.0538323],[5.7054394,50.0539546],[5.7055977,50.0540046],[5.706051,50.0540063],[5.7061905,50.0539357],[5.7062602,50.0537841],[5.7064238,50.0537497],[5.7065365,50.053543],[5.7067484,50.0534276],[5.7068047,50.053326],[5.7069629,50.0532468],[5.7070085,50.0531641]]]}},{"type":"Feature","properties":{"t":"mata"},"geometry":{"type":"Polygon","coordinates":[[[5.7101709,50.0518535],[5.7102916,50.0516107],[5.7099429,50.0515039],[5.7098114,50.0514833],[5.7098249,50.0516434],[5.7082236,50.0512594],[5.7081404,50.0513541],[5.7086474,50.0515763],[5.7096854,50.0518053],[5.7100153,50.0518553],[5.7101709,50.0518535]]]}},{"type":"Feature","properties":{"t":"mata"},"geometry":{"type":"Polygon","coordinates":[[[5.711872,50.0487639],[5.7117373,50.0496129],[5.7115039,50.0496008],[5.7115012,50.0494889],[5.7114315,50.0494906],[5.7113242,50.0496818],[5.7114288,50.0497248],[5.7114664,50.0496818],[5.7116193,50.0497042],[5.7116166,50.0498075],[5.7115763,50.0498127],[5.7115844,50.0498919],[5.7117212,50.0499005],[5.7116944,50.0503156],[5.7115862,50.0503163],[5.7116496,50.0504286],[5.711718,50.0504243],[5.7117775,50.0504206],[5.711976,50.0487724],[5.711872,50.0487639]]]}},{"type":"Feature","properties":{"t":"mata"},"geometry":{"type":"Polygon","coordinates":[[[5.7125151,50.0492994],[5.7125902,50.0493115],[5.7127485,50.0489773],[5.7126304,50.0489481],[5.7125017,50.0491323],[5.7125151,50.0492994]]]}},{"type":"Feature","properties":{"t":"moita"},"geometry":{"type":"Polygon","coordinates":[[[5.7108897,50.0500813],[5.710938,50.049978],[5.7107368,50.0499229],[5.7106858,50.0499797],[5.7107314,50.0500469],[5.7107931,50.0500865],[5.7108897,50.0500813]]]}},{"type":"Feature","properties":{"t":"mata"},"geometry":{"type":"Polygon","coordinates":[[[5.7110319,50.0510803],[5.7108897,50.0510217],[5.7109246,50.0509373],[5.710533,50.0507978],[5.7105759,50.0507341],[5.7108361,50.0506187],[5.7103667,50.0504568],[5.7102299,50.0504585],[5.7102567,50.0505705],[5.7098356,50.0505963],[5.7097524,50.0507117],[5.7098705,50.0510648],[5.7097793,50.051175],[5.7099724,50.0513506],[5.7102433,50.0514178],[5.7103613,50.0512731],[5.7105839,50.0512404],[5.7108334,50.0512163],[5.7110319,50.0510803]]]}},{"type":"Feature","properties":{"t":"mata"},"geometry":{"type":"Polygon","coordinates":[[[5.7140064,50.0533226],[5.714247,50.0533825],[5.7144222,50.0532003],[5.7140064,50.0533226]]]}},{"type":"Feature","properties":{"t":"charneca"},"geometry":{"type":"Polygon","coordinates":[[[5.7048349,50.0480674],[5.7045436,50.0481696],[5.7042282,50.0483271],[5.7043333,50.0485548],[5.7044899,50.0485622],[5.7049593,50.048328],[5.7048349,50.0480674]]]}},{"type":"Feature","properties":{"t":"charneca"},"geometry":{"type":"Polygon","coordinates":[[[5.7091838,50.0498368],[5.7092428,50.0497817],[5.7094091,50.0497679],[5.7094386,50.0496869],[5.7092857,50.0496697],[5.7089961,50.049544],[5.70876,50.0495044],[5.7086018,50.0495181],[5.7085133,50.0494475],[5.708524,50.04942],[5.7083711,50.0494096],[5.7083577,50.0495457],[5.7085615,50.0495698],[5.7087842,50.0495819],[5.7089075,50.0496146],[5.7087144,50.0498316],[5.7088619,50.0498747],[5.7090953,50.0498557],[5.7091838,50.0498368]]]}},{"type":"Feature","properties":{"t":"charneca"},"geometry":{"type":"Polygon","coordinates":[[[5.705783,50.0490113],[5.7059517,50.0490324],[5.7060832,50.0490858],[5.7064185,50.0492546],[5.7065552,50.0492253],[5.7067514,50.0492799],[5.7067966,50.0492925],[5.7071051,50.0493459],[5.7076442,50.0494458],[5.7079473,50.0495268],[5.7081056,50.049525],[5.7081968,50.04937],[5.7083416,50.0493907],[5.7087117,50.0489067],[5.7083947,50.0488319],[5.708347,50.0488206],[5.70795,50.048762],[5.7077917,50.0490652],[5.7072607,50.0490135],[5.7072821,50.0489412],[5.7070461,50.0488654],[5.7063476,50.0486358],[5.7062081,50.048653],[5.7058219,50.0486307],[5.7057093,50.0488529],[5.7058031,50.0489622],[5.705783,50.0490113]]]}},{"type":"Feature","properties":{"t":"moita"},"geometry":{"type":"Polygon","coordinates":[[[5.7070354,50.0499797],[5.707081,50.0499091],[5.7065096,50.0497885],[5.7064586,50.0498459],[5.7070059,50.0500038],[5.7070354,50.0499797]]]}},{"type":"Feature","properties":{"t":"moita"},"geometry":{"type":"Polygon","coordinates":[[[5.7101145,50.0501244],[5.7103559,50.0501606],[5.7109889,50.0503672],[5.7113537,50.0505136],[5.7119599,50.0509115],[5.7122067,50.0509976],[5.712373,50.0508839],[5.7123649,50.0506635],[5.7117292,50.0504999],[5.711718,50.0504243],[5.7116496,50.0504286],[5.7116889,50.0504982],[5.7116129,50.0505387],[5.7115628,50.0505654],[5.7113161,50.0504155],[5.7105946,50.0501606],[5.7101332,50.0500452],[5.7101145,50.0501244]]]}},{"type":"Feature","properties":{"t":"moita"},"geometry":{"type":"Polygon","coordinates":[[[5.7113858,50.0501434],[5.7115039,50.0499315],[5.7114932,50.0498299],[5.7111777,50.0497166],[5.7111624,50.0497341],[5.7111101,50.0497237],[5.7110602,50.0498047],[5.7114126,50.0499264],[5.7113858,50.0501434]]]}},{"type":"Feature","properties":{"t":"mata"},"geometry":{"type":"Polygon","coordinates":[[[5.6946046,50.0362559],[5.6932676,50.0371538],[5.6929913,50.0373398],[5.6930664,50.0373726],[5.6939971,50.0367662],[5.6946384,50.0362695],[5.6946046,50.0362559]]]}},{"type":"Feature","properties":{"t":"moita"},"geometry":{"type":"Polygon","coordinates":[[[5.7035565,50.0479456],[5.703688,50.0479508],[5.7039106,50.0479129],[5.7039347,50.0478595],[5.703806,50.0477734],[5.7037872,50.0474152],[5.7035512,50.0473686],[5.7035565,50.0479456]]]}},{"type":"Feature","properties":{"t":"moita"},"geometry":{"type":"Polygon","coordinates":[[[5.7042427,50.046874],[5.7043183,50.0469122],[5.704506,50.0467882],[5.7047099,50.0465781],[5.7049459,50.046268],[5.7051766,50.0458391],[5.7051229,50.0458099],[5.7050157,50.0460389],[5.7048359,50.0463352],[5.7046375,50.0466091],[5.7044175,50.0467727],[5.7042427,50.046874]]]}},{"type":"Feature","properties":{"t":"mata"},"geometry":{"type":"Polygon","coordinates":[[[5.7039589,50.0510682],[5.7041842,50.0508529],[5.7037577,50.0507634],[5.7034761,50.0508167],[5.7034412,50.0509011],[5.7039362,50.0510971],[5.7039589,50.0510682]]]}},{"type":"Feature","properties":{"t":"mata"},"geometry":{"type":"Polygon","coordinates":[[[5.6971729,50.0469622],[5.6973016,50.0470552],[5.6978837,50.0471327],[5.6981841,50.0466504],[5.6978542,50.0465384],[5.6972641,50.0468743],[5.6971729,50.0469622]]]}},{"type":"Feature","properties":{"t":"mata"},"geometry":{"type":"Polygon","coordinates":[[[5.7007107,50.0495612],[5.7007342,50.0495171],[5.7007429,50.0495009],[5.6997532,50.0493459],[5.6994098,50.0493029],[5.6993714,50.0493074],[5.6992355,50.0493235],[5.6990397,50.0492667],[5.6990021,50.0493011],[5.6991979,50.0494182],[5.6993696,50.0493924],[5.6998014,50.0494544],[5.6998846,50.0494406],[5.7004747,50.0495491],[5.7006888,50.0495601],[5.7007107,50.0495612]]]}},{"type":"Feature","properties":{"t":"mata"},"geometry":{"type":"Polygon","coordinates":[[[5.7018936,50.0487638],[5.7019016,50.0487],[5.7014134,50.0487173],[5.7013866,50.0486484],[5.7013276,50.0486501],[5.7012096,50.0490376],[5.7004613,50.0489636],[5.7004639,50.0490135],[5.7009709,50.0491013],[5.7013705,50.0490807],[5.7014161,50.0487896],[5.7018936,50.0487638]]]}},{"type":"Feature","properties":{"t":"mata"},"geometry":{"type":"Polygon","coordinates":[[[5.703012,50.0489429],[5.7029745,50.0488723],[5.7026687,50.0489394],[5.702084,50.0491943],[5.7016307,50.0492064],[5.7014108,50.0492598],[5.701423,50.0492748],[5.701459,50.0493442],[5.7021135,50.0492667],[5.7025534,50.0490755],[5.7028645,50.0489859],[5.703012,50.0489429]]]}},{"type":"Feature","properties":{"t":"mata"},"geometry":{"type":"Polygon","coordinates":[[[5.7033641,50.0487777],[5.7033205,50.0487396],[5.7032508,50.0485691],[5.703063,50.0485898],[5.7030442,50.0486794],[5.7031998,50.04875],[5.7031962,50.0488586],[5.7031944,50.0489119],[5.7035056,50.0489963],[5.7038811,50.0490032],[5.7039669,50.0490694],[5.7040798,50.0490104],[5.7042649,50.048883],[5.7042096,50.0488565],[5.7041815,50.048843],[5.7039868,50.0488554],[5.7038095,50.0488693],[5.7036236,50.0488665],[5.7034203,50.0488471],[5.7033641,50.0487777]]]}},{"type":"Feature","properties":{"t":"mata"},"geometry":{"type":"Polygon","coordinates":[[[5.7019258,50.0513696],[5.7020947,50.0510958],[5.7016066,50.0509786],[5.7013679,50.0512439],[5.7019258,50.0513696]]]}},{"type":"Feature","properties":{"t":"mata"},"geometry":{"type":"Polygon","coordinates":[[[5.6948221,50.0499817],[5.6949306,50.0498247],[5.6948072,50.0496663],[5.695011,50.0495526],[5.6950513,50.0492167],[5.695129,50.0490135],[5.6950083,50.0488637],[5.6949574,50.048905],[5.6948957,50.0492288],[5.6947267,50.0496094],[5.6945175,50.0495388],[5.6941849,50.0494665],[5.6935841,50.0494992],[5.6934607,50.0495233],[5.6935358,50.0496163],[5.6937665,50.0498213],[5.6939328,50.0496129],[5.6941178,50.0496766],[5.6943378,50.0498195],[5.6945899,50.0497128],[5.6947106,50.0498574],[5.6946033,50.0499229],[5.6946954,50.0500321],[5.6947723,50.0499694],[5.6948221,50.0499817]]]}},{"type":"Feature","properties":{"t":"mata"},"geometry":{"type":"Polygon","coordinates":[[[5.6956925,50.0483833],[5.6954777,50.0483228],[5.6954643,50.0483797],[5.6954509,50.0484865],[5.6954911,50.0485175],[5.6954804,50.0487724],[5.6959391,50.0487655],[5.6959525,50.0486432],[5.6965774,50.0486088],[5.6965882,50.0483969],[5.6962851,50.0483366],[5.6961536,50.04839],[5.695953,50.0483931],[5.6962788,50.0484552],[5.6962757,50.0485511],[5.6959659,50.0485579],[5.6958438,50.0485984],[5.69575,50.0486311],[5.6956643,50.0485969],[5.6956574,50.0484865],[5.6956925,50.0483833]]]}},{"type":"Feature","properties":{"t":"mata"},"geometry":{"type":"Polygon","coordinates":[[[5.6911835,50.045331],[5.6904808,50.0453207],[5.6898451,50.0451984],[5.6893194,50.0450365],[5.6887171,50.0447822],[5.6886381,50.0447488],[5.6885388,50.0449348],[5.689078,50.0451691],[5.6897351,50.0454085],[5.6902286,50.0454929],[5.6909904,50.0455377],[5.6911111,50.0454016],[5.6911835,50.045331]]]}},{"type":"Feature","properties":{"t":"mata"},"geometry":{"type":"Polygon","coordinates":[[[5.6972815,50.0466521],[5.6974263,50.0467236],[5.6975779,50.0466409],[5.6972775,50.0466134],[5.6972815,50.0466521]]]}},{"type":"Feature","properties":{"t":"moita"},"geometry":{"type":"Polygon","coordinates":[[[5.6977791,50.0465367],[5.6975618,50.0465488],[5.6968805,50.0464678],[5.6963977,50.0463852],[5.696041,50.0463404],[5.6959862,50.0463431],[5.6960034,50.0464394],[5.6963293,50.0464885],[5.6967048,50.046566],[5.6972815,50.0466521],[5.6972775,50.0466134],[5.6960718,50.0464136],[5.6960624,50.0463705],[5.6969301,50.0464997],[5.6976825,50.0465936],[5.6977791,50.0465367]]]}},{"type":"Feature","properties":{"t":"mata"},"geometry":{"type":"Polygon","coordinates":[[[5.696041,50.0463404],[5.6959981,50.0461509],[5.6947026,50.0461561],[5.6932327,50.0461423],[5.6928974,50.0461096],[5.6921732,50.0460165],[5.6922108,50.046175],[5.6929967,50.046256],[5.6936404,50.046318],[5.6954938,50.0463679],[5.6959862,50.0463431],[5.696041,50.0463404]]]}},{"type":"Feature","properties":{"t":"mata"},"geometry":{"type":"Polygon","coordinates":[[[5.6896412,50.0408524],[5.6877979,50.0395743],[5.6877461,50.0396076],[5.6888098,50.0403792],[5.6890062,50.0405217],[5.689375,50.0407892],[5.6895286,50.0409006],[5.6896412,50.0408524]]]}},{"type":"Feature","properties":{"t":"mata"},"geometry":{"type":"Polygon","coordinates":[[[5.6904083,50.0404217],[5.6905532,50.0405113],[5.6903681,50.0410229],[5.6904834,50.0410832],[5.6911272,50.0395742],[5.6918997,50.0383959],[5.6917828,50.0382368],[5.6917453,50.0381725],[5.6910628,50.0391608],[5.6904083,50.0404217]]]}},{"type":"Feature","properties":{"t":"mata"},"geometry":{"type":"Polygon","coordinates":[[[5.6897717,50.0363216],[5.6906744,50.0363343],[5.6905203,50.0360698],[5.6899052,50.0359742],[5.6897717,50.0363216]]]}},{"type":"Feature","properties":{"t":"mata"},"geometry":{"type":"Polygon","coordinates":[[[5.6858592,50.0461956],[5.6858432,50.0459718],[5.685921,50.0457823],[5.6860149,50.0456617],[5.6857601,50.045629],[5.685685,50.0458684],[5.6856957,50.0460631],[5.6856975,50.0461611],[5.6858835,50.0464162],[5.6861731,50.0465574],[5.6860363,50.0464144],[5.6859076,50.0463197],[5.6858592,50.0461956]]]}},{"type":"Feature","properties":{"t":"moita"},"geometry":{"type":"Polygon","coordinates":[[[5.6893435,50.0434466],[5.6893998,50.0432296],[5.6895339,50.0430384],[5.6894454,50.0430246],[5.6891906,50.0435017],[5.6886381,50.0447488],[5.6887171,50.0447822],[5.6893435,50.0434466]]]}},{"type":"Feature","properties":{"t":"mata"},"geometry":{"type":"Polygon","coordinates":[[[5.6928143,50.0518932],[5.6929001,50.0517864],[5.6925642,50.051733],[5.6921625,50.0516693],[5.6919935,50.0518467],[5.6919935,50.0522548],[5.6920525,50.0522617],[5.6920777,50.0521816],[5.6921706,50.0518863],[5.6922296,50.0517605],[5.6928143,50.0518932]]]}},{"type":"Feature","properties":{"t":"mata"},"geometry":{"type":"Polygon","coordinates":[[[5.6952873,50.0533209],[5.6953758,50.0532106],[5.6955582,50.0529747],[5.6958747,50.0529334],[5.6958988,50.052861],[5.6950647,50.0525752],[5.6951505,50.052446],[5.6944746,50.0521412],[5.6947187,50.0518673],[5.6946704,50.0518312],[5.6943431,50.0521842],[5.6949735,50.0524546],[5.6949466,50.0526182],[5.6953758,50.0527921],[5.6951907,50.0530453],[5.6949171,50.052985],[5.6949032,50.0530029],[5.6948769,50.0530367],[5.6951103,50.0531297],[5.6950915,50.0532485],[5.6952538,50.0533085],[5.6952873,50.0533209]]]}},{"type":"Feature","properties":{"t":"charneca"},"geometry":{"type":"Polygon","coordinates":[[[5.6968778,50.0526974],[5.6968899,50.0526533],[5.6971031,50.0518759],[5.6965587,50.0518036],[5.6962717,50.0526561],[5.6968778,50.0526974]]]}},{"type":"Feature","properties":{"t":"charneca"},"geometry":{"type":"Polygon","coordinates":[[[5.700928,50.0530298],[5.7006517,50.0530246],[5.7000965,50.052892],[5.6999838,50.0530522],[5.6991738,50.0527973],[5.6991443,50.0526957],[5.6988332,50.05257],[5.6988627,50.0525063],[5.6989431,50.0523633],[5.6985494,50.0522468],[5.698176,50.0528731],[5.6986535,50.0530298],[5.6991765,50.0532416],[5.6992489,50.0531056],[5.6994742,50.0532658],[5.6995815,50.0535017],[5.6997666,50.0534569],[5.6998417,50.053531],[5.6999329,50.0536894],[5.7005364,50.0537583],[5.7007697,50.0533984],[5.700928,50.0530298]]]}},{"type":"Feature","properties":{"t":"mata"},"geometry":{"type":"Polygon","coordinates":[[[5.7007697,50.0533984],[5.700869,50.0534018],[5.7011291,50.0530419],[5.700928,50.0530298],[5.7007697,50.0533984]]]}},{"type":"Feature","properties":{"t":"mata"},"geometry":{"type":"Polygon","coordinates":[[[5.7004344,50.0539529],[5.7005364,50.0537583],[5.6999329,50.0536894],[5.6998417,50.053531],[5.6997666,50.0534569],[5.6995815,50.0535017],[5.6995091,50.0538651],[5.6997049,50.0538547],[5.6997666,50.0540097],[5.6998309,50.0540097],[5.6999007,50.0539236],[5.7000589,50.0539047],[5.7004344,50.0539529]]]}},{"type":"Feature","properties":{"t":"mata"},"geometry":{"type":"Polygon","coordinates":[[[5.6989861,50.0523289],[5.6985247,50.0521722],[5.6981572,50.0520792],[5.6981224,50.0521205],[5.6985494,50.0522468],[5.6989431,50.0523633],[5.6989861,50.0523289]]]}},{"type":"Feature","properties":{"t":"mata"},"geometry":{"type":"Polygon","coordinates":[[[5.6999838,50.0530522],[5.7000965,50.052892],[5.6992006,50.0526354],[5.6988627,50.0525063],[5.6988332,50.05257],[5.6991443,50.0526957],[5.6991738,50.0527973],[5.6999838,50.0530522]]]}},{"type":"Feature","properties":{"t":"mata"},"geometry":{"type":"Polygon","coordinates":[[[5.6964835,50.051776],[5.6958184,50.0516021],[5.6953758,50.0515194],[5.6953195,50.0516124],[5.6956816,50.0517072],[5.6957164,50.0516434],[5.6964487,50.0518174],[5.6964835,50.051776]]]}},{"type":"Feature","properties":{"t":"moita"},"geometry":{"type":"Polygon","coordinates":[[[5.6887507,50.0515401],[5.6887883,50.0514884],[5.6886837,50.0513179],[5.6898719,50.0514712],[5.6898424,50.0514437],[5.6884879,50.0512111],[5.6885201,50.0513179],[5.6887507,50.0515401]]]}},{"type":"Feature","properties":{"t":"moita"},"geometry":{"type":"Polygon","coordinates":[[[5.6899899,50.0510527],[5.689829,50.0509459],[5.6892228,50.0507496],[5.6889707,50.0506669],[5.6887266,50.0506428],[5.6886703,50.0506652],[5.6888124,50.0507014],[5.6890002,50.0507186],[5.6897914,50.0509752],[5.6899711,50.0510682],[5.6899899,50.0510527]]]}},{"type":"Feature","properties":{"t":"charneca"},"geometry":{"type":"Polygon","coordinates":[[[5.6894465,50.0502313],[5.6904621,50.0505294],[5.6905317,50.0505498],[5.6905425,50.0503672],[5.6903681,50.0501726],[5.6900677,50.0499384],[5.6895795,50.0497093],[5.6893301,50.0496249],[5.6892201,50.0497438],[5.6890823,50.0501425],[5.6892014,50.0501726],[5.6892979,50.0501399],[5.6894481,50.050183],[5.6894465,50.0502313]]]}},{"type":"Feature","properties":{"t":"mata"},"geometry":{"type":"Polygon","coordinates":[[[5.6873313,50.0493592],[5.6873292,50.0494182],[5.6876215,50.0495612],[5.6878066,50.0497989],[5.6878871,50.0497851],[5.6878046,50.0494823],[5.6873313,50.0493592]]]}},{"type":"Feature","properties":{"t":"mata"},"geometry":{"type":"Polygon","coordinates":[[[5.6882814,50.0506101],[5.6885308,50.0506876],[5.6886703,50.0506652],[5.6886435,50.0506239],[5.6884289,50.0505257],[5.6883886,50.0503052],[5.6887963,50.0503311],[5.6887937,50.0502398],[5.6890619,50.0502174],[5.6892067,50.0503483],[5.6894428,50.0503414],[5.6894465,50.0502313],[5.6894481,50.050183],[5.6892979,50.0501399],[5.6892014,50.0501726],[5.6890823,50.0501425],[5.6890109,50.0501244],[5.6890753,50.0498368],[5.6890753,50.0496732],[5.6889886,50.0495983],[5.6879628,50.0494492],[5.6879147,50.0494593],[5.6882814,50.0506101]]]}},{"type":"Feature","properties":{"t":"mata"},"geometry":{"type":"Polygon","coordinates":[[[5.7002495,50.0545664],[5.7003888,50.0543214],[5.7003513,50.0542181],[5.7001474,50.0543524],[5.6998052,50.0549693],[5.6999597,50.0550189],[5.7002495,50.0545664]]]}},{"type":"Feature","properties":{"t":"mata"},"geometry":{"type":"Polygon","coordinates":[[[5.6861731,50.0471757],[5.6857862,50.0470345],[5.6853712,50.0468829],[5.685347,50.0469305],[5.685288,50.0470466],[5.6852317,50.0471723],[5.6855616,50.0472377],[5.6856179,50.0471447],[5.6858298,50.047224],[5.6861731,50.0471757]]]}},{"type":"Feature","properties":{"t":"moita"},"geometry":{"type":"Polygon","coordinates":[[[5.681954,50.0450261],[5.6816992,50.0448797],[5.6813237,50.045095],[5.6815946,50.0452707],[5.6818929,50.045125],[5.6818494,50.0451036],[5.681954,50.0450261]]]}},{"type":"Feature","properties":{"t":"mata"},"geometry":{"type":"Polygon","coordinates":[[[5.6827292,50.0453672],[5.681954,50.0450261],[5.6818494,50.0451036],[5.6818929,50.045125],[5.6822008,50.0452759],[5.6826594,50.045424],[5.6827292,50.0453672]]]}},{"type":"Feature","properties":{"t":"mata"},"geometry":{"type":"Polygon","coordinates":[[[5.6982046,50.0551644],[5.6985623,50.0553306],[5.6986856,50.0555906],[5.6984791,50.0559023],[5.6984048,50.0559838],[5.6982136,50.0561934],[5.6983745,50.0563225],[5.6982333,50.0565274],[5.6982994,50.056555],[5.6984121,50.0564207],[5.6985113,50.0562554],[5.6988466,50.0558369],[5.6989217,50.0556957],[5.6989163,50.05557],[5.6987527,50.0555269],[5.6987286,50.0553702],[5.6988814,50.0552462],[5.6982565,50.0550482],[5.6982046,50.0551644]]]}},{"type":"Feature","properties":{"t":"mata"},"geometry":{"type":"Polygon","coordinates":[[[5.7005578,50.0558937],[5.7003432,50.0558662],[5.6998926,50.0563191],[5.6999141,50.0565705],[5.6997237,50.0567754],[5.6997961,50.0567944],[5.700126,50.0565447],[5.7002038,50.056264],[5.7003674,50.056245],[5.7003191,50.0561469],[5.7005578,50.0558937]]]}},{"type":"Feature","properties":{"t":"mata"},"geometry":{"type":"Polygon","coordinates":[[[5.6931898,50.0518225],[5.6931066,50.0518105],[5.6930962,50.0518372],[5.6930718,50.0519],[5.6936163,50.0520378],[5.6936243,50.0520034],[5.6931898,50.0518225]]]}},{"type":"Feature","properties":{"t":"mata"},"geometry":{"type":"Polygon","coordinates":[[[5.6935734,50.0524718],[5.693796,50.0521601],[5.6937476,50.0521472],[5.693686,50.0521308],[5.6934446,50.0524236],[5.6934926,50.0524416],[5.6935734,50.0524718]]]}},{"type":"Feature","properties":{"t":"mata"},"geometry":{"type":"Polygon","coordinates":[[[5.6856058,50.0592856],[5.6852666,50.0591535],[5.6847838,50.0588815],[5.6844565,50.0587936],[5.6844082,50.0587196],[5.6839228,50.058711],[5.6838047,50.0586335],[5.6838718,50.0585491],[5.6837887,50.0584751],[5.683212,50.0585061],[5.6830537,50.0585043],[5.6829035,50.0585474],[5.682705,50.0586455],[5.6825978,50.0585973],[5.682064,50.0586094],[5.6817019,50.0586938],[5.6814498,50.0587764],[5.681313,50.0588711],[5.6812593,50.0590399],[5.6817287,50.0592586],[5.6815731,50.0594325],[5.6818172,50.0595237],[5.6819916,50.0593843],[5.6825575,50.0597493],[5.6830637,50.0599644],[5.6831127,50.0599852],[5.6833595,50.0597579],[5.6841266,50.0600472],[5.6843412,50.0599301],[5.6843794,50.0598437],[5.6844029,50.0597906],[5.6837699,50.0595496],[5.6833059,50.0593894],[5.6834024,50.0593051],[5.6837377,50.0591139],[5.6846336,50.0593894],[5.6854436,50.0596081],[5.6855982,50.0596429],[5.6857047,50.0596668],[5.6857601,50.0595384],[5.6855978,50.0593619],[5.6856058,50.0592856]]]}},{"type":"Feature","properties":{"t":"moita"},"geometry":{"type":"Polygon","coordinates":[[[5.6849608,50.0640454],[5.6851271,50.0638612],[5.6840435,50.0633584],[5.6839281,50.0635306],[5.6849608,50.0640454]]]}},{"type":"Feature","properties":{"t":"mata"},"geometry":{"type":"Polygon","coordinates":[[[5.6862348,50.0603744],[5.6856716,50.0611923],[5.6857574,50.0612319],[5.6860217,50.060852],[5.6863152,50.06043],[5.6862348,50.0603744]]]}},{"type":"Feature","properties":{"t":"mata"},"geometry":{"type":"Polygon","coordinates":[[[5.6878522,50.0604966],[5.6883457,50.0602642],[5.6882438,50.060216],[5.6878227,50.0603331],[5.6878522,50.0604966]]]}},{"type":"Feature","properties":{"t":"mata"},"geometry":{"type":"Polygon","coordinates":[[[5.6896521,50.0593336],[5.6895715,50.0593808],[5.6895818,50.0594543],[5.6896868,50.0602039],[5.6897278,50.060164],[5.6897593,50.0601333],[5.6896521,50.0593336]]]}},{"type":"Feature","properties":{"t":"mata"},"geometry":{"type":"Polygon","coordinates":[[[5.6888181,50.0582826],[5.6884316,50.0585508],[5.6879944,50.0589417],[5.687938,50.0591191],[5.6882358,50.0593464],[5.6883109,50.0592947],[5.6881016,50.0591363],[5.6881982,50.0588952],[5.6889012,50.0583209],[5.6888181,50.0582826]]]}},{"type":"Feature","properties":{"t":"mata"},"geometry":{"type":"Polygon","coordinates":[[[5.6856394,50.0545281],[5.6856238,50.0545485],[5.6852397,50.0550499],[5.685521,50.0551494],[5.6855562,50.0551618],[5.6858045,50.0548993],[5.6860056,50.0546869],[5.6860326,50.0546583],[5.686436,50.0542319],[5.6861168,50.0540958],[5.6856394,50.0545281]]]}},{"type":"Feature","properties":{"t":"moita"},"geometry":{"type":"Polygon","coordinates":[[[5.6852719,50.0524477],[5.6843466,50.0522738],[5.6839898,50.0525924],[5.6838423,50.0525218],[5.6838047,50.0525493],[5.6839147,50.0526268],[5.6838559,50.0527044],[5.6838208,50.0527508],[5.6839308,50.0527457],[5.6841722,50.0525493],[5.6844994,50.0526854],[5.6845182,50.0525493],[5.6843358,50.0524649],[5.6843653,50.0523857],[5.6846389,50.0524735],[5.6846684,50.052427],[5.6852397,50.0524977],[5.6852719,50.0524477]]]}},{"type":"Feature","properties":{"t":"charneca"},"geometry":{"type":"Polygon","coordinates":[[[5.6863689,50.0500262],[5.6867452,50.0492368],[5.6866693,50.049215],[5.6866237,50.0493562],[5.6864119,50.0494613],[5.6860846,50.0494458],[5.6860068,50.0493597],[5.686157,50.0491358],[5.6859103,50.049029],[5.6854463,50.0495853],[5.6862295,50.0499866],[5.6863689,50.0500262]]]}},{"type":"Feature","properties":{"t":"charneca"},"geometry":{"type":"Polygon","coordinates":[[[5.6845129,50.0482867],[5.6843975,50.0485812],[5.6842205,50.0486931],[5.6842741,50.0489257],[5.6844941,50.0488482],[5.684604,50.0487448],[5.6847489,50.0486604],[5.684883,50.0487379],[5.6850976,50.048824],[5.6851593,50.0489033],[5.6852531,50.0488809],[5.6856099,50.0489773],[5.6857359,50.0488154],[5.6856689,50.0487293],[5.6854114,50.0487483],[5.685398,50.0486208],[5.6852397,50.0486208],[5.6845129,50.0482867]]]}},{"type":"Feature","properties":{"t":"charneca"},"geometry":{"type":"Polygon","coordinates":[[[5.684934,50.0491547],[5.6849232,50.049172],[5.6846175,50.0490445],[5.6845745,50.0490411],[5.6844404,50.0491272],[5.684345,50.0490884],[5.6843197,50.0491168],[5.6849822,50.049389],[5.6850412,50.049339],[5.685406,50.0494269],[5.6855053,50.0492357],[5.6854141,50.0492443],[5.6853041,50.0492167],[5.6851941,50.0491651],[5.685111,50.0491392],[5.6850761,50.04911],[5.6850734,50.0490686],[5.6849769,50.0489308],[5.6847435,50.0488602],[5.6846255,50.0488568],[5.6846684,50.0489636],[5.6847757,50.0490738],[5.684934,50.0491547]]]}},{"type":"Feature","properties":{"t":"mata"},"geometry":{"type":"Polygon","coordinates":[[[5.6869939,50.0493373],[5.6870152,50.049309],[5.6870663,50.0492408],[5.6865513,50.0490204],[5.6862751,50.0490014],[5.6858513,50.0488688],[5.6857359,50.0488154],[5.6856099,50.0489773],[5.6852531,50.0488809],[5.6851593,50.0489033],[5.6850976,50.048824],[5.684883,50.0487379],[5.6847489,50.0486604],[5.684604,50.0487448],[5.6844941,50.0488482],[5.6842741,50.0489257],[5.684309,50.0490738],[5.684345,50.0490884],[5.6844404,50.0491272],[5.6845745,50.0490411],[5.6844538,50.048998],[5.6845691,50.0489032],[5.6846255,50.0488568],[5.6847435,50.0488602],[5.6849769,50.0489308],[5.6850734,50.0490686],[5.6851405,50.049029],[5.6852183,50.0490221],[5.6852746,50.0490376],[5.6853041,50.0490703],[5.6852826,50.0491203],[5.6853443,50.0491323],[5.6854194,50.0490876],[5.6854677,50.0490824],[5.6855321,50.0491065],[5.6855643,50.0491857],[5.6855053,50.0492357],[5.685406,50.0494269],[5.6853336,50.0495354],[5.6854463,50.0495853],[5.6859103,50.049029],[5.686157,50.0491358],[5.6860068,50.0493597],[5.6860846,50.0494458],[5.6864119,50.0494613],[5.6866237,50.0493562],[5.6866693,50.049215],[5.6867452,50.0492368],[5.6868196,50.0492581],[5.6869939,50.0493373]]]}},{"type":"Feature","properties":{"t":"mata"},"geometry":{"type":"Polygon","coordinates":[[[5.6858593,50.048452],[5.6857091,50.0484331],[5.685575,50.0485554],[5.6845638,50.0482247],[5.6845129,50.0482867],[5.6852397,50.0486208],[5.685398,50.0486208],[5.6854114,50.0487483],[5.6856689,50.0487293],[5.6857091,50.0485795],[5.6858593,50.048452]]]}},{"type":"Feature","properties":{"t":"mata"},"geometry":{"type":"Polygon","coordinates":[[[5.6794167,50.044673],[5.6793521,50.0446956],[5.6801516,50.0453965],[5.6802294,50.0453569],[5.6794167,50.044673]]]}},{"type":"Feature","properties":{"t":"mata"},"geometry":{"type":"Polygon","coordinates":[[[5.6801113,50.046752],[5.6799638,50.0465798],[5.6797814,50.0465574],[5.6797308,50.0465262],[5.679591,50.0464403],[5.6794032,50.046411],[5.6792799,50.046454],[5.6795186,50.0467072],[5.679878,50.0468209],[5.6801113,50.046752]]]}},{"type":"Feature","properties":{"t":"charneca"},"geometry":{"type":"Polygon","coordinates":[[[5.6829223,50.048359],[5.6832495,50.0482316],[5.683381,50.0479732],[5.683161,50.0478957],[5.6830269,50.0479577],[5.6828955,50.0478957],[5.6828928,50.0478302],[5.6827909,50.0477889],[5.6825843,50.0477786],[5.6824583,50.0477545],[5.6825361,50.0476408],[5.6823537,50.0475822],[5.6822652,50.0476236],[5.6821525,50.0476253],[5.682064,50.0476787],[5.6816697,50.0476959],[5.6815973,50.0478544],[5.6816724,50.0478802],[5.6813371,50.0482815],[5.6815571,50.0483642],[5.6817931,50.0481868],[5.6819862,50.0481851],[5.6821847,50.0480748],[5.6823966,50.0481678],[5.6823,50.0483194],[5.6825843,50.048359],[5.6828177,50.0483263],[5.6829223,50.048359]]]}},{"type":"Feature","properties":{"t":"moita"},"geometry":{"type":"Polygon","coordinates":[[[5.6815571,50.0483642],[5.6816483,50.0484003],[5.6818038,50.0483797],[5.6821364,50.0484675],[5.6822839,50.0484847],[5.682587,50.0486036],[5.6827882,50.0485416],[5.6829223,50.048359],[5.6828177,50.0483263],[5.6825843,50.048359],[5.6823,50.0483194],[5.6823966,50.0481678],[5.6821847,50.0480748],[5.6819862,50.0481851],[5.6817931,50.0481868],[5.6815571,50.0483642]]]}},{"type":"Feature","properties":{"t":"mata"},"geometry":{"type":"Polygon","coordinates":[[[5.6861705,50.05723],[5.6863368,50.0572972],[5.6863744,50.0572642],[5.6865406,50.0571181],[5.6866586,50.0568598],[5.6865513,50.0568478],[5.6861705,50.05723]]]}},{"type":"Feature","properties":{"t":"mata"},"geometry":{"type":"Polygon","coordinates":[[[5.6840032,50.0582546],[5.6843761,50.0583838],[5.6853792,50.0567806],[5.6854302,50.0565464],[5.6852961,50.0565429],[5.6849876,50.0565826],[5.6849071,50.0565946],[5.6840032,50.0582546]]]}},{"type":"Feature","properties":{"t":"moita"},"geometry":{"type":"Polygon","coordinates":[[[5.6868571,50.0548846],[5.6868249,50.0549362],[5.6879246,50.0551791],[5.6879568,50.0551274],[5.6873962,50.0549879],[5.6868571,50.0548846]]]}},{"type":"Feature","properties":{"t":"mata"},"geometry":{"type":"Polygon","coordinates":[[[5.6855562,50.0551618],[5.685521,50.0551494],[5.6850842,50.0556079],[5.6847206,50.055496],[5.6846926,50.0554873],[5.6845102,50.0554821],[5.6843734,50.0554081],[5.6842473,50.0554804],[5.6841212,50.0553978],[5.683912,50.0554735],[5.6837055,50.0553478],[5.6838638,50.0552169],[5.6833488,50.0549672],[5.6831932,50.0550878],[5.6835955,50.0554908],[5.6838289,50.0555149],[5.68414,50.0556492],[5.6841266,50.0557215],[5.6844163,50.0558868],[5.6842259,50.0562209],[5.6842554,50.0563725],[5.6841347,50.0565808],[5.6845021,50.0566015],[5.6846872,50.0565843],[5.6849313,50.0560987],[5.6851512,50.0561916],[5.6855187,50.0561193],[5.685567,50.0559282],[5.6853282,50.0557456],[5.6852129,50.0557198],[5.6855562,50.0551618]]]}},{"type":"Feature","properties":{"t":"moita"},"geometry":{"type":"Polygon","coordinates":[[[5.683735,50.0582116],[5.6837243,50.0581117],[5.6837085,50.0580976],[5.6835526,50.0579585],[5.6834319,50.0581393],[5.6834266,50.0581789],[5.683735,50.0582116]]]}},{"type":"Feature","properties":{"t":"mata"},"geometry":{"type":"Polygon","coordinates":[[[5.6827131,50.0578689],[5.6827197,50.0579133],[5.6827399,50.058048],[5.682756,50.0581599],[5.6828208,50.058184],[5.6828767,50.0582047],[5.683043,50.0580738],[5.683051,50.0579154],[5.6829143,50.0578293],[5.6827131,50.0578689]]]}},{"type":"Feature","properties":{"t":"mata"},"geometry":{"type":"Polygon","coordinates":[[[5.6844217,50.0517175],[5.6844753,50.0516348],[5.6843331,50.0515539],[5.6843197,50.0514592],[5.6841695,50.0514764],[5.6838772,50.051559],[5.6836867,50.0516641],[5.683499,50.051733],[5.6832093,50.051807],[5.6832468,50.0518363],[5.6835875,50.0517847],[5.6838047,50.0516744],[5.6840193,50.0516365],[5.6844217,50.0517175]]]}},{"type":"Feature","properties":{"t":"mata"},"geometry":{"type":"Polygon","coordinates":[[[5.6809536,50.0550482],[5.6806022,50.0549414],[5.6805217,50.0550499],[5.6809294,50.055136],[5.6809536,50.0550482]]]}},{"type":"Feature","properties":{"t":"mata"},"geometry":{"type":"Polygon","coordinates":[[[5.6819487,50.0556147],[5.6820908,50.0553547],[5.6814766,50.0551549],[5.6812888,50.0553323],[5.6815678,50.0555459],[5.6819487,50.0556147]]]}},{"type":"Feature","properties":{"t":"mata"},"geometry":{"type":"Polygon","coordinates":[[[5.6790626,50.0557887],[5.6805673,50.0543473],[5.6800148,50.0542526],[5.6796741,50.0541578],[5.679009,50.0547864],[5.6785423,50.054628],[5.6784135,50.0547038],[5.6783384,50.0546418],[5.678435,50.0545091],[5.677928,50.0543455],[5.6775418,50.0546108],[5.6772387,50.0549586],[5.6778422,50.0551222],[5.6777242,50.0553272],[5.678038,50.0554322],[5.6781533,50.0553737],[5.6782763,50.0554298],[5.6790626,50.0557887]]]}},{"type":"Feature","properties":{"t":"mata"},"geometry":{"type":"Polygon","coordinates":[[[5.6860658,50.0604467],[5.6859739,50.0604138],[5.6855958,50.0609037],[5.6856957,50.0609443],[5.6860658,50.0604467]]]}},{"type":"Feature","properties":{"t":"charneca"},"geometry":{"type":"Polygon","coordinates":[[[5.678679,50.0577553],[5.6783974,50.0578328],[5.6780085,50.0580979],[5.6779119,50.0581548],[5.6776598,50.0580911],[5.6775552,50.0581341],[5.6778476,50.0583407],[5.6783733,50.0586145],[5.6788802,50.0587334],[5.6792504,50.0588436],[5.6796607,50.0590037],[5.6798539,50.0590795],[5.6800765,50.0591862],[5.6801409,50.0591535],[5.6799343,50.0590261],[5.6798324,50.0586645],[5.6802401,50.0586404],[5.6804413,50.0586128],[5.6809144,50.0584358],[5.6807584,50.0582654],[5.6805888,50.0583425],[5.6804413,50.0584751],[5.6803152,50.0585353],[5.6800577,50.0585922],[5.6798083,50.0586008],[5.6796178,50.0585594],[5.6794032,50.0584268],[5.6793206,50.0583703],[5.6791189,50.0585009],[5.678612,50.0583339],[5.6791618,50.0579722],[5.6791887,50.0576984],[5.678679,50.0577553]]]}},{"type":"Feature","properties":{"t":"charneca"},"geometry":{"type":"Polygon","coordinates":[[[5.6871065,50.058456],[5.6870772,50.0584386],[5.6862938,50.0579946],[5.6865701,50.0578689],[5.6867614,50.0577355],[5.686662,50.0576782],[5.6864843,50.0578138],[5.6862912,50.0578947],[5.6861436,50.057912],[5.6857896,50.0576984],[5.6861946,50.0574091],[5.6863368,50.0572972],[5.6861705,50.05723],[5.685862,50.0570992],[5.6855857,50.0569407],[5.6853792,50.0567806],[5.6843761,50.0583838],[5.6840032,50.0582546],[5.6849071,50.0565946],[5.6845209,50.0566342],[5.6841749,50.057218],[5.6837085,50.0580976],[5.6837243,50.0581117],[5.683735,50.0582116],[5.6838584,50.058215],[5.6837887,50.0584751],[5.6838718,50.0585491],[5.6840327,50.05842],[5.6842929,50.0584613],[5.6844887,50.0584389],[5.6846336,50.0584079],[5.6849125,50.0584062],[5.6849956,50.0584251],[5.6853202,50.058618],[5.6855509,50.0586352],[5.6857172,50.0586541],[5.6859344,50.0587402],[5.6859586,50.0587902],[5.6858781,50.0588866],[5.68598,50.0589521],[5.6865317,50.0591408],[5.6871065,50.058456]]]}},{"type":"Feature","properties":{"t":"mata"},"geometry":{"type":"Polygon","coordinates":[[[5.6981251,50.0305913],[5.6984255,50.0306999],[5.6990343,50.0306758],[5.6997398,50.0305672],[5.699721,50.0295868],[5.6991282,50.0298367],[5.6987393,50.0300693],[5.6984818,50.0302467],[5.6981251,50.0305913]]]}},{"type":"Feature","properties":{"t":"mata"},"geometry":{"type":"Polygon","coordinates":[[[5.6993052,50.0296489],[5.6992628,50.0296208],[5.6991309,50.0295334],[5.698683,50.0297178],[5.6983638,50.0297557],[5.6980929,50.0297109],[5.6980285,50.0295782],[5.6979024,50.0295954],[5.6980017,50.0298505],[5.6982109,50.0300744],[5.6980795,50.0302984],[5.6981948,50.0303226],[5.6983718,50.0301537],[5.6986856,50.0299435],[5.6990665,50.0297402],[5.6993052,50.0296489]]]}},{"type":"Feature","properties":{"t":"moita"},"geometry":{"type":"Polygon","coordinates":[[[5.696564,50.0300159],[5.6963575,50.0299159],[5.6961375,50.0297316],[5.6957486,50.0294731],[5.6953999,50.0292939],[5.6951746,50.0292681],[5.6949601,50.029063],[5.6948796,50.0290062],[5.6945953,50.0289183],[5.6942868,50.0288976],[5.6934349,50.028811],[5.6932032,50.0291543],[5.6942064,50.0293921],[5.6948823,50.0293577],[5.6955975,50.0296833],[5.6964219,50.0302984],[5.696564,50.0300159]]]}},{"type":"Feature","properties":{"t":"mata"},"geometry":{"type":"Polygon","coordinates":[[[5.6837511,50.0324005],[5.6831503,50.0332481],[5.6825334,50.0340613],[5.6822684,50.03455],[5.6825771,50.0345692],[5.6825951,50.0344852],[5.6827533,50.0342577],[5.6834131,50.0335031],[5.6833354,50.0334342],[5.6840354,50.0325865],[5.6837511,50.0324005]]]}},{"type":"Feature","properties":{"t":"moita"},"geometry":{"type":"Polygon","coordinates":[[[5.6816107,50.0373829],[5.6811064,50.0374174],[5.6810505,50.0374436],[5.6811011,50.0374725],[5.6811011,50.0376138],[5.6812352,50.0377137],[5.6816107,50.0373829]]]}},{"type":"Feature","properties":{"t":"moita"},"geometry":{"type":"Polygon","coordinates":[[[5.7019311,50.0328967],[5.7020062,50.0328002],[5.7010329,50.0301099],[5.7008958,50.0298332],[5.7009494,50.0295541],[5.7009494,50.0293301],[5.7008207,50.0293094],[5.7005095,50.0293818],[5.7006329,50.0297298],[5.701223,50.0312599],[5.7019311,50.0328967]]]}},{"type":"Feature","properties":{"t":"moita"},"geometry":{"type":"Polygon","coordinates":[[[5.6981251,50.0305913],[5.6979266,50.0308429],[5.6978042,50.0310683],[5.6978166,50.0311358],[5.6980756,50.0312213],[5.6990558,50.0312564],[5.6999424,50.0309116],[5.7004967,50.0312834],[5.7006999,50.0311911],[5.7000697,50.0295024],[5.699721,50.0295868],[5.6997398,50.0305672],[5.6990343,50.0306758],[5.6984255,50.0306999],[5.6981251,50.0305913]]]}},{"type":"Feature","properties":{"t":"moita"},"geometry":{"type":"Polygon","coordinates":[[[5.6967618,50.0217567],[5.69668,50.0216865],[5.696556,50.0222238],[5.6968108,50.0227252],[5.6968188,50.0235197],[5.697079,50.0235352],[5.697079,50.0229441],[5.6969127,50.0225426],[5.6967249,50.0222186],[5.6967618,50.0217567]]]}},{"type":"Feature","properties":{"t":"mata"},"geometry":{"type":"Polygon","coordinates":[[[5.6980017,50.0215896],[5.6976959,50.0216775],[5.698581,50.023773],[5.6988439,50.0236627],[5.6985944,50.0229424],[5.6985385,50.0228148],[5.6980017,50.0215896]]]}},{"type":"Feature","properties":{"t":"mata"},"geometry":{"type":"Polygon","coordinates":[[[5.6948581,50.026568],[5.6945416,50.0261527],[5.6941393,50.0263578],[5.6945524,50.0267593],[5.6948581,50.026568]]]}},{"type":"Feature","properties":{"t":"charneca"},"geometry":{"type":"Polygon","coordinates":[[[5.6971782,50.0250413],[5.6970629,50.0248293],[5.6955554,50.0248631],[5.6955501,50.0249723],[5.6959793,50.0254273],[5.6962609,50.0254531],[5.6965318,50.0256478],[5.6970635,50.0258799],[5.6973219,50.0268189],[5.6978354,50.0267817],[5.697948,50.0269746],[5.6978971,50.0272055],[5.697881,50.0274726],[5.6977335,50.0275863],[5.6976745,50.0276932],[5.6976557,50.0288976],[5.6975216,50.0293439],[5.6974652,50.029909],[5.6968768,50.030189],[5.6974733,50.030519],[5.6977683,50.0308739],[5.6981948,50.0303226],[5.6980795,50.0302984],[5.6982109,50.0300744],[5.6980017,50.0298505],[5.6979024,50.0295954],[5.6980285,50.0295782],[5.6980929,50.0297109],[5.6983638,50.0297557],[5.698683,50.0297178],[5.6991309,50.0295334],[5.6992628,50.0296208],[5.6994742,50.0294697],[5.699375,50.0294111],[5.699493,50.0292147],[5.6993508,50.0287167],[5.6991068,50.0284755],[5.6983879,50.0285926],[5.698345,50.0285099],[5.698455,50.0283514],[5.6981009,50.0277724],[5.6980821,50.0274158],[5.6981841,50.0272211],[5.6977978,50.0261286],[5.697417,50.0258529],[5.6972587,50.0253945],[5.6966767,50.0253463],[5.6965345,50.0251671],[5.6971782,50.0250413]]]}},{"type":"Feature","properties":{"t":"moita"},"geometry":{"type":"Polygon","coordinates":[[[5.6962341,50.020073],[5.6959283,50.0195853],[5.6958291,50.0196439],[5.6961751,50.020092],[5.696485,50.0206382],[5.6965683,50.0206194],[5.6962341,50.020073]]]}},{"type":"Feature","properties":{"t":"moita"},"geometry":{"type":"Polygon","coordinates":[[[5.6976101,50.0188098],[5.6973767,50.0191665],[5.6973177,50.0195905],[5.6973231,50.0199765],[5.6975108,50.0199783],[5.697476,50.0198111],[5.697535,50.0196232],[5.6974545,50.0194681],[5.6978756,50.0188873],[5.6976101,50.0188098]]]}},{"type":"Feature","properties":{"t":"mata"},"geometry":{"type":"Polygon","coordinates":[[[5.7021912,50.0202593],[5.701746,50.0205056],[5.7018802,50.0206038],[5.7022863,50.0202994],[5.7021912,50.0202593]]]}},{"type":"Feature","properties":{"t":"mata"},"geometry":{"type":"Polygon","coordinates":[[[5.6949735,50.022272],[5.6941098,50.021338],[5.6939971,50.0213897],[5.6945718,50.0222111],[5.6946892,50.0223789],[5.6949735,50.022272]]]}},{"type":"Feature","properties":{"t":"moita"},"geometry":{"type":"Polygon","coordinates":[[[5.6953543,50.0224581],[5.6949735,50.022272],[5.6946892,50.0223789],[5.6948662,50.0227097],[5.6949574,50.0229372],[5.6952256,50.0229493],[5.6953543,50.0224581]]]}},{"type":"Feature","properties":{"t":"moita"},"geometry":{"type":"Polygon","coordinates":[[[5.6971058,50.0133394],[5.6962823,50.012779],[5.6958103,50.0130686],[5.6966016,50.0136841],[5.6974062,50.0135617],[5.6974357,50.0135169],[5.6971058,50.0133394]]]}},{"type":"Feature","properties":{"t":"moita"},"geometry":{"type":"Polygon","coordinates":[[[5.6967652,50.0177499],[5.6974411,50.0182135],[5.6977978,50.0183048],[5.6984282,50.0180704],[5.698396,50.018017],[5.6976959,50.0182307],[5.6975725,50.01821],[5.6968027,50.0177154],[5.6967652,50.0177499]]]}},{"type":"Feature","properties":{"t":"moita"},"geometry":{"type":"Polygon","coordinates":[[[5.6844348,50.0272693],[5.6843823,50.0272879],[5.6845397,50.0275691],[5.6848186,50.0274899],[5.6844348,50.0272693]]]}},{"type":"Feature","properties":{"t":"moita"},"geometry":{"type":"Polygon","coordinates":[[[5.6932191,50.020597],[5.6932971,50.0205433],[5.6932358,50.0203929],[5.6930463,50.0204072],[5.6931243,50.0205236],[5.6932191,50.020597]]]}},{"type":"Feature","properties":{"t":"moita"},"geometry":{"type":"Polygon","coordinates":[[[5.6943673,50.02117],[5.6941554,50.0210398],[5.6940964,50.0210174],[5.6939016,50.0210749],[5.6941654,50.0213017],[5.6943673,50.02117]]]}},{"type":"Feature","properties":{"t":"moita"},"geometry":{"type":"Polygon","coordinates":[[[5.6955789,50.0206077],[5.6954925,50.02052],[5.6950774,50.020307],[5.6950384,50.0203965],[5.6954953,50.0206417],[5.6955789,50.0206077]]]}},{"type":"Feature","properties":{"t":"mata"},"geometry":{"type":"Polygon","coordinates":[[[5.6934642,50.0267151],[5.6935116,50.0267473],[5.6938738,50.0267205],[5.6937679,50.026511],[5.6934447,50.0266381],[5.6934642,50.0267151]]]}},{"type":"Feature","properties":{"t":"mata"},"geometry":{"type":"Polygon","coordinates":[[[5.6898869,50.0234503],[5.6894523,50.0232408],[5.6893826,50.0233178],[5.6898033,50.0235183],[5.6898869,50.0234503]]]}},{"type":"Feature","properties":{"t":"moita"},"geometry":{"type":"Polygon","coordinates":[[[5.694647,50.0188203],[5.6946188,50.0187987],[5.6945612,50.0187546],[5.6941983,50.0192167],[5.693555,50.0198018],[5.6935813,50.0198421],[5.6941554,50.0194202],[5.694647,50.0188203]]]}},{"type":"Feature","properties":{"t":"mata"},"geometry":{"type":"Polygon","coordinates":[[[5.69307,50.0168932],[5.6927169,50.0166134],[5.6922748,50.0163802],[5.6920835,50.0162805],[5.6920208,50.0160876],[5.6916188,50.0159907],[5.6915457,50.0159731],[5.6914236,50.0160198],[5.6914335,50.0161576],[5.6918954,50.0163717],[5.691902,50.0164459],[5.6921099,50.0165773],[5.6924893,50.0166579],[5.6926806,50.01673],[5.692971,50.0169038],[5.69307,50.0168932]]]}},{"type":"Feature","properties":{"t":"mata"},"geometry":{"type":"Polygon","coordinates":[[[5.6901468,50.0162869],[5.6905823,50.0158014],[5.6901567,50.0157018],[5.6898201,50.0156657],[5.6893879,50.0156933],[5.6893978,50.0160473],[5.6896222,50.0161851],[5.6899983,50.0161915],[5.690061,50.0162827],[5.6901468,50.0162869]]]}},{"type":"Feature","properties":{"t":"mata"},"geometry":{"type":"Polygon","coordinates":[[[5.6940268,50.0172621],[5.6937199,50.0173342],[5.6933075,50.0170607],[5.6931095,50.0171116],[5.6933669,50.0173893],[5.6932698,50.0174458],[5.6932283,50.0174699],[5.6940334,50.0182648],[5.6941488,50.0183454],[5.6942243,50.0183464],[5.6944524,50.0183496],[5.6940268,50.0172621]]]}},{"type":"Feature","properties":{"t":"mata"},"geometry":{"type":"Polygon","coordinates":[[[5.6900138,50.0113745],[5.6895358,50.0114635],[5.6887225,50.0118714],[5.6887279,50.0119254],[5.6888012,50.0119847],[5.6888853,50.0120161],[5.688991,50.0119969],[5.6894414,50.0117511],[5.6897181,50.0116587],[5.689927,50.0116552],[5.6901711,50.011568],[5.6900138,50.0113745]]]}},{"type":"Feature","properties":{"t":"mata"},"geometry":{"type":"Polygon","coordinates":[[[5.6877866,50.0228025],[5.6875506,50.0228844],[5.6877025,50.0230744],[5.6870134,50.0233828],[5.6872603,50.0235292],[5.6879656,50.0231615],[5.6881772,50.0234421],[5.6881257,50.0236408],[5.6879032,50.0237332],[5.6879493,50.0237785],[5.6880904,50.0237367],[5.6882477,50.0237611],[5.6883373,50.0237367],[5.6883237,50.0232992],[5.6882113,50.0232085],[5.6877866,50.0228025]]]}},{"type":"Feature","properties":{"t":"mata"},"geometry":{"type":"Polygon","coordinates":[[[5.6877215,50.0263091],[5.6868588,50.0257828],[5.6867989,50.0258101],[5.6867557,50.0258298],[5.6876482,50.0263509],[5.6877215,50.0263091]]]}},{"type":"Feature","properties":{"t":"mata"},"geometry":{"type":"Polygon","coordinates":[[[5.6889612,50.0245331],[5.6885651,50.0247458],[5.6886384,50.0247928],[5.6888717,50.0246935],[5.6890616,50.0248207],[5.6892271,50.0247423],[5.6889612,50.0245331]]]}},{"type":"Feature","properties":{"t":"mata"},"geometry":{"type":"Polygon","coordinates":[[[5.6907435,50.0245872],[5.6906024,50.024446],[5.6904901,50.0244727],[5.6898934,50.0246147],[5.6899595,50.0246447],[5.6905075,50.0245122],[5.6906594,50.0246168],[5.6907435,50.0245872]]]}},{"type":"Feature","properties":{"t":"mata"},"geometry":{"type":"Polygon","coordinates":[[[5.6851571,50.0240169],[5.6850809,50.0237618],[5.6848326,50.023773],[5.6847382,50.0238157],[5.6844549,50.023782],[5.6841402,50.0238831],[5.6838185,50.0238539],[5.6837415,50.0239078],[5.6834163,50.0238247],[5.683175,50.0237101],[5.683217,50.0236472],[5.6828848,50.0234383],[5.6827589,50.0234607],[5.682007,50.023117],[5.6815664,50.0232203],[5.6812167,50.0233933],[5.6808985,50.0231642],[5.6808251,50.0232091],[5.6812972,50.0235686],[5.6819581,50.0232316],[5.6824826,50.0234136],[5.6830806,50.0237528],[5.6831436,50.0237214],[5.6834303,50.0239325],[5.6835249,50.0240471],[5.6835842,50.024119],[5.6839898,50.0239595],[5.6842451,50.0239954],[5.6845668,50.0238404],[5.6847662,50.0238562],[5.6850854,50.0240593],[5.6851571,50.0240169]]]}},{"type":"Feature","properties":{"t":"mata"},"geometry":{"type":"Polygon","coordinates":[[[5.684746,50.0233162],[5.6843836,50.0230417],[5.683969,50.0227705],[5.683245,50.022297],[5.683222,50.0222831],[5.6824894,50.0218422],[5.6815423,50.0214183],[5.6815628,50.0213502],[5.681744,50.0213809],[5.681757,50.0213346],[5.6817629,50.0213134],[5.681768,50.0212952],[5.6811046,50.0213238],[5.6805121,50.0213263],[5.6804089,50.0213207],[5.6798942,50.0213476],[5.6798494,50.0213499],[5.6796746,50.0213274],[5.6796875,50.0213728],[5.6796938,50.0213948],[5.6802883,50.0214634],[5.6811328,50.0214263],[5.6813164,50.0214555],[5.6814528,50.0214858],[5.6822553,50.0218172],[5.6831191,50.0223239],[5.6830701,50.0224295],[5.6844409,50.0231732],[5.684899,50.0235798],[5.6851563,50.0236018],[5.684746,50.0233162]]]}},{"type":"Feature","properties":{"t":"mata"},"geometry":{"type":"Polygon","coordinates":[[[5.6823315,50.0239484],[5.68205,50.0238625],[5.6820606,50.0240151],[5.6819586,50.0241338],[5.6820588,50.0241892],[5.6823315,50.0239484]]]}},{"type":"Feature","properties":{"t":"mata"},"geometry":{"type":"Polygon","coordinates":[[[5.6814607,50.0236918],[5.681619,50.0239077],[5.6817879,50.0241496],[5.6818495,50.0241259],[5.6817281,50.0238376],[5.6818987,50.0237427],[5.6816507,50.0236658],[5.6814607,50.0236918]]]}},{"type":"Feature","properties":{"t":"moita"},"geometry":{"type":"Polygon","coordinates":[[[5.680571,50.0184275],[5.6808684,50.0182884],[5.6802584,50.0182997],[5.680571,50.0184275]]]}},{"type":"Feature","properties":{"t":"charneca"},"geometry":{"type":"Polygon","coordinates":[[[5.68434,50.0155414],[5.685148,50.0159892],[5.6856568,50.0161925],[5.6859646,50.0160689],[5.6862211,50.0160387],[5.6865161,50.0160689],[5.6869778,50.0159782],[5.687183,50.0157585],[5.6873626,50.0157475],[5.6873947,50.015687],[5.6868752,50.0156472],[5.6866251,50.0156087],[5.6867106,50.0153271],[5.686903,50.0153395],[5.6869287,50.0152447],[5.6855371,50.014948],[5.6851395,50.0151211],[5.6845837,50.0153244],[5.68434,50.0155414]]]}},{"type":"Feature","properties":{"t":"mata"},"geometry":{"type":"Polygon","coordinates":[[[5.6869778,50.0159782],[5.6873156,50.0159563],[5.6873626,50.0157475],[5.687183,50.0157585],[5.6869778,50.0159782]]]}},{"type":"Feature","properties":{"t":"mata"},"geometry":{"type":"Polygon","coordinates":[[[5.6842631,50.0155167],[5.68434,50.0155414],[5.6845837,50.0153244],[5.6851395,50.0151211],[5.6855371,50.014948],[5.6853746,50.0149123],[5.6848103,50.0151403],[5.6845067,50.0153079],[5.6842631,50.0155167]]]}},{"type":"Feature","properties":{"t":"charneca"},"geometry":{"type":"Polygon","coordinates":[[[5.6880338,50.0127694],[5.6883416,50.0130607],[5.6884528,50.0130112],[5.6887777,50.0132145],[5.6893634,50.0135167],[5.6893121,50.0135634],[5.6896413,50.0136733],[5.6896989,50.0136041],[5.6895968,50.0135751],[5.6898465,50.0131596],[5.6891668,50.0127694],[5.6889968,50.0126938],[5.6885572,50.0125423],[5.6886131,50.0125006],[5.6879098,50.0122639],[5.688145,50.012742],[5.6880338,50.0127694]]]}},{"type":"Feature","properties":{"t":"mata"},"geometry":{"type":"Polygon","coordinates":[[[5.6893121,50.0135634],[5.6893634,50.0135167],[5.6887777,50.0132145],[5.6884528,50.0130112],[5.6883416,50.0130607],[5.6886495,50.0132887],[5.6893121,50.0135634]]]}},{"type":"Feature","properties":{"t":"mata"},"geometry":{"type":"Polygon","coordinates":[[[5.688145,50.012742],[5.6879098,50.0122639],[5.6878585,50.0122529],[5.6877004,50.0123106],[5.6880338,50.0127694],[5.688145,50.012742]]]}},{"type":"Feature","properties":{"t":"mata"},"geometry":{"type":"Polygon","coordinates":[[[5.7173318,49.9984376],[5.7176807,49.9986185],[5.7180925,49.9989719],[5.7183086,49.9991633],[5.7183933,49.9992937],[5.7184744,49.9995558],[5.7187574,50.0002865],[5.7186309,50.0002421],[5.7185408,50.0001428],[5.7185514,50.000076],[5.7185549,50.0000044],[5.7185058,49.9999933],[5.718435,49.9999774],[5.718197,49.9999464],[5.7181505,49.9997992],[5.7182433,49.9996547],[5.7182593,49.999601],[5.718078,49.999505],[5.7178294,49.9996648],[5.7177965,49.9996886],[5.7177705,49.9997074],[5.7171483,49.9996795],[5.7171464,49.9994851],[5.7171465,49.9994528],[5.7170014,49.9995125],[5.7168536,49.9995964],[5.7168098,49.9996296],[5.7166824,49.9997622],[5.7166425,49.9998516],[5.716618,49.9999354],[5.7166208,50.0000221],[5.7166336,50.0001241],[5.7166724,50.0002035],[5.716746,50.0003001],[5.7168096,50.0003752],[5.7170706,50.0005895],[5.7168327,50.0007069],[5.7163064,50.0002433],[5.7160127,50.0001458],[5.7173318,49.9984376]]]}},{"type":"Feature","properties":{"t":"charneca"},"geometry":{"type":"Polygon","coordinates":[[[5.7934951,49.9799516],[5.7936648,49.9800041],[5.7938156,49.9797793],[5.7935822,49.9796861],[5.7938048,49.9790514],[5.7932469,49.9789203],[5.7935983,49.9790635],[5.7934159,49.9797551],[5.7935902,49.9797568],[5.7934951,49.9799516]]]}},{"type":"Feature","properties":{"t":"charneca"},"geometry":{"type":"Polygon","coordinates":[[[5.7894677,49.9793636],[5.7892531,49.9801639],[5.7891136,49.9805847],[5.7893363,49.9806813],[5.789355,49.98079],[5.7894087,49.9808262],[5.7894532,49.9808355],[5.7896276,49.9800577],[5.7905138,49.9803398],[5.7907659,49.9800035],[5.7906709,49.9797052],[5.7904113,49.97959],[5.7900485,49.979322],[5.7898083,49.9792334],[5.7895991,49.9791726],[5.7894083,49.9791105],[5.7894677,49.9793636]]]}},{"type":"Feature","properties":{"t":"moita"},"geometry":{"type":"Polygon","coordinates":[[[5.6884689,50.0102799],[5.6881395,50.0105909],[5.6893393,50.0112345],[5.6890503,50.0108177],[5.688684,50.0104095],[5.6884689,50.0102799]]]}},{"type":"Feature","properties":{"t":"moita"},"geometry":{"type":"Polygon","coordinates":[[[5.6894435,50.011431],[5.6879782,50.0107464],[5.687827,50.0107875],[5.687469,50.011137],[5.6880188,50.0113607],[5.6890176,50.0116826],[5.6893326,50.0115261],[5.6894435,50.011431]]]}},{"type":"Feature","properties":{"t":"mata"},"geometry":{"type":"Polygon","coordinates":[[[5.6853609,50.0148395],[5.6848111,50.0149753],[5.684219,50.0151614],[5.6839059,50.0153762],[5.6841409,50.0155377],[5.6844305,50.0152826],[5.6848241,50.0150987],[5.6853902,50.0148666],[5.6853609,50.0148395]]]}},{"type":"Feature","properties":{"t":"mata"},"geometry":{"type":"Polygon","coordinates":[[[5.6808016,50.008881],[5.6810102,50.008686],[5.6808774,50.0086147],[5.6806283,50.0088027],[5.6808016,50.008881]]]}},{"type":"Feature","properties":{"t":"moita"},"geometry":{"type":"Polygon","coordinates":[[[5.6862906,50.0070956],[5.6863541,50.0070613],[5.685996,50.0067234],[5.6853789,50.0063823],[5.6840279,50.0057784],[5.6833625,50.0055026],[5.6833371,50.0055401],[5.6839972,50.005893],[5.6852062,50.0064035],[5.6857598,50.0066728],[5.6860315,50.0068605],[5.6862906,50.0070956]]]}},{"type":"Feature","properties":{"t":"moita"},"geometry":{"type":"Polygon","coordinates":[[[5.6890967,50.0102602],[5.6888352,50.010487],[5.6888424,50.010496],[5.6891704,50.0109015],[5.6895358,50.0114635],[5.6900138,50.0113745],[5.6890967,50.0102602]]]}},{"type":"Feature","properties":{"t":"mata"},"geometry":{"type":"Polygon","coordinates":[[[5.6799437,50.0047056],[5.6804742,50.0049969],[5.6807148,50.0047354],[5.6805782,50.004697],[5.6803729,50.0048872],[5.6801143,50.0046816],[5.6799437,50.0047056]]]}},{"type":"Feature","properties":{"t":"mata"},"geometry":{"type":"Polygon","coordinates":[[[5.6768586,50.0043103],[5.6763984,50.0042427],[5.6763257,50.0042942],[5.6762426,50.0042916],[5.6764709,50.0050066],[5.6753875,50.0051952],[5.6743656,50.0053513],[5.6740069,50.0052209],[5.6727267,50.005552],[5.6736499,50.0059117],[5.6735856,50.0059841],[5.6762498,50.0052977],[5.6777101,50.0048972],[5.6782608,50.0046899],[5.6792138,50.0043615],[5.6796885,50.0040238],[5.6800037,50.0036722],[5.6802428,50.0027126],[5.6801414,50.0027289],[5.6799747,50.0032157],[5.6793116,50.0030876],[5.6789565,50.0028943],[5.6784172,50.0027706],[5.6734176,50.0018879],[5.6733149,50.0021304],[5.6736699,50.0022003],[5.6733952,50.0027949],[5.6736223,50.0028343],[5.6739018,50.0022795],[5.678047,50.0030806],[5.6773369,50.0038538],[5.6776267,50.0040611],[5.6784891,50.0031319],[5.6796703,50.0034206],[5.6791123,50.0040867],[5.6780181,50.0044686],[5.6778804,50.0043755],[5.6777339,50.0044358],[5.6770325,50.0047248],[5.6768586,50.0043103]]]}},{"type":"Feature","properties":{"t":"moita"},"geometry":{"type":"Polygon","coordinates":[[[5.6778752,49.9972641],[5.6785832,49.9981084],[5.6794554,49.999078],[5.6799639,49.9997516],[5.6800993,49.9994787],[5.679322,49.9985404],[5.6787679,49.9978809],[5.6783113,49.9972476],[5.6778752,49.9972641]]]}},{"type":"Feature","properties":{"t":"mata"},"geometry":{"type":"Polygon","coordinates":[[[5.6789358,49.9970503],[5.6815007,49.997295],[5.6815319,49.9972381],[5.6822084,49.994937],[5.6798532,49.9947362],[5.6787712,49.9946528],[5.6788801,49.9938651],[5.6788293,49.9937017],[5.6786495,49.9937534],[5.6776866,49.9937069],[5.6773996,49.993762],[5.6771582,49.9937327],[5.6770335,49.993762],[5.6769195,49.9936681],[5.6767586,49.9936517],[5.6767479,49.9936853],[5.676953,49.9937896],[5.6770871,49.9940499],[5.6769309,49.9940972],[5.6765138,49.9941493],[5.6764126,49.9942655],[5.677008,49.994857],[5.6776223,49.9955639],[5.6783625,49.9964984],[5.6787689,49.9969528],[5.6788322,49.9969564],[5.6789358,49.9970503]]]}},{"type":"Feature","properties":{"t":"moita"},"geometry":{"type":"Polygon","coordinates":[[[5.6971957,49.9899624],[5.6973981,49.9900563],[5.6975591,49.9900076],[5.6976242,49.9899542],[5.6976108,49.9898929],[5.6975497,49.9898257],[5.6974907,49.9897981],[5.6973854,49.9898046],[5.6971957,49.9899624]]]}},{"type":"Feature","properties":{"t":"charneca"},"geometry":{"type":"Polygon","coordinates":[[[5.6893891,49.992267],[5.6892188,49.9922084],[5.6889653,49.992011],[5.6886435,49.9918644],[5.6881392,49.9917101],[5.6880239,49.9918497],[5.6878147,49.9919308],[5.687694,49.9921532],[5.6877959,49.9921705],[5.6879675,49.9924429],[5.6876913,49.9924576],[5.687706,49.9925162],[5.6880574,49.9925326],[5.6897056,49.9931611],[5.689538,49.9924231],[5.6893891,49.992267]]]}},{"type":"Feature","properties":{"t":"mata"},"geometry":{"type":"Polygon","coordinates":[[[5.715823,49.9970025],[5.7157789,49.9967383],[5.7160112,49.9966742],[5.7161225,49.9966766],[5.7163491,49.9967099],[5.716351,49.9967568],[5.7163011,49.9968766],[5.7160457,49.9970197],[5.7159651,49.997037],[5.7158499,49.9970333],[5.715823,49.9970025]]]}},{"type":"Feature","properties":{"t":"mata"},"geometry":{"type":"Polygon","coordinates":[[[5.7029643,49.9948734],[5.7029375,49.9948514],[5.7029633,49.9947792],[5.7029649,49.9947001],[5.7029198,49.994525],[5.7031697,49.9945914],[5.703313,49.9946154],[5.7034563,49.9946188],[5.7034412,49.994637],[5.7029643,49.9948734]]]}},{"type":"Feature","properties":{"t":"mata"},"geometry":{"type":"Polygon","coordinates":[[[5.7022825,49.9952225],[5.7021457,49.9951466],[5.7022608,49.9950811],[5.7025909,49.9948932],[5.7025852,49.9945501],[5.701856,49.9938586],[5.7016978,49.9936155],[5.7016495,49.9933534],[5.7020169,49.9928585],[5.7021542,49.9927831],[5.7022213,49.9928265],[5.7019286,49.9930709],[5.7017802,49.993331],[5.7018817,49.9936673],[5.7019658,49.9937882],[5.7022099,49.9940253],[5.7026106,49.9943563],[5.7026792,49.9944212],[5.7028109,49.9945514],[5.7028773,49.9947087],[5.7028569,49.994831],[5.7028162,49.9949134],[5.7026552,49.9950613],[5.7024158,49.9951769],[5.7022825,49.9952225]]]}},{"type":"Feature","properties":{"t":"mata"},"geometry":{"type":"Polygon","coordinates":[[[5.7045464,49.9941547],[5.703857,49.9944914],[5.703716,49.9945439],[5.7035294,49.9945706],[5.703276,49.9945547],[5.7031312,49.9945211],[5.7030341,49.9944839],[5.7029042,49.9944191],[5.7021485,49.9937895],[5.702066,49.993685],[5.7020275,49.993628],[5.7019929,49.9935676],[5.7019788,49.993348],[5.7020244,49.9935385],[5.7021397,49.9936721],[5.7033874,49.9944811],[5.7039562,49.9943517],[5.7045464,49.9941547]]]}},{"type":"Feature","properties":{"t":"mata"},"geometry":{"type":"Polygon","coordinates":[[[5.7104037,49.991109],[5.7104045,49.9910639],[5.7104229,49.9910347],[5.7104499,49.9910129],[5.7104986,49.9909838],[5.7105535,49.9909577],[5.7123686,49.9902319],[5.7122506,49.9903489],[5.710531,49.9912011],[5.7104037,49.991109]]]}},{"type":"Feature","properties":{"t":"mata"},"geometry":{"type":"Polygon","coordinates":[[[5.7088291,49.9920203],[5.7088488,49.9920348],[5.7103677,49.991282],[5.7102638,49.9911981],[5.7101998,49.9911879],[5.7101017,49.9912],[5.7100293,49.9912255],[5.7088291,49.9920203]]]}},{"type":"Feature","properties":{"t":"mata"},"geometry":{"type":"Polygon","coordinates":[[[5.7157268,49.9878155],[5.7157616,49.9878263],[5.7161073,49.9874555],[5.7160951,49.9874209],[5.7160717,49.9873869],[5.7159884,49.9872876],[5.715966,49.9872497],[5.7159497,49.9871915],[5.7159418,49.9871233],[5.7159559,49.9870721],[5.7159904,49.9869771],[5.7160423,49.9869161],[5.7160959,49.9868678],[5.7161898,49.9868049],[5.716411,49.9867092],[5.7164164,49.9867005],[5.7164083,49.9866928],[5.7163785,49.9866695],[5.7161812,49.9867333],[5.7159535,49.986832],[5.715792,49.9869271],[5.7158051,49.9875868],[5.7157784,49.987655],[5.7156738,49.9878206],[5.7157268,49.9878155]]]}},{"type":"Feature","properties":{"t":"mata"},"geometry":{"type":"Polygon","coordinates":[[[5.7164445,49.987473],[5.7161923,49.9873671],[5.7161568,49.9873359],[5.7161276,49.9873042],[5.7160975,49.987268],[5.7160767,49.9872314],[5.7160667,49.9871977],[5.7160621,49.9871636],[5.7160598,49.9871319],[5.7160644,49.9870799],[5.7160875,49.9870229],[5.7161052,49.9869922],[5.7161329,49.9869565],[5.7161846,49.986909],[5.7162477,49.9868669],[5.7163252,49.9868267],[5.716472,49.9867681],[5.7164862,49.9867698],[5.7164942,49.9867789],[5.7171044,49.9865021],[5.7172851,49.9863446],[5.7174826,49.986021],[5.717614,49.985764],[5.71785,49.9857985],[5.7175711,49.9861934],[5.7169086,49.9869764],[5.7164445,49.987473]]]}},{"type":"Feature","properties":{"t":"moita"},"geometry":{"type":"Polygon","coordinates":[[[5.7198745,49.9826882],[5.7196242,49.9825479],[5.7196437,49.9824192],[5.7198619,49.9826205],[5.7198745,49.9826882]]]}},{"type":"Feature","properties":{"t":"moita"},"geometry":{"type":"Polygon","coordinates":[[[5.7196674,49.982263],[5.7196904,49.982111],[5.7196688,49.9821106],[5.7197043,49.9818874],[5.7197244,49.9816253],[5.7197411,49.981311],[5.7198017,49.9813136],[5.719952,49.9818216],[5.719842,49.9819725],[5.7198345,49.9822286],[5.7200327,49.982618],[5.7196674,49.982263]]]}},{"type":"Feature","properties":{"t":"moita"},"geometry":{"type":"Polygon","coordinates":[[[5.7193544,49.9818447],[5.7193425,49.9818364],[5.7193379,49.9807131],[5.7192502,49.9809241],[5.7191932,49.9810321],[5.7190746,49.9812619],[5.7190422,49.9813788],[5.7190317,49.9814569],[5.7190437,49.9815863],[5.7191041,49.9816984],[5.7191671,49.9817786],[5.7192167,49.9818398],[5.7192596,49.9818847],[5.7193388,49.9819665],[5.7193544,49.9818447]]]}},{"type":"Feature","properties":{"t":"mata"},"geometry":{"type":"Polygon","coordinates":[[[5.7920949,50.0168309],[5.7922661,50.0170431],[5.7910529,50.0169519],[5.7904842,50.0170346],[5.7905001,50.0170908],[5.7905057,50.0171105],[5.7915062,50.0170726],[5.7915129,50.0170484],[5.791482,50.0170157],[5.7924892,50.0171182],[5.792645,50.0171048],[5.7922365,50.0167884],[5.7920949,50.0168309]]]}},{"type":"Feature","properties":{"t":"mata"},"geometry":{"type":"Polygon","coordinates":[[[5.7836473,50.0059945],[5.7829045,50.0059413],[5.7825262,50.0057376],[5.7823598,50.0065323],[5.7826227,50.0066013],[5.7825181,50.0070598],[5.7825789,50.0071625],[5.782848,50.0072701],[5.7828587,50.0076115],[5.7832879,50.0073012],[5.7836848,50.007408],[5.7831806,50.0066737],[5.7831967,50.0063496],[5.7836473,50.0059945]]]}},{"type":"Feature","properties":{"t":"mata"},"geometry":{"type":"Polygon","coordinates":[[[5.7825262,50.0057376],[5.7824302,50.0055611],[5.7810751,50.0058535],[5.78115,50.0060471],[5.781177,50.0061169],[5.7813218,50.0061203],[5.7813567,50.0062944],[5.7810965,50.0064186],[5.7811582,50.0065134],[5.7813272,50.006503],[5.7815818,50.0070428],[5.7816015,50.0070846],[5.7821184,50.0070357],[5.7821935,50.0072443],[5.7823464,50.0072512],[5.7823545,50.0070564],[5.7825181,50.0070598],[5.7826227,50.0066013],[5.7823598,50.0065323],[5.7825262,50.0057376]]]}},{"type":"Feature","properties":{"t":"mata"},"geometry":{"type":"Polygon","coordinates":[[[5.7824302,50.0055611],[5.7823518,50.005417],[5.7813664,50.0054734],[5.7809374,50.0054979],[5.7810751,50.0058535],[5.7824302,50.0055611]]]}},{"type":"Feature","properties":{"t":"mata"},"geometry":{"type":"Polygon","coordinates":[[[5.7809138,50.004102],[5.7814763,50.002668],[5.7797567,50.0025567],[5.7786793,50.0023683],[5.7788702,50.0039263],[5.779168,50.004162],[5.7809138,50.004102]]]}},{"type":"Feature","properties":{"t":"mata"},"geometry":{"type":"Polygon","coordinates":[[[5.785481,50.0039982],[5.7854086,50.0040286],[5.7847788,50.0048017],[5.7848603,50.0048488],[5.7854712,50.0041396],[5.785481,50.0039982]]]}},{"type":"Feature","properties":{"t":"mata"},"geometry":{"type":"Polygon","coordinates":[[[5.7839155,50.0055497],[5.7839638,50.0052187],[5.7837711,50.0055198],[5.7833314,50.0058328],[5.7835078,50.0058566],[5.7839155,50.0055497]]]}},{"type":"Feature","properties":{"t":"mata"},"geometry":{"type":"Polygon","coordinates":[[[5.7953525,50.0059996],[5.7948992,50.0057031],[5.7945129,50.0052998],[5.7944646,50.005286],[5.7941642,50.0049171],[5.7940489,50.0049033],[5.7932916,50.0051073],[5.7933167,50.0052067],[5.7935983,50.0051653],[5.7937244,50.0055463],[5.7942206,50.005929],[5.7948214,50.0062496],[5.7953525,50.0059996]]]}},{"type":"Feature","properties":{"t":"mata"},"geometry":{"type":"Polygon","coordinates":[[[5.7942206,50.005929],[5.7945907,50.0063341],[5.7944941,50.0065323],[5.7945417,50.0065543],[5.7946953,50.0066254],[5.7948697,50.006422],[5.7951057,50.0063513],[5.7953873,50.0062324],[5.7955107,50.0062134],[5.7960016,50.0062893],[5.7964253,50.0063358],[5.7964495,50.006222],[5.7961008,50.0061738],[5.7959908,50.006172],[5.7956314,50.0061358],[5.7953525,50.0059996],[5.7948214,50.0062496],[5.7942206,50.005929]]]}},{"type":"Feature","properties":{"t":"mata"},"geometry":{"type":"Polygon","coordinates":[[[5.7957779,50.0026321],[5.795913,50.0025104],[5.7960176,50.0024311],[5.7959855,50.0023759],[5.7960525,50.002188],[5.7958969,50.0020225],[5.7956475,50.0018932],[5.7951513,50.0016949],[5.794521,50.0014881],[5.794403,50.0014501],[5.7941343,50.001335],[5.7934642,50.0019087],[5.7943705,50.0024559],[5.794801,50.002484],[5.794862,50.0025017],[5.7957779,50.0026321]]]}},{"type":"Feature","properties":{"t":"mata"},"geometry":{"type":"Polygon","coordinates":[[[5.7214459,50.006692],[5.7213041,50.0069123],[5.7213424,50.0070503],[5.7219456,50.0070076],[5.7220248,50.0072277],[5.7223724,50.0072014],[5.7226024,50.0072474],[5.7227148,50.0073738],[5.7233333,50.0075397],[5.7236553,50.0074855],[5.7242508,50.007681],[5.7244297,50.0074543],[5.7236597,50.0072477],[5.7227075,50.0070219],[5.7214459,50.006692]]]}},{"type":"Feature","properties":{"t":"mata"},"geometry":{"type":"Polygon","coordinates":[[[5.7186526,50.0060713],[5.718774,50.0059292],[5.7187638,50.0057872],[5.718544,50.0057921],[5.7185082,50.0055088],[5.7183958,50.0053987],[5.718337,50.0053084],[5.7183268,50.0052312],[5.7184507,50.0048337],[5.7184546,50.0047244],[5.7183984,50.0045618],[5.7183332,50.0044813],[5.7182009,50.0043296],[5.7170147,50.00508],[5.716957,50.0051252],[5.7170796,50.0051934],[5.7169007,50.0052895],[5.7173071,50.005503],[5.7176828,50.0056673],[5.7183498,50.0059498],[5.7186526,50.0060713]]]}},{"type":"Feature","properties":{"t":"mata"},"geometry":{"type":"Polygon","coordinates":[[[5.7134685,50.0046801],[5.7133254,50.0047786],[5.7123517,50.0041265],[5.7130289,50.0037372],[5.7132283,50.0038522],[5.7135886,50.003596],[5.7138615,50.0037567],[5.7136116,50.0038966],[5.7133535,50.0039393],[5.7129599,50.0039754],[5.7127504,50.004097],[5.7127683,50.0042054],[5.7129753,50.0043696],[5.7134685,50.0046801]]]}},{"type":"Feature","properties":{"t":"mata"},"geometry":{"type":"Polygon","coordinates":[[[5.7123568,50.0017069],[5.7128322,50.0019813],[5.7135554,50.0025907],[5.7136627,50.002658],[5.7133305,50.0028699],[5.7134557,50.00298],[5.7138212,50.0027911],[5.7141918,50.0031393],[5.7142582,50.0034547],[5.7144984,50.003481],[5.7146773,50.0035681],[5.7149022,50.0038966],[5.7154543,50.0042809],[5.7155395,50.0043538],[5.7156252,50.0042988],[5.7158148,50.0044517],[5.7159648,50.0043782],[5.715637,50.0041285],[5.7157286,50.0040811],[5.7156744,50.0040625],[5.7147124,50.0032911],[5.7148527,50.0031147],[5.7151601,50.0028777],[5.714731,50.0026498],[5.714455,50.0027517],[5.7140512,50.0024116],[5.7136065,50.0021866],[5.7134992,50.0022145],[5.7128117,50.001647],[5.7123747,50.0016692],[5.7123568,50.0017069]]]}},{"type":"Feature","properties":{"t":"mata"},"geometry":{"type":"Polygon","coordinates":[[[5.714202,49.9967639],[5.7140154,49.9968707],[5.7139796,49.9971384],[5.7135094,49.9971565],[5.7131235,49.9972485],[5.7132513,49.9974276],[5.7135247,49.9973405],[5.7137192,49.997344],[5.7139822,49.9973487],[5.7140489,49.9973314],[5.7142352,49.997283],[5.7147463,49.9972962],[5.7144857,49.9969232],[5.7144228,49.9964463],[5.7142049,49.9963812],[5.714202,49.9967639]]]}},{"type":"Feature","properties":{"t":"mata"},"geometry":{"type":"Polygon","coordinates":[[[5.7118585,49.9967244],[5.7112553,49.9968263],[5.7114163,49.997099],[5.7113116,49.9971319],[5.710849,49.996777],[5.7105525,49.9969446],[5.7102305,49.9967392],[5.7105832,49.9965142],[5.7108784,49.9965848],[5.7110151,49.9967162],[5.7118099,49.9966144],[5.7118585,49.9967244]]]}},{"type":"Feature","properties":{"t":"mata"},"geometry":{"type":"Polygon","coordinates":[[[5.7120706,50.0014852],[5.7111621,50.0009538],[5.7107532,50.0008035],[5.7097488,50.0003115],[5.7102842,50.0004059],[5.7108004,50.000585],[5.7112036,50.0004157],[5.7119045,50.0009529],[5.712666,50.0013956],[5.7125792,50.0014392],[5.7120706,50.0014852]]]}},{"type":"Feature","properties":{"t":"moita"},"geometry":{"type":"Polygon","coordinates":[[[5.7061262,49.9990835],[5.7062463,49.9992182],[5.7073759,49.9995648],[5.7066577,50.000309],[5.7058859,50.0000823],[5.7060086,49.9999115],[5.7057428,49.9998277],[5.7052036,49.999785],[5.7053671,49.9995944],[5.7054745,49.9996273],[5.7061262,49.9990835]]]}},{"type":"Feature","properties":{"t":"mata"},"geometry":{"type":"Polygon","coordinates":[[[5.7047538,49.9976231],[5.7053544,49.9979927],[5.7050477,49.9981734],[5.7056304,49.9986153],[5.7059779,49.9989258],[5.7061262,49.9990835],[5.7054745,49.9996273],[5.7053671,49.9995944],[5.7052496,49.999486],[5.7055716,49.9991394],[5.7050196,49.9987977],[5.7048739,49.9989603],[5.7046158,49.9988847],[5.7045391,49.9989899],[5.7042529,49.998893],[5.7045136,49.9985381],[5.7035654,49.9983525],[5.7041404,49.9978186],[5.7043244,49.9979138],[5.7047538,49.9976231]]]}},{"type":"Feature","properties":{"t":"mata"},"geometry":{"type":"Polygon","coordinates":[[[5.7065016,49.9974209],[5.7065552,49.9975002],[5.7068109,49.9976297],[5.7070486,49.9974755],[5.7080888,49.9981215],[5.7080626,49.9979985],[5.7078595,49.9976378],[5.7073516,49.9972785],[5.7070647,49.9969709],[5.7068476,49.9967381],[5.7072017,49.9966071],[5.7074806,49.9966778],[5.7077503,49.9966973],[5.7079087,49.9966341],[5.7081699,49.9966467],[5.7083148,49.9963864],[5.7081217,49.9963571],[5.7076469,49.9965829],[5.7072285,49.9965088],[5.7070917,49.996564],[5.7067698,49.9964812],[5.7065352,49.9961801],[5.7062927,49.9963484],[5.7063279,49.9964178],[5.7062481,49.9965478],[5.7060198,49.9967669],[5.7058763,49.9967794],[5.7047369,49.996327],[5.7045785,49.996495],[5.7051802,49.9968109],[5.7056559,49.9969774],[5.7059345,49.9971253],[5.7063127,49.9973405],[5.7065016,49.9974209]]]}},{"type":"Feature","properties":{"t":"mata"},"geometry":{"type":"Polygon","coordinates":[[[5.709929,50.0035368],[5.7101896,50.0033447],[5.7103379,50.0034564],[5.710711,50.0032198],[5.7107902,50.0030638],[5.7104145,50.0029619],[5.7102689,50.0031886],[5.7097603,50.0033299],[5.7096112,50.0034211],[5.709929,50.0035368]]]}},{"type":"Feature","properties":{"t":"mata"},"geometry":{"type":"Polygon","coordinates":[[[5.7057164,50.0024947],[5.7056746,50.0019666],[5.706334,50.001945],[5.7063758,50.0024731],[5.7057164,50.0024947]]]}},{"type":"Feature","properties":{"t":"mata"},"geometry":{"type":"Polygon","coordinates":[[[5.6866675,50.0039524],[5.6867314,50.0033677],[5.6868336,50.0033562],[5.6876259,50.0032675],[5.6876591,50.0033534],[5.6878667,50.0038569],[5.6866675,50.0039524]]]}},{"type":"Feature","properties":{"t":"mata"},"geometry":{"type":"Polygon","coordinates":[[[5.6877843,50.0021488],[5.6888551,50.0017644],[5.6895937,50.0014687],[5.6893944,50.0013956],[5.6892053,50.0013636],[5.6889101,50.0013784],[5.6885766,50.0014359],[5.688298,50.0015443],[5.6880373,50.0017956],[5.6877102,50.0021291],[5.6877843,50.0021488]]]}},{"type":"Feature","properties":{"t":"mata"},"geometry":{"type":"Polygon","coordinates":[[[5.7094185,50.0033509],[5.7094728,50.0032802],[5.7091261,50.0030864],[5.7092617,50.0028422],[5.7085955,50.0026794],[5.7080859,50.0028596],[5.7089501,50.0031804],[5.7094185,50.0033509]]]}},{"type":"Feature","properties":{"t":"mata"},"geometry":{"type":"Polygon","coordinates":[[[5.7074226,50.0032724],[5.7076277,50.002881],[5.7075176,50.0028587],[5.7070186,50.0030079],[5.7071709,50.0032811],[5.7067172,50.0038353],[5.7070398,50.0039565],[5.7072131,50.0037859],[5.7073141,50.0038043],[5.7074136,50.0037326],[5.7071453,50.0036232],[5.7074226,50.0032724]]]}},{"type":"Feature","properties":{"t":"mata"},"geometry":{"type":"Polygon","coordinates":[[[5.7063058,50.0060669],[5.7059574,50.0059523],[5.7056891,50.0059543],[5.705472,50.0061481],[5.7051916,50.0061597],[5.7051584,50.0060725],[5.7056167,50.0057605],[5.7055835,50.0055338],[5.7057177,50.0053778],[5.7058579,50.0052916],[5.7067247,50.0053604],[5.7068744,50.0054842],[5.7067135,50.0056204],[5.7063058,50.0060669]]]}},{"type":"Feature","properties":{"t":"moita"},"geometry":{"type":"Polygon","coordinates":[[[5.6991144,50.0033651],[5.6985663,50.0033247],[5.6985648,50.0032685],[5.6980975,50.0032152],[5.6981457,50.0029972],[5.6985859,50.0030466],[5.6985558,50.0032453],[5.6990306,50.0033034],[5.6990592,50.0032104],[5.6991376,50.0032211],[5.6991144,50.0033651]]]}},{"type":"Feature","properties":{"t":"mata"},"geometry":{"type":"Polygon","coordinates":[[[5.7007054,50.0035049],[5.6996502,50.0035272],[5.6996683,50.0034197],[5.6994452,50.0034158],[5.699409,50.0035272],[5.6991837,50.0034952],[5.6990954,50.0034827],[5.6991144,50.0033651],[5.6991376,50.0032211],[5.6994482,50.0032181],[5.6994587,50.0032995],[5.6999999,50.0032869],[5.7000135,50.0033867],[5.7006979,50.0033586],[5.7007054,50.0035049]]]}},{"type":"Feature","properties":{"t":"mata"},"geometry":{"type":"Polygon","coordinates":[[[5.7082463,49.989742],[5.7077693,49.9895775],[5.7079147,49.9891566],[5.7085489,49.9893399],[5.7085605,49.9895139],[5.7082463,49.989742]]]}},{"type":"Feature","properties":{"t":"mata"},"geometry":{"type":"Polygon","coordinates":[[[5.6915012,49.9876507],[5.6921371,49.9880394],[5.6929337,49.9885245],[5.6931694,49.9881729],[5.6926923,49.9878437],[5.6930879,49.9876137],[5.6925905,49.9873387],[5.6920785,49.9870601],[5.6915012,49.9876507]]]}},{"type":"Feature","properties":{"t":"mata"},"geometry":{"type":"Polygon","coordinates":[[[5.7033797,49.9874023],[5.7027397,49.9872583],[5.7027165,49.9871274],[5.7028066,49.9869104],[5.7026728,49.9868618],[5.7018496,49.9871498],[5.7021201,49.9875089],[5.7023121,49.9874472],[5.7023936,49.9875968],[5.7022801,49.9876548],[5.7022336,49.9877465],[5.702411,49.9878194],[5.7026408,49.9878662],[5.7028299,49.9877652],[5.7030248,49.9876548],[5.7032895,49.9876679],[5.7033797,49.9874023]]]}},{"type":"Feature","properties":{"t":"moita"},"geometry":{"type":"Polygon","coordinates":[[[5.6870297,50.0589435],[5.6867954,50.059231],[5.6865513,50.059541],[5.6866291,50.0596167],[5.6869885,50.0592035],[5.6871805,50.0589926],[5.6870297,50.0589435]]]}},{"type":"Feature","properties":{"t":"moita"},"geometry":{"type":"Polygon","coordinates":[[[5.6873086,50.0588866],[5.6875404,50.0587145],[5.6874054,50.058634],[5.6871903,50.0587817],[5.6873086,50.0588866]]]}},{"type":"Feature","properties":{"t":"mata"},"geometry":{"type":"Polygon","coordinates":[[[5.6918752,50.0381737],[5.6921276,50.0380014],[5.6927022,50.0373713],[5.6935251,50.0368144],[5.6944758,50.0362143],[5.6952417,50.0356326],[5.6937611,50.0359323],[5.6922805,50.0362666],[5.6909324,50.0364059],[5.691096,50.0367097],[5.6912677,50.0370388],[5.6916199,50.0376946],[5.6918752,50.0381737]]]}},{"type":"Feature","properties":{"t":"mata"},"geometry":{"type":"Polygon","coordinates":[[[5.77773,50.059481],[5.7776456,50.0595681],[5.7762685,50.0589899],[5.7763946,50.0589176],[5.77773,50.059481]]]}},{"type":"Feature","properties":{"t":"mata"},"geometry":{"type":"Polygon","coordinates":[[[5.7841998,50.0558989],[5.784637,50.0560849],[5.7844439,50.0561555],[5.784283,50.0563639],[5.7840148,50.0564258],[5.7837599,50.0565447],[5.783304,50.0563759],[5.7841998,50.0558989]]]}},{"type":"Feature","properties":{"t":"mata"},"geometry":{"type":"Polygon","coordinates":[[[5.7844144,50.055768],[5.7882124,50.0570596],[5.7881853,50.0570971],[5.7863346,50.0578273],[5.7851073,50.0572935],[5.7846352,50.0570868],[5.7831975,50.0564118],[5.783304,50.0563759],[5.7837599,50.0565447],[5.7840148,50.0564258],[5.784283,50.0563639],[5.7844439,50.0561555],[5.784637,50.0560849],[5.7841998,50.0558989],[5.7844144,50.055768]]]}},{"type":"Feature","properties":{"t":"mata"},"geometry":{"type":"Polygon","coordinates":[[[5.7927571,50.0615641],[5.7925446,50.0617152],[5.7926519,50.0618107],[5.7925008,50.0618489],[5.7923672,50.0618414],[5.7922277,50.0618518],[5.7922438,50.0619155],[5.792512,50.0621049],[5.791989,50.0622874],[5.792018,50.0623246],[5.7920319,50.0623425],[5.7932221,50.0620626],[5.7928526,50.061838],[5.792858,50.0617071],[5.7927571,50.0615641]]]}},{"type":"Feature","properties":{"t":"mata"},"geometry":{"type":"Polygon","coordinates":[[[5.7840316,50.0641674],[5.7835509,50.0642696],[5.7835588,50.0640781],[5.7836674,50.0640564],[5.7840316,50.0641674]]]}},{"type":"Feature","properties":{"t":"moita"},"geometry":{"type":"Polygon","coordinates":[[[5.7392549,50.0392266],[5.7390371,50.0389044],[5.7388412,50.0386354],[5.739751,50.0387642],[5.7392549,50.0392266]]]}},{"type":"Feature","properties":{"t":"moita"},"geometry":{"type":"Polygon","coordinates":[[[5.6916833,50.000814],[5.6900567,50.0015848],[5.6904574,50.0018156],[5.6904408,50.0017447],[5.6904674,50.0016389],[5.6906142,50.001483],[5.6907755,50.0013531],[5.6911367,50.0011417],[5.6918161,50.000761],[5.6917829,50.0007643],[5.6916833,50.000814]]]}},{"type":"Feature","properties":{"t":"moita"},"geometry":{"type":"Polygon","coordinates":[[[5.7340229,50.003509],[5.7343496,50.0035284],[5.7343517,50.0035576],[5.7340036,50.0035508],[5.7340229,50.003509]]]}},{"type":"Feature","properties":{"t":"mata"},"geometry":{"type":"Polygon","coordinates":[[[5.7206721,49.9960666],[5.7208216,49.9958503],[5.7210231,49.9956346],[5.7205135,49.9954587],[5.7204437,49.9954967],[5.720197,49.9958674],[5.7202935,49.9959898],[5.7206422,49.9960157],[5.7206721,49.9960666]]]}},{"type":"Feature","properties":{"t":"mata"},"geometry":{"type":"Polygon","coordinates":[[[5.7398254,50.0174827],[5.739989,50.0175603],[5.7404825,50.0180429],[5.7406005,50.0180877],[5.740848,50.0180417],[5.7400957,50.0171999],[5.7399943,50.017176],[5.7397529,50.0173793],[5.7398254,50.0174827]]]}},{"type":"Feature","properties":{"t":"mata"},"geometry":{"type":"Polygon","coordinates":[[[5.7426685,50.0080958],[5.7426497,50.0082631],[5.7430574,50.0085061],[5.7437117,50.0084381],[5.7439077,50.0079373],[5.7436809,50.0078259],[5.7436901,50.0079672],[5.7428437,50.00799],[5.7426658,50.0080079],[5.7426685,50.0080958]]]}},{"type":"Feature","properties":{"t":"mata"},"geometry":{"type":"Polygon","coordinates":[[[5.7110667,49.9924153],[5.7111686,49.9928533],[5.711343,49.9928706],[5.7112357,49.9922894],[5.7112134,49.9921982],[5.7111399,49.9919977],[5.7111194,49.9919754],[5.7110882,49.9919015],[5.7108889,49.9917224],[5.7108009,49.9917143],[5.7107203,49.9917271],[5.710381,49.9918794],[5.7110305,49.992092],[5.7110667,49.9924153]]]}},{"type":"Feature","properties":{"t":"moita"},"geometry":{"type":"Polygon","coordinates":[[[5.7049097,49.9932042],[5.7048386,49.9934353],[5.7045798,49.9937689],[5.7048709,49.9939447],[5.705791,49.9935112],[5.7055441,49.9933879],[5.7049097,49.9932042]]]}},{"type":"Feature","properties":{"t":"mata"},"geometry":{"type":"Polygon","coordinates":[[[5.7464424,50.002319],[5.7468206,50.0019449],[5.7463539,50.0018346],[5.7462975,50.0019794],[5.746142,50.0021087],[5.7458147,50.0021846],[5.7455385,50.0021673],[5.7450637,50.0021087],[5.7448706,50.0019691],[5.7447526,50.0018208],[5.7446077,50.001888],[5.7448357,50.0020294],[5.7451053,50.0021707],[5.7453293,50.0023621],[5.7454634,50.002257],[5.7456404,50.0023242],[5.7457557,50.0023156],[5.7458255,50.0023205],[5.7463163,50.0023552],[5.7461286,50.0026656],[5.7462788,50.0027242],[5.7463565,50.0026173],[5.7466502,50.0027742],[5.7466838,50.0027914],[5.7467857,50.002669],[5.7463002,50.0024604],[5.7464424,50.002319]]]}},{"type":"Feature","properties":{"t":"moita"},"geometry":{"type":"Polygon","coordinates":[[[5.7328595,50.0120121],[5.7326745,50.012131],[5.7306145,50.0114182],[5.7310867,50.0109935],[5.7328595,50.0120121]]]}},{"type":"Feature","properties":{"t":"mata"},"geometry":{"type":"Polygon","coordinates":[[[5.7300996,50.0111106],[5.7306467,50.0104073],[5.7298609,50.0101091],[5.7303034,50.0095041],[5.7316422,50.0099314],[5.7315159,50.0100937],[5.7312369,50.0101695],[5.7303788,50.0112183],[5.7300996,50.0111106]]]}},{"type":"Feature","properties":{"t":"mata"},"geometry":{"type":"Polygon","coordinates":[[[5.7303788,50.0112183],[5.7303034,50.0113105],[5.7296799,50.0122818],[5.7293667,50.0127697],[5.7293314,50.0128246],[5.7287049,50.0127894],[5.7294237,50.0108348],[5.7300996,50.0111106],[5.7303788,50.0112183]]]}},{"type":"Feature","properties":{"t":"mata"},"geometry":{"type":"Polygon","coordinates":[[[5.7272419,50.009353],[5.7274054,50.0089861],[5.7290241,50.0096645],[5.729033,50.0098284],[5.7279685,50.0094848],[5.7272419,50.009353]]]}},{"type":"Feature","properties":{"t":"mata"},"geometry":{"type":"Polygon","coordinates":[[[5.7263151,50.0080786],[5.7245293,50.0075233],[5.7243581,50.0077532],[5.7255992,50.0080586],[5.7256129,50.008062],[5.7259912,50.0080505],[5.7263537,50.0081599],[5.7263151,50.0080786]]]}},{"type":"Feature","properties":{"t":"moita"},"geometry":{"type":"Polygon","coordinates":[[[5.72566,49.9918428],[5.7257263,49.9918592],[5.7257579,49.9918566],[5.7257927,49.9918321],[5.7257807,49.9918075],[5.7256854,49.9918006],[5.72566,49.9918428]]]}}]}