{"type":"FeatureCollection","features":[{"type":"Feature","properties":{"w":"stream"},"geometry":{"type":"LineString","coordinates":[[5.7262747,50.0064289],[5.7267629,50.0063565],[5.7269935,50.0064048],[5.7272135,50.0064531],[5.7276373,50.0064841],[5.727986,50.0065289],[5.7283722,50.0066668],[5.7288014,50.006791],[5.729091,50.0068772],[5.7294397,50.0069599],[5.7306521,50.007215],[5.731328,50.0073426],[5.7325189,50.0075943],[5.7324706,50.0076529],[5.7327657,50.0077492],[5.7331224,50.0078949]]}},{"type":"Feature","properties":{"w":"stream"},"geometry":{"type":"LineString","coordinates":[[5.7358181,50.0065065],[5.7358342,50.0064832],[5.7360309,50.0062646],[5.7361932,50.00625],[5.7364829,50.0060638],[5.7366438,50.0060086],[5.7368906,50.0060086],[5.7370433,50.0059558],[5.7371695,50.0059121],[5.73747,50.0059466],[5.7376631,50.0058155],[5.7380171,50.0057948],[5.7382961,50.0057535],[5.7385536,50.0057535],[5.7388218,50.0056431],[5.7390042,50.0056569],[5.7394119,50.0055673],[5.740142,50.0054659],[5.7403882,50.0055259],[5.740356,50.0056707],[5.7405776,50.0058318],[5.7411392,50.0060569],[5.7412711,50.0061472],[5.7413439,50.0061191],[5.7413147,50.0060247],[5.741486,50.0060208],[5.7420075,50.0063766],[5.7421038,50.0063473],[5.7423301,50.0065465],[5.7424141,50.0065174],[5.7424128,50.0064091],[5.7427893,50.0062456],[5.7427002,50.0061646],[5.7429212,50.006114],[5.743023,50.006171],[5.7431098,50.0061589],[5.7431393,50.006057],[5.7433289,50.006062],[5.7436351,50.0060138],[5.7436148,50.0060722],[5.7434574,50.0061415],[5.74349,50.0061874],[5.7435854,50.0062431],[5.7437223,50.0062283],[5.7438887,50.0061292],[5.743991,50.0060259],[5.7443557,50.0060069],[5.7445596,50.0061049],[5.7446942,50.0062229],[5.7449315,50.0063163],[5.7451716,50.0063312],[5.7455166,50.0064361],[5.7456668,50.0064085],[5.7456453,50.0062982],[5.7463427,50.0060569],[5.7466873,50.0060056],[5.7468607,50.0059758],[5.7469435,50.0061465],[5.7470601,50.006145],[5.7471028,50.0060743],[5.7470723,50.0060155],[5.7472117,50.0059466],[5.7473083,50.0059466],[5.7473754,50.0059146],[5.7473796,50.0058297],[5.7475634,50.0057991],[5.7475931,50.0057554],[5.747621,50.0056283],[5.7477198,50.0055684],[5.7482846,50.0054018],[5.7482954,50.0053053],[5.7484047,50.0052665],[5.748609,50.0053292],[5.7488103,50.0054432],[5.7488311,50.0053868],[5.7488854,50.0052984],[5.7489574,50.0052624],[5.749055,50.0052829],[5.7491322,50.0053191],[5.7492471,50.0053091],[5.7494384,50.0052406],[5.7496191,50.0051712],[5.7497449,50.0051462],[5.7498637,50.005168],[5.7499151,50.0052067],[5.7499261,50.0052501],[5.7499145,50.0053779],[5.749968,50.0054973],[5.7501027,50.0055752],[5.7501582,50.0056139],[5.7502753,50.0056309],[5.7503076,50.0055449],[5.7506678,50.005409],[5.750527,50.0052639],[5.7505352,50.0052132],[5.750635,50.0052068],[5.7507523,50.0053122],[5.750852,50.0054758],[5.7509561,50.0055052],[5.7510378,50.0054835],[5.7511007,50.0054459],[5.7511854,50.005316],[5.7512027,50.0052662],[5.7513128,50.005233],[5.7513999,50.0052622],[5.7515462,50.0052846],[5.7515968,50.0052786],[5.751638,50.0051503],[5.7516745,50.0051215],[5.7518927,50.0051846],[5.752003,50.0052234],[5.7522156,50.0052209],[5.7522758,50.0052984],[5.7523277,50.0053053],[5.7524051,50.0052569],[5.7524582,50.0051775],[5.7523921,50.0051237],[5.7523324,50.0051089],[5.7522694,50.0050395],[5.7521577,50.0049881],[5.7521082,50.0049508],[5.7521041,50.0048915],[5.7522788,50.0048191],[5.7523735,50.0048365],[5.752414,50.0048661],[5.7525249,50.0048807],[5.7525713,50.0049085],[5.7525976,50.0049467],[5.7525784,50.0049951],[5.7525913,50.0050439],[5.7526413,50.0050658],[5.7526952,50.0050451],[5.7527381,50.0049473],[5.7528135,50.004871],[5.7528876,50.0048347],[5.7529487,50.0048715],[5.753059,50.0048708],[5.7532019,50.0048279],[5.753554,50.0048311],[5.7537579,50.0048228],[5.7537894,50.0048764],[5.7537382,50.0049305],[5.753666,50.0049696],[5.7536232,50.0050023],[5.7536383,50.0050363],[5.7536982,50.0050549],[5.753878,50.0050141],[5.754001,50.0049346],[5.7541046,50.0049021],[5.7541633,50.0048401],[5.7542318,50.0048491],[5.7542784,50.0048832],[5.754396,50.0048882],[5.7544716,50.0048166],[5.7547756,50.0047605],[5.7548168,50.0047123],[5.7548204,50.0045985],[5.754842,50.0045858],[5.7548638,50.0045731],[5.7551733,50.0044901],[5.7552629,50.0044826],[5.7555027,50.0045324],[5.755591,50.0045605],[5.755613,50.0045864],[5.755589,50.0046225],[5.7554508,50.0046758],[5.7554148,50.0047484],[5.7554622,50.0047743],[5.7555613,50.0047527],[5.7556145,50.0047087],[5.7556451,50.0046519],[5.7558897,50.0046091],[5.7559523,50.0046978],[5.7560078,50.0047415],[5.7560762,50.0047685],[5.7560738,50.0048088],[5.7560382,50.0048422],[5.7557815,50.0048347],[5.7557626,50.0048718],[5.7558314,50.0049066],[5.7559443,50.0049439],[5.756088,50.0049429],[5.756176,50.0049311],[5.7562191,50.0049642],[5.7561815,50.0050594],[5.7562432,50.0050795],[5.756383,50.0050693],[5.7565211,50.0050355],[5.7566463,50.0050925],[5.7567368,50.0051477],[5.7568371,50.0051726],[5.756845,50.0052686],[5.7568991,50.0052856],[5.7571145,50.0052501],[5.7572513,50.0052321],[5.757423,50.0052633],[5.7575823,50.0053068],[5.7579038,50.0053293],[5.7590381,50.0054534],[5.7594148,50.0055527],[5.7597092,50.0056113],[5.7603094,50.0056549],[5.7606615,50.0056176],[5.7607837,50.0054018],[5.7611013,50.0050461],[5.7611163,50.0050113],[5.7611515,50.0049773],[5.7612647,50.0049722],[5.7614265,50.0050091],[5.7615498,50.0050177],[5.7616506,50.0050662],[5.7617032,50.0050892],[5.7617943,50.0050914],[5.7618802,50.0050527],[5.7619481,50.0049605],[5.7620417,50.0048865],[5.7621042,50.0048806]]}},{"type":"Feature","properties":{"w":"stream"},"geometry":{"type":"LineString","coordinates":[[5.6877691,50.049448],[5.687702,50.0494923],[5.6876028,50.0494958],[5.6873506,50.0493872],[5.6872031,50.0492736],[5.6870717,50.0492753],[5.6868008,50.0491444],[5.6857225,50.0489636],[5.6855723,50.0489687],[5.6854436,50.0489102],[5.6853175,50.0489773],[5.6850788,50.0489171],[5.6848776,50.0487896],[5.6847703,50.0486914],[5.6846604,50.0486759],[5.6845289,50.0485864],[5.6843455,50.0486514],[5.6842849,50.0486604],[5.6842366,50.0486914],[5.6841749,50.0486346],[5.6842205,50.0485743],[5.6841293,50.0485261],[5.6840488,50.0485467],[5.6839147,50.0485071],[5.683786,50.0484262],[5.6835789,50.0483076],[5.6834292,50.0483073],[5.6832656,50.0482143],[5.6831449,50.0481385],[5.6832066,50.0481041],[5.6833649,50.047999],[5.683267,50.047968],[5.6832428,50.0479293],[5.6831449,50.0479043],[5.6830604,50.0479594],[5.6830014,50.0480206],[5.6829116,50.0479258],[5.6828238,50.0479201],[5.6828767,50.0478492],[5.6827573,50.0478001],[5.6827171,50.0478569],[5.682638,50.047819],[5.6825455,50.0478216],[5.6824288,50.047782],[5.6823778,50.047801],[5.6823014,50.0477562],[5.6822719,50.0477924],[5.6821874,50.0477829],[5.6821391,50.0477596],[5.6821699,50.0477217],[5.6821163,50.0476942],[5.6820171,50.0477114],[5.6818475,50.047728],[5.6817153,50.0476976],[5.6816684,50.0477579],[5.6817341,50.0477941],[5.6816724,50.0478345],[5.6815705,50.0477967],[5.681498,50.0478165],[5.6814605,50.047807],[5.681431,50.0477484],[5.6812942,50.0477476],[5.6810898,50.0477452],[5.6808704,50.0476373],[5.680695,50.0475077],[5.6806236,50.0473376],[5.6805217,50.0473376],[5.6803554,50.0472705],[5.6802315,50.047219],[5.6798646,50.0469777],[5.6796929,50.0468795],[5.6795481,50.046752],[5.6795915,50.0466782],[5.679363,50.0464523],[5.6791753,50.0463559],[5.6790427,50.04624],[5.6789097,50.0461475],[5.6788588,50.0460389],[5.6787407,50.0459924],[5.6787354,50.0460544],[5.6786925,50.0461096],[5.678561,50.0460476],[5.6785637,50.0460079],[5.6785691,50.0459425],[5.678299,50.0459673]]}},{"type":"Feature","properties":{"w":"stream"},"geometry":{"type":"LineString","coordinates":[[5.6828981,50.0039533],[5.6831019,50.0042084],[5.6831556,50.0043912],[5.6831234,50.0045394],[5.6828981,50.0048704]]}},{"type":"Feature","properties":{"w":"stream"},"geometry":{"type":"LineString","coordinates":[[5.682437,50.0053014],[5.6817863,50.0059927],[5.681171,50.0067115],[5.680538,50.0075459],[5.6802644,50.0079596],[5.6800015,50.0083664],[5.6804361,50.0087767],[5.6795939,50.0097799],[5.6812177,50.010347],[5.6818952,50.0106073],[5.6831019,50.0107486],[5.6837499,50.011011],[5.6838483,50.0110841],[5.6839423,50.0110757],[5.6843719,50.0112916],[5.6845414,50.0113609],[5.6848278,50.0114789],[5.6852584,50.011638],[5.6854465,50.0116925],[5.6857592,50.0117627],[5.6857592,50.0118414],[5.6859275,50.0118498],[5.6859778,50.0119145],[5.6860477,50.0118948],[5.6861177,50.0119369],[5.6861833,50.0119917],[5.6863101,50.0119819],[5.6865287,50.012076],[5.6869428,50.0122448],[5.68706,50.0122615],[5.6871431,50.0123345],[5.6872939,50.0123697],[5.6874426,50.0124441],[5.6874628,50.0125042],[5.6875421,50.0124831],[5.6875344,50.0124371],[5.6876481,50.0124315],[5.6883205,50.0126847],[5.6903492,50.0140408],[5.6907076,50.0142177],[5.690645,50.0143428],[5.6908501,50.0146757],[5.6910277,50.0147922],[5.6909155,50.014858],[5.6911695,50.0153117],[5.6915127,50.0159328],[5.6914704,50.0159918],[5.6924078,50.016683],[5.6929479,50.0169844],[5.693131,50.0170787],[5.6932448,50.0172261],[5.6935425,50.0175255],[5.6938189,50.0179469],[5.6942313,50.0182966],[5.6941917,50.0183814],[5.6941141,50.018431],[5.6940944,50.0185457],[5.6938321,50.0189814],[5.6936836,50.0190323],[5.6936473,50.0191955],[5.6932142,50.0200107],[5.6929179,50.0200925],[5.6928636,50.0201448]]}},{"type":"Feature","properties":{"w":"stream"},"geometry":{"type":"LineString","coordinates":[[5.714186,49.9836494],[5.7143575,49.9838075],[5.714567,49.9840799],[5.7148017,49.9843334],[5.7152772,49.9848825],[5.7149824,49.9863805],[5.7148861,49.9868696],[5.7146716,49.9871317],[5.7147681,49.9873111],[5.7142131,49.9889644]]}},{"type":"Feature","properties":{"w":"stream"},"geometry":{"type":"LineString","coordinates":[[5.7031663,49.9782347],[5.7031153,49.9784347],[5.7032347,49.9786624],[5.7033044,49.978922],[5.7033889,49.9792592],[5.7034694,49.9795343],[5.7038234,49.9798069],[5.7041936,49.9800854],[5.7044001,49.9802424],[5.704671,49.9804588],[5.7047582,49.9804933],[5.7051216,49.9805813],[5.7056943,49.9807046],[5.7062441,49.9808271],[5.7067108,49.9809375],[5.7074028,49.9810832],[5.707832,49.9811789],[5.708418,49.9813109],[5.7087949,49.9814066],[5.7091771,49.9814747],[5.7094547,49.9815541],[5.7099389,49.9816895],[5.7101816,49.9817584],[5.7103291,49.9817067],[5.7106791,49.9817791],[5.711056,49.9818819],[5.7130301,49.9826201],[5.7136308,49.9830573]]}},{"type":"Feature","properties":{"w":"stream"},"geometry":{"type":"LineString","coordinates":[[5.7062481,49.9965478],[5.7063109,49.9965728],[5.7064443,49.9965748],[5.7065433,49.9965212],[5.7067167,49.9964882],[5.7068325,49.9965346],[5.7071148,49.9966159],[5.7073581,49.9965799],[5.7074929,49.9966594],[5.7084004,49.9966824],[5.7087156,49.9967431],[5.7092905,49.9968879],[5.7093335,49.9968649]]}},{"type":"Feature","properties":{"w":"stream"},"geometry":{"type":"LineString","coordinates":[[5.6945982,49.9876558],[5.694556,49.9877193]]}},{"type":"Feature","properties":{"w":"stream"},"geometry":{"type":"LineString","coordinates":[[5.6966606,49.9849094],[5.6967183,49.9850524],[5.6967571,49.9854087],[5.6966874,49.9855941],[5.6964959,49.9857614],[5.6963307,49.9859123],[5.6962797,49.986046],[5.6960075,49.9862736],[5.6952983,49.986759],[5.6950298,49.9869341],[5.6949174,49.9870349]]}},{"type":"Feature","properties":{"w":"stream"},"geometry":{"type":"LineString","coordinates":[[5.6844936,49.9901922],[5.6846455,49.9902164],[5.6847989,49.9901666],[5.6852907,49.9902702],[5.6855106,49.9902702],[5.6860004,49.9903908],[5.6862013,49.9903805],[5.6866546,49.9904909],[5.6868316,49.9906547],[5.6872087,49.9906806],[5.6873761,49.9906642],[5.6876376,49.990697],[5.6882575,49.9907323],[5.6898239,49.9907392],[5.6900782,49.9907661],[5.6901838,49.9907772]]}},{"type":"Feature","properties":{"w":"stream"},"geometry":{"type":"LineString","coordinates":[[5.7647598,49.9802449],[5.7648181,49.9802915],[5.7650488,49.9803449],[5.7652204,49.9803777],[5.7653653,49.9804019],[5.7654806,49.9804709],[5.7656254,49.9805019],[5.7658078,49.9805071],[5.7659741,49.9805019],[5.7660412,49.9804519],[5.766017,49.980376],[5.7660278,49.9802949],[5.7661369,49.9802953],[5.7662799,49.9803311],[5.7663014,49.9802915],[5.7663684,49.9802553],[5.7665186,49.9802639],[5.7666956,49.9802449],[5.7667761,49.9802087],[5.7668584,49.980197],[5.7669424,49.980219],[5.7670443,49.9801794],[5.7672482,49.9801518],[5.7674359,49.9801638],[5.7675137,49.9802104],[5.7675834,49.9802518],[5.7677463,49.9802849],[5.7678195,49.9803191],[5.7679509,49.9802794],[5.7680984,49.9802794],[5.7682647,49.9802966],[5.768398,49.9803487],[5.7684919,49.9803229],[5.7686,49.9803605],[5.7687127,49.9803536],[5.7688012,49.9803156],[5.7689085,49.9803087],[5.7690453,49.9803449],[5.7691177,49.9803743],[5.7692008,49.9803415],[5.7692437,49.9803639],[5.7692993,49.9803487],[5.7694449,49.9803122],[5.7695916,49.9803332],[5.7696943,49.9802915],[5.7697882,49.9803225],[5.7698633,49.9803294],[5.7699679,49.9802656],[5.7700404,49.9803018],[5.7701047,49.9803225],[5.7701986,49.9803208],[5.7702737,49.9803656],[5.7705339,49.9804226],[5.770778,49.9804381],[5.7709335,49.9804846],[5.7711642,49.9805381],[5.7712956,49.9805519],[5.7716738,49.9806313],[5.7719608,49.980652],[5.772221,49.980714],[5.7724624,49.9807485],[5.7725474,49.9807851],[5.7726306,49.980761],[5.7727333,49.9807917],[5.772862,49.9807934],[5.7729337,49.9808351],[5.7730686,49.9808055],[5.773159,49.9807834],[5.7732751,49.9808227],[5.7735058,49.980852],[5.7736882,49.9808969],[5.7737973,49.9809662],[5.7739349,49.9810487],[5.7740878,49.9810849],[5.7742407,49.9811677],[5.7744258,49.9812229],[5.774661,49.9813129],[5.7747736,49.9813991],[5.7748952,49.9814635],[5.77517,49.9815135],[5.7754992,49.981613],[5.7757026,49.9816265],[5.7759506,49.9816601],[5.7761814,49.9817912],[5.7761063,49.9818723],[5.7760786,49.9819829],[5.7761572,49.9820103],[5.7762765,49.9819921],[5.7764186,49.9820438],[5.7765179,49.9821301],[5.7766721,49.9822948],[5.7766226,49.9824492],[5.7767366,49.9825165],[5.776863,49.9826694],[5.7770652,49.982645],[5.7772045,49.9827027],[5.7773547,49.9827527],[5.7774003,49.9828527],[5.7774915,49.9829286],[5.7776731,49.9829548],[5.7778743,49.9830221],[5.7781023,49.9830687],[5.7784544,49.9832321],[5.778771,49.9833788],[5.7788837,49.9834357],[5.7789963,49.9835565],[5.7787629,49.9837219],[5.7786772,49.9837479],[5.778535,49.9837013],[5.7784639,49.9837022],[5.7784559,49.9837393],[5.7785778,49.9838125],[5.7786803,49.9838362],[5.7788004,49.9838893],[5.778889,49.9839996],[5.7790196,49.9841311],[5.7789803,49.9842006],[5.7789239,49.984223],[5.7789002,49.9842742],[5.7789494,49.9843222],[5.7790231,49.9843532],[5.7790284,49.984467],[5.7790071,49.9845619],[5.7790553,49.9846421],[5.7791063,49.9846714],[5.779133,49.9847085],[5.7791116,49.9848085],[5.7792216,49.9849637],[5.779294,49.9851896],[5.7792993,49.985338],[5.7794576,49.9854276],[5.779371,49.9855004],[5.7791491,49.985607],[5.7789667,49.985695],[5.7789319,49.9857743],[5.7789989,49.9858674],[5.7790311,49.9860864],[5.7790392,49.9862434],[5.7791572,49.9863072],[5.7791438,49.9863865],[5.7790579,49.9864227],[5.7790472,49.9865728],[5.7791706,49.9866469],[5.7791411,49.9867797],[5.7791215,49.9868853],[5.7790526,49.987066],[5.7789694,49.9872488],[5.7789426,49.9874144],[5.7789533,49.9875471],[5.778915,49.9876285],[5.7788219,49.9877196],[5.7788353,49.9877903],[5.7788782,49.9878093],[5.7789981,49.9878062],[5.7791564,49.9877751],[5.7791947,49.9878058],[5.7791974,49.9878817],[5.779261,49.9879338],[5.7794093,49.9879524],[5.7794308,49.988011],[5.7794576,49.988068],[5.7795622,49.9880731],[5.7796802,49.9881628],[5.7797741,49.9882887],[5.7798385,49.988368],[5.7797285,49.9884439],[5.7797017,49.9885215],[5.7797124,49.9886457],[5.7798438,49.9887181],[5.7799047,49.9887874],[5.7799538,49.9888957],[5.7801067,49.9889199],[5.7800906,49.9890613],[5.7800933,49.9891406],[5.7803571,49.9891922],[5.7804776,49.9892462],[5.780602,49.9892811],[5.7806546,49.989318],[5.7807199,49.9893345],[5.7809293,49.9893444],[5.7809605,49.989371]]}},{"type":"Feature","properties":{"w":"stream"},"geometry":{"type":"LineString","coordinates":[[5.6986186,50.0045979],[5.6987711,50.0045864],[5.6998262,50.0047033],[5.6999198,50.0047016],[5.700068,50.0047286],[5.7002736,50.0047521],[5.7005086,50.0048011],[5.7006156,50.0048311],[5.7006354,50.0048471],[5.7007163,50.0048577],[5.7008113,50.0048727],[5.7017357,50.0050954],[5.7018873,50.0051276],[5.7021813,50.0051922],[5.7025347,50.0052831],[5.70281,50.0053576]]}},{"type":"Feature","properties":{"w":"stream"},"geometry":{"type":"LineString","coordinates":[[5.7886133,50.0216608],[5.7887219,50.0215446],[5.7892236,50.021076],[5.7894174,50.0208],[5.7896058,50.0203807],[5.789709,50.0199385],[5.7897171,50.0197197],[5.7899772,50.0191149],[5.7903272,50.0183074],[5.790181,50.0177982],[5.7893805,50.0172035],[5.7893624,50.016899],[5.7889017,50.0164099],[5.7878792,50.0154883],[5.7872775,50.0149984],[5.7870564,50.0144373],[5.7867786,50.0138741]]}},{"type":"Feature","properties":{"w":"stream"},"geometry":{"type":"LineString","coordinates":[[5.7032751,50.0488638],[5.7027599,50.0489343],[5.7024246,50.0490841],[5.7020438,50.0492391],[5.7015719,50.0492599],[5.7009673,50.0493655],[5.7009226,50.0495113],[5.7006991,50.0495308],[5.6999114,50.0493907],[5.6993481,50.0493287],[5.6991901,50.0493805],[5.6987207,50.0491463],[5.6986025,50.0490858],[5.698396,50.0490548],[5.6982002,50.0489894],[5.6980008,50.0489574],[5.6979643,50.04885],[5.6977603,50.0487259],[5.697562,50.0486795],[5.6970736,50.0485726],[5.6966152,50.0485142],[5.6963897,50.0484193],[5.6960437,50.0483573],[5.6957191,50.0483263],[5.695577,50.0483211],[5.6954992,50.0484279],[5.6951103,50.0484193],[5.6947696,50.0484486],[5.6946409,50.0484675],[5.6945591,50.0484822],[5.6944558,50.0485226],[5.694433,50.0485932],[5.6942654,50.0487086],[5.6941836,50.0487775],[5.6941554,50.0488318],[5.6941044,50.0488619],[5.6939824,50.0489825],[5.693914,50.0490833],[5.6937651,50.0491883],[5.69369,50.0492133],[5.6936404,50.0491935],[5.6935854,50.0492202],[5.6934594,50.0492331],[5.6933051,50.0492779],[5.6934151,50.0494243],[5.6934607,50.0494647],[5.6934473,50.0494828]]}},{"type":"Feature","properties":{"w":"stream"},"geometry":{"type":"LineString","coordinates":[[5.7152608,50.0505264],[5.713689,50.0513668],[5.7133358,50.051356],[5.7124506,50.0509392],[5.7122683,50.050927],[5.7120645,50.0508736],[5.7116129,50.0505387],[5.7110506,50.0501812],[5.7103962,50.0500297],[5.7104444,50.0498609],[5.7102646,50.049804]]}},{"type":"Feature","properties":{"w":"stream"},"geometry":{"type":"LineString","coordinates":[[5.7101051,50.0497904],[5.7091614,50.0496618],[5.7090121,50.0495776],[5.7087533,50.0495517],[5.7083175,50.0495216],[5.7079299,50.0495164],[5.707477,50.0493587],[5.7071815,50.0493278],[5.706912,50.0492787],[5.706401,50.0491685],[5.7058579,50.0489946],[5.7043501,50.0489439],[5.7040637,50.0489379],[5.7035002,50.0488895],[5.7032751,50.0488638]]}},{"type":"Feature","properties":{"w":"stream"},"geometry":{"type":"LineString","coordinates":[[5.7190919,50.0467813],[5.7189149,50.047081],[5.718931,50.0472016],[5.7188666,50.0473669],[5.7187271,50.0476184],[5.7186788,50.0478285],[5.7184857,50.0480593],[5.7184052,50.048173],[5.7184052,50.048328],[5.7183462,50.048452],[5.718357,50.0485347],[5.7183194,50.0486243],[5.7182068,50.0489033],[5.7180619,50.0490376],[5.7178366,50.0493235],[5.7177776,50.0493993],[5.7173368,50.0498306],[5.7168387,50.0499609]]}},{"type":"Feature","properties":{"w":"stream"},"geometry":{"type":"LineString","coordinates":[[5.7093383,50.0462546],[5.7092176,50.0464045],[5.7090245,50.0465578],[5.7089199,50.0466749],[5.7086999,50.047009],[5.7086409,50.0470142],[5.7081152,50.0469832],[5.7079167,50.0469711],[5.707796,50.0470314],[5.7076834,50.0471158],[5.7076002,50.047183],[5.7075573,50.0472553]]}},{"type":"Feature","properties":{"w":"stream"},"geometry":{"type":"LineString","coordinates":[[5.7310857,50.033015],[5.7311822,50.0331959],[5.731201,50.0332614],[5.7312117,50.0333631],[5.7311956,50.0334492],[5.7312251,50.0335319],[5.7312815,50.0335612],[5.7313378,50.0336025],[5.7313807,50.0336628],[5.731437,50.0337714],[5.7315041,50.0338593],[5.7314987,50.0339299],[5.7314397,50.0341211],[5.7314907,50.0342521],[5.7314987,50.0343572],[5.7314316,50.0345157],[5.7313861,50.0345897],[5.7312466,50.0346483],[5.7310186,50.0347861],[5.7307128,50.0349429],[5.7304473,50.0349429],[5.7301764,50.0351566],[5.7294066,50.0356476],[5.7285778,50.0361299],[5.7283712,50.0362445],[5.7282653,50.0362445],[5.7282371,50.0362342],[5.7281594,50.0362247],[5.7281231,50.0362281],[5.7280159,50.0362109],[5.7277114,50.0361765],[5.7274258,50.0361394],[5.727057,50.0360886],[5.7267794,50.0360576],[5.7266426,50.0360783],[5.7264736,50.0361532],[5.7264374,50.036198],[5.7263247,50.0363151],[5.7262241,50.0364108],[5.7261155,50.0364013],[5.72585,50.0364047],[5.7255576,50.0363892],[5.7252612,50.0363892],[5.7247972,50.0363953],[5.7245102,50.0364021],[5.7242661,50.0364177],[5.724124,50.0364332],[5.7238048,50.0365047],[5.7235688,50.0365598],[5.7234481,50.036577],[5.7232965,50.0365624],[5.7230819,50.0365469],[5.7227292,50.0365253],[5.722343,50.0365133],[5.7219943,50.0364711],[5.7215692,50.036422],[5.721427,50.0364082],[5.7211239,50.0363823],[5.721018,50.0363565],[5.7209067,50.0363436],[5.7207846,50.0363324],[5.72045,50.0363393],[5.7203219,50.0363436],[5.7202723,50.0363543],[5.7202287,50.0363647],[5.7201805,50.0363871],[5.7201476,50.036394],[5.7200993,50.0363978],[5.7200551,50.0364133],[5.7199853,50.0364155],[5.7199572,50.0364233],[5.7199317,50.0364431],[5.7199303,50.0364599],[5.7199116,50.0364642],[5.7199028,50.0364603],[5.7199035,50.0364508],[5.7199049,50.0364448],[5.7198841,50.036437],[5.7198197,50.036437],[5.7197889,50.0364448],[5.7197707,50.0364426],[5.7197694,50.0364353],[5.719754,50.0364293],[5.71975,50.0364189],[5.7197553,50.0364077],[5.7197479,50.0363953],[5.7197305,50.0363991],[5.7197124,50.0364125],[5.7196668,50.0364129],[5.7196413,50.036422],[5.7196125,50.0364413],[5.719593,50.0364517],[5.7195709,50.036453],[5.7195568,50.0364396],[5.7195394,50.0364366],[5.7194951,50.0364405],[5.7194361,50.0364478],[5.7193818,50.0364293],[5.7193517,50.0364245],[5.7193248,50.036425],[5.71929,50.0364185],[5.7192625,50.0364228],[5.7192377,50.0364189],[5.7192115,50.0364121],[5.7191954,50.0364043],[5.7191579,50.0363948],[5.7191123,50.036375],[5.7190278,50.0363655],[5.7189379,50.0363698],[5.7188454,50.0363578],[5.7188239,50.0363354],[5.7188119,50.0363061],[5.7187783,50.036276],[5.7187528,50.0362837],[5.7187327,50.0363027],[5.7186912,50.036319],[5.7186214,50.0363216],[5.7185798,50.0363147],[5.7185101,50.036307],[5.7183975,50.0362828],[5.7182942,50.0362415],[5.7182861,50.03622],[5.7182768,50.0361846],[5.7182553,50.0361691],[5.7182298,50.0361717],[5.7181949,50.0362045],[5.7181453,50.0362148],[5.7181172,50.0362122],[5.7181038,50.0362002],[5.7180957,50.0361821],[5.7180742,50.0361605],[5.7180622,50.0361381],[5.7180488,50.0361149],[5.7180474,50.0360933],[5.7180528,50.0360632],[5.7180528,50.0360365],[5.7180193,50.0360218],[5.7179804,50.0360141],[5.7179334,50.0360322],[5.7178342,50.0360572],[5.717806,50.0360684],[5.7177081,50.036089],[5.7176759,50.0360968],[5.7175821,50.0360856],[5.7175324,50.0360623],[5.7175204,50.0360356],[5.7174949,50.0360218],[5.7174721,50.0360218],[5.7174412,50.0360175],[5.717401,50.0360081],[5.7173353,50.0360098],[5.7172736,50.036021],[5.7172159,50.036015],[5.7171703,50.0359917]]}},{"type":"Feature","properties":{"w":"stream"},"geometry":{"type":"LineString","coordinates":[[5.7077451,50.047226],[5.7075573,50.0472553],[5.7068197,50.0473897],[5.7063316,50.0474879],[5.7061116,50.0475688],[5.7057924,50.0476601],[5.7056905,50.0477204],[5.7053311,50.0480115],[5.7051433,50.0481613],[5.705087,50.0482767],[5.7050307,50.0483266],[5.7049636,50.0483732],[5.704859,50.0484179],[5.7047866,50.0484352],[5.7046766,50.048523],[5.7045613,50.0485781],[5.7044647,50.0486263],[5.7043548,50.0486883],[5.7043856,50.0487486],[5.7043501,50.0489439]]}},{"type":"Feature","properties":{"w":"stream"},"geometry":{"type":"LineString","coordinates":[[5.7235721,50.0626171],[5.7238001,50.0626859],[5.7239664,50.0626653],[5.7241595,50.0626084]]}},{"type":"Feature","properties":{"w":"stream"},"geometry":{"type":"LineString","coordinates":[[5.7249917,50.0616769],[5.7249193,50.0617268],[5.724694,50.061825],[5.7246242,50.0618938]]}},{"type":"Feature","properties":{"w":"stream"},"geometry":{"type":"LineString","coordinates":[[5.7171703,50.0359917],[5.7171454,50.0359692],[5.717116,50.0359464],[5.7170991,50.0359421],[5.7170631,50.0359422],[5.7170094,50.0359538],[5.7169819,50.0359611],[5.7169491,50.0359607],[5.7169236,50.0359607],[5.7168901,50.035971],[5.7168525,50.0359865],[5.7168096,50.0359908],[5.7167774,50.0359745],[5.7167479,50.0359581],[5.7166996,50.0359469],[5.7166473,50.0359486],[5.7165896,50.035959],[5.7165038,50.03594],[5.7164247,50.0358926],[5.7163161,50.0358556],[5.7162302,50.0358168],[5.7161337,50.0357712],[5.7160532,50.0357617],[5.7160009,50.0357574],[5.7159124,50.0357608],[5.7158534,50.035766],[5.715785,50.0357617],[5.7157595,50.035735],[5.7157461,50.0356988],[5.7157193,50.035654],[5.7156589,50.0356204],[5.715667,50.0355817],[5.7156039,50.0355308],[5.7155342,50.0354662],[5.7154966,50.0354085],[5.7154457,50.0353844],[5.7154363,50.0353689],[5.7153679,50.0353207],[5.7153183,50.0353138],[5.7152003,50.0352483]]}},{"type":"Feature","properties":{"w":"stream"},"geometry":{"type":"LineString","coordinates":[[5.7248227,50.0612481],[5.7246926,50.0616209],[5.7246242,50.0618938],[5.7245236,50.0620514],[5.7244271,50.0622313],[5.7243573,50.0623656],[5.7243225,50.0625722],[5.7242943,50.0627048],[5.7244096,50.0627909],[5.7245927,50.0629416],[5.7247228,50.0630328],[5.7248187,50.0631271],[5.7249005,50.0632274],[5.7249702,50.0633587],[5.7250078,50.0634646],[5.7250279,50.0635894],[5.7250138,50.0636746],[5.7249481,50.063784],[5.7248542,50.0639234],[5.7247932,50.0639962],[5.7247483,50.0640681],[5.7247349,50.0641262],[5.7247329,50.0641727],[5.7247409,50.0642157],[5.7247396,50.0642635],[5.7247081,50.0643569],[5.7246638,50.0644589],[5.7246417,50.0644817],[5.7245907,50.0644946],[5.724409,50.0645213],[5.7242709,50.064539],[5.7241636,50.0645609],[5.7240818,50.0645876],[5.7240308,50.0646212],[5.7239812,50.0646539],[5.7238464,50.0647331],[5.7238283,50.0647559],[5.7237358,50.0648101],[5.723599,50.0648945],[5.7235507,50.0649393],[5.7234394,50.0650116],[5.7234099,50.0650391],[5.7232932,50.0651037],[5.7230746,50.0651881],[5.7227299,50.0653138],[5.7223464,50.0653878],[5.7222418,50.0654195]]}},{"type":"Feature","properties":{"w":"stream"},"geometry":{"type":"LineString","coordinates":[[5.7215216,50.0611027],[5.7218421,50.0612525],[5.722337,50.0615512],[5.7232341,50.0620833],[5.7238135,50.0624018],[5.7241595,50.0626084],[5.7242943,50.0627048]]}},{"type":"Feature","properties":{"w":"stream"},"geometry":{"type":"LineString","coordinates":[[5.697449,50.0192629],[5.6960074,50.0210685]]}},{"type":"Feature","properties":{"w":"stream"},"geometry":{"type":"LineString","coordinates":[[5.6960074,50.0210685],[5.6959327,50.0211562],[5.6959647,50.0212945],[5.6959178,50.0213904],[5.6959178,50.0214905],[5.6958815,50.021548],[5.6958154,50.0216371],[5.6958432,50.0216782],[5.6958773,50.0217138],[5.6958197,50.0218056],[5.695712,50.0218474],[5.6957035,50.0219371],[5.6956683,50.0220042],[5.6956384,50.0220577],[5.6956608,50.022081],[5.6957429,50.0220906],[5.6958005,50.0221036],[5.6958101,50.0221344],[5.6957029,50.0221972],[5.6956792,50.0222227]]}},{"type":"Feature","properties":{"w":"stream"},"geometry":{"type":"LineString","coordinates":[[5.6928636,50.0201448],[5.6931087,50.0204265]]}},{"type":"Feature","properties":{"w":"stream"},"geometry":{"type":"LineString","coordinates":[[5.6931087,50.0204265],[5.6931595,50.0204884],[5.6931541,50.0205686],[5.6932762,50.0205895],[5.6937623,50.0209586],[5.6942256,50.0212951],[5.6943586,50.0213658],[5.6945257,50.0214992],[5.69464,50.0216003],[5.6946971,50.021586],[5.6950813,50.0218426],[5.6956792,50.0222227],[5.6958959,50.0224234],[5.6958852,50.0233608],[5.6955418,50.0240915],[5.6953702,50.0244016],[5.6957135,50.0251116],[5.6965396,50.0253253],[5.6971514,50.0259287],[5.6975135,50.0260915],[5.6975926,50.0261139],[5.6975323,50.0262819],[5.6976595,50.0263703],[5.6976315,50.0264594],[5.6977603,50.0264491],[5.6977576,50.0265008],[5.697661,50.0265318],[5.6976449,50.026549],[5.6977442,50.0265869],[5.6977361,50.0266541],[5.6978568,50.0266748],[5.6977951,50.0267937],[5.6979722,50.0268799],[5.6980044,50.0269919],[5.6979158,50.0270556],[5.6979454,50.0272883],[5.6978971,50.027383],[5.6979588,50.0275036],[5.6977951,50.0275536],[5.6979024,50.0276553],[5.6978807,50.0286337],[5.6978488,50.029287],[5.6978005,50.0293439],[5.697771,50.0297126],[5.6976018,50.0299294],[5.6974411,50.0300055],[5.697366,50.0301123],[5.6971595,50.0301365],[5.6971434,50.0302519],[5.6970733,50.0302705],[5.6969234,50.0302226],[5.696784,50.0302192],[5.6966981,50.0301451],[5.6966311,50.030102],[5.6965426,50.0300348],[5.6964701,50.030009],[5.6962073,50.0298143],[5.6961188,50.0297609],[5.6959632,50.0296988],[5.6958264,50.0296609],[5.6956118,50.0295644],[5.6954375,50.0294731],[5.6954509,50.0293525],[5.6953624,50.029306],[5.695231,50.0293284],[5.6950432,50.029256],[5.6950298,50.0291492],[5.6947616,50.0290234],[5.6946114,50.028939],[5.6944209,50.0289665],[5.6944209,50.0290475],[5.6943619,50.0290889],[5.694209,50.029063],[5.6940347,50.0289734],[5.6939006,50.0290217],[5.6935519,50.0289527],[5.69345,50.0289303],[5.6932783,50.0289527],[5.6930476,50.0290716],[5.6929323,50.0291078],[5.6924817,50.0290423],[5.6921411,50.0291233],[5.6919399,50.0291406],[5.6915081,50.029368],[5.691492,50.0295162],[5.6914142,50.0296144],[5.6913203,50.0296265],[5.6909206,50.0300365],[5.6909046,50.0301244],[5.6907302,50.0302829],[5.690572,50.0303467],[5.6903896,50.0305724],[5.6902581,50.0307568],[5.6900409,50.0308153],[5.6898826,50.0308498],[5.6898853,50.0311806],[5.6897619,50.0314804],[5.6897002,50.0317923],[5.6897351,50.0321747],[5.6897002,50.0324332],[5.6896171,50.0326072],[5.689601,50.0327381],[5.6894964,50.0328381],[5.6894186,50.0329035],[5.6892791,50.0331758],[5.6891853,50.0334411],[5.6890002,50.0334738],[5.6889707,50.0336788],[5.6888822,50.03397],[5.6887963,50.0341061],[5.6883135,50.0346023],[5.6880265,50.0348849],[5.6879783,50.035064],[5.68785,50.0355041]]}},{"type":"Feature","properties":{"w":"stream"},"geometry":{"type":"LineString","coordinates":[[5.6988731,50.0180398],[5.6990984,50.0182805]]}},{"type":"Feature","properties":{"w":"stream"},"geometry":{"type":"LineString","coordinates":[[5.6990984,50.0182805],[5.6991122,50.0183145],[5.6990887,50.0183405],[5.6981824,50.0186283],[5.6978269,50.0188027],[5.69766,50.0189653],[5.6974877,50.0192112],[5.697449,50.0192629]]}},{"type":"Feature","properties":{"w":"stream"},"geometry":{"type":"LineString","coordinates":[[5.7666595,50.0579223],[5.7667521,50.0579852]]}},{"type":"Feature","properties":{"w":"stream"},"geometry":{"type":"LineString","coordinates":[[5.758857,50.0461776],[5.7588422,50.0462275],[5.7588288,50.0463567],[5.7587899,50.0465135],[5.7587349,50.0467072],[5.7587282,50.0468545],[5.7586732,50.0469802],[5.758637,50.0470922],[5.7584895,50.0472532],[5.7583728,50.0473686],[5.7582588,50.0474978],[5.7581381,50.047602],[5.7579692,50.0476933],[5.7578391,50.0477579],[5.7577573,50.0478156],[5.7576795,50.0478432],[5.7575414,50.0480042],[5.7574689,50.0481334],[5.7574421,50.0483091],[5.7574046,50.0485812],[5.7573965,50.0487689],[5.757418,50.0489205],[5.7575011,50.0490574],[5.7576312,50.0491797],[5.7578941,50.0493726],[5.7580134,50.0494449],[5.758055,50.0495216],[5.7581247,50.0495388],[5.758346,50.0497171],[5.7586008,50.0499203],[5.7588758,50.0501916],[5.7590032,50.0502966],[5.75914,50.0504051],[5.7593049,50.0505644],[5.75938,50.0506549],[5.7596,50.050846],[5.7597099,50.0509494],[5.7597716,50.0509924],[5.7597917,50.0510863],[5.759773,50.0511371],[5.7597716,50.0511922],[5.7597569,50.0512482],[5.7597837,50.0512809],[5.75984,50.0513196],[5.7598883,50.0514015],[5.7599674,50.0514592],[5.7600626,50.0514815],[5.7602544,50.0516598],[5.7604556,50.0518019],[5.7605106,50.051838],[5.7608016,50.0520688],[5.761039,50.0522832],[5.7612522,50.0524856],[5.7615741,50.052768],[5.7617001,50.0528972],[5.7617484,50.0529601],[5.7617953,50.0530832],[5.7618517,50.0533209],[5.7619429,50.0535585],[5.7619509,50.0536033],[5.7619455,50.0536739],[5.7618812,50.0538272],[5.7619026,50.0539805],[5.7619831,50.0541389],[5.7620367,50.0542853],[5.7621306,50.0544644],[5.7621628,50.0545849],[5.7622245,50.0546986],[5.7621896,50.0549173],[5.7622647,50.0550172],[5.7623023,50.0550912],[5.7623747,50.0551911],[5.7626912,50.0554615],[5.7627455,50.055556],[5.7628038,50.0556578],[5.762895,50.0557904],[5.7632142,50.056109],[5.7633457,50.0562433],[5.76352,50.0563277],[5.7637078,50.0564448],[5.7641369,50.0566325],[5.7642066,50.05666],[5.7646814,50.0569029],[5.7653412,50.0572128],[5.7661191,50.0576106],[5.7664315,50.057757],[5.7666595,50.0579223]]}},{"type":"Feature","properties":{"w":"stream"},"geometry":{"type":"LineString","coordinates":[[5.7583675,50.0601135],[5.7583259,50.0601032],[5.7582401,50.0599129],[5.7581261,50.0598001],[5.758059,50.0597209],[5.7578659,50.0596856],[5.7575561,50.0595203],[5.7570197,50.0592749],[5.7565556,50.0590778],[5.7565637,50.0589176],[5.7563706,50.0587755],[5.7560702,50.0585792],[5.7558234,50.0584389],[5.7553768,50.0584113],[5.7551435,50.0584234],[5.7548162,50.0584286],[5.7544837,50.0583597],[5.7539579,50.058358],[5.7534134,50.0584475],[5.752759,50.0585319],[5.75248,50.0585336],[5.7520428,50.0586507],[5.7518041,50.058909],[5.7518148,50.0592586],[5.7517946,50.059457],[5.751788,50.059522],[5.7517999,50.059625],[5.7518122,50.0597321],[5.7519463,50.0597872],[5.7521716,50.0600455],[5.7529253,50.0608359],[5.7531425,50.0611389],[5.753679,50.0614988],[5.7538319,50.0617261],[5.7540652,50.0618483],[5.7544729,50.0619895],[5.7546392,50.0620463],[5.755114,50.0624527],[5.755358,50.0628504],[5.7555699,50.0633963],[5.7560018,50.0636666],[5.7562754,50.0638181],[5.7563773,50.0640247],[5.7563491,50.0642003],[5.7562646,50.0643346],[5.756211,50.0644276],[5.7559204,50.0648546],[5.7557926,50.0650423],[5.7554144,50.0655726],[5.7541859,50.0664455],[5.753746,50.0669603],[5.7534161,50.0672788],[5.7530728,50.067482],[5.7528636,50.0677109],[5.752873,50.0679416],[5.7529091,50.0679854],[5.7529964,50.0680914],[5.7532002,50.0682799],[5.7532498,50.068348],[5.7534134,50.0685124],[5.7535437,50.0686858]]}},{"type":"Feature","properties":{"w":"stream"},"geometry":{"type":"LineString","coordinates":[[5.7846411,50.0507599],[5.7844788,50.0508357],[5.7843862,50.0508641],[5.7842159,50.0509494],[5.7836996,50.0509253],[5.7831819,50.0509235],[5.7826415,50.0509046],[5.7822633,50.0508994],[5.7817604,50.0508899],[5.7812387,50.0508701],[5.7810751,50.0508779],[5.7808216,50.0509123],[5.7801014,50.0510131],[5.7800236,50.0510768],[5.7801095,50.0511784],[5.7799807,50.051807],[5.7800049,50.0519362],[5.7799324,50.0525097],[5.7798681,50.0526113],[5.7798171,50.0536756],[5.7806513,50.0536997],[5.7806244,50.053977],[5.7804635,50.0543404],[5.7802463,50.0546435],[5.7791117,50.0547778],[5.7787737,50.0554012],[5.7781059,50.0553237],[5.777497,50.0550172],[5.7772449,50.0548897],[5.7766709,50.0548122],[5.7764187,50.0547881],[5.775893,50.0548587],[5.7757187,50.0549087],[5.7755122,50.0549758],[5.7751393,50.0549741],[5.7743454,50.0548708],[5.7741684,50.0554976],[5.7739887,50.0554735],[5.7737285,50.0553771],[5.7733878,50.0553289],[5.7722265,50.0551997],[5.7720011,50.0553185],[5.7716846,50.0553737],[5.7715076,50.0554391],[5.7712769,50.0555837],[5.7710597,50.0557508],[5.7708961,50.0557973],[5.7706252,50.0556922],[5.7699975,50.0560883],[5.7696542,50.0563156],[5.7694504,50.0568099],[5.7692814,50.0571904],[5.7689086,50.0574505],[5.7686698,50.0576054],[5.7680932,50.0577777],[5.7676452,50.0579619],[5.7673851,50.0581634],[5.7670337,50.0584355]]}},{"type":"Feature","properties":{"w":"ditch"},"geometry":{"type":"LineString","coordinates":[[5.7611489,50.0554494],[5.7613125,50.0554408],[5.7616639,50.0554925],[5.7623157,50.0555493],[5.762592,50.0555734],[5.7627455,50.055556]]}},{"type":"Feature","properties":{"w":"stream"},"geometry":{"type":"LineString","coordinates":[[5.703688,49.9959025],[5.7038434,49.9960162],[5.7040487,49.9961072],[5.7043141,49.9961618],[5.7046787,49.9962187]]}},{"type":"Feature","properties":{"w":"stream"},"geometry":{"type":"LineString","coordinates":[[5.7016908,49.9953147],[5.7028846,49.9955157]]}},{"type":"Feature","properties":{"w":"stream"},"geometry":{"type":"LineString","coordinates":[[5.7028846,49.9955157],[5.7029984,49.9955343],[5.7031169,49.99559],[5.703688,49.9959025],[5.7038568,49.9958664],[5.7041661,49.995877],[5.7043961,49.9958747],[5.7046651,49.9958747],[5.7050438,49.9957746],[5.7053057,49.9957018],[5.7055216,49.9957951],[5.70578,49.9959157],[5.7058189,49.9959635],[5.705964,49.996009],[5.706141,49.9960408],[5.7062294,49.9961455],[5.7064135,49.9961],[5.7064559,49.9961364],[5.7064843,49.9962456],[5.706555,49.9963389],[5.7066506,49.9964481],[5.7067167,49.9964882]]}},{"type":"Feature","properties":{"w":"stream"},"geometry":{"type":"LineString","coordinates":[[5.6943054,50.0035393],[5.6943393,50.0035708],[5.6944082,50.003582],[5.6944969,50.0035873],[5.6945704,50.0036083],[5.6946802,50.0036398],[5.6947934,50.0036848],[5.6949043,50.0037306],[5.6950024,50.0037659],[5.6951063,50.0038019],[5.695369,50.0038995],[5.6954916,50.003949],[5.6957158,50.0040202],[5.6958715,50.0040839],[5.6960024,50.0041203],[5.6962165,50.0041715],[5.6964537,50.0042272],[5.6967085,50.0042841],[5.696889,50.0043296],[5.6972553,50.0043797]]}},{"type":"Feature","properties":{"w":"stream"},"geometry":{"type":"LineString","coordinates":[[5.70281,50.0053576],[5.7029378,50.0053957]]}},{"type":"Feature","properties":{"w":"stream"},"geometry":{"type":"LineString","coordinates":[[5.7029378,50.0053957],[5.7031812,50.0054685],[5.7036757,50.0055838],[5.7037651,50.0055974],[5.7047825,50.0058312],[5.7050564,50.0058909],[5.7053182,50.0059384]]}},{"type":"Feature","properties":{"w":"stream"},"geometry":{"type":"LineString","coordinates":[[5.706629,50.0059917],[5.7066811,50.0059941],[5.7067516,50.0060162],[5.7068405,50.0060582],[5.7072217,50.0061831],[5.7074768,50.0062626],[5.70772,50.0063217],[5.7078031,50.0063436],[5.7078678,50.0063507],[5.7080347,50.0063898],[5.7080653,50.006403],[5.7083312,50.0064548],[5.7084768,50.0064887],[5.7086777,50.0065366],[5.7088195,50.0065647],[5.7089438,50.0065976],[5.7090333,50.0066278],[5.7090764,50.0066386],[5.7091212,50.0066627],[5.7091727,50.0067077],[5.7092515,50.006744],[5.7095826,50.0069178],[5.7097536,50.0069825],[5.7100138,50.0071339],[5.7100544,50.0071505],[5.7100757,50.0071767],[5.7101043,50.0072136],[5.7102172,50.0072817],[5.7105701,50.0076404],[5.7107702,50.0078454],[5.7110451,50.0080404],[5.7112342,50.0081408],[5.7114519,50.0083655],[5.7116103,50.0085309],[5.7118808,50.0090552],[5.7119819,50.0092474],[5.7120149,50.0094269],[5.7120237,50.0096046],[5.7120356,50.0096644],[5.7120475,50.009741],[5.7119728,50.0098203],[5.7118634,50.0099316],[5.7117433,50.0100478],[5.7116382,50.0101634],[5.7115256,50.0102963],[5.7112939,50.010521],[5.7111737,50.0106484],[5.7110297,50.0107562],[5.7108562,50.0109345],[5.7108077,50.0109872],[5.7108012,50.0110519],[5.7107709,50.0110819],[5.7106886,50.0110993],[5.7105814,50.011102],[5.7104645,50.0111118],[5.7103226,50.0111375],[5.7101092,50.0111624],[5.7098993,50.0111855],[5.7098062,50.0112016],[5.7097,50.0112544],[5.7096632,50.0112997],[5.7095171,50.0114089],[5.7093709,50.0115112],[5.7092344,50.0116121],[5.7091192,50.0117235],[5.7090401,50.0118083],[5.7088659,50.0120057],[5.708392,50.0125111],[5.7081863,50.0127491],[5.7079741,50.0130065],[5.7078463,50.0131422],[5.7075042,50.0132772],[5.7074057,50.0132983],[5.7072616,50.013289],[5.7071035,50.0132946],[5.7069498,50.0133363],[5.7062921,50.0135169],[5.7060075,50.0136569],[5.7059753,50.0136662],[5.7057609,50.013758],[5.7056536,50.013817],[5.7055827,50.0138542],[5.7052422,50.0140384],[5.7051112,50.014197],[5.7049975,50.0143063],[5.7047095,50.0146083],[5.7045785,50.0147787],[5.7045406,50.0148219],[5.7044832,50.0148525],[5.7044377,50.0149186],[5.7043814,50.0149875],[5.7042558,50.0150988],[5.7041843,50.0151433],[5.7041562,50.0151781],[5.7040912,50.0152574],[5.7039915,50.0153154],[5.703905,50.0153834],[5.7037815,50.0154696],[5.7037133,50.0155413],[5.703578,50.0156227],[5.7034849,50.0156923],[5.7034091,50.0157883],[5.7033636,50.0158314],[5.7032456,50.0158328],[5.703134,50.0158906],[5.7031393,50.0159228],[5.703086,50.0159735],[5.7030295,50.0159817],[5.7030337,50.0159974],[5.702942,50.0160105],[5.7029133,50.0159974],[5.7028592,50.0160143],[5.7027853,50.0160392],[5.7027245,50.0160845],[5.7026286,50.016118],[5.7025305,50.0161585],[5.7024654,50.0162023],[5.7024004,50.0162564],[5.7022991,50.0162509],[5.7021637,50.0162557],[5.7021275,50.0163188],[5.7020176,50.0163743],[5.7018524,50.0164352],[5.7018097,50.0164674],[5.7017052,50.016462],[5.7016445,50.0164798],[5.7016114,50.0165154],[5.7015815,50.0165599],[5.701492,50.0166127],[5.7013075,50.0166949],[5.7012105,50.0167387],[5.7009951,50.016834],[5.7008741,50.0168947],[5.700768,50.0169532],[5.7006881,50.0169806],[5.7003117,50.0170443],[5.7002328,50.0170532],[5.7001336,50.0170587],[5.7000078,50.0170827],[5.6999374,50.0171046],[5.6998969,50.0171087],[5.6997903,50.0171313],[5.6997647,50.0171498],[5.6997349,50.0172101],[5.6996997,50.0172635],[5.6997263,50.0172863],[5.6997914,50.0173382],[5.6998202,50.0173745],[5.6998191,50.0173958],[5.6997551,50.0174341],[5.6996911,50.0174807],[5.6996709,50.0175287],[5.6997961,50.017581],[5.6997764,50.0176034],[5.6996837,50.0176212],[5.699592,50.0176397],[5.6995461,50.0176725],[5.6994651,50.0177287],[5.6993926,50.0177548],[5.6992231,50.0177801],[5.699141,50.0177931],[5.6990845,50.0178185],[5.6990143,50.0178671],[5.698965,50.0178973],[5.6989586,50.0179452],[5.6988894,50.0179787],[5.6988731,50.0180398]]}},{"type":"Feature","properties":{"w":"stream"},"geometry":{"type":"LineString","coordinates":[[5.7053182,50.0059384],[5.7058485,50.0060183],[5.706629,50.0059917]]}},{"type":"Feature","properties":{"w":"stream"},"geometry":{"type":"LineString","coordinates":[[5.6828981,50.0048704],[5.682437,50.0053014]]}},{"type":"Feature","properties":{"w":"stream"},"geometry":{"type":"LineString","coordinates":[[5.6818007,50.0027812],[5.681975,50.0027958],[5.6825645,50.0035301]]}},{"type":"Feature","properties":{"w":"stream"},"geometry":{"type":"LineString","coordinates":[[5.6825645,50.0035301],[5.6828981,50.0039533]]}},{"type":"Feature","properties":{"w":"stream"},"geometry":{"type":"LineString","coordinates":[[5.7412221,49.9842256],[5.741428,49.9842187]]}},{"type":"Feature","properties":{"w":"stream"},"geometry":{"type":"LineString","coordinates":[[5.741428,49.9842187],[5.7418022,49.9842179],[5.7419309,49.984236],[5.7421495,49.984242],[5.7423279,49.9843119],[5.7424137,49.9843489],[5.7426658,49.9843869],[5.7427436,49.9843938],[5.7430977,49.984424],[5.743335,49.9844369],[5.7434906,49.9844214]]}},{"type":"Feature","properties":{"w":"stream"},"geometry":{"type":"LineString","coordinates":[[5.7434906,49.9844214],[5.7435805,49.984405]]}},{"type":"Feature","properties":{"w":"stream"},"geometry":{"type":"LineString","coordinates":[[5.7435805,49.984405],[5.7438165,49.9843826],[5.7441665,49.9843636],[5.7443449,49.9843515],[5.7443395,49.9843903],[5.7445648,49.98453],[5.7446574,49.984549],[5.7447767,49.9845145],[5.7449698,49.9844912],[5.7450664,49.984455],[5.7452099,49.9843541],[5.7452743,49.9843015],[5.7454258,49.9842411],[5.7456283,49.9841428],[5.7457048,49.9841066]]}},{"type":"Feature","properties":{"w":"stream"},"geometry":{"type":"LineString","coordinates":[[5.7457048,49.9841066],[5.7458067,49.9840894]]}},{"type":"Feature","properties":{"w":"stream"},"geometry":{"type":"LineString","coordinates":[[5.7458067,49.9840894],[5.7463422,49.9839413]]}},{"type":"Feature","properties":{"w":"stream"},"geometry":{"type":"LineString","coordinates":[[5.7260066,49.9869798],[5.7262051,49.9866935],[5.726409,49.9863676],[5.7265297,49.9862124],[5.7266745,49.9860503],[5.726932,49.9858692],[5.7270795,49.9858313],[5.7274604,49.9858054],[5.7277983,49.9858054],[5.7278332,49.985795],[5.7279056,49.9856916],[5.7279807,49.9856898],[5.7285413,49.9857002],[5.7289812,49.9857347],[5.7293808,49.9857674],[5.7296517,49.985783],[5.7301962,49.9858209],[5.7309875,49.9858813],[5.7311404,49.9858985],[5.7318833,49.9859209],[5.7319745,49.9859227],[5.7324117,49.9859451],[5.7326317,49.9859434],[5.7328302,49.985902],[5.7331923,49.9858106],[5.7335141,49.9857433],[5.7337689,49.985664],[5.7339674,49.9855467],[5.7340801,49.9854846],[5.7341874,49.9854363],[5.7343885,49.9853984],[5.734477,49.9853639],[5.7347962,49.9851414],[5.7350886,49.9849207],[5.7351556,49.9848775],[5.7351717,49.9848051],[5.7352415,49.9846913],[5.7354078,49.9845671],[5.7356116,49.9844015],[5.7359388,49.9842618],[5.7362929,49.9841566],[5.7366335,49.9840359],[5.7368106,49.9839687]]}},{"type":"Feature","properties":{"w":"stream"},"geometry":{"type":"LineString","coordinates":[[5.7272834,49.9826958],[5.7278466,49.9827752],[5.7284582,49.9828873],[5.7288578,49.9829338],[5.7295445,49.9830115],[5.7302311,49.9830339],[5.7307193,49.9830028],[5.7308292,49.9830287],[5.7312128,49.9832477],[5.7314113,49.9833133],[5.7315508,49.9833253],[5.7322884,49.9833305],[5.7326022,49.9833788],[5.7328704,49.9834271],[5.7335517,49.9835858],[5.7340023,49.9837237],[5.734579,49.983791],[5.7350162,49.9838238],[5.7354775,49.9838565],[5.7358235,49.9838928],[5.7362795,49.9839273],[5.7368106,49.9839687],[5.7370949,49.9840031],[5.7376045,49.984079],[5.7378969,49.984117],[5.7382107,49.9841618],[5.7383662,49.9841773],[5.7386371,49.984167],[5.7388893,49.9841687],[5.739195,49.9841963],[5.7393694,49.9841653],[5.7396832,49.9841152],[5.7400037,49.9841152],[5.7402787,49.9841334],[5.7405388,49.9841489],[5.7408205,49.9841791],[5.7410947,49.9842278],[5.7412221,49.9842256]]}},{"type":"Feature","properties":{"w":"stream"},"geometry":{"type":"LineString","coordinates":[[5.7481161,49.977016],[5.7482743,49.9770005],[5.7484621,49.976947],[5.7486337,49.9769539],[5.749189,49.9770678],[5.7497898,49.9771713],[5.7502994,49.977261],[5.7511094,49.97753],[5.7516164,49.9776508],[5.7519543,49.9777267],[5.7522703,49.9778212],[5.7526866,49.9779457],[5.7532096,49.9781424],[5.7537863,49.9783235],[5.7546097,49.9785253],[5.755232,49.9786857],[5.7553768,49.9787771],[5.755873,49.9788875],[5.7562217,49.9789496],[5.7565758,49.9790617],[5.7569781,49.9791204],[5.7572678,49.979148],[5.7574072,49.9791549],[5.7575709,49.9791704],[5.7576272,49.9792635],[5.757544,49.9794567],[5.7575011,49.9796861],[5.7574367,49.9799966],[5.7573912,49.9801035],[5.7574116,49.9801914]]}},{"type":"Feature","properties":{"w":"ditch"},"geometry":{"type":"LineString","coordinates":[[5.7874252,49.9917101],[5.7873501,49.9918463],[5.7871234,49.9923248],[5.7871315,49.9924222],[5.7872039,49.9925188],[5.7873191,49.9926084]]}},{"type":"Feature","properties":{"w":"stream"},"geometry":{"type":"LineString","coordinates":[[5.7646143,49.9800987],[5.7647598,49.9802449]]}},{"type":"Feature","properties":{"w":"stream"},"geometry":{"type":"LineString","coordinates":[[5.7645607,49.9800673],[5.7646143,49.9800987]]}},{"type":"Feature","properties":{"w":"stream"},"geometry":{"type":"LineString","coordinates":[[5.7644909,49.9800379],[5.7645607,49.9800673]]}},{"type":"Feature","properties":{"w":"stream"},"geometry":{"type":"LineString","coordinates":[[5.7463422,49.9839413],[5.7466802,49.9839017],[5.7468599,49.9839327],[5.7470074,49.9839724],[5.7471657,49.9839672],[5.74734,49.9839103],[5.7475098,49.9838203],[5.7476117,49.983772],[5.7477271,49.9837634],[5.7479389,49.9837547],[5.7480669,49.9837603],[5.748234,49.9837237],[5.7484057,49.9836271],[5.7486015,49.9835426],[5.7486631,49.9834874],[5.7487857,49.983436],[5.7490252,49.9833529],[5.7492827,49.9833046],[5.7494356,49.9832304],[5.7495126,49.983167],[5.7495295,49.983089],[5.7497065,49.9830235],[5.7502215,49.9828441],[5.7509047,49.9825995],[5.7513775,49.9823784],[5.7515868,49.9821853],[5.7517879,49.9820197],[5.7521795,49.9817455],[5.752555,49.9815333],[5.7528984,49.9813505],[5.753188,49.981159],[5.7536172,49.9809141],[5.7539846,49.9806778],[5.7541992,49.980614],[5.7543923,49.9805743],[5.7544648,49.9806106],[5.7546901,49.9806399],[5.7548456,49.9806606],[5.7550388,49.9806071],[5.755197,49.9805536],[5.7553097,49.980445],[5.7555288,49.9803936],[5.7556879,49.9803294],[5.7558407,49.9802139],[5.7560151,49.9800345],[5.7561438,49.9799603],[5.7563665,49.9799551],[5.7565113,49.9800155],[5.7565749,49.9800693],[5.7565971,49.9802139],[5.7566803,49.9802535],[5.7567902,49.9802656],[5.7569048,49.9802625],[5.7570523,49.9802935],[5.7571523,49.9802846],[5.7572669,49.9802021],[5.757332,49.9801707],[5.7574116,49.9801914],[5.7574715,49.980207],[5.7574975,49.9802073],[5.7575726,49.9801918],[5.7576459,49.9802242],[5.7577719,49.9802863],[5.7578658,49.9803467],[5.7579919,49.980338],[5.7581179,49.9803329],[5.7581949,49.9804039],[5.7582432,49.9803815],[5.7583102,49.9803729],[5.7583942,49.9803536],[5.7584586,49.9803639],[5.7584988,49.9804139],[5.7587,49.9803984],[5.7589011,49.980407],[5.7590031,49.9804571],[5.7590862,49.980445],[5.7591881,49.980407],[5.7593027,49.9804195],[5.7594314,49.9803763],[5.759569,49.9803484],[5.7596709,49.9803087],[5.7598069,49.9802728],[5.7600813,49.9801845],[5.7602771,49.9801569],[5.7605453,49.9801742],[5.7609066,49.9802608],[5.7609852,49.9803018],[5.7610837,49.9803418],[5.7612097,49.9802832],[5.7612749,49.9803139],[5.7613527,49.9803518],[5.7614251,49.9803915],[5.7615056,49.9803725],[5.7615565,49.9803139],[5.7617094,49.9803018],[5.7617926,49.9803329],[5.7618945,49.9803191],[5.7619106,49.9802311],[5.7619749,49.9802087],[5.7620814,49.9802056],[5.7621144,49.98015],[5.7621761,49.9801397],[5.7622324,49.9801949],[5.7623505,49.9801811],[5.762388,49.9801328],[5.7624497,49.9800293],[5.7625436,49.9800121],[5.7626482,49.9800397],[5.7628252,49.9800414],[5.7628915,49.9799693],[5.7629915,49.9799362],[5.7630854,49.979962],[5.7631846,49.9799603],[5.7633161,49.9799534],[5.7634582,49.9799672],[5.763544,49.9799707],[5.7636827,49.9799417],[5.763823,49.9799241],[5.7639303,49.979931],[5.7640349,49.9799896],[5.7641583,49.9800534],[5.7643004,49.9800569],[5.7644909,49.9800379]]}},{"type":"Feature","properties":{"w":"stream"},"geometry":{"type":"LineString","coordinates":[[5.7686146,50.0026378],[5.7685491,50.002819]]}},{"type":"Feature","properties":{"w":"stream"},"geometry":{"type":"LineString","coordinates":[[5.761566,49.9993511],[5.7617484,49.9993011],[5.7623546,49.9991925],[5.7629541,49.9991433]]}},{"type":"Feature","properties":{"w":"stream"},"geometry":{"type":"LineString","coordinates":[[5.7629541,49.9991433],[5.7630493,49.9991683]]}},{"type":"Feature","properties":{"w":"ditch"},"geometry":{"type":"LineString","coordinates":[[5.7692251,49.9962398],[5.768576,49.9971398],[5.7677767,49.9976537],[5.7667199,49.9980916],[5.7661137,49.9984623],[5.7655907,49.9987588],[5.7655853,49.9987899],[5.7657087,49.999083],[5.765647,49.9992278],[5.7653632,49.9995342]]}},{"type":"Feature","properties":{"w":"stream"},"geometry":{"type":"LineString","coordinates":[[5.7685491,50.002819],[5.7684901,50.002988],[5.7676586,50.0032069],[5.7674628,50.0032621],[5.7673515,50.0033827],[5.7673019,50.0034888],[5.7671638,50.0035724],[5.7671517,50.0036215],[5.7672657,50.0036456],[5.7674615,50.0038965],[5.7677244,50.0040318],[5.7677378,50.0040706],[5.7675243,50.0043669]]}},{"type":"Feature","properties":{"w":"stream"},"geometry":{"type":"LineString","coordinates":[[5.7630493,49.9991683],[5.7633738,49.9991899],[5.7639612,49.9992338],[5.7643729,49.9992692],[5.7647055,49.9992993],[5.7648276,49.9993235],[5.7650287,49.9994037],[5.7651749,49.9994709],[5.7652232,49.9994692],[5.7653632,49.9995342],[5.7653734,49.999539],[5.7653815,49.9995545],[5.7659943,49.999845],[5.7660882,49.9998666],[5.7665549,50.0001011],[5.7666555,50.0001528],[5.7668218,50.0003252],[5.7670847,50.0005657],[5.7673234,50.0006484],[5.7674468,50.0007588],[5.7677659,50.000964],[5.7678196,50.0010536],[5.7677901,50.0011398],[5.7676479,50.0011967],[5.767774,50.0013295],[5.7678322,50.0015]]}},{"type":"Feature","properties":{"w":"ditch"},"geometry":{"type":"LineString","coordinates":[[5.753396,49.9968855],[5.7535033,49.996964],[5.7537661,49.9972019],[5.7542543,49.997645],[5.7544635,49.9978287],[5.7546768,49.9980338],[5.7553178,49.9981933],[5.7559521,49.9983416],[5.7572034,49.9986364],[5.7581261,49.9989244],[5.7592955,49.9991381],[5.7600573,49.9992502],[5.7611798,49.99952],[5.7614815,49.9995674],[5.761566,49.9993511]]}},{"type":"Feature","properties":{"w":"ditch"},"geometry":{"type":"LineString","coordinates":[[5.7530138,49.9966821],[5.753396,49.9968855]]}},{"type":"Feature","properties":{"w":"ditch"},"geometry":{"type":"LineString","coordinates":[[5.7528193,49.9947949],[5.7532914,49.994782],[5.7535368,49.9952639],[5.7536763,49.9954898],[5.7537836,49.9956518],[5.7538721,49.9958794],[5.7538989,49.9960691],[5.7538909,49.9963114],[5.7538708,49.9966303],[5.7538372,49.9966398],[5.7531895,49.9966553],[5.7530138,49.9966821]]}},{"type":"Feature","properties":{"w":"stream"},"geometry":{"type":"LineString","coordinates":[[5.7393533,49.9977037],[5.7393023,49.997764],[5.739136,49.9979174],[5.7386532,49.9984192],[5.7384279,49.9985795],[5.7381704,49.9986933],[5.7378781,49.9987399],[5.7377252,49.9988519],[5.7374918,49.9990744],[5.7373685,49.9993192],[5.7378861,49.999514],[5.7380712,49.9995554],[5.7381919,49.9996002],[5.7381517,49.999645],[5.7380873,49.9997761],[5.7378727,50.0002536],[5.7382804,50.000514],[5.7384628,50.0006019],[5.738896,50.0006666],[5.739065,50.000714],[5.7394847,50.0008424],[5.7398039,50.0009467],[5.7399447,50.0009777],[5.74017,50.0009691],[5.7403484,50.0009734],[5.7405402,50.0009674],[5.7406703,50.0010407],[5.7408875,50.0011062],[5.7411678,50.0011665],[5.7416841,50.001232],[5.7417579,50.0012846],[5.7418692,50.0013424],[5.7421294,50.0013613],[5.7422501,50.0013846],[5.7423346,50.0013863],[5.742411,50.0013726],[5.7425089,50.001395],[5.742635,50.0013777],[5.7428589,50.0013889],[5.7429247,50.0013553],[5.7430024,50.0013476],[5.7430843,50.0014062],[5.7431433,50.0014475],[5.743276,50.001457],[5.7435885,50.0015381],[5.7438447,50.0016122],[5.7441826,50.0016803],[5.7445729,50.0017432],[5.7446641,50.0017855]]}},{"type":"Feature","properties":{"w":"stream"},"geometry":{"type":"LineString","coordinates":[[5.7446641,50.0017855],[5.7447392,50.0018596]]}},{"type":"Feature","properties":{"w":"stream"},"geometry":{"type":"LineString","coordinates":[[5.7447392,50.0018596],[5.7448317,50.0019699],[5.7449242,50.0020596],[5.7450221,50.0021096],[5.7452045,50.0021622],[5.7455251,50.0022518],[5.7459636,50.0022734],[5.746327,50.0023156],[5.7464491,50.0023294],[5.7467508,50.0023785],[5.746853,50.0023971],[5.7469077,50.002407],[5.7471961,50.0024647],[5.7472993,50.0024595],[5.747361,50.0025052],[5.7474335,50.0026432],[5.7474402,50.0028397],[5.7475099,50.0029466],[5.7474723,50.0029897],[5.7475179,50.0030879],[5.7475877,50.0031741],[5.747813,50.0034707],[5.747982,50.0037275],[5.7481751,50.0039068],[5.7483682,50.0040809],[5.7486418,50.0043016],[5.7487625,50.0043171],[5.7497925,50.0044637],[5.7501948,50.0045274],[5.7508036,50.0045964],[5.7518202,50.004755],[5.7522064,50.0048033],[5.7522788,50.0048191]]}},{"type":"Feature","properties":{"w":"ditch"},"geometry":{"type":"LineString","coordinates":[[5.7489113,50.0041508],[5.7490656,50.0041982],[5.749319,50.0041809],[5.7498555,50.0041051],[5.7504094,50.0040508],[5.7510316,50.0039766],[5.7511347,50.0039304]]}},{"type":"Feature","properties":{"w":"ditch"},"geometry":{"type":"LineString","coordinates":[[5.7482743,50.003731],[5.7490213,50.0037224],[5.7492252,50.0036801],[5.7497683,50.0035569],[5.7500017,50.0036517],[5.7510719,50.0039154],[5.7511347,50.0039304],[5.7513401,50.0039792],[5.7519704,50.0040327],[5.7528958,50.0041766],[5.7535797,50.0042749],[5.754029,50.0043835],[5.7544743,50.0045223],[5.7547089,50.0045714],[5.754842,50.0045858]]}},{"type":"Feature","properties":{"w":"ditch"},"geometry":{"type":"LineString","coordinates":[[5.7529776,50.0021449],[5.7530084,50.002444],[5.7529622,50.0033185],[5.7528958,50.0041766]]}},{"type":"Feature","properties":{"w":"stream"},"geometry":{"type":"LineString","coordinates":[[5.7800665,50.0399687],[5.7804206,50.0398201],[5.7812038,50.0394846],[5.7816222,50.0392676],[5.78192,50.0391177],[5.7822901,50.0389936],[5.7828641,50.0388059],[5.7830586,50.0387731],[5.7831363,50.0387654],[5.7832544,50.0387628],[5.7834327,50.0387042],[5.7831068,50.0383709],[5.7837398,50.0381073],[5.7839195,50.0380332],[5.7841153,50.037929],[5.7842588,50.0377955],[5.7845284,50.037482],[5.7847792,50.0372098],[5.784861,50.0371236],[5.7852043,50.0368299],[5.7854176,50.0366094],[5.7856496,50.0363415],[5.7859902,50.0359857],[5.7861069,50.0358505]]}},{"type":"Feature","properties":{"w":"stream"},"geometry":{"type":"LineString","coordinates":[[5.7589571,50.0231226],[5.7593331,50.023044],[5.759781,50.0229372],[5.760245,50.0228243],[5.7606192,50.0227097],[5.7609196,50.0226313],[5.761051,50.0226425],[5.7616089,50.0221204],[5.7618409,50.0218532],[5.7618946,50.0217964],[5.7621051,50.0215353],[5.7622406,50.0213755],[5.7622855,50.0212833],[5.7622929,50.0212234],[5.7622734,50.0211824]]}},{"type":"Feature","properties":{"w":"stream"},"geometry":{"type":"LineString","coordinates":[[5.7622734,50.0211824],[5.7622265,50.0211303]]}},{"type":"Feature","properties":{"w":"stream"},"geometry":{"type":"LineString","coordinates":[[5.7622265,50.0211303],[5.7621739,50.021054],[5.7621031,50.0209771],[5.7620092,50.0208964],[5.7619536,50.0208189],[5.7618521,50.0207241],[5.7618302,50.0206831],[5.7616097,50.0204281],[5.7614976,50.0203019],[5.7613635,50.0201677],[5.7613473,50.0201289],[5.76133,50.0200581],[5.7613243,50.0199277],[5.7613013,50.0198144],[5.7613219,50.0197292],[5.7613376,50.0195593],[5.76133,50.0195461]]}},{"type":"Feature","properties":{"w":"stream"},"geometry":{"type":"LineString","coordinates":[[5.76133,50.0195461],[5.7613246,50.0194513]]}},{"type":"Feature","properties":{"w":"stream"},"geometry":{"type":"LineString","coordinates":[[5.7613246,50.0194513],[5.7613286,50.0194014],[5.7613799,50.0193189],[5.761515,50.0191269],[5.7616813,50.0188641],[5.7619362,50.018534],[5.7621025,50.0183126],[5.7623318,50.0181454],[5.7625034,50.0180334],[5.762714,50.0179627],[5.7629983,50.0178998],[5.7635213,50.0177981],[5.763579,50.0177809],[5.7642737,50.0174922],[5.7646787,50.0173104],[5.7653962,50.0167916],[5.7658911,50.0164245],[5.7661928,50.0162039],[5.766331,50.0161513],[5.767031,50.015948],[5.767495,50.0158135],[5.7677498,50.0157127],[5.7677539,50.0156291],[5.7677203,50.0155576],[5.7675245,50.015206],[5.767251,50.0147484],[5.7670216,50.0143632],[5.7667923,50.0139478],[5.7665107,50.0134531],[5.7664195,50.0132704],[5.7663336,50.0127395],[5.7662666,50.0123534],[5.7662263,50.0119742],[5.7661378,50.0115571],[5.7661003,50.0112813],[5.7660413,50.0108969],[5.7660896,50.0106953],[5.7662022,50.0104022],[5.7663283,50.0103385],[5.7665268,50.0101782],[5.7669774,50.009811],[5.7670712,50.0096783],[5.76709,50.0094662],[5.7671812,50.0089336],[5.767369,50.0082113],[5.7675017,50.0076692],[5.7676385,50.0074201],[5.7676734,50.0071857],[5.7676654,50.0071469]]}},{"type":"Feature","properties":{"w":"stream"},"geometry":{"type":"LineString","coordinates":[[5.7676654,50.0071469],[5.7676345,50.0070874]]}},{"type":"Feature","properties":{"w":"stream"},"geometry":{"type":"LineString","coordinates":[[5.7653104,50.0053299],[5.7652956,50.0053092],[5.765242,50.0050326],[5.7651977,50.0049205],[5.765069,50.0048671],[5.7650582,50.0047171],[5.7650502,50.0045826],[5.7650502,50.0044525],[5.7651709,50.0043964],[5.7651561,50.0043533],[5.7652022,50.0043333]]}},{"type":"Feature","properties":{"w":"stream"},"geometry":{"type":"LineString","coordinates":[[5.7653292,50.0053985],[5.7653104,50.0053299]]}},{"type":"Feature","properties":{"w":"stream"},"geometry":{"type":"LineString","coordinates":[[5.7655182,50.0059704],[5.7655189,50.0058906],[5.7654767,50.0058023],[5.7654834,50.0057031],[5.7653566,50.0054683],[5.7653292,50.0053985]]}},{"type":"Feature","properties":{"w":"stream"},"geometry":{"type":"LineString","coordinates":[[5.7655015,50.0060867],[5.7655182,50.0059704]]}},{"type":"Feature","properties":{"w":"stream"},"geometry":{"type":"LineString","coordinates":[[5.7676345,50.0070874],[5.7675916,50.0070374],[5.7674816,50.0069823],[5.7672925,50.0068935],[5.7671061,50.0068237],[5.7667387,50.0067151],[5.7662988,50.0066461],[5.7657275,50.0062634],[5.7655015,50.0060867]]}},{"type":"Feature","properties":{"w":"stream"},"geometry":{"type":"LineString","coordinates":[[5.7621955,50.0048981],[5.762356,50.004905],[5.7624482,50.0048937],[5.762501,50.0048799],[5.762587,50.0047682],[5.7626578,50.0047363],[5.7627316,50.0047242],[5.7628582,50.004759],[5.7631923,50.0046932],[5.7632725,50.0047061],[5.7633267,50.0047725],[5.7634071,50.0047756],[5.7634825,50.0046084],[5.763563,50.0045705],[5.7636381,50.0046257],[5.7638366,50.0045602],[5.7638312,50.0044809],[5.7639932,50.0044282],[5.7642633,50.0044344],[5.7647915,50.0043604],[5.7648927,50.0042745],[5.7649746,50.0042364],[5.7650543,50.0042395],[5.7651374,50.0042658],[5.7652022,50.0043333],[5.7652389,50.0043715],[5.765334,50.0043938],[5.7657166,50.0043968],[5.7661522,50.0042638],[5.7662107,50.0042163],[5.7661782,50.0041292],[5.7662649,50.0040743],[5.7663715,50.0040865],[5.7664812,50.0041533],[5.7665991,50.004233],[5.7666912,50.004326],[5.7668058,50.0043398],[5.7669801,50.0042568],[5.7671442,50.0042552],[5.7673395,50.0043223],[5.7675243,50.0043669],[5.767648,50.0043968],[5.7679735,50.0044603],[5.7681442,50.0045946],[5.7684929,50.0048912],[5.768571,50.004929],[5.7687923,50.0049608],[5.7688143,50.0050428],[5.768819,50.0051205],[5.7688635,50.0052583],[5.7689486,50.0053689],[5.7690795,50.0054379],[5.769291,50.0054436],[5.7694742,50.0054685],[5.7696526,50.0055803],[5.7703972,50.0058703],[5.7706816,50.0059703],[5.770923,50.0061082],[5.7712609,50.0060979],[5.7714165,50.0060462],[5.7714487,50.0059496],[5.7713897,50.0058496],[5.7714379,50.005829],[5.7715721,50.0059014],[5.7718886,50.0060531],[5.7716042,50.0061117],[5.7716472,50.0062186],[5.7718188,50.0063048],[5.7720763,50.0062117],[5.7724024,50.0061278],[5.7723029,50.0060347],[5.7723874,50.0059496],[5.7725216,50.0058471],[5.7725684,50.0057738],[5.7726583,50.0057402],[5.772724,50.0057656],[5.7727964,50.0058134],[5.7729025,50.0058238],[5.7729962,50.0058281],[5.7730888,50.0058264],[5.7732115,50.005794],[5.7732578,50.005754],[5.7732893,50.0057281],[5.7733855,50.0057109],[5.7735086,50.0057368],[5.7735662,50.0058109],[5.773646,50.0058316],[5.7737231,50.0058299],[5.7737741,50.0057834],[5.7738184,50.0057592],[5.7738985,50.0057887],[5.7739679,50.005832],[5.7740933,50.0058669],[5.7744206,50.0059221],[5.7745064,50.0059186],[5.7746727,50.0058634],[5.7747239,50.0058116],[5.7747555,50.005748],[5.7748098,50.0057276],[5.7749033,50.0057448],[5.7749834,50.0058005],[5.7750762,50.0058502],[5.7752664,50.0058238],[5.7754827,50.0058807],[5.7756278,50.0059209],[5.7756409,50.0059805],[5.7756416,50.0060446],[5.7757561,50.0060687],[5.7759172,50.0060639],[5.7760513,50.0060117],[5.7763732,50.0059048],[5.7764,50.0059496],[5.7765663,50.0060565],[5.7768853,50.0059873],[5.7771488,50.0059469],[5.7773546,50.0059413],[5.7776392,50.0057669],[5.7779796,50.0056196],[5.7782617,50.0056585],[5.778543,50.0057189],[5.7786874,50.0057291],[5.7788355,50.0056497],[5.7789275,50.0056161],[5.779034,50.0056221],[5.7792993,50.0056534],[5.7794607,50.0056415],[5.7797742,50.0055462],[5.7801605,50.00556],[5.7805306,50.0055221],[5.7806862,50.0054428],[5.7811046,50.0053532],[5.7814426,50.0053152],[5.7819307,50.0053532],[5.782156,50.0053739],[5.782376,50.0053394],[5.782554,50.0052946],[5.782708,50.0052489],[5.7827307,50.0051709],[5.7826871,50.0050532],[5.7824779,50.0049394],[5.7824082,50.0048912],[5.782553,50.0048291],[5.7827891,50.0048394],[5.7832182,50.0048257],[5.7835401,50.0047843],[5.783687,50.0046659],[5.7837875,50.0045104],[5.7838545,50.0044569],[5.7841248,50.0044085],[5.7846018,50.0042877],[5.7847104,50.0042188],[5.7845916,50.0040409],[5.7845488,50.0039358],[5.7846211,50.0038499],[5.7847792,50.0038551],[5.7850479,50.0038185],[5.7852398,50.0036731],[5.7856635,50.0035535],[5.7857991,50.0034805],[5.7858626,50.0032803],[5.7859615,50.0029885],[5.7862924,50.0028869],[5.7867319,50.0026104],[5.7871155,50.0023311],[5.7878446,50.0019383],[5.7881029,50.0019036],[5.7883544,50.0017742],[5.7887372,50.0015262],[5.7889623,50.0013985],[5.7892301,50.0012333],[5.7895375,50.0010277],[5.789803,50.0008346],[5.7902831,50.0007105],[5.7907901,50.0007967],[5.7910568,50.0008921],[5.7913205,50.0008899],[5.7914299,50.0008749],[5.7915498,50.000856],[5.7917744,50.0008449],[5.7919381,50.0008501],[5.7920775,50.0009294],[5.7922814,50.0010312],[5.7924665,50.0011674],[5.7925121,50.0012915],[5.7925174,50.0013639],[5.7925737,50.0013794],[5.7926864,50.0013208],[5.7927535,50.001338],[5.7927588,50.0014725],[5.79285,50.0015294],[5.7930539,50.0015363],[5.7930988,50.0016417],[5.7931574,50.0018589],[5.7933087,50.0020414],[5.7934562,50.0021518],[5.7934451,50.0022145],[5.7934528,50.0022841],[5.7935542,50.0023531],[5.793542,50.0024888],[5.7935383,50.0025449],[5.7935585,50.0027784],[5.793702,50.002802],[5.7939447,50.0028243],[5.794049,50.0027897],[5.7941402,50.0027776],[5.7944325,50.0028879],[5.7948778,50.0032793],[5.7953337,50.0034603],[5.7956614,50.00374],[5.7959319,50.0038353],[5.7962028,50.0037758],[5.7963718,50.0036413],[5.7965059,50.0036947],[5.7966427,50.0038654],[5.7969753,50.0040137],[5.7975653,50.0041533],[5.7978497,50.004293],[5.798024,50.0042878],[5.7981715,50.0041964],[5.7983807,50.0041378],[5.7991934,50.0040723],[5.7995797,50.0040413],[5.8000016,50.004061],[5.8002089,50.0039729],[5.8006936,50.0037937],[5.8009158,50.0037087],[5.8010093,50.0036278],[5.8010495,50.003593],[5.8010302,50.0034795],[5.8010517,50.0034208],[5.8011773,50.0033693],[5.8013483,50.0033038],[5.8014733,50.0032603],[5.8016214,50.0030472]]}},{"type":"Feature","properties":{"w":"ditch"},"geometry":{"type":"LineString","coordinates":[[5.7577103,50.0050774],[5.7585311,50.0051481],[5.7591507,50.0052049],[5.7593867,50.0051532],[5.7596925,50.0051101],[5.7599285,50.0050705],[5.7600948,50.0050843],[5.7604998,50.0050722],[5.7609183,50.0050653],[5.7611013,50.0050461]]}},{"type":"Feature","properties":{"w":"stream"},"geometry":{"type":"LineString","coordinates":[[5.7357846,50.006553],[5.7358181,50.0065065]]}},{"type":"Feature","properties":{"w":"stream"},"geometry":{"type":"LineString","coordinates":[[5.7348606,50.007745],[5.7351758,50.0076778],[5.7353112,50.0075606],[5.7354641,50.0071943],[5.7355714,50.0069754],[5.7357846,50.006553]]}},{"type":"Feature","properties":{"w":"stream"},"geometry":{"type":"LineString","coordinates":[[5.7331224,50.0078949],[5.7348606,50.007745]]}},{"type":"Feature","properties":{"w":"stream"},"geometry":{"type":"LineString","coordinates":[[5.7492319,50.0209985],[5.749881,50.0209192],[5.7511577,50.0214638]]}},{"type":"Feature","properties":{"w":"stream"},"geometry":{"type":"LineString","coordinates":[[5.7499024,50.0224047],[5.7501867,50.0223875],[5.7504737,50.0221462],[5.7503799,50.0220738],[5.7506213,50.0218981],[5.7510558,50.0215543],[5.7511577,50.0214638],[5.7515319,50.0213035],[5.7519047,50.0211139],[5.7520629,50.0210674],[5.7524022,50.0210786],[5.7530728,50.0211312],[5.7539552,50.0211777],[5.7544367,50.0212234],[5.754827,50.021226],[5.7550523,50.021213],[5.7552803,50.0211605],[5.7555632,50.0210433],[5.7557979,50.0209158],[5.7561654,50.0206443],[5.7567501,50.0202169],[5.7570156,50.0200076],[5.7573013,50.0198119],[5.757658,50.0195776],[5.7580885,50.0194914],[5.7588449,50.0193716],[5.759667,50.0192475],[5.7599124,50.0192708],[5.7600586,50.0193018],[5.7604341,50.0193492],[5.760528,50.0193785],[5.7606661,50.0194569],[5.7608311,50.0195276],[5.7610483,50.0195612],[5.7613376,50.0195593]]}},{"type":"Feature","properties":{"w":"stream"},"geometry":{"type":"LineString","coordinates":[[5.7022261,49.9800476],[5.7027747,49.9801785],[5.7034291,49.9803183],[5.7039857,49.9804502],[5.7045168,49.9805554],[5.7059491,49.9808831],[5.7063796,49.9809832],[5.7068852,49.9810961],[5.707494,49.9812281],[5.7079272,49.981335],[5.7084931,49.9814532],[5.7089303,49.9815592],[5.7092066,49.9816248],[5.7096706,49.9817403],[5.7101186,49.9818585],[5.7105343,49.9819568],[5.7108749,49.9820611],[5.7113108,49.9822189],[5.7116139,49.9823293],[5.7120323,49.9824785],[5.7125218,49.9826717],[5.7128088,49.982839],[5.7131951,49.9831805],[5.7133439,49.9833159],[5.7134432,49.9834168],[5.7134968,49.9835323],[5.7134914,49.9836298],[5.7134753,49.9838221],[5.7135048,49.9839281],[5.7136081,49.9841101]]}},{"type":"Feature","properties":{"w":"stream"},"geometry":{"type":"LineString","coordinates":[[5.7136081,49.9841101],[5.7136497,49.9841972]]}},{"type":"Feature","properties":{"w":"ditch"},"geometry":{"type":"LineString","coordinates":[[5.7107247,49.9856476],[5.7113792,49.9858209],[5.7118405,49.9859296],[5.71198,49.9859572],[5.7120243,49.9859321],[5.7119089,49.9856795]]}},{"type":"Feature","properties":{"w":"stream"},"geometry":{"type":"LineString","coordinates":[[5.7136497,49.9841972],[5.7136551,49.984267],[5.7136953,49.9844774],[5.7137664,49.9847973],[5.713765,49.9849603],[5.7137731,49.9853285],[5.7137972,49.9853872],[5.713989,49.9853363],[5.7140909,49.985319],[5.714158,49.985332],[5.7143256,49.9853725],[5.7143229,49.9854794],[5.7143216,49.9857467],[5.714331,49.9860123],[5.7143417,49.9862176],[5.7143927,49.9862538],[5.7149824,49.9863805]]}},{"type":"Feature","properties":{"w":"stream"},"geometry":{"type":"LineString","coordinates":[[5.7117131,49.9856364],[5.7119089,49.9856795],[5.7120672,49.9857088],[5.7124481,49.9858002],[5.7125071,49.9858037],[5.7141781,49.9861969],[5.7142103,49.9862176],[5.7143417,49.9862176]]}},{"type":"Feature","properties":{"w":"stream"},"geometry":{"type":"LineString","coordinates":[[5.7349625,50.007845],[5.7349867,50.0077916],[5.7352763,50.0077244],[5.73544,50.007683],[5.7356706,50.0075391],[5.7359093,50.0073606],[5.7359925,50.0071564],[5.7361668,50.0070081],[5.7363908,50.006909],[5.7365356,50.0068375],[5.7367985,50.0067969],[5.7369274,50.0067781]]}},{"type":"Feature","properties":{"w":"stream"},"geometry":{"type":"LineString","coordinates":[[5.7385312,50.0212492],[5.7386318,50.0207934],[5.7386827,50.020528],[5.7386546,50.0203626],[5.7385406,50.0201127],[5.738491,50.0198188],[5.7385178,50.0196086],[5.7385325,50.0193975],[5.7386023,50.0192717],[5.7386452,50.0190218],[5.7390261,50.0186323],[5.7392031,50.0182755],[5.7391508,50.0181601],[5.7392004,50.0178929],[5.7393748,50.0176784],[5.7393587,50.0176344],[5.7391079,50.0174681],[5.7388383,50.0173095],[5.7386734,50.0172733],[5.7382241,50.0171622],[5.7376514,50.0170148]]}},{"type":"Feature","properties":{"w":"stream"},"geometry":{"type":"LineString","coordinates":[[5.7376514,50.0170148],[5.7376742,50.0169571]]}},{"type":"Feature","properties":{"w":"stream"},"geometry":{"type":"LineString","coordinates":[[5.7376742,50.0169571],[5.7373819,50.0169123],[5.7368481,50.0169166],[5.7369272,50.0167468],[5.7370694,50.0164745],[5.7370573,50.0163676],[5.7368146,50.0162453],[5.7365477,50.0160204],[5.73636,50.0158256],[5.7359992,50.0159014],[5.7356894,50.015923]]}},{"type":"Feature","properties":{"w":"stream"},"geometry":{"type":"LineString","coordinates":[[5.7358584,50.0165762],[5.735845,50.0164245],[5.7357672,50.0162194],[5.7356894,50.015923],[5.7355043,50.0154128],[5.7354453,50.0152077],[5.7351342,50.0151405],[5.7350028,50.0150336],[5.7349545,50.0149768],[5.7348284,50.014944]]}},{"type":"Feature","properties":{"w":"stream"},"geometry":{"type":"LineString","coordinates":[[5.7333773,50.0146932],[5.7341391,50.0146614]]}},{"type":"Feature","properties":{"w":"stream"},"geometry":{"type":"LineString","coordinates":[[5.7295257,50.0153809],[5.729688,50.0152672],[5.7299334,50.0151474],[5.7301117,50.0150776],[5.7302298,50.0150069],[5.7303558,50.0148777],[5.7305127,50.0148139],[5.7309566,50.0146312],[5.7310908,50.0147087],[5.7311431,50.0148027],[5.7312731,50.0147958],[5.7319142,50.0147493],[5.7323232,50.014732],[5.7333773,50.0146932]]}},{"type":"Feature","properties":{"w":"stream"},"geometry":{"type":"LineString","coordinates":[[5.7341391,50.0146614],[5.735051,50.0145993]]}},{"type":"Feature","properties":{"w":"stream"},"geometry":{"type":"LineString","coordinates":[[5.7350913,50.0120208],[5.7351288,50.0114451]]}},{"type":"Feature","properties":{"w":"stream"},"geometry":{"type":"LineString","coordinates":[[5.7311296,50.0165004],[5.7318592,50.0164521],[5.7329589,50.0163573],[5.733887,50.0162384],[5.7339513,50.0160419],[5.7340318,50.0158747],[5.7343993,50.0155335],[5.7347694,50.0151508],[5.7348284,50.014944],[5.7348955,50.0148044],[5.735051,50.0145993],[5.7353327,50.0142287],[5.7356143,50.0138616],[5.7356438,50.0137151],[5.7354641,50.0131877],[5.7354158,50.0129102],[5.7352535,50.0125835],[5.7350913,50.0120208]]}},{"type":"Feature","properties":{"w":"stream"},"geometry":{"type":"LineString","coordinates":[[5.7351288,50.0114451],[5.7351664,50.0113236],[5.735153,50.0112244],[5.7351463,50.0111271],[5.7349169,50.0109245]]}},{"type":"Feature","properties":{"w":"stream"},"geometry":{"type":"LineString","coordinates":[[5.7349169,50.0109245],[5.7349826,50.0108366]]}},{"type":"Feature","properties":{"w":"stream"},"geometry":{"type":"LineString","coordinates":[[5.7349826,50.0108366],[5.7350372,50.0106659]]}},{"type":"Feature","properties":{"w":"stream"},"geometry":{"type":"LineString","coordinates":[[5.7350372,50.0106659],[5.7351126,50.0105157]]}},{"type":"Feature","properties":{"w":"stream"},"geometry":{"type":"LineString","coordinates":[[5.7351126,50.0105157],[5.7351433,50.0104256],[5.7350671,50.0103092],[5.7349022,50.0100213],[5.7347372,50.0096834],[5.7346782,50.0095593],[5.7346138,50.0095361],[5.7344006,50.0091068]]}},{"type":"Feature","properties":{"w":"stream"},"geometry":{"type":"LineString","coordinates":[[5.7530031,50.0304673],[5.7533491,50.0302554],[5.7537675,50.0300744],[5.7538131,50.0299969],[5.7542154,50.0298057]]}},{"type":"Feature","properties":{"w":"stream"},"geometry":{"type":"LineString","coordinates":[[5.7542154,50.0298057],[5.754312,50.0297609]]}},{"type":"Feature","properties":{"w":"stream"},"geometry":{"type":"LineString","coordinates":[[5.754312,50.0297609],[5.7549745,50.0295007],[5.755173,50.0293973],[5.7551542,50.0293008],[5.7546151,50.0283876],[5.7546419,50.0283066]]}},{"type":"Feature","properties":{"w":"stream"},"geometry":{"type":"LineString","coordinates":[[5.7546419,50.0283066],[5.7547921,50.0280076]]}},{"type":"Feature","properties":{"w":"stream"},"geometry":{"type":"LineString","coordinates":[[5.7547921,50.0280076],[5.7546902,50.027775],[5.7545172,50.0275424],[5.7543401,50.0272366],[5.7541041,50.0268135],[5.7540082,50.0266623]]}},{"type":"Feature","properties":{"w":"stream"},"geometry":{"type":"LineString","coordinates":[[5.7540082,50.0266623],[5.7541162,50.0265792]]}},{"type":"Feature","properties":{"w":"stream"},"geometry":{"type":"LineString","coordinates":[[5.7541162,50.0265792],[5.7545561,50.0261372],[5.7545494,50.0261019],[5.7549879,50.0256883],[5.7554479,50.0252256],[5.7559146,50.0247328],[5.7561198,50.0247207],[5.75638,50.0245381],[5.7569569,50.0244873],[5.7573506,50.0240655],[5.7575398,50.0240786],[5.7579567,50.0239194],[5.7583928,50.0238495],[5.7587489,50.0231249],[5.7589571,50.0231226]]}},{"type":"Feature","properties":{"w":"stream"},"geometry":{"type":"LineString","coordinates":[[5.6900782,49.9907661],[5.6901965,49.9904202],[5.6906524,49.9904254],[5.6912398,49.9903374],[5.6919774,49.9903823],[5.6921982,49.990555],[5.6922227,49.9907527]]}},{"type":"Feature","properties":{"w":"stream"},"geometry":{"type":"LineString","coordinates":[[5.6865849,49.9927886],[5.6866224,49.9927542]]}},{"type":"Feature","properties":{"w":"stream"},"geometry":{"type":"LineString","coordinates":[[5.6866224,49.9927542],[5.6874579,49.9918428],[5.6875786,49.9915014],[5.6882575,49.9907323]]}},{"type":"Feature","properties":{"w":"stream"},"geometry":{"type":"LineString","coordinates":[[5.6760693,49.9937603],[5.6768256,49.9936706],[5.6773782,49.9936431],[5.6777483,49.9936086],[5.6782177,49.993581],[5.6784001,49.9936672],[5.6784296,49.9937017],[5.678435,49.99375],[5.6787005,49.9937362],[5.679076,49.9937155],[5.6793791,49.9937275],[5.6796071,49.9937327],[5.6800657,49.9937379],[5.6803313,49.9937465],[5.6806397,49.9937689],[5.6807953,49.9937913],[5.6809911,49.9939621],[5.6813157,49.9940414],[5.6815141,49.9940707],[5.6823631,49.9941],[5.6828794,49.9940638],[5.6831986,49.9940552],[5.6837296,49.994006],[5.6839898,49.9939991],[5.6841601,49.9940103],[5.6843626,49.9940776],[5.6846765,49.9940552],[5.6849501,49.9939931],[5.685111,49.9939069],[5.6853792,49.9937344],[5.6853457,49.9936698],[5.6854369,49.9936086],[5.6855294,49.9936301],[5.6857252,49.9935206],[5.6860819,49.9932697],[5.6865352,49.9929111],[5.6865849,49.9927886]]}},{"type":"Feature","properties":{"w":"stream"},"geometry":{"type":"LineString","coordinates":[[5.6974277,50.0091422],[5.6979346,50.009499],[5.6982967,50.0098386],[5.6986293,50.0101488],[5.6987178,50.0103074],[5.6986856,50.0106108],[5.6994957,50.0110624],[5.700582,50.0119898],[5.7007322,50.0122897],[5.7007697,50.0124551],[5.7010058,50.0130929],[5.7009789,50.0132066],[5.7008475,50.0134755],[5.7007022,50.0136617]]}},{"type":"Feature","properties":{"w":"ditch"},"geometry":{"type":"LineString","coordinates":[[5.6918836,50.0092146],[5.6915805,50.0091456],[5.691433,50.0099213]]}},{"type":"Feature","properties":{"w":"stream"},"geometry":{"type":"LineString","coordinates":[[5.6886542,50.0084647],[5.6891853,50.0089215],[5.6898129,50.0094852],[5.691433,50.0099213],[5.6922027,50.0101247],[5.692817,50.0102919]]}},{"type":"Feature","properties":{"w":"stream"},"geometry":{"type":"LineString","coordinates":[[5.692817,50.0102919],[5.6929135,50.0103212]]}},{"type":"Feature","properties":{"w":"stream"},"geometry":{"type":"LineString","coordinates":[[5.6929135,50.0103212],[5.6929859,50.0102471],[5.6932676,50.010366],[5.6946382,50.0109211],[5.6953463,50.0111951],[5.6956923,50.0113847],[5.6973499,50.0124396],[5.697704,50.0126241],[5.697881,50.0126689],[5.6983933,50.0128533],[5.6987473,50.0129688],[5.6991363,50.0130929],[5.6993884,50.0132187],[5.6997558,50.0134324],[5.7001179,50.01356],[5.7004479,50.0135755],[5.7007022,50.0136617],[5.700987,50.0137582],[5.7015046,50.0140047],[5.7019016,50.0142598],[5.7022476,50.0144459]]}},{"type":"Feature","properties":{"w":"stream"},"geometry":{"type":"LineString","coordinates":[[5.7022476,50.0144459],[5.7023281,50.0145028]]}},{"type":"Feature","properties":{"w":"stream"},"geometry":{"type":"LineString","coordinates":[[5.7023281,50.0145028],[5.7030094,50.0148406],[5.7039915,50.0153154]]}},{"type":"Feature","properties":{"w":"stream"},"geometry":{"type":"LineString","coordinates":[[5.7150713,50.0151577],[5.7146569,50.0153947],[5.7145804,50.0153913],[5.7143216,50.0153146],[5.7137194,50.0151362],[5.7135639,50.0151026],[5.7132648,50.0150965],[5.712892,50.015125],[5.7127096,50.0152629],[5.7122241,50.015293],[5.7118177,50.0153232],[5.7111351,50.0153301],[5.7106617,50.0152939],[5.7102513,50.0152568],[5.7098865,50.0152181],[5.7095741,50.0151698],[5.7092656,50.0151]]}},{"type":"Feature","properties":{"w":"stream"},"geometry":{"type":"LineString","coordinates":[[5.6977844,50.0307533],[5.6976986,50.0306861],[5.6970482,50.0304604],[5.696784,50.0302192]]}},{"type":"Feature","properties":{"w":"stream"},"geometry":{"type":"LineString","coordinates":[[5.6980406,50.0308343],[5.6977844,50.0307533]]}},{"type":"Feature","properties":{"w":"stream"},"geometry":{"type":"LineString","coordinates":[[5.6998953,50.0306],[5.6983437,50.030774],[5.6980406,50.0308343]]}},{"type":"Feature","properties":{"w":"stream"},"geometry":{"type":"LineString","coordinates":[[5.7014389,50.0303553],[5.6998953,50.0306]]}},{"type":"Feature","properties":{"w":"stream"},"geometry":{"type":"LineString","coordinates":[[5.7152003,50.0352483],[5.7147333,50.0346712],[5.7144248,50.034399],[5.7139152,50.0342526],[5.7137543,50.0341785],[5.7135679,50.0341389],[5.7134137,50.0340786],[5.7128169,50.0338959],[5.7128222,50.0336565],[5.7127619,50.0335729],[5.7127914,50.0335298],[5.7127579,50.0334144],[5.7127082,50.0333911],[5.7126425,50.0334152],[5.7123984,50.0333196],[5.7120296,50.0331689],[5.7113872,50.0329957],[5.7110775,50.0328949],[5.7109353,50.0328191],[5.7108361,50.0327562],[5.7106698,50.0326666],[5.7104887,50.0325951],[5.7103626,50.0325822],[5.7103117,50.0325771],[5.7101199,50.0324961],[5.7100354,50.0324608],[5.7099308,50.0324401],[5.7097632,50.032397],[5.709739,50.0323445],[5.7095727,50.0323315],[5.7093957,50.0322066],[5.7093541,50.0321747],[5.7090752,50.0320938],[5.7088646,50.0319198],[5.7085133,50.031719],[5.7084636,50.0316682],[5.7083054,50.0316544],[5.7082504,50.0316484],[5.7081713,50.0316975],[5.7079299,50.0317363],[5.7076174,50.0318035],[5.707553,50.03185],[5.7073653,50.0319318],[5.7072446,50.0319689],[5.7071279,50.0319387],[5.7070461,50.0319714],[5.7068476,50.0319275],[5.7063554,50.0317595],[5.7060671,50.0316673],[5.7058713,50.0316243],[5.7055575,50.031508],[5.7050317,50.0313443],[5.7045168,50.0311875],[5.7038757,50.0309497],[5.7036746,50.0308998],[5.7036021,50.0308136],[5.7034761,50.0308084],[5.703342,50.0307791],[5.7032642,50.0307912],[5.7031837,50.030805],[5.7031032,50.0307791],[5.7030711,50.0307395],[5.7029611,50.0307464],[5.7029021,50.0307619],[5.7028028,50.0306982],[5.7026714,50.0306913],[5.7026204,50.0306672],[5.7025293,50.0306956],[5.7023026,50.0306232],[5.7022248,50.0306379],[5.7017648,50.0304949],[5.7015838,50.0303941],[5.7014389,50.0303553]]}},{"type":"Feature","properties":{"w":"stream"},"geometry":{"type":"LineString","coordinates":[[5.7282999,50.0175741],[5.7284957,50.0174552],[5.7289463,50.0172518]]}},{"type":"Feature","properties":{"w":"stream"},"geometry":{"type":"LineString","coordinates":[[5.7289463,50.0172518],[5.7290751,50.0172104]]}},{"type":"Feature","properties":{"w":"stream"},"geometry":{"type":"LineString","coordinates":[[5.7290751,50.0172104],[5.7297108,50.016964]]}},{"type":"Feature","properties":{"w":"stream"},"geometry":{"type":"LineString","coordinates":[[5.7297108,50.016964],[5.7301962,50.0166606]]}},{"type":"Feature","properties":{"w":"stream"},"geometry":{"type":"LineString","coordinates":[[5.7301962,50.0166606],[5.7307327,50.0165279]]}},{"type":"Feature","properties":{"w":"stream"},"geometry":{"type":"LineString","coordinates":[[5.7307327,50.0165279],[5.7311296,50.0165004]]}},{"type":"Feature","properties":{"w":"stream"},"geometry":{"type":"LineString","coordinates":[[5.7342772,50.0334437],[5.7341444,50.0336194],[5.7338883,50.033734],[5.733718,50.0337555],[5.7334283,50.0337357],[5.7329321,50.0336478],[5.7327953,50.033672],[5.731768,50.0340027],[5.731658,50.0338839],[5.7314987,50.0339299]]}},{"type":"Feature","properties":{"w":"stream"},"geometry":{"type":"LineString","coordinates":[[5.7341123,50.0288494],[5.7339661,50.0289855],[5.7337072,50.0290863],[5.7336295,50.0291587],[5.7333532,50.0292422],[5.7330997,50.0292517],[5.7329187,50.0292345],[5.7327966,50.0292009],[5.7325096,50.0292698],[5.7323313,50.029287],[5.7321784,50.0293335],[5.7318552,50.0295722],[5.7315508,50.0298289],[5.7313107,50.0299676],[5.7311484,50.0300572],[5.7311149,50.0300658],[5.7310519,50.0301235],[5.7307662,50.0305414],[5.7308078,50.0309256],[5.7310586,50.0314218],[5.7310706,50.0315648],[5.7305047,50.0317724],[5.7304026,50.0321784],[5.7303237,50.0322385],[5.7304082,50.0323764],[5.7305476,50.0326486],[5.730644,50.0329356],[5.7307407,50.0329931],[5.7309365,50.033],[5.7310857,50.033015]]}},{"type":"Feature","properties":{"w":"stream"},"geometry":{"type":"LineString","coordinates":[[5.7588261,50.0460941],[5.758857,50.0461776]]}},{"type":"Feature","properties":{"w":"stream"},"geometry":{"type":"LineString","coordinates":[[5.7607399,50.0403218],[5.7607251,50.0404562],[5.7606608,50.0406],[5.7606085,50.0407335],[5.7606366,50.0407551],[5.760587,50.0408739],[5.7605119,50.0410453],[5.7604207,50.0412667],[5.7603805,50.0414174],[5.7603121,50.0416724],[5.7602732,50.0419816],[5.7602276,50.0422425],[5.7602504,50.0424217],[5.760237,50.0425457],[5.7601994,50.0428334],[5.7601941,50.0430608],[5.7601511,50.0433346],[5.7600653,50.0437101],[5.75995,50.0441029],[5.7598239,50.0443544],[5.7598186,50.0444362],[5.7597059,50.0447678],[5.7596523,50.0450201],[5.7596107,50.0451114],[5.759427,50.0453069],[5.7592539,50.0454757],[5.7591279,50.045573],[5.7590327,50.0456884],[5.7588704,50.0459899],[5.7588261,50.0460941]]}},{"type":"Feature","properties":{"w":"stream"},"geometry":{"type":"LineString","coordinates":[[5.7467361,50.0474083],[5.7468836,50.0474065],[5.7470888,50.0474694],[5.7474804,50.0475305],[5.7477392,50.0476124]]}},{"type":"Feature","properties":{"w":"stream"},"geometry":{"type":"LineString","coordinates":[[5.7472551,50.0455825],[5.7472893,50.0458602],[5.7473101,50.0461225],[5.7472645,50.0464067],[5.7474428,50.0467469],[5.7476118,50.0471163],[5.7477272,50.0474668],[5.7477392,50.0476124],[5.7477057,50.0476718],[5.747577,50.0482522],[5.7480584,50.0484288],[5.7482435,50.0485209],[5.7486512,50.0487259],[5.7490817,50.0490402],[5.7494344,50.0492762],[5.7497938,50.0494949],[5.7500902,50.0496921],[5.7501693,50.0498678],[5.7502672,50.0502114],[5.7503691,50.0505024],[5.7505006,50.0510415],[5.7505998,50.0513963],[5.7507044,50.051621],[5.7507902,50.0518458],[5.7509592,50.0521179],[5.7511429,50.0523607],[5.7512288,50.0525373],[5.7515547,50.0528369],[5.7517813,50.0531934],[5.752189,50.0535757],[5.7523566,50.0537566],[5.7525994,50.0540261],[5.7526503,50.054126],[5.752586,50.0543593],[5.752476,50.0545643],[5.7522212,50.0551076],[5.7521595,50.0551963],[5.7520549,50.0552428],[5.7518068,50.0552634],[5.7515775,50.0553048],[5.7509834,50.05539],[5.7506239,50.0554339],[5.7503799,50.0554821],[5.7502511,50.0555304],[5.7501546,50.0555558],[5.7500587,50.0556113],[5.7499547,50.0556862],[5.7499413,50.055793],[5.7498756,50.0558576],[5.7497844,50.0559264],[5.7495819,50.0560367],[5.7491514,50.0561408],[5.7488564,50.0561891],[5.7486351,50.0562777],[5.7485278,50.0563105],[5.7484138,50.0563458],[5.7483199,50.0564207],[5.7483199,50.0565197],[5.7482167,50.0566273],[5.7481121,50.0566971],[5.7480571,50.056797],[5.7480973,50.0568452],[5.748163,50.0569442],[5.7482918,50.0570535],[5.7484058,50.057125],[5.7486056,50.0571741],[5.7488336,50.0572309],[5.748965,50.057286],[5.7491809,50.0573678],[5.749319,50.0574548],[5.7494518,50.0575021],[5.7496248,50.0575357],[5.7497656,50.0575633],[5.7498354,50.0576321],[5.7498609,50.0576941],[5.7499306,50.0577303],[5.7500419,50.0578259],[5.7501519,50.0578758],[5.7501572,50.0579249],[5.7500821,50.0579653],[5.7500513,50.0580144],[5.7500754,50.0580824],[5.750125,50.0581634],[5.7502323,50.0582701],[5.7503168,50.0583924],[5.7503302,50.0585026],[5.7503329,50.0586111],[5.7504362,50.0586671],[5.7504751,50.0587377],[5.7506534,50.0588806],[5.7507728,50.0589925],[5.7510303,50.0591001],[5.7510759,50.0591363],[5.7511979,50.0591768],[5.7512932,50.059175],[5.7513642,50.0592405]]}},{"type":"Feature","properties":{"w":"stream"},"geometry":{"type":"LineString","coordinates":[[5.7515265,50.0593223],[5.7516579,50.0593868],[5.751678,50.0594273],[5.7517946,50.059457]]}},{"type":"Feature","properties":{"w":"stream"},"geometry":{"type":"LineString","coordinates":[[5.7513642,50.0592405],[5.7515265,50.0593223]]}},{"type":"Feature","properties":{"w":"ditch"},"geometry":{"type":"LineString","coordinates":[[5.7544729,50.0619895],[5.7545373,50.0621178],[5.7553959,50.0633986],[5.7553986,50.0635144],[5.7554274,50.0636223],[5.7554851,50.0636531]]}},{"type":"Feature","properties":{"w":"stream"},"geometry":{"type":"LineString","coordinates":[[5.7399487,50.0534121],[5.7403135,50.0536119],[5.7407615,50.0538272],[5.741196,50.0540855],[5.741601,50.054411],[5.7419792,50.054764],[5.742175,50.0549758],[5.7421884,50.0550792],[5.7421026,50.0553969],[5.7420489,50.0557594]]}},{"type":"Feature","properties":{"w":"stream"},"geometry":{"type":"LineString","coordinates":[[5.7420489,50.0557594],[5.742014,50.0558929]]}},{"type":"Feature","properties":{"w":"stream"},"geometry":{"type":"LineString","coordinates":[[5.742014,50.0558929],[5.7419738,50.0561185],[5.7417415,50.0572415]]}},{"type":"Feature","properties":{"w":"stream"},"geometry":{"type":"LineString","coordinates":[[5.7350631,50.0525734],[5.7350832,50.0526139],[5.7350108,50.0528171],[5.7350712,50.0529997],[5.7352053,50.0531943],[5.7352348,50.0534724],[5.7353434,50.0537066],[5.7357296,50.0540683],[5.7357189,50.0541148],[5.7347882,50.0547038],[5.734996,50.0547976],[5.7354212,50.0549466],[5.7359388,50.0549931],[5.7363841,50.0550516],[5.7368669,50.0551756],[5.7376286,50.0553874],[5.7379156,50.0554098],[5.7380712,50.0554356],[5.7384145,50.0556578],[5.7386881,50.0558645],[5.739179,50.0560608],[5.7397905,50.0563484],[5.7400238,50.0564138],[5.7403457,50.0564345],[5.74063,50.0564568],[5.7407963,50.0565206],[5.7409412,50.0566738],[5.7411423,50.0568856],[5.7415313,50.0571474],[5.7417415,50.0572415],[5.7417619,50.0572507],[5.7425398,50.0575004],[5.7427865,50.0575865],[5.7431594,50.057707],[5.7436234,50.0578775],[5.7440123,50.0581341],[5.7442698,50.0583459],[5.7445353,50.0585801],[5.7447633,50.0587454],[5.7452434,50.0589762],[5.746673,50.05951],[5.7468688,50.059615],[5.7472497,50.059801],[5.7477419,50.0600636],[5.7475743,50.0604889],[5.7476199,50.0605397],[5.7477982,50.0606198],[5.7479498,50.0606551],[5.7481241,50.0607808],[5.7483508,50.0609357],[5.7483602,50.0609641],[5.7488953,50.0613541],[5.7490146,50.0615547],[5.7490884,50.0616047]]}},{"type":"Feature","properties":{"w":"stream"},"geometry":{"type":"LineString","coordinates":[[5.7490884,50.0616047],[5.7491809,50.0616555]]}},{"type":"Feature","properties":{"w":"stream"},"geometry":{"type":"LineString","coordinates":[[5.7491809,50.0616555],[5.7494196,50.061881],[5.7495645,50.0620153],[5.7496664,50.0621135],[5.749779,50.0622461],[5.7497817,50.0623494],[5.7498568,50.062432],[5.7498193,50.0624889],[5.7498756,50.0625267],[5.7500231,50.0625354],[5.7501277,50.062556],[5.7503369,50.0625508],[5.7506132,50.0626834],[5.7506481,50.0626886],[5.7508332,50.0627506],[5.7510129,50.0627471],[5.7510906,50.0627902],[5.7511845,50.0628504],[5.7512596,50.0628539],[5.7513508,50.0629159],[5.7515064,50.062921],[5.7515734,50.0630106],[5.7517183,50.0630708],[5.7521179,50.0631845],[5.7522789,50.0632172],[5.7531264,50.0635357],[5.7540974,50.0639076],[5.754768,50.0641487]]}},{"type":"Feature","properties":{"w":"stream"},"geometry":{"type":"LineString","coordinates":[[5.754768,50.0641487],[5.7548779,50.0641917]]}},{"type":"Feature","properties":{"w":"stream"},"geometry":{"type":"LineString","coordinates":[[5.7548779,50.0641917],[5.7550469,50.0643605],[5.7552829,50.0644982],[5.7557362,50.0647548]]}},{"type":"Feature","properties":{"w":"stream"},"geometry":{"type":"LineString","coordinates":[[5.7557362,50.0647548],[5.7559204,50.0648546]]}},{"type":"Feature","properties":{"w":"stream"},"geometry":{"type":"LineString","coordinates":[[5.7026956,49.9954102],[5.7028846,49.9955157]]}},{"type":"Feature","properties":{"w":"stream"},"geometry":{"type":"LineString","coordinates":[[5.7022768,49.9952456],[5.7026956,49.9954102]]}},{"type":"Feature","properties":{"w":"stream"},"geometry":{"type":"LineString","coordinates":[[5.694556,49.9877193],[5.6944964,49.9877522]]}},{"type":"Feature","properties":{"w":"stream"},"geometry":{"type":"LineString","coordinates":[[5.6968148,49.98962],[5.6975591,49.9900076],[5.697834,49.9901451],[5.6978649,49.9902184],[5.6978299,49.9902707],[5.698742,49.9909815],[5.698624,49.9911634],[5.6986025,49.9913462],[5.6985676,49.99146],[5.6985489,49.9918618],[5.6984711,49.9920394],[5.6983182,49.9922308],[5.6982511,49.9924464],[5.6981036,49.9927705],[5.6994749,49.9936108],[5.6997074,49.9937467],[5.7002136,49.9940512],[5.7008478,49.9944184],[5.7014718,49.9947961],[5.7020532,49.995128],[5.7020837,49.9951554],[5.7021569,49.9951698],[5.702163,49.9951998],[5.7022768,49.9952456]]}},{"type":"Feature","properties":{"w":"stream"},"geometry":{"type":"LineString","coordinates":[[5.6922227,49.9907527],[5.6925046,49.9908963]]}},{"type":"Feature","properties":{"w":"stream"},"geometry":{"type":"LineString","coordinates":[[5.6925046,49.9908963],[5.69271,49.9909392],[5.6964758,49.9922153],[5.697982,49.9930299],[5.6982685,49.9932732],[5.6990371,49.9937564],[5.6994783,49.9939795],[5.699885,49.9942437],[5.7003729,49.9945312],[5.7016908,49.9953147]]}},{"type":"Feature","properties":{"w":"ditch"},"geometry":{"type":"LineString","coordinates":[[5.7156681,50.0272598],[5.7152832,50.0275984],[5.7151088,50.0277535],[5.7151383,50.0278448],[5.7152724,50.0280059],[5.7154119,50.0281136],[5.7154883,50.0282764],[5.7154548,50.0283617],[5.7154199,50.0284246],[5.7155581,50.0286934],[5.7155018,50.0290217],[5.7153918,50.0293878],[5.7152483,50.0296764],[5.7151303,50.0298427]]}},{"type":"Feature","properties":{"w":"ditch"},"geometry":{"type":"LineString","coordinates":[[5.713301,50.0315407],[5.7131508,50.0315958],[5.7127565,50.0319266],[5.7122952,50.0323307],[5.7121047,50.0324496],[5.7118084,50.0325633],[5.7109353,50.0328191]]}},{"type":"Feature","properties":{"w":"stream"},"geometry":{"type":"LineString","coordinates":[[5.6819849,50.0617949],[5.6820103,50.061671],[5.6818387,50.0614316],[5.6817797,50.0612629],[5.681431,50.0606774],[5.6812003,50.0602797],[5.6809562,50.0599611],[5.6809911,50.0599129],[5.6807578,50.0596322],[5.6805646,50.0594394],[5.6802776,50.0592413],[5.6799155,50.0590588],[5.6797734,50.0586171]]}},{"type":"Feature","properties":{"w":"stream"},"geometry":{"type":"LineString","coordinates":[[5.6868893,50.0592413],[5.6866989,50.059175],[5.6863153,50.0590252],[5.6861262,50.0589598],[5.6859089,50.0588883],[5.6859076,50.0588616],[5.6859747,50.0588186],[5.6860095,50.0587678],[5.685976,50.0586963],[5.6859143,50.0586662],[5.6858714,50.0586318],[5.6856273,50.0586068],[5.6855965,50.0585947],[5.6854355,50.0586059],[5.6853484,50.0585887],[5.6853457,50.0585534],[5.6853323,50.0585061],[5.6852862,50.0584841],[5.6851123,50.058401],[5.6849165,50.0583709],[5.6844243,50.0583571],[5.6843305,50.0583571],[5.6838597,50.0581935],[5.6837176,50.058166],[5.6835298,50.0581539],[5.6834145,50.0581703],[5.6833783,50.0582598],[5.6832468,50.0583123],[5.6828485,50.0581677],[5.682693,50.0581298],[5.6825723,50.0581436],[5.6823389,50.0581625],[5.6821015,50.0581952],[5.6819017,50.0582288],[5.6816281,50.058259],[5.6814149,50.0582452],[5.681136,50.0582615],[5.680865,50.0583072],[5.6806692,50.0583356],[5.6806102,50.0583562],[5.6806143,50.0583976],[5.6805231,50.0584613],[5.6803903,50.0585474],[5.6802616,50.0585706],[5.6801556,50.0586283],[5.6799531,50.0586283],[5.6797734,50.0586171],[5.6792933,50.0585784],[5.6790224,50.0585646],[5.6785074,50.0585147],[5.678215,50.0584027],[5.6779575,50.0582512],[5.6777725,50.0581324],[5.6776129,50.0579963],[5.677397,50.0578896],[5.6774171,50.0577837],[5.6773996,50.0576804],[5.6771985,50.0575237],[5.6769893,50.0574315],[5.6768994,50.0573514],[5.6769289,50.0572653],[5.6768806,50.0572223],[5.6763013,50.056964],[5.6760009,50.0568503],[5.6755985,50.056617],[5.6752874,50.0563914],[5.6751975,50.0562476],[5.6751385,50.0561193],[5.6751117,50.0560005],[5.6750611,50.055959],[5.6749293,50.0558507],[5.6747013,50.0557095],[5.6742239,50.0555683],[5.6739449,50.0555149],[5.6737357,50.0555011],[5.6735533,50.0553719],[5.6733388,50.055396],[5.6732047,50.0553823],[5.6730759,50.0553771],[5.6728747,50.0553117],[5.6725368,50.0552204],[5.6724188,50.0552152],[5.6723088,50.0549483],[5.6722364,50.054857],[5.6721532,50.0548174],[5.6718984,50.0547726],[5.671716,50.0547089],[5.6716758,50.0546504],[5.6715229,50.0547003],[5.6713888,50.0545229],[5.6710723,50.0543128],[5.6710052,50.0543387],[5.6709704,50.0542388],[5.6708255,50.0542371],[5.6705573,50.0541785],[5.6702945,50.0541199],[5.6700852,50.0541217],[5.6699324,50.0540614],[5.6697634,50.0540579],[5.6695569,50.0539632],[5.6694415,50.053965],[5.6694496,50.0540373],[5.6692511,50.0539426],[5.6690714,50.0539098],[5.6688622,50.0537617],[5.6685618,50.0535792],[5.6682318,50.0534655],[5.668079,50.0533915],[5.6679261,50.0533123],[5.6679288,50.053233],[5.6677839,50.0531659],[5.6677946,50.0530178],[5.66769,50.0529971],[5.6675881,50.0528662],[5.6673387,50.0527388],[5.6672609,50.0526561],[5.6671214,50.0526527],[5.667057,50.0525579],[5.6669612,50.0523747]]}},{"type":"Feature","properties":{"w":"stream"},"geometry":{"type":"LineString","coordinates":[[5.6871173,50.0593188],[5.6868893,50.0592413]]}},{"type":"Feature","properties":{"w":"stream"},"geometry":{"type":"LineString","coordinates":[[5.6969462,50.064227],[5.6970254,50.0640962],[5.696898,50.0639214],[5.6967223,50.0637871],[5.6962703,50.0636339],[5.6961335,50.0635306]]}},{"type":"Feature","properties":{"w":"stream"},"geometry":{"type":"LineString","coordinates":[[5.6959927,50.0647393],[5.6960866,50.0642417],[5.6961054,50.0639817],[5.6959538,50.063726],[5.6961335,50.0635306],[5.6960718,50.0634376],[5.6960289,50.0633868],[5.6959391,50.0633592],[5.6958975,50.0632723],[5.6958961,50.0632275]]}},{"type":"Feature","properties":{"w":"stream"},"geometry":{"type":"LineString","coordinates":[[5.6897163,50.0608488],[5.6896493,50.0607997],[5.6894092,50.0607808],[5.6892014,50.060674],[5.6885898,50.0603227],[5.688563,50.060247],[5.6879058,50.0598234],[5.6871173,50.0593188]]}},{"type":"Feature","properties":{"w":"stream"},"geometry":{"type":"LineString","coordinates":[[5.6898116,50.0608703],[5.6897163,50.0608488]]}},{"type":"Feature","properties":{"w":"stream"},"geometry":{"type":"LineString","coordinates":[[5.6951559,50.0643398],[5.6951585,50.0642193],[5.6954241,50.0639145],[5.6955528,50.0638715],[5.6954911,50.0635943],[5.6955448,50.0635323],[5.6956789,50.0634669],[5.6957956,50.0632938],[5.6958961,50.0632275],[5.6956655,50.06307],[5.6954657,50.0629434],[5.6949641,50.062674],[5.6948018,50.0625784],[5.6944706,50.0623821],[5.6939596,50.0620713],[5.6937155,50.0619508],[5.6930034,50.0616899],[5.6927459,50.0616185],[5.692133,50.0615014],[5.6915764,50.061417],[5.6905679,50.0611071],[5.6898116,50.0608703]]}},{"type":"Feature","properties":{"w":"stream"},"geometry":{"type":"LineString","coordinates":[[5.7586676,50.0600351],[5.7583675,50.0601135]]}},{"type":"Feature","properties":{"w":"stream"},"geometry":{"type":"LineString","coordinates":[[5.7667521,50.0579852],[5.7670337,50.0584355],[5.7672979,50.0588169],[5.7676519,50.0593008],[5.7677163,50.059386],[5.767841,50.0594876],[5.7678303,50.0595453],[5.7679389,50.0596253],[5.7679832,50.0597097],[5.7679282,50.0597863],[5.7677646,50.0598621],[5.7676895,50.0599826],[5.7675393,50.0600541],[5.767432,50.0601557],[5.7675232,50.0602909],[5.767432,50.0603727],[5.7672818,50.0604975],[5.767318,50.0607498],[5.7673971,50.0608892],[5.7675232,50.0610459],[5.7675715,50.0610735],[5.7676104,50.0609994],[5.7677445,50.0609581],[5.7678491,50.0609667],[5.7679228,50.0610347],[5.7680757,50.0612405],[5.7680503,50.0613343],[5.7680985,50.0613628],[5.768128,50.0614979],[5.7681575,50.0615866],[5.7681294,50.0616253],[5.7680342,50.0616357],[5.7680087,50.0617355],[5.7679443,50.0617769],[5.7677807,50.0620059],[5.7674897,50.0623623],[5.7671893,50.0625517],[5.766862,50.0627566],[5.7661432,50.0631518],[5.7658535,50.0633145],[5.7653466,50.063336],[5.7651119,50.0633403],[5.7648477,50.0632396],[5.7638553,50.0628074],[5.7633162,50.0625405],[5.762718,50.062005],[5.7623532,50.0618087],[5.7619375,50.0615453],[5.7610953,50.0611441],[5.7601055,50.0606792],[5.7593425,50.0603279],[5.7591024,50.0602168],[5.7586676,50.0600351]]}},{"type":"Feature","properties":{"w":"stream"},"geometry":{"type":"LineString","coordinates":[[5.786664,50.0137073],[5.7863986,50.0132925],[5.7860211,50.0128137],[5.7857394,50.0124207],[5.7857173,50.0123066],[5.7856965,50.0118777],[5.7855812,50.0114296],[5.7852828,50.0105347],[5.7848273,50.0103488],[5.7844143,50.0100524],[5.7840275,50.009197],[5.7834219,50.00807],[5.7839792,50.0052495],[5.7839162,50.0051465],[5.783849,50.0051219],[5.7838616,50.0050718],[5.7838603,50.0050364],[5.7838029,50.0050332],[5.7837412,50.0050139],[5.7837224,50.0049316],[5.7836853,50.0048857],[5.7835944,50.0048038],[5.7835401,50.0047843]]}},{"type":"Feature","properties":{"w":"stream"},"geometry":{"type":"LineString","coordinates":[[5.7867786,50.0138741],[5.786664,50.0137073]]}},{"type":"Feature","properties":{"w":"stream"},"geometry":{"type":"LineString","coordinates":[[5.7102646,50.049804],[5.7101051,50.0497904]]}},{"type":"Feature","properties":{"w":"stream"},"geometry":{"type":"LineString","coordinates":[[5.6920512,50.05066],[5.6919172,50.0506309]]}},{"type":"Feature","properties":{"w":"stream"},"geometry":{"type":"LineString","coordinates":[[5.7038704,50.0542801],[5.7029048,50.0541647],[5.7027036,50.0541578],[5.7026446,50.0541596],[5.7024756,50.0541458],[5.702379,50.0541182],[5.7022557,50.0541027],[5.7021081,50.0541079],[5.7018909,50.0540958],[5.7017112,50.0540287],[5.7017112,50.0539357],[5.7014912,50.0539185],[5.7015502,50.0538496],[5.7014538,50.0538187],[5.7012793,50.0537497],[5.700908,50.0537378],[5.7005686,50.0536741],[5.7003084,50.053704],[5.6999758,50.0536515],[5.6997304,50.053661],[5.6993321,50.052923],[5.6991416,50.0527939],[5.6986603,50.052515],[5.6983745,50.0524219],[5.6980902,50.0523857],[5.6975298,50.0523067],[5.6969422,50.0521945],[5.696615,50.0521067],[5.6961914,50.0520569],[5.695388,50.0520156],[5.6949038,50.0517521],[5.6937572,50.0512819],[5.6927474,50.0509013],[5.6920512,50.05066]]}},{"type":"Feature","properties":{"w":"stream"},"geometry":{"type":"LineString","coordinates":[[5.6933427,50.0495336],[5.6933266,50.0496129],[5.6931791,50.049711],[5.6929551,50.0498299],[5.6927003,50.0499668],[5.6923074,50.0501847],[5.692129,50.0503001],[5.6920901,50.0503509],[5.6920016,50.0504335],[5.6919493,50.0505205],[5.6917672,50.0505494]]}},{"type":"Feature","properties":{"w":"stream"},"geometry":{"type":"LineString","coordinates":[[5.6934473,50.0494828],[5.6933427,50.0495336]]}},{"type":"Feature","properties":{"w":"stream"},"geometry":{"type":"LineString","coordinates":[[5.6968188,50.034368],[5.6960517,50.0344197],[5.6956279,50.034778],[5.6949413,50.0352415],[5.6946865,50.0352845],[5.6945094,50.035195],[5.6941822,50.0349503],[5.6930879,50.0349486],[5.6927043,50.0348986],[5.6921947,50.0347746],[5.6917924,50.0346092],[5.6915644,50.0345213],[5.6912398,50.0345127],[5.6910494,50.0345299],[5.6909877,50.0346316],[5.6900221,50.0349365],[5.6893623,50.0351674],[5.6892512,50.035287]]}},{"type":"Feature","properties":{"w":"stream"},"geometry":{"type":"LineString","coordinates":[[5.6879309,50.0494346],[5.6877691,50.049448]]}},{"type":"Feature","properties":{"w":"stream"},"geometry":{"type":"LineString","coordinates":[[5.6919172,50.0506309],[5.6917672,50.0505494],[5.6914164,50.0505007],[5.689982,50.0499961],[5.689711,50.0498815],[5.6895018,50.0497644],[5.6893355,50.0497093],[5.6890646,50.0496301],[5.6879309,50.0494346]]}},{"type":"Feature","properties":{"w":"stream"},"geometry":{"type":"LineString","coordinates":[[5.6845691,50.0489032],[5.6844324,50.0487707],[5.6842366,50.0486914]]}},{"type":"Feature","properties":{"w":"stream"},"geometry":{"type":"LineString","coordinates":[[5.6874874,50.0497438],[5.6872863,50.0496783],[5.6870824,50.0495974],[5.6867632,50.0495095],[5.6865486,50.0494803],[5.6862348,50.0494906],[5.6860015,50.049463],[5.6857735,50.0494579],[5.685221,50.0492529],[5.684934,50.0491547],[5.6847247,50.0490652],[5.684647,50.0489963],[5.6845691,50.0489032]]}},{"type":"Feature","properties":{"w":"ditch"},"geometry":{"type":"LineString","coordinates":[[5.6869215,50.0576915],[5.6866398,50.0577828],[5.6863126,50.0579447],[5.6858915,50.0581066],[5.6855455,50.058265],[5.6853658,50.0584096],[5.6852862,50.0584841]]}},{"type":"Feature","properties":{"w":"stream"},"geometry":{"type":"LineString","coordinates":[[5.7138789,49.9894217],[5.7140843,49.9896579]]}},{"type":"Feature","properties":{"w":"stream"},"geometry":{"type":"LineString","coordinates":[[5.7140843,49.9896579],[5.7141363,49.9897159]]}},{"type":"Feature","properties":{"w":"stream"},"geometry":{"type":"LineString","coordinates":[[5.7141363,49.9897159],[5.7141721,49.9897629]]}},{"type":"Feature","properties":{"w":"stream"},"geometry":{"type":"LineString","coordinates":[[5.7141721,49.9897629],[5.7142317,49.9898564],[5.7144704,49.9902478],[5.7146475,49.9904012],[5.7151436,49.9910704],[5.7153416,49.9919185],[5.7159912,49.9923603],[5.7160972,49.992756],[5.715766,49.9929688],[5.7157493,49.993029],[5.7160711,49.9934911],[5.7165969,49.9936773],[5.716908,49.994098],[5.7170802,49.9946811],[5.7170689,49.9948291],[5.7169295,49.9956499],[5.7166538,49.9958965],[5.7165035,49.9962465],[5.7165449,49.9967285]]}},{"type":"Feature","properties":{"w":"stream"},"geometry":{"type":"LineString","coordinates":[[5.7142131,49.9889644],[5.7141977,49.9890158]]}},{"type":"Feature","properties":{"w":"stream"},"geometry":{"type":"LineString","coordinates":[[5.7141977,49.9890158],[5.7141863,49.9890604],[5.7141567,49.9890989],[5.7139128,49.9892737],[5.713835,49.9893317],[5.7138395,49.9893732],[5.7138789,49.9894217]]}},{"type":"Feature","properties":{"w":"stream"},"geometry":{"type":"LineString","coordinates":[[5.6818754,50.0143364],[5.6823439,50.0145654],[5.6831126,50.014947],[5.683756,50.0152968],[5.6840529,50.0154134],[5.6842806,50.0153816],[5.6844554,50.0154579],[5.68531,50.015723],[5.6855838,50.015812],[5.6860127,50.0158798],[5.6868672,50.0159456],[5.6872137,50.0157611],[5.6873621,50.015689],[5.6877416,50.0157802],[5.6880022,50.0158162],[5.6883519,50.0157802],[5.6891669,50.0157717],[5.6893879,50.0157378],[5.6894737,50.0157102],[5.6897904,50.0156954],[5.69048,50.0158226],[5.6909386,50.015918],[5.6914704,50.0159918]]}},{"type":"Feature","properties":{"w":"stream"},"geometry":{"type":"LineString","coordinates":[[5.6924828,50.0402081],[5.6926116,50.0397395],[5.6921395,50.0391883],[5.6914958,50.0386094],[5.6907233,50.0370934],[5.6903371,50.036487],[5.6904658,50.0357979],[5.6901225,50.035412],[5.6896075,50.0352466],[5.6892512,50.035287],[5.6881484,50.035412],[5.68785,50.0355041],[5.6876323,50.0356687],[5.6871423,50.035778],[5.6863722,50.0359252],[5.685606,50.0360212],[5.6848527,50.0362824],[5.6844833,50.0364595],[5.6843799,50.0366404],[5.6843626,50.0368178],[5.6842232,50.0369453],[5.6841733,50.0374793],[5.6838569,50.0383752],[5.6836197,50.0384941],[5.6832131,50.038637],[5.682226,50.0392158],[5.6807347,50.0400668],[5.6803581,50.0401539],[5.6800979,50.0401763],[5.6798335,50.040246],[5.6797332,50.0403235],[5.6796339,50.0403744],[5.6794554,50.0403958],[5.6791954,50.0405751],[5.6791686,50.0406724],[5.6792021,50.0407034],[5.6792745,50.0406948],[5.6793094,50.0407163],[5.679253,50.0407671],[5.6792101,50.0408274],[5.6791066,50.0409006],[5.6790304,50.0408576],[5.6789685,50.0408549],[5.6789044,50.0409256],[5.6788172,50.0409704],[5.6788521,50.0410341],[5.6787808,50.0411013],[5.6786107,50.0410453],[5.6784953,50.0410514],[5.6784376,50.0411056],[5.6783169,50.0411203],[5.677987,50.0410927],[5.677779,50.0412011],[5.6774989,50.0412486],[5.6771408,50.0413743],[5.6769502,50.0414837],[5.6768578,50.0414837],[5.6768404,50.041445],[5.6769651,50.0413098],[5.6769168,50.0412951],[5.6767867,50.0413606],[5.6767023,50.0413632],[5.6766645,50.0413037],[5.6765722,50.0413244],[5.6765641,50.041352],[5.6765708,50.041401],[5.6765521,50.041426],[5.6764944,50.0414234],[5.6764595,50.0413804],[5.676426,50.0413339],[5.6763321,50.0413063],[5.6761859,50.0413382],[5.6760585,50.041358],[5.675896,50.0414501],[5.6758922,50.0415251],[5.6759928,50.0415699],[5.6758788,50.0416457],[5.6758614,50.0417068],[5.6759043,50.0417352],[5.6759351,50.0418016],[5.6758949,50.0418283],[5.6758144,50.0417904],[5.675762,50.0418136],[5.6758453,50.0419109],[5.6758614,50.0420134],[5.6758855,50.0420367],[5.6759714,50.0420341],[5.6760368,50.0420039],[5.6760988,50.0419893],[5.6762396,50.0420212],[5.6762905,50.0420832],[5.676293,50.0421762],[5.6761685,50.0422968],[5.6761685,50.0424708],[5.6761001,50.0425026],[5.6760396,50.0425595],[5.6760478,50.0426181],[5.676143,50.0427352],[5.6760585,50.0429126],[5.6758826,50.043016],[5.6759486,50.0430642],[5.6760357,50.0430263],[5.6760733,50.0429651],[5.676135,50.0429505],[5.6762141,50.0429789],[5.6761806,50.0430582],[5.676253,50.0430418],[5.676415,50.0430607],[5.6764609,50.0431288],[5.6765775,50.0433148],[5.6767009,50.0434655],[5.6767476,50.0435844],[5.676745,50.0437868],[5.676757,50.0439848],[5.6769421,50.0440202],[5.6770603,50.0440874],[5.6772508,50.0440512],[5.6772561,50.0442614],[5.677523,50.0443027],[5.6775069,50.0443475],[5.6773822,50.0443535],[5.6773755,50.0445094],[5.6777629,50.0450037],[5.677928,50.045083],[5.6782338,50.0450778],[5.6781855,50.0452156],[5.6782456,50.0452397],[5.6784672,50.0453069],[5.6785181,50.0453758],[5.6784779,50.0454499],[5.6783652,50.0454705],[5.6783518,50.045598],[5.6783436,50.0458529],[5.678299,50.0459673],[5.6781491,50.0460138],[5.6780336,50.046047],[5.6778395,50.0461096],[5.6776249,50.0461199],[5.6774318,50.0461061],[5.6772709,50.0460544],[5.677067,50.0460234],[5.6768525,50.0459855],[5.6766111,50.0459029],[5.6763804,50.0458615],[5.6761014,50.0457857],[5.6757581,50.0457857],[5.675388,50.0457789],[5.6752217,50.0458409],[5.6750071,50.0459752],[5.6747872,50.0460751]]}},{"type":"Feature","properties":{"w":"stream"},"geometry":{"type":"LineString","coordinates":[[5.6944964,49.9877522],[5.6939891,49.987999],[5.6939287,49.9880447],[5.6938992,49.9880904],[5.6938577,49.9883448],[5.6938738,49.9884189],[5.6939314,49.9884724],[5.6947482,49.9888449],[5.6966002,49.9896813],[5.6969677,49.9898356],[5.6969865,49.9898623],[5.6969784,49.9899106],[5.6970046,49.9899391],[5.6971917,49.9899714],[5.6978299,49.9902707]]}},{"type":"Feature","properties":{"w":"stream"},"geometry":{"type":"LineString","coordinates":[[5.7166994,49.9980467],[5.7175261,49.9983894],[5.7182503,49.9989001],[5.7185404,49.9992035],[5.7191464,50.0001512],[5.7195776,50.0007438],[5.7199156,50.0018438],[5.7205432,50.003285],[5.7211065,50.0038091],[5.7216858,50.004347],[5.7231986,50.0057744],[5.7249903,50.0064501],[5.7262747,50.0064289]]}},{"type":"Feature","properties":{"w":"stream"},"geometry":{"type":"LineString","coordinates":[[5.7130042,49.9974479],[5.7134744,49.997315]]}},{"type":"Feature","properties":{"w":"stream"},"geometry":{"type":"LineString","coordinates":[[5.7134744,49.997315],[5.7137886,49.9973086],[5.7139852,49.9973045],[5.7141457,49.9973509],[5.7152367,49.9976571],[5.7159529,49.9978443],[5.7166994,49.9980467]]}},{"type":"Feature","properties":{"w":"stream"},"geometry":{"type":"LineString","coordinates":[[5.7093335,49.9968649],[5.7095817,49.9967517],[5.7096857,49.9967187],[5.7098921,49.9967703]]}},{"type":"Feature","properties":{"w":"stream"},"geometry":{"type":"LineString","coordinates":[[5.7098921,49.9967703],[5.7112977,49.9974747],[5.7125145,49.9975388],[5.7127707,49.9975125],[5.7130042,49.9974479]]}},{"type":"Feature","properties":{"w":"stream"},"geometry":{"type":"LineString","coordinates":[[5.7861525,50.0357954],[5.7866568,50.0351087]]}},{"type":"Feature","properties":{"w":"stream"},"geometry":{"type":"LineString","coordinates":[[5.7861069,50.0358505],[5.7861525,50.0357954]]}},{"type":"Feature","properties":{"w":"stream"},"geometry":{"type":"LineString","coordinates":[[5.783759,50.0345596],[5.7856285,50.034899],[5.785556,50.0349696],[5.7856322,50.0350105],[5.7860693,50.0351019],[5.7866568,50.0351087],[5.7878074,50.0354318],[5.7884955,50.0357366],[5.7888481,50.0359073],[5.7892518,50.0359788],[5.7899556,50.0360941],[5.7904735,50.0361632],[5.7908973,50.0361804],[5.791356,50.0362752],[5.7918602,50.0363251],[5.7919353,50.0362028],[5.792225,50.0361356],[5.7922921,50.0359573],[5.7927507,50.0359564],[5.7931957,50.0360002],[5.7934374,50.0360366],[5.7947031,50.0365524],[5.7950145,50.036537],[5.7950641,50.036494],[5.7951752,50.0364766],[5.7953444,50.0364569],[5.7967094,50.0365283],[5.7968143,50.0367402],[5.7969703,50.0368463],[5.7970514,50.0368656]]}},{"type":"Feature","properties":{"w":"stream"},"geometry":{"type":"LineString","coordinates":[[5.7165449,49.9967285],[5.7166072,49.9970695],[5.7166935,49.9972916],[5.7168886,49.9977208],[5.7169788,49.9978652],[5.7175261,49.9983894]]}},{"type":"Feature","properties":{"w":"ditch"},"geometry":{"type":"LineString","coordinates":[[5.7948766,50.0025498],[5.7948689,50.0026171]]}},{"type":"Feature","properties":{"w":"ditch"},"geometry":{"type":"LineString","coordinates":[[5.7937999,50.0022151],[5.7941471,50.0023542],[5.7943705,50.0024559],[5.794801,50.002484],[5.794862,50.0025017],[5.7948766,50.0025498]]}},{"type":"Feature","properties":{"w":"ditch"},"geometry":{"type":"LineString","coordinates":[[5.7948689,50.0026171],[5.7948723,50.0026453],[5.7948869,50.0026679],[5.7949333,50.00269],[5.7952177,50.0027397],[5.7955185,50.002732],[5.7957797,50.0027475],[5.79601,50.002774],[5.7963451,50.0028856],[5.7966459,50.0030303],[5.7969466,50.0031396],[5.7975,50.0032523]]}},{"type":"Feature","properties":{"w":"stream"},"geometry":{"type":"LineString","coordinates":[[5.7809605,49.989371],[5.780964,49.989434]]}},{"type":"Feature","properties":{"w":"stream"},"geometry":{"type":"LineString","coordinates":[[5.780964,49.989434],[5.7809844,49.9895295],[5.7810642,49.9896234],[5.7812895,49.9897821],[5.7814309,49.9898256],[5.7815041,49.9899908],[5.7815792,49.990127],[5.781649,49.9902011],[5.7817241,49.9902322],[5.7818949,49.9902067],[5.782003,49.9902305],[5.7820111,49.9903477],[5.7821452,49.9904063],[5.7821827,49.9904546],[5.7820915,49.9906081],[5.7821425,49.9907133],[5.7824429,49.9908961],[5.7826494,49.9911116],[5.7828238,49.991241],[5.7831966,49.9913927],[5.7834299,49.9915031],[5.7835855,49.9915307],[5.7836579,49.9915634],[5.7836767,49.9916324],[5.7838162,49.9916272],[5.7839575,49.9916448],[5.7839905,49.9917635],[5.78413,49.9918307],[5.7842426,49.9919204],[5.7841936,49.9920294],[5.7842426,49.9920963],[5.7844189,49.9921035],[5.7844572,49.9921497],[5.784671,49.9923156],[5.784991,49.9924532],[5.7853397,49.9925825],[5.7855703,49.9926205],[5.7858278,49.9926687],[5.7861382,49.9926898],[5.7863884,49.9927274],[5.7866344,49.9927432],[5.7867854,49.9924764],[5.7868928,49.9925541],[5.7868043,49.9926679],[5.787,49.9926825],[5.787152,49.992695],[5.7873191,49.9926084],[5.7873881,49.9926122],[5.7874693,49.9926998],[5.7876491,49.9927446],[5.7877582,49.992726],[5.7878234,49.9927705],[5.7878824,49.9928257],[5.7880702,49.992805],[5.7881579,49.9928036],[5.7883089,49.9928429],[5.7884215,49.992924],[5.7885208,49.9929446],[5.7887139,49.9928877],[5.7889062,49.9929105],[5.789127,49.9928981],[5.789253,49.9929102],[5.7894864,49.9929257],[5.7897975,49.9929205],[5.7901347,49.9929295],[5.7903197,49.9929398],[5.7905397,49.9929812],[5.7906612,49.9930757],[5.7908749,49.9931036],[5.7912075,49.9931433],[5.7914578,49.9931774],[5.7916716,49.9932347],[5.7920157,49.9932895],[5.7922839,49.9932895],[5.7925326,49.9933174],[5.7927104,49.993393],[5.7928499,49.9934516],[5.7930958,49.9934813],[5.7932165,49.9934657],[5.7934614,49.993512],[5.7935893,49.9936089],[5.7937457,49.9937568],[5.7937779,49.9938792],[5.7939496,49.9939741],[5.7940086,49.9940568],[5.7940729,49.9942465],[5.7942258,49.9944293],[5.794427,49.994631],[5.7945979,49.9947659],[5.7947891,49.9949552],[5.7949849,49.9951035],[5.7951083,49.9951518],[5.7953872,49.9951362],[5.7957145,49.9951138],[5.7958934,49.9951521],[5.7961222,49.9952069],[5.796267,49.9954035],[5.7963582,49.9955932],[5.79679,49.9959363],[5.7970663,49.996107],[5.7972406,49.9962742],[5.7973855,49.9964173],[5.7976422,49.9965591],[5.7979372,49.9966832],[5.7982054,49.9968781],[5.7984415,49.997035],[5.7986373,49.9971281],[5.798876,49.9972126],[5.7990315,49.9973315],[5.7989645,49.9974229],[5.7990074,49.997497],[5.799222,49.9975488],[5.7993373,49.9976229],[5.7996538,49.9977815],[5.7999033,49.9978505],[5.8001777,49.9979053],[5.8002949,49.9980091],[5.8004378,49.9980519],[5.800598,49.9981867],[5.8009206,49.9983088],[5.8011835,49.9984605],[5.8013632,49.9985588],[5.8016065,49.9986367],[5.8019149,49.9985919],[5.802269,49.9986126],[5.8026158,49.9986898],[5.802876,49.9987571],[5.8031541,49.9987212],[5.8035385,49.9987415],[5.8037576,49.9987867],[5.8039864,49.9989277],[5.804227,49.9991522],[5.8043485,49.999226],[5.8043753,49.9993571],[5.8045121,49.9994174],[5.8047581,49.9993884],[5.8050646,49.9993622],[5.8053106,49.9994367],[5.8055421,49.9994571],[5.8057647,49.999576],[5.8059283,49.999726],[5.8061536,49.9998346],[5.8063011,49.9999191],[5.806615,50.0000122],[5.8067544,50.0000674],[5.8069638,50.0002415]]}},{"type":"Feature","properties":{"w":"stream"},"geometry":{"type":"LineString","coordinates":[[5.7621042,50.0048806],[5.7621955,50.0048981]]}},{"type":"Feature","properties":{"w":"stream"},"geometry":{"type":"LineString","coordinates":[[5.7885839,50.0217119],[5.7886133,50.0216608]]}},{"type":"Feature","properties":{"w":"stream"},"geometry":{"type":"LineString","coordinates":[[5.7849239,50.0257345],[5.7855515,50.025453],[5.7861202,50.0251256],[5.7862893,50.0249689],[5.7866177,50.0245276],[5.7870589,50.0242467],[5.7871831,50.0236925],[5.7878046,50.0233231],[5.7883826,50.0229388],[5.7885443,50.0219891],[5.7885839,50.0217119]]}},{"type":"Feature","properties":{"w":"stream"},"geometry":{"type":"LineString","coordinates":[[5.7848631,50.0257789],[5.7849239,50.0257345]]}},{"type":"Feature","properties":{"w":"stream"},"geometry":{"type":"LineString","coordinates":[[5.7831457,50.0266584],[5.7834179,50.0265256],[5.7837895,50.0263138],[5.7842212,50.0260802],[5.7848631,50.0257789]]}},{"type":"Feature","properties":{"w":"stream"},"geometry":{"type":"LineString","coordinates":[[5.7369274,50.0067781],[5.7369861,50.006773]]}},{"type":"Feature","properties":{"w":"stream"},"geometry":{"type":"LineString","coordinates":[[5.7369861,50.006773],[5.7373658,50.0068237],[5.7376394,50.0068038],[5.7376555,50.006703],[5.7376099,50.0064892],[5.7370433,50.0059558]]}},{"type":"Feature","properties":{"w":"stream"},"geometry":{"type":"LineString","coordinates":[[5.7612401,50.0387249],[5.761157,50.0390057],[5.7609773,50.0395122],[5.7609437,50.0396198],[5.7609169,50.0397585],[5.7608552,50.0399756],[5.760764,50.0402434]]}},{"type":"Feature","properties":{"w":"stream"},"geometry":{"type":"LineString","coordinates":[[5.760764,50.0402434],[5.7607399,50.0403218]]}},{"type":"Feature","properties":{"w":"stream"},"geometry":{"type":"LineString","coordinates":[[5.6954343,49.984325],[5.6958814,49.9845143],[5.696505,49.9848146]]}},{"type":"Feature","properties":{"w":"stream"},"geometry":{"type":"LineString","coordinates":[[5.6954053,49.9843119],[5.6954343,49.984325]]}},{"type":"Feature","properties":{"w":"stream"},"geometry":{"type":"LineString","coordinates":[[5.6942689,49.9837031],[5.6942922,49.9837117]]}},{"type":"Feature","properties":{"w":"stream"},"geometry":{"type":"LineString","coordinates":[[5.6940854,49.9836357],[5.6942689,49.9837031]]}},{"type":"Feature","properties":{"w":"stream"},"geometry":{"type":"LineString","coordinates":[[5.696505,49.9848146],[5.6966606,49.9849094]]}},{"type":"Feature","properties":{"w":"stream"},"geometry":{"type":"LineString","coordinates":[[5.6942922,49.9837117],[5.6944829,49.9839238],[5.6954053,49.9843119]]}},{"type":"Feature","properties":{"w":"stream"},"geometry":{"type":"LineString","coordinates":[[5.7168387,50.0499609],[5.7152608,50.0505264]]}}]}