{"type":"FeatureCollection","features":[{"type":"Feature","properties":{"t":"industria"},"geometry":{"type":"Polygon","coordinates":[[[5.7059306,49.9934454],[5.7070488,49.992893],[5.7067054,49.9926343],[5.706802,49.9925653],[5.7065982,49.9923153],[5.7067457,49.992317],[5.7072285,49.9922912],[5.7075128,49.9922429],[5.7077676,49.9921032],[5.7082826,49.9917342],[5.7087133,49.9914339],[5.7088566,49.991341],[5.7095486,49.9909203],[5.7099563,49.9911151],[5.710017,49.9910869],[5.7103714,49.990922],[5.7125387,49.9900537],[5.7119492,49.9896252],[5.7118794,49.9896149],[5.7117265,49.9894424],[5.7115012,49.9893441],[5.7115038,49.9891993],[5.7117044,49.9883881],[5.711744,49.9882282],[5.7118633,49.9877455],[5.7118791,49.9873987],[5.7119114,49.9868328],[5.7130292,49.986902],[5.71302,49.9868534],[5.7129604,49.9865383],[5.7127073,49.9862528],[5.7121181,49.986202],[5.711541,49.9862486],[5.7112587,49.9858161],[5.7112335,49.9857775],[5.7104694,49.9855868],[5.7089187,49.9851997],[5.7088232,49.9853667],[5.7088055,49.9853976],[5.7071358,49.9850974],[5.7042366,49.9845767],[5.7042103,49.984572],[5.7030103,49.9843853],[5.7029722,49.9843794],[5.7010522,49.9832568],[5.7010241,49.9832392],[5.7004291,49.9828735],[5.6998683,49.9824352],[5.7003674,49.9821732],[5.7003393,49.9819626],[5.6991028,49.9817145],[5.6990389,49.9817311],[5.6991041,49.9818507],[5.6990611,49.9819956],[5.6987899,49.9823067],[5.6982702,49.9821091],[5.6977018,49.9823604],[5.6976064,49.9824054],[5.6981438,49.9829149],[5.6981707,49.982977],[5.698337,49.9831063],[5.6996911,49.9843625],[5.6999646,49.9846782],[5.6990722,49.9854111],[5.6981936,49.9862012],[5.6971373,49.9870389],[5.6967835,49.9872966],[5.6961494,49.9879095],[5.6960373,49.9879348],[5.6955573,49.9883108],[5.6978186,49.9896882],[5.6991515,49.9905085],[5.6996732,49.9908352],[5.7014198,49.991896],[5.7026685,49.992592],[5.7032591,49.9921975],[5.704462,49.9926935],[5.7048314,49.9928142],[5.7051909,49.9929317],[5.7059306,49.9934454]]]}},{"type":"Feature","properties":{"t":"pedreira"},"geometry":{"type":"Polygon","coordinates":[[[5.7402972,50.0170252],[5.7429925,50.0152844],[5.7432208,50.0146234],[5.7405822,50.0131966],[5.740316,50.0130806],[5.7378915,50.012024],[5.7376577,50.0120037],[5.7375089,50.01196],[5.7374516,50.0119432],[5.7370706,50.0119527],[5.737012,50.0127371],[5.7368213,50.0127688],[5.7364368,50.0127783],[5.7358886,50.0121398],[5.7351349,50.0125251],[5.7357173,50.013769],[5.7349636,50.0148147],[5.7352548,50.0151119],[5.7364197,50.0149358],[5.7376637,50.0145566],[5.7379204,50.0143699],[5.7402972,50.0170252]]]}},{"type":"Feature","properties":{"t":"cemiterio"},"geometry":{"type":"Polygon","coordinates":[[[5.7407053,50.0496362],[5.739098,50.0480451],[5.740422,50.0474953],[5.7410026,50.0472387],[5.7419652,50.0481973],[5.7421565,50.0483878],[5.7424546,50.0487349],[5.7424593,50.0487689],[5.7419697,50.0489613],[5.7415447,50.0491729],[5.7407053,50.0496362]]]}},{"type":"Feature","properties":{"t":"cemiterio"},"geometry":{"type":"Polygon","coordinates":[[[5.7172319,50.0089834],[5.7171869,50.0089879],[5.7169171,50.0092312],[5.7167542,50.009156],[5.7166387,50.009255],[5.7164639,50.0091687],[5.7158799,50.0088805],[5.7160033,50.0087743],[5.7159084,50.0087283],[5.7162303,50.0084485],[5.7147263,50.0077677],[5.715648,50.006885],[5.7184546,50.0080288],[5.7182481,50.0081898],[5.7182118,50.0081717],[5.71818,50.0081975],[5.7182153,50.0082161],[5.7178478,50.0085032],[5.7178091,50.008485],[5.7177769,50.0085112],[5.7178155,50.008529],[5.7175671,50.0087223],[5.7175272,50.0087041],[5.7174932,50.0087293],[5.7175309,50.0087488],[5.7172319,50.0089834]]]}},{"type":"Feature","properties":{"t":"casario"},"geometry":{"type":"Polygon","coordinates":[[[5.7342933,50.0465884],[5.7348573,50.0462908],[5.7353244,50.0474625],[5.7353864,50.0474514],[5.7365467,50.0465957],[5.7375875,50.0475657],[5.7356657,50.0480749],[5.7357833,50.048378],[5.7358825,50.0487414],[5.7363814,50.0486156],[5.736714,50.048409],[5.7372156,50.0488447],[5.7368776,50.0490824],[5.7371351,50.0494665],[5.736545,50.0496266],[5.7366389,50.0497593],[5.737288,50.0495595],[5.7377306,50.0492374],[5.7379827,50.0493614],[5.7374114,50.0498075],[5.7374409,50.0500538],[5.7375874,50.0503244],[5.7371941,50.0504034],[5.7373899,50.0507031],[5.7375482,50.0506066],[5.7378861,50.0508564],[5.738039,50.0507702],[5.7379612,50.0506807],[5.7383984,50.050431],[5.7387927,50.0507048],[5.7392469,50.0504578],[5.7393129,50.0504225],[5.7389302,50.0501275],[5.7397325,50.0496914],[5.7402206,50.0493974],[5.7406655,50.049667],[5.7407958,50.0496996],[5.7412718,50.0500596],[5.7407517,50.0503087],[5.7403055,50.0499573],[5.7400587,50.050102],[5.7405281,50.0504413],[5.740276,50.0505963],[5.7397932,50.0502191],[5.7386988,50.0508409],[5.7389107,50.0510355],[5.7384869,50.0513007],[5.7385755,50.0513868],[5.7382563,50.0515556],[5.7385674,50.0518673],[5.7381041,50.0520698],[5.7378928,50.0518992],[5.73763,50.0520258],[5.7377051,50.0520921],[5.7375804,50.0521653],[5.7379693,50.0525088],[5.7381704,50.0524425],[5.7383957,50.0524425],[5.7386693,50.0526561],[5.7391709,50.0523892],[5.7392862,50.0524632],[5.7386318,50.052911],[5.7391387,50.0531504],[5.7394385,50.0533453],[5.7397637,50.0535568],[5.7396829,50.0536197],[5.7403238,50.0540356],[5.740284,50.054163],[5.7400574,50.0545763],[5.740404,50.0548893],[5.7398607,50.0552639],[5.7396977,50.0551577],[5.7391977,50.054832],[5.7394794,50.0546245],[5.7392527,50.0545005],[5.73947,50.0543206],[5.7393385,50.0542405],[5.7390341,50.0544351],[5.7388236,50.0545531],[5.7385272,50.0546194],[5.7384011,50.0545229],[5.7380203,50.0547467],[5.7379585,50.054783],[5.7375188,50.0543197],[5.737469,50.0542672],[5.7374519,50.0542493],[5.7371566,50.0539408],[5.7371365,50.0538504],[5.7368079,50.0536472],[5.736431,50.0533191],[5.7364777,50.0532563],[5.7364042,50.0532029],[5.7363251,50.0531073],[5.736486,50.0530419],[5.7364351,50.0529988],[5.736191,50.0527982],[5.7359134,50.0525114],[5.7354239,50.0527198],[5.7353058,50.0525932],[5.735271,50.0526087],[5.7351972,50.0525364],[5.7350484,50.0525881],[5.7349598,50.0528421],[5.7350779,50.0531366],[5.7351489,50.0533639],[5.7348133,50.0533311],[5.7347515,50.0531891],[5.7347569,50.0529247],[5.7346778,50.0527464],[5.7346,50.0527568],[5.7345441,50.0526966],[5.7338866,50.0529192],[5.7333045,50.0530384],[5.7330443,50.0530832],[5.7325342,50.0530798],[5.7321123,50.0530616],[5.7320868,50.0530237],[5.7318977,50.0529471],[5.7317985,50.05283],[5.7317944,50.0527034],[5.7315222,50.0525208],[5.7318713,50.0522936],[5.7320175,50.0522643],[5.7321838,50.0522832],[5.7323112,50.0523392],[5.7323474,50.0523676],[5.7335852,50.051578],[5.7337658,50.0514307],[5.7344132,50.0510038],[5.7347372,50.0507944],[5.7349044,50.0507765],[5.7351637,50.0506531],[5.7356627,50.0504458],[5.7361695,50.050257],[5.7356518,50.0496945],[5.7349832,50.0487424],[5.7342933,50.0465884]]]}},{"type":"Feature","properties":{"t":"industria"},"geometry":{"type":"Polygon","coordinates":[[[5.7303116,50.0079717],[5.7311538,50.0083147],[5.7312352,50.0083356],[5.7317975,50.0084802],[5.731937,50.0084199],[5.7320416,50.0086578],[5.7326102,50.0085664],[5.7330716,50.0079321],[5.7319128,50.0075632],[5.7306495,50.0072754],[5.7303405,50.0079122],[5.7303116,50.0079717]]]}},{"type":"Feature","properties":{"t":"militar"},"geometry":{"type":"Polygon","coordinates":[[[5.7189741,50.0077112],[5.7184526,50.008173],[5.7172388,50.009248],[5.7172146,50.0092695],[5.7169676,50.0095809],[5.7166645,50.0101161],[5.7162126,50.0106146],[5.7161631,50.0106692],[5.7164407,50.0109632],[5.7187917,50.0113173],[5.7197037,50.0112897],[5.7210448,50.0117793],[5.7218382,50.0103314],[5.7209392,50.0098696],[5.7208584,50.0084365],[5.7189741,50.0077112]]]}},{"type":"Feature","properties":{"t":"casario"},"geometry":{"type":"Polygon","coordinates":[[[5.7496828,50.0455986],[5.7494261,50.0455559],[5.748967,50.0457374],[5.7486984,50.0458436],[5.7485506,50.0457056],[5.748167,50.0458064],[5.7475157,50.045846],[5.747526,50.0458968],[5.7471786,50.045896],[5.7472068,50.0455136],[5.7468957,50.0456169],[5.7465542,50.0458404],[5.7465388,50.0458538],[5.7460474,50.0462808],[5.7465959,50.0465621],[5.7464958,50.0466464],[5.7454607,50.0475185],[5.7450396,50.0470776],[5.7449537,50.047143],[5.7453941,50.0476006],[5.7441442,50.0485681],[5.7436473,50.0482572],[5.7434438,50.0483852],[5.7433406,50.0482426],[5.7433052,50.0481926],[5.7432472,50.0481064],[5.743191,50.0480043],[5.7431318,50.0478689],[5.7430394,50.0476768],[5.7438701,50.0469398],[5.7441316,50.0467546],[5.7442391,50.0467997],[5.7444624,50.046621],[5.7450987,50.046945],[5.7460728,50.0461641],[5.7457665,50.0460217],[5.7456753,50.0459477],[5.7454392,50.0461216],[5.7451851,50.0460174],[5.7453185,50.0458391],[5.74524,50.0458082],[5.7451672,50.0457796],[5.7449397,50.0456901],[5.7450541,50.0455627],[5.7456967,50.0457668],[5.7459784,50.0455997],[5.7457182,50.0454602],[5.7458496,50.0453586],[5.7457611,50.0453069],[5.7458791,50.0452397],[5.7463029,50.0454826],[5.7466248,50.0452604],[5.7460615,50.0448298],[5.7466868,50.0443389],[5.7467688,50.0442745],[5.7472118,50.0444907],[5.747416,50.0445903],[5.7475904,50.0444422],[5.7476699,50.0443038],[5.7479933,50.0440142],[5.74729,50.0433381],[5.7473811,50.0432864],[5.7474227,50.0431656],[5.746386,50.042718],[5.7462505,50.0427921],[5.7456645,50.0431124],[5.745635,50.0430852],[5.7455465,50.0430039],[5.7458782,50.0427925],[5.7455127,50.0424316],[5.7456028,50.0422925],[5.7464209,50.0419566],[5.7462986,50.0417561],[5.7462653,50.0417016],[5.7459623,50.0417774],[5.7458174,50.0415035],[5.7466516,50.0412917],[5.7465282,50.0410832],[5.7459033,50.0412624],[5.7457852,50.0410608],[5.7464156,50.0408817],[5.7463351,50.0406698],[5.745266,50.0409446],[5.7450047,50.0405819],[5.7448411,50.0406164],[5.7447928,50.0405544],[5.7446614,50.0406078],[5.7443057,50.0399208],[5.7455282,50.0395036],[5.7456645,50.039457],[5.7453375,50.038967],[5.7452097,50.0390092],[5.7433873,50.0396104],[5.743247,50.0394662],[5.7440847,50.0390453],[5.7441464,50.0390729],[5.744707,50.0387421],[5.7446185,50.0386594],[5.7449833,50.038451],[5.7457552,50.0393583],[5.7459086,50.0393261],[5.7465584,50.0391655],[5.7468536,50.0389855],[5.7471486,50.0392818],[5.7472296,50.0393632],[5.7470606,50.0394459],[5.7471223,50.0395027],[5.7469466,50.0395854],[5.7470507,50.0396833],[5.7468838,50.0397766],[5.7469774,50.0401881],[5.7474211,50.0401565],[5.7474844,50.040265],[5.7477849,50.0404709],[5.7472182,50.0408082],[5.7473965,50.0410746],[5.7471894,50.0412234],[5.7474359,50.0414387],[5.7480028,50.0410619],[5.7483001,50.0412645],[5.7476958,50.0416716],[5.7480084,50.0419045],[5.7484149,50.0416213],[5.7486627,50.0417929],[5.7482374,50.0420666],[5.7494033,50.042878],[5.7499159,50.0428591],[5.7499829,50.0429729],[5.750227,50.0430194],[5.7507929,50.0432554],[5.750978,50.0433295],[5.7514045,50.0436085],[5.7506856,50.0440478],[5.751147,50.0442906],[5.7518148,50.0437722],[5.7525364,50.0434535],[5.7526217,50.0434704],[5.7518624,50.0440971],[5.7526436,50.0444612],[5.7530301,50.0446943],[5.7536202,50.0444736],[5.7539602,50.044693],[5.7544759,50.044043],[5.7549519,50.0443579],[5.7545116,50.0446234],[5.7542461,50.0443875],[5.7536996,50.0449991],[5.7537195,50.0450135],[5.7541674,50.0453389],[5.7541135,50.0454309],[5.7534873,50.0457725],[5.7536228,50.0458397],[5.7537262,50.0459212],[5.75377,50.0459459],[5.7533889,50.0462686],[5.7536039,50.046361],[5.7534764,50.0464676],[5.7527869,50.0463784],[5.7527912,50.0461492],[5.7522869,50.0458925],[5.7523754,50.0455722],[5.7513193,50.0451632],[5.7508692,50.0449889],[5.7509646,50.0448935],[5.7504442,50.0446093],[5.7503852,50.0446317],[5.7502162,50.0445283],[5.7499856,50.0446713],[5.7502216,50.0448212],[5.7501358,50.044897],[5.7503977,50.0450864],[5.7502672,50.0452311],[5.7506224,50.0453197],[5.7505321,50.045632],[5.750168,50.0456324],[5.7496828,50.0455986]]]}},{"type":"Feature","properties":{"t":"cemiterio"},"geometry":{"type":"Polygon","coordinates":[[[5.7866657,50.0161448],[5.7862795,50.0162897],[5.7865716,50.0166276],[5.7869536,50.0164991],[5.7866657,50.0161448]]]}},{"type":"Feature","properties":{"t":"industria"},"geometry":{"type":"Polygon","coordinates":[[[5.7321084,50.0252892],[5.7313546,50.0244569],[5.7323659,50.0240743],[5.7330498,50.0249394],[5.7330001,50.0249579],[5.7321084,50.0252892]]]}},{"type":"Feature","properties":{"t":"casario"},"geometry":{"type":"Polygon","coordinates":[[[5.7455616,49.9816949],[5.7454515,49.9816801],[5.7442716,49.9815212],[5.7443141,49.9814103],[5.7444111,49.9811574],[5.7451294,49.9812521],[5.7453516,49.9809298],[5.7454617,49.9807086],[5.7461138,49.9808201],[5.7464496,49.9803832],[5.7467158,49.9801339],[5.7462481,49.9799778],[5.746323,49.9798349],[5.7464341,49.9796654],[5.7466615,49.9797202],[5.7466734,49.9796886],[5.7467286,49.9795418],[5.7468057,49.9793371],[5.7469082,49.9790647],[5.7470011,49.9788176],[5.7470058,49.9787865],[5.7470855,49.9782562],[5.7471755,49.9776572],[5.7477038,49.977732],[5.7474363,49.9788406],[5.7473687,49.9791209],[5.7473525,49.9791879],[5.7475638,49.9787832],[5.7478948,49.9788092],[5.7483126,49.9790064],[5.7482163,49.9791794],[5.7479548,49.9796194],[5.7477459,49.980039],[5.7477382,49.9800544],[5.7475823,49.9803449],[5.7474819,49.9803211],[5.7473736,49.9804655],[5.7485254,49.9807101],[5.7481076,49.9810946],[5.7478386,49.9813421],[5.7470432,49.9812729],[5.7469144,49.9814816],[5.7466972,49.9814333],[5.7465818,49.9816834],[5.7464553,49.9817807],[5.7456218,49.9816111],[5.7455616,49.9816949]]]}},{"type":"Feature","properties":{"t":"fazenda"},"geometry":{"type":"Polygon","coordinates":[[[5.7461138,49.9808201],[5.7454617,49.9807086],[5.745026,49.980634],[5.7444033,49.9804812],[5.7446617,49.9799246],[5.7445595,49.9798276],[5.7446828,49.9796723],[5.7452273,49.9797189],[5.7452556,49.9796798],[5.7455273,49.9797169],[5.7458838,49.9797352],[5.746323,49.9798349],[5.7462481,49.9799778],[5.7467158,49.9801339],[5.7464496,49.9803832],[5.7461138,49.9808201]]]}},{"type":"Feature","properties":{"t":"casario"},"geometry":{"type":"Polygon","coordinates":[[[5.7503316,49.9844853],[5.7502037,49.9844933],[5.749075,49.9845637],[5.7491313,49.9850517],[5.7487826,49.9850552],[5.7487263,49.98458],[5.7480166,49.9846148],[5.7477987,49.9841116],[5.7475972,49.984137],[5.7475448,49.9840169],[5.7472953,49.9840523],[5.7472973,49.9839372],[5.7472688,49.9838723],[5.7469665,49.9838992],[5.7468117,49.9831643],[5.7463596,49.9832009],[5.7463726,49.9829545],[5.7464504,49.9829407],[5.7465665,49.9825337],[5.7461523,49.9825011],[5.7461533,49.9824578],[5.7461658,49.9819227],[5.7454996,49.9818541],[5.7453948,49.9818433],[5.7453651,49.9820612],[5.745357,49.9822041],[5.7449948,49.9823487],[5.744824,49.9825825],[5.7447107,49.9829195],[5.7446373,49.9829266],[5.7444649,49.9825072],[5.7442456,49.9824785],[5.7440713,49.982525],[5.7439747,49.9829269],[5.7442081,49.9829045],[5.7442938,49.9831071],[5.7436466,49.9832112],[5.7436842,49.983299],[5.7439306,49.9838737],[5.7433097,49.9839183],[5.7432801,49.9838428],[5.7426172,49.9838101],[5.7420328,49.9836099],[5.7417646,49.9834944],[5.7414423,49.9834065],[5.7413489,49.9835323],[5.7409172,49.9836567],[5.7408071,49.9835582],[5.7407159,49.9834306],[5.7406139,49.983215],[5.7404704,49.9830658],[5.7406367,49.9828494],[5.7405122,49.9827937],[5.740681,49.9826061],[5.7391629,49.9823371],[5.738841,49.9827562],[5.7388464,49.9828131],[5.7384735,49.9834616],[5.7390851,49.9834892],[5.7400041,49.9835233],[5.7403244,49.9839246],[5.740232,49.9840584],[5.7408957,49.9841816],[5.7411437,49.9842704],[5.7412526,49.9843094],[5.7413111,49.9843304],[5.7413581,49.9843472],[5.7410864,49.9847371],[5.7415991,49.9849078],[5.7418732,49.9846211],[5.7426724,49.9847188],[5.7430158,49.9848441],[5.742897,49.9850097],[5.7431677,49.9851159],[5.7436499,49.9845893],[5.7438987,49.9848379],[5.7442714,49.9850369],[5.7445552,49.9851418],[5.7449278,49.9852075],[5.7455812,49.9852075],[5.7459802,49.9862148],[5.7452095,49.9863265],[5.7452316,49.9863996],[5.7454893,49.9866871],[5.7456302,49.9870029],[5.7458426,49.9874791],[5.7457072,49.9874918],[5.7457535,49.98784],[5.7453671,49.987857],[5.745344,49.9879929],[5.744307,49.9879908],[5.7437509,49.9879762],[5.7437233,49.9881866],[5.7436208,49.9881793],[5.7434815,49.9884091],[5.7429663,49.9885577],[5.7424082,49.9884303],[5.7414964,49.9888268],[5.7413489,49.9888095],[5.7410538,49.9889147],[5.7410431,49.9890193],[5.7413316,49.9893432],[5.7411698,49.9894707],[5.7408396,49.9898443],[5.742002,49.9896957],[5.7422398,49.9893964],[5.7426196,49.9895068],[5.7428913,49.9891671],[5.7432142,49.9892793],[5.7432206,49.9893369],[5.7446406,49.9889526],[5.7446934,49.9890545],[5.7453374,49.9888932],[5.7457138,49.9888273],[5.7457634,49.9884388],[5.7456115,49.9882435],[5.7459351,49.9881118],[5.7464555,49.9877452],[5.746581,49.9875732],[5.7471925,49.9873669],[5.7480358,49.9871345],[5.7479364,49.9867527],[5.7478624,49.9864415],[5.7478624,49.986046],[5.7478218,49.9858531],[5.7486064,49.9856533],[5.7485743,49.9855566],[5.7492472,49.985562],[5.7490747,49.985088],[5.7493774,49.9850836],[5.7494941,49.9854011],[5.7502126,49.9853163],[5.7502912,49.9855456],[5.7510987,49.9854605],[5.75093,49.9849075],[5.7512381,49.9848132],[5.7510557,49.9843743],[5.7506347,49.9844576],[5.7503316,49.9844853]]]}},{"type":"Feature","properties":{"t":"fazenda"},"geometry":{"type":"Polygon","coordinates":[[[5.7459802,49.9862148],[5.7452095,49.9863265],[5.7452316,49.9863996],[5.7440061,49.9864524],[5.7440029,49.9863692],[5.7438376,49.9863768],[5.7431154,49.9864098],[5.7428532,49.9863367],[5.7429089,49.9862809],[5.7433681,49.9858208],[5.743785,49.9854025],[5.7438987,49.9848379],[5.7442714,49.9850369],[5.7445552,49.9851418],[5.7449278,49.9852075],[5.7455812,49.9852075],[5.7459802,49.9862148]]]}},{"type":"Feature","properties":{"t":"fazenda"},"geometry":{"type":"Polygon","coordinates":[[[5.7653195,50.0200741],[5.7657904,50.0201781],[5.7658832,50.020047],[5.7659696,50.0199913],[5.7665678,50.0201424],[5.766776,50.0198715],[5.7653248,50.0193962],[5.7650588,50.0196702],[5.7648696,50.0199425],[5.7653195,50.0200741]]]}},{"type":"Feature","properties":{"t":"casario"},"geometry":{"type":"Polygon","coordinates":[[[5.762018,50.0191632],[5.7626285,50.0189271],[5.7628155,50.0189406],[5.7636702,50.0188943],[5.7642281,50.0191218],[5.7646632,50.0188344],[5.7649078,50.0187667],[5.7653734,50.0185926],[5.7654798,50.0185366],[5.7656095,50.0185783],[5.7671915,50.0195475],[5.7662151,50.0192924],[5.7660168,50.0194064],[5.7657516,50.0195302],[5.766776,50.0198715],[5.7665678,50.0201424],[5.7659696,50.0199913],[5.7658832,50.020047],[5.7656467,50.0204359],[5.7654496,50.0204672],[5.7647484,50.020299],[5.764692,50.0202869],[5.7646841,50.0200308],[5.7644132,50.0200481],[5.7643938,50.0199567],[5.7633784,50.0202082],[5.7632417,50.0202034],[5.7630535,50.0204022],[5.7630184,50.0204608],[5.7628655,50.0204668],[5.7628253,50.0203832],[5.7628548,50.0203324],[5.7626745,50.0202933],[5.7625916,50.0210537],[5.7616916,50.0213847],[5.7615149,50.0211272],[5.760875,50.0205788],[5.7620459,50.0201271],[5.7620853,50.0195528],[5.7618119,50.0195428],[5.7617283,50.0195372],[5.76096,50.0194855],[5.7608554,50.0194346],[5.7606416,50.0193339],[5.7605451,50.0192225],[5.760476,50.0189085],[5.7604248,50.0186991],[5.7608466,50.0181639],[5.7619077,50.0185418],[5.7615886,50.018973],[5.7613201,50.01935],[5.7613035,50.0194536],[5.7613639,50.0194541],[5.7619904,50.019486],[5.7624291,50.0195075],[5.7624466,50.0191887],[5.762018,50.0191632]]]}},{"type":"Feature","properties":{"t":"cemiterio"},"geometry":{"type":"Polygon","coordinates":[[[5.7421565,50.0483878],[5.7424546,50.0487349],[5.7429373,50.0485553],[5.7426445,50.0482146],[5.7421565,50.0483878]]]}},{"type":"Feature","properties":{"t":"cemiterio"},"geometry":{"type":"Polygon","coordinates":[[[5.7927827,49.9909806],[5.7934372,49.9909116],[5.7932977,49.9903391],[5.7926164,49.9904157],[5.7927827,49.9909806]]]}},{"type":"Feature","properties":{"t":"casario"},"geometry":{"type":"Polygon","coordinates":[[[5.7811639,49.9881832],[5.7810703,49.9880606],[5.7814841,49.988025],[5.7822254,49.9886024],[5.7826553,49.9885935],[5.783422,49.9890441],[5.7838246,49.989229],[5.78403,49.9893233],[5.7834861,49.9895858],[5.7844355,49.9900617],[5.7845896,49.9896355],[5.7846121,49.9895734],[5.7860497,49.9900459],[5.7862866,49.9897856],[5.7863456,49.9898115],[5.786812,49.9892702],[5.78722,49.9893648],[5.7873871,49.9893142],[5.7875496,49.989265],[5.7876706,49.9889458],[5.7875764,49.9888064],[5.7877967,49.9884595],[5.7880381,49.988256],[5.7889707,49.9883766],[5.7891834,49.9885698],[5.7891244,49.9889441],[5.7884592,49.9889285],[5.7882795,49.9894097],[5.7881239,49.9893907],[5.7880673,49.9896358],[5.7894516,49.9896701],[5.7902265,49.9889288],[5.7902672,49.9885283],[5.790272,49.9884805],[5.7902351,49.9878342],[5.7901543,49.9875541],[5.7907954,49.9874955],[5.7909158,49.98768],[5.7909351,49.9885213],[5.7909962,49.9885201],[5.7920533,49.9878524],[5.7932353,49.9871315],[5.7938933,49.9875489],[5.7937109,49.987711],[5.794555,49.9880214],[5.7943734,49.9882456],[5.7941052,49.9881611],[5.793837,49.9884302],[5.7928013,49.9892254],[5.7920775,49.9887078],[5.7918683,49.9888527],[5.7921295,49.9890755],[5.79192,49.9892629],[5.7920091,49.9892787],[5.7920212,49.9895649],[5.791828,49.9895787],[5.7918706,49.9898307],[5.7922837,49.9898256],[5.7940221,49.9897477],[5.7940221,49.9897804],[5.7937726,49.990196],[5.7932977,49.9903391],[5.7934372,49.9909116],[5.7927827,49.9909806],[5.7927183,49.9910188],[5.7914713,49.9908875],[5.791465,49.9912013],[5.7906309,49.9909889],[5.7906371,49.991072],[5.7904003,49.9910236],[5.7899773,49.9913979],[5.789137,49.991053],[5.7889068,49.9911266],[5.7886574,49.9912913],[5.7883537,49.9911082],[5.7876832,49.9917703],[5.7869679,49.9917014],[5.7868069,49.9915738],[5.7861457,49.9915092],[5.7858843,49.9914445],[5.7851171,49.9911617],[5.7849723,49.9913117],[5.7848352,49.9912844],[5.7844627,49.9917687],[5.7842234,49.9917859],[5.7841274,49.9917928],[5.7840657,49.99166],[5.7839697,49.991624],[5.7830784,49.9912895],[5.7834378,49.9910809],[5.7833478,49.9910222],[5.7831046,49.9909116],[5.7826093,49.9906478],[5.7825395,49.9906771],[5.7821659,49.9904045],[5.7825154,49.9901322],[5.7827448,49.9900166],[5.7829877,49.9899235],[5.7825575,49.9897183],[5.7825556,49.9895062],[5.78269,49.9893789],[5.7821332,49.9891013],[5.7817597,49.9887857],[5.7811639,49.9881832]]]}},{"type":"Feature","properties":{"t":"casario"},"geometry":{"type":"Polygon","coordinates":[[[5.7820189,49.9908223],[5.7825741,49.9913275],[5.7826648,49.991441],[5.7827622,49.9915221],[5.7837224,49.9918928],[5.783827,49.9919428],[5.7836419,49.9921584],[5.7834783,49.9921015],[5.7834971,49.992286],[5.7836366,49.992336],[5.7836017,49.992455],[5.7834592,49.9926639],[5.7829392,49.9924791],[5.7827675,49.9928154],[5.7824779,49.9931154],[5.781987,49.9928981],[5.781928,49.9929654],[5.7815176,49.992774],[5.7812727,49.9930161],[5.7804498,49.9926363],[5.7802664,49.9927506],[5.779784,49.9930511],[5.7795807,49.9931777],[5.7786965,49.9924334],[5.7791194,49.9923017],[5.7790875,49.9919704],[5.7789876,49.9916951],[5.7796915,49.9915162],[5.7800549,49.9920755],[5.780295,49.9920061],[5.7799277,49.991441],[5.7800248,49.9914082],[5.780121,49.9913757],[5.7808656,49.991124],[5.7804069,49.9907067],[5.7800287,49.9903687],[5.7803829,49.9902177],[5.7799214,49.9898375],[5.7794842,49.9899876],[5.7796079,49.9901417],[5.7791345,49.9903521],[5.7789097,49.9902459],[5.7782016,49.9898985],[5.7788024,49.989645],[5.7784435,49.9894841],[5.7787904,49.9893087],[5.7790094,49.9891642],[5.7790658,49.9891409],[5.779827,49.9888629],[5.7799619,49.9889492],[5.7801551,49.9892993],[5.7803554,49.9893475],[5.7820189,49.9908223]]]}},{"type":"Feature","properties":{"t":"casario"},"geometry":{"type":"Polygon","coordinates":[[[5.7620555,50.0038224],[5.7620501,50.0033534],[5.7621244,50.0029411],[5.7621279,50.0028966],[5.762278,50.0029021],[5.7623945,50.0029343],[5.7624722,50.003006],[5.7625547,50.0031468],[5.7625753,50.0033683],[5.762498,50.0039103],[5.7623398,50.0038241],[5.7620555,50.0038224]]]}},{"type":"Feature","properties":{"t":"casario"},"geometry":{"type":"Polygon","coordinates":[[[5.7890114,49.9931536],[5.7893086,49.9921686],[5.7887754,49.9919328],[5.7890833,49.9916651],[5.7886574,49.9912913],[5.7889068,49.9911266],[5.789137,49.991053],[5.7899773,49.9913979],[5.7902321,49.9916118],[5.7907945,49.9916824],[5.7907605,49.9918618],[5.7912219,49.991986],[5.7915544,49.9916463],[5.7915437,49.99161],[5.7916456,49.9913203],[5.7922319,49.991465],[5.7920668,49.9918825],[5.7919595,49.9918946],[5.7917896,49.9921548],[5.7917744,49.992336],[5.7915598,49.9923981],[5.7916741,49.9926721],[5.7914415,49.9929811],[5.7907414,49.9929484],[5.7900601,49.9933123],[5.7890114,49.9931536]]]}},{"type":"Feature","properties":{"t":"casario"},"geometry":{"type":"Polygon","coordinates":[[[5.7130384,50.0081184],[5.7135971,50.0078034],[5.7139968,50.0080603],[5.7141016,50.0080277],[5.7141272,50.0080406],[5.7147237,50.008344],[5.7139755,50.0089083],[5.713765,50.0090698],[5.7127694,50.0094365],[5.7127206,50.0093972],[5.7124937,50.0091629],[5.7124266,50.0089491],[5.7120318,50.0085662],[5.7107725,50.0072666],[5.7110673,50.0071016],[5.7110882,50.007091],[5.7117373,50.0077047],[5.7119894,50.0076047],[5.7127114,50.0082462],[5.7130384,50.0081184]]]}},{"type":"Feature","properties":{"t":"casario"},"geometry":{"type":"Polygon","coordinates":[[[5.765478,50.0652919],[5.7656014,50.0652988],[5.7655853,50.0649321],[5.7657274,50.0648818],[5.7658079,50.0646532],[5.7657543,50.0644982],[5.7653466,50.0644776],[5.7654861,50.0640316],[5.7647538,50.0641056],[5.7644829,50.0641866],[5.7640395,50.0640235],[5.7641505,50.0639416],[5.7643086,50.063825],[5.7639894,50.0636563],[5.7641262,50.0634961],[5.7643059,50.0635547],[5.764466,50.0633063],[5.7635039,50.0630037],[5.7634181,50.0631277],[5.7632866,50.0630278],[5.7630345,50.0632654],[5.7626094,50.0631364],[5.7625279,50.0631128],[5.7620789,50.062991],[5.7620085,50.0629719],[5.7618546,50.0628968],[5.7616095,50.0627771],[5.7617983,50.0625123],[5.7610014,50.0621789],[5.7599795,50.0616744],[5.7599151,50.0617261],[5.7597247,50.0617691],[5.7596388,50.0616417],[5.7597876,50.0616033],[5.7596538,50.0610508],[5.7592902,50.0611596],[5.7595772,50.0619482],[5.7593143,50.0620291],[5.7592446,50.0619878],[5.7591373,50.0620928],[5.7591614,50.0621789],[5.7588449,50.0622891],[5.7585008,50.0618012],[5.7582414,50.0614334],[5.7576808,50.0616279],[5.7574113,50.0612615],[5.7572181,50.0609989],[5.7569488,50.0611141],[5.7564646,50.0613014],[5.7563043,50.0615365],[5.7562166,50.0616053],[5.7561719,50.0616491],[5.7560785,50.0617407],[5.7561489,50.0619496],[5.7569594,50.0623202],[5.7570988,50.0621772],[5.7573456,50.0624665],[5.757587,50.0626679],[5.7579996,50.0629718],[5.7581368,50.0628281],[5.7585123,50.0629968],[5.758625,50.0628935],[5.7590483,50.0631607],[5.7591281,50.063211],[5.7592003,50.0631693],[5.7593165,50.0631166],[5.7594766,50.0630157],[5.7599942,50.0634307],[5.7602195,50.0635263],[5.7603007,50.0635495],[5.7598881,50.0637556],[5.759876,50.0637624],[5.7600492,50.0638939],[5.7599902,50.0639352],[5.7602584,50.0640936],[5.7603604,50.0640592],[5.7604798,50.0641203],[5.7595967,50.064492],[5.7587089,50.0639868],[5.7584345,50.0640953],[5.7585177,50.0641745],[5.7581717,50.064345],[5.7577741,50.0638669],[5.7576251,50.0639137],[5.7574797,50.0639593],[5.7576272,50.0642813],[5.7578713,50.0645034],[5.7583058,50.0647703],[5.7581274,50.0647352],[5.7574287,50.0645981],[5.7574555,50.064555],[5.7571256,50.0640884],[5.7568093,50.0641512],[5.7566073,50.0642417],[5.756616,50.0643209],[5.7566643,50.0643674],[5.7568198,50.0644156],[5.7568306,50.0644931],[5.7565969,50.0645177],[5.7571578,50.0651077],[5.7579396,50.0656714],[5.7581725,50.0658076],[5.7582744,50.0658672],[5.7583031,50.0658407],[5.758515,50.0656449],[5.7587242,50.0655519],[5.7585096,50.0653057],[5.7588074,50.0651731],[5.7590085,50.0653625],[5.7592472,50.065242],[5.7594311,50.0654184],[5.7599299,50.0651869],[5.7596362,50.0649089],[5.7612573,50.0645713],[5.7623883,50.0664625],[5.7618651,50.0662217],[5.7614091,50.0661253],[5.7610026,50.0659406],[5.7604448,50.0655468],[5.760304,50.0654874],[5.7602075,50.0654099],[5.7600237,50.0653633],[5.7599071,50.0655571],[5.7601525,50.0656483],[5.759951,50.0658535],[5.7598025,50.0660047],[5.7594873,50.065725],[5.7592007,50.0658507],[5.7595852,50.0661847],[5.7597059,50.0661494],[5.7601578,50.0664066],[5.760178,50.0667106],[5.7607198,50.0667623],[5.7606903,50.0668794],[5.7610738,50.0669741],[5.7609585,50.0671066],[5.7610784,50.0671492],[5.7615218,50.0673064],[5.7617,50.0670626],[5.762659,50.0673855],[5.7629638,50.0673966],[5.7635576,50.0680742],[5.7641047,50.0679313],[5.7631071,50.0661762],[5.7628897,50.0656879],[5.7631864,50.0656974],[5.7635978,50.0654349],[5.763343,50.0652937],[5.7638657,50.0649691],[5.764374,50.0652253],[5.7647431,50.0649287],[5.7650469,50.0651014],[5.7648642,50.0652957],[5.7653519,50.0654555],[5.765478,50.0652919]]]}},{"type":"Feature","properties":{"t":"casario"},"geometry":{"type":"Polygon","coordinates":[[[5.7515117,50.0591931],[5.7514179,50.0597683],[5.7513511,50.0597242],[5.7507728,50.0593429],[5.7504027,50.0595814],[5.7503329,50.0595375],[5.75064,50.0593343],[5.7501572,50.058909],[5.7503986,50.0588126],[5.7503563,50.0587494],[5.7500784,50.0588671],[5.749893,50.0586318],[5.7497106,50.0587308],[5.7495028,50.0585276],[5.7494089,50.0585043],[5.7492357,50.0583555],[5.7496809,50.0581606],[5.749535,50.0579877],[5.7491979,50.0577753],[5.749476,50.0575021],[5.7490253,50.0573144],[5.7486176,50.0576158],[5.7484862,50.0575831],[5.7483802,50.0575134],[5.7477741,50.0570184],[5.7472967,50.0572575],[5.7470018,50.057002],[5.7475857,50.0566944],[5.7475708,50.0566567],[5.7474978,50.0564706],[5.7466038,50.0566029],[5.7467601,50.0568639],[5.7461339,50.0572154],[5.7459592,50.0571394],[5.745451,50.0575889],[5.7452783,50.057571],[5.7447177,50.0580583],[5.7449993,50.0582082],[5.7451026,50.0581311],[5.7463029,50.0585818],[5.7473007,50.058847],[5.7482563,50.0591535],[5.7484191,50.0589862],[5.7488368,50.0591665],[5.7489637,50.0590829],[5.7499185,50.0599112],[5.7501224,50.0598165],[5.7506642,50.0603055],[5.7504925,50.0603847],[5.750859,50.060705],[5.7506052,50.06086],[5.7503504,50.0609616],[5.7501203,50.060994],[5.7492517,50.0607355],[5.7489668,50.0609566],[5.7489181,50.0609943],[5.7491782,50.0611441],[5.7488984,50.0613381],[5.7486847,50.0615849],[5.7486244,50.061547],[5.7484139,50.0617312],[5.7479189,50.061634],[5.7480812,50.0613791],[5.7476856,50.0612302],[5.7474402,50.061219],[5.7472425,50.0613378],[5.7469388,50.0616977],[5.7463572,50.0616923],[5.745949,50.0616625],[5.7450368,50.0614109],[5.7446878,50.0618404],[5.745493,50.062146],[5.7459209,50.0616951],[5.7471085,50.0622284],[5.7466645,50.062794],[5.747361,50.0630408],[5.7471719,50.0632781],[5.7464774,50.0630318],[5.7461913,50.0633924],[5.7468734,50.0636487],[5.7468468,50.0637009],[5.7468752,50.0637245],[5.7469394,50.0637778],[5.7475663,50.0639829],[5.7480479,50.063459],[5.7472453,50.0633203],[5.7474921,50.0630318],[5.7478908,50.0631414],[5.7479176,50.0630795],[5.7490198,50.0633475],[5.7492508,50.0631698],[5.7485035,50.062964],[5.7490441,50.0623227],[5.7491876,50.0620748],[5.7492574,50.0618767],[5.749439,50.0617739],[5.7497517,50.06192],[5.7499078,50.061993],[5.7500312,50.0618225],[5.7502618,50.0619],[5.7502001,50.0619999],[5.7504221,50.0621148],[5.7509818,50.0617851],[5.7515904,50.0621611],[5.7511159,50.0625019],[5.7521769,50.0630261],[5.7522708,50.0629761],[5.7526124,50.0630623],[5.7535636,50.0635288],[5.7542476,50.0637372],[5.7548591,50.0639817],[5.7547545,50.0640815],[5.7548645,50.0641263],[5.7546687,50.064314],[5.7547162,50.0644559],[5.7548591,50.0646669],[5.7547492,50.064834],[5.7545078,50.0648994],[5.7549906,50.0652661],[5.7554653,50.0653815],[5.7558221,50.0648994],[5.7559566,50.0647096],[5.7561882,50.0644035],[5.756329,50.0643803],[5.7563679,50.0642778],[5.7564336,50.0641074],[5.7563934,50.0639946],[5.7562901,50.0638035],[5.7562166,50.0637717],[5.7556197,50.0634391],[5.7554201,50.0635485],[5.7550925,50.0637389],[5.7545668,50.063503],[5.7549973,50.0632008],[5.7547116,50.0629908],[5.7545614,50.0630889],[5.7539633,50.0627773],[5.7545269,50.0624202],[5.7537098,50.0619516],[5.7537943,50.0618914],[5.7534242,50.0615866],[5.7528073,50.0611699],[5.7527724,50.0611923],[5.7526578,50.0611243],[5.7523191,50.0608935],[5.7521193,50.0605207],[5.7524005,50.0604382],[5.7524653,50.0604192],[5.7521853,50.0601244],[5.7518175,50.0597751],[5.7517639,50.0596598],[5.7517344,50.0594669],[5.7517183,50.0591019],[5.7515117,50.0591931]]]}},{"type":"Feature","properties":{"t":"casario"},"geometry":{"type":"Polygon","coordinates":[[[5.7950616,50.0079757],[5.7951643,50.0079574],[5.7961088,50.007789],[5.7958809,50.0073563],[5.7962429,50.0073098],[5.7964602,50.0077649],[5.7980669,50.0076528],[5.7986811,50.0077821],[5.798842,50.0077769],[5.7991639,50.0078062],[5.7996646,50.0074877],[5.800226,50.0071469],[5.8004902,50.0070521],[5.8007812,50.0068995],[5.8005097,50.0066293],[5.802676,50.0057684],[5.8025488,50.0056704],[5.802573,50.0055377],[5.8029221,50.0053846],[5.8019319,50.0050257],[5.8018246,50.0051325],[5.8003923,50.0049044],[5.8001885,50.0054463],[5.8000973,50.0054721],[5.7999846,50.0059048],[5.80019,50.0058964],[5.8005255,50.0062381],[5.7998291,50.0064841],[5.7996547,50.0063031],[5.7973049,50.0067103],[5.7973561,50.007196],[5.79723,50.0072253],[5.7964012,50.0072219],[5.7953048,50.007468],[5.7948137,50.0075643],[5.7950616,50.0079757]]]}},{"type":"Feature","properties":{"t":"casario"},"geometry":{"type":"Polygon","coordinates":[[[5.7766863,50.0156249],[5.7766793,50.0154167],[5.7764872,50.0147956],[5.7764967,50.0147313],[5.7770249,50.0146679],[5.7773728,50.0146354],[5.7783488,50.014544],[5.7787658,50.014505],[5.7790421,50.0144792],[5.7796923,50.0148295],[5.7805363,50.0146679],[5.7801284,50.0142707],[5.7800853,50.0142287],[5.780335,50.0141312],[5.7793172,50.0134159],[5.7794604,50.0132342],[5.7805011,50.0136961],[5.7808095,50.0135565],[5.7812843,50.013915],[5.7817204,50.0137124],[5.7813047,50.0133074],[5.7813292,50.0132958],[5.7816705,50.0131342],[5.7823062,50.013784],[5.7825573,50.0140088],[5.7829311,50.0138995],[5.7835373,50.0136858],[5.7845432,50.0134548],[5.7843742,50.0133394],[5.7843044,50.0131653],[5.7833844,50.0133307],[5.7833749,50.0133116],[5.7830857,50.0127282],[5.7827595,50.0128343],[5.7816651,50.012038],[5.7819279,50.0119826],[5.7820165,50.0119639],[5.7818411,50.0112614],[5.7822069,50.011152],[5.7823384,50.0113175],[5.78262,50.0111331],[5.7825744,50.0110159],[5.7830431,50.0108487],[5.7831036,50.0108182],[5.7824135,50.0100799],[5.7827085,50.0100023],[5.7828925,50.0101961],[5.7830948,50.0101402],[5.7834971,50.0104264],[5.7838753,50.0107246],[5.7841703,50.0111055],[5.78435,50.0113003],[5.7843259,50.0114554],[5.7846102,50.0117846],[5.7842267,50.0119268],[5.7843903,50.0121294],[5.7846437,50.0120251],[5.7845955,50.011982],[5.784802,50.0118958],[5.7848543,50.0119337],[5.7850434,50.0118863],[5.7851815,50.0121121],[5.7851373,50.0122466],[5.7852435,50.0124438],[5.785211,50.0125517],[5.7853425,50.0127206],[5.7868327,50.0123128],[5.7870564,50.013086],[5.7873514,50.0130429],[5.7872012,50.0126085],[5.7875124,50.0125706],[5.7873943,50.0122414],[5.7876694,50.0121857],[5.787684,50.0121828],[5.7875204,50.01158],[5.78792,50.0109765],[5.7882918,50.0104515],[5.7880542,50.0101506],[5.7877775,50.0095243],[5.7877564,50.0094766],[5.7877886,50.00943],[5.7874288,50.0090493],[5.7886838,50.0083743],[5.7890532,50.0086614],[5.7892226,50.008793],[5.7898727,50.0086733],[5.7902831,50.0086113],[5.7908142,50.0085733],[5.7912245,50.008625],[5.7914498,50.0087043],[5.791592,50.0086423],[5.7912433,50.0082303],[5.7914069,50.008101],[5.7915518,50.0080976],[5.7929783,50.0075239],[5.7935406,50.0078709],[5.7911333,50.0088715],[5.790385,50.009337],[5.7896114,50.0099893],[5.7901185,50.0101544],[5.7896254,50.0107202],[5.7902714,50.0108959],[5.7901651,50.0110865],[5.7909431,50.0112811],[5.7917851,50.0114916],[5.7916751,50.0116536],[5.7916778,50.0116847],[5.7916047,50.0117908],[5.7907042,50.0116709],[5.7898142,50.0115376],[5.7897587,50.0116855],[5.7889755,50.0116071],[5.7889608,50.0117588],[5.7897493,50.0118269],[5.7897426,50.0119975],[5.7896678,50.0119956],[5.7893349,50.0119872],[5.7893202,50.0120759],[5.7891552,50.0120716],[5.7891217,50.0121992],[5.7892464,50.0122776],[5.7893416,50.0124077],[5.7898043,50.0123922],[5.7898821,50.0126473],[5.7891579,50.0129165],[5.7891073,50.012933],[5.7886959,50.0130675],[5.7885282,50.0131541],[5.7884847,50.0130231],[5.7882017,50.0129662],[5.7882101,50.0129947],[5.7882379,50.0130886],[5.7881843,50.0130886],[5.7883117,50.0134212],[5.7883841,50.0134005],[5.7884272,50.0134399],[5.7887489,50.0137341],[5.7880434,50.013822],[5.7880488,50.0138788],[5.7887381,50.014258],[5.7879737,50.0145131],[5.7877537,50.0141115],[5.7870189,50.0142977],[5.7867881,50.013865],[5.7861943,50.014008],[5.7861034,50.0140342],[5.7882875,50.0162746],[5.7875499,50.0160126],[5.7870497,50.016004],[5.7866138,50.0160764],[5.7869732,50.0164969],[5.7864864,50.0166606],[5.7862839,50.0164262],[5.7858843,50.0160531],[5.7859486,50.0160436],[5.7848634,50.0154198],[5.7847577,50.0154662],[5.7842159,50.015237],[5.7841569,50.0152846],[5.7837804,50.0155876],[5.7841322,50.0158888],[5.7842446,50.015985],[5.7844698,50.0161777],[5.7844922,50.0162229],[5.7843822,50.016328],[5.784114,50.0163625],[5.7840979,50.0169209],[5.7839692,50.0169209],[5.7839745,50.0170588],[5.7839209,50.0170579],[5.78376,50.0170562],[5.7834971,50.0170622],[5.7829674,50.0170674],[5.7829607,50.0169872],[5.7824409,50.0169596],[5.7824215,50.0168813],[5.7824162,50.0166469],[5.7823458,50.0166465],[5.7824215,50.0163487],[5.7826093,50.0160643],[5.7827351,50.0159726],[5.7830706,50.0157282],[5.7824768,50.0147844],[5.7821077,50.0148544],[5.781869,50.0150716],[5.7816517,50.0151767],[5.7817081,50.0153456],[5.7814506,50.0154111],[5.7812145,50.0150474],[5.7809886,50.0151068],[5.7809329,50.0151215],[5.7809758,50.0151991],[5.7808122,50.0152301],[5.7807961,50.0151991],[5.7799244,50.0153577],[5.7792672,50.0153956],[5.7784438,50.0153956],[5.7783419,50.0150871],[5.777446,50.0151905],[5.7774916,50.0153852],[5.7776552,50.0154111],[5.7778028,50.0157403],[5.7770383,50.0156731],[5.7766863,50.0156249]]]}},{"type":"Feature","properties":{"t":"casario"},"geometry":{"type":"Polygon","coordinates":[[[5.7811887,50.0082257],[5.7809777,50.0078152],[5.7808609,50.0076738],[5.7807027,50.0075192],[5.7803075,50.0072607],[5.7798985,50.0070928],[5.7796132,50.0070133],[5.7792282,50.0069603],[5.7788828,50.0069393],[5.7786027,50.0069437],[5.7781593,50.0069956],[5.7760179,50.0072762],[5.7743131,50.0074949],[5.7736223,50.0075722],[5.773239,50.0075987],[5.7728858,50.0075832],[5.7726117,50.0075589],[5.7723436,50.0075136],[5.7719203,50.0074007],[5.7709207,50.0070575],[5.7700767,50.0067618],[5.7695163,50.0065891],[5.7691736,50.0070395],[5.7713306,50.0077959],[5.7722863,50.0080678],[5.7727589,50.0081148],[5.7732792,50.0081312],[5.7737767,50.0080807],[5.774689,50.0079933],[5.7750471,50.00796],[5.7749945,50.0075132],[5.7754344,50.0075391],[5.7756051,50.0079417],[5.7765716,50.0077474],[5.7766898,50.0077423],[5.7774326,50.0077097],[5.7774729,50.00797],[5.7774031,50.0079703],[5.7772878,50.0079708],[5.7768225,50.0081248],[5.7766306,50.0083061],[5.7761291,50.0084285],[5.7760137,50.0082958],[5.7756677,50.0083372],[5.7758327,50.0087398],[5.7758384,50.0087538],[5.7770142,50.0084952],[5.7771564,50.008844],[5.7787389,50.0086716],[5.7787791,50.0086837],[5.7795435,50.009256],[5.7800478,50.0091215],[5.7796106,50.0087509],[5.7797704,50.0087113],[5.7795395,50.0084699],[5.7787043,50.0086069],[5.7783714,50.0083837],[5.7792726,50.0082424],[5.7791921,50.0081303],[5.7790822,50.0081183],[5.778873,50.0079235],[5.7788435,50.0078614],[5.7798091,50.0077614],[5.7804903,50.0077356],[5.7805762,50.0080941],[5.7806924,50.0080758],[5.780744,50.008279],[5.7811887,50.0082257]]]}},{"type":"Feature","properties":{"t":"casario"},"geometry":{"type":"Polygon","coordinates":[[[5.7514837,50.0068123],[5.746327,50.0073029],[5.7463111,50.0077646],[5.7477003,50.0076408],[5.7486398,50.0075489],[5.7489341,50.0075201],[5.7490012,50.0075787],[5.7492748,50.0075615],[5.7493821,50.0076201],[5.7495752,50.0076063],[5.7495993,50.0075821],[5.7499909,50.0075408],[5.7499802,50.0074322],[5.7505437,50.0073693],[5.7506347,50.0075718],[5.750755,50.0075348],[5.7508251,50.0075132],[5.7510048,50.0073494],[5.7515658,50.0072742],[5.7515869,50.0073253],[5.7519114,50.0073081],[5.7518148,50.0067892],[5.7514837,50.0068123]]]}},{"type":"Feature","properties":{"t":"casario"},"geometry":{"type":"Polygon","coordinates":[[[5.7641315,50.0058747],[5.7638436,50.0058403],[5.7634673,50.0057972],[5.7632026,50.0057718],[5.7630582,50.0057641],[5.7627008,50.0057475],[5.7624103,50.0057685],[5.7619687,50.0058127],[5.761468,50.0058615],[5.7608297,50.0059066],[5.7606956,50.0057307],[5.7605763,50.0056376],[5.7600774,50.0056307],[5.7601166,50.0054537],[5.7601243,50.0054187],[5.7600117,50.0050722],[5.760591,50.0050584],[5.7610255,50.0050308],[5.761165,50.0049533],[5.7612696,50.0049636],[5.7616183,50.0049964],[5.7620341,50.0050843],[5.7621706,50.0049407],[5.7624203,50.0049429],[5.7627207,50.0047809],[5.7628763,50.0047843],[5.763234,50.0047327],[5.7633425,50.0048678],[5.7644427,50.0049877],[5.7646103,50.0050343],[5.7648692,50.0051205],[5.7652178,50.0049748],[5.7652956,50.0053092],[5.7638928,50.0054877],[5.7639089,50.0055721],[5.7641128,50.0055497],[5.7641235,50.0055876],[5.764437,50.0055534],[5.7643622,50.0057381],[5.7641315,50.0058747]]]}},{"type":"Feature","properties":{"t":"casario"},"geometry":{"type":"Polygon","coordinates":[[[5.7357067,50.0175572],[5.7343528,50.0172193],[5.7332808,50.0172966],[5.7321891,50.0173431],[5.7310735,50.0174697],[5.7311908,50.0179292],[5.7303974,50.0182204],[5.7303679,50.018291],[5.7296531,50.0185652],[5.7290065,50.0178767],[5.7293657,50.0177705],[5.7295981,50.0178154],[5.7300299,50.0180739],[5.7301748,50.0180136],[5.7298127,50.0177516],[5.7296222,50.0176947],[5.7292479,50.0175453],[5.7300112,50.0172966],[5.72981,50.0170157],[5.7301104,50.0169209],[5.7301158,50.0168244],[5.730435,50.0167382],[5.7303894,50.0165934],[5.7307858,50.0164974],[5.73257,50.0163745],[5.7336608,50.0162632],[5.7340479,50.0162522],[5.734072,50.0163521],[5.7343724,50.0163625],[5.7344127,50.0163384],[5.7345575,50.0163125],[5.7348901,50.0162953],[5.7349545,50.0162591],[5.7352095,50.016255],[5.7353166,50.0161746],[5.7353921,50.016195],[5.7352789,50.0162963],[5.7353251,50.0165708],[5.7355204,50.0165538],[5.7355853,50.016646],[5.7358689,50.0166014],[5.7360175,50.0169561],[5.7359167,50.0170896],[5.7358785,50.0171402],[5.735845,50.0171846],[5.7357067,50.0175572]]]}},{"type":"Feature","properties":{"t":"casario"},"geometry":{"type":"Polygon","coordinates":[[[5.7204682,49.9903812],[5.7197528,49.9903197],[5.7197694,49.9906775],[5.7205018,49.9907868],[5.7200602,49.9915497],[5.7199261,49.9916583],[5.7199011,49.991655],[5.7198408,49.9916471],[5.7194191,49.9915842],[5.718931,49.9913652],[5.7181451,49.9909824],[5.7179171,49.9907496],[5.717884,49.9902529],[5.7178795,49.9901857],[5.7179305,49.9894666],[5.7180887,49.9886923],[5.7177104,49.9886005],[5.717716,49.988566],[5.7178879,49.9875076],[5.7171929,49.9874368],[5.7171275,49.987434],[5.7169086,49.9878576],[5.7165145,49.9898695],[5.7159591,49.9898615],[5.7159296,49.9901184],[5.7156768,49.990121],[5.7157485,49.9906728],[5.7164231,49.9904995],[5.7164311,49.9905737],[5.7153153,49.9908547],[5.7157378,49.9914117],[5.7168992,49.9926257],[5.7169971,49.9928205],[5.7172401,49.9930724],[5.7162876,49.9935357],[5.7165733,49.9936258],[5.7169156,49.9940827],[5.7170189,49.9943918],[5.7171044,49.9946897],[5.7169646,49.9956521],[5.7174048,49.9955518],[5.7176606,49.9960104],[5.7173645,49.9961381],[5.7170817,49.9966071],[5.7176918,49.9967829],[5.7175899,49.9969364],[5.7170185,49.9967691],[5.7169381,49.9967985],[5.7165531,49.9967057],[5.7165465,49.9966278],[5.7155192,49.996614],[5.7155326,49.9964553],[5.7152107,49.9963846],[5.7145835,49.9963928],[5.7144228,49.9964463],[5.7144857,49.9969232],[5.7147463,49.9972962],[5.7142352,49.997283],[5.7140489,49.9973314],[5.7145598,49.9978843],[5.7146211,49.9978531],[5.7147285,49.9979483],[5.7149482,49.9978465],[5.7148767,49.9977594],[5.7150172,49.9976264],[5.7153699,49.9977331],[5.7167919,49.9981183],[5.7162919,49.9988331],[5.7156385,49.9986566],[5.7151439,49.9986745],[5.7147094,49.9988159],[5.7145538,49.9985607],[5.7145109,49.998471],[5.7144721,49.9984051],[5.7141253,49.9985233],[5.713581,49.9978859],[5.7140538,49.9977101],[5.7137192,49.997344],[5.7135247,49.9973405],[5.7132513,49.9974276],[5.7131235,49.9972485],[5.7135094,49.9971565],[5.7139796,49.9971384],[5.7140154,49.9968707],[5.714202,49.9967639],[5.7142049,49.9963812],[5.7140493,49.9963381],[5.714044,49.9961708],[5.7132317,49.9961447],[5.7132259,49.9959036],[5.7129899,49.9958553],[5.7130033,49.9954277],[5.7126975,49.9952742],[5.7124074,49.9937804],[5.7116213,49.9936178],[5.7114422,49.9934706],[5.7113185,49.9934837],[5.7100062,49.993126],[5.7095154,49.9934643],[5.7093501,49.9933706],[5.7094467,49.9932965],[5.7092831,49.993174],[5.7091489,49.9932482],[5.7086661,49.9928654],[5.7082853,49.9930585],[5.7080006,49.9928372],[5.7070523,49.9932166],[5.7051789,49.9941307],[5.7048709,49.9939447],[5.7045798,49.9937689],[5.7048386,49.9934353],[5.7049097,49.9932042],[5.7051909,49.9929317],[5.7048314,49.9928142],[5.704462,49.9926935],[5.7032591,49.9921975],[5.7026685,49.992592],[5.7015932,49.9920963],[5.7009736,49.9931258],[5.7016495,49.9933534],[5.7020169,49.9928585],[5.7021542,49.9927831],[5.7022213,49.9928265],[5.7019788,49.993348],[5.7020244,49.9935385],[5.7021397,49.9936721],[5.7033874,49.9944811],[5.7039562,49.9943517],[5.7045464,49.9941547],[5.7047416,49.9940569],[5.7050016,49.994219],[5.7052169,49.9943871],[5.7053382,49.9945294],[5.7053925,49.9946983],[5.705308,49.9948794],[5.7054242,49.9950479],[5.7055206,49.9950752],[5.7055896,49.9952466],[5.7055977,49.9954432],[5.705713,49.9954294],[5.7058901,49.9956518],[5.7060058,49.9956032],[5.7063192,49.9960484],[5.706633,49.9961122],[5.7065352,49.9961801],[5.7067698,49.9964812],[5.7070917,49.996564],[5.7072285,49.9965088],[5.7076469,49.9965829],[5.7081217,49.9963571],[5.7083148,49.9963864],[5.7081699,49.9966467],[5.708238,49.9967022],[5.7073516,49.9972785],[5.7078595,49.9976378],[5.7080626,49.9979985],[5.7080888,49.9981215],[5.7093587,49.9989102],[5.7090217,49.9991164],[5.7094178,49.9993759],[5.7091674,49.9995895],[5.7105065,50.0003862],[5.7108694,50.0001595],[5.7112036,50.0004157],[5.7119045,50.0009529],[5.712666,50.0013956],[5.7125792,50.0014392],[5.7120706,50.0014852],[5.7111621,50.0009538],[5.7107532,50.0008035],[5.7097488,50.0003115],[5.7096734,50.0003632],[5.7088607,49.9999336],[5.7086499,50.0001094],[5.7077107,49.9995386],[5.7076187,49.9996338],[5.7073759,49.9995648],[5.7066577,50.000309],[5.7058859,50.0000823],[5.7060086,49.9999115],[5.7057428,49.9998277],[5.7052036,49.999785],[5.7053671,49.9995944],[5.7052496,49.999486],[5.7055716,49.9991394],[5.7050196,49.9987977],[5.7048739,49.9989603],[5.7046158,49.9988847],[5.7045391,49.9989899],[5.7042529,49.998893],[5.7045136,49.9985381],[5.7035654,49.9983525],[5.7041404,49.9978186],[5.7043244,49.9979138],[5.7047538,49.9976231],[5.704143,49.9971713],[5.703867,49.9973931],[5.7038184,49.9971894],[5.7036395,49.9970448],[5.7034555,49.9969972],[5.70366,49.9966538],[5.7030871,49.9964502],[5.7028935,49.9965569],[5.7013246,49.9963387],[5.7007391,49.9971484],[5.7004412,49.9974614],[5.7002453,49.9974088],[5.7000831,49.997514],[5.6989471,49.9979672],[5.6986401,49.9979765],[5.6980762,49.9982623],[5.6977879,49.9985962],[5.6974628,49.999354],[5.6963685,50.00101],[5.6963639,50.0011944],[5.6972383,50.0011631],[5.6970615,50.0017206],[5.6958513,50.00178],[5.6958041,50.0018644],[5.6945487,50.0017947],[5.6942924,50.0018667],[5.6936441,50.001865],[5.6936219,50.0017591],[5.6931345,50.0017556],[5.6932312,50.0026097],[5.6921652,50.0026587],[5.692243,50.0028],[5.6925199,50.0028289],[5.6926694,50.0034241],[5.6929886,50.003462],[5.6931871,50.0035379],[5.6942131,50.0033629],[5.6944665,50.0034603],[5.6946087,50.0035931],[5.694834,50.0036034],[5.6947508,50.0040912],[5.694549,50.0040688],[5.6941532,50.0052451],[5.6979454,50.0061676],[5.698058,50.0061996],[5.697881,50.0065685],[5.6978275,50.0066245],[5.6979239,50.006653],[5.6982141,50.0066999],[5.69897,50.0068219],[5.7003754,50.0070495],[5.7009789,50.0072064],[5.7024783,50.0077993],[5.703747,50.0080562],[5.7040369,50.0073446],[5.7042102,50.0072283],[5.7036645,50.0071285],[5.7037188,50.0069784],[5.7043188,50.0070772],[5.704569,50.0065637],[5.7048117,50.0065724],[5.7048193,50.0065065],[5.705166,50.0065666],[5.7052851,50.0063069],[5.703755,50.0059543],[5.7036781,50.0056287],[5.7029078,50.0054321],[5.7029568,50.005373],[5.7032002,50.005464],[5.7032244,50.005433],[5.7037158,50.0055319],[5.7039419,50.0051356],[5.7057177,50.0053778],[5.7058579,50.0052916],[5.7067247,50.0053604],[5.7068744,50.0054842],[5.707655,50.0053877],[5.7082638,50.0051705],[5.708553,50.005001],[5.7089813,50.0053506],[5.7092334,50.0052025],[5.7094225,50.005324],[5.7095807,50.0049482],[5.7100948,50.0047035],[5.7106479,50.0044403],[5.7111097,50.0041627],[5.7116796,50.0045454],[5.712321,50.0042169],[5.7125613,50.0043976],[5.7120757,50.0046899],[5.7126303,50.0050382],[5.7124775,50.0051371],[5.7129012,50.005439],[5.7122495,50.0055556],[5.7120835,50.0055469],[5.7119068,50.005466],[5.7115828,50.0056385],[5.7120493,50.0060585],[5.7125099,50.0058384],[5.7127573,50.0060173],[5.7138972,50.0052705],[5.7141129,50.0054266],[5.7136233,50.0057788],[5.7141579,50.0061593],[5.7136984,50.0064688],[5.7144342,50.0073381],[5.7145603,50.0073381],[5.7148821,50.0075811],[5.7146971,50.007788],[5.7162059,50.0084481],[5.7159084,50.0087283],[5.7160033,50.0087743],[5.7158799,50.0088805],[5.7164639,50.0091687],[5.7161896,50.0095336],[5.7160836,50.0095422],[5.7159792,50.0096938],[5.7158692,50.0096619],[5.7157564,50.0098275],[5.7158035,50.0098662],[5.7157418,50.0099437],[5.7160877,50.0100524],[5.7160407,50.0101403],[5.7156531,50.0101662],[5.7153795,50.0100956],[5.7147975,50.0101041],[5.7149048,50.0103989],[5.713848,50.0105368],[5.7137005,50.0104023],[5.7130433,50.0104816],[5.7116582,50.0112503],[5.7114154,50.011026],[5.7111825,50.0111149],[5.7109299,50.0110021],[5.7109152,50.0111701],[5.7106765,50.0113279],[5.7114275,50.0117346],[5.7113537,50.011782],[5.7107677,50.0115218],[5.7103548,50.0116784],[5.7099898,50.0115028],[5.7098396,50.011689],[5.7096961,50.0119001],[5.7091353,50.0117588],[5.7088874,50.0120048],[5.7097244,50.012352],[5.7090297,50.0126863],[5.7091906,50.0128466],[5.708681,50.0130742],[5.7082733,50.012695],[5.7078871,50.0131569],[5.707584,50.0132638],[5.7077718,50.0133879],[5.7071544,50.013537],[5.7069498,50.0133363],[5.7062921,50.0135169],[5.7060075,50.0136569],[5.7066663,50.0141402],[5.7059701,50.0141644],[5.7057966,50.0141204],[5.7056326,50.0138875],[5.7055946,50.0138607],[5.7052651,50.0140702],[5.7050988,50.014246],[5.7047635,50.0146096],[5.705198,50.0147613],[5.7050581,50.0152204],[5.7044792,50.0149221],[5.7042808,50.0150978],[5.7040098,50.0153378],[5.7037803,50.0154531],[5.7034772,50.0156613],[5.7030174,50.0159144],[5.7024059,50.0161798],[5.7011559,50.0167249],[5.70151,50.0173259],[5.7007984,50.0176255],[5.7015937,50.0183384],[5.7006151,50.0188351],[5.7010911,50.019189],[5.7013786,50.0194026],[5.7011208,50.019499],[5.7016844,50.0198163],[5.7022433,50.0191914],[5.702724,50.0194162],[5.7028986,50.0198148],[5.7021912,50.0202593],[5.7022863,50.0202994],[5.703755,50.0209175],[5.7039339,50.0207491],[5.7043424,50.0207555],[5.7042834,50.0213104],[5.704962,50.0214862],[5.7050434,50.0218061],[5.7050559,50.021855],[5.7044578,50.0217929],[5.7044095,50.0220842],[5.7045404,50.0221085],[5.7044692,50.022313],[5.7047643,50.0223621],[5.7046671,50.0226485],[5.7047092,50.0226948],[5.7049202,50.0227285],[5.7048923,50.0228131],[5.7051766,50.0228717],[5.7054085,50.0222467],[5.705587,50.0218821],[5.7069265,50.0193391],[5.7074327,50.0182834],[5.7063698,50.0180708],[5.7059967,50.0188716],[5.70519,50.018665],[5.7050452,50.0189546],[5.7046182,50.0188478],[5.7043532,50.0188322],[5.7042485,50.0190097],[5.7035431,50.0187822],[5.7034988,50.0185579],[5.7035029,50.0184186],[5.7036746,50.0183169],[5.7045007,50.0185961],[5.7045865,50.0184961],[5.7047877,50.0185461],[5.7052521,50.0177539],[5.704667,50.0177033],[5.7044933,50.0176492],[5.7041171,50.0175276],[5.7040232,50.0174241],[5.7039029,50.0173771],[5.7036424,50.0174914],[5.7032349,50.0169018],[5.7053952,50.0161841],[5.7047568,50.0158532],[5.7049298,50.0156989],[5.7056366,50.0158971],[5.7059917,50.0151127],[5.7060564,50.0147958],[5.7061154,50.0146975],[5.7068878,50.0146614],[5.7072965,50.0145894],[5.7072768,50.0142546],[5.7071882,50.0141219],[5.7072258,50.0141115],[5.7074404,50.0140615],[5.7075521,50.0140046],[5.7084097,50.0136594],[5.7094224,50.0142694],[5.7115027,50.0121812],[5.7126799,50.0115623],[5.7127078,50.0115886],[5.7131526,50.0120081],[5.7142047,50.0123619],[5.7143068,50.0122311],[5.7148647,50.0120242],[5.7151303,50.0123827],[5.7156413,50.0122516],[5.716748,50.0119302],[5.7169881,50.0119912],[5.7184884,50.0123724],[5.7187164,50.0121311],[5.7188632,50.0121589],[5.7197705,50.012331],[5.7198322,50.0120277],[5.7199421,50.0120415],[5.7198858,50.0123879],[5.7204303,50.0124276],[5.7202533,50.0130653],[5.7203243,50.013074],[5.7203096,50.0131579],[5.7202562,50.0134639],[5.7199992,50.0141926],[5.7198188,50.0144979],[5.7191415,50.0156442],[5.719665,50.0157747],[5.7197479,50.0157954],[5.7189303,50.0170258],[5.7197079,50.0171075],[5.7207382,50.0155483],[5.7208943,50.0152181],[5.7210714,50.0152474],[5.7213258,50.014878],[5.7220447,50.0150519],[5.7226458,50.0152749],[5.7233178,50.0156221],[5.7230026,50.0160643],[5.7237858,50.0163608],[5.724003,50.0159781],[5.7245609,50.015985],[5.724633,50.0160679],[5.7249954,50.0164848],[5.7250705,50.0164538],[5.7251859,50.0168537],[5.724628,50.0172466],[5.7243785,50.0170553],[5.7241157,50.0172966],[5.7246548,50.0175724],[5.7252529,50.0171794],[5.7256794,50.0175448],[5.7261997,50.0181549],[5.7259825,50.0185461],[5.7265779,50.0186995],[5.7268944,50.0183307],[5.7271521,50.0181519],[5.7272837,50.0180934],[5.7269213,50.0176947],[5.7270768,50.0176241],[5.7273772,50.0179326],[5.7275221,50.0179188],[5.727624,50.0179305],[5.7279888,50.017674],[5.727911,50.0173225],[5.7281318,50.0172444],[5.7275274,50.0163194],[5.7274175,50.0162711],[5.7270312,50.01644],[5.726535,50.0160023],[5.7257545,50.0163159],[5.7255077,50.0160281],[5.7259235,50.0158627],[5.7258242,50.0156438],[5.726307,50.0155093],[5.7261463,50.0152786],[5.7266054,50.0151445],[5.726774,50.0149291],[5.7267442,50.0146045],[5.7265833,50.0143804],[5.7263446,50.0143839],[5.7259636,50.0135233],[5.7263409,50.0134467],[5.7260495,50.0128921],[5.7270305,50.0125677],[5.7273236,50.01245],[5.7275891,50.0117433],[5.7279291,50.0113288],[5.7281712,50.0102997],[5.72725,50.0099495],[5.7272419,50.009353],[5.7274054,50.0089861],[5.7274818,50.0088147],[5.727101,50.0086699],[5.7265377,50.0085475],[5.7264588,50.0083813],[5.7263537,50.0081599],[5.7263151,50.0080786],[5.7275382,50.0084346],[5.7276428,50.008301],[5.7283965,50.0085302],[5.7284555,50.0084794],[5.7283911,50.0081967],[5.7269519,50.0074183],[5.7267201,50.0072581],[5.7265735,50.0071787],[5.7267939,50.0071317],[5.7277451,50.0073218],[5.727978,50.0072201],[5.7277656,50.0071363],[5.7266705,50.0068986],[5.7269695,50.0065832],[5.7270111,50.0064711],[5.7275864,50.0063893],[5.7277527,50.0061772],[5.7273075,50.0059152],[5.7273987,50.0057531],[5.7275328,50.0056773],[5.7281658,50.0058376],[5.7282677,50.0057135],[5.7298045,50.0061223],[5.7299952,50.0053633],[5.7300953,50.0049646],[5.7308856,50.0048808],[5.7307702,50.0044671],[5.7313845,50.0043292],[5.7316822,50.0049067],[5.7344985,50.0048774],[5.7345736,50.0046809],[5.7353045,50.0046835],[5.7353018,50.0046395],[5.7360129,50.0046304],[5.7360207,50.004555],[5.7361789,50.0045619],[5.7361953,50.0046235],[5.7375053,50.0045274],[5.7374623,50.0043826],[5.7377762,50.0043723],[5.7376689,50.0040206],[5.738039,50.0040103],[5.7381463,50.0043275],[5.7384601,50.0043068],[5.7383609,50.0039723],[5.7389563,50.0039223],[5.739077,50.004343],[5.7397529,50.0042878],[5.7399031,50.0043413],[5.7407373,50.0043757],[5.7412764,50.0043171],[5.7423547,50.0037],[5.7423091,50.0036172],[5.7427222,50.0033552],[5.7428635,50.0034313],[5.7432801,50.0030448],[5.7436797,50.0025466],[5.74431,50.0027069],[5.7448652,50.0029155],[5.7448646,50.0029684],[5.744756,50.0030951],[5.7446755,50.0031371],[5.7444783,50.003366],[5.7443833,50.0033322],[5.7439803,50.0038016],[5.7440807,50.0038327],[5.7451683,50.0035551],[5.7453588,50.0036051],[5.7456511,50.0038448],[5.7468286,50.003531],[5.7469466,50.0034293],[5.7463619,50.0031345],[5.7463217,50.0030517],[5.7466502,50.0027742],[5.7463565,50.0026173],[5.7462788,50.0027242],[5.7461286,50.0026656],[5.7460508,50.0028828],[5.7454956,50.0027707],[5.7455412,50.0026613],[5.7455996,50.0026095],[5.7458255,50.0023205],[5.7457557,50.0023156],[5.7456404,50.0023242],[5.7454634,50.002257],[5.7453293,50.0023621],[5.7451053,50.0021707],[5.7448357,50.0020294],[5.7446077,50.001888],[5.7447526,50.0018208],[5.7448706,50.0019691],[5.7450637,50.0021087],[5.7455385,50.0021673],[5.7458147,50.0021846],[5.746142,50.0021087],[5.7462975,50.0019794],[5.7463539,50.0018346],[5.7468206,50.0019449],[5.7464424,50.002319],[5.746853,50.0023971],[5.7470673,50.0019708],[5.7471472,50.001962],[5.7472431,50.0016541],[5.7472524,50.0016243],[5.7464987,50.0015019],[5.7464215,50.0013313],[5.7460875,50.0013421],[5.7458094,50.0013139],[5.7458362,50.0011295],[5.7456297,50.001107],[5.7455841,50.0012484],[5.7453186,50.0012208],[5.74523,50.0013739],[5.744994,50.0012932],[5.7445702,50.0011881],[5.7435255,50.0007787],[5.7434586,50.0007936],[5.7433493,50.0007508],[5.7432988,50.0007898],[5.7430672,50.0007135],[5.742985,50.0008545],[5.7430883,50.0008812],[5.742977,50.0010562],[5.7428125,50.0010287],[5.7427651,50.0010502],[5.7420516,50.0008812],[5.7419108,50.0011208],[5.7426068,50.0012726],[5.7426135,50.0013984],[5.7427779,50.001409],[5.7427813,50.0014598],[5.7429647,50.0014752],[5.7430864,50.0014581],[5.7432291,50.0014381],[5.7447258,50.0017708],[5.7440713,50.0020303],[5.7438299,50.0019768],[5.7437896,50.0019922],[5.7435175,50.0020962],[5.7430628,50.0018139],[5.7427673,50.0017593],[5.7424529,50.0017012],[5.7421401,50.0016434],[5.7421562,50.0018191],[5.7420757,50.0018156],[5.7420073,50.0021691],[5.7414508,50.0020949],[5.7413904,50.0021972],[5.7413408,50.0022811],[5.7419014,50.0023966],[5.7418504,50.0024742],[5.7417136,50.0024277],[5.7408071,50.0029966],[5.7413158,50.003382],[5.7412657,50.0034008],[5.7407695,50.0030224],[5.7405978,50.0031707],[5.7402575,50.0032522],[5.7379202,50.0034669],[5.7379644,50.0035966],[5.7377363,50.0036612],[5.7372286,50.0034878],[5.7370117,50.0035276],[5.7367569,50.0033207],[5.7365141,50.0034017],[5.736663,50.003612],[5.7360569,50.0034915],[5.7357672,50.0034732],[5.7347362,50.0035133],[5.7343496,50.0035284],[5.7343517,50.0035576],[5.7343872,50.0040559],[5.7340497,50.0040769],[5.7339557,50.0035051],[5.733602,50.0034841],[5.7336857,50.0040995],[5.7333599,50.0041197],[5.7332969,50.0038448],[5.7333465,50.0034689],[5.7325847,50.0033776],[5.7325029,50.0035181],[5.7319906,50.0034551],[5.7312839,50.0034681],[5.7314998,50.0035827],[5.7311162,50.0038672],[5.7293537,50.0040068],[5.7293366,50.0038956],[5.7291568,50.0038442],[5.7290134,50.0041309],[5.7288873,50.0042327],[5.7284045,50.004393],[5.7280666,50.0043913],[5.7280599,50.004304],[5.728056,50.0042047],[5.7280427,50.0041117],[5.7280441,50.0040117],[5.7280568,50.0039976],[5.7280706,50.0038108],[5.7279056,50.0037827],[5.7279968,50.0034877],[5.7277991,50.0034275],[5.7284045,50.0029776],[5.7292011,50.0022484],[5.7294506,50.0023363],[5.7295876,50.0021909],[5.7296303,50.0016553],[5.729339,50.001524],[5.7292641,50.0015812],[5.7283497,50.0011035],[5.727687,50.0007494],[5.7282062,50.0004673],[5.7277009,50.0001898],[5.7280492,49.9999758],[5.7296273,49.999207],[5.7292601,49.9990433],[5.7288685,49.9992174],[5.7285614,49.9989626],[5.7279486,49.9992968],[5.7284662,49.9997002],[5.7283106,49.9997743],[5.727734,49.9993588],[5.7274094,49.9995088],[5.726932,49.9991657],[5.7264841,49.9996312],[5.7262346,49.9999381],[5.7261281,50.0000646],[5.7252449,49.9996416],[5.7251564,49.9997588],[5.7248211,49.9996899],[5.7249927,49.9993812],[5.7246759,49.9992865],[5.7243276,49.9999623],[5.7236087,50.0000536],[5.7240647,49.9992088],[5.7246614,49.9983407],[5.7241334,49.9981689],[5.7240686,49.998181],[5.7239319,49.9983847],[5.7236724,49.9982698],[5.7232842,49.99877],[5.7236449,49.9988623],[5.7235725,49.99902],[5.7231487,49.9989528],[5.7229194,49.9993243],[5.7229136,49.9997359],[5.7224634,49.9997381],[5.7223561,49.9996623],[5.722218,49.9997157],[5.7221282,49.9998433],[5.721758,49.9997761],[5.7214174,49.9997295],[5.7211357,49.9997105],[5.7210419,49.9997054],[5.7208836,49.9997261],[5.7206107,49.9997614],[5.7204923,49.9995501],[5.7204489,49.9995661],[5.7201766,49.9996308],[5.7202184,49.9996676],[5.7203525,49.9998228],[5.7196071,50.0000883],[5.7191565,49.9994986],[5.7188668,49.9995745],[5.7184216,49.9991297],[5.7188882,49.9988892],[5.7188478,49.9988037],[5.7191563,49.9985847],[5.7189759,49.9983278],[5.7188379,49.9982211],[5.7192673,49.9978301],[5.7198184,49.9974845],[5.7201466,49.9973341],[5.7216238,49.996895],[5.7226539,49.9969872],[5.7243293,49.9964478],[5.7243839,49.9960723],[5.7242323,49.9955855],[5.7271868,49.9947087],[5.7275828,49.9952761],[5.7287911,49.9949094],[5.7284716,49.9943707],[5.7293535,49.9941748],[5.7293063,49.9940985],[5.7357339,49.9929828],[5.7361972,49.9925683],[5.7354766,49.992493],[5.7347339,49.9925039],[5.7337623,49.992591],[5.7338354,49.992771],[5.7330896,49.9929021],[5.7297283,49.9934927],[5.7296912,49.9934299],[5.7302311,49.9927688],[5.7301765,49.9927492],[5.7293782,49.9936258],[5.7289178,49.9934559],[5.7283697,49.9937275],[5.7281336,49.9935793],[5.7278569,49.9934214],[5.7275791,49.9932629],[5.7274416,49.9931844],[5.7268113,49.9933844],[5.7269374,49.993493],[5.7263312,49.9938345],[5.7258913,49.9939793],[5.7246682,49.9942759],[5.7240057,49.9943086],[5.7239842,49.9942431],[5.7247674,49.9941862],[5.7245875,49.9932969],[5.724856,49.9932258],[5.7245475,49.9929792],[5.7237697,49.9931447],[5.7236356,49.9924705],[5.72429,49.9921532],[5.7237348,49.9911255],[5.7239203,49.9910484],[5.7239547,49.9910341],[5.7232413,49.9906254],[5.7231662,49.9904857],[5.7226512,49.9902219],[5.7227316,49.9900788],[5.722855,49.9901029],[5.7234718,49.9888773],[5.7227907,49.9887164],[5.7228336,49.9886405],[5.7235068,49.988794],[5.7236731,49.9882974],[5.7238254,49.9880875],[5.724121,49.98768],[5.7242766,49.9870247],[5.7239997,49.9870059],[5.7239091,49.9855657],[5.7231477,49.9855624],[5.7231742,49.9853259],[5.7232116,49.9852195],[5.7239601,49.9852173],[5.7243276,49.9842584],[5.724366,49.9841687],[5.7248291,49.9830873],[5.7249954,49.9827976],[5.7253422,49.9823995],[5.7246441,49.982256],[5.7246176,49.9822235],[5.7248991,49.9818217],[5.7219023,49.9814801],[5.7211568,49.9813951],[5.7213154,49.9820491],[5.7202519,49.9821848],[5.7208982,49.9843634],[5.7205828,49.9844093],[5.7205054,49.9844205],[5.720205,49.9843998],[5.7202023,49.9843084],[5.7196578,49.9842722],[5.7196391,49.9843739],[5.7197973,49.9843877],[5.719737,49.9846577],[5.7192151,49.9845969],[5.7191402,49.9858175],[5.7198508,49.9857883],[5.7201916,49.9857743],[5.7204746,49.9868039],[5.7205418,49.9870667],[5.7206355,49.9874334],[5.7213517,49.9873023],[5.7213865,49.9873566],[5.7206259,49.9875236],[5.7207052,49.9877852],[5.7208827,49.9886082],[5.7209663,49.9889813],[5.7209879,49.9889792],[5.7210535,49.9895126],[5.7213923,49.9895182],[5.7213563,49.9898243],[5.7208869,49.9898188],[5.7208523,49.990092],[5.7218091,49.9902587],[5.721696,49.9905465],[5.7204682,49.9903812]]]}},{"type":"Feature","properties":{"t":"casario"},"geometry":{"type":"Polygon","coordinates":[[[5.6824106,50.0273986],[5.6825124,50.0272983],[5.6837396,50.0264562],[5.6839147,50.0267455],[5.6841306,50.0270115],[5.6843557,50.0272974],[5.6843823,50.0272879],[5.6844348,50.0272693],[5.6846048,50.0272088],[5.6842644,50.0267601],[5.6848984,50.0263812],[5.6850654,50.0265077],[5.6851003,50.0264887],[5.6853899,50.0263302],[5.68528,50.0262285],[5.6850793,50.0260427],[5.6846106,50.0256906],[5.6848975,50.0253174],[5.6850629,50.0250665],[5.6852528,50.0249044],[5.6853722,50.0249549],[5.6851714,50.0252965],[5.6850412,50.0253906],[5.6853125,50.0255632],[5.6853451,50.0255457],[5.6855539,50.025666],[5.6854834,50.0257409],[5.6857139,50.0258794],[5.6858362,50.0259522],[5.6863824,50.0256128],[5.686433,50.0255813],[5.6859829,50.025301],[5.6861209,50.0252146],[5.6859771,50.0251344],[5.6863759,50.0248643],[5.6865088,50.0249392],[5.6869375,50.0246639],[5.6867394,50.0245819],[5.6869673,50.0243972],[5.6871079,50.0241429],[5.6873742,50.024263],[5.6879358,50.0239075],[5.6872603,50.0235292],[5.6870134,50.0233828],[5.6877025,50.0230744],[5.6875506,50.0228844],[5.6877866,50.0228025],[5.6882113,50.0232085],[5.6884898,50.0230307],[5.6888264,50.0232577],[5.6889684,50.0233044],[5.6891096,50.0233232],[5.6892015,50.0231871],[5.6886192,50.0226358],[5.688739,50.0226412],[5.6895609,50.0229867],[5.6905806,50.0232408],[5.6916756,50.0234628],[5.6915613,50.0235917],[5.692021,50.0237814],[5.691918,50.0238602],[5.6921158,50.0239855],[5.692503,50.0237224],[5.6920489,50.0235093],[5.6916951,50.0234342],[5.691894,50.0232699],[5.6908367,50.0229443],[5.690394,50.0228596],[5.6907562,50.0226126],[5.6906587,50.0225642],[5.6912939,50.022071],[5.6909986,50.0219019],[5.6906841,50.0217677],[5.6908189,50.0216499],[5.6912604,50.0218232],[5.6914482,50.0219378],[5.6916589,50.0218053],[5.6918009,50.0218071],[5.6922996,50.0214454],[5.6923879,50.0213789],[5.692639,50.0207921],[5.6922993,50.0205739],[5.6922732,50.0205572],[5.6916095,50.0208326],[5.6906268,50.0217166],[5.6900948,50.0215043],[5.6901203,50.0214037],[5.6898966,50.0211984],[5.6893853,50.0210403],[5.6890689,50.0213113],[5.688918,50.0213004],[5.6883721,50.02188],[5.6878655,50.021796],[5.6878263,50.0218548],[5.6874112,50.0217918],[5.6869765,50.0216805],[5.6869111,50.0216133],[5.6874275,50.0210316],[5.6882054,50.0212794],[5.6883721,50.0210778],[5.6876661,50.0208258],[5.687638,50.0204831],[5.6870182,50.0204707],[5.6868098,50.0204058],[5.6868293,50.0201795],[5.6864741,50.020133],[5.6863751,50.0202756],[5.686252,50.0205863],[5.6862345,50.0206305],[5.6854337,50.020452],[5.6851159,50.0206951],[5.6849288,50.0209446],[5.6857026,50.0211847],[5.6857707,50.0210991],[5.685849,50.0211241],[5.6866723,50.0213863],[5.6864293,50.0217349],[5.6861083,50.0216447],[5.6860381,50.0218058],[5.6863758,50.0218638],[5.686242,50.0221903],[5.6854631,50.0221215],[5.6853626,50.0221126],[5.68534,50.022168],[5.6853322,50.022187],[5.6851944,50.0225237],[5.6852862,50.0225452],[5.6850503,50.0231229],[5.684746,50.0233162],[5.6851563,50.0236018],[5.6852931,50.0235491],[5.6856049,50.0237519],[5.6851571,50.0240169],[5.6850854,50.0240593],[5.6848896,50.0241751],[5.6849098,50.024313],[5.6845837,50.0244909],[5.6843307,50.0248515],[5.6841061,50.0251715],[5.6837957,50.0248878],[5.6836615,50.0249633],[5.6838511,50.0252367],[5.6836973,50.0252919],[5.6835828,50.0251793],[5.6832623,50.0252877],[5.6836258,50.0257216],[5.6832636,50.0258677],[5.6835696,50.0262732],[5.6828768,50.0261988],[5.6827058,50.0263707],[5.6829362,50.0264882],[5.6828649,50.0265293],[5.6832033,50.0267385],[5.6829948,50.02689],[5.6824479,50.0265551],[5.6822178,50.0267053],[5.682756,50.0270418],[5.6824583,50.0272314],[5.682115,50.0270884],[5.6817502,50.0273813],[5.6813237,50.02719],[5.6811306,50.0273072],[5.6811681,50.0274709],[5.681034,50.0277121],[5.6808096,50.0276214],[5.6806988,50.0277123],[5.6805771,50.0278122],[5.6804386,50.0279258],[5.6804413,50.0280723],[5.6806134,50.0282834],[5.6809415,50.0284365],[5.6815138,50.0280058],[5.681964,50.0276741],[5.6824106,50.0273986]]]}},{"type":"Feature","properties":{"t":"casario"},"geometry":{"type":"Polygon","coordinates":[[[5.770016,50.0056312],[5.7708662,50.0059713],[5.7713037,50.0059599],[5.7713742,50.0057763],[5.7716337,50.0058911],[5.7719315,50.0059746],[5.7724088,50.0059783],[5.7725349,50.0059113],[5.7726194,50.0057618],[5.7728836,50.0058919],[5.7729574,50.0060755],[5.7734254,50.0060134],[5.7738096,50.0059962],[5.7750319,50.0061283],[5.7758241,50.0061134],[5.7763732,50.0059048],[5.7764933,50.005804],[5.7766235,50.0056606],[5.7765565,50.0054339],[5.7761425,50.0054315],[5.7741118,50.0053341],[5.7726331,50.0052517],[5.7711696,50.0051981],[5.7699702,50.0051618],[5.7697588,50.0052455],[5.7697584,50.0055622],[5.770016,50.0056312]]]}},{"type":"Feature","properties":{"t":"casario"},"geometry":{"type":"Polygon","coordinates":[[[5.7947429,49.9976165],[5.7949582,49.9974709],[5.7951918,49.9976219],[5.795357,49.9975168],[5.7943035,49.9968254],[5.7943869,49.9963605],[5.7943734,49.9958812],[5.7944425,49.9958487],[5.7948697,49.9961984],[5.7948026,49.9962536],[5.795339,49.9966967],[5.7954678,49.9966312],[5.7959287,49.996948],[5.7964837,49.9973352],[5.7965621,49.9973899],[5.797002,49.9971933],[5.7964729,49.9967604],[5.7960042,49.9963881],[5.795677,49.9961881],[5.7947275,49.995734],[5.7944432,49.9955139],[5.7950655,49.9952639],[5.7956931,49.9951346],[5.7960364,49.9951156],[5.796251,49.9950035],[5.7966278,49.9949156],[5.7968244,49.9950259],[5.797462,49.9946259],[5.7977933,49.9947673],[5.7986746,49.9942862],[5.7974651,49.9936121],[5.7972734,49.9936976],[5.7967257,49.9938914],[5.7954437,49.9928861],[5.7954505,49.9928524],[5.7954651,49.9927809],[5.7957709,49.9927102],[5.7963264,49.9931271],[5.7964224,49.9930858],[5.7965782,49.9930188],[5.7966372,49.9930447],[5.7968143,49.9929395],[5.7972962,49.9926137],[5.7962237,49.9919105],[5.7963422,49.9917316],[5.7965058,49.9916221],[5.7960386,49.9916763],[5.7930142,49.9922744],[5.7921692,49.9923917],[5.7915598,49.9923981],[5.7916741,49.9926721],[5.7918741,49.9927223],[5.7925445,49.9928904],[5.7928366,49.9929637],[5.7929224,49.9927723],[5.7936385,49.9929395],[5.793601,49.9930706],[5.7942963,49.9933424],[5.79399,49.9935869],[5.7939617,49.9936094],[5.7940046,49.9936379],[5.7938048,49.9938551],[5.7941455,49.9940759],[5.7942756,49.9943983],[5.7945317,49.9946069],[5.7944244,49.9947069],[5.7941958,49.9944518],[5.793868,49.9941551],[5.793798,49.9941789],[5.7933263,49.9943387],[5.7932654,49.9943593],[5.7938853,49.9951656],[5.7940905,49.9955924],[5.7943134,49.9959864],[5.7943305,49.9963433],[5.7942783,49.996805],[5.7941508,49.9970088],[5.7940673,49.9972324],[5.7941428,49.9974571],[5.7941802,49.9974413],[5.7943144,49.9973847],[5.7947429,49.9976165]]]}},{"type":"Feature","properties":{"t":"cemiterio"},"geometry":{"type":"Polygon","coordinates":[[[5.6906364,50.0529316],[5.6903467,50.0528644],[5.6901268,50.0527352],[5.6899337,50.0523788],[5.6900168,50.0523529],[5.6903686,50.0523856],[5.690505,50.0524364],[5.6904218,50.0525647],[5.6907508,50.0526776],[5.6907575,50.0527835],[5.6906364,50.0529316]]]}},{"type":"Feature","properties":{"t":"fazenda"},"geometry":{"type":"Polygon","coordinates":[[[5.7566563,50.0286472],[5.7559276,50.0284446],[5.7561713,50.0280686],[5.7568952,50.0282788],[5.7566563,50.0286472]]]}},{"type":"Feature","properties":{"t":"casario"},"geometry":{"type":"Polygon","coordinates":[[[5.6878046,50.0494823],[5.6873313,50.0493592],[5.6873913,50.0488775],[5.6876897,50.0489102],[5.6877293,50.0489145],[5.6878277,50.0479278],[5.6872921,50.0478181],[5.6872843,50.0478304],[5.6869855,50.0483064],[5.6865712,50.0482009],[5.686833,50.0477372],[5.6866023,50.0476391],[5.6867794,50.0473509],[5.6871977,50.0472739],[5.6869563,50.0470121],[5.6858606,50.0469136],[5.6853759,50.0465881],[5.6850756,50.0460048],[5.6856975,50.0461611],[5.6858592,50.0461956],[5.6859371,50.0459253],[5.6860588,50.0456708],[5.6865352,50.0454447],[5.6865316,50.0454113],[5.6865216,50.0453189],[5.6854003,50.0451317],[5.6855294,50.0448221],[5.6865101,50.044972],[5.686619,50.0449886],[5.6876799,50.045232],[5.687946,50.0451807],[5.6880798,50.0452096],[5.6883715,50.0452934],[5.6883336,50.0461374],[5.6882269,50.0469204],[5.6882486,50.047411],[5.688791,50.0475822],[5.6892471,50.0476958],[5.6891209,50.0479715],[5.6894565,50.048051],[5.6893676,50.0482109],[5.6894481,50.0483091],[5.6892443,50.0488085],[5.689424,50.0488602],[5.6892827,50.0490622],[5.6889886,50.0495983],[5.6879628,50.0494492],[5.6879147,50.0494593],[5.6878046,50.0494823]]]}},{"type":"Feature","properties":{"t":"casario"},"geometry":{"type":"Polygon","coordinates":[[[5.7092876,50.0577552],[5.7095435,50.0575577],[5.70956,50.0575161],[5.7095407,50.057486],[5.7095007,50.0574727],[5.7093877,50.0574667],[5.7085226,50.0574674],[5.7085513,50.0574308],[5.7091127,50.0567143],[5.7094051,50.0564491],[5.7099048,50.0561045],[5.709288,50.0558154],[5.7087667,50.0561305],[5.7085401,50.0563346],[5.7083876,50.0564963],[5.7083014,50.0565877],[5.7089496,50.0567651],[5.7086903,50.0571112],[5.7081056,50.0568633],[5.7080278,50.0569502],[5.7076201,50.0568064],[5.7074605,50.0570062],[5.7072271,50.0568486],[5.7075611,50.056481],[5.7070782,50.0563099],[5.7067954,50.056669],[5.7062043,50.0563282],[5.7058864,50.0561449],[5.7062766,50.0556178],[5.7064419,50.0554584],[5.7067832,50.0551171],[5.7061368,50.0548122],[5.7063697,50.0545933],[5.7065123,50.0544592],[5.7070997,50.0546263],[5.7075467,50.054062],[5.707081,50.0540769],[5.70703,50.0540493],[5.7058042,50.0542267],[5.7045024,50.0543118],[5.7040179,50.0543059],[5.7025875,50.0541869],[5.7024944,50.0541303],[5.702607,50.0539357],[5.7025042,50.0538133],[5.7026124,50.053469],[5.7031435,50.0536274],[5.7032776,50.0534449],[5.7035512,50.0535275],[5.7039617,50.0530702],[5.7031371,50.0528301],[5.7033576,50.0523975],[5.7026093,50.0522297],[5.7026048,50.0520498],[5.7019486,50.0518707],[5.7017729,50.0521102],[5.7024488,50.0523082],[5.7023656,50.0524322],[5.7018399,50.0522686],[5.7017434,50.0524598],[5.7022959,50.0526285],[5.7021403,50.0528231],[5.701443,50.0526285],[5.7012123,50.0528938],[5.7013143,50.0529285],[5.7010621,50.0533984],[5.7009938,50.0537409],[5.7011238,50.0537488],[5.7013558,50.053766],[5.7015034,50.053817],[5.7011946,50.0544002],[5.7010165,50.0548019],[5.7008985,50.0547864],[5.7009655,50.0545023],[5.7006597,50.0544558],[5.700531,50.0546435],[5.7002495,50.0545664],[5.6999597,50.0550189],[5.6998052,50.0549693],[5.6993589,50.054826],[5.6995996,50.0543566],[5.69897,50.0541389],[5.6980365,50.0538823],[5.6977683,50.0543163],[5.6974562,50.0542265],[5.6971997,50.0541527],[5.6975323,50.0535757],[5.6967732,50.0534018],[5.6960289,50.0533865],[5.6959766,50.0533897],[5.6958182,50.0539312],[5.6957352,50.0539856],[5.6956393,50.0544135],[5.6956682,50.0545918],[5.6955877,50.0548266],[5.6961,50.0549535],[5.6960812,50.055],[5.697197,50.0553392],[5.6973579,50.0550602],[5.6981626,50.0552583],[5.6982046,50.0551644],[5.6982565,50.0550482],[5.6988814,50.0552462],[5.69956,50.0553857],[5.6996137,50.0553168],[5.7001582,50.0554236],[5.7000204,50.0556593],[5.7004318,50.0557387],[5.700472,50.0556389],[5.7010674,50.055644],[5.7017243,50.0560179],[5.7018346,50.0559729],[5.7026202,50.0560822],[5.7026312,50.0558739],[5.702709,50.055762],[5.7026902,50.0557043],[5.702831,50.0555157],[5.7026017,50.0554451],[5.7026111,50.0553909],[5.7038449,50.0555131],[5.7038838,50.0554408],[5.7042244,50.0554787],[5.7041198,50.055849],[5.7038878,50.0561624],[5.7049848,50.0562812],[5.7048266,50.0564534],[5.705113,50.0565592],[5.7055471,50.0567411],[5.7060722,50.0563467],[5.7062732,50.0564868],[5.7058147,50.0569683],[5.7060926,50.0571052],[5.7061811,50.0570441],[5.7067685,50.0573316],[5.7065484,50.0575285],[5.7061847,50.0578539],[5.7058445,50.0581582],[5.7061154,50.0582779],[5.7064853,50.057961],[5.7069129,50.0575947],[5.7072204,50.057788],[5.7073384,50.0577105],[5.7082602,50.0587461],[5.708473,50.0584992],[5.7085713,50.0582321],[5.7092876,50.0577552]]]}},{"type":"Feature","properties":{"t":"casario"},"geometry":{"type":"Polygon","coordinates":[[[5.6934157,50.0494853],[5.6932606,50.0492862],[5.6932416,50.0491081],[5.6933883,50.0489343],[5.6940374,50.0486174],[5.6943485,50.0484331],[5.6945658,50.0480886],[5.6950872,50.047978],[5.6951907,50.0483366],[5.6954643,50.0483797],[5.6954777,50.0483228],[5.6955957,50.0483039],[5.6955662,50.0480731],[5.6958827,50.0480903],[5.6963199,50.04803],[5.6963816,50.0479198],[5.6967209,50.0480423],[5.6967679,50.0480593],[5.6972507,50.0480524],[5.6980017,50.0482178],[5.6981387,50.0480397],[5.6966069,50.0474892],[5.6963548,50.0475977],[5.6955314,50.0473824],[5.6951584,50.0472909],[5.695239,50.0475822],[5.6949869,50.0475616],[5.6946382,50.0475168],[5.6946221,50.0477648],[5.6941903,50.0478113],[5.6935975,50.0475771],[5.6931362,50.0473618],[5.6927301,50.047132],[5.6924423,50.047175],[5.6923876,50.0477009],[5.692537,50.048198],[5.6925745,50.0483227],[5.6922163,50.0484458],[5.6921338,50.0486185],[5.6920204,50.0486742],[5.6912801,50.048533],[5.6902899,50.0482339],[5.6901911,50.048204],[5.6894565,50.048051],[5.6893676,50.0482109],[5.6894481,50.0483091],[5.6892443,50.0488085],[5.689424,50.0488602],[5.6892827,50.0490622],[5.689609,50.0491341],[5.6897244,50.0489136],[5.6896654,50.0488947],[5.689829,50.048564],[5.6900409,50.0486139],[5.6900221,50.0486776],[5.690816,50.0488671],[5.6906122,50.049215],[5.6910011,50.0492994],[5.6917495,50.0493511],[5.6921625,50.0494114],[5.6925487,50.0494337],[5.6923472,50.0495558],[5.6927285,50.0497179],[5.6932786,50.0496788],[5.6934438,50.0495913],[5.6934157,50.0494853]]]}},{"type":"Feature","properties":{"t":"industria"},"geometry":{"type":"Polygon","coordinates":[[[5.7132131,50.009927],[5.7127694,50.0094365],[5.7127206,50.0093972],[5.7125514,50.0094765],[5.7124937,50.0095036],[5.7124386,50.0095294],[5.7122092,50.0096369],[5.712457,50.009843],[5.7124953,50.0098748],[5.7129558,50.0100428],[5.7132131,50.009927]]]}},{"type":"Feature","properties":{"t":"casario"},"geometry":{"type":"Polygon","coordinates":[[[5.7817697,49.9867142],[5.7816598,49.9865004],[5.7815632,49.9859244],[5.7805225,49.9859882],[5.7804662,49.9861831],[5.780389,49.9861814],[5.780383,49.9861813],[5.7795972,49.986152],[5.7795623,49.9863986],[5.779624,49.9868781],[5.7801202,49.9868919],[5.780198,49.9870126],[5.780279,49.9870145],[5.7811367,49.987035],[5.7817697,49.9867142]]]}},{"type":"Feature","properties":{"t":"casario"},"geometry":{"type":"Polygon","coordinates":[[[5.7825342,49.9806417],[5.78284,49.9803174],[5.7822365,49.9801208],[5.7821551,49.9802318],[5.7819709,49.980483],[5.7825342,49.9806417]]]}},{"type":"Feature","properties":{"t":"casario"},"geometry":{"type":"Polygon","coordinates":[[[5.7864314,49.9814713],[5.7859889,49.9820284],[5.7867962,49.9822905],[5.7872227,49.9817283],[5.7864314,49.9814713]]]}},{"type":"Feature","properties":{"t":"casario"},"geometry":{"type":"Polygon","coordinates":[[[5.7850957,49.98094],[5.785118,49.9809101],[5.7854095,49.9805192],[5.7850206,49.980395],[5.7852754,49.9800552],[5.7849187,49.9799448],[5.7843687,49.9806348],[5.7843152,49.980702],[5.7850957,49.98094]]]}},{"type":"Feature","properties":{"t":"casario"},"geometry":{"type":"Polygon","coordinates":[[[5.7862973,49.9808055],[5.7857609,49.9806434],[5.7854444,49.9810263],[5.785962,49.9812022],[5.7860103,49.9811451],[5.7862973,49.9808055]]]}},{"type":"Feature","properties":{"t":"casario"},"geometry":{"type":"Polygon","coordinates":[[[5.7891083,49.982363],[5.789009,49.9825441],[5.789355,49.9827114],[5.7896876,49.9828131],[5.7896286,49.9825251],[5.7891083,49.982363]]]}},{"type":"Feature","properties":{"t":"casario"},"geometry":{"type":"Polygon","coordinates":[[[5.7915429,49.9821079],[5.7912272,49.9824958],[5.7905754,49.9822922],[5.790333,49.9826169],[5.7903179,49.9826337],[5.7916394,49.983034],[5.7921759,49.9823303],[5.7915429,49.9821079]]]}},{"type":"Feature","properties":{"t":"casario"},"geometry":{"type":"Polygon","coordinates":[[[5.7903045,49.9862521],[5.7902938,49.9862072],[5.7904521,49.9858902],[5.7900805,49.9858287],[5.7899398,49.9861072],[5.7898486,49.9860175],[5.7897644,49.9858333],[5.7896903,49.9858399],[5.7891324,49.9863659],[5.7898164,49.9865521],[5.7899076,49.9865487],[5.7899532,49.9867246],[5.7899873,49.9867958],[5.7905661,49.9866685],[5.7906117,49.9865159],[5.7902804,49.9863107],[5.7903045,49.9862521]]]}},{"type":"Feature","properties":{"t":"casario"},"geometry":{"type":"Polygon","coordinates":[[[5.7856214,49.9943],[5.7862759,49.9944414],[5.7864314,49.99405],[5.7854336,49.9938603],[5.7854068,49.9939672],[5.7856214,49.9943]]]}},{"type":"Feature","properties":{"t":"casario"},"geometry":{"type":"Polygon","coordinates":[[[5.7870054,49.9876472],[5.7870671,49.9877748],[5.7879469,49.9880318],[5.7880247,49.9880197],[5.7881829,49.9877455],[5.7884002,49.9874196],[5.7885879,49.9871454],[5.7874641,49.9875369],[5.7870054,49.9876472]]]}},{"type":"Feature","properties":{"t":"casario"},"geometry":{"type":"Polygon","coordinates":[[[5.7810348,49.9881318],[5.7803872,49.9874971],[5.7798225,49.9877283],[5.7801269,49.9880792],[5.7805036,49.9883761],[5.7807344,49.9882715],[5.7810348,49.9881318]]]}},{"type":"Feature","properties":{"t":"casario"},"geometry":{"type":"Polygon","coordinates":[[[5.7817724,49.9893579],[5.7815632,49.9891682],[5.7816356,49.9891234],[5.781177,49.9888889],[5.7807881,49.9893579],[5.781287,49.9894114],[5.7817724,49.9893579]]]}},{"type":"Feature","properties":{"t":"casario"},"geometry":{"type":"Polygon","coordinates":[[[5.7840751,49.9934016],[5.7848382,49.9936982],[5.7848436,49.9936327],[5.7849227,49.9935474],[5.7848704,49.9935224],[5.7852211,49.993182],[5.7845807,49.9930223],[5.7840738,49.9927826],[5.7836017,49.992455],[5.7834592,49.9926639],[5.7829392,49.9924791],[5.7828976,49.9926585],[5.7827501,49.9928749],[5.7840751,49.9934016]]]}},{"type":"Feature","properties":{"t":"casario"},"geometry":{"type":"Polygon","coordinates":[[[5.76424,49.9805672],[5.7641208,49.9804864],[5.7632518,49.9808624],[5.7626832,49.9812229],[5.7621896,49.9816231],[5.7619509,49.9819076],[5.7621226,49.9823561],[5.762364,49.9830132],[5.762539,49.983108],[5.7627176,49.9831946],[5.7633805,49.9819025],[5.7638472,49.9810366],[5.76424,49.9805672]]]}},{"type":"Feature","properties":{"t":"fazenda"},"geometry":{"type":"Polygon","coordinates":[[[5.7695427,49.9928871],[5.7693628,49.9929453],[5.7692397,49.9928607],[5.7685596,49.9932443],[5.7693566,49.9938669],[5.7704414,49.9935594],[5.7697883,49.9930525],[5.7695427,49.9928871]]]}},{"type":"Feature","properties":{"t":"casario"},"geometry":{"type":"Polygon","coordinates":[[[5.7432854,49.9912083],[5.7431513,49.9911031],[5.7427543,49.9911764],[5.7427973,49.9912402],[5.7426189,49.9912712],[5.7428093,49.9917118],[5.7431379,49.9917497],[5.7431915,49.9922308],[5.7438353,49.9922015],[5.7443449,49.9915376],[5.7445997,49.9914859],[5.7445514,49.9916359],[5.7443127,49.9920446],[5.7461339,49.9917359],[5.7476976,49.9914531],[5.7475877,49.9909427],[5.7480437,49.9908754],[5.7482314,49.9913497],[5.7485954,49.9912907],[5.7496905,49.9911134],[5.7498246,49.9913979],[5.750007,49.9913652],[5.7498676,49.9910858],[5.7508459,49.9909101],[5.7509807,49.9911738],[5.7517183,49.9910324],[5.7515986,49.9907719],[5.7516807,49.9907565],[5.7533947,49.9904426],[5.7545024,49.9902202],[5.7542235,49.9897994],[5.754645,49.9896147],[5.7552883,49.9893872],[5.7546312,49.9890079],[5.7541832,49.9892527],[5.7538587,49.9890303],[5.7536897,49.9891165],[5.7536092,49.989051],[5.7533357,49.9891976],[5.7528555,49.9889285],[5.7519436,49.9893027],[5.7520992,49.9894511],[5.7518604,49.9895545],[5.751965,49.9896511],[5.7516941,49.9897114],[5.7517344,49.9898028],[5.7516083,49.9898253],[5.7515413,49.9896752],[5.7515007,49.9896858],[5.7511497,49.989777],[5.7510906,49.9897097],[5.7510036,49.9897266],[5.7504228,49.9898391],[5.7503852,49.9897701],[5.7500955,49.9898218],[5.7501304,49.9898856],[5.7488832,49.9901029],[5.7484916,49.9895907],[5.7487303,49.9895631],[5.7486927,49.9892855],[5.7480115,49.9893338],[5.7478532,49.9880508],[5.747821,49.9877869],[5.7477915,49.9877041],[5.7468072,49.9879602],[5.7467428,49.9882543],[5.7460588,49.9882956],[5.7460561,49.9888009],[5.7461366,49.9898287],[5.7461048,49.9898354],[5.7454285,49.989977],[5.7458791,49.9907444],[5.7446694,49.9909565],[5.7447445,49.9913065],[5.7439211,49.991448],[5.7437414,49.9910151],[5.7435134,49.9910651],[5.7435241,49.991172],[5.7432854,49.9912083]]]}},{"type":"Feature","properties":{"t":"fazenda"},"geometry":{"type":"Polygon","coordinates":[[[5.7400614,49.9922825],[5.7377627,49.9926895],[5.7378442,49.992784],[5.736478,49.9930301],[5.7364988,49.9931214],[5.7372269,49.993014],[5.7372385,49.9930611],[5.7379693,49.9929292],[5.7380578,49.9929119],[5.7381141,49.9930068],[5.7382295,49.9929878],[5.73825,49.9930004],[5.7384159,49.9932755],[5.7387793,49.9933241],[5.7389282,49.9932985],[5.7394123,49.9932154],[5.7396424,49.9932062],[5.7397127,49.9932034],[5.7396108,49.9928602],[5.7402036,49.9927895],[5.7400936,49.9923791],[5.7400614,49.9922825]]]}},{"type":"Feature","properties":{"t":"fazenda"},"geometry":{"type":"Polygon","coordinates":[[[5.7613308,49.9959556],[5.7604194,49.9958932],[5.7601015,49.9962001],[5.7600747,49.9961915],[5.7593465,49.9969091],[5.7610734,49.9970091],[5.7611583,49.9963933],[5.7612589,49.9963872],[5.7613308,49.9959556]]]}},{"type":"Feature","properties":{"t":"fazenda"},"geometry":{"type":"Polygon","coordinates":[[[5.7557979,50.0011415],[5.7565221,50.0019156],[5.7569084,50.0022208],[5.7575387,50.0025104],[5.7575762,50.0024673],[5.7574984,50.000926],[5.7570854,50.0009708],[5.7570666,50.0011208],[5.7557979,50.0011415]]]}},{"type":"Feature","properties":{"t":"fazenda"},"geometry":{"type":"Polygon","coordinates":[[[5.7586384,50.0016467],[5.7578634,50.0025597],[5.7578203,50.0026104],[5.7581851,50.002719],[5.758574,50.0027845],[5.7588315,50.0028216],[5.7590876,50.0028302],[5.7591373,50.0027233],[5.7593089,50.002619],[5.7592298,50.0025725],[5.7594833,50.0023802],[5.759431,50.0023578],[5.7595235,50.0022768],[5.7592942,50.0021941],[5.7593679,50.0018975],[5.7596307,50.0016152],[5.7591775,50.0016208],[5.7587564,50.0015053],[5.7586384,50.0016467]]]}},{"type":"Feature","properties":{"t":"casario"},"geometry":{"type":"Polygon","coordinates":[[[5.755752,49.9869425],[5.7556289,49.9870635],[5.7561372,49.9872695],[5.7559253,49.9875153],[5.7567458,49.9878427],[5.7568091,49.987868],[5.7571283,49.987492],[5.757072,49.987473],[5.755752,49.9869425]]]}},{"type":"Feature","properties":{"t":"casario"},"geometry":{"type":"Polygon","coordinates":[[[5.7764829,50.0055165],[5.7765166,50.0057945],[5.7768345,50.0058195],[5.7771027,50.0058178],[5.7772167,50.005904],[5.7776244,50.0057281],[5.7777545,50.0056592],[5.7776485,50.0054734],[5.7765595,50.0055216],[5.7764829,50.0055165]]]}},{"type":"Feature","properties":{"t":"casario"},"geometry":{"type":"Polygon","coordinates":[[[5.7810321,50.011152],[5.7815552,50.0110641],[5.7811931,50.0105315],[5.7809622,50.0103177],[5.7805869,50.0104246],[5.7806782,50.0106353],[5.7807478,50.0106211],[5.7810321,50.011152]]]}},{"type":"Feature","properties":{"t":"fazenda"},"geometry":{"type":"Polygon","coordinates":[[[5.7626268,50.0036155],[5.7630962,50.0035379],[5.763292,50.0034948],[5.7633188,50.0036034],[5.7633564,50.0036017],[5.7636273,50.0035862],[5.7637829,50.0034965],[5.764043,50.0034793],[5.7645124,50.0034207],[5.7644775,50.0033224],[5.7642522,50.0033327],[5.7641906,50.0029914],[5.7637694,50.0030155],[5.7626295,50.003131],[5.7626268,50.0036155]]]}},{"type":"Feature","properties":{"t":"casario"},"geometry":{"type":"Polygon","coordinates":[[[5.7659098,50.0075253],[5.7648772,50.0072288],[5.7648918,50.0074336],[5.7649228,50.0078683],[5.764389,50.0076614],[5.7641906,50.0079424],[5.7644775,50.0080234],[5.7644293,50.0084923],[5.7650194,50.0085785],[5.7650086,50.0086681],[5.764043,50.0085371],[5.7638647,50.009025],[5.7647129,50.0091562],[5.7648209,50.00895],[5.764904,50.0089732],[5.7648584,50.0091784],[5.7647994,50.00943],[5.7659018,50.0096438],[5.7660332,50.0094662],[5.7660386,50.0091818],[5.7660359,50.00812],[5.7656577,50.0080855],[5.7651427,50.008413],[5.7650703,50.0082993],[5.7659098,50.0075253]]]}},{"type":"Feature","properties":{"t":"casario"},"geometry":{"type":"Polygon","coordinates":[[[5.7559347,50.0054566],[5.7559884,50.0059238],[5.7566959,50.0058682],[5.7566509,50.0054396],[5.7559347,50.0054566]]]}},{"type":"Feature","properties":{"t":"casario"},"geometry":{"type":"Polygon","coordinates":[[[5.757131,50.0063255],[5.7570969,50.0063357],[5.7570156,50.0063599],[5.7570425,50.0064289],[5.7566187,50.0065565],[5.7568064,50.0073219],[5.7572865,50.0072632],[5.7573026,50.0069288],[5.7573885,50.0069185],[5.757131,50.0063255]]]}},{"type":"Feature","properties":{"t":"fazenda"},"geometry":{"type":"Polygon","coordinates":[[[5.7437117,50.0084381],[5.7441518,50.0083923],[5.7441571,50.0080131],[5.7441223,50.0079183],[5.7436904,50.0077028],[5.743221,50.0071271],[5.7427248,50.0072236],[5.7419363,50.0074391],[5.7415366,50.0075235],[5.7413274,50.007577],[5.7412174,50.0078149],[5.7412962,50.0078261],[5.7418558,50.0078924],[5.7418638,50.0080907],[5.7424405,50.008132],[5.7425451,50.0080958],[5.7426685,50.0080958],[5.7426658,50.0080079],[5.7428437,50.00799],[5.7436901,50.0079672],[5.7436809,50.0078259],[5.7439077,50.0079373],[5.7437117,50.0084381]]]}},{"type":"Feature","properties":{"t":"casario"},"geometry":{"type":"Polygon","coordinates":[[[5.7577335,50.0061647],[5.7577101,50.006028],[5.7576967,50.0059605],[5.7576554,50.0057868],[5.7568631,50.0058892],[5.7569352,50.0059738],[5.7570076,50.0062289],[5.7577335,50.0061647]]]}},{"type":"Feature","properties":{"t":"casario"},"geometry":{"type":"Polygon","coordinates":[[[5.7403269,49.9851466],[5.7401714,49.9845775],[5.7401741,49.9845136],[5.738892,49.9844343],[5.7390851,49.9847465],[5.7384977,49.9849465],[5.7390502,49.9850483],[5.7389858,49.985219],[5.7394364,49.985138],[5.7392353,49.9847948],[5.7395276,49.9847275],[5.7397798,49.9852535],[5.7403269,49.9851466]]]}},{"type":"Feature","properties":{"t":"fazenda"},"geometry":{"type":"Polygon","coordinates":[[[5.7337984,49.9825768],[5.7344502,49.9827183],[5.7348736,49.982166],[5.7350858,49.9821528],[5.7353568,49.9822233],[5.7354641,49.9821112],[5.7358664,49.9823992],[5.7362044,49.9818731],[5.7347077,49.9812712],[5.7337984,49.9825768]]]}},{"type":"Feature","properties":{"t":"casario"},"geometry":{"type":"Polygon","coordinates":[[[5.7355204,49.9815472],[5.7357833,49.9812453],[5.7354346,49.9811315],[5.7352629,49.9812716],[5.7351449,49.9813678],[5.7355204,49.9815472]]]}},{"type":"Feature","properties":{"t":"casario"},"geometry":{"type":"Polygon","coordinates":[[[5.7379156,49.992167],[5.737929,49.9923153],[5.7377279,49.9923498],[5.7377627,49.9924015],[5.7379451,49.9924429],[5.7380122,49.9925584],[5.7386264,49.9924446],[5.738204,49.9921394],[5.7381128,49.9921291],[5.7379156,49.992167]]]}},{"type":"Feature","properties":{"t":"fazenda"},"geometry":{"type":"Polygon","coordinates":[[[5.7457061,50.0140064],[5.7457048,50.0141201],[5.745513,50.0140779],[5.7453789,50.0142873],[5.74558,50.0143511],[5.7454272,50.0146441],[5.7450704,50.0155248],[5.7454241,50.0156712],[5.7458764,50.0158584],[5.7458255,50.0155791],[5.7460991,50.0155679],[5.74615,50.0154921],[5.7463378,50.0155162],[5.7464316,50.0153422],[5.7466355,50.0150474],[5.746327,50.0149423],[5.7464156,50.0147889],[5.7463378,50.0147458],[5.7463995,50.0145286],[5.7465041,50.0145097],[5.7465604,50.0143701],[5.7457061,50.0140064]]]}},{"type":"Feature","properties":{"t":"fazenda"},"geometry":{"type":"Polygon","coordinates":[[[5.7160047,49.9842981],[5.7169005,49.9838634],[5.7165563,49.9834854],[5.7162112,49.9831063],[5.7159859,49.9832029],[5.7158866,49.9831253],[5.7152778,49.9834478],[5.715192,49.983484],[5.7149487,49.9832763],[5.7143337,49.9837444],[5.7145831,49.98401],[5.7153415,49.983705],[5.7153838,49.9836814],[5.7160047,49.9842981]]]}},{"type":"Feature","properties":{"t":"casario"},"geometry":{"type":"Polygon","coordinates":[[[5.717,49.9853002],[5.717363,49.9851597],[5.7171229,49.9849033],[5.7167599,49.9850438],[5.717,49.9853002]]]}},{"type":"Feature","properties":{"t":"casario"},"geometry":{"type":"Polygon","coordinates":[[[5.7386503,50.0058792],[5.738326,50.0059772],[5.7383072,50.0059609],[5.7381978,50.0059871],[5.7380953,50.0060117],[5.7380886,50.0061022],[5.7376769,50.0061832],[5.7373725,50.0063168],[5.7373255,50.0062307],[5.7368293,50.006372],[5.7367086,50.0064246],[5.7367395,50.0065142],[5.736663,50.0065496],[5.7369286,50.0068013],[5.737052,50.0069185],[5.7371861,50.006815],[5.7372773,50.0068323],[5.7375133,50.0067202],[5.7375978,50.0065694],[5.7375804,50.0064651],[5.7376501,50.0064444],[5.737913,50.0063548],[5.7381731,50.0061927],[5.7387418,50.0060221],[5.7386503,50.0058792]]]}},{"type":"Feature","properties":{"t":"fazenda"},"geometry":{"type":"Polygon","coordinates":[[[5.7439131,50.0132635],[5.7445246,50.0133893],[5.7457048,50.0139237],[5.7459569,50.0136599],[5.746091,50.0134411],[5.7458496,50.013329],[5.7459867,50.0131752],[5.7457557,50.0131015],[5.7447875,50.0129636],[5.7447204,50.0129843],[5.7440793,50.0128723],[5.7439265,50.0132153],[5.7439131,50.0132635]]]}},{"type":"Feature","properties":{"t":"fazenda"},"geometry":{"type":"Polygon","coordinates":[[[5.6918702,49.9916221],[5.6914491,49.9922221],[5.6914973,49.9922412],[5.6917897,49.9924067],[5.6915805,49.9925843],[5.6919131,49.9927343],[5.6920928,49.9928654],[5.692648,49.993093],[5.6927499,49.9929999],[5.6928036,49.9929292],[5.6924629,49.9927999],[5.6925809,49.9926619],[5.6925407,49.9925653],[5.6929082,49.9921687],[5.6930208,49.9922187],[5.6929645,49.9923722],[5.6934017,49.9925429],[5.6937048,49.992255],[5.6937477,49.9921808],[5.6933159,49.9920179],[5.693281,49.9920325],[5.6926399,49.9918204],[5.6924227,49.9917928],[5.6920284,49.9918014],[5.6918755,49.9917101],[5.6918702,49.9916221]]]}},{"type":"Feature","properties":{"t":"fazenda"},"geometry":{"type":"Polygon","coordinates":[[[5.6925327,49.9897114],[5.6924924,49.9897442],[5.6926694,49.9899856],[5.6927204,49.9901288],[5.6926963,49.990453],[5.6925863,49.9906858],[5.6933092,49.9909125],[5.6933789,49.9903512],[5.6931254,49.9903193],[5.6931957,49.9901284],[5.6925327,49.9897114]]]}},{"type":"Feature","properties":{"t":"casario"},"geometry":{"type":"Polygon","coordinates":[[[5.6817462,49.9799923],[5.6812043,49.9804821],[5.6819607,49.9808771],[5.6821404,49.9807546],[5.6818454,49.9805658],[5.6822048,49.9802743],[5.6817462,49.9799923]]]}},{"type":"Feature","properties":{"t":"casario"},"geometry":{"type":"Polygon","coordinates":[[[5.6848857,49.9808711],[5.684718,49.9809271],[5.6842701,49.98079],[5.6840006,49.9812859],[5.6845705,49.9816282],[5.6846242,49.9815722],[5.6847529,49.9812496],[5.6848562,49.9810754],[5.6848857,49.9808711]]]}},{"type":"Feature","properties":{"t":"fazenda"},"geometry":{"type":"Polygon","coordinates":[[[5.7049566,50.0135703],[5.7051444,50.0135841],[5.705426,50.0136927],[5.7060805,50.013329],[5.704506,50.0125999],[5.7042244,50.0124034],[5.7035324,50.0120518],[5.7029557,50.0122983],[5.7030818,50.0124241],[5.7026955,50.0126154],[5.7026471,50.0126352],[5.7022288,50.0128068],[5.7027894,50.0132928],[5.7030094,50.0131997],[5.7031864,50.0132204],[5.7035448,50.0134013],[5.7035748,50.0134164],[5.7037738,50.0135169],[5.7040108,50.0134622],[5.7039025,50.0132825],[5.7040179,50.0132101],[5.7039508,50.0130101],[5.7040849,50.0129395],[5.7041734,50.0130636],[5.7043236,50.0130257],[5.7043344,50.0134066],[5.7045704,50.013622],[5.7049137,50.0134686],[5.7049566,50.0135703]]]}},{"type":"Feature","properties":{"t":"fazenda"},"geometry":{"type":"Polygon","coordinates":[[[5.7101803,50.0143916],[5.7099107,50.0143382],[5.7095754,50.0142253],[5.7093085,50.0145803],[5.7092026,50.0148242],[5.7092951,50.0147941],[5.7095499,50.0149052],[5.709507,50.0149725],[5.7103465,50.0151103],[5.710427,50.0149156],[5.7103667,50.014907],[5.7104552,50.0146277],[5.7103801,50.0146114],[5.7103492,50.0145036],[5.7103157,50.0144485],[5.7101803,50.0143916]]]}},{"type":"Feature","properties":{"t":"casario"},"geometry":{"type":"Polygon","coordinates":[[[5.7126479,50.0141046],[5.7102352,50.0135272],[5.7099764,50.0138047],[5.7107011,50.0139457],[5.7113212,50.0140663],[5.7125285,50.0143011],[5.7126479,50.0141046]]]}},{"type":"Feature","properties":{"t":"casario"},"geometry":{"type":"Polygon","coordinates":[[[5.739423,50.007296],[5.7394024,50.0073658],[5.739297,50.0077218],[5.7403806,50.00777],[5.7404637,50.0074925],[5.739423,50.007296]]]}},{"type":"Feature","properties":{"t":"casario"},"geometry":{"type":"Polygon","coordinates":[[[5.7351556,50.0111589],[5.7351744,50.0113279],[5.7357404,50.0116726],[5.7360944,50.011414],[5.7364833,50.0110136],[5.7362848,50.0110141],[5.7354346,50.0108194],[5.7347721,50.0106625],[5.7347077,50.0105556],[5.7344878,50.0104729],[5.7345334,50.0105608],[5.735212,50.0111227],[5.7351556,50.0111589]]]}},{"type":"Feature","properties":{"t":"casario"},"geometry":{"type":"Polygon","coordinates":[[[5.7285842,50.017369],[5.7287655,50.017294],[5.7289383,50.0172225],[5.7289651,50.0171001],[5.7294586,50.0168985],[5.7294103,50.0168278],[5.7295954,50.0167623],[5.7294238,50.0165831],[5.7297885,50.01644],[5.7296947,50.0163332],[5.7299736,50.0161333],[5.7299495,50.0160264],[5.7302982,50.015985],[5.7302445,50.0158747],[5.7301125,50.0156519],[5.7299387,50.0157265],[5.7297081,50.0158006],[5.7296061,50.0156576],[5.7293299,50.0157437],[5.7292727,50.0155401],[5.729,50.0154973],[5.7289839,50.015368],[5.7290778,50.014975],[5.7289758,50.0146648],[5.7286942,50.0142529],[5.7281337,50.0143017],[5.7283857,50.0147803],[5.7284528,50.0152077],[5.7283321,50.0157799],[5.7280531,50.0159609],[5.7277366,50.0160867],[5.7276803,50.0155404],[5.7273021,50.0155955],[5.7273933,50.0158937],[5.7274175,50.0162711],[5.7275274,50.0163194],[5.7281318,50.0172444],[5.7283252,50.0175404],[5.7285842,50.017369]]]}},{"type":"Feature","properties":{"t":"fazenda"},"geometry":{"type":"Polygon","coordinates":[[[5.7245998,50.0230104],[5.7246574,50.0229917],[5.7251242,50.0228407],[5.7248506,50.0223599],[5.7251242,50.0222875],[5.7251805,50.0220514],[5.7247862,50.0215896],[5.724747,50.0215531],[5.7241908,50.0210347],[5.7236302,50.0213983],[5.7238072,50.0217068],[5.7236423,50.0217686],[5.7240754,50.0225495],[5.7243839,50.0226253],[5.7245998,50.0230104]]]}},{"type":"Feature","properties":{"t":"casario"},"geometry":{"type":"Polygon","coordinates":[[[5.7359952,50.0279706],[5.7378137,50.0300986],[5.7382134,50.0299228],[5.7389305,50.0294188],[5.738841,50.029275],[5.7385164,50.0294094],[5.7382402,50.0295886],[5.7381329,50.0294679],[5.7387014,50.0291036],[5.7386023,50.028982],[5.7385688,50.0288262],[5.7377976,50.0283083],[5.7373846,50.0279017],[5.7374275,50.0278689],[5.7368937,50.0274864],[5.7359952,50.0279706]]]}},{"type":"Feature","properties":{"t":"comercio"},"geometry":{"type":"Polygon","coordinates":[[[5.7401794,50.0305224],[5.7399246,50.0306964],[5.7397503,50.0305896],[5.7386962,50.0310092],[5.7415849,50.0343508],[5.7424888,50.0339183],[5.7431594,50.0335014],[5.7430038,50.033263],[5.7425389,50.0326781],[5.7437277,50.0322111],[5.742521,50.030746],[5.7411105,50.0312807],[5.7401794,50.0305224]]]}},{"type":"Feature","properties":{"t":"casario"},"geometry":{"type":"Polygon","coordinates":[[[5.765368,50.0626533],[5.7656604,50.0624406],[5.7648598,50.0620308],[5.7642724,50.0621677],[5.765368,50.0626533]]]}},{"type":"Feature","properties":{"t":"fazenda"},"geometry":{"type":"Polygon","coordinates":[[[5.7639223,50.0616486],[5.7641101,50.0617261],[5.764212,50.0617467],[5.7647377,50.0619069],[5.7652969,50.061249],[5.7647109,50.0610408],[5.7646358,50.0611234],[5.7644239,50.0610563],[5.7639223,50.0616486]]]}},{"type":"Feature","properties":{"t":"industria"},"geometry":{"type":"Polygon","coordinates":[[[5.7556363,50.0551211],[5.7557243,50.0552698],[5.7557577,50.0553263],[5.7561577,50.0560027],[5.7562639,50.0559768],[5.7565357,50.0558882],[5.7564909,50.0558149],[5.7563669,50.0556694],[5.7561947,50.0553782],[5.7560164,50.0550768],[5.7559394,50.0549465],[5.7555449,50.0550427],[5.755597,50.0551307],[5.7556363,50.0551211]]]}},{"type":"Feature","properties":{"t":"casario"},"geometry":{"type":"Polygon","coordinates":[[[5.7428995,50.0486971],[5.7431513,50.0490049],[5.7437065,50.0488482],[5.743441,50.0484966],[5.743392,50.0484775],[5.743191,50.0485777],[5.7428995,50.0486971]]]}},{"type":"Feature","properties":{"t":"casario"},"geometry":{"type":"Polygon","coordinates":[[[5.7424593,50.0487689],[5.7430226,50.0485622],[5.7432672,50.0484219],[5.7433107,50.0483774],[5.7433116,50.0483339],[5.743103,50.0479611],[5.7419652,50.0481973],[5.7421565,50.0483878],[5.7424546,50.0487349],[5.7424593,50.0487689]]]}},{"type":"Feature","properties":{"t":"casario"},"geometry":{"type":"Polygon","coordinates":[[[5.756654,50.0599213],[5.7567206,50.0599456],[5.7569177,50.0599009],[5.7571645,50.0599835],[5.7574944,50.060265],[5.7578927,50.0608574],[5.7583728,50.060705],[5.7585204,50.0604708],[5.7586437,50.0604407],[5.7585552,50.0603038],[5.7585096,50.0603107],[5.7581395,50.0601385],[5.7577184,50.0602229],[5.7575896,50.0601867],[5.7579303,50.0597493],[5.7575843,50.0595582],[5.7574636,50.0595065],[5.7570559,50.0598492],[5.7568031,50.0596219],[5.7567609,50.0596339],[5.7565489,50.0597769],[5.756654,50.0599213]]]}},{"type":"Feature","properties":{"t":"casario"},"geometry":{"type":"Polygon","coordinates":[[[5.7429421,50.0563484],[5.7429876,50.0563175],[5.7436381,50.0558756],[5.7433833,50.0555992],[5.7427005,50.0556743],[5.7426082,50.0556845],[5.7425069,50.0556728],[5.7420543,50.0556208],[5.7420154,50.0557947],[5.7429421,50.0563484]]]}},{"type":"Feature","properties":{"t":"casario"},"geometry":{"type":"Polygon","coordinates":[[[5.7327175,50.0536929],[5.7330903,50.0534311],[5.7327658,50.053221],[5.7322937,50.0534672],[5.7327175,50.0536929]]]}},{"type":"Feature","properties":{"t":"casario"},"geometry":{"type":"Polygon","coordinates":[[[5.7446212,50.0647875],[5.7458791,50.0651663],[5.7481348,50.0649132],[5.7482314,50.0647651],[5.7464746,50.0643037],[5.7462922,50.0644397],[5.7454057,50.0640709],[5.7452649,50.0643002],[5.74615,50.0646463],[5.7460561,50.0648512],[5.7449082,50.0644586],[5.7446212,50.0647875]]]}},{"type":"Feature","properties":{"t":"fazenda"},"geometry":{"type":"Polygon","coordinates":[[[5.7449537,50.0649355],[5.7447579,50.0652145],[5.7440096,50.0650165],[5.7439077,50.0651628],[5.7439706,50.0651837],[5.7439908,50.0651904],[5.744015,50.0652403],[5.7442886,50.065378],[5.7446694,50.0654848],[5.7446212,50.0655674],[5.7446614,50.0655778],[5.7446077,50.0656656],[5.7446828,50.0656948],[5.7443744,50.0661304],[5.7448572,50.0662716],[5.7453722,50.0656139],[5.7457772,50.0652265],[5.7457826,50.065168],[5.7449537,50.0649355]]]}},{"type":"Feature","properties":{"t":"casario"},"geometry":{"type":"Polygon","coordinates":[[[5.7181482,50.0459806],[5.718195,50.0460093],[5.7181996,50.0459881],[5.7183257,50.0460613],[5.718555,50.0462335],[5.7187012,50.0463722],[5.7187669,50.0463472],[5.7188836,50.0464221],[5.7188447,50.0464514],[5.7189386,50.0465039],[5.7190083,50.04659],[5.7191491,50.0466099],[5.7192175,50.046516],[5.719404,50.046553],[5.7194348,50.0466107],[5.7194294,50.0468605],[5.7193691,50.0470749],[5.7193289,50.0470887],[5.7195206,50.0471404],[5.7196283,50.0471602],[5.7198831,50.0467262],[5.7202104,50.0467469],[5.7203123,50.0463645],[5.7200575,50.0463318],[5.7201406,50.0460613],[5.7195775,50.0459674],[5.7193843,50.046144],[5.7193333,50.0461705],[5.7185367,50.04571],[5.7181482,50.0459806]]]}},{"type":"Feature","properties":{"t":"casario"},"geometry":{"type":"Polygon","coordinates":[[[5.7174773,50.0451236],[5.7177763,50.0448402],[5.7179037,50.0447195],[5.7178237,50.0444835],[5.717791,50.0443871],[5.7176596,50.0443768],[5.7175152,50.0441211],[5.717158,50.0445008],[5.7169939,50.0449502],[5.7174773,50.0451236]]]}},{"type":"Feature","properties":{"t":"fazenda"},"geometry":{"type":"Polygon","coordinates":[[[5.7154956,50.0528624],[5.7148299,50.0530643],[5.7153375,50.0533236],[5.7156325,50.053153],[5.7154956,50.0528624]]]}},{"type":"Feature","properties":{"t":"casario"},"geometry":{"type":"Polygon","coordinates":[[[5.715369,50.0524322],[5.7154441,50.0522497],[5.7148674,50.0520464],[5.7147921,50.0521591],[5.714567,50.0524959],[5.7146662,50.0525459],[5.7146797,50.0527629],[5.7149048,50.0527945],[5.7152563,50.0528438],[5.7155916,50.0525321],[5.715369,50.0524322]]]}},{"type":"Feature","properties":{"t":"industria"},"geometry":{"type":"Polygon","coordinates":[[[5.7152376,50.0230664],[5.7141244,50.0229803],[5.7135826,50.0247431],[5.7149672,50.0249078],[5.7150406,50.0246604],[5.7149386,50.0245512],[5.7153816,50.0230835],[5.7152376,50.0230664]]]}},{"type":"Feature","properties":{"t":"fazenda"},"geometry":{"type":"Polygon","coordinates":[[[5.7512682,50.0482564],[5.752075,50.0480748],[5.7521045,50.048154],[5.7528061,50.0480032],[5.7528582,50.0481627],[5.7530353,50.0481369],[5.7530771,50.048251],[5.7529095,50.0482922],[5.7529461,50.0484104],[5.7530854,50.0490215],[5.7524103,50.0491892],[5.7523084,50.0491272],[5.7519009,50.0492008],[5.7512682,50.0482564]]]}},{"type":"Feature","properties":{"t":"casario"},"geometry":{"type":"Polygon","coordinates":[[[5.7025427,50.0508822],[5.7022127,50.050908],[5.7020947,50.0510958],[5.7019258,50.0513696],[5.7022583,50.0514471],[5.7022342,50.0515005],[5.7026875,50.0515418],[5.7025427,50.0508822]]]}},{"type":"Feature","properties":{"t":"casario"},"geometry":{"type":"Polygon","coordinates":[[[5.70254,50.050431],[5.7020371,50.0504344],[5.7020357,50.0506686],[5.7025279,50.0506704],[5.70254,50.050431]]]}},{"type":"Feature","properties":{"t":"casario"},"geometry":{"type":"Polygon","coordinates":[[[5.7026325,50.0509399],[5.7028323,50.05097],[5.7028498,50.0509218],[5.7030845,50.0508813],[5.7033554,50.0508779],[5.7033902,50.0506945],[5.7033138,50.0506488],[5.7026111,50.0504654],[5.7025936,50.0506325],[5.7026325,50.0509399]]]}},{"type":"Feature","properties":{"t":"casario"},"geometry":{"type":"Polygon","coordinates":[[[5.7028042,50.0500486],[5.7034801,50.0501907],[5.7036772,50.0499108],[5.7029799,50.0498161],[5.7028042,50.0500486]]]}},{"type":"Feature","properties":{"t":"casario"},"geometry":{"type":"Polygon","coordinates":[[[5.7049945,50.0495125],[5.7049127,50.0494944],[5.7048107,50.0494479],[5.7047289,50.0493867],[5.7046284,50.0493514],[5.7044607,50.0492929],[5.7043735,50.0492205],[5.7042448,50.0492292],[5.7040933,50.0492429],[5.7039001,50.0492972],[5.7037928,50.0493196],[5.703754,50.0493127],[5.7037218,50.0492937],[5.7037151,50.0492653],[5.7036775,50.0492068],[5.7035954,50.04924],[5.7033098,50.0493692],[5.7032266,50.0494622],[5.7030925,50.0496688],[5.7033554,50.0496645],[5.7036464,50.0496576],[5.7039227,50.0495078],[5.704038,50.0494544],[5.7049569,50.049614],[5.7049945,50.0495125]]]}},{"type":"Feature","properties":{"t":"casario"},"geometry":{"type":"Polygon","coordinates":[[[5.6939918,50.0500486],[5.6943378,50.0498195],[5.6941178,50.0496766],[5.6939328,50.0496129],[5.6937665,50.0498213],[5.6939918,50.0500486]]]}},{"type":"Feature","properties":{"t":"fazenda"},"geometry":{"type":"Polygon","coordinates":[[[5.6949466,50.0508099],[5.6951102,50.050574],[5.6947106,50.0504654],[5.694319,50.0503345],[5.694252,50.0504017],[5.6941849,50.0503724],[5.694142,50.0504051],[5.6943512,50.0504792],[5.6944826,50.0506704],[5.6949466,50.0508099]]]}},{"type":"Feature","properties":{"t":"casario"},"geometry":{"type":"Polygon","coordinates":[[[5.6949198,50.0410074],[5.6957406,50.0412279],[5.6962824,50.0403563],[5.6941044,50.0397534],[5.693922,50.0406974],[5.6949198,50.0410074]]]}},{"type":"Feature","properties":{"t":"casario"},"geometry":{"type":"Polygon","coordinates":[[[5.6895286,50.0409006],[5.6903011,50.0414415],[5.6904834,50.0410832],[5.6903681,50.0410229],[5.6899416,50.0407542],[5.6896412,50.0408524],[5.6895286,50.0409006]]]}},{"type":"Feature","properties":{"t":"casario"},"geometry":{"type":"Polygon","coordinates":[[[5.6879246,50.0386508],[5.6868517,50.0379273],[5.6858529,50.0387449],[5.6863126,50.0388731],[5.6866165,50.0387084],[5.6876618,50.0394295],[5.6882948,50.0390402],[5.6881338,50.0389334],[5.6877315,50.0392159],[5.6875759,50.0391125],[5.6879246,50.0386508]]]}},{"type":"Feature","properties":{"t":"casario"},"geometry":{"type":"Polygon","coordinates":[[[5.6871903,50.0587817],[5.6874054,50.058634],[5.6875404,50.0587145],[5.6876033,50.0587519],[5.6880882,50.0584165],[5.688642,50.0582014],[5.6888181,50.0582826],[5.6889012,50.0583209],[5.6895333,50.0586121],[5.6896521,50.0593336],[5.6897807,50.0601144],[5.6902689,50.0592534],[5.6906068,50.0585405],[5.6905532,50.0583924],[5.6902286,50.0582323],[5.6903428,50.0581966],[5.6904218,50.058172],[5.6906178,50.0579985],[5.6919399,50.0584665],[5.692082,50.0583201],[5.6911996,50.0579636],[5.6916985,50.0575193],[5.6922832,50.0575004],[5.6919989,50.0569872],[5.6918299,50.056722],[5.6929162,50.0569356],[5.6930476,50.0568013],[5.6925783,50.0567065],[5.6925863,50.0566532],[5.6923851,50.0566084],[5.6924066,50.0565033],[5.6919238,50.0564896],[5.6918219,50.0561951],[5.6924871,50.0563036],[5.692589,50.0560194],[5.6919077,50.0558989],[5.6920552,50.0557508],[5.692935,50.0559351],[5.693619,50.0561693],[5.6937289,50.0560298],[5.6934392,50.055923],[5.6928438,50.0557577],[5.6921625,50.0556182],[5.6923061,50.0553944],[5.6923855,50.0552707],[5.6925778,50.054971],[5.6935921,50.0551773],[5.6934017,50.0554718],[5.6939971,50.0556423],[5.6941098,50.0554942],[5.6943271,50.0555304],[5.6948394,50.0562588],[5.6953168,50.0563311],[5.6955153,50.0560229],[5.6956065,50.0558386],[5.6945658,50.0555906],[5.6951047,50.0553814],[5.6947482,50.0549586],[5.6945336,50.0548932],[5.6946152,50.054754],[5.6953222,50.0547778],[5.6955877,50.0548266],[5.6956682,50.0545918],[5.6956393,50.0544135],[5.6957352,50.0539856],[5.6958182,50.0539312],[5.6959766,50.0533897],[5.6957969,50.0533639],[5.6957138,50.0535706],[5.6952041,50.0534845],[5.6943485,50.0533002],[5.6943217,50.0533295],[5.6935331,50.053109],[5.693678,50.0528748],[5.6928813,50.052582],[5.692074,50.0524029],[5.6921732,50.0526957],[5.6917649,50.0527697],[5.6911567,50.0525769],[5.6912988,50.0523427],[5.6909528,50.0522324],[5.6908563,50.0523857],[5.6907088,50.0521584],[5.6902412,50.0520621],[5.6901321,50.0522548],[5.689799,50.0522478],[5.6893198,50.0519548],[5.6887319,50.0515779],[5.6884909,50.0513115],[5.6882545,50.0506266],[5.6881016,50.050369],[5.6879884,50.0503615],[5.6874928,50.0502191],[5.6871656,50.0501657],[5.6863689,50.0500262],[5.6862295,50.0499866],[5.6854463,50.0495853],[5.6853336,50.0495354],[5.685406,50.0494269],[5.6850412,50.049339],[5.6849822,50.049389],[5.6843197,50.0491168],[5.6842312,50.0492012],[5.683799,50.0490508],[5.6835794,50.0491961],[5.6824261,50.048793],[5.6821901,50.0492632],[5.6832093,50.0495612],[5.6831317,50.0496586],[5.6850183,50.0504175],[5.6854624,50.0503672],[5.6853363,50.0505033],[5.6857266,50.0506221],[5.6860561,50.0502869],[5.6873614,50.0508167],[5.6873345,50.050939],[5.6876584,50.0510574],[5.6876376,50.0512043],[5.687474,50.0513145],[5.6872541,50.0513334],[5.6865862,50.0511767],[5.6865416,50.0512874],[5.6859103,50.051516],[5.6862456,50.0517003],[5.6865735,50.0517778],[5.6866533,50.0516693],[5.6870636,50.0517468],[5.6870824,50.0517089],[5.6874123,50.0517261],[5.6873533,50.0518398],[5.68804,50.0520172],[5.6882465,50.052024],[5.6885388,50.0521704],[5.6888929,50.0522634],[5.6891133,50.0526023],[5.6889331,50.0526802],[5.6890431,50.0527663],[5.6886917,50.052973],[5.6887051,50.0529954],[5.6886086,50.0529988],[5.688563,50.052849],[5.6872138,50.0523065],[5.6870609,50.0525338],[5.6882197,50.0530453],[5.6876028,50.0531831],[5.6866157,50.0528059],[5.6865031,50.0529454],[5.687364,50.0532589],[5.687069,50.0533622],[5.6864548,50.05314],[5.6863582,50.0532451],[5.6864655,50.0532899],[5.686385,50.0534104],[5.6861114,50.0535689],[5.6856762,50.0534326],[5.6853738,50.0537152],[5.685508,50.0539064],[5.6841695,50.0540976],[5.6850417,50.0543158],[5.6856394,50.0545281],[5.6861168,50.0540958],[5.686436,50.0542319],[5.6870583,50.054578],[5.6872541,50.0544282],[5.686723,50.0540028],[5.6871682,50.0536532],[5.6876725,50.053853],[5.6879863,50.0535447],[5.6884584,50.0532416],[5.6892711,50.0538565],[5.6894056,50.0537493],[5.6894952,50.0537861],[5.6900275,50.0540046],[5.6906444,50.0543232],[5.6902823,50.0546469],[5.6902179,50.0546331],[5.6900731,50.0548536],[5.6905398,50.0549896],[5.69058,50.0549414],[5.6907044,50.0549758],[5.6910843,50.0550378],[5.6907812,50.055849],[5.6905666,50.0558162],[5.6905317,50.0558834],[5.6897861,50.0556061],[5.6896788,50.0557232],[5.6895232,50.0556836],[5.6894615,50.0557628],[5.6893811,50.0557181],[5.6893406,50.0557635],[5.6892952,50.0558145],[5.6896359,50.0559213],[5.6894153,50.0562204],[5.6896761,50.056326],[5.689939,50.0564069],[5.6898451,50.0568133],[5.6897753,50.0567909],[5.6896872,50.0569278],[5.6888446,50.0566291],[5.688696,50.056872],[5.6886086,50.0570148],[5.6895715,50.0573471],[5.6893247,50.0575813],[5.6891906,50.0575193],[5.6890558,50.0575941],[5.6890136,50.0576175],[5.6889331,50.0575865],[5.6886139,50.0577604],[5.6889385,50.057912],[5.6884863,50.0581077],[5.6883377,50.058172],[5.6878656,50.0579395],[5.6875223,50.0581376],[5.6874935,50.058157],[5.6870772,50.0584386],[5.6871065,50.058456],[5.6865317,50.0591408],[5.6867954,50.059231],[5.6870297,50.0589435],[5.6871805,50.0589926],[5.6872112,50.0589589],[5.6873086,50.0588866],[5.6871903,50.0587817]]]}},{"type":"Feature","properties":{"t":"casario"},"geometry":{"type":"Polygon","coordinates":[[[5.691956,50.0513679],[5.6923047,50.0514678],[5.6924978,50.0511888],[5.6926373,50.0508822],[5.6920257,50.0506755],[5.691956,50.0513679]]]}},{"type":"Feature","properties":{"t":"casario"},"geometry":{"type":"Polygon","coordinates":[[[5.693045,50.050772],[5.6931871,50.0506445],[5.6929645,50.0505377],[5.6931764,50.050338],[5.6928626,50.0502002],[5.6926829,50.0500589],[5.6922054,50.0503362],[5.6924951,50.050524],[5.693045,50.050772]]]}},{"type":"Feature","properties":{"t":"casario"},"geometry":{"type":"Polygon","coordinates":[[[5.6847462,50.0470758],[5.6848213,50.0469501],[5.6839067,50.0467004],[5.6832764,50.0465694],[5.6828499,50.0465643],[5.6828096,50.0467296],[5.6847462,50.0470758]]]}},{"type":"Feature","properties":{"t":"casario"},"geometry":{"type":"Polygon","coordinates":[[[5.695172,50.057249],[5.6950898,50.0572467],[5.6944598,50.0572292],[5.6941715,50.0574737],[5.6941298,50.0575221],[5.6940588,50.0576046],[5.6943552,50.0575917],[5.6949775,50.0576631],[5.6957339,50.0577854],[5.6953758,50.0575159],[5.695172,50.057249]]]}},{"type":"Feature","properties":{"t":"casario"},"geometry":{"type":"Polygon","coordinates":[[[5.6841749,50.0618948],[5.6837001,50.0615298],[5.6832522,50.0617605],[5.6825682,50.0620653],[5.6824261,50.0619224],[5.6822303,50.061993],[5.6824797,50.0625164],[5.6827426,50.062451],[5.6841749,50.0618948]]]}},{"type":"Feature","properties":{"t":"casario"},"geometry":{"type":"Polygon","coordinates":[[[5.6833811,50.0628716],[5.6836224,50.062692],[5.6832764,50.0622891],[5.6828284,50.0624682],[5.6824905,50.0625603],[5.6821659,50.0625939],[5.6818548,50.0625371],[5.6814578,50.0623976],[5.6806156,50.0628367],[5.6805378,50.062816],[5.6804761,50.0628573],[5.6808007,50.0631277],[5.6813157,50.0628298],[5.6815356,50.0629934],[5.6820425,50.0627334],[5.6822437,50.0626077],[5.6825039,50.0628918],[5.6831878,50.0626697],[5.6833811,50.0628716]]]}},{"type":"Feature","properties":{"t":"casario"},"geometry":{"type":"Polygon","coordinates":[[[5.6839737,50.0620222],[5.684604,50.0624613],[5.6853068,50.0615091],[5.6839737,50.0620222]]]}},{"type":"Feature","properties":{"t":"casario"},"geometry":{"type":"Polygon","coordinates":[[[5.6856957,50.0609443],[5.6855958,50.0609037],[5.6851324,50.0607153],[5.6848052,50.0605621],[5.6845987,50.060426],[5.6841132,50.0607102],[5.6843814,50.0608669],[5.6841373,50.0610063],[5.6851003,50.0615436],[5.6853792,50.0614299],[5.6856957,50.0609443]]]}},{"type":"Feature","properties":{"t":"casario"},"geometry":{"type":"Polygon","coordinates":[[[5.6855982,50.0596429],[5.6855723,50.0597287],[5.6857306,50.0597993],[5.6855965,50.0600162],[5.6861973,50.0602487],[5.6865406,50.0597545],[5.6864306,50.0597132],[5.6859264,50.0594841],[5.6859344,50.0594135],[5.6856058,50.0592856],[5.6855978,50.0593619],[5.6857601,50.0595384],[5.6857047,50.0596668],[5.6855982,50.0596429]]]}},{"type":"Feature","properties":{"t":"casario"},"geometry":{"type":"Polygon","coordinates":[[[5.6851271,50.0638612],[5.6857118,50.0631879],[5.6858861,50.0629503],[5.6847784,50.0623838],[5.6840435,50.0633584],[5.6851271,50.0638612]]]}},{"type":"Feature","properties":{"t":"fazenda"},"geometry":{"type":"Polygon","coordinates":[[[5.6877476,50.0612233],[5.6893328,50.0619775],[5.689491,50.0615384],[5.6884772,50.0610666],[5.6884181,50.0611045],[5.6880829,50.0609271],[5.6877476,50.0612233]]]}},{"type":"Feature","properties":{"t":"casario"},"geometry":{"type":"Polygon","coordinates":[[[5.6869978,50.0605845],[5.6864494,50.0600696],[5.6862348,50.0603744],[5.6863152,50.06043],[5.6867471,50.0607291],[5.6869978,50.0605845]]]}},{"type":"Feature","properties":{"t":"casario"},"geometry":{"type":"Polygon","coordinates":[[[5.6857493,50.0514678],[5.6852746,50.0512783],[5.6847623,50.0510527],[5.6844807,50.0510062],[5.6842554,50.0510096],[5.6839737,50.0512146],[5.6843036,50.0513748],[5.6842446,50.0514333],[5.6847435,50.0514557],[5.685178,50.0515315],[5.6857493,50.0514678]]]}},{"type":"Feature","properties":{"t":"casario"},"geometry":{"type":"Polygon","coordinates":[[[5.681886,50.0351899],[5.6814149,50.0350726],[5.6811574,50.0350933],[5.6807712,50.0349675],[5.6803742,50.034971],[5.6802079,50.0351657],[5.6812566,50.0365043],[5.6808428,50.0366517],[5.6802883,50.0368641],[5.6805029,50.0369436],[5.6808919,50.036773],[5.6813317,50.0372072],[5.6813049,50.0372761],[5.6809321,50.037376],[5.6810505,50.0374436],[5.6811064,50.0374174],[5.6816107,50.0373829],[5.6819862,50.0376327],[5.6822383,50.0377292],[5.6823429,50.0380789],[5.68241,50.0382546],[5.682469,50.038327],[5.6825817,50.0383339],[5.6826353,50.0382822],[5.6827882,50.0380289],[5.6827989,50.0379118],[5.6828257,50.0378808],[5.6828866,50.0378481],[5.6829894,50.0377929],[5.6827587,50.0372795],[5.6826434,50.0372916],[5.6820466,50.0366025],[5.6817609,50.0365181],[5.681439,50.0365887],[5.6813452,50.0365043],[5.6817153,50.0363665],[5.6815177,50.0361575],[5.6816764,50.0356447],[5.6818615,50.0353741],[5.681886,50.0351899]]]}},{"type":"Feature","properties":{"t":"casario"},"geometry":{"type":"Polygon","coordinates":[[[5.6951988,50.025939],[5.6956163,50.0267034],[5.6956387,50.0263784],[5.6959686,50.0260545],[5.695813,50.0260062],[5.6951988,50.025939]]]}},{"type":"Feature","properties":{"t":"fazenda"},"geometry":{"type":"Polygon","coordinates":[[[5.6819535,50.0282728],[5.6818691,50.0283691],[5.6830701,50.02879],[5.6831094,50.0287532],[5.6837223,50.0281803],[5.6838986,50.0280154],[5.6844815,50.027682],[5.6844941,50.0275777],[5.6843557,50.0272974],[5.6841306,50.0270115],[5.6832844,50.0277475],[5.6824106,50.0273986],[5.681964,50.0276741],[5.6823192,50.0277968],[5.6819535,50.0282728]]]}},{"type":"Feature","properties":{"t":"casario"},"geometry":{"type":"Polygon","coordinates":[[[5.6806532,50.028858],[5.6810335,50.0290298],[5.6812207,50.028713],[5.6808825,50.0285987],[5.6806532,50.028858]]]}},{"type":"Feature","properties":{"t":"casario"},"geometry":{"type":"Polygon","coordinates":[[[5.7673655,50.0178626],[5.7677248,50.0182508],[5.7673465,50.01839],[5.7669781,50.017981],[5.7673655,50.0178626]]]}},{"type":"Feature","properties":{"t":"casario"},"geometry":{"type":"Polygon","coordinates":[[[5.7654798,50.0185366],[5.765295,50.018348],[5.7654213,50.0182609],[5.7656908,50.0181374],[5.7656056,50.0180712],[5.7662116,50.0178109],[5.7668104,50.0175401],[5.7668822,50.0175456],[5.766931,50.017566],[5.7669837,50.0176263],[5.7671542,50.0175801],[5.7672951,50.0175216],[5.7672357,50.0174613],[5.7674646,50.017281],[5.7679192,50.0171053],[5.7680777,50.0172062],[5.7683339,50.0171375],[5.7684961,50.0172568],[5.768601,50.0172023],[5.7692238,50.0163506],[5.7697716,50.0166201],[5.7686121,50.0172211],[5.7682732,50.0173727],[5.7672887,50.0177796],[5.7664157,50.0180965],[5.7660708,50.0182609],[5.7660038,50.018291],[5.7659265,50.0183128],[5.7657949,50.0183877],[5.7656953,50.0184388],[5.7654798,50.0185366]]]}},{"type":"Feature","properties":{"t":"casario"},"geometry":{"type":"Polygon","coordinates":[[[5.7619904,50.019486],[5.762005,50.0193187],[5.762018,50.0191632],[5.7624466,50.0191887],[5.7624291,50.0195075],[5.7619904,50.019486]]]}},{"type":"Feature","properties":{"t":"obra"},"geometry":{"type":"Polygon","coordinates":[[[5.7176991,49.9967424],[5.7172119,49.9966055],[5.717343,49.9964129],[5.7178302,49.9965498],[5.7176991,49.9967424]]]}},{"type":"Feature","properties":{"t":"casario"},"geometry":{"type":"Polygon","coordinates":[[[5.7190075,50.0077022],[5.7191992,50.0077718],[5.7202452,50.0081527],[5.7207441,50.0076425],[5.7200707,50.0074091],[5.7198306,50.0073151],[5.7197411,50.0073088],[5.7196431,50.0072753],[5.7192112,50.007521],[5.718994,50.0076976],[5.7190075,50.0077022]]]}},{"type":"Feature","properties":{"t":"fazenda"},"geometry":{"type":"Polygon","coordinates":[[[5.7765748,50.0156203],[5.7766057,50.0156564],[5.7766055,50.0157143],[5.7763887,50.0164486],[5.7763597,50.0164497],[5.7752931,50.0164903],[5.774837,50.0157172],[5.7760936,50.0156564],[5.7765748,50.0156203]]]}},{"type":"Feature","properties":{"t":"casario"},"geometry":{"type":"Polygon","coordinates":[[[5.7810774,50.0078008],[5.7811887,50.0079971],[5.7817354,50.0091449],[5.7819656,50.00958],[5.7820635,50.0095491],[5.7822499,50.0094904],[5.7821743,50.0089891],[5.7819951,50.0087354],[5.7818368,50.0087612],[5.7816839,50.0083355],[5.7815123,50.0083165],[5.781536,50.0080187],[5.7815552,50.0077787],[5.7814017,50.0075317],[5.7815297,50.0074669],[5.7813111,50.0072805],[5.7807907,50.0074735],[5.7809416,50.0076384],[5.7810774,50.0078008]]]}},{"type":"Feature","properties":{"t":"casario"},"geometry":{"type":"Polygon","coordinates":[[[5.779954,50.0070294],[5.7801164,50.0070975],[5.7803737,50.0071943],[5.7804273,50.0071641],[5.7802442,50.0068422],[5.7802216,50.0068025],[5.7800351,50.0068434],[5.7798624,50.0070143],[5.779954,50.0070294]]]}},{"type":"Feature","properties":{"t":"casario"},"geometry":{"type":"Polygon","coordinates":[[[5.7789979,50.0068739],[5.7789468,50.0063135],[5.7779728,50.0064326],[5.7781124,50.0069347],[5.7785631,50.0068907],[5.7789979,50.0068739]]]}},{"type":"Feature","properties":{"t":"casario"},"geometry":{"type":"Polygon","coordinates":[[[5.7769854,50.0070888],[5.7768208,50.0065712],[5.7747631,50.0068508],[5.7740537,50.0069434],[5.7740289,50.007015],[5.7735123,50.0071306],[5.7736125,50.0075095],[5.7743991,50.0074209],[5.7745554,50.0073977],[5.7769854,50.0070888]]]}},{"type":"Feature","properties":{"t":"casario"},"geometry":{"type":"Polygon","coordinates":[[[5.7700751,50.0066908],[5.771037,50.0069914],[5.7711701,50.0068737],[5.7712281,50.0067869],[5.7709458,50.0066148],[5.7701223,50.0062962],[5.7701016,50.0061586],[5.7698876,50.0061453],[5.7699117,50.0060488],[5.7694423,50.005935],[5.7693753,50.0059928],[5.768407,50.0057204],[5.7683371,50.0057815],[5.7682139,50.0058893],[5.7675747,50.0055639],[5.7672563,50.0054359],[5.7671437,50.0055911],[5.7671919,50.0058669],[5.7673022,50.0061253],[5.7672758,50.0061569],[5.7683394,50.0062755],[5.7687793,50.0063285],[5.7693877,50.0064721],[5.7700751,50.0066908]]]}},{"type":"Feature","properties":{"t":"casario"},"geometry":{"type":"Polygon","coordinates":[[[5.7692002,50.0065011],[5.7688,50.0064058],[5.7685319,50.0063638],[5.7683757,50.006338],[5.7662746,50.0061496],[5.765466,50.0060652],[5.7663135,50.0066539],[5.7666577,50.0067257],[5.76639,50.0070219],[5.7659259,50.0069081],[5.7658938,50.0069633],[5.766516,50.0071753],[5.7677445,50.0071115],[5.7678732,50.0070236],[5.7683319,50.0070254],[5.7685888,50.0071378],[5.768702,50.007015],[5.7687409,50.0069976],[5.7688408,50.0069741],[5.7689911,50.0068978],[5.7690344,50.0067871],[5.7692002,50.0065011]]]}},{"type":"Feature","properties":{"t":"casario"},"geometry":{"type":"Polygon","coordinates":[[[5.7610093,50.0059717],[5.7615184,50.0059298],[5.7622299,50.0058524],[5.7625891,50.0058193],[5.7628744,50.005816],[5.763359,50.0058546],[5.7638943,50.0059134],[5.7640336,50.0059318],[5.7640071,50.0059473],[5.7644024,50.0064599],[5.7645942,50.0063091],[5.7649196,50.0064407],[5.7647176,50.0066349],[5.7645607,50.0065875],[5.7644963,50.0066875],[5.7646603,50.0070392],[5.7637924,50.0066932],[5.7636521,50.0066373],[5.7632906,50.0064931],[5.7631391,50.0063875],[5.7633322,50.0061876],[5.7632357,50.0061255],[5.7628494,50.0060565],[5.7627529,50.0061979],[5.7620957,50.0061772],[5.762077,50.0060307],[5.7615593,50.0060255],[5.7615593,50.0060824],[5.7608297,50.006141],[5.7607681,50.0060014],[5.7610093,50.0059717]]]}},{"type":"Feature","properties":{"t":"casario"},"geometry":{"type":"Polygon","coordinates":[[[5.7601672,50.0060479],[5.7601243,50.0062979],[5.7598883,50.0064203],[5.7591868,50.0063803],[5.7593626,50.0062738],[5.7592472,50.0061014],[5.7601672,50.0060479]]]}},{"type":"Feature","properties":{"t":"casario"},"geometry":{"type":"Polygon","coordinates":[[[5.7524022,50.0067357],[5.7525203,50.0068961],[5.7525993,50.0068923],[5.7526831,50.0071248],[5.7533191,50.0068288],[5.7533571,50.0068771],[5.7535561,50.0074767],[5.754151,50.0072753],[5.7559612,50.0071065],[5.7559133,50.0068426],[5.7563753,50.0067944],[5.7562782,50.006368],[5.7539616,50.0065887],[5.7537642,50.0066035],[5.7524022,50.0067357]]]}},{"type":"Feature","properties":{"t":"casario"},"geometry":{"type":"Polygon","coordinates":[[[5.7463314,50.0072364],[5.7551406,50.0064164],[5.7552594,50.0063197],[5.755433,50.0061838],[5.7558296,50.0059952],[5.7529199,50.0062341],[5.7500151,50.0064668],[5.7444472,50.006926],[5.7444919,50.0071234],[5.745053,50.0072408],[5.745605,50.0072844],[5.7459111,50.0072753],[5.7463314,50.0072364]]]}},{"type":"Feature","properties":{"t":"fazenda"},"geometry":{"type":"Polygon","coordinates":[[[5.7085926,50.0180481],[5.710118,50.0177864],[5.7105926,50.0176677],[5.7113987,50.0174381],[5.7109782,50.0172173],[5.7103735,50.0169948],[5.7090778,50.0165929],[5.7092554,50.0162988],[5.7085533,50.0162273],[5.7076128,50.0181473],[5.7077368,50.0181668],[5.708051,50.018126],[5.7085926,50.0180481]]]}},{"type":"Feature","properties":{"t":"casario"},"geometry":{"type":"Polygon","coordinates":[[[5.7075797,50.0182217],[5.7073386,50.0187094],[5.7072432,50.0189235],[5.7081243,50.0190769],[5.7084355,50.0184306],[5.708579,50.0183996],[5.7086527,50.0182031],[5.7085468,50.0181687],[5.7086134,50.01808],[5.7077423,50.018196],[5.7075797,50.0182217]]]}},{"type":"Feature","properties":{"t":"casario"},"geometry":{"type":"Polygon","coordinates":[[[5.7071333,50.0191433],[5.70574,50.02179],[5.7055911,50.0220839],[5.7055319,50.0221946],[5.7054299,50.0224611],[5.7053899,50.0225833],[5.7052624,50.0229648],[5.7053719,50.0230724],[5.7056941,50.0233891],[5.7062196,50.0230233],[5.7062468,50.0230044],[5.7066652,50.0231819],[5.7070113,50.0227689],[5.7068637,50.0226029],[5.7066225,50.0225179],[5.7065588,50.0224955],[5.7064185,50.0224461],[5.706397,50.022322],[5.7066786,50.0223013],[5.7066759,50.0222548],[5.7069629,50.0222151],[5.7069493,50.0221544],[5.7069299,50.0220678],[5.706865,50.0217778],[5.7057962,50.021855],[5.7059973,50.0214328],[5.7065874,50.0215465],[5.7065959,50.0215297],[5.7067983,50.0211256],[5.7077947,50.0192177],[5.7071333,50.0191433]]]}},{"type":"Feature","properties":{"t":"casario"},"geometry":{"type":"Polygon","coordinates":[[[5.7097369,50.0574606],[5.7102741,50.0574511],[5.7108618,50.0573553],[5.7101885,50.0569556],[5.7099569,50.0572321],[5.7097369,50.0574606]]]}},{"type":"Feature","properties":{"t":"comercio"},"geometry":{"type":"Polygon","coordinates":[[[5.6931345,50.0017556],[5.6931729,50.0017539],[5.6930771,50.0010433],[5.6928733,50.001026],[5.6928752,50.000688],[5.6923149,50.0007441],[5.6915521,50.0010636],[5.6909753,50.0013914],[5.6907546,50.0015709],[5.6906187,50.0016015],[5.6905782,50.0016449],[5.6905553,50.0016941],[5.6905523,50.0017438],[5.6905765,50.0018293],[5.6906034,50.0018691],[5.6907118,50.0019295],[5.6913797,50.0022806],[5.691186,50.002438],[5.6910709,50.0024133],[5.6897596,50.0020167],[5.6892045,50.0019886],[5.6888396,50.0020706],[5.6883594,50.0023082],[5.6877281,50.002571],[5.6872885,50.0027582],[5.6873192,50.0027944],[5.6877894,50.0027681],[5.687838,50.0031377],[5.6879109,50.0033106],[5.6880641,50.0032845],[5.6890029,50.0032224],[5.6889734,50.0031069],[5.6894615,50.003019],[5.6894857,50.0030483],[5.6895876,50.003019],[5.6894021,50.0027582],[5.6898774,50.0027385],[5.6900333,50.0030966],[5.6906457,50.0030218],[5.6905371,50.0026811],[5.6912037,50.0026724],[5.6918675,50.0026638],[5.6921652,50.0026587],[5.6925011,50.0026387],[5.6932312,50.0026097],[5.6932037,50.0023665],[5.6931345,50.0017556]]]}},{"type":"Feature","properties":{"t":"casario"},"geometry":{"type":"Polygon","coordinates":[[[5.7907377,49.9873567],[5.7908195,49.9874265],[5.7908873,49.9875408],[5.7914123,49.9872109],[5.7910824,49.9871247],[5.7907377,49.9873567]]]}},{"type":"Feature","properties":{"t":"fazenda"},"geometry":{"type":"Polygon","coordinates":[[[5.7917502,49.9858985],[5.7915974,49.9857795],[5.7913218,49.9857114],[5.7910169,49.9857547],[5.7909161,49.9858037],[5.7906479,49.986002],[5.7909375,49.9860296],[5.7914096,49.9862417],[5.7917502,49.9858985]]]}},{"type":"Feature","properties":{"t":"industria"},"geometry":{"type":"Polygon","coordinates":[[[5.6862666,49.9998103],[5.6866841,49.99983],[5.6867091,49.9996114],[5.6862916,49.9995917],[5.6862666,49.9998103]]]}},{"type":"Feature","properties":{"t":"casario"},"geometry":{"type":"Polygon","coordinates":[[[5.6872885,50.0027582],[5.6870636,50.0028962],[5.6868592,50.0031673],[5.6868336,50.0033562],[5.6876259,50.0032675],[5.6876591,50.0033534],[5.6879109,50.0033106],[5.687838,50.0031377],[5.6877894,50.0027681],[5.6873192,50.0027944],[5.6872885,50.0027582]]]}},{"type":"Feature","properties":{"t":"obra"},"geometry":{"type":"Polygon","coordinates":[[[5.7040642,50.008143],[5.7047183,50.0075335],[5.7049022,50.0076982],[5.7051675,50.0078106],[5.7054358,50.007985],[5.7053333,50.008231],[5.7052758,50.0084165],[5.7049808,50.0083889],[5.7048628,50.0083613],[5.7047555,50.008332],[5.7040642,50.008143]]]}},{"type":"Feature","properties":{"t":"casario"},"geometry":{"type":"Polygon","coordinates":[[[5.6915012,49.9876507],[5.6920785,49.9870601],[5.6925905,49.9873387],[5.6930879,49.9876137],[5.6926923,49.9878437],[5.6931694,49.9881729],[5.6929337,49.9885245],[5.6921371,49.9880394],[5.691154,49.9885802],[5.6917911,49.9889723],[5.6917575,49.9889941],[5.6918675,49.9890786],[5.6918406,49.9891838],[5.6923637,49.9894976],[5.6926641,49.9892562],[5.6937973,49.9896414],[5.6942506,49.9889544],[5.6930758,49.9885483],[5.6931864,49.9883219],[5.6931583,49.9883047],[5.693277,49.9881948],[5.6933304,49.9881433],[5.6941608,49.9876472],[5.6942627,49.9876403],[5.6943673,49.9876886],[5.6950648,49.9881097],[5.6954911,49.9878524],[5.6959203,49.9878386],[5.6961402,49.9877731],[5.6962851,49.9875162],[5.6960437,49.987292],[5.6958237,49.9871954],[5.6957781,49.9871855],[5.6953016,49.9875978],[5.6953336,49.9878241],[5.694922,49.9879335],[5.6943198,49.9875463],[5.6949016,49.9868861],[5.6947985,49.9868485],[5.6936391,49.9862605],[5.6931188,49.9868356],[5.6921018,49.986224],[5.6919962,49.9863038],[5.6916301,49.9866729],[5.6916931,49.9867039],[5.6908282,49.9872392],[5.6915012,49.9876507]]]}},{"type":"Feature","properties":{"t":"industria"},"geometry":{"type":"Polygon","coordinates":[[[5.6803845,49.9988403],[5.6794148,49.9974474],[5.6793231,49.9971758],[5.6869319,49.9977155],[5.6921286,49.9979551],[5.6938051,49.9980354],[5.694789,49.998012],[5.6949144,49.9980552],[5.6947742,49.9989295],[5.6907881,50.000867],[5.6892751,50.0010061],[5.6892335,50.0008381],[5.6883187,50.000938],[5.6883565,50.0011157],[5.6879493,50.0011632],[5.6879001,50.0010147],[5.6865742,50.0011656],[5.6852825,50.0011401],[5.684117,50.0010441],[5.681269,49.9999798],[5.681841,49.9999287],[5.6817748,49.9999044],[5.6814698,49.9997765],[5.6806213,49.999152],[5.6804489,49.9989791],[5.6803845,49.9988403]]]}},{"type":"Feature","properties":{"t":"casario"},"geometry":{"type":"Polygon","coordinates":[[[5.6811605,50.0616699],[5.6803662,50.0619568],[5.6807622,50.0621046],[5.6810106,50.0619788],[5.6813559,50.0618251],[5.6811605,50.0616699]]]}},{"type":"Feature","properties":{"t":"fazenda"},"geometry":{"type":"Polygon","coordinates":[[[5.6936936,50.0580169],[5.6937517,50.0578724],[5.6937021,50.0578483],[5.6938925,50.0576054],[5.6931871,50.0578396],[5.6936936,50.0580169]]]}},{"type":"Feature","properties":{"t":"casario"},"geometry":{"type":"Polygon","coordinates":[[[5.685685,50.0458684],[5.6857601,50.045629],[5.6850171,50.0455188],[5.6849472,50.0455026],[5.6850332,50.0457582],[5.685685,50.0458684]]]}},{"type":"Feature","properties":{"t":"comercio"},"geometry":{"type":"Polygon","coordinates":[[[5.759876,50.0637624],[5.759258,50.063293],[5.7591281,50.063211],[5.7592003,50.0631693],[5.7593165,50.0631166],[5.7594766,50.0630157],[5.7599942,50.0634307],[5.7602195,50.0635263],[5.7603007,50.0635495],[5.7598881,50.0637556],[5.759876,50.0637624]]]}},{"type":"Feature","properties":{"t":"casario"},"geometry":{"type":"Polygon","coordinates":[[[5.7574113,50.0612615],[5.7576808,50.0616279],[5.7582414,50.0614334],[5.7579228,50.0609807],[5.7576795,50.0610614],[5.7575977,50.0611897],[5.7574113,50.0612615]]]}},{"type":"Feature","properties":{"t":"comercio"},"geometry":{"type":"Polygon","coordinates":[[[5.7206922,49.9922295],[5.7198651,49.9922022],[5.7194128,49.9920729],[5.7196453,49.9919131],[5.7198408,49.9916471],[5.7199011,49.991655],[5.7200602,49.9915497],[5.7205018,49.9907868],[5.7215169,49.9909464],[5.7211846,49.9914675],[5.7206922,49.9922295]]]}},{"type":"Feature","properties":{"t":"comercio"},"geometry":{"type":"Polygon","coordinates":[[[5.7208523,49.990092],[5.7206226,49.990062],[5.7204682,49.9903812],[5.721696,49.9905465],[5.7218091,49.9902587],[5.7208523,49.990092]]]}},{"type":"Feature","properties":{"t":"comercio"},"geometry":{"type":"Polygon","coordinates":[[[5.7197345,49.9937167],[5.7187742,49.9934508],[5.7191275,49.9929236],[5.7200877,49.9931896],[5.7197345,49.9937167]]]}},{"type":"Feature","properties":{"t":"comercio"},"geometry":{"type":"Polygon","coordinates":[[[5.7202399,49.9933223],[5.720506,49.9928824],[5.7212085,49.9930607],[5.7208879,49.9935533],[5.7202399,49.9933223]]]}},{"type":"Feature","properties":{"t":"fazenda"},"geometry":{"type":"Polygon","coordinates":[[[5.7263409,50.0134467],[5.7275284,50.0132055],[5.7270305,50.0125677],[5.7260495,50.0128921],[5.7263409,50.0134467]]]}},{"type":"Feature","properties":{"t":"comercio"},"geometry":{"type":"Polygon","coordinates":[[[5.7211568,49.9813951],[5.7201667,49.9812823],[5.7201296,49.9817727],[5.7202519,49.9821848],[5.7213154,49.9820491],[5.7211568,49.9813951]]]}},{"type":"Feature","properties":{"t":"casario"},"geometry":{"type":"Polygon","coordinates":[[[5.7256973,50.0083412],[5.7264588,50.0083813],[5.7263537,50.0081599],[5.7259912,50.0080505],[5.7255992,50.0080586],[5.7255763,50.0081137],[5.7257228,50.0081442],[5.7256973,50.0083412]]]}},{"type":"Feature","properties":{"t":"casario"},"geometry":{"type":"Polygon","coordinates":[[[5.7074806,49.9966778],[5.7070647,49.9969709],[5.7068476,49.9967381],[5.7072017,49.9966071],[5.7074806,49.9966778]]]}},{"type":"Feature","properties":{"t":"fazenda"},"geometry":{"type":"Polygon","coordinates":[[[5.7663363,50.0071995],[5.7664543,50.0072029],[5.7665053,50.0076321],[5.7665294,50.0081148],[5.7660359,50.00812],[5.766052,50.0076718],[5.7663792,50.0074167],[5.7663363,50.0071995]]]}},{"type":"Feature","properties":{"t":"fazenda"},"geometry":{"type":"Polygon","coordinates":[[[5.7524291,49.9846758],[5.7529387,49.9844636],[5.7534648,49.9842085],[5.7531801,49.9839911],[5.7525176,49.9842739],[5.7524291,49.9846758]]]}},{"type":"Feature","properties":{"t":"fazenda"},"geometry":{"type":"Polygon","coordinates":[[[5.7341523,49.9803797],[5.7338874,49.9807244],[5.7336348,49.9808228],[5.7337772,49.9808742],[5.7351449,49.9813678],[5.7352629,49.9812716],[5.7345602,49.9809901],[5.7348901,49.9804916],[5.7341847,49.9803174],[5.7341523,49.9803797]]]}},{"type":"Feature","properties":{"t":"fazenda"},"geometry":{"type":"Polygon","coordinates":[[[5.715487,49.9880637],[5.7156036,49.9879384],[5.7156738,49.9878206],[5.7157784,49.987655],[5.7158051,49.9875868],[5.7156774,49.9875765],[5.7155884,49.9875675],[5.7154636,49.9878038],[5.7154347,49.9879257],[5.715487,49.9880637]]]}},{"type":"Feature","properties":{"t":"comercio"},"geometry":{"type":"Polygon","coordinates":[[[5.6989769,50.0020973],[5.6990451,50.002113],[5.7010583,50.0020273],[5.7017113,50.0020133],[5.7017254,50.0017143],[5.7007241,50.0016949],[5.7001582,50.001595],[5.7002091,50.0015381],[5.6995091,50.0013536],[5.6992382,50.0017415],[5.6991644,50.0018329],[5.6989769,50.0020973]]]}},{"type":"Feature","properties":{"t":"fazenda"},"geometry":{"type":"Polygon","coordinates":[[[5.7428635,50.0034313],[5.7431674,50.0035948],[5.7431996,50.0035603],[5.7439803,50.0038016],[5.7443833,50.0033322],[5.7444783,50.003366],[5.7446755,50.0031371],[5.744756,50.0030951],[5.7448646,50.0029684],[5.7448652,50.0029155],[5.74431,50.0027069],[5.7436797,50.0025466],[5.7432801,50.0030448],[5.7428635,50.0034313]]]}},{"type":"Feature","properties":{"t":"fazenda"},"geometry":{"type":"Polygon","coordinates":[[[5.7291568,50.0038442],[5.7283394,50.0036108],[5.7282537,50.0038164],[5.7280706,50.0038108],[5.7280568,50.0039976],[5.7280441,50.0040117],[5.7280427,50.0041117],[5.728056,50.0042047],[5.7280599,50.004304],[5.7280666,50.0043913],[5.7284045,50.004393],[5.7288873,50.0042327],[5.7290134,50.0041309],[5.7291568,50.0038442]]]}},{"type":"Feature","properties":{"t":"comercio"},"geometry":{"type":"Polygon","coordinates":[[[5.7075825,50.0017277],[5.7075758,50.0015208],[5.7083611,50.0014398],[5.7084159,50.0014374],[5.7084159,50.0013424],[5.7083925,50.001336],[5.7083782,50.0011264],[5.7089543,50.0011809],[5.7091959,50.0011898],[5.7092147,50.0016544],[5.7085638,50.0016932],[5.7077019,50.0017363],[5.7075825,50.0017277]]]}},{"type":"Feature","properties":{"t":"comercio"},"geometry":{"type":"Polygon","coordinates":[[[5.7204923,49.9995501],[5.7197145,49.9981619],[5.7189759,49.9983278],[5.7191563,49.9985847],[5.7188478,49.9988037],[5.7188882,49.9988892],[5.7184216,49.9991297],[5.7188668,49.9995745],[5.7191565,49.9994986],[5.7196071,50.0000883],[5.7203525,49.9998228],[5.7202184,49.9996676],[5.7201766,49.9996308],[5.7204489,49.9995661],[5.7204923,49.9995501]]]}},{"type":"Feature","properties":{"t":"comercio"},"geometry":{"type":"Polygon","coordinates":[[[5.7153699,49.9977331],[5.7153878,49.9980716],[5.714501,49.9983952],[5.7144721,49.9984051],[5.7145109,49.998471],[5.7145538,49.9985607],[5.7147094,49.9988159],[5.7151439,49.9986745],[5.7156385,49.9986566],[5.7162919,49.9988331],[5.7167919,49.9981183],[5.7153699,49.9977331]]]}},{"type":"Feature","properties":{"t":"comercio"},"geometry":{"type":"Polygon","coordinates":[[[5.7178956,49.9973631],[5.7176341,49.9972174],[5.7179895,49.9966519],[5.7184455,49.9967778],[5.7188826,49.9966473],[5.7190876,49.9969193],[5.7191241,49.9969795],[5.7180767,49.9973286],[5.7178956,49.9973631]]]}},{"type":"Feature","properties":{"t":"comercio"},"geometry":{"type":"Polygon","coordinates":[[[5.7287911,49.9949094],[5.7299522,49.9954398],[5.7304969,49.9946434],[5.7293535,49.9941748],[5.7284716,49.9943707],[5.7287911,49.9949094]]]}},{"type":"Feature","properties":{"t":"fazenda"},"geometry":{"type":"Polygon","coordinates":[[[5.7352871,49.9938282],[5.7351529,49.9939845],[5.7367637,49.9944864],[5.7366818,49.9936655],[5.7357162,49.9936775],[5.7356974,49.9939707],[5.7356223,49.9939707],[5.7352871,49.9938282]]]}},{"type":"Feature","properties":{"t":"fazenda"},"geometry":{"type":"Polygon","coordinates":[[[5.7301765,49.9927492],[5.7297417,49.9925609],[5.7292494,49.9923998],[5.729205,49.9923698],[5.7289463,49.9922722],[5.7289588,49.9922084],[5.7288623,49.992117],[5.7287398,49.9921705],[5.7288016,49.992229],[5.7281173,49.9927587],[5.7284716,49.9929119],[5.7286808,49.9929775],[5.7286439,49.9930142],[5.7285199,49.9931378],[5.7286084,49.9932465],[5.7290134,49.9934085],[5.7289178,49.9934559],[5.7293782,49.9936258],[5.7301765,49.9927492]]]}},{"type":"Feature","properties":{"t":"comercio"},"geometry":{"type":"Polygon","coordinates":[[[5.7243839,49.9960723],[5.726776,49.9953899],[5.7269948,49.9957323],[5.7274121,49.9963777],[5.7276025,49.9963277],[5.7280639,49.9959812],[5.7275828,49.9952761],[5.7271868,49.9947087],[5.7242323,49.9955855],[5.7243839,49.9960723]]]}},{"type":"Feature","properties":{"t":"comercio"},"geometry":{"type":"Polygon","coordinates":[[[5.719849,49.9952417],[5.7197303,49.9953967],[5.7189766,49.9951639],[5.7185581,49.9957967],[5.7187082,49.9958326],[5.7189114,49.9958893],[5.7188844,49.9959282],[5.7195049,49.9960937],[5.7191992,49.9962433],[5.7196391,49.9968571],[5.720897,49.9964502],[5.7206721,49.9960666],[5.7206422,49.9960157],[5.7202935,49.9959898],[5.720197,49.9958674],[5.7204437,49.9954967],[5.719849,49.9952417]]]}},{"type":"Feature","properties":{"t":"comercio"},"geometry":{"type":"Polygon","coordinates":[[[5.7223408,49.9877904],[5.7223883,49.9879369],[5.7230267,49.9878731],[5.7231541,49.9876455],[5.7232064,49.9874403],[5.723201,49.9872014],[5.7218049,49.987317],[5.7218253,49.9874096],[5.7218412,49.9874877],[5.7224205,49.9874386],[5.7224261,49.9874798],[5.7224482,49.9875564],[5.7222791,49.9875766],[5.7223408,49.9877904]]]}}]}