{"type":"FeatureCollection","features":[{"type":"Feature","properties":{"h":"motorway","c":1},"geometry":{"type":"LineString","coordinates":[[5.7184289,50.0526685],[5.7503207,50.0866516]]}},{"type":"Feature","properties":{"h":"living_street","c":3},"geometry":{"type":"LineString","coordinates":[[5.7155113,50.0002128],[5.7153701,50.0001446],[5.7153552,50.0001247],[5.7152266,49.9999544],[5.7151955,49.9999167],[5.7144224,49.9989713]]}},{"type":"Feature","properties":{"h":"residential","c":3},"geometry":{"type":"LineString","coordinates":[[5.7089549,49.988491],[5.7087728,49.9884339],[5.7086234,49.988387],[5.7082227,49.9883102],[5.7081963,49.9883051],[5.7071016,49.9880938],[5.7069154,49.9880578],[5.7062945,49.9879604],[5.7057054,49.9878476],[5.7054635,49.9878069],[5.7048662,49.987707],[5.7047307,49.987696],[5.7045156,49.9877072],[5.7043149,49.9877287],[5.7040674,49.9877832],[5.7036605,49.987919]]}},{"type":"Feature","properties":{"h":"residential","c":3},"geometry":{"type":"LineString","coordinates":[[5.7069154,49.9880578],[5.707482,49.9867515],[5.707698,49.9862519]]}},{"type":"Feature","properties":{"h":"residential","c":3},"geometry":{"type":"LineString","coordinates":[[5.7075023,49.9931033],[5.709038,49.9943439],[5.7095225,49.9947407],[5.7099406,49.9951503],[5.7101421,49.9953676],[5.7104069,49.9955641],[5.7105908,49.9956714],[5.7107101,49.995741],[5.7120577,49.9962281],[5.7122365,49.9962927]]}},{"type":"Feature","properties":{"h":"tertiary","c":2},"geometry":{"type":"LineString","coordinates":[[5.7144224,49.9989713],[5.7146917,49.9988783],[5.7150113,49.9987679],[5.7151578,49.9987235],[5.7153191,49.9987045],[5.7155665,49.9986998],[5.7156411,49.9987078],[5.7157667,49.9987336],[5.7159715,49.998793],[5.7160905,49.9988232],[5.7161759,49.9988449],[5.7163963,49.9989078]]}},{"type":"Feature","properties":{"h":"residential","c":3},"geometry":{"type":"LineString","coordinates":[[5.7184115,49.9958722],[5.7183376,49.9958436],[5.7182664,49.995816],[5.718153,49.9957458],[5.7178271,49.9951928],[5.7177424,49.9949313],[5.7176991,49.9947754],[5.7176868,49.9945661],[5.7177043,49.9943994],[5.717824,49.9937185],[5.7178496,49.99349],[5.7178344,49.9932551],[5.7177662,49.9929167],[5.7177403,49.9928507],[5.7177238,49.9928088],[5.7176225,49.9926111],[5.7175776,49.9925234],[5.7173096,49.9920917],[5.7167454,49.9911909],[5.7166228,49.990917],[5.7165836,49.990747],[5.7165275,49.9904624],[5.7165229,49.9902504],[5.7165427,49.9900316],[5.716577,49.9898739],[5.7169888,49.9879066],[5.7169992,49.9878086]]}},{"type":"Feature","properties":{"h":"residential","c":3},"geometry":{"type":"LineString","coordinates":[[5.7156127,50.0000745],[5.7158835,50.0001492],[5.7163083,49.9996158],[5.7166499,49.9992185],[5.7167355,49.9991189],[5.7171866,49.9985294],[5.7173506,49.9983151]]}},{"type":"Feature","properties":{"h":"residential","c":3},"geometry":{"type":"LineString","coordinates":[[5.7173506,49.9983151],[5.7180126,49.998853],[5.7185135,49.9993226]]}},{"type":"Feature","properties":{"h":"residential","c":3},"geometry":{"type":"LineString","coordinates":[[5.7223945,49.9999455],[5.7222651,49.9999206],[5.7220756,49.9998776],[5.7213948,49.9997533],[5.7210781,49.999752],[5.7210082,49.9997517],[5.7207273,49.9997997],[5.7204349,49.9998846],[5.719723,50.0001332],[5.7195992,50.000177],[5.7195204,50.0002039],[5.7193444,50.0002654]]}},{"type":"Feature","properties":{"h":"residential","c":3},"geometry":{"type":"LineString","coordinates":[[5.7238831,50.0044954],[5.7240497,50.0045829],[5.7241656,50.0046421],[5.724371,50.0047037],[5.7255577,50.0050093],[5.7266295,50.005197],[5.7274422,50.0054328],[5.7282492,50.0056641],[5.7293395,50.0059589],[5.7296627,50.0060349]]}},{"type":"Feature","properties":{"h":"tertiary","c":2},"geometry":{"type":"LineString","coordinates":[[5.7229314,50.0042507],[5.7230801,50.0042971],[5.7238831,50.0044954],[5.7242013,50.0044847],[5.7243748,50.0044953],[5.7246834,50.0045273],[5.7252183,50.0045755],[5.7256964,50.0045957],[5.7261833,50.0045919],[5.7265926,50.0045668],[5.7273004,50.0045015],[5.7276013,50.0044829],[5.7279228,50.0044764],[5.7289343,50.0044968],[5.7296933,50.004523],[5.7302798,50.0045153],[5.7306088,50.0044624],[5.7309481,50.0043856],[5.7312669,50.0043144],[5.7315422,50.0042598],[5.7317905,50.0042317],[5.7319691,50.0042246],[5.7324703,50.0042139],[5.732762,50.0041939],[5.7339024,50.0041024],[5.7343446,50.0040841],[5.7351798,50.0040706],[5.7360423,50.0040566]]}},{"type":"Feature","properties":{"h":"secondary","c":2},"geometry":{"type":"LineString","coordinates":[[5.7192429,50.0036927],[5.7192446,50.0036364],[5.7193071,50.0035906]]}},{"type":"Feature","properties":{"h":"residential","c":3},"geometry":{"type":"LineString","coordinates":[[5.7224507,50.0010553],[5.722572,50.0010795],[5.722928,50.0010348],[5.7231951,50.0009275],[5.7232492,50.0009058],[5.7235352,50.0007571],[5.7240734,50.0004882],[5.7245052,50.0002663],[5.724638,50.0002322],[5.7248101,50.0002092],[5.7249783,50.0002201],[5.7251608,50.0002686],[5.7264466,50.0009504]]}},{"type":"Feature","properties":{"h":"residential","c":3},"geometry":{"type":"LineString","coordinates":[[5.7183413,50.0043856],[5.7182515,50.0043038],[5.7179741,50.0040511],[5.7178122,50.003944],[5.7177199,50.0038829],[5.7175878,50.0037955],[5.7173589,50.0036795],[5.7172951,50.0036555],[5.7170665,50.0035772],[5.7169827,50.0035438],[5.7167107,50.0034352],[5.7165508,50.0033544],[5.7159214,50.0028704],[5.7153965,50.00247],[5.7152,50.0023084],[5.7149617,50.0020187],[5.7148289,50.0018142]]}},{"type":"Feature","properties":{"h":"residential","c":3},"geometry":{"type":"LineString","coordinates":[[5.7148289,50.0018142],[5.7151257,50.001623],[5.7151869,50.0016015]]}},{"type":"Feature","properties":{"h":"service","c":4},"geometry":{"type":"LineString","coordinates":[[5.7158742,50.0009903],[5.7157574,50.0010231],[5.7155859,50.0010606]]}},{"type":"Feature","properties":{"h":"residential","c":3},"geometry":{"type":"LineString","coordinates":[[5.7186818,50.0041252],[5.7191731,50.0037465],[5.7192429,50.0036927]]}},{"type":"Feature","properties":{"h":"residential","c":3},"geometry":{"type":"LineString","coordinates":[[5.7213446,50.0078655],[5.7214846,50.0078701],[5.7218147,50.0079495],[5.7220373,50.0080336],[5.7226611,50.0083719],[5.7233064,50.0087568]]}},{"type":"Feature","properties":{"h":"residential","c":3},"geometry":{"type":"LineString","coordinates":[[5.7233064,50.0087568],[5.7239991,50.0080853],[5.7242543,50.0077787],[5.7243114,50.0076904]]}},{"type":"Feature","properties":{"h":"tertiary","c":2},"geometry":{"type":"LineString","coordinates":[[5.710753,49.9915054],[5.7103382,49.9911618]]}},{"type":"Feature","properties":{"h":"tertiary","c":2},"geometry":{"type":"LineString","coordinates":[[5.7103382,49.9911618],[5.7102018,49.9910461]]}},{"type":"Feature","properties":{"h":"primary","c":1},"geometry":{"type":"LineString","coordinates":[[5.7177874,49.9968174],[5.7177053,49.9970023],[5.7176953,49.997018],[5.7176044,49.9971617],[5.7175849,49.9972227],[5.7175888,49.9972815],[5.71762,49.997351],[5.7176466,49.9973828]]}},{"type":"Feature","properties":{"h":"trunk","c":1},"geometry":{"type":"LineString","coordinates":[[5.7195902,49.9820359],[5.719525,49.9824753]]}},{"type":"Feature","properties":{"h":"trunk","c":1},"geometry":{"type":"LineString","coordinates":[[5.7188963,49.9844353],[5.7186128,49.9850135],[5.7181998,49.9856802],[5.7178011,49.9862539],[5.7172643,49.9868989],[5.7166311,49.9875718],[5.7165492,49.9876466],[5.7156612,49.9884213],[5.7152277,49.9887583],[5.7148106,49.9890566]]}},{"type":"Feature","properties":{"h":"trunk","c":1},"geometry":{"type":"LineString","coordinates":[[5.7194085,49.9823578],[5.7194659,49.9819178]]}},{"type":"Feature","properties":{"h":"trunk","c":1},"geometry":{"type":"LineString","coordinates":[[5.7194659,49.9819178],[5.719494,49.9815814],[5.7195058,49.9812425],[5.7195115,49.9809583],[5.719489,49.9805437]]}},{"type":"Feature","properties":{"h":"primary","c":1},"geometry":{"type":"LineString","coordinates":[[5.7152737,50.0005111],[5.715144,50.0006158],[5.7144412,50.0009883]]}},{"type":"Feature","properties":{"h":"residential","c":3},"geometry":{"type":"LineString","coordinates":[[5.7098228,49.9907299],[5.7096688,49.9905902],[5.7095225,49.9904198],[5.7094681,49.9902937],[5.7094332,49.9901572],[5.7094375,49.9900234],[5.7094681,49.9898954],[5.7096526,49.9894823],[5.7096746,49.9893829],[5.7096644,49.9892866],[5.7096355,49.9891638],[5.7095568,49.9890192],[5.7093983,49.9888406],[5.7092313,49.9886269]]}},{"type":"Feature","properties":{"h":"secondary","c":2},"geometry":{"type":"LineString","coordinates":[[5.7227332,50.0055096],[5.7227897,50.0056203],[5.7229121,50.0057403]]}},{"type":"Feature","properties":{"h":"tertiary","c":2},"geometry":{"type":"LineString","coordinates":[[5.7631126,50.0195796],[5.7630771,50.0196572],[5.7630242,50.0197337],[5.762926,50.0198439],[5.7628826,50.0199072],[5.7627793,50.0200088],[5.7627005,50.0201207],[5.7626655,50.0202019],[5.7626047,50.0204879],[5.7626042,50.0206876],[5.7626109,50.0208808],[5.7626331,50.0210116],[5.7627326,50.021427],[5.7627569,50.0216157],[5.7627511,50.0217964],[5.762719,50.0219145],[5.7626405,50.0220946],[5.7625176,50.0222914],[5.7623653,50.0225066],[5.7620746,50.0229009]]}},{"type":"Feature","properties":{"h":"tertiary","c":2},"geometry":{"type":"LineString","coordinates":[[5.7024637,50.0552722],[5.7025913,50.0552754],[5.7029113,50.0553035],[5.7033323,50.0553449],[5.7038986,50.0554148],[5.7043471,50.0554651],[5.7046734,50.0555113],[5.7049049,50.0555421],[5.7050881,50.0555279],[5.7052866,50.055495],[5.7055871,50.0552999],[5.7060809,50.0548208],[5.7064496,50.0544697],[5.7066633,50.0542913],[5.706788,50.0542182],[5.7069572,50.0541392],[5.7072386,50.0540638],[5.707495,50.0540375],[5.7078144,50.0540108],[5.7086324,50.0539617],[5.7103939,50.0538558]]}},{"type":"Feature","properties":{"h":"tertiary","c":2},"geometry":{"type":"LineString","coordinates":[[5.7489965,50.0447049],[5.7501557,50.0437567]]}},{"type":"Feature","properties":{"h":"track","c":4},"geometry":{"type":"LineString","coordinates":[[5.7714843,50.0347302],[5.7713627,50.0346199],[5.7712546,50.0345186],[5.7710951,50.0343563],[5.7708964,50.0341783],[5.7706515,50.03396],[5.7704435,50.0337396],[5.7702621,50.0335027],[5.7701532,50.0333762],[5.7700383,50.0332464],[5.7698806,50.0331218],[5.7696155,50.0329252]]}},{"type":"Feature","properties":{"h":"track","c":4},"geometry":{"type":"LineString","coordinates":[[5.7696068,50.0329173],[5.7697325,50.032832],[5.7699233,50.0327074],[5.7700503,50.0326078],[5.7702573,50.0324397],[5.7704132,50.0322558],[5.7706849,50.0319121],[5.7708991,50.0316431],[5.7711607,50.0313465],[5.7713898,50.0311033],[5.7715966,50.030948]]}},{"type":"Feature","properties":{"h":"track","c":4},"geometry":{"type":"LineString","coordinates":[[5.7674109,50.0302463],[5.767597,50.0303371],[5.7677551,50.0304003],[5.7679751,50.0304585],[5.7681542,50.0304833],[5.7683428,50.0304961],[5.7685736,50.0304882],[5.7687622,50.030463],[5.7689771,50.0304146],[5.7691695,50.0303426],[5.7693299,50.0302689],[5.7694805,50.0301649],[5.7696015,50.0300635]]}},{"type":"Feature","properties":{"h":"track","c":4},"geometry":{"type":"LineString","coordinates":[[5.7696068,50.0329173],[5.7693107,50.0327627],[5.768415,50.032363],[5.7669963,50.0317604],[5.7662492,50.0314608],[5.765823,50.0312842]]}},{"type":"Feature","properties":{"h":"secondary","c":2},"geometry":{"type":"LineString","coordinates":[[5.7216398,50.0054907],[5.7217723,50.0054297],[5.721834,50.0054147],[5.7219032,50.005409],[5.7219957,50.0054146],[5.7221662,50.0054481]]}},{"type":"Feature","properties":{"h":"motorway","c":1},"geometry":{"type":"LineString","coordinates":[[5.7183333,50.052566],[5.7184289,50.0526685]]}},{"type":"Feature","properties":{"h":"motorway","c":1},"geometry":{"type":"LineString","coordinates":[[5.718147,50.0525672],[5.7138186,50.0479417]]}},{"type":"Feature","properties":{"h":"motorway","c":1},"geometry":{"type":"LineString","coordinates":[[5.7182418,50.0526666],[5.718147,50.0525672]]}},{"type":"Feature","properties":{"h":"secondary","c":2},"geometry":{"type":"LineString","coordinates":[[5.7861026,50.013987],[5.7872438,50.0151799],[5.7882985,50.0162397],[5.7885944,50.016499],[5.7888582,50.0167248],[5.7893112,50.0170668],[5.7898989,50.0174996],[5.7910017,50.0183053],[5.7921061,50.0191095],[5.7927922,50.0195983],[5.7931696,50.019835],[5.7937211,50.0200807],[5.7943036,50.0202488],[5.7959392,50.0206006],[5.8008401,50.0216275]]}},{"type":"Feature","properties":{"h":"secondary","c":2},"geometry":{"type":"LineString","coordinates":[[5.7314789,50.008811],[5.7318855,50.0087922],[5.732262,50.0087553],[5.7326379,50.0086999]]}},{"type":"Feature","properties":{"h":"residential","c":3},"geometry":{"type":"LineString","coordinates":[[5.7229311,50.004126],[5.7228066,50.0040588],[5.7227516,50.0040121],[5.7226275,50.0038831],[5.722503,50.0036994],[5.722326,50.0035659],[5.7219913,50.003248],[5.7215606,50.002838],[5.7214649,50.0027344],[5.7213609,50.0025063],[5.7213507,50.0023033],[5.7213729,50.0021781],[5.7214865,50.0018628],[5.7214955,50.001833],[5.7214761,50.001779]]}},{"type":"Feature","properties":{"h":"residential","c":3},"geometry":{"type":"LineString","coordinates":[[5.7149582,50.00137],[5.7149943,50.001463],[5.715004,50.00147],[5.7151869,50.0016015]]}},{"type":"Feature","properties":{"h":"tertiary","c":2},"geometry":{"type":"LineString","coordinates":[[5.6923895,50.0204922],[5.6940219,50.0199118]]}},{"type":"Feature","properties":{"h":"unclassified","c":3},"geometry":{"type":"LineString","coordinates":[[5.6874388,50.0027319],[5.6892731,50.00265],[5.6893739,50.0026459],[5.6894337,50.0026434],[5.689801,50.0026283],[5.6898922,50.0026246],[5.6901349,50.0026147],[5.6903215,50.0026071],[5.6903739,50.0026049],[5.6909911,50.0025814],[5.6911084,50.0025769],[5.6912836,50.0025308]]}},{"type":"Feature","properties":{"h":"primary","c":1},"geometry":{"type":"LineString","coordinates":[[5.7213446,50.0078655],[5.7212949,50.0077603],[5.7211901,50.0075288],[5.7209958,50.0071053],[5.720947,50.0069757]]}},{"type":"Feature","properties":{"h":"unclassified","c":3},"geometry":{"type":"LineString","coordinates":[[5.7167886,49.9876941],[5.7162762,49.9874739]]}},{"type":"Feature","properties":{"h":"unclassified","c":3},"geometry":{"type":"LineString","coordinates":[[5.7162762,49.9874739],[5.716209,49.9874405],[5.7161082,49.9873553],[5.7160196,49.987242],[5.7160027,49.9871543],[5.7160095,49.9870418],[5.7160731,49.9869481],[5.7162551,49.9868116],[5.7165179,49.9867064],[5.7168562,49.9865804],[5.7170981,49.986458],[5.7171967,49.9863827],[5.7173075,49.9862679],[5.7174364,49.9859822],[5.7174365,49.9858457],[5.7173835,49.9857502],[5.7172852,49.9856614],[5.7170546,49.9854132],[5.7162085,49.9845447],[5.7154003,49.9837114],[5.714897,49.9832791],[5.714301,49.98274]]}},{"type":"Feature","properties":{"h":"residential","c":3},"geometry":{"type":"LineString","coordinates":[[5.7093151,49.9884275],[5.7094439,49.9882577],[5.7098435,49.9873004],[5.7098896,49.98719],[5.7099472,49.9870654],[5.7099659,49.9868979],[5.7098996,49.98676],[5.70977,49.9866631],[5.7097132,49.986643],[5.7095623,49.9865895],[5.7090176,49.9864936],[5.7078574,49.9862811],[5.707698,49.9862519],[5.7065282,49.9860408],[5.7063819,49.9860144],[5.7049535,49.9857567],[5.7048245,49.9857334],[5.7043537,49.9856493],[5.704204,49.9856225],[5.7038444,49.9856118],[5.7035148,49.985658],[5.7031848,49.9857612],[5.7019736,49.9862074],[5.7018529,49.9862519],[5.7015793,49.9863444],[5.7012819,49.9864449]]}},{"type":"Feature","properties":{"h":"tertiary","c":2},"geometry":{"type":"LineString","coordinates":[[5.7024134,49.9887606],[5.7024934,49.9888459],[5.7026211,49.9890361],[5.7027768,49.9892681],[5.7029839,49.989521],[5.7031974,49.9897211],[5.704282,49.9905567],[5.7044566,49.9906928],[5.7045634,49.9907759],[5.7052436,49.9913054],[5.7054336,49.9914667],[5.7056045,49.9916118],[5.7057831,49.9917636],[5.7061,49.9920222],[5.7062203,49.9920989],[5.7063456,49.9921648],[5.7063961,49.9921825],[5.7064661,49.9922069],[5.7065958,49.9922379],[5.7067322,49.9922649],[5.7068795,49.9922768],[5.7070457,49.9922728],[5.7072094,49.9922559],[5.7073769,49.9922132],[5.7074857,49.9921855],[5.7077871,49.9920302],[5.7080451,49.9918506],[5.7081432,49.9917823],[5.7087359,49.9913509],[5.7091175,49.9911177],[5.7094994,49.9908843],[5.7097589,49.990763],[5.7098228,49.9907299]]}},{"type":"Feature","properties":{"h":"tertiary","c":2},"geometry":{"type":"LineString","coordinates":[[5.6966361,49.9985065],[5.6962298,49.9981676]]}},{"type":"Feature","properties":{"h":"tertiary","c":2},"geometry":{"type":"LineString","coordinates":[[5.6961469,49.9981048],[5.695957,49.9980299],[5.6957426,49.9979683],[5.6954959,49.9979481]]}},{"type":"Feature","properties":{"h":"residential","c":3},"geometry":{"type":"LineString","coordinates":[[5.7196302,50.0025859],[5.7198848,50.0031633],[5.7199285,50.0032609],[5.7199256,50.0033752]]}},{"type":"Feature","properties":{"h":"tertiary","c":2},"geometry":{"type":"LineString","coordinates":[[5.7221402,50.0048474],[5.7222237,50.0047796],[5.7224987,50.0045622]]}},{"type":"Feature","properties":{"h":"residential","c":3},"geometry":{"type":"LineString","coordinates":[[5.7139981,50.000777],[5.7135899,50.0006212],[5.7125134,50.0002647],[5.7107638,49.999682],[5.7106736,49.999641],[5.7105947,49.9995721]]}},{"type":"Feature","properties":{"h":"primary","c":1},"geometry":{"type":"LineString","coordinates":[[5.7152737,50.0005111],[5.7154266,50.0006455],[5.7158742,50.0009903]]}},{"type":"Feature","properties":{"h":"tertiary","c":2},"geometry":{"type":"LineString","coordinates":[[5.7221469,49.9900446],[5.722192,49.9899496],[5.7222656,49.9897416],[5.7223421,49.9895779],[5.7228741,49.9884174],[5.7231267,49.9877987],[5.7232082,49.9876259],[5.7232481,49.9874506],[5.7232747,49.9873022],[5.7232702,49.987104],[5.7232424,49.9869127],[5.7231433,49.9863583],[5.7230972,49.9861174],[5.7230764,49.9859271],[5.7230706,49.9857218],[5.7231143,49.9853955],[5.7231597,49.9852137],[5.7232549,49.9849352],[5.7234099,49.9845671],[5.7235942,49.9841249]]}},{"type":"Feature","properties":{"h":"unclassified","c":3},"geometry":{"type":"LineString","coordinates":[[5.6957367,50.0354774],[5.6955943,50.0354627],[5.695471,50.0354668],[5.6949395,50.035577],[5.6943318,50.0357085],[5.6934011,50.0359004],[5.6924183,50.0361071],[5.6921259,50.0361569],[5.6917012,50.0362075],[5.6913058,50.0362312],[5.6908214,50.0362459],[5.6905175,50.0362108],[5.6902734,50.0361854],[5.6899619,50.0361365],[5.6898071,50.0361083],[5.6894508,50.0360434],[5.6888558,50.0359274],[5.6884807,50.0358539],[5.6881247,50.0357665],[5.6878119,50.0356693],[5.6876543,50.035604],[5.687419,50.0354907],[5.6867745,50.0351655],[5.6864706,50.035016],[5.6862735,50.0349319],[5.6860726,50.0348723],[5.685901,50.0348429],[5.6856632,50.0348176],[5.6854598,50.0348167],[5.6853161,50.0348233],[5.6851038,50.0348421],[5.6848266,50.0348739],[5.6845482,50.0349115],[5.6842685,50.0349695],[5.6840613,50.0350242],[5.6835896,50.035163],[5.6832119,50.0352708],[5.6826805,50.0354252],[5.6822444,50.0355477],[5.6819037,50.0356433],[5.6817784,50.0357016],[5.6817231,50.0357657],[5.6817129,50.0358376],[5.6817193,50.0361071],[5.6817231,50.0363667],[5.6817206,50.0365603],[5.681718,50.0366942],[5.6817078,50.0368061],[5.6816699,50.0368595]]}},{"type":"Feature","properties":{"h":"tertiary","c":2},"geometry":{"type":"LineString","coordinates":[[5.6884421,50.0512946],[5.6878598,50.0510119],[5.6877478,50.0509621]]}},{"type":"Feature","properties":{"h":"unclassified","c":3},"geometry":{"type":"LineString","coordinates":[[5.6783614,50.021026],[5.6786836,50.0212454],[5.6788732,50.0214124],[5.6791355,50.0216836],[5.6795718,50.0221512],[5.679852,50.0224399],[5.6802166,50.0227372],[5.6809139,50.0232798],[5.6813124,50.023598],[5.6815058,50.0237944],[5.6816682,50.0239986],[5.6819291,50.0244308],[5.682219,50.0247621],[5.6829334,50.0255225],[5.6836139,50.0262727],[5.6837519,50.0264068]]}},{"type":"Feature","properties":{"h":"secondary","c":2},"geometry":{"type":"LineString","coordinates":[[5.7275256,50.0190756],[5.7274828,50.0191088],[5.7273634,50.0191426],[5.7272862,50.0191638]]}},{"type":"Feature","properties":{"h":"unclassified","c":3},"geometry":{"type":"LineString","coordinates":[[5.6900884,50.0530372],[5.689636,50.053121],[5.689466,50.0531594],[5.6892729,50.0531521],[5.6889077,50.0530566],[5.6887363,50.0530369],[5.6885746,50.0530389],[5.6880954,50.0530886],[5.6875147,50.053244],[5.6869046,50.0534505],[5.6860277,50.0538442],[5.685288,50.0539593]]}},{"type":"Feature","properties":{"h":"unclassified","c":3},"geometry":{"type":"LineString","coordinates":[[5.6881585,50.0503861],[5.6880612,50.0504579],[5.6878415,50.0507848],[5.6877478,50.0509621]]}},{"type":"Feature","properties":{"h":"unclassified","c":3},"geometry":{"type":"LineString","coordinates":[[5.6876768,50.0514724],[5.6880017,50.0515679],[5.6886583,50.0517378],[5.6887967,50.0518051],[5.6890597,50.0518832],[5.6892229,50.0519437]]}},{"type":"Feature","properties":{"h":"unclassified","c":3},"geometry":{"type":"LineString","coordinates":[[5.6876768,50.0514724],[5.6876653,50.0512036]]}},{"type":"Feature","properties":{"h":"tertiary","c":2},"geometry":{"type":"LineString","coordinates":[[5.6853449,50.0615494],[5.685237,50.0615272],[5.6849681,50.0616234],[5.6838465,50.0620397],[5.6827307,50.0624747],[5.6824901,50.0625451],[5.6822287,50.0625834],[5.681988,50.0625571],[5.6816813,50.0624714],[5.6805994,50.0620712],[5.6787774,50.0614187],[5.6775325,50.0609679]]}},{"type":"Feature","properties":{"h":"unclassified","c":3},"geometry":{"type":"LineString","coordinates":[[5.7175607,50.0526087],[5.717541,50.0525518],[5.7174932,50.0524617],[5.7173941,50.0523513],[5.7170766,50.0520354],[5.7164285,50.0514047],[5.7162153,50.0511907],[5.7148435,50.0497203],[5.7136935,50.0484939],[5.7130512,50.0477252],[5.712495,50.0469831],[5.7121798,50.0465522],[5.7118645,50.0462207],[5.7113444,50.045809],[5.7110554,50.0456302],[5.7106981,50.0455088],[5.710048,50.0453626],[5.7094792,50.0452152],[5.7094188,50.0451832],[5.7092644,50.0450896]]}},{"type":"Feature","properties":{"h":"unclassified","c":3},"geometry":{"type":"LineString","coordinates":[[5.6908214,50.0362459],[5.6908977,50.0363414],[5.6909324,50.0364059],[5.691096,50.0367097],[5.6912677,50.0370388],[5.6916199,50.0376946],[5.6918752,50.0381737],[5.691911,50.0382409],[5.6919886,50.0383389],[5.6920091,50.0384018]]}},{"type":"Feature","properties":{"h":"secondary","c":2},"geometry":{"type":"LineString","coordinates":[[5.6953886,50.0194258],[5.695937,50.0192287]]}},{"type":"Feature","properties":{"h":"unclassified","c":3},"geometry":{"type":"LineString","coordinates":[[5.6865851,50.0232327],[5.6864432,50.0231428],[5.6863624,50.0230527],[5.6863377,50.0229548],[5.6863474,50.0228105],[5.686421,50.0225989],[5.6865468,50.0222708],[5.6866321,50.0220762],[5.68676,50.0217953],[5.6868965,50.0215884],[5.6870021,50.0214685],[5.6871311,50.0213315],[5.6872846,50.0211685],[5.6874467,50.0209671],[5.6875335,50.0208437],[5.6876514,50.0208472],[5.6880171,50.0209376],[5.688321,50.0210287],[5.6886568,50.0211589],[5.6889085,50.0212644],[5.6894352,50.0214816],[5.6904699,50.0219096]]}},{"type":"Feature","properties":{"h":"unclassified","c":3},"geometry":{"type":"LineString","coordinates":[[5.6883499,50.022553],[5.6886334,50.0226228],[5.6888711,50.0226838],[5.6889486,50.0227159],[5.6893552,50.0228989],[5.6895141,50.0229599],[5.6896257,50.0229951],[5.6898627,50.0230606],[5.6900861,50.0231146],[5.6910416,50.0233356],[5.6913448,50.0233955],[5.6917531,50.0234545],[5.6919408,50.0234918],[5.6920538,50.0235182],[5.6922425,50.0235778],[5.6924345,50.0236579],[5.6925932,50.0237388],[5.6927063,50.0238072],[5.6928567,50.0239182],[5.6930998,50.0241278],[5.6933219,50.0243329],[5.6936807,50.0246386],[5.694069,50.0249224],[5.694263,50.0250861],[5.69473,50.0254964],[5.6949209,50.025667],[5.695068,50.0258305],[5.6950989,50.0258622],[5.6952079,50.0260102],[5.6954656,50.0264245]]}},{"type":"Feature","properties":{"h":"tertiary","c":2},"geometry":{"type":"LineString","coordinates":[[5.7132181,49.9975755],[5.7126844,49.9969652],[5.7126587,49.9969266],[5.7124621,49.996648],[5.7122365,49.9962927]]}},{"type":"Feature","properties":{"h":"residential","c":3},"geometry":{"type":"LineString","coordinates":[[5.72045,50.0062675],[5.7205603,50.0062849],[5.720749,50.0063522],[5.7208071,50.0063842],[5.7208366,50.0064287]]}},{"type":"Feature","properties":{"h":"residential","c":3},"geometry":{"type":"LineString","coordinates":[[5.7155039,50.0017806],[5.7155574,50.001818],[5.7158013,50.0020042],[5.7158468,50.0020424],[5.7164097,50.002494],[5.7166557,50.0027558],[5.7168048,50.0028946],[5.7169748,50.0030264],[5.7173328,50.0032876],[5.7173853,50.0033885]]}},{"type":"Feature","properties":{"h":"service","c":4},"geometry":{"type":"LineString","coordinates":[[5.7166154,50.0015872],[5.7164706,50.0016598],[5.7171607,50.0022174],[5.7173019,50.0022253],[5.7173782,50.0022199]]}},{"type":"Feature","properties":{"h":"residential","c":3},"geometry":{"type":"LineString","coordinates":[[5.7112128,50.0033953],[5.7112117,50.0033388],[5.711233,50.003262],[5.7112751,50.0032097],[5.711341,50.0031619],[5.7118909,50.0028007],[5.7121319,50.0026442],[5.7126745,50.0022629],[5.7127986,50.0021738],[5.7128226,50.0021117]]}},{"type":"Feature","properties":{"h":"residential","c":3},"geometry":{"type":"LineString","coordinates":[[5.715591,50.0063267],[5.7161478,50.0063878],[5.7167623,50.0064538],[5.7170136,50.0065214],[5.7173165,50.0066257],[5.7174917,50.0066814]]}},{"type":"Feature","properties":{"h":"tertiary","c":2},"geometry":{"type":"LineString","coordinates":[[5.6918755,50.0533933],[5.6920793,50.0534696],[5.6929127,50.0539329],[5.692978,50.0539692],[5.6930635,50.0540445],[5.6940869,50.0550991],[5.6946019,50.055799],[5.695134,50.0570939],[5.6952231,50.0572233],[5.6952397,50.0572474],[5.6954294,50.0575228],[5.695958,50.057893]]}},{"type":"Feature","properties":{"h":"tertiary","c":2},"geometry":{"type":"LineString","coordinates":[[5.7608706,50.0638677],[5.7607424,50.0639429],[5.7606928,50.0640411],[5.7606644,50.0642248],[5.7606202,50.0644717],[5.7605746,50.0647076]]}},{"type":"Feature","properties":{"h":"service","c":4},"geometry":{"type":"LineString","coordinates":[[5.7396588,50.0101254],[5.7395105,50.0101191],[5.7393621,50.0101219],[5.7391059,50.0101546],[5.739045,50.0101647],[5.7388852,50.0101927],[5.7387395,50.010232],[5.7381824,50.0103903],[5.7380433,50.0103976]]}},{"type":"Feature","properties":{"h":"tertiary","c":2},"geometry":{"type":"LineString","coordinates":[[5.7363282,50.0107783],[5.7374083,50.0110957],[5.7377865,50.0112043],[5.7382694,50.0113786],[5.7387996,50.0115646],[5.7390294,50.0116366],[5.7396026,50.0118163],[5.7398641,50.0119056]]}},{"type":"Feature","properties":{"h":"service","c":4},"geometry":{"type":"LineString","coordinates":[[5.7398641,50.0119056],[5.7399159,50.0117986],[5.7399408,50.0117471],[5.7399648,50.0117051]]}},{"type":"Feature","properties":{"h":"residential","c":3},"geometry":{"type":"LineString","coordinates":[[5.7193444,50.0002654],[5.7198575,50.0017934]]}},{"type":"Feature","properties":{"h":"track","c":4},"geometry":{"type":"LineString","coordinates":[[5.7174933,50.0437818],[5.7172906,50.0436339],[5.7171795,50.0433027],[5.7171104,50.0429076],[5.7171428,50.0425839],[5.7171573,50.0422491],[5.7170994,50.0418455],[5.7171347,50.0414551],[5.7172567,50.0412466],[5.7173034,50.0411552],[5.7173215,50.041065],[5.7172897,50.040693],[5.7171952,50.0403822],[5.7171175,50.0401465],[5.7170774,50.039886],[5.7170912,50.0396374],[5.7171886,50.0390912],[5.7172491,50.0388207],[5.7172841,50.0384852],[5.7172538,50.0379334],[5.7172086,50.0372955],[5.717151,50.036822],[5.7171488,50.0366856]]}},{"type":"Feature","properties":{"h":"unclassified","c":3},"geometry":{"type":"LineString","coordinates":[[5.7189229,50.0526271],[5.7188923,50.0524834],[5.7188606,50.0524029],[5.7188209,50.0523481],[5.7179663,50.051534],[5.7171338,50.0506044]]}},{"type":"Feature","properties":{"h":"unclassified","c":3},"geometry":{"type":"LineString","coordinates":[[5.7171338,50.0506044],[5.717686,50.0502016],[5.7178863,50.050027],[5.7180089,50.0499031],[5.7181053,50.0497893],[5.7182405,50.0495863],[5.7183775,50.0493216],[5.7186818,50.0486853],[5.7189113,50.0481873],[5.7191504,50.0476498],[5.7194359,50.0470295],[5.7194759,50.0469384],[5.719485,50.0465068],[5.7194849,50.0463599],[5.7194702,50.0462708],[5.7193695,50.0461753]]}},{"type":"Feature","properties":{"h":"unclassified","c":3},"geometry":{"type":"LineString","coordinates":[[5.7171338,50.0506044],[5.7159836,50.0493825],[5.7151471,50.048523],[5.7143734,50.0478113],[5.7136624,50.047207],[5.713265,50.0467639],[5.7127631,50.046079],[5.7122821,50.0454478],[5.7119057,50.0449509],[5.7115711,50.0444003],[5.7115551,50.0442108],[5.7115897,50.0441257],[5.7116166,50.0438765],[5.7116824,50.0436783],[5.711656,50.0435123],[5.711592,50.0433528],[5.7114231,50.0431141]]}},{"type":"Feature","properties":{"h":"track","c":4},"geometry":{"type":"LineString","coordinates":[[5.7248474,50.0526926],[5.7252139,50.0524802],[5.7257853,50.0521732],[5.7261994,50.0519808],[5.7264574,50.0518886],[5.7267148,50.0518265],[5.7271857,50.0517912],[5.7275041,50.051789],[5.7276543,50.0518068],[5.7281437,50.052029],[5.7281924,50.0521274],[5.7283708,50.0522694],[5.7289231,50.0525177],[5.7293551,50.0526315],[5.7296826,50.0526671],[5.7298673,50.0526491],[5.7303393,50.0526009],[5.7305593,50.0525906],[5.7306225,50.0525931],[5.7307765,50.0525992],[5.7310195,50.0526329],[5.7310501,50.0526371],[5.7314176,50.0527301],[5.7317019,50.0528093]]}},{"type":"Feature","properties":{"h":"residential","c":3},"geometry":{"type":"LineString","coordinates":[[5.7049049,50.0555421],[5.7052484,50.0557919],[5.705788,50.0561273],[5.7066446,50.0566388],[5.7074069,50.0570127],[5.707868,50.057379],[5.7081953,50.0578092],[5.7085804,50.0582446]]}},{"type":"Feature","properties":{"h":"residential","c":3},"geometry":{"type":"LineString","coordinates":[[5.707868,50.057379],[5.7081179,50.0574472],[5.7084776,50.0574692],[5.7088717,50.0574582],[5.7093599,50.0574582],[5.7096599,50.0574676]]}},{"type":"Feature","properties":{"h":"unclassified","c":3},"geometry":{"type":"LineString","coordinates":[[5.7016107,50.0565143],[5.7014099,50.0571158],[5.7011824,50.05764],[5.700995,50.0581985],[5.7007675,50.0584735],[5.700366,50.0589289],[5.6999912,50.0593241],[5.6996968,50.0597709],[5.6994023,50.0600631],[5.699215,50.0603638],[5.6991882,50.0607246],[5.699322,50.0611027],[5.6994125,50.0614153]]}},{"type":"Feature","properties":{"h":"unclassified","c":3},"geometry":{"type":"LineString","coordinates":[[5.7294356,49.9993251],[5.730528,49.9988523],[5.731065,49.9984919],[5.7323241,49.9973517],[5.7335321,49.99578],[5.7350718,49.9939555],[5.7351693,49.993837],[5.7357004,49.9931919],[5.7357213,49.9930901],[5.735708,49.9930028]]}},{"type":"Feature","properties":{"h":"primary","c":1},"geometry":{"type":"LineString","coordinates":[[5.7175457,49.9975747],[5.7174525,49.997584],[5.7173716,49.9976019],[5.7173071,49.997637]]}},{"type":"Feature","properties":{"h":"residential","c":3},"geometry":{"type":"LineString","coordinates":[[5.7173506,49.9983151],[5.7177468,49.9977865]]}},{"type":"Feature","properties":{"h":"residential","c":3},"geometry":{"type":"LineString","coordinates":[[5.7239515,49.9950417],[5.7239332,49.9949545],[5.7239382,49.9948268],[5.7239644,49.9946782],[5.7239789,49.9945871],[5.7239762,49.994449],[5.7239498,49.9942825],[5.7239215,49.9941083],[5.7237587,49.9932742],[5.7236479,49.9926909],[5.7236282,49.9926043],[5.72359,49.9924524],[5.7235619,49.9923592],[5.7233931,49.9919497],[5.7230712,49.9913404],[5.7229624,49.9911329],[5.7228352,49.9909311],[5.7221799,49.9901628],[5.7221727,49.9901544],[5.7221469,49.9900446]]}},{"type":"Feature","properties":{"h":"residential","c":3},"geometry":{"type":"LineString","coordinates":[[5.7193444,50.0002654],[5.7189036,50.0004346],[5.7187817,50.0004789],[5.7185662,50.0005572],[5.7181861,50.000669],[5.7176002,50.0008172]]}},{"type":"Feature","properties":{"h":"motorway","c":1},"geometry":{"type":"LineString","coordinates":[[5.6840982,50.0038487],[5.6857688,50.005847]]}},{"type":"Feature","properties":{"h":"motorway","c":1},"geometry":{"type":"LineString","coordinates":[[5.6839463,50.0038989],[5.6832796,50.0030902]]}},{"type":"Feature","properties":{"h":"motorway","c":1},"geometry":{"type":"LineString","coordinates":[[5.6834349,50.0030377],[5.6840982,50.0038487]]}},{"type":"Feature","properties":{"h":"motorway","c":1},"geometry":{"type":"LineString","coordinates":[[5.6832796,50.0030902],[5.6816864,50.0011592]]}},{"type":"Feature","properties":{"h":"tertiary","c":2},"geometry":{"type":"LineString","coordinates":[[5.7251035,49.9816926],[5.725685,49.9810327],[5.725895,49.9807725],[5.7260473,49.9805596],[5.7262635,49.9802344],[5.7268617,49.9792767],[5.7270251,49.978935],[5.7272464,49.9784599],[5.7273563,49.9782239],[5.7274584,49.9779991],[5.7275777,49.9776408],[5.7276356,49.977421],[5.7277126,49.9770509],[5.7277735,49.976631],[5.7278254,49.9760701],[5.7278728,49.9756882],[5.7279018,49.9755301],[5.7279613,49.9753915],[5.7280759,49.975261]]}},{"type":"Feature","properties":{"h":"living_street","c":3},"geometry":{"type":"LineString","coordinates":[[5.7154881,49.9995095],[5.7152242,49.9991939],[5.715124,49.9990731],[5.7150703,49.9988473],[5.7150113,49.9987679]]}},{"type":"Feature","properties":{"h":"living_street","c":3},"geometry":{"type":"LineString","coordinates":[[5.7152266,49.9999544],[5.7154881,49.9995095]]}},{"type":"Feature","properties":{"h":"residential","c":3},"geometry":{"type":"LineString","coordinates":[[5.7185135,49.9993226],[5.7187182,49.9994835],[5.7189407,49.9997611],[5.7193444,50.0002654]]}},{"type":"Feature","properties":{"h":"residential","c":3},"geometry":{"type":"LineString","coordinates":[[5.7189036,50.0004346],[5.7187175,49.9998531],[5.7185135,49.9993226]]}},{"type":"Feature","properties":{"h":"secondary","c":2},"geometry":{"type":"LineString","coordinates":[[5.7199256,50.0033752],[5.7200189,50.0034635],[5.7200993,50.0036447],[5.7201685,50.0037674],[5.7203139,50.0039104],[5.7205935,50.0041076],[5.7206662,50.0041521],[5.7207714,50.0042184],[5.7211292,50.0044531],[5.7213236,50.0045775],[5.7213846,50.0046213]]}},{"type":"Feature","properties":{"h":"living_street","c":3},"geometry":{"type":"LineString","coordinates":[[5.71773,50.0025167],[5.7180975,50.0023387],[5.7183672,50.0022152],[5.7183509,50.0021304],[5.7184715,50.0020293],[5.7186455,50.0019474],[5.7187158,50.0019308],[5.7188646,50.0019072],[5.7194102,50.0018481],[5.7194683,50.0018407],[5.7195934,50.0018258],[5.7196763,50.0018157]]}},{"type":"Feature","properties":{"h":"residential","c":3},"geometry":{"type":"LineString","coordinates":[[5.7211461,49.99176],[5.7213772,49.9918422],[5.721736,49.991986],[5.7219801,49.9921029],[5.7221125,49.9921602],[5.7224294,49.992276],[5.7229167,49.9924271],[5.723524,49.9925775],[5.7236282,49.9926043]]}},{"type":"Feature","properties":{"h":"track","c":4},"geometry":{"type":"LineString","coordinates":[[5.6901308,49.9733338],[5.690126,49.973424],[5.689033,49.975721],[5.688769,49.976231],[5.688296,49.977064],[5.688085,49.977263],[5.687516,49.97762],[5.686684,49.97811],[5.686061,49.978509],[5.6857899,49.9786607],[5.684928,49.979143],[5.6843376,49.9794647],[5.6842267,49.9795549],[5.6841688,49.9796117],[5.684098,49.9797384],[5.683403,49.980957]]}},{"type":"Feature","properties":{"h":"track","c":4},"geometry":{"type":"LineString","coordinates":[[5.6773908,49.9911038],[5.6833354,49.9915393],[5.6838182,49.9915893],[5.6842285,49.9916583],[5.6846389,49.9917532],[5.6849983,49.9918859],[5.6853604,49.9920394],[5.6857091,49.9922325],[5.6863233,49.9926041],[5.6887584,49.9940264],[5.68889,49.99408]]}},{"type":"Feature","properties":{"h":"unclassified","c":3},"geometry":{"type":"LineString","coordinates":[[5.7268617,49.9792767],[5.7270281,49.9793068],[5.7274377,49.9793522],[5.7277581,49.9794119],[5.7281506,49.9795129],[5.7283859,49.9795532],[5.7292043,49.9796648],[5.7303803,49.9798106],[5.7309256,49.9799376],[5.73205,49.980364],[5.7336671,49.9808697],[5.7346063,49.9812027],[5.7372872,49.982297],[5.7377138,49.9824509],[5.7381864,49.9826036],[5.7388383,49.9827856]]}},{"type":"Feature","properties":{"h":"residential","c":3},"geometry":{"type":"LineString","coordinates":[[5.7417569,49.9840449],[5.7409514,49.9843854],[5.7389263,49.984822]]}},{"type":"Feature","properties":{"h":"residential","c":3},"geometry":{"type":"LineString","coordinates":[[5.7456221,49.9851952],[5.7458144,49.985694],[5.7459674,49.9860909],[5.7462825,49.9867295],[5.7466079,49.9873364]]}},{"type":"Feature","properties":{"h":"residential","c":3},"geometry":{"type":"LineString","coordinates":[[5.7454383,49.9818642],[5.7454912,49.9817157],[5.7461246,49.9808698],[5.7464786,49.9804262]]}},{"type":"Feature","properties":{"h":"unclassified","c":3},"geometry":{"type":"LineString","coordinates":[[5.7483715,49.9850916],[5.748809,49.9850755],[5.749467,49.9850595],[5.7503597,49.9849772],[5.7511674,49.9848332]]}},{"type":"Feature","properties":{"h":"service","c":4},"geometry":{"type":"LineString","coordinates":[[5.737048,50.0508598],[5.7367922,50.0508849],[5.7364654,50.0510503],[5.7360339,50.0512322],[5.7359281,50.0512322],[5.7358671,50.0511852],[5.7351348,50.0506863]]}},{"type":"Feature","properties":{"h":"unclassified","c":3},"geometry":{"type":"LineString","coordinates":[[5.7171488,50.0366856],[5.7174248,50.0366901],[5.7177289,50.036727],[5.7178888,50.0367582],[5.7179952,50.0367935],[5.7181568,50.0368751],[5.7183162,50.0369833],[5.7184451,50.0370803],[5.7187694,50.0373048],[5.7190541,50.0374647],[5.7193455,50.0376071],[5.7198154,50.0377894],[5.7200078,50.0378604],[5.7201145,50.0378924],[5.7202192,50.0379038],[5.7203419,50.0378989],[5.7206668,50.0378794],[5.7207762,50.0378725],[5.721124,50.0378567],[5.7215018,50.0378648],[5.7224986,50.0379095],[5.722952,50.0379087],[5.7233276,50.0379218],[5.7237631,50.0379595],[5.724417,50.0380265],[5.7245935,50.0380381],[5.7249344,50.03804],[5.7254559,50.038032],[5.7256586,50.038053],[5.7258349,50.0380798],[5.7261526,50.038156],[5.7265574,50.0382803],[5.7271113,50.0384533],[5.7274955,50.0385515],[5.7278737,50.0386086],[5.72839,50.0386792],[5.7286741,50.0387359],[5.7287493,50.038768],[5.7288206,50.038813],[5.7288757,50.0388856],[5.7289111,50.0390158],[5.729006,50.0392125],[5.7290989,50.0393888],[5.7292526,50.0396019],[5.7293656,50.0397285],[5.7294613,50.0398221],[5.7297115,50.0400161],[5.7299832,50.0402147],[5.7302572,50.0404392],[5.7306548,50.0408121],[5.731276,50.041288],[5.7327359,50.0423613],[5.7330764,50.0426022],[5.7331691,50.0426872],[5.7332359,50.0427739],[5.7332945,50.0429155],[5.7333655,50.0431383],[5.7333868,50.0432571],[5.7333981,50.0433657],[5.733376,50.0435904],[5.7333445,50.0438172],[5.733329,50.0439581],[5.7333457,50.0441169],[5.7333803,50.044311],[5.733389,50.0443504],[5.7334142,50.0443966]]}},{"type":"Feature","properties":{"h":"residential","c":3},"geometry":{"type":"LineString","coordinates":[[5.7213846,50.0046213],[5.7212439,50.0047058],[5.7209977,50.0048813],[5.7209102,50.004946]]}},{"type":"Feature","properties":{"h":"residential","c":3},"geometry":{"type":"LineString","coordinates":[[5.7144055,50.010948],[5.7144468,50.0110046],[5.7145194,50.0111043],[5.7147317,50.0113312],[5.7149964,50.011567],[5.7153088,50.0118563],[5.7162083,50.0115845],[5.7165323,50.0115304],[5.7168292,50.0115293],[5.7171249,50.0115834],[5.7175639,50.0116977],[5.7179819,50.0118199],[5.7181915,50.0118331],[5.7187335,50.0117345],[5.7187873,50.0117351],[5.7190935,50.0117386],[5.7195453,50.0118151],[5.7202787,50.012018],[5.7210954,50.012196]]}},{"type":"Feature","properties":{"h":"residential","c":3},"geometry":{"type":"LineString","coordinates":[[5.7234601,50.0034858],[5.7244081,50.0036341],[5.7251615,50.0038332]]}},{"type":"Feature","properties":{"h":"residential","c":3},"geometry":{"type":"LineString","coordinates":[[5.7153088,50.0118563],[5.7143986,50.0121125]]}},{"type":"Feature","properties":{"h":"residential","c":3},"geometry":{"type":"LineString","coordinates":[[5.7173853,50.0033885],[5.7173337,50.0035423],[5.7172951,50.0036555]]}},{"type":"Feature","properties":{"h":"secondary","c":2},"geometry":{"type":"LineString","coordinates":[[5.6996338,50.0295532],[5.6998454,50.0294967],[5.7000518,50.0294418],[5.7006416,50.029285],[5.701057,50.0291851],[5.7012505,50.0291341]]}},{"type":"Feature","properties":{"h":"secondary","c":2},"geometry":{"type":"LineString","coordinates":[[5.7012505,50.0291341],[5.7015789,50.0290357],[5.7018715,50.0289219],[5.7025513,50.0285134],[5.7028934,50.0282884],[5.7032302,50.0280513],[5.7035007,50.027768],[5.7036267,50.0275725],[5.7037096,50.0273988],[5.7046134,50.0247318],[5.7047495,50.0243124],[5.7050495,50.0234332]]}},{"type":"Feature","properties":{"h":"track","c":4},"geometry":{"type":"LineString","coordinates":[[5.683403,49.980957],[5.6830726,49.9815787],[5.6826118,49.982348],[5.6821671,49.9830456],[5.6819978,49.983279],[5.6818979,49.9834036],[5.6817807,49.9835218],[5.6816844,49.9836295],[5.681602,49.9837684],[5.6814552,49.9840535],[5.6812985,49.9844819],[5.6812025,49.9847466],[5.6806785,49.9859813],[5.6801944,49.987382],[5.6773908,49.9911038]]}},{"type":"Feature","properties":{"h":"residential","c":3},"geometry":{"type":"LineString","coordinates":[[5.6985395,50.0043791],[5.6986899,50.0043601],[5.69962,50.0042565],[5.7001964,50.0041858],[5.7009962,50.0039606],[5.7016548,50.0037918],[5.7019123,50.0037699],[5.7021316,50.0037528],[5.7026058,50.0037531],[5.7029607,50.0037419],[5.7032215,50.0037095],[5.7035249,50.0036393],[5.7044941,50.0033771],[5.7047943,50.0032762],[5.705231,50.00318],[5.7058063,50.0031106],[5.7060772,50.0030426],[5.7063409,50.0029429],[5.706687,50.0027895],[5.7070355,50.0026963],[5.7075528,50.0025715],[5.7083769,50.0023553]]}},{"type":"Feature","properties":{"h":"residential","c":3},"geometry":{"type":"LineString","coordinates":[[5.6977369,49.9994067],[5.699092,49.9997988]]}},{"type":"Feature","properties":{"h":"residential","c":3},"geometry":{"type":"LineString","coordinates":[[5.7032743,49.9992048],[5.702797,50.0000441]]}},{"type":"Feature","properties":{"h":"residential","c":3},"geometry":{"type":"LineString","coordinates":[[5.7183413,50.0043856],[5.7185231,50.0046403],[5.7185458,50.0047558]]}},{"type":"Feature","properties":{"h":"residential","c":3},"geometry":{"type":"LineString","coordinates":[[5.7128354,49.9989042],[5.7127956,49.9989161],[5.7125634,49.9989853],[5.7111096,49.9994186],[5.7110991,49.9994217],[5.7105947,49.9995721]]}},{"type":"Feature","properties":{"h":"unclassified","c":3},"geometry":{"type":"LineString","coordinates":[[5.7052873,50.0197086],[5.705092,50.019697],[5.7048309,50.0196641],[5.7046515,50.0196052],[5.7045489,50.0195194],[5.7044438,50.0193894],[5.7043347,50.0191903],[5.7041909,50.0190676],[5.7039417,50.0189851],[5.7035124,50.0188632],[5.7030415,50.018648],[5.7026154,50.0184537],[5.7022564,50.0182272],[5.7020037,50.0180201],[5.7018299,50.0177765],[5.7015964,50.0173466]]}},{"type":"Feature","properties":{"h":"residential","c":3},"geometry":{"type":"LineString","coordinates":[[5.7465228,49.9876133],[5.7467062,49.987917],[5.7468118,49.9883636],[5.7468785,49.9890246],[5.7469381,49.9896927],[5.7469674,49.9900214],[5.7473786,49.9905751],[5.7475694,49.9909102]]}},{"type":"Feature","properties":{"h":"track","c":4},"geometry":{"type":"LineString","coordinates":[[5.7334142,50.0443966],[5.7335633,50.04433],[5.7345123,50.0438214],[5.7401409,50.0409516]]}},{"type":"Feature","properties":{"h":"trunk","c":1},"geometry":{"type":"LineString","coordinates":[[5.6949597,49.9989963],[5.6963248,49.9983197],[5.6964344,49.9982654],[5.6983847,49.9972988]]}},{"type":"Feature","properties":{"h":"trunk","c":1},"geometry":{"type":"LineString","coordinates":[[5.689484,50.0017214],[5.688102,50.002267]]}},{"type":"Feature","properties":{"h":"trunk","c":1},"geometry":{"type":"LineString","coordinates":[[5.6895441,50.0015856],[5.6900147,50.001391]]}},{"type":"Feature","properties":{"h":"trunk","c":1},"geometry":{"type":"LineString","coordinates":[[5.6901313,50.0014511],[5.6896689,50.001645]]}},{"type":"Feature","properties":{"h":"motorway","c":1},"geometry":{"type":"LineString","coordinates":[[5.7001139,50.0291561],[5.6997567,50.0281436],[5.6990036,50.0259409],[5.6983061,50.0240328]]}},{"type":"Feature","properties":{"h":"residential","c":3},"geometry":{"type":"LineString","coordinates":[[5.7550351,50.0640048],[5.7547976,50.0641973],[5.754689,50.0642947],[5.7546655,50.0643601],[5.7547246,50.0645056],[5.754833,50.0646511],[5.7547935,50.0647807],[5.7546113,50.0648724],[5.7541481,50.0649072],[5.7534485,50.0650337],[5.7529558,50.0651444],[5.7527243,50.0651982],[5.7523695,50.0653627],[5.7519507,50.0657517],[5.751734,50.0659541],[5.7515024,50.0662229],[5.7513398,50.0664316],[5.75032,50.0658023],[5.7495859,50.0653405],[5.7490089,50.0651181],[5.7483323,50.0649347],[5.7477459,50.0649636],[5.7466483,50.0650988],[5.7458575,50.0651773],[5.7453534,50.0656466],[5.7447939,50.0663572]]}},{"type":"Feature","properties":{"h":"tertiary","c":2},"geometry":{"type":"LineString","coordinates":[[5.7605746,50.0647076],[5.7597335,50.0648794],[5.759273,50.0648811],[5.7588405,50.0648636],[5.7584371,50.0648517],[5.7567533,50.0645294],[5.756631,50.064493],[5.7561687,50.0643556],[5.7560864,50.0643311]]}},{"type":"Feature","properties":{"h":"tertiary","c":2},"geometry":{"type":"LineString","coordinates":[[5.7453823,50.0575798],[5.7450227,50.0574132],[5.7439464,50.056877]]}},{"type":"Feature","properties":{"h":"tertiary","c":2},"geometry":{"type":"LineString","coordinates":[[5.7379865,50.0533736],[5.7379539,50.0533474],[5.7378061,50.0531003],[5.7376463,50.0528858],[5.7375935,50.0528149],[5.7371712,50.0524659],[5.7364868,50.0519116]]}},{"type":"Feature","properties":{"h":"motorway","c":1},"geometry":{"type":"LineString","coordinates":[[5.7002727,50.0296111],[5.7001139,50.0291561]]}},{"type":"Feature","properties":{"h":"motorway","c":1},"geometry":{"type":"LineString","coordinates":[[5.7004427,50.0295778],[5.700722,50.0303469],[5.701065,50.0312113],[5.7014206,50.0320676],[5.7018221,50.0329403],[5.7022529,50.0338154],[5.7027047,50.0346596],[5.7032213,50.0355255],[5.7037385,50.0363268],[5.7043207,50.0371536],[5.7049625,50.0379911],[5.7056257,50.0388255]]}},{"type":"Feature","properties":{"h":"tertiary","c":2},"geometry":{"type":"LineString","coordinates":[[5.7554483,50.0551268],[5.7553485,50.055154],[5.7552277,50.0552132],[5.7551263,50.0552762],[5.7540191,50.0562089],[5.7521811,50.0577782],[5.7517385,50.0581735],[5.7515653,50.0585689],[5.7514402,50.0591991],[5.751373,50.0597319],[5.7513234,50.0600361],[5.7512786,50.0601301],[5.7511861,50.0602154]]}},{"type":"Feature","properties":{"h":"motorway","c":1},"geometry":{"type":"LineString","coordinates":[[5.7002819,50.0291211],[5.7004427,50.0295778]]}},{"type":"Feature","properties":{"h":"residential","c":3},"geometry":{"type":"LineString","coordinates":[[5.7459225,50.0616708],[5.7464632,50.0617056],[5.746985,50.0617137],[5.7475884,50.0618527],[5.7477806,50.0617252],[5.7479276,50.0616872],[5.7480877,50.061679],[5.7484801,50.0617853],[5.7487892,50.0619099],[5.7479562,50.062526],[5.7476919,50.0627083],[5.7463217,50.0644639],[5.7458575,50.0651773],[5.7444978,50.0647685],[5.7442805,50.0646917],[5.7440683,50.0646298],[5.7437924,50.0645723],[5.7432276,50.0644962],[5.7430266,50.064455]]}},{"type":"Feature","properties":{"h":"unclassified","c":3},"geometry":{"type":"LineString","coordinates":[[5.7396941,50.0632019],[5.7404997,50.0628035],[5.7410029,50.0626679],[5.7416973,50.0626015],[5.7421884,50.0625009],[5.7427087,50.0623597],[5.7430487,50.0621583],[5.7437785,50.0614496],[5.7449419,50.0613862],[5.7459225,50.0616708]]}},{"type":"Feature","properties":{"h":"trunk","c":1},"geometry":{"type":"LineString","coordinates":[[5.7053993,49.9939378],[5.7047285,49.994268]]}},{"type":"Feature","properties":{"h":"trunk","c":1},"geometry":{"type":"LineString","coordinates":[[5.7046294,49.9942063],[5.7053155,49.9938656]]}},{"type":"Feature","properties":{"h":"trunk","c":1},"geometry":{"type":"LineString","coordinates":[[5.7053155,49.9938656],[5.7078541,49.9926049]]}},{"type":"Feature","properties":{"h":"residential","c":3},"geometry":{"type":"LineString","coordinates":[[5.7207006,50.0141284],[5.7213772,50.0142767],[5.7219788,50.0144675],[5.7224053,50.0146049],[5.7230779,50.0148592],[5.7236683,50.0152872],[5.7238508,50.0153237],[5.7244341,50.0152246],[5.7246443,50.0151739],[5.7247193,50.0151604]]}},{"type":"Feature","properties":{"h":"residential","c":3},"geometry":{"type":"LineString","coordinates":[[5.7278047,50.0289315],[5.7276442,50.0283675],[5.7275449,50.0280072],[5.7274242,50.0276641],[5.7271497,50.0269578],[5.7267461,50.0258791],[5.7266746,50.0257515],[5.7266008,50.0256198],[5.7246633,50.0230266],[5.7237861,50.02164],[5.7231349,50.0207894],[5.7227905,50.0202742],[5.7226613,50.0199872],[5.7225914,50.0196898],[5.7225698,50.0193371],[5.7225806,50.0188807],[5.7226157,50.0182863]]}},{"type":"Feature","properties":{"h":"residential","c":3},"geometry":{"type":"LineString","coordinates":[[5.7185458,50.0047558],[5.7185418,50.0048038],[5.7185012,50.0049251],[5.7184432,50.0051827],[5.718453,50.0052785],[5.7184943,50.005349],[5.7187861,50.00555]]}},{"type":"Feature","properties":{"h":"residential","c":3},"geometry":{"type":"LineString","coordinates":[[5.7209881,50.0050018],[5.7208744,50.0050828],[5.7206876,50.0052965],[5.7206221,50.0053784],[5.7205696,50.0054212],[5.7204719,50.005428],[5.7203501,50.0054181],[5.7201854,50.0053813],[5.7200214,50.0053476],[5.7198474,50.0053547],[5.7196773,50.0054139]]}},{"type":"Feature","properties":{"h":"residential","c":3},"geometry":{"type":"LineString","coordinates":[[5.7186866,50.0041869],[5.7189717,50.0043846],[5.7191934,50.0045554],[5.7193634,50.0046357],[5.7196943,50.0048576],[5.7197765,50.0049145],[5.719826,50.0049458],[5.7200352,50.0051366],[5.7200432,50.0051687],[5.7200214,50.0053476]]}},{"type":"Feature","properties":{"h":"primary","c":1},"geometry":{"type":"LineString","coordinates":[[5.720947,50.0069757],[5.7209335,50.0068846],[5.7209326,50.0067742],[5.720943,50.0067014],[5.7209454,50.0066722]]}},{"type":"Feature","properties":{"h":"living_street","c":3},"geometry":{"type":"LineString","coordinates":[[5.7162918,49.9990624],[5.7159697,49.9989848],[5.7158842,49.9989882],[5.7157953,49.9990175]]}},{"type":"Feature","properties":{"h":"living_street","c":3},"geometry":{"type":"LineString","coordinates":[[5.7196302,50.0025859],[5.7191102,50.0027923]]}},{"type":"Feature","properties":{"h":"tertiary","c":2},"geometry":{"type":"LineString","coordinates":[[5.7423626,50.0028453],[5.7426806,50.0026438],[5.7427258,50.0025917],[5.7429528,50.0024373],[5.7431366,50.0022788],[5.7432072,50.002225],[5.7432796,50.0021825],[5.7433664,50.0021512],[5.743485,50.0021244],[5.7436182,50.0021086],[5.7439006,50.0020841],[5.7440652,50.0020698],[5.7440859,50.0020631],[5.7443242,50.0019684],[5.7445713,50.0018625],[5.7450194,50.001675],[5.7452826,50.001601],[5.745331,50.0015955],[5.7454362,50.0015834],[5.7459023,50.0015904],[5.7466496,50.001542]]}},{"type":"Feature","properties":{"h":"tertiary","c":2},"geometry":{"type":"LineString","coordinates":[[5.7889099,49.9904471],[5.7893433,49.9905173],[5.7897516,49.9905785],[5.7901931,49.9905653],[5.7903659,49.9905573]]}},{"type":"Feature","properties":{"h":"tertiary","c":2},"geometry":{"type":"LineString","coordinates":[[5.7631126,50.0195796],[5.7632745,50.0195745],[5.7634321,50.0195602],[5.7639069,50.0194654],[5.7643093,50.0193933],[5.7644417,50.0193502],[5.7645296,50.019295],[5.764643,50.0192067],[5.764729,50.0191144],[5.7647776,50.0190666],[5.764963,50.0189033],[5.7651809,50.0187449],[5.7655076,50.0185853],[5.7664866,50.0181285],[5.766591,50.0180827],[5.7667462,50.0180165],[5.7671265,50.0178829],[5.7680245,50.0175195]]}},{"type":"Feature","properties":{"h":"unclassified","c":3},"geometry":{"type":"LineString","coordinates":[[5.7652115,50.0203746],[5.7655169,50.0204512],[5.7660261,50.0205956],[5.767347,50.0209869],[5.7679248,50.0211658],[5.7686383,50.0214013],[5.7689701,50.0214923],[5.7695236,50.0216258],[5.7701917,50.0217933],[5.7703294,50.0218191],[5.7704513,50.021836],[5.7710572,50.0219039],[5.7713191,50.0219438],[5.7716572,50.0220108],[5.7721988,50.0221526],[5.7725527,50.0222535],[5.7728778,50.0223582],[5.7731477,50.0224608],[5.7736854,50.0226715],[5.7739636,50.0227638],[5.7743343,50.022866],[5.774641,50.0229267],[5.7752681,50.0230155],[5.775959,50.0231085],[5.7774964,50.0234083]]}},{"type":"Feature","properties":{"h":"unclassified","c":3},"geometry":{"type":"LineString","coordinates":[[5.7620746,50.0229009],[5.7623094,50.0230335],[5.7625589,50.0231661],[5.7629976,50.023384],[5.7646051,50.024201],[5.7657456,50.0247819],[5.7665598,50.0252166],[5.7670643,50.0254707],[5.7674944,50.0256881],[5.7679703,50.0259606],[5.7683564,50.0261517],[5.7688494,50.0263854],[5.769168,50.0265771],[5.7694305,50.0267165]]}},{"type":"Feature","properties":{"h":"unclassified","c":3},"geometry":{"type":"LineString","coordinates":[[5.7549551,50.046439],[5.7552414,50.0465271],[5.7554222,50.046569],[5.7556776,50.0466089],[5.7558596,50.0466281],[5.7571415,50.0466321],[5.7574236,50.0466167],[5.7576236,50.0465963],[5.7578721,50.0465481],[5.7581863,50.0464457],[5.7585921,50.0462328],[5.7588259,50.0461425],[5.7590224,50.0460818],[5.7592184,50.0460505],[5.7594102,50.0460332],[5.7595582,50.0460349],[5.7599495,50.0460482],[5.760495,50.0460833],[5.7608634,50.0460819],[5.7612249,50.0460716],[5.7615908,50.0461025],[5.762382,50.046192]]}},{"type":"Feature","properties":{"h":"unclassified","c":3},"geometry":{"type":"LineString","coordinates":[[5.7626419,50.063904],[5.7630398,50.0633544],[5.7634149,50.0627885],[5.7637948,50.0622587]]}},{"type":"Feature","properties":{"h":"track","c":4},"geometry":{"type":"LineString","coordinates":[[5.7734559,50.0649587],[5.7737802,50.0647779],[5.7740388,50.0646145],[5.7742235,50.0644762],[5.774437,50.0642153],[5.7745704,50.0639993],[5.7747026,50.0637403],[5.7748254,50.0632495],[5.7748575,50.0631578],[5.7749131,50.0630481],[5.7751204,50.0625625],[5.775261,50.0622087],[5.775352,50.0618902],[5.7754205,50.0617356],[5.7755724,50.0615042],[5.7759693,50.0610642],[5.7764944,50.0606499],[5.7768832,50.0602536],[5.7772319,50.0599783],[5.7775886,50.0596978],[5.7789274,50.0583159],[5.7790316,50.0582001],[5.779232,50.0580895],[5.7803183,50.0576417],[5.7807832,50.0574281],[5.7812802,50.0571728],[5.7815889,50.0570421],[5.782436,50.0567024],[5.7829437,50.0564734],[5.7836692,50.0561182],[5.7840981,50.0558892],[5.7843304,50.0557306],[5.7847916,50.0554157],[5.7852525,50.0550811],[5.7856934,50.0547285],[5.7861303,50.0543528],[5.7863348,50.0542421],[5.7865672,50.0541443],[5.7880383,50.0537197],[5.7885113,50.0535653],[5.788864,50.0533928],[5.7908401,50.0522424],[5.7915951,50.051817],[5.7917967,50.0516823]]}},{"type":"Feature","properties":{"h":"track","c":4},"geometry":{"type":"LineString","coordinates":[[5.7641331,50.0644934],[5.7643127,50.0643361],[5.7645091,50.0641971],[5.7647496,50.0641097],[5.7650983,50.0640556],[5.765924,50.0639501],[5.766898,50.0637623],[5.7678961,50.063595],[5.7686296,50.0635153],[5.7692429,50.0635333],[5.770237,50.0635616],[5.7705329,50.0635634],[5.7715036,50.0635693],[5.7719321,50.0635746],[5.7723163,50.0635474],[5.7726673,50.0635099],[5.7731314,50.0634383],[5.7735629,50.0633679],[5.7748575,50.0631578]]}},{"type":"Feature","properties":{"h":"unclassified","c":3},"geometry":{"type":"LineString","coordinates":[[5.7843304,50.0557306],[5.7852762,50.0560493],[5.7874333,50.0567733],[5.7881348,50.0569943],[5.7903378,50.0575584],[5.7905279,50.0576278],[5.7910434,50.0578866],[5.7916097,50.0581708],[5.7920195,50.0583245],[5.792544,50.0584381],[5.7929374,50.0584823],[5.7933701,50.0584634],[5.7940717,50.0583981],[5.7953535,50.0582845],[5.7958419,50.0582487],[5.7961828,50.0582466],[5.7965861,50.0582782],[5.7988384,50.0584125],[5.7990331,50.0584092]]}},{"type":"Feature","properties":{"h":"track","c":4},"geometry":{"type":"LineString","coordinates":[[5.7714843,50.0347302],[5.7716392,50.0348776],[5.7718306,50.0350899],[5.7720661,50.0353667],[5.7723186,50.0356786],[5.772798,50.0362708],[5.7731832,50.0366735],[5.7736381,50.0370262],[5.7742589,50.0374251],[5.7746297,50.0376184],[5.7749748,50.0377761],[5.7753715,50.0379937],[5.7755922,50.0381302]]}},{"type":"Feature","properties":{"h":"unclassified","c":3},"geometry":{"type":"LineString","coordinates":[[5.7740392,50.0294169],[5.7742334,50.0292743],[5.7746498,50.0289773],[5.7750399,50.028653],[5.7752336,50.0284734],[5.7754096,50.0282971],[5.7755849,50.0281113],[5.7757126,50.0279517],[5.7758496,50.0277571],[5.7759127,50.0276414],[5.7759807,50.0274737],[5.7761709,50.0268641],[5.7762922,50.0264775],[5.7763931,50.0261498],[5.7765282,50.0258773],[5.7767052,50.0255719],[5.7767988,50.0254146],[5.7768698,50.0252661],[5.7769511,50.0249801],[5.7771609,50.0241882],[5.7772013,50.0240561],[5.7772592,50.0239249],[5.7773773,50.0236625],[5.7774964,50.0234083]]}},{"type":"Feature","properties":{"h":"unclassified","c":3},"geometry":{"type":"LineString","coordinates":[[5.7943824,50.026885],[5.7943008,50.0280311],[5.7942804,50.0287781],[5.7942086,50.0300647],[5.7941933,50.0302489],[5.7942547,50.0305846],[5.7943469,50.0310814],[5.7944084,50.0312064],[5.7945365,50.0313512],[5.7949002,50.0316638],[5.7956224,50.0322462],[5.7958375,50.0324107],[5.7959297,50.032539],[5.7960322,50.0326772],[5.7960988,50.0328384],[5.7963139,50.0334998],[5.7963856,50.033661],[5.7964135,50.033773],[5.7964122,50.0339513],[5.7963908,50.0340827],[5.7963588,50.0341737],[5.796247,50.0343684],[5.7960834,50.0346382],[5.7960117,50.0348685],[5.7959734,50.0349858]]}},{"type":"Feature","properties":{"h":"unclassified","c":3},"geometry":{"type":"LineString","coordinates":[[5.785717,50.0440413],[5.7859592,50.0438717],[5.7867685,50.0434013],[5.7886125,50.0424275],[5.7889198,50.0422729],[5.7892477,50.0421381],[5.7894833,50.0420624],[5.7906768,50.0417071],[5.7911429,50.0415525],[5.7917012,50.0414308],[5.7921981,50.0413453],[5.7932071,50.0412071],[5.793618,50.0411579],[5.7939933,50.041124],[5.7942009,50.0411157],[5.7943904,50.0411183],[5.7946284,50.0411198]]}},{"type":"Feature","properties":{"h":"unclassified","c":3},"geometry":{"type":"LineString","coordinates":[[5.7791035,50.0405152],[5.7795308,50.040355],[5.7799303,50.0402267],[5.7804805,50.040113],[5.7810106,50.0400296],[5.7816821,50.0399266],[5.7821021,50.0399076],[5.7827168,50.0398978],[5.7835056,50.0399011],[5.7837515,50.0399044],[5.7839769,50.0398879],[5.7843303,50.0398057],[5.7846428,50.0397201],[5.7851652,50.0396116],[5.7863843,50.039378],[5.7867736,50.0393089],[5.7872346,50.0392563],[5.7876803,50.039253],[5.7884281,50.0393056],[5.7888993,50.0393221],[5.7892323,50.0393122],[5.7897291,50.0392464],[5.7901799,50.0391806],[5.7907843,50.0391378],[5.7913631,50.0391543],[5.7919522,50.0391806],[5.7922284,50.0391614],[5.7923395,50.0391443],[5.7924551,50.039116],[5.7926744,50.0390358],[5.7928793,50.0389404],[5.793412,50.038674],[5.7938167,50.0385259],[5.7942879,50.0383845],[5.7947745,50.0382627],[5.7952765,50.0381871],[5.7955429,50.0381509],[5.7957286,50.0381388]]}},{"type":"Feature","properties":{"h":"unclassified","c":3},"geometry":{"type":"LineString","coordinates":[[5.7888522,50.0459407],[5.7890891,50.0459278],[5.7904115,50.0460121],[5.7911477,50.0460633],[5.7915932,50.0460573],[5.7919694,50.0460184],[5.7921934,50.045985],[5.7923331,50.0459575],[5.7926125,50.0458987],[5.7930334,50.0457663],[5.7944349,50.0453315],[5.7950258,50.0451749],[5.7957292,50.0450726],[5.796381,50.0450304],[5.7968921,50.0449912],[5.7972954,50.044937],[5.7980035,50.0447564],[5.79858,50.0445838]]}},{"type":"Feature","properties":{"h":"residential","c":3},"geometry":{"type":"LineString","coordinates":[[5.7498745,50.0433515],[5.7494967,50.0430328],[5.7492233,50.0427731],[5.7489671,50.0425757],[5.7485457,50.0422996],[5.7478401,50.0418007],[5.7472755,50.0413931],[5.7471267,50.0413373],[5.746897,50.0413125]]}},{"type":"Feature","properties":{"h":"residential","c":3},"geometry":{"type":"LineString","coordinates":[[5.724723,50.0105786],[5.7253138,50.0104275]]}},{"type":"Feature","properties":{"h":"service","c":4},"geometry":{"type":"LineString","coordinates":[[5.726773,50.0119009],[5.7269168,50.011889],[5.7272149,50.0117547],[5.7274017,50.0116403],[5.7272594,50.0114974],[5.7271347,50.0114304]]}},{"type":"Feature","properties":{"h":"residential","c":3},"geometry":{"type":"LineString","coordinates":[[5.725433,50.011006],[5.725657,50.0109754],[5.7260235,50.0109845],[5.7264506,50.0110348],[5.726645,50.0110788],[5.7272541,50.0113072]]}},{"type":"Feature","properties":{"h":"residential","c":3},"geometry":{"type":"LineString","coordinates":[[5.7259837,50.0116134],[5.7259575,50.0116641],[5.7259134,50.0117527],[5.7258531,50.0118383]]}},{"type":"Feature","properties":{"h":"residential","c":3},"geometry":{"type":"LineString","coordinates":[[5.7246502,50.012698],[5.7249434,50.0126417],[5.7249831,50.0127214]]}},{"type":"Feature","properties":{"h":"residential","c":3},"geometry":{"type":"LineString","coordinates":[[5.7257877,50.0091582],[5.7257255,50.0092835],[5.7256259,50.0094134],[5.7254977,50.009644],[5.7254292,50.0098341]]}},{"type":"Feature","properties":{"h":"residential","c":3},"geometry":{"type":"LineString","coordinates":[[5.72553,50.011505],[5.7254903,50.0112877]]}},{"type":"Feature","properties":{"h":"service","c":4},"geometry":{"type":"LineString","coordinates":[[5.7250781,50.0088323],[5.7250741,50.0085031],[5.7253517,50.008499],[5.725704,50.0084899],[5.7259958,50.008515],[5.7263019,50.0085425],[5.7265625,50.0085756],[5.7265902,50.0085791],[5.7269069,50.0086545],[5.727213,50.0087552],[5.7274301,50.0088375]]}},{"type":"Feature","properties":{"h":"residential","c":3},"geometry":{"type":"LineString","coordinates":[[5.723803,50.0090519],[5.7243099,50.0089723],[5.7246372,50.0089153],[5.7248438,50.0088793],[5.7250781,50.0088323],[5.7251404,50.0088307],[5.7253307,50.0087975],[5.7256642,50.0087982],[5.7257557,50.0087936],[5.7262673,50.0088686],[5.7267582,50.0090211],[5.7268404,50.0090226],[5.7269299,50.0090036],[5.7269555,50.0089505],[5.7269042,50.0088938],[5.7267619,50.0088663],[5.726597,50.0088684],[5.7264715,50.00887],[5.7262673,50.0088686]]}},{"type":"Feature","properties":{"h":"residential","c":3},"geometry":{"type":"LineString","coordinates":[[5.7215367,50.001726],[5.7217925,50.0015815],[5.7222985,50.0012352],[5.7224507,50.0010553],[5.7230223,50.000073],[5.7234367,49.9993924],[5.7238145,49.9987009],[5.7240607,49.9982357],[5.7241211,49.9979985],[5.7241301,49.997543],[5.7241899,49.9971073],[5.7242755,49.996842],[5.7243392,49.9966283],[5.7243678,49.996461],[5.7243641,49.9963425],[5.7243533,49.9962345],[5.7243101,49.9960797],[5.7241522,49.9956376],[5.7241326,49.9955529]]}},{"type":"Feature","properties":{"h":"residential","c":3},"geometry":{"type":"LineString","coordinates":[[5.7214413,50.0016929],[5.7214609,50.0016897],[5.721481,50.0016902],[5.7215001,50.0016944],[5.7215165,50.001702],[5.7215289,50.0017122],[5.7215367,50.001726]]}},{"type":"Feature","properties":{"h":"residential","c":3},"geometry":{"type":"LineString","coordinates":[[5.7214413,50.0016929],[5.7214044,50.0016149],[5.7214915,50.0009146],[5.7216537,50.0008715],[5.7218222,50.0008291],[5.7219088,50.0007749],[5.7220864,50.0005407],[5.7222846,50.0002405],[5.7223347,50.0001278],[5.7223945,49.9999455]]}},{"type":"Feature","properties":{"h":"living_street","c":3},"geometry":{"type":"LineString","coordinates":[[5.7183672,50.0022152],[5.7189931,50.00285],[5.7191102,50.0027923]]}},{"type":"Feature","properties":{"h":"living_street","c":3},"geometry":{"type":"LineString","coordinates":[[5.719766,50.0033792],[5.7196404,50.0032155],[5.7195895,50.0031491],[5.7194484,50.0030701],[5.7191102,50.0027923]]}},{"type":"Feature","properties":{"h":"residential","c":3},"geometry":{"type":"LineString","coordinates":[[5.7179889,50.0068091],[5.7180419,50.0067444],[5.718103,50.0066969],[5.7184984,50.0065198]]}},{"type":"Feature","properties":{"h":"residential","c":3},"geometry":{"type":"LineString","coordinates":[[5.7027802,50.0169949],[5.7027735,50.0168729],[5.7042662,50.0160941],[5.7047239,50.0158427],[5.7049125,50.0156736],[5.7050181,50.0154655],[5.7051731,50.0149778],[5.705244,50.0147791],[5.7053122,50.0146074],[5.7054145,50.0144028],[5.7055453,50.0142895],[5.7058238,50.0141799],[5.7059701,50.0141644],[5.7066663,50.0141402]]}},{"type":"Feature","properties":{"h":"tertiary","c":2},"geometry":{"type":"LineString","coordinates":[[5.760387,50.0186861],[5.7606614,50.0183055],[5.760901,50.0180022],[5.761239,50.0177357],[5.7614802,50.0175115],[5.761805,50.0172772],[5.7621065,50.0171187],[5.762651,50.0169023],[5.7628035,50.0168093],[5.76299,50.0166427],[5.7631855,50.0162482],[5.7632447,50.0159735],[5.763563,50.0149156],[5.763795,50.0139453],[5.763795,50.0136531],[5.763754,50.0133725],[5.7634084,50.0123701],[5.7633811,50.0121976]]}},{"type":"Feature","properties":{"h":"residential","c":3},"geometry":{"type":"LineString","coordinates":[[5.7288175,50.0163927],[5.7288073,50.0164659],[5.7286039,50.0165391],[5.7285644,50.0165775],[5.7288658,50.0170144],[5.7290394,50.0172855],[5.7292181,50.0174986],[5.7293704,50.0174873],[5.7304148,50.0172249],[5.7309962,50.0170712],[5.7316251,50.0169802],[5.7318058,50.0169526],[5.7322877,50.0168969],[5.7328107,50.0168822],[5.7331916,50.0168932],[5.7337927,50.0168657],[5.7342206,50.0168275],[5.7345787,50.0168421],[5.7351358,50.0169699],[5.7354224,50.0170546],[5.7358697,50.0171577],[5.7360046,50.0171682],[5.7361135,50.0171534]]}},{"type":"Feature","properties":{"h":"residential","c":3},"geometry":{"type":"LineString","coordinates":[[5.7132181,49.9975755],[5.7131075,49.9976321],[5.712921,49.9977315],[5.7122425,49.9982035]]}},{"type":"Feature","properties":{"h":"residential","c":3},"geometry":{"type":"LineString","coordinates":[[5.7099406,49.9951503],[5.7098514,49.9952084],[5.7091819,49.9957087],[5.7084864,49.9962398]]}},{"type":"Feature","properties":{"h":"unclassified","c":3},"geometry":{"type":"LineString","coordinates":[[5.7098435,49.9873004],[5.7097918,49.9872643],[5.709725,49.9871995],[5.7096153,49.9871377],[5.707482,49.9867515]]}},{"type":"Feature","properties":{"h":"residential","c":3},"geometry":{"type":"LineString","coordinates":[[5.704282,49.9905567],[5.7043713,49.9905104],[5.7046788,49.990351],[5.7049298,49.9902457],[5.7051154,49.9902106],[5.7054719,49.9901802],[5.7056757,49.9901872],[5.7060749,49.9902263],[5.706288,49.9902467],[5.706498,49.9902667],[5.7067781,49.9903159],[5.7072329,49.9904609],[5.7074912,49.9906036],[5.7080916,49.9909591],[5.7087359,49.9913509]]}},{"type":"Feature","properties":{"h":"residential","c":3},"geometry":{"type":"LineString","coordinates":[[5.7267823,50.0029631],[5.7268745,50.0030166],[5.7269411,50.0030294],[5.7270717,50.0030545],[5.7273287,50.0030961],[5.7274778,50.0031359],[5.7276656,50.0030025],[5.7276937,50.0029826],[5.7279151,50.0028036],[5.7282431,50.0025383],[5.7285019,50.0022493],[5.7286851,50.0020448],[5.7287416,50.0019817],[5.7289926,50.0017993]]}},{"type":"Feature","properties":{"h":"residential","c":3},"geometry":{"type":"LineString","coordinates":[[5.7279151,50.0028036],[5.7275884,50.0019661],[5.7273427,50.0013362],[5.72753,50.0012801],[5.7277811,50.0012544],[5.7279339,50.0013035],[5.7281376,50.001521],[5.7282676,50.0016453],[5.7286851,50.0020448]]}},{"type":"Feature","properties":{"h":"track","c":4},"geometry":{"type":"LineString","coordinates":[[5.7780552,50.0213459],[5.7779421,50.0212697],[5.7777403,50.0211245],[5.7774275,50.0208703],[5.7773145,50.0207744],[5.7772378,50.0206538],[5.7772136,50.0204826],[5.7772565,50.0196187],[5.7772678,50.0192743],[5.777271,50.0191528],[5.7772174,50.0189846],[5.7771291,50.0188104],[5.7767034,50.0181438],[5.7764783,50.0176897],[5.7764018,50.0175386],[5.7763588,50.0173941],[5.7763471,50.0173009],[5.7763566,50.0171328],[5.7763534,50.0168471],[5.7763629,50.016685],[5.7764165,50.0164013],[5.7765174,50.0160853],[5.776634,50.0156699],[5.7766425,50.0156287],[5.7766607,50.0154809]]}},{"type":"Feature","properties":{"h":"secondary","c":2},"geometry":{"type":"LineString","coordinates":[[5.7363282,50.0107783],[5.7360986,50.0107353],[5.7358718,50.0107056],[5.7354912,50.0106738],[5.7351385,50.010617],[5.7348396,50.010547],[5.7345688,50.0104641],[5.7343016,50.0103665],[5.7340763,50.0102669],[5.7335223,50.0100061],[5.7326137,50.009519],[5.7318757,50.0091377]]}},{"type":"Feature","properties":{"h":"track","c":4},"geometry":{"type":"LineString","coordinates":[[5.7511933,50.007961],[5.7505998,50.008292],[5.7504603,50.008392],[5.7503862,50.0084765],[5.750033,50.008993],[5.7499283,50.0090907],[5.749679,50.009268],[5.749381,50.009383],[5.749112,50.009424],[5.748875,50.009425],[5.7486635,50.0094111],[5.74849,50.009391],[5.7475275,50.0092385],[5.7470137,50.0092057],[5.7466196,50.0091843],[5.745983,50.009117],[5.7456092,50.0090815],[5.7453828,50.0090676],[5.7450974,50.0090693],[5.7448157,50.0090964],[5.744583,50.009129],[5.7440234,50.0092432],[5.7435033,50.0093713],[5.7426873,50.0095812],[5.7418815,50.0098271],[5.7414319,50.0099428],[5.740822,50.0100477]]}},{"type":"Feature","properties":{"h":"track","c":4},"geometry":{"type":"LineString","coordinates":[[5.7305223,50.0185066],[5.7306207,50.0185694],[5.7307156,50.0186062],[5.7309712,50.0186983],[5.7314402,50.0187996],[5.7320866,50.0189085],[5.7325596,50.0190123],[5.7330089,50.0191516],[5.7332769,50.0192529],[5.7337145,50.0194277],[5.7341204,50.019567],[5.734759,50.0197316],[5.7350664,50.0198177],[5.7356773,50.0200659],[5.7363789,50.0203115],[5.7369149,50.0205141],[5.737313,50.0207167],[5.7375338,50.0209066],[5.7381841,50.021517],[5.7393981,50.0228794],[5.7399119,50.0233285],[5.7402624,50.0235467],[5.7405637,50.0238563],[5.7407554,50.0241625],[5.7408485,50.0243912],[5.7410402,50.0245143],[5.7413688,50.0246375],[5.741818,50.0248486],[5.7428422,50.0252955],[5.7433461,50.0256122],[5.7438554,50.0258832],[5.7440198,50.0260978],[5.7440526,50.026323],[5.7441074,50.0266045],[5.7443265,50.0268051],[5.7443867,50.0270514],[5.7445675,50.0273434],[5.7448167,50.0276359]]}},{"type":"Feature","properties":{"h":"track","c":4},"geometry":{"type":"LineString","coordinates":[[5.7305223,50.0185066],[5.730577,50.0186046],[5.7306992,50.0188857],[5.7311801,50.0196835],[5.7314205,50.0199899],[5.7316806,50.0202811],[5.7320669,50.0206407],[5.7323586,50.0208205],[5.7326266,50.0209978],[5.733005,50.0212333],[5.7335134,50.0216613],[5.7337499,50.0218411],[5.7339509,50.02195],[5.735027,50.0225223],[5.7356024,50.0228135],[5.7358192,50.02293],[5.7360045,50.023087],[5.7362173,50.023434],[5.7363671,50.0237783],[5.7364932,50.024029],[5.7367491,50.024244],[5.7369677,50.0244175],[5.7371305,50.0246983],[5.7373662,50.0249213],[5.7379105,50.0251388],[5.7384633,50.0252104],[5.7389604,50.0252599]]}},{"type":"Feature","properties":{"h":"unclassified","c":3},"geometry":{"type":"LineString","coordinates":[[5.7744912,50.0074365],[5.7741679,50.0071339],[5.7739806,50.0069186],[5.7739511,50.0067571],[5.7740545,50.0066653],[5.7742516,50.0065924],[5.7746211,50.0065259],[5.775035,50.0064816],[5.7760154,50.0063644],[5.7767298,50.0062631],[5.7770845,50.0061591],[5.7772139,50.0060604],[5.7772347,50.0060258],[5.7772404,50.0059845]]}},{"type":"Feature","properties":{"h":"track","c":4},"geometry":{"type":"LineString","coordinates":[[5.7943036,50.0202488],[5.794325,50.020171],[5.7943189,50.0200556],[5.794295,50.0198749],[5.7942753,50.0196762],[5.794299,50.019162],[5.794272,50.0188475],[5.794208,50.018459],[5.7941813,50.0183525],[5.7941245,50.0181879],[5.7938689,50.0175231],[5.793649,50.017068],[5.793614,50.016978],[5.793539,50.016786],[5.793473,50.016721],[5.793225,50.016544],[5.792876,50.016376],[5.7926911,50.0162857],[5.792285,50.0162229],[5.791988,50.016152],[5.791755,50.016073],[5.791649,50.016016],[5.791524,50.015921],[5.791301,50.015633],[5.791088,50.015253],[5.791019,50.01508],[5.790811,50.01416],[5.7907329,50.0139352],[5.790705,50.013855],[5.790678,50.013632],[5.7906669,50.0133575],[5.7906957,50.0131013],[5.7907673,50.0126028],[5.7907855,50.012526],[5.7908464,50.0124927],[5.7909498,50.0124775],[5.79132,50.012448],[5.791397,50.0124168],[5.7914442,50.012356],[5.7915723,50.0119914],[5.7916223,50.0117974],[5.7916207,50.0117323],[5.7915919,50.0116799],[5.7915365,50.0116574],[5.7910456,50.011602],[5.790462,50.011514]]}},{"type":"Feature","properties":{"h":"unclassified","c":3},"geometry":{"type":"LineString","coordinates":[[5.7842289,50.0256376],[5.7844335,50.025247],[5.78461,50.0247953],[5.7846857,50.0246008],[5.7847709,50.0244631],[5.7849317,50.0243091],[5.785124,50.0241693],[5.7853637,50.0240093],[5.785474,50.0238938],[5.7862939,50.0227918],[5.7867605,50.0221516],[5.7868362,50.0219996],[5.7868835,50.0217869],[5.7869182,50.0213189],[5.7869876,50.0209218],[5.7870593,50.0206371],[5.7870948,50.0204964],[5.7871294,50.0196657],[5.7871578,50.0178484],[5.7871484,50.0177167],[5.7871074,50.0175465],[5.7870002,50.0173479],[5.7867637,50.0170237],[5.7863254,50.0165111],[5.785996,50.016134],[5.7859659,50.0160998],[5.7853826,50.0158],[5.7846826,50.0154332],[5.7842947,50.015265],[5.7839711,50.0151105]]}},{"type":"Feature","properties":{"h":"track","c":4},"geometry":{"type":"LineString","coordinates":[[5.7901268,50.0267002],[5.7901764,50.0264977],[5.7903242,50.0261432],[5.7906543,50.0257475],[5.791078,50.0252284],[5.7917678,50.0239813],[5.7919452,50.0235983],[5.7923245,50.0225917],[5.792699,50.0218003],[5.7928615,50.0215123],[5.7930389,50.0213065],[5.7932803,50.0211261],[5.7935562,50.0209836],[5.7939159,50.0207146],[5.794108,50.0205436],[5.7943036,50.0202488]]}},{"type":"Feature","properties":{"h":"unclassified","c":3},"geometry":{"type":"LineString","coordinates":[[5.7885944,50.016499],[5.7885038,50.0164829],[5.7884082,50.0164659],[5.7881613,50.0163056],[5.7880055,50.0161945],[5.787596,50.016028],[5.78749,50.01601],[5.78713,50.016],[5.786994,50.016009],[5.785996,50.016134]]}},{"type":"Feature","properties":{"h":"unclassified","c":3},"geometry":{"type":"LineString","coordinates":[[5.7850158,50.0142478],[5.7847902,50.0138431],[5.7845734,50.0134537],[5.7843599,50.0131723],[5.7840803,50.0126259],[5.7840478,50.0125898],[5.7840153,50.0125866],[5.7839606,50.0125872],[5.7836422,50.0126654],[5.7834353,50.012697],[5.7831939,50.0126495],[5.7828611,50.0125096],[5.7823093,50.0121823],[5.7821006,50.011933],[5.7819495,50.0115008],[5.781701,50.0110886],[5.7814448,50.0107625],[5.7812343,50.0105316],[5.7808234,50.0101649],[5.7805383,50.0099508],[5.7801737,50.0097082],[5.7795381,50.0093124],[5.7787791,50.0086837],[5.7784498,50.0084616],[5.7781537,50.0083023],[5.7775969,50.0080902],[5.7774864,50.0080351],[5.7773,50.0079565],[5.7765996,50.0077266],[5.7762638,50.0076517]]}},{"type":"Feature","properties":{"h":"service","c":4},"geometry":{"type":"LineString","coordinates":[[5.7755472,50.0055964],[5.775324,50.005814]]}},{"type":"Feature","properties":{"h":"unclassified","c":3},"geometry":{"type":"LineString","coordinates":[[5.7364389,50.0623142],[5.7364785,50.0621495],[5.7365659,50.0619135],[5.7366132,50.0617449],[5.7366308,50.0616158],[5.7366281,50.0614769],[5.7365902,50.0613596],[5.7365357,50.0612478],[5.7364668,50.0611354],[5.7363344,50.0609612],[5.7359854,50.060595],[5.7358453,50.0604374],[5.7354188,50.0599142],[5.7353409,50.0598022],[5.7352711,50.0596611],[5.7352238,50.05952],[5.7352032,50.0594015],[5.735199,50.0592776],[5.7352406,50.0590567],[5.7352665,50.0589025],[5.7352646,50.0587818],[5.735239,50.0586813],[5.7351958,50.0585932],[5.7349702,50.0582354],[5.7348412,50.0580216],[5.7347856,50.0579116],[5.7347359,50.0577696],[5.7347098,50.0576161],[5.7347078,50.0574408],[5.734736,50.0572657],[5.7347534,50.0570771],[5.7347511,50.0569286],[5.7347175,50.0567331],[5.7346326,50.0564579],[5.734503,50.0560929],[5.7343793,50.0557362],[5.7342583,50.0554084],[5.7341692,50.0552167],[5.7338845,50.0547873],[5.7336957,50.054532],[5.7336376,50.0544282],[5.7335807,50.0542796],[5.733557,50.0541304],[5.7335839,50.0540068],[5.7336789,50.0538255],[5.7338681,50.0535309],[5.7339801,50.0532766],[5.7340508,50.0531082],[5.7340681,50.0530208],[5.7340575,50.0529055]]}},{"type":"Feature","properties":{"h":"track","c":4},"geometry":{"type":"LineString","coordinates":[[5.7183735,50.0181787],[5.7181542,50.0180918],[5.7180489,50.0180366],[5.7179209,50.0179955],[5.716872,50.0178097],[5.7164281,50.0177164],[5.7159792,50.0176017],[5.7158288,50.0175815],[5.715642,50.0175793],[5.7151219,50.0176001],[5.71485,50.0176076],[5.7146189,50.017593],[5.714374,50.0175556],[5.7137337,50.0173949],[5.713442,50.0173123],[5.7131333,50.0172514],[5.7128963,50.0172264],[5.7125647,50.0172207],[5.7122872,50.0172388],[5.7119778,50.0172878],[5.7111779,50.0175136],[5.7106473,50.0176718],[5.7101234,50.0178095],[5.7093842,50.0179439],[5.7085384,50.0180794]]}},{"type":"Feature","properties":{"h":"track","c":4},"geometry":{"type":"LineString","coordinates":[[5.7449419,50.0613862],[5.7446031,50.0609335],[5.7441566,50.0606616],[5.7433251,50.060286],[5.7422397,50.0598215],[5.7406924,50.0590851],[5.7399533,50.0588924],[5.7347078,50.0574408]]}},{"type":"Feature","properties":{"h":"track","c":4},"geometry":{"type":"LineString","coordinates":[[5.7528761,50.0452825],[5.7529361,50.0452675],[5.7532925,50.0451786],[5.7536681,50.0450204],[5.7538837,50.0448463],[5.7541424,50.0444864],[5.7543456,50.04417],[5.7545735,50.0439446],[5.7549368,50.0437983],[5.7552016,50.0436321],[5.7556019,50.0432762],[5.755916,50.0428965],[5.7559838,50.0425524],[5.75607,50.0420976],[5.7561445,50.041821],[5.7561971,50.041601],[5.7561809,50.0414426],[5.756113,50.0409748],[5.7560761,50.0407014],[5.756082,50.0406285],[5.7561069,50.0405431],[5.7562301,50.0403572],[5.7565811,50.0398233],[5.7568073,50.0394497],[5.7568829,50.0393249],[5.7570862,50.0391192],[5.7572955,50.0389689],[5.7577143,50.0387316],[5.7580777,50.0384903],[5.7584595,50.0382134],[5.758858,50.0379216],[5.7592692,50.0376316],[5.7594735,50.0375182],[5.7596702,50.0374161],[5.7598578,50.0373409],[5.7601786,50.0372434],[5.7605554,50.037138],[5.7620701,50.0369464],[5.7627604,50.0367887],[5.7628274,50.0367388]]}},{"type":"Feature","properties":{"h":"unclassified","c":3},"geometry":{"type":"LineString","coordinates":[[5.7475694,49.9909102],[5.7479461,49.9921793],[5.7482318,49.9931168],[5.7484929,49.9937028],[5.7488526,49.9942064],[5.7494832,49.9950457],[5.7501287,49.9959135],[5.7502912,49.9960814],[5.7504932,49.9962366],[5.7509514,49.9966357],[5.7512126,49.9969397],[5.7516673,49.9974574]]}},{"type":"Feature","properties":{"h":"unclassified","c":3},"geometry":{"type":"LineString","coordinates":[[5.7626419,49.9958623],[5.7626494,49.9962984],[5.7626198,49.9966341],[5.76261,49.9968843],[5.7626642,49.9970173],[5.7629401,49.9972042],[5.7634771,49.9975937],[5.7636298,49.9977458],[5.7636939,49.9978914],[5.763684,49.998072],[5.7634722,49.998357],[5.7632505,49.998623],[5.7631224,49.9989207],[5.7630288,49.9991424],[5.7628218,49.9993103],[5.7624671,49.999475],[5.7621419,49.9997093],[5.7620138,49.999836],[5.7619695,50.0000767],[5.7619744,50.0002319],[5.7620089,50.0004599],[5.762137,50.0007512],[5.7623932,50.0011502],[5.7625804,50.0015334],[5.76261,50.0017963],[5.7625114,50.0021351],[5.7623883,50.0024296],[5.7623686,50.0026671],[5.7624258,50.002806],[5.7624169,50.0029109]]}},{"type":"Feature","properties":{"h":"tertiary","c":2},"geometry":{"type":"LineString","coordinates":[[5.7550802,50.0004012],[5.7546026,50.0004175],[5.7535064,50.0005442],[5.7527243,50.000659],[5.7519421,50.0008213],[5.7510491,50.0011261],[5.7503717,50.0013953],[5.7498728,50.001617],[5.7495645,50.0017363],[5.7493675,50.0017796],[5.7492713,50.0017919],[5.7490767,50.0018141],[5.7487705,50.0018027],[5.7486184,50.0017878],[5.7482839,50.0017239],[5.7478539,50.0016373],[5.7473493,50.0015996]]}},{"type":"Feature","properties":{"h":"track","c":4},"geometry":{"type":"LineString","coordinates":[[5.7625865,50.0031298],[5.7628531,50.0030944],[5.7632962,50.0030444],[5.7641766,50.0029552],[5.7645568,50.0029198],[5.7649767,50.0028871],[5.765519,50.0028704],[5.7659897,50.0028542],[5.7662445,50.0028226],[5.7664784,50.0027883],[5.767211,50.0026554],[5.7676215,50.0025882],[5.7678737,50.0026009],[5.7688552,50.0027453],[5.7690028,50.0027674],[5.7691232,50.0028086],[5.7692059,50.0028973],[5.7692099,50.003062],[5.7691823,50.0032241],[5.7692414,50.0033178],[5.7693794,50.0033634],[5.769541,50.0033533],[5.7696829,50.00329],[5.7699509,50.0031152],[5.7703529,50.0026997],[5.770684,50.0023222],[5.7708653,50.0021195],[5.7712989,50.00178],[5.7722645,50.0010023],[5.7725293,50.0008066],[5.7727572,50.0006248],[5.7731428,50.0003372],[5.7733267,50.0002112],[5.7735327,50.0000898],[5.7737953,49.999969],[5.774183,49.9997515],[5.7750203,49.9991933],[5.7757245,49.9987436],[5.7758924,49.9986223]]}},{"type":"Feature","properties":{"h":"unclassified","c":3},"geometry":{"type":"LineString","coordinates":[[5.8027458,50.0057812],[5.8024976,50.0057485],[5.8020591,50.0057327],[5.8014482,50.0056725],[5.8005416,50.0055173],[5.7999406,50.0054287],[5.7994577,50.0053812],[5.7991129,50.005378],[5.798364,50.0052988],[5.79762,50.0052038],[5.7973589,50.0051627],[5.7971873,50.0050956],[5.796679,50.0048967],[5.7960976,50.0046782],[5.7951812,50.004162],[5.7946196,50.0038738],[5.7942476,50.0036648],[5.7938608,50.0034178],[5.7936203,50.0032606],[5.793506,50.0031698],[5.7934493,50.0031103],[5.7934262,50.0030544],[5.7934145,50.0029649],[5.7933935,50.0029126],[5.7933536,50.0028466],[5.7931396,50.0025566],[5.7931108,50.0025138]]}},{"type":"Feature","properties":{"h":"unclassified","c":3},"geometry":{"type":"LineString","coordinates":[[5.7955565,49.9929836],[5.795438,49.9930913],[5.7952903,49.9934397],[5.7952533,49.9935268],[5.7951963,49.9937218],[5.795285,49.9939467],[5.7952881,49.9940083],[5.7952899,49.9940449],[5.7951966,49.9941326],[5.7950239,49.9942951],[5.7947521,49.9945128],[5.7945903,49.9946277],[5.7944425,49.994729],[5.7943144,49.9950044],[5.7942773,49.9951857],[5.7943135,49.9954773],[5.7943341,49.9956253],[5.7943686,49.9963506],[5.7943095,49.9966927],[5.7942539,49.9968263],[5.7941122,49.9970676],[5.7940737,49.9971625],[5.7940582,49.9972469],[5.7941124,49.9974116],[5.7942799,49.9976713],[5.7944197,49.9978697],[5.7944567,49.9979503],[5.7944935,49.9981232]]}},{"type":"Feature","properties":{"h":"tertiary","c":2},"geometry":{"type":"LineString","coordinates":[[5.7883972,49.9910766],[5.7885104,49.9908354],[5.7885705,49.9907595],[5.788736,49.9905504],[5.7887425,49.9905451],[5.7889099,49.9904471]]}},{"type":"Feature","properties":{"h":"residential","c":3},"geometry":{"type":"LineString","coordinates":[[5.702899,50.0053075],[5.7028837,50.0052843],[5.7028505,50.0052538],[5.7028468,50.0052227],[5.7029115,50.0051229],[5.7029417,50.0051012],[5.7029802,50.0050775],[5.7030456,50.0050292]]}},{"type":"Feature","properties":{"h":"residential","c":3},"geometry":{"type":"LineString","coordinates":[[5.7007272,49.9982938],[5.7007942,49.9978758],[5.7012317,49.9972151]]}},{"type":"Feature","properties":{"h":"residential","c":3},"geometry":{"type":"LineString","coordinates":[[5.6985193,50.0049024],[5.6987821,50.0049335],[5.6999677,50.0051179],[5.7002972,50.0051639],[5.7008484,50.0053353],[5.7011606,50.0053961],[5.7014765,50.0054342],[5.7018466,50.0055678],[5.7021302,50.0056702],[5.7024268,50.0057244],[5.7026925,50.0057745]]}},{"type":"Feature","properties":{"h":"residential","c":3},"geometry":{"type":"LineString","coordinates":[[5.703236,50.0047122],[5.7030456,50.0050292],[5.7030337,50.0050867],[5.7030465,50.0051254],[5.7030446,50.0051583],[5.7029864,50.0052529],[5.7029357,50.0052858],[5.702899,50.0053075]]}},{"type":"Feature","properties":{"h":"residential","c":3},"geometry":{"type":"LineString","coordinates":[[5.6988016,50.001853],[5.6989358,50.0018426],[5.6990795,50.0018112],[5.6991846,50.0017313],[5.699696,50.000961],[5.7000046,50.0005004]]}},{"type":"Feature","properties":{"h":"residential","c":3},"geometry":{"type":"LineString","coordinates":[[5.7023491,50.0018619],[5.7023514,50.0018492],[5.702481,50.0010426],[5.7025394,50.0006473]]}},{"type":"Feature","properties":{"h":"residential","c":3},"geometry":{"type":"LineString","coordinates":[[5.7083769,50.0023553],[5.7085671,50.0024206],[5.711341,50.0031619]]}},{"type":"Feature","properties":{"h":"residential","c":3},"geometry":{"type":"LineString","coordinates":[[5.7044941,50.0033771],[5.7047937,50.0039048],[5.7047647,50.0047665]]}},{"type":"Feature","properties":{"h":"residential","c":3},"geometry":{"type":"LineString","coordinates":[[5.7026504,49.998629],[5.702716,49.9985848],[5.7027626,49.9985491],[5.7029266,49.998304],[5.7035848,49.9976756]]}},{"type":"Feature","properties":{"h":"residential","c":3},"geometry":{"type":"LineString","coordinates":[[5.7015555,49.9983251],[5.7022881,49.9972094]]}},{"type":"Feature","properties":{"h":"residential","c":3},"geometry":{"type":"LineString","coordinates":[[5.702481,50.0010426],[5.7038795,50.001249]]}},{"type":"Feature","properties":{"h":"residential","c":3},"geometry":{"type":"LineString","coordinates":[[5.7052873,50.0197086],[5.7054021,50.0196441],[5.7058447,50.0194589],[5.7061953,50.0193129],[5.7063188,50.0192754],[5.7064205,50.0192486],[5.7066983,50.0192243],[5.7068933,50.0192209],[5.7070217,50.0192426]]}},{"type":"Feature","properties":{"h":"unclassified","c":3},"geometry":{"type":"LineString","coordinates":[[5.7859513,50.0831771],[5.7860043,50.0830012],[5.786125,50.0828463],[5.7869297,50.0821308],[5.7870792,50.0820331],[5.7873896,50.0818634],[5.7878379,50.0815296],[5.788417,50.0811325],[5.7887202,50.0809246],[5.7889492,50.0807287],[5.789048,50.0805731],[5.7891153,50.0803396],[5.7895913,50.0785818],[5.7896138,50.0783917],[5.7895778,50.078213],[5.789488,50.0780516],[5.7891782,50.0776482],[5.7891557,50.0775473],[5.7891872,50.077458],[5.789268,50.0773744],[5.7893848,50.0772678],[5.789488,50.077115],[5.7895329,50.076971],[5.7896497,50.0763917],[5.7896362,50.0761496],[5.7895778,50.0758816],[5.7894162,50.0752217],[5.7893982,50.0750459],[5.7893982,50.0749364],[5.7894611,50.0735876],[5.789497,50.0732043],[5.7894117,50.072651],[5.7893219,50.0721495],[5.7893068,50.0720209],[5.7892905,50.0718815],[5.7893578,50.0714376],[5.7894341,50.0710053],[5.7894925,50.0708352],[5.7897305,50.0705672],[5.7900448,50.070132],[5.7902694,50.0697314],[5.7904714,50.0693509],[5.7906331,50.0691376],[5.7909115,50.0688494],[5.7910283,50.068662],[5.791163,50.0683709],[5.7912707,50.0681951],[5.7915491,50.0678636],[5.791621,50.0676936],[5.7916479,50.0674169],[5.7917692,50.0670479],[5.791877,50.0668663],[5.7921329,50.0665723],[5.7923619,50.0662207],[5.7927346,50.0656903],[5.7928469,50.0654222],[5.7928244,50.0652032],[5.7927212,50.0649466],[5.7926583,50.0647477],[5.7926763,50.0645229],[5.792784,50.0642462],[5.7931837,50.0633958],[5.7933543,50.0629721],[5.7934614,50.0627657],[5.7935493,50.0626368],[5.7936282,50.0625656],[5.7937854,50.0624705],[5.7939111,50.0623754],[5.793983,50.0622831],[5.7939964,50.0621851],[5.7939875,50.0620871],[5.7939411,50.0619257]]}},{"type":"Feature","properties":{"h":"secondary","c":2},"geometry":{"type":"LineString","coordinates":[[5.7991523,50.0607287],[5.7973925,50.0611465],[5.7971786,50.0611868],[5.7958184,50.0615041],[5.7948867,50.0617038],[5.7939411,50.0619257],[5.790683,50.0626765],[5.7869877,50.0635178],[5.7849218,50.0639924],[5.7818319,50.0646867],[5.7814488,50.0647526],[5.7809361,50.0648214],[5.7805527,50.0648631],[5.7797901,50.0648867],[5.7791317,50.0648968],[5.7783271,50.0649011],[5.7734559,50.0649587],[5.7732648,50.0649596],[5.7700623,50.064979],[5.7669245,50.0650171],[5.7663631,50.0649941],[5.7659811,50.0649582]]}},{"type":"Feature","properties":{"h":"unclassified","c":3},"geometry":{"type":"LineString","coordinates":[[5.7266746,50.0257515],[5.727069,50.0252152],[5.727887,50.0240293],[5.7287588,50.0226151],[5.7291786,50.0219927],[5.7297437,50.0212943],[5.7299134,50.0212043]]}},{"type":"Feature","properties":{"h":"track","c":4},"geometry":{"type":"LineString","coordinates":[[5.7598947,50.0538053],[5.7606621,50.0534224],[5.7612541,50.0530898],[5.7615366,50.0529646],[5.7619268,50.052822],[5.7620815,50.052727],[5.7622806,50.0525542],[5.7624098,50.0522639],[5.7624905,50.0519771],[5.7625659,50.0516489],[5.762765,50.0505258],[5.7628777,50.0498365],[5.7627432,50.0494823],[5.7622588,50.0481173],[5.762131,50.0476594],[5.762131,50.0474952],[5.7623029,50.0464841],[5.762382,50.046192]]}},{"type":"Feature","properties":{"h":"track","c":4},"geometry":{"type":"LineString","coordinates":[[5.7705329,50.0635634],[5.7705651,50.0630674],[5.7705867,50.0627841],[5.7706835,50.0625077],[5.7708019,50.062221],[5.7708826,50.0617684],[5.7708826,50.0614332],[5.770888,50.0611879],[5.7709042,50.060991],[5.7710333,50.060725],[5.7711464,50.0605142],[5.7711625,50.0603346],[5.771254,50.0595676],[5.7713509,50.0583859]]}},{"type":"Feature","properties":{"h":"unclassified","c":3},"geometry":{"type":"LineString","coordinates":[[5.7637948,50.0622587],[5.7634269,50.0615637],[5.7630031,50.060497],[5.7628551,50.0600305],[5.76266,50.0596159],[5.7619806,50.0587738],[5.7612944,50.0578236],[5.7610791,50.0575558],[5.7606352,50.056299],[5.7606015,50.0560615],[5.7606352,50.0553272],[5.7606419,50.0551501],[5.7602517,50.0543942],[5.7598947,50.0538053],[5.7592359,50.0527184],[5.7589601,50.0524333],[5.7585699,50.052092],[5.7575205,50.0508264],[5.7558252,50.0485197],[5.7557041,50.0482994],[5.7551592,50.0468738],[5.7549551,50.046439]]}},{"type":"Feature","properties":{"h":"residential","c":3},"geometry":{"type":"LineString","coordinates":[[5.7397898,49.98999],[5.7399488,49.9898785],[5.7403322,49.9896998],[5.7414492,49.9893497],[5.7426107,49.9889531],[5.7439721,49.9885887],[5.7440364,49.9885748],[5.7448835,49.9883922],[5.7454892,49.9882564],[5.7458949,49.988067],[5.7462728,49.9878384],[5.7465228,49.9876133]]}},{"type":"Feature","properties":{"h":"residential","c":3},"geometry":{"type":"LineString","coordinates":[[5.7456315,49.9834438],[5.7451068,49.9835283]]}},{"type":"Feature","properties":{"h":"residential","c":3},"geometry":{"type":"LineString","coordinates":[[5.7246176,49.9822235],[5.7236257,49.9821072]]}},{"type":"Feature","properties":{"h":"track","c":4},"geometry":{"type":"LineString","coordinates":[[5.7094188,50.0451832],[5.7091613,50.0453722],[5.708808,50.0456086],[5.7082986,50.0459193],[5.7076471,50.0461994],[5.7063809,50.0467333],[5.7061666,50.0468327],[5.7059785,50.0470065],[5.7054002,50.0475787],[5.7051918,50.0477642],[5.7048445,50.0479044],[5.7039663,50.0481296],[5.7039663,50.0484541],[5.7041761,50.0486553],[5.7042466,50.0488836],[5.7040972,50.0490903]]}},{"type":"Feature","properties":{"h":"unclassified","c":3},"geometry":{"type":"LineString","coordinates":[[5.7092644,50.0450896],[5.7086859,50.0446585],[5.7083765,50.0443974],[5.7080659,50.0441018],[5.7077297,50.0437389],[5.7076563,50.0436335],[5.7075724,50.0434997],[5.7075262,50.0433713],[5.7075061,50.043264],[5.707494,50.0431805],[5.7074672,50.0431038],[5.7074355,50.0430626],[5.7073567,50.043012],[5.7071507,50.0429514],[5.7069336,50.0429155],[5.7066505,50.0428851],[5.7063857,50.0428778],[5.7058579,50.0428119],[5.7055073,50.0427657],[5.7051255,50.0427402],[5.7047461,50.0427205],[5.7043987,50.0426914],[5.7036471,50.0425904],[5.7027846,50.0424676],[5.7021192,50.0423462],[5.7015529,50.0422124],[5.7012792,50.0421481],[5.7009968,50.0420787],[5.6998031,50.0417633],[5.6992156,50.0416383],[5.6989035,50.0415442],[5.6987607,50.0414803],[5.6985906,50.0413952],[5.6983745,50.0412701],[5.6980522,50.0410595],[5.6977115,50.0408505],[5.6975128,50.0407497],[5.6972265,50.040631],[5.6969639,50.0405344],[5.6966549,50.0404402],[5.6956798,50.0401832],[5.6953461,50.0400799],[5.6951413,50.0399974],[5.6937663,50.0396367],[5.6935112,50.0395334],[5.693151,50.0393557],[5.6929722,50.0392479],[5.692645,50.0390132],[5.6922348,50.0386531],[5.6920091,50.0384018]]}},{"type":"Feature","properties":{"h":"residential","c":3},"geometry":{"type":"LineString","coordinates":[[5.7040972,50.0490903],[5.7038412,50.0491303],[5.7034641,50.0492725],[5.7032497,50.0493991],[5.7030594,50.0496789],[5.702627,50.050292],[5.702582,50.0505386],[5.7025889,50.0508184],[5.7027273,50.0516092],[5.7027273,50.0518357],[5.7026132,50.0521489],[5.7020908,50.053044],[5.7019075,50.0533617],[5.7018002,50.0536082],[5.7017933,50.0538059],[5.7018002,50.0543212],[5.701902,50.0544763],[5.7019905,50.0545299],[5.7022119,50.0546121],[5.702291,50.0546409],[5.7023952,50.0546787],[5.7025509,50.0547409],[5.7026166,50.0548098],[5.7026235,50.0549297],[5.7025172,50.0551567],[5.7024637,50.0552722]]}},{"type":"Feature","properties":{"h":"residential","c":3},"geometry":{"type":"LineString","coordinates":[[5.7105947,49.9995721],[5.7104671,49.999613],[5.7102678,49.9996768]]}},{"type":"Feature","properties":{"h":"track","c":4},"geometry":{"type":"LineString","coordinates":[[5.7068587,49.9977794],[5.7077874,49.9983392],[5.7079192,49.9983252],[5.7080945,49.9982238],[5.708318,49.9983433],[5.7089955,49.9987344],[5.7092063,49.998868],[5.7094632,49.9990673],[5.7096001,49.999235],[5.7096509,49.9993299]]}},{"type":"Feature","properties":{"h":"service","c":4},"geometry":{"type":"LineString","coordinates":[[5.7048947,50.000506],[5.7049668,50.0003626],[5.7050856,50.000111],[5.7052635,49.9997846],[5.705616,49.9993989],[5.706051,49.9990229]]}},{"type":"Feature","properties":{"h":"service","c":4},"geometry":{"type":"LineString","coordinates":[[5.7095771,49.9969176],[5.7094063,49.9969986],[5.7091543,49.9971416],[5.7091021,49.997209],[5.7091475,49.9972954],[5.7093859,49.9974044],[5.7098086,49.9976461],[5.7100372,49.9977646],[5.7102018,49.9979779],[5.7103699,49.9982161],[5.7104181,49.9982875],[5.7105563,49.998351],[5.7117203,49.998409],[5.7120343,49.9984132]]}},{"type":"Feature","properties":{"h":"service","c":4},"geometry":{"type":"LineString","coordinates":[[5.7050856,50.000111],[5.705361,50.000122],[5.7056085,50.000122],[5.705946,50.0001317],[5.7062235,50.000204],[5.7065235,50.0002667],[5.706651,50.0002281],[5.7067035,50.0001606],[5.706606,50.0001027],[5.7061335,49.9999003],[5.7059385,49.9998135],[5.7057285,49.9997942],[5.7052635,49.9997846]]}},{"type":"Feature","properties":{"h":"living_street","c":3},"geometry":{"type":"LineString","coordinates":[[5.7176622,50.0011006],[5.7175642,50.0011526],[5.7171618,50.0012968],[5.7169492,50.0013892],[5.7167107,50.001539],[5.7166154,50.0015872]]}},{"type":"Feature","properties":{"h":"residential","c":3},"geometry":{"type":"LineString","coordinates":[[5.7170665,50.0035772],[5.7171635,50.003459],[5.717239,50.0034178],[5.7172963,50.0034065],[5.7173853,50.0033885]]}},{"type":"Feature","properties":{"h":"residential","c":3},"geometry":{"type":"LineString","coordinates":[[5.7154776,50.0063855],[5.7153045,50.0065101],[5.7150383,50.0066574],[5.7147059,50.0068611],[5.7145792,50.0068233],[5.7143097,50.0066296],[5.7143179,50.0065234],[5.7146105,50.0063618],[5.7146833,50.0063152],[5.7150273,50.0061235],[5.7143104,50.00563],[5.7143133,50.005573],[5.71437,50.0055378]]}},{"type":"Feature","properties":{"h":"living_street","c":3},"geometry":{"type":"LineString","coordinates":[[5.7174817,50.0008472],[5.7176622,50.0011006],[5.7180158,50.0011941],[5.7181847,50.0013619],[5.7182961,50.0014592],[5.718371,50.0015386],[5.7187158,50.0019308]]}},{"type":"Feature","properties":{"h":"residential","c":3},"geometry":{"type":"LineString","coordinates":[[5.7191934,50.0045554],[5.7197974,50.0041136]]}},{"type":"Feature","properties":{"h":"service","c":4},"geometry":{"type":"LineString","coordinates":[[5.7210446,50.0036663],[5.7211847,50.0036205],[5.7213813,50.0037982],[5.7215872,50.0039778],[5.7218329,50.0040963],[5.7221493,50.0042207],[5.7221366,50.0042343],[5.7221448,50.0043839]]}},{"type":"Feature","properties":{"h":"service","c":4},"geometry":{"type":"LineString","coordinates":[[5.7167623,50.0064538],[5.7167302,50.0065107],[5.7167127,50.0065379],[5.7165172,50.006834],[5.7164125,50.0070016],[5.716301,50.0071366],[5.7161153,50.0070621],[5.7159848,50.0069886],[5.7159143,50.0069102],[5.7159046,50.0068272],[5.7160015,50.0067147],[5.7160866,50.0066306],[5.7161012,50.0065195],[5.7161471,50.0064547],[5.7161478,50.0063878]]}},{"type":"Feature","properties":{"h":"residential","c":3},"geometry":{"type":"LineString","coordinates":[[5.7238696,50.0023321],[5.7237992,50.0022845],[5.7237004,50.0022414],[5.7236233,50.0022219],[5.7235983,50.0022155],[5.7233203,50.0021604],[5.7232371,50.0021345],[5.7230401,50.0020016]]}},{"type":"Feature","properties":{"h":"residential","c":3},"geometry":{"type":"LineString","coordinates":[[5.7234885,50.0017316],[5.7238515,50.0015396]]}},{"type":"Feature","properties":{"h":"residential","c":3},"geometry":{"type":"LineString","coordinates":[[5.7171272,49.9978771],[5.7170343,49.9978734]]}},{"type":"Feature","properties":{"h":"residential","c":3},"geometry":{"type":"LineString","coordinates":[[5.6928073,49.9979399],[5.6927041,49.9986332],[5.6926787,49.9987825],[5.6926592,49.9988971],[5.6924989,49.9990744],[5.6922754,49.999187],[5.6920061,49.9993228],[5.691972,49.99934],[5.6911326,49.999763],[5.6907156,49.9998908],[5.6897064,49.9999998],[5.6881562,50.0001671],[5.6881175,50.0001681],[5.6880157,50.0001707],[5.6867129,50.0002042],[5.6864873,50.0001813],[5.6863473,50.0001671],[5.686142,50.0000516],[5.6860201,49.9999032],[5.6860073,49.9997012],[5.6860294,49.999554],[5.6860356,49.9995127],[5.6862334,49.9981967],[5.6863225,49.9976036]]}},{"type":"Feature","properties":{"h":"service","c":4},"geometry":{"type":"LineString","coordinates":[[5.6984978,50.0051938],[5.6983379,50.0052114],[5.6980695,50.0052584],[5.6977303,50.005185],[5.697677,50.0051899],[5.6974829,50.0052078],[5.6972178,50.0052311],[5.6970257,50.005189],[5.6968646,50.005152],[5.6966887,50.0051078],[5.6965331,50.0050686],[5.6963461,50.0050216],[5.6961748,50.0049785],[5.6959826,50.0049301],[5.6958106,50.0048869],[5.6956498,50.0048464],[5.6954769,50.0048029],[5.6952763,50.0046237],[5.6952183,50.004572],[5.6947918,50.0044684]]}},{"type":"Feature","properties":{"h":"service","c":4},"geometry":{"type":"LineString","coordinates":[[5.697677,50.0051899],[5.6972741,50.0058097]]}},{"type":"Feature","properties":{"h":"service","c":4},"geometry":{"type":"LineString","coordinates":[[5.6947924,50.005214],[5.6952183,50.004572]]}},{"type":"Feature","properties":{"h":"service","c":4},"geometry":{"type":"LineString","coordinates":[[5.6954769,50.0048029],[5.6951618,50.0052874]]}},{"type":"Feature","properties":{"h":"service","c":4},"geometry":{"type":"LineString","coordinates":[[5.6958106,50.0048869],[5.6956118,50.0052269]]}},{"type":"Feature","properties":{"h":"service","c":4},"geometry":{"type":"LineString","coordinates":[[5.6966887,50.0051078],[5.6968779,50.0047888]]}},{"type":"Feature","properties":{"h":"unclassified","c":3},"geometry":{"type":"LineString","coordinates":[[5.6949763,50.0041329],[5.6950168,50.0040367],[5.6950511,50.0038111]]}},{"type":"Feature","properties":{"h":"residential","c":3},"geometry":{"type":"LineString","coordinates":[[5.6983688,50.0042881],[5.6982334,50.0042926],[5.6980429,50.0042412],[5.6977272,50.004126],[5.6974087,50.0039987],[5.697191,50.0039402],[5.6964085,50.0037298],[5.6959943,50.0035797],[5.6955564,50.0034182],[5.6954049,50.003303]]}},{"type":"Feature","properties":{"h":"service","c":4},"geometry":{"type":"LineString","coordinates":[[5.6956498,50.0048464],[5.6958267,50.0045125]]}},{"type":"Feature","properties":{"h":"service","c":4},"geometry":{"type":"LineString","coordinates":[[5.6970257,50.005189],[5.6972529,50.0048528]]}},{"type":"Feature","properties":{"h":"service","c":4},"geometry":{"type":"LineString","coordinates":[[5.6961748,50.0049785],[5.6959678,50.0052917]]}},{"type":"Feature","properties":{"h":"service","c":4},"geometry":{"type":"LineString","coordinates":[[5.6966629,50.00546],[5.6968646,50.005152]]}},{"type":"Feature","properties":{"h":"service","c":4},"geometry":{"type":"LineString","coordinates":[[5.6959826,50.0049301],[5.6961894,50.0045967]]}},{"type":"Feature","properties":{"h":"service","c":4},"geometry":{"type":"LineString","coordinates":[[5.6965331,50.0050686],[5.6963338,50.0053823]]}},{"type":"Feature","properties":{"h":"service","c":4},"geometry":{"type":"LineString","coordinates":[[5.6980695,50.0052584],[5.697667,50.0058766]]}},{"type":"Feature","properties":{"h":"service","c":4},"geometry":{"type":"LineString","coordinates":[[5.6952763,50.0046237],[5.6953901,50.0045751],[5.6954674,50.0044391]]}},{"type":"Feature","properties":{"h":"service","c":4},"geometry":{"type":"LineString","coordinates":[[5.6963461,50.0050216],[5.6965588,50.0046895]]}},{"type":"Feature","properties":{"h":"service","c":4},"geometry":{"type":"LineString","coordinates":[[5.6974829,50.0052078],[5.6975764,50.0049701]]}},{"type":"Feature","properties":{"h":"track","c":4},"geometry":{"type":"LineString","coordinates":[[5.6925815,50.0106387],[5.6928604,50.0103151],[5.6932925,50.0099625],[5.6947669,50.008821],[5.6955144,50.008345],[5.6960973,50.0081246],[5.6968388,50.0076379],[5.6969456,50.0075191],[5.6969834,50.0074494],[5.6971113,50.0073635],[5.6972861,50.0072777],[5.6974197,50.0072053],[5.697548,50.007106],[5.6977053,50.006925],[5.6978593,50.0066577],[5.6979958,50.0065295]]}},{"type":"Feature","properties":{"h":"service","c":4},"geometry":{"type":"LineString","coordinates":[[5.7898794,49.9865087],[5.7899689,49.9864806],[5.7902014,49.986346],[5.790422,49.9861724],[5.7905779,49.9860379],[5.7907224,49.9859327],[5.7908784,49.9858496],[5.7910466,49.9857857]]}},{"type":"Feature","properties":{"h":"residential","c":3},"geometry":{"type":"LineString","coordinates":[[5.7850187,49.9906202],[5.7851537,49.9905866],[5.7853849,49.9904927],[5.7856588,49.9904223],[5.78589,49.9903969],[5.786106,49.9904106],[5.7863434,49.9904634],[5.7864864,49.9904654],[5.7866933,49.9904223],[5.786835,49.9904004],[5.787101,49.9904458],[5.7874153,49.9904792]]}},{"type":"Feature","properties":{"h":"residential","c":3},"geometry":{"type":"LineString","coordinates":[[5.7874153,49.9904792],[5.7874722,49.9899509],[5.7875179,49.9895557],[5.7875738,49.9891759]]}},{"type":"Feature","properties":{"h":"track","c":4},"geometry":{"type":"LineString","coordinates":[[5.7894063,49.9867291],[5.7892467,49.9866786],[5.7885523,49.9864686],[5.7880638,49.9863093],[5.7870635,49.9859376],[5.7868734,49.9858447],[5.7867098,49.9857175],[5.7864816,49.9855634],[5.786086,49.9854363],[5.7856905,49.9852822],[5.7855916,49.9852162],[5.7855536,49.9851012],[5.7855992,49.9849471],[5.7856791,49.9848102],[5.7858118,49.9846313],[5.7859415,49.9844776],[5.786493,49.9839787],[5.7867631,49.9836461],[5.7874515,49.9827167],[5.7879887,49.9819274]]}},{"type":"Feature","properties":{"h":"track","c":4},"geometry":{"type":"LineString","coordinates":[[5.7756765,49.9879727],[5.7758961,49.9871189],[5.7761461,49.9862482],[5.7762454,49.9858213],[5.7763019,49.9852315],[5.7762868,49.9850115],[5.7762868,49.9849508],[5.7763416,49.9849176],[5.7766428,49.9849078]]}},{"type":"Feature","properties":{"h":"residential","c":3},"geometry":{"type":"LineString","coordinates":[[5.7805171,49.9893659],[5.7809177,49.9894003],[5.7813931,49.989437],[5.7818067,49.9893942],[5.782092,49.9893208],[5.7823526,49.9891817]]}},{"type":"Feature","properties":{"h":"track","c":4},"geometry":{"type":"LineString","coordinates":[[5.7794986,49.9894224],[5.7791658,49.9892268],[5.7786666,49.9889944],[5.7772974,49.9884993],[5.7756765,49.9879727],[5.7754812,49.9879093],[5.7752293,49.9878512],[5.7743307,49.9877442],[5.7733941,49.9876189],[5.7728379,49.9874814],[5.771017,49.98687],[5.7702563,49.9866132],[5.7697574,49.9862995],[5.769064,49.9858968],[5.7686938,49.9857024],[5.7684349,49.9855225],[5.7682158,49.9852857],[5.7676407,49.9846949],[5.7673397,49.9844815],[5.7673151,49.984464],[5.7666585,49.9841445],[5.7661217,49.9838997],[5.7659881,49.9838388],[5.7655076,49.9836483],[5.7651386,49.9835555],[5.7648899,49.9835117],[5.7643194,49.9834658],[5.763917,49.983417],[5.7636823,49.9833894],[5.7632211,49.9832855],[5.7627932,49.9832152]]}},{"type":"Feature","properties":{"h":"residential","c":3},"geometry":{"type":"LineString","coordinates":[[5.7909476,49.9891399],[5.7909488,49.9890296],[5.7909611,49.9884524],[5.7909497,49.988074],[5.7909429,49.9877738],[5.7909299,49.9876727],[5.7908924,49.9875807],[5.7908131,49.9874628],[5.7907045,49.9873562],[5.7905759,49.9872451],[5.7903749,49.9871216],[5.7901142,49.9869862],[5.7900328,49.9869401],[5.7899702,49.9868757],[5.7899297,49.9867777],[5.7898861,49.9866332],[5.7898709,49.9865821]]}},{"type":"Feature","properties":{"h":"track","c":4},"geometry":{"type":"LineString","coordinates":[[5.7898847,49.9864629],[5.7898705,49.9862359],[5.7896955,49.9857835],[5.7894179,49.9849838],[5.7893494,49.9847662],[5.7894445,49.9843871],[5.7896613,49.9834235],[5.7897488,49.9830151],[5.7896955,49.9826776],[5.7896841,49.9824672]]}},{"type":"Feature","properties":{"h":"residential","c":3},"geometry":{"type":"LineString","coordinates":[[5.7930278,49.9922881],[5.7926548,49.992165],[5.7921794,49.9919791],[5.7916545,49.9916857],[5.7911258,49.9913727]]}},{"type":"Feature","properties":{"h":"track","c":4},"geometry":{"type":"LineString","coordinates":[[5.7911258,49.9913727],[5.7908596,49.9912016],[5.7907151,49.9910744],[5.7906656,49.990957],[5.7906998,49.9908225],[5.7907486,49.9905472]]}},{"type":"Feature","properties":{"h":"track","c":4},"geometry":{"type":"LineString","coordinates":[[5.7853303,49.993934],[5.785422,49.993834],[5.785495,49.9936658],[5.7855529,49.9935211],[5.7856441,49.9934722],[5.7861766,49.9933333],[5.7868339,49.9931377],[5.7870712,49.9930751],[5.7873724,49.9930301],[5.7876858,49.993079],[5.7881179,49.9931611],[5.7884435,49.9932042],[5.7888938,49.9932472],[5.7892133,49.9932668],[5.7895239,49.99325],[5.7897853,49.9932863],[5.7899892,49.9933118],[5.7901352,49.9933059],[5.7904517,49.9931318],[5.7906951,49.9930105],[5.7907407,49.9928599],[5.7907091,49.9926236],[5.7906949,49.992373],[5.7907125,49.9922876]]}},{"type":"Feature","properties":{"h":"unclassified","c":3},"geometry":{"type":"LineString","coordinates":[[5.782717,50.0001303],[5.783,49.9999152],[5.7833651,49.9995357],[5.7837728,49.9990898],[5.7841562,49.9986771],[5.7843601,49.9984678],[5.7844818,49.9982937],[5.7845396,49.9980884],[5.78464,49.9978321],[5.7847039,49.9977206],[5.7849899,49.9973784],[5.7854007,49.9969187],[5.7855103,49.9967348],[5.7858358,49.9958918],[5.7859362,49.9955593],[5.7859606,49.9952972],[5.7858997,49.9949979],[5.7857993,49.9946712],[5.7855559,49.994194],[5.7854585,49.9940218],[5.7853303,49.993934],[5.7852591,49.9938881],[5.7849564,49.9937736],[5.7845199,49.9935966],[5.7829665,49.9929675],[5.7827207,49.9928793]]}},{"type":"Feature","properties":{"h":"service","c":4},"geometry":{"type":"LineString","coordinates":[[5.7229983,50.0114867],[5.7231808,50.0114373],[5.7233392,50.0113668],[5.7235857,50.0112405],[5.7237545,50.0111931],[5.723853,50.0112378],[5.7238988,50.0113359],[5.723966,50.0114807],[5.7241411,50.0116179],[5.7243097,50.0117499],[5.724482,50.011889],[5.724763,50.011796],[5.7247404,50.0117132],[5.7247006,50.0115669],[5.7246586,50.0114129]]}},{"type":"Feature","properties":{"h":"service","c":4},"geometry":{"type":"LineString","coordinates":[[5.7247515,50.0060663],[5.7252346,50.0054263],[5.725013,50.005351]]}},{"type":"Feature","properties":{"h":"service","c":4},"geometry":{"type":"LineString","coordinates":[[5.7232928,50.0049522],[5.722906,50.005447],[5.7229019,50.0055142],[5.7229347,50.0055856]]}},{"type":"Feature","properties":{"h":"service","c":4},"geometry":{"type":"LineString","coordinates":[[5.7380433,50.0103976],[5.7382077,50.0102832],[5.7383585,50.0101787],[5.7385651,50.0099938]]}},{"type":"Feature","properties":{"h":"service","c":4},"geometry":{"type":"LineString","coordinates":[[5.7224987,50.0045622],[5.7226505,50.0046355],[5.7232928,50.0049522]]}},{"type":"Feature","properties":{"h":"service","c":4},"geometry":{"type":"LineString","coordinates":[[5.7244757,50.0059889],[5.722906,50.005447]]}},{"type":"Feature","properties":{"h":"service","c":4},"geometry":{"type":"LineString","coordinates":[[5.7242707,50.0062964],[5.7244198,50.0061293]]}},{"type":"Feature","properties":{"h":"service","c":4},"geometry":{"type":"LineString","coordinates":[[5.7229347,50.0055856],[5.7235439,50.0058377],[5.7244198,50.0061293]]}},{"type":"Feature","properties":{"h":"service","c":4},"geometry":{"type":"LineString","coordinates":[[5.7247515,50.0060663],[5.7256453,50.0063679],[5.7256739,50.006418],[5.7256044,50.0064718],[5.7255471,50.0064855],[5.725474,50.0064815],[5.7245635,50.0061847],[5.7244198,50.0061293]]}},{"type":"Feature","properties":{"h":"service","c":4},"geometry":{"type":"LineString","coordinates":[[5.7232928,50.0049522],[5.7233887,50.0048463],[5.7235193,50.0048295],[5.724809,50.0052536],[5.725013,50.005351]]}},{"type":"Feature","properties":{"h":"unclassified","c":3},"geometry":{"type":"LineString","coordinates":[[5.7197933,50.0180518],[5.7194656,50.0191062],[5.7191136,50.0203279],[5.7188412,50.0214663],[5.7187831,50.0218853]]}},{"type":"Feature","properties":{"h":"track","c":4},"geometry":{"type":"LineString","coordinates":[[5.7362589,49.9856866],[5.7360108,49.98572],[5.7357621,49.9858],[5.7349552,49.9861031],[5.7341426,49.9864443],[5.7337102,49.9866247],[5.7336162,49.9866358],[5.7334976,49.9866098],[5.7332258,49.9865168],[5.7321312,49.9861226],[5.7319866,49.9860715],[5.7319201,49.9860036],[5.7319215,49.9859525],[5.7319389,49.9858325],[5.7319863,49.9856131]]}},{"type":"Feature","properties":{"h":"track","c":4},"geometry":{"type":"LineString","coordinates":[[5.7464786,49.9804262],[5.7461147,49.9802792],[5.7452492,49.9800654],[5.7444979,49.9798306],[5.7440232,49.9796762],[5.7432813,49.9794524],[5.7424635,49.9791989],[5.7421541,49.9790966],[5.7416907,49.9788476],[5.7412672,49.9785908],[5.7409145,49.9783506],[5.7400298,49.9777426],[5.7395841,49.9773735],[5.7392498,49.9771108],[5.738355,49.9765787],[5.737527,49.976072],[5.7373823,49.9759845],[5.7371684,49.975822],[5.7370765,49.975714],[5.7369669,49.9754775],[5.7369103,49.9752774],[5.7368184,49.9751023],[5.7366752,49.9749],[5.7365037,49.9746669],[5.7363446,49.9743941],[5.736212,49.9741519],[5.7361519,49.9738984],[5.7361148,49.9736585],[5.7360406,49.9734834],[5.7357966,49.9729945],[5.7356428,49.9726284],[5.7355085,49.972309],[5.7354784,49.9722032],[5.7354771,49.97214]]}},{"type":"Feature","properties":{"h":"track","c":4},"geometry":{"type":"LineString","coordinates":[[5.7363279,49.9856291],[5.7357608,49.9852822],[5.7350242,49.984845],[5.7349067,49.9847781],[5.7348728,49.9847273],[5.7348118,49.9846939],[5.734744,49.9846779],[5.7346401,49.9846663],[5.7343532,49.9846169],[5.7339194,49.984537],[5.733829,49.9845007],[5.7338087,49.9844411],[5.7338313,49.9843234],[5.7338719,49.9841927],[5.73396,49.9840648],[5.7341069,49.9838789],[5.7342153,49.9836929]]}},{"type":"Feature","properties":{"h":"unclassified","c":3},"geometry":{"type":"LineString","coordinates":[[5.7389263,49.984822],[5.7377091,49.9850751],[5.7372281,49.9851971],[5.7368089,49.9853333],[5.7363764,49.9855886],[5.7363279,49.9856291],[5.7362589,49.9856866],[5.736019,49.9858866],[5.7357013,49.9863122],[5.7352909,49.98682],[5.7349334,49.9873109],[5.7341303,49.9883607],[5.7328682,49.9900544],[5.732524,49.9904374],[5.7316106,49.9913878],[5.7307324,49.9923042],[5.7299823,49.993073],[5.7293242,49.9937477],[5.7289973,49.9941004],[5.7289713,49.9941449],[5.7289447,49.9941903]]}},{"type":"Feature","properties":{"h":"residential","c":3},"geometry":{"type":"LineString","coordinates":[[5.7417569,49.9840449],[5.7424438,49.9842829],[5.7428282,49.9843454],[5.7431441,49.9843486],[5.7434937,49.9843195]]}},{"type":"Feature","properties":{"h":"track","c":4},"geometry":{"type":"LineString","coordinates":[[5.6954656,50.0264245],[5.6955407,50.0265874],[5.6956159,50.0267593],[5.6956896,50.0273081],[5.6957003,50.0277724],[5.6956655,50.0281825],[5.6958586,50.028441],[5.6961536,50.0288649],[5.6964031,50.0289062]]}},{"type":"Feature","properties":{"h":"residential","c":3},"geometry":{"type":"LineString","coordinates":[[5.7147607,49.9978088],[5.7145591,49.9978351],[5.7136859,49.9981347]]}},{"type":"Feature","properties":{"h":"residential","c":3},"geometry":{"type":"LineString","coordinates":[[5.7079689,49.9997578],[5.7068602,50.0009445]]}},{"type":"Feature","properties":{"h":"residential","c":3},"geometry":{"type":"LineString","coordinates":[[5.7079689,49.9997578],[5.7085901,50.0001283],[5.7087338,50.000214],[5.7097424,50.0008198],[5.710461,50.0012141],[5.710522,50.0013309]]}},{"type":"Feature","properties":{"h":"residential","c":3},"geometry":{"type":"LineString","coordinates":[[5.69683,50.0004642],[5.6972828,50.000585]]}},{"type":"Feature","properties":{"h":"unclassified","c":3},"geometry":{"type":"LineString","coordinates":[[5.7200662,49.9818125],[5.7200818,49.9817741],[5.7201322,49.9816496],[5.7200597,49.9813362],[5.7199778,49.9811289],[5.7199058,49.9809627],[5.7198857,49.9808163],[5.7198985,49.9807738],[5.7199526,49.9806494],[5.7199567,49.9805019],[5.719907,49.9800811],[5.7196687,49.9793153],[5.7196211,49.9791723],[5.7196295,49.9791159],[5.7197115,49.979015],[5.7195564,49.9789727],[5.7193456,49.9789551]]}},{"type":"Feature","properties":{"h":"unclassified","c":3},"geometry":{"type":"LineString","coordinates":[[5.7201103,49.9827578],[5.7201037,49.9825599],[5.7199175,49.9822091],[5.7198923,49.9820828],[5.7199177,49.9819712],[5.7199357,49.981941],[5.7199583,49.9819055],[5.720066,49.9819168],[5.7200953,49.9819195]]}},{"type":"Feature","properties":{"h":"track","c":4},"geometry":{"type":"LineString","coordinates":[[5.7183865,49.9859022],[5.7178288,49.9866715],[5.7176227,49.9869315],[5.7174728,49.987094],[5.7172247,49.9873186],[5.7170799,49.9874345]]}},{"type":"Feature","properties":{"h":"track","c":4},"geometry":{"type":"LineString","coordinates":[[5.7141549,49.9889867],[5.7142214,49.9889904],[5.714347,49.9889889],[5.7144135,49.9889777],[5.7144874,49.9889446],[5.7146502,49.9888188],[5.7150272,49.9885045],[5.7155725,49.9880424],[5.7158835,49.9877801],[5.7161536,49.9874992],[5.716209,49.9874405]]}},{"type":"Feature","properties":{"h":"residential","c":3},"geometry":{"type":"LineString","coordinates":[[5.7888828,50.012345],[5.7887004,50.0120693],[5.7886603,50.0118174],[5.7885636,50.0117494],[5.7883349,50.0117265]]}},{"type":"Feature","properties":{"h":"unclassified","c":3},"geometry":{"type":"LineString","coordinates":[[5.7947738,50.0494828],[5.7950152,50.0492955],[5.7952569,50.0490884],[5.7954448,50.0488899],[5.7958866,50.0484383],[5.7961161,50.0481673],[5.7965319,50.0476172],[5.7969648,50.0470433],[5.7972734,50.0466983],[5.7975676,50.0463997],[5.7976716,50.0462531],[5.7977825,50.0460754],[5.7979589,50.0456481],[5.7980518,50.0454365],[5.7981609,50.0452063],[5.7982773,50.0450341],[5.7984198,50.0448579],[5.7985237,50.0447075],[5.79858,50.0445838]]}},{"type":"Feature","properties":{"h":"residential","c":3},"geometry":{"type":"LineString","coordinates":[[5.7632516,50.0054588],[5.7632312,50.005484],[5.7631638,50.0055292],[5.7630761,50.0055563]]}},{"type":"Feature","properties":{"h":"track","c":4},"geometry":{"type":"LineString","coordinates":[[5.6803819,50.0182741],[5.6801377,50.0182556],[5.6799138,50.0182097],[5.6795311,50.0180891],[5.6792826,50.017998],[5.6789979,50.0178806],[5.6780629,50.017467],[5.6772963,50.0170888],[5.6771299,50.0170018],[5.6769018,50.0168799],[5.676841,50.0168436],[5.6754467,50.0161227],[5.6748888,50.0157504],[5.6732794,50.0145439],[5.671818,50.0134867],[5.6710911,50.0129352],[5.670501,50.0124482],[5.6697781,50.0118467],[5.6696306,50.0116985],[5.6694952,50.0115218],[5.6692578,50.0111736]]}},{"type":"Feature","properties":{"h":"track","c":4},"geometry":{"type":"LineString","coordinates":[[5.6865468,50.0222708],[5.6864455,50.0222765],[5.6859758,50.0222611],[5.6857183,50.0222444],[5.6855285,50.0222146],[5.6853505,50.0221779],[5.6851335,50.0221289],[5.6848195,50.0220464],[5.6845785,50.0219854],[5.6842667,50.021895],[5.6838572,50.0217552],[5.6835353,50.0216508],[5.6831647,50.0215442],[5.6828897,50.0214771],[5.6826775,50.0214429],[5.6824195,50.0214069],[5.6821486,50.0213733],[5.6818618,50.0213302],[5.6816273,50.0213072],[5.6814017,50.0213175],[5.6811549,50.0213432],[5.6808889,50.0213562],[5.6805749,50.0213648],[5.6803622,50.0213689],[5.6801665,50.021386],[5.6799863,50.0213891],[5.6798211,50.0213733],[5.6796606,50.0213442],[5.6794356,50.0212942],[5.6791094,50.0212051],[5.6787943,50.0211181],[5.6785517,50.0210565],[5.6783614,50.021026]]}},{"type":"Feature","properties":{"h":"track","c":4},"geometry":{"type":"LineString","coordinates":[[5.6708082,50.0372533],[5.6710586,50.0370416],[5.6713268,50.0367935],[5.6714824,50.0366729],[5.6716195,50.0366197],[5.6717245,50.0366152],[5.6718072,50.0366283],[5.671996,50.0366901],[5.6722363,50.0367851],[5.6736011,50.0376629],[5.673617,50.0376711],[5.6748754,50.0383216],[5.6763908,50.0389573],[5.6767556,50.0392949],[5.6775817,50.0406524],[5.678086,50.0413138],[5.6780967,50.0415964],[5.6778607,50.0424301],[5.6779465,50.0427539],[5.6780881,50.0430353],[5.6783246,50.043505],[5.6793119,50.0445321],[5.6797811,50.0449519],[5.6802103,50.045317],[5.6808755,50.0461231],[5.6813261,50.046378],[5.6820127,50.0466054]]}},{"type":"Feature","properties":{"h":"unclassified","c":3},"geometry":{"type":"LineString","coordinates":[[5.6920926,50.0534022],[5.6922373,50.0529986],[5.6922158,50.0527299],[5.6920013,50.0523648],[5.691894,50.0512902],[5.6919905,50.0507046],[5.6920978,50.0503877],[5.6933444,50.0496579],[5.6934343,50.0495715],[5.6934282,50.0495403],[5.6932351,50.0493543],[5.6932029,50.0491476],[5.6933745,50.048941],[5.6939826,50.0486292],[5.6942388,50.0484868],[5.6943521,50.0484077],[5.6944186,50.048297],[5.6944432,50.0482005],[5.6944187,50.0481106]]}},{"type":"Feature","properties":{"h":"unclassified","c":3},"geometry":{"type":"LineString","coordinates":[[5.6918755,50.0533933],[5.6915241,50.0534785],[5.6914464,50.0534974],[5.6911537,50.0535359],[5.6910288,50.0535595]]}},{"type":"Feature","properties":{"h":"service","c":4},"geometry":{"type":"LineString","coordinates":[[5.6880209,50.0481004],[5.6881053,50.0482563],[5.6881134,50.0484285]]}},{"type":"Feature","properties":{"h":"unclassified","c":3},"geometry":{"type":"LineString","coordinates":[[5.688318,50.0451178],[5.6883714,50.0451954],[5.6883879,50.0453268],[5.6883904,50.0454787],[5.6883701,50.0459964],[5.6883523,50.0461352],[5.688304,50.0464446],[5.6882684,50.0466177],[5.6882302,50.0467802],[5.6882163,50.046901],[5.688229,50.0474137],[5.6882379,50.047506],[5.6882455,50.0475615],[5.6882722,50.0476995],[5.6882684,50.0477885],[5.6881896,50.0479893]]}},{"type":"Feature","properties":{"h":"track","c":4},"geometry":{"type":"LineString","coordinates":[[5.685288,50.0539593],[5.6847919,50.0540257],[5.6843704,50.05407],[5.6840765,50.054089],[5.6839225,50.0540989],[5.6834533,50.0540547],[5.6831617,50.0540087],[5.6828118,50.0539696],[5.6825758,50.0539696],[5.6821464,50.0540274],[5.6816852,50.0541398],[5.6812929,50.0542589],[5.6809907,50.0543117],[5.6806726,50.0543253],[5.6803677,50.0543032],[5.6800735,50.0542504],[5.6794738,50.0540906],[5.6791365,50.0539946],[5.6787693,50.053944],[5.6784803,50.0539015],[5.6780383,50.053864],[5.6773093,50.0538194],[5.6769873,50.0537965],[5.6759839,50.0538066],[5.6754573,50.053761],[5.6745994,50.0536204],[5.6740091,50.0535726],[5.6734922,50.0535066],[5.6730733,50.0534152],[5.6726917,50.0533478],[5.6724438,50.053327]]}},{"type":"Feature","properties":{"h":"track","c":4},"geometry":{"type":"LineString","coordinates":[[5.6837519,50.0264068],[5.6838583,50.0266249],[5.6839808,50.026807],[5.6842061,50.0270793],[5.684469,50.0274618],[5.6845334,50.0276548],[5.6844207,50.0280236],[5.6841471,50.028668],[5.6837402,50.0297781],[5.6837019,50.0301601],[5.6837716,50.0305771],[5.6838467,50.0311802],[5.6837931,50.0316143],[5.6838521,50.0322174],[5.6838521,50.0324655],[5.6835632,50.0329381],[5.6830268,50.0336996],[5.6825271,50.0345571],[5.6820129,50.0353156],[5.6817784,50.0357016]]}},{"type":"Feature","properties":{"h":"residential","c":3},"geometry":{"type":"LineString","coordinates":[[5.709038,49.9943439],[5.7092523,49.994229],[5.7093433,49.9941529],[5.7094523,49.9940638],[5.7096418,49.9938555],[5.7096818,49.9938116],[5.7101002,49.9934978],[5.7105655,49.993624],[5.7111301,49.9937771]]}},{"type":"Feature","properties":{"h":"residential","c":3},"geometry":{"type":"LineString","coordinates":[[5.7094523,49.9940638],[5.7096281,49.9940737],[5.7096896,49.9940624],[5.7097354,49.9940288],[5.7097139,49.9938943],[5.7096418,49.9938555]]}},{"type":"Feature","properties":{"h":"residential","c":3},"geometry":{"type":"LineString","coordinates":[[5.7105655,49.993624],[5.7107225,49.9944668],[5.7107493,49.9946013],[5.7106644,49.994667],[5.7105848,49.9946672],[5.710524,49.994653],[5.7104736,49.9946198],[5.710465,49.9945703],[5.7105132,49.9945082],[5.7106042,49.9944835],[5.7107225,49.9944668]]}},{"type":"Feature","properties":{"h":"unclassified","c":3},"geometry":{"type":"LineString","coordinates":[[5.6944187,50.0481106],[5.6943212,50.0479861],[5.6942133,50.0478659],[5.6940094,50.0477488],[5.6933764,50.0475008],[5.692929,50.0472591],[5.6927196,50.0471326],[5.6926408,50.0470582],[5.6925681,50.0469657],[5.6924955,50.0468407],[5.6924548,50.0467838],[5.6923871,50.0467419],[5.6922806,50.0467061]]}},{"type":"Feature","properties":{"h":"track","c":4},"geometry":{"type":"LineString","coordinates":[[5.6971676,50.0469235],[5.6972419,50.0468582],[5.6977951,50.0465523],[5.6982645,50.0462629],[5.6986078,50.0459977],[5.6987527,50.0458926],[5.699089,50.0456197],[5.6991684,50.0455584],[5.6993692,50.0453293],[5.6994836,50.0452141],[5.6998137,50.0449378],[5.6999436,50.0448163],[5.7001142,50.0446209],[5.700192,50.0444731],[5.7002372,50.0443502],[5.7003486,50.0439326],[5.7004008,50.0437492],[5.7004875,50.0434158],[5.7005954,50.0428661],[5.7006725,50.0426776],[5.7008603,50.0422961],[5.7009968,50.0420787]]}},{"type":"Feature","properties":{"h":"track","c":4},"geometry":{"type":"LineString","coordinates":[[5.6991684,50.0455584],[5.6991555,50.0454677],[5.6989967,50.045283],[5.6987071,50.0451245],[5.6982994,50.0449799],[5.6979469,50.0448551],[5.697668,50.0447587],[5.6972388,50.0445727],[5.6969599,50.0444831],[5.6966471,50.044408],[5.6961659,50.0442695],[5.6957904,50.0441179],[5.6954256,50.0439594],[5.6951129,50.0438292],[5.6948554,50.0436914],[5.6941044,50.0434916],[5.6932155,50.0431878]]}},{"type":"Feature","properties":{"h":"track","c":4},"geometry":{"type":"LineString","coordinates":[[5.6922806,50.0467061],[5.6922276,50.0466918],[5.6918905,50.0465535],[5.691626,50.0464196],[5.6913004,50.0461987],[5.6911003,50.0459959],[5.6910306,50.0458788],[5.691,50.045737],[5.6909984,50.0456032],[5.6910306,50.0455274],[5.6911808,50.0453655],[5.6915617,50.0450694],[5.6919924,50.0447862],[5.6923556,50.0445596],[5.6926667,50.0443253],[5.6928813,50.0440842],[5.6929779,50.0438775],[5.6930208,50.0437465],[5.6932155,50.0431878]]}},{"type":"Feature","properties":{"h":"track","c":4},"geometry":{"type":"LineString","coordinates":[[5.699089,50.0456197],[5.6991389,50.0457616],[5.6992757,50.045972],[5.6995026,50.0461918],[5.6996834,50.0463371],[5.6998352,50.046488],[5.7000589,50.0466541],[5.7003395,50.0468463],[5.7005969,50.0470116],[5.7008743,50.0471777],[5.7011425,50.0473086],[5.7014322,50.0474257],[5.7017219,50.0475291],[5.7020759,50.0476737],[5.7023656,50.0477771],[5.7026783,50.0478866],[5.7029771,50.0480458],[5.7033419,50.0482387],[5.7038156,50.0484033],[5.703932,50.0484178],[5.7039663,50.0484541]]}},{"type":"Feature","properties":{"h":"track","c":4},"geometry":{"type":"LineString","coordinates":[[5.6922806,50.0467061],[5.6922481,50.0467152],[5.6916384,50.0467051],[5.691111,50.046647],[5.6906819,50.0465816],[5.6903278,50.0465299],[5.689845,50.0464817],[5.6894711,50.0464088],[5.6891386,50.0463055],[5.6888526,50.046213],[5.6886343,50.0461125],[5.68846,50.0460196],[5.6883701,50.0459964]]}},{"type":"Feature","properties":{"h":"track","c":4},"geometry":{"type":"LineString","coordinates":[[5.7207063,50.0558365],[5.7203843,50.0558428],[5.7200517,50.0558721],[5.7197057,50.0559617],[5.7195797,50.0560409],[5.7195255,50.0560662],[5.7194692,50.0560847],[5.7185545,50.0564369],[5.7175192,50.0568398],[5.7171718,50.0569031],[5.7167151,50.0569864],[5.7166126,50.0570051],[5.7151428,50.0572669],[5.7141611,50.0572049],[5.7133712,50.0571379],[5.7130238,50.0571085],[5.7123326,50.0571321],[5.7111087,50.0573289],[5.710288,50.0574598],[5.7096599,50.0574676]]}},{"type":"Feature","properties":{"h":"unclassified","c":3},"geometry":{"type":"LineString","coordinates":[[5.7147162,50.0530695],[5.714716,50.0530273],[5.7147357,50.0529926],[5.7149579,50.0527875],[5.7153065,50.0524177],[5.7157484,50.0520633]]}},{"type":"Feature","properties":{"h":"unclassified","c":3},"geometry":{"type":"LineString","coordinates":[[5.7175607,50.0526087],[5.7175982,50.052673],[5.7176384,50.0527199],[5.7188408,50.0537923],[5.7193139,50.0541432],[5.7203466,50.0552654],[5.7205349,50.0554749],[5.7207191,50.0557233],[5.7209281,50.0560052],[5.7211246,50.0562165]]}},{"type":"Feature","properties":{"h":"track","c":4},"geometry":{"type":"LineString","coordinates":[[5.6813627,50.0365448],[5.6808972,50.0366677],[5.6793624,50.0372443],[5.6784485,50.0374538],[5.6767004,50.0377107]]}},{"type":"Feature","properties":{"h":"unclassified","c":3},"geometry":{"type":"LineString","coordinates":[[5.689829,50.0523875],[5.6899631,50.0523375],[5.6904244,50.0523789],[5.690698,50.0524478],[5.6911019,50.0525885],[5.691449,50.0526958],[5.6915188,50.0527362],[5.6915791,50.0527956],[5.6915724,50.052855],[5.6915364,50.0529157],[5.6914477,50.0529747],[5.6913725,50.0529945],[5.6912144,50.0530643],[5.691189,50.0531383]]}},{"type":"Feature","properties":{"h":"track","c":4},"geometry":{"type":"LineString","coordinates":[[5.7120158,50.060847],[5.7122829,50.0609721],[5.7124683,50.061053],[5.7130489,50.0613563],[5.7135626,50.0616246],[5.713664,50.0616795],[5.7142949,50.0620573],[5.7148463,50.0623581],[5.7154713,50.0627404],[5.7160692,50.0631655]]}},{"type":"Feature","properties":{"h":"track","c":4},"geometry":{"type":"LineString","coordinates":[[5.7014179,50.0640729],[5.7019755,50.0639181],[5.7027308,50.0635927],[5.7037779,50.0631812],[5.7041105,50.062947],[5.7046405,50.0624632],[5.7052527,50.0620025],[5.7054532,50.0617961],[5.7057552,50.0613693],[5.7059332,50.061192],[5.7060806,50.0610077],[5.7062606,50.0606104],[5.7064537,50.0602385],[5.706912,50.059788],[5.7071291,50.059589],[5.7073894,50.0593819],[5.7078967,50.0590688],[5.7082072,50.0588207],[5.7082977,50.0587273],[5.7084289,50.0585763],[5.7084961,50.0584866],[5.7085485,50.0583716],[5.7085804,50.0582446]]}},{"type":"Feature","properties":{"h":"track","c":4},"geometry":{"type":"LineString","coordinates":[[5.6884058,50.0710588],[5.688327,50.0707375],[5.6883654,50.070259],[5.6884089,50.0700577],[5.6884572,50.0697788],[5.6884303,50.0695137],[5.6884142,50.0693071],[5.6883928,50.0690006],[5.6882211,50.0685254],[5.6881407,50.0682672],[5.6881621,50.0680537],[5.6883056,50.0677834],[5.688543,50.06731],[5.6886597,50.0669639],[5.6887522,50.0666488],[5.6887348,50.0664577],[5.6887093,50.0661943],[5.6886597,50.0659137],[5.6886489,50.0657759],[5.6888099,50.0653661],[5.6889172,50.065039],[5.6889279,50.0648427],[5.6888581,50.0644708],[5.6888635,50.0641816],[5.6889064,50.0636719],[5.6889869,50.063331],[5.6891264,50.0629625],[5.6892229,50.0625424],[5.6894107,50.0618674]]}},{"type":"Feature","properties":{"h":"track","c":4},"geometry":{"type":"LineString","coordinates":[[5.7014179,50.0640729],[5.7012768,50.0641334],[5.700971,50.0642849],[5.700452,50.0645173],[5.6998512,50.0647928],[5.6994489,50.0649064],[5.6987662,50.0650597],[5.6983652,50.0651716],[5.6980005,50.0653506],[5.6976719,50.0656416],[5.6974063,50.0659657],[5.697291,50.0663785],[5.6972749,50.0668572],[5.6972012,50.0671757],[5.6971261,50.0674615],[5.6969222,50.0677369],[5.6965481,50.0680745],[5.696245,50.0683481],[5.6953062,50.0690815],[5.6949253,50.0694121],[5.6947697,50.0696049],[5.6945444,50.0701042],[5.6943902,50.070495],[5.6942615,50.0707291],[5.6940348,50.0709925],[5.6937022,50.0713024],[5.6933804,50.0716432],[5.6931282,50.0721528],[5.6929512,50.072535],[5.6928493,50.072683],[5.6925824,50.0729326],[5.6922463,50.073233],[5.6921588,50.0732896],[5.6918879,50.0734512],[5.6916626,50.0736113],[5.6915454,50.07375],[5.6914384,50.0739845],[5.6914003,50.0741536]]}},{"type":"Feature","properties":{"h":"unclassified","c":3},"geometry":{"type":"LineString","coordinates":[[5.6910288,50.0535595],[5.6910683,50.0534398],[5.691189,50.0531383]]}},{"type":"Feature","properties":{"h":"track","c":4},"geometry":{"type":"LineString","coordinates":[[5.6791365,50.0539946],[5.6793712,50.0538548],[5.6797225,50.0536912],[5.6806264,50.0532727],[5.6814123,50.0529024],[5.6818522,50.0526458],[5.6821982,50.0524082],[5.6826301,50.052093],[5.6829922,50.0518777],[5.6832885,50.0517607],[5.6835594,50.0516849],[5.6838719,50.0515522],[5.6840999,50.0514747],[5.6843504,50.0514445]]}},{"type":"Feature","properties":{"h":"track","c":4},"geometry":{"type":"LineString","coordinates":[[5.6994125,50.0614153],[5.6993563,50.0615419],[5.6992785,50.061733],[5.6991377,50.062019],[5.6989647,50.0622496],[5.6986911,50.0625785],[5.6983438,50.0629505],[5.6980984,50.0632001],[5.6979589,50.0633946],[5.6978999,50.0635513],[5.6978731,50.0637958]]}},{"type":"Feature","properties":{"h":"track","c":4},"geometry":{"type":"LineString","coordinates":[[5.7889415,50.0108498],[5.7884415,50.0101084],[5.7883098,50.0100886],[5.7881702,50.0100599],[5.7880792,50.0099864],[5.7879925,50.0098917],[5.787912,50.0097697],[5.7878597,50.0096058],[5.7878422,50.0095112],[5.787735,50.0095146],[5.787456,50.0097628],[5.787161,50.0099904],[5.786823,50.01018],[5.7866889,50.0103317],[5.7867479,50.010542],[5.7870282,50.0108434],[5.7872696,50.0111296],[5.7874144,50.0113778],[5.7876277,50.0118657],[5.7877703,50.0124068],[5.7878587,50.0128052]]}},{"type":"Feature","properties":{"h":"track","c":4},"geometry":{"type":"LineString","coordinates":[[5.7935511,50.0078948],[5.7929167,50.0074635],[5.7925519,50.0072428],[5.7922193,50.0069394],[5.7914147,50.006374],[5.7907817,50.0058775],[5.7904491,50.0055879],[5.7899877,50.0053948],[5.7893869,50.0050914],[5.7886359,50.0046501],[5.7883033,50.0044226],[5.7882292,50.004265],[5.7882713,50.0040973],[5.788397,50.0039271],[5.7886912,50.0037344],[5.7888178,50.0036731],[5.7888379,50.0035864],[5.7885153,50.0035185],[5.7881279,50.0034792],[5.7878967,50.0034699],[5.7876102,50.0035375],[5.7873777,50.0036709],[5.7871198,50.0037259],[5.7868243,50.0036731],[5.7866518,50.0035109]]}},{"type":"Feature","properties":{"h":"track","c":4},"geometry":{"type":"LineString","coordinates":[[5.7822311,50.0272987],[5.7830626,50.027116],[5.7834005,50.0270092],[5.7836371,50.0269069],[5.7840711,50.0266387],[5.7845995,50.0262889],[5.7849934,50.0260604],[5.7854223,50.0258234]]}},{"type":"Feature","properties":{"h":"track","c":4},"geometry":{"type":"LineString","coordinates":[[5.7870593,50.0206371],[5.7875263,50.0210703],[5.7881051,50.0215139],[5.7884651,50.0216528],[5.7888299,50.0217079],[5.7890391,50.0217907],[5.7891565,50.0219344]]}},{"type":"Feature","properties":{"h":"track","c":4},"geometry":{"type":"LineString","coordinates":[[5.7855258,50.0258357],[5.7858103,50.0258813],[5.7860619,50.0259301],[5.786319,50.0259971],[5.7870414,50.0261813],[5.7880104,50.0264097],[5.7885143,50.0265096],[5.7889318,50.0265726],[5.7896264,50.0266661],[5.7899217,50.026696],[5.7901268,50.0267002],[5.790313,50.0267002],[5.790522,50.0267],[5.7906712,50.0267099],[5.790924,50.0267377],[5.7912585,50.0267866],[5.7915383,50.0268455],[5.7919088,50.0269074],[5.7922075,50.0269438],[5.7923859,50.0269491],[5.7925859,50.0269328],[5.7928955,50.0268996],[5.7932197,50.0268868],[5.7937687,50.0268799],[5.7943824,50.026885]]}},{"type":"Feature","properties":{"h":"unclassified","c":3},"geometry":{"type":"LineString","coordinates":[[5.7774964,50.0234083],[5.7776526,50.0230572],[5.7779018,50.0225096],[5.7780231,50.0222063],[5.7780854,50.0219324],[5.7781114,50.0216285],[5.7781232,50.0213714],[5.7781392,50.0212623],[5.7781849,50.0210889],[5.7782292,50.020963],[5.7783252,50.0208121],[5.7785035,50.0206072],[5.778686,50.0204455],[5.779049,50.0201381],[5.7793952,50.0199036],[5.7797204,50.0197027],[5.7806278,50.019081],[5.7808917,50.0189001],[5.7810848,50.0187658],[5.7812212,50.0186176],[5.7813287,50.0183985],[5.7814257,50.0181423],[5.781528,50.0179519],[5.7816591,50.0177531],[5.7818034,50.0176166],[5.7820001,50.0175273],[5.7821968,50.0174565],[5.7823122,50.0174059],[5.782383,50.0173402],[5.7824197,50.017256],[5.7824171,50.0171902],[5.7823384,50.0169004],[5.7823226,50.0166914],[5.7823462,50.0165297],[5.7824275,50.0163645],[5.7825062,50.0162078],[5.7825823,50.0160881],[5.7826295,50.0160594],[5.7827816,50.0159668],[5.7830806,50.0157899],[5.783272,50.0156163],[5.78355,50.0153955],[5.7838254,50.0152186],[5.7839711,50.0151105],[5.7840981,50.0150163],[5.7843525,50.0147703],[5.784481,50.0146506],[5.7844964,50.0146115],[5.7845256,50.0145377],[5.7845008,50.0143255]]}},{"type":"Feature","properties":{"h":"unclassified","c":3},"geometry":{"type":"LineString","coordinates":[[5.7766607,50.0154809],[5.7766309,50.0153396],[5.7765426,50.0150357],[5.7764804,50.014844],[5.7764701,50.0147379],[5.7764764,50.0145109],[5.7764898,50.0139815],[5.7764888,50.0138564],[5.7764732,50.0137227],[5.7764133,50.0134593],[5.7763575,50.0133022],[5.7762941,50.0131552],[5.7761138,50.0128251],[5.7760025,50.0126758],[5.775871,50.012515],[5.7756849,50.0123307],[5.7740198,50.0109468],[5.7737804,50.0107947],[5.7731971,50.0104887],[5.7714691,50.009591],[5.7710491,50.0093316],[5.7706777,50.0090662],[5.7693155,50.0080266],[5.7691357,50.0078645],[5.7690538,50.0077165],[5.7690128,50.0074875],[5.7689907,50.0073497],[5.7689667,50.0072971],[5.7689276,50.0072342],[5.7687665,50.0070578],[5.7683443,50.0065958],[5.7683254,50.0065411],[5.7683249,50.0065139]]}},{"type":"Feature","properties":{"h":"service","c":4},"geometry":{"type":"LineString","coordinates":[[5.7400369,50.0104282],[5.739943,50.0108558],[5.7399165,50.010957],[5.7397731,50.011563]]}},{"type":"Feature","properties":{"h":"track","c":4},"geometry":{"type":"LineString","coordinates":[[5.7358133,50.0078345],[5.7357893,50.007735],[5.7358881,50.0076082],[5.736457,50.0074092],[5.7366502,50.0073161],[5.7368537,50.0071737],[5.7369718,50.00706],[5.7369938,50.0069097],[5.7369582,50.0067672],[5.736913,50.0066611],[5.7368969,50.0065921],[5.7369506,50.0065266],[5.7372829,50.0064359],[5.7373687,50.0063601],[5.7373475,50.0063163]]}},{"type":"Feature","properties":{"h":"unclassified","c":3},"geometry":{"type":"LineString","coordinates":[[5.7309489,50.008812],[5.7309754,50.0087037],[5.7310175,50.0086452],[5.7310784,50.0086208],[5.7311676,50.0086113],[5.7315655,50.0086164],[5.73173,50.0086162],[5.7318101,50.0086054],[5.7318459,50.0085924],[5.7318866,50.0085609],[5.7318981,50.0085368],[5.7318949,50.0084948],[5.7318715,50.0084488]]}},{"type":"Feature","properties":{"h":"track","c":4},"geometry":{"type":"LineString","coordinates":[[5.7403793,50.0130786],[5.7407072,50.0132274],[5.7411982,50.013459],[5.7416983,50.0137125],[5.7423387,50.0140719],[5.7427706,50.0142943],[5.7432236,50.0145727],[5.7432604,50.0146206],[5.7432748,50.0146597],[5.7432827,50.0147365],[5.7432504,50.0148417],[5.7431074,50.0152268],[5.7430444,50.0153198],[5.7428769,50.0154332],[5.7426503,50.0155758],[5.7425094,50.0156829],[5.742249,50.015931],[5.7419852,50.0161324],[5.741803,50.0162505],[5.7416115,50.0163593],[5.7411362,50.0165896],[5.7408868,50.0167279],[5.7404663,50.0169993],[5.7403783,50.017055],[5.7403275,50.0171048],[5.7403448,50.0171699],[5.7403955,50.0172372],[5.7404996,50.0173559],[5.7409986,50.0178688],[5.7410893,50.0179817]]}},{"type":"Feature","properties":{"h":"track","c":4},"geometry":{"type":"LineString","coordinates":[[5.7382694,50.0113786],[5.7382002,50.0115555],[5.7380235,50.0117669],[5.737814,50.0119072],[5.7374599,50.0120002],[5.7372993,50.0120771]]}},{"type":"Feature","properties":{"h":"unclassified","c":3},"geometry":{"type":"LineString","coordinates":[[5.7345688,50.0104641],[5.7346466,50.0105965],[5.7347173,50.0106895],[5.7352114,50.0111087],[5.7355152,50.0113072],[5.7355983,50.0113469]]}},{"type":"Feature","properties":{"h":"tertiary","c":2},"geometry":{"type":"LineString","coordinates":[[5.76384,50.0055468],[5.76389,50.0057147],[5.7639244,50.0058337],[5.7639319,50.0058765]]}},{"type":"Feature","properties":{"h":"residential","c":3},"geometry":{"type":"LineString","coordinates":[[5.7551973,50.0064335],[5.7552348,50.0063717],[5.7554469,50.0061991],[5.7558996,50.0059772]]}},{"type":"Feature","properties":{"h":"unclassified","c":3},"geometry":{"type":"LineString","coordinates":[[5.7632609,50.0058115],[5.7633934,50.0057828],[5.7635748,50.0057672],[5.76389,50.0057147]]}},{"type":"Feature","properties":{"h":"residential","c":3},"geometry":{"type":"LineString","coordinates":[[5.7620951,50.0051448],[5.7619109,50.0052775],[5.7618071,50.0054029],[5.7617326,50.0055646]]}},{"type":"Feature","properties":{"h":"service","c":4},"geometry":{"type":"LineString","coordinates":[[5.721463,50.0057052],[5.7212563,50.0056429],[5.7210398,50.0059181],[5.721033,50.0059267]]}},{"type":"Feature","properties":{"h":"residential","c":3},"geometry":{"type":"LineString","coordinates":[[5.7206221,50.0053784],[5.7206436,50.0054102],[5.7206565,50.0054388],[5.7206354,50.0054963],[5.7204901,50.0057556]]}},{"type":"Feature","properties":{"h":"service","c":4},"geometry":{"type":"LineString","coordinates":[[5.7211292,50.0044531],[5.7212873,50.0043483],[5.7207548,50.0040011],[5.7205935,50.0041076]]}},{"type":"Feature","properties":{"h":"pedestrian","c":4},"geometry":{"type":"LineString","coordinates":[[5.7189931,50.00285],[5.718958,50.0028985],[5.7185255,50.003143]]}},{"type":"Feature","properties":{"h":"service","c":4},"geometry":{"type":"LineString","coordinates":[[5.7188646,50.0019072],[5.718895,50.0020269],[5.7190101,50.0022437],[5.7191014,50.0022709],[5.719231,50.0026052],[5.7193921,50.0025398],[5.7193252,50.0022624]]}},{"type":"Feature","properties":{"h":"service","c":4},"geometry":{"type":"LineString","coordinates":[[5.7194683,50.0018407],[5.719446,50.0017071],[5.719395,50.0016295],[5.7193286,50.0015502],[5.7192957,50.0015286],[5.7192515,50.0015208],[5.7191835,50.0015348]]}},{"type":"Feature","properties":{"h":"service","c":4},"geometry":{"type":"LineString","coordinates":[[5.7193252,50.0022624],[5.7192555,50.0019902],[5.7190417,50.0020128],[5.718895,50.0020269]]}},{"type":"Feature","properties":{"h":"living_street","c":3},"geometry":{"type":"LineString","coordinates":[[5.7183509,50.0021304],[5.7182685,50.0021111],[5.7178364,50.0017965],[5.7178166,50.001749],[5.7178561,50.0017064],[5.7182069,50.0014999],[5.7182961,50.0014592]]}},{"type":"Feature","properties":{"h":"pedestrian","c":4},"geometry":{"type":"LineString","coordinates":[[5.7164706,50.0016598],[5.7158013,50.0020042]]}},{"type":"Feature","properties":{"h":"service","c":4},"geometry":{"type":"LineString","coordinates":[[5.7145999,50.0011055],[5.7147151,50.0010536],[5.7148038,50.001014],[5.7149754,50.0010037],[5.7151507,50.00092],[5.7153295,50.0008347],[5.7155859,50.0010606]]}},{"type":"Feature","properties":{"h":"service","c":4},"geometry":{"type":"LineString","coordinates":[[5.7147151,50.0010536],[5.7150617,50.001319]]}},{"type":"Feature","properties":{"h":"service","c":4},"geometry":{"type":"LineString","coordinates":[[5.7151507,50.00092],[5.715418,50.0011434]]}},{"type":"Feature","properties":{"h":"service","c":4},"geometry":{"type":"LineString","coordinates":[[5.7149754,50.0010037],[5.7152386,50.0012318]]}},{"type":"Feature","properties":{"h":"service","c":4},"geometry":{"type":"LineString","coordinates":[[5.7198919,50.0005538],[5.719723,50.0001332]]}},{"type":"Feature","properties":{"h":"service","c":4},"geometry":{"type":"LineString","coordinates":[[5.7195204,50.0002039],[5.7196854,50.0005969]]}},{"type":"Feature","properties":{"h":"service","c":4},"geometry":{"type":"LineString","coordinates":[[5.7196854,50.0005969],[5.7198919,50.0005538]]}},{"type":"Feature","properties":{"h":"service","c":4},"geometry":{"type":"LineString","coordinates":[[5.7235016,50.0059849],[5.7232018,50.0063084],[5.7231062,50.0063879],[5.7229852,50.0064292]]}},{"type":"Feature","properties":{"h":"service","c":4},"geometry":{"type":"LineString","coordinates":[[5.7397731,50.011563],[5.7396605,50.0115191],[5.7395927,50.011445],[5.7395833,50.0113586],[5.7396781,50.0109332],[5.7399165,50.010957]]}},{"type":"Feature","properties":{"h":"service","c":4},"geometry":{"type":"LineString","coordinates":[[5.7215407,50.0065807],[5.7210748,50.0065278]]}},{"type":"Feature","properties":{"h":"service","c":4},"geometry":{"type":"LineString","coordinates":[[5.7299104,50.0086887],[5.7298436,50.0087452]]}},{"type":"Feature","properties":{"h":"residential","c":3},"geometry":{"type":"LineString","coordinates":[[5.7263553,50.0071901],[5.7266346,50.0071028],[5.7267768,50.0070907],[5.7273266,50.0071924]]}},{"type":"Feature","properties":{"h":"service","c":4},"geometry":{"type":"LineString","coordinates":[[5.7256453,50.0063679],[5.7258112,50.0062736],[5.7261143,50.006365],[5.7261974,50.006365],[5.7262403,50.0063357],[5.7264147,50.0061202]]}},{"type":"Feature","properties":{"h":"service","c":4},"geometry":{"type":"LineString","coordinates":[[5.726172,50.0065738],[5.7256739,50.006418]]}},{"type":"Feature","properties":{"h":"service","c":4},"geometry":{"type":"LineString","coordinates":[[5.6972178,50.0052311],[5.696919,50.005725]]}},{"type":"Feature","properties":{"h":"track","c":4},"geometry":{"type":"LineString","coordinates":[[5.6968745,49.9986545],[5.6968855,49.9987295],[5.6968013,49.9988355],[5.6965957,49.9989143],[5.6958155,49.9991837],[5.6950411,49.9994576],[5.6947855,49.9995368],[5.6943713,49.9996675],[5.6940025,49.9998175],[5.692869,50.0003492]]}},{"type":"Feature","properties":{"h":"residential","c":3},"geometry":{"type":"LineString","coordinates":[[5.7121319,50.0026442],[5.7133956,50.003362],[5.713538,50.0034104]]}},{"type":"Feature","properties":{"h":"residential","c":3},"geometry":{"type":"LineString","coordinates":[[5.7079626,50.0039087],[5.7081326,50.0039614],[5.7083149,50.0040339],[5.7086933,50.0042298],[5.7087625,50.0043594],[5.7090965,50.0045308],[5.7091994,50.0045979]]}},{"type":"Feature","properties":{"h":"residential","c":3},"geometry":{"type":"LineString","coordinates":[[5.7086808,50.0033273],[5.7081326,50.0039614]]}},{"type":"Feature","properties":{"h":"residential","c":3},"geometry":{"type":"LineString","coordinates":[[5.7057614,50.0041483],[5.7060374,50.0041054],[5.7061684,50.0040805],[5.7062669,50.0040302],[5.7072742,50.0046685]]}},{"type":"Feature","properties":{"h":"service","c":4},"geometry":{"type":"LineString","coordinates":[[5.7226505,50.0046355],[5.7223834,50.004864]]}},{"type":"Feature","properties":{"h":"service","c":4},"geometry":{"type":"LineString","coordinates":[[5.7220766,50.0038489],[5.7227455,50.0042404],[5.7228605,50.0042963]]}},{"type":"Feature","properties":{"h":"residential","c":3},"geometry":{"type":"LineString","coordinates":[[5.6997596,50.0057246],[5.7008904,50.0058897],[5.7008497,50.0060047],[5.7007016,50.0064237]]}},{"type":"Feature","properties":{"h":"service","c":4},"geometry":{"type":"LineString","coordinates":[[5.6996197,50.006046],[5.6993435,50.0060293],[5.6992765,50.006212],[5.6995688,50.0062517]]}},{"type":"Feature","properties":{"h":"residential","c":3},"geometry":{"type":"LineString","coordinates":[[5.7019657,50.0068066],[5.7016434,50.0067504],[5.7010141,50.0064761],[5.7007016,50.0064237],[5.7000437,50.0063139],[5.6995688,50.0062517],[5.6996197,50.006046],[5.6997596,50.0057246],[5.6999677,50.0051179]]}},{"type":"Feature","properties":{"h":"unclassified","c":3},"geometry":{"type":"LineString","coordinates":[[5.7058238,50.0141799],[5.7057966,50.0141204],[5.7056371,50.0138518]]}},{"type":"Feature","properties":{"h":"track","c":4},"geometry":{"type":"LineString","coordinates":[[5.6969456,50.0075191],[5.697064,50.0075579],[5.6972922,50.0077614],[5.6975759,50.0080324],[5.698571,50.0089271],[5.6995164,50.0097876],[5.7008207,50.0109503],[5.7017897,50.0118247],[5.7026647,50.0126094],[5.7026952,50.0126361]]}},{"type":"Feature","properties":{"h":"track","c":4},"geometry":{"type":"LineString","coordinates":[[5.6987259,50.0182392],[5.6986267,50.0181462],[5.6985447,50.018106],[5.698371,50.0181043],[5.6978578,50.0182506],[5.6976206,50.0182823],[5.6974499,50.0182293],[5.6971783,50.0180635],[5.6966815,50.0177174],[5.6965995,50.0176432],[5.6957091,50.0171539],[5.6952418,50.0168381],[5.6945878,50.0162325],[5.6942964,50.0159229],[5.6938236,50.0153475],[5.6936234,50.0150584],[5.6932576,50.0146112],[5.6928327,50.01412],[5.6922043,50.0133815],[5.6917647,50.0128625],[5.6915209,50.0125363],[5.6912051,50.0120103],[5.6911111,50.0118899],[5.6910837,50.0118007],[5.6911066,50.0117212],[5.6911766,50.0116501],[5.6912977,50.0115797],[5.6915097,50.0115107],[5.6917737,50.0114336],[5.6919224,50.0113571],[5.6920799,50.011204],[5.6922016,50.0110523],[5.6923579,50.0109451],[5.6925979,50.0108244],[5.6926778,50.0107296],[5.692657,50.0106644],[5.6925815,50.0106387]]}},{"type":"Feature","properties":{"h":"service","c":4},"geometry":{"type":"LineString","coordinates":[[5.7173022,50.0015337],[5.7171934,50.0015815],[5.7171488,50.0015919],[5.7169261,50.001679],[5.716885,50.0016953],[5.7167876,50.0017287]]}},{"type":"Feature","properties":{"h":"primary","c":1},"geometry":{"type":"LineString","coordinates":[[5.7210041,50.006426],[5.721058,50.0063291],[5.7211745,50.0061312],[5.7212417,50.0060191],[5.7213002,50.0059272],[5.721463,50.0057052],[5.7215336,50.0056088],[5.7215843,50.0055524],[5.7216398,50.0054907]]}},{"type":"Feature","properties":{"h":"service","c":4},"geometry":{"type":"LineString","coordinates":[[5.7192698,50.0059372],[5.7190524,50.0058794]]}},{"type":"Feature","properties":{"h":"service","c":4},"geometry":{"type":"LineString","coordinates":[[5.7159395,50.0046489],[5.7157285,50.0044879],[5.7149935,50.0048913],[5.7151583,50.0050179],[5.7151746,50.0050713],[5.7150444,50.0052042],[5.71437,50.0055378]]}},{"type":"Feature","properties":{"h":"primary","c":1},"geometry":{"type":"LineString","coordinates":[[5.7127331,50.0015615],[5.7129027,50.001547]]}},{"type":"Feature","properties":{"h":"service","c":4},"geometry":{"type":"LineString","coordinates":[[5.7112283,50.0003364],[5.7110613,50.0002275],[5.7103528,49.9997413],[5.7103386,49.9997305],[5.7102678,49.9996768]]}},{"type":"Feature","properties":{"h":"service","c":4},"geometry":{"type":"LineString","coordinates":[[5.7106419,50.0008037],[5.7101457,50.000533],[5.7097424,50.0008198]]}},{"type":"Feature","properties":{"h":"service","c":4},"geometry":{"type":"LineString","coordinates":[[5.6984993,50.0017637],[5.6985966,50.0016662]]}},{"type":"Feature","properties":{"h":"service","c":4},"geometry":{"type":"LineString","coordinates":[[5.6981667,50.0017603],[5.6980967,50.0016233],[5.6981164,50.0015162]]}},{"type":"Feature","properties":{"h":"residential","c":3},"geometry":{"type":"LineString","coordinates":[[5.6988136,50.0019309],[5.6988319,50.0019896],[5.6988506,50.0020906],[5.6988601,50.0021418],[5.69886,50.0021749]]}},{"type":"Feature","properties":{"h":"service","c":4},"geometry":{"type":"LineString","coordinates":[[5.6984993,50.0017637],[5.6981667,50.0017603],[5.6981767,50.001869],[5.6981908,50.0020154],[5.6985341,50.0019896],[5.6985134,50.0018549],[5.6984993,50.0017637]]}},{"type":"Feature","properties":{"h":"service","c":4},"geometry":{"type":"LineString","coordinates":[[5.6981908,50.0020154],[5.6981479,50.0020827],[5.6973298,50.0021189],[5.6973444,50.0022002],[5.6973512,50.0022353]]}},{"type":"Feature","properties":{"h":"residential","c":3},"geometry":{"type":"LineString","coordinates":[[5.6979043,50.0014551],[5.6980101,50.0012923],[5.6980359,50.0011833],[5.6979279,50.0010898],[5.6973931,50.0008965],[5.6972314,50.0007958],[5.6972283,50.0007815],[5.6972117,50.0007044],[5.6972828,50.000585],[5.6975022,50.0003159],[5.6976106,50.0002493],[5.6978283,50.0002696],[5.6984594,50.000416],[5.698602,50.0004015],[5.6986997,50.0003433],[5.699092,49.9997988],[5.6995702,49.9991519]]}},{"type":"Feature","properties":{"h":"service","c":4},"geometry":{"type":"LineString","coordinates":[[5.6981767,50.001869],[5.6985134,50.0018549]]}},{"type":"Feature","properties":{"h":"service","c":4},"geometry":{"type":"LineString","coordinates":[[5.6992047,50.0024154],[5.6991376,50.002683]]}},{"type":"Feature","properties":{"h":"service","c":4},"geometry":{"type":"LineString","coordinates":[[5.6989093,50.0026582],[5.6989713,50.0023965]]}},{"type":"Feature","properties":{"h":"service","c":4},"geometry":{"type":"LineString","coordinates":[[5.6993428,50.0027052],[5.6991376,50.002683],[5.6989093,50.0026582],[5.6986127,50.0026262],[5.6983809,50.0026011],[5.6983223,50.0025947],[5.6982311,50.002924],[5.6980955,50.0029354]]}},{"type":"Feature","properties":{"h":"service","c":4},"geometry":{"type":"LineString","coordinates":[[5.6983809,50.0026011],[5.6984081,50.0024637],[5.6986468,50.0024551],[5.6986127,50.0026262]]}},{"type":"Feature","properties":{"h":"service","c":4},"geometry":{"type":"LineString","coordinates":[[5.6994285,50.0022201],[5.6994317,50.0022574],[5.6994354,50.0022999],[5.6993428,50.0027052],[5.699253,50.0030981]]}},{"type":"Feature","properties":{"h":"service","c":4},"geometry":{"type":"LineString","coordinates":[[5.7014132,50.0024479],[5.7014041,50.0022929],[5.7018734,50.0022771]]}},{"type":"Feature","properties":{"h":"service","c":4},"geometry":{"type":"LineString","coordinates":[[5.7018494,50.0024206],[5.7014132,50.0024479],[5.7012995,50.0024551]]}},{"type":"Feature","properties":{"h":"service","c":4},"geometry":{"type":"LineString","coordinates":[[5.7012751,50.0021423],[5.7012778,50.0021766],[5.7012995,50.0024551],[5.7012402,50.0024582],[5.7011306,50.002464],[5.7003362,50.0025058],[5.7002186,50.002512],[5.7001936,50.002224],[5.7001905,50.002188]]}},{"type":"Feature","properties":{"h":"service","c":4},"geometry":{"type":"LineString","coordinates":[[5.7012402,50.0024582],[5.7013075,50.003005],[5.701219,50.0031516],[5.7007175,50.0031757]]}},{"type":"Feature","properties":{"h":"service","c":4},"geometry":{"type":"LineString","coordinates":[[5.7003362,50.0025058],[5.7003151,50.0023449],[5.7011037,50.0023171],[5.7011306,50.002464]]}},{"type":"Feature","properties":{"h":"service","c":4},"geometry":{"type":"LineString","coordinates":[[5.6974535,50.0022933],[5.6974569,50.0023244],[5.6974678,50.0024237],[5.6975095,50.0027844]]}},{"type":"Feature","properties":{"h":"service","c":4},"geometry":{"type":"LineString","coordinates":[[5.6979414,50.0023947],[5.6974678,50.0024237],[5.6969795,50.0024568]]}},{"type":"Feature","properties":{"h":"service","c":4},"geometry":{"type":"LineString","coordinates":[[5.6973915,50.0029033],[5.6981089,50.0028699]]}},{"type":"Feature","properties":{"h":"service","c":4},"geometry":{"type":"LineString","coordinates":[[5.7185734,49.9956232],[5.7195866,49.995894],[5.7195008,49.9960216],[5.7184826,49.9957639]]}},{"type":"Feature","properties":{"h":"service","c":4},"geometry":{"type":"LineString","coordinates":[[5.7196724,49.9967234],[5.7200131,49.9966199]]}},{"type":"Feature","properties":{"h":"service","c":4},"geometry":{"type":"LineString","coordinates":[[5.7197668,49.9968655],[5.7196724,49.9967234],[5.7196107,49.9966734],[5.7195383,49.9965958],[5.7194713,49.996551],[5.7192486,49.9962475],[5.7194847,49.9961785]]}},{"type":"Feature","properties":{"h":"primary","c":1},"geometry":{"type":"LineString","coordinates":[[5.6931239,50.0025059],[5.6926449,50.0025267],[5.6925101,50.0025326],[5.6922919,50.0025321],[5.6920007,50.0025171],[5.6917928,50.0025214],[5.6916067,50.0025306]]}},{"type":"Feature","properties":{"h":"residential","c":3},"geometry":{"type":"LineString","coordinates":[[5.7157766,50.0013761],[5.7153028,50.0016384]]}},{"type":"Feature","properties":{"h":"residential","c":3},"geometry":{"type":"LineString","coordinates":[[5.7144412,50.0009883],[5.7145332,50.0010562],[5.7145999,50.0011055]]}},{"type":"Feature","properties":{"h":"service","c":4},"geometry":{"type":"LineString","coordinates":[[5.7155859,50.0010606],[5.715418,50.0011434],[5.7152386,50.0012318],[5.7150617,50.001319],[5.7149582,50.00137]]}},{"type":"Feature","properties":{"h":"service","c":4},"geometry":{"type":"LineString","coordinates":[[5.7196427,50.0086682],[5.7192797,50.0090254],[5.7189561,50.0093439],[5.718087,50.0089647],[5.7187663,50.008296],[5.7190312,50.0080201],[5.7199485,50.0083978],[5.7206573,50.0086897],[5.7208229,50.0087578],[5.7208551,50.0089095],[5.7202995,50.0094414],[5.7201718,50.0095637],[5.719957,50.0097693],[5.7196054,50.0101059],[5.7195556,50.0101535],[5.7192994,50.0103989],[5.7195247,50.0106195],[5.7199177,50.0102478],[5.7199871,50.0101821],[5.7202772,50.0099076],[5.7204071,50.0097669],[5.720383,50.0096611],[5.7201718,50.0095637]]}},{"type":"Feature","properties":{"h":"service","c":4},"geometry":{"type":"LineString","coordinates":[[5.717117,50.0091955],[5.7171937,50.0092311],[5.717211,50.0092391],[5.7172388,50.009248],[5.7177524,50.009413]]}},{"type":"Feature","properties":{"h":"service","c":4},"geometry":{"type":"LineString","coordinates":[[5.7229035,50.0112856],[5.7226862,50.0113378],[5.7223873,50.0114125],[5.7223472,50.011632],[5.7222727,50.0120394],[5.7222413,50.0122114],[5.7221611,50.0123505],[5.7220796,50.0124839],[5.7211563,50.012646],[5.7210265,50.0126336]]}},{"type":"Feature","properties":{"h":"residential","c":3},"geometry":{"type":"LineString","coordinates":[[5.6982649,49.9829756],[5.6942335,49.987563]]}},{"type":"Feature","properties":{"h":"service","c":4},"geometry":{"type":"LineString","coordinates":[[5.6800725,49.9972053],[5.6800638,49.997458],[5.6803732,49.9979061],[5.6809972,49.9988098],[5.6809758,49.999196],[5.6811475,49.9993201],[5.6860294,49.999554]]}},{"type":"Feature","properties":{"h":"track","c":4},"geometry":{"type":"LineString","coordinates":[[5.6791645,49.997122],[5.6792058,49.9972707],[5.6797476,49.9979811],[5.6803109,49.9988501],[5.680504,49.9991225],[5.6814255,49.9998526],[5.681557,49.9999259]]}},{"type":"Feature","properties":{"h":"motorway","c":1},"geometry":{"type":"LineString","coordinates":[[5.695997,50.0191281],[5.6954058,50.0181705],[5.6949132,50.0174481],[5.6944034,50.0167361],[5.6938889,50.0160355]]}},{"type":"Feature","properties":{"h":"motorway","c":1},"geometry":{"type":"LineString","coordinates":[[5.6961426,50.019078],[5.6962194,50.0192085]]}},{"type":"Feature","properties":{"h":"motorway","c":1},"geometry":{"type":"LineString","coordinates":[[5.6960739,50.0192604],[5.695997,50.0191281]]}},{"type":"Feature","properties":{"h":"motorway","c":1},"geometry":{"type":"LineString","coordinates":[[5.6962194,50.0192085],[5.6965887,50.0198639],[5.6970485,50.020742],[5.6975609,50.0218088]]}},{"type":"Feature","properties":{"h":"service","c":4},"geometry":{"type":"LineString","coordinates":[[5.7112785,50.0454573],[5.7108417,50.0450605],[5.7104178,50.0446191],[5.709925,50.0441196],[5.7088987,50.043014],[5.708485,50.0425252],[5.7082204,50.0421987]]}},{"type":"Feature","properties":{"h":"service","c":4},"geometry":{"type":"LineString","coordinates":[[5.7080425,50.0413634],[5.7084333,50.0416926],[5.708757,50.0420136],[5.7091756,50.0424479],[5.7097011,50.0430237],[5.7103348,50.043695],[5.7107759,50.044209],[5.7110127,50.0444942]]}},{"type":"Feature","properties":{"h":"track","c":4},"geometry":{"type":"LineString","coordinates":[[5.7707762,50.0275215],[5.7705185,50.0277383],[5.7692296,50.0288376]]}},{"type":"Feature","properties":{"h":"track","c":4},"geometry":{"type":"LineString","coordinates":[[5.7684415,50.0286603],[5.7694305,50.0267165]]}},{"type":"Feature","properties":{"h":"track","c":4},"geometry":{"type":"LineString","coordinates":[[5.769168,50.0265771],[5.7662969,50.0286999],[5.7644162,50.0300904],[5.7638804,50.0304866]]}},{"type":"Feature","properties":{"h":"track","c":4},"geometry":{"type":"LineString","coordinates":[[5.7674109,50.0302463],[5.7663343,50.0309723],[5.7659643,50.0311861],[5.765823,50.0312842]]}},{"type":"Feature","properties":{"h":"track","c":4},"geometry":{"type":"LineString","coordinates":[[5.7697845,50.029384],[5.7725774,50.0285777]]}},{"type":"Feature","properties":{"h":"track","c":4},"geometry":{"type":"LineString","coordinates":[[5.7728226,50.0287234],[5.7712971,50.0308378]]}},{"type":"Feature","properties":{"h":"track","c":4},"geometry":{"type":"LineString","coordinates":[[5.7725774,50.0285777],[5.7702914,50.0303861]]}},{"type":"Feature","properties":{"h":"residential","c":3},"geometry":{"type":"LineString","coordinates":[[5.7496168,50.0613729],[5.7497532,50.0613719],[5.7499344,50.0613944],[5.7502779,50.0614769],[5.7509346,50.0616791],[5.7511185,50.0616767],[5.7513211,50.0617122],[5.7515806,50.0617637],[5.7519749,50.0618722],[5.7520742,50.061881],[5.7521877,50.0618796],[5.7524558,50.0617602]]}},{"type":"Feature","properties":{"h":"residential","c":3},"geometry":{"type":"LineString","coordinates":[[5.7561719,50.0616491],[5.756535,50.061751],[5.7567594,50.0618006],[5.7571143,50.0619445],[5.7573656,50.062072],[5.7581501,50.0624594],[5.7587349,50.0626695],[5.7593169,50.0628785],[5.759576,50.0630437],[5.7599365,50.0633314],[5.7600331,50.0634135],[5.7601132,50.0634579],[5.7602163,50.0634991],[5.7603184,50.0635249],[5.7604796,50.0635174],[5.760635,50.0634875]]}},{"type":"Feature","properties":{"h":"residential","c":3},"geometry":{"type":"LineString","coordinates":[[5.7605746,50.0647076],[5.761289,50.0645438]]}},{"type":"Feature","properties":{"h":"residential","c":3},"geometry":{"type":"LineString","coordinates":[[5.7628172,50.0656448],[5.7627206,50.0651041],[5.7626402,50.0648528]]}},{"type":"Feature","properties":{"h":"residential","c":3},"geometry":{"type":"LineString","coordinates":[[5.7509346,50.0616791],[5.7510912,50.0617971],[5.7513159,50.0619704],[5.7523686,50.0625841],[5.7525309,50.0626788],[5.7532739,50.0631],[5.7537058,50.0632676]]}},{"type":"Feature","properties":{"h":"living_street","c":3},"geometry":{"type":"LineString","coordinates":[[5.7583218,50.0615469],[5.7586812,50.0620737],[5.7588958,50.0624009],[5.7592257,50.062727],[5.7593169,50.0628785]]}},{"type":"Feature","properties":{"h":"unclassified","c":3},"geometry":{"type":"LineString","coordinates":[[5.7467357,50.056795],[5.7465394,50.0565921],[5.7464685,50.0564327],[5.7464842,50.0562378],[5.7465907,50.0558683],[5.7465394,50.0556811],[5.7461453,50.0549548],[5.7460191,50.0546258],[5.7453609,50.0524468],[5.7449746,50.0515712],[5.7446948,50.0510422],[5.7443859,50.0505507],[5.7442775,50.0502445],[5.7442295,50.0499384],[5.7441614,50.0495853],[5.7440958,50.0494022],[5.7439243,50.0490928],[5.7438106,50.0489481],[5.7434247,50.0484529],[5.7433866,50.048361]]}},{"type":"Feature","properties":{"h":"residential","c":3},"geometry":{"type":"LineString","coordinates":[[5.7631809,50.0642053],[5.7628601,50.0646255],[5.7626402,50.0648528],[5.7623183,50.0648562],[5.7619757,50.0647758],[5.7616769,50.0646929],[5.7615215,50.0646693],[5.76138,50.0646782]]}},{"type":"Feature","properties":{"h":"service","c":4},"geometry":{"type":"LineString","coordinates":[[5.7198919,50.0005538],[5.7200065,50.0005778],[5.7201102,50.0005647],[5.7211589,50.0004061]]}},{"type":"Feature","properties":{"h":"service","c":4},"geometry":{"type":"LineString","coordinates":[[5.7158835,50.0001492],[5.7162476,50.0002818],[5.7169368,50.00087]]}},{"type":"Feature","properties":{"h":"pedestrian","c":4},"geometry":{"type":"LineString","coordinates":[[5.7189117,50.0049821],[5.7189362,50.0049651],[5.7190064,50.0049133],[5.7193634,50.0046357]]}},{"type":"Feature","properties":{"h":"service","c":4},"geometry":{"type":"LineString","coordinates":[[5.7168441,50.0030828],[5.7170758,50.0032899],[5.7171774,50.0033483],[5.717239,50.0034178]]}},{"type":"Feature","properties":{"h":"pedestrian","c":4},"geometry":{"type":"LineString","coordinates":[[5.7203184,50.004503],[5.7199303,50.0047235],[5.7196943,50.0048576]]}},{"type":"Feature","properties":{"h":"pedestrian","c":4},"geometry":{"type":"LineString","coordinates":[[5.7197765,50.0049145],[5.7193731,50.0052648]]}},{"type":"Feature","properties":{"h":"pedestrian","c":4},"geometry":{"type":"LineString","coordinates":[[5.7200429,50.0042961],[5.7197136,50.0045675],[5.7199303,50.0047235]]}},{"type":"Feature","properties":{"h":"service","c":4},"geometry":{"type":"LineString","coordinates":[[5.725013,50.005351],[5.7244757,50.0059889],[5.7244198,50.0061293]]}},{"type":"Feature","properties":{"h":"service","c":4},"geometry":{"type":"LineString","coordinates":[[5.7252346,50.0054263],[5.7254177,50.0054726],[5.7266277,50.0058734]]}},{"type":"Feature","properties":{"h":"track","c":4},"geometry":{"type":"LineString","coordinates":[[5.7121342,49.9842463],[5.7122869,49.9842239],[5.7129738,49.9842291],[5.7136414,49.9841652],[5.7140169,49.9839721],[5.714897,49.9832791]]}},{"type":"Feature","properties":{"h":"track","c":4},"geometry":{"type":"LineString","coordinates":[[5.7043066,49.9711609],[5.7043279,49.9712533],[5.704372,49.971592],[5.704519,49.97207],[5.70456,49.972292],[5.704655,49.973182],[5.704708,49.973393],[5.704774,49.973547],[5.7050582,49.974037],[5.705147,49.974189],[5.7052732,49.9743645],[5.7053439,49.9745118],[5.7053645,49.9746414],[5.7053847,49.9747496],[5.705424,49.974823],[5.705496,49.974948],[5.7056565,49.9751026],[5.7057448,49.9752],[5.7057665,49.9752709],[5.7058191,49.9755238],[5.70587,49.975713],[5.7059391,49.9758771],[5.7060658,49.9760352],[5.706319,49.976311],[5.7073865,49.9775295],[5.70762,49.977796],[5.707767,49.977902],[5.708456,49.978322],[5.708807,49.978589],[5.709139,49.97894],[5.709281,49.979211],[5.709371,49.979341],[5.709479,49.979445],[5.711688,49.981074],[5.711803,49.981151],[5.712801,49.981685],[5.713364,49.982006],[5.714301,49.98274]]}},{"type":"Feature","properties":{"h":"track","c":4},"geometry":{"type":"LineString","coordinates":[[5.6985043,49.9801956],[5.6985258,49.9804151],[5.6985823,49.9806765],[5.6986376,49.9808401],[5.6987338,49.9810648],[5.6989645,49.9815065],[5.6990746,49.9817032],[5.6991236,49.9818382],[5.6991294,49.9819426],[5.6991014,49.9819902],[5.6990619,49.9820574],[5.6982649,49.9829756]]}},{"type":"Feature","properties":{"h":"service","c":4},"geometry":{"type":"LineString","coordinates":[[5.7189561,50.0093439],[5.7190256,50.0093735],[5.719957,50.0097693]]}},{"type":"Feature","properties":{"h":"service","c":4},"geometry":{"type":"LineString","coordinates":[[5.7160292,50.0105695],[5.7161674,50.0106035],[5.7162126,50.0106146],[5.7170026,50.010809],[5.7187951,50.0112538],[5.7189722,50.0112159],[5.7191653,50.0109573],[5.7174798,50.0105053],[5.7172502,50.0104437],[5.7170026,50.010809]]}},{"type":"Feature","properties":{"h":"service","c":4},"geometry":{"type":"LineString","coordinates":[[5.7174798,50.0105053],[5.7177062,50.0102161],[5.7178939,50.0101644],[5.7180602,50.0101886],[5.7193906,50.0107574],[5.7195247,50.0106195]]}},{"type":"Feature","properties":{"h":"service","c":4},"geometry":{"type":"LineString","coordinates":[[5.7199871,50.0101821],[5.7212145,50.0106781],[5.7215095,50.010454],[5.7202772,50.0099076]]}},{"type":"Feature","properties":{"h":"service","c":4},"geometry":{"type":"LineString","coordinates":[[5.7199956,50.0093175],[5.7204533,50.0088833],[5.7206573,50.0086897]]}},{"type":"Feature","properties":{"h":"service","c":4},"geometry":{"type":"LineString","coordinates":[[5.7192797,50.0090254],[5.7195708,50.0091442],[5.7199956,50.0093175],[5.7202995,50.0094414]]}},{"type":"Feature","properties":{"h":"service","c":4},"geometry":{"type":"LineString","coordinates":[[5.7197454,50.0085774],[5.7200482,50.0087082],[5.7204533,50.0088833]]}},{"type":"Feature","properties":{"h":"service","c":4},"geometry":{"type":"LineString","coordinates":[[5.7196427,50.0086682],[5.7197454,50.0085774],[5.7199485,50.0083978]]}},{"type":"Feature","properties":{"h":"service","c":4},"geometry":{"type":"LineString","coordinates":[[5.7200482,50.0087082],[5.7195708,50.0091442]]}},{"type":"Feature","properties":{"h":"service","c":4},"geometry":{"type":"LineString","coordinates":[[5.7193906,50.0107574],[5.7211769,50.0114917]]}},{"type":"Feature","properties":{"h":"service","c":4},"geometry":{"type":"LineString","coordinates":[[5.7196054,50.0101059],[5.7199177,50.0102478]]}},{"type":"Feature","properties":{"h":"service","c":4},"geometry":{"type":"LineString","coordinates":[[5.7190256,50.0093735],[5.7186288,50.0097645],[5.7195556,50.0101535]]}},{"type":"Feature","properties":{"h":"service","c":4},"geometry":{"type":"LineString","coordinates":[[5.7179059,50.0085479],[5.7170563,50.0081733],[5.7161748,50.0077846],[5.7152249,50.0073748]]}},{"type":"Feature","properties":{"h":"service","c":4},"geometry":{"type":"LineString","coordinates":[[5.7161132,50.0087019],[5.717117,50.0091955]]}},{"type":"Feature","properties":{"h":"service","c":4},"geometry":{"type":"LineString","coordinates":[[5.7183064,50.0082343],[5.7173907,50.0078384],[5.7165094,50.0074574],[5.7155636,50.0070543],[5.7152249,50.0073748],[5.7149828,50.007615],[5.7159301,50.0080184],[5.7168085,50.0084064],[5.717623,50.0087661]]}},{"type":"Feature","properties":{"h":"secondary","c":2},"geometry":{"type":"LineString","coordinates":[[5.7027802,50.0169949],[5.7033889,50.016812],[5.7050324,50.0163314],[5.7055894,50.0161774]]}},{"type":"Feature","properties":{"h":"secondary","c":2},"geometry":{"type":"LineString","coordinates":[[5.7190968,50.0075105],[5.7190199,50.0075835],[5.7189303,50.0076949],[5.7187657,50.0078712],[5.7184041,50.008154],[5.7183064,50.0082343],[5.7179059,50.0085479],[5.717623,50.0087661],[5.7173422,50.0089909],[5.717117,50.0091955],[5.7170192,50.0093211],[5.7168998,50.0094881],[5.7167205,50.0098066],[5.7164606,50.0102178],[5.7163159,50.0103537],[5.7160292,50.0105695],[5.7156983,50.0107254],[5.7154367,50.0108029],[5.7150545,50.0108844],[5.7147616,50.0109036],[5.7144055,50.010948]]}},{"type":"Feature","properties":{"h":"secondary","c":2},"geometry":{"type":"LineString","coordinates":[[5.7235016,50.0059849],[5.7235574,50.0060088],[5.7239696,50.0061743],[5.7242707,50.0062964],[5.724326,50.006321],[5.7247861,50.0065062]]}},{"type":"Feature","properties":{"h":"secondary","c":2},"geometry":{"type":"LineString","coordinates":[[5.7221662,50.0054481],[5.7223062,50.0054491],[5.7223972,50.0054421],[5.7224714,50.0054364]]}},{"type":"Feature","properties":{"h":"secondary","c":2},"geometry":{"type":"LineString","coordinates":[[5.7224433,50.0055503],[5.722306,50.0054968],[5.7221662,50.0054481]]}},{"type":"Feature","properties":{"h":"secondary","c":2},"geometry":{"type":"LineString","coordinates":[[5.7229121,50.0057403],[5.722729,50.0056611],[5.7226484,50.0056287],[5.7225875,50.0056043]]}},{"type":"Feature","properties":{"h":"tertiary","c":2},"geometry":{"type":"LineString","coordinates":[[5.7406851,50.0122214],[5.740709,50.0122311],[5.7414694,50.0125408],[5.7421476,50.0128202],[5.7426569,50.0130111],[5.7429569,50.0131155],[5.7434131,50.0132079],[5.7439068,50.0132882],[5.7443193,50.0133525],[5.7446318,50.0134489],[5.744888,50.0135573],[5.745163,50.0136818],[5.7456254,50.0139227],[5.7461191,50.0141637],[5.7465253,50.0143364],[5.7469315,50.0144729],[5.7473878,50.0145693],[5.747844,50.0146295],[5.7487814,50.0147621],[5.7494688,50.0148544],[5.7500688,50.0149267],[5.7506562,50.0150673],[5.7516749,50.0154608],[5.7526248,50.0158142],[5.7539809,50.0163443],[5.7549496,50.0167017],[5.7556683,50.0169185],[5.756137,50.0170711],[5.7565495,50.0172518],[5.7568932,50.0174365],[5.7573994,50.0176775],[5.7577618,50.0178421],[5.7580743,50.0179545],[5.7583618,50.0180268],[5.759193,50.0181152],[5.7596366,50.0182105],[5.7599388,50.0183219],[5.7601618,50.0184874],[5.760387,50.0186861],[5.7604134,50.0187744],[5.7604504,50.0190556],[5.7605101,50.0192572],[5.7606121,50.01937],[5.7607638,50.0194394],[5.760927,50.0194684],[5.7613232,50.019489],[5.7623832,50.0195428],[5.7631126,50.0195796]]}},{"type":"Feature","properties":{"h":"unclassified","c":3},"geometry":{"type":"LineString","coordinates":[[5.7410893,50.0179817],[5.7414848,50.0178439],[5.7417962,50.0177456],[5.7419686,50.0177076],[5.742111,50.0176896],[5.7424942,50.0176682],[5.7427406,50.0176593],[5.7428763,50.0176555]]}},{"type":"Feature","properties":{"h":"primary","c":1},"geometry":{"type":"LineString","coordinates":[[5.7660138,49.9795718],[5.7656977,49.9797133],[5.764805,49.9801151]]}},{"type":"Feature","properties":{"h":"primary","c":1},"geometry":{"type":"LineString","coordinates":[[5.764106,49.9804258],[5.7634015,49.9807442],[5.7631815,49.9808448],[5.7629298,49.9809779],[5.7627006,49.9811123],[5.7625172,49.981243],[5.7623983,49.981339],[5.7622816,49.9814453],[5.7620647,49.9816711],[5.7618488,49.981914]]}},{"type":"Feature","properties":{"h":"track","c":4},"geometry":{"type":"LineString","coordinates":[[5.7651386,49.9835555],[5.7651706,49.9836474],[5.7650803,49.9840053],[5.7649388,49.9852295],[5.7648118,49.9864064],[5.7647165,49.9866901],[5.764544,49.9870649],[5.7643106,49.9873999],[5.7637964,49.9881362],[5.7634169,49.9887654],[5.7632096,49.9894121],[5.7629572,49.9902023],[5.7628749,49.9908708],[5.7626351,49.9915807],[5.7625419,49.9918806],[5.7626064,49.992351],[5.7626297,49.9931982],[5.7626297,49.993881],[5.7626244,49.9945259],[5.7626316,49.9954155],[5.7626419,49.9958623]]}},{"type":"Feature","properties":{"h":"track","c":4},"geometry":{"type":"LineString","coordinates":[[5.764106,49.9804258],[5.764216,49.9805226],[5.7642678,49.980626],[5.7646701,49.9807709],[5.7651261,49.9809882],[5.7653353,49.9812986],[5.7653497,49.9814051],[5.7653889,49.9816953],[5.7654318,49.9824749],[5.7652065,49.9833545],[5.7651386,49.9835555]]}},{"type":"Feature","properties":{"h":"secondary","c":2},"geometry":{"type":"LineString","coordinates":[[5.7538638,50.0065615],[5.7551973,50.0064335]]}},{"type":"Feature","properties":{"h":"tertiary","c":2},"geometry":{"type":"LineString","coordinates":[[5.7399945,50.0119557],[5.7406851,50.0122214]]}},{"type":"Feature","properties":{"h":"tertiary","c":2},"geometry":{"type":"LineString","coordinates":[[5.7625865,50.0031298],[5.7626009,50.0034788],[5.7625265,50.0040133],[5.7622821,50.004596],[5.7621182,50.0049625],[5.7620982,50.0050581],[5.7620951,50.0051448]]}},{"type":"Feature","properties":{"h":"secondary","c":2},"geometry":{"type":"LineString","coordinates":[[5.7551973,50.0064335],[5.7571491,50.006252],[5.7592171,50.0060482]]}},{"type":"Feature","properties":{"h":"residential","c":3},"geometry":{"type":"LineString","coordinates":[[5.7617326,50.0055646],[5.7613536,50.0056158],[5.7607253,50.0056998],[5.7605371,50.0057287],[5.7603834,50.0057389],[5.7598164,50.0057201],[5.7595055,50.005708],[5.7588175,50.0057283],[5.7583277,50.005739],[5.7578308,50.0057482],[5.7573239,50.0057948],[5.7568595,50.0058704],[5.7561068,50.005925],[5.7560053,50.0059447],[5.7558996,50.0059772]]}},{"type":"Feature","properties":{"h":"tertiary","c":2},"geometry":{"type":"LineString","coordinates":[[5.7632516,50.0054588],[5.7634154,50.0054071],[5.7634991,50.0053841],[5.7635667,50.0053731],[5.7636615,50.0053841],[5.7637307,50.0054055],[5.7637809,50.0054426],[5.7638156,50.0054873],[5.76384,50.0055468]]}},{"type":"Feature","properties":{"h":"primary","c":1},"geometry":{"type":"LineString","coordinates":[[5.7896841,49.9824672],[5.7895609,49.9824281],[5.7879887,49.9819274],[5.7808814,49.979632],[5.7805572,49.9795421],[5.7802147,49.9794591],[5.7797728,49.9793654],[5.7795009,49.9793311],[5.779214,49.9793011],[5.7787542,49.9792754]]}},{"type":"Feature","properties":{"h":"primary","c":1},"geometry":{"type":"LineString","coordinates":[[5.7475694,49.9909102],[5.7437455,49.9915857]]}},{"type":"Feature","properties":{"h":"secondary","c":2},"geometry":{"type":"LineString","coordinates":[[5.8087634,49.9980004],[5.8084229,49.9979641],[5.806802,49.9977332],[5.8058996,49.9975586],[5.8016064,49.9965167],[5.800152,49.9960436],[5.7994774,49.9958126],[5.7990656,49.9956493],[5.7985837,49.9954015],[5.7983373,49.9952118],[5.7977541,49.9947864],[5.7972775,49.9944295],[5.7969467,49.9941664],[5.7966701,49.9938884],[5.7966383,49.9938564],[5.7962065,49.9934166],[5.7959598,49.9932472],[5.7956401,49.9930345],[5.7955565,49.9929836],[5.7954327,49.9929083],[5.795345,49.9928875],[5.7951747,49.992847],[5.7945019,49.9927245],[5.7935757,49.9925292],[5.7932168,49.9924807],[5.7929566,49.9924455],[5.7924763,49.9923923]]}},{"type":"Feature","properties":{"h":"primary","c":1},"geometry":{"type":"LineString","coordinates":[[5.7278367,50.0188392],[5.7282249,50.0192945]]}},{"type":"Feature","properties":{"h":"secondary","c":2},"geometry":{"type":"LineString","coordinates":[[5.7292612,50.0204662],[5.7289137,50.0201848],[5.7284469,50.0198173],[5.728096,50.0195969],[5.7276731,50.0193571],[5.7275891,50.0193033]]}},{"type":"Feature","properties":{"h":"residential","c":3},"geometry":{"type":"LineString","coordinates":[[5.749723,50.0592445],[5.7497341,50.0591872],[5.7497145,50.0591353],[5.7496838,50.0590985],[5.7491978,50.0586748],[5.7485271,50.0582328],[5.7479117,50.0577548],[5.7474536,50.0574176],[5.7471253,50.0571501],[5.7468979,50.0569514],[5.7467357,50.056795]]}},{"type":"Feature","properties":{"h":"track","c":4},"geometry":{"type":"LineString","coordinates":[[5.7334142,50.0443966],[5.73312,50.0445592],[5.7316408,50.0456914],[5.7313442,50.0459315],[5.7309791,50.0462271],[5.7307893,50.0463971],[5.7306989,50.0464947],[5.7306627,50.0465338],[5.7305879,50.0466816],[5.7305361,50.0468663],[5.7305099,50.0470787],[5.7305476,50.0472321],[5.7305838,50.0473406],[5.7306167,50.047439],[5.730772,50.047668],[5.7309446,50.0478601],[5.7333725,50.0494968],[5.7351348,50.0506863]]}},{"type":"Feature","properties":{"h":"residential","c":3},"geometry":{"type":"LineString","coordinates":[[5.7348834,50.0462829],[5.7349731,50.0464874],[5.7350749,50.0467406],[5.7352089,50.0471157],[5.7353422,50.0474509],[5.7354667,50.0477382],[5.7355339,50.0479174],[5.7356641,50.0482041],[5.7357457,50.0483904],[5.7358054,50.0486085],[5.7358666,50.0488741],[5.7359955,50.0491111],[5.7361619,50.049337],[5.7365468,50.0498067],[5.7367893,50.0501288],[5.7369245,50.0503636],[5.737048,50.0508598],[5.7371857,50.051436],[5.7372619,50.0515105]]}},{"type":"Feature","properties":{"h":"unclassified","c":3},"geometry":{"type":"LineString","coordinates":[[5.7429922,50.04767],[5.7428592,50.0473961],[5.7424749,50.0464913],[5.7417753,50.0454757],[5.7412196,50.0444065],[5.740979,50.0436391],[5.7407339,50.0429219],[5.7407456,50.0427693],[5.7407974,50.0423913],[5.7407953,50.0422571],[5.7402385,50.0411963],[5.7401409,50.0409516],[5.740114,50.0408223],[5.7399494,50.0403991],[5.7396742,50.0399057],[5.7394539,50.0395494],[5.7392549,50.0392266],[5.7390371,50.0389044],[5.7388412,50.0386354],[5.7384083,50.0380596],[5.7380621,50.0375873],[5.7377797,50.0372595],[5.7374257,50.0369039],[5.737271,50.0367317],[5.7371767,50.0366091],[5.7370172,50.0363435],[5.7368939,50.0360854],[5.7367832,50.0358478],[5.7367475,50.0357103],[5.7367579,50.035533],[5.7367805,50.0354015],[5.7367843,50.0352073],[5.7367319,50.0348758],[5.736681,50.0346544],[5.7366071,50.0344521],[5.7365664,50.0342831],[5.7365325,50.0340683],[5.7365153,50.0338965],[5.7364904,50.0337822],[5.7363983,50.0336247],[5.7361246,50.0332398],[5.7360448,50.0331344],[5.7359387,50.0329498],[5.7358371,50.0327591],[5.7357229,50.0324398],[5.735663,50.0322031],[5.7356411,50.0319849],[5.7356539,50.0317413],[5.7356995,50.0313891],[5.7357346,50.0311315],[5.7357833,50.0308321],[5.7358006,50.0306603],[5.7358006,50.0304385],[5.7357574,50.029934],[5.7357645,50.0298542],[5.735819,50.0298044],[5.7359249,50.0297677],[5.7361854,50.0297116],[5.7365005,50.0296485],[5.7368357,50.0295383],[5.7370261,50.0294628],[5.7371551,50.0294084]]}},{"type":"Feature","properties":{"h":"track","c":4},"geometry":{"type":"LineString","coordinates":[[5.7401409,50.0409516],[5.7450579,50.0384555]]}},{"type":"Feature","properties":{"h":"primary","c":1},"geometry":{"type":"LineString","coordinates":[[5.7213446,50.0078655],[5.721833,50.0089489],[5.7223308,50.0100386]]}},{"type":"Feature","properties":{"h":"secondary","c":2},"geometry":{"type":"LineString","coordinates":[[5.6967054,50.0189576],[5.697375,50.0187195]]}},{"type":"Feature","properties":{"h":"residential","c":3},"geometry":{"type":"LineString","coordinates":[[5.7143986,50.0121125],[5.7136177,50.0117147]]}},{"type":"Feature","properties":{"h":"primary","c":1},"geometry":{"type":"LineString","coordinates":[[5.7091945,50.001736],[5.7093943,50.0017266],[5.7106066,50.0016694],[5.7107327,50.0016635],[5.7108289,50.0016589],[5.7110415,50.0016489],[5.7112508,50.001639],[5.7114623,50.001629],[5.712026,50.0016025],[5.7121532,50.0015893]]}},{"type":"Feature","properties":{"h":"residential","c":3},"geometry":{"type":"LineString","coordinates":[[5.7199256,50.0033752],[5.7200242,50.0032856],[5.7204948,50.003151],[5.721017,50.0029957],[5.7215606,50.002838]]}},{"type":"Feature","properties":{"h":"secondary","c":2},"geometry":{"type":"LineString","coordinates":[[5.7087099,50.015745],[5.7089918,50.0151806],[5.7092956,50.0145538],[5.7095668,50.0141699],[5.7098326,50.0138741],[5.7104623,50.0132553],[5.7111929,50.0125291],[5.7113076,50.0124243],[5.7115111,50.0122475]]}},{"type":"Feature","properties":{"h":"residential","c":3},"geometry":{"type":"LineString","coordinates":[[5.7243573,50.002762],[5.7244608,50.0027895],[5.7253261,50.0030438],[5.7257758,50.0031455],[5.7260547,50.0032086],[5.7261534,50.0032227],[5.7262326,50.0032256],[5.7263073,50.0032218],[5.726397,50.0032034],[5.7264643,50.0031814],[5.7265203,50.0031565],[5.7267823,50.0029631]]}},{"type":"Feature","properties":{"h":"tertiary","c":2},"geometry":{"type":"LineString","coordinates":[[5.7108289,50.0016589],[5.7108263,50.0016167],[5.7108255,50.0016037],[5.7108363,50.0015491],[5.710847,50.0014922],[5.7108391,50.0014411]]}},{"type":"Feature","properties":{"h":"residential","c":3},"geometry":{"type":"LineString","coordinates":[[5.7249989,50.0018974],[5.7251013,50.0019598],[5.7257514,50.0023561]]}},{"type":"Feature","properties":{"h":"residential","c":3},"geometry":{"type":"LineString","coordinates":[[5.6980065,50.0032634],[5.6978781,50.0037363],[5.6978781,50.0038237],[5.6979412,50.0039143],[5.698129,50.0040931],[5.6983688,50.0042881],[5.6984792,50.0043545],[5.6985395,50.0043791]]}},{"type":"Feature","properties":{"h":"residential","c":3},"geometry":{"type":"LineString","coordinates":[[5.7240594,50.0024606],[5.7241377,50.0024125],[5.7243964,50.0022534],[5.7249989,50.0018974],[5.7251617,50.0017919],[5.7264466,50.0009504],[5.7267741,50.0007055],[5.7271601,50.0004361],[5.7277138,50.0001308],[5.7280492,49.9999758],[5.7285372,49.9997133],[5.7294356,49.9993251]]}},{"type":"Feature","properties":{"h":"residential","c":3},"geometry":{"type":"LineString","coordinates":[[5.7257514,50.0023561],[5.7261968,50.0020742],[5.7265195,50.00187],[5.7273427,50.0013362],[5.7272339,50.0009847],[5.727179,50.0009118],[5.727045,50.0008368],[5.7267741,50.0007055]]}},{"type":"Feature","properties":{"h":"residential","c":3},"geometry":{"type":"LineString","coordinates":[[5.697973,49.9985054],[5.6980454,49.9983891],[5.6981278,49.9983052],[5.6985414,49.9980848],[5.6986692,49.9980299],[5.6987107,49.9980266],[5.6988285,49.9980173],[5.698961,49.9980512],[5.6993382,49.9981466],[5.699929,49.9983056],[5.7001488,49.9983277],[5.7007272,49.9982938],[5.7010761,49.9982968],[5.7014471,49.9983056],[5.7015555,49.9983251],[5.7017425,49.9983586],[5.7023813,49.9985176],[5.702608,49.9986015],[5.7026504,49.998629],[5.7027037,49.9986853],[5.7027529,49.9987683],[5.7028021,49.998879],[5.7028484,49.9990165],[5.7028827,49.9990405],[5.702924,49.9990695],[5.7032743,49.9992048],[5.7044696,49.9995287],[5.7045932,49.9995905],[5.7046276,49.9996524],[5.7045863,49.9997318],[5.704433,49.9999953],[5.7042281,50.0003679]]}},{"type":"Feature","properties":{"h":"residential","c":3},"geometry":{"type":"LineString","coordinates":[[5.7207006,50.0141284],[5.7204259,50.0145499],[5.7203091,50.0147971],[5.7201373,50.0151369],[5.7199038,50.0155254],[5.7191537,50.0165713],[5.7188115,50.0171486],[5.7184184,50.0179153]]}},{"type":"Feature","properties":{"h":"residential","c":3},"geometry":{"type":"LineString","coordinates":[[5.7019123,50.0037699],[5.7019607,50.0039029],[5.702546,50.0043248],[5.7030178,50.004629],[5.703236,50.0047122],[5.7035739,50.0047439],[5.7047647,50.0047665],[5.7065712,50.0049385],[5.7067956,50.0049218],[5.7069954,50.0048418],[5.7071918,50.0047265],[5.7072742,50.0046685]]}},{"type":"Feature","properties":{"h":"unclassified","c":3},"geometry":{"type":"LineString","coordinates":[[5.6987298,50.0021809],[5.6987339,50.0021476],[5.6987405,50.0020931],[5.6987544,50.0019786],[5.6988136,50.0019309]]}},{"type":"Feature","properties":{"h":"residential","c":3},"geometry":{"type":"LineString","coordinates":[[5.7243964,50.0022534],[5.7243262,50.0022109],[5.7239366,50.001975],[5.7237672,50.0019125],[5.7234885,50.0017316]]}},{"type":"Feature","properties":{"h":"residential","c":3},"geometry":{"type":"LineString","coordinates":[[5.7274778,50.0031359],[5.7273664,50.0035454],[5.727296,50.0037779]]}},{"type":"Feature","properties":{"h":"residential","c":3},"geometry":{"type":"LineString","coordinates":[[5.7162083,50.0115845],[5.7161151,50.011318],[5.7159859,50.0110902]]}},{"type":"Feature","properties":{"h":"tertiary","c":2},"geometry":{"type":"LineString","coordinates":[[5.720947,50.0069757],[5.7208278,50.0069943],[5.7206054,50.0070406],[5.7201475,50.0070376],[5.7199959,50.0070361],[5.7199097,50.0070353]]}},{"type":"Feature","properties":{"h":"residential","c":3},"geometry":{"type":"LineString","coordinates":[[5.7224987,50.0045622],[5.7221448,50.0043839],[5.7218401,50.0042533],[5.7216404,50.0041708],[5.7214386,50.0040218],[5.721074,50.0036934],[5.7210446,50.0036663]]}},{"type":"Feature","properties":{"h":"secondary","c":2},"geometry":{"type":"LineString","coordinates":[[5.7275891,50.0193033],[5.7272862,50.0191638]]}},{"type":"Feature","properties":{"h":"secondary","c":2},"geometry":{"type":"LineString","coordinates":[[5.7275891,50.0193033],[5.7277865,50.0193535],[5.7278849,50.0193604],[5.7279536,50.0193613],[5.7280393,50.0193474],[5.7282249,50.0192945]]}},{"type":"Feature","properties":{"h":"service","c":4},"geometry":{"type":"LineString","coordinates":[[5.7386535,50.0096472],[5.7385452,50.0095814],[5.7384751,50.0095151],[5.7384268,50.0094417],[5.7384043,50.009377],[5.7384029,50.0092721],[5.7384332,50.0091878],[5.7384905,50.0091097],[5.738567,50.0090447],[5.7386622,50.0089907],[5.7387726,50.00895],[5.7389079,50.0089224],[5.7390494,50.0089149],[5.7392048,50.0089304],[5.7393504,50.0089705],[5.7394781,50.009034],[5.7395839,50.0091245],[5.7396375,50.0092073],[5.7396628,50.0093194],[5.7396394,50.0094304],[5.7395661,50.0095369]]}},{"type":"Feature","properties":{"h":"track","c":4},"geometry":{"type":"LineString","coordinates":[[5.7893112,50.0170668],[5.789873,50.017065],[5.7902026,50.0170761],[5.79039,50.017072],[5.7914222,50.0170097],[5.791914,50.0170648],[5.7923134,50.017109],[5.7926336,50.0171275],[5.793115,50.017092],[5.793317,50.017057],[5.793614,50.016978]]}},{"type":"Feature","properties":{"h":"service","c":4},"geometry":{"type":"LineString","coordinates":[[5.7684392,50.0058014],[5.7693699,50.0060376],[5.7698016,50.0062409],[5.7703512,50.0063992],[5.7709504,50.0066371],[5.771169,50.0067734],[5.7711108,50.0068909],[5.7709713,50.0069082],[5.7708158,50.0068708]]}},{"type":"Feature","properties":{"h":"track","c":4},"geometry":{"type":"LineString","coordinates":[[5.7915919,50.0116799],[5.7917114,50.0116812],[5.7918173,50.0117381],[5.7919326,50.0118381],[5.7921515,50.0122351],[5.7922783,50.0123199],[5.7923982,50.0123807],[5.793553,50.012653],[5.793761,50.012742],[5.794227,50.013024],[5.7943591,50.0130598],[5.794655,50.01314],[5.794796,50.013194],[5.795012,50.01332],[5.795212,50.013399],[5.795465,50.01347],[5.79577,50.01361],[5.796181,50.013839],[5.796687,50.014039],[5.796965,50.0141006],[5.7973726,50.0141862],[5.7975107,50.0141897],[5.798423,50.014175],[5.7989609,50.0141897],[5.7997445,50.0142333],[5.8002387,50.0143262],[5.800764,50.014511],[5.801082,50.014597],[5.801231,50.0146237],[5.80168,50.014617],[5.802006,50.014641],[5.802211,50.014685],[5.80242,50.01475],[5.802571,50.014759],[5.802664,50.014724],[5.80275,50.014635],[5.8028392,50.0143143],[5.8028924,50.0141734],[5.8031153,50.0138449],[5.8032776,50.013648],[5.8035352,50.0134532],[5.8039057,50.0132543],[5.8041942,50.0131486],[5.8045793,50.0130714],[5.8051479,50.0129636],[5.8054747,50.012921],[5.8060088,50.0128814],[5.8064823,50.01288],[5.807331,50.012903],[5.80751,50.012894],[5.807767,50.012857],[5.808132,50.012753],[5.8083336,50.012649],[5.8085172,50.0125408],[5.808826,50.012353]]}},{"type":"Feature","properties":{"h":"unclassified","c":3},"geometry":{"type":"LineString","coordinates":[[5.790462,50.011514],[5.7898906,50.0113689],[5.7892206,50.0112043],[5.789046,50.011162],[5.7887611,50.011093]]}},{"type":"Feature","properties":{"h":"track","c":4},"geometry":{"type":"LineString","coordinates":[[5.7571491,50.006252],[5.7573771,50.0067699],[5.7574093,50.0071043],[5.7573932,50.0073319],[5.7581656,50.0085489],[5.7581825,50.0087561],[5.7580315,50.0100382],[5.7579135,50.0108242]]}},{"type":"Feature","properties":{"h":"track","c":4},"geometry":{"type":"LineString","coordinates":[[5.7941813,50.0183525],[5.794354,50.0183493],[5.7948642,50.0185186],[5.795245,50.0186082],[5.7956527,50.0186185],[5.7964252,50.0185082],[5.7972937,50.0182976],[5.79827,50.0180081],[5.7994609,50.017884],[5.7999974,50.0176944]]}},{"type":"Feature","properties":{"h":"track","c":4},"geometry":{"type":"LineString","coordinates":[[5.7840478,50.0125898],[5.7840445,50.0125303],[5.7839476,50.012376],[5.7837477,50.0122446],[5.783759,50.0121022],[5.7837444,50.0118949],[5.7839526,50.011746]]}},{"type":"Feature","properties":{"h":"track","c":4},"geometry":{"type":"LineString","coordinates":[[5.7645414,50.0202817],[5.7644776,50.0201954],[5.7643971,50.020061],[5.7643864,50.0199869],[5.7640593,50.0200561],[5.76358,50.0201749]]}},{"type":"Feature","properties":{"h":"service","c":4},"geometry":{"type":"LineString","coordinates":[[5.775324,50.005814],[5.775267,50.005859]]}},{"type":"Feature","properties":{"h":"residential","c":3},"geometry":{"type":"LineString","coordinates":[[5.7772404,50.0059845],[5.7772341,50.0059131]]}},{"type":"Feature","properties":{"h":"service","c":4},"geometry":{"type":"LineString","coordinates":[[5.7764933,50.005804],[5.7763505,50.0056995],[5.7761183,50.0056373],[5.7758381,50.0056076],[5.7755472,50.0055964],[5.7747739,50.0055665],[5.7731829,50.0054981],[5.773079,50.0054936],[5.7724586,50.0054697],[5.7718501,50.0054398],[5.7709161,50.005405],[5.7703397,50.005386],[5.7702116,50.0054366],[5.770191,50.0054655],[5.7702165,50.0054936],[5.7703168,50.0055447],[5.7708879,50.00575],[5.7711526,50.0057406],[5.7714975,50.0057153],[5.7717438,50.0057216],[5.7719655,50.005785],[5.772138,50.0057881],[5.7722168,50.0056963],[5.7723843,50.0055506],[5.7724586,50.0054697]]}},{"type":"Feature","properties":{"h":"tertiary","c":2},"geometry":{"type":"LineString","coordinates":[[5.7634321,50.0195602],[5.7633651,50.01965],[5.7630323,50.0198394],[5.7628826,50.0199072]]}},{"type":"Feature","properties":{"h":"track","c":4},"geometry":{"type":"LineString","coordinates":[[5.7643511,50.0214661],[5.764255,50.021581],[5.7641906,50.0216499],[5.7639519,50.0217964],[5.7632626,50.0221221],[5.7632111,50.0221515],[5.7632057,50.0223341],[5.7630394,50.022584],[5.7632035,50.0227993],[5.7633216,50.0228459],[5.7636514,50.0228723],[5.7637368,50.0228615],[5.7639031,50.0226581],[5.7642898,50.0220825],[5.7641748,50.0219536],[5.7639519,50.0217964],[5.763858,50.0217464],[5.7636461,50.0216654],[5.7635871,50.0216103],[5.763571,50.0214879],[5.7637227,50.0213969]]}},{"type":"Feature","properties":{"h":"track","c":4},"geometry":{"type":"LineString","coordinates":[[5.7635422,50.021209],[5.7636751,50.021133],[5.764123,50.0209486],[5.7647453,50.0208331]]}},{"type":"Feature","properties":{"h":"track","c":4},"geometry":{"type":"LineString","coordinates":[[5.7647489,50.0202576],[5.7647234,50.0203064],[5.7647201,50.0203753],[5.7647297,50.0204677],[5.7647297,50.0207572],[5.7647453,50.0208331],[5.7649518,50.0208848],[5.7650409,50.0209071],[5.7650779,50.0209658],[5.7647426,50.0214518],[5.7646519,50.0214741],[5.7643511,50.0214661],[5.7640055,50.0214569],[5.7637614,50.0214379],[5.7637227,50.0213969],[5.7637078,50.0213811],[5.7635422,50.021209],[5.7632921,50.0210295],[5.7631445,50.0207956],[5.763142,50.0207234],[5.763174,50.0206486],[5.7632253,50.0205893],[5.7633375,50.0205222],[5.7635473,50.020307],[5.7634515,50.0202075],[5.763363,50.0200958],[5.7632883,50.0200596],[5.7632293,50.019993]]}},{"type":"Feature","properties":{"h":"service","c":4},"geometry":{"type":"LineString","coordinates":[[5.775267,50.005859],[5.7751089,50.005994],[5.7749709,50.0060731],[5.7745732,50.0060723],[5.774302,50.0060373],[5.7738826,50.0059807],[5.7736622,50.005977],[5.7733999,50.0059816],[5.7732917,50.0059944],[5.773007,50.0060779]]}},{"type":"Feature","properties":{"h":"track","c":4},"geometry":{"type":"LineString","coordinates":[[5.764123,50.0209486],[5.764035,50.0208623],[5.7639438,50.0207452],[5.7639063,50.0206693],[5.7639063,50.0205452],[5.7639519,50.0203488],[5.7640593,50.0200561]]}},{"type":"Feature","properties":{"h":"track","c":4},"geometry":{"type":"LineString","coordinates":[[5.7634515,50.0202075],[5.76358,50.0201749],[5.7636899,50.0203931],[5.7637341,50.0203868],[5.7639519,50.0203488],[5.7641525,50.0202989],[5.7643515,50.0202506],[5.7645414,50.0202817],[5.7647201,50.0203753]]}},{"type":"Feature","properties":{"h":"track","c":4},"geometry":{"type":"LineString","coordinates":[[5.702291,50.0546409],[5.7025482,50.0542355],[5.7027145,50.0541769],[5.7039912,50.0542906],[5.7041951,50.0539772],[5.7043764,50.0538399],[5.7048761,50.0537671],[5.7052409,50.0537671],[5.7055788,50.0536879],[5.7067107,50.0532401],[5.7071605,50.0530202],[5.7076817,50.0527372],[5.7082181,50.0525719],[5.7088932,50.0524174],[5.7096389,50.0521659],[5.7101163,50.0519937],[5.71076,50.0518663]]}},{"type":"Feature","properties":{"h":"track","c":4},"geometry":{"type":"LineString","coordinates":[[5.7277903,50.0579317],[5.7273146,50.0578352],[5.7268837,50.0577948],[5.7262932,50.0577118],[5.7256793,50.0576957],[5.7247773,50.057601],[5.7238304,50.0573416]]}},{"type":"Feature","properties":{"h":"track","c":4},"geometry":{"type":"LineString","coordinates":[[5.7297,50.0532049],[5.7293918,50.0533567],[5.728979,50.053506],[5.7280476,50.0538438],[5.727592,50.0540858],[5.7271767,50.0543257],[5.726779,50.0545477],[5.7264364,50.0547255],[5.7261451,50.0549078],[5.7259337,50.0550677],[5.7250217,50.0560151],[5.7245327,50.0564482],[5.7241228,50.0569363],[5.7238304,50.0573416]]}},{"type":"Feature","properties":{"h":"unclassified","c":3},"geometry":{"type":"LineString","coordinates":[[5.7008957,50.055234],[5.7010347,50.0548478],[5.7012302,50.0544496],[5.7012829,50.0543974],[5.7013825,50.0543912],[5.7018345,50.0544949],[5.701902,50.0544763]]}},{"type":"Feature","properties":{"h":"service","c":4},"geometry":{"type":"LineString","coordinates":[[5.7255471,50.0064855],[5.7255371,50.0065249],[5.7252609,50.0067029]]}},{"type":"Feature","properties":{"h":"track","c":4},"geometry":{"type":"LineString","coordinates":[[5.796448,49.9785758],[5.7966626,49.9789897],[5.7966921,49.9795831],[5.7967418,49.9801311],[5.7967511,49.9804455],[5.7966699,49.9806733],[5.7964249,49.9809574],[5.7962465,49.9810632],[5.795867,49.9812472],[5.7948856,49.9817028]]}},{"type":"Feature","properties":{"h":"track","c":4},"geometry":{"type":"LineString","coordinates":[[5.7753553,49.9717467],[5.7757046,49.9719164],[5.776355,49.9720426],[5.7766166,49.9721388],[5.7772925,49.9725374],[5.7773582,49.9725714],[5.7783439,49.9730825],[5.7787007,49.9732985],[5.7791092,49.9736423],[5.7792971,49.9737546],[5.7799211,49.9739865],[5.7801437,49.9741242],[5.780479,49.9743315],[5.7806022,49.9744499],[5.7806417,49.9745347],[5.7807061,49.9746793],[5.7807666,49.9747434],[5.7808663,49.9748076],[5.78103,49.974883],[5.7811902,49.9749395],[5.7812515,49.9749663],[5.781336,49.9750142],[5.7816162,49.9751733],[5.7819256,49.975421],[5.7820133,49.9754875],[5.7821849,49.9756286],[5.7824281,49.9757484],[5.7827473,49.9759056],[5.7833285,49.9760772],[5.7835023,49.9760919],[5.783991,49.9761168],[5.7842063,49.9761333],[5.7843709,49.9761739],[5.7849847,49.9762878],[5.7857795,49.9763921],[5.7864326,49.9765939],[5.786677,49.9767374],[5.7868238,49.9768775],[5.7868966,49.9769863],[5.7869353,49.9771106],[5.7870067,49.9772082],[5.7873309,49.9774593],[5.7874945,49.9776349],[5.7876712,49.9777298],[5.7880044,49.9779113],[5.7883509,49.9781756],[5.7887312,49.9784088],[5.7889734,49.978608],[5.7891528,49.9787882],[5.7892209,49.978872],[5.7893563,49.9790404],[5.7895991,49.9791726],[5.7898083,49.9792334],[5.7900485,49.979322],[5.7904113,49.97959],[5.7906709,49.9797052],[5.7907456,49.9797383],[5.791388,49.9799927],[5.7920167,49.9802138],[5.7923023,49.9803348],[5.7925011,49.9804732],[5.7931017,49.980896],[5.7932322,49.9809875],[5.7934103,49.9810836],[5.7936077,49.9811789],[5.7943022,49.9814872],[5.7948856,49.9817028],[5.7959437,49.9821564],[5.7972296,49.9827994],[5.7979327,49.9836082],[5.7979608,49.9837156],[5.7978482,49.9840667]]}},{"type":"Feature","properties":{"h":"residential","c":3},"geometry":{"type":"LineString","coordinates":[[5.7186866,50.0041869],[5.7184025,50.0043579],[5.7183413,50.0043856]]}},{"type":"Feature","properties":{"h":"tertiary","c":2},"geometry":{"type":"LineString","coordinates":[[5.7680245,50.0175195],[5.7684197,50.0173536],[5.7697227,50.0166762],[5.7704571,50.0162779],[5.770949,50.0160488],[5.7712989,50.0159294],[5.7716704,50.0158469],[5.77209,50.0158049],[5.7725372,50.015774]]}},{"type":"Feature","properties":{"h":"tertiary","c":2},"geometry":{"type":"LineString","coordinates":[[5.7766607,50.0154809],[5.7768832,50.0153883],[5.7772037,50.0152549],[5.7773861,50.0151815],[5.7775674,50.015134],[5.7778351,50.015095],[5.7792549,50.0149494],[5.7794424,50.0149195],[5.7802548,50.0147733],[5.7819262,50.0144627],[5.7822571,50.014392],[5.7824392,50.0143772],[5.7826589,50.0143941],[5.7830012,50.014449],[5.7833395,50.0144782],[5.7836393,50.0144676],[5.7845008,50.0143255],[5.7847213,50.0142869],[5.7850158,50.0142478],[5.7850578,50.0142422],[5.7852201,50.0142206],[5.7861026,50.013987]]}},{"type":"Feature","properties":{"h":"residential","c":3},"geometry":{"type":"LineString","coordinates":[[5.711245,50.0035118],[5.7112107,50.0035076],[5.711183,50.0034968],[5.7111613,50.0034787],[5.711152,50.0034587],[5.7111539,50.0034379],[5.7111668,50.0034187],[5.7111847,50.0034058],[5.7112128,50.0033953],[5.7112429,50.0033917],[5.711275,50.003395],[5.7113134,50.003411],[5.7113309,50.0034286],[5.7113381,50.0034489],[5.711334,50.0034696],[5.7113196,50.0034877],[5.711296,50.003502],[5.7112662,50.0035102],[5.711245,50.0035118]]}},{"type":"Feature","properties":{"h":"track","c":4},"geometry":{"type":"LineString","coordinates":[[5.7771684,50.0401922],[5.7759591,50.0392467],[5.7746453,50.0382783],[5.7742355,50.037995],[5.7724113,50.0367606],[5.7714242,50.0361059],[5.7702977,50.035179],[5.7696861,50.0347862],[5.7681978,50.0338514],[5.7680393,50.0338111],[5.7678944,50.0338283],[5.7676906,50.0338662],[5.7669235,50.0341453],[5.7656253,50.0342763],[5.7650405,50.0344072],[5.7649654,50.0344417],[5.7648957,50.0345002],[5.7647562,50.034676],[5.764686,50.034813],[5.7644129,50.0353548],[5.7643432,50.0355098],[5.7638872,50.0360404],[5.7636683,50.036264],[5.7629645,50.0366365],[5.7628274,50.0367388],[5.762589,50.0366296],[5.7618433,50.0355512],[5.7609475,50.0346415],[5.7604808,50.0344038],[5.7597359,50.0341898],[5.7596171,50.0341557],[5.7580453,50.0331116],[5.7580239,50.033022],[5.7582331,50.0327463],[5.7584048,50.0323845],[5.7587171,50.0318029],[5.7588822,50.0313301],[5.7591729,50.0304981],[5.7592362,50.030317],[5.7593435,50.029931],[5.7593864,50.0297449],[5.7594075,50.0296289],[5.7583896,50.0293371],[5.7578346,50.0291592],[5.7572426,50.0290225],[5.7571571,50.0289973],[5.7569762,50.0289259],[5.7568738,50.0288788],[5.7566059,50.0287568]]}},{"type":"Feature","properties":{"h":"track","c":4},"geometry":{"type":"LineString","coordinates":[[5.7415726,50.0188204],[5.7414907,50.0189197],[5.7423008,50.0198917],[5.7428694,50.0205707],[5.7442588,50.0220562],[5.7446826,50.0225801],[5.7446919,50.0227496],[5.7446826,50.0230867],[5.7448972,50.0237312],[5.7449562,50.0249616],[5.7450205,50.0251615],[5.7452673,50.0254647],[5.7453317,50.0256681],[5.7453478,50.0258576],[5.7452458,50.0262436],[5.7452351,50.0263918],[5.7453317,50.0266089],[5.7454658,50.0269156],[5.7454068,50.0270742],[5.7448167,50.0276359]]}},{"type":"Feature","properties":{"h":"track","c":4},"geometry":{"type":"LineString","coordinates":[[5.7318944,50.0432085],[5.7313895,50.0425143],[5.7311589,50.0423696],[5.7300109,50.0416461],[5.7284016,50.0408261],[5.7280477,50.0406752],[5.7274583,50.040454],[5.7266024,50.0400377],[5.725695,50.0396476],[5.724724,50.0394359],[5.7240815,50.0393033],[5.7235456,50.0392438],[5.7232318,50.039162],[5.722976,50.0391092],[5.7224631,50.0389605],[5.721227,50.0385366],[5.7208779,50.0383541],[5.7208316,50.0383283],[5.7206249,50.0382014],[5.7201597,50.0379549],[5.7201145,50.0378924]]}},{"type":"Feature","properties":{"h":"track","c":4},"geometry":{"type":"LineString","coordinates":[[5.717151,50.036822],[5.7170182,50.0368174],[5.7168412,50.036845],[5.716327,50.0368491],[5.7160795,50.0368915],[5.7159776,50.036957],[5.7155913,50.0374014],[5.7154626,50.037491],[5.7151783,50.0375806],[5.7148457,50.0376013],[5.7144702,50.0376426],[5.7142878,50.0376426],[5.714202,50.0376564],[5.7141537,50.0376977],[5.7141644,50.0377667],[5.7143522,50.038249],[5.7144826,50.0388114],[5.7145348,50.0389947],[5.7145109,50.0391313],[5.714262,50.0393752],[5.7141846,50.0396028],[5.7138737,50.0402947],[5.7135368,50.0410156],[5.7134187,50.041305],[5.7132256,50.0415634],[5.712893,50.0418287],[5.7127022,50.0420217],[5.7123619,50.042311],[5.711983,50.0425099],[5.7116834,50.0427175],[5.7115431,50.042882],[5.7114231,50.0431141]]}},{"type":"Feature","properties":{"h":"track","c":4},"geometry":{"type":"LineString","coordinates":[[5.7207191,50.0557233],[5.7207063,50.0558365],[5.7206204,50.0559277],[5.7198355,50.0568216],[5.7193606,50.0574345],[5.7188601,50.0581813],[5.718725,50.0584586],[5.7186834,50.0585897],[5.7185042,50.0591548],[5.7184077,50.0601742],[5.7184785,50.0610097]]}},{"type":"Feature","properties":{"h":"track","c":4},"geometry":{"type":"LineString","coordinates":[[5.7115897,50.0441257],[5.7118791,50.0441482],[5.7125603,50.0441895],[5.7137031,50.043882],[5.7147438,50.0436856],[5.7150764,50.0436753],[5.716929,50.0435689],[5.7172906,50.0436339]]}},{"type":"Feature","properties":{"h":"residential","c":3},"geometry":{"type":"LineString","coordinates":[[5.7024268,50.0057244],[5.7022168,50.0062161],[5.7021655,50.0063361],[5.7019657,50.0068066],[5.7016843,50.0074503]]}},{"type":"Feature","properties":{"h":"residential","c":3},"geometry":{"type":"LineString","coordinates":[[5.7030825,50.0078977],[5.7035277,50.0068924],[5.7036031,50.0066774],[5.7032759,50.0066153],[5.702769,50.0064378],[5.7024507,50.0063833]]}},{"type":"Feature","properties":{"h":"residential","c":3},"geometry":{"type":"LineString","coordinates":[[5.7089549,49.988491],[5.7089743,49.9884492],[5.7090142,49.9884139],[5.7090699,49.9883891],[5.7091354,49.9883775],[5.709203,49.9883806],[5.7092653,49.9883979],[5.7093151,49.9884275],[5.7093449,49.9884622],[5.7093569,49.9885011],[5.7093501,49.9885405],[5.7093251,49.9885768],[5.7092842,49.9886065],[5.7092313,49.9886269]]}},{"type":"Feature","properties":{"h":"residential","c":3},"geometry":{"type":"LineString","coordinates":[[5.7465061,49.98518],[5.7478239,49.9851624],[5.7483715,49.9850916]]}},{"type":"Feature","properties":{"h":"service","c":4},"geometry":{"type":"LineString","coordinates":[[5.735016,50.0080888],[5.7349676,50.0083413],[5.7349276,50.0086078],[5.7348364,50.0087113],[5.734595,50.0087492],[5.7344716,50.0086423],[5.7345038,50.0084734],[5.7347023,50.0083975],[5.7349676,50.0083413]]}},{"type":"Feature","properties":{"h":"secondary","c":2},"geometry":{"type":"LineString","coordinates":[[5.7207241,50.0066022],[5.7207999,50.0065687]]}},{"type":"Feature","properties":{"h":"service","c":4},"geometry":{"type":"LineString","coordinates":[[5.6901349,50.0026147],[5.6902689,50.0030105],[5.6905003,50.0029781],[5.6903739,50.0026049]]}},{"type":"Feature","properties":{"h":"primary","c":1},"geometry":{"type":"LineString","coordinates":[[5.7184115,49.9958722],[5.7184826,49.9957639],[5.7185734,49.9956232],[5.7193439,49.9944677]]}},{"type":"Feature","properties":{"h":"primary","c":1},"geometry":{"type":"LineString","coordinates":[[5.6916309,50.002417],[5.6917813,50.0024481],[5.6919893,50.0024657],[5.692179,50.0024683],[5.6925431,50.002451],[5.6931204,50.0024248]]}},{"type":"Feature","properties":{"h":"primary","c":1},"geometry":{"type":"LineString","coordinates":[[5.7027031,50.0020473],[5.7028825,50.0020389],[5.7033748,50.0020158],[5.7046208,50.0019574],[5.7056503,50.001908],[5.7057425,50.0019035],[5.7076383,50.0018125],[5.7086176,50.0017655],[5.7091945,50.001736]]}},{"type":"Feature","properties":{"h":"residential","c":3},"geometry":{"type":"LineString","coordinates":[[5.7181199,50.0028517],[5.7174214,50.0032948],[5.7173853,50.0033885]]}},{"type":"Feature","properties":{"h":"service","c":4},"geometry":{"type":"LineString","coordinates":[[5.7172951,50.0036555],[5.7172736,50.0037336],[5.7172717,50.0037404],[5.7171953,50.0038103]]}},{"type":"Feature","properties":{"h":"service","c":4},"geometry":{"type":"LineString","coordinates":[[5.7171953,50.0038103],[5.7170813,50.0037287],[5.7167925,50.0035484],[5.7166565,50.0036592],[5.7169095,50.003836],[5.7170813,50.0037287]]}},{"type":"Feature","properties":{"h":"service","c":4},"geometry":{"type":"LineString","coordinates":[[5.7159214,50.0028704],[5.7157242,50.0029403],[5.7155082,50.0029707],[5.7146867,50.003379]]}},{"type":"Feature","properties":{"h":"service","c":4},"geometry":{"type":"LineString","coordinates":[[5.7155574,50.001818],[5.7154798,50.0018778],[5.7156918,50.0020482],[5.7158468,50.0020424]]}},{"type":"Feature","properties":{"h":"track","c":4},"geometry":{"type":"LineString","coordinates":[[5.7771684,50.0401922],[5.777031,50.0402387],[5.7756738,50.0405918],[5.7751186,50.0406676],[5.7746599,50.0406866],[5.7739008,50.0407434],[5.7735227,50.0408674],[5.7728843,50.0411465],[5.7727341,50.0411637],[5.7720635,50.0408123],[5.7713125,50.0404471],[5.7707573,50.0402111],[5.7704354,50.0400698],[5.7698721,50.0397514]]}},{"type":"Feature","properties":{"h":"unclassified","c":3},"geometry":{"type":"LineString","coordinates":[[5.7408679,50.018076],[5.7409793,50.0180339]]}},{"type":"Feature","properties":{"h":"unclassified","c":3},"geometry":{"type":"LineString","coordinates":[[5.7409793,50.0180339],[5.7410893,50.0179817]]}},{"type":"Feature","properties":{"h":"track","c":4},"geometry":{"type":"LineString","coordinates":[[5.6905888,50.0114519],[5.6899168,50.0115078]]}},{"type":"Feature","properties":{"h":"track","c":4},"geometry":{"type":"LineString","coordinates":[[5.6899168,50.0115078],[5.6895006,50.0116159],[5.6891297,50.0117826],[5.6887466,50.011981],[5.6886307,50.0120177],[5.6880246,50.0121866],[5.6877175,50.0122846],[5.6874907,50.0123732],[5.6873231,50.0124834],[5.687275,50.0125347],[5.6872409,50.0125868],[5.6871993,50.0126697],[5.6871769,50.0127471],[5.6871396,50.0128978],[5.6871044,50.0130273],[5.6870532,50.0131657],[5.6869804,50.0133137],[5.6869157,50.0134213],[5.686795,50.0136026],[5.6866108,50.0137913],[5.6863485,50.014001],[5.6862461,50.0141058],[5.6858879,50.0145489],[5.685777,50.0146525],[5.6856362,50.0147491],[5.6853889,50.0148773],[5.6849922,50.0150479],[5.6847975,50.015135],[5.6846169,50.0152226],[5.6844783,50.0153096],[5.6843365,50.0154117],[5.6841936,50.0155336],[5.6840945,50.0156247],[5.6840113,50.0157145],[5.6839403,50.0158048],[5.6839132,50.0158878],[5.6839068,50.0159447],[5.683909,50.0160714],[5.6839388,50.0162201],[5.6840369,50.0164414],[5.6841489,50.0166326],[5.684296,50.016836],[5.6843962,50.0169532],[5.6845583,50.017121],[5.684682,50.0172402],[5.6848451,50.0173752],[5.6849976,50.0174835],[5.6851596,50.0175746],[5.6853078,50.0176499],[5.6855819,50.0177801],[5.6857567,50.017863],[5.6859604,50.0179719],[5.6861022,50.0180809],[5.6862179,50.0182084],[5.6863282,50.0183761],[5.6863869,50.0184899],[5.6864519,50.0186283],[5.6864988,50.018747],[5.6865894,50.0189893],[5.6866427,50.0190996],[5.6866918,50.0192044],[5.6867718,50.0193133],[5.686921,50.0194805],[5.6870127,50.0195826],[5.6872025,50.0197874],[5.687372,50.0199614],[5.6874787,50.0200868],[5.6875512,50.0201984],[5.6876365,50.0203971],[5.6876802,50.020528],[5.6876898,50.0206328],[5.6876723,50.0207483],[5.6876514,50.0208472]]}},{"type":"Feature","properties":{"h":"track","c":4},"geometry":{"type":"LineString","coordinates":[[5.762382,50.046192],[5.7625345,50.0462068],[5.7630539,50.046238],[5.7634604,50.0462458],[5.7644438,50.0464201],[5.7648225,50.0464903],[5.7652009,50.0465293],[5.7655927,50.0465653],[5.7657217,50.0465742],[5.76583,50.0465722],[5.7663083,50.0465542],[5.767058,50.0464562],[5.7674337,50.0464247],[5.7679308,50.0463915],[5.7685098,50.046365],[5.7688311,50.0463584],[5.7691632,50.0463616],[5.7695118,50.0463442],[5.7697878,50.0463283],[5.7701199,50.0463213],[5.7703909,50.0463294],[5.7706479,50.0463594],[5.770932,50.0464036],[5.7713449,50.0464959],[5.7715296,50.046524],[5.7716934,50.0465328],[5.7719589,50.0465331],[5.772143,50.0465037],[5.772372,50.046454],[5.7729039,50.0463192],[5.7736725,50.0460643],[5.7740833,50.0459336],[5.774498,50.0458362],[5.7746825,50.0458029],[5.774857,50.0457875],[5.7756319,50.0457104],[5.7758947,50.0456835],[5.7761457,50.0456673],[5.7764791,50.0456423],[5.7764929,50.045642],[5.7766988,50.0456381],[5.7768973,50.0456422],[5.7770135,50.0456633],[5.7771964,50.0457003],[5.777545,50.0457714],[5.7784096,50.045922],[5.778878,50.0460091],[5.7791953,50.0460362],[5.7794374,50.0460494],[5.7796354,50.0460482],[5.7798792,50.0460422],[5.780172,50.0459974],[5.7803766,50.0459677],[5.780653,50.0459639],[5.7808454,50.0459767],[5.7810551,50.0460072],[5.7814814,50.0460673],[5.78168,50.0460807],[5.7819285,50.0460874],[5.7821817,50.0460784],[5.7825444,50.0460449],[5.7828639,50.0460276],[5.7834197,50.0460121],[5.7838931,50.0460102],[5.784381,50.045994],[5.7849546,50.0459718]]}},{"type":"Feature","properties":{"h":"residential","c":3},"geometry":{"type":"LineString","coordinates":[[5.7630761,50.0055563],[5.7629826,50.0055708],[5.7628683,50.0055742],[5.7625713,50.0055466],[5.7623674,50.0055354],[5.7621824,50.0055338],[5.7617326,50.0055646]]}},{"type":"Feature","properties":{"h":"pedestrian","c":4},"geometry":{"type":"LineString","coordinates":[[5.7216462,50.0056198],[5.7216803,50.0056327],[5.722,50.0057394],[5.7220951,50.0056207],[5.722014,50.0055904],[5.7218304,50.0055574],[5.7217246,50.0055389],[5.7216839,50.0055809],[5.7216462,50.0056198]]}},{"type":"Feature","properties":{"h":"track","c":4},"geometry":{"type":"LineString","coordinates":[[5.7817832,49.9887926],[5.7818749,49.9887424],[5.7819782,49.9886822],[5.7820916,49.9886353],[5.7822014,49.988617],[5.7823035,49.9886112],[5.7824724,49.9886008],[5.7826574,49.988586],[5.7828988,49.988548],[5.7830277,49.988518],[5.7832181,49.9884594],[5.7834218,49.9883532],[5.7835774,49.9882911],[5.7836525,49.9882411],[5.7837383,49.9881842],[5.7838322,49.9881342],[5.7840093,49.9881128],[5.7844196,49.9880479],[5.7847897,49.9879996],[5.7850821,49.9879445],[5.786139,49.9877161],[5.7864877,49.9876903],[5.7866218,49.987673],[5.7870052,49.9875806],[5.7873673,49.9875357],[5.787633,49.9874626],[5.7878394,49.987378],[5.788536,49.9871324],[5.7889273,49.9869752]]}},{"type":"Feature","properties":{"h":"track","c":4},"geometry":{"type":"LineString","coordinates":[[5.7661217,49.9838997],[5.7663095,49.98391],[5.7666904,49.9838755],[5.7667762,49.9838376],[5.766905,49.9837686],[5.7671517,49.9836203],[5.7673824,49.983465],[5.7675862,49.9833892],[5.7676935,49.9833133],[5.7677954,49.9830304],[5.767951,49.9823716],[5.7681428,49.981629]]}},{"type":"Feature","properties":{"h":"track","c":4},"geometry":{"type":"LineString","coordinates":[[5.7688877,49.9842717],[5.7688469,49.9842342],[5.7675862,49.9833892]]}},{"type":"Feature","properties":{"h":"track","c":4},"geometry":{"type":"LineString","coordinates":[[5.764544,49.9870649],[5.764258,49.987034],[5.763938,49.986971],[5.763401,49.986837],[5.762583,49.9866854],[5.762008,49.986566],[5.761332,49.986481],[5.761099,49.986435],[5.760905,49.986361],[5.760793,49.986356],[5.760543,49.98639],[5.760471,49.986428],[5.760439,49.986483],[5.760277,49.987088],[5.760197,49.987591],[5.760131,49.987782],[5.760124,49.987965],[5.760078,49.988056],[5.759971,49.988191],[5.759756,49.988408],[5.759592,49.98853],[5.758839,49.989193],[5.758252,49.989601],[5.757273,49.990379],[5.756774,49.990716],[5.756169,49.991179],[5.755245,49.992045],[5.7552,49.992147],[5.755199,49.992254],[5.755315,49.99351],[5.755319,49.994165],[5.755339,49.99438],[5.755319,49.995644],[5.755358,49.995911],[5.755557,49.996609]]}},{"type":"Feature","properties":{"h":"track","c":4},"geometry":{"type":"LineString","coordinates":[[5.7653497,49.9814051],[5.7654458,49.9813919],[5.7664329,49.9814126],[5.7670122,49.981454],[5.7679456,49.9815851],[5.7681428,49.981629],[5.7682246,49.9816472],[5.7699841,49.9817645],[5.7711321,49.9818956],[5.771969,49.9821301],[5.7728487,49.9825372],[5.7739002,49.983096],[5.7751447,49.983979],[5.7752627,49.9840825],[5.7752734,49.9855312],[5.7754236,49.9856209],[5.7762454,49.9858213]]}},{"type":"Feature","properties":{"h":"track","c":4},"geometry":{"type":"LineString","coordinates":[[5.7673397,49.9844815],[5.7674284,49.9844849],[5.7675487,49.9844757],[5.7685035,49.9843929],[5.768761,49.9843584],[5.7688791,49.984286],[5.7688877,49.9842717],[5.7690239,49.9840445],[5.7691097,49.983879],[5.7691956,49.9838203],[5.7693672,49.9837824],[5.7695925,49.98381],[5.7702899,49.9839514],[5.7709605,49.9840859],[5.7711697,49.9840963],[5.7713145,49.9840894],[5.7715613,49.9840721],[5.7720065,49.9839997],[5.7728004,49.9839962],[5.7736752,49.9840049]]}},{"type":"Feature","properties":{"h":"track","c":4},"geometry":{"type":"LineString","coordinates":[[5.6863485,50.014001],[5.686167,50.0139533],[5.6859231,50.0138954],[5.6851941,50.0137064],[5.6840944,50.0134409],[5.6835475,50.0132961],[5.6832417,50.013141],[5.6824907,50.0130031],[5.6817718,50.0128446],[5.6814178,50.0127411],[5.6802752,50.0123275],[5.6788375,50.0118207],[5.6787195,50.0118242],[5.6785631,50.0120718],[5.6782045,50.0124998],[5.6774419,50.0134059],[5.6773937,50.0138575],[5.6772703,50.0143126],[5.677222,50.0147159],[5.6769913,50.015719],[5.6768787,50.0162567],[5.676841,50.0168436]]}},{"type":"Feature","properties":{"h":"service","c":4},"geometry":{"type":"LineString","coordinates":[[5.6905927,50.0574878],[5.6905722,50.0569328],[5.6905512,50.056778],[5.6905766,50.056615],[5.6907096,50.0562737],[5.6907897,50.0560331]]}},{"type":"Feature","properties":{"h":"track","c":4},"geometry":{"type":"LineString","coordinates":[[5.68889,49.99408],[5.6891477,49.9942431],[5.6893462,49.9943502],[5.690515,49.9950391],[5.6912017,49.9957288],[5.6924033,49.996584],[5.6937337,49.9972599],[5.6954959,49.9979481]]}},{"type":"Feature","properties":{"h":"residential","c":3},"geometry":{"type":"LineString","coordinates":[[5.7151373,50.0060517],[5.7152623,50.005983],[5.7159687,50.0056157],[5.7160269,50.0056051],[5.7160855,50.0056125],[5.7184984,50.0065198]]}},{"type":"Feature","properties":{"h":"service","c":4},"geometry":{"type":"LineString","coordinates":[[5.7118909,50.0028007],[5.7115075,50.0026027],[5.7109507,50.0024328],[5.7106884,50.0023528]]}},{"type":"Feature","properties":{"h":"trunk","c":1},"geometry":{"type":"LineString","coordinates":[[5.7194502,49.9793878],[5.7195418,49.9798144],[5.7196311,49.9805397],[5.7196481,49.9809031],[5.7196471,49.9809592],[5.7196461,49.9810153],[5.7196478,49.9812549]]}},{"type":"Feature","properties":{"h":"primary","c":1},"geometry":{"type":"LineString","coordinates":[[5.7138948,50.0012778],[5.713744,50.0013596],[5.7135919,50.0014271],[5.7134099,50.001485],[5.713188,50.0015256],[5.7130478,50.001539],[5.7129027,50.001547]]}},{"type":"Feature","properties":{"h":"primary","c":1},"geometry":{"type":"LineString","coordinates":[[5.7137212,49.9994393],[5.7148561,50.0001248],[5.7149729,50.0002168],[5.7151122,50.0003419],[5.7152737,50.0005111]]}},{"type":"Feature","properties":{"h":"residential","c":3},"geometry":{"type":"LineString","coordinates":[[5.7187861,50.00555],[5.7187924,50.005647],[5.7188013,50.0057569],[5.7188112,50.0058157]]}},{"type":"Feature","properties":{"h":"residential","c":3},"geometry":{"type":"LineString","coordinates":[[5.7188112,50.0058157],[5.7188159,50.0058855],[5.7188433,50.0061261],[5.7188644,50.0063819],[5.7189626,50.0071136]]}},{"type":"Feature","properties":{"h":"residential","c":3},"geometry":{"type":"LineString","coordinates":[[5.7185458,50.0047558],[5.7186873,50.004794],[5.7189117,50.0049821],[5.7191336,50.0051414],[5.7193731,50.0052648],[5.7196773,50.0054139]]}},{"type":"Feature","properties":{"h":"residential","c":3},"geometry":{"type":"LineString","coordinates":[[5.7101738,50.0001326],[5.7103241,50.0002212]]}},{"type":"Feature","properties":{"h":"residential","c":3},"geometry":{"type":"LineString","coordinates":[[5.7103526,49.999842],[5.7102584,49.9997737],[5.7101747,49.9997131]]}},{"type":"Feature","properties":{"h":"residential","c":3},"geometry":{"type":"LineString","coordinates":[[5.7094808,49.9994247],[5.7093392,49.9995301]]}},{"type":"Feature","properties":{"h":"residential","c":3},"geometry":{"type":"LineString","coordinates":[[5.7093392,49.9995301],[5.7092565,49.9995958]]}},{"type":"Feature","properties":{"h":"residential","c":3},"geometry":{"type":"LineString","coordinates":[[5.7101747,49.9997131],[5.7101139,49.9996708],[5.7096509,49.9993299],[5.7094808,49.9994247]]}},{"type":"Feature","properties":{"h":"residential","c":3},"geometry":{"type":"LineString","coordinates":[[5.7103241,50.0002212],[5.7104518,50.0002965]]}},{"type":"Feature","properties":{"h":"primary","c":1},"geometry":{"type":"LineString","coordinates":[[5.7210041,50.006426],[5.7210392,50.006445],[5.7210639,50.0064699],[5.7210762,50.0064983],[5.7210748,50.0065278],[5.7210581,50.0065578],[5.7210275,50.0065828],[5.720986,50.0066003],[5.7209381,50.0066084]]}},{"type":"Feature","properties":{"h":"service","c":4},"geometry":{"type":"LineString","coordinates":[[5.6981961,49.9829081],[5.6983721,49.9826821],[5.6985131,49.9825323],[5.6985935,49.9824624],[5.6986249,49.9824016],[5.6986307,49.982322],[5.698571,49.9822657],[5.6984656,49.9822382],[5.6983511,49.9822411],[5.6981605,49.9823348]]}},{"type":"Feature","properties":{"h":"service","c":4},"geometry":{"type":"LineString","coordinates":[[5.6983721,49.9826821],[5.6979023,49.9824675]]}},{"type":"Feature","properties":{"h":"secondary","c":2},"geometry":{"type":"LineString","coordinates":[[5.7222202,50.018254],[5.7224642,50.0182751]]}},{"type":"Feature","properties":{"h":"secondary","c":2},"geometry":{"type":"LineString","coordinates":[[5.7224642,50.0182751],[5.7226157,50.0182863],[5.7231177,50.0183249],[5.7240768,50.0184084],[5.7245667,50.0184546],[5.7247941,50.0184821],[5.7250438,50.0185209],[5.725601,50.0186214]]}},{"type":"Feature","properties":{"h":"residential","c":3},"geometry":{"type":"LineString","coordinates":[[5.7080131,50.0010617],[5.708318,50.0006756],[5.7083483,50.0006372],[5.7087338,50.000214]]}},{"type":"Feature","properties":{"h":"cycleway","c":4},"geometry":{"type":"LineString","coordinates":[[5.7188932,50.0060074],[5.7187592,50.0059699]]}},{"type":"Feature","properties":{"h":"cycleway","c":4},"geometry":{"type":"LineString","coordinates":[[5.7104518,50.0002965],[5.7104987,50.0003245],[5.7113476,50.0008335],[5.7118719,50.0011465],[5.7124115,50.0014699],[5.7126176,50.0015992],[5.7126953,50.0016479],[5.7127983,50.0017231],[5.7131377,50.0019709],[5.7134765,50.0022622],[5.7138357,50.0025903],[5.7143115,50.0030371],[5.7146867,50.003379],[5.7147161,50.0034058],[5.7153567,50.0039953],[5.7156632,50.0042627],[5.7159202,50.0044868],[5.7161831,50.0046857],[5.7163852,50.0048331]]}},{"type":"Feature","properties":{"h":"residential","c":3},"geometry":{"type":"LineString","coordinates":[[5.7267823,50.0029631],[5.7263015,50.00268],[5.7257514,50.0023561]]}},{"type":"Feature","properties":{"h":"residential","c":3},"geometry":{"type":"LineString","coordinates":[[5.7196773,50.0054139],[5.7200212,50.0056005],[5.7204901,50.0057556],[5.7209442,50.0058987]]}},{"type":"Feature","properties":{"h":"residential","c":3},"geometry":{"type":"LineString","coordinates":[[5.7234885,50.0017316],[5.7232954,50.0018241],[5.7231769,50.0018972],[5.7230401,50.0020016],[5.7227341,50.0022672]]}},{"type":"Feature","properties":{"h":"primary","c":1},"geometry":{"type":"LineString","coordinates":[[5.7158742,50.0009903],[5.7159504,50.0010467],[5.7161933,50.0012509],[5.7165761,50.0015559],[5.7166154,50.0015872],[5.7167876,50.0017287],[5.7173782,50.0022199],[5.7174315,50.0022627],[5.71773,50.0025167],[5.7180224,50.0027747],[5.7180292,50.0027801],[5.7181199,50.0028517]]}},{"type":"Feature","properties":{"h":"secondary","c":2},"geometry":{"type":"LineString","coordinates":[[5.6759923,50.0715548],[5.676341,50.0712601],[5.6768256,50.07081],[5.6772512,50.0703671],[5.6776265,50.069921],[5.6786543,50.0685986],[5.679392,50.0676499],[5.6798425,50.0670737],[5.67993,50.0669618],[5.6802619,50.0666378],[5.6806909,50.0663624],[5.681572,50.0658549],[5.6818666,50.0656665],[5.6821278,50.0654674],[5.6824998,50.0651067],[5.6831013,50.0644289],[5.6837587,50.0636593]]}},{"type":"Feature","properties":{"h":"tertiary","c":2},"geometry":{"type":"LineString","coordinates":[[5.7511861,50.0602154],[5.7511094,50.0601288],[5.7509948,50.0600307],[5.7507751,50.0598716],[5.749723,50.0592445],[5.7491234,50.0589359],[5.7484061,50.0585811],[5.748248,50.0585038],[5.7480346,50.058419],[5.747681,50.0583136],[5.7463937,50.0579867],[5.7459422,50.0578479],[5.7457618,50.0577727],[5.7453823,50.0575798]]}},{"type":"Feature","properties":{"h":"tertiary","c":2},"geometry":{"type":"LineString","coordinates":[[5.7560864,50.0643311],[5.7559389,50.0642873],[5.7550351,50.0640048],[5.7547711,50.0639035],[5.7543213,50.0637252],[5.7540085,50.0635342],[5.7538401,50.0633862],[5.7537058,50.0632676],[5.7531888,50.0624668],[5.7530597,50.062286],[5.752867,50.0621047],[5.7524558,50.0617602],[5.7521324,50.061513],[5.7517882,50.0612061],[5.7516564,50.0610656],[5.7515152,50.0608397],[5.7513284,50.0604363],[5.7511861,50.0602154]]}},{"type":"Feature","properties":{"h":"service","c":4},"geometry":{"type":"LineString","coordinates":[[5.7513284,50.0604363],[5.7502949,50.0610885],[5.7500435,50.0611797],[5.7498892,50.0612014],[5.7498172,50.0612052],[5.7496168,50.0613729]]}},{"type":"Feature","properties":{"h":"primary","c":1},"geometry":{"type":"LineString","coordinates":[[5.7592118,50.0611903],[5.7603095,50.062958]]}},{"type":"Feature","properties":{"h":"primary","c":1},"geometry":{"type":"LineString","coordinates":[[5.7603095,50.062958],[5.7604456,50.0631794],[5.7605908,50.0634155],[5.760635,50.0634875],[5.7607907,50.063736]]}},{"type":"Feature","properties":{"h":"primary","c":1},"geometry":{"type":"LineString","coordinates":[[5.761289,50.0645438],[5.76138,50.0646782],[5.762149,50.0659159]]}},{"type":"Feature","properties":{"h":"tertiary","c":2},"geometry":{"type":"LineString","coordinates":[[5.7605746,50.0647076],[5.7603982,50.0655383],[5.7603187,50.0659221],[5.7602765,50.0661259],[5.760125,50.0668576]]}},{"type":"Feature","properties":{"h":"primary","c":1},"geometry":{"type":"LineString","coordinates":[[5.7521152,50.0497352],[5.7554483,50.0551268]]}},{"type":"Feature","properties":{"h":"primary","c":1},"geometry":{"type":"LineString","coordinates":[[5.7489965,50.0447049],[5.7490518,50.044794],[5.7491129,50.0448926],[5.749426,50.0453977],[5.7521152,50.0497352]]}},{"type":"Feature","properties":{"h":"primary","c":1},"geometry":{"type":"LineString","coordinates":[[5.7554483,50.0551268],[5.7560684,50.05613],[5.7563205,50.0565377],[5.7592118,50.0611903]]}},{"type":"Feature","properties":{"h":"primary","c":1},"geometry":{"type":"LineString","coordinates":[[5.7236411,50.0128865],[5.7237494,50.0131316],[5.7238414,50.0133328],[5.7238616,50.0133748]]}},{"type":"Feature","properties":{"h":"primary","c":1},"geometry":{"type":"LineString","coordinates":[[5.7244153,50.014582],[5.7244439,50.014642],[5.724578,50.0149157],[5.7247193,50.0151604]]}},{"type":"Feature","properties":{"h":"primary","c":1},"geometry":{"type":"LineString","coordinates":[[5.7223308,50.0100386],[5.7224151,50.0102182],[5.7228773,50.0112285],[5.7229035,50.0112856],[5.7229438,50.0113701],[5.7229983,50.0114867],[5.7233234,50.0122002]]}},{"type":"Feature","properties":{"h":"primary","c":1},"geometry":{"type":"LineString","coordinates":[[5.7247193,50.0151604],[5.724812,50.0153195],[5.7249168,50.0154686],[5.7250086,50.0155879],[5.7250989,50.0157052],[5.7253051,50.0159514],[5.7259525,50.0166975]]}},{"type":"Feature","properties":{"h":"residential","c":3},"geometry":{"type":"LineString","coordinates":[[5.7210954,50.012196],[5.7211336,50.0119696],[5.721204,50.0117417],[5.7214639,50.0112111],[5.7217893,50.0105852],[5.7219642,50.0103589],[5.7221561,50.0101295],[5.7223308,50.0100386]]}},{"type":"Feature","properties":{"h":"residential","c":3},"geometry":{"type":"LineString","coordinates":[[5.7244358,50.0075309],[5.7251316,50.006829],[5.7252609,50.0067029]]}},{"type":"Feature","properties":{"h":"residential","c":3},"geometry":{"type":"LineString","coordinates":[[5.7243114,50.0076904],[5.7244358,50.0075309]]}},{"type":"Feature","properties":{"h":"primary","c":1},"geometry":{"type":"LineString","coordinates":[[5.7259525,50.0166975],[5.7271247,50.018043]]}},{"type":"Feature","properties":{"h":"unclassified","c":3},"geometry":{"type":"LineString","coordinates":[[5.7226157,50.0182863],[5.7226704,50.0181773],[5.7227266,50.018128],[5.7228612,50.0180763],[5.7231893,50.018098],[5.7234005,50.0181167],[5.7236095,50.0181369],[5.7237645,50.0181355],[5.7239443,50.0181037],[5.7240866,50.0180295],[5.7244994,50.017717]]}},{"type":"Feature","properties":{"h":"residential","c":3},"geometry":{"type":"LineString","coordinates":[[5.7259525,50.0166975],[5.7260492,50.0166885],[5.7261751,50.0166769],[5.7264743,50.0166431],[5.7268884,50.0165905],[5.7271645,50.0165314],[5.7273639,50.0164131],[5.7275633,50.0162652],[5.7277934,50.0161141],[5.7280491,50.0159893],[5.7281922,50.0159531],[5.7283558,50.015963],[5.728499,50.0160714],[5.7286268,50.0162422],[5.7288175,50.0163927],[5.7289847,50.0162915],[5.7291483,50.0161963],[5.7292352,50.0160583],[5.7292199,50.0159203],[5.7291739,50.015779],[5.7290307,50.0154965],[5.7289949,50.0153979],[5.7290614,50.0151778],[5.7290972,50.0150464],[5.7290716,50.0148032],[5.7289847,50.0146094],[5.7287495,50.0142874]]}},{"type":"Feature","properties":{"h":"unclassified","c":3},"geometry":{"type":"LineString","coordinates":[[5.7244994,50.017717],[5.7253599,50.0170656],[5.7257778,50.0167567],[5.7258844,50.0167206],[5.7259525,50.0166975]]}},{"type":"Feature","properties":{"h":"unclassified","c":3},"geometry":{"type":"LineString","coordinates":[[5.7361135,50.0171534],[5.7362482,50.0171188],[5.7365528,50.0170114],[5.7367345,50.0169642],[5.736955,50.0169407],[5.7371492,50.0169374],[5.7373132,50.0169407],[5.7375393,50.0169672],[5.737746,50.0170096],[5.7381803,50.0171232],[5.738572,50.0172158],[5.7390875,50.0173421],[5.7396287,50.0174668],[5.7397709,50.0175013],[5.7399435,50.0175661],[5.7400246,50.0176416],[5.7401435,50.0177499],[5.7403033,50.0179215],[5.7404237,50.0180403],[5.7405339,50.018094],[5.7406493,50.0181187],[5.740746,50.0181127]]}},{"type":"Feature","properties":{"h":"track","c":4},"geometry":{"type":"LineString","coordinates":[[5.740746,50.0181127],[5.7408448,50.0182195],[5.7411904,50.0185817],[5.7414907,50.0189197]]}},{"type":"Feature","properties":{"h":"track","c":4},"geometry":{"type":"LineString","coordinates":[[5.7428763,50.0176555],[5.7429828,50.0177027],[5.7432499,50.0179419],[5.7436182,50.0182925],[5.7439555,50.0186419],[5.7442455,50.0189983],[5.7444998,50.0193068],[5.7447542,50.0195303],[5.7449274,50.0196539],[5.7451025,50.0197558],[5.7455136,50.0199793],[5.7457025,50.0201088],[5.7458665,50.0202381],[5.7461091,50.0204772],[5.7463344,50.0206911],[5.7464741,50.0208067],[5.7469665,50.0211723],[5.7471357,50.0212903],[5.7473296,50.0214097],[5.7478271,50.0216744],[5.7481592,50.021871],[5.7483044,50.021966],[5.7484453,50.0220763],[5.7485115,50.0221295],[5.7485848,50.0221984],[5.7486584,50.0222829],[5.7487145,50.022367],[5.7487933,50.0225745],[5.7488967,50.0228807],[5.7490013,50.0231203],[5.7490726,50.0232159],[5.7491703,50.0233181],[5.749265,50.0234103],[5.7493971,50.0235068],[5.7497059,50.0236697],[5.7501564,50.0238751],[5.7503598,50.0239921],[5.750571,50.024128],[5.7509813,50.0245193],[5.7513986,50.0247918],[5.752034,50.0252964],[5.752228,50.0254404],[5.7526076,50.0256318],[5.7529879,50.0258071],[5.7533103,50.0259529],[5.7535671,50.0261275],[5.7538053,50.0263433],[5.7540683,50.0265916],[5.7542749,50.0267052],[5.7545028,50.0268442],[5.7547075,50.0269929],[5.7549228,50.0271134],[5.7551093,50.0271698],[5.7553436,50.0272083],[5.7556462,50.0272455],[5.7558386,50.0272768],[5.7560468,50.0273235],[5.7564154,50.027439],[5.7567612,50.0275873],[5.7571036,50.0277522],[5.7572338,50.0278166]]}},{"type":"Feature","properties":{"h":"track","c":4},"geometry":{"type":"LineString","coordinates":[[5.7550023,50.0301874],[5.7547401,50.0300597],[5.7540101,50.0296298],[5.7534625,50.029301],[5.7511232,50.0286181],[5.7497044,50.0281963]]}},{"type":"Feature","properties":{"h":"tertiary","c":2},"geometry":{"type":"LineString","coordinates":[[5.6775923,50.0321519],[5.6803666,50.0291132]]}},{"type":"Feature","properties":{"h":"service","c":4},"geometry":{"type":"LineString","coordinates":[[5.7171953,50.0038103],[5.7171982,50.0038811],[5.7167715,50.0041344],[5.7166668,50.0041395],[5.7163814,50.0043225],[5.7161847,50.0041861],[5.7164746,50.004009],[5.7166668,50.0041395]]}},{"type":"Feature","properties":{"h":"service","c":4},"geometry":{"type":"LineString","coordinates":[[5.7243097,50.0117499],[5.7247404,50.0117132]]}},{"type":"Feature","properties":{"h":"service","c":4},"geometry":{"type":"LineString","coordinates":[[5.7241411,50.0116179],[5.7247006,50.0115669]]}},{"type":"Feature","properties":{"h":"service","c":4},"geometry":{"type":"LineString","coordinates":[[5.723966,50.0114807],[5.7246586,50.0114129]]}},{"type":"Feature","properties":{"h":"service","c":4},"geometry":{"type":"LineString","coordinates":[[5.7238988,50.0113359],[5.7246179,50.0112596]]}},{"type":"Feature","properties":{"h":"service","c":4},"geometry":{"type":"LineString","coordinates":[[5.7237545,50.0111931],[5.7237718,50.0111858],[5.7245836,50.0111025],[5.7246179,50.0112596],[5.7246586,50.0114129]]}},{"type":"Feature","properties":{"h":"service","c":4},"geometry":{"type":"LineString","coordinates":[[5.7235453,50.0126852],[5.7233399,50.0127343],[5.7226862,50.0113378]]}},{"type":"Feature","properties":{"h":"service","c":4},"geometry":{"type":"LineString","coordinates":[[5.7211563,50.012646],[5.7211773,50.0125287],[5.7211967,50.0124203],[5.7222413,50.0122114]]}},{"type":"Feature","properties":{"h":"service","c":4},"geometry":{"type":"LineString","coordinates":[[5.7211773,50.0125287],[5.7221611,50.0123505]]}},{"type":"Feature","properties":{"h":"service","c":4},"geometry":{"type":"LineString","coordinates":[[5.7222727,50.0120394],[5.7225038,50.0119897],[5.7223472,50.011632]]}},{"type":"Feature","properties":{"h":"service","c":4},"geometry":{"type":"LineString","coordinates":[[5.7233399,50.0127343],[5.7232825,50.0127726],[5.7229865,50.0128054],[5.7229525,50.012737],[5.7227034,50.0127534],[5.7223777,50.0127575],[5.7222287,50.0127233],[5.7221414,50.0125865],[5.7220796,50.0124839]]}},{"type":"Feature","properties":{"h":"service","c":4},"geometry":{"type":"LineString","coordinates":[[5.7227034,50.0127534],[5.7226502,50.0125756],[5.7227417,50.0125578]]}},{"type":"Feature","properties":{"h":"service","c":4},"geometry":{"type":"LineString","coordinates":[[5.7238975,50.0134457],[5.7235584,50.0133492],[5.7233574,50.0128838],[5.7236162,50.01283]]}},{"type":"Feature","properties":{"h":"service","c":4},"geometry":{"type":"LineString","coordinates":[[5.7065112,50.0063304],[5.7064027,50.0064337],[5.7062584,50.0065705],[5.7061398,50.0066828],[5.7060098,50.0068059],[5.7058704,50.0069379],[5.7058447,50.0069622],[5.7057209,50.0070795],[5.7055956,50.0071982],[5.7054744,50.0073129],[5.7053449,50.0074355],[5.7052186,50.0075489]]}},{"type":"Feature","properties":{"h":"service","c":4},"geometry":{"type":"LineString","coordinates":[[5.7053449,50.0074355],[5.7061068,50.0077715]]}},{"type":"Feature","properties":{"h":"service","c":4},"geometry":{"type":"LineString","coordinates":[[5.7054744,50.0073129],[5.7061995,50.0076293]]}},{"type":"Feature","properties":{"h":"service","c":4},"geometry":{"type":"LineString","coordinates":[[5.7055956,50.0071982],[5.7062836,50.0075005]]}},{"type":"Feature","properties":{"h":"service","c":4},"geometry":{"type":"LineString","coordinates":[[5.7057209,50.0070795],[5.7063743,50.0073613]]}},{"type":"Feature","properties":{"h":"service","c":4},"geometry":{"type":"LineString","coordinates":[[5.7058447,50.0069622],[5.7064647,50.0072226]]}},{"type":"Feature","properties":{"h":"service","c":4},"geometry":{"type":"LineString","coordinates":[[5.7060098,50.0068059],[5.7065762,50.0070517]]}},{"type":"Feature","properties":{"h":"service","c":4},"geometry":{"type":"LineString","coordinates":[[5.7061398,50.0066828],[5.7066681,50.0069106]]}},{"type":"Feature","properties":{"h":"service","c":4},"geometry":{"type":"LineString","coordinates":[[5.7062584,50.0065705],[5.7067508,50.0067838]]}},{"type":"Feature","properties":{"h":"service","c":4},"geometry":{"type":"LineString","coordinates":[[5.7064027,50.0064337],[5.7068451,50.0066423]]}},{"type":"Feature","properties":{"h":"tertiary","c":2},"geometry":{"type":"LineString","coordinates":[[5.6915243,49.9751767],[5.6917186,49.9754336],[5.6921389,49.9760552],[5.6923968,49.9766028],[5.6931052,49.9780468],[5.6935959,49.9789523],[5.6941871,49.979617],[5.6946611,49.9799792],[5.6948096,49.9800711],[5.6959142,49.9807543],[5.6981961,49.9829081],[5.6982649,49.9829756]]}},{"type":"Feature","properties":{"h":"track","c":4},"geometry":{"type":"LineString","coordinates":[[5.6783893,50.0049122],[5.6784094,50.004944],[5.6789015,50.0049327],[5.6800549,50.0046431],[5.6801729,50.004681],[5.6803499,50.0048396],[5.6804205,50.0047947]]}},{"type":"Feature","properties":{"h":"primary","c":1},"geometry":{"type":"LineString","coordinates":[[5.7084864,49.9962398],[5.7092388,49.9967173],[5.7095771,49.9969176],[5.709954,49.9971442],[5.7119864,49.9983816]]}},{"type":"Feature","properties":{"h":"unclassified","c":3},"geometry":{"type":"LineString","coordinates":[[5.6926574,49.990453],[5.6924468,49.9909015],[5.6918131,49.9916568],[5.6917691,49.9917092],[5.6916475,49.9919196],[5.6914148,49.9922088],[5.6911688,49.9924731],[5.6909413,49.9926825],[5.6896909,49.9935284],[5.6895453,49.9936262],[5.68889,49.99408],[5.6858069,49.9961538],[5.6853113,49.9965327],[5.6850299,49.9969116],[5.6849226,49.997526]]}},{"type":"Feature","properties":{"h":"primary","c":1},"geometry":{"type":"LineString","coordinates":[[5.7016842,49.9920974],[5.7025895,49.9926479]]}},{"type":"Feature","properties":{"h":"residential","c":3},"geometry":{"type":"LineString","coordinates":[[5.782667,49.9914125],[5.7819661,49.9907337],[5.7806237,49.9895644],[5.7805171,49.9893659],[5.7800977,49.9893215],[5.779665,49.9893643],[5.7794986,49.9894224],[5.7783956,49.9898075],[5.77715,49.9903761],[5.7765605,49.9907765],[5.7762419,49.9910638],[5.776066,49.9911891],[5.7758236,49.9912533],[5.7749155,49.9913939],[5.7717586,49.9919105]]}},{"type":"Feature","properties":{"h":"track","c":4},"geometry":{"type":"LineString","coordinates":[[5.7752734,49.9855312],[5.7745118,49.9853224],[5.7722051,49.9848257],[5.7720763,49.9847567],[5.7720656,49.9842531],[5.7720065,49.9839997]]}},{"type":"Feature","properties":{"h":"track","c":4},"geometry":{"type":"LineString","coordinates":[[5.7748818,49.9840169],[5.7751447,49.983979]]}},{"type":"Feature","properties":{"h":"tertiary","c":2},"geometry":{"type":"LineString","coordinates":[[5.7111135,49.9918277],[5.710876,49.9916101]]}},{"type":"Feature","properties":{"h":"primary","c":1},"geometry":{"type":"LineString","coordinates":[[5.7218595,49.9887366],[5.7215173,49.9874377],[5.7208147,49.9847705],[5.7206805,49.984261]]}},{"type":"Feature","properties":{"h":"primary","c":1},"geometry":{"type":"LineString","coordinates":[[5.7193439,49.9944677],[5.7211461,49.99176],[5.7214893,49.991243],[5.721602,49.9910636],[5.7217135,49.9908414],[5.7218222,49.9905835],[5.7218948,49.9903507],[5.7219437,49.9901711],[5.7219571,49.9901218],[5.721983,49.9897887],[5.7219836,49.989589],[5.7219724,49.9893406],[5.7219427,49.9891053],[5.7218595,49.9887366]]}},{"type":"Feature","properties":{"h":"primary","c":1},"geometry":{"type":"LineString","coordinates":[[5.7170343,49.9978734],[5.7170999,49.9977847]]}},{"type":"Feature","properties":{"h":"primary","c":1},"geometry":{"type":"LineString","coordinates":[[5.7166457,49.998425],[5.716805,49.9981954],[5.7170343,49.9978734]]}},{"type":"Feature","properties":{"h":"service","c":4},"geometry":{"type":"LineString","coordinates":[[5.7174889,49.9972948],[5.7174403,49.9972955],[5.717397,49.9973097],[5.7173676,49.9973346],[5.7172755,49.9974694],[5.7172715,49.9974929],[5.7172794,49.9975159],[5.7172983,49.9975361],[5.7173263,49.9975513]]}},{"type":"Feature","properties":{"h":"primary","c":1},"geometry":{"type":"LineString","coordinates":[[5.7175275,49.9974228],[5.7175028,49.9973869],[5.7175016,49.9973388],[5.7174889,49.9972948],[5.7174929,49.997223],[5.7175319,49.9971443],[5.7176344,49.9969848],[5.7177874,49.9968174]]}},{"type":"Feature","properties":{"h":"primary","c":1},"geometry":{"type":"LineString","coordinates":[[5.7177874,49.9968174],[5.7184115,49.9958722]]}},{"type":"Feature","properties":{"h":"tertiary","c":2},"geometry":{"type":"LineString","coordinates":[[5.710522,50.0013309],[5.7088557,50.0011361],[5.7086433,50.0011173],[5.7080131,50.0010617]]}},{"type":"Feature","properties":{"h":"tertiary","c":2},"geometry":{"type":"LineString","coordinates":[[5.7068602,50.0009445],[5.7061989,50.000797],[5.7048947,50.000506],[5.7042281,50.0003679],[5.7029931,50.0000885],[5.702797,50.0000441],[5.7019694,49.9998274]]}},{"type":"Feature","properties":{"h":"residential","c":3},"geometry":{"type":"LineString","coordinates":[[5.7126811,50.0093999],[5.7124792,50.0091976],[5.7124644,50.0090634],[5.7125166,50.0089535],[5.71266,50.0088731],[5.7132589,50.0086729],[5.7135465,50.008508],[5.7138243,50.0083349],[5.713932,50.008214],[5.7140889,50.0079983]]}},{"type":"Feature","properties":{"h":"service","c":4},"geometry":{"type":"LineString","coordinates":[[5.7041239,50.0012555],[5.7039872,50.0016727],[5.7040623,50.0017589],[5.7045182,50.0017917],[5.7046041,50.0018537],[5.7046098,50.0018907],[5.7046143,50.0019172],[5.7046208,50.0019574]]}},{"type":"Feature","properties":{"h":"service","c":4},"geometry":{"type":"LineString","coordinates":[[5.71702,50.0025451],[5.7166557,50.0027558]]}},{"type":"Feature","properties":{"h":"service","c":4},"geometry":{"type":"LineString","coordinates":[[5.7091021,49.997209],[5.7090056,49.9972659],[5.7089814,49.9973469],[5.7089519,49.997878],[5.708799,49.9979573],[5.7087186,49.9980504],[5.7087159,49.9981538],[5.7087615,49.9982021],[5.7103699,49.9982161]]}},{"type":"Feature","properties":{"h":"service","c":4},"geometry":{"type":"LineString","coordinates":[[5.7229438,50.0113701],[5.7231864,50.0112229],[5.7234035,50.0110177],[5.7239267,50.0105231],[5.7245833,50.0099492]]}},{"type":"Feature","properties":{"h":"service","c":4},"geometry":{"type":"LineString","coordinates":[[5.7229531,50.0103214],[5.7229343,50.0101973],[5.7228645,50.0101318]]}},{"type":"Feature","properties":{"h":"service","c":4},"geometry":{"type":"LineString","coordinates":[[5.7217997,50.0072789],[5.7218556,50.0073888],[5.7220223,50.0077168],[5.7218147,50.0079495]]}},{"type":"Feature","properties":{"h":"service","c":4},"geometry":{"type":"LineString","coordinates":[[5.7218556,50.0073888],[5.7215288,50.0074582],[5.7211901,50.0075288]]}},{"type":"Feature","properties":{"h":"service","c":4},"geometry":{"type":"LineString","coordinates":[[5.7210567,50.0090907],[5.721833,50.0089489]]}},{"type":"Feature","properties":{"h":"service","c":4},"geometry":{"type":"LineString","coordinates":[[5.7230791,50.0105265],[5.7234035,50.0110177]]}},{"type":"Feature","properties":{"h":"service","c":4},"geometry":{"type":"LineString","coordinates":[[5.7259866,50.0129311],[5.7238414,50.0133328]]}},{"type":"Feature","properties":{"h":"residential","c":3},"geometry":{"type":"LineString","coordinates":[[5.7246455,50.0121209],[5.7247957,50.0122416],[5.7249434,50.0126417]]}},{"type":"Feature","properties":{"h":"service","c":4},"geometry":{"type":"LineString","coordinates":[[5.7261502,50.0141333],[5.7261845,50.0142208],[5.7261801,50.0142694],[5.726157,50.0143161],[5.7261209,50.0143418],[5.7260752,50.0143633],[5.7260283,50.0143798],[5.7259738,50.0143912],[5.7244439,50.014642]]}},{"type":"Feature","properties":{"h":"service","c":4},"geometry":{"type":"LineString","coordinates":[[5.7260617,50.0081908],[5.7256006,50.0080891],[5.7248039,50.0078984],[5.7243666,50.0077972],[5.7242543,50.0077787]]}},{"type":"Feature","properties":{"h":"track","c":4},"geometry":{"type":"LineString","coordinates":[[5.7097088,50.0254448],[5.7095282,50.0252277],[5.7093905,50.0250871],[5.7091769,50.0248994],[5.7087966,50.0245969],[5.7083321,50.0242566],[5.707836,50.0239158],[5.707301,50.0235884],[5.7063739,50.0230525]]}},{"type":"Feature","properties":{"h":"residential","c":3},"geometry":{"type":"LineString","coordinates":[[5.7049308,50.0206606],[5.7045703,50.0206933],[5.7043054,50.020723],[5.7041048,50.0207313],[5.7038638,50.020704],[5.7037638,50.0206602],[5.703706,50.0206157],[5.703635,50.0205025]]}},{"type":"Feature","properties":{"h":"service","c":4},"geometry":{"type":"LineString","coordinates":[[5.7850578,50.0142422],[5.7851009,50.0144544],[5.7848488,50.0145509],[5.7844964,50.0146115]]}},{"type":"Feature","properties":{"h":"residential","c":3},"geometry":{"type":"LineString","coordinates":[[5.7104518,50.0002965],[5.7106658,50.0001374],[5.7106867,50.0001064],[5.7106785,50.0000782],[5.7104917,49.9999428]]}},{"type":"Feature","properties":{"h":"service","c":4},"geometry":{"type":"LineString","coordinates":[[5.7229852,50.0064292],[5.7229688,50.0064547],[5.7229003,50.0065615],[5.7228371,50.00666],[5.7227647,50.006773],[5.7226955,50.0068807]]}},{"type":"Feature","properties":{"h":"service","c":4},"geometry":{"type":"LineString","coordinates":[[5.7226955,50.0068807],[5.7234934,50.0071067]]}},{"type":"Feature","properties":{"h":"service","c":4},"geometry":{"type":"LineString","coordinates":[[5.7229688,50.0064547],[5.7237975,50.0067346]]}},{"type":"Feature","properties":{"h":"service","c":4},"geometry":{"type":"LineString","coordinates":[[5.7229003,50.0065615],[5.7237094,50.0068279]]}},{"type":"Feature","properties":{"h":"service","c":4},"geometry":{"type":"LineString","coordinates":[[5.7228371,50.00666],[5.7236394,50.0069126]]}},{"type":"Feature","properties":{"h":"service","c":4},"geometry":{"type":"LineString","coordinates":[[5.7227647,50.006773],[5.7235682,50.0070016]]}},{"type":"Feature","properties":{"h":"residential","c":3},"geometry":{"type":"LineString","coordinates":[[5.7012317,49.9972151],[5.7013594,49.9970394],[5.7014729,49.9968882],[5.7015227,49.9968423],[5.7015834,49.9968017],[5.701652,49.9967682],[5.7017247,49.9967431],[5.7018283,49.9967211],[5.7019418,49.9967126],[5.7020511,49.9967187],[5.7021557,49.9967377],[5.7025573,49.9968308],[5.7032321,49.9969949],[5.7034953,49.9970588],[5.7036235,49.9970997],[5.703719,49.9971655],[5.7037799,49.9972245],[5.7038153,49.9973148],[5.7038088,49.9974263],[5.7037513,49.9975226],[5.7035848,49.9976756]]}},{"type":"Feature","properties":{"h":"secondary","c":2},"geometry":{"type":"LineString","coordinates":[[5.7221402,50.0048474],[5.7222262,50.004894]]}},{"type":"Feature","properties":{"h":"secondary","c":2},"geometry":{"type":"LineString","coordinates":[[5.7213846,50.0046213],[5.7215555,50.0047362],[5.7217179,50.0048143],[5.7218319,50.004857],[5.7219582,50.0048586],[5.7221402,50.0048474]]}},{"type":"Feature","properties":{"h":"primary","c":1},"geometry":{"type":"LineString","coordinates":[[5.7282249,50.0192945],[5.7289231,50.0200636]]}},{"type":"Feature","properties":{"h":"primary","c":1},"geometry":{"type":"LineString","coordinates":[[5.735708,49.9930028],[5.7323127,49.9936015],[5.7294462,49.9941064],[5.7289447,49.9941903]]}},{"type":"Feature","properties":{"h":"primary","c":1},"geometry":{"type":"LineString","coordinates":[[5.7289447,49.9941903],[5.728465,49.994294],[5.7281443,49.9943677],[5.7277657,49.9944701],[5.7274108,49.9945712],[5.7251375,49.9952492]]}},{"type":"Feature","properties":{"h":"secondary","c":2},"geometry":{"type":"LineString","coordinates":[[5.7252609,50.0067029],[5.7254114,50.0067686],[5.7260371,50.0070507],[5.7263553,50.0071901],[5.7267619,50.0073715],[5.7270586,50.0075216],[5.7274948,50.0077252],[5.7277673,50.007848]]}},{"type":"Feature","properties":{"h":"secondary","c":2},"geometry":{"type":"LineString","coordinates":[[5.7199097,50.0070353],[5.720678,50.0066267],[5.7207241,50.0066022]]}},{"type":"Feature","properties":{"h":"residential","c":3},"geometry":{"type":"LineString","coordinates":[[5.7239333,50.0091769],[5.724141,50.0093762],[5.7243651,50.0096326],[5.7245833,50.0099492],[5.7246176,50.0100204]]}},{"type":"Feature","properties":{"h":"residential","c":3},"geometry":{"type":"LineString","coordinates":[[5.7246176,50.0100204],[5.7246705,50.0103005],[5.724723,50.0105786],[5.7248039,50.0110069]]}},{"type":"Feature","properties":{"h":"secondary","c":2},"geometry":{"type":"LineString","coordinates":[[5.7227332,50.0055096],[5.7227207,50.0055451],[5.722689,50.0055752],[5.7226425,50.0055958],[5.7225875,50.0056043]]}},{"type":"Feature","properties":{"h":"primary","c":1},"geometry":{"type":"LineString","coordinates":[[5.7178277,49.9975159],[5.7178123,49.9975434],[5.7177862,49.9975673],[5.717755,49.9975844],[5.7177184,49.9975963],[5.7176784,49.9976022]]}},{"type":"Feature","properties":{"h":"residential","c":3},"geometry":{"type":"LineString","coordinates":[[5.7253138,50.0104275],[5.725627,50.010407],[5.7260896,50.0103887],[5.7266626,50.0104779],[5.7272463,50.0106494],[5.7274831,50.0107019]]}},{"type":"Feature","properties":{"h":"residential","c":3},"geometry":{"type":"LineString","coordinates":[[5.7254292,50.0098341],[5.7258669,50.0098204],[5.7263296,50.0098432],[5.7267353,50.0099096],[5.7270449,50.0099667],[5.7272526,50.0100181],[5.7275254,50.0100857],[5.7276179,50.0101383]]}},{"type":"Feature","properties":{"h":"residential","c":3},"geometry":{"type":"LineString","coordinates":[[5.7253738,50.0107184],[5.7253138,50.0104275]]}},{"type":"Feature","properties":{"h":"residential","c":3},"geometry":{"type":"LineString","coordinates":[[5.7258531,50.0118383],[5.7258323,50.0119174],[5.7260133,50.0124577],[5.7260476,50.0125168]]}},{"type":"Feature","properties":{"h":"residential","c":3},"geometry":{"type":"LineString","coordinates":[[5.7254264,50.0100772],[5.7254256,50.0099141],[5.7254292,50.0098341]]}},{"type":"Feature","properties":{"h":"residential","c":3},"geometry":{"type":"LineString","coordinates":[[5.72553,50.011505],[5.7256597,50.0115358],[5.7259837,50.0116134]]}},{"type":"Feature","properties":{"h":"residential","c":3},"geometry":{"type":"LineString","coordinates":[[5.7254292,50.0098341],[5.7249737,50.0099141],[5.7246176,50.0100204]]}},{"type":"Feature","properties":{"h":"residential","c":3},"geometry":{"type":"LineString","coordinates":[[5.7253138,50.0104275],[5.7253733,50.0103037],[5.725404,50.0102329],[5.7254253,50.0101554],[5.7254264,50.0100772]]}},{"type":"Feature","properties":{"h":"residential","c":3},"geometry":{"type":"LineString","coordinates":[[5.7258531,50.0118383],[5.7257693,50.0118398],[5.7256791,50.0118122],[5.7255949,50.0117846],[5.7255615,50.0117345],[5.72553,50.011505]]}},{"type":"Feature","properties":{"h":"residential","c":3},"geometry":{"type":"LineString","coordinates":[[5.7260476,50.0125168],[5.7263151,50.0124658],[5.726366,50.0124517],[5.7264197,50.0124267],[5.7264613,50.0123974],[5.7264988,50.0123543],[5.726773,50.0119009],[5.7267711,50.0118725],[5.7267442,50.0118243],[5.7266859,50.0117902],[5.7259837,50.0116134]]}},{"type":"Feature","properties":{"h":"primary","c":1},"geometry":{"type":"LineString","coordinates":[[5.7238616,50.0133748],[5.7238975,50.0134457],[5.723948,50.0135565],[5.7240563,50.0137912]]}},{"type":"Feature","properties":{"h":"primary","c":1},"geometry":{"type":"LineString","coordinates":[[5.7235453,50.0126852],[5.7236162,50.01283],[5.7236411,50.0128865]]}},{"type":"Feature","properties":{"h":"trunk","c":1},"geometry":{"type":"LineString","coordinates":[[5.715527,49.9883732],[5.7164358,49.987597],[5.7165127,49.9875216],[5.7171513,49.9868553],[5.7176936,49.9861773],[5.7180491,49.9856825],[5.7183658,49.9851892],[5.7187327,49.9844885],[5.7189721,49.9839143],[5.7191801,49.9833458],[5.7193023,49.9828596],[5.7194085,49.9823578]]}},{"type":"Feature","properties":{"h":"trunk","c":1},"geometry":{"type":"LineString","coordinates":[[5.7078598,49.9927265],[5.7053993,49.9939378]]}},{"type":"Feature","properties":{"h":"trunk","c":1},"geometry":{"type":"LineString","coordinates":[[5.7047285,49.994268],[5.70362,49.9948169]]}},{"type":"Feature","properties":{"h":"primary","c":1},"geometry":{"type":"LineString","coordinates":[[5.7025895,49.9926479],[5.7034134,49.9931604],[5.705725,49.9945838]]}},{"type":"Feature","properties":{"h":"primary","c":1},"geometry":{"type":"LineString","coordinates":[[5.705725,49.9945838],[5.7059839,49.9947423]]}},{"type":"Feature","properties":{"h":"tertiary","c":2},"geometry":{"type":"LineString","coordinates":[[5.710876,49.9916101],[5.710753,49.9915054]]}},{"type":"Feature","properties":{"h":"residential","c":3},"geometry":{"type":"LineString","coordinates":[[5.7036605,49.987919],[5.7034355,49.9880017]]}},{"type":"Feature","properties":{"h":"tertiary","c":2},"geometry":{"type":"LineString","coordinates":[[5.7102018,49.9910461],[5.7098228,49.9907299]]}},{"type":"Feature","properties":{"h":"secondary","c":2},"geometry":{"type":"LineString","coordinates":[[5.7847624,49.9905229],[5.784474,49.9903903],[5.784284,49.9903119],[5.783974,49.9901766],[5.7837107,49.9900178],[5.7835201,49.9898759],[5.7831733,49.9895746],[5.7830143,49.989471],[5.7824754,49.9892423],[5.7823526,49.9891817],[5.7821242,49.9890421],[5.7817832,49.9887926],[5.7816882,49.9886958],[5.7808556,49.9879198],[5.7803833,49.9874423],[5.7802584,49.9872883],[5.7801685,49.9870928],[5.7801612,49.9870448],[5.7801529,49.9869494],[5.7801668,49.9868538],[5.7801994,49.9867167],[5.7803136,49.9864404],[5.7804269,49.98613],[5.780471,49.9860297],[5.7804709,49.9858027],[5.7804066,49.9853205]]}},{"type":"Feature","properties":{"h":"primary","c":1},"geometry":{"type":"LineString","coordinates":[[5.8052206,49.9850913],[5.8014954,49.9847174],[5.8004564,49.9846082],[5.8002623,49.9845916],[5.8001497,49.9845817],[5.7977868,49.984345],[5.7955159,49.9841189],[5.7951693,49.9840823],[5.7949081,49.9840535],[5.7946972,49.9840221],[5.7945026,49.9839895],[5.7942963,49.9839416],[5.7939897,49.9838574],[5.7935444,49.9837208],[5.7906126,49.9827731],[5.7896841,49.9824672]]}},{"type":"Feature","properties":{"h":"secondary","c":2},"geometry":{"type":"LineString","coordinates":[[5.7639319,50.0058765],[5.7662984,50.0061032],[5.7681513,50.0062859],[5.7686424,50.0063421],[5.76891,50.0063903],[5.7691437,50.0064476],[5.7695063,50.0065406],[5.7697925,50.0066281]]}},{"type":"Feature","properties":{"h":"residential","c":3},"geometry":{"type":"LineString","coordinates":[[5.7447565,49.9835847],[5.7447104,49.9834029],[5.7446782,49.983132],[5.7447531,49.9828467],[5.7448539,49.9825921],[5.7450189,49.9823707],[5.7452437,49.982014],[5.7454383,49.9818642]]}},{"type":"Feature","properties":{"h":"tertiary","c":2},"geometry":{"type":"LineString","coordinates":[[5.7555658,50.000964],[5.756233,50.0016712],[5.7566272,50.0020353],[5.7569869,50.0022823],[5.7575042,50.0025389],[5.7580166,50.002694],[5.7588147,50.0028365],[5.7591399,50.0028555],[5.7598592,50.0028017],[5.7606672,50.0028112],[5.761426,50.0028555],[5.7623079,50.0028904],[5.7624169,50.0029109]]}},{"type":"Feature","properties":{"h":"residential","c":3},"geometry":{"type":"LineString","coordinates":[[5.7465228,49.9876133],[5.7466079,49.9873364]]}},{"type":"Feature","properties":{"h":"residential","c":3},"geometry":{"type":"LineString","coordinates":[[5.7463541,49.9850259],[5.7456221,49.9851952]]}},{"type":"Feature","properties":{"h":"tertiary","c":2},"geometry":{"type":"LineString","coordinates":[[5.7903659,49.9905573],[5.790447,49.9905555],[5.7907486,49.9905472],[5.7911191,49.9905246],[5.7919154,49.9904381],[5.7927733,49.9903444],[5.7935864,49.9902651]]}},{"type":"Feature","properties":{"h":"residential","c":3},"geometry":{"type":"LineString","coordinates":[[5.7909476,49.9891399],[5.7911087,49.989083],[5.7916002,49.9889117],[5.7917858,49.9888208],[5.7928204,49.9882206],[5.7937656,49.9876539],[5.7939258,49.9875706]]}},{"type":"Feature","properties":{"h":"residential","c":3},"geometry":{"type":"LineString","coordinates":[[5.7456315,49.9834438],[5.7457434,49.9840439],[5.7458327,49.9842577],[5.7459633,49.9844693],[5.7463541,49.9850259]]}},{"type":"Feature","properties":{"h":"tertiary","c":2},"geometry":{"type":"LineString","coordinates":[[5.7475127,50.0007149],[5.7480754,49.999665],[5.7482742,49.9994006],[5.7486032,49.9991803],[5.7503375,49.9981492],[5.7516673,49.9974574]]}},{"type":"Feature","properties":{"h":"residential","c":3},"geometry":{"type":"LineString","coordinates":[[5.7434937,49.9843195],[5.7442318,49.9842409],[5.7445086,49.9841943],[5.7447226,49.9841242],[5.7449194,49.984013],[5.7447565,49.9835847]]}},{"type":"Feature","properties":{"h":"residential","c":3},"geometry":{"type":"LineString","coordinates":[[5.7466079,49.9873364],[5.7469027,49.9869918],[5.7471446,49.9867016],[5.7472267,49.9865853],[5.7472873,49.9863951],[5.7471825,49.9860794],[5.7469685,49.9857026],[5.746688,49.9853942],[5.7465061,49.98518]]}},{"type":"Feature","properties":{"h":"residential","c":3},"geometry":{"type":"LineString","coordinates":[[5.7456221,49.9851952],[5.7452596,49.9851853],[5.744914,49.9851854],[5.7445661,49.9851121],[5.7442718,49.9849967],[5.743988,49.9848148],[5.7437872,49.9846516],[5.7436947,49.984577],[5.7435584,49.9844342],[5.7434937,49.9843195]]}},{"type":"Feature","properties":{"h":"primary","c":1},"geometry":{"type":"LineString","coordinates":[[5.7177656,49.9974058],[5.7178421,49.997405]]}},{"type":"Feature","properties":{"h":"primary","c":1},"geometry":{"type":"LineString","coordinates":[[5.7178421,49.997405],[5.7178823,49.9974012],[5.7179874,49.9973863]]}},{"type":"Feature","properties":{"h":"primary","c":1},"geometry":{"type":"LineString","coordinates":[[5.718472,49.9972607],[5.7181084,49.9974017],[5.7180253,49.9974333],[5.7178798,49.9974972],[5.7178277,49.9975159]]}},{"type":"Feature","properties":{"h":"primary","c":1},"geometry":{"type":"LineString","coordinates":[[5.7179874,49.9973863],[5.718075,49.9973628],[5.7181513,49.9973432],[5.718472,49.9972607]]}},{"type":"Feature","properties":{"h":"primary","c":1},"geometry":{"type":"LineString","coordinates":[[5.7167423,49.9984488],[5.716634,49.9985343]]}},{"type":"Feature","properties":{"h":"primary","c":1},"geometry":{"type":"LineString","coordinates":[[5.7171272,49.9978771],[5.7167423,49.9984488]]}},{"type":"Feature","properties":{"h":"primary","c":1},"geometry":{"type":"LineString","coordinates":[[5.716634,49.9985343],[5.7166457,49.998425]]}},{"type":"Feature","properties":{"h":"primary","c":1},"geometry":{"type":"LineString","coordinates":[[5.7171659,49.9978183],[5.7171272,49.9978771]]}},{"type":"Feature","properties":{"h":"primary","c":1},"geometry":{"type":"LineString","coordinates":[[5.7172477,49.9975957],[5.7173263,49.9975513],[5.7173871,49.9975292],[5.7174408,49.9975019],[5.717489,49.9974858]]}},{"type":"Feature","properties":{"h":"primary","c":1},"geometry":{"type":"LineString","coordinates":[[5.7162918,49.9990624],[5.7156127,50.0000745],[5.7155113,50.0002128]]}},{"type":"Feature","properties":{"h":"secondary","c":2},"geometry":{"type":"LineString","coordinates":[[5.7193071,50.0035906],[5.719766,50.0033792],[5.7198115,50.0033677],[5.7198594,50.0033642],[5.7199256,50.0033752]]}},{"type":"Feature","properties":{"h":"residential","c":3},"geometry":{"type":"LineString","coordinates":[[5.7177468,49.9977865],[5.7177368,49.9976831],[5.7177033,49.9976392],[5.7176784,49.9976022]]}},{"type":"Feature","properties":{"h":"residential","c":3},"geometry":{"type":"LineString","coordinates":[[5.7177862,49.9975673],[5.7178093,49.9976612],[5.7178093,49.9977134],[5.7177468,49.9977865]]}},{"type":"Feature","properties":{"h":"primary","c":1},"geometry":{"type":"LineString","coordinates":[[5.7192429,50.0036927],[5.7190965,50.0035741]]}},{"type":"Feature","properties":{"h":"secondary","c":2},"geometry":{"type":"LineString","coordinates":[[5.7190965,50.0035741],[5.7191609,50.0035924],[5.7192297,50.0035963],[5.7193071,50.0035906]]}},{"type":"Feature","properties":{"h":"residential","c":3},"geometry":{"type":"LineString","coordinates":[[5.7170343,49.9978734],[5.7168768,49.9978059]]}},{"type":"Feature","properties":{"h":"residential","c":3},"geometry":{"type":"LineString","coordinates":[[5.7104917,49.9999428],[5.7103526,49.999842]]}},{"type":"Feature","properties":{"h":"residential","c":3},"geometry":{"type":"LineString","coordinates":[[5.7092565,49.9995958],[5.7098734,49.9999555]]}},{"type":"Feature","properties":{"h":"residential","c":3},"geometry":{"type":"LineString","coordinates":[[5.7100239,50.0000442],[5.7101738,50.0001326]]}},{"type":"Feature","properties":{"h":"residential","c":3},"geometry":{"type":"LineString","coordinates":[[5.7098734,49.9999555],[5.7100239,50.0000442]]}},{"type":"Feature","properties":{"h":"service","c":4},"geometry":{"type":"LineString","coordinates":[[5.7177874,49.9968174],[5.7182245,49.9969343],[5.718472,49.9972607]]}},{"type":"Feature","properties":{"h":"service","c":4},"geometry":{"type":"LineString","coordinates":[[5.7179874,49.9973863],[5.7180253,49.9974333],[5.7180932,49.9975174],[5.7184171,49.9976685]]}},{"type":"Feature","properties":{"h":"residential","c":3},"geometry":{"type":"LineString","coordinates":[[5.7168768,49.9978059],[5.7161886,49.9976253],[5.715574,49.9974483]]}},{"type":"Feature","properties":{"h":"residential","c":3},"geometry":{"type":"LineString","coordinates":[[5.7168768,49.9978059],[5.7169337,49.9978102],[5.7169908,49.9978078],[5.7170665,49.9977942],[5.7170999,49.9977847]]}},{"type":"Feature","properties":{"h":"motorway","c":1},"geometry":{"type":"LineString","coordinates":[[5.6817066,50.0009539],[5.6818445,50.0011223]]}},{"type":"Feature","properties":{"h":"motorway","c":1},"geometry":{"type":"LineString","coordinates":[[5.6797282,49.9985598],[5.6817066,50.0009539]]}},{"type":"Feature","properties":{"h":"motorway","c":1},"geometry":{"type":"LineString","coordinates":[[5.6818445,50.0011223],[5.6834349,50.0030377]]}},{"type":"Feature","properties":{"h":"motorway","c":1},"geometry":{"type":"LineString","coordinates":[[5.6927053,50.0142795],[5.6940441,50.0159896]]}},{"type":"Feature","properties":{"h":"motorway","c":1},"geometry":{"type":"LineString","coordinates":[[5.6816864,50.0011592],[5.6814741,50.0009185]]}},{"type":"Feature","properties":{"h":"motorway","c":1},"geometry":{"type":"LineString","coordinates":[[5.6882267,50.0090741],[5.6855941,50.0058833]]}},{"type":"Feature","properties":{"h":"motorway","c":1},"geometry":{"type":"LineString","coordinates":[[5.6814741,50.0009185],[5.6795838,49.9986115]]}},{"type":"Feature","properties":{"h":"motorway","c":1},"geometry":{"type":"LineString","coordinates":[[5.6855941,50.0058833],[5.6854177,50.0056734]]}},{"type":"Feature","properties":{"h":"motorway","c":1},"geometry":{"type":"LineString","coordinates":[[5.6854177,50.0056734],[5.6839463,50.0038989]]}},{"type":"Feature","properties":{"h":"motorway","c":1},"geometry":{"type":"LineString","coordinates":[[5.688372,50.0090199],[5.6927053,50.0142795]]}},{"type":"Feature","properties":{"h":"motorway","c":1},"geometry":{"type":"LineString","coordinates":[[5.6940441,50.0159896],[5.6945453,50.0166784],[5.6950579,50.0174031],[5.69556,50.0181448],[5.6961426,50.019078]]}},{"type":"Feature","properties":{"h":"motorway","c":1},"geometry":{"type":"LineString","coordinates":[[5.6923145,50.0140216],[5.6882267,50.0090741]]}},{"type":"Feature","properties":{"h":"trunk","c":1},"geometry":{"type":"LineString","coordinates":[[5.683651,50.0034059],[5.6854782,50.0029308]]}},{"type":"Feature","properties":{"h":"trunk","c":1},"geometry":{"type":"LineString","coordinates":[[5.6854782,50.0029308],[5.6861894,50.0027304]]}},{"type":"Feature","properties":{"h":"trunk","c":1},"geometry":{"type":"LineString","coordinates":[[5.6795477,50.0044732],[5.6803194,50.0042712],[5.681818,50.003882]]}},{"type":"Feature","properties":{"h":"trunk","c":1},"geometry":{"type":"LineString","coordinates":[[5.6877804,50.0022345],[5.6884467,50.0020136],[5.689417,50.0016381]]}},{"type":"Feature","properties":{"h":"trunk","c":1},"geometry":{"type":"LineString","coordinates":[[5.6824106,50.0038722],[5.6810065,50.0042352],[5.6803928,50.0043934]]}},{"type":"Feature","properties":{"h":"trunk","c":1},"geometry":{"type":"LineString","coordinates":[[5.688102,50.002267],[5.6867656,50.0027017]]}},{"type":"Feature","properties":{"h":"secondary","c":2},"geometry":{"type":"LineString","coordinates":[[5.6962794,50.0191088],[5.6967054,50.0189576]]}},{"type":"Feature","properties":{"h":"secondary","c":2},"geometry":{"type":"LineString","coordinates":[[5.6978333,50.0185565],[5.6982004,50.018426]]}},{"type":"Feature","properties":{"h":"secondary","c":2},"geometry":{"type":"LineString","coordinates":[[5.6982004,50.018426],[5.6987259,50.0182392]]}},{"type":"Feature","properties":{"h":"secondary","c":2},"geometry":{"type":"LineString","coordinates":[[5.697375,50.0187195],[5.6978333,50.0185565]]}},{"type":"Feature","properties":{"h":"secondary","c":2},"geometry":{"type":"LineString","coordinates":[[5.695937,50.0192287],[5.6962794,50.0191088]]}},{"type":"Feature","properties":{"h":"secondary","c":2},"geometry":{"type":"LineString","coordinates":[[5.7015964,50.0173466],[5.7006287,50.0176295],[5.6998586,50.0178581],[5.6991845,50.0180754],[5.6987259,50.0182392]]}},{"type":"Feature","properties":{"h":"primary","c":1},"geometry":{"type":"LineString","coordinates":[[5.6958228,50.0023824],[5.6956497,50.0023904],[5.694078,50.0024635],[5.6939297,50.0024704],[5.6939027,50.0024716],[5.6931239,50.0025059]]}},{"type":"Feature","properties":{"h":"track","c":4},"geometry":{"type":"LineString","coordinates":[[5.7021912,50.0145198],[5.7020285,50.0145054],[5.7016854,50.0142907],[5.7011272,50.0138968],[5.7006514,50.0137233],[5.7000658,50.0136028],[5.6997273,50.0135087],[5.6994024,50.0133382],[5.6989175,50.013103],[5.6987619,50.0130736],[5.6986247,50.0131059],[5.6980253,50.0133705],[5.6974306,50.013544],[5.6970692,50.0136057]]}},{"type":"Feature","properties":{"h":"track","c":4},"geometry":{"type":"LineString","coordinates":[[5.6965995,50.0176432],[5.6968946,50.0174023],[5.6971437,50.0171709],[5.697641,50.0166808],[5.6984645,50.0158913],[5.6986835,50.0157768],[5.6989266,50.0156813],[5.699338,50.0155601],[5.6997462,50.0154673],[5.7000845,50.0154184],[5.7004796,50.0153341],[5.7011089,50.0151316],[5.7014925,50.0149702],[5.7017703,50.0148245],[5.7020781,50.0146145],[5.7021912,50.0145198],[5.7023864,50.0144303],[5.7025908,50.0144073],[5.7030317,50.0145037],[5.7032987,50.0145334],[5.7035204,50.0144959],[5.7036897,50.0144185],[5.7040049,50.0142202],[5.7046407,50.0137507]]}},{"type":"Feature","properties":{"h":"service","c":4},"geometry":{"type":"LineString","coordinates":[[5.6935283,50.0024058],[5.6935254,50.0023698],[5.693469,50.0019792]]}},{"type":"Feature","properties":{"h":"motorway","c":1},"geometry":{"type":"LineString","coordinates":[[5.7055136,50.0389144],[5.7047941,50.0380232],[5.7041808,50.0372035],[5.7035937,50.036367],[5.7030597,50.0355555],[5.7025503,50.0346954],[5.7021061,50.0338547],[5.7016627,50.0329657],[5.7012612,50.0320881],[5.7009042,50.031235],[5.7005717,50.0303837],[5.7002727,50.0296111]]}},{"type":"Feature","properties":{"h":"motorway","c":1},"geometry":{"type":"LineString","coordinates":[[5.7512337,50.0878534],[5.7501468,50.0866962],[5.734105,50.0695889],[5.7182418,50.0526666]]}},{"type":"Feature","properties":{"h":"motorway","c":1},"geometry":{"type":"LineString","coordinates":[[5.7138186,50.0479417],[5.7119844,50.0459939]]}},{"type":"Feature","properties":{"h":"motorway","c":1},"geometry":{"type":"LineString","coordinates":[[5.7116944,50.0454706],[5.7139564,50.0478916]]}},{"type":"Feature","properties":{"h":"motorway","c":1},"geometry":{"type":"LineString","coordinates":[[5.6983061,50.0240328],[5.697941,50.0231197],[5.6976007,50.0223045]]}},{"type":"Feature","properties":{"h":"motorway","c":1},"geometry":{"type":"LineString","coordinates":[[5.7076057,50.0413086],[5.7072005,50.0408572],[5.7064159,50.0399726],[5.7055136,50.0389144]]}},{"type":"Feature","properties":{"h":"motorway","c":1},"geometry":{"type":"LineString","coordinates":[[5.7056257,50.0388255],[5.7065466,50.0399123],[5.707352,50.0408277]]}},{"type":"Feature","properties":{"h":"motorway","c":1},"geometry":{"type":"LineString","coordinates":[[5.7119844,50.0459939],[5.7076057,50.0413086]]}},{"type":"Feature","properties":{"h":"motorway","c":1},"geometry":{"type":"LineString","coordinates":[[5.6984589,50.0239994],[5.699156,50.025923],[5.6999165,50.0281231],[5.7002819,50.0291211]]}},{"type":"Feature","properties":{"h":"motorway","c":1},"geometry":{"type":"LineString","coordinates":[[5.6975609,50.0218088],[5.6981091,50.0230998],[5.6984589,50.0239994]]}},{"type":"Feature","properties":{"h":"motorway","c":1},"geometry":{"type":"LineString","coordinates":[[5.7139564,50.0478916],[5.7183333,50.052566]]}},{"type":"Feature","properties":{"h":"motorway","c":1},"geometry":{"type":"LineString","coordinates":[[5.707352,50.0408277],[5.7116944,50.0454706]]}},{"type":"Feature","properties":{"h":"motorway","c":1},"geometry":{"type":"LineString","coordinates":[[5.6976007,50.0223045],[5.6974106,50.0218505],[5.6968974,50.0207791],[5.6964465,50.0199198],[5.6960739,50.0192604]]}},{"type":"Feature","properties":{"h":"track","c":4},"geometry":{"type":"LineString","coordinates":[[5.701057,50.0291851],[5.7009242,50.0298225],[5.7009791,50.0299937],[5.7016766,50.0316601],[5.7018412,50.0322391],[5.7019274,50.0325411],[5.7021547,50.0327274],[5.7027503,50.0330194],[5.7034051,50.0334588],[5.7039138,50.0339341],[5.7040988,50.0340232],[5.7056208,50.0345614],[5.7059021,50.0347493],[5.7075037,50.0362574],[5.7080022,50.0365149],[5.7085658,50.0368604],[5.7086481,50.0369273],[5.7090701,50.0372704],[5.7094448,50.0376069],[5.7097307,50.0378273]]}},{"type":"Feature","properties":{"h":"primary","c":1},"geometry":{"type":"LineString","coordinates":[[5.7271247,50.018043],[5.7278367,50.0188392]]}},{"type":"Feature","properties":{"h":"primary","c":1},"geometry":{"type":"LineString","coordinates":[[5.7441934,50.0373906],[5.7448011,50.0381149],[5.7450579,50.0384555],[5.7453816,50.0389055],[5.7456825,50.039358],[5.746897,50.0413125],[5.7489328,50.044601],[5.7489965,50.0447049]]}},{"type":"Feature","properties":{"h":"primary","c":1},"geometry":{"type":"LineString","coordinates":[[5.7289231,50.0200636],[5.7292612,50.0204662]]}},{"type":"Feature","properties":{"h":"primary","c":1},"geometry":{"type":"LineString","coordinates":[[5.7292612,50.0204662],[5.7299134,50.0212043],[5.730856,50.022255]]}},{"type":"Feature","properties":{"h":"secondary","c":2},"geometry":{"type":"LineString","coordinates":[[5.7269531,50.0190263],[5.7272862,50.0191638]]}},{"type":"Feature","properties":{"h":"secondary","c":2},"geometry":{"type":"LineString","coordinates":[[5.725601,50.0186214],[5.726163,50.0187595],[5.7265694,50.0188883],[5.7269531,50.0190263]]}},{"type":"Feature","properties":{"h":"secondary","c":2},"geometry":{"type":"LineString","coordinates":[[5.7269531,50.0190263],[5.7271333,50.0190511],[5.7272718,50.0190821],[5.7274005,50.0190852],[5.7275256,50.0190756]]}},{"type":"Feature","properties":{"h":"secondary","c":2},"geometry":{"type":"LineString","coordinates":[[5.7275256,50.0190756],[5.7276205,50.0190277],[5.7277124,50.0189524],[5.7277891,50.0188826],[5.7278367,50.0188392]]}},{"type":"Feature","properties":{"h":"cycleway","c":4},"geometry":{"type":"LineString","coordinates":[[5.7288423,50.0088825],[5.7287466,50.0089095],[5.7286651,50.0089087],[5.7285576,50.0088804],[5.7284151,50.0088075],[5.7283001,50.0087648],[5.7280033,50.0086815],[5.7275537,50.0085526],[5.7263157,50.0081894],[5.7258901,50.0080634],[5.7258022,50.0080374],[5.7245887,50.0076873],[5.7239394,50.0075009],[5.723546,50.0073834],[5.7232534,50.007296],[5.7225554,50.0070917],[5.7218494,50.0068878],[5.7212685,50.00672],[5.7211391,50.0066859],[5.7209454,50.0066722],[5.7208199,50.0066643],[5.7207763,50.0066388],[5.7207241,50.0066022]]}},{"type":"Feature","properties":{"h":"residential","c":3},"geometry":{"type":"LineString","coordinates":[[5.7000046,50.0005004],[5.7000553,50.0004486],[5.7001446,50.0004356]]}},{"type":"Feature","properties":{"h":"residential","c":3},"geometry":{"type":"LineString","coordinates":[[5.7150273,50.0061235],[5.7151291,50.0061358],[5.7154776,50.0063855]]}},{"type":"Feature","properties":{"h":"residential","c":3},"geometry":{"type":"LineString","coordinates":[[5.7146833,50.0063152],[5.7143255,50.0060626]]}},{"type":"Feature","properties":{"h":"residential","c":3},"geometry":{"type":"LineString","coordinates":[[5.7143179,50.0065234],[5.7139964,50.0062905]]}},{"type":"Feature","properties":{"h":"residential","c":3},"geometry":{"type":"LineString","coordinates":[[5.7150383,50.0066574],[5.7146105,50.0063618]]}},{"type":"Feature","properties":{"h":"residential","c":3},"geometry":{"type":"LineString","coordinates":[[5.7066663,50.0141402],[5.7070347,50.0141215],[5.7072939,50.0140713],[5.7075521,50.0140046],[5.7084097,50.0136594]]}},{"type":"Feature","properties":{"h":"residential","c":3},"geometry":{"type":"LineString","coordinates":[[5.7084097,50.0136594],[5.7089362,50.0134571],[5.7098234,50.0130973],[5.7103604,50.0128063],[5.7113775,50.0121956],[5.7115111,50.0122475]]}},{"type":"Feature","properties":{"h":"residential","c":3},"geometry":{"type":"LineString","coordinates":[[5.6979958,50.0065295],[5.6979874,50.0064949],[5.6979927,50.0064595],[5.6980274,50.0063835],[5.698361,50.0056075],[5.6984978,50.0051938],[5.6985193,50.0049024],[5.6985213,50.0046807],[5.6985216,50.0046386],[5.6985218,50.0046193],[5.6985213,50.0045566],[5.6985395,50.0043791]]}},{"type":"Feature","properties":{"h":"residential","c":3},"geometry":{"type":"LineString","coordinates":[[5.711183,50.0034968],[5.7110437,50.0035847],[5.7099368,50.0042524],[5.7099101,50.0043403],[5.7096765,50.0044724],[5.7095638,50.0044912],[5.7094763,50.0045425],[5.7093622,50.0045831],[5.7091994,50.0045979],[5.7090954,50.0046078],[5.7089632,50.0046389],[5.7087937,50.0047207],[5.7086601,50.0048462],[5.708526,50.004979],[5.7083155,50.0051033],[5.7080996,50.0051913],[5.7077809,50.0053093],[5.7073533,50.0053956],[5.7069815,50.0054347],[5.7068653,50.0054706],[5.7067572,50.0055584]]}},{"type":"Feature","properties":{"h":"residential","c":3},"geometry":{"type":"LineString","coordinates":[[5.7095638,50.0044912],[5.7096013,50.0044015],[5.7098159,50.0042774],[5.7099368,50.0042524]]}},{"type":"Feature","properties":{"h":"residential","c":3},"geometry":{"type":"LineString","coordinates":[[5.699696,50.000961],[5.7004908,50.0011752],[5.7019278,50.0012244]]}},{"type":"Feature","properties":{"h":"secondary","c":2},"geometry":{"type":"LineString","coordinates":[[5.7626419,50.063904],[5.7625887,50.0638722],[5.7624063,50.0637632],[5.7621443,50.0636444],[5.7620232,50.0636163],[5.7618651,50.0635917],[5.7617397,50.0635816],[5.7616491,50.0635743],[5.7615226,50.063581],[5.7614655,50.063584],[5.7612227,50.0636219],[5.7610811,50.0636574]]}},{"type":"Feature","properties":{"h":"track","c":4},"geometry":{"type":"LineString","coordinates":[[5.7556844,50.0650344],[5.7561687,50.0643556]]}},{"type":"Feature","properties":{"h":"service","c":4},"geometry":{"type":"LineString","coordinates":[[5.7581447,50.0657789],[5.7574639,50.0653586],[5.7570476,50.0649519],[5.7566759,50.0645884],[5.756631,50.064493]]}},{"type":"Feature","properties":{"h":"primary","c":1},"geometry":{"type":"LineString","coordinates":[[5.7398965,49.9922718],[5.7359204,49.9929656]]}},{"type":"Feature","properties":{"h":"primary","c":1},"geometry":{"type":"LineString","coordinates":[[5.7570399,49.9876806],[5.7560242,49.9888951],[5.7558955,49.9890363]]}},{"type":"Feature","properties":{"h":"secondary","c":2},"geometry":{"type":"LineString","coordinates":[[5.778096,50.0069732],[5.7784377,50.0069271],[5.7787247,50.0069062],[5.778934,50.0069071],[5.7791828,50.0069173],[5.7794042,50.0069434],[5.7796905,50.0069989],[5.779926,50.0070674],[5.7802292,50.0071781],[5.7804226,50.0072817],[5.7806082,50.0073954],[5.780769,50.0075242],[5.7809193,50.0076694],[5.7810338,50.0078136],[5.7812647,50.0082713],[5.7817425,50.0092896],[5.781929,50.0095973],[5.7820929,50.0098017],[5.7833543,50.0111188],[5.7839526,50.011746],[5.7861026,50.013987]]}},{"type":"Feature","properties":{"h":"track","c":4},"geometry":{"type":"LineString","coordinates":[[5.6904654,50.0412884],[5.6907973,50.0414243],[5.6912619,50.0415556],[5.6918413,50.041776],[5.6923133,50.0419965],[5.6925494,50.0423962],[5.6929141,50.0428372],[5.6932155,50.0431878]]}},{"type":"Feature","properties":{"h":"residential","c":3},"geometry":{"type":"LineString","coordinates":[[5.7173853,50.0033885],[5.7174432,50.0034168],[5.717808,50.0036398],[5.7184474,50.0039865],[5.7186331,50.0040964],[5.7186818,50.0041252]]}},{"type":"Feature","properties":{"h":"service","c":4},"geometry":{"type":"LineString","coordinates":[[5.727034,50.0080255],[5.7259798,50.0078506]]}},{"type":"Feature","properties":{"h":"service","c":4},"geometry":{"type":"LineString","coordinates":[[5.7274948,50.0077252],[5.7271748,50.0080056],[5.727034,50.0080255]]}},{"type":"Feature","properties":{"h":"track","c":4},"geometry":{"type":"LineString","coordinates":[[5.7547803,50.0304515],[5.7553573,50.0306737],[5.7560853,50.0309346],[5.756817,50.031171],[5.757308,50.031372],[5.757963,50.0315866],[5.7583262,50.0317115],[5.7587171,50.0318029],[5.7588933,50.0318917],[5.759683,50.032341],[5.760304,50.032596],[5.761029,50.032958],[5.761542,50.033245],[5.7617302,50.0333804],[5.761838,50.033458],[5.7626255,50.0338052],[5.762659,50.03382],[5.763281,50.034123],[5.7637378,50.0343995],[5.763856,50.034471],[5.764287,50.034668],[5.764686,50.034813]]}},{"type":"Feature","properties":{"h":"track","c":4},"geometry":{"type":"LineString","coordinates":[[5.7681978,50.0338514],[5.7669189,50.032904],[5.766115,50.0322963],[5.7659552,50.03218],[5.7655443,50.0318896],[5.7626255,50.0338052]]}},{"type":"Feature","properties":{"h":"track","c":4},"geometry":{"type":"LineString","coordinates":[[5.7637378,50.0343995],[5.766115,50.0322963]]}},{"type":"Feature","properties":{"h":"track","c":4},"geometry":{"type":"LineString","coordinates":[[5.7655443,50.0318896],[5.7654501,50.0318304],[5.7651049,50.0316448],[5.7646397,50.0313717]]}},{"type":"Feature","properties":{"h":"track","c":4},"geometry":{"type":"LineString","coordinates":[[5.7448435,50.0279254],[5.7447887,50.028134],[5.7447192,50.028394],[5.7446542,50.0287052],[5.7446149,50.0289556],[5.7446118,50.0291555],[5.7445699,50.0294237],[5.7445829,50.0296542],[5.7446446,50.0298912],[5.7446946,50.0300023],[5.7448386,50.0302086],[5.744999,50.0304136],[5.7452095,50.030548],[5.7454974,50.0307042],[5.7459965,50.030894],[5.7462638,50.0310065],[5.7466803,50.0312575],[5.7467811,50.0313402],[5.7468769,50.0314003],[5.7475362,50.0317031],[5.7485151,50.0321231],[5.7491245,50.0324739],[5.7494247,50.0326304],[5.7504049,50.0329722],[5.7506366,50.0330326],[5.7508447,50.0330737],[5.7512066,50.0331312],[5.751314,50.0331362],[5.7516256,50.0331554],[5.7520496,50.0331811],[5.7522611,50.0332059],[5.7525702,50.0332652],[5.7528771,50.0333341],[5.7530012,50.0333691]]}},{"type":"Feature","properties":{"h":"track","c":4},"geometry":{"type":"LineString","coordinates":[[5.7522611,50.0332059],[5.7521948,50.0333334],[5.7516757,50.034383]]}},{"type":"Feature","properties":{"h":"track","c":4},"geometry":{"type":"LineString","coordinates":[[5.7405413,50.0279804],[5.7411637,50.028499],[5.7414978,50.0288943],[5.7417089,50.0293124],[5.7419025,50.0297079],[5.742008,50.0300581]]}},{"type":"Feature","properties":{"h":"tertiary","c":2},"geometry":{"type":"LineString","coordinates":[[5.7566471,50.0287098],[5.7566059,50.0287568],[5.7565082,50.0288681],[5.756458,50.028903]]}},{"type":"Feature","properties":{"h":"track","c":4},"geometry":{"type":"LineString","coordinates":[[5.7672091,50.029069],[5.7662969,50.0286999],[5.7650717,50.0282097],[5.7646196,50.0280296],[5.7643213,50.0279948],[5.7640048,50.0280703],[5.763815,50.0281923],[5.7636523,50.0283723],[5.7636845,50.0285233],[5.7637491,50.0287076],[5.7639597,50.0291564],[5.7643574,50.0300509],[5.7644162,50.0300904],[5.7644841,50.030138],[5.7649646,50.0303426],[5.7660091,50.0307873],[5.7671316,50.0300173]]}},{"type":"Feature","properties":{"h":"track","c":4},"geometry":{"type":"LineString","coordinates":[[5.7591729,50.0304981],[5.7585081,50.0303933],[5.7579102,50.0303658],[5.7570026,50.0304001],[5.7567867,50.0304341],[5.7565306,50.0302081],[5.7555726,50.0295774]]}},{"type":"Feature","properties":{"h":"track","c":4},"geometry":{"type":"LineString","coordinates":[[5.7565306,50.0302081],[5.7569762,50.0289259]]}},{"type":"Feature","properties":{"h":"service","c":4},"geometry":{"type":"LineString","coordinates":[[5.74022,50.010535],[5.7402301,50.0104605],[5.7402186,50.0104348],[5.7401953,50.010415],[5.7401715,50.0104061],[5.7401403,50.0103996],[5.7400867,50.0104051],[5.7400369,50.0104282]]}},{"type":"Feature","properties":{"h":"service","c":4},"geometry":{"type":"LineString","coordinates":[[5.7405639,50.0104493],[5.7407311,50.0104256],[5.7407899,50.0104315],[5.740822,50.0104487],[5.7408174,50.0105004],[5.7407188,50.0109281],[5.7404953,50.0118586],[5.7404776,50.0118763],[5.7404502,50.0118861],[5.7404164,50.0118862],[5.7403595,50.0118709],[5.7401425,50.011794],[5.7400448,50.0117541],[5.7399648,50.0117051]]}},{"type":"Feature","properties":{"h":"primary","c":1},"geometry":{"type":"LineString","coordinates":[[5.6968488,49.9891424],[5.6975642,49.9895754],[5.6983911,49.9900758],[5.6984627,49.9901197],[5.6996599,49.9908532],[5.7014168,49.9919297],[5.7016842,49.9920974]]}},{"type":"Feature","properties":{"h":"primary","c":1},"geometry":{"type":"LineString","coordinates":[[5.6920614,49.9862349],[5.6924977,49.9865111],[5.6942335,49.987563],[5.6946822,49.987831]]}},{"type":"Feature","properties":{"h":"tertiary","c":2},"geometry":{"type":"LineString","coordinates":[[5.6982649,49.9829756],[5.6988848,49.9835405],[5.6993361,49.9839518],[5.6997237,49.9843222],[5.7000017,49.9845879],[5.7001076,49.9847349],[5.7002868,49.9849838],[5.7006404,49.9854747],[5.7012819,49.9864449]]}},{"type":"Feature","properties":{"h":"unclassified","c":3},"geometry":{"type":"LineString","coordinates":[[5.6942335,49.987563],[5.6933338,49.9880903],[5.6932314,49.9881723],[5.6931429,49.9882633],[5.6930758,49.9883629],[5.6930074,49.9884607],[5.6928209,49.988936],[5.6926907,49.9891567],[5.6923653,49.9895461]]}},{"type":"Feature","properties":{"h":"tertiary","c":2},"geometry":{"type":"LineString","coordinates":[[5.7620951,50.0051448],[5.762223,50.0052416],[5.7624099,50.0053259],[5.7627364,50.0054367],[5.7628383,50.0054603],[5.7629779,50.0054788],[5.7630926,50.0054802],[5.7632516,50.0054588]]}},{"type":"Feature","properties":{"h":"service","c":4},"geometry":{"type":"LineString","coordinates":[[5.6947918,50.0044684],[5.694409,50.0051461]]}},{"type":"Feature","properties":{"h":"service","c":4},"geometry":{"type":"LineString","coordinates":[[5.6954282,50.0030175],[5.6951335,50.003028],[5.6950262,50.00299],[5.6949773,50.0029436],[5.6949778,50.0028835],[5.6950399,50.0028229],[5.6951428,50.0028021],[5.6954137,50.0027735]]}},{"type":"Feature","properties":{"h":"residential","c":3},"geometry":{"type":"LineString","coordinates":[[5.7024507,50.0063833],[5.7021655,50.0063361]]}},{"type":"Feature","properties":{"h":"residential","c":3},"geometry":{"type":"LineString","coordinates":[[5.702899,50.0053075],[5.7028456,50.0054282],[5.7026925,50.0057745]]}},{"type":"Feature","properties":{"h":"residential","c":3},"geometry":{"type":"LineString","coordinates":[[5.7072742,50.0046685],[5.7080174,50.0051056],[5.7080996,50.0051913]]}},{"type":"Feature","properties":{"h":"service","c":4},"geometry":{"type":"LineString","coordinates":[[5.7047598,50.0052103],[5.7047647,50.0047665]]}},{"type":"Feature","properties":{"h":"service","c":4},"geometry":{"type":"LineString","coordinates":[[5.7106884,50.0023528],[5.7107947,50.0020855],[5.7107541,50.0019442],[5.7107362,50.0017098],[5.7107327,50.0016635]]}},{"type":"Feature","properties":{"h":"track","c":4},"geometry":{"type":"LineString","coordinates":[[5.7132828,50.0024276],[5.7129195,50.0021327],[5.7128226,50.0021117]]}},{"type":"Feature","properties":{"h":"residential","c":3},"geometry":{"type":"LineString","coordinates":[[5.7140889,50.0079983],[5.7143844,50.007517],[5.7145614,50.0072546],[5.7147482,50.0070717],[5.7147059,50.0068611]]}},{"type":"Feature","properties":{"h":"service","c":4},"geometry":{"type":"LineString","coordinates":[[5.7160866,50.0066306],[5.7161116,50.0066747],[5.7165172,50.006834]]}},{"type":"Feature","properties":{"h":"service","c":4},"geometry":{"type":"LineString","coordinates":[[5.7161012,50.0065195],[5.7159181,50.0064562],[5.7157549,50.0063869],[5.715591,50.0063267]]}},{"type":"Feature","properties":{"h":"service","c":4},"geometry":{"type":"LineString","coordinates":[[5.7161471,50.0064547],[5.7167302,50.0065107]]}},{"type":"Feature","properties":{"h":"secondary","c":2},"geometry":{"type":"LineString","coordinates":[[5.7054114,50.0223705],[5.7054667,50.0222346],[5.7055569,50.0220331],[5.7056676,50.0218402],[5.7067822,50.019708],[5.7070217,50.0192426]]}},{"type":"Feature","properties":{"h":"service","c":4},"geometry":{"type":"LineString","coordinates":[[5.7248039,50.0110069],[5.7247289,50.0110928],[5.7247992,50.0113965],[5.7246586,50.0114129]]}},{"type":"Feature","properties":{"h":"service","c":4},"geometry":{"type":"LineString","coordinates":[[5.7268404,50.0090226],[5.7268315,50.0090803],[5.726722,50.0092323],[5.7266451,50.0092853],[5.7265313,50.0092835],[5.7262465,50.0092176],[5.7261968,50.0092104],[5.7261443,50.0092028],[5.7258793,50.0091646],[5.7257877,50.0091582]]}},{"type":"Feature","properties":{"h":"residential","c":3},"geometry":{"type":"LineString","coordinates":[[5.7257877,50.0091582],[5.7254807,50.0091243],[5.7252187,50.0091225],[5.7251862,50.0091256],[5.7249312,50.0091499],[5.7247107,50.0091985],[5.724507,50.0092433],[5.724141,50.0093762]]}},{"type":"Feature","properties":{"h":"residential","c":3},"geometry":{"type":"LineString","coordinates":[[5.7254903,50.0112877],[5.725433,50.011006],[5.7253738,50.0107184]]}},{"type":"Feature","properties":{"h":"service","c":4},"geometry":{"type":"LineString","coordinates":[[5.7272541,50.0113072],[5.7271347,50.0114304],[5.7270535,50.0115153],[5.7269897,50.0115381],[5.7269117,50.0115284],[5.7264257,50.0114076],[5.7261122,50.0113198],[5.7260013,50.0112925],[5.7258675,50.01127],[5.7257144,50.0112697],[5.7254903,50.0112877]]}},{"type":"Feature","properties":{"h":"service","c":4},"geometry":{"type":"LineString","coordinates":[[5.7276179,50.0101383],[5.7276072,50.0102343],[5.7275717,50.0103716],[5.7275289,50.0104104],[5.7271944,50.0103098],[5.7267175,50.0102046],[5.7262655,50.0101451],[5.7259203,50.0101063],[5.7255716,50.0100857],[5.7254264,50.0100772]]}},{"type":"Feature","properties":{"h":"service","c":4},"geometry":{"type":"LineString","coordinates":[[5.7246705,50.0103005],[5.7250513,50.0102146],[5.7252335,50.0102131],[5.725404,50.0102329]]}},{"type":"Feature","properties":{"h":"service","c":4},"geometry":{"type":"LineString","coordinates":[[5.7274831,50.0107019],[5.7274848,50.010759],[5.7274051,50.0109605],[5.727013,50.01085],[5.7265386,50.0107421],[5.7260261,50.0106938],[5.72573,50.0106806],[5.7254521,50.0107011],[5.7253738,50.0107184]]}},{"type":"Feature","properties":{"h":"service","c":4},"geometry":{"type":"LineString","coordinates":[[5.7250741,50.0085031],[5.7246955,50.0085329]]}},{"type":"Feature","properties":{"h":"track","c":4},"geometry":{"type":"LineString","coordinates":[[5.7230712,49.9913404],[5.7239341,49.9910432],[5.7246618,49.9914147]]}},{"type":"Feature","properties":{"h":"service","c":4},"geometry":{"type":"LineString","coordinates":[[5.715574,49.9974483],[5.7151279,49.9968113],[5.7150827,49.9966316]]}},{"type":"Feature","properties":{"h":"service","c":4},"geometry":{"type":"LineString","coordinates":[[5.7112814,49.9970531],[5.7126587,49.9969266]]}},{"type":"Feature","properties":{"h":"service","c":4},"geometry":{"type":"LineString","coordinates":[[5.7092388,49.9967173],[5.7096012,49.9964553]]}},{"type":"Feature","properties":{"h":"track","c":4},"geometry":{"type":"LineString","coordinates":[[5.7099705,49.9958669],[5.7098712,49.9958445],[5.7091819,49.9957087],[5.7081325,49.9953049],[5.7072741,49.9949468],[5.7069728,49.9947787]]}},{"type":"Feature","properties":{"h":"tertiary","c":2},"geometry":{"type":"LineString","coordinates":[[5.6977947,49.9986554],[5.6975766,49.9986629]]}},{"type":"Feature","properties":{"h":"track","c":4},"geometry":{"type":"LineString","coordinates":[[5.7061989,50.000797],[5.706498,50.0004541]]}},{"type":"Feature","properties":{"h":"service","c":4},"geometry":{"type":"LineString","coordinates":[[5.7184474,50.0039865],[5.7187299,50.0038029]]}},{"type":"Feature","properties":{"h":"service","c":4},"geometry":{"type":"LineString","coordinates":[[5.7256642,50.0087982],[5.725704,50.0084899]]}},{"type":"Feature","properties":{"h":"primary","c":1},"geometry":{"type":"LineString","coordinates":[[5.6753125,49.9775459],[5.6757667,49.9776164],[5.675949,49.977644],[5.6779259,49.9779411],[5.6782253,49.9780042],[5.6785333,49.9780913],[5.6788286,49.9782039],[5.6791191,49.9783448],[5.6806219,49.979263],[5.6821059,49.9801792],[5.6827715,49.9805901],[5.6832284,49.9808507],[5.683403,49.980957]]}},{"type":"Feature","properties":{"h":"primary","c":1},"geometry":{"type":"LineString","coordinates":[[5.7558955,49.9890363],[5.7557887,49.989137],[5.7556325,49.9892567],[5.7553952,49.9893922],[5.7551482,49.9895022],[5.7549218,49.9895808],[5.7545918,49.9896608],[5.7531623,49.9899227],[5.7475694,49.9909102]]}},{"type":"Feature","properties":{"h":"track","c":4},"geometry":{"type":"LineString","coordinates":[[5.7428134,49.9901873],[5.7440097,49.9901666],[5.7453294,49.9899735],[5.7458604,49.9898631],[5.7461823,49.9898356],[5.7466882,49.9897164],[5.7469381,49.9896927]]}},{"type":"Feature","properties":{"h":"service","c":4},"geometry":{"type":"LineString","coordinates":[[5.7277035,49.9936808],[5.7275962,49.9936997],[5.7274058,49.9934342],[5.7275881,49.9933652],[5.7277974,49.9936325],[5.7277035,49.9936808]]}},{"type":"Feature","properties":{"h":"primary","c":1},"geometry":{"type":"LineString","coordinates":[[5.7251375,49.9952492],[5.7243296,49.9954914],[5.7241326,49.9955529],[5.7239228,49.9956149],[5.7221461,49.9961595],[5.7197668,49.9968655],[5.718472,49.9972607]]}},{"type":"Feature","properties":{"h":"service","c":4},"geometry":{"type":"LineString","coordinates":[[5.7277035,49.9936808],[5.7278108,49.9938204]]}},{"type":"Feature","properties":{"h":"service","c":4},"geometry":{"type":"LineString","coordinates":[[5.7280597,49.994211],[5.7277959,49.9942856],[5.7276069,49.9939687],[5.7276123,49.9938791],[5.7278108,49.9938204],[5.7280597,49.994211]]}},{"type":"Feature","properties":{"h":"track","c":4},"geometry":{"type":"LineString","coordinates":[[5.7076923,50.0629707],[5.708533,50.0624294],[5.7103622,50.0612206],[5.7113954,50.0605846]]}},{"type":"Feature","properties":{"h":"track","c":4},"geometry":{"type":"LineString","coordinates":[[5.7288757,50.0388856],[5.7285271,50.0395072],[5.7283782,50.0397509],[5.7283109,50.0399148],[5.7283094,50.0400898],[5.7283453,50.0402408],[5.7282134,50.0404316],[5.7280477,50.0406752],[5.72753,50.0411946],[5.7273483,50.0414168],[5.7273049,50.0415882],[5.7271913,50.0417429],[5.7269272,50.041867],[5.7264566,50.0419489],[5.7258998,50.0421],[5.7255523,50.0422136],[5.725296,50.0423591],[5.7250317,50.0425871],[5.7247275,50.0429328],[5.7245224,50.043159],[5.7243192,50.0435424],[5.7243339,50.0440893]]}},{"type":"Feature","properties":{"h":"track","c":4},"geometry":{"type":"LineString","coordinates":[[5.7265169,50.044999],[5.7271656,50.0443763],[5.7274446,50.044018],[5.7277664,50.0436528],[5.7282492,50.0432256],[5.7285153,50.0432333],[5.7290377,50.0433978],[5.7298943,50.0437352],[5.7301397,50.0437022],[5.7304543,50.0435671],[5.7307148,50.0433961],[5.7310014,50.043281],[5.7313239,50.0432209],[5.7317676,50.0432049],[5.7318944,50.0432085]]}},{"type":"Feature","properties":{"h":"track","c":4},"geometry":{"type":"LineString","coordinates":[[5.7248082,50.0640627],[5.7249776,50.0641056],[5.7252485,50.0642054],[5.7255516,50.0643466],[5.7257769,50.0643776],[5.7260237,50.0643724],[5.726434,50.0642364],[5.7270751,50.0640298],[5.7276062,50.0639575],[5.728046,50.0639627],[5.7281386,50.0639928]]}},{"type":"Feature","properties":{"h":"track","c":4},"geometry":{"type":"LineString","coordinates":[[5.7160692,50.0631655],[5.7144858,50.0644507],[5.7142937,50.0646457],[5.7142327,50.064839],[5.7142,50.065278],[5.7143131,50.0659926],[5.7144808,50.0663724],[5.7145867,50.0666469],[5.7148067,50.0672667],[5.7148227,50.0675699],[5.714837,50.067839]]}},{"type":"Feature","properties":{"h":"track","c":4},"geometry":{"type":"LineString","coordinates":[[5.7272816,50.0507935],[5.7263106,50.0501992],[5.7252225,50.0495257],[5.7251197,50.0494621],[5.7245726,50.049066],[5.7239118,50.0487656],[5.7233406,50.0485721],[5.7223857,50.0484139],[5.7219118,50.0483185],[5.7191504,50.0476498]]}},{"type":"Feature","properties":{"h":"track","c":4},"geometry":{"type":"LineString","coordinates":[[5.7178544,50.0638263],[5.7190499,50.0643811],[5.7198559,50.0646626],[5.7202596,50.064722],[5.7205466,50.064709],[5.7211394,50.0646359],[5.7222283,50.0644534],[5.7232637,50.0641951],[5.7240254,50.0639988],[5.7244412,50.063985],[5.7245833,50.0640057],[5.7247024,50.0640359]]}},{"type":"Feature","properties":{"h":"track","c":4},"geometry":{"type":"LineString","coordinates":[[5.7057552,50.0613693],[5.7060358,50.0615237],[5.7063497,50.0619851],[5.706587,50.0622116],[5.7070148,50.0624939],[5.7075231,50.0628486],[5.7076923,50.0629707],[5.708077,50.0632481],[5.7086412,50.0635553],[5.7088548,50.0636717],[5.7097614,50.0640005],[5.7101978,50.0641946],[5.7103113,50.064245],[5.7105672,50.0643832]]}},{"type":"Feature","properties":{"h":"track","c":4},"geometry":{"type":"LineString","coordinates":[[5.7120158,50.060847],[5.7119528,50.0606868],[5.7119742,50.0603682],[5.7120225,50.0601564],[5.7121942,50.0600187],[5.7128406,50.0596037],[5.7135299,50.0591612],[5.7143346,50.0586153],[5.714517,50.0584758],[5.7147181,50.0581125],[5.7147832,50.0579817],[5.7149703,50.0576062],[5.7150293,50.0573548],[5.7150749,50.0572997],[5.7151428,50.0572669]]}},{"type":"Feature","properties":{"h":"track","c":4},"geometry":{"type":"LineString","coordinates":[[5.7147438,50.0436856],[5.7165818,50.0411226]]}},{"type":"Feature","properties":{"h":"track","c":4},"geometry":{"type":"LineString","coordinates":[[5.7247024,50.0640359],[5.7248082,50.0640627]]}},{"type":"Feature","properties":{"h":"track","c":4},"geometry":{"type":"LineString","coordinates":[[5.7137031,50.043882],[5.7158768,50.0409779]]}},{"type":"Feature","properties":{"h":"track","c":4},"geometry":{"type":"LineString","coordinates":[[5.7059239,50.0386383],[5.7063959,50.038845],[5.7068251,50.0390741],[5.7073803,50.0393497],[5.7080857,50.0396081],[5.7085524,50.039851],[5.7090379,50.0401473],[5.7096494,50.0402869],[5.7098587,50.0403127],[5.7099928,50.0403678],[5.7106472,50.0406951],[5.7110657,50.0407847],[5.7112319,50.0408812],[5.7114733,50.0411465],[5.7118274,50.0412877],[5.7123317,50.0415117],[5.7125731,50.0416874],[5.7127286,50.0418252],[5.7127286,50.0419251],[5.7127022,50.0420217]]}},{"type":"Feature","properties":{"h":"track","c":4},"geometry":{"type":"LineString","coordinates":[[5.7105672,50.0643832],[5.7107002,50.0646583],[5.7106972,50.0647384],[5.7106841,50.0650818],[5.7103676,50.0654744],[5.7103408,50.0655536],[5.7104052,50.0656603],[5.7112742,50.0661114],[5.7116309,50.0662887],[5.7118509,50.0664385],[5.7120118,50.0665263],[5.7121352,50.0665436],[5.7122291,50.0665281],[5.7123659,50.0665487],[5.7124731,50.0665832],[5.7125429,50.0666262],[5.7125429,50.0667071],[5.7125402,50.0668121],[5.7125429,50.0668741],[5.7125161,50.0669137],[5.7124544,50.0669413]]}},{"type":"Feature","properties":{"h":"track","c":4},"geometry":{"type":"LineString","coordinates":[[5.7209301,50.0406826],[5.7216919,50.0409135],[5.7220728,50.0411581],[5.7227594,50.041637],[5.7230544,50.0418196],[5.7232797,50.0419126],[5.7234729,50.0420194],[5.723607,50.0421365],[5.723843,50.0424259],[5.7244009,50.043046],[5.7245224,50.043159],[5.7250017,50.0436041],[5.7251895,50.043704],[5.7253182,50.0438108],[5.7255221,50.043928],[5.725962,50.0444723],[5.7265169,50.044999]]}},{"type":"Feature","properties":{"h":"track","c":4},"geometry":{"type":"LineString","coordinates":[[5.7288844,50.046413],[5.7294922,50.0465227],[5.7304339,50.0464897],[5.7306989,50.0464947]]}},{"type":"Feature","properties":{"h":"track","c":4},"geometry":{"type":"LineString","coordinates":[[5.710889,50.0428468],[5.7110536,50.0429862],[5.7112252,50.0430336],[5.7114231,50.0431141]]}},{"type":"Feature","properties":{"h":"track","c":4},"geometry":{"type":"LineString","coordinates":[[5.7284352,50.0491845],[5.7299927,50.0495108],[5.7314545,50.049819],[5.7322189,50.0499861]]}},{"type":"Feature","properties":{"h":"track","c":4},"geometry":{"type":"LineString","coordinates":[[5.7110536,50.0429862],[5.7111327,50.0431498],[5.7112266,50.0432644],[5.7112534,50.0433204]]}},{"type":"Feature","properties":{"h":"track","c":4},"geometry":{"type":"LineString","coordinates":[[5.7287493,50.038768],[5.7285255,50.0388536],[5.7278228,50.0390328],[5.7274258,50.0391878],[5.7270395,50.0393532]]}},{"type":"Feature","properties":{"h":"track","c":4},"geometry":{"type":"LineString","coordinates":[[5.7160692,50.0631655],[5.7173118,50.0621263],[5.7180682,50.0615409],[5.7183525,50.0612103],[5.7184785,50.0610097]]}},{"type":"Feature","properties":{"h":"track","c":4},"geometry":{"type":"LineString","coordinates":[[5.7243751,50.0472197],[5.7255157,50.0479319],[5.7269993,50.0488873],[5.7277289,50.0493385],[5.7283198,50.0496512]]}},{"type":"Feature","properties":{"h":"track","c":4},"geometry":{"type":"LineString","coordinates":[[5.7193616,50.0626219],[5.7199257,50.0626902],[5.7203629,50.0626885],[5.7205989,50.0626661],[5.72091,50.062642],[5.7211434,50.06263]]}},{"type":"Feature","properties":{"h":"track","c":4},"geometry":{"type":"LineString","coordinates":[[5.7267148,50.0518265],[5.7267635,50.0516829],[5.727185,50.0510259],[5.7272816,50.0507935],[5.7274151,50.0507279],[5.727568,50.05065],[5.7277476,50.0505849],[5.7278931,50.0505575],[5.7281335,50.0505259]]}},{"type":"Feature","properties":{"h":"track","c":4},"geometry":{"type":"LineString","coordinates":[[5.7252225,50.0495257],[5.7250232,50.0489092],[5.7251734,50.0483099],[5.7255157,50.0479319],[5.7257849,50.0476347],[5.7264803,50.04679],[5.7266472,50.0464841],[5.7266066,50.0460977],[5.7266066,50.045941],[5.7267041,50.0458471],[5.7269887,50.0457687],[5.7272326,50.0456225],[5.7273628,50.0454491]]}},{"type":"Feature","properties":{"h":"service","c":4},"geometry":{"type":"LineString","coordinates":[[5.7332365,50.0530672],[5.7331878,50.0529781],[5.7331281,50.0529348],[5.7327734,50.0526776],[5.7327456,50.0526608],[5.7323335,50.0524123],[5.7317019,50.0528093],[5.7313562,50.0530688]]}},{"type":"Feature","properties":{"h":"track","c":4},"geometry":{"type":"LineString","coordinates":[[5.729131,50.0476992],[5.7289867,50.0478134],[5.7287097,50.0481335],[5.7286173,50.0485139],[5.7284352,50.0491845],[5.7283198,50.0496512],[5.7282901,50.0498143],[5.7281335,50.0505259],[5.728135,50.0506533],[5.7281297,50.0507963],[5.728157,50.0509234],[5.7282094,50.0510105],[5.7283189,50.0511187],[5.7285697,50.0513047],[5.7288768,50.0515096],[5.7292255,50.0517198],[5.7295962,50.051974],[5.729897,50.0521785],[5.7302297,50.0523933],[5.7304545,50.0525171],[5.7305429,50.0525558],[5.7306225,50.0525931]]}},{"type":"Feature","properties":{"h":"track","c":4},"geometry":{"type":"LineString","coordinates":[[5.7231255,50.058221],[5.722742,50.0578904],[5.7223611,50.0575683],[5.7220205,50.0572222],[5.7216208,50.0568106],[5.7212131,50.0563336],[5.7211246,50.0562165]]}},{"type":"Feature","properties":{"h":"track","c":4},"geometry":{"type":"LineString","coordinates":[[5.7113902,50.0433341],[5.7114358,50.0433893],[5.7113832,50.0434065],[5.7112874,50.0434256],[5.7111854,50.0434445],[5.7111078,50.0434595],[5.710973,50.0434571],[5.7109095,50.0434755],[5.7108673,50.0435134],[5.7108645,50.0435563],[5.7108216,50.043608],[5.710784,50.0436287],[5.7106928,50.0436149],[5.7105748,50.0434857],[5.7101403,50.0429982],[5.7097353,50.0425624],[5.7092873,50.0420629],[5.7090755,50.0418786],[5.7088421,50.041665],[5.7088206,50.0415203],[5.7088716,50.0414014],[5.7089601,50.0413549],[5.7091023,50.041379],[5.7092552,50.0414548],[5.7093088,50.0415358],[5.7093329,50.041584],[5.7094295,50.0416305],[5.7096682,50.0417166],[5.7099177,50.0418424],[5.7100115,50.0419061],[5.7100196,50.0419509],[5.7100035,50.041994],[5.7099257,50.0420388],[5.7097728,50.0421473],[5.7096977,50.0422128],[5.7096924,50.0423161],[5.709797,50.0424384],[5.7098667,50.042497],[5.7099525,50.0425159],[5.7100357,50.0424884],[5.7100357,50.0424401],[5.7100115,50.0423368],[5.7100571,50.0423092],[5.7100974,50.0423058],[5.7101913,50.0423247],[5.7102717,50.042373],[5.7103361,50.0424332],[5.7103629,50.042478],[5.7103468,50.0425211],[5.7102744,50.0425607],[5.7101135,50.0426176],[5.7101001,50.0426761],[5.7101778,50.0427244],[5.7102824,50.0427502],[5.7105614,50.0427519],[5.7106392,50.0427106],[5.7106794,50.0426589],[5.7106553,50.0426124],[5.7105882,50.0425693],[5.7106097,50.0425056],[5.7106767,50.0424746],[5.7108859,50.0426021],[5.7109771,50.0426968],[5.7109691,50.0427657],[5.7109154,50.0428329],[5.710889,50.0428468],[5.7108269,50.0428794],[5.7106875,50.0429242],[5.7105668,50.0429845],[5.7105399,50.0430327],[5.7105882,50.0431205],[5.710776,50.0432428],[5.7109342,50.0433014],[5.7111139,50.0433272],[5.7112534,50.0433204],[5.7113231,50.0433204],[5.7113902,50.0433341]]}},{"type":"Feature","properties":{"h":"track","c":4},"geometry":{"type":"LineString","coordinates":[[5.722309,50.049554],[5.724686,50.0504994],[5.724968,50.0506061],[5.7253453,50.0507857],[5.7255749,50.0509291],[5.7262,50.0512847],[5.7265219,50.0514845],[5.7267041,50.0516202],[5.7267635,50.0516829]]}},{"type":"Feature","properties":{"h":"track","c":4},"geometry":{"type":"LineString","coordinates":[[5.723927,50.0458068],[5.7264803,50.04679],[5.7270938,50.047031],[5.7288534,50.0476269],[5.729131,50.0476992],[5.7294919,50.0475506],[5.7300379,50.0473742],[5.7301767,50.0473017],[5.7303311,50.0472132],[5.7305099,50.0470787]]}},{"type":"Feature","properties":{"h":"track","c":4},"geometry":{"type":"LineString","coordinates":[[5.7281177,50.0458513],[5.7284115,50.045563],[5.7287977,50.0451703],[5.7291732,50.0450187],[5.7295917,50.0450463],[5.7302139,50.0451841],[5.7307504,50.0454459],[5.7311152,50.0456113],[5.7313442,50.0459315]]}},{"type":"Feature","properties":{"h":"service","c":4},"geometry":{"type":"LineString","coordinates":[[5.7284679,49.9940929],[5.7280597,49.994211],[5.7281443,49.9943677]]}},{"type":"Feature","properties":{"h":"secondary","c":2},"geometry":{"type":"LineString","coordinates":[[5.7087099,50.015745],[5.7091877,50.0157483],[5.7098165,50.0157833],[5.7104958,50.0158374],[5.7110662,50.0159124],[5.7113612,50.015964],[5.7119722,50.0160809],[5.7123796,50.0161737]]}},{"type":"Feature","properties":{"h":"secondary","c":2},"geometry":{"type":"LineString","coordinates":[[5.7123796,50.0161737],[5.7133048,50.0164582],[5.7153619,50.0172046],[5.7159739,50.0174023],[5.716667,50.0175858],[5.7171142,50.0176834],[5.7175654,50.0177805],[5.7183041,50.0178998],[5.7184184,50.0179153]]}},{"type":"Feature","properties":{"h":"service","c":4},"geometry":{"type":"LineString","coordinates":[[5.7112283,50.0003364],[5.711589,50.0004789],[5.7118818,50.0005729],[5.7128126,50.0007565]]}},{"type":"Feature","properties":{"h":"service","c":4},"geometry":{"type":"LineString","coordinates":[[5.7199383,50.0060584],[5.7197601,50.0060924]]}},{"type":"Feature","properties":{"h":"track","c":4},"geometry":{"type":"LineString","coordinates":[[5.7683249,50.0065139],[5.7682672,50.0065102],[5.7682172,50.0065121],[5.7681301,50.0065788],[5.7680985,50.0066276],[5.768062,50.006679],[5.7678941,50.006962],[5.767853,50.0070144],[5.767814,50.007051],[5.767731,50.007097],[5.7676151,50.0071239],[5.7668435,50.0071688],[5.7666362,50.0071765],[5.766522,50.007172],[5.766316,50.007126],[5.766061,50.007034],[5.765777,50.0069393],[5.765435,50.0068719],[5.765053,50.006775],[5.7646018,50.0065893],[5.76444,50.0065737]]}},{"type":"Feature","properties":{"h":"unclassified","c":3},"geometry":{"type":"LineString","coordinates":[[5.7370121,50.0698514],[5.7370387,50.0697744],[5.7369467,50.0695023],[5.7368899,50.0692393],[5.7368825,50.0690754],[5.736883,50.0689669],[5.7368963,50.0688688],[5.7370212,50.0685471],[5.7372255,50.0680437],[5.7372868,50.0679443],[5.7373766,50.0678368],[5.7375025,50.0677314],[5.7379414,50.067388],[5.7382455,50.0671462],[5.7383796,50.0670244],[5.7384759,50.0669089],[5.7385381,50.0668121],[5.7385808,50.066702],[5.738567,50.0666166],[5.7385536,50.0665159],[5.7385629,50.0664512],[5.7386,50.0663676],[5.7386649,50.0662787],[5.7388812,50.0660616],[5.7392822,50.0656966],[5.7393528,50.0656398],[5.7394834,50.0655693],[5.7396447,50.0654985],[5.7400131,50.0653815],[5.7402359,50.0653198],[5.7404922,50.0652552],[5.7408234,50.0651973],[5.7413273,50.0651349],[5.7419245,50.0650448],[5.742172,50.0649934],[5.7423475,50.0649356],[5.742467,50.0648748],[5.742598,50.0647996],[5.7427122,50.0647191],[5.7429396,50.0645378],[5.7430266,50.064455]]}},{"type":"Feature","properties":{"h":"motorway","c":1},"geometry":{"type":"LineString","coordinates":[[5.6938889,50.0160355],[5.6923145,50.0140216]]}},{"type":"Feature","properties":{"h":"service","c":4},"geometry":{"type":"LineString","coordinates":[[5.719503,50.0060088],[5.7193219,50.0059863]]}},{"type":"Feature","properties":{"h":"service","c":4},"geometry":{"type":"LineString","coordinates":[[5.7197601,50.0060924],[5.7195505,50.006054]]}},{"type":"Feature","properties":{"h":"service","c":4},"geometry":{"type":"LineString","coordinates":[[5.719503,50.0060088],[5.7192698,50.0059372]]}},{"type":"Feature","properties":{"h":"service","c":4},"geometry":{"type":"LineString","coordinates":[[5.7197601,50.0060924],[5.719503,50.0060088]]}},{"type":"Feature","properties":{"h":"service","c":4},"geometry":{"type":"LineString","coordinates":[[5.7192698,50.0059372],[5.7191063,50.0059281]]}},{"type":"Feature","properties":{"h":"residential","c":3},"geometry":{"type":"LineString","coordinates":[[5.7220223,50.0077168],[5.7221076,50.0076042],[5.7221409,50.0075618],[5.7222449,50.0074445],[5.722499,50.0075103],[5.7231666,50.0077449],[5.7230722,50.0079059],[5.7226611,50.0083719]]}},{"type":"Feature","properties":{"h":"unclassified","c":3},"geometry":{"type":"LineString","coordinates":[[5.6910288,50.0535595],[5.6909716,50.0538461],[5.6909246,50.0538838]]}},{"type":"Feature","properties":{"h":"secondary","c":2},"geometry":{"type":"LineString","coordinates":[[5.688318,50.0451178],[5.6883841,50.0450492],[5.6884388,50.044979],[5.688496,50.044868],[5.6886028,50.044632],[5.6887477,50.0443185],[5.6889956,50.0437935],[5.6891202,50.0435069],[5.6893631,50.043039],[5.6897013,50.042487]]}},{"type":"Feature","properties":{"h":"secondary","c":2},"geometry":{"type":"LineString","coordinates":[[5.6837587,50.0636593],[5.6843988,50.0628366],[5.6851627,50.0618012],[5.6853449,50.0615494]]}},{"type":"Feature","properties":{"h":"service","c":4},"geometry":{"type":"LineString","coordinates":[[5.6865715,50.0454561],[5.6865456,50.0453987],[5.6865316,50.045313],[5.6865278,50.0452362],[5.6865386,50.0451008],[5.6865479,50.0449678]]}},{"type":"Feature","properties":{"h":"track","c":4},"geometry":{"type":"LineString","coordinates":[[5.6865479,50.0449678],[5.6865532,50.0448753],[5.6865977,50.0447006],[5.6866918,50.0444516],[5.6867656,50.0442344],[5.6867878,50.0441368],[5.6868043,50.0439372],[5.6868158,50.0438425],[5.6868279,50.0437584],[5.686873,50.0436236],[5.6869639,50.0434783],[5.6871368,50.0432725],[5.6872659,50.0430994]]}},{"type":"Feature","properties":{"h":"service","c":4},"geometry":{"type":"LineString","coordinates":[[5.6864621,50.0466314],[5.6863427,50.0466431],[5.6860336,50.0465109],[5.6858507,50.0463912],[5.685727,50.0461573]]}},{"type":"Feature","properties":{"h":"track","c":4},"geometry":{"type":"LineString","coordinates":[[5.6820127,50.0466054],[5.6842443,50.0469843],[5.6854889,50.0472461],[5.6863472,50.0475975],[5.6876872,50.047886]]}},{"type":"Feature","properties":{"h":"unclassified","c":3},"geometry":{"type":"LineString","coordinates":[[5.6876653,50.0512036],[5.6876197,50.0512717],[5.6875099,50.0513271],[5.6872635,50.0513609]]}},{"type":"Feature","properties":{"h":"unclassified","c":3},"geometry":{"type":"LineString","coordinates":[[5.6872635,50.0513609],[5.6867844,50.0512976],[5.6864719,50.0513335],[5.6860369,50.0514607],[5.6851723,50.051522],[5.6848837,50.0514729],[5.6843504,50.0514445]]}},{"type":"Feature","properties":{"h":"service","c":4},"geometry":{"type":"LineString","coordinates":[[5.6907897,50.0560331],[5.6910042,50.0561434],[5.6916527,50.056289],[5.6916638,50.0561754],[5.6917178,50.0561449]]}},{"type":"Feature","properties":{"h":"service","c":4},"geometry":{"type":"LineString","coordinates":[[5.6907897,50.0560331],[5.6910249,50.0552024],[5.6912295,50.0549031]]}},{"type":"Feature","properties":{"h":"service","c":4},"geometry":{"type":"LineString","coordinates":[[5.6907897,50.0560331],[5.6904292,50.0558466],[5.6895923,50.0555159],[5.6887126,50.0552266],[5.6880877,50.0551543],[5.6876612,50.05502],[5.6869316,50.0548822],[5.6860518,50.0547169],[5.6853437,50.0544276],[5.6840765,50.054089]]}},{"type":"Feature","properties":{"h":"track","c":4},"geometry":{"type":"LineString","coordinates":[[5.6894107,50.0618674],[5.6895837,50.0613354],[5.6897379,50.0609238],[5.6898036,50.060774],[5.6898036,50.0605674],[5.6897433,50.0602936],[5.6897594,50.060087],[5.6897218,50.059567],[5.6896628,50.059226],[5.689577,50.0587645],[5.6895569,50.0585803],[5.6895609,50.0583065],[5.6896092,50.0580792],[5.6897644,50.0578638],[5.6898445,50.0577526]]}},{"type":"Feature","properties":{"h":"tertiary","c":2},"geometry":{"type":"LineString","coordinates":[[5.716649,50.0526196],[5.7170432,50.0526069],[5.7175607,50.0526087],[5.7189229,50.0526271]]}},{"type":"Feature","properties":{"h":"tertiary","c":2},"geometry":{"type":"LineString","coordinates":[[5.6994125,50.0614153],[5.700713,50.0631111],[5.7014179,50.0640729],[5.7017945,50.0646263],[5.703043,50.0663348],[5.7032708,50.066764],[5.7035455,50.067381],[5.7038853,50.0692352],[5.7041948,50.0709185],[5.7042997,50.0717267],[5.7043174,50.0727534],[5.7043814,50.0729556],[5.7045352,50.0733078],[5.705614,50.075413],[5.705909,50.0760615]]}},{"type":"Feature","properties":{"h":"unclassified","c":3},"geometry":{"type":"LineString","coordinates":[[5.7024637,50.0552722],[5.7021032,50.0555458],[5.7019108,50.0557422],[5.7017893,50.0559633],[5.7017445,50.0560674],[5.7016107,50.0565143]]}},{"type":"Feature","properties":{"h":"tertiary","c":2},"geometry":{"type":"LineString","coordinates":[[5.6918755,50.0533933],[5.6920243,50.0533982],[5.6920926,50.0534022],[5.6923258,50.0533891],[5.6925803,50.0533933],[5.6928805,50.0534268],[5.6931024,50.0534897],[5.6934613,50.053607],[5.6937811,50.0536866],[5.6942706,50.0538081],[5.694623,50.0538794],[5.6949167,50.053938],[5.6950545,50.0539397],[5.6955889,50.0539464],[5.6959001,50.0539526]]}},{"type":"Feature","properties":{"h":"service","c":4},"geometry":{"type":"LineString","coordinates":[[5.6941806,50.0503852],[5.6940003,50.0502973],[5.6939535,50.0501858],[5.6939669,50.0500486],[5.6938533,50.0499242],[5.6934343,50.0495715]]}},{"type":"Feature","properties":{"h":"unclassified","c":3},"geometry":{"type":"LineString","coordinates":[[5.6944187,50.0481106],[5.6955353,50.0478518],[5.6961405,50.0477037],[5.6962465,50.0476673],[5.6963549,50.0476151],[5.6965027,50.0475171],[5.6967391,50.0473589],[5.6969387,50.0471469],[5.6971676,50.0469235]]}},{"type":"Feature","properties":{"h":"unclassified","c":3},"geometry":{"type":"LineString","coordinates":[[5.6876872,50.047886],[5.6878748,50.0479349],[5.6881896,50.0479893],[5.6888884,50.0481468],[5.6900379,50.0483967],[5.6911859,50.0488169],[5.6914061,50.0488895],[5.692004,50.0491847],[5.6923503,50.0492968],[5.6926986,50.0493543],[5.6928089,50.0493543],[5.6932351,50.0493543]]}},{"type":"Feature","properties":{"h":"service","c":4},"geometry":{"type":"LineString","coordinates":[[5.6907519,50.0574319],[5.6907448,50.0573354],[5.691057,50.0571692],[5.6913575,50.0569785],[5.6915846,50.0567512],[5.6916847,50.0565444],[5.6917048,50.0563804],[5.6916527,50.056289]]}},{"type":"Feature","properties":{"h":"residential","c":3},"geometry":{"type":"LineString","coordinates":[[5.7084776,50.0574692],[5.7091946,50.0565889],[5.7091984,50.0564872]]}},{"type":"Feature","properties":{"h":"track","c":4},"geometry":{"type":"LineString","coordinates":[[5.7095758,50.057555],[5.7091338,50.057887],[5.7086835,50.0581796]]}},{"type":"Feature","properties":{"h":"track","c":4},"geometry":{"type":"LineString","coordinates":[[5.7102057,50.0569184],[5.7104668,50.0567101],[5.7106845,50.0565393],[5.7107629,50.0564641],[5.710865,50.0563234],[5.7111096,50.055968],[5.7112546,50.0557771],[5.7114509,50.0556037],[5.7119337,50.0552424],[5.7126429,50.0548026],[5.7128094,50.0546708],[5.7129132,50.0545735],[5.713053,50.0544521],[5.7132604,50.0542531],[5.7135343,50.0539814],[5.7136928,50.0538071],[5.7138197,50.0537015],[5.713997,50.0535765],[5.714233,50.0534142],[5.7143539,50.0533175],[5.7144136,50.053263],[5.714455,50.0532093],[5.7144624,50.0531469]]}},{"type":"Feature","properties":{"h":"unclassified","c":3},"geometry":{"type":"LineString","coordinates":[[5.7193695,50.0461753],[5.7192295,50.0460863],[5.7188933,50.0458803],[5.7186303,50.0457277],[5.718494,50.0456254],[5.7184182,50.0455519],[5.7183683,50.0454604],[5.7182189,50.0452042],[5.7180579,50.0449379],[5.717909,50.0446346],[5.7178233,50.0444289],[5.7177774,50.0442118],[5.7177147,50.0440997],[5.7176517,50.0439824],[5.7175599,50.0438524],[5.7174933,50.0437818]]}},{"type":"Feature","properties":{"h":"unclassified","c":3},"geometry":{"type":"LineString","coordinates":[[5.7157484,50.0520633],[5.7164285,50.0514047]]}},{"type":"Feature","properties":{"h":"secondary","c":2},"geometry":{"type":"LineString","coordinates":[[5.6866944,50.0467794],[5.6864621,50.0466314],[5.6862723,50.0465148],[5.6861273,50.0464209],[5.6860345,50.0463491],[5.685943,50.0462242],[5.6859061,50.0460968],[5.6859048,50.0459588],[5.6859646,50.0458282],[5.6860269,50.0457375],[5.6861108,50.0456665],[5.6861553,50.0456257],[5.6862456,50.0455783],[5.686332,50.0455326],[5.6865715,50.0454561],[5.6867765,50.0454305],[5.6873415,50.0454157],[5.6875259,50.0454077],[5.6877217,50.0453873],[5.6879213,50.0453383],[5.6881273,50.0452493],[5.688318,50.0451178]]}},{"type":"Feature","properties":{"h":"secondary","c":2},"geometry":{"type":"LineString","coordinates":[[5.6880287,50.0499663],[5.6879462,50.0497421],[5.6878185,50.0493354],[5.687775,50.0491838],[5.6877693,50.0490445],[5.6878027,50.0484702],[5.6877983,50.0483513],[5.6877786,50.0481983],[5.6876872,50.047886],[5.6876187,50.0477599],[5.6875462,50.0476154],[5.6874369,50.0474586],[5.6873313,50.0473272],[5.6872118,50.0471982],[5.6870097,50.047008],[5.6866944,50.0467794]]}},{"type":"Feature","properties":{"h":"secondary","c":2},"geometry":{"type":"LineString","coordinates":[[5.6887972,50.0581149],[5.6894983,50.0578724],[5.6898445,50.0577526],[5.6905095,50.0575112],[5.6905927,50.0574878],[5.6907519,50.0574319],[5.6910338,50.0573208],[5.6913331,50.0571736],[5.6915339,50.05704],[5.6917118,50.0568565],[5.6918357,50.0565548],[5.6918262,50.0564228],[5.6917178,50.0561449],[5.6916901,50.0560925],[5.6916468,50.056029],[5.6916099,50.0559521],[5.6914936,50.0557098],[5.6913743,50.0554072],[5.6912295,50.0549031],[5.6911091,50.0544977],[5.6909943,50.0539987],[5.6909246,50.0538838],[5.690833,50.0537591],[5.6907241,50.0536647],[5.6905753,50.0535582],[5.6903742,50.053418],[5.6902689,50.0533327],[5.6901681,50.0532266],[5.6901203,50.0531489],[5.6900884,50.0530372],[5.6900633,50.0528458]]}},{"type":"Feature","properties":{"h":"secondary","c":2},"geometry":{"type":"LineString","coordinates":[[5.6853449,50.0615494],[5.6862821,50.060227],[5.6866258,50.0597375],[5.686881,50.0594293],[5.6872021,50.0590871],[5.6875392,50.0587942],[5.6876033,50.0587519],[5.6880436,50.0584616],[5.6884291,50.0582667],[5.6887972,50.0581149]]}},{"type":"Feature","properties":{"h":"unclassified","c":3},"geometry":{"type":"LineString","coordinates":[[5.6816699,50.0368595],[5.6815095,50.0367146],[5.6813854,50.0365711],[5.6813627,50.0365448],[5.6809259,50.0360572],[5.6802127,50.0352136],[5.6795693,50.0344525],[5.6777448,50.0323071],[5.6775923,50.0321519]]}},{"type":"Feature","properties":{"h":"track","c":4},"geometry":{"type":"LineString","coordinates":[[5.6817784,50.0357016],[5.6812287,50.0355801],[5.6810192,50.0354752],[5.6809853,50.0352912],[5.6811702,50.0351131],[5.6813119,50.0350814]]}},{"type":"Feature","properties":{"h":"tertiary","c":2},"geometry":{"type":"LineString","coordinates":[[5.6803666,50.0291132],[5.6812216,50.0282012],[5.6815722,50.0279014],[5.6823728,50.0273436],[5.6837519,50.0264068],[5.6841318,50.0261519],[5.6844139,50.0258815],[5.6845757,50.0256754],[5.6849551,50.0251406],[5.6851952,50.0248771],[5.6852412,50.0248412],[5.6854967,50.0246423],[5.6858955,50.0243965],[5.6860995,50.0242343],[5.6861836,50.0241556],[5.6862382,50.0240678],[5.6864875,50.0233828],[5.6865152,50.0233083],[5.6865851,50.0232327],[5.6866624,50.02316],[5.6867936,50.0230892],[5.6873157,50.0229015],[5.6879228,50.0227006],[5.6880011,50.0226735],[5.6883499,50.022553],[5.6885098,50.0225141],[5.6887032,50.022467],[5.6897637,50.0222357],[5.6900449,50.0221566],[5.6902896,50.0220399],[5.6904699,50.0219096],[5.6906356,50.0217647],[5.6912724,50.0211047],[5.6914434,50.0209493],[5.6916572,50.0208092],[5.6918506,50.0207103],[5.6919802,50.0206472],[5.692138,50.0205872],[5.6923342,50.0205131],[5.6923895,50.0204922]]}},{"type":"Feature","properties":{"h":"secondary","c":2},"geometry":{"type":"LineString","coordinates":[[5.6897013,50.042487],[5.6899708,50.0420682],[5.6903654,50.041446],[5.6904654,50.0412884],[5.6906447,50.0409144],[5.6907489,50.0406621],[5.6909015,50.040293],[5.6910274,50.0399998],[5.6911253,50.039821],[5.6912435,50.0396136],[5.6914813,50.0392388],[5.6920091,50.0384018]]}},{"type":"Feature","properties":{"h":"secondary","c":2},"geometry":{"type":"LineString","coordinates":[[5.6920091,50.0384018],[5.6922088,50.0381097],[5.6924785,50.0377682],[5.6926681,50.0375724],[5.692857,50.0373996],[5.6932002,50.0371319],[5.6936351,50.0368355],[5.693944,50.0366428],[5.6944602,50.0363047],[5.6952014,50.0358237],[5.6957367,50.0354774],[5.6961079,50.0352375],[5.6963833,50.0350256],[5.696611,50.0348138],[5.6968169,50.0345746],[5.6969628,50.0343762],[5.6971832,50.0339113],[5.6973211,50.0335705],[5.697412,50.033283],[5.6974685,50.0330344],[5.6975114,50.0327958],[5.6975121,50.0326071],[5.6975009,50.0319609],[5.6975189,50.031687],[5.6976022,50.0313676],[5.6977291,50.0310272],[5.6978888,50.0307946],[5.6980354,50.0306099],[5.6981725,50.0304492],[5.6984,50.0302485],[5.6986336,50.0300674],[5.6989417,50.0298812],[5.6992663,50.0297178],[5.6996338,50.0295532]]}},{"type":"Feature","properties":{"h":"track","c":4},"geometry":{"type":"LineString","coordinates":[[5.6840088,50.0367643],[5.684387,50.0364388],[5.6847256,50.0361689],[5.6847466,50.0360219],[5.6846836,50.0357069],[5.6848494,50.0353335],[5.6851646,50.035215],[5.6861289,50.035122],[5.6867745,50.0351655]]}},{"type":"Feature","properties":{"h":"service","c":4},"geometry":{"type":"LineString","coordinates":[[5.7617397,50.0635816],[5.7615107,50.0640473],[5.762271,50.0642117],[5.7623442,50.0640578],[5.7625149,50.0639194],[5.7625887,50.0638722]]}},{"type":"Feature","properties":{"h":"unclassified","c":3},"geometry":{"type":"LineString","coordinates":[[5.7657502,50.0612382],[5.7659191,50.0609371],[5.7660832,50.0605367],[5.7662239,50.0602146],[5.7665521,50.0589592],[5.7665802,50.0586371],[5.7665521,50.0584625],[5.7665287,50.0582849],[5.7665334,50.0581735],[5.7665896,50.0580771],[5.7666834,50.0579778],[5.7692813,50.0558552],[5.7696893,50.0555813],[5.7698581,50.0554157],[5.7699378,50.0552712],[5.7700128,50.0550514],[5.7700644,50.0548587],[5.7702098,50.0545757],[5.7703599,50.0543739],[5.7706037,50.0541812],[5.7709882,50.0540337],[5.7714665,50.0539133],[5.7719871,50.0538169],[5.7730281,50.0536604],[5.7738815,50.0535399],[5.7745287,50.0533713],[5.7753774,50.0531184],[5.7757854,50.0529859],[5.7759214,50.0529016],[5.7761981,50.052727],[5.7764279,50.0524741],[5.7767749,50.0521609],[5.7769906,50.0519923],[5.777483,50.0517334],[5.77783,50.0515738],[5.7781911,50.0514533],[5.7785157,50.0512479],[5.7786331,50.0511688],[5.7787069,50.0511191],[5.7789149,50.0509298],[5.7792401,50.0505711],[5.7796072,50.050261],[5.7798605,50.0500381],[5.7801418,50.0498785],[5.7803857,50.049728],[5.7806154,50.0495172],[5.7808218,50.0492733],[5.7810656,50.0489451],[5.7814277,50.0485024],[5.7817544,50.0482032],[5.7820176,50.0479875],[5.7824349,50.0476774],[5.7833118,50.0471504],[5.7840387,50.0466626],[5.7849546,50.0459718]]}},{"type":"Feature","properties":{"h":"unclassified","c":3},"geometry":{"type":"LineString","coordinates":[[5.7637948,50.0622587],[5.763912,50.0622286],[5.7642543,50.0621563],[5.7647842,50.0620359],[5.7650609,50.0619125],[5.7653094,50.061768],[5.7655158,50.0615633],[5.7657502,50.0612382]]}},{"type":"Feature","properties":{"h":"track","c":4},"geometry":{"type":"LineString","coordinates":[[5.7561719,50.0616491],[5.7561243,50.0616357],[5.7557361,50.0615058],[5.7553739,50.061417],[5.7551785,50.0613602]]}},{"type":"Feature","properties":{"h":"track","c":4},"geometry":{"type":"LineString","coordinates":[[5.7583218,50.0615469],[5.7578615,50.0608442],[5.7572906,50.0600502]]}},{"type":"Feature","properties":{"h":"unclassified","c":3},"geometry":{"type":"LineString","coordinates":[[5.7946284,50.0411198],[5.7947918,50.0411065],[5.7948915,50.0410763],[5.7950167,50.0410018],[5.7951031,50.0408793],[5.7952407,50.0405426],[5.7955275,50.0399636],[5.79563,50.0397695],[5.7958041,50.0395589],[5.7961012,50.0392398],[5.7968433,50.0383924]]}},{"type":"Feature","properties":{"h":"residential","c":3},"geometry":{"type":"LineString","coordinates":[[5.7202385,50.0137684],[5.7207615,50.0139393]]}},{"type":"Feature","properties":{"h":"track","c":4},"geometry":{"type":"LineString","coordinates":[[5.7705991,50.03053],[5.770152,50.030829],[5.769239,50.031499],[5.769117,50.031642],[5.768967,50.031756],[5.768634,50.03209],[5.768473,50.032227],[5.768415,50.032363]]}},{"type":"Feature","properties":{"h":"track","c":4},"geometry":{"type":"LineString","coordinates":[[5.7336671,49.9808697],[5.733743,49.9807615],[5.7341096,49.9803892],[5.7340926,49.9802669],[5.734527,49.979573],[5.734759,49.979198],[5.734943,49.979018],[5.73507,49.978651],[5.735849,49.977538],[5.736312,49.976924],[5.736416,49.976797],[5.736702,49.976566],[5.737527,49.976072]]}},{"type":"Feature","properties":{"h":"track","c":4},"geometry":{"type":"LineString","coordinates":[[5.762583,49.9866854],[5.762582,49.986593],[5.762612,49.986513],[5.762815,49.98621],[5.762942,49.985881],[5.763262,49.985188],[5.763902,49.983541],[5.763917,49.983417]]}},{"type":"Feature","properties":{"h":"track","c":4},"geometry":{"type":"LineString","coordinates":[[5.793473,50.016721],[5.794005,50.016512],[5.794525,50.016278],[5.795519,50.016017],[5.796149,50.015892],[5.796326,50.015842],[5.796581,50.015735],[5.797112,50.015582],[5.797887,50.015303],[5.798445,50.015055],[5.798725,50.014962],[5.799342,50.014945],[5.799724,50.014918],[5.800206,50.014837],[5.800465,50.014769],[5.800814,50.01471],[5.801231,50.0146237]]}},{"type":"Feature","properties":{"h":"service","c":4},"geometry":{"type":"LineString","coordinates":[[5.718103,50.0066969],[5.7181821,50.006718],[5.7187896,50.0069511]]}},{"type":"Feature","properties":{"h":"residential","c":3},"geometry":{"type":"LineString","coordinates":[[5.7079689,49.9997578],[5.7077929,49.9996626],[5.7076844,49.9996015]]}},{"type":"Feature","properties":{"h":"unclassified","c":3},"geometry":{"type":"LineString","coordinates":[[5.7511674,49.9848332],[5.7518321,49.9847577],[5.7524192,49.984713],[5.755471,49.9835074],[5.7556374,49.9834516],[5.7558164,49.9833915],[5.7562125,49.9833125],[5.7566518,49.9832627],[5.7577949,49.9829791],[5.7597292,49.9824709],[5.7615274,49.9820389],[5.7616434,49.98204],[5.7617328,49.9820564]]}},{"type":"Feature","properties":{"h":"track","c":4},"geometry":{"type":"LineString","coordinates":[[5.7627932,49.9832152],[5.7623416,49.9830379],[5.7620027,49.98214],[5.7619242,49.982008],[5.7618488,49.981914]]}},{"type":"Feature","properties":{"h":"primary","c":1},"geometry":{"type":"LineString","coordinates":[[5.7618488,49.981914],[5.7617328,49.9820564],[5.7570399,49.9876806]]}},{"type":"Feature","properties":{"h":"secondary","c":2},"geometry":{"type":"LineString","coordinates":[[5.7804066,49.9853205],[5.7803763,49.9851085],[5.780376,49.9849097],[5.7804516,49.9844478],[5.780443,49.9842301],[5.7804019,49.9840549],[5.7803028,49.9837784],[5.7800748,49.9833079],[5.7797322,49.9827496],[5.7791996,49.9818906],[5.7790631,49.9815375],[5.7790639,49.9813848],[5.7791021,49.9812683],[5.7792297,49.981058],[5.7794958,49.980776],[5.7795647,49.9805321],[5.7795204,49.9803135],[5.7793184,49.9799396],[5.7789587,49.9795594],[5.7788158,49.9793883],[5.7787542,49.9792754]]}},{"type":"Feature","properties":{"h":"secondary","c":2},"geometry":{"type":"LineString","coordinates":[[5.7299104,50.0086887],[5.7300998,50.0087215],[5.7304023,50.008767],[5.7307062,50.0087951],[5.7309489,50.008812],[5.7314789,50.008811]]}},{"type":"Feature","properties":{"h":"secondary","c":2},"geometry":{"type":"LineString","coordinates":[[5.7358133,50.0078345],[5.7373638,50.0073578],[5.7378406,50.0072704],[5.7382641,50.007212],[5.738741,50.0071821],[5.738909,50.0071933],[5.7393615,50.0072465],[5.7402994,50.0074312],[5.7407339,50.0074986],[5.7410425,50.0075281],[5.7413346,50.0075126]]}},{"type":"Feature","properties":{"h":"secondary","c":2},"geometry":{"type":"LineString","coordinates":[[5.7592171,50.0060482],[5.7610865,50.005942],[5.7624873,50.0057908],[5.7626173,50.0057827],[5.7627345,50.0057806],[5.7629065,50.0057834],[5.7632609,50.0058115],[5.7639319,50.0058765]]}},{"type":"Feature","properties":{"h":"secondary","c":2},"geometry":{"type":"LineString","coordinates":[[5.7697925,50.0066281],[5.7718219,50.007337],[5.7721202,50.0074253],[5.7723991,50.0074949],[5.7727658,50.007547],[5.7730431,50.0075655],[5.773346,50.0075686],[5.7736635,50.0075423],[5.7744912,50.0074365]]}},{"type":"Feature","properties":{"h":"residential","c":3},"geometry":{"type":"LineString","coordinates":[[5.7008904,50.0058897],[5.7009532,50.0058989],[5.7010664,50.0059154],[5.7010257,50.0060304],[5.7008497,50.0060047]]}},{"type":"Feature","properties":{"h":"track","c":4},"geometry":{"type":"LineString","coordinates":[[5.7915951,50.051817],[5.7913345,50.0516331],[5.7908517,50.0510389],[5.7901329,50.0503931],[5.7897761,50.0500934],[5.7888897,50.0494088],[5.7882527,50.0488516],[5.7875043,50.0481696],[5.7869437,50.0476864],[5.7862678,50.0470758],[5.7856348,50.0465367],[5.7849546,50.0459718]]}},{"type":"Feature","properties":{"h":"track","c":4},"geometry":{"type":"LineString","coordinates":[[5.7222426,50.0355773],[5.7223747,50.0355263],[5.7225148,50.0354033],[5.7227483,50.0352713],[5.7230192,50.0351753],[5.7233741,50.0349683],[5.7236496,50.0347854],[5.7238644,50.0346264],[5.7240466,50.0345094],[5.7242801,50.0343984],[5.7244593,50.0342185],[5.7249507,50.0338607],[5.7251106,50.0336306],[5.7253858,50.0331539],[5.7255431,50.0328439],[5.7256454,50.0325038],[5.725868,50.0318374],[5.7260458,50.0315258],[5.7263921,50.0311128],[5.7266293,50.0308545],[5.7270529,50.0303077],[5.7272454,50.0300626],[5.7273671,50.0298267],[5.7274466,50.0294916],[5.7275404,50.0290874],[5.7275924,50.0287693],[5.7276442,50.0283675]]}},{"type":"Feature","properties":{"h":"track","c":4},"geometry":{"type":"LineString","coordinates":[[5.7288058,50.0322043],[5.7283023,50.0307488],[5.7280603,50.0299496],[5.7278047,50.0289315]]}},{"type":"Feature","properties":{"h":"track","c":4},"geometry":{"type":"LineString","coordinates":[[5.7409729,50.0145982],[5.7410231,50.0143278],[5.7411116,50.0142448],[5.7413435,50.0142725],[5.7420321,50.0145629],[5.7422641,50.0146689],[5.7423956,50.0148256],[5.7424052,50.0149501],[5.742386,50.0151145],[5.7422904,50.015242],[5.7420943,50.0154095],[5.7417859,50.0156676],[5.7413459,50.016127],[5.7411737,50.0162653],[5.7409466,50.0163836],[5.740784,50.0164267],[5.7406022,50.0164159],[5.740344,50.0163022],[5.7401336,50.0161148],[5.7400523,50.015978],[5.7397124,50.0154583],[5.7395573,50.0151422],[5.7396291,50.0150023],[5.7398663,50.0148488],[5.7400069,50.0146827],[5.7402173,50.0145214],[5.7402842,50.0143697],[5.7404045,50.0138046],[5.7403512,50.0135242],[5.7403605,50.0133095],[5.7403793,50.0130786]]}},{"type":"Feature","properties":{"h":"service","c":4},"geometry":{"type":"LineString","coordinates":[[5.7386568,50.0136738],[5.7378895,50.0136778],[5.737741,50.0138408],[5.7386939,50.0147912],[5.7386011,50.0148906],[5.7385083,50.0148588],[5.7377271,50.0140763],[5.7370356,50.0133836],[5.7373697,50.0128746],[5.7374564,50.0124054],[5.7372993,50.0120771]]}},{"type":"Feature","properties":{"h":"service","c":4},"geometry":{"type":"LineString","coordinates":[[5.7373697,50.0128746],[5.7379143,50.0130456],[5.7382237,50.0128627],[5.7382237,50.012461]]}},{"type":"Feature","properties":{"h":"service","c":4},"geometry":{"type":"LineString","coordinates":[[5.7370356,50.0133836],[5.7368942,50.0134789],[5.736751,50.0135625],[5.73685,50.013821],[5.7370418,50.0138687],[5.7373202,50.0141947]]}},{"type":"Feature","properties":{"h":"track","c":4},"geometry":{"type":"LineString","coordinates":[[5.7832518,50.0617916],[5.7838002,50.061671],[5.7843551,50.0615145],[5.7848132,50.0613376],[5.7859636,50.0607937],[5.7876754,50.05998],[5.788285,50.0597367],[5.788905,50.059562],[5.7895284,50.0594294],[5.7904412,50.0591375],[5.7907925,50.0590137],[5.7911163,50.0589341],[5.7916811,50.0588036],[5.7929374,50.0584823]]}},{"type":"Feature","properties":{"h":"track","c":4},"geometry":{"type":"LineString","coordinates":[[5.7922411,50.0559023],[5.7917368,50.0558713],[5.7916295,50.0561021],[5.7910434,50.0578866]]}},{"type":"Feature","properties":{"h":"track","c":4},"geometry":{"type":"LineString","coordinates":[[5.7771684,50.0401922],[5.7771966,50.0402215],[5.7772683,50.0402637],[5.7779449,50.0406724],[5.7788964,50.0413201],[5.779783,50.0419173],[5.7798037,50.0419312],[5.780605,50.042519],[5.7821654,50.0436008],[5.7829432,50.0442269],[5.7835869,50.0448057],[5.7844359,50.0455317],[5.7848855,50.0459206],[5.7849811,50.0459518]]}},{"type":"Feature","properties":{"h":"track","c":4},"geometry":{"type":"LineString","coordinates":[[5.7766988,50.0456381],[5.7765153,50.0459666],[5.7763678,50.0463869],[5.7761103,50.0466935],[5.7759842,50.0467658]]}},{"type":"Feature","properties":{"h":"track","c":4},"geometry":{"type":"LineString","coordinates":[[5.7365465,50.0033756],[5.7367344,50.0036625],[5.7368271,50.0037434],[5.7369089,50.0038496],[5.737027,50.0040409]]}},{"type":"Feature","properties":{"h":"residential","c":3},"geometry":{"type":"LineString","coordinates":[[5.7440859,50.0020631],[5.7442276,50.0021563],[5.7444723,50.0024009],[5.744885,50.0025931],[5.7453667,50.0028041],[5.745595,50.0028626],[5.7458449,50.0028967],[5.7460022,50.0029347],[5.7462691,50.0030618],[5.7462889,50.0031396],[5.7461727,50.0032635],[5.7459058,50.0033509],[5.7458121,50.003344],[5.745671,50.0033112],[5.7450403,50.0029822],[5.7450104,50.0029553],[5.74489,50.0028934],[5.7440991,50.002609],[5.7439879,50.0025816],[5.7436295,50.0024931],[5.743365,50.0024835],[5.7430981,50.0025232],[5.7428427,50.0026053],[5.7426806,50.0026438]]}},{"type":"Feature","properties":{"h":"residential","c":3},"geometry":{"type":"LineString","coordinates":[[5.744885,50.0025931],[5.7450523,50.0028561],[5.7450537,50.0029316],[5.7450104,50.0029553]]}},{"type":"Feature","properties":{"h":"primary","c":1},"geometry":{"type":"LineString","coordinates":[[5.698055,50.0022719],[5.6979257,50.0022765],[5.6978624,50.0022787],[5.6974535,50.0022933],[5.6960355,50.0023746],[5.6958228,50.0023824]]}},{"type":"Feature","properties":{"h":"tertiary","c":2},"geometry":{"type":"LineString","coordinates":[[5.7626419,49.9958623],[5.7633891,49.9957345],[5.7647395,49.9953864],[5.7660145,49.9950118],[5.7673923,49.9944786],[5.769106,49.9939806],[5.7701382,49.9936853],[5.7703502,49.9936138],[5.7706895,49.9935047],[5.7710271,49.9934089],[5.7712214,49.9933673],[5.7714552,49.9933261],[5.7716652,49.9933053],[5.7728932,49.9932524],[5.7738838,49.9932028],[5.7743406,49.9931773],[5.7746735,49.9931345],[5.7753662,49.9930044],[5.7764487,49.9927739],[5.7773576,49.9925583],[5.777609,49.9924989],[5.7778418,49.9924559],[5.7783733,49.992403],[5.7789256,49.9923522],[5.7792282,49.9923166],[5.7794814,49.9922674],[5.7808278,49.9919051],[5.7817889,49.991657],[5.782667,49.9914125]]}},{"type":"Feature","properties":{"h":"secondary","c":2},"geometry":{"type":"LineString","coordinates":[[5.7380433,50.0103976],[5.7378679,50.0104482],[5.737404,50.0105806],[5.7372126,50.0106221],[5.7370283,50.01065],[5.7367988,50.0106789],[5.7365658,50.0106986],[5.7364534,50.0107189],[5.736382,50.0107554],[5.7363282,50.0107783]]}},{"type":"Feature","properties":{"h":"unclassified","c":3},"geometry":{"type":"LineString","coordinates":[[5.7516673,49.9974574],[5.7521782,49.9978455],[5.7531735,49.9985201],[5.7539273,49.9989983],[5.7542081,49.9991978],[5.7544397,49.9993973],[5.7547106,49.9997774],[5.7550802,50.0004012]]}},{"type":"Feature","properties":{"h":"residential","c":3},"geometry":{"type":"LineString","coordinates":[[5.7454383,49.9818642],[5.7454514,49.9820103],[5.7455339,49.9822939],[5.7456933,49.9825628],[5.7457073,49.9826967],[5.745667,49.9829516],[5.7456315,49.9834438]]}},{"type":"Feature","properties":{"h":"secondary","c":2},"geometry":{"type":"LineString","coordinates":[[5.7318757,50.0091377],[5.7316624,50.0090137],[5.7315136,50.0088981],[5.7314984,50.0088598],[5.7314789,50.008811]]}},{"type":"Feature","properties":{"h":"service","c":4},"geometry":{"type":"LineString","coordinates":[[5.7385651,50.0099938],[5.7386077,50.009949],[5.7386839,50.0098415],[5.7386798,50.0097626],[5.7386535,50.0096472]]}},{"type":"Feature","properties":{"h":"service","c":4},"geometry":{"type":"LineString","coordinates":[[5.764805,49.9801151],[5.7647525,49.9799586],[5.764743,49.9799077],[5.7656025,49.9795629]]}},{"type":"Feature","properties":{"h":"primary","c":1},"geometry":{"type":"LineString","coordinates":[[5.764805,49.9801151],[5.764106,49.9804258]]}},{"type":"Feature","properties":{"h":"secondary","c":2},"geometry":{"type":"LineString","coordinates":[[5.7222262,50.004894],[5.7223541,50.0049633],[5.7224521,50.0050434],[5.7225232,50.0051331],[5.7225669,50.0052276],[5.7226072,50.0053574],[5.7226074,50.0053714],[5.7226078,50.005409]]}},{"type":"Feature","properties":{"h":"primary","c":1},"geometry":{"type":"LineString","coordinates":[[5.7214599,50.005357],[5.7209881,50.0050018],[5.7209102,50.004946]]}},{"type":"Feature","properties":{"h":"residential","c":3},"geometry":{"type":"LineString","coordinates":[[5.7102678,49.9996768],[5.7102063,49.9997008],[5.7101747,49.9997131]]}},{"type":"Feature","properties":{"h":"primary","c":1},"geometry":{"type":"LineString","coordinates":[[5.7123959,50.0015754],[5.7127331,50.0015615]]}},{"type":"Feature","properties":{"h":"residential","c":3},"geometry":{"type":"LineString","coordinates":[[5.7145999,50.0011055],[5.7149582,50.00137]]}},{"type":"Feature","properties":{"h":"service","c":4},"geometry":{"type":"LineString","coordinates":[[5.7292392,50.0087201],[5.7291019,50.0086991],[5.7288582,50.0086577],[5.7287187,50.0086163],[5.7285685,50.0085301],[5.7284746,50.008425],[5.7284344,50.0082922],[5.728421,50.0082274],[5.7284645,50.0081675]]}},{"type":"Feature","properties":{"h":"service","c":4},"geometry":{"type":"LineString","coordinates":[[5.7298436,50.0087452],[5.7297889,50.0087611],[5.72951,50.0087456],[5.7292392,50.0087201]]}},{"type":"Feature","properties":{"h":"service","c":4},"geometry":{"type":"LineString","coordinates":[[5.7395661,50.0095369],[5.7394905,50.0095998],[5.739391,50.0096548],[5.7392127,50.0097101],[5.739097,50.0097251],[5.7389956,50.0097267],[5.7388812,50.0097158],[5.7387492,50.0096848],[5.7386535,50.0096472]]}},{"type":"Feature","properties":{"h":"service","c":4},"geometry":{"type":"LineString","coordinates":[[5.7154563,50.0017474],[5.7149617,50.0020187]]}},{"type":"Feature","properties":{"h":"primary","c":1},"geometry":{"type":"LineString","coordinates":[[5.6916067,50.0025306],[5.6915701,50.0025561],[5.6915241,50.0025743],[5.6914722,50.0025837],[5.6914182,50.0025838],[5.6913663,50.0025744],[5.6913202,50.0025563],[5.6912836,50.0025308],[5.6912569,50.0024955],[5.6912483,50.0024566],[5.6912586,50.0024179]]}},{"type":"Feature","properties":{"h":"living_street","c":3},"geometry":{"type":"LineString","coordinates":[[5.7152242,49.9991939],[5.7156881,49.999169]]}},{"type":"Feature","properties":{"h":"living_street","c":3},"geometry":{"type":"LineString","coordinates":[[5.7156881,49.999169],[5.7154881,49.9995095]]}},{"type":"Feature","properties":{"h":"track","c":4},"geometry":{"type":"LineString","coordinates":[[5.7970288,49.9971985],[5.796538,49.9968002],[5.7960897,49.9964395],[5.7957655,49.9962247],[5.795646,49.9961607],[5.7954195,49.9960484],[5.7950018,49.9958587],[5.7947536,49.9957346],[5.7945049,49.9955768],[5.7943135,49.9954773]]}},{"type":"Feature","properties":{"h":"track","c":4},"geometry":{"type":"LineString","coordinates":[[5.7990606,50.000664],[5.7987025,50.0005243],[5.7979837,50.0002545],[5.7969564,49.9998502],[5.7963341,49.9995623],[5.7958943,49.9993416],[5.7957492,49.999259],[5.7953525,49.9990088],[5.7945314,49.998463]]}},{"type":"Feature","properties":{"h":"unclassified","c":3},"geometry":{"type":"LineString","coordinates":[[5.6950511,50.0038111],[5.6950581,50.0037649]]}},{"type":"Feature","properties":{"h":"unclassified","c":3},"geometry":{"type":"LineString","coordinates":[[5.6950581,50.0037649],[5.6951043,50.0036056],[5.6952642,50.0034309],[5.6954049,50.003303],[5.6954608,50.003248],[5.6954851,50.0031797],[5.6954282,50.0030175],[5.6954137,50.0027735],[5.6954914,50.0026988],[5.6956978,50.0025923],[5.6958322,50.0024224],[5.6958319,50.002413],[5.6958228,50.0023824]]}},{"type":"Feature","properties":{"h":"residential","c":3},"geometry":{"type":"LineString","coordinates":[[5.7036031,50.0066774],[5.7038752,50.0067211],[5.7038055,50.0069073],[5.7035277,50.0068924]]}},{"type":"Feature","properties":{"h":"residential","c":3},"geometry":{"type":"LineString","coordinates":[[5.7067572,50.0055584],[5.7064709,50.005844],[5.7063307,50.0059617],[5.7062299,50.0061358],[5.7063151,50.0062348],[5.7065112,50.0063304],[5.7067651,50.0064397],[5.7068406,50.0065015],[5.7068647,50.0065722],[5.7068451,50.0066423],[5.7067508,50.0067838],[5.7066681,50.0069106],[5.7065762,50.0070517],[5.7064647,50.0072226],[5.7063743,50.0073613],[5.7062836,50.0075005],[5.7061995,50.0076293],[5.7061068,50.0077715],[5.7060247,50.0078975],[5.7058851,50.0080837],[5.7057095,50.0082059],[5.7055068,50.008309],[5.7053039,50.008369],[5.7051073,50.0083622],[5.7048137,50.0083129],[5.7038528,50.0080406],[5.7037394,50.0080196],[5.7030825,50.0078977],[5.7024907,50.0077553],[5.7016843,50.0074503],[5.7006583,50.0070832],[5.7001823,50.0069746],[5.6981652,50.0066504],[5.698102,50.0066359],[5.6980523,50.0066107],[5.6980146,50.0065734],[5.6979958,50.0065295]]}},{"type":"Feature","properties":{"h":"unclassified","c":3},"geometry":{"type":"LineString","coordinates":[[5.7056371,50.0138518],[5.7055993,50.0138213]]}},{"type":"Feature","properties":{"h":"unclassified","c":3},"geometry":{"type":"LineString","coordinates":[[5.7055993,50.0138213],[5.7053403,50.0136671],[5.7051552,50.0136031],[5.7049597,50.0136178],[5.7047672,50.0136982],[5.7046407,50.0137507],[5.7044872,50.0137427],[5.7043805,50.0136956],[5.7042333,50.0135534],[5.7041725,50.0133941],[5.7041815,50.0132625],[5.7041846,50.0132172],[5.7041692,50.013098],[5.7040371,50.0129722]]}},{"type":"Feature","properties":{"h":"service","c":4},"geometry":{"type":"LineString","coordinates":[[5.7173907,50.0078384],[5.7170563,50.0081733],[5.7168085,50.0084064]]}},{"type":"Feature","properties":{"h":"service","c":4},"geometry":{"type":"LineString","coordinates":[[5.7165094,50.0074574],[5.7161748,50.0077846],[5.7159301,50.0080184]]}},{"type":"Feature","properties":{"h":"service","c":4},"geometry":{"type":"LineString","coordinates":[[5.7149828,50.007615],[5.7148186,50.0077705]]}},{"type":"Feature","properties":{"h":"primary","c":1},"geometry":{"type":"LineString","coordinates":[[5.7209102,50.004946],[5.7203184,50.004503],[5.720277,50.0044699],[5.7201913,50.0044031],[5.7200429,50.0042961],[5.7197974,50.0041136],[5.719326,50.0037569],[5.7192429,50.0036927]]}},{"type":"Feature","properties":{"h":"track","c":4},"geometry":{"type":"LineString","coordinates":[[5.7741778,49.9811142],[5.7741335,49.98116]]}},{"type":"Feature","properties":{"h":"track","c":4},"geometry":{"type":"LineString","coordinates":[[5.7743664,49.9792508],[5.774458,49.9793118],[5.7746096,49.9793782],[5.7746699,49.9794136],[5.7747209,49.9794929],[5.7747062,49.9795766],[5.7745948,49.9797724],[5.7746109,49.9798465],[5.7747933,49.9800371],[5.7748148,49.9801165],[5.7747424,49.9802467],[5.7744983,49.9805856],[5.7741778,49.9811142]]}},{"type":"Feature","properties":{"h":"track","c":4},"geometry":{"type":"LineString","coordinates":[[5.7898709,49.9865821],[5.7897647,49.986602],[5.7896015,49.9866573],[5.7894063,49.9867291],[5.7891083,49.9868816],[5.7889273,49.9869752],[5.7887046,49.9871825],[5.7883868,49.9874592],[5.7882835,49.98758],[5.7881279,49.987893],[5.7878785,49.9883327],[5.7876706,49.9885267],[5.7876156,49.9886483],[5.7875738,49.9891759]]}},{"type":"Feature","properties":{"h":"track","c":4},"geometry":{"type":"LineString","coordinates":[[5.7944935,49.9981232],[5.7942756,49.9981795],[5.793884,49.9982218],[5.7935339,49.9982416],[5.7932469,49.9982976],[5.7930565,49.9983821],[5.7925502,49.9986562],[5.7923095,49.99878],[5.7919447,49.99898],[5.7918066,49.9990222]]}},{"type":"Feature","properties":{"h":"service","c":4},"geometry":{"type":"LineString","coordinates":[[5.7645162,49.9800628],[5.7644997,49.9800871],[5.7643747,49.9801351],[5.7642294,49.9801734],[5.7638325,49.9802312],[5.7636528,49.9803088],[5.7635294,49.9804571],[5.7634248,49.9806287],[5.7634015,49.9807442]]}},{"type":"Feature","properties":{"h":"track","c":4},"geometry":{"type":"LineString","coordinates":[[5.7622816,49.9814453],[5.7631136,49.9817334]]}},{"type":"Feature","properties":{"h":"track","c":4},"geometry":{"type":"LineString","coordinates":[[5.7625172,49.981243],[5.7634355,49.9815558]]}},{"type":"Feature","properties":{"h":"track","c":4},"geometry":{"type":"LineString","coordinates":[[5.764216,49.9805226],[5.7641101,49.9806718],[5.7636675,49.9810806]]}},{"type":"Feature","properties":{"h":"track","c":4},"geometry":{"type":"LineString","coordinates":[[5.7797322,49.9827496],[5.7791725,49.9829605],[5.7790688,49.9829813],[5.7786235,49.9829873]]}},{"type":"Feature","properties":{"h":"track","c":4},"geometry":{"type":"LineString","coordinates":[[5.7701382,49.9936853],[5.7702287,49.99375],[5.770369,49.9937529],[5.7706037,49.9937017],[5.770785,49.9937578]]}},{"type":"Feature","properties":{"h":"track","c":4},"geometry":{"type":"LineString","coordinates":[[5.7771483,50.0025483],[5.7742864,50.0029517],[5.7713923,50.0033672],[5.7701477,50.0035707],[5.7698165,50.0035982],[5.7695145,50.0036226],[5.7694016,50.0036166],[5.7692963,50.0035868],[5.7692314,50.0035529],[5.76916,50.0034769],[5.7691416,50.0034425],[5.7691323,50.0033809],[5.7691432,50.0033053],[5.7691823,50.0032241]]}},{"type":"Feature","properties":{"h":"residential","c":3},"geometry":{"type":"LineString","coordinates":[[5.7434678,50.0008226],[5.7436824,50.0008571],[5.7444897,50.0011795],[5.7450664,50.0013501],[5.7452247,50.0013984],[5.745285,50.0014898],[5.745331,50.0015955]]}},{"type":"Feature","properties":{"h":"track","c":4},"geometry":{"type":"LineString","coordinates":[[5.7379773,49.9978209],[5.7360703,49.9980864],[5.7352388,49.998245],[5.7348418,49.9983933],[5.7344422,49.9985209],[5.7339862,49.9985812],[5.7307461,49.9988761],[5.730528,49.9988523]]}},{"type":"Feature","properties":{"h":"track","c":4},"geometry":{"type":"LineString","coordinates":[[5.740214,49.9975072],[5.7386264,49.9977295],[5.7379773,49.9978209]]}},{"type":"Feature","properties":{"h":"service","c":4},"geometry":{"type":"LineString","coordinates":[[5.7558314,49.9829701],[5.7557885,49.9830356],[5.7559265,49.9831312]]}},{"type":"Feature","properties":{"h":"service","c":4},"geometry":{"type":"LineString","coordinates":[[5.7556374,49.9834516],[5.7556236,49.9833831],[5.7557057,49.9833048],[5.7558328,49.9831848],[5.7559265,49.9831312],[5.756011,49.983083],[5.756097,49.9830339],[5.7558891,49.9828924],[5.7558314,49.9829701],[5.756011,49.983083]]}},{"type":"Feature","properties":{"h":"track","c":4},"geometry":{"type":"LineString","coordinates":[[5.7556155,49.9827079],[5.7555404,49.9828735],[5.7555243,49.9834202],[5.755471,49.9835074]]}},{"type":"Feature","properties":{"h":"track","c":4},"geometry":{"type":"LineString","coordinates":[[5.7880729,50.032428],[5.7873327,50.0321541],[5.7863617,50.0317957],[5.7855195,50.0314821],[5.785372,50.0314511],[5.7852834,50.0315752],[5.7846183,50.0327605],[5.7835476,50.0346292]]}},{"type":"Feature","properties":{"h":"track","c":4},"geometry":{"type":"LineString","coordinates":[[5.78064,50.0191735],[5.7806473,50.0194656],[5.7806727,50.0198042],[5.7806647,50.0202954],[5.7806754,50.0207865],[5.780772,50.0212139],[5.781059,50.0222427]]}},{"type":"Feature","properties":{"h":"track","c":4},"geometry":{"type":"LineString","coordinates":[[5.7776235,50.0134935],[5.7764768,50.0133185],[5.7763575,50.0133022]]}},{"type":"Feature","properties":{"h":"track","c":4},"geometry":{"type":"LineString","coordinates":[[5.7759306,50.008482],[5.7766521,50.0083199],[5.7768479,50.0081441],[5.7769013,50.0081034],[5.7769983,50.0080702],[5.7774864,50.0080351]]}},{"type":"Feature","properties":{"h":"track","c":4},"geometry":{"type":"LineString","coordinates":[[5.7814157,50.0133876],[5.7817778,50.0137392],[5.7820246,50.0140254],[5.7822571,50.014392]]}},{"type":"Feature","properties":{"h":"track","c":4},"geometry":{"type":"LineString","coordinates":[[5.78008,50.0120604],[5.7802784,50.0123276],[5.7806754,50.0127395],[5.7814157,50.0133876]]}},{"type":"Feature","properties":{"h":"track","c":4},"geometry":{"type":"LineString","coordinates":[[5.7029638,49.9835496],[5.7010678,49.9832265],[5.7010476,49.9832323],[5.7010241,49.9832392],[5.6997237,49.9843222]]}},{"type":"Feature","properties":{"h":"track","c":4},"geometry":{"type":"LineString","coordinates":[[5.7067272,49.9842411],[5.7097688,49.9842963],[5.7120538,49.9843015],[5.7121342,49.9842463]]}},{"type":"Feature","properties":{"h":"service","c":4},"geometry":{"type":"LineString","coordinates":[[5.70977,49.9866631],[5.7099509,49.9866418],[5.7115898,49.9869333]]}},{"type":"Feature","properties":{"h":"track","c":4},"geometry":{"type":"LineString","coordinates":[[5.6957486,49.9792394],[5.6948096,49.9800711]]}},{"type":"Feature","properties":{"h":"service","c":4},"geometry":{"type":"LineString","coordinates":[[5.6918131,49.9916568],[5.6917468,49.9916742],[5.6916776,49.9916867],[5.6916086,49.99169],[5.6915362,49.9916841],[5.6911654,49.9916507],[5.6910761,49.9916492],[5.6909873,49.9916578],[5.6909058,49.9916755],[5.6908295,49.991702],[5.6907308,49.9917403],[5.6906645,49.9917713],[5.6903225,49.9919911],[5.690183,49.9920127],[5.6895192,49.9918368],[5.6893435,49.992061],[5.6894508,49.9921511],[5.6895179,49.9922627],[5.689538,49.9924231],[5.6897056,49.9931611],[5.6897405,49.9933378],[5.6896909,49.9935284]]}},{"type":"Feature","properties":{"h":"track","c":4},"geometry":{"type":"LineString","coordinates":[[5.7308051,50.0135272],[5.7303384,50.0135807],[5.729928,50.0136634],[5.7294318,50.0138754],[5.7289463,50.014127],[5.7287398,50.0142667],[5.7287495,50.0142874]]}},{"type":"Feature","properties":{"h":"track","c":4},"geometry":{"type":"LineString","coordinates":[[5.730207,50.0111788],[5.7288444,50.0105772],[5.7276776,50.010129],[5.7276179,50.0101383]]}},{"type":"Feature","properties":{"h":"track","c":4},"geometry":{"type":"LineString","coordinates":[[5.7613404,50.0406971],[5.761318,50.0405675],[5.7612843,50.0405103],[5.7612141,50.040435],[5.7611355,50.0403838],[5.7609625,50.0403227],[5.7607895,50.0402916],[5.7601858,50.0402131],[5.7599453,50.0401779],[5.7594779,50.0400815],[5.7581918,50.03978],[5.7571632,50.0395372],[5.7568073,50.0394497]]}},{"type":"Feature","properties":{"h":"track","c":4},"geometry":{"type":"LineString","coordinates":[[5.7187831,50.0218853],[5.7185285,50.0219998],[5.7183006,50.0221531],[5.7178822,50.0223599],[5.7172278,50.0226236],[5.7164365,50.0229045],[5.7160601,50.0230282],[5.7157767,50.0230194]]}},{"type":"Feature","properties":{"h":"track","c":4},"geometry":{"type":"LineString","coordinates":[[5.7186496,50.0226538],[5.7184723,50.0225184],[5.7183006,50.0221531],[5.7182792,50.0218894],[5.718298,50.0215482],[5.71807,50.021431],[5.7179117,50.0211863],[5.7178876,50.0208382],[5.71796,50.0206004],[5.7181933,50.0204987],[5.7186413,50.0203298],[5.7188854,50.0200989],[5.7191321,50.0195112],[5.7191294,50.0189373],[5.7190651,50.0188029],[5.7189926,50.018746],[5.7188559,50.0187702],[5.7188746,50.0189322],[5.7188264,50.0191372],[5.7186305,50.0192372],[5.718424,50.019332],[5.7183865,50.0194182],[5.7184938,50.0196146],[5.7187217,50.0198059],[5.7187298,50.0199696],[5.7186279,50.020092],[5.7184562,50.0201523],[5.7182953,50.020142],[5.7180807,50.0200782],[5.7178313,50.0199231],[5.7176489,50.0199421],[5.7175818,50.0200851],[5.7176167,50.0202712],[5.7175121,50.0205332],[5.7175469,50.0206797],[5.7176435,50.0208055],[5.7175657,50.0209227],[5.7174665,50.0209916],[5.7170829,50.0210984],[5.7168362,50.0212587],[5.7165706,50.0217602],[5.7162729,50.022415],[5.7161307,50.0227769],[5.7160601,50.0230282],[5.7159886,50.0233215],[5.7158008,50.0241021],[5.7157955,50.024221],[5.7159966,50.0244037],[5.7161763,50.0244485],[5.7165036,50.0244381],[5.7165294,50.0243787]]}},{"type":"Feature","properties":{"h":"track","c":4},"geometry":{"type":"LineString","coordinates":[[5.7198873,50.024659],[5.7197674,50.0244798],[5.7188727,50.023661],[5.7183279,50.0231908],[5.7182765,50.0231009],[5.7184031,50.022964],[5.7185161,50.0227976],[5.7186496,50.0226538]]}},{"type":"Feature","properties":{"h":"track","c":4},"geometry":{"type":"LineString","coordinates":[[5.7164354,50.0289927],[5.7168146,50.0289519],[5.7169809,50.0289175],[5.717571,50.02879],[5.7183489,50.028628],[5.7191911,50.0284178],[5.7200386,50.0281972],[5.7206256,50.0280623],[5.7209501,50.028002],[5.7213283,50.0279107],[5.7215407,50.0278586],[5.7221213,50.02769],[5.722611,50.0275606],[5.7226724,50.0275314]]}},{"type":"Feature","properties":{"h":"track","c":4},"geometry":{"type":"LineString","coordinates":[[5.7183677,50.0240608],[5.7184267,50.0239195],[5.7179332,50.0232646],[5.7175898,50.0231371],[5.7173592,50.0231716],[5.7172948,50.0232405],[5.7176703,50.0236162],[5.7175952,50.023754],[5.7170534,50.0238264],[5.7166779,50.0238505],[5.7163721,50.0239126],[5.7162166,50.0240952],[5.7163668,50.0242675],[5.7165294,50.0243787],[5.7167287,50.0245984],[5.71685,50.0246745],[5.7170222,50.0246772],[5.7171725,50.024632],[5.7173532,50.0245899],[5.7174867,50.0246081],[5.7176596,50.0246846],[5.7179224,50.0248396],[5.7179896,50.0248968],[5.7180423,50.0249814],[5.7180034,50.0250393],[5.7179162,50.0250749],[5.7177144,50.0250596],[5.7171835,50.0249092],[5.71702,50.0248955],[5.7169533,50.0249154],[5.7169086,50.024981],[5.7169854,50.025049],[5.7176328,50.0252601],[5.7180673,50.0254324],[5.718166,50.0255245],[5.7182165,50.0256316],[5.718162,50.0257605],[5.7179868,50.0258425],[5.7176274,50.0257805],[5.7173645,50.0256909],[5.7167906,50.0252636],[5.7165921,50.0252256],[5.7164043,50.025298],[5.716474,50.0254365],[5.7167163,50.0255404],[5.7167714,50.0256537],[5.7166723,50.0257631],[5.7166584,50.0259087],[5.7168388,50.0262837],[5.717048,50.0264112],[5.7172036,50.0263733],[5.718534,50.0259838],[5.7187003,50.0259666],[5.7189095,50.0260355],[5.7191563,50.0261768],[5.7194835,50.0263009],[5.7197839,50.0263043],[5.7199931,50.0261941],[5.7201058,50.0259804],[5.7200628,50.0256806],[5.7198375,50.025522],[5.7191938,50.0253428],[5.7190704,50.025205],[5.7192314,50.0249878],[5.7193601,50.0249155],[5.7193816,50.0247156],[5.7189417,50.0245295],[5.7185769,50.0244261],[5.7179171,50.0243572],[5.717504,50.0243261],[5.717445,50.0242021],[5.7176059,50.0241125],[5.7179278,50.0240987],[5.7183677,50.0240608]]}},{"type":"Feature","properties":{"h":"track","c":4},"geometry":{"type":"LineString","coordinates":[[5.7565999,50.0593825],[5.7568091,50.0596477],[5.7571337,50.0599387],[5.7572906,50.0600502]]}},{"type":"Feature","properties":{"h":"trunk","c":1},"geometry":{"type":"LineString","coordinates":[[5.6918341,50.0006519],[5.6909056,50.0011057],[5.6903256,50.0013672]]}},{"type":"Feature","properties":{"h":"trunk","c":1},"geometry":{"type":"LineString","coordinates":[[5.7036985,49.9946674],[5.7046294,49.9942063]]}},{"type":"Feature","properties":{"h":"trunk","c":1},"geometry":{"type":"LineString","coordinates":[[5.7026312,49.9953075],[5.70195,49.9956441]]}},{"type":"Feature","properties":{"h":"service","c":4},"geometry":{"type":"LineString","coordinates":[[5.7351348,50.0506863],[5.7349759,50.0506716],[5.7344656,50.0509898],[5.7330833,50.051912],[5.7323574,50.0523964],[5.7323335,50.0524123]]}},{"type":"Feature","properties":{"h":"track","c":4},"geometry":{"type":"LineString","coordinates":[[5.7379539,50.0533474],[5.7375026,50.0535645],[5.7371901,50.0537368],[5.7371606,50.0538298],[5.7372759,50.0540295],[5.7374865,50.0542327],[5.7377426,50.0542956],[5.7381248,50.0545178]]}},{"type":"Feature","properties":{"h":"service","c":4},"geometry":{"type":"LineString","coordinates":[[5.7331281,50.0529348],[5.7333197,50.0529256],[5.7334954,50.0529144],[5.7336737,50.0528817],[5.7338051,50.0528051],[5.7340613,50.0527181],[5.7342826,50.0527181],[5.7345535,50.0526139],[5.7347158,50.0525278],[5.7347855,50.0524615],[5.7348727,50.0523065],[5.7349142,50.0521265],[5.7349826,50.0520017],[5.7351489,50.0519345],[5.7353139,50.0518854],[5.7353903,50.0518251],[5.7354849,50.0517588],[5.7357839,50.0516288],[5.735908,50.051609],[5.7360059,50.0516503],[5.7362916,50.0519026],[5.7363857,50.0519611]]}},{"type":"Feature","properties":{"h":"track","c":4},"geometry":{"type":"LineString","coordinates":[[5.732673,50.0605675],[5.73295,50.060709],[5.7332669,50.0608842],[5.7334957,50.0610328],[5.7337424,50.0612213],[5.7341021,50.0615026],[5.734285,50.0616421],[5.7345418,50.0617743],[5.7347373,50.0618591],[5.7349652,50.0619396],[5.7352968,50.0620484],[5.7356626,50.0621497],[5.7364389,50.0623142]]}},{"type":"Feature","properties":{"h":"track","c":4},"geometry":{"type":"LineString","coordinates":[[5.7358275,50.0633025],[5.7356626,50.0635082],[5.7347104,50.0647307],[5.7341861,50.0654277],[5.7341241,50.0654569],[5.7340483,50.0654489]]}},{"type":"Feature","properties":{"h":"primary","c":1},"geometry":{"type":"LineString","coordinates":[[5.7216398,50.0054907],[5.7214599,50.005357]]}},{"type":"Feature","properties":{"h":"track","c":4},"geometry":{"type":"LineString","coordinates":[[5.7226724,50.0275314],[5.7226657,50.0276218],[5.7226565,50.0277008],[5.7225603,50.0278471],[5.7223816,50.0280927],[5.722132,50.0284394],[5.7218931,50.0288202],[5.721679,50.0291988],[5.7214773,50.0295318],[5.7213534,50.0297478],[5.7213003,50.0298308],[5.7212117,50.0299668],[5.7210808,50.03006],[5.7208436,50.0301282],[5.7201606,50.0302691],[5.7194598,50.0304283],[5.7186812,50.030542],[5.7178424,50.0307011],[5.7171876,50.0308148],[5.7169045,50.0308807],[5.7166674,50.0308588],[5.716347,50.0307404]]}},{"type":"Feature","properties":{"h":"track","c":4},"geometry":{"type":"LineString","coordinates":[[5.7138737,50.0402947],[5.7149,50.0406109],[5.7152718,50.0408094],[5.7153892,50.0408681],[5.7158768,50.0409779],[5.7165818,50.0411226],[5.7172567,50.0412466]]}},{"type":"Feature","properties":{"h":"track","c":4},"geometry":{"type":"LineString","coordinates":[[5.7327456,50.0526608],[5.7327241,50.0525621],[5.7327253,50.0524437],[5.7327953,50.0523402],[5.7328771,50.0522675],[5.7329658,50.0521806],[5.7330148,50.0520846],[5.733058,50.0519827],[5.7330833,50.051912]]}},{"type":"Feature","properties":{"h":"track","c":4},"geometry":{"type":"LineString","coordinates":[[5.7323574,50.0523964],[5.7322501,50.052338],[5.7321439,50.0522938],[5.7320423,50.0522803],[5.7319174,50.052299],[5.7317411,50.052395],[5.7315158,50.0525126],[5.7312391,50.0525861],[5.7310195,50.0526329]]}},{"type":"Feature","properties":{"h":"track","c":4},"geometry":{"type":"LineString","coordinates":[[5.7377797,50.0372595],[5.7376392,50.0372381],[5.7372525,50.0371461],[5.7369907,50.0370877],[5.7361542,50.0368809],[5.73535,50.0366791]]}},{"type":"Feature","properties":{"h":"service","c":4},"geometry":{"type":"LineString","coordinates":[[5.733148,50.0248594],[5.7326647,50.0250425],[5.7323085,50.0251743]]}},{"type":"Feature","properties":{"h":"service","c":4},"geometry":{"type":"LineString","coordinates":[[5.7326647,50.0250425],[5.7323213,50.0246543],[5.7322594,50.0246265],[5.7321801,50.0246355],[5.7319147,50.0247349],[5.7317796,50.0247856]]}},{"type":"Feature","properties":{"h":"service","c":4},"geometry":{"type":"LineString","coordinates":[[5.7321135,50.0249641],[5.7319147,50.0247349]]}},{"type":"Feature","properties":{"h":"cycleway","c":4},"geometry":{"type":"LineString","coordinates":[[5.7543317,50.0280605],[5.7529932,50.0276846],[5.7520431,50.0274167],[5.7510183,50.0270579],[5.7504293,50.0268223],[5.7496307,50.0264712],[5.7489767,50.0261384],[5.7483438,50.0257676],[5.7477267,50.0253705],[5.7468665,50.0246751],[5.7462201,50.0240947],[5.7457572,50.0235932],[5.7452287,50.0229611],[5.7446182,50.0222628],[5.7437332,50.0212399],[5.742886,50.020294],[5.742727,50.0201304],[5.7419614,50.0192711],[5.7417385,50.0190152],[5.7415726,50.0188204],[5.740983,50.0181464],[5.7403418,50.017414],[5.7396447,50.0166262],[5.7393774,50.0163279],[5.7390939,50.0160021],[5.7388386,50.0157185],[5.73843,50.0152531],[5.7381224,50.0149061],[5.7378038,50.0145516],[5.737455,50.0141432],[5.7368942,50.0134789],[5.7364015,50.0129303],[5.7358964,50.0124105],[5.7355898,50.0121293],[5.7352468,50.0118565],[5.7348735,50.0115772],[5.7344936,50.0113063],[5.734197,50.0111099],[5.7334918,50.0107016],[5.733054,50.0104689],[5.7324726,50.0101936],[5.7321992,50.0100749],[5.7318143,50.00991],[5.7314664,50.009768],[5.7309093,50.0095609],[5.7305894,50.0094601],[5.7300064,50.0092776],[5.7295195,50.0091285],[5.7292356,50.0090582],[5.7289674,50.0090041],[5.7289011,50.0089777],[5.728881,50.0089482],[5.7288423,50.0088825]]}},{"type":"Feature","properties":{"h":"unclassified","c":3},"geometry":{"type":"LineString","coordinates":[[5.7238166,50.0162228],[5.7244341,50.0152246]]}},{"type":"Feature","properties":{"h":"residential","c":3},"geometry":{"type":"LineString","coordinates":[[5.715459,49.9978197],[5.716805,49.9981954]]}},{"type":"Feature","properties":{"h":"cycleway","c":4},"geometry":{"type":"LineString","coordinates":[[5.7207241,50.0066022],[5.7205528,50.0064911],[5.7203379,50.0064296]]}},{"type":"Feature","properties":{"h":"residential","c":3},"geometry":{"type":"LineString","coordinates":[[5.7149579,50.0527875],[5.7153211,50.0528883]]}},{"type":"Feature","properties":{"h":"track","c":4},"geometry":{"type":"LineString","coordinates":[[5.6976543,50.0573859],[5.6976396,50.0575994],[5.6976154,50.0577768],[5.697531,50.0579843],[5.697429,50.0581005],[5.6971045,50.058389],[5.6968883,50.0585641]]}},{"type":"Feature","properties":{"h":"track","c":4},"geometry":{"type":"LineString","coordinates":[[5.7076,50.0297178],[5.7074873,50.0294206],[5.7072593,50.0289777],[5.7071306,50.0286357],[5.7071011,50.0285082],[5.7068838,50.0279198],[5.7066491,50.0273443],[5.7064292,50.0267661],[5.7063782,50.026325],[5.7064252,50.0258331],[5.7064386,50.0252541],[5.7063729,50.0249577],[5.7062334,50.0244847],[5.7059947,50.0238454],[5.7058096,50.0235843],[5.7055722,50.0232862],[5.7053483,50.0229811],[5.7052385,50.0228853]]}},{"type":"Feature","properties":{"h":"primary","c":1},"geometry":{"type":"LineString","coordinates":[[5.7204308,49.9833129],[5.7202893,49.9831128]]}},{"type":"Feature","properties":{"h":"primary","c":1},"geometry":{"type":"LineString","coordinates":[[5.7206805,49.984261],[5.7204308,49.9833129]]}},{"type":"Feature","properties":{"h":"primary","c":1},"geometry":{"type":"LineString","coordinates":[[5.7154224,50.0003264],[5.7152737,50.0005111]]}},{"type":"Feature","properties":{"h":"primary","c":1},"geometry":{"type":"LineString","coordinates":[[5.7163963,49.9989078],[5.7163411,49.998988],[5.7162918,49.9990624]]}},{"type":"Feature","properties":{"h":"primary","c":1},"geometry":{"type":"LineString","coordinates":[[5.716634,49.9985343],[5.7163963,49.9989078]]}},{"type":"Feature","properties":{"h":"primary","c":1},"geometry":{"type":"LineString","coordinates":[[5.7209454,50.0066722],[5.7209381,50.0066084]]}},{"type":"Feature","properties":{"h":"primary","c":1},"geometry":{"type":"LineString","coordinates":[[5.7233234,50.0122002],[5.7235453,50.0126852]]}},{"type":"Feature","properties":{"h":"residential","c":3},"geometry":{"type":"LineString","coordinates":[[5.7249831,50.0127214],[5.7247308,50.0127654],[5.7246502,50.012698]]}},{"type":"Feature","properties":{"h":"residential","c":3},"geometry":{"type":"LineString","coordinates":[[5.7249831,50.0127214],[5.7260476,50.0125168]]}},{"type":"Feature","properties":{"h":"primary","c":1},"geometry":{"type":"LineString","coordinates":[[5.730856,50.022255],[5.7323361,50.0239469]]}},{"type":"Feature","properties":{"h":"primary","c":1},"geometry":{"type":"LineString","coordinates":[[5.7144412,50.0009883],[5.7143172,50.0010511],[5.7140688,50.0011817],[5.7138948,50.0012778]]}},{"type":"Feature","properties":{"h":"track","c":4},"geometry":{"type":"LineString","coordinates":[[5.7791035,50.0405152],[5.7794025,50.0407953],[5.7797312,50.0410629],[5.7800211,50.0412956],[5.7803527,50.0415074],[5.7815721,50.0421747],[5.7823422,50.0426401],[5.7825722,50.0427672],[5.7828021,50.04288],[5.7833375,50.0431214],[5.7842513,50.0435109],[5.7847185,50.0436688],[5.7850299,50.0437662],[5.7853537,50.0438794],[5.7856036,50.043982],[5.785717,50.0440413]]}},{"type":"Feature","properties":{"h":"secondary","c":2},"geometry":{"type":"LineString","coordinates":[[5.7247861,50.0065062],[5.7252609,50.0067029]]}},{"type":"Feature","properties":{"h":"residential","c":3},"geometry":{"type":"LineString","coordinates":[[5.7187861,50.00555],[5.718922,50.0055888],[5.7199383,50.0060584]]}},{"type":"Feature","properties":{"h":"primary","c":1},"geometry":{"type":"LineString","coordinates":[[5.7181199,50.0028517],[5.7185255,50.003143],[5.71903,50.0035284],[5.7190965,50.0035741]]}},{"type":"Feature","properties":{"h":"tertiary","c":2},"geometry":{"type":"LineString","coordinates":[[5.7122365,49.9962927],[5.7118453,49.9952678],[5.7118168,49.9949594],[5.7117152,49.994489],[5.7116298,49.9940891],[5.7116339,49.9939193],[5.7116004,49.9937607],[5.7115325,49.9934516],[5.7115031,49.9932677],[5.7114121,49.9929451],[5.7114082,49.992833]]}},{"type":"Feature","properties":{"h":"track","c":4},"geometry":{"type":"LineString","coordinates":[[5.7039912,50.0542906],[5.7042861,50.0542939],[5.7044336,50.0543214],[5.7046616,50.0544196],[5.7047206,50.0545212]]}},{"type":"Feature","properties":{"h":"track","c":4},"geometry":{"type":"LineString","coordinates":[[5.6984711,50.0560186],[5.6981586,50.0562364],[5.6978233,50.0563604],[5.6976986,50.0564422],[5.6973405,50.0566222],[5.6969784,50.0567393],[5.6963991,50.0569287],[5.6959967,50.0570501],[5.6952397,50.0572474]]}},{"type":"Feature","properties":{"h":"track","c":4},"geometry":{"type":"LineString","coordinates":[[5.6897644,50.0578638],[5.6901455,50.0580721],[5.6907114,50.0583339],[5.6915161,50.05863]]}},{"type":"Feature","properties":{"h":"track","c":4},"geometry":{"type":"LineString","coordinates":[[5.6952231,50.0572233],[5.6947911,50.0573282],[5.6942466,50.0574918],[5.6938764,50.0576433],[5.6937692,50.0577725],[5.6937343,50.0578792]]}},{"type":"Feature","properties":{"h":"track","c":4},"geometry":{"type":"LineString","coordinates":[[5.6819621,50.0563329],[5.6823081,50.0563621],[5.6831664,50.0564345],[5.6836036,50.0564861],[5.6842634,50.0566049],[5.6845906,50.0566136],[5.6849715,50.0565584],[5.6853202,50.0565206],[5.6855589,50.0565567],[5.6864253,50.056815],[5.6867364,50.0568633],[5.6872058,50.0570578],[5.6875089,50.0571767],[5.6882679,50.05728],[5.6884986,50.0573437],[5.6887802,50.0574694],[5.6894983,50.0578724]]}},{"type":"Feature","properties":{"h":"track","c":4},"geometry":{"type":"LineString","coordinates":[[5.6790599,50.0581341],[5.679355,50.0580273],[5.6794891,50.0578965],[5.6796581,50.0576347],[5.6801891,50.0571732],[5.6806558,50.0567944],[5.6810743,50.0565929],[5.6814578,50.0564551],[5.6818494,50.0563415],[5.6819621,50.0563329]]}},{"type":"Feature","properties":{"h":"track","c":4},"geometry":{"type":"LineString","coordinates":[[5.6923342,50.0205131],[5.6924441,50.0205332],[5.69253,50.0205366],[5.6933454,50.0202471],[5.6938845,50.020073],[5.6940266,50.0200506],[5.6943083,50.0200489],[5.6945577,50.0200851],[5.6950647,50.0202781],[5.6954992,50.0204987],[5.6959552,50.0209244],[5.6966928,50.0216447],[5.6971031,50.0221428],[5.6972265,50.0223995],[5.6975779,50.0232129],[5.6980607,50.0242675],[5.6984603,50.0251981],[5.698683,50.0258012],[5.6990558,50.026873],[5.6994528,50.0278655],[5.6996217,50.0285427],[5.6996968,50.0289028],[5.6997424,50.0293077],[5.6998336,50.0293749],[5.6999221,50.0293956],[5.7000518,50.0294418]]}},{"type":"Feature","properties":{"h":"track","c":4},"geometry":{"type":"LineString","coordinates":[[5.6836139,50.0262727],[5.6828789,50.0261864],[5.6811973,50.0260146],[5.6807574,50.0260353],[5.6802317,50.0261732],[5.6788906,50.0264489],[5.6778392,50.0265454],[5.6771204,50.0266625],[5.6760904,50.0269176]]}},{"type":"Feature","properties":{"h":"residential","c":3},"geometry":{"type":"LineString","coordinates":[[5.7231705,49.9820862],[5.7232352,49.9820692],[5.7232805,49.9820623],[5.7233195,49.9820644],[5.7235602,49.9820871],[5.7236257,49.9821072]]}},{"type":"Feature","properties":{"h":"residential","c":3},"geometry":{"type":"LineString","coordinates":[[5.7231705,49.9820862],[5.7230045,49.9820582],[5.7225192,49.9820281]]}},{"type":"Feature","properties":{"h":"residential","c":3},"geometry":{"type":"LineString","coordinates":[[5.7236257,49.9821072],[5.7235348,49.9821349],[5.7232824,49.982114],[5.7231705,49.9820862]]}},{"type":"Feature","properties":{"h":"residential","c":3},"geometry":{"type":"LineString","coordinates":[[5.7221894,49.9822575],[5.7221899,49.9821034],[5.7222476,49.9820283],[5.722383,49.9820077],[5.7225192,49.9820281]]}},{"type":"Feature","properties":{"h":"residential","c":3},"geometry":{"type":"LineString","coordinates":[[5.7225192,49.9820281],[5.7224462,49.9820605],[5.7222772,49.98215],[5.7221894,49.9822575]]}},{"type":"Feature","properties":{"h":"residential","c":3},"geometry":{"type":"LineString","coordinates":[[5.7221894,49.9822575],[5.7221713,49.9823322],[5.7221697,49.9829589],[5.7222117,49.9833724],[5.7222748,49.9835968],[5.7223169,49.9836544],[5.7223532,49.9836728],[5.7224061,49.9836764],[5.7224656,49.9836594],[5.7224943,49.9836197],[5.7226001,49.9833512],[5.7226441,49.9833101],[5.7226871,49.9832881],[5.7227752,49.9832811],[5.7228997,49.9833002],[5.7238681,49.9834674]]}},{"type":"Feature","properties":{"h":"unclassified","c":3},"geometry":{"type":"LineString","coordinates":[[5.7850489,50.0459139],[5.7851209,50.0458841],[5.7852293,50.0458415],[5.785322,50.0458301],[5.7854096,50.0458301],[5.7855535,50.0458544],[5.786116,50.0459248],[5.7865709,50.0459579],[5.7870305,50.045982],[5.7878042,50.045979],[5.7886483,50.0459519],[5.7888522,50.0459407]]}},{"type":"Feature","properties":{"h":"tertiary","c":2},"geometry":{"type":"LineString","coordinates":[[5.7572338,50.0278166],[5.7568786,50.0283574],[5.7567507,50.0285528]]}},{"type":"Feature","properties":{"h":"primary","c":1},"geometry":{"type":"LineString","coordinates":[[5.7121532,50.0015893],[5.7123959,50.0015754]]}},{"type":"Feature","properties":{"h":"residential","c":3},"geometry":{"type":"LineString","coordinates":[[5.7128226,50.0021117],[5.7127943,50.0020638],[5.7122247,50.0017165],[5.7121669,50.0016667],[5.7121602,50.001629],[5.7121532,50.0015893]]}},{"type":"Feature","properties":{"h":"cycleway","c":4},"geometry":{"type":"LineString","coordinates":[[5.7187592,50.0059699],[5.7184725,50.005889],[5.7181683,50.0057792],[5.7177068,50.0055829],[5.7172183,50.0053283],[5.716961,50.0051953],[5.7167091,50.0050368],[5.7163852,50.0048331]]}},{"type":"Feature","properties":{"h":"residential","c":3},"geometry":{"type":"LineString","coordinates":[[5.7137555,50.0051211],[5.7137196,50.0050974],[5.7136399,50.0050447],[5.7133185,50.0048286],[5.7122966,50.0041591],[5.7118458,50.0038569],[5.7117174,50.0037715],[5.7115499,50.0036585],[5.711296,50.003502]]}},{"type":"Feature","properties":{"h":"residential","c":3},"geometry":{"type":"LineString","coordinates":[[5.7189626,50.0071136],[5.71899,50.0073115],[5.7190223,50.0074337],[5.7190546,50.0074828],[5.7190968,50.0075105]]}},{"type":"Feature","properties":{"h":"secondary","c":2},"geometry":{"type":"LineString","coordinates":[[5.7190968,50.0075105],[5.7192583,50.0074],[5.7194214,50.0073108],[5.7197604,50.0071253],[5.7199097,50.0070353]]}},{"type":"Feature","properties":{"h":"secondary","c":2},"geometry":{"type":"LineString","coordinates":[[5.7115111,50.0122475],[5.7121004,50.011831],[5.7124555,50.0116229],[5.7129044,50.011408],[5.7134792,50.0111632],[5.7135261,50.0111484],[5.7138585,50.0110435],[5.7141077,50.0109875],[5.7144055,50.010948]]}},{"type":"Feature","properties":{"h":"residential","c":3},"geometry":{"type":"LineString","coordinates":[[5.7210954,50.012196],[5.7210265,50.0126336],[5.7208703,50.0134472],[5.7208037,50.0138524],[5.7207615,50.0139393],[5.7207006,50.0141284]]}},{"type":"Feature","properties":{"h":"secondary","c":2},"geometry":{"type":"LineString","coordinates":[[5.7184184,50.0179153],[5.7185002,50.0179275]]}},{"type":"Feature","properties":{"h":"secondary","c":2},"geometry":{"type":"LineString","coordinates":[[5.7185002,50.0179275],[5.7197933,50.0180518],[5.7221274,50.0182463],[5.7222202,50.018254]]}},{"type":"Feature","properties":{"h":"unclassified","c":3},"geometry":{"type":"LineString","coordinates":[[5.7185002,50.0179275],[5.7183735,50.0181787]]}},{"type":"Feature","properties":{"h":"secondary","c":2},"geometry":{"type":"LineString","coordinates":[[5.7053675,50.0225115],[5.7054114,50.0223705]]}},{"type":"Feature","properties":{"h":"secondary","c":2},"geometry":{"type":"LineString","coordinates":[[5.7050495,50.0234332],[5.7052385,50.0228853],[5.7053675,50.0225115]]}},{"type":"Feature","properties":{"h":"residential","c":3},"geometry":{"type":"LineString","coordinates":[[5.7054114,50.0223705],[5.7053252,50.0223469],[5.7052441,50.0223089],[5.7052108,50.0222424],[5.7051724,50.0221259],[5.7050958,50.0218018],[5.7049983,50.0213423],[5.7049248,50.0207813],[5.7049308,50.0206606],[5.7049567,50.0204824],[5.7050673,50.0202473],[5.7051671,50.0200221],[5.7052873,50.0197086]]}},{"type":"Feature","properties":{"h":"track","c":4},"geometry":{"type":"LineString","coordinates":[[5.6925815,50.0106387],[5.6922844,50.0108616],[5.6918797,50.0111701],[5.6916191,50.0113331],[5.6911528,50.0114036],[5.6905888,50.0114519]]}},{"type":"Feature","properties":{"h":"track","c":4},"geometry":{"type":"LineString","coordinates":[[5.6925815,50.0106387],[5.6924508,50.0105873],[5.6923736,50.010599],[5.6921161,50.0108136],[5.6917759,50.0110549]]}},{"type":"Feature","properties":{"h":"secondary","c":2},"geometry":{"type":"LineString","coordinates":[[5.7015964,50.0173466],[5.7023952,50.0171093],[5.7027802,50.0169949]]}},{"type":"Feature","properties":{"h":"unclassified","c":3},"geometry":{"type":"LineString","coordinates":[[5.6813854,50.0365711],[5.6815464,50.0365742],[5.6817206,50.0365603]]}},{"type":"Feature","properties":{"h":"track","c":4},"geometry":{"type":"LineString","coordinates":[[5.6935348,50.0199765],[5.6936457,50.0198998],[5.6938525,50.019749],[5.6940604,50.0195853],[5.6942225,50.0194442],[5.6944006,50.0192681],[5.6945765,50.0190825],[5.6946362,50.0189866],[5.6946756,50.0188941],[5.6946778,50.018831],[5.6946405,50.0187509],[5.694584,50.0186481],[5.6945221,50.0185138],[5.6944784,50.0183761],[5.694408,50.018159],[5.6943398,50.0179692],[5.6943142,50.0179178],[5.6941905,50.0176266],[5.6940754,50.017341],[5.693957,50.0170148],[5.6938749,50.0168011],[5.6937736,50.0165483],[5.6936659,50.0162893],[5.6936116,50.016166],[5.6935092,50.0160235],[5.6933066,50.0157748],[5.6929676,50.0153616],[5.6927437,50.0151027],[5.692476,50.0147752],[5.6922724,50.0145456],[5.6919781,50.0141674],[5.6918011,50.0139194],[5.691558,50.0135844],[5.6914205,50.0134042],[5.6912712,50.013224],[5.691027,50.0129568],[5.6908799,50.0127848],[5.6906453,50.0125224],[5.6904993,50.0123449],[5.6901762,50.0119598],[5.690093,50.0118488],[5.6899662,50.0117084],[5.6899086,50.0116782],[5.6898627,50.0116659],[5.689722,50.0116858],[5.6895578,50.0117399],[5.6893456,50.0118194],[5.6891068,50.0119633],[5.6890044,50.0120201],[5.6889223,50.0120379],[5.6888306,50.0120332],[5.688772,50.0120092],[5.6887466,50.011981]]}},{"type":"Feature","properties":{"h":"track","c":4},"geometry":{"type":"LineString","coordinates":[[5.6923428,50.0204444],[5.6923897,50.0204088],[5.6924995,50.0203656],[5.6926264,50.0203218],[5.6927959,50.0202656],[5.6929846,50.0201978],[5.6931371,50.0201416],[5.6933375,50.0200662],[5.6934346,50.0200251],[5.6935348,50.0199765]]}},{"type":"Feature","properties":{"h":"track","c":4},"geometry":{"type":"LineString","coordinates":[[5.6919802,50.0206472],[5.6919408,50.0205924],[5.6919259,50.0205437],[5.6919312,50.020504],[5.6919547,50.0204588],[5.6919877,50.0204293],[5.6920389,50.0204094],[5.692153,50.0203978],[5.6922212,50.020406],[5.6922969,50.0204252],[5.6923428,50.0204444],[5.6923895,50.0204922]]}},{"type":"Feature","properties":{"h":"track","c":4},"geometry":{"type":"LineString","coordinates":[[5.6872808,50.022436],[5.6873582,50.0223755],[5.6874008,50.0223242],[5.6874424,50.0222214],[5.6874936,50.0221796],[5.6875991,50.0221474],[5.6877314,50.022144],[5.6878657,50.022157],[5.6880235,50.0222152],[5.688193,50.022329],[5.6883519,50.0224221],[5.6885098,50.0225141]]}},{"type":"Feature","properties":{"h":"track","c":4},"geometry":{"type":"LineString","coordinates":[[5.6865468,50.0222708],[5.6868229,50.0223235],[5.687082,50.0223831],[5.6872808,50.022436],[5.6873315,50.0224495],[5.6874968,50.0225009],[5.6876557,50.0225413],[5.6878561,50.0225893],[5.6879457,50.0226201],[5.6880011,50.0226735]]}},{"type":"Feature","properties":{"h":"unclassified","c":3},"geometry":{"type":"LineString","coordinates":[[5.6875335,50.0208437],[5.6873624,50.0208061],[5.6865564,50.020678],[5.6859636,50.0205684],[5.6855435,50.0204622],[5.6848739,50.0202121],[5.6845327,50.0200786],[5.6842121,50.0199419],[5.6840273,50.0198456],[5.6838333,50.0197244],[5.6834633,50.0194709],[5.6828619,50.0190605],[5.6824045,50.0187406],[5.6821113,50.0185529],[5.6818906,50.0184364],[5.6817008,50.0183522],[5.6815569,50.0183042],[5.6814548,50.0182874],[5.6812903,50.0182597],[5.6810867,50.0182535],[5.6809246,50.0182617],[5.6807295,50.0182706],[5.6803819,50.0182741]]}},{"type":"Feature","properties":{"h":"track","c":4},"geometry":{"type":"LineString","coordinates":[[5.6876631,50.0263356],[5.6877484,50.0263849],[5.6877729,50.0263999]]}},{"type":"Feature","properties":{"h":"track","c":4},"geometry":{"type":"LineString","coordinates":[[5.6852412,50.0248412],[5.6854219,50.0249649],[5.6855883,50.0250855],[5.685938,50.0252951],[5.686277,50.0255143],[5.6866033,50.0257143],[5.6868954,50.0259006],[5.6870586,50.0260006],[5.6873752,50.0261794],[5.6875714,50.0262897],[5.6876631,50.0263356],[5.6877335,50.0263239],[5.6878614,50.0262718],[5.6881728,50.0261075],[5.6884031,50.025965],[5.6890641,50.0255677],[5.6894224,50.0253293],[5.6896228,50.0252266],[5.6898126,50.0251951],[5.6898936,50.0252019]]}},{"type":"Feature","properties":{"h":"secondary","c":2},"geometry":{"type":"LineString","coordinates":[[5.7055894,50.0161774],[5.7061381,50.0160437],[5.7070201,50.0158905],[5.707755,50.0157983],[5.7087099,50.015745]]}},{"type":"Feature","properties":{"h":"primary","c":1},"geometry":{"type":"LineString","coordinates":[[5.7207999,50.0065687],[5.7207775,50.0065406],[5.72077,50.0065094],[5.7207781,50.0064783],[5.7208011,50.0064505],[5.7208366,50.0064287]]}},{"type":"Feature","properties":{"h":"primary","c":1},"geometry":{"type":"LineString","coordinates":[[5.7208366,50.0064287],[5.7208762,50.0064161],[5.7209197,50.0064114],[5.7209635,50.0064147],[5.7210041,50.006426]]}},{"type":"Feature","properties":{"h":"trunk","c":1},"geometry":{"type":"LineString","coordinates":[[5.7018492,49.9955812],[5.7025296,49.9952459]]}},{"type":"Feature","properties":{"h":"service","c":4},"geometry":{"type":"LineString","coordinates":[[5.7199977,50.0061769],[5.7197601,50.0060924]]}},{"type":"Feature","properties":{"h":"service","c":4},"geometry":{"type":"LineString","coordinates":[[5.7203169,50.0062334],[5.7201851,50.006248],[5.7199977,50.0061769]]}},{"type":"Feature","properties":{"h":"residential","c":3},"geometry":{"type":"LineString","coordinates":[[5.7199383,50.0060584],[5.7203169,50.0062334]]}},{"type":"Feature","properties":{"h":"secondary","c":2},"geometry":{"type":"LineString","coordinates":[[5.7413346,50.0075126],[5.7417595,50.0074461],[5.7421555,50.0073608],[5.7426763,50.0072107],[5.7430248,50.0071222],[5.743292,50.0070812],[5.7434897,50.0070623],[5.7437771,50.0070698],[5.7441672,50.0071081],[5.7445532,50.0071648],[5.7447107,50.0071927]]}},{"type":"Feature","properties":{"h":"unclassified","c":3},"geometry":{"type":"LineString","coordinates":[[5.7096153,49.9871377],[5.709771,49.9871165],[5.7098601,49.9870974],[5.7099472,49.9870654]]}},{"type":"Feature","properties":{"h":"residential","c":3},"geometry":{"type":"LineString","coordinates":[[5.7170799,49.9874345],[5.7169992,49.9878086]]}},{"type":"Feature","properties":{"h":"primary","c":1},"geometry":{"type":"LineString","coordinates":[[5.7209381,50.0066084],[5.7208857,50.0066058],[5.7208378,50.006592],[5.7207999,50.0065687]]}},{"type":"Feature","properties":{"h":"service","c":4},"geometry":{"type":"LineString","coordinates":[[5.7191063,50.0059281],[5.7190524,50.0058794]]}},{"type":"Feature","properties":{"h":"residential","c":3},"geometry":{"type":"LineString","coordinates":[[5.7092313,49.9886269],[5.7091633,49.9886363],[5.7090944,49.9886304],[5.7090327,49.9886097],[5.7089855,49.9885769],[5.7089585,49.9885356],[5.7089549,49.988491]]}},{"type":"Feature","properties":{"h":"service","c":4},"geometry":{"type":"LineString","coordinates":[[5.7190524,50.0058794],[5.7189091,50.0058737]]}},{"type":"Feature","properties":{"h":"service","c":4},"geometry":{"type":"LineString","coordinates":[[5.7190524,50.0058794],[5.7188112,50.0058157]]}},{"type":"Feature","properties":{"h":"tertiary","c":2},"geometry":{"type":"LineString","coordinates":[[5.7433866,50.048361],[5.7447296,50.0472813],[5.7457808,50.0464521],[5.7465971,50.0457802],[5.7467803,50.0456563],[5.7469047,50.0455856],[5.7471028,50.045513],[5.7473011,50.0454647],[5.7478745,50.0453858],[5.7480853,50.0453519],[5.7482386,50.0453046],[5.7483665,50.0452466],[5.7484595,50.0451894],[5.7487028,50.0449861],[5.7489067,50.0448139],[5.7489965,50.0447049]]}},{"type":"Feature","properties":{"h":"service","c":4},"geometry":{"type":"LineString","coordinates":[[5.7195505,50.006054],[5.719503,50.0060088]]}},{"type":"Feature","properties":{"h":"secondary","c":2},"geometry":{"type":"LineString","coordinates":[[5.6884421,50.0512946],[5.688295,50.0508166],[5.6881585,50.0503861],[5.6880287,50.0499663]]}},{"type":"Feature","properties":{"h":"service","c":4},"geometry":{"type":"LineString","coordinates":[[5.7193219,50.0059863],[5.7192698,50.0059372]]}},{"type":"Feature","properties":{"h":"secondary","c":2},"geometry":{"type":"LineString","coordinates":[[5.6892229,50.0519437],[5.6887688,50.0516427],[5.6885337,50.0514405],[5.6884421,50.0512946]]}},{"type":"Feature","properties":{"h":"primary","c":1},"geometry":{"type":"LineString","coordinates":[[5.7607907,50.063736],[5.7608706,50.0638677],[5.7609398,50.0639758],[5.761289,50.0645438]]}},{"type":"Feature","properties":{"h":"track","c":4},"geometry":{"type":"LineString","coordinates":[[5.7169246,49.9877505],[5.7167759,49.9878421],[5.7165572,49.9880241],[5.7160556,49.988396],[5.7155256,49.9887814],[5.714773,49.9893042],[5.7142203,49.9896863],[5.7128404,49.9905399],[5.7114315,49.9914636],[5.7113678,49.9915516],[5.7113456,49.9916774],[5.711565,49.9921668],[5.7116187,49.9928634],[5.7116661,49.9933327],[5.7116388,49.9934005],[5.7115325,49.9934516]]}},{"type":"Feature","properties":{"h":"service","c":4},"geometry":{"type":"LineString","coordinates":[[5.6915312,50.0023465],[5.6916173,50.002273],[5.6916708,50.0022272],[5.6917603,50.0021175],[5.6919361,50.0018261],[5.6920432,50.001687],[5.6921433,50.0016799],[5.6925283,50.001663],[5.6930611,50.0016164]]}},{"type":"Feature","properties":{"h":"service","c":4},"geometry":{"type":"LineString","coordinates":[[5.6919361,50.0018261],[5.6914695,50.0016811]]}},{"type":"Feature","properties":{"h":"service","c":4},"geometry":{"type":"LineString","coordinates":[[5.6916173,50.002273],[5.6906158,50.0017503],[5.6908019,50.0015976]]}},{"type":"Feature","properties":{"h":"residential","c":3},"geometry":{"type":"LineString","coordinates":[[5.6976106,50.0002493],[5.6975909,50.000167],[5.6975886,50.0000905],[5.6976318,50.0000387]]}},{"type":"Feature","properties":{"h":"residential","c":3},"geometry":{"type":"LineString","coordinates":[[5.6972283,50.0007815],[5.6970924,50.0008477],[5.6969854,50.000913],[5.6969324,50.0009918]]}},{"type":"Feature","properties":{"h":"residential","c":3},"geometry":{"type":"LineString","coordinates":[[5.6977193,50.0018022],[5.6977345,50.0016672],[5.6979043,50.0014551]]}},{"type":"Feature","properties":{"h":"track","c":4},"geometry":{"type":"LineString","coordinates":[[5.6948581,50.0405475],[5.6949735,50.0404941],[5.6951974,50.0402641],[5.6953461,50.0400799]]}},{"type":"Feature","properties":{"h":"track","c":4},"geometry":{"type":"LineString","coordinates":[[5.6898071,50.0361083],[5.6896868,50.0361718],[5.6890565,50.0361632],[5.6869483,50.0365474],[5.6866103,50.0367748],[5.6863126,50.0373243],[5.685516,50.0380307],[5.6853631,50.0384097],[5.6858647,50.0386594]]}},{"type":"Feature","properties":{"h":"service","c":4},"geometry":{"type":"LineString","coordinates":[[5.7046135,49.9920318],[5.7048118,49.9918144],[5.7048698,49.9917516],[5.7052822,49.9915491],[5.7054336,49.9914667]]}},{"type":"Feature","properties":{"h":"service","c":4},"geometry":{"type":"LineString","coordinates":[[5.7057261,49.99192],[5.7056205,49.9918295],[5.7052822,49.9915491]]}},{"type":"Feature","properties":{"h":"service","c":4},"geometry":{"type":"LineString","coordinates":[[5.7056205,49.9918295],[5.7057831,49.9917636]]}},{"type":"Feature","properties":{"h":"tertiary","c":2},"geometry":{"type":"LineString","coordinates":[[5.7364868,50.0519116],[5.7368892,50.0517026],[5.7372619,50.0515105]]}},{"type":"Feature","properties":{"h":"tertiary","c":2},"geometry":{"type":"LineString","coordinates":[[5.7297,50.0532049],[5.7300158,50.0531646],[5.7306619,50.0530679],[5.7311333,50.0530584],[5.7313562,50.0530688],[5.7317701,50.0530882],[5.7323519,50.0531246],[5.7328225,50.0531243],[5.7332365,50.0530672],[5.7334416,50.0530389],[5.7340575,50.0529055]]}},{"type":"Feature","properties":{"h":"tertiary","c":2},"geometry":{"type":"LineString","coordinates":[[5.7103939,50.0538558],[5.711579,50.0537861],[5.7121087,50.0537498],[5.7125349,50.0536944],[5.7129943,50.0535902],[5.7140866,50.0532583],[5.7144624,50.0531469]]}},{"type":"Feature","properties":{"h":"tertiary","c":2},"geometry":{"type":"LineString","coordinates":[[5.7439464,50.056877],[5.7429515,50.0563948]]}},{"type":"Feature","properties":{"h":"tertiary","c":2},"geometry":{"type":"LineString","coordinates":[[5.7429515,50.0563948],[5.7418848,50.0557332],[5.7386255,50.0537604],[5.7379865,50.0533736]]}},{"type":"Feature","properties":{"h":"tertiary","c":2},"geometry":{"type":"LineString","coordinates":[[5.6959001,50.0539526],[5.6961045,50.0539841],[5.6966983,50.0540763],[5.6973941,50.0542417]]}},{"type":"Feature","properties":{"h":"unclassified","c":3},"geometry":{"type":"LineString","coordinates":[[5.7096599,50.0574676],[5.7097763,50.057386],[5.7099665,50.0571754],[5.7100961,50.0570233],[5.7102057,50.0569184]]}},{"type":"Feature","properties":{"h":"service","c":4},"geometry":{"type":"LineString","coordinates":[[5.6878748,50.0479349],[5.6880209,50.0481004]]}},{"type":"Feature","properties":{"h":"service","c":4},"geometry":{"type":"LineString","coordinates":[[5.6928089,50.0493543],[5.6928371,50.0491298],[5.6928009,50.0490144],[5.6927352,50.0489498]]}},{"type":"Feature","properties":{"h":"unclassified","c":3},"geometry":{"type":"LineString","coordinates":[[5.6910288,50.0535595],[5.6905753,50.0535582]]}},{"type":"Feature","properties":{"h":"track","c":4},"geometry":{"type":"LineString","coordinates":[[5.6915241,50.0534785],[5.6914075,50.0534104]]}},{"type":"Feature","properties":{"h":"tertiary","c":2},"geometry":{"type":"LineString","coordinates":[[5.6900633,50.0528458],[5.6902785,50.0528793],[5.6905833,50.0529659],[5.690622,50.0529769],[5.691189,50.0531383]]}},{"type":"Feature","properties":{"h":"service","c":4},"geometry":{"type":"LineString","coordinates":[[5.6910373,50.052787],[5.69104,50.0526897],[5.6911019,50.0525885]]}},{"type":"Feature","properties":{"h":"service","c":4},"geometry":{"type":"LineString","coordinates":[[5.690622,50.0529769],[5.6907168,50.0529403],[5.6910454,50.052973],[5.6912144,50.0530643]]}},{"type":"Feature","properties":{"h":"service","c":4},"geometry":{"type":"LineString","coordinates":[[5.6930635,50.0540445],[5.6932946,50.0539733],[5.69491,50.0543285]]}},{"type":"Feature","properties":{"h":"service","c":4},"geometry":{"type":"LineString","coordinates":[[5.6948948,50.0543695],[5.69491,50.0543285],[5.6950545,50.0539397]]}},{"type":"Feature","properties":{"h":"residential","c":3},"geometry":{"type":"LineString","coordinates":[[5.6916099,50.0559521],[5.6918624,50.0558995],[5.6920324,50.0557193],[5.6921536,50.0555627],[5.6921775,50.0555318]]}},{"type":"Feature","properties":{"h":"service","c":4},"geometry":{"type":"LineString","coordinates":[[5.7043537,49.9856493],[5.7043937,49.9855666],[5.7045274,49.9852802],[5.7046291,49.9851654],[5.7048036,49.9851532],[5.7052443,49.9852467],[5.70501,49.985669],[5.7049535,49.9857567]]}},{"type":"Feature","properties":{"h":"service","c":4},"geometry":{"type":"LineString","coordinates":[[5.7034928,49.9873691],[5.7029671,49.9872661],[5.7028866,49.9872424],[5.7028183,49.9871975],[5.7027906,49.9871293],[5.7027921,49.9870479],[5.7031312,49.9862508]]}},{"type":"Feature","properties":{"h":"service","c":4},"geometry":{"type":"LineString","coordinates":[[5.7034355,49.9880017],[5.7033456,49.9878497],[5.7034928,49.9873691],[5.7041885,49.9874898],[5.7042829,49.9874743],[5.7043469,49.987436],[5.7043935,49.9873855],[5.7049587,49.9860709],[5.7039469,49.9858668],[5.7038597,49.9858593],[5.7037651,49.9858584],[5.7035804,49.9858845],[5.7034059,49.9859444],[5.7033361,49.9860014],[5.7032328,49.9860828],[5.7031312,49.9862508]]}},{"type":"Feature","properties":{"h":"unclassified","c":3},"geometry":{"type":"LineString","coordinates":[[5.6973235,49.9880266],[5.6971794,49.9882164],[5.6989931,49.9894065],[5.6992433,49.9895897]]}},{"type":"Feature","properties":{"h":"unclassified","c":3},"geometry":{"type":"LineString","coordinates":[[5.6992433,49.9895897],[5.6994995,49.9897646],[5.6995924,49.9898669],[5.6996299,49.9899544],[5.6996253,49.9900412],[5.6996373,49.9901983],[5.6997031,49.9903472],[5.6998458,49.9904903],[5.7005939,49.9910046],[5.7007031,49.991065],[5.7008028,49.9910984],[5.7009332,49.9911193],[5.7010829,49.9911239],[5.7012087,49.9911033],[5.7013457,49.9910475],[5.7014307,49.9909724],[5.7015605,49.990807],[5.7018383,49.9903855],[5.701854,49.9903207],[5.7018457,49.9902427],[5.7017785,49.9901603],[5.7015755,49.9899492],[5.7013701,49.9897354],[5.7007319,49.9890715]]}},{"type":"Feature","properties":{"h":"unclassified","c":3},"geometry":{"type":"LineString","coordinates":[[5.7016136,49.98871],[5.7007319,49.9890715],[5.7003644,49.9891791],[5.6998473,49.9893336],[5.6995809,49.9894226],[5.6992433,49.9895897],[5.6989789,49.9897184],[5.6986864,49.9899036]]}},{"type":"Feature","properties":{"h":"tertiary","c":2},"geometry":{"type":"LineString","coordinates":[[5.7021171,49.9886448],[5.7020436,49.9886334]]}},{"type":"Feature","properties":{"h":"tertiary","c":2},"geometry":{"type":"LineString","coordinates":[[5.7012819,49.9864449],[5.7014376,49.9867454],[5.7015577,49.9870881],[5.7017522,49.9876253],[5.7019649,49.9881547]]}},{"type":"Feature","properties":{"h":"service","c":4},"geometry":{"type":"LineString","coordinates":[[5.7056045,49.9916118],[5.7060813,49.9912922],[5.7063982,49.9910752],[5.7059097,49.9906836],[5.7060749,49.9902263]]}},{"type":"Feature","properties":{"h":"service","c":4},"geometry":{"type":"LineString","coordinates":[[5.7082669,49.991394],[5.7078556,49.99113]]}},{"type":"Feature","properties":{"h":"service","c":4},"geometry":{"type":"LineString","coordinates":[[5.70749,49.9912073],[5.7076334,49.9912909],[5.7080897,49.9915613]]}},{"type":"Feature","properties":{"h":"service","c":4},"geometry":{"type":"LineString","coordinates":[[5.7080916,49.9909591],[5.7078556,49.99113],[5.7076334,49.9912909],[5.7073784,49.9914674],[5.7070806,49.9913307],[5.7064801,49.9917421]]}},{"type":"Feature","properties":{"h":"unclassified","c":3},"geometry":{"type":"LineString","coordinates":[[5.7496168,50.0613729],[5.7494264,50.061441],[5.7492722,50.0615132],[5.7487892,50.0619099]]}},{"type":"Feature","properties":{"h":"track","c":4},"geometry":{"type":"LineString","coordinates":[[5.7523686,50.0625841],[5.7526031,50.0624295]]}},{"type":"Feature","properties":{"h":"secondary","c":2},"geometry":{"type":"LineString","coordinates":[[5.7610811,50.0636574],[5.7607907,50.063736]]}},{"type":"Feature","properties":{"h":"track","c":4},"geometry":{"type":"LineString","coordinates":[[5.7614836,50.0634869],[5.7615386,50.0634236],[5.7615338,50.0633284],[5.7614621,50.0632809],[5.7616032,50.0630415]]}},{"type":"Feature","properties":{"h":"service","c":4},"geometry":{"type":"LineString","coordinates":[[5.7615226,50.063581],[5.7614836,50.0634869],[5.7614669,50.0634466],[5.7613737,50.0633499],[5.7610522,50.0631702],[5.7607832,50.0630844],[5.7604456,50.0631794]]}},{"type":"Feature","properties":{"h":"track","c":4},"geometry":{"type":"LineString","coordinates":[[5.7529361,50.0452675],[5.7532113,50.0453983],[5.7534635,50.0454264]]}},{"type":"Feature","properties":{"h":"track","c":4},"geometry":{"type":"LineString","coordinates":[[5.7532043,50.0461574],[5.7533864,50.0460855],[5.7535968,50.0458461]]}},{"type":"Feature","properties":{"h":"track","c":4},"geometry":{"type":"LineString","coordinates":[[5.7528943,50.0458954],[5.7530204,50.0457998],[5.7530992,50.045612],[5.7531653,50.0455645]]}},{"type":"Feature","properties":{"h":"tertiary","c":2},"geometry":{"type":"LineString","coordinates":[[5.7501565,50.0424446],[5.7499229,50.0430322],[5.7498545,50.043208],[5.7498745,50.0433515],[5.7500168,50.0435678],[5.7501557,50.0437567]]}},{"type":"Feature","properties":{"h":"unclassified","c":3},"geometry":{"type":"LineString","coordinates":[[5.7501557,50.0437567],[5.750322,50.0438913],[5.751681,50.0446138],[5.7526128,50.045084],[5.7528761,50.0452825],[5.7531653,50.0455645],[5.7531853,50.045584],[5.7534472,50.04577],[5.7535968,50.0458461],[5.7540456,50.0460603],[5.7547866,50.0463674],[5.7549551,50.046439]]}},{"type":"Feature","properties":{"h":"service","c":4},"geometry":{"type":"LineString","coordinates":[[5.7498248,50.0450424],[5.7497443,50.0449324],[5.7495104,50.0447904],[5.7491807,50.0447707],[5.7490518,50.044794]]}},{"type":"Feature","properties":{"h":"service","c":4},"geometry":{"type":"LineString","coordinates":[[5.7562331,50.0559528],[5.7558958,50.0554729],[5.7558881,50.0554179]]}},{"type":"Feature","properties":{"h":"service","c":4},"geometry":{"type":"LineString","coordinates":[[5.7561795,50.0560488],[5.7561693,50.0560972],[5.7560684,50.05613]]}},{"type":"Feature","properties":{"h":"service","c":4},"geometry":{"type":"LineString","coordinates":[[5.7554483,50.0551268],[5.7557322,50.0550511],[5.7558587,50.0550397],[5.7559584,50.0551266],[5.7561756,50.0555245],[5.7563712,50.0557854],[5.7563839,50.0558888],[5.7562331,50.0559528],[5.7561795,50.0560488]]}},{"type":"Feature","properties":{"h":"service","c":4},"geometry":{"type":"LineString","coordinates":[[5.7432498,50.048166],[5.7432007,50.0481626],[5.7430791,50.0481933],[5.7428551,50.0482514],[5.7428088,50.0482596],[5.7427552,50.0482443],[5.7427086,50.0481782],[5.7427154,50.048151],[5.7427623,50.0481381],[5.7429954,50.0480901],[5.7431175,50.048131],[5.7432007,50.0481626]]}},{"type":"Feature","properties":{"h":"tertiary","c":2},"geometry":{"type":"LineString","coordinates":[[5.7725372,50.015774],[5.7750371,50.0156796],[5.7759718,50.0156442],[5.7761554,50.0156255],[5.7763204,50.0155924],[5.7764716,50.0155515],[5.7766607,50.0154809]]}},{"type":"Feature","properties":{"h":"tertiary","c":2},"geometry":{"type":"LineString","coordinates":[[5.764318,50.0099179],[5.7645908,50.0097016],[5.7649138,50.0091697],[5.7650411,50.0088102],[5.765082,50.0084974],[5.765038,50.0082125],[5.7649516,50.0076131],[5.764892,50.0073822],[5.764723,50.0070573],[5.76444,50.0065737]]}},{"type":"Feature","properties":{"h":"unclassified","c":3},"geometry":{"type":"LineString","coordinates":[[5.7902972,50.0368295],[5.7918109,50.0371684],[5.7957286,50.0381388],[5.7968433,50.0383924]]}},{"type":"Feature","properties":{"h":"secondary","c":2},"geometry":{"type":"LineString","coordinates":[[5.7861026,50.013987],[5.7862845,50.0139361],[5.7872252,50.0137112],[5.787405,50.0136687],[5.7875185,50.013618],[5.7876162,50.013537],[5.7876635,50.0134134],[5.7877455,50.0131196],[5.7878587,50.0128052],[5.7880608,50.012378],[5.7883349,50.0117265],[5.7885503,50.0113738],[5.7887611,50.011093],[5.788889,50.0109226],[5.7889415,50.0108498],[5.7889627,50.0108205],[5.7892832,50.0103764],[5.7895097,50.0100969],[5.7896473,50.0099095],[5.7898815,50.0097138],[5.7902686,50.0094345],[5.7907982,50.0090743],[5.7911,50.0089081],[5.791568,50.0086943],[5.792732,50.0081877],[5.7935015,50.0079125],[5.7935511,50.0078948]]}},{"type":"Feature","properties":{"h":"service","c":4},"geometry":{"type":"LineString","coordinates":[[5.7889627,50.0108205],[5.7892096,50.0108984],[5.789046,50.011162]]}},{"type":"Feature","properties":{"h":"track","c":4},"geometry":{"type":"LineString","coordinates":[[5.7877703,50.0124068],[5.7878271,50.012402]]}},{"type":"Feature","properties":{"h":"secondary","c":2},"geometry":{"type":"LineString","coordinates":[[5.7935511,50.0078948],[5.7947212,50.0075663],[5.7954586,50.0074095]]}},{"type":"Feature","properties":{"h":"track","c":4},"geometry":{"type":"LineString","coordinates":[[5.7827968,50.0115685],[5.7831861,50.0111988],[5.7833543,50.0111188]]}},{"type":"Feature","properties":{"h":"unclassified","c":3},"geometry":{"type":"LineString","coordinates":[[5.7762638,50.0076517],[5.7757831,50.007568],[5.7753552,50.007517],[5.7749914,50.0074999],[5.7746168,50.0074964],[5.7744912,50.0074365]]}},{"type":"Feature","properties":{"h":"secondary","c":2},"geometry":{"type":"LineString","coordinates":[[5.7744912,50.0074365],[5.7774336,50.0070592],[5.778096,50.0069732]]}},{"type":"Feature","properties":{"h":"tertiary","c":2},"geometry":{"type":"LineString","coordinates":[[5.7516673,49.9974574],[5.7528738,49.9968317],[5.7531137,49.9967392],[5.7532371,49.9967127],[5.7535935,49.9967039],[5.7542516,49.9967039],[5.7548411,49.9966863],[5.755557,49.996609],[5.7562189,49.9965056],[5.7584468,49.9959857],[5.7588649,49.9959107],[5.7593927,49.9958623],[5.7597423,49.9958314],[5.7602085,49.9958491],[5.7607843,49.9958975],[5.7613464,49.995924],[5.7618331,49.9959196],[5.7626419,49.9958623]]}},{"type":"Feature","properties":{"h":"residential","c":3},"geometry":{"type":"LineString","coordinates":[[5.7932168,49.9924807],[5.7930278,49.9922881]]}},{"type":"Feature","properties":{"h":"service","c":4},"geometry":{"type":"LineString","coordinates":[[5.7951966,49.9941326],[5.7948107,49.9939741],[5.7947811,49.9939293],[5.7944646,49.9938534]]}},{"type":"Feature","properties":{"h":"residential","c":3},"geometry":{"type":"LineString","coordinates":[[5.7944425,49.994729],[5.79436,49.9947052],[5.7942273,49.9945975],[5.7941354,49.9945483],[5.7940395,49.9945082],[5.7938839,49.9944992]]}},{"type":"Feature","properties":{"h":"track","c":4},"geometry":{"type":"LineString","coordinates":[[5.7952903,49.9934397],[5.7948522,49.9932482],[5.7946658,49.9931542],[5.7946028,49.993112],[5.7945773,49.9929775],[5.7945988,49.9928878],[5.7945397,49.9927757],[5.7945019,49.9927245]]}},{"type":"Feature","properties":{"h":"unclassified","c":3},"geometry":{"type":"LineString","coordinates":[[5.7944935,49.9981232],[5.7945011,49.9982136],[5.7945314,49.998463],[5.7944743,49.9986816],[5.794443,49.9987495],[5.7943372,49.9989196],[5.7942779,49.9990357],[5.7942541,49.9990933],[5.7942306,49.9992015],[5.7942208,49.99941],[5.7941912,49.9997679],[5.7941764,50.0001289],[5.7942109,50.0004044],[5.7942799,50.000661],[5.7943045,50.000813],[5.794275,50.0010853],[5.7943091,50.0012641],[5.7943538,50.001353],[5.794477,50.0014843],[5.7946987,50.001687],[5.7947775,50.0018422],[5.7948908,50.0020512],[5.7950879,50.0022159],[5.7953687,50.0024249],[5.7955572,50.0026002],[5.7956119,50.0026511]]}},{"type":"Feature","properties":{"h":"unclassified","c":3},"geometry":{"type":"LineString","coordinates":[[5.7924763,49.9923923],[5.7925268,49.9923688],[5.7927024,49.9923412],[5.7930278,49.9922881],[5.7934958,49.9921829],[5.7946801,49.9919577],[5.79594,49.9917071],[5.7962988,49.9916335]]}},{"type":"Feature","properties":{"h":"secondary","c":2},"geometry":{"type":"LineString","coordinates":[[5.7918037,49.9923648],[5.791095,49.9923619],[5.7908707,49.9923417],[5.7907125,49.9922876],[5.7905145,49.9921912],[5.7891472,49.9915885],[5.7888027,49.9913301],[5.7885574,49.9911392],[5.7883972,49.9910766]]}},{"type":"Feature","properties":{"h":"service","c":4},"geometry":{"type":"LineString","coordinates":[[5.7898942,49.9908444],[5.7898915,49.9907772],[5.7897516,49.9905785],[5.7896501,49.9906357],[5.789398,49.9908737],[5.7893202,49.9910134],[5.7895991,49.9911169]]}},{"type":"Feature","properties":{"h":"service","c":4},"geometry":{"type":"LineString","coordinates":[[5.7885705,49.9907595],[5.7890546,49.9908996]]}},{"type":"Feature","properties":{"h":"service","c":4},"geometry":{"type":"LineString","coordinates":[[5.7911087,49.989083],[5.791069,49.9889768],[5.7910958,49.9888647],[5.7911226,49.9888561]]}},{"type":"Feature","properties":{"h":"service","c":4},"geometry":{"type":"LineString","coordinates":[[5.7917534,49.9895483],[5.7917556,49.989389],[5.7917368,49.9893131]]}},{"type":"Feature","properties":{"h":"service","c":4},"geometry":{"type":"LineString","coordinates":[[5.7909399,49.9895798],[5.7917534,49.9895483],[5.7919491,49.989541]]}},{"type":"Feature","properties":{"h":"secondary","c":2},"geometry":{"type":"LineString","coordinates":[[5.7924763,49.9923923],[5.7923793,49.9923859],[5.7918037,49.9923648]]}},{"type":"Feature","properties":{"h":"service","c":4},"geometry":{"type":"LineString","coordinates":[[5.784474,49.9903903],[5.7846531,49.9902107],[5.7848409,49.9900874],[5.7850917,49.9900546],[5.785144,49.9900598]]}},{"type":"Feature","properties":{"h":"service","c":4},"geometry":{"type":"LineString","coordinates":[[5.784284,49.9903119],[5.7844466,49.9900926],[5.7845896,49.9896355]]}},{"type":"Feature","properties":{"h":"track","c":4},"geometry":{"type":"LineString","coordinates":[[5.7469685,49.9857026],[5.7465188,49.9858427],[5.7465843,49.9860126],[5.7465832,49.9860451],[5.7465644,49.9860692],[5.7465202,49.9860986],[5.7463995,49.9861494]]}},{"type":"Feature","properties":{"h":"track","c":4},"geometry":{"type":"LineString","coordinates":[[5.7458144,49.985694],[5.7460897,49.985594],[5.7461475,49.9855445],[5.7465984,49.9854268],[5.746688,49.9853942]]}},{"type":"Feature","properties":{"h":"service","c":4},"geometry":{"type":"LineString","coordinates":[[5.7437116,49.9889978],[5.7439949,49.9886508],[5.7440364,49.9885748]]}},{"type":"Feature","properties":{"h":"track","c":4},"geometry":{"type":"LineString","coordinates":[[5.6916312,49.9872105],[5.691936,49.9871563],[5.6924977,49.9865111]]}},{"type":"Feature","properties":{"h":"track","c":4},"geometry":{"type":"LineString","coordinates":[[5.6907308,49.9917403],[5.690613,49.9916844],[5.6898542,49.991501]]}},{"type":"Feature","properties":{"h":"service","c":4},"geometry":{"type":"LineString","coordinates":[[5.7023952,50.0171093],[5.7025332,50.0173299],[5.7027159,50.0174988],[5.7028355,50.0175132]]}},{"type":"Feature","properties":{"h":"service","c":4},"geometry":{"type":"LineString","coordinates":[[5.7037726,50.0179776],[5.7034282,50.0184421],[5.7034598,50.0186397],[5.7035124,50.0188632]]}},{"type":"Feature","properties":{"h":"track","c":4},"geometry":{"type":"LineString","coordinates":[[5.7020247,50.0189937],[5.7017641,50.0187963],[5.7015591,50.0187138]]}},{"type":"Feature","properties":{"h":"service","c":4},"geometry":{"type":"LineString","coordinates":[[5.7020247,50.0189937],[5.7019062,50.0190132],[5.7018051,50.0190773],[5.7017094,50.0192845]]}},{"type":"Feature","properties":{"h":"service","c":4},"geometry":{"type":"LineString","coordinates":[[5.7056676,50.0218402],[5.7053814,50.0217776],[5.7052521,50.0217769],[5.7050958,50.0218018]]}},{"type":"Feature","properties":{"h":"service","c":4},"geometry":{"type":"LineString","coordinates":[[5.7050673,50.0202473],[5.7056261,50.0203312]]}},{"type":"Feature","properties":{"h":"track","c":4},"geometry":{"type":"LineString","coordinates":[[5.704377,50.0200537],[5.7043934,50.0198377],[5.7044617,50.0196656],[5.7044945,50.019569],[5.7045489,50.0195194]]}},{"type":"Feature","properties":{"h":"primary","c":1},"geometry":{"type":"LineString","coordinates":[[5.7323361,50.0239469],[5.733148,50.0248594],[5.7365001,50.0286611],[5.7371551,50.0294084],[5.7381375,50.030525],[5.738829,50.0313107],[5.7391237,50.031646],[5.7394507,50.0320177],[5.7441934,50.0373906]]}},{"type":"Feature","properties":{"h":"primary","c":1},"geometry":{"type":"LineString","coordinates":[[5.7240563,50.0137912],[5.7240795,50.0138413],[5.7241684,50.0140402],[5.7243005,50.0143301],[5.7244153,50.014582]]}},{"type":"Feature","properties":{"h":"service","c":4},"geometry":{"type":"LineString","coordinates":[[5.7225563,50.0140213],[5.7231427,50.0139127],[5.7232404,50.0139196]]}},{"type":"Feature","properties":{"h":"service","c":4},"geometry":{"type":"LineString","coordinates":[[5.7241684,50.0140402],[5.7240098,50.0142592]]}},{"type":"Feature","properties":{"h":"service","c":4},"geometry":{"type":"LineString","coordinates":[[5.7240098,50.0142592],[5.7234806,50.0143662],[5.7233538,50.0143055]]}},{"type":"Feature","properties":{"h":"service","c":4},"geometry":{"type":"LineString","coordinates":[[5.7233538,50.0143055],[5.7231874,50.0139558],[5.7232404,50.0139196],[5.7233886,50.0138185],[5.7237961,50.0136213],[5.723948,50.0135565]]}},{"type":"Feature","properties":{"h":"service","c":4},"geometry":{"type":"LineString","coordinates":[[5.7354224,50.0170546],[5.7352328,50.016298]]}},{"type":"Feature","properties":{"h":"service","c":4},"geometry":{"type":"LineString","coordinates":[[5.7285644,50.0165775],[5.7284834,50.0165758],[5.7282262,50.0166588]]}},{"type":"Feature","properties":{"h":"residential","c":3},"geometry":{"type":"LineString","coordinates":[[5.7292181,50.0174986],[5.7293118,50.0176017],[5.7295444,50.0176523],[5.72984,50.0177385],[5.7300646,50.0178702],[5.7302262,50.0179892],[5.7303405,50.0181817],[5.7305223,50.0185066]]}},{"type":"Feature","properties":{"h":"service","c":4},"geometry":{"type":"LineString","coordinates":[[5.7390368,50.0312353],[5.7390696,50.0311412],[5.7394628,50.0309877],[5.7396016,50.0310385],[5.7399292,50.0308701]]}},{"type":"Feature","properties":{"h":"service","c":4},"geometry":{"type":"LineString","coordinates":[[5.7393529,50.0315164],[5.7400102,50.0312019]]}},{"type":"Feature","properties":{"h":"service","c":4},"geometry":{"type":"LineString","coordinates":[[5.738829,50.0313107],[5.7390368,50.0312353],[5.7393529,50.0315164],[5.7391237,50.031646]]}},{"type":"Feature","properties":{"h":"service","c":4},"geometry":{"type":"LineString","coordinates":[[5.7394507,50.0320177],[5.7398868,50.0317764]]}},{"type":"Feature","properties":{"h":"service","c":4},"geometry":{"type":"LineString","coordinates":[[5.7381375,50.030525],[5.7391968,50.0299922]]}},{"type":"Feature","properties":{"h":"residential","c":3},"geometry":{"type":"LineString","coordinates":[[5.7772341,50.0059131],[5.7772012,50.0058773],[5.7771428,50.005847],[5.7770596,50.0058333],[5.7767495,50.0058293],[5.7764933,50.005804]]}},{"type":"Feature","properties":{"h":"service","c":4},"geometry":{"type":"LineString","coordinates":[[5.7681513,50.0062859],[5.7681024,50.006202],[5.7679922,50.006154],[5.7676171,50.0060901]]}},{"type":"Feature","properties":{"h":"track","c":4},"geometry":{"type":"LineString","coordinates":[[5.7630787,50.0049186],[5.7631739,50.0048736],[5.764413,50.0050021],[5.7645093,50.005095]]}},{"type":"Feature","properties":{"h":"track","c":4},"geometry":{"type":"LineString","coordinates":[[5.7621182,50.0049625],[5.7624775,50.0049641],[5.7626868,50.0048557],[5.7628405,50.0048426],[5.7630787,50.0049186],[5.7631017,50.004926],[5.7630831,50.005045],[5.7633295,50.0051105]]}},{"type":"Feature","properties":{"h":"service","c":4},"geometry":{"type":"LineString","coordinates":[[5.7048662,49.987707],[5.7048938,49.9876183],[5.7049429,49.9875512],[5.7053257,49.9867335]]}},{"type":"Feature","properties":{"h":"service","c":4},"geometry":{"type":"LineString","coordinates":[[5.7062406,49.9866594],[5.7065282,49.9860408]]}},{"type":"Feature","properties":{"h":"service","c":4},"geometry":{"type":"LineString","coordinates":[[5.7051309,49.9885393],[5.7054635,49.9878069]]}},{"type":"Feature","properties":{"h":"service","c":4},"geometry":{"type":"LineString","coordinates":[[5.7073784,49.9914674],[5.7076342,49.991641],[5.7071365,49.9920073]]}},{"type":"Feature","properties":{"h":"service","c":4},"geometry":{"type":"LineString","coordinates":[[5.7082815,49.9923026],[5.7083606,49.9921674],[5.7086597,49.9918273],[5.7088723,49.9916961],[5.7091957,49.9915705],[5.7094134,49.9915323],[5.7094484,49.9915495]]}},{"type":"Feature","properties":{"h":"service","c":4},"geometry":{"type":"LineString","coordinates":[[5.7073769,49.9922132],[5.7074174,49.992156],[5.7074633,49.9920907],[5.707785,49.9918957],[5.7078305,49.9918779],[5.7080451,49.9918506]]}},{"type":"Feature","properties":{"h":"track","c":4},"geometry":{"type":"LineString","coordinates":[[5.7056757,49.9901872],[5.7057021,49.9901302],[5.7058139,49.9898888],[5.7059396,49.989829],[5.7063702,49.9899173],[5.7063113,49.9901535],[5.706288,49.9902467]]}},{"type":"Feature","properties":{"h":"service","c":4},"geometry":{"type":"LineString","coordinates":[[5.7422911,50.0028896],[5.7425817,50.002901],[5.7427996,50.002935],[5.7428383,50.0030332]]}},{"type":"Feature","properties":{"h":"service","c":4},"geometry":{"type":"LineString","coordinates":[[5.7439879,50.0025816],[5.7439073,50.0027178],[5.7439053,50.0027884],[5.7437681,50.0030349],[5.7439439,50.0031397]]}},{"type":"Feature","properties":{"h":"tertiary","c":2},"geometry":{"type":"LineString","coordinates":[[5.7360423,50.0040566],[5.7367792,50.0040566],[5.737027,50.0040409],[5.7374732,50.0040126],[5.7383901,50.00393],[5.7387453,50.0039038],[5.7391587,50.0038732],[5.7399067,50.0037978],[5.7404139,50.0037324],[5.7408578,50.0036326],[5.7410463,50.003572],[5.7413376,50.0034255],[5.7419632,50.0030929],[5.7422911,50.0028896],[5.7423626,50.0028453]]}},{"type":"Feature","properties":{"h":"service","c":4},"geometry":{"type":"LineString","coordinates":[[5.7224656,49.9836594],[5.7224445,49.9838005],[5.7224617,49.9840974],[5.7223625,49.9840988],[5.722329,49.983865],[5.7223169,49.9836544]]}},{"type":"Feature","properties":{"h":"service","c":4},"geometry":{"type":"LineString","coordinates":[[5.7225761,49.9877873],[5.722477,49.98735]]}},{"type":"Feature","properties":{"h":"service","c":4},"geometry":{"type":"LineString","coordinates":[[5.7215173,49.9874377],[5.7218253,49.9874096],[5.722477,49.98735],[5.7229073,49.9873107]]}},{"type":"Feature","properties":{"h":"service","c":4},"geometry":{"type":"LineString","coordinates":[[5.7196897,49.9847304],[5.7203116,49.984742],[5.7208147,49.9847705]]}},{"type":"Feature","properties":{"h":"primary","c":1},"geometry":{"type":"LineString","coordinates":[[5.7437455,49.9915857],[5.7398965,49.9922718]]}},{"type":"Feature","properties":{"h":"service","c":4},"geometry":{"type":"LineString","coordinates":[[5.7351693,49.993837],[5.7357738,49.9940495],[5.7358302,49.9940785]]}},{"type":"Feature","properties":{"h":"service","c":4},"geometry":{"type":"LineString","coordinates":[[5.705098,50.0075016],[5.7051128,50.007455],[5.7051076,50.007405],[5.7050743,50.007375],[5.7050099,50.007366],[5.7049447,50.0073888],[5.7049248,50.007435],[5.7049566,50.0074807],[5.7050329,50.0075041],[5.705098,50.0075016],[5.7052186,50.0075489],[5.7060247,50.0078975]]}},{"type":"Feature","properties":{"h":"residential","c":3},"geometry":{"type":"LineString","coordinates":[[5.7026925,50.0057745],[5.7024507,50.0063833]]}},{"type":"Feature","properties":{"h":"unclassified","c":3},"geometry":{"type":"LineString","coordinates":[[5.7433866,50.048361],[5.7433321,50.0482783],[5.7432498,50.048166],[5.7431866,50.0480567],[5.7429922,50.04767]]}},{"type":"Feature","properties":{"h":"service","c":4},"geometry":{"type":"LineString","coordinates":[[5.697191,50.0039402],[5.6972021,50.0037493],[5.6964762,50.0035875],[5.696484,50.0034856],[5.6967877,50.0034708]]}},{"type":"Feature","properties":{"h":"service","c":4},"geometry":{"type":"LineString","coordinates":[[5.7091945,50.001736],[5.7091926,50.0017036],[5.7091753,50.001408]]}},{"type":"Feature","properties":{"h":"service","c":4},"geometry":{"type":"LineString","coordinates":[[5.7085895,50.0015354],[5.7090086,50.0015223]]}},{"type":"Feature","properties":{"h":"service","c":4},"geometry":{"type":"LineString","coordinates":[[5.7086176,50.0017655],[5.708604,50.0017203],[5.7085895,50.0015354],[5.7085717,50.0013872]]}},{"type":"Feature","properties":{"h":"service","c":4},"geometry":{"type":"LineString","coordinates":[[5.712155,50.005598],[5.712309,50.005609],[5.712733,50.005507],[5.713034,50.00548],[5.713232,50.005418],[5.713656,50.005201],[5.7137555,50.0051211]]}},{"type":"Feature","properties":{"h":"service","c":4},"geometry":{"type":"LineString","coordinates":[[5.7034134,49.9931604],[5.7039328,49.9927899]]}},{"type":"Feature","properties":{"h":"service","c":4},"geometry":{"type":"LineString","coordinates":[[5.7062622,49.9956173],[5.7068414,49.9952479]]}},{"type":"Feature","properties":{"h":"track","c":4},"geometry":{"type":"LineString","coordinates":[[5.7096012,49.9964553],[5.7097849,49.9963451],[5.7099276,49.9962733],[5.7100008,49.9962757],[5.7104929,49.9965756],[5.7106081,49.996565],[5.7107087,49.996565],[5.7107911,49.9966073],[5.7109502,49.9967472],[5.7112447,49.9970601],[5.7112814,49.9970531]]}},{"type":"Feature","properties":{"h":"service","c":4},"geometry":{"type":"LineString","coordinates":[[5.7098188,49.9943063],[5.7097748,49.9940521],[5.7097354,49.9940288]]}},{"type":"Feature","properties":{"h":"service","c":4},"geometry":{"type":"LineString","coordinates":[[5.7211589,50.0004061],[5.7212957,50.0006096]]}},{"type":"Feature","properties":{"h":"service","c":4},"geometry":{"type":"LineString","coordinates":[[5.7212957,50.0006096],[5.7213098,50.0009464],[5.7214915,50.0009146]]}},{"type":"Feature","properties":{"h":"service","c":4},"geometry":{"type":"LineString","coordinates":[[5.7212806,50.0012208],[5.7213098,50.0009464]]}},{"type":"Feature","properties":{"h":"service","c":4},"geometry":{"type":"LineString","coordinates":[[5.7210781,49.999752],[5.7212524,49.9998631],[5.7215877,49.9999649],[5.7218693,49.99997],[5.7221389,49.999958],[5.7222651,49.9999206]]}},{"type":"Feature","properties":{"h":"service","c":4},"geometry":{"type":"LineString","coordinates":[[5.7236233,50.0022219],[5.7239366,50.001975]]}},{"type":"Feature","properties":{"h":"service","c":4},"geometry":{"type":"LineString","coordinates":[[5.7232708,50.002407],[5.7236233,50.0022219]]}},{"type":"Feature","properties":{"h":"service","c":4},"geometry":{"type":"LineString","coordinates":[[5.718371,50.0015386],[5.718544,50.0014825],[5.7188434,50.0013593],[5.7188708,50.0013362]]}},{"type":"Feature","properties":{"h":"service","c":4},"geometry":{"type":"LineString","coordinates":[[5.7156586,49.9981847],[5.7153191,49.9987045]]}},{"type":"Feature","properties":{"h":"service","c":4},"geometry":{"type":"LineString","coordinates":[[5.7161759,49.9988449],[5.7164591,49.9983831]]}},{"type":"Feature","properties":{"h":"service","c":4},"geometry":{"type":"LineString","coordinates":[[5.7159715,49.998793],[5.7162678,49.9983401]]}},{"type":"Feature","properties":{"h":"service","c":4},"geometry":{"type":"LineString","coordinates":[[5.7155665,49.9986998],[5.7158525,49.9982371]]}},{"type":"Feature","properties":{"h":"service","c":4},"geometry":{"type":"LineString","coordinates":[[5.7157667,49.9987336],[5.7160649,49.9982865]]}},{"type":"Feature","properties":{"h":"service","c":4},"geometry":{"type":"LineString","coordinates":[[5.7160649,49.9982865],[5.7158525,49.9982371],[5.7156586,49.9981847]]}},{"type":"Feature","properties":{"h":"service","c":4},"geometry":{"type":"LineString","coordinates":[[5.7166457,49.998425],[5.7164591,49.9983831],[5.7162678,49.9983401],[5.7160649,49.9982865]]}},{"type":"Feature","properties":{"h":"service","c":4},"geometry":{"type":"LineString","coordinates":[[5.6925243,49.9997807],[5.6920061,49.9993228]]}},{"type":"Feature","properties":{"h":"track","c":4},"geometry":{"type":"LineString","coordinates":[[5.6927508,49.9995732],[5.6923707,49.9992419],[5.6922754,49.999187]]}},{"type":"Feature","properties":{"h":"service","c":4},"geometry":{"type":"LineString","coordinates":[[5.6922612,49.9987614],[5.6923291,49.998355]]}},{"type":"Feature","properties":{"h":"service","c":4},"geometry":{"type":"LineString","coordinates":[[5.6933547,49.9988905],[5.6932766,49.9988219],[5.6926787,49.9987825],[5.6922612,49.9987614],[5.6902153,49.9986579]]}},{"type":"Feature","properties":{"h":"service","c":4},"geometry":{"type":"LineString","coordinates":[[5.6860356,49.9995127],[5.6877215,49.9995899],[5.6885415,49.9996368],[5.688617,49.9996468],[5.6895437,49.999687],[5.6896635,49.9996435],[5.6897155,49.9993741]]}},{"type":"Feature","properties":{"h":"service","c":4},"geometry":{"type":"LineString","coordinates":[[5.6897155,49.9993741],[5.6897598,49.9991766],[5.6898249,49.9983082],[5.6897494,49.9982496],[5.6887107,49.9982011],[5.6885415,49.9996368]]}},{"type":"Feature","properties":{"h":"service","c":4},"geometry":{"type":"LineString","coordinates":[[5.691972,49.99934],[5.6918241,49.9992804],[5.6897598,49.9991766]]}},{"type":"Feature","properties":{"h":"service","c":4},"geometry":{"type":"LineString","coordinates":[[5.6897064,49.9999998],[5.6898092,50.0003362]]}},{"type":"Feature","properties":{"h":"service","c":4},"geometry":{"type":"LineString","coordinates":[[5.6882031,50.0010055],[5.6880157,50.0001707]]}},{"type":"Feature","properties":{"h":"service","c":4},"geometry":{"type":"LineString","coordinates":[[5.6881175,50.0001681],[5.6882786,50.0007813],[5.6887992,50.0007595]]}},{"type":"Feature","properties":{"h":"service","c":4},"geometry":{"type":"LineString","coordinates":[[5.6854646,50.0006441],[5.6855453,50.0001722],[5.6864538,50.0002375],[5.6864873,50.0001813]]}},{"type":"Feature","properties":{"h":"service","c":4},"geometry":{"type":"LineString","coordinates":[[5.7078574,49.9862811],[5.7078904,49.9862021],[5.707958,49.9860606],[5.7079512,49.9859926],[5.7079149,49.9859339],[5.7078427,49.9858502],[5.7065821,49.9856209],[5.7065418,49.9856709],[5.7063819,49.9860144]]}},{"type":"Feature","properties":{"h":"track","c":4},"geometry":{"type":"LineString","coordinates":[[5.7097132,49.986643],[5.7098812,49.9864987],[5.7108387,49.9866987],[5.7109085,49.9865625]]}},{"type":"Feature","properties":{"h":"tertiary","c":2},"geometry":{"type":"LineString","coordinates":[[5.6823848,50.0487446],[5.6818294,50.048514],[5.6812465,50.0482827],[5.6807452,50.0480452],[5.6803038,50.0477989],[5.6799789,50.0475963],[5.6795976,50.0472998],[5.6783197,50.0463367],[5.6782513,50.0462486],[5.6781367,50.0461217]]}},{"type":"Feature","properties":{"h":"track","c":4},"geometry":{"type":"LineString","coordinates":[[5.6978731,50.0637958],[5.6979012,50.0640455],[5.6979267,50.0642641],[5.697865,50.0646119],[5.6977376,50.0650545],[5.6976048,50.0653798],[5.6974224,50.0658946],[5.6974063,50.0659657]]}},{"type":"Feature","properties":{"h":"track","c":4},"geometry":{"type":"LineString","coordinates":[[5.7213248,50.055147],[5.72165,50.0548064],[5.7219407,50.0545232],[5.7221318,50.0543665],[5.7224204,50.0541616],[5.7226095,50.0540377],[5.7229815,50.0538092],[5.7234754,50.0535169],[5.7239389,50.0532402],[5.7244389,50.0529464],[5.7246866,50.052793],[5.7248474,50.0526926]]}},{"type":"Feature","properties":{"h":"track","c":4},"geometry":{"type":"LineString","coordinates":[[5.7184785,50.0610097],[5.7185096,50.0610903],[5.7187971,50.0620429],[5.7189976,50.0623327],[5.7191666,50.0625117],[5.7192899,50.0625933],[5.7193616,50.0626219]]}},{"type":"Feature","properties":{"h":"track","c":4},"geometry":{"type":"LineString","coordinates":[[5.7192811,50.0626765],[5.7191852,50.0627768],[5.7189173,50.0631737],[5.7178544,50.0638263],[5.7177456,50.0639297],[5.7176113,50.064132],[5.7174721,50.0643408]]}},{"type":"Feature","properties":{"h":"track","c":4},"geometry":{"type":"LineString","coordinates":[[5.7090973,50.0446965],[5.7090003,50.0447185],[5.7089377,50.0447107],[5.7089196,50.0446693],[5.7089499,50.0446109],[5.7089986,50.0445861]]}},{"type":"Feature","properties":{"h":"track","c":4},"geometry":{"type":"LineString","coordinates":[[5.7092644,50.0450896],[5.7093517,50.0449921],[5.709382,50.0449441],[5.7094286,50.0450283],[5.7095537,50.0451111],[5.709627,50.0451445],[5.7098353,50.0452066],[5.7099413,50.0452048],[5.7099998,50.045127],[5.7099857,50.0450479],[5.7098403,50.0448871],[5.7096909,50.0447043],[5.7096061,50.0445863],[5.7095637,50.0445007],[5.7094769,50.0444086],[5.7094062,50.0443088],[5.7093597,50.0441908],[5.7093456,50.0441376],[5.7093173,50.0441143],[5.7092547,50.0440728],[5.70918,50.0440559],[5.7091114,50.0440365],[5.7090973,50.0440028],[5.7091477,50.043947],[5.709176,50.0438835],[5.7091296,50.043794],[5.7090246,50.0436501],[5.7089135,50.0435022],[5.7088186,50.0433388],[5.70875,50.0432494],[5.7086914,50.0431832],[5.7086813,50.043134],[5.7085864,50.0430626],[5.7084531,50.0430224],[5.7083461,50.0430289],[5.7082714,50.0430678],[5.7082129,50.0431093],[5.7081119,50.0431249],[5.7080271,50.0431443],[5.7079887,50.0431703],[5.7080251,50.0431936],[5.7081159,50.0431936],[5.7082169,50.0431871],[5.708229,50.0432066],[5.7082209,50.0432481],[5.7081967,50.0432714],[5.7081442,50.043274],[5.7080231,50.0432805],[5.7079726,50.0432883],[5.7079544,50.0433285],[5.7079887,50.0433739],[5.708015,50.0433946],[5.7081382,50.0433907],[5.708229,50.0433739],[5.7083118,50.0433557],[5.7083805,50.0433181],[5.7084612,50.0432844],[5.70854,50.0432714],[5.7086106,50.0432857],[5.7086712,50.0433129],[5.7087479,50.0433531],[5.7087237,50.0433959],[5.7086874,50.0434128],[5.7085319,50.0434309],[5.7083522,50.043453],[5.708229,50.0434867],[5.7081099,50.043523],[5.7080554,50.0435645],[5.7080574,50.043606],[5.7081301,50.0436591],[5.7082432,50.0437019],[5.7083158,50.0437201],[5.7084168,50.0437214],[5.7085622,50.0437421],[5.7086147,50.0437719],[5.7085985,50.0438083],[5.7084733,50.0438212],[5.7083724,50.0438368],[5.7083057,50.0438886],[5.708332,50.0439288],[5.7084087,50.0439703],[5.7084895,50.043982],[5.7086167,50.043982],[5.7087237,50.0439716],[5.7088085,50.0439703],[5.7089176,50.0439924],[5.70897,50.0440157],[5.7089923,50.0440585],[5.70896,50.0440832],[5.7088691,50.0440961],[5.7087702,50.0440832],[5.7086389,50.0440806],[5.7085743,50.0441052],[5.7085682,50.0441661],[5.7086248,50.0441973],[5.7087399,50.0441986],[5.7088852,50.0441428],[5.7090286,50.0441324],[5.7090892,50.0441493],[5.7091134,50.0441869],[5.7090851,50.0442478],[5.7090024,50.0442595],[5.7088913,50.044266],[5.7087964,50.0442997],[5.7087702,50.0443243],[5.7087614,50.0443427],[5.7087627,50.0443733],[5.7088025,50.0444255],[5.708863,50.0444825],[5.7089173,50.0445042],[5.7090084,50.0445121],[5.7091598,50.0444722],[5.7092689,50.0444579],[5.7093194,50.0444605],[5.7093335,50.044502],[5.7093355,50.0445344],[5.7092911,50.0445577],[5.7092164,50.0445642],[5.7090851,50.0445655],[5.7090307,50.0445745],[5.7089986,50.0445861],[5.7090024,50.0446044],[5.7090387,50.0446706],[5.7090973,50.0446965],[5.7092002,50.0446861],[5.7093072,50.0447004],[5.7093799,50.0447509],[5.7094042,50.0447898],[5.7094183,50.0448417],[5.7093941,50.0449273],[5.709382,50.0449441]]}},{"type":"Feature","properties":{"h":"track","c":4},"geometry":{"type":"LineString","coordinates":[[5.7097307,50.0378273],[5.7102088,50.038138],[5.7104541,50.0382903],[5.7110181,50.038951],[5.7113997,50.039323],[5.7120022,50.0396562],[5.7126899,50.0399182],[5.7138737,50.0402947]]}},{"type":"Feature","properties":{"h":"track","c":4},"geometry":{"type":"LineString","coordinates":[[5.716347,50.0307404],[5.7161899,50.0306512],[5.7153795,50.030075],[5.7149441,50.0297535],[5.7145266,50.0294649],[5.7143186,50.0293512],[5.71349,50.0290522],[5.7125003,50.0287181],[5.7122004,50.0286133],[5.7119158,50.0284825],[5.7116147,50.0283097],[5.7113749,50.0281415],[5.711195,50.0279915],[5.7109739,50.0277767],[5.7107775,50.0275695],[5.710639,50.0273721],[5.710537,50.02718],[5.7101925,50.026339],[5.7099832,50.0258713],[5.7098852,50.0256865],[5.7097088,50.0254448]]}},{"type":"Feature","properties":{"h":"track","c":4},"geometry":{"type":"LineString","coordinates":[[5.7368892,50.0517026],[5.7374169,50.0520739],[5.7376021,50.0522218],[5.7380058,50.052557],[5.7381464,50.0526539],[5.7384806,50.0528572]]}},{"type":"Feature","properties":{"h":"unclassified","c":3},"geometry":{"type":"LineString","coordinates":[[5.7387768,50.0536673],[5.7386255,50.0537604]]}},{"type":"Feature","properties":{"h":"track","c":4},"geometry":{"type":"LineString","coordinates":[[5.7393982,50.0533513],[5.7392632,50.0533867],[5.7390792,50.0534839],[5.7389279,50.0535731],[5.7387768,50.0536673]]}},{"type":"Feature","properties":{"h":"track","c":4},"geometry":{"type":"LineString","coordinates":[[5.7371712,50.0524659],[5.7376021,50.0522218]]}},{"type":"Feature","properties":{"h":"residential","c":3},"geometry":{"type":"LineString","coordinates":[[5.7376463,50.0528858],[5.7378257,50.0528174],[5.7379915,50.0527405],[5.7380893,50.0526854],[5.7381464,50.0526539]]}},{"type":"Feature","properties":{"h":"track","c":4},"geometry":{"type":"LineString","coordinates":[[5.7653147,50.0193627],[5.7652802,50.0193316],[5.7652178,50.019316],[5.764643,50.0192067]]}},{"type":"Feature","properties":{"h":"track","c":4},"geometry":{"type":"LineString","coordinates":[[5.778727,50.0401535],[5.7778686,50.0399996]]}},{"type":"Feature","properties":{"h":"service","c":4},"geometry":{"type":"LineString","coordinates":[[5.7193252,50.0022624],[5.7195163,50.0022351]]}},{"type":"Feature","properties":{"h":"service","c":4},"geometry":{"type":"LineString","coordinates":[[5.7041847,49.9915297],[5.7040206,49.9916997]]}},{"type":"Feature","properties":{"h":"service","c":4},"geometry":{"type":"LineString","coordinates":[[5.7043827,49.9916187],[5.7042097,49.9917808]]}},{"type":"Feature","properties":{"h":"service","c":4},"geometry":{"type":"LineString","coordinates":[[5.7045825,49.9917104],[5.7044175,49.9918713]]}},{"type":"Feature","properties":{"h":"service","c":4},"geometry":{"type":"LineString","coordinates":[[5.7048118,49.9918144],[5.7045825,49.9917104],[5.7043827,49.9916187],[5.7041847,49.9915297],[5.7041198,49.9915005]]}},{"type":"Feature","properties":{"h":"track","c":4},"geometry":{"type":"LineString","coordinates":[[5.779783,50.0419173],[5.7757178,50.0419317],[5.7755631,50.0420582],[5.7754713,50.0422406],[5.7761875,50.0426912],[5.7763057,50.0428373],[5.7763892,50.0433054],[5.7763385,50.0438842],[5.7763548,50.0440262],[5.7763391,50.0441459],[5.7762851,50.0444033],[5.7762955,50.0449209],[5.776288,50.0451876],[5.7762665,50.0453337],[5.7762526,50.0454441],[5.7762741,50.0455115],[5.7763297,50.045574],[5.7764321,50.0456227],[5.7764791,50.0456423]]}},{"type":"Feature","properties":{"h":"track","c":4},"geometry":{"type":"LineString","coordinates":[[5.7646397,50.0313717],[5.7644124,50.0312598],[5.7636993,50.0309491],[5.7633466,50.0308094],[5.7628953,50.0306391],[5.7623467,50.0304437],[5.7612961,50.0301101],[5.7602118,50.0298612],[5.7597823,50.0297507],[5.7594075,50.0296289]]}},{"type":"Feature","properties":{"h":"unclassified","c":3},"geometry":{"type":"LineString","coordinates":[[5.7657007,50.0653745],[5.7652279,50.065163],[5.7649593,50.0650277],[5.7647511,50.0649058],[5.7644217,50.0646797],[5.7644117,50.0646174],[5.764407,50.0645884]]}},{"type":"Feature","properties":{"h":"service","c":4},"geometry":{"type":"LineString","coordinates":[[5.7326379,50.0086999],[5.7326867,50.0085813],[5.732739,50.0084994],[5.7328134,50.0084253],[5.7332332,50.0080174]]}},{"type":"Feature","properties":{"h":"service","c":4},"geometry":{"type":"LineString","coordinates":[[5.7355487,50.0064513],[5.7358785,50.0065419],[5.7363816,50.0065266],[5.7367828,50.0065266],[5.7368969,50.0065921]]}},{"type":"Feature","properties":{"h":"residential","c":3},"geometry":{"type":"LineString","coordinates":[[5.7026925,50.0057745],[5.7051371,50.0063041]]}},{"type":"Feature","properties":{"h":"unclassified","c":3},"geometry":{"type":"LineString","coordinates":[[5.7160269,50.0056051],[5.7160313,50.0055749],[5.7160138,50.0055384],[5.71566,50.0052303]]}},{"type":"Feature","properties":{"h":"unclassified","c":3},"geometry":{"type":"LineString","coordinates":[[5.708318,50.0006756],[5.7089215,50.000887],[5.7095566,50.0009706]]}},{"type":"Feature","properties":{"h":"service","c":4},"geometry":{"type":"LineString","coordinates":[[5.7111365,50.0018413],[5.7110975,50.0021893],[5.7109507,50.0024328]]}},{"type":"Feature","properties":{"h":"track","c":4},"geometry":{"type":"LineString","coordinates":[[5.6882202,50.0100791],[5.6887041,50.0103858],[5.6891393,50.010889],[5.6893712,50.0112226],[5.6894687,50.0114267],[5.689383,50.0115196],[5.6890856,50.0116697],[5.6887848,50.0117895],[5.6886823,50.0118543],[5.688689,50.0119407],[5.6887466,50.011981]]}},{"type":"Feature","properties":{"h":"secondary","c":2},"geometry":{"type":"LineString","coordinates":[[5.7235016,50.0059849],[5.7233799,50.0059344]]}},{"type":"Feature","properties":{"h":"residential","c":3},"geometry":{"type":"LineString","coordinates":[[5.7233064,50.0087568],[5.723803,50.0090519],[5.7239333,50.0091769]]}},{"type":"Feature","properties":{"h":"service","c":4},"geometry":{"type":"LineString","coordinates":[[5.7228645,50.0101318],[5.7224151,50.0102182]]}},{"type":"Feature","properties":{"h":"tertiary","c":2},"geometry":{"type":"LineString","coordinates":[[5.6877478,50.0509621],[5.6834481,50.0491839],[5.6823848,50.0487446]]}},{"type":"Feature","properties":{"h":"unclassified","c":3},"geometry":{"type":"LineString","coordinates":[[5.6877478,50.0509621],[5.6877362,50.0510005],[5.6876653,50.0512036]]}},{"type":"Feature","properties":{"h":"unclassified","c":3},"geometry":{"type":"LineString","coordinates":[[5.6872635,50.0513609],[5.6876768,50.0514724]]}},{"type":"Feature","properties":{"h":"secondary","c":2},"geometry":{"type":"LineString","coordinates":[[5.689829,50.0523875],[5.6896468,50.0522203],[5.6892229,50.0519437]]}},{"type":"Feature","properties":{"h":"secondary","c":2},"geometry":{"type":"LineString","coordinates":[[5.6900633,50.0528458],[5.6899945,50.0526892],[5.6899091,50.0525134],[5.689829,50.0523875]]}},{"type":"Feature","properties":{"h":"tertiary","c":2},"geometry":{"type":"LineString","coordinates":[[5.691189,50.0531383],[5.6917515,50.0533346],[5.6918755,50.0533933]]}},{"type":"Feature","properties":{"h":"tertiary","c":2},"geometry":{"type":"LineString","coordinates":[[5.6973941,50.0542417],[5.698198,50.0544463],[5.6987303,50.054607],[5.6992475,50.0548148],[5.699716,50.0549908],[5.7001711,50.0551255],[5.7006785,50.0552148],[5.7008957,50.055234],[5.7013884,50.0552571],[5.7020479,50.0552699],[5.7024637,50.0552722]]}},{"type":"Feature","properties":{"h":"tertiary","c":2},"geometry":{"type":"LineString","coordinates":[[5.695958,50.057893],[5.6968883,50.0585641],[5.6975201,50.0591218],[5.6979922,50.0596177],[5.6994125,50.0614153]]}},{"type":"Feature","properties":{"h":"tertiary","c":2},"geometry":{"type":"LineString","coordinates":[[5.7340575,50.0529055],[5.7342137,50.0528487],[5.7352499,50.0524465],[5.7356769,50.0522699],[5.7363857,50.0519611],[5.7364868,50.0519116]]}},{"type":"Feature","properties":{"h":"living_street","c":3},"geometry":{"type":"LineString","coordinates":[[5.7176002,50.0008172],[5.7174817,50.0008472],[5.7173497,50.0008819]]}},{"type":"Feature","properties":{"h":"residential","c":3},"geometry":{"type":"LineString","coordinates":[[5.7173497,50.0008819],[5.7170655,50.0009606],[5.7166553,50.0010723],[5.7161933,50.0012509]]}},{"type":"Feature","properties":{"h":"service","c":4},"geometry":{"type":"LineString","coordinates":[[5.7040729,49.9977545],[5.7038073,49.9975898],[5.7037513,49.9975226]]}},{"type":"Feature","properties":{"h":"track","c":4},"geometry":{"type":"LineString","coordinates":[[5.688719,49.9842073],[5.6897069,49.9830709],[5.6897385,49.9830662],[5.690013,49.9831309]]}},{"type":"Feature","properties":{"h":"unclassified","c":3},"geometry":{"type":"LineString","coordinates":[[5.6923653,49.9895461],[5.6923436,49.9895847],[5.6923523,49.9896274],[5.6926453,49.9900391],[5.6926842,49.9901572],[5.6926963,49.9902667],[5.6926574,49.990453]]}},{"type":"Feature","properties":{"h":"service","c":4},"geometry":{"type":"LineString","coordinates":[[5.6893435,49.992061],[5.6891222,49.9918928],[5.6887615,49.9917859]]}},{"type":"Feature","properties":{"h":"track","c":4},"geometry":{"type":"LineString","coordinates":[[5.7414319,50.0099428],[5.7411287,50.011194],[5.7409339,50.0120283],[5.7408653,50.0121112],[5.740709,50.0122311]]}},{"type":"Feature","properties":{"h":"unclassified","c":3},"geometry":{"type":"LineString","coordinates":[[5.7180975,50.0023387],[5.7179523,50.0022284]]}},{"type":"Feature","properties":{"h":"primary","c":1},"geometry":{"type":"LineString","coordinates":[[5.683403,49.980957],[5.688719,49.9842073],[5.6890782,49.9844269],[5.6920614,49.9862349]]}},{"type":"Feature","properties":{"h":"primary","c":1},"geometry":{"type":"LineString","coordinates":[[5.6946822,49.987831],[5.6968488,49.9891424]]}},{"type":"Feature","properties":{"h":"secondary","c":2},"geometry":{"type":"LineString","coordinates":[[5.6940219,50.0199118],[5.6945022,50.019741]]}},{"type":"Feature","properties":{"h":"trunk","c":1},"geometry":{"type":"LineString","coordinates":[[5.7127792,49.9902773],[5.7106537,49.9913321],[5.7105163,49.9913961],[5.7087437,49.9922838]]}},{"type":"Feature","properties":{"h":"secondary","c":2},"geometry":{"type":"LineString","coordinates":[[5.7224433,50.0055503],[5.722427,50.0055109],[5.722437,50.0054706],[5.7224714,50.0054364]]}},{"type":"Feature","properties":{"h":"trunk","c":1},"geometry":{"type":"LineString","coordinates":[[5.7087545,49.9921589],[5.7104323,49.9913255],[5.7105661,49.9912587],[5.7126132,49.9902572],[5.7130889,49.9899951]]}},{"type":"Feature","properties":{"h":"primary","c":1},"geometry":{"type":"LineString","coordinates":[[5.7202893,49.9831128],[5.7202448,49.9829662],[5.7201103,49.9827578]]}},{"type":"Feature","properties":{"h":"primary","c":1},"geometry":{"type":"LineString","coordinates":[[5.698298,50.0022703],[5.6982844,50.0022948],[5.6982596,50.0023152],[5.6982259,50.0023296],[5.6981869,50.0023363],[5.6981466,50.0023348],[5.6981091,50.0023252],[5.6980783,50.0023084],[5.6980573,50.0022863],[5.698055,50.0022719]]}},{"type":"Feature","properties":{"h":"residential","c":3},"geometry":{"type":"LineString","coordinates":[[5.6981626,50.0024386],[5.6981461,50.0024027],[5.6981229,50.0023544],[5.6981091,50.0023252]]}},{"type":"Feature","properties":{"h":"residential","c":3},"geometry":{"type":"LineString","coordinates":[[5.6982259,50.0023296],[5.6981867,50.0024041],[5.6981626,50.0024386]]}},{"type":"Feature","properties":{"h":"primary","c":1},"geometry":{"type":"LineString","coordinates":[[5.6987298,50.0021809],[5.69886,50.0021749],[5.699127,50.0021557],[5.701415,50.0020589],[5.7015568,50.0020607],[5.7019577,50.0020504],[5.7020476,50.0020439]]}},{"type":"Feature","properties":{"h":"primary","c":1},"geometry":{"type":"LineString","coordinates":[[5.7024996,50.0020956],[5.702479,50.0021292],[5.702443,50.002157],[5.7023952,50.0021761],[5.7023405,50.0021845],[5.7022844,50.0021815],[5.7022327,50.0021673],[5.7021905,50.0021433],[5.7021791,50.0021307]]}},{"type":"Feature","properties":{"h":"primary","c":1},"geometry":{"type":"LineString","coordinates":[[5.7021853,50.0020037],[5.7022289,50.001977],[5.7022609,50.0019654]]}},{"type":"Feature","properties":{"h":"primary","c":1},"geometry":{"type":"LineString","coordinates":[[5.7027031,50.0020473],[5.7025652,50.00208],[5.7024996,50.0020956]]}},{"type":"Feature","properties":{"h":"primary","c":1},"geometry":{"type":"LineString","coordinates":[[5.7024863,50.0020222],[5.7027031,50.0020473]]}},{"type":"Feature","properties":{"h":"residential","c":3},"geometry":{"type":"LineString","coordinates":[[5.7023491,50.0018619],[5.7023559,50.001873],[5.702402,50.0019686]]}},{"type":"Feature","properties":{"h":"residential","c":3},"geometry":{"type":"LineString","coordinates":[[5.7022609,50.0019654],[5.7023418,50.0018723],[5.7023491,50.0018619]]}},{"type":"Feature","properties":{"h":"primary","c":1},"geometry":{"type":"LineString","coordinates":[[5.7020476,50.0020439],[5.7021853,50.0020037]]}},{"type":"Feature","properties":{"h":"primary","c":1},"geometry":{"type":"LineString","coordinates":[[5.7021791,50.0021307],[5.7020745,50.0021071],[5.7019829,50.0020974]]}},{"type":"Feature","properties":{"h":"primary","c":1},"geometry":{"type":"LineString","coordinates":[[5.7021791,50.0021307],[5.7021622,50.0021121],[5.7021507,50.0020767],[5.7021853,50.0020037]]}},{"type":"Feature","properties":{"h":"primary","c":1},"geometry":{"type":"LineString","coordinates":[[5.7024863,50.0020222],[5.702503,50.0020575],[5.7025021,50.0020674],[5.7024996,50.0020956]]}},{"type":"Feature","properties":{"h":"secondary","c":2},"geometry":{"type":"LineString","coordinates":[[5.7225875,50.0056043],[5.7225297,50.0055989],[5.7224791,50.00558],[5.7224433,50.0055503]]}},{"type":"Feature","properties":{"h":"secondary","c":2},"geometry":{"type":"LineString","coordinates":[[5.7224714,50.0054364],[5.7225114,50.0054178],[5.7225585,50.0054084],[5.7226078,50.005409]]}},{"type":"Feature","properties":{"h":"secondary","c":2},"geometry":{"type":"LineString","coordinates":[[5.7226078,50.005409],[5.7226586,50.0054213],[5.7226996,50.0054443],[5.7227256,50.005475],[5.7227332,50.0055096]]}},{"type":"Feature","properties":{"h":"service","c":4},"geometry":{"type":"LineString","coordinates":[[5.7240795,50.0138413],[5.7246483,50.0137307]]}},{"type":"Feature","properties":{"h":"service","c":4},"geometry":{"type":"LineString","coordinates":[[5.7399648,50.0117051],[5.7399815,50.0115292],[5.7401471,50.0108737],[5.7401937,50.0106577],[5.74022,50.010535]]}},{"type":"Feature","properties":{"h":"service","c":4},"geometry":{"type":"LineString","coordinates":[[5.7397731,50.011563],[5.7398849,50.0116376],[5.7399648,50.0117051]]}},{"type":"Feature","properties":{"h":"secondary","c":2},"geometry":{"type":"LineString","coordinates":[[5.7277673,50.007848],[5.7284645,50.0081675],[5.7288976,50.0083662],[5.7294477,50.0085644],[5.7299104,50.0086887]]}},{"type":"Feature","properties":{"h":"service","c":4},"geometry":{"type":"LineString","coordinates":[[5.7250086,50.0155879],[5.7263662,50.0151628]]}},{"type":"Feature","properties":{"h":"service","c":4},"geometry":{"type":"LineString","coordinates":[[5.7087615,49.9982021],[5.7089611,49.9984058],[5.7093239,49.9984161],[5.7093469,49.9986379],[5.709377,49.9987949],[5.7095256,49.9989905],[5.709807,49.9991168],[5.7099485,49.9992101],[5.710037,49.999342],[5.7100282,49.999466],[5.7100317,49.9995809],[5.7101398,49.9996551],[5.7102063,49.9997008]]}},{"type":"Feature","properties":{"h":"tertiary","c":2},"geometry":{"type":"LineString","coordinates":[[5.6849226,49.997526],[5.6817843,49.997352],[5.6800725,49.9972053],[5.6791645,49.997122],[5.6789386,49.9971006]]}},{"type":"Feature","properties":{"h":"tertiary","c":2},"geometry":{"type":"LineString","coordinates":[[5.7219571,49.9901218],[5.7221469,49.9900446]]}},{"type":"Feature","properties":{"h":"residential","c":3},"geometry":{"type":"LineString","coordinates":[[5.7229314,50.0042507],[5.7229311,50.004126]]}},{"type":"Feature","properties":{"h":"tertiary","c":2},"geometry":{"type":"LineString","coordinates":[[5.7620746,50.0229009],[5.7618769,50.0231557],[5.7615011,50.0235926],[5.7612207,50.0238916],[5.7608866,50.0241407],[5.7595288,50.0250223],[5.7587842,50.0255006],[5.7583404,50.0260525],[5.7576101,50.0272023],[5.7572338,50.0278166]]}},{"type":"Feature","properties":{"h":"tertiary","c":2},"geometry":{"type":"LineString","coordinates":[[5.7567507,50.0285528],[5.7566471,50.0287098]]}},{"type":"Feature","properties":{"h":"track","c":4},"geometry":{"type":"LineString","coordinates":[[5.785717,50.0440413],[5.7861773,50.044282],[5.7867715,50.0446425],[5.7874189,50.0450583],[5.7882409,50.0455634],[5.7886474,50.0458016],[5.7888522,50.0459407]]}},{"type":"Feature","properties":{"h":"unclassified","c":3},"geometry":{"type":"LineString","coordinates":[[5.7849811,50.0459518],[5.7850489,50.0459139]]}},{"type":"Feature","properties":{"h":"cycleway","c":4},"geometry":{"type":"LineString","coordinates":[[5.8063663,50.0555944],[5.8055765,50.0554473],[5.805236,50.0554046],[5.8049382,50.055353],[5.8043476,50.0552765],[5.8034235,50.055155],[5.8024981,50.0550303],[5.8016562,50.054916],[5.8008313,50.0548085],[5.8001327,50.0547158],[5.799313,50.0546017],[5.7986039,50.0544831],[5.7980808,50.0543798],[5.7976467,50.0542846],[5.7972895,50.0542019],[5.7970996,50.0541504],[5.796755,50.0540557],[5.7960803,50.0538489],[5.7955646,50.0536781],[5.7947731,50.0533692],[5.7943008,50.0531644],[5.7936042,50.0528127],[5.7930958,50.0525376],[5.7927537,50.0523264],[5.7921236,50.0519202],[5.7919092,50.051755],[5.7917967,50.0516823],[5.7917359,50.0516258],[5.7915281,50.0514717],[5.7912599,50.051246],[5.7909016,50.0509386],[5.7901757,50.0503167],[5.789808,50.0500012],[5.7886519,50.0490115],[5.787955,50.0484177],[5.7874896,50.0480129],[5.7861559,50.0468762],[5.7852036,50.0460534],[5.7850489,50.0459139]]}},{"type":"Feature","properties":{"h":"cycleway","c":4},"geometry":{"type":"LineString","coordinates":[[5.7850489,50.0459139],[5.7828545,50.044035],[5.7825043,50.043753],[5.7819971,50.0433671],[5.7809513,50.0426315],[5.7804822,50.0422975],[5.7799221,50.0418974],[5.7797182,50.041751],[5.7788257,50.0411184],[5.7781143,50.0406214],[5.7773525,50.0400789],[5.7751049,50.0384968]]}},{"type":"Feature","properties":{"h":"secondary","c":2},"geometry":{"type":"LineString","coordinates":[[5.764407,50.0645884],[5.7641331,50.0644934],[5.7634159,50.0642872],[5.7632319,50.0642302],[5.7631809,50.0642053],[5.7629699,50.0641024],[5.7626419,50.063904]]}},{"type":"Feature","properties":{"h":"secondary","c":2},"geometry":{"type":"LineString","coordinates":[[5.7659811,50.0649582],[5.7654763,50.064877],[5.7645925,50.0646548],[5.764407,50.0645884]]}},{"type":"Feature","properties":{"h":"track","c":4},"geometry":{"type":"LineString","coordinates":[[5.6921775,50.0555318],[5.6925219,50.0549569],[5.6927258,50.0544747],[5.6929127,50.0539329]]}},{"type":"Feature","properties":{"h":"tertiary","c":2},"geometry":{"type":"LineString","coordinates":[[5.6954959,49.9979481],[5.6953846,49.9979465],[5.6950157,49.9979631],[5.6942072,49.9980077],[5.6928073,49.9979399],[5.6892893,49.997764],[5.6863225,49.9976036],[5.6849226,49.997526]]}},{"type":"Feature","properties":{"h":"tertiary","c":2},"geometry":{"type":"LineString","coordinates":[[5.6975766,49.9986629],[5.6970202,49.9986775],[5.6968745,49.9986545]]}},{"type":"Feature","properties":{"h":"tertiary","c":2},"geometry":{"type":"LineString","coordinates":[[5.6968745,49.9986545],[5.6967712,49.9986132],[5.6966361,49.9985065]]}},{"type":"Feature","properties":{"h":"secondary","c":2},"geometry":{"type":"LineString","coordinates":[[5.6945022,50.019741],[5.6948342,50.019623]]}},{"type":"Feature","properties":{"h":"secondary","c":2},"geometry":{"type":"LineString","coordinates":[[5.6948342,50.019623],[5.6953886,50.0194258]]}},{"type":"Feature","properties":{"h":"primary","c":1},"geometry":{"type":"LineString","coordinates":[[5.7022609,50.0019654],[5.7023439,50.0019584],[5.702402,50.0019686]]}},{"type":"Feature","properties":{"h":"primary","c":1},"geometry":{"type":"LineString","coordinates":[[5.702402,50.0019686],[5.7024514,50.0019907],[5.7024863,50.0020222]]}},{"type":"Feature","properties":{"h":"service","c":4},"geometry":{"type":"LineString","coordinates":[[5.74022,50.010535],[5.7403017,50.0104988],[5.7403954,50.0104808],[5.7405639,50.0104493]]}},{"type":"Feature","properties":{"h":"trunk","c":1},"geometry":{"type":"LineString","coordinates":[[5.6986675,49.9972715],[5.6965191,49.9983359],[5.6964091,49.9983902],[5.6949669,49.9991052]]}},{"type":"Feature","properties":{"h":"primary","c":1},"geometry":{"type":"LineString","coordinates":[[5.6980686,50.0022114],[5.6980982,50.0021911],[5.6981368,50.0021784],[5.6981798,50.0021749],[5.6982221,50.0021809],[5.6982588,50.0021958]]}},{"type":"Feature","properties":{"h":"primary","c":1},"geometry":{"type":"LineString","coordinates":[[5.6913775,50.0023397],[5.6914386,50.0023321],[5.6915003,50.0023371],[5.6915312,50.0023465],[5.6915565,50.0023542],[5.6916015,50.0023818],[5.6916309,50.002417]]}},{"type":"Feature","properties":{"h":"trunk","c":1},"geometry":{"type":"LineString","coordinates":[[5.701017,49.996107],[5.7002533,49.9964858]]}},{"type":"Feature","properties":{"h":"trunk","c":1},"geometry":{"type":"LineString","coordinates":[[5.7001706,49.9964136],[5.7016618,49.9956742]]}},{"type":"Feature","properties":{"h":"motorway","c":1},"geometry":{"type":"LineString","coordinates":[[5.6857688,50.005847],[5.688372,50.0090199]]}},{"type":"Feature","properties":{"h":"primary","c":1},"geometry":{"type":"LineString","coordinates":[[5.6912586,50.0024179],[5.6912854,50.0023845],[5.6913262,50.0023577],[5.6913775,50.0023397]]}},{"type":"Feature","properties":{"h":"primary","c":1},"geometry":{"type":"LineString","coordinates":[[5.6916309,50.002417],[5.6916418,50.0024559],[5.6916334,50.002495],[5.6916067,50.0025306]]}},{"type":"Feature","properties":{"h":"residential","c":3},"geometry":{"type":"LineString","coordinates":[[5.7034355,49.9880017],[5.7026275,49.9883014]]}},{"type":"Feature","properties":{"h":"residential","c":3},"geometry":{"type":"LineString","coordinates":[[5.7184984,50.0065198],[5.7188644,50.0063819]]}},{"type":"Feature","properties":{"h":"residential","c":3},"geometry":{"type":"LineString","coordinates":[[5.7465061,49.98518],[5.7463541,49.9850259]]}},{"type":"Feature","properties":{"h":"residential","c":3},"geometry":{"type":"LineString","coordinates":[[5.7464786,49.9804262],[5.7465503,49.9803364],[5.7470992,49.9798468],[5.7471955,49.9797507],[5.7473122,49.9795531],[5.7475655,49.9785459],[5.7477656,49.9776916],[5.7478768,49.9773164],[5.7479935,49.9770805],[5.7480964,49.9769645],[5.7482713,49.9768773]]}},{"type":"Feature","properties":{"h":"unclassified","c":3},"geometry":{"type":"LineString","coordinates":[[5.7364389,50.0623142],[5.7363783,50.0626],[5.7363304,50.062719],[5.7362484,50.0628423],[5.7360961,50.0630215],[5.7359432,50.0631728],[5.7358798,50.0632347],[5.7358275,50.0633025]]}},{"type":"Feature","properties":{"h":"track","c":4},"geometry":{"type":"LineString","coordinates":[[5.7335758,50.0697286],[5.7335964,50.0694883],[5.7334837,50.0693059],[5.7330017,50.0688681],[5.7322829,50.0682138],[5.7320039,50.0679556],[5.7314769,50.0673885],[5.7312092,50.0671228],[5.7311413,50.0670496],[5.7305708,50.0664341],[5.7305086,50.0663483],[5.7300022,50.065649],[5.7298194,50.0654041],[5.7295087,50.0649879],[5.728991,50.0645626],[5.7286388,50.0643535],[5.7283178,50.0641493],[5.7282231,50.0640711],[5.7281386,50.0639928],[5.7280903,50.0638632],[5.7279616,50.0636915],[5.72757,50.0632731],[5.7270603,50.0628323],[5.7267143,50.0624862],[5.7260867,50.0617837],[5.7255958,50.0612723],[5.7251426,50.060797],[5.7248448,50.0604062],[5.7245471,50.0600222],[5.7242118,50.0594522],[5.7239597,50.0590389],[5.7236298,50.0586808],[5.7231255,50.058221],[5.7230928,50.0582484],[5.7216552,50.059812],[5.7206359,50.0611482],[5.720185,50.0616337],[5.7197528,50.0621914],[5.7193616,50.0626219],[5.7192811,50.0626765]]}},{"type":"Feature","properties":{"h":"tertiary","c":2},"geometry":{"type":"LineString","coordinates":[[5.7189229,50.0526271],[5.7204297,50.0526388],[5.721759,50.052655],[5.7228426,50.0526684],[5.7242851,50.0526818],[5.7248474,50.0526926],[5.7252754,50.0527022],[5.7260305,50.052712],[5.7264455,50.0527391],[5.7268044,50.0527864],[5.7277848,50.0529859],[5.7284553,50.0531182],[5.7289727,50.0532068],[5.7293751,50.053229],[5.7297,50.0532049]]}},{"type":"Feature","properties":{"h":"tertiary","c":2},"geometry":{"type":"LineString","coordinates":[[5.7372619,50.0515105],[5.7374782,50.0514115],[5.7380681,50.051118],[5.7385808,50.0508561],[5.7400325,50.0500621],[5.7407902,50.0496371],[5.7413299,50.0493344]]}},{"type":"Feature","properties":{"h":"tertiary","c":2},"geometry":{"type":"LineString","coordinates":[[5.7413299,50.0493344],[5.7417424,50.0491101],[5.7419697,50.0490008],[5.7421836,50.0489094],[5.7425586,50.0487638],[5.7430243,50.0485861],[5.7432071,50.0484876],[5.7433866,50.048361]]}},{"type":"Feature","properties":{"h":"track","c":4},"geometry":{"type":"LineString","coordinates":[[5.7171488,50.0366856],[5.7171428,50.0364629],[5.7171284,50.0360261],[5.717116,50.0359464],[5.717098,50.0358464],[5.7170566,50.0355961],[5.716977,50.0352217],[5.7169065,50.0348214],[5.7168762,50.0345063],[5.7168343,50.0341793],[5.7167304,50.0337503],[5.7166489,50.0329142],[5.7166119,50.0325345],[5.7164272,50.0314189],[5.7163456,50.0308343],[5.716347,50.0307404]]}},{"type":"Feature","properties":{"h":"track","c":4},"geometry":{"type":"LineString","coordinates":[[5.7174323,50.06525],[5.7174709,50.06495],[5.7174721,50.0643408]]}},{"type":"Feature","properties":{"h":"tertiary","c":2},"geometry":{"type":"LineString","coordinates":[[5.7144624,50.0531469],[5.7147162,50.0530695],[5.7153211,50.0528883],[5.7157597,50.0527638],[5.7160355,50.052701],[5.7163065,50.0526528],[5.716649,50.0526196]]}},{"type":"Feature","properties":{"h":"track","c":4},"geometry":{"type":"LineString","coordinates":[[5.7448167,50.0276359],[5.7448435,50.0278496],[5.7448435,50.0279254]]}},{"type":"Feature","properties":{"h":"track","c":4},"geometry":{"type":"LineString","coordinates":[[5.7448435,50.0279254],[5.7448167,50.0279702],[5.7447201,50.0279598],[5.7432395,50.0275808],[5.7421667,50.0270845],[5.7420379,50.0270466],[5.7418716,50.0270466],[5.7417053,50.0271052],[5.7408738,50.0277944],[5.7405413,50.0279804],[5.7386047,50.0287869],[5.7385531,50.0288045],[5.7379449,50.0283493],[5.7377786,50.0282562],[5.7365001,50.0286611]]}},{"type":"Feature","properties":{"h":"tertiary","c":2},"geometry":{"type":"LineString","coordinates":[[5.7530012,50.0333691],[5.7529635,50.0335339],[5.7529373,50.0336525],[5.7529298,50.0336866],[5.7527025,50.0344678],[5.752514,50.035229],[5.7522991,50.0360706],[5.7519872,50.0372279],[5.7517057,50.0383165],[5.7513832,50.0394314],[5.7509668,50.0404898],[5.7504525,50.0417018],[5.7501565,50.0424446]]}},{"type":"Feature","properties":{"h":"unclassified","c":3},"geometry":{"type":"LineString","coordinates":[[5.740746,50.0181127],[5.7408679,50.018076]]}},{"type":"Feature","properties":{"h":"track","c":4},"geometry":{"type":"LineString","coordinates":[[5.7157767,50.0230194],[5.7154403,50.0240006],[5.7153731,50.0243316],[5.7152186,50.0250451],[5.7150954,50.0255635],[5.7149814,50.0259528],[5.7149606,50.0261336],[5.7149969,50.0263192],[5.7151233,50.0265479],[5.715274,50.0266871],[5.7155512,50.0269245],[5.7158536,50.0271818],[5.7160355,50.027612],[5.7161296,50.0279215],[5.7163435,50.0285978],[5.7164354,50.0289927],[5.7165117,50.0292965],[5.7165234,50.0296358],[5.7164811,50.0299709],[5.716347,50.0307404]]}},{"type":"Feature","properties":{"h":"track","c":4},"geometry":{"type":"LineString","coordinates":[[5.7160601,50.0230282],[5.7168952,50.0230044],[5.7174493,50.0230108],[5.7178634,50.0230389],[5.7182765,50.0231009]]}},{"type":"Feature","properties":{"h":"track","c":4},"geometry":{"type":"LineString","coordinates":[[5.7198873,50.024659],[5.7194594,50.0244864],[5.7190329,50.0242641],[5.7186332,50.0241125],[5.7183677,50.0240608]]}},{"type":"Feature","properties":{"h":"track","c":4},"geometry":{"type":"LineString","coordinates":[[5.7226724,50.0275314],[5.722697,50.0274729],[5.7227011,50.0273729],[5.7226317,50.0272466],[5.7225143,50.0271172],[5.7217902,50.0264784],[5.7214155,50.0260999],[5.7210982,50.0258083],[5.7202399,50.0250102],[5.7199287,50.0247345],[5.7198873,50.024659]]}},{"type":"Feature","properties":{"h":"secondary","c":2},"geometry":{"type":"LineString","coordinates":[[5.7070217,50.0192426],[5.7075355,50.018196]]}},{"type":"Feature","properties":{"h":"track","c":4},"geometry":{"type":"LineString","coordinates":[[5.7186496,50.0226538],[5.7187683,50.0225868],[5.7188771,50.0224717],[5.7189612,50.0223513],[5.7189554,50.0222617],[5.7189119,50.0221718]]}},{"type":"Feature","properties":{"h":"secondary","c":2},"geometry":{"type":"LineString","coordinates":[[5.7075355,50.018196],[5.7076212,50.0180397],[5.7087099,50.015745]]}},{"type":"Feature","properties":{"h":"unclassified","c":3},"geometry":{"type":"LineString","coordinates":[[5.7187831,50.0218853],[5.7187765,50.0220591],[5.718833,50.0221149],[5.7189119,50.0221718]]}},{"type":"Feature","properties":{"h":"track","c":4},"geometry":{"type":"LineString","coordinates":[[5.7183735,50.0181787],[5.7183438,50.018304],[5.7182961,50.0184168],[5.7182178,50.018544],[5.7175624,50.0194755],[5.7173089,50.0199023],[5.7170728,50.0203358],[5.7167439,50.0209896],[5.7164163,50.02163],[5.7158283,50.022869],[5.7157767,50.0230194]]}},{"type":"Feature","properties":{"h":"residential","c":3},"geometry":{"type":"LineString","coordinates":[[5.7203169,50.0062334],[5.72045,50.0062675]]}},{"type":"Feature","properties":{"h":"tertiary","c":2},"geometry":{"type":"LineString","coordinates":[[5.7224987,50.0045622],[5.7228605,50.0042963],[5.7229314,50.0042507]]}},{"type":"Feature","properties":{"h":"primary","c":1},"geometry":{"type":"LineString","coordinates":[[5.7119864,49.9983816],[5.7120343,49.9984132],[5.7128354,49.9989042]]}},{"type":"Feature","properties":{"h":"tertiary","c":2},"geometry":{"type":"LineString","coordinates":[[5.7139139,49.9983937],[5.7136859,49.9981347],[5.7132181,49.9975755]]}},{"type":"Feature","properties":{"h":"primary","c":1},"geometry":{"type":"LineString","coordinates":[[5.7170999,49.9977847],[5.7171938,49.9976485],[5.7172477,49.9975957]]}},{"type":"Feature","properties":{"h":"primary","c":1},"geometry":{"type":"LineString","coordinates":[[5.7173071,49.997637],[5.717272,49.9976648],[5.7172474,49.9976944],[5.7171659,49.9978183]]}},{"type":"Feature","properties":{"h":"primary","c":1},"geometry":{"type":"LineString","coordinates":[[5.7176784,49.9976022],[5.7176307,49.9976012],[5.7175853,49.9975918],[5.7175457,49.9975747]]}},{"type":"Feature","properties":{"h":"residential","c":3},"geometry":{"type":"LineString","coordinates":[[5.7230223,50.000073],[5.7223945,49.9999455]]}},{"type":"Feature","properties":{"h":"residential","c":3},"geometry":{"type":"LineString","coordinates":[[5.7213997,50.0017436],[5.7213988,50.0017282],[5.7214062,50.0017134],[5.721421,50.0017012],[5.7214413,50.0016929]]}},{"type":"Feature","properties":{"h":"residential","c":3},"geometry":{"type":"LineString","coordinates":[[5.7198017,50.0018015],[5.7198575,50.0017934],[5.7207598,50.0017618],[5.7212613,50.0017376],[5.7213997,50.0017436]]}},{"type":"Feature","properties":{"h":"cycleway","c":4},"geometry":{"type":"LineString","coordinates":[[5.7203379,50.0064296],[5.7196605,50.0062337],[5.7188932,50.0060074]]}},{"type":"Feature","properties":{"h":"cycleway","c":4},"geometry":{"type":"LineString","coordinates":[[5.7702119,50.0350317],[5.7690103,50.0341774],[5.7687094,50.0339623],[5.7684122,50.0337508],[5.7678133,50.0333266],[5.7673835,50.0330217],[5.7669445,50.0327168],[5.7665525,50.0324392],[5.7661625,50.0321711],[5.7658509,50.0319739],[5.7655318,50.0317756],[5.7652099,50.0315837],[5.7646636,50.0312918],[5.7640461,50.0309964],[5.7634315,50.0307349],[5.7629387,50.0305414],[5.7620872,50.0302563],[5.7609048,50.0299141],[5.757473,50.0289467],[5.7567667,50.0287451],[5.7566471,50.0287098]]}},{"type":"Feature","properties":{"h":"track","c":4},"geometry":{"type":"LineString","coordinates":[[5.765823,50.0312842],[5.7640969,50.0305746],[5.7638804,50.0304866],[5.7633672,50.0302781],[5.7628655,50.0300537],[5.7618054,50.0295986],[5.761497,50.0294737],[5.7609704,50.029319],[5.760731,50.0292656],[5.7605161,50.0292381],[5.7602291,50.0292111],[5.7598696,50.0291528],[5.7596297,50.0290843],[5.7594569,50.0290201],[5.7592382,50.028927],[5.759066,50.028843],[5.7586562,50.0286015],[5.7579079,50.0281663],[5.7572338,50.0278166]]}},{"type":"Feature","properties":{"h":"track","c":4},"geometry":{"type":"LineString","coordinates":[[5.7692296,50.0288376],[5.7690818,50.0287816],[5.7689504,50.0287357],[5.7687879,50.0287021],[5.7686428,50.0286766],[5.7684415,50.0286603]]}},{"type":"Feature","properties":{"h":"track","c":4},"geometry":{"type":"LineString","coordinates":[[5.7696015,50.0300635],[5.7696867,50.0299529],[5.7697534,50.0298497],[5.769795,50.0297244],[5.7698158,50.0296182],[5.7698036,50.0294926],[5.7697845,50.029384],[5.7697246,50.0292651],[5.7696708,50.0291746],[5.7695785,50.0290741],[5.7694822,50.0289888],[5.7693654,50.028913],[5.7692296,50.0288376]]}},{"type":"Feature","properties":{"h":"track","c":4},"geometry":{"type":"LineString","coordinates":[[5.7755922,50.0381302],[5.7761076,50.0384712],[5.7766209,50.0388113],[5.7767863,50.038924],[5.7773041,50.039203],[5.7779869,50.0395757],[5.7783942,50.0398274],[5.7785917,50.0400088],[5.778727,50.0401535],[5.7790472,50.0404608],[5.7791035,50.0405152]]}},{"type":"Feature","properties":{"h":"track","c":4},"geometry":{"type":"LineString","coordinates":[[5.7715966,50.030948],[5.7718662,50.0307692],[5.7721899,50.0305481],[5.77253,50.0303138],[5.7728701,50.0301216],[5.7732143,50.0299321],[5.7736979,50.0296768],[5.7739233,50.0295109],[5.7740392,50.0294169]]}},{"type":"Feature","properties":{"h":"track","c":4},"geometry":{"type":"LineString","coordinates":[[5.7684415,50.0286603],[5.7681589,50.0286811],[5.767915,50.0287142],[5.7677087,50.0287739],[5.7675478,50.0288385],[5.7673822,50.0289284],[5.7672518,50.0290254],[5.7672091,50.029069],[5.7671141,50.0291647],[5.767052,50.0292592],[5.7669903,50.0293888],[5.7669653,50.0295199],[5.7669611,50.0296549],[5.7669991,50.0297857],[5.7670522,50.0299121],[5.7671316,50.0300173],[5.7672687,50.0301428],[5.7674109,50.0302463]]}},{"type":"Feature","properties":{"h":"unclassified","c":3},"geometry":{"type":"LineString","coordinates":[[5.7849546,50.0459718],[5.7849811,50.0459518]]}},{"type":"Feature","properties":{"h":"tertiary","c":2},"geometry":{"type":"LineString","coordinates":[[5.756458,50.028903],[5.7562183,50.0290633],[5.7556693,50.0294841],[5.7555726,50.0295774],[5.7552714,50.0298682],[5.7550023,50.0301874],[5.7547803,50.0304515],[5.7547044,50.0305407],[5.7540751,50.0313664],[5.7533476,50.032331],[5.7530743,50.0329374],[5.7530012,50.0333691]]}},{"type":"Feature","properties":{"h":"track","c":4},"geometry":{"type":"LineString","coordinates":[[5.7786331,50.0511688],[5.778934,50.0514816],[5.7791185,50.0517366]]}},{"type":"Feature","properties":{"h":"track","c":4},"geometry":{"type":"LineString","coordinates":[[5.7746453,50.0382783],[5.7747275,50.038228]]}},{"type":"Feature","properties":{"h":"service","c":4},"geometry":{"type":"LineString","coordinates":[[5.7828021,50.04288],[5.7831543,50.042512]]}},{"type":"Feature","properties":{"h":"track","c":4},"geometry":{"type":"LineString","coordinates":[[5.7770135,50.0456633],[5.7770901,50.0451531]]}},{"type":"Feature","properties":{"h":"track","c":4},"geometry":{"type":"LineString","coordinates":[[5.7758947,50.0456835],[5.7757989,50.0456454],[5.775318,50.0454216],[5.7750845,50.0453299],[5.774546,50.0451296],[5.7742341,50.045002],[5.7740302,50.0448755]]}},{"type":"Feature","properties":{"h":"unclassified","c":3},"geometry":{"type":"LineString","coordinates":[[5.7694305,50.0267165],[5.7700853,50.0270896],[5.7707762,50.0275215]]}},{"type":"Feature","properties":{"h":"unclassified","c":3},"geometry":{"type":"LineString","coordinates":[[5.7740392,50.0294169],[5.7749711,50.0299019],[5.7765536,50.0307343],[5.7774022,50.0311983],[5.7786464,50.0319313],[5.7792484,50.0322664],[5.7802977,50.0328521],[5.7806761,50.0330509],[5.7811118,50.0332498],[5.7816508,50.0334597],[5.7823044,50.0337323],[5.7825797,50.0338428],[5.7829122,50.0339864],[5.7830384,50.0340822],[5.7832792,50.034281],[5.7835476,50.0346292],[5.7836745,50.0347685],[5.7837952,50.0348629],[5.7841908,50.035095],[5.7847241,50.0353343],[5.7851885,50.0355037],[5.7856873,50.0356511],[5.7861116,50.0358205],[5.7865302,50.0359825],[5.7876138,50.036255],[5.7886344,50.0364797],[5.7902972,50.0368295]]}},{"type":"Feature","properties":{"h":"cycleway","c":4},"geometry":{"type":"LineString","coordinates":[[5.7751049,50.0384968],[5.7747275,50.038228],[5.7731276,50.0371166],[5.7725846,50.0367271],[5.7721306,50.0364056],[5.7716673,50.0360776],[5.7710519,50.0356379],[5.7704403,50.0351952],[5.7702119,50.0350317]]}},{"type":"Feature","properties":{"h":"track","c":4},"geometry":{"type":"LineString","coordinates":[[5.7696155,50.0329252],[5.7696068,50.0329173]]}},{"type":"Feature","properties":{"h":"primary","c":1},"geometry":{"type":"LineString","coordinates":[[5.7177656,49.9974058],[5.7177989,49.9974279],[5.7178213,49.9974551],[5.7178312,49.9974852],[5.7178277,49.9975159]]}},{"type":"Feature","properties":{"h":"primary","c":1},"geometry":{"type":"LineString","coordinates":[[5.7176466,49.9973828],[5.7176889,49.997384],[5.7177293,49.9973918],[5.7177656,49.9974058]]}},{"type":"Feature","properties":{"h":"primary","c":1},"geometry":{"type":"LineString","coordinates":[[5.7175275,49.9974228],[5.7175611,49.9974027],[5.7176018,49.997389],[5.7176466,49.9973828]]}},{"type":"Feature","properties":{"h":"primary","c":1},"geometry":{"type":"LineString","coordinates":[[5.717489,49.9974858],[5.7174949,49.9974632],[5.7175079,49.9974419],[5.7175275,49.9974228]]}},{"type":"Feature","properties":{"h":"primary","c":1},"geometry":{"type":"LineString","coordinates":[[5.7175457,49.9975747],[5.717513,49.9975493],[5.7174935,49.9975187],[5.717489,49.9974858]]}},{"type":"Feature","properties":{"h":"cycleway","c":4},"geometry":{"type":"LineString","coordinates":[[5.7566471,50.0287098],[5.7565839,50.0286921],[5.755285,50.0283286],[5.7543317,50.0280605]]}},{"type":"Feature","properties":{"h":"service","c":4},"geometry":{"type":"LineString","coordinates":[[5.7567507,50.0285528],[5.7563808,50.0284622],[5.7563472,50.0284136],[5.756483,50.0282004],[5.7566132,50.0282301],[5.7568786,50.0283574]]}},{"type":"Feature","properties":{"h":"service","c":4},"geometry":{"type":"LineString","coordinates":[[5.7527375,50.0333652],[5.7528122,50.0335278],[5.7529635,50.0335339]]}},{"type":"Feature","properties":{"h":"track","c":4},"geometry":{"type":"LineString","coordinates":[[5.751314,50.0331362],[5.7507153,50.0340949],[5.7504621,50.0345008],[5.7496214,50.0360256]]}},{"type":"Feature","properties":{"h":"track","c":4},"geometry":{"type":"LineString","coordinates":[[5.7365325,50.0340683],[5.7364843,50.0341511],[5.7358915,50.0345698],[5.7356635,50.0348489],[5.7354409,50.0354157],[5.7353685,50.0359171],[5.73535,50.0366791]]}},{"type":"Feature","properties":{"h":"track","c":4},"geometry":{"type":"LineString","coordinates":[[5.73535,50.0366791],[5.7350627,50.0377363],[5.7350573,50.0381911]]}},{"type":"Feature","properties":{"h":"service","c":4},"geometry":{"type":"LineString","coordinates":[[5.7189091,50.0058737],[5.7188112,50.0058157]]}},{"type":"Feature","properties":{"h":"service","c":4},"geometry":{"type":"LineString","coordinates":[[5.7178295,49.9971128],[5.7180323,49.9972532]]}},{"type":"Feature","properties":{"h":"service","c":4},"geometry":{"type":"LineString","coordinates":[[5.7176953,49.997018],[5.7178295,49.9971128]]}},{"type":"Feature","properties":{"h":"service","c":4},"geometry":{"type":"LineString","coordinates":[[5.7180323,49.9972532],[5.7181513,49.9973432]]}},{"type":"Feature","properties":{"h":"service","c":4},"geometry":{"type":"LineString","coordinates":[[5.7406851,50.0122214],[5.7406704,50.0123538],[5.7406548,50.0124478],[5.7406272,50.0125319],[5.7405096,50.012759],[5.7404054,50.0129925],[5.7403793,50.0130786]]}},{"type":"Feature","properties":{"h":"service","c":4},"geometry":{"type":"LineString","coordinates":[[5.740822,50.0100477],[5.7407607,50.0100572],[5.7405333,50.0100814]]}},{"type":"Feature","properties":{"h":"track","c":4},"geometry":{"type":"LineString","coordinates":[[5.7405333,50.0100814],[5.7405688,50.0103242],[5.7405682,50.0104199],[5.7405639,50.0104493]]}},{"type":"Feature","properties":{"h":"service","c":4},"geometry":{"type":"LineString","coordinates":[[5.7381824,50.0103903],[5.7382231,50.0105601],[5.7382709,50.0110702],[5.7382948,50.0111163],[5.7383378,50.0111486],[5.7383976,50.0111747],[5.7384741,50.0111886],[5.7385459,50.0111886],[5.7389165,50.0111732],[5.7389882,50.0111901],[5.7390408,50.011227],[5.7390863,50.0112992],[5.7391078,50.0114114],[5.7390887,50.0115543],[5.7390294,50.0116366]]}},{"type":"Feature","properties":{"h":"service","c":4},"geometry":{"type":"LineString","coordinates":[[5.7386839,50.0098415],[5.7387659,50.0097718],[5.7388812,50.0097158]]}},{"type":"Feature","properties":{"h":"service","c":4},"geometry":{"type":"LineString","coordinates":[[5.7403954,50.0104808],[5.7405138,50.0105163],[5.7405508,50.0105555],[5.7404634,50.0109064],[5.7403177,50.011562],[5.7402531,50.0116242],[5.7401168,50.0116772],[5.7399648,50.0117051]]}},{"type":"Feature","properties":{"h":"service","c":4},"geometry":{"type":"LineString","coordinates":[[5.7317515,50.0079485],[5.7317909,50.0079977],[5.7318961,50.0080537],[5.7322082,50.0081536]]}},{"type":"Feature","properties":{"h":"service","c":4},"geometry":{"type":"LineString","coordinates":[[5.7315587,50.0083191],[5.7315698,50.0082643],[5.7315984,50.0080537],[5.7316176,50.0080038],[5.7317515,50.0079485],[5.7317443,50.0078778],[5.7317682,50.0077963],[5.7318268,50.0077426],[5.7319416,50.0077064],[5.7320384,50.0076972],[5.7321221,50.0077095],[5.7322082,50.0077418],[5.7322596,50.0077764],[5.732305,50.0078394],[5.7323074,50.0078901],[5.732305,50.0079608],[5.7322763,50.0080568],[5.7322082,50.0081536]]}},{"type":"Feature","properties":{"h":"service","c":4},"geometry":{"type":"LineString","coordinates":[[5.7311322,50.0075712],[5.7312218,50.0076457],[5.7314406,50.0079523],[5.7314885,50.0079777],[5.7316176,50.0080038]]}},{"type":"Feature","properties":{"h":"service","c":4},"geometry":{"type":"LineString","coordinates":[[5.7307907,50.0079355],[5.7309122,50.0077072],[5.7309863,50.0076496],[5.7311322,50.0075712],[5.7312996,50.0075113]]}},{"type":"Feature","properties":{"h":"service","c":4},"geometry":{"type":"LineString","coordinates":[[5.7318715,50.0084488],[5.7316659,50.0083539],[5.7315587,50.0083191],[5.7314018,50.0082682],[5.7312505,50.0081714],[5.7310329,50.0080307],[5.730923,50.0079854],[5.7307907,50.0079355],[5.730703,50.0079024]]}},{"type":"Feature","properties":{"h":"service","c":4},"geometry":{"type":"LineString","coordinates":[[5.7247515,50.0060663],[5.7244757,50.0059889]]}},{"type":"Feature","properties":{"h":"tertiary","c":2},"geometry":{"type":"LineString","coordinates":[[5.7108391,50.0014411],[5.7109116,50.0014722],[5.7109858,50.0015434],[5.7110276,50.0015983],[5.7110295,50.0016053],[5.7110415,50.0016489]]}},{"type":"Feature","properties":{"h":"tertiary","c":2},"geometry":{"type":"LineString","coordinates":[[5.7108391,50.0014411],[5.7107101,50.0013793],[5.710522,50.0013309]]}},{"type":"Feature","properties":{"h":"residential","c":3},"geometry":{"type":"LineString","coordinates":[[5.7196302,50.0025859],[5.7195163,50.0022351],[5.719442,50.0019648]]}},{"type":"Feature","properties":{"h":"service","c":4},"geometry":{"type":"LineString","coordinates":[[5.7190417,50.0020128],[5.7191014,50.0022709]]}},{"type":"Feature","properties":{"h":"living_street","c":3},"geometry":{"type":"LineString","coordinates":[[5.719442,50.0019648],[5.7194295,50.0019184],[5.7194102,50.0018481]]}},{"type":"Feature","properties":{"h":"residential","c":3},"geometry":{"type":"LineString","coordinates":[[5.7196763,50.0018157],[5.7198017,50.0018015]]}},{"type":"Feature","properties":{"h":"track","c":4},"geometry":{"type":"LineString","coordinates":[[5.7626331,50.0210116],[5.761826,50.0213069]]}},{"type":"Feature","properties":{"h":"unclassified","c":3},"geometry":{"type":"LineString","coordinates":[[5.7649068,50.0197269],[5.7650519,50.0196548],[5.7653147,50.0193627]]}},{"type":"Feature","properties":{"h":"track","c":4},"geometry":{"type":"LineString","coordinates":[[5.7934107,50.0023564],[5.7934528,50.0023708],[5.7934837,50.0023984],[5.7935,50.0024923],[5.7935018,50.002589],[5.7934863,50.0027425],[5.7934451,50.002869],[5.7933935,50.0029126]]}},{"type":"Feature","properties":{"h":"residential","c":3},"geometry":{"type":"LineString","coordinates":[[5.7827207,49.9928793],[5.7827711,49.9928252],[5.7828894,49.9926225],[5.7829406,49.9923109],[5.7829446,49.9921614],[5.7829391,49.9920467],[5.7828888,49.9919454],[5.7827843,49.9918142],[5.7827175,49.9916995],[5.782667,49.9914125]]}},{"type":"Feature","properties":{"h":"unclassified","c":3},"geometry":{"type":"LineString","coordinates":[[5.7758924,49.9986223],[5.7763548,49.9982327],[5.7767758,49.9978428],[5.7776211,49.9970276],[5.777998,49.9967324],[5.778204,49.9965635],[5.7784294,49.996403],[5.7788037,49.9961945],[5.7792389,49.9959497],[5.7794111,49.9958324],[5.779541,49.9957106],[5.7797646,49.9954763],[5.779926,49.995346],[5.780271,49.9951373],[5.7803723,49.9950756],[5.7806064,49.9948559],[5.7812733,49.9942026],[5.7816478,49.9938591],[5.7821515,49.9934507],[5.7827207,49.9928793]]}},{"type":"Feature","properties":{"h":"unclassified","c":3},"geometry":{"type":"LineString","coordinates":[[5.7538638,50.0065615],[5.7538364,50.0066101],[5.7538095,50.0066462],[5.7536238,50.0067291],[5.7533346,50.0068476]]}},{"type":"Feature","properties":{"h":"track","c":4},"geometry":{"type":"LineString","coordinates":[[5.7533346,50.0068476],[5.7527894,50.0071036],[5.752422,50.0072773],[5.7520336,50.0074765],[5.7511933,50.007961]]}},{"type":"Feature","properties":{"h":"service","c":4},"geometry":{"type":"LineString","coordinates":[[5.7405333,50.0100814],[5.7401003,50.0101027],[5.7397609,50.0101152]]}},{"type":"Feature","properties":{"h":"unclassified","c":3},"geometry":{"type":"LineString","coordinates":[[5.7683249,50.0065139],[5.7683695,50.0064691],[5.7685207,50.0064196],[5.7685877,50.0063953],[5.7686424,50.0063421]]}},{"type":"Feature","properties":{"h":"tertiary","c":2},"geometry":{"type":"LineString","coordinates":[[5.76444,50.0065737],[5.7643506,50.0064367],[5.7641587,50.0061971],[5.7639708,50.0059397],[5.7639319,50.0058765]]}},{"type":"Feature","properties":{"h":"tertiary","c":2},"geometry":{"type":"LineString","coordinates":[[5.7935864,49.9902651],[5.7945621,49.9900344],[5.795392,49.9898036],[5.7972848,49.9894445]]}},{"type":"Feature","properties":{"h":"residential","c":3},"geometry":{"type":"LineString","coordinates":[[5.7889099,49.9904471],[5.7890255,49.9903784],[5.790425,49.9894758],[5.7909476,49.9891399]]}},{"type":"Feature","properties":{"h":"residential","c":3},"geometry":{"type":"LineString","coordinates":[[5.7907486,49.9905472],[5.7907667,49.9904229],[5.7908283,49.9902654],[5.7909361,49.9900358],[5.7909473,49.9897954],[5.7909399,49.9895798],[5.7909476,49.9891399]]}},{"type":"Feature","properties":{"h":"residential","c":3},"geometry":{"type":"LineString","coordinates":[[5.7898709,49.9865821],[5.7898794,49.9865087],[5.7898847,49.9864629]]}},{"type":"Feature","properties":{"h":"residential","c":3},"geometry":{"type":"LineString","coordinates":[[5.7872103,49.9909576],[5.7873688,49.9906003],[5.7874153,49.9904792]]}},{"type":"Feature","properties":{"h":"residential","c":3},"geometry":{"type":"LineString","coordinates":[[5.7874153,49.9904792],[5.7876122,49.9905006],[5.7879773,49.9905182],[5.7883841,49.9905202],[5.7887425,49.9905451]]}},{"type":"Feature","properties":{"h":"secondary","c":2},"geometry":{"type":"LineString","coordinates":[[5.7850187,49.9906202],[5.7847624,49.9905229]]}},{"type":"Feature","properties":{"h":"secondary","c":2},"geometry":{"type":"LineString","coordinates":[[5.7883972,49.9910766],[5.7881525,49.9910469],[5.7878454,49.9910299],[5.7874286,49.9909792],[5.7872103,49.9909576],[5.7869867,49.9909575],[5.7865752,49.9909593],[5.7861695,49.9909622],[5.785921,49.9909372],[5.785681,49.9908737],[5.7853623,49.990762],[5.7850187,49.9906202]]}},{"type":"Feature","properties":{"h":"tertiary","c":2},"geometry":{"type":"LineString","coordinates":[[5.782667,49.9914125],[5.7827872,49.9913822],[5.7830315,49.9912829],[5.7834218,49.9910446],[5.7838166,49.9907592],[5.783919,49.990698],[5.7840198,49.9906492],[5.7841098,49.9906057],[5.784215,49.990574],[5.7843281,49.9905544],[5.7844303,49.9905495],[5.7845419,49.9905533],[5.7846585,49.9905513],[5.7847624,49.9905229]]}},{"type":"Feature","properties":{"h":"tertiary","c":2},"geometry":{"type":"LineString","coordinates":[[5.7624169,50.0029109],[5.762486,50.0029596],[5.7625865,50.0031298]]}},{"type":"Feature","properties":{"h":"track","c":4},"geometry":{"type":"LineString","coordinates":[[5.7413376,50.0034255],[5.7407908,50.0030082]]}},{"type":"Feature","properties":{"h":"track","c":4},"geometry":{"type":"LineString","coordinates":[[5.7702287,49.99375],[5.7702556,49.9938479],[5.7702315,49.9947594],[5.7702556,49.9952665]]}},{"type":"Feature","properties":{"h":"track","c":4},"geometry":{"type":"LineString","coordinates":[[5.7690028,50.0027674],[5.7690217,50.0028259],[5.7690182,50.0028878],[5.7689753,50.0029817],[5.768824,50.0031639],[5.7687742,50.0032026]]}},{"type":"Feature","properties":{"h":"track","c":4},"geometry":{"type":"LineString","coordinates":[[5.7707762,50.0275215],[5.7713738,50.0278857],[5.7718797,50.0281748],[5.7724505,50.0285038]]}},{"type":"Feature","properties":{"h":"track","c":4},"geometry":{"type":"LineString","coordinates":[[5.7724505,50.0285038],[5.7725774,50.0285777],[5.7728226,50.0287234],[5.7730331,50.0288484],[5.7740392,50.0294169]]}},{"type":"Feature","properties":{"h":"service","c":4},"geometry":{"type":"LineString","coordinates":[[5.7635164,50.0196115],[5.7634941,50.0196932],[5.7634037,50.0197656],[5.7632333,50.0198515],[5.763169,50.0198962],[5.7631546,50.0199349],[5.7631651,50.0199694],[5.7632293,50.019993],[5.7633263,50.0199905],[5.7634653,50.0199551]]}},{"type":"Feature","properties":{"h":"service","c":4},"geometry":{"type":"LineString","coordinates":[[5.7634321,50.0195602],[5.7635164,50.0196115],[5.7636003,50.0196207],[5.7639032,50.0195626],[5.7641876,50.0195079],[5.7642597,50.0194657],[5.7643093,50.0193933]]}},{"type":"Feature","properties":{"h":"residential","c":3},"geometry":{"type":"LineString","coordinates":[[5.7643093,50.0193933],[5.7644996,50.0194996],[5.7647384,50.019622],[5.7648426,50.0196803],[5.7649068,50.0197269],[5.7649069,50.0197792],[5.7648335,50.0198824],[5.7647509,50.020018],[5.7647142,50.0201388],[5.764728,50.0202154],[5.7647489,50.0202576],[5.7648143,50.0202904],[5.7649069,50.0203127],[5.7652115,50.0203746]]}},{"type":"Feature","properties":{"h":"unclassified","c":3},"geometry":{"type":"LineString","coordinates":[[5.7839802,50.0255881],[5.7842289,50.0256376],[5.7844625,50.0256868],[5.7851806,50.0257914],[5.7854223,50.0258234],[5.7855258,50.0258357]]}},{"type":"Feature","properties":{"h":"track","c":4},"geometry":{"type":"LineString","coordinates":[[5.7774964,50.0234083],[5.7782465,50.0235804],[5.7785109,50.0236519],[5.7787911,50.0237435],[5.7790235,50.0238279],[5.7792726,50.0239242],[5.7816872,50.0249545],[5.7822968,50.0252016],[5.7825198,50.0252748],[5.7827808,50.0253391],[5.7834525,50.0254763],[5.7839802,50.0255881]]}},{"type":"Feature","properties":{"h":"unclassified","c":3},"geometry":{"type":"LineString","coordinates":[[5.7943824,50.026885],[5.7947704,50.0269019],[5.7952282,50.0269124],[5.7954262,50.0269101],[5.7955951,50.0268986],[5.7958025,50.026862],[5.7960061,50.0268035],[5.7963976,50.0266761],[5.7965455,50.0266409],[5.7967581,50.0266035],[5.796906,50.0265903],[5.7970754,50.0265865],[5.7972442,50.0265946],[5.7973907,50.0266123],[5.7976258,50.0266749],[5.79793,50.026769],[5.7983218,50.0269213],[5.7986814,50.0270802],[5.7990191,50.0272238],[5.7992083,50.0272753],[5.7994248,50.0273027]]}},{"type":"Feature","properties":{"h":"unclassified","c":3},"geometry":{"type":"LineString","coordinates":[[5.7947738,50.0494828],[5.7952654,50.0497233],[5.7959991,50.0500808],[5.7965633,50.0503413],[5.7969522,50.0504959],[5.797778,50.0508219],[5.7981752,50.0509898],[5.7986741,50.0512006],[5.7991429,50.0514111],[5.7993769,50.0515363]]}},{"type":"Feature","properties":{"h":"unclassified","c":3},"geometry":{"type":"LineString","coordinates":[[5.7888522,50.0459407],[5.7891318,50.0460951],[5.7895252,50.0463609],[5.7898225,50.0466285],[5.7899961,50.0467372],[5.7901075,50.0467894],[5.7902131,50.0468301],[5.7905589,50.0469427],[5.7909471,50.0470424],[5.7911366,50.0471],[5.7913037,50.0471557],[5.7914879,50.0472397],[5.7917688,50.0473883],[5.792152,50.0476235],[5.7923282,50.0477465],[5.7924942,50.0478764],[5.7929826,50.0483158],[5.7933196,50.0485805],[5.7940408,50.0490815],[5.7942971,50.049257],[5.7947738,50.0494828]]}},{"type":"Feature","properties":{"h":"unclassified","c":3},"geometry":{"type":"LineString","coordinates":[[5.7917967,50.0516823],[5.7919874,50.0515413],[5.7921522,50.0514021],[5.7925637,50.051007],[5.7929244,50.0506467],[5.7930093,50.0505584],[5.7931453,50.0504468],[5.7935374,50.0502097],[5.7939465,50.0499929],[5.7946199,50.0495863],[5.7947738,50.0494828]]}},{"type":"Feature","properties":{"h":"unclassified","c":3},"geometry":{"type":"LineString","coordinates":[[5.7334142,50.0443966],[5.7334905,50.0444873],[5.7337415,50.044827],[5.7339719,50.0451388],[5.7341597,50.0453893],[5.7344639,50.0457344],[5.734668,50.0459624],[5.7347969,50.046144],[5.7348834,50.0462829]]}},{"type":"Feature","properties":{"h":"track","c":4},"geometry":{"type":"LineString","coordinates":[[5.7317019,50.0528093],[5.7317355,50.0528349],[5.7318753,50.0528926],[5.7319822,50.0529566],[5.7320759,50.0529976],[5.7321807,50.0530147],[5.732386,50.0530214],[5.7326367,50.053019],[5.7327682,50.0530172],[5.7328934,50.0530045],[5.7331878,50.0529781]]}},{"type":"Feature","properties":{"h":"track","c":4},"geometry":{"type":"LineString","coordinates":[[5.733389,50.0443504],[5.7333336,50.0443398],[5.7331022,50.044202],[5.7324686,50.0438036],[5.7323327,50.0437102],[5.7322178,50.0436135],[5.7318944,50.0432085]]}},{"type":"Feature","properties":{"h":"service","c":4},"geometry":{"type":"LineString","coordinates":[[5.7157767,50.0230194],[5.7154733,50.0230047],[5.7153796,50.0230189],[5.7153079,50.0230773],[5.7152445,50.0232155],[5.7150378,50.0239857]]}},{"type":"Feature","properties":{"h":"track","c":4},"geometry":{"type":"LineString","coordinates":[[5.7085384,50.0180794],[5.7077984,50.0181813],[5.7075355,50.018196]]}},{"type":"Feature","properties":{"h":"track","c":4},"geometry":{"type":"LineString","coordinates":[[5.7029609,50.0192905],[5.7026496,50.0192916],[5.7020247,50.0189937]]}},{"type":"Feature","properties":{"h":"service","c":4},"geometry":{"type":"LineString","coordinates":[[5.703635,50.0205025],[5.7033917,50.0203042],[5.7030698,50.019956],[5.702807,50.0195735],[5.7028123,50.0194287],[5.7029609,50.0192905],[5.7032441,50.0191081],[5.7035124,50.0188632]]}},{"type":"Feature","properties":{"h":"unclassified","c":3},"geometry":{"type":"LineString","coordinates":[[5.7063739,50.0230525],[5.7054905,50.0225585],[5.7053675,50.0225115]]}},{"type":"Feature","properties":{"h":"track","c":4},"geometry":{"type":"LineString","coordinates":[[5.7174933,50.0437818],[5.7176341,50.0438067],[5.7177526,50.0438351],[5.718053,50.0439395],[5.7184637,50.0440598],[5.718913,50.0441855],[5.7191996,50.044251],[5.7197618,50.0444669],[5.7208929,50.044873]]}},{"type":"Feature","properties":{"h":"track","c":4},"geometry":{"type":"LineString","coordinates":[[5.7113954,50.0605846],[5.7120158,50.060847]]}},{"type":"Feature","properties":{"h":"unclassified","c":3},"geometry":{"type":"LineString","coordinates":[[5.7086835,50.0581796],[5.7085804,50.0582446]]}},{"type":"Feature","properties":{"h":"unclassified","c":3},"geometry":{"type":"LineString","coordinates":[[5.7096599,50.0574676],[5.7095758,50.057555]]}},{"type":"Feature","properties":{"h":"track","c":4},"geometry":{"type":"LineString","coordinates":[[5.7160692,50.0631655],[5.7163603,50.063511],[5.7166357,50.063778],[5.7172641,50.0642281],[5.7174721,50.0643408]]}},{"type":"Feature","properties":{"h":"unclassified","c":3},"geometry":{"type":"LineString","coordinates":[[5.7430266,50.064455],[5.7428983,50.0644175],[5.7423581,50.064207],[5.7418024,50.0639827],[5.7416084,50.0639194],[5.7413006,50.0638336],[5.7409828,50.063739],[5.7406672,50.063628],[5.740506,50.0635621],[5.7396941,50.0632019],[5.7394876,50.0631127],[5.7392836,50.0630347],[5.7390934,50.0629711],[5.7388625,50.0628987],[5.738629,50.0628349],[5.7383418,50.062763],[5.7377587,50.0626327],[5.7375307,50.0625562],[5.7373258,50.0624951],[5.7371255,50.0624492],[5.7364389,50.0623142]]}},{"type":"Feature","properties":{"h":"track","c":4},"geometry":{"type":"LineString","coordinates":[[5.7277903,50.0579317],[5.7278208,50.0582124],[5.7277326,50.0584424],[5.7275397,50.0586229],[5.7272861,50.0587751],[5.7272365,50.05886],[5.7272861,50.0589839],[5.7274129,50.0591608],[5.7275066,50.0592988],[5.7275121,50.0594899]]}},{"type":"Feature","properties":{"h":"track","c":4},"geometry":{"type":"LineString","coordinates":[[5.7312632,50.0637699],[5.7303206,50.0649642]]}},{"type":"Feature","properties":{"h":"track","c":4},"geometry":{"type":"LineString","coordinates":[[5.7295517,50.0639168],[5.7297804,50.0639416],[5.7301442,50.0639628],[5.7305356,50.0639522],[5.7308195,50.0639044],[5.7310841,50.0638354],[5.7312632,50.0637699],[5.7315223,50.0636815],[5.7317428,50.0636302],[5.7320542,50.0636001],[5.7323326,50.0636001],[5.7325476,50.0636072]]}},{"type":"Feature","properties":{"h":"track","c":4},"geometry":{"type":"LineString","coordinates":[[5.7283169,50.0612876],[5.7286311,50.0614504],[5.7288957,50.0616167],[5.7291327,50.0617972],[5.7293753,50.0619493],[5.7295406,50.0620272],[5.7304281,50.0622183],[5.7308967,50.0623421],[5.731288,50.0624094],[5.7321645,50.0626252]]}},{"type":"Feature","properties":{"h":"track","c":4},"geometry":{"type":"LineString","coordinates":[[5.732181,50.0645838],[5.7330051,50.0649606],[5.7340483,50.0654489]]}},{"type":"Feature","properties":{"h":"track","c":4},"geometry":{"type":"LineString","coordinates":[[5.7312632,50.0637699],[5.7315058,50.0639115],[5.7317786,50.064122],[5.7319991,50.0643414],[5.732181,50.0645838]]}},{"type":"Feature","properties":{"h":"track","c":4},"geometry":{"type":"LineString","coordinates":[[5.7334957,50.0610328],[5.7333992,50.0611071],[5.7321645,50.0626252],[5.7312632,50.0637699]]}},{"type":"Feature","properties":{"h":"track","c":4},"geometry":{"type":"LineString","coordinates":[[5.7283169,50.0612876],[5.7279779,50.0611938],[5.7274184,50.0610717],[5.7268341,50.0609815]]}},{"type":"Feature","properties":{"h":"track","c":4},"geometry":{"type":"LineString","coordinates":[[5.7277903,50.0579317],[5.7293463,50.056695]]}},{"type":"Feature","properties":{"h":"track","c":4},"geometry":{"type":"LineString","coordinates":[[5.7307644,50.0593236],[5.7306968,50.0593607],[5.7305935,50.0594651],[5.7303702,50.0596315],[5.7301925,50.059712],[5.7300285,50.0597695],[5.7298273,50.0598164],[5.7296536,50.0598641],[5.729553,50.0599216],[5.7294648,50.0599906],[5.7291024,50.0603666],[5.7287427,50.060801],[5.7283169,50.0612876],[5.7278318,50.0618856]]}},{"type":"Feature","properties":{"h":"track","c":4},"geometry":{"type":"LineString","coordinates":[[5.7277903,50.0579317],[5.7282287,50.0580761],[5.7285595,50.0582018],[5.7288985,50.0584212],[5.7294304,50.0587609],[5.7296013,50.0588688],[5.7297887,50.0589414],[5.7303785,50.0591307],[5.7305163,50.0591803],[5.73065,50.0592581],[5.7307644,50.0593236],[5.7308291,50.0593563],[5.7310703,50.0595103],[5.731237,50.0596368],[5.7315085,50.0598659],[5.7316532,50.0599676],[5.7319702,50.0601915],[5.7323071,50.0603799],[5.7325972,50.0605365],[5.732673,50.0605675]]}},{"type":"Feature","properties":{"h":"service","c":4},"geometry":{"type":"LineString","coordinates":[[5.7407902,50.0496371],[5.7404674,50.0493447]]}},{"type":"Feature","properties":{"h":"track","c":4},"geometry":{"type":"LineString","coordinates":[[5.6810065,50.0042352],[5.6807614,50.004482],[5.6807308,50.0045128],[5.6804205,50.0047947]]}},{"type":"Feature","properties":{"h":"trunk","c":1},"geometry":{"type":"LineString","coordinates":[[5.6896689,50.001645],[5.689484,50.0017214]]}},{"type":"Feature","properties":{"h":"trunk","c":1},"geometry":{"type":"LineString","coordinates":[[5.689417,50.0016381],[5.6895441,50.0015856]]}},{"type":"Feature","properties":{"h":"trunk","c":1},"geometry":{"type":"LineString","coordinates":[[5.6900147,50.001391],[5.6902458,50.0012941]]}},{"type":"Feature","properties":{"h":"trunk","c":1},"geometry":{"type":"LineString","coordinates":[[5.6903256,50.0013672],[5.6901313,50.0014511]]}},{"type":"Feature","properties":{"h":"service","c":4},"geometry":{"type":"LineString","coordinates":[[5.6925403,50.0018008],[5.6925573,50.0019648],[5.692574,50.0021261],[5.6925886,50.0022881],[5.6920331,50.0023118],[5.6919051,50.0022739],[5.691976,50.0021535],[5.6920728,50.0019892],[5.692086,50.0019668],[5.6920809,50.0018845],[5.6920884,50.0018562],[5.6920959,50.0018276],[5.6925403,50.0018008]]}},{"type":"Feature","properties":{"h":"service","c":4},"geometry":{"type":"LineString","coordinates":[[5.692574,50.0021261],[5.691976,50.0021535]]}},{"type":"Feature","properties":{"h":"service","c":4},"geometry":{"type":"LineString","coordinates":[[5.6925573,50.0019648],[5.6920728,50.0019892]]}},{"type":"Feature","properties":{"h":"service","c":4},"geometry":{"type":"LineString","coordinates":[[5.6925403,50.0018008],[5.6925373,50.0017715],[5.6925332,50.0017192],[5.6925283,50.001663]]}},{"type":"Feature","properties":{"h":"service","c":4},"geometry":{"type":"LineString","coordinates":[[5.6919361,50.0018261],[5.6920108,50.0018427],[5.6920884,50.0018562]]}},{"type":"Feature","properties":{"h":"residential","c":3},"geometry":{"type":"LineString","coordinates":[[5.6977947,49.9986554],[5.697973,49.9985054]]}},{"type":"Feature","properties":{"h":"residential","c":3},"geometry":{"type":"LineString","coordinates":[[5.697973,49.9985054],[5.698022,49.9986891]]}},{"type":"Feature","properties":{"h":"tertiary","c":2},"geometry":{"type":"LineString","coordinates":[[5.6977947,49.9986554],[5.698022,49.9986891]]}},{"type":"Feature","properties":{"h":"tertiary","c":2},"geometry":{"type":"LineString","coordinates":[[5.6962298,49.9981676],[5.6961469,49.9981048]]}},{"type":"Feature","properties":{"h":"trunk","c":1},"geometry":{"type":"LineString","coordinates":[[5.70195,49.9956441],[5.7017472,49.9957447]]}},{"type":"Feature","properties":{"h":"trunk","c":1},"geometry":{"type":"LineString","coordinates":[[5.7016618,49.9956742],[5.7018492,49.9955812]]}},{"type":"Feature","properties":{"h":"service","c":4},"geometry":{"type":"LineString","coordinates":[[5.7035889,49.9949377],[5.7031132,49.9951768]]}},{"type":"Feature","properties":{"h":"service","c":4},"geometry":{"type":"LineString","coordinates":[[5.7030003,49.9949031],[5.7034956,49.9946595]]}},{"type":"Feature","properties":{"h":"unclassified","c":3},"geometry":{"type":"LineString","coordinates":[[5.6983911,49.9900758],[5.6985218,49.9899557],[5.6986864,49.9899036]]}},{"type":"Feature","properties":{"h":"unclassified","c":3},"geometry":{"type":"LineString","coordinates":[[5.6986864,49.9899036],[5.6986078,49.9900281]]}},{"type":"Feature","properties":{"h":"unclassified","c":3},"geometry":{"type":"LineString","coordinates":[[5.6986078,49.9900281],[5.698525,49.9900803],[5.6984627,49.9901197]]}},{"type":"Feature","properties":{"h":"unclassified","c":3},"geometry":{"type":"LineString","coordinates":[[5.6986078,49.9900281],[5.6986753,49.9901487],[5.6992327,49.9904872],[5.6996599,49.9908532]]}},{"type":"Feature","properties":{"h":"unclassified","c":3},"geometry":{"type":"LineString","coordinates":[[5.6975642,49.9895754],[5.6978459,49.9896544],[5.6980567,49.9897775],[5.6982597,49.9899031],[5.6983338,49.9899388],[5.6984458,49.9899517],[5.6985218,49.9899557]]}},{"type":"Feature","properties":{"h":"tertiary","c":2},"geometry":{"type":"LineString","coordinates":[[5.7114082,49.992833],[5.7113935,49.9927534],[5.7112706,49.9921629],[5.7112393,49.9920538],[5.7111877,49.9919483],[5.7111135,49.9918277]]}},{"type":"Feature","properties":{"h":"unclassified","c":3},"geometry":{"type":"LineString","coordinates":[[5.7169992,49.9878086],[5.7169246,49.9877505],[5.7167886,49.9876941]]}},{"type":"Feature","properties":{"h":"primary","c":1},"geometry":{"type":"LineString","coordinates":[[5.7203789,49.9829473],[5.720431,49.9831294],[5.7204308,49.9833129]]}},{"type":"Feature","properties":{"h":"unclassified","c":3},"geometry":{"type":"LineString","coordinates":[[5.7199583,49.9819055],[5.7200457,49.9818355],[5.7200662,49.9818125]]}},{"type":"Feature","properties":{"h":"trunk","c":1},"geometry":{"type":"LineString","coordinates":[[5.6803928,50.0043934],[5.6786404,50.0048496]]}},{"type":"Feature","properties":{"h":"trunk","c":1},"geometry":{"type":"LineString","coordinates":[[5.681818,50.003882],[5.683651,50.0034059]]}},{"type":"Feature","properties":{"h":"trunk","c":1},"geometry":{"type":"LineString","coordinates":[[5.6837497,50.003526],[5.6824106,50.0038722]]}},{"type":"Feature","properties":{"h":"trunk","c":1},"geometry":{"type":"LineString","coordinates":[[5.6853558,50.003107],[5.6837497,50.003526]]}},{"type":"Feature","properties":{"h":"trunk","c":1},"geometry":{"type":"LineString","coordinates":[[5.6861894,50.0027304],[5.6870041,50.0024852],[5.6877804,50.0022345]]}},{"type":"Feature","properties":{"h":"trunk","c":1},"geometry":{"type":"LineString","coordinates":[[5.6867656,50.0027017],[5.6855444,50.0030578],[5.6853558,50.003107]]}},{"type":"Feature","properties":{"h":"trunk","c":1},"geometry":{"type":"LineString","coordinates":[[5.6902458,50.0012941],[5.6907615,50.0010474]]}},{"type":"Feature","properties":{"h":"trunk","c":1},"geometry":{"type":"LineString","coordinates":[[5.692846,50.0001566],[5.6927069,50.0002254],[5.6918341,50.0006519]]}},{"type":"Feature","properties":{"h":"trunk","c":1},"geometry":{"type":"LineString","coordinates":[[5.6907615,50.0010474],[5.6926162,50.0001602],[5.69276,50.0000865],[5.6949597,49.9989963]]}},{"type":"Feature","properties":{"h":"trunk","c":1},"geometry":{"type":"LineString","coordinates":[[5.6949669,49.9991052],[5.692846,50.0001566]]}},{"type":"Feature","properties":{"h":"trunk","c":1},"geometry":{"type":"LineString","coordinates":[[5.6983847,49.9972988],[5.7001706,49.9964136]]}},{"type":"Feature","properties":{"h":"trunk","c":1},"geometry":{"type":"LineString","coordinates":[[5.7002533,49.9964858],[5.6986675,49.9972715]]}},{"type":"Feature","properties":{"h":"trunk","c":1},"geometry":{"type":"LineString","coordinates":[[5.7017472,49.9957447],[5.701017,49.996107]]}},{"type":"Feature","properties":{"h":"trunk","c":1},"geometry":{"type":"LineString","coordinates":[[5.7029214,49.9951635],[5.7026312,49.9953075]]}},{"type":"Feature","properties":{"h":"trunk","c":1},"geometry":{"type":"LineString","coordinates":[[5.7025296,49.9952459],[5.7029739,49.995026]]}},{"type":"Feature","properties":{"h":"trunk","c":1},"geometry":{"type":"LineString","coordinates":[[5.7029739,49.995026],[5.7035352,49.9947483],[5.7036985,49.9946674]]}},{"type":"Feature","properties":{"h":"trunk","c":1},"geometry":{"type":"LineString","coordinates":[[5.70362,49.9948169],[5.7029214,49.9951635]]}},{"type":"Feature","properties":{"h":"trunk","c":1},"geometry":{"type":"LineString","coordinates":[[5.7078541,49.9926049],[5.7087545,49.9921589]]}},{"type":"Feature","properties":{"h":"trunk","c":1},"geometry":{"type":"LineString","coordinates":[[5.7087437,49.9922838],[5.7078598,49.9927265]]}},{"type":"Feature","properties":{"h":"trunk","c":1},"geometry":{"type":"LineString","coordinates":[[5.7130889,49.9899951],[5.7133012,49.9898782],[5.7139394,49.9895031]]}},{"type":"Feature","properties":{"h":"trunk","c":1},"geometry":{"type":"LineString","coordinates":[[5.7140263,49.9895753],[5.7133959,49.9899439],[5.7127792,49.9902773]]}},{"type":"Feature","properties":{"h":"trunk","c":1},"geometry":{"type":"LineString","coordinates":[[5.7148106,49.9890566],[5.7145982,49.9892075],[5.7140263,49.9895753]]}},{"type":"Feature","properties":{"h":"trunk","c":1},"geometry":{"type":"LineString","coordinates":[[5.7139394,49.9895031],[5.7145007,49.9891434],[5.7150905,49.9887178],[5.715527,49.9883732]]}},{"type":"Feature","properties":{"h":"trunk","c":1},"geometry":{"type":"LineString","coordinates":[[5.7196478,49.9812549],[5.7196317,49.9816608],[5.7195902,49.9820359]]}},{"type":"Feature","properties":{"h":"trunk","c":1},"geometry":{"type":"LineString","coordinates":[[5.719489,49.9805437],[5.719449,49.9801483],[5.7193913,49.9797748],[5.7193127,49.9794014]]}},{"type":"Feature","properties":{"h":"tertiary","c":2},"geometry":{"type":"LineString","coordinates":[[5.7398641,50.0119056],[5.7399945,50.0119557]]}},{"type":"Feature","properties":{"h":"service","c":4},"geometry":{"type":"LineString","coordinates":[[5.7397609,50.0101152],[5.7396588,50.0101254]]}},{"type":"Feature","properties":{"h":"trunk","c":1},"geometry":{"type":"LineString","coordinates":[[5.7194475,49.982831],[5.7194132,49.9829883],[5.7192639,49.983496],[5.7188963,49.9844353]]}},{"type":"Feature","properties":{"h":"trunk","c":1},"geometry":{"type":"LineString","coordinates":[[5.719525,49.9824753],[5.7194475,49.982831]]}},{"type":"Feature","properties":{"h":"unclassified","c":3},"geometry":{"type":"LineString","coordinates":[[5.7020436,49.9886334],[5.7016136,49.98871]]}},{"type":"Feature","properties":{"h":"unclassified","c":3},"geometry":{"type":"LineString","coordinates":[[5.7016136,49.98871],[5.7019035,49.9885075]]}},{"type":"Feature","properties":{"h":"tertiary","c":2},"geometry":{"type":"LineString","coordinates":[[5.7019742,49.9883897],[5.7019649,49.9881547]]}},{"type":"Feature","properties":{"h":"tertiary","c":2},"geometry":{"type":"LineString","coordinates":[[5.7019649,49.9881547],[5.7021764,49.9883511]]}},{"type":"Feature","properties":{"h":"residential","c":3},"geometry":{"type":"LineString","coordinates":[[5.7022617,49.9883734],[5.7026275,49.9883014]]}},{"type":"Feature","properties":{"h":"residential","c":3},"geometry":{"type":"LineString","coordinates":[[5.7026275,49.9883014],[5.702364,49.9884887]]}},{"type":"Feature","properties":{"h":"tertiary","c":2},"geometry":{"type":"LineString","coordinates":[[5.7023399,49.9885634],[5.7024134,49.9887606]]}},{"type":"Feature","properties":{"h":"tertiary","c":2},"geometry":{"type":"LineString","coordinates":[[5.7024134,49.9887606],[5.7021171,49.9886448]]}},{"type":"Feature","properties":{"h":"tertiary","c":2},"geometry":{"type":"LineString","coordinates":[[5.7022617,49.9883734],[5.7023024,49.9883957],[5.702334,49.9884233],[5.7023549,49.9884549],[5.702364,49.9884887]]}},{"type":"Feature","properties":{"h":"tertiary","c":2},"geometry":{"type":"LineString","coordinates":[[5.7020436,49.9886334],[5.7019894,49.9886126],[5.701946,49.9885832],[5.7019166,49.9885472],[5.7019035,49.9885075],[5.7019055,49.988475],[5.7019184,49.9884435],[5.7019416,49.9884146],[5.7019742,49.9883897]]}},{"type":"Feature","properties":{"h":"tertiary","c":2},"geometry":{"type":"LineString","coordinates":[[5.7023399,49.9885634],[5.7023064,49.9885952],[5.7022613,49.9886205],[5.7021923,49.9886403],[5.7021171,49.9886448]]}},{"type":"Feature","properties":{"h":"service","c":4},"geometry":{"type":"LineString","coordinates":[[5.7086433,50.0011173],[5.7086647,50.001308]]}},{"type":"Feature","properties":{"h":"service","c":4},"geometry":{"type":"LineString","coordinates":[[5.7088557,50.0011361],[5.7088732,50.001296]]}},{"type":"Feature","properties":{"h":"secondary","c":2},"geometry":{"type":"LineString","coordinates":[[5.7233799,50.0059344],[5.7229121,50.0057403]]}},{"type":"Feature","properties":{"h":"tertiary","c":2},"geometry":{"type":"LineString","coordinates":[[5.7080131,50.0010617],[5.7072864,50.001006],[5.7068602,50.0009445]]}},{"type":"Feature","properties":{"h":"service","c":4},"geometry":{"type":"LineString","coordinates":[[5.764743,49.9799077],[5.7645654,49.9800013],[5.7645162,49.9800628]]}},{"type":"Feature","properties":{"h":"tertiary","c":2},"geometry":{"type":"LineString","coordinates":[[5.6995702,49.9991519],[5.6992221,49.9990334],[5.698022,49.9986891]]}},{"type":"Feature","properties":{"h":"primary","c":1},"geometry":{"type":"LineString","coordinates":[[5.6982588,50.0021958],[5.6984353,50.0022024],[5.6984683,50.0022036],[5.6987298,50.0021809]]}},{"type":"Feature","properties":{"h":"residential","c":3},"geometry":{"type":"LineString","coordinates":[[5.7451068,49.9835283],[5.7447565,49.9835847]]}},{"type":"Feature","properties":{"h":"service","c":4},"geometry":{"type":"LineString","coordinates":[[5.7708158,50.0068708],[5.770059,50.006617],[5.7698981,50.0065947],[5.7697925,50.0066281]]}},{"type":"Feature","properties":{"h":"track","c":4},"geometry":{"type":"LineString","coordinates":[[5.7806278,50.019081],[5.78064,50.0191735]]}},{"type":"Feature","properties":{"h":"track","c":4},"geometry":{"type":"LineString","coordinates":[[5.7781232,50.0213714],[5.7780552,50.0213459]]}},{"type":"Feature","properties":{"h":"residential","c":3},"geometry":{"type":"LineString","coordinates":[[5.7236411,50.0128865],[5.7246502,50.012698]]}},{"type":"Feature","properties":{"h":"tertiary","c":2},"geometry":{"type":"LineString","coordinates":[[5.7019742,49.9883897],[5.7020178,49.9883686],[5.702068,49.9883546],[5.7021219,49.9883487],[5.7021764,49.9883511]]}},{"type":"Feature","properties":{"h":"tertiary","c":2},"geometry":{"type":"LineString","coordinates":[[5.702364,49.9884887],[5.7023596,49.988527],[5.7023399,49.9885634]]}},{"type":"Feature","properties":{"h":"tertiary","c":2},"geometry":{"type":"LineString","coordinates":[[5.7021764,49.9883511],[5.7022208,49.9883595],[5.7022617,49.9883734]]}},{"type":"Feature","properties":{"h":"service","c":4},"geometry":{"type":"LineString","coordinates":[[5.7033748,50.0020158],[5.703377,50.0020595],[5.7033967,50.0024576],[5.703053,50.00247]]}},{"type":"Feature","properties":{"h":"service","c":4},"geometry":{"type":"LineString","coordinates":[[5.7015528,50.0017882],[5.7015605,50.002033],[5.7015568,50.0020607]]}},{"type":"Feature","properties":{"h":"service","c":4},"geometry":{"type":"LineString","coordinates":[[5.6995428,50.0027303],[5.6998815,50.0027303],[5.6998802,50.0025529],[5.7001437,50.0025533]]}},{"type":"Feature","properties":{"h":"service","c":4},"geometry":{"type":"LineString","coordinates":[[5.7002186,50.002512],[5.7001437,50.0025533],[5.7000399,50.0026104],[5.6998878,50.0028289],[5.6996617,50.0029283],[5.6996604,50.0031804]]}},{"type":"Feature","properties":{"h":"service","c":4},"geometry":{"type":"LineString","coordinates":[[5.6971798,50.0022419],[5.6971725,50.0022078],[5.6971495,50.0019763],[5.6971214,50.0019484],[5.6970013,50.0019484]]}},{"type":"Feature","properties":{"h":"service","c":4},"geometry":{"type":"LineString","coordinates":[[5.7045634,49.9907759],[5.7046653,49.9907183],[5.7048558,49.9908593]]}},{"type":"Feature","properties":{"h":"service","c":4},"geometry":{"type":"LineString","coordinates":[[5.7018468,49.9866319],[5.7015793,49.9863444]]}},{"type":"Feature","properties":{"h":"service","c":4},"geometry":{"type":"LineString","coordinates":[[5.7022149,49.9864884],[5.7019736,49.9862074]]}},{"type":"Feature","properties":{"h":"service","c":4},"geometry":{"type":"LineString","coordinates":[[5.6993585,49.9832066],[5.6993182,49.9833593],[5.6988848,49.9835405]]}},{"type":"Feature","properties":{"h":"service","c":4},"geometry":{"type":"LineString","coordinates":[[5.6997179,49.9827991],[5.6993618,49.9824868],[5.6990209,49.9828628],[5.6993585,49.9832066],[5.6997179,49.9827991]]}},{"type":"Feature","properties":{"h":"track","c":4},"geometry":{"type":"LineString","coordinates":[[5.7010476,49.9832323],[5.7004987,49.9828845],[5.7003985,49.9828775],[5.6993237,49.9820288],[5.6992823,49.9820085],[5.6991014,49.9819902]]}},{"type":"Feature","properties":{"h":"service","c":4},"geometry":{"type":"LineString","coordinates":[[5.7063961,49.9921825],[5.7062977,49.9922502],[5.7058174,49.9925809]]}},{"type":"Feature","properties":{"h":"service","c":4},"geometry":{"type":"LineString","coordinates":[[5.7071016,49.9880938],[5.7068151,49.9886816]]}},{"type":"Feature","properties":{"h":"service","c":4},"geometry":{"type":"LineString","coordinates":[[5.7067075,49.9881804],[5.7062462,49.9880941]]}},{"type":"Feature","properties":{"h":"service","c":4},"geometry":{"type":"LineString","coordinates":[[5.7064762,49.9887012],[5.7060545,49.9886246],[5.7062462,49.9880941],[5.7062945,49.9879604]]}},{"type":"Feature","properties":{"h":"service","c":4},"geometry":{"type":"LineString","coordinates":[[5.7051154,49.9902106],[5.7049443,49.9900745],[5.7045738,49.9898]]}},{"type":"Feature","properties":{"h":"service","c":4},"geometry":{"type":"LineString","coordinates":[[5.7091175,49.9911177],[5.7077402,49.9902853]]}},{"type":"Feature","properties":{"h":"service","c":4},"geometry":{"type":"LineString","coordinates":[[5.7084107,49.9892193],[5.7087728,49.9884339]]}},{"type":"Feature","properties":{"h":"service","c":4},"geometry":{"type":"LineString","coordinates":[[5.7081614,49.9883939],[5.7082332,49.9884263],[5.7082827,49.988488],[5.7080034,49.9891305]]}},{"type":"Feature","properties":{"h":"service","c":4},"geometry":{"type":"LineString","coordinates":[[5.7081963,49.9883051],[5.7081614,49.9883939],[5.7080965,49.9885591],[5.7079802,49.9885357],[5.7078667,49.9887873]]}},{"type":"Feature","properties":{"h":"service","c":4},"geometry":{"type":"LineString","coordinates":[[5.7047307,49.987696],[5.7047821,49.9875965],[5.7053345,49.9862923],[5.7050353,49.9862391]]}},{"type":"Feature","properties":{"h":"service","c":4},"geometry":{"type":"LineString","coordinates":[[5.70035,49.9846005],[5.700814,49.9841881],[5.7006148,49.9841002],[5.7004999,49.9839711],[5.7008751,49.9836466]]}},{"type":"Feature","properties":{"h":"service","c":4},"geometry":{"type":"LineString","coordinates":[[5.7001076,49.9847349],[5.7002061,49.9846922],[5.7002962,49.9846529],[5.70035,49.9846005],[5.7006628,49.9847483],[5.7004693,49.9849007],[5.7004068,49.98494],[5.7002868,49.9849838]]}},{"type":"Feature","properties":{"h":"service","c":4},"geometry":{"type":"LineString","coordinates":[[5.7015755,49.9899492],[5.7009958,49.9901797]]}},{"type":"Feature","properties":{"h":"service","c":4},"geometry":{"type":"LineString","coordinates":[[5.7006977,49.9899833],[5.7013701,49.9897354]]}},{"type":"Feature","properties":{"h":"service","c":4},"geometry":{"type":"LineString","coordinates":[[5.7026211,49.9890361],[5.7023223,49.9891099],[5.7022778,49.9891283],[5.7016212,49.9893998],[5.70203,49.9897972]]}},{"type":"Feature","properties":{"h":"unclassified","c":3},"geometry":{"type":"LineString","coordinates":[[5.6947918,50.0044684],[5.6949763,50.0041329]]}},{"type":"Feature","properties":{"h":"track","c":4},"geometry":{"type":"LineString","coordinates":[[5.7748575,50.0631578],[5.775018,50.0631566],[5.7759041,50.0630909],[5.7771401,50.0630101],[5.7778342,50.062968],[5.7783022,50.0629601],[5.7787031,50.062976],[5.7790766,50.0630076]]}},{"type":"Feature","properties":{"h":"track","c":4},"geometry":{"type":"LineString","coordinates":[[5.7790766,50.0630076],[5.7792699,50.0630295],[5.7795328,50.063033],[5.7799465,50.0630192],[5.7801731,50.0630091],[5.780377,50.0629873],[5.7808605,50.0629228],[5.7813594,50.0628401],[5.7816008,50.0628074],[5.7820782,50.062785],[5.7825624,50.0627506],[5.7828668,50.0627161],[5.7834716,50.0626443]]}},{"type":"Feature","properties":{"h":"primary","c":1},"geometry":{"type":"LineString","coordinates":[[5.6931204,50.0024248],[5.6935283,50.0024058],[5.6935479,50.0024049],[5.6939195,50.0023902],[5.6960074,50.0022944],[5.6971798,50.0022419],[5.6973512,50.0022353],[5.6974837,50.0022299],[5.697864,50.0022271],[5.6979217,50.0022227],[5.6980686,50.0022114]]}},{"type":"Feature","properties":{"h":"primary","c":1},"geometry":{"type":"LineString","coordinates":[[5.7019829,50.0020974],[5.7019595,50.0020981],[5.7015751,50.0021297],[5.7012751,50.0021423],[5.7001905,50.002188],[5.6994285,50.0022201],[5.699127,50.0022387],[5.6988897,50.0022462],[5.6986505,50.0022461],[5.6984828,50.0022471],[5.6984393,50.0022526],[5.698298,50.0022703]]}},{"type":"Feature","properties":{"h":"primary","c":1},"geometry":{"type":"LineString","coordinates":[[5.6982588,50.0021958],[5.6982907,50.0022307],[5.698298,50.0022703]]}},{"type":"Feature","properties":{"h":"primary","c":1},"geometry":{"type":"LineString","coordinates":[[5.698055,50.0022719],[5.6980522,50.0022351],[5.6980686,50.0022114]]}},{"type":"Feature","properties":{"h":"unclassified","c":3},"geometry":{"type":"LineString","coordinates":[[5.7029931,50.0000885],[5.7026823,50.0006052],[5.7027179,50.000622],[5.7035417,50.0007639]]}},{"type":"Feature","properties":{"h":"residential","c":3},"geometry":{"type":"LineString","coordinates":[[5.7144412,50.0009883],[5.7143036,50.0009015],[5.7141964,50.0008527],[5.7139981,50.000777]]}},{"type":"Feature","properties":{"h":"primary","c":1},"geometry":{"type":"LineString","coordinates":[[5.7128354,49.9989042],[5.7130456,49.9990312],[5.7137212,49.9994393]]}},{"type":"Feature","properties":{"h":"residential","c":3},"geometry":{"type":"LineString","coordinates":[[5.7151869,50.0016015],[5.7153028,50.0016384],[5.7154563,50.0017474],[5.7155039,50.0017806]]}},{"type":"Feature","properties":{"h":"residential","c":3},"geometry":{"type":"LineString","coordinates":[[5.7209442,50.0058987],[5.721033,50.0059267],[5.7212417,50.0060191]]}},{"type":"Feature","properties":{"h":"residential","c":3},"geometry":{"type":"LineString","coordinates":[[5.7148289,50.0018142],[5.7147804,50.0017766],[5.7146329,50.0017074],[5.7144181,50.0016441],[5.7142185,50.0016167],[5.7140152,50.0016191],[5.7137123,50.0016809],[5.7134956,50.0017381],[5.7133886,50.001723],[5.7132537,50.0016154],[5.7132112,50.0015573],[5.713188,50.0015256]]}},{"type":"Feature","properties":{"h":"residential","c":3},"geometry":{"type":"LineString","coordinates":[[5.7174917,50.0066814],[5.7176678,50.0067373],[5.7179889,50.0068091],[5.7182486,50.0068671],[5.7187091,50.0070541],[5.718825,50.007091],[5.7189626,50.0071136]]}},{"type":"Feature","properties":{"h":"primary","c":1},"geometry":{"type":"LineString","coordinates":[[5.7059839,49.9947423],[5.7068414,49.9952479],[5.7084864,49.9962398]]}},{"type":"Feature","properties":{"h":"residential","c":3},"geometry":{"type":"LineString","coordinates":[[5.7122425,49.9982035],[5.7119864,49.9983816]]}},{"type":"Feature","properties":{"h":"tertiary","c":2},"geometry":{"type":"LineString","coordinates":[[5.7144224,49.9989713],[5.7139139,49.9983937]]}},{"type":"Feature","properties":{"h":"living_street","c":3},"geometry":{"type":"LineString","coordinates":[[5.7157953,49.9990175],[5.7156881,49.999169]]}},{"type":"Feature","properties":{"h":"residential","c":3},"geometry":{"type":"LineString","coordinates":[[5.6981626,50.0024386],[5.6981545,50.0026682],[5.6981089,50.0028699],[5.6980955,50.0029354],[5.6980065,50.0032634]]}},{"type":"Feature","properties":{"h":"residential","c":3},"geometry":{"type":"LineString","coordinates":[[5.6988136,50.0019309],[5.6988016,50.001853],[5.698729,50.0017502],[5.6985966,50.0016662],[5.6981164,50.0015162],[5.6979043,50.0014551]]}},{"type":"Feature","properties":{"h":"tertiary","c":2},"geometry":{"type":"LineString","coordinates":[[5.7019694,49.9998274],[5.7011484,49.9996124],[5.7000727,49.9993165],[5.6995702,49.9991519]]}},{"type":"Feature","properties":{"h":"residential","c":3},"geometry":{"type":"LineString","coordinates":[[5.7146912,50.005743],[5.7145149,50.0056278],[5.71437,50.0055378]]}},{"type":"Feature","properties":{"h":"residential","c":3},"geometry":{"type":"LineString","coordinates":[[5.71437,50.0055378],[5.7140488,50.005316],[5.7137555,50.0051211]]}},{"type":"Feature","properties":{"h":"residential","c":3},"geometry":{"type":"LineString","coordinates":[[5.715591,50.0063267],[5.7154776,50.0063855]]}},{"type":"Feature","properties":{"h":"residential","c":3},"geometry":{"type":"LineString","coordinates":[[5.7146912,50.005743],[5.7151373,50.0060517]]}},{"type":"Feature","properties":{"h":"residential","c":3},"geometry":{"type":"LineString","coordinates":[[5.7151373,50.0060517],[5.7152252,50.0061113],[5.7154934,50.0062746],[5.715591,50.0063267]]}},{"type":"Feature","properties":{"h":"residential","c":3},"geometry":{"type":"LineString","coordinates":[[5.7229311,50.004126],[5.7230251,50.0040243],[5.7232038,50.0038365]]}},{"type":"Feature","properties":{"h":"residential","c":3},"geometry":{"type":"LineString","coordinates":[[5.7239066,50.0026421],[5.7243573,50.002762]]}},{"type":"Feature","properties":{"h":"residential","c":3},"geometry":{"type":"LineString","coordinates":[[5.7232038,50.0038365],[5.7233461,50.003687],[5.7234119,50.0035885],[5.7234601,50.0034858],[5.7238344,50.002752],[5.7238487,50.002724],[5.7239066,50.0026421],[5.7239706,50.0025661],[5.7240594,50.0024606]]}},{"type":"Feature","properties":{"h":"unclassified","c":3},"geometry":{"type":"LineString","coordinates":[[5.7388383,49.9827856],[5.7395003,49.9829269],[5.7402989,49.9830384],[5.7404403,49.9830683],[5.7405414,49.983156],[5.7405995,49.983247],[5.740688,49.9834583],[5.7408772,49.9836574],[5.7411024,49.9838856],[5.7417569,49.9840449]]}},{"type":"Feature","properties":{"h":"residential","c":3},"geometry":{"type":"LineString","coordinates":[[5.7359204,49.9929656],[5.7359711,49.9928726],[5.7367257,49.9921293],[5.7383428,49.990861],[5.7388985,49.9905859],[5.7392153,49.9903929],[5.7397898,49.98999]]}},{"type":"Feature","properties":{"h":"tertiary","c":2},"geometry":{"type":"LineString","coordinates":[[5.7466496,50.001542],[5.7467567,50.0015027],[5.7469375,50.0014231],[5.7472323,50.001238],[5.7475127,50.0007149]]}},{"type":"Feature","properties":{"h":"tertiary","c":2},"geometry":{"type":"LineString","coordinates":[[5.7473493,50.0015996],[5.7469475,50.0015695],[5.7467236,50.0015581],[5.7466496,50.001542]]}},{"type":"Feature","properties":{"h":"tertiary","c":2},"geometry":{"type":"LineString","coordinates":[[5.7550802,50.0004012],[5.7555039,50.0008984],[5.7555658,50.000964]]}},{"type":"Feature","properties":{"h":"tertiary","c":2},"geometry":{"type":"LineString","coordinates":[[5.7633811,50.0121976],[5.7634811,50.0115751],[5.7636676,50.0106311],[5.7638086,50.010368],[5.7639769,50.0101693],[5.764318,50.0099179]]}},{"type":"Feature","properties":{"h":"tertiary","c":2},"geometry":{"type":"LineString","coordinates":[[5.7235942,49.9841249],[5.7238681,49.9834674],[5.7239664,49.9832314],[5.7241129,49.9829107],[5.724279,49.9826448],[5.7244252,49.9824603],[5.7246176,49.9822235],[5.7251035,49.9816926]]}},{"type":"Feature","properties":{"h":"residential","c":3},"geometry":{"type":"LineString","coordinates":[[5.7083769,50.0023553],[5.7085209,50.0022778],[5.7088099,50.0021155],[5.7091083,50.0019356],[5.709174,50.0018827],[5.7091899,50.0018402],[5.7091912,50.0017927],[5.7091916,50.0017856],[5.7091945,50.001736]]}},{"type":"Feature","properties":{"h":"residential","c":3},"geometry":{"type":"LineString","coordinates":[[5.7186818,50.0041252],[5.7186866,50.0041869]]}},{"type":"Feature","properties":{"h":"secondary","c":2},"geometry":{"type":"LineString","coordinates":[[5.7447107,50.0071927],[5.7449966,50.0072434],[5.7453972,50.0072889],[5.7457195,50.0073085],[5.7460123,50.0073027],[5.7538638,50.0065615]]}},{"type":"Feature","properties":{"h":"secondary","c":2},"geometry":{"type":"LineString","coordinates":[[5.7326379,50.0086999],[5.7333658,50.0085733],[5.7338953,50.008436],[5.7347955,50.0081568],[5.735016,50.0080888],[5.7358133,50.0078345]]}},{"type":"Feature","properties":{"h":"residential","c":3},"geometry":{"type":"LineString","coordinates":[[5.7240594,50.0024606],[5.7239926,50.0024154],[5.7238696,50.0023321]]}},{"type":"Feature","properties":{"h":"service","c":4},"geometry":{"type":"LineString","coordinates":[[5.6939027,50.0024716],[5.693885,50.0024978],[5.6926879,50.0025522],[5.6926449,50.0025267]]}},{"type":"Feature","properties":{"h":"service","c":4},"geometry":{"type":"LineString","coordinates":[[5.6956497,50.0023904],[5.6956233,50.0024196],[5.6941064,50.0024901],[5.694078,50.0024635]]}},{"type":"Feature","properties":{"h":"service","c":4},"geometry":{"type":"LineString","coordinates":[[5.7028825,50.0020389],[5.7029462,50.0019945],[5.7046143,50.0019172],[5.7056023,50.0018714],[5.7056503,50.001908]]}},{"type":"Feature","properties":{"h":"service","c":4},"geometry":{"type":"LineString","coordinates":[[5.7057425,50.0019035],[5.7057509,50.0018634],[5.7076087,50.0017746],[5.7076383,50.0018125]]}},{"type":"Feature","properties":{"h":"primary","c":1},"geometry":{"type":"LineString","coordinates":[[5.7359204,49.9929656],[5.735708,49.9930028]]}},{"type":"Feature","properties":{"h":"track","c":4},"geometry":{"type":"LineString","coordinates":[[5.6859827,50.0402994],[5.6852692,50.0398567],[5.6850332,50.0394639],[5.6850332,50.0391091],[5.6853631,50.0384097]]}},{"type":"Feature","properties":{"h":"track","c":4},"geometry":{"type":"LineString","coordinates":[[5.6780881,50.0430353],[5.678384,50.0420272],[5.6784537,50.0419463],[5.6790814,50.0416017],[5.6792209,50.041569],[5.6798646,50.0414605],[5.6808516,50.0411814],[5.6815168,50.0411142],[5.6819138,50.0411056],[5.6833461,50.0409385],[5.6837511,50.0409247],[5.684368,50.0410333],[5.6846389,50.0410384],[5.6852022,50.0409179],[5.6858271,50.0406629],[5.6859452,50.0405682],[5.6859827,50.0402994],[5.687305,50.0395191],[5.6876644,50.0395346],[5.6878737,50.0396586],[5.6893542,50.0407361],[5.6898813,50.041128],[5.6903654,50.041446]]}},{"type":"Feature","properties":{"h":"track","c":4},"geometry":{"type":"LineString","coordinates":[[5.7551785,50.0613602],[5.7549194,50.0612849],[5.7543497,50.0610361],[5.7539107,50.0608292]]}},{"type":"Feature","properties":{"h":"primary","c":1},"geometry":{"type":"LineString","coordinates":[[5.7155113,50.0002128],[5.7154224,50.0003264]]}},{"type":"Feature","properties":{"h":"service","c":4},"geometry":{"type":"LineString","coordinates":[[5.7184041,50.008154],[5.7184526,50.008173],[5.7187663,50.008296],[5.7196427,50.0086682]]}},{"type":"Feature","properties":{"h":"tertiary","c":2},"geometry":{"type":"LineString","coordinates":[[5.7221727,49.9901544],[5.7220629,49.9901624],[5.7219437,49.9901711]]}},{"type":"Feature","properties":{"h":"service","c":4},"geometry":{"type":"LineString","coordinates":[[5.7243005,50.0143301],[5.7240098,50.0142592]]}},{"type":"Feature","properties":{"h":"service","c":4},"geometry":{"type":"LineString","coordinates":[[5.6902706,50.002142],[5.6897487,50.0021582]]}},{"type":"Feature","properties":{"h":"service","c":4},"geometry":{"type":"LineString","coordinates":[[5.6893739,50.0026459],[5.6892475,50.0024569],[5.6892036,50.0021723],[5.6897487,50.0021582],[5.689801,50.0026283]]}},{"type":"Feature","properties":{"h":"living_street","c":3},"geometry":{"type":"LineString","coordinates":[[5.7137196,50.0050974],[5.7139402,50.0049592],[5.713558,50.0047006],[5.7133185,50.0048286]]}},{"type":"Feature","properties":{"h":"residential","c":3},"geometry":{"type":"LineString","coordinates":[[5.7214761,50.001779],[5.7214555,50.0017786],[5.721436,50.0017743],[5.7214193,50.0017666],[5.7214068,50.001756],[5.7213997,50.0017436]]}},{"type":"Feature","properties":{"h":"residential","c":3},"geometry":{"type":"LineString","coordinates":[[5.7215367,50.001726],[5.7215373,50.0017407],[5.7215304,50.0017547],[5.7215168,50.0017665],[5.7214981,50.0017749],[5.7214761,50.001779]]}},{"type":"Feature","properties":{"h":"track","c":4},"geometry":{"type":"LineString","coordinates":[[5.7248073,50.0442842],[5.7248193,50.0444688],[5.7248527,50.0449731],[5.7248891,50.0452095],[5.7247844,50.0453663],[5.7244848,50.0454782],[5.7242291,50.0455446],[5.723927,50.0458068],[5.7238827,50.0458998],[5.7239119,50.0460995],[5.724006,50.0462641],[5.724242,50.0465879],[5.7244027,50.0468857],[5.7243751,50.0472197],[5.7243013,50.0474099],[5.7240216,50.0480379],[5.7240075,50.0483016],[5.7241561,50.0485925],[5.7245726,50.049066]]}},{"type":"Feature","properties":{"h":"track","c":4},"geometry":{"type":"LineString","coordinates":[[5.7173034,50.0411552],[5.7198721,50.0421464],[5.7213952,50.042494],[5.7221237,50.0428539],[5.7227775,50.0433997],[5.7232445,50.0436576],[5.7237348,50.0438629],[5.7243339,50.0440893],[5.7248073,50.0442842],[5.7265169,50.044999]]}},{"type":"Feature","properties":{"h":"track","c":4},"geometry":{"type":"LineString","coordinates":[[5.7265169,50.044999],[5.7273628,50.0454491],[5.7281177,50.0458513],[5.7284698,50.0461338],[5.7288844,50.046413],[5.7301767,50.0473017],[5.7309446,50.0478601]]}},{"type":"Feature","properties":{"h":"track","c":4},"geometry":{"type":"LineString","coordinates":[[5.7242291,50.0455446],[5.7253381,50.0454972],[5.7260537,50.0453301],[5.7267123,50.0453458],[5.7273628,50.0454491]]}},{"type":"Feature","properties":{"h":"residential","c":3},"geometry":{"type":"LineString","coordinates":[[5.7241326,49.9955529],[5.724115,49.9954804],[5.7239685,49.9951231],[5.7239515,49.9950417]]}},{"type":"Feature","properties":{"h":"service","c":4},"geometry":{"type":"LineString","coordinates":[[5.7439006,50.0020841],[5.7438554,50.0020165],[5.7431433,50.0014475]]}},{"type":"Feature","properties":{"h":"track","c":4},"geometry":{"type":"LineString","coordinates":[[5.7026952,50.0126361],[5.7027588,50.0126918],[5.7029543,50.012863],[5.703159,50.012869],[5.7033166,50.0130075]]}},{"type":"Feature","properties":{"h":"track","c":4},"geometry":{"type":"LineString","coordinates":[[5.7033166,50.0130075],[5.7034998,50.0131685],[5.7036439,50.0132184],[5.7038103,50.0132186],[5.7039696,50.0132161],[5.7041815,50.0132625]]}},{"type":"Feature","properties":{"h":"track","c":4},"geometry":{"type":"LineString","coordinates":[[5.7900568,49.9786801],[5.7899249,49.9790863],[5.7898083,49.9792334],[5.7896276,49.9800577],[5.7894532,49.9808355],[5.7893122,49.9814541],[5.7893426,49.9816539],[5.7893753,49.9817644],[5.7894596,49.9818832],[5.7895733,49.9820438],[5.7896299,49.9822107],[5.7896126,49.9823234],[5.7895609,49.9824281]]}},{"type":"Feature","properties":{"h":"unclassified","c":3},"geometry":{"type":"LineString","coordinates":[[5.7939258,49.9875706],[5.7942519,49.9874009],[5.7963287,49.9863789]]}}]}