{"type":"FeatureCollection","features":[{"type":"Feature","properties":{},"geometry":{"type":"Polygon","coordinates":[[[-1.237058,49.302347],[-1.237151,49.302344],[-1.23715,49.302326],[-1.23716,49.302325],[-1.237155,49.302268],[-1.237173,49.302267],[-1.237171,49.30224],[-1.237111,49.302242],[-1.237112,49.302252],[-1.23705,49.302255],[-1.237058,49.302347]]]}},{"type":"Feature","properties":{},"geometry":{"type":"Polygon","coordinates":[[[-1.267779,49.306636],[-1.267884,49.306566],[-1.267884,49.306552],[-1.267806,49.306502],[-1.267773,49.306502],[-1.267752,49.306517],[-1.267753,49.306538],[-1.26769,49.306579],[-1.267591,49.306596],[-1.267619,49.306664],[-1.267779,49.306636]]]}},{"type":"Feature","properties":{},"geometry":{"type":"Polygon","coordinates":[[[-1.250527,49.305536],[-1.250532,49.305539],[-1.250595,49.305485],[-1.250566,49.305468],[-1.250541,49.305488],[-1.25053,49.305484],[-1.250486,49.305519],[-1.25048,49.305517],[-1.250402,49.305584],[-1.250449,49.305607],[-1.250527,49.305536]]]}},{"type":"Feature","properties":{},"geometry":{"type":"Polygon","coordinates":[[[-1.252786,49.305873],[-1.252878,49.305847],[-1.25291,49.305838],[-1.252858,49.305755],[-1.252824,49.305764],[-1.252822,49.30576],[-1.252731,49.305784],[-1.252736,49.305791],[-1.252758,49.305826],[-1.252778,49.305859],[-1.252786,49.305873]]]}},{"type":"Feature","properties":{},"geometry":{"type":"Polygon","coordinates":[[[-1.26085,49.300842],[-1.260848,49.300827],[-1.260845,49.300779],[-1.260808,49.30078],[-1.260572,49.300783],[-1.260534,49.300784],[-1.260412,49.300786],[-1.260331,49.300786],[-1.260212,49.300788],[-1.260213,49.300849],[-1.26085,49.300842]]]}},{"type":"Feature","properties":{},"geometry":{"type":"Polygon","coordinates":[[[-1.243052,49.300965],[-1.243076,49.300951],[-1.24303,49.300919],[-1.242925,49.300977],[-1.242909,49.30099],[-1.242937,49.30101],[-1.242955,49.301],[-1.242963,49.301005],[-1.242996,49.300987],[-1.243002,49.300992],[-1.243052,49.300965]]]}},{"type":"Feature","properties":{},"geometry":{"type":"Polygon","coordinates":[[[-1.252796,49.29401],[-1.252835,49.293926],[-1.252773,49.293913],[-1.252777,49.293906],[-1.252738,49.293898],[-1.252704,49.293891],[-1.2527,49.293897],[-1.252638,49.293883],[-1.252595,49.293968],[-1.252693,49.29399],[-1.252796,49.29401]]]}},{"type":"Feature","properties":{},"geometry":{"type":"Polygon","coordinates":[[[-1.243773,49.305247],[-1.243819,49.305333],[-1.243833,49.305336],[-1.243845,49.305334],[-1.243984,49.3053],[-1.243967,49.305267],[-1.243941,49.305273],[-1.243928,49.305247],[-1.243872,49.305259],[-1.243857,49.305229],[-1.243773,49.305247]]]}},{"type":"Feature","properties":{},"geometry":{"type":"Polygon","coordinates":[[[-1.247627,49.301189],[-1.247622,49.301217],[-1.24768,49.30122],[-1.247684,49.301193],[-1.247661,49.301191],[-1.247672,49.301128],[-1.247572,49.301121],[-1.247572,49.301126],[-1.247498,49.301121],[-1.247488,49.30118],[-1.247627,49.301189]]]}},{"type":"Feature","properties":{},"geometry":{"type":"Polygon","coordinates":[[[-1.243758,49.303031],[-1.24376,49.303013],[-1.243868,49.302897],[-1.243966,49.302792],[-1.243915,49.30277],[-1.243731,49.302967],[-1.243716,49.303012],[-1.243604,49.302996],[-1.243539,49.303074],[-1.243752,49.303086],[-1.243758,49.303031]]]}},{"type":"Feature","properties":{},"geometry":{"type":"Polygon","coordinates":[[[-1.250541,49.298915],[-1.250507,49.298956],[-1.250546,49.29897],[-1.250533,49.298986],[-1.250493,49.298972],[-1.250476,49.298992],[-1.250528,49.299011],[-1.250611,49.29904],[-1.2506738,49.2989645],[-1.2505444,49.2989185],[-1.250541,49.298915]]]}},{"type":"Feature","properties":{},"geometry":{"type":"Polygon","coordinates":[[[-1.241088,49.304442],[-1.241082,49.304353],[-1.240999,49.304299],[-1.240875,49.304219],[-1.240843,49.30424],[-1.24097,49.304348],[-1.24097,49.304378],[-1.241017,49.304377],[-1.241019,49.304446],[-1.241088,49.304445],[-1.241088,49.304442]]]}},{"type":"Feature","properties":{},"geometry":{"type":"Polygon","coordinates":[[[-1.246578,49.298021],[-1.246573,49.297981],[-1.246614,49.297979],[-1.246607,49.297928],[-1.246621,49.297927],[-1.246616,49.297885],[-1.246467,49.297893],[-1.246479,49.297984],[-1.246431,49.297987],[-1.246436,49.298028],[-1.246578,49.298021]]]}},{"type":"Feature","properties":{},"geometry":{"type":"Polygon","coordinates":[[[-1.257872,49.292201],[-1.257923,49.292158],[-1.257985,49.292189],[-1.258019,49.29216],[-1.257832,49.292065],[-1.257809,49.292084],[-1.257869,49.292115],[-1.257853,49.292128],[-1.257832,49.292117],[-1.257785,49.292157],[-1.257872,49.292201]]]}},{"type":"Feature","properties":{},"geometry":{"type":"Polygon","coordinates":[[[-1.241677,49.3077657],[-1.241792,49.3077708],[-1.2418476,49.3076036],[-1.2412466,49.307482],[-1.2412096,49.3075577],[-1.2414642,49.3076106],[-1.2414779,49.3075813],[-1.2417329,49.3076342],[-1.241677,49.3077657]]]}},{"type":"Feature","properties":{},"geometry":{"type":"Polygon","coordinates":[[[-1.246881,49.299238],[-1.247013,49.299246],[-1.247024,49.299176],[-1.247027,49.299153],[-1.247031,49.299124],[-1.246972,49.29912],[-1.246968,49.299153],[-1.246924,49.29915],[-1.246923,49.299157],[-1.246894,49.299155],[-1.246881,49.299238]]]}},{"type":"Feature","properties":{},"geometry":{"type":"Polygon","coordinates":[[[-1.24385,49.304875],[-1.243875,49.304911],[-1.243953,49.304884],[-1.243854,49.304741],[-1.243898,49.304729],[-1.243839,49.304636],[-1.2437539,49.3046511],[-1.243687,49.304663],[-1.243702,49.304684],[-1.243749,49.304747],[-1.24376,49.304744],[-1.24385,49.304875]]]}},{"type":"Feature","properties":{},"geometry":{"type":"Polygon","coordinates":[[[-1.259427,49.292969],[-1.259568,49.292882],[-1.25957,49.292862],[-1.259549,49.292848],[-1.259519,49.292848],[-1.259464,49.292882],[-1.259368,49.292814],[-1.259276,49.29287],[-1.259313,49.292896],[-1.259318,49.292893],[-1.259427,49.292969]]]}},{"type":"Feature","properties":{},"geometry":{"type":"Polygon","coordinates":[[[-1.241405,49.299185],[-1.241439,49.299168],[-1.241471,49.299194],[-1.241577,49.299141],[-1.241597,49.299128],[-1.241631,49.299105],[-1.241615,49.299091],[-1.241645,49.299075],[-1.241574,49.299018],[-1.241345,49.299139],[-1.241405,49.299185]]]}},{"type":"Feature","properties":{},"geometry":{"type":"Polygon","coordinates":[[[-1.242875,49.30281],[-1.242958,49.302806],[-1.242959,49.3028],[-1.242972,49.302634],[-1.242932,49.302632],[-1.242907,49.302631],[-1.242904,49.302645],[-1.242927,49.302646],[-1.242924,49.30274],[-1.242888,49.30274],[-1.242875,49.30281]]]}},{"type":"Feature","properties":{},"geometry":{"type":"Polygon","coordinates":[[[-1.25643,49.301287],[-1.256489,49.301278],[-1.25657,49.301264],[-1.256593,49.30126],[-1.256575,49.301209],[-1.256532,49.301214],[-1.256522,49.301187],[-1.256469,49.301195],[-1.25648,49.301225],[-1.256411,49.301237],[-1.25643,49.301287]]]}},{"type":"Feature","properties":{},"geometry":{"type":"Polygon","coordinates":[[[-1.248601,49.305078],[-1.248561,49.304898],[-1.248524,49.304903],[-1.24853,49.304926],[-1.248523,49.304927],[-1.248541,49.304996],[-1.248521,49.304999],[-1.248524,49.305012],[-1.24849,49.305016],[-1.248508,49.305086],[-1.248601,49.305078]]]}},{"type":"Feature","properties":{},"geometry":{"type":"Polygon","coordinates":[[[-1.257148,49.301088],[-1.257092,49.301095],[-1.257101,49.301124],[-1.25706,49.30113],[-1.257079,49.301182],[-1.257102,49.301178],[-1.257186,49.301165],[-1.257238,49.301159],[-1.257222,49.301106],[-1.257157,49.301115],[-1.257148,49.301088]]]}},{"type":"Feature","properties":{},"geometry":{"type":"Polygon","coordinates":[[[-1.253595,49.307667],[-1.253554,49.307682],[-1.253575,49.307707],[-1.253715,49.307656],[-1.253676,49.30761],[-1.253705,49.307599],[-1.253682,49.307572],[-1.253653,49.307582],[-1.253609,49.307531],[-1.253509,49.307567],[-1.253595,49.307667]]]}},{"type":"Feature","properties":{},"geometry":{"type":"Polygon","coordinates":[[[-1.24577,49.299219],[-1.245674,49.299271],[-1.245685,49.299279],[-1.245666,49.299289],[-1.245703,49.299318],[-1.245711,49.299314],[-1.245801,49.299384],[-1.24586,49.299351],[-1.245795,49.299301],[-1.245842,49.299275],[-1.24577,49.299219]]]}},{"type":"Feature","properties":{},"geometry":{"type":"Polygon","coordinates":[[[-1.267845,49.307222],[-1.267872,49.307194],[-1.267837,49.307179],[-1.267861,49.307154],[-1.267816,49.307135],[-1.267851,49.307098],[-1.267783,49.30707],[-1.267758,49.307097],[-1.267626,49.307043],[-1.267564,49.307107],[-1.267845,49.307222]]]}},{"type":"Feature","properties":{},"geometry":{"type":"Polygon","coordinates":[[[-1.241336,49.30444],[-1.241398,49.304339],[-1.241438,49.304274],[-1.241387,49.304259],[-1.24137,49.304254],[-1.241358,49.304251],[-1.241295,49.304387],[-1.241285,49.304385],[-1.241275,49.304434],[-1.241274,49.304447],[-1.241336,49.30444]]]}},{"type":"Feature","properties":{},"geometry":{"type":"Polygon","coordinates":[[[-1.245725,49.298793],[-1.245777,49.298852],[-1.245865,49.298819],[-1.245862,49.298815],[-1.245903,49.298799],[-1.245907,49.298804],[-1.245943,49.298791],[-1.245893,49.298734],[-1.245817,49.298763],[-1.245814,49.298759],[-1.245725,49.298793]]]}},{"type":"Feature","properties":{},"geometry":{"type":"Polygon","coordinates":[[[-1.260273,49.293552],[-1.260246,49.293528],[-1.260257,49.293523],[-1.260179,49.293454],[-1.260088,49.293498],[-1.260125,49.29353],[-1.260116,49.293535],[-1.260157,49.293571],[-1.260222,49.29354],[-1.260249,49.293564],[-1.260273,49.293552]]]}},{"type":"Feature","properties":{},"geometry":{"type":"Polygon","coordinates":[[[-1.257557,49.298472],[-1.257636,49.298416],[-1.257635,49.298415],[-1.257686,49.298379],[-1.257637,49.29835],[-1.257621,49.298362],[-1.257587,49.298386],[-1.257509,49.298339],[-1.257464,49.298372],[-1.25743,49.298396],[-1.257557,49.298472]]]}},{"type":"Feature","properties":{},"geometry":{"type":"Polygon","coordinates":[[[-1.246919,49.303589],[-1.246987,49.303668],[-1.247057,49.303728],[-1.247067,49.303736],[-1.247105,49.303718],[-1.247058,49.303671],[-1.247095,49.303654],[-1.247075,49.303627],[-1.247057,49.303603],[-1.247017,49.30355],[-1.246919,49.303589]]]}},{"type":"Feature","properties":{},"geometry":{"type":"Polygon","coordinates":[[[-1.250144,49.306329],[-1.250218,49.30624],[-1.250239,49.306215],[-1.250185,49.306196],[-1.24986,49.306079],[-1.249822,49.306125],[-1.249721,49.306089],[-1.249703,49.306111],[-1.249803,49.306147],[-1.249765,49.306193],[-1.250144,49.306329]]]}},{"type":"Feature","properties":{},"geometry":{"type":"Polygon","coordinates":[[[-1.24138,49.306322],[-1.241382,49.306324],[-1.241415,49.306377],[-1.241445,49.306425],[-1.24148,49.306481],[-1.241492,49.306501],[-1.241493,49.306501],[-1.241563,49.306481],[-1.241458,49.306302],[-1.241411,49.306313],[-1.24138,49.306322]]]}},{"type":"Feature","properties":{},"geometry":{"type":"Polygon","coordinates":[[[-1.240786,49.30616],[-1.240831,49.306123],[-1.24078,49.306095],[-1.240841,49.306046],[-1.24075,49.305997],[-1.24066,49.306067],[-1.240647,49.306061],[-1.240653,49.306054],[-1.240533,49.30599],[-1.240508,49.30601],[-1.240786,49.30616]]]}},{"type":"Feature","properties":{},"geometry":{"type":"Polygon","coordinates":[[[-1.247837,49.305334],[-1.248007,49.305324],[-1.24801,49.305337],[-1.248062,49.305331],[-1.248059,49.305319],[-1.24819,49.305304],[-1.248187,49.305292],[-1.248176,49.30525],[-1.24801,49.305266],[-1.24783,49.305275],[-1.247837,49.305334]]]}},{"type":"Feature","properties":{},"geometry":{"type":"Polygon","coordinates":[[[-1.241272,49.303663],[-1.241323,49.303675],[-1.241367,49.303556],[-1.241346,49.303553],[-1.241342,49.303553],[-1.241331,49.303558],[-1.24133,49.30356],[-1.241317,49.303599],[-1.241305,49.303597],[-1.241296,49.303595],[-1.241272,49.303663]]]}},{"type":"Feature","properties":{},"geometry":{"type":"Polygon","coordinates":[[[-1.244741,49.304163],[-1.244874,49.30413],[-1.244757,49.303971],[-1.244676,49.304001],[-1.244631,49.304018],[-1.244716,49.30413],[-1.244676,49.304139],[-1.244685,49.304153],[-1.244695,49.304168],[-1.244735,49.304157],[-1.244741,49.304163]]]}},{"type":"Feature","properties":{},"geometry":{"type":"Polygon","coordinates":[[[-1.257667,49.292258],[-1.257689,49.292268],[-1.257724,49.292239],[-1.257701,49.292228],[-1.257642,49.292198],[-1.257693,49.292155],[-1.257604,49.29211],[-1.257542,49.292163],[-1.257503,49.292144],[-1.25748,49.292163],[-1.257667,49.292258]]]}},{"type":"Feature","properties":{},"geometry":{"type":"Polygon","coordinates":[[[-1.260148,49.297058],[-1.260165,49.297057],[-1.26017,49.297087],[-1.260307,49.297077],[-1.26029,49.296976],[-1.260241,49.296979],[-1.260241,49.296984],[-1.260176,49.296988],[-1.26018,49.297011],[-1.26014,49.297014],[-1.260148,49.297058]]]}},{"type":"Feature","properties":{},"geometry":{"type":"Polygon","coordinates":[[[-1.242943,49.300785],[-1.242972,49.300763],[-1.242876,49.300708],[-1.242841,49.300736],[-1.242903,49.300773],[-1.242897,49.30078],[-1.242925,49.300798],[-1.242928,49.300796],[-1.242985,49.300829],[-1.243,49.300816],[-1.242943,49.300785]]]}},{"type":"Feature","properties":{},"geometry":{"type":"Polygon","coordinates":[[[-1.241667,49.3070122],[-1.241687,49.3069712],[-1.241622,49.3069592],[-1.241573,49.3069492],[-1.241548,49.3070132],[-1.241553,49.3070152],[-1.241537,49.3070522],[-1.241605,49.3070652],[-1.241626,49.3070262],[-1.241657,49.3070322],[-1.241667,49.3070122]]]}},{"type":"Feature","properties":{},"geometry":{"type":"Polygon","coordinates":[[[-1.266393,49.308773],[-1.266354,49.308863],[-1.266478,49.308886],[-1.266493,49.308859],[-1.266455,49.30885],[-1.26648,49.308792],[-1.266472,49.30879],[-1.266495,49.308749],[-1.266426,49.308733],[-1.266406,49.308776],[-1.266393,49.308773]]]}},{"type":"Feature","properties":{},"geometry":{"type":"Polygon","coordinates":[[[-1.257032,49.292681],[-1.257112,49.292614],[-1.257135,49.292625],[-1.25717,49.292596],[-1.257021,49.29252],[-1.256998,49.292539],[-1.257058,49.292569],[-1.257041,49.292583],[-1.25702,49.292572],[-1.256944,49.292636],[-1.257032,49.292681]]]}},{"type":"Feature","properties":{},"geometry":{"type":"Polygon","coordinates":[[[-1.253408,49.306972],[-1.253491,49.30693],[-1.253444,49.3069],[-1.253433,49.306905],[-1.253144,49.306719],[-1.253182,49.30669],[-1.253127,49.306656],[-1.253039,49.30672],[-1.253035,49.306723],[-1.253373,49.306942],[-1.253408,49.306972]]]}},{"type":"Feature","properties":{},"geometry":{"type":"Polygon","coordinates":[[[-1.252341,49.300924],[-1.252504,49.30104],[-1.252613,49.300978],[-1.252576,49.300955],[-1.252535,49.300936],[-1.252486,49.300925],[-1.252485,49.300924],[-1.252461,49.300938],[-1.252449,49.300929],[-1.252396,49.300892],[-1.252341,49.300924]]]}},{"type":"Feature","properties":{},"geometry":{"type":"Polygon","coordinates":[[[-1.256174,49.293561],[-1.256226,49.293518],[-1.256287,49.29355],[-1.256322,49.293521],[-1.256084,49.2934],[-1.256062,49.293418],[-1.256171,49.293473],[-1.256155,49.293486],[-1.256133,49.293476],[-1.256086,49.293515],[-1.256174,49.293561]]]}},{"type":"Feature","properties":{},"geometry":{"type":"Polygon","coordinates":[[[-1.2664623,49.30227],[-1.264989,49.302377],[-1.265008,49.302477],[-1.265032,49.302613],[-1.265046,49.302611],[-1.265064,49.302711],[-1.26505,49.302712],[-1.265074,49.302847],[-1.265076,49.302862],[-1.2650907,49.3029384],[-1.2665616,49.3028363],[-1.2664623,49.30227]]]}},{"type":"Feature","properties":{},"geometry":{"type":"Polygon","coordinates":[[[-1.249371,49.301071],[-1.249221,49.301012],[-1.249173,49.30107],[-1.249211,49.301083],[-1.249232,49.301057],[-1.249268,49.30107],[-1.249213,49.301136],[-1.249192,49.30113],[-1.249184,49.30114],[-1.249293,49.301174],[-1.249371,49.301071]]]}},{"type":"Feature","properties":{},"geometry":{"type":"Polygon","coordinates":[[[-1.25889,49.297295],[-1.258895,49.297256],[-1.258783,49.297251],[-1.258782,49.297267],[-1.258738,49.297264],[-1.258729,49.297345],[-1.258811,49.29735],[-1.258814,49.29733],[-1.258904,49.297336],[-1.258909,49.297302],[-1.25889,49.297295]]]}},{"type":"Feature","properties":{},"geometry":{"type":"Polygon","coordinates":[[[-1.260783,49.297213],[-1.26085,49.297162],[-1.260793,49.29713],[-1.260741,49.297169],[-1.260658,49.297172],[-1.260652,49.297107],[-1.260584,49.29711],[-1.260598,49.297253],[-1.260775,49.297246],[-1.260772,49.297213],[-1.260783,49.297213]]]}},{"type":"Feature","properties":{},"geometry":{"type":"Polygon","coordinates":[[[-1.243715,49.304207],[-1.243709,49.304218],[-1.243784,49.304233],[-1.243828,49.30416],[-1.243891,49.304073],[-1.243813,49.304055],[-1.243804,49.30407],[-1.243716,49.304048],[-1.243634,49.304191],[-1.243653,49.304195],[-1.243715,49.304207]]]}},{"type":"Feature","properties":{},"geometry":{"type":"Polygon","coordinates":[[[-1.246555,49.297765],[-1.246551,49.297729],[-1.246521,49.297731],[-1.246517,49.297698],[-1.246527,49.297697],[-1.246518,49.297629],[-1.246387,49.297636],[-1.246401,49.29774],[-1.246442,49.297737],[-1.246446,49.297771],[-1.246555,49.297765]]]}},{"type":"Feature","properties":{},"geometry":{"type":"Polygon","coordinates":[[[-1.255079,49.307695],[-1.255108,49.307636],[-1.255061,49.307626],[-1.255068,49.307613],[-1.254927,49.307584],[-1.254892,49.307657],[-1.254899,49.307659],[-1.254892,49.307675],[-1.254975,49.307692],[-1.254983,49.307675],[-1.255079,49.307695]]]}},{"type":"Feature","properties":{},"geometry":{"type":"Polygon","coordinates":[[[-1.258583,49.300422],[-1.258584,49.30043],[-1.258619,49.30043],[-1.2588,49.300429],[-1.2588,49.300393],[-1.258799,49.300354],[-1.258745,49.300355],[-1.258745,49.300367],[-1.258615,49.30037],[-1.258583,49.30037],[-1.258583,49.300422]]]}},{"type":"Feature","properties":{},"geometry":{"type":"Polygon","coordinates":[[[-1.25123,49.305097],[-1.251301,49.305059],[-1.251264,49.305029],[-1.251294,49.305013],[-1.25127,49.304993],[-1.251249,49.305004],[-1.251221,49.304982],[-1.251211,49.304987],[-1.251206,49.304983],[-1.251135,49.305021],[-1.25123,49.305097]]]}},{"type":"Feature","properties":{},"geometry":{"type":"Polygon","coordinates":[[[-1.246717,49.28516],[-1.246396,49.285043],[-1.246386,49.28504],[-1.2463,49.28514],[-1.246426,49.285185],[-1.246408,49.285206],[-1.246472,49.285229],[-1.246488,49.28521],[-1.246655,49.285269],[-1.246741,49.285169],[-1.246717,49.28516]]]}},{"type":"Feature","properties":{},"geometry":{"type":"Polygon","coordinates":[[[-1.240781,49.304919],[-1.240884,49.304896],[-1.240868,49.304861],[-1.240931,49.30485],[-1.240913,49.304798],[-1.240895,49.304799],[-1.240897,49.304803],[-1.240725,49.304838],[-1.240751,49.304884],[-1.240762,49.304883],[-1.240781,49.304919]]]}},{"type":"Feature","properties":{},"geometry":{"type":"Polygon","coordinates":[[[-1.238802,49.305429],[-1.23894,49.30539],[-1.238919,49.305376],[-1.238896,49.305362],[-1.238879,49.305373],[-1.238869,49.305367],[-1.238879,49.305353],[-1.238819,49.305342],[-1.238786,49.305423],[-1.238794,49.305428],[-1.238802,49.305429]]]}},{"type":"Feature","properties":{},"geometry":{"type":"Polygon","coordinates":[[[-1.255037,49.287916],[-1.25495,49.287913],[-1.254949,49.28793],[-1.254839,49.287926],[-1.254836,49.287971],[-1.25482,49.287971],[-1.254817,49.288005],[-1.254946,49.28801],[-1.25503,49.288013],[-1.255034,49.287952],[-1.255037,49.287916]]]}},{"type":"Feature","properties":{},"geometry":{"type":"Polygon","coordinates":[[[-1.266972,49.307413],[-1.266921,49.307399],[-1.266918,49.307406],[-1.266901,49.307431],[-1.266869,49.307421],[-1.266841,49.307462],[-1.266873,49.307472],[-1.266837,49.307526],[-1.266921,49.307552],[-1.267002,49.307421],[-1.266972,49.307413]]]}},{"type":"Feature","properties":{},"geometry":{"type":"Polygon","coordinates":[[[-1.247375,49.301034],[-1.247377,49.301021],[-1.247239,49.301012],[-1.247228,49.301079],[-1.247307,49.301085],[-1.247304,49.301097],[-1.247359,49.301101],[-1.247361,49.301088],[-1.247433,49.301094],[-1.247443,49.301039],[-1.247375,49.301034]]]}},{"type":"Feature","properties":{},"geometry":{"type":"Polygon","coordinates":[[[-1.25532,49.300846],[-1.255306,49.300811],[-1.25524,49.300822],[-1.255156,49.300836],[-1.255088,49.300848],[-1.255107,49.300892],[-1.25511,49.300898],[-1.255176,49.300887],[-1.255262,49.300873],[-1.255325,49.300862],[-1.25532,49.300846]]]}},{"type":"Feature","properties":{},"geometry":{"type":"Polygon","coordinates":[[[-1.2404,49.304074],[-1.240437,49.304061],[-1.24043,49.304053],[-1.240476,49.304037],[-1.240565,49.304093],[-1.24057,49.304091],[-1.240625,49.304057],[-1.240573,49.304022],[-1.2405,49.303975],[-1.24036,49.304028],[-1.2404,49.304074]]]}},{"type":"Feature","properties":{},"geometry":{"type":"Polygon","coordinates":[[[-1.247367,49.30157],[-1.247492,49.301578],[-1.247496,49.301554],[-1.247547,49.301558],[-1.247554,49.301512],[-1.247519,49.301509],[-1.247522,49.301488],[-1.247466,49.301484],[-1.247459,49.30153],[-1.247375,49.301524],[-1.247367,49.30157]]]}},{"type":"Feature","properties":{},"geometry":{"type":"Polygon","coordinates":[[[-1.258467,49.296772],[-1.258445,49.296738],[-1.258419,49.296745],[-1.258368,49.296664],[-1.258306,49.29668],[-1.258302,49.296675],[-1.258248,49.29669],[-1.258303,49.296777],[-1.25829,49.296781],[-1.258311,49.296814],[-1.258467,49.296772]]]}},{"type":"Feature","properties":{},"geometry":{"type":"Polygon","coordinates":[[[-1.240788,49.303798],[-1.240864,49.30384],[-1.24088,49.30383],[-1.240916,49.303844],[-1.24096,49.303789],[-1.241021,49.303723],[-1.241023,49.30372],[-1.240951,49.303692],[-1.240899,49.303731],[-1.240889,49.303727],[-1.240788,49.303798]]]}},{"type":"Feature","properties":{},"geometry":{"type":"Polygon","coordinates":[[[-1.236644,49.301892],[-1.236639,49.301833],[-1.236629,49.301833],[-1.236594,49.301485],[-1.236244,49.3015],[-1.236284,49.301906],[-1.23636,49.301903],[-1.236434,49.3019],[-1.236644,49.301892]]]}},{"type":"Feature","properties":{},"geometry":{"type":"Polygon","coordinates":[[[-1.248026,49.299807],[-1.248063,49.29981],[-1.248064,49.2998],[-1.248103,49.299802],[-1.248101,49.299824],[-1.248186,49.299831],[-1.248198,49.29976],[-1.248106,49.299754],[-1.248106,49.299758],[-1.248035,49.299753],[-1.248026,49.299807]]]}},{"type":"Feature","properties":{},"geometry":{"type":"Polygon","coordinates":[[[-1.247116,49.308341],[-1.247229,49.308493],[-1.247536,49.308393],[-1.247422,49.308242],[-1.247322,49.30811],[-1.247322,49.308109],[-1.247015,49.308205],[-1.247096,49.308313],[-1.24722,49.308274],[-1.247241,49.308301],[-1.247116,49.308341]]]}},{"type":"Feature","properties":{},"geometry":{"type":"Polygon","coordinates":[[[-1.251356,49.305262],[-1.251455,49.305345],[-1.251524,49.305308],[-1.251456,49.305253],[-1.251477,49.305242],[-1.25146,49.305229],[-1.251529,49.305192],[-1.251505,49.305173],[-1.251417,49.305218],[-1.251426,49.305226],[-1.251356,49.305262]]]}},{"type":"Feature","properties":{},"geometry":{"type":"Polygon","coordinates":[[[-1.239572,49.305619],[-1.239396,49.305527],[-1.23933,49.305582],[-1.239357,49.305596],[-1.239328,49.30562],[-1.239328,49.305633],[-1.239369,49.305655],[-1.239408,49.305624],[-1.239505,49.305671],[-1.239572,49.305619]]]}},{"type":"Feature","properties":{},"geometry":{"type":"Polygon","coordinates":[[[-1.257808,49.291888],[-1.257838,49.291903],[-1.257885,49.291864],[-1.257907,49.291874],[-1.257889,49.291889],[-1.257986,49.291939],[-1.258055,49.291882],[-1.257951,49.291829],[-1.257968,49.291814],[-1.257924,49.291792],[-1.257808,49.291888]]]}},{"type":"Feature","properties":{},"geometry":{"type":"Polygon","coordinates":[[[-1.246101,49.306179],[-1.245812,49.306183],[-1.245778,49.306183],[-1.245794,49.306241],[-1.246017,49.306239],[-1.246017,49.306229],[-1.246427,49.306225],[-1.246425,49.306174],[-1.246373,49.306175],[-1.246229,49.306177],[-1.246101,49.306179]]]}},{"type":"Feature","properties":{},"geometry":{"type":"Polygon","coordinates":[[[-1.238274,49.308885],[-1.238216,49.30886],[-1.238038,49.309005],[-1.238071,49.309022],[-1.238108,49.308993],[-1.238132,49.309006],[-1.238161,49.308982],[-1.238174,49.308989],[-1.238213,49.308956],[-1.2382,49.308949],[-1.238274,49.308885]]]}},{"type":"Feature","properties":{},"geometry":{"type":"Polygon","coordinates":[[[-1.246193,49.305078],[-1.246165,49.305135],[-1.246184,49.305139],[-1.246168,49.305172],[-1.246146,49.305169],[-1.246128,49.305213],[-1.246174,49.305223],[-1.246189,49.305192],[-1.246243,49.305201],[-1.246277,49.305103],[-1.246193,49.305078]]]}},{"type":"Feature","properties":{},"geometry":{"type":"Polygon","coordinates":[[[-1.255654,49.293485],[-1.255683,49.2935],[-1.255749,49.293533],[-1.255702,49.293573],[-1.255746,49.293596],[-1.255892,49.293473],[-1.255863,49.293459],[-1.255835,49.293482],[-1.25575,49.29344],[-1.255725,49.293427],[-1.255654,49.293485]]]}},{"type":"Feature","properties":{},"geometry":{"type":"Polygon","coordinates":[[[-1.24472,49.304729],[-1.244744,49.304838],[-1.244751,49.304858],[-1.24479,49.304851],[-1.244802,49.304849],[-1.244821,49.304845],[-1.244824,49.304803],[-1.244839,49.304737],[-1.244795,49.304734],[-1.244772,49.304732],[-1.24472,49.304729]]]}},{"type":"Feature","properties":{},"geometry":{"type":"Polygon","coordinates":[[[-1.244053,49.303924],[-1.244058,49.303856],[-1.244009,49.303855],[-1.244016,49.303777],[-1.243908,49.303774],[-1.243901,49.303855],[-1.243832,49.303853],[-1.243841,49.303964],[-1.243883,49.303967],[-1.243886,49.303919],[-1.244053,49.303924]]]}},{"type":"Feature","properties":{},"geometry":{"type":"Polygon","coordinates":[[[-1.24345,49.30095],[-1.24349,49.300956],[-1.243571,49.300928],[-1.243706,49.300887],[-1.243668,49.300838],[-1.243512,49.300889],[-1.243499,49.300871],[-1.243444,49.300888],[-1.243458,49.300907],[-1.243408,49.300923],[-1.24345,49.30095]]]}},{"type":"Feature","properties":{},"geometry":{"type":"Polygon","coordinates":[[[-1.24756,49.303305],[-1.24767,49.303375],[-1.247679,49.303368],[-1.247697,49.303377],[-1.247706,49.303369],[-1.247759,49.303398],[-1.247806,49.303361],[-1.247691,49.303307],[-1.247685,49.30331],[-1.247619,49.303269],[-1.24756,49.303305]]]}},{"type":"Feature","properties":{},"geometry":{"type":"Polygon","coordinates":[[[-1.253877,49.309612],[-1.253908,49.309644],[-1.253938,49.30963],[-1.253976,49.309667],[-1.254043,49.309638],[-1.254079,49.309622],[-1.254147,49.309593],[-1.254023,49.309461],[-1.253847,49.309528],[-1.253911,49.309598],[-1.253877,49.309612]]]}},{"type":"Feature","properties":{},"geometry":{"type":"Polygon","coordinates":[[[-1.24777,49.297595],[-1.247782,49.2976],[-1.247748,49.297629],[-1.247831,49.29767],[-1.247864,49.297641],[-1.24787,49.297644],[-1.247959,49.297566],[-1.247866,49.29752],[-1.247809,49.297569],[-1.247804,49.297566],[-1.24777,49.297595]]]}},{"type":"Feature","properties":{},"geometry":{"type":"Polygon","coordinates":[[[-1.251225,49.295586],[-1.251271,49.295531],[-1.251162,49.295493],[-1.251179,49.295473],[-1.251081,49.295439],[-1.251019,49.295515],[-1.25106,49.295529],[-1.251041,49.295552],[-1.251145,49.295589],[-1.251164,49.295565],[-1.251225,49.295586]]]}},{"type":"Feature","properties":{},"geometry":{"type":"Polygon","coordinates":[[[-1.2607787,49.3122026],[-1.2608784,49.3122301],[-1.2609712,49.3120871],[-1.2611852,49.3121461],[-1.2612355,49.3120686],[-1.2612142,49.3120627],[-1.2611981,49.3120875],[-1.2609709,49.3120249],[-1.2609471,49.3120617],[-1.2608818,49.3120437],[-1.2607787,49.3122026]]]}},{"type":"Feature","properties":{},"geometry":{"type":"Polygon","coordinates":[[[-1.242582,49.30443],[-1.242595,49.304426],[-1.242607,49.304406],[-1.242611,49.3044],[-1.242577,49.304392],[-1.242466,49.304409],[-1.242435,49.304415],[-1.242436,49.304461],[-1.242447,49.304526],[-1.242599,49.304496],[-1.242582,49.30443]]]}},{"type":"Feature","properties":{},"geometry":{"type":"Polygon","coordinates":[[[-1.258496,49.297886],[-1.25856,49.297947],[-1.258582,49.297921],[-1.25859,49.297921],[-1.25872,49.297861],[-1.258649,49.297796],[-1.258593,49.297821],[-1.258522,49.297854],[-1.258518,49.297856],[-1.258517,49.297863],[-1.258496,49.297886]]]}},{"type":"Feature","properties":{},"geometry":{"type":"Polygon","coordinates":[[[-1.256952,49.29823],[-1.256948,49.298146],[-1.256816,49.298148],[-1.256781,49.298149],[-1.256762,49.298149],[-1.256765,49.298233],[-1.256817,49.298233],[-1.256853,49.298232],[-1.25689,49.298231],[-1.256934,49.29823],[-1.256952,49.29823]]]}},{"type":"Feature","properties":{},"geometry":{"type":"Polygon","coordinates":[[[-1.255274,49.295902],[-1.255329,49.295878],[-1.255336,49.295883],[-1.255356,49.295902],[-1.255391,49.295886],[-1.255384,49.29588],[-1.255311,49.295814],[-1.255306,49.29581],[-1.255291,49.295796],[-1.255201,49.295837],[-1.255274,49.295902]]]}},{"type":"Feature","properties":{},"geometry":{"type":"Polygon","coordinates":[[[-1.25008,49.299018],[-1.250143,49.298961],[-1.25012,49.29895],[-1.250048,49.298917],[-1.250022,49.298941],[-1.250011,49.298935],[-1.249999,49.298947],[-1.250011,49.298952],[-1.249986,49.298975],[-1.250004,49.298983],[-1.25008,49.299018]]]}},{"type":"Feature","properties":{},"geometry":{"type":"Polygon","coordinates":[[[-1.257602,49.299093],[-1.257643,49.299079],[-1.257647,49.299083],[-1.257773,49.299038],[-1.257721,49.298976],[-1.257653,49.298999],[-1.257636,49.298978],[-1.257565,49.299003],[-1.257582,49.299024],[-1.257554,49.299035],[-1.257602,49.299093]]]}},{"type":"Feature","properties":{},"geometry":{"type":"Polygon","coordinates":[[[-1.255956,49.296335],[-1.256057,49.296287],[-1.256018,49.29625],[-1.256027,49.296247],[-1.256057,49.296234],[-1.256034,49.296212],[-1.256023,49.296217],[-1.255924,49.296261],[-1.255913,49.296265],[-1.255893,49.296274],[-1.255956,49.296335]]]}},{"type":"Feature","properties":{},"geometry":{"type":"Polygon","coordinates":[[[-1.251687,49.303272],[-1.251717,49.303267],[-1.251705,49.303237],[-1.251878,49.303207],[-1.25185,49.303134],[-1.251803,49.303141],[-1.2518,49.303132],[-1.25167,49.303152],[-1.251673,49.30316],[-1.251646,49.303164],[-1.251687,49.303272]]]}},{"type":"Feature","properties":{},"geometry":{"type":"Polygon","coordinates":[[[-1.24637,49.305057],[-1.246407,49.305004],[-1.24637,49.304994],[-1.246388,49.304967],[-1.246432,49.304979],[-1.246457,49.304954],[-1.246488,49.304923],[-1.246425,49.304895],[-1.246345,49.304948],[-1.246282,49.305033],[-1.24637,49.305057]]]}},{"type":"Feature","properties":{},"geometry":{"type":"Polygon","coordinates":[[[-1.248764,49.303947],[-1.248795,49.303962],[-1.248775,49.30398],[-1.248847,49.304014],[-1.248882,49.303982],[-1.248927,49.304004],[-1.249001,49.303939],[-1.248883,49.303883],[-1.248867,49.303898],[-1.248834,49.303883],[-1.248764,49.303947]]]}},{"type":"Feature","properties":{},"geometry":{"type":"Polygon","coordinates":[[[-1.255622,49.287713],[-1.255548,49.287709],[-1.255548,49.287716],[-1.255496,49.287711],[-1.25548,49.287796],[-1.255541,49.2878],[-1.25554,49.287823],[-1.255613,49.287828],[-1.255618,49.28779],[-1.255614,49.28779],[-1.255622,49.287713]]]}},{"type":"Feature","properties":{},"geometry":{"type":"Polygon","coordinates":[[[-1.264779,49.31021],[-1.265005,49.310089],[-1.265159,49.309965],[-1.265079,49.309931],[-1.264928,49.310051],[-1.264741,49.310155],[-1.264647,49.310129],[-1.26463,49.310154],[-1.2647,49.310175],[-1.264727,49.310187],[-1.264779,49.31021]]]}},{"type":"Feature","properties":{},"geometry":{"type":"Polygon","coordinates":[[[-1.253376,49.315097],[-1.25339,49.315091],[-1.253414,49.315116],[-1.253536,49.31524],[-1.253677,49.315181],[-1.253693,49.315197],[-1.253888,49.315116],[-1.253693,49.314915],[-1.253463,49.315011],[-1.253342,49.315062],[-1.253376,49.315097]]]}},{"type":"Feature","properties":{},"geometry":{"type":"Polygon","coordinates":[[[-1.261118,49.296126],[-1.261011,49.296136],[-1.26101,49.296147],[-1.260966,49.29615],[-1.260979,49.296224],[-1.261041,49.296218],[-1.261045,49.296232],[-1.261155,49.296222],[-1.261147,49.296186],[-1.261131,49.296188],[-1.261118,49.296126]]]}},{"type":"Feature","properties":{},"geometry":{"type":"Polygon","coordinates":[[[-1.255247,49.297888],[-1.255344,49.297884],[-1.255342,49.297862],[-1.255357,49.297862],[-1.255349,49.297776],[-1.255279,49.297778],[-1.255277,49.297748],[-1.255237,49.297749],[-1.255238,49.297757],[-1.255244,49.297837],[-1.255247,49.297888]]]}},{"type":"Feature","properties":{},"geometry":{"type":"Polygon","coordinates":[[[-1.256686,49.293053],[-1.256663,49.293072],[-1.256722,49.293102],[-1.256706,49.293116],[-1.256685,49.293105],[-1.256608,49.29317],[-1.256697,49.293215],[-1.256778,49.293148],[-1.256799,49.293159],[-1.256835,49.293129],[-1.256686,49.293053]]]}},{"type":"Feature","properties":{},"geometry":{"type":"Polygon","coordinates":[[[-1.240509,49.305134],[-1.240548,49.305155],[-1.240556,49.305149],[-1.240597,49.305172],[-1.240634,49.305143],[-1.240594,49.305121],[-1.240621,49.305097],[-1.240591,49.30508],[-1.240538,49.305052],[-1.240461,49.305107],[-1.240509,49.305134]]]}},{"type":"Feature","properties":{},"geometry":{"type":"Polygon","coordinates":[[[-1.257613,49.292508],[-1.257649,49.292478],[-1.257588,49.292446],[-1.25764,49.292404],[-1.257551,49.292358],[-1.257503,49.292397],[-1.257525,49.292409],[-1.257508,49.292423],[-1.257448,49.292392],[-1.257426,49.292411],[-1.257613,49.292508]]]}},{"type":"Feature","properties":{},"geometry":{"type":"Polygon","coordinates":[[[-1.250836,49.298647],[-1.250853,49.298651],[-1.250875,49.298616],[-1.250751,49.298582],[-1.250718,49.298633],[-1.250678,49.298623],[-1.250648,49.298671],[-1.250688,49.298681],[-1.250686,49.298685],[-1.250794,49.298714],[-1.250836,49.298647]]]}},{"type":"Feature","properties":{},"geometry":{"type":"Polygon","coordinates":[[[-1.253159,49.295365],[-1.253123,49.295459],[-1.253057,49.295623],[-1.253392,49.295703],[-1.253531,49.295556],[-1.25342,49.295513],[-1.253321,49.29562],[-1.253157,49.29558],[-1.253199,49.295472],[-1.253233,49.295379],[-1.253159,49.295365]]]}},{"type":"Feature","properties":{},"geometry":{"type":"Polygon","coordinates":[[[-1.250816,49.306043],[-1.250946,49.306088],[-1.250986,49.306101],[-1.251006,49.306076],[-1.251087,49.306104],[-1.251129,49.306051],[-1.251133,49.306047],[-1.251051,49.306019],[-1.251087,49.305974],[-1.250916,49.305914],[-1.250816,49.306043]]]}},{"type":"Feature","properties":{},"geometry":{"type":"Polygon","coordinates":[[[-1.256534,49.296236],[-1.256536,49.296218],[-1.256537,49.296211],[-1.256545,49.296132],[-1.256546,49.296125],[-1.256504,49.296123],[-1.256502,49.296146],[-1.256502,49.296153],[-1.256433,49.29615],[-1.256425,49.29623],[-1.256534,49.296236]]]}},{"type":"Feature","properties":{},"geometry":{"type":"Polygon","coordinates":[[[-1.261199,49.298989],[-1.261203,49.299112],[-1.261335,49.29911],[-1.261333,49.299016],[-1.261324,49.299017],[-1.261323,49.298988],[-1.261322,49.298959],[-1.26133,49.298959],[-1.261327,49.298866],[-1.261195,49.298868],[-1.261199,49.298989]]]}},{"type":"Feature","properties":{},"geometry":{"type":"Polygon","coordinates":[[[-1.24271,49.303878],[-1.242697,49.303876],[-1.242709,49.303849],[-1.242693,49.303846],[-1.242712,49.303797],[-1.242689,49.303792],[-1.242649,49.303899],[-1.242644,49.303913],[-1.242637,49.303931],[-1.242684,49.303939],[-1.24271,49.303878]]]}},{"type":"Feature","properties":{},"geometry":{"type":"Polygon","coordinates":[[[-1.248456,49.298593],[-1.248465,49.298523],[-1.248377,49.298516],[-1.248338,49.298513],[-1.248337,49.298522],[-1.248297,49.298518],[-1.248291,49.298551],[-1.248333,49.298555],[-1.248327,49.298583],[-1.248367,49.298586],[-1.248456,49.298593]]]}},{"type":"Feature","properties":{},"geometry":{"type":"Polygon","coordinates":[[[-1.242356,49.3078132],[-1.2424529,49.3078318],[-1.242455,49.3078273],[-1.2425678,49.3078489],[-1.2425887,49.3078027],[-1.2424752,49.307781],[-1.2424796,49.3077712],[-1.2424421,49.307764],[-1.2424447,49.3077581],[-1.2423859,49.3077468],[-1.242356,49.3078132]]]}},{"type":"Feature","properties":{},"geometry":{"type":"Polygon","coordinates":[[[-1.244934,49.303311],[-1.244966,49.303354],[-1.245016,49.303323],[-1.245049,49.303303],[-1.245117,49.303261],[-1.245093,49.303262],[-1.245066,49.303245],[-1.245058,49.303241],[-1.245041,49.303253],[-1.245027,49.303246],[-1.244934,49.303311]]]}},{"type":"Feature","properties":{},"geometry":{"type":"Polygon","coordinates":[[[-1.242797,49.300384],[-1.242853,49.300417],[-1.242895,49.300394],[-1.242899,49.300397],[-1.242931,49.300375],[-1.242899,49.300357],[-1.242968,49.300306],[-1.242864,49.300246],[-1.242775,49.300309],[-1.242843,49.30035],[-1.242797,49.300384]]]}},{"type":"Feature","properties":{},"geometry":{"type":"Polygon","coordinates":[[[-1.249391,49.300817],[-1.249424,49.300825],[-1.249506,49.300845],[-1.249524,49.30085],[-1.249603,49.300707],[-1.249488,49.300674],[-1.249467,49.300707],[-1.2495,49.300715],[-1.249453,49.300796],[-1.249414,49.300784],[-1.249391,49.300817]]]}},{"type":"Feature","properties":{},"geometry":{"type":"Polygon","coordinates":[[[-1.245665,49.299448],[-1.245631,49.299422],[-1.245639,49.299418],[-1.245596,49.299385],[-1.245547,49.299412],[-1.245552,49.299416],[-1.245447,49.299475],[-1.245527,49.299536],[-1.245575,49.299508],[-1.245568,49.299503],[-1.245665,49.299448]]]}},{"type":"Feature","properties":{},"geometry":{"type":"Polygon","coordinates":[[[-1.251639,49.305515],[-1.251644,49.305512],[-1.251679,49.305538],[-1.251811,49.305462],[-1.251779,49.305436],[-1.251726,49.305468],[-1.251691,49.305442],[-1.251688,49.305444],[-1.251633,49.305403],[-1.251554,49.305447],[-1.251639,49.305515]]]}},{"type":"Feature","properties":{},"geometry":{"type":"Polygon","coordinates":[[[-1.256567,49.292924],[-1.256596,49.292939],[-1.256662,49.292884],[-1.256744,49.292925],[-1.256812,49.292868],[-1.25678,49.292852],[-1.256828,49.292812],[-1.256794,49.292795],[-1.256846,49.292751],[-1.256802,49.292729],[-1.256567,49.292924]]]}},{"type":"Feature","properties":{},"geometry":{"type":"Polygon","coordinates":[[[-1.259501,49.29691],[-1.259396,49.296934],[-1.259393,49.296927],[-1.25934,49.29694],[-1.259383,49.297016],[-1.259394,49.297013],[-1.259405,49.297033],[-1.259505,49.29701],[-1.259494,49.296988],[-1.259538,49.296978],[-1.259501,49.29691]]]}},{"type":"Feature","properties":{},"geometry":{"type":"Polygon","coordinates":[[[-1.257179,49.295516],[-1.257159,49.295546],[-1.257233,49.295567],[-1.257254,49.295531],[-1.257284,49.295483],[-1.257236,49.29547],[-1.257164,49.29545],[-1.25715,49.295447],[-1.25712,49.295499],[-1.257166,49.295512],[-1.257179,49.295516]]]}},{"type":"Feature","properties":{},"geometry":{"type":"Polygon","coordinates":[[[-1.257486,49.296324],[-1.25737,49.296332],[-1.257384,49.296404],[-1.257373,49.296405],[-1.25738,49.296443],[-1.257504,49.296436],[-1.257499,49.296398],[-1.257487,49.296398],[-1.257482,49.296362],[-1.257492,49.296361],[-1.257486,49.296324]]]}},{"type":"Feature","properties":{},"geometry":{"type":"Polygon","coordinates":[[[-1.2505444,49.2989185],[-1.2506738,49.2989645],[-1.2507576,49.2988643],[-1.2507009,49.2988441],[-1.2506281,49.2988183],[-1.2506189,49.2988293],[-1.2506115,49.2988382],[-1.2506024,49.2988491],[-1.2505444,49.2989185]]]}},{"type":"Feature","properties":{},"geometry":{"type":"Polygon","coordinates":[[[-1.257603,49.294471],[-1.257599,49.294477],[-1.25772,49.294509],[-1.257762,49.294441],[-1.257646,49.294411],[-1.25765,49.294404],[-1.257629,49.294399],[-1.257641,49.294379],[-1.257613,49.294371],[-1.257559,49.294459],[-1.257603,49.294471]]]}},{"type":"Feature","properties":{},"geometry":{"type":"Polygon","coordinates":[[[-1.25228,49.30313],[-1.252263,49.303088],[-1.252096,49.303119],[-1.252121,49.303179],[-1.252131,49.303177],[-1.252141,49.303202],[-1.252192,49.303193],[-1.252182,49.303169],[-1.252253,49.303156],[-1.252244,49.303136],[-1.25228,49.30313]]]}},{"type":"Feature","properties":{},"geometry":{"type":"Polygon","coordinates":[[[-1.264402,49.296459],[-1.264355,49.296459],[-1.264355,49.296491],[-1.264403,49.296491],[-1.264402,49.296518],[-1.264487,49.296518],[-1.264487,49.296491],[-1.264538,49.296492],[-1.264538,49.296419],[-1.264401,49.296417],[-1.264402,49.296459]]]}},{"type":"Feature","properties":{},"geometry":{"type":"Polygon","coordinates":[[[-1.253028,49.308337],[-1.253324,49.308661],[-1.25337,49.308619],[-1.25322,49.308452],[-1.253397,49.308384],[-1.253432,49.308423],[-1.253548,49.308378],[-1.253513,49.308338],[-1.253692,49.308269],[-1.253561,49.308126],[-1.253028,49.308337]]]}},{"type":"Feature","properties":{},"geometry":{"type":"Polygon","coordinates":[[[-1.239171,49.303529],[-1.239211,49.303478],[-1.239239,49.303443],[-1.239195,49.303428],[-1.239189,49.303436],[-1.239184,49.303434],[-1.239157,49.303471],[-1.239151,49.30347],[-1.239096,49.303543],[-1.239146,49.303559],[-1.239171,49.303529]]]}},{"type":"Feature","properties":{},"geometry":{"type":"Polygon","coordinates":[[[-1.260512,49.294515],[-1.260446,49.294458],[-1.26043,49.294465],[-1.260383,49.294423],[-1.2603,49.294463],[-1.260357,49.294514],[-1.260368,49.294508],[-1.260409,49.294545],[-1.260423,49.294591],[-1.260531,49.294577],[-1.260512,49.294515]]]}},{"type":"Feature","properties":{},"geometry":{"type":"Polygon","coordinates":[[[-1.256052,49.295841],[-1.256111,49.295781],[-1.256008,49.295739],[-1.255969,49.295777],[-1.25596,49.295774],[-1.255931,49.295762],[-1.255908,49.295784],[-1.255919,49.295788],[-1.256022,49.295829],[-1.256031,49.295833],[-1.256052,49.295841]]]}},{"type":"Feature","properties":{},"geometry":{"type":"Polygon","coordinates":[[[-1.254422,49.300496],[-1.254539,49.300478],[-1.254526,49.300444],[-1.254456,49.300455],[-1.25445,49.30044],[-1.254519,49.300429],[-1.254492,49.300356],[-1.254464,49.30036],[-1.254461,49.300351],[-1.254373,49.300365],[-1.254422,49.300496]]]}},{"type":"Feature","properties":{},"geometry":{"type":"Polygon","coordinates":[[[-1.244063,49.304388],[-1.2440701,49.3043892],[-1.244105,49.304395],[-1.24412,49.304397],[-1.244153,49.304336],[-1.2440996,49.3043254],[-1.244052,49.304316],[-1.244056,49.304301],[-1.244033,49.304299],[-1.244027,49.304312],[-1.243987,49.304306],[-1.243951,49.304368],[-1.2440389,49.3043837],[-1.244063,49.304388]]]}},{"type":"Feature","properties":{},"geometry":{"type":"Polygon","coordinates":[[[-1.257072,49.298606],[-1.257121,49.2986],[-1.257118,49.298588],[-1.257246,49.298572],[-1.257221,49.298488],[-1.257112,49.298501],[-1.257116,49.298516],[-1.257096,49.298518],[-1.257047,49.298524],[-1.257063,49.298575],[-1.257072,49.298606]]]}},{"type":"Feature","properties":{},"geometry":{"type":"Polygon","coordinates":[[[-1.243237,49.300895],[-1.243201,49.300878],[-1.243141,49.300843],[-1.243135,49.300848],[-1.243068,49.300897],[-1.24303,49.300919],[-1.243076,49.300951],[-1.24314,49.300917],[-1.243168,49.300933],[-1.243178,49.300938],[-1.243237,49.300895]]]}},{"type":"Feature","properties":{},"geometry":{"type":"Polygon","coordinates":[[[-1.251372,49.30348],[-1.251357,49.303437],[-1.251254,49.303451],[-1.251192,49.303449],[-1.25116,49.303501],[-1.251204,49.303514],[-1.251224,49.303483],[-1.251256,49.303492],[-1.251254,49.303494],[-1.251255,49.303496],[-1.251372,49.30348]]]}},{"type":"Feature","properties":{},"geometry":{"type":"Polygon","coordinates":[[[-1.254119,49.30069],[-1.254246,49.300669],[-1.254233,49.300634],[-1.254247,49.300632],[-1.254239,49.300612],[-1.254225,49.300614],[-1.254211,49.300576],[-1.254113,49.300592],[-1.254138,49.300658],[-1.254108,49.300663],[-1.254119,49.30069]]]}},{"type":"Feature","properties":{},"geometry":{"type":"Polygon","coordinates":[[[-1.254046,49.295765],[-1.2537,49.295712],[-1.253687,49.29573],[-1.253633,49.295715],[-1.253594,49.295769],[-1.253812,49.295832],[-1.253841,49.29579],[-1.253935,49.295805],[-1.254026,49.295818],[-1.254033,49.295799],[-1.254046,49.295765]]]}},{"type":"Feature","properties":{},"geometry":{"type":"Polygon","coordinates":[[[-1.24349,49.292063],[-1.243571,49.292059],[-1.243573,49.292046],[-1.243634,49.292046],[-1.243631,49.291959],[-1.243621,49.291959],[-1.24362,49.291933],[-1.243572,49.291934],[-1.243566,49.291826],[-1.24348,49.291827],[-1.24349,49.292063]]]}},{"type":"Feature","properties":{},"geometry":{"type":"Polygon","coordinates":[[[-1.255451,49.301486],[-1.255506,49.301477],[-1.255589,49.301464],[-1.255612,49.301461],[-1.255594,49.301407],[-1.255549,49.301413],[-1.255539,49.301386],[-1.255481,49.301395],[-1.255492,49.301423],[-1.255431,49.301433],[-1.255451,49.301486]]]}},{"type":"Feature","properties":{},"geometry":{"type":"Polygon","coordinates":[[[-1.240764,49.305464],[-1.240635,49.305395],[-1.240546,49.305467],[-1.240633,49.305514],[-1.240621,49.305523],[-1.240723,49.305577],[-1.240733,49.305569],[-1.240818,49.305614],[-1.240908,49.305542],[-1.240905,49.30554],[-1.240764,49.305464]]]}},{"type":"Feature","properties":{},"geometry":{"type":"Polygon","coordinates":[[[-1.255866,49.300033],[-1.255856,49.300009],[-1.25579,49.30002],[-1.255704,49.300035],[-1.255639,49.300045],[-1.255654,49.300086],[-1.255658,49.300096],[-1.255724,49.300086],[-1.255809,49.300071],[-1.255875,49.30006],[-1.255866,49.300033]]]}},{"type":"Feature","properties":{},"geometry":{"type":"Polygon","coordinates":[[[-1.258019,49.29216],[-1.258054,49.292131],[-1.257994,49.2921],[-1.258043,49.292059],[-1.257955,49.292013],[-1.257907,49.292054],[-1.257929,49.292064],[-1.257914,49.292077],[-1.257854,49.292046],[-1.257832,49.292065],[-1.258019,49.29216]]]}},{"type":"Feature","properties":{},"geometry":{"type":"Polygon","coordinates":[[[-1.258116,49.293123],[-1.258191,49.293077],[-1.258162,49.293056],[-1.258176,49.293048],[-1.258147,49.293028],[-1.258139,49.293033],[-1.258108,49.293011],[-1.258096,49.293018],[-1.258067,49.292997],[-1.257997,49.29304],[-1.258116,49.293123]]]}},{"type":"Feature","properties":{},"geometry":{"type":"Polygon","coordinates":[[[-1.249783,49.303795],[-1.249614,49.303949],[-1.249753,49.304024],[-1.250081,49.303795],[-1.249945,49.303714],[-1.249977,49.303688],[-1.250151,49.303737],[-1.250203,49.303768],[-1.250257,49.30373],[-1.249949,49.303643],[-1.249783,49.303795]]]}},{"type":"Feature","properties":{},"geometry":{"type":"Polygon","coordinates":[[[-1.2473,49.285527],[-1.247292,49.285536],[-1.247316,49.285544],[-1.247324,49.285536],[-1.247406,49.285566],[-1.247408,49.285564],[-1.247679,49.285248],[-1.247681,49.285245],[-1.247443,49.285157],[-1.247166,49.285477],[-1.2473,49.285527]]]}},{"type":"Feature","properties":{},"geometry":{"type":"Polygon","coordinates":[[[-1.244398,49.30456],[-1.244434,49.304656],[-1.244462,49.304653],[-1.244482,49.304725],[-1.244483,49.304725],[-1.244537,49.304722],[-1.24452,49.304636],[-1.244586,49.304633],[-1.244589,49.304633],[-1.244581,49.304555],[-1.2445404,49.3045561],[-1.2444661,49.3045581],[-1.244398,49.30456]]]}},{"type":"Feature","properties":{},"geometry":{"type":"Polygon","coordinates":[[[-1.266495,49.308557],[-1.266591,49.308581],[-1.266609,49.308547],[-1.266655,49.308558],[-1.266674,49.308525],[-1.26663,49.308514],[-1.266706,49.308386],[-1.266743,49.308321],[-1.266664,49.308301],[-1.26661,49.308364],[-1.266495,49.308557]]]}},{"type":"Feature","properties":{},"geometry":{"type":"Polygon","coordinates":[[[-1.249877,49.301676],[-1.249916,49.301653],[-1.249921,49.301656],[-1.249999,49.30161],[-1.250018,49.30161],[-1.250037,49.301599],[-1.250038,49.301586],[-1.250043,49.301583],[-1.24996,49.301523],[-1.249798,49.30162],[-1.249877,49.301676]]]}},{"type":"Feature","properties":{},"geometry":{"type":"Polygon","coordinates":[[[-1.240722,49.302799],[-1.240883,49.302767],[-1.240861,49.302719],[-1.240746,49.302742],[-1.240688,49.302616],[-1.240686,49.302616],[-1.240684,49.302607],[-1.240703,49.302605],[-1.240695,49.302582],[-1.240612,49.302576],[-1.240722,49.302799]]]}},{"type":"Feature","properties":{},"geometry":{"type":"Polygon","coordinates":[[[-1.24244,49.302776],[-1.242485,49.302771],[-1.242481,49.302756],[-1.242493,49.302754],[-1.242486,49.302729],[-1.242501,49.302728],[-1.242474,49.302628],[-1.242453,49.30263],[-1.242449,49.302611],[-1.242391,49.302616],[-1.24244,49.302776]]]}},{"type":"Feature","properties":{},"geometry":{"type":"Polygon","coordinates":[[[-1.240747,49.306242],[-1.240685,49.30621],[-1.240644,49.30619],[-1.240583,49.306241],[-1.240508,49.306308],[-1.240462,49.306349],[-1.240565,49.3064],[-1.240576,49.306393],[-1.240659,49.306319],[-1.240672,49.306307],[-1.240747,49.306242]]]}},{"type":"Feature","properties":{},"geometry":{"type":"Polygon","coordinates":[[[-1.257834,49.308151],[-1.257944,49.308011],[-1.257931,49.308006],[-1.257949,49.307984],[-1.257853,49.307951],[-1.257836,49.307973],[-1.257827,49.30797],[-1.25774,49.30808],[-1.257742,49.308081],[-1.257718,49.308112],[-1.257834,49.308151]]]}},{"type":"Feature","properties":{},"geometry":{"type":"Polygon","coordinates":[[[-1.244538,49.299398],[-1.244577,49.299387],[-1.244581,49.299386],[-1.244596,49.299406],[-1.244688,49.299375],[-1.244642,49.299315],[-1.244552,49.299344],[-1.244535,49.299321],[-1.24449,49.299335],[-1.244531,49.299389],[-1.244538,49.299398]]]}},{"type":"Feature","properties":{},"geometry":{"type":"Polygon","coordinates":[[[-1.249208,49.300994],[-1.249213,49.300968],[-1.249172,49.300965],[-1.249185,49.300882],[-1.24905,49.300871],[-1.249039,49.300937],[-1.249094,49.300941],[-1.24909,49.300962],[-1.24913,49.300965],[-1.249126,49.300988],[-1.249208,49.300994]]]}},{"type":"Feature","properties":{},"geometry":{"type":"Polygon","coordinates":[[[-1.240234,49.304206],[-1.24024,49.304203],[-1.240213,49.304174],[-1.240365,49.304115],[-1.240333,49.30408],[-1.2403,49.304091],[-1.240273,49.304062],[-1.240155,49.304108],[-1.240152,49.304118],[-1.240216,49.304211],[-1.240234,49.304206]]]}},{"type":"Feature","properties":{},"geometry":{"type":"Polygon","coordinates":[[[-1.256321,49.298601],[-1.256293,49.298528],[-1.256112,49.298558],[-1.256142,49.298632],[-1.256229,49.298617],[-1.25625,49.298613],[-1.256259,49.298612],[-1.256264,49.298611],[-1.256269,49.29861],[-1.256294,49.298605],[-1.256321,49.298601]]]}},{"type":"Feature","properties":{},"geometry":{"type":"Polygon","coordinates":[[[-1.256023,49.301776],[-1.255939,49.30179],[-1.255913,49.301795],[-1.255933,49.301847],[-1.255951,49.301844],[-1.255971,49.301896],[-1.256129,49.301869],[-1.256112,49.301819],[-1.256093,49.301822],[-1.256074,49.301768],[-1.256023,49.301776]]]}},{"type":"Feature","properties":{},"geometry":{"type":"Polygon","coordinates":[[[-1.255609,49.301391],[-1.255687,49.301379],[-1.255682,49.301362],[-1.255662,49.301308],[-1.255649,49.301275],[-1.255569,49.301286],[-1.255583,49.301328],[-1.255542,49.301334],[-1.255554,49.30137],[-1.255598,49.301364],[-1.255609,49.301391]]]}},{"type":"Feature","properties":{},"geometry":{"type":"Polygon","coordinates":[[[-1.254233,49.308313],[-1.254263,49.308332],[-1.25418,49.30839],[-1.254224,49.308416],[-1.254389,49.3083],[-1.25424,49.308175],[-1.254207,49.30819],[-1.254269,49.308243],[-1.254232,49.308268],[-1.254266,49.308289],[-1.254233,49.308313]]]}},{"type":"Feature","properties":{},"geometry":{"type":"Polygon","coordinates":[[[-1.243796,49.302773],[-1.243751,49.302757],[-1.243667,49.30285],[-1.243564,49.30297],[-1.243557,49.303006],[-1.243369,49.302995],[-1.243319,49.303061],[-1.243539,49.303074],[-1.243604,49.302996],[-1.243638,49.302957],[-1.243796,49.302773]]]}},{"type":"Feature","properties":{},"geometry":{"type":"Polygon","coordinates":[[[-1.24284,49.303911],[-1.242878,49.303915],[-1.242885,49.303888],[-1.242906,49.303889],[-1.242909,49.303876],[-1.242915,49.303845],[-1.242909,49.303846],[-1.242923,49.303804],[-1.242871,49.303799],[-1.242861,49.303798],[-1.24284,49.303911]]]}},{"type":"Feature","properties":{},"geometry":{"type":"Polygon","coordinates":[[[-1.256029,49.298769],[-1.255946,49.298709],[-1.255903,49.298734],[-1.255874,49.298714],[-1.25583,49.29874],[-1.25586,49.298761],[-1.255807,49.298792],[-1.255878,49.298843],[-1.25597,49.298789],[-1.255982,49.298796],[-1.256029,49.298769]]]}},{"type":"Feature","properties":{},"geometry":{"type":"Polygon","coordinates":[[[-1.256077,49.301329],[-1.256097,49.30138],[-1.256122,49.301377],[-1.256203,49.301363],[-1.256258,49.301355],[-1.256238,49.301303],[-1.256175,49.301313],[-1.256164,49.301286],[-1.256111,49.301295],[-1.256119,49.301322],[-1.256077,49.301329]]]}},{"type":"Feature","properties":{},"geometry":{"type":"Polygon","coordinates":[[[-1.241202,49.303109],[-1.241198,49.303131],[-1.241126,49.303126],[-1.241121,49.303147],[-1.24112,49.303156],[-1.24126,49.303166],[-1.241282,49.303074],[-1.241138,49.303064],[-1.241134,49.303083],[-1.24113,49.303104],[-1.241202,49.303109]]]}},{"type":"Feature","properties":{},"geometry":{"type":"Polygon","coordinates":[[[-1.254931,49.297254],[-1.254841,49.297219],[-1.25483,49.297231],[-1.254788,49.297215],[-1.254711,49.2973],[-1.25478,49.297327],[-1.25479,49.297316],[-1.254865,49.297345],[-1.254933,49.29727],[-1.25492,49.297265],[-1.254931,49.297254]]]}},{"type":"Feature","properties":{},"geometry":{"type":"Polygon","coordinates":[[[-1.249143,49.312205],[-1.249165,49.312149],[-1.248916,49.312102],[-1.248888,49.312156],[-1.248914,49.312164],[-1.248886,49.312201],[-1.249016,49.312242],[-1.248966,49.312309],[-1.24906,49.312339],[-1.249143,49.312205]]]}},{"type":"Feature","properties":{},"geometry":{"type":"Polygon","coordinates":[[[-1.246106,49.304004],[-1.246181,49.304074],[-1.246201,49.304064],[-1.246277,49.304126],[-1.246247,49.304139],[-1.246294,49.304185],[-1.246315,49.304175],[-1.24634,49.304198],[-1.246391,49.304175],[-1.246175,49.303974],[-1.246106,49.304004]]]}},{"type":"Feature","properties":{},"geometry":{"type":"Polygon","coordinates":[[[-1.256901,49.307438],[-1.256924,49.307409],[-1.25696,49.307419],[-1.256994,49.307372],[-1.256992,49.307367],[-1.256989,49.307362],[-1.256965,49.307354],[-1.256946,49.307375],[-1.256783,49.307324],[-1.256736,49.307387],[-1.256901,49.307438]]]}},{"type":"Feature","properties":{},"geometry":{"type":"Polygon","coordinates":[[[-1.255248,49.305295],[-1.255128,49.305259],[-1.255086,49.305318],[-1.255211,49.305355],[-1.255221,49.30534],[-1.255251,49.305348],[-1.255273,49.305315],[-1.255323,49.305329],[-1.255352,49.305284],[-1.255273,49.30526],[-1.255248,49.305295]]]}},{"type":"Feature","properties":{},"geometry":{"type":"Polygon","coordinates":[[[-1.26055,49.296975],[-1.260542,49.296931],[-1.260502,49.296934],[-1.260498,49.296911],[-1.260433,49.296916],[-1.260433,49.296912],[-1.260383,49.296915],[-1.260402,49.297021],[-1.260539,49.297011],[-1.260533,49.296976],[-1.26055,49.296975]]]}},{"type":"Feature","properties":{},"geometry":{"type":"Polygon","coordinates":[[[-1.252682,49.29717],[-1.252618,49.297152],[-1.252604,49.297173],[-1.25254,49.297154],[-1.252533,49.297152],[-1.252507,49.297194],[-1.252537,49.297202],[-1.252499,49.297264],[-1.252507,49.297266],[-1.252601,49.297293],[-1.252682,49.29717]]]}},{"type":"Feature","properties":{},"geometry":{"type":"Polygon","coordinates":[[[-1.242309,49.304554],[-1.242419,49.304532],[-1.242405,49.304503],[-1.242352,49.304513],[-1.242331,49.30447],[-1.242369,49.304462],[-1.242363,49.304445],[-1.242319,49.304452],[-1.242322,49.304462],[-1.24228,49.304468],[-1.242309,49.304554]]]}},{"type":"Feature","properties":{},"geometry":{"type":"Polygon","coordinates":[[[-1.259139,49.299377],[-1.259138,49.299494],[-1.259205,49.299494],[-1.259204,49.299621],[-1.260016,49.299615],[-1.260019,49.299245],[-1.259207,49.299251],[-1.259206,49.299377],[-1.259139,49.299377]]]}},{"type":"Feature","properties":{},"geometry":{"type":"Polygon","coordinates":[[[-1.246494,49.304038],[-1.246536,49.304067],[-1.246539,49.304069],[-1.246567,49.304053],[-1.246616,49.304087],[-1.24667,49.304055],[-1.24662,49.304019],[-1.246616,49.304016],[-1.246562,49.304047],[-1.246523,49.304018],[-1.246494,49.304038]]]}},{"type":"Feature","properties":{},"geometry":{"type":"Polygon","coordinates":[[[-1.249368,49.303214],[-1.249521,49.303256],[-1.249549,49.303215],[-1.249425,49.303179],[-1.249459,49.30314],[-1.249517,49.303186],[-1.249554,49.303166],[-1.249484,49.30311],[-1.249401,49.303158],[-1.2493822,49.3031911],[-1.249371,49.303211],[-1.249368,49.303214]]]}},{"type":"Feature","properties":{},"geometry":{"type":"Polygon","coordinates":[[[-1.258119,49.296315],[-1.258182,49.296303],[-1.258145,49.29622],[-1.257995,49.296248],[-1.257989,49.296236],[-1.257912,49.296251],[-1.257944,49.296318],[-1.258012,49.296304],[-1.25802,49.296319],[-1.258073,49.296308],[-1.258113,49.2963],[-1.258119,49.296315]]]}},{"type":"Feature","properties":{},"geometry":{"type":"Polygon","coordinates":[[[-1.243404,49.303826],[-1.243401,49.303815],[-1.243337,49.303822],[-1.24334,49.303898],[-1.243402,49.303889],[-1.24348,49.303878],[-1.243491,49.303876],[-1.243527,49.303871],[-1.243522,49.303802],[-1.24344,49.30381],[-1.243441,49.303824],[-1.243404,49.303826]]]}},{"type":"Feature","properties":{},"geometry":{"type":"Polygon","coordinates":[[[-1.256137,49.296371],[-1.256245,49.296376],[-1.256247,49.296361],[-1.256248,49.296353],[-1.256257,49.296273],[-1.256258,49.296267],[-1.256258,49.296265],[-1.256218,49.296263],[-1.256215,49.296287],[-1.256214,49.296294],[-1.256146,49.296291],[-1.256137,49.296371]]]}},{"type":"Feature","properties":{},"geometry":{"type":"Polygon","coordinates":[[[-1.24935,49.31219],[-1.249305,49.312175],[-1.249165,49.312149],[-1.249143,49.312205],[-1.249159,49.312208],[-1.249145,49.312241],[-1.249321,49.312274],[-1.249339,49.312234],[-1.249369,49.312242],[-1.249379,49.312209],[-1.249351,49.312202],[-1.24935,49.31219]]]}},{"type":"Feature","properties":{},"geometry":{"type":"Polygon","coordinates":[[[-1.256178,49.295986],[-1.25618,49.295988],[-1.256187,49.295995],[-1.256255,49.296061],[-1.256259,49.296065],[-1.256275,49.296079],[-1.256366,49.296039],[-1.256298,49.295973],[-1.256254,49.295991],[-1.25625,49.295986],[-1.256228,49.295965],[-1.256178,49.295986]]]}},{"type":"Feature","properties":{},"geometry":{"type":"Polygon","coordinates":[[[-1.236404,49.302358],[-1.236445,49.302357],[-1.236446,49.30237],[-1.236457,49.302378],[-1.236478,49.302377],[-1.236482,49.302421],[-1.236565,49.302418],[-1.236557,49.302305],[-1.236514,49.302307],[-1.236512,49.302279],[-1.236398,49.302283],[-1.236404,49.302358]]]}},{"type":"Feature","properties":{},"geometry":{"type":"Polygon","coordinates":[[[-1.247701,49.30101],[-1.247717,49.300988],[-1.247725,49.300991],[-1.247711,49.301009],[-1.247756,49.301023],[-1.2478,49.300963],[-1.247705,49.300933],[-1.247664,49.300932],[-1.247659,49.300976],[-1.247658,49.300993],[-1.247656,49.300996],[-1.247701,49.30101]]]}},{"type":"Feature","properties":{},"geometry":{"type":"Polygon","coordinates":[[[-1.256322,49.293521],[-1.256356,49.293491],[-1.256328,49.293478],[-1.256374,49.293438],[-1.25637,49.293432],[-1.256348,49.293422],[-1.256343,49.293416],[-1.256257,49.293372],[-1.256194,49.293424],[-1.256107,49.29338],[-1.256084,49.2934],[-1.256322,49.293521]]]}},{"type":"Feature","properties":{},"geometry":{"type":"Polygon","coordinates":[[[-1.256125,49.300177],[-1.256127,49.300185],[-1.256133,49.30022],[-1.256134,49.30023],[-1.256199,49.300226],[-1.256283,49.30022],[-1.256353,49.300216],[-1.256347,49.300176],[-1.256344,49.300164],[-1.256277,49.300168],[-1.256192,49.300173],[-1.256125,49.300177]]]}},{"type":"Feature","properties":{},"geometry":{"type":"Polygon","coordinates":[[[-1.244932,49.299771],[-1.244994,49.299807],[-1.245027,49.299785],[-1.245003,49.29977],[-1.245035,49.299749],[-1.245061,49.299765],[-1.245106,49.299737],[-1.245024,49.299684],[-1.244948,49.299734],[-1.244967,49.299747],[-1.244957,49.299754],[-1.244932,49.299771]]]}},{"type":"Feature","properties":{},"geometry":{"type":"Polygon","coordinates":[[[-1.244493,49.300166],[-1.244527,49.300187],[-1.244557,49.300167],[-1.244579,49.300152],[-1.244604,49.300135],[-1.244506,49.300074],[-1.244405,49.300011],[-1.244328,49.300062],[-1.244332,49.300064],[-1.24436,49.300082],[-1.244428,49.300125],[-1.244493,49.300166]]]}},{"type":"Feature","properties":{},"geometry":{"type":"Polygon","coordinates":[[[-1.248168,49.300616],[-1.248177,49.300556],[-1.248212,49.300558],[-1.248216,49.300527],[-1.248293,49.300532],[-1.2483,49.300489],[-1.248285,49.300488],[-1.248187,49.300482],[-1.248182,49.300525],[-1.248079,49.300519],[-1.248067,49.30061],[-1.248168,49.300616]]]}},{"type":"Feature","properties":{},"geometry":{"type":"Polygon","coordinates":[[[-1.247448,49.299688],[-1.247451,49.299672],[-1.247475,49.299674],[-1.247473,49.299689],[-1.247503,49.299691],[-1.247506,49.299673],[-1.247514,49.299627],[-1.24745,49.299623],[-1.24745,49.299619],[-1.247294,49.29961],[-1.247284,49.299675],[-1.247448,49.299688]]]}},{"type":"Feature","properties":{},"geometry":{"type":"Polygon","coordinates":[[[-1.247779,49.305836],[-1.247983,49.305824],[-1.247985,49.305837],[-1.248097,49.305832],[-1.248095,49.305818],[-1.248092,49.305795],[-1.247983,49.3058],[-1.247973,49.305735],[-1.247801,49.305744],[-1.247804,49.305772],[-1.247765,49.305775],[-1.247779,49.305836]]]}},{"type":"Feature","properties":{},"geometry":{"type":"Polygon","coordinates":[[[-1.245562,49.301618],[-1.24553,49.301596],[-1.24545,49.301645],[-1.24555,49.301712],[-1.245496,49.301743],[-1.24553,49.301769],[-1.245661,49.301688],[-1.245611,49.301655],[-1.24564,49.301637],[-1.245646,49.301632],[-1.245596,49.301597],[-1.245562,49.301618]]]}},{"type":"Feature","properties":{},"geometry":{"type":"Polygon","coordinates":[[[-1.254642,49.307993],[-1.25465,49.307967],[-1.254659,49.307931],[-1.254649,49.307929],[-1.254655,49.307915],[-1.254664,49.307917],[-1.254671,49.307896],[-1.254568,49.307883],[-1.254547,49.307954],[-1.254569,49.307956],[-1.254561,49.307983],[-1.254642,49.307993]]]}},{"type":"Feature","properties":{},"geometry":{"type":"Polygon","coordinates":[[[-1.248763,49.29954],[-1.248854,49.29958],[-1.248876,49.299559],[-1.24883,49.29954],[-1.248839,49.299531],[-1.248865,49.299542],[-1.24889,49.299517],[-1.248862,49.299505],[-1.248893,49.299475],[-1.248824,49.299445],[-1.248739,49.299529],[-1.248763,49.29954]]]}},{"type":"Feature","properties":{},"geometry":{"type":"Polygon","coordinates":[[[-1.257468,49.292547],[-1.257518,49.292505],[-1.257578,49.292536],[-1.257597,49.292521],[-1.257613,49.292508],[-1.257426,49.292411],[-1.257403,49.292429],[-1.257464,49.292461],[-1.257447,49.292475],[-1.257424,49.292463],[-1.257378,49.292501],[-1.257468,49.292547]]]}},{"type":"Feature","properties":{},"geometry":{"type":"Polygon","coordinates":[[[-1.260847,49.300005],[-1.260829,49.299992],[-1.26072,49.299993],[-1.260721,49.300029],[-1.260732,49.300029],[-1.260732,49.300049],[-1.260722,49.300049],[-1.260723,49.300085],[-1.260735,49.300084],[-1.260736,49.300116],[-1.260849,49.300115],[-1.260847,49.300005]]]}},{"type":"Feature","properties":{},"geometry":{"type":"Polygon","coordinates":[[[-1.246204,49.305],[-1.24629,49.304915],[-1.246311,49.304894],[-1.246281,49.304873],[-1.246253,49.304892],[-1.246244,49.304887],[-1.246205,49.304916],[-1.246186,49.30493],[-1.24617,49.304923],[-1.246164,49.30492],[-1.246122,49.304965],[-1.246204,49.305]]]}},{"type":"Feature","properties":{},"geometry":{"type":"Polygon","coordinates":[[[-1.247884,49.305184],[-1.247873,49.30515],[-1.247876,49.30515],[-1.24786,49.305098],[-1.247816,49.305101],[-1.247825,49.30515],[-1.247725,49.305158],[-1.247727,49.305174],[-1.24773,49.305205],[-1.247869,49.305199],[-1.247876,49.305196],[-1.247884,49.305184]]]}},{"type":"Feature","properties":{},"geometry":{"type":"Polygon","coordinates":[[[-1.256251,49.293166],[-1.256228,49.293185],[-1.256265,49.293204],[-1.256171,49.293283],[-1.256156,49.293295],[-1.256242,49.29334],[-1.256243,49.29334],[-1.256257,49.293329],[-1.25634,49.29326],[-1.256363,49.293272],[-1.256398,49.293243],[-1.256251,49.293166]]]}},{"type":"Feature","properties":{},"geometry":{"type":"Polygon","coordinates":[[[-1.252123,49.295575],[-1.25217,49.295545],[-1.252178,49.29555],[-1.252205,49.295533],[-1.252231,49.295516],[-1.252224,49.29551],[-1.252273,49.29548],[-1.252231,49.295451],[-1.252176,49.295415],[-1.252104,49.295464],[-1.252028,49.295512],[-1.252123,49.295575]]]}},{"type":"Feature","properties":{},"geometry":{"type":"Polygon","coordinates":[[[-1.249611,49.305641],[-1.249644,49.305652],[-1.24966,49.305632],[-1.249763,49.305666],[-1.249779,49.305644],[-1.249813,49.305601],[-1.249758,49.305583],[-1.249754,49.305588],[-1.249705,49.305572],[-1.249702,49.305576],[-1.249667,49.305565],[-1.249611,49.305641]]]}},{"type":"Feature","properties":{},"geometry":{"type":"Polygon","coordinates":[[[-1.247205,49.305806],[-1.2472,49.305765],[-1.247128,49.305769],[-1.24714,49.305856],[-1.247122,49.305857],[-1.24711,49.305769],[-1.247033,49.305773],[-1.247037,49.30581],[-1.247046,49.305891],[-1.247214,49.305885],[-1.24721,49.305852],[-1.247205,49.305806]]]}},{"type":"Feature","properties":{},"geometry":{"type":"Polygon","coordinates":[[[-1.256996,49.301014],[-1.256918,49.301026],[-1.25693,49.301062],[-1.256951,49.301118],[-1.256956,49.301134],[-1.257035,49.301122],[-1.257027,49.301092],[-1.25707,49.301086],[-1.257057,49.301051],[-1.257048,49.301051],[-1.257011,49.301057],[-1.256996,49.301014]]]}},{"type":"Feature","properties":{},"geometry":{"type":"Polygon","coordinates":[[[-1.247893,49.301041],[-1.247931,49.301053],[-1.247921,49.301066],[-1.247958,49.301078],[-1.247921,49.301131],[-1.247933,49.301135],[-1.247981,49.301149],[-1.248021,49.301097],[-1.248053,49.301055],[-1.248061,49.301044],[-1.247922,49.301],[-1.247893,49.301041]]]}},{"type":"Feature","properties":{},"geometry":{"type":"Polygon","coordinates":[[[-1.255718,49.299703],[-1.255679,49.299624],[-1.255638,49.29954],[-1.255568,49.299551],[-1.255551,49.299553],[-1.255547,49.299543],[-1.255523,49.299547],[-1.255528,49.299558],[-1.255496,49.299564],[-1.25556,49.299733],[-1.25565,49.299716],[-1.255718,49.299703]]]}},{"type":"Feature","properties":{},"geometry":{"type":"Polygon","coordinates":[[[-1.256802,49.292729],[-1.256757,49.292706],[-1.256708,49.292748],[-1.256658,49.292789],[-1.256594,49.292756],[-1.256524,49.292813],[-1.256592,49.292848],[-1.256596,49.292845],[-1.256608,49.292851],[-1.256537,49.292909],[-1.256567,49.292924],[-1.256802,49.292729]]]}},{"type":"Feature","properties":{},"geometry":{"type":"Polygon","coordinates":[[[-1.250832,49.299328],[-1.250953,49.299369],[-1.251032,49.299264],[-1.251005,49.299254],[-1.251069,49.299171],[-1.250971,49.29914],[-1.250965,49.299138],[-1.250926,49.299189],[-1.250955,49.2992],[-1.250933,49.299231],[-1.250911,49.299224],[-1.250832,49.299328]]]}},{"type":"Feature","properties":{},"geometry":{"type":"Polygon","coordinates":[[[-1.237018,49.303052],[-1.237041,49.303109],[-1.237056,49.303149],[-1.237076,49.30315],[-1.237085,49.303149],[-1.237066,49.303103],[-1.237052,49.303094],[-1.237141,49.303078],[-1.237119,49.303026],[-1.237074,49.303034],[-1.237075,49.303041],[-1.237018,49.303052]]]}},{"type":"Feature","properties":{},"geometry":{"type":"Polygon","coordinates":[[[-1.241114,49.303531],[-1.241103,49.303529],[-1.241101,49.303539],[-1.241069,49.303534],[-1.241076,49.303509],[-1.241038,49.303501],[-1.241024,49.303509],[-1.241023,49.303524],[-1.240982,49.303517],[-1.240959,49.30359],[-1.241083,49.303624],[-1.241114,49.303531]]]}},{"type":"Feature","properties":{},"geometry":{"type":"Polygon","coordinates":[[[-1.246826,49.30364],[-1.246912,49.30372],[-1.246933,49.303709],[-1.24695,49.303725],[-1.246967,49.303717],[-1.246984,49.303732],[-1.247003,49.303722],[-1.247027,49.303743],[-1.247057,49.303728],[-1.246987,49.303668],[-1.246919,49.303589],[-1.2468563,49.3036234],[-1.246826,49.30364]]]}},{"type":"Feature","properties":{},"geometry":{"type":"Polygon","coordinates":[[[-1.242654,49.304326],[-1.242666,49.304305],[-1.242676,49.304289],[-1.242628,49.304276],[-1.242599,49.304268],[-1.242508,49.304248],[-1.242504,49.304255],[-1.242489,49.304289],[-1.242472,49.304326],[-1.24251,49.304334],[-1.242528,49.304295],[-1.242654,49.304326]]]}},{"type":"Feature","properties":{},"geometry":{"type":"Polygon","coordinates":[[[-1.24615,49.304409],[-1.246131,49.304391],[-1.246103,49.304401],[-1.246106,49.304405],[-1.246089,49.304411],[-1.246078,49.304401],[-1.246056,49.304409],[-1.246032,49.304387],[-1.246003,49.304398],[-1.246052,49.304443],[-1.246077,49.304434],[-1.24615,49.304409]]]}},{"type":"Feature","properties":{},"geometry":{"type":"Polygon","coordinates":[[[-1.239962,49.303978],[-1.239944,49.303976],[-1.239949,49.303959],[-1.23997,49.303962],[-1.239977,49.303944],[-1.239909,49.303932],[-1.239878,49.304004],[-1.239887,49.304005],[-1.239899,49.304073],[-1.239952,49.304066],[-1.239944,49.30402],[-1.239962,49.303978]]]}},{"type":"Feature","properties":{},"geometry":{"type":"Polygon","coordinates":[[[-1.246273,49.303931],[-1.246353,49.304],[-1.246368,49.303992],[-1.246426,49.304043],[-1.246406,49.304053],[-1.246465,49.304105],[-1.246522,49.304075],[-1.246536,49.304067],[-1.246494,49.304038],[-1.24645,49.304006],[-1.246317,49.303912],[-1.246273,49.303931]]]}},{"type":"Feature","properties":{},"geometry":{"type":"Polygon","coordinates":[[[-1.243285,49.303974],[-1.243352,49.303995],[-1.243366,49.303965],[-1.243432,49.303979],[-1.243437,49.303967],[-1.243447,49.303948],[-1.243389,49.303935],[-1.243395,49.303923],[-1.243386,49.303921],[-1.243402,49.303889],[-1.24334,49.303898],[-1.243285,49.303974]]]}},{"type":"Feature","properties":{},"geometry":{"type":"Polygon","coordinates":[[[-1.246814,49.305135],[-1.246876,49.30514],[-1.246892,49.305105],[-1.246867,49.305085],[-1.246916,49.304971],[-1.246791,49.304948],[-1.246786,49.304972],[-1.246827,49.304979],[-1.246846,49.304983],[-1.246841,49.305],[-1.246857,49.305002],[-1.246814,49.305135]]]}},{"type":"Feature","properties":{},"geometry":{"type":"Polygon","coordinates":[[[-1.245618,49.305518],[-1.245625,49.30556],[-1.245993,49.305575],[-1.245994,49.305571],[-1.246198,49.305579],[-1.2462,49.305561],[-1.246204,49.305536],[-1.246081,49.305531],[-1.245999,49.305526],[-1.245997,49.305536],[-1.245702,49.305515],[-1.245618,49.305518]]]}},{"type":"Feature","properties":{},"geometry":{"type":"Polygon","coordinates":[[[-1.246891,49.306436],[-1.246775,49.306077],[-1.246745,49.30598],[-1.246717,49.305894],[-1.246635,49.305905],[-1.246645,49.305934],[-1.246697,49.306086],[-1.24669,49.306086],[-1.24681,49.306432],[-1.246818,49.306431],[-1.246822,49.306444],[-1.246891,49.306436]]]}},{"type":"Feature","properties":{},"geometry":{"type":"Polygon","coordinates":[[[-1.240183,49.303666],[-1.240197,49.303642],[-1.240155,49.303628],[-1.240149,49.303626],[-1.24012,49.30368],[-1.240102,49.303692],[-1.240028,49.303829],[-1.240038,49.30386],[-1.240054,49.303866],[-1.240099,49.30379],[-1.240129,49.303741],[-1.240183,49.303666]]]}},{"type":"Feature","properties":{},"geometry":{"type":"Polygon","coordinates":[[[-1.243151,49.304087],[-1.243178,49.304028],[-1.243119,49.304019],[-1.243122,49.304014],[-1.243093,49.30401],[-1.243115,49.303979],[-1.243099,49.303975],[-1.243045,49.303963],[-1.24303,49.303997],[-1.243004,49.304055],[-1.24308,49.304071],[-1.243151,49.304087]]]}},{"type":"Feature","properties":{},"geometry":{"type":"Polygon","coordinates":[[[-1.253159,49.295365],[-1.253233,49.295379],[-1.253266,49.295385],[-1.253277,49.295357],[-1.253305,49.295361],[-1.253313,49.295337],[-1.25337,49.295345],[-1.253387,49.295296],[-1.253248,49.295274],[-1.253257,49.295251],[-1.253208,49.295243],[-1.253159,49.295365]]]}},{"type":"Feature","properties":{},"geometry":{"type":"Polygon","coordinates":[[[-1.241846,49.302838],[-1.24184,49.302817],[-1.241825,49.302764],[-1.241787,49.302769],[-1.241807,49.302838],[-1.241763,49.302843],[-1.241745,49.302845],[-1.24173,49.302791],[-1.24165,49.302799],[-1.241709,49.302996],[-1.241879,49.302958],[-1.241846,49.302838]]]}},{"type":"Feature","properties":{},"geometry":{"type":"Polygon","coordinates":[[[-1.247453,49.303344],[-1.247517,49.303401],[-1.247554,49.303434],[-1.247569,49.303448],[-1.247634,49.303406],[-1.247618,49.303394],[-1.247587,49.303413],[-1.24757,49.303402],[-1.247603,49.303382],[-1.247529,49.303324],[-1.247516,49.303314],[-1.247453,49.303344]]]}},{"type":"Feature","properties":{},"geometry":{"type":"Polygon","coordinates":[[[-1.245735,49.303769],[-1.245683,49.303794],[-1.24572,49.303826],[-1.245706,49.303833],[-1.245754,49.303874],[-1.245769,49.303867],[-1.245805,49.303897],[-1.245717,49.303939],[-1.245797,49.304015],[-1.245951,49.30394],[-1.245825,49.30384],[-1.245735,49.303769]]]}},{"type":"Feature","properties":{},"geometry":{"type":"Polygon","coordinates":[[[-1.26616,49.308632],[-1.266185,49.308593],[-1.266199,49.308596],[-1.26626,49.308501],[-1.266226,49.308492],[-1.266234,49.308479],[-1.266156,49.308457],[-1.266087,49.308564],[-1.266097,49.308567],[-1.26607,49.308607],[-1.266147,49.308628],[-1.26616,49.308632]]]}},{"type":"Feature","properties":{},"geometry":{"type":"Polygon","coordinates":[[[-1.242942,49.303747],[-1.242934,49.30377],[-1.242984,49.303774],[-1.24299,49.303751],[-1.24301,49.303753],[-1.242984,49.303844],[-1.243032,49.30385],[-1.243043,49.303808],[-1.24306,49.303748],[-1.243084,49.303663],[-1.242971,49.303656],[-1.242942,49.303747]]]}},{"type":"Feature","properties":{},"geometry":{"type":"Polygon","coordinates":[[[-1.2468474,49.2985958],[-1.2468614,49.2986028],[-1.246811,49.2986454],[-1.246887,49.2986835],[-1.246937,49.2986405],[-1.246948,49.2986465],[-1.246994,49.2986055],[-1.246997,49.2986065],[-1.2470371,49.298572],[-1.2469492,49.2985287],[-1.246942,49.2985245],[-1.246926,49.2985265],[-1.2468474,49.2985958]]]}},{"type":"Feature","properties":{},"geometry":{"type":"Polygon","coordinates":[[[-1.249132,49.301645],[-1.249228,49.301672],[-1.249265,49.301622],[-1.249293,49.301613],[-1.249303,49.301599],[-1.24934,49.30161],[-1.24937,49.301566],[-1.249337,49.301556],[-1.249341,49.301551],[-1.249279,49.301532],[-1.249194,49.301555],[-1.249132,49.301645]]]}},{"type":"Feature","properties":{},"geometry":{"type":"Polygon","coordinates":[[[-1.237072,49.303212],[-1.237076,49.30315],[-1.237056,49.303149],[-1.236977,49.303145],[-1.236978,49.303107],[-1.236906,49.303103],[-1.236906,49.303116],[-1.236923,49.303117],[-1.236924,49.303142],[-1.236893,49.303142],[-1.236895,49.303206],[-1.237072,49.303212]]]}},{"type":"Feature","properties":{},"geometry":{"type":"Polygon","coordinates":[[[-1.245218,49.305172],[-1.245274,49.305175],[-1.245282,49.305158],[-1.245355,49.30516],[-1.245355,49.30517],[-1.245485,49.305174],[-1.245487,49.304933],[-1.2454663,49.3049326],[-1.245338,49.30493],[-1.245264,49.304928],[-1.245257,49.305013],[-1.245248,49.305012],[-1.245218,49.305172]]]}},{"type":"Feature","properties":{},"geometry":{"type":"Polygon","coordinates":[[[-1.246058,49.305041],[-1.24601,49.305132],[-1.245981,49.30523],[-1.245976,49.305247],[-1.246032,49.305255],[-1.246053,49.3052],[-1.246072,49.305154],[-1.246053,49.305151],[-1.246066,49.305122],[-1.246084,49.305125],[-1.246116,49.305063],[-1.246058,49.305041]]]}},{"type":"Feature","properties":{},"geometry":{"type":"Polygon","coordinates":[[[-1.241265,49.303453],[-1.241276,49.303421],[-1.241322,49.303298],[-1.241255,49.303288],[-1.241242,49.303333],[-1.241259,49.303335],[-1.241223,49.303447],[-1.241206,49.303445],[-1.241173,49.303543],[-1.241143,49.303637],[-1.241193,49.303647],[-1.241265,49.303453]]]}},{"type":"Feature","properties":{},"geometry":{"type":"Polygon","coordinates":[[[-1.243141,49.303666],[-1.243084,49.303663],[-1.24306,49.303748],[-1.243075,49.30375],[-1.243058,49.30381],[-1.243043,49.303808],[-1.243032,49.30385],[-1.243094,49.303863],[-1.243103,49.303822],[-1.243105,49.303815],[-1.243115,49.303772],[-1.243141,49.303666]]]}},{"type":"Feature","properties":{},"geometry":{"type":"Polygon","coordinates":[[[-1.255709,49.293626],[-1.255749,49.293644],[-1.255783,49.293615],[-1.25579,49.293618],[-1.255838,49.293578],[-1.255903,49.293611],[-1.255973,49.293553],[-1.255893,49.293512],[-1.255921,49.293488],[-1.255892,49.293473],[-1.255746,49.293596],[-1.255709,49.293626]]]}},{"type":"Feature","properties":{},"geometry":{"type":"Polygon","coordinates":[[[-1.253979,49.308139],[-1.254008,49.308128],[-1.254022,49.308142],[-1.254053,49.30813],[-1.254028,49.308103],[-1.25399,49.30806],[-1.254013,49.308051],[-1.253988,49.308022],[-1.253979,49.308025],[-1.253958,49.308002],[-1.253883,49.308031],[-1.253979,49.308139]]]}},{"type":"Feature","properties":{},"geometry":{"type":"Polygon","coordinates":[[[-1.246877,49.303221],[-1.246975,49.30318],[-1.246988,49.303175],[-1.247045,49.303155],[-1.246974,49.303112],[-1.246991,49.303087],[-1.247011,49.303053],[-1.247043,49.303005],[-1.246765,49.302938],[-1.24669,49.303],[-1.246743,49.303076],[-1.246877,49.303221]]]}},{"type":"Feature","properties":{},"geometry":{"type":"Polygon","coordinates":[[[-1.248801,49.300912],[-1.248787,49.300911],[-1.248782,49.300937],[-1.248878,49.300944],[-1.248882,49.30092],[-1.248888,49.30092],[-1.248896,49.30087],[-1.248947,49.300873],[-1.248954,49.300832],[-1.248903,49.300828],[-1.248816,49.300822],[-1.248801,49.300912]]]}},{"type":"Feature","properties":{},"geometry":{"type":"Polygon","coordinates":[[[-1.24569,49.304224],[-1.245784,49.304195],[-1.245849,49.304244],[-1.245873,49.304262],[-1.245902,49.304284],[-1.245955,49.304344],[-1.245983,49.304376],[-1.246075,49.304337],[-1.24583,49.304125],[-1.245682,49.304203],[-1.245684,49.304212],[-1.24569,49.304224]]]}},{"type":"Feature","properties":{},"geometry":{"type":"Polygon","coordinates":[[[-1.259962,49.303893],[-1.26015,49.30387],[-1.26012,49.303733],[-1.260165,49.303729],[-1.26016,49.303691],[-1.260114,49.303694],[-1.260093,49.30359],[-1.259983,49.3036],[-1.260029,49.303824],[-1.259863,49.30384],[-1.259876,49.303899],[-1.259962,49.303893]]]}},{"type":"Feature","properties":{},"geometry":{"type":"Polygon","coordinates":[[[-1.251984,49.305298],[-1.251977,49.305302],[-1.251992,49.305314],[-1.252029,49.305343],[-1.252109,49.305297],[-1.252036,49.305241],[-1.251995,49.305265],[-1.252015,49.30528],[-1.252006,49.305285],[-1.251964,49.305253],[-1.251942,49.305266],[-1.251984,49.305298]]]}},{"type":"Feature","properties":{},"geometry":{"type":"Polygon","coordinates":[[[-1.24629,49.304915],[-1.246321,49.304933],[-1.246345,49.304948],[-1.246425,49.304895],[-1.246398,49.304877],[-1.246348,49.304843],[-1.246467,49.304771],[-1.246434,49.304747],[-1.246255,49.304854],[-1.246281,49.304873],[-1.246311,49.304894],[-1.24629,49.304915]]]}},{"type":"Feature","properties":{},"geometry":{"type":"Polygon","coordinates":[[[-1.254435,49.308633],[-1.254493,49.30861],[-1.254501,49.308617],[-1.254537,49.308602],[-1.25453,49.308595],[-1.254556,49.308584],[-1.254528,49.308553],[-1.254511,49.308561],[-1.254461,49.308509],[-1.254399,49.308533],[-1.254358,49.308549],[-1.254435,49.308633]]]}},{"type":"Feature","properties":{},"geometry":{"type":"Polygon","coordinates":[[[-1.242688,49.30411],[-1.2427195,49.3041192],[-1.242743,49.304126],[-1.242784,49.304046],[-1.242793,49.304012],[-1.242832,49.30402],[-1.242848,49.304023],[-1.242862,49.303974],[-1.242811,49.303967],[-1.242803,49.303978],[-1.242751,49.303972],[-1.242732,49.304033],[-1.242688,49.30411]]]}},{"type":"Feature","properties":{},"geometry":{"type":"Polygon","coordinates":[[[-1.25366,49.301099],[-1.253666,49.301129],[-1.253668,49.301135],[-1.253713,49.301131],[-1.25371,49.301113],[-1.253811,49.301098],[-1.253823,49.30113],[-1.253832,49.301129],[-1.253843,49.301157],[-1.253933,49.301143],[-1.253903,49.30106],[-1.25366,49.301099]]]}},{"type":"Feature","properties":{},"geometry":{"type":"Polygon","coordinates":[[[-1.243182,49.305081],[-1.243181,49.305101],[-1.24321,49.3051],[-1.24321,49.305172],[-1.243092,49.305163],[-1.243088,49.305187],[-1.243132,49.305202],[-1.243308,49.30521],[-1.243304,49.305075],[-1.243212,49.305076],[-1.243211,49.305081],[-1.243182,49.305081]]]}},{"type":"Feature","properties":{},"geometry":{"type":"Polygon","coordinates":[[[-1.2546071,49.2993811],[-1.2546791,49.2993701],[-1.2546921,49.2994071],[-1.2547701,49.2993951],[-1.2547511,49.2993341],[-1.2547741,49.2993301],[-1.2547631,49.2992951],[-1.2547401,49.2992981],[-1.2547251,49.2992551],[-1.2546411,49.2992661],[-1.2545721,49.2992801],[-1.2546071,49.2993811]]]}},{"type":"Feature","properties":{},"geometry":{"type":"Polygon","coordinates":[[[-1.247886,49.306291],[-1.247893,49.306291],[-1.248012,49.306281],[-1.248001,49.306232],[-1.247996,49.306206],[-1.247976,49.306112],[-1.24797,49.306086],[-1.24795,49.305992],[-1.247944,49.305964],[-1.247925,49.305878],[-1.247802,49.30589],[-1.247886,49.306291]]]}},{"type":"Feature","properties":{},"geometry":{"type":"Polygon","coordinates":[[[-1.2482702,49.2996111],[-1.2483714,49.2996177],[-1.2483917,49.2994853],[-1.2482896,49.2994786],[-1.2482863,49.2994998],[-1.2482148,49.2994951],[-1.2482134,49.2995044],[-1.2482073,49.2995441],[-1.2482798,49.2995488],[-1.2482702,49.2996111]]]}},{"type":"Feature","properties":{},"geometry":{"type":"Polygon","coordinates":[[[-1.257962,49.292949],[-1.257925,49.292923],[-1.257931,49.29292],[-1.257894,49.292893],[-1.257902,49.292889],[-1.257872,49.292867],[-1.257846,49.292867],[-1.25783,49.292877],[-1.257802,49.292857],[-1.257757,49.292885],[-1.257902,49.292985],[-1.257962,49.292949]]]}},{"type":"Feature","properties":{},"geometry":{"type":"Polygon","coordinates":[[[-1.253753,49.307286],[-1.253773,49.307274],[-1.253594,49.30711],[-1.253194,49.307273],[-1.253378,49.307476],[-1.253476,49.307438],[-1.253469,49.30743],[-1.25349,49.307422],[-1.253541,49.307402],[-1.253523,49.307381],[-1.253717,49.307301],[-1.253753,49.307286]]]}},{"type":"Feature","properties":{},"geometry":{"type":"Polygon","coordinates":[[[-1.253888,49.287424],[-1.253905,49.287403],[-1.253881,49.287381],[-1.253853,49.287395],[-1.253795,49.287351],[-1.25361,49.287448],[-1.253663,49.287491],[-1.253783,49.287431],[-1.253898,49.287523],[-1.253959,49.28749],[-1.25397,49.287485],[-1.253888,49.287424]]]}},{"type":"Feature","properties":{},"geometry":{"type":"Polygon","coordinates":[[[-1.251935,49.306609],[-1.251966,49.306643],[-1.251941,49.306653],[-1.251971,49.306685],[-1.252058,49.306651],[-1.25208,49.306676],[-1.252158,49.306646],[-1.252079,49.306557],[-1.252054,49.306567],[-1.25204,49.306572],[-1.251962,49.306599],[-1.251935,49.306609]]]}},{"type":"Feature","properties":{},"geometry":{"type":"Polygon","coordinates":[[[-1.246191,49.304727],[-1.246203,49.304747],[-1.24612,49.304777],[-1.246141,49.304804],[-1.246179,49.304791],[-1.246205,49.304782],[-1.24628,49.304749],[-1.246519,49.304623],[-1.246493,49.304595],[-1.246448,49.304615],[-1.246381,49.304644],[-1.246191,49.304727]]]}},{"type":"Feature","properties":{},"geometry":{"type":"Polygon","coordinates":[[[-1.254229,49.297697],[-1.254223,49.297719],[-1.254215,49.29775],[-1.254323,49.297761],[-1.254331,49.29773],[-1.254332,49.29773],[-1.25435,49.297649],[-1.254282,49.297643],[-1.25429,49.297612],[-1.254248,49.297608],[-1.254246,49.297616],[-1.254229,49.297697]]]}},{"type":"Feature","properties":{},"geometry":{"type":"Polygon","coordinates":[[[-1.246551,49.308629],[-1.246547,49.308634],[-1.246524,49.308639],[-1.246511,49.308636],[-1.246222,49.308683],[-1.246204,49.308777],[-1.2462,49.308794],[-1.246537,49.30874],[-1.246531,49.308723],[-1.24683,49.308673],[-1.246798,49.308588],[-1.246551,49.308629]]]}},{"type":"Feature","properties":{},"geometry":{"type":"Polygon","coordinates":[[[-1.251105,49.306142],[-1.251155,49.306158],[-1.251229,49.306183],[-1.251241,49.306168],[-1.251294,49.306102],[-1.25116,49.306055],[-1.251156,49.30606],[-1.251129,49.306051],[-1.251087,49.306104],[-1.251083,49.306109],[-1.251066,49.306128],[-1.251105,49.306142]]]}},{"type":"Feature","properties":{},"geometry":{"type":"Polygon","coordinates":[[[-1.248172,49.303465],[-1.248133,49.303491],[-1.248197,49.30354],[-1.248156,49.303565],[-1.248112,49.303593],[-1.248154,49.303622],[-1.248165,49.30363],[-1.248168,49.303627],[-1.248201,49.303607],[-1.248249,49.303576],[-1.248303,49.303527],[-1.248172,49.303465]]]}},{"type":"Feature","properties":{},"geometry":{"type":"Polygon","coordinates":[[[-1.255294,49.288108],[-1.255251,49.288091],[-1.255222,49.28812],[-1.255235,49.288138],[-1.255355,49.288186],[-1.25544,49.2881],[-1.255431,49.288096],[-1.255463,49.288065],[-1.255384,49.288031],[-1.255354,49.288065],[-1.255341,49.288059],[-1.255294,49.288108]]]}},{"type":"Feature","properties":{},"geometry":{"type":"Polygon","coordinates":[[[-1.246223,49.305749],[-1.246219,49.305783],[-1.24632,49.305781],[-1.246325,49.305729],[-1.246336,49.30573],[-1.24634,49.305702],[-1.246345,49.305702],[-1.246352,49.305655],[-1.246317,49.305654],[-1.246316,49.305665],[-1.246232,49.305664],[-1.246223,49.305749]]]}},{"type":"Feature","properties":{},"geometry":{"type":"Polygon","coordinates":[[[-1.246403,49.297466],[-1.246478,49.297462],[-1.246477,49.297458],[-1.246503,49.297456],[-1.246503,49.297461],[-1.246581,49.297457],[-1.246572,49.29738],[-1.246557,49.297372],[-1.246508,49.297375],[-1.246496,49.297384],[-1.246393,49.29739],[-1.246403,49.297466]]]}},{"type":"Feature","properties":{},"geometry":{"type":"Polygon","coordinates":[[[-1.24911,49.29806],[-1.249109,49.298068],[-1.249132,49.29807],[-1.249119,49.298158],[-1.249093,49.298156],[-1.249092,49.298164],[-1.249237,49.298172],[-1.249238,49.298165],[-1.249224,49.298165],[-1.24923,49.298119],[-1.249247,49.29812],[-1.249254,49.298071],[-1.24911,49.29806]]]}},{"type":"Feature","properties":{},"geometry":{"type":"Polygon","coordinates":[[[-1.245976,49.29873],[-1.246031,49.298709],[-1.246023,49.298701],[-1.246072,49.298683],[-1.246076,49.298687],[-1.246132,49.298665],[-1.246077,49.298603],[-1.246022,49.298625],[-1.246026,49.298629],[-1.245977,49.298647],[-1.245967,49.298637],[-1.245912,49.298659],[-1.245976,49.29873]]]}},{"type":"Feature","properties":{},"geometry":{"type":"Polygon","coordinates":[[[-1.2474254,49.2987413],[-1.2474319,49.2987033],[-1.2473974,49.2987008],[-1.2474009,49.2986801],[-1.2473454,49.2986761],[-1.2473478,49.2986621],[-1.2473067,49.2986591],[-1.2473045,49.2986718],[-1.2472273,49.2986663],[-1.247218,49.2987215],[-1.2472171,49.2987263],[-1.2474254,49.2987413]]]}},{"type":"Feature","properties":{},"geometry":{"type":"Polygon","coordinates":[[[-1.25312,49.293532],[-1.252792,49.293414],[-1.252851,49.293345],[-1.252782,49.293319],[-1.252869,49.293216],[-1.252143,49.292955],[-1.252056,49.29306],[-1.252663,49.293278],[-1.252605,49.293347],[-1.252644,49.293361],[-1.252467,49.293571],[-1.252943,49.293742],[-1.25312,49.293532]]]}},{"type":"Feature","properties":{},"geometry":{"type":"Polygon","coordinates":[[[-1.266974,49.307765],[-1.267061,49.307786],[-1.267042,49.307819],[-1.26709,49.307832],[-1.26708,49.307849],[-1.267136,49.307865],[-1.267149,49.307844],[-1.26713,49.307839],[-1.267167,49.307781],[-1.267075,49.307755],[-1.267151,49.30764],[-1.267066,49.307616],[-1.266974,49.307765]]]}},{"type":"Feature","properties":{},"geometry":{"type":"Polygon","coordinates":[[[-1.243163,49.3063593],[-1.2429983,49.3063534],[-1.2429986,49.3064344],[-1.2429989,49.3064855],[-1.2430006,49.306513],[-1.2430013,49.3065602],[-1.2430009,49.3065775],[-1.2431128,49.3065748],[-1.2431158,49.3066101],[-1.2432569,49.3066101],[-1.2432526,49.3064379],[-1.2431673,49.3064375],[-1.243163,49.3063593]]]}},{"type":"Feature","properties":{},"geometry":{"type":"Polygon","coordinates":[[[-1.249127,49.297203],[-1.249388,49.297222],[-1.249407,49.29711],[-1.249364,49.297108],[-1.249373,49.297046],[-1.249361,49.297045],[-1.249365,49.297013],[-1.249305,49.297009],[-1.249299,49.297039],[-1.249209,49.297032],[-1.249193,49.297094],[-1.249148,49.297091],[-1.249127,49.297203]]]}},{"type":"Feature","properties":{},"geometry":{"type":"Polygon","coordinates":[[[-1.253149,49.307901],[-1.253139,49.307913],[-1.253085,49.307892],[-1.253078,49.3079],[-1.253158,49.307929],[-1.253177,49.307936],[-1.253182,49.307937],[-1.25329,49.307848],[-1.253247,49.307825],[-1.253189,49.307873],[-1.253161,49.307862],[-1.25313,49.307894],[-1.253149,49.307901]]]}},{"type":"Feature","properties":{},"geometry":{"type":"Polygon","coordinates":[[[-1.241574,49.303135],[-1.241648,49.303146],[-1.241657,49.303214],[-1.241727,49.303222],[-1.241719,49.303113],[-1.241698,49.303106],[-1.241537,49.303067],[-1.241493,49.303193],[-1.241545,49.3032],[-1.241604,49.303207],[-1.241612,49.303179],[-1.241563,49.303172],[-1.241574,49.303135]]]}},{"type":"Feature","properties":{},"geometry":{"type":"Polygon","coordinates":[[[-1.254462,49.308786],[-1.254494,49.308816],[-1.25456,49.308786],[-1.254562,49.308787],[-1.254597,49.308818],[-1.254681,49.308776],[-1.254754,49.308741],[-1.254704,49.3087],[-1.254633,49.308735],[-1.254588,49.308757],[-1.254568,49.30874],[-1.254525,49.30876],[-1.254462,49.308786]]]}},{"type":"Feature","properties":{},"geometry":{"type":"Polygon","coordinates":[[[-1.243835,49.300664],[-1.243807,49.300638],[-1.243742,49.300668],[-1.243805,49.300727],[-1.243766,49.300744],[-1.243826,49.300803],[-1.24392,49.300761],[-1.243885,49.300727],[-1.243858,49.300739],[-1.243832,49.300714],[-1.243897,49.300685],[-1.24386,49.300651],[-1.243835,49.300664]]]}},{"type":"Feature","properties":{},"geometry":{"type":"Polygon","coordinates":[[[-1.238895,49.301792],[-1.238893,49.301808],[-1.238733,49.301801],[-1.238724,49.301886],[-1.238778,49.301888],[-1.238776,49.301898],[-1.238831,49.301901],[-1.238832,49.301891],[-1.238887,49.301893],[-1.238888,49.301885],[-1.238958,49.301888],[-1.238969,49.301795],[-1.238895,49.301792]]]}},{"type":"Feature","properties":{},"geometry":{"type":"Polygon","coordinates":[[[-1.245047,49.303465],[-1.2451,49.303534],[-1.245185,49.30347],[-1.245161,49.303455],[-1.245187,49.303436],[-1.245176,49.303428],[-1.245214,49.303401],[-1.245199,49.30339],[-1.245208,49.303384],[-1.245254,49.303415],[-1.245271,49.303403],[-1.245201,49.303356],[-1.245047,49.303465]]]}},{"type":"Feature","properties":{},"geometry":{"type":"Polygon","coordinates":[[[-1.263733,49.311048],[-1.263704,49.311079],[-1.263737,49.311092],[-1.263772,49.311054],[-1.263798,49.311064],[-1.263813,49.311049],[-1.263787,49.311039],[-1.263808,49.311015],[-1.263755,49.310995],[-1.263767,49.310982],[-1.263683,49.31095],[-1.263631,49.311012],[-1.263733,49.311048]]]}},{"type":"Feature","properties":{},"geometry":{"type":"Polygon","coordinates":[[[-1.248109,49.298565],[-1.248116,49.298525],[-1.24807,49.298522],[-1.248075,49.298493],[-1.247985,49.298486],[-1.24798,49.298513],[-1.247962,49.298512],[-1.247956,49.298547],[-1.247974,49.298548],[-1.247966,49.298598],[-1.248056,49.298604],[-1.248063,49.298562],[-1.248109,49.298565]]]}},{"type":"Feature","properties":{},"geometry":{"type":"Polygon","coordinates":[[[-1.252726,49.304809],[-1.25288,49.304922],[-1.252952,49.30488],[-1.252932,49.304865],[-1.253078,49.30478],[-1.253098,49.304795],[-1.253171,49.304753],[-1.253017,49.30464],[-1.252912,49.304701],[-1.252902,49.304695],[-1.252823,49.304741],[-1.252832,49.304748],[-1.252726,49.304809]]]}},{"type":"Feature","properties":{},"geometry":{"type":"Polygon","coordinates":[[[-1.24672,49.305129],[-1.246738,49.305104],[-1.246752,49.305086],[-1.246764,49.305064],[-1.246767,49.305049],[-1.246771,49.305031],[-1.246708,49.305018],[-1.246694,49.305056],[-1.246615,49.305043],[-1.24661,49.305052],[-1.246577,49.305044],[-1.246543,49.3051],[-1.24672,49.305129]]]}},{"type":"Feature","properties":{},"geometry":{"type":"Polygon","coordinates":[[[-1.260192,49.295141],[-1.260217,49.295172],[-1.260334,49.295132],[-1.260333,49.295131],[-1.260384,49.295114],[-1.260356,49.295078],[-1.260293,49.295099],[-1.260265,49.295063],[-1.260259,49.295065],[-1.260232,49.295032],[-1.260132,49.295067],[-1.260159,49.295101],[-1.260192,49.295141]]]}},{"type":"Feature","properties":{},"geometry":{"type":"Polygon","coordinates":[[[-1.244911,49.304858],[-1.245007,49.30473],[-1.245051,49.304657],[-1.245045,49.304553],[-1.245021,49.30454],[-1.2449797,49.3045412],[-1.244916,49.304543],[-1.24489,49.304642],[-1.244862,49.30464],[-1.244839,49.304737],[-1.244824,49.304803],[-1.244821,49.304845],[-1.244864,49.304845],[-1.244911,49.304858]]]}},{"type":"Feature","properties":{},"geometry":{"type":"Polygon","coordinates":[[[-1.260467,49.299808],[-1.260466,49.299772],[-1.259993,49.299776],[-1.259995,49.29984],[-1.259997,49.299847],[-1.260114,49.299846],[-1.260154,49.299845],[-1.260315,49.299843],[-1.260351,49.299843],[-1.260409,49.299842],[-1.260411,49.299874],[-1.260468,49.299874],[-1.260467,49.299808]]]}},{"type":"Feature","properties":{},"geometry":{"type":"Polygon","coordinates":[[[-1.259772,49.295766],[-1.259752,49.295755],[-1.259689,49.295806],[-1.259679,49.295803],[-1.259643,49.295831],[-1.259719,49.295872],[-1.259754,49.295844],[-1.259796,49.295866],[-1.259937,49.295752],[-1.259829,49.295693],[-1.259793,49.295721],[-1.259814,49.295732],[-1.259772,49.295766]]]}},{"type":"Feature","properties":{},"geometry":{"type":"Polygon","coordinates":[[[-1.250305,49.30583],[-1.250351,49.305845],[-1.250344,49.305855],[-1.250325,49.305849],[-1.250282,49.305907],[-1.25034,49.305925],[-1.25036,49.305899],[-1.250429,49.305805],[-1.250455,49.305771],[-1.250346,49.305737],[-1.250304,49.305793],[-1.250326,49.3058],[-1.250305,49.30583]]]}},{"type":"Feature","properties":{},"geometry":{"type":"Polygon","coordinates":[[[-1.25168,49.293068],[-1.251583,49.293037],[-1.251577,49.293046],[-1.251537,49.293033],[-1.25151,49.293069],[-1.251543,49.293079],[-1.251506,49.293129],[-1.251522,49.293134],[-1.251491,49.293175],[-1.251592,49.293206],[-1.251619,49.293171],[-1.251607,49.293167],[-1.25168,49.293068]]]}},{"type":"Feature","properties":{},"geometry":{"type":"Polygon","coordinates":[[[-1.257052,49.301594],[-1.25703,49.301534],[-1.257014,49.30149],[-1.256936,49.301502],[-1.256938,49.30151],[-1.256859,49.301522],[-1.256872,49.301558],[-1.256892,49.301612],[-1.256896,49.301627],[-1.256979,49.301615],[-1.256976,49.301607],[-1.257053,49.301596],[-1.257052,49.301594]]]}},{"type":"Feature","properties":{},"geometry":{"type":"Polygon","coordinates":[[[-1.245171,49.298733],[-1.245199,49.298769],[-1.24521,49.298766],[-1.245243,49.298808],[-1.245232,49.298812],[-1.245258,49.298845],[-1.245349,49.298814],[-1.245355,49.298803],[-1.245337,49.298779],[-1.245349,49.298775],[-1.245294,49.298704],[-1.245272,49.2987],[-1.245171,49.298733]]]}},{"type":"Feature","properties":{},"geometry":{"type":"Polygon","coordinates":[[[-1.249399,49.305615],[-1.249444,49.305629],[-1.24945,49.305623],[-1.249498,49.30564],[-1.249597,49.305518],[-1.249585,49.305511],[-1.249591,49.305504],[-1.24955,49.305491],[-1.249477,49.305588],[-1.249409,49.305563],[-1.249382,49.305596],[-1.249407,49.305605],[-1.249399,49.305615]]]}},{"type":"Feature","properties":{},"geometry":{"type":"Polygon","coordinates":[[[-1.241519,49.303842],[-1.241489,49.3039],[-1.241509,49.303904],[-1.241485,49.303952],[-1.241465,49.303948],[-1.241441,49.303991],[-1.241455,49.303995],[-1.241371,49.304139],[-1.241382,49.304142],[-1.241413,49.304149],[-1.241469,49.304057],[-1.241585,49.303859],[-1.241519,49.303842]]]}},{"type":"Feature","properties":{},"geometry":{"type":"Polygon","coordinates":[[[-1.255339,49.298521],[-1.255229,49.298497],[-1.255172,49.29861],[-1.255282,49.298633],[-1.255339,49.298521]]]}},{"type":"Feature","properties":{},"geometry":{"type":"Polygon","coordinates":[[[-1.2528,49.30875],[-1.252851,49.30872],[-1.252816,49.308694],[-1.252954,49.308614],[-1.25295,49.30861],[-1.252929,49.308587],[-1.252893,49.308549],[-1.252735,49.30864],[-1.252712,49.308653],[-1.252724,49.308661],[-1.252701,49.308676],[-1.252776,49.308732],[-1.2528,49.30875]]]}},{"type":"Feature","properties":{},"geometry":{"type":"Polygon","coordinates":[[[-1.249343,49.301707],[-1.249326,49.301699],[-1.249264,49.301682],[-1.249257,49.301679],[-1.249234,49.301673],[-1.249183,49.301747],[-1.249261,49.30177],[-1.249308,49.3018],[-1.249326,49.301774],[-1.249348,49.301781],[-1.249368,49.301753],[-1.249321,49.301739],[-1.249343,49.301707]]]}},{"type":"Feature","properties":{},"geometry":{"type":"Polygon","coordinates":[[[-1.240331,49.305225],[-1.240334,49.305238],[-1.240338,49.305234],[-1.24036,49.305246],[-1.240381,49.305245],[-1.240411,49.305224],[-1.240412,49.305211],[-1.240376,49.305192],[-1.240403,49.305171],[-1.240359,49.305147],[-1.240321,49.305125],[-1.240247,49.305183],[-1.240331,49.305225]]]}},{"type":"Feature","properties":{},"geometry":{"type":"Polygon","coordinates":[[[-1.244952,49.299299],[-1.244942,49.299287],[-1.244888,49.299305],[-1.244953,49.299388],[-1.245007,49.29937],[-1.245005,49.299368],[-1.245056,49.29935],[-1.245055,49.299349],[-1.245128,49.299325],[-1.24507,49.299252],[-1.245014,49.299271],[-1.245018,49.299276],[-1.244952,49.299299]]]}},{"type":"Feature","properties":{},"geometry":{"type":"Polygon","coordinates":[[[-1.239289,49.305797],[-1.239286,49.305801],[-1.239371,49.305847],[-1.239361,49.305855],[-1.239418,49.305886],[-1.239506,49.305816],[-1.239437,49.305781],[-1.239437,49.305772],[-1.239369,49.305737],[-1.239381,49.305726],[-1.239319,49.305695],[-1.239229,49.305767],[-1.239289,49.305797]]]}},{"type":"Feature","properties":{},"geometry":{"type":"Polygon","coordinates":[[[-1.243298,49.304253],[-1.2433359,49.3042597],[-1.243372,49.304266],[-1.243421,49.304175],[-1.243433,49.304152],[-1.243489,49.30405],[-1.243421,49.304034],[-1.243409,49.304058],[-1.243451,49.304068],[-1.243429,49.304113],[-1.24337,49.3041],[-1.243366,49.304108],[-1.243335,49.304175],[-1.243298,49.304253]]]}},{"type":"Feature","properties":{},"geometry":{"type":"Polygon","coordinates":[[[-1.24281,49.304147],[-1.242892,49.304171],[-1.242941,49.304067],[-1.242915,49.304062],[-1.242903,49.304086],[-1.242874,49.304078],[-1.242866,49.304082],[-1.242858,49.304084],[-1.242848,49.304085],[-1.24284,49.304085],[-1.24282,49.304125],[-1.242823,49.304126],[-1.24281,49.304147]]]}},{"type":"Feature","properties":{},"geometry":{"type":"Polygon","coordinates":[[[-1.254726,49.294526],[-1.254764,49.294452],[-1.254728,49.294443],[-1.254657,49.294425],[-1.254568,49.294402],[-1.254514,49.294388],[-1.254493,49.294423],[-1.25447,49.294464],[-1.25451,49.294473],[-1.254526,49.294477],[-1.254617,49.2945],[-1.254686,49.294518],[-1.254726,49.294526]]]}},{"type":"Feature","properties":{},"geometry":{"type":"Polygon","coordinates":[[[-1.246065,49.301134],[-1.246103,49.301111],[-1.2461,49.301108],[-1.246118,49.301097],[-1.246151,49.301121],[-1.246221,49.30108],[-1.246187,49.301056],[-1.246205,49.301045],[-1.246209,49.301048],[-1.246248,49.301025],[-1.246173,49.300972],[-1.245991,49.30108],[-1.246065,49.301134]]]}},{"type":"Feature","properties":{},"geometry":{"type":"Polygon","coordinates":[[[-1.25717,49.292596],[-1.257205,49.292566],[-1.257211,49.29257],[-1.257256,49.292532],[-1.25723,49.292519],[-1.257265,49.292489],[-1.257174,49.292442],[-1.257097,49.292507],[-1.257119,49.292518],[-1.257103,49.292531],[-1.257043,49.292501],[-1.257021,49.29252],[-1.25717,49.292596]]]}},{"type":"Feature","properties":{},"geometry":{"type":"Polygon","coordinates":[[[-1.255795,49.29382],[-1.255809,49.293808],[-1.255836,49.293784],[-1.255729,49.293732],[-1.255634,49.293818],[-1.255729,49.29386],[-1.255762,49.29383],[-1.255765,49.293827],[-1.255769,49.293823],[-1.255773,49.293819],[-1.255776,49.293816],[-1.25578,49.293813],[-1.255795,49.29382]]]}},{"type":"Feature","properties":{},"geometry":{"type":"Polygon","coordinates":[[[-1.250842,49.305787],[-1.25087,49.305768],[-1.250874,49.30577],[-1.250998,49.305688],[-1.250994,49.305685],[-1.251025,49.305664],[-1.250979,49.305634],[-1.250948,49.305652],[-1.250942,49.305648],[-1.250808,49.30573],[-1.250813,49.305733],[-1.250771,49.30576],[-1.250842,49.305787]]]}},{"type":"Feature","properties":{},"geometry":{"type":"Polygon","coordinates":[[[-1.238384,49.303477],[-1.238388,49.30347],[-1.238413,49.303429],[-1.238365,49.303415],[-1.238312,49.303316],[-1.238269,49.303326],[-1.238243,49.303332],[-1.238239,49.303333],[-1.238267,49.303396],[-1.238284,49.30342],[-1.238333,49.303455],[-1.238353,49.303463],[-1.238384,49.303477]]]}},{"type":"Feature","properties":{},"geometry":{"type":"Polygon","coordinates":[[[-1.264916,49.302717],[-1.264865,49.302721],[-1.264891,49.302861],[-1.265074,49.302847],[-1.26505,49.302712],[-1.265064,49.302711],[-1.265046,49.302611],[-1.265032,49.302613],[-1.265008,49.302477],[-1.264825,49.302492],[-1.264851,49.302631],[-1.264899,49.302627],[-1.264916,49.302717]]]}},{"type":"Feature","properties":{},"geometry":{"type":"Polygon","coordinates":[[[-1.24832,49.299969],[-1.248392,49.299973],[-1.248397,49.299931],[-1.248404,49.299928],[-1.248432,49.299947],[-1.248478,49.299951],[-1.248484,49.299917],[-1.24841,49.299912],[-1.248425,49.299826],[-1.248323,49.299819],[-1.248305,49.299924],[-1.248326,49.299925],[-1.24832,49.299969]]]}},{"type":"Feature","properties":{},"geometry":{"type":"Polygon","coordinates":[[[-1.260594,49.300413],[-1.260655,49.300413],[-1.260655,49.300345],[-1.260603,49.300346],[-1.260574,49.300328],[-1.260546,49.300347],[-1.260495,49.300348],[-1.260496,49.300375],[-1.260497,49.300415],[-1.260557,49.300414],[-1.260557,49.300404],[-1.260594,49.300404],[-1.260594,49.300413]]]}},{"type":"Feature","properties":{},"geometry":{"type":"Polygon","coordinates":[[[-1.255482,49.301569],[-1.255508,49.301565],[-1.255525,49.301562],[-1.255545,49.301614],[-1.255705,49.301587],[-1.255685,49.301535],[-1.255666,49.301538],[-1.255645,49.301542],[-1.255624,49.301491],[-1.255601,49.301495],[-1.255516,49.301509],[-1.255464,49.301518],[-1.255482,49.301569]]]}},{"type":"Feature","properties":{},"geometry":{"type":"Polygon","coordinates":[[[-1.248661,49.300413],[-1.248586,49.300408],[-1.24858,49.30045],[-1.248596,49.300451],[-1.248586,49.300515],[-1.248743,49.300526],[-1.248743,49.300524],[-1.248768,49.300526],[-1.248772,49.300503],[-1.248751,49.300502],[-1.248758,49.300462],[-1.248654,49.300455],[-1.248661,49.300413]]]}},{"type":"Feature","properties":{},"geometry":{"type":"Polygon","coordinates":[[[-1.249203,49.303662],[-1.249251,49.303624],[-1.249258,49.303618],[-1.24918,49.303576],[-1.249126,49.30361],[-1.249111,49.303603],[-1.24908,49.30363],[-1.249059,49.30362],[-1.249047,49.30363],[-1.249037,49.303625],[-1.248995,49.303664],[-1.24913,49.303728],[-1.249203,49.303662]]]}},{"type":"Feature","properties":{},"geometry":{"type":"Polygon","coordinates":[[[-1.258057,49.295871],[-1.258037,49.295873],[-1.258006,49.295768],[-1.257885,49.295784],[-1.257898,49.295826],[-1.257911,49.295824],[-1.257916,49.295842],[-1.257909,49.295843],[-1.257924,49.295893],[-1.257935,49.295892],[-1.257946,49.295928],[-1.258069,49.295912],[-1.258057,49.295871]]]}},{"type":"Feature","properties":{},"geometry":{"type":"Polygon","coordinates":[[[-1.239172,49.303348],[-1.239228,49.303254],[-1.238951,49.303197],[-1.238908,49.303287],[-1.238953,49.303297],[-1.238959,49.303286],[-1.238988,49.303293],[-1.238982,49.303307],[-1.239065,49.303327],[-1.239073,49.303312],[-1.239131,49.303326],[-1.239125,49.303338],[-1.239172,49.303348]]]}},{"type":"Feature","properties":{},"geometry":{"type":"Polygon","coordinates":[[[-1.255031,49.301282],[-1.255024,49.301261],[-1.25494,49.301274],[-1.254933,49.301255],[-1.254913,49.301258],[-1.25491,49.301249],[-1.254902,49.301251],[-1.254891,49.30122],[-1.254802,49.301234],[-1.254832,49.301315],[-1.254928,49.301299],[-1.254948,49.301296],[-1.255031,49.301282]]]}},{"type":"Feature","properties":{},"geometry":{"type":"Polygon","coordinates":[[[-1.240432,49.299423],[-1.240382,49.299361],[-1.240287,49.299393],[-1.240275,49.299391],[-1.240265,49.29939],[-1.240254,49.299392],[-1.240248,49.299395],[-1.240245,49.299399],[-1.240243,49.299404],[-1.240246,49.299407],[-1.240231,49.299414],[-1.240286,49.299476],[-1.240432,49.299423]]]}},{"type":"Feature","properties":{},"geometry":{"type":"Polygon","coordinates":[[[-1.245853,49.305281],[-1.245922,49.305076],[-1.245854,49.305065],[-1.245801,49.305222],[-1.245804,49.305232],[-1.245809,49.30524],[-1.245818,49.305244],[-1.245808,49.305276],[-1.24584,49.305281],[-1.245827,49.305312],[-1.245918,49.305329],[-1.245933,49.305295],[-1.245853,49.305281]]]}},{"type":"Feature","properties":{},"geometry":{"type":"Polygon","coordinates":[[[-1.249024,49.305257],[-1.248989,49.305317],[-1.24896,49.305367],[-1.248925,49.305361],[-1.248902,49.305437],[-1.249051,49.305481],[-1.249075,49.30544],[-1.24901,49.305422],[-1.249046,49.305366],[-1.249041,49.305332],[-1.249125,49.305356],[-1.249159,49.305297],[-1.249024,49.305257]]]}},{"type":"Feature","properties":{},"geometry":{"type":"Polygon","coordinates":[[[-1.255592,49.295259],[-1.255626,49.295265],[-1.255614,49.295292],[-1.255692,49.295306],[-1.255706,49.295275],[-1.255726,49.295278],[-1.255743,49.295265],[-1.255758,49.295232],[-1.255729,49.295226],[-1.255743,49.295194],[-1.255629,49.295173],[-1.255615,49.295207],[-1.255592,49.295259]]]}},{"type":"Feature","properties":{},"geometry":{"type":"Polygon","coordinates":[[[-1.25932,49.300996],[-1.259223,49.300997],[-1.259225,49.30107],[-1.259202,49.30107],[-1.259203,49.301135],[-1.259229,49.301135],[-1.25923,49.301206],[-1.259326,49.301205],[-1.259323,49.301134],[-1.259297,49.301135],[-1.259298,49.301067],[-1.259323,49.301067],[-1.25932,49.300996]]]}},{"type":"Feature","properties":{},"geometry":{"type":"Polygon","coordinates":[[[-1.244426,49.304735],[-1.244461,49.304729],[-1.244434,49.304656],[-1.244398,49.30456],[-1.2443448,49.3045614],[-1.244284,49.304563],[-1.244323,49.304689],[-1.24433,49.304712],[-1.244377,49.304706],[-1.24437,49.304682],[-1.24439,49.30468],[-1.244393,49.304687],[-1.244409,49.304685],[-1.244426,49.304735]]]}},{"type":"Feature","properties":{},"geometry":{"type":"Polygon","coordinates":[[[-1.254466,49.311398],[-1.254396,49.311317],[-1.254437,49.311302],[-1.25444,49.311304],[-1.254631,49.311234],[-1.254563,49.311155],[-1.254268,49.311263],[-1.254259,49.311252],[-1.254194,49.311276],[-1.254204,49.311287],[-1.254142,49.31131],[-1.254278,49.311467],[-1.254466,49.311398]]]}},{"type":"Feature","properties":{},"geometry":{"type":"Polygon","coordinates":[[[-1.244245,49.302793],[-1.244187,49.302768],[-1.244153,49.302805],[-1.244265,49.302859],[-1.244284,49.30284],[-1.244483,49.302655],[-1.244193,49.302628],[-1.244172,49.302705],[-1.244243,49.302711],[-1.244309,49.302718],[-1.244298,49.302765],[-1.244287,49.302765],[-1.244245,49.302793]]]}},{"type":"Feature","properties":{},"geometry":{"type":"Polygon","coordinates":[[[-1.24912,49.300615],[-1.24919,49.300621],[-1.24919,49.300617],[-1.249195,49.300586],[-1.249126,49.300581],[-1.249135,49.300521],[-1.249029,49.300514],[-1.248976,49.30051],[-1.248967,49.300557],[-1.24901,49.30056],[-1.249006,49.300582],[-1.249124,49.300591],[-1.24912,49.300615]]]}},{"type":"Feature","properties":{},"geometry":{"type":"Polygon","coordinates":[[[-1.247178,49.301917],[-1.247179,49.301911],[-1.247244,49.301915],[-1.247248,49.301883],[-1.247185,49.301879],[-1.247191,49.301848],[-1.247181,49.301847],[-1.247183,49.30183],[-1.247135,49.301827],[-1.247132,49.301845],[-1.24705,49.30184],[-1.24704,49.301909],[-1.247178,49.301917]]]}},{"type":"Feature","properties":{},"geometry":{"type":"Polygon","coordinates":[[[-1.243431,49.302911],[-1.243426,49.302918],[-1.243417,49.302932],[-1.2434,49.302955],[-1.243439,49.302966],[-1.243452,49.302945],[-1.24349,49.302955],[-1.243595,49.302795],[-1.243577,49.302789],[-1.243584,49.302778],[-1.24353,49.302763],[-1.243463,49.302863],[-1.243431,49.302911]]]}},{"type":"Feature","properties":{},"geometry":{"type":"Polygon","coordinates":[[[-1.254259,49.305067],[-1.254309,49.304998],[-1.254207,49.304965],[-1.254188,49.304959],[-1.254199,49.304943],[-1.254162,49.304932],[-1.2541,49.305016],[-1.254131,49.305026],[-1.254138,49.305028],[-1.254144,49.30503],[-1.254177,49.305041],[-1.254213,49.305052],[-1.254259,49.305067]]]}},{"type":"Feature","properties":{},"geometry":{"type":"Polygon","coordinates":[[[-1.261221,49.299404],[-1.261315,49.299403],[-1.261314,49.299369],[-1.261343,49.299368],[-1.261342,49.299315],[-1.26134,49.299286],[-1.261355,49.299286],[-1.261352,49.2992],[-1.261225,49.299201],[-1.261228,49.299286],[-1.261216,49.299286],[-1.261218,49.299317],[-1.261221,49.299404]]]}},{"type":"Feature","properties":{},"geometry":{"type":"Polygon","coordinates":[[[-1.251825,49.306775],[-1.251865,49.30682],[-1.251908,49.306802],[-1.251894,49.306786],[-1.252027,49.306734],[-1.252025,49.306732],[-1.252057,49.30672],[-1.252102,49.306767],[-1.252258,49.306705],[-1.252195,49.306632],[-1.252158,49.306646],[-1.25208,49.306676],[-1.251825,49.306775]]]}},{"type":"Feature","properties":{},"geometry":{"type":"Polygon","coordinates":[[[-1.255539,49.306555],[-1.255561,49.306538],[-1.255554,49.306532],[-1.25559,49.306501],[-1.255603,49.306508],[-1.255611,49.306502],[-1.255586,49.306488],[-1.255577,49.306495],[-1.255559,49.306485],[-1.25553,49.306508],[-1.255526,49.306506],[-1.255494,49.306531],[-1.255539,49.306555]]]}},{"type":"Feature","properties":{},"geometry":{"type":"Polygon","coordinates":[[[-1.238948,49.305179],[-1.238908,49.305224],[-1.238963,49.3052599],[-1.2389665,49.3052622],[-1.239006,49.305287],[-1.239035,49.305258],[-1.23908,49.305274],[-1.239101,49.305264],[-1.239073,49.305228],[-1.23907,49.305224],[-1.239071,49.305214],[-1.239032,49.305196],[-1.239021,49.30521],[-1.238948,49.305179]]]}},{"type":"Feature","properties":{},"geometry":{"type":"Polygon","coordinates":[[[-1.259991,49.300986],[-1.259995,49.301057],[-1.26002,49.301056],[-1.260021,49.301124],[-1.259996,49.301124],[-1.259999,49.301195],[-1.260094,49.301193],[-1.260093,49.301122],[-1.260116,49.301122],[-1.260115,49.301055],[-1.260089,49.301055],[-1.260089,49.300985],[-1.259991,49.300986]]]}},{"type":"Feature","properties":{},"geometry":{"type":"Polygon","coordinates":[[[-1.243994,49.304597],[-1.2439447,49.3046093],[-1.243902,49.30462],[-1.244028,49.30483],[-1.244038,49.304847],[-1.244089,49.304835],[-1.24401,49.304701],[-1.24397,49.304675],[-1.243986,49.304671],[-1.243995,49.30468],[-1.244004,49.304678],[-1.244024,49.304719],[-1.244049,49.304714],[-1.243994,49.304597]]]}},{"type":"Feature","properties":{},"geometry":{"type":"Polygon","coordinates":[[[-1.25195,49.297003],[-1.251962,49.297003],[-1.251959,49.29695],[-1.251828,49.296953],[-1.251834,49.297059],[-1.25178,49.29706],[-1.251782,49.297088],[-1.251789,49.297088],[-1.25179,49.297119],[-1.251971,49.297115],[-1.251969,49.297083],[-1.251955,49.297083],[-1.25195,49.297003]]]}},{"type":"Feature","properties":{},"geometry":{"type":"Polygon","coordinates":[[[-1.245964,49.305003],[-1.245941,49.305032],[-1.245922,49.305076],[-1.245853,49.305281],[-1.245933,49.305295],[-1.24596,49.305299],[-1.245976,49.305247],[-1.245981,49.30523],[-1.245911,49.305219],[-1.245955,49.305122],[-1.24601,49.305132],[-1.246058,49.305041],[-1.245964,49.305003]]]}},{"type":"Feature","properties":{},"geometry":{"type":"Polygon","coordinates":[[[-1.258619,49.295303],[-1.25865,49.295278],[-1.258657,49.295282],[-1.258731,49.295226],[-1.258656,49.295184],[-1.258647,49.29519],[-1.258601,49.295165],[-1.258566,49.295193],[-1.258574,49.295198],[-1.258544,49.295221],[-1.258559,49.295229],[-1.258528,49.295252],[-1.258619,49.295303]]]}},{"type":"Feature","properties":{},"geometry":{"type":"Polygon","coordinates":[[[-1.23756,49.308955],[-1.237183,49.309267],[-1.237219,49.309286],[-1.237154,49.309339],[-1.237205,49.309366],[-1.237204,49.30939],[-1.237235,49.309402],[-1.237268,49.309401],[-1.237406,49.309473],[-1.237544,49.309358],[-1.237502,49.309337],[-1.237809,49.309083],[-1.23756,49.308955]]]}},{"type":"Feature","properties":{},"geometry":{"type":"Polygon","coordinates":[[[-1.252058,49.296469],[-1.25216,49.296503],[-1.252169,49.296492],[-1.252331,49.296546],[-1.252388,49.296472],[-1.252318,49.296449],[-1.252313,49.296456],[-1.252289,49.296447],[-1.252293,49.296441],[-1.252218,49.296416],[-1.252215,49.29642],[-1.252121,49.296388],[-1.252058,49.296469]]]}},{"type":"Feature","properties":{},"geometry":{"type":"Polygon","coordinates":[[[-1.248759,49.298833],[-1.248695,49.298828],[-1.248686,49.298876],[-1.248669,49.298872],[-1.248658,49.298873],[-1.248638,49.298889],[-1.248642,49.298897],[-1.248656,49.298904],[-1.24863,49.298929],[-1.248741,49.298983],[-1.248802,49.298927],[-1.248749,49.298902],[-1.248759,49.298833]]]}},{"type":"Feature","properties":{},"geometry":{"type":"Polygon","coordinates":[[[-1.243122,49.305231],[-1.243028,49.305193],[-1.242971,49.305255],[-1.242748,49.30518],[-1.242573,49.305385],[-1.242597,49.305407],[-1.242756,49.305402],[-1.242738,49.30535],[-1.2428,49.305277],[-1.242942,49.305321],[-1.242936,49.305327],[-1.243011,49.305356],[-1.243122,49.305231]]]}},{"type":"Feature","properties":{},"geometry":{"type":"Polygon","coordinates":[[[-1.243791,49.300462],[-1.243847,49.300494],[-1.243882,49.30047],[-1.243878,49.300467],[-1.243905,49.300447],[-1.243937,49.300425],[-1.243926,49.300418],[-1.243892,49.300398],[-1.243903,49.300389],[-1.243877,49.300374],[-1.243804,49.300428],[-1.243822,49.300439],[-1.243791,49.300462]]]}},{"type":"Feature","properties":{},"geometry":{"type":"Polygon","coordinates":[[[-1.25192,49.2954],[-1.251936,49.295312],[-1.251831,49.295303],[-1.251835,49.295281],[-1.251731,49.295273],[-1.251715,49.295362],[-1.251781,49.295367],[-1.25178,49.295373],[-1.251818,49.295376],[-1.251813,49.2954],[-1.251853,49.295403],[-1.251854,49.295395],[-1.25192,49.2954]]]}},{"type":"Feature","properties":{},"geometry":{"type":"Polygon","coordinates":[[[-1.24773,49.299498],[-1.247797,49.299503],[-1.247796,49.299506],[-1.247901,49.299514],[-1.247913,49.299439],[-1.247899,49.299438],[-1.247905,49.299404],[-1.247863,49.299401],[-1.247868,49.299374],[-1.247854,49.299364],[-1.247753,49.299357],[-1.247741,49.299432],[-1.24773,49.299498]]]}},{"type":"Feature","properties":{},"geometry":{"type":"Polygon","coordinates":[[[-1.24879,49.297402],[-1.248782,49.297453],[-1.248854,49.297458],[-1.248912,49.297462],[-1.248926,49.297388],[-1.248932,49.297354],[-1.248943,49.297282],[-1.248885,49.297278],[-1.248815,49.297274],[-1.248803,49.297327],[-1.248722,49.297321],[-1.248709,49.297395],[-1.24879,49.297402]]]}},{"type":"Feature","properties":{},"geometry":{"type":"Polygon","coordinates":[[[-1.252764,49.304631],[-1.252611,49.304517],[-1.252538,49.30456],[-1.252558,49.304574],[-1.252412,49.304659],[-1.252392,49.304644],[-1.252319,49.304686],[-1.252472,49.304799],[-1.252578,49.304738],[-1.252587,49.304744],[-1.252667,49.304698],[-1.252658,49.304692],[-1.252764,49.304631]]]}},{"type":"Feature","properties":{},"geometry":{"type":"Polygon","coordinates":[[[-1.266859,49.307061],[-1.266968,49.307076],[-1.266989,49.307042],[-1.267,49.307045],[-1.267028,49.306997],[-1.26702,49.306995],[-1.267041,49.306959],[-1.266988,49.306945],[-1.266995,49.306929],[-1.266947,49.306918],[-1.266895,49.307016],[-1.266887,49.307014],[-1.266859,49.307061]]]}},{"type":"Feature","properties":{},"geometry":{"type":"Polygon","coordinates":[[[-1.256177,49.312515],[-1.256256,49.312484],[-1.25629,49.312522],[-1.256347,49.3125],[-1.256359,49.312512],[-1.256501,49.312458],[-1.256457,49.312409],[-1.256499,49.312393],[-1.256286,49.312157],[-1.256045,49.312251],[-1.256091,49.312302],[-1.256013,49.312332],[-1.256177,49.312515]]]}},{"type":"Feature","properties":{},"geometry":{"type":"Polygon","coordinates":[[[-1.250462,49.301507],[-1.250375,49.301443],[-1.250388,49.301436],[-1.250362,49.301417],[-1.25035,49.301425],[-1.250186,49.301306],[-1.2502,49.301298],[-1.250176,49.301281],[-1.25016,49.30129],[-1.250079,49.301232],[-1.249988,49.301282],[-1.250371,49.30156],[-1.250462,49.301507]]]}},{"type":"Feature","properties":{},"geometry":{"type":"Polygon","coordinates":[[[-1.237109,49.302744],[-1.237173,49.302761],[-1.237172,49.302764],[-1.237242,49.302783],[-1.237244,49.302779],[-1.237267,49.302785],[-1.237265,49.302788],[-1.237323,49.302804],[-1.237362,49.302742],[-1.237216,49.302703],[-1.237221,49.302695],[-1.237149,49.302677],[-1.237109,49.302744]]]}},{"type":"Feature","properties":{},"geometry":{"type":"Polygon","coordinates":[[[-1.248419,49.298304],[-1.24818,49.298285],[-1.248164,49.298348],[-1.24846,49.29837],[-1.248471,49.298311],[-1.248491,49.298313],[-1.248575,49.29787],[-1.248452,49.297861],[-1.248437,49.297949],[-1.248431,49.297985],[-1.24839,49.298223],[-1.248435,49.298226],[-1.248419,49.298304]]]}},{"type":"Feature","properties":{},"geometry":{"type":"Polygon","coordinates":[[[-1.239428,49.30889],[-1.239412,49.308922],[-1.239379,49.308997],[-1.239359,49.30904],[-1.239406,49.30905],[-1.239392,49.309084],[-1.23936,49.30916],[-1.239341,49.309203],[-1.239449,49.309223],[-1.239516,49.309069],[-1.239469,49.30906],[-1.239534,49.308909],[-1.239428,49.30889]]]}},{"type":"Feature","properties":{},"geometry":{"type":"Polygon","coordinates":[[[-1.257088,49.301325],[-1.257163,49.301313],[-1.257208,49.301306],[-1.257246,49.301299],[-1.257226,49.301247],[-1.257269,49.30124],[-1.257249,49.301189],[-1.257198,49.301197],[-1.257114,49.301211],[-1.257091,49.301215],[-1.257111,49.301266],[-1.257068,49.301273],[-1.257088,49.301325]]]}},{"type":"Feature","properties":{},"geometry":{"type":"Polygon","coordinates":[[[-1.256398,49.293243],[-1.256457,49.293194],[-1.256435,49.293182],[-1.256493,49.293134],[-1.256475,49.293124],[-1.2565,49.293104],[-1.256429,49.293067],[-1.256326,49.293152],[-1.256347,49.293163],[-1.256331,49.293177],[-1.256274,49.293147],[-1.256251,49.293166],[-1.256398,49.293243]]]}},{"type":"Feature","properties":{},"geometry":{"type":"Polygon","coordinates":[[[-1.26009,49.296716],[-1.260069,49.29668],[-1.260021,49.296692],[-1.259996,49.296698],[-1.259983,49.296674],[-1.259967,49.296678],[-1.259914,49.296583],[-1.259808,49.296609],[-1.259864,49.296709],[-1.259888,49.296703],[-1.259931,49.296692],[-1.259938,49.296705],[-1.259962,49.296747],[-1.26009,49.296716]]]}},{"type":"Feature","properties":{},"geometry":{"type":"Polygon","coordinates":[[[-1.245817,49.305968],[-1.245806,49.305924],[-1.245792,49.305925],[-1.245788,49.305906],[-1.245724,49.305913],[-1.245729,49.30593],[-1.245711,49.305932],[-1.245741,49.306055],[-1.24596,49.306057],[-1.24596,49.306036],[-1.245959,49.306017],[-1.246226,49.306017],[-1.246226,49.305969],[-1.245817,49.305968]]]}},{"type":"Feature","properties":{},"geometry":{"type":"Polygon","coordinates":[[[-1.246205,49.304782],[-1.246244,49.304811],[-1.246391,49.304725],[-1.246411,49.304736],[-1.246521,49.304671],[-1.246514,49.304665],[-1.246548,49.304645],[-1.246536,49.304636],[-1.24656,49.304622],[-1.246548,49.304608],[-1.246528,49.304619],[-1.246519,49.304623],[-1.24628,49.304749],[-1.246205,49.304782]]]}},{"type":"Feature","properties":{},"geometry":{"type":"Polygon","coordinates":[[[-1.245459,49.299019],[-1.245431,49.298983],[-1.245424,49.298973],[-1.245451,49.298964],[-1.245455,49.298953],[-1.245445,49.298939],[-1.245426,49.298933],[-1.245397,49.298942],[-1.245394,49.298937],[-1.245304,49.298966],[-1.245342,49.29902],[-1.24532,49.299027],[-1.245342,49.299056],[-1.245459,49.299019]]]}},{"type":"Feature","properties":{},"geometry":{"type":"Polygon","coordinates":[[[-1.247554,49.305424],[-1.247553,49.305451],[-1.247564,49.305451],[-1.247559,49.305661],[-1.247642,49.305662],[-1.247642,49.305449],[-1.247607,49.30545],[-1.247593,49.30534],[-1.247633,49.305339],[-1.247651,49.305442],[-1.247722,49.305439],[-1.247702,49.305282],[-1.247539,49.305281],[-1.247554,49.305424]]]}},{"type":"Feature","properties":{},"geometry":{"type":"Polygon","coordinates":[[[-1.242409,49.304018],[-1.242475,49.304038],[-1.242547,49.303919],[-1.242529,49.303914],[-1.242582,49.303822],[-1.242605,49.303826],[-1.242619,49.303789],[-1.242605,49.303786],[-1.242615,49.303762],[-1.242588,49.303754],[-1.242586,49.303756],[-1.242538,49.303827],[-1.242481,49.303911],[-1.242409,49.304018]]]}},{"type":"Feature","properties":{},"geometry":{"type":"Polygon","coordinates":[[[-1.256775,49.295584],[-1.256831,49.295496],[-1.256755,49.295476],[-1.256737,49.295506],[-1.256731,49.295515],[-1.256686,49.295503],[-1.256692,49.295494],[-1.256689,49.295494],[-1.256689,49.295492],[-1.256672,49.295463],[-1.2566444,49.295456],[-1.256612,49.295505],[-1.256593,49.295535],[-1.256775,49.295584]]]}},{"type":"Feature","properties":{},"geometry":{"type":"Polygon","coordinates":[[[-1.248394,49.302848],[-1.248325,49.302901],[-1.248327,49.302902],[-1.248301,49.302924],[-1.248331,49.302939],[-1.248374,49.30296],[-1.248435,49.30291],[-1.248472,49.302935],[-1.248478,49.30293],[-1.248505,49.302946],[-1.248532,49.302929],[-1.248464,49.302884],[-1.248418,49.302861],[-1.248394,49.302848]]]}},{"type":"Feature","properties":{},"geometry":{"type":"Polygon","coordinates":[[[-1.254096,49.301122],[-1.254099,49.30113],[-1.254114,49.301172],[-1.254057,49.301181],[-1.254065,49.301202],[-1.25406,49.301203],[-1.254062,49.301209],[-1.254046,49.301211],[-1.254055,49.301237],[-1.25407,49.301235],[-1.254226,49.301213],[-1.254186,49.301108],[-1.254117,49.301119],[-1.254096,49.301122]]]}},{"type":"Feature","properties":{},"geometry":{"type":"Polygon","coordinates":[[[-1.261235,49.290519],[-1.261437,49.290467],[-1.261446,49.29048],[-1.26147,49.290474],[-1.261461,49.29046],[-1.261644,49.290412],[-1.26165,49.290421],[-1.261696,49.290409],[-1.261664,49.290357],[-1.261625,49.290367],[-1.261611,49.290344],[-1.261149,49.290464],[-1.261148,49.290469],[-1.261235,49.290519]]]}},{"type":"Feature","properties":{},"geometry":{"type":"Polygon","coordinates":[[[-1.245531,49.303625],[-1.245735,49.303769],[-1.245825,49.30384],[-1.245868,49.303817],[-1.245904,49.303797],[-1.245848,49.303753],[-1.245836,49.30376],[-1.245783,49.303724],[-1.24571,49.303676],[-1.245732,49.303663],[-1.24577,49.303641],[-1.245636,49.303542],[-1.245618,49.303556],[-1.245531,49.303625]]]}},{"type":"Feature","properties":{},"geometry":{"type":"Polygon","coordinates":[[[-1.254565,49.297776],[-1.25456,49.297809],[-1.254657,49.297816],[-1.254667,49.29781],[-1.254671,49.29779],[-1.254674,49.29779],[-1.254676,49.297784],[-1.254689,49.297704],[-1.254618,49.297699],[-1.254623,49.297669],[-1.254583,49.297666],[-1.254581,49.297674],[-1.254569,49.297754],[-1.254565,49.297776]]]}},{"type":"Feature","properties":{},"geometry":{"type":"Polygon","coordinates":[[[-1.259235,49.297038],[-1.259177,49.297051],[-1.259173,49.297046],[-1.259145,49.296994],[-1.259056,49.297013],[-1.259083,49.297063],[-1.259063,49.297068],[-1.259073,49.297086],[-1.259095,49.297081],[-1.259121,49.297129],[-1.259168,49.297118],[-1.259219,49.297106],[-1.259265,49.297095],[-1.259235,49.297038]]]}},{"type":"Feature","properties":{},"geometry":{"type":"Polygon","coordinates":[[[-1.251439,49.303272],[-1.251488,49.303403],[-1.251531,49.303396],[-1.251512,49.303345],[-1.251447,49.303174],[-1.251428,49.303177],[-1.251435,49.303199],[-1.251395,49.303207],[-1.251389,49.303193],[-1.251369,49.303204],[-1.251373,49.303214],[-1.251369,49.303215],[-1.251394,49.30328],[-1.251439,49.303272]]]}},{"type":"Feature","properties":{},"geometry":{"type":"Polygon","coordinates":[[[-1.25781,49.291849],[-1.25778,49.291874],[-1.257808,49.291888],[-1.257924,49.291792],[-1.257942,49.291777],[-1.257874,49.291742],[-1.257839,49.291771],[-1.257759,49.29173],[-1.257752,49.291736],[-1.257734,49.291727],[-1.257709,49.291748],[-1.257726,49.291758],[-1.257691,49.291788],[-1.25781,49.291849]]]}},{"type":"Feature","properties":{},"geometry":{"type":"Polygon","coordinates":[[[-1.257621,49.2966],[-1.257601,49.296569],[-1.257487,49.296601],[-1.257507,49.296631],[-1.257442,49.296649],[-1.2574449,49.2966535],[-1.257482,49.296711],[-1.257508,49.296748],[-1.257589,49.296727],[-1.257575,49.296701],[-1.257585,49.296698],[-1.257596,49.296682],[-1.257623,49.296687],[-1.25767,49.296675],[-1.257621,49.2966]]]}},{"type":"Feature","properties":{},"geometry":{"type":"Polygon","coordinates":[[[-1.244216,49.29943],[-1.244267,49.299491],[-1.244312,49.299476],[-1.244323,49.29949],[-1.244353,49.299481],[-1.244374,49.299508],[-1.244454,49.299481],[-1.244432,49.299452],[-1.244412,49.299459],[-1.244367,49.299401],[-1.244315,49.299418],[-1.244276,49.299431],[-1.244264,49.299415],[-1.244216,49.29943]]]}},{"type":"Feature","properties":{},"geometry":{"type":"Polygon","coordinates":[[[-1.240399,49.305961],[-1.240302,49.30591],[-1.240292,49.305918],[-1.240278,49.305909],[-1.240267,49.305905],[-1.240247,49.305906],[-1.24022,49.305907],[-1.240177,49.305942],[-1.240179,49.305958],[-1.240183,49.305975],[-1.240207,49.305986],[-1.240197,49.305995],[-1.240295,49.306048],[-1.240399,49.305961]]]}},{"type":"Feature","properties":{},"geometry":{"type":"Polygon","coordinates":[[[-1.258646,49.298189],[-1.258744,49.298166],[-1.258801,49.298153],[-1.258795,49.29814],[-1.258838,49.298131],[-1.258806,49.298071],[-1.258697,49.298096],[-1.258686,49.298076],[-1.258672,49.298071],[-1.258612,49.298085],[-1.258606,49.298094],[-1.258616,49.298115],[-1.258608,49.298117],[-1.258646,49.298189]]]}},{"type":"Feature","properties":{},"geometry":{"type":"Polygon","coordinates":[[[-1.256249,49.308361],[-1.256205,49.308404],[-1.256276,49.308426],[-1.256359,49.308371],[-1.256281,49.308335],[-1.256314,49.308301],[-1.256266,49.308282],[-1.256282,49.308265],[-1.256211,49.308237],[-1.256197,49.308251],[-1.256156,49.308235],[-1.256132,49.308261],[-1.256097,49.308296],[-1.256249,49.308361]]]}},{"type":"Feature","properties":{},"geometry":{"type":"Polygon","coordinates":[[[-1.256759,49.30046],[-1.25683,49.300456],[-1.256828,49.300435],[-1.256884,49.300432],[-1.256873,49.300345],[-1.256852,49.300346],[-1.256849,49.300332],[-1.256804,49.300335],[-1.256806,49.300349],[-1.256785,49.30035],[-1.256786,49.300355],[-1.256791,49.300388],[-1.256748,49.300391],[-1.256759,49.30046]]]}},{"type":"Feature","properties":{},"geometry":{"type":"Polygon","coordinates":[[[-1.23934,49.3087],[-1.239448,49.308723],[-1.239512,49.30857],[-1.239457,49.308561],[-1.239528,49.308407],[-1.239415,49.308384],[-1.239398,49.308424],[-1.239383,49.308459],[-1.239365,49.308499],[-1.239349,49.308537],[-1.23941,49.30855],[-1.239392,49.308588],[-1.239356,49.308664],[-1.23934,49.3087]]]}},{"type":"Feature","properties":{},"geometry":{"type":"Polygon","coordinates":[[[-1.246921,49.301903],[-1.24693,49.301903],[-1.246919,49.301973],[-1.246995,49.301978],[-1.247,49.301942],[-1.246979,49.30194],[-1.246984,49.301906],[-1.24704,49.301909],[-1.24705,49.30184],[-1.247052,49.30183],[-1.247001,49.301826],[-1.247005,49.301801],[-1.246937,49.301797],[-1.246921,49.301903]]]}},{"type":"Feature","properties":{},"geometry":{"type":"Polygon","coordinates":[[[-1.258803,49.300462],[-1.258864,49.30046],[-1.258863,49.300452],[-1.2589,49.30045],[-1.258901,49.300459],[-1.258963,49.300458],[-1.258961,49.300409],[-1.258961,49.30039],[-1.258906,49.300392],[-1.258879,49.300375],[-1.258852,49.300393],[-1.2588,49.300393],[-1.2588,49.300429],[-1.258803,49.300462]]]}},{"type":"Feature","properties":{},"geometry":{"type":"Polygon","coordinates":[[[-1.255377,49.288029],[-1.255384,49.288031],[-1.255463,49.288065],[-1.255488,49.28804],[-1.255502,49.288045],[-1.255549,49.287999],[-1.255562,49.288003],[-1.255609,49.287955],[-1.255496,49.287909],[-1.255454,49.287951],[-1.255464,49.287955],[-1.255414,49.288004],[-1.255406,49.288],[-1.255377,49.288029]]]}},{"type":"Feature","properties":{},"geometry":{"type":"Polygon","coordinates":[[[-1.260521,49.296481],[-1.2606,49.29646],[-1.260704,49.296435],[-1.260663,49.296363],[-1.260556,49.296389],[-1.26054,49.296361],[-1.260462,49.29638],[-1.260481,49.296413],[-1.260465,49.296417],[-1.260484,49.29645],[-1.260501,49.296446],[-1.260505,49.296452],[-1.260517,49.296474],[-1.260521,49.296481]]]}},{"type":"Feature","properties":{},"geometry":{"type":"Polygon","coordinates":[[[-1.239548,49.309242],[-1.239519,49.309315],[-1.239687,49.309346],[-1.239602,49.30955],[-1.239486,49.30953],[-1.239494,49.30951],[-1.239455,49.309504],[-1.239393,49.309494],[-1.239366,49.309562],[-1.239692,49.30962],[-1.239818,49.309316],[-1.239658,49.309288],[-1.239668,49.309262],[-1.239548,49.309242]]]}},{"type":"Feature","properties":{},"geometry":{"type":"Polygon","coordinates":[[[-1.244673,49.299577],[-1.24475,49.299624],[-1.244807,49.299587],[-1.244827,49.299574],[-1.244862,49.29955],[-1.244846,49.29954],[-1.244876,49.299518],[-1.244866,49.299511],[-1.244825,49.299484],[-1.24486,49.299461],[-1.244854,49.299457],[-1.244783,49.299504],[-1.244765,49.299516],[-1.244673,49.299577]]]}},{"type":"Feature","properties":{},"geometry":{"type":"Polygon","coordinates":[[[-1.24922,49.30554],[-1.249204,49.30556],[-1.249243,49.305573],[-1.249258,49.305554],[-1.249287,49.305564],[-1.249309,49.305537],[-1.249245,49.305513],[-1.249329,49.305417],[-1.249523,49.305481],[-1.249557,49.305435],[-1.249303,49.305347],[-1.249228,49.305433],[-1.249154,49.305517],[-1.24922,49.30554]]]}},{"type":"Feature","properties":{},"geometry":{"type":"Polygon","coordinates":[[[-1.257481,49.297547],[-1.257638,49.297504],[-1.257618,49.297474],[-1.257582,49.297483],[-1.257551,49.297431],[-1.25756,49.297429],[-1.257533,49.297388],[-1.25752,49.297392],[-1.257508,49.297373],[-1.257485,49.297341],[-1.257385,49.297368],[-1.257443,49.297458],[-1.257429,49.297462],[-1.257481,49.297547]]]}},{"type":"Feature","properties":{},"geometry":{"type":"Polygon","coordinates":[[[-1.242897,49.302962],[-1.2429,49.30291],[-1.242832,49.30291],[-1.242848,49.303032],[-1.242986,49.303041],[-1.242999,49.302945],[-1.243004,49.302908],[-1.242944,49.302907],[-1.242926,49.302907],[-1.242922,49.302907],[-1.242921,49.302947],[-1.242981,49.302949],[-1.24298,49.302965],[-1.242897,49.302962]]]}},{"type":"Feature","properties":{},"geometry":{"type":"Polygon","coordinates":[[[-1.246814,49.305135],[-1.246857,49.305002],[-1.246841,49.305],[-1.246846,49.304983],[-1.246827,49.304979],[-1.246809,49.305026],[-1.24682,49.305028],[-1.246812,49.305054],[-1.246767,49.305049],[-1.246764,49.305064],[-1.246752,49.305086],[-1.246738,49.305104],[-1.24672,49.305129],[-1.246814,49.305135]]]}},{"type":"Feature","properties":{},"geometry":{"type":"Polygon","coordinates":[[[-1.250547,49.305786],[-1.250513,49.305832],[-1.250429,49.305805],[-1.25036,49.305899],[-1.250379,49.305905],[-1.250397,49.30588],[-1.250425,49.305889],[-1.250417,49.305901],[-1.250456,49.305914],[-1.250465,49.305902],[-1.250501,49.305914],[-1.25055,49.30585],[-1.250587,49.3058],[-1.250547,49.305786]]]}},{"type":"Feature","properties":{},"geometry":{"type":"Polygon","coordinates":[[[-1.252985,49.307044],[-1.253059,49.307014],[-1.253047,49.307001],[-1.253099,49.30698],[-1.25308,49.30696],[-1.253121,49.306944],[-1.253078,49.306897],[-1.253054,49.306892],[-1.253036,49.306899],[-1.253035,49.30691],[-1.253035,49.306912],[-1.253048,49.306925],[-1.252925,49.306979],[-1.252985,49.307044]]]}},{"type":"Feature","properties":{},"geometry":{"type":"Polygon","coordinates":[[[-1.242417,49.306361],[-1.24243,49.306388],[-1.242464,49.306373],[-1.242496,49.306404],[-1.242554,49.306379],[-1.24254,49.306364],[-1.24263,49.306324],[-1.24264,49.306334],[-1.242684,49.306315],[-1.242682,49.306302],[-1.242682,49.306301],[-1.242616,49.306242],[-1.242396,49.306338],[-1.242417,49.306361]]]}},{"type":"Feature","properties":{},"geometry":{"type":"Polygon","coordinates":[[[-1.24126,49.303166],[-1.24112,49.303156],[-1.2411,49.303155],[-1.241074,49.303153],[-1.241067,49.303192],[-1.241063,49.303213],[-1.241056,49.303253],[-1.241044,49.303317],[-1.241101,49.303323],[-1.241134,49.303166],[-1.241189,49.303171],[-1.241171,49.303251],[-1.24123,49.303256],[-1.24126,49.303166]]]}},{"type":"Feature","properties":{},"geometry":{"type":"Polygon","coordinates":[[[-1.240848,49.308212],[-1.240813,49.308206],[-1.240821,49.308186],[-1.240664,49.308157],[-1.240656,49.308175],[-1.240619,49.308169],[-1.240579,49.30826],[-1.240615,49.308267],[-1.240607,49.308286],[-1.240762,49.308316],[-1.24077,49.308296],[-1.240808,49.308303],[-1.240823,49.308269],[-1.240848,49.308212]]]}},{"type":"Feature","properties":{},"geometry":{"type":"Polygon","coordinates":[[[-1.259211,49.295482],[-1.259206,49.295496],[-1.259386,49.295523],[-1.259421,49.295429],[-1.259349,49.295418],[-1.259338,49.295445],[-1.259228,49.295428],[-1.259232,49.295412],[-1.259132,49.295399],[-1.259126,49.295417],[-1.259108,49.295467],[-1.259113,49.295468],[-1.259151,49.295473],[-1.259211,49.295482]]]}},{"type":"Feature","properties":{},"geometry":{"type":"Polygon","coordinates":[[[-1.259782,49.293289],[-1.259808,49.293252],[-1.259814,49.293254],[-1.25985,49.293203],[-1.259843,49.293202],[-1.259867,49.293168],[-1.259771,49.293139],[-1.259753,49.293144],[-1.259735,49.29317],[-1.259743,49.293172],[-1.259708,49.293222],[-1.259711,49.293223],[-1.259684,49.293259],[-1.259782,49.293289]]]}},{"type":"Feature","properties":{},"geometry":{"type":"Polygon","coordinates":[[[-1.248075,49.302573],[-1.248094,49.302583],[-1.248196,49.302632],[-1.248253,49.302575],[-1.248213,49.302559],[-1.248203,49.302569],[-1.248161,49.302552],[-1.248138,49.302542],[-1.248121,49.302558],[-1.248081,49.302541],[-1.248097,49.302524],[-1.248054,49.302507],[-1.248015,49.302548],[-1.248075,49.302573]]]}},{"type":"Feature","properties":{},"geometry":{"type":"Polygon","coordinates":[[[-1.260592,49.295443],[-1.260541,49.295377],[-1.260416,49.295419],[-1.260328,49.295479],[-1.260402,49.29553],[-1.260383,49.295545],[-1.260448,49.295587],[-1.260455,49.295583],[-1.2605179,49.2955419],[-1.260527,49.295536],[-1.260494,49.295514],[-1.260488,49.295519],[-1.260458,49.295499],[-1.260485,49.295479],[-1.260592,49.295443]]]}},{"type":"Feature","properties":{},"geometry":{"type":"Polygon","coordinates":[[[-1.246266,49.301014],[-1.246304,49.300991],[-1.246301,49.300988],[-1.246319,49.300978],[-1.246352,49.301001],[-1.246422,49.30096],[-1.246388,49.300936],[-1.246406,49.300925],[-1.24641,49.300928],[-1.246435,49.300913],[-1.246436,49.300896],[-1.246374,49.300852],[-1.246192,49.300961],[-1.246266,49.301014]]]}},{"type":"Feature","properties":{},"geometry":{"type":"Polygon","coordinates":[[[-1.254576,49.287783],[-1.25447,49.287757],[-1.254444,49.287792],[-1.254408,49.28778],[-1.254353,49.28786],[-1.25439,49.287872],[-1.254395,49.287873],[-1.254376,49.287904],[-1.254491,49.287937],[-1.25451,49.287909],[-1.254488,49.287903],[-1.254545,49.287817],[-1.254555,49.28782],[-1.254576,49.287783]]]}},{"type":"Feature","properties":{},"geometry":{"type":"Polygon","coordinates":[[[-1.246692,49.304183],[-1.246681,49.304189],[-1.246774,49.304268],[-1.246824,49.30424],[-1.246794,49.304217],[-1.246789,49.30422],[-1.246732,49.304177],[-1.246781,49.30415],[-1.246712,49.304097],[-1.246664,49.304123],[-1.246655,49.304116],[-1.246625,49.304093],[-1.246596,49.30411],[-1.246692,49.304183]]]}},{"type":"Feature","properties":{},"geometry":{"type":"Polygon","coordinates":[[[-1.246881,49.299238],[-1.246877,49.299264],[-1.246853,49.299263],[-1.246848,49.299295],[-1.246847,49.299295],[-1.246841,49.299335],[-1.246852,49.299336],[-1.246839,49.299409],[-1.246876,49.299411],[-1.246981,49.299418],[-1.246993,49.299343],[-1.246998,49.299343],[-1.247013,49.299246],[-1.246881,49.299238]]]}},{"type":"Feature","properties":{},"geometry":{"type":"Polygon","coordinates":[[[-1.250508,49.297001],[-1.250555,49.296949],[-1.250496,49.296925],[-1.250482,49.29694],[-1.25046,49.296932],[-1.250431,49.296937],[-1.250421,49.296914],[-1.250302,49.296936],[-1.250331,49.297002],[-1.250439,49.296982],[-1.250438,49.296978],[-1.250454,49.296975],[-1.250459,49.296982],[-1.250508,49.297001]]]}},{"type":"Feature","properties":{},"geometry":{"type":"Polygon","coordinates":[[[-1.253942,49.297081],[-1.253784,49.297021],[-1.253717,49.297098],[-1.253775,49.297119],[-1.253784,49.297109],[-1.25381,49.297118],[-1.253816,49.29712],[-1.253822,49.297123],[-1.253827,49.297124],[-1.253833,49.297127],[-1.25384,49.297129],[-1.253878,49.297144],[-1.253884,49.297146],[-1.253942,49.297081]]]}},{"type":"Feature","properties":{},"geometry":{"type":"Polygon","coordinates":[[[-1.245862,49.30461],[-1.24598,49.304596],[-1.246124,49.304563],[-1.246176,49.304544],[-1.246147,49.304508],[-1.24603,49.304541],[-1.246009,49.304492],[-1.246065,49.304477],[-1.24606,49.304468],[-1.246093,49.304459],[-1.246077,49.304434],[-1.246052,49.304443],[-1.245838,49.304523],[-1.245862,49.30461]]]}},{"type":"Feature","properties":{},"geometry":{"type":"Polygon","coordinates":[[[-1.244676,49.304379],[-1.244678,49.304392],[-1.244619,49.304388],[-1.244611,49.304388],[-1.244618,49.304451],[-1.2446371,49.3044524],[-1.244689,49.3044562],[-1.244714,49.304458],[-1.244711,49.304394],[-1.244766,49.304389],[-1.244747,49.304312],[-1.244739,49.304282],[-1.244729,49.304242],[-1.244721,49.304211],[-1.244643,49.304231],[-1.244676,49.304379]]]}},{"type":"Feature","properties":{},"geometry":{"type":"Polygon","coordinates":[[[-1.259017,49.296384],[-1.259029,49.296382],[-1.259082,49.296369],[-1.259097,49.296397],[-1.259127,49.29645],[-1.259236,49.296426],[-1.259189,49.29634],[-1.25917,49.296344],[-1.259156,49.296347],[-1.259121,49.296283],[-1.259017,49.296307],[-1.259022,49.296316],[-1.258983,49.296326],[-1.259017,49.296384]]]}},{"type":"Feature","properties":{},"geometry":{"type":"Polygon","coordinates":[[[-1.265706,49.309481],[-1.265738,49.309437],[-1.265207,49.309276],[-1.265187,49.309303],[-1.265138,49.309286],[-1.265126,49.309302],[-1.26523,49.309339],[-1.265211,49.309365],[-1.265199,49.309382],[-1.26527,49.309407],[-1.265304,49.309362],[-1.265466,49.309411],[-1.265471,49.309404],[-1.265706,49.309481]]]}},{"type":"Feature","properties":{},"geometry":{"type":"Polygon","coordinates":[[[-1.255544,49.293066],[-1.255574,49.293082],[-1.255603,49.293097],[-1.255651,49.293055],[-1.25567,49.293065],[-1.255653,49.29308],[-1.255721,49.293115],[-1.255687,49.29315],[-1.255671,49.293141],[-1.255667,49.293144],[-1.255596,49.293204],[-1.255618,49.293215],[-1.255602,49.293229],[-1.255542,49.293199],[-1.25552,49.293217],[-1.255482,49.293199],[-1.255459,49.293219],[-1.255516,49.293247],[-1.255499,49.293261],[-1.255478,49.29325],[-1.255395,49.29332],[-1.255375,49.29331],[-1.255404,49.293285],[-1.255375,49.293271],[-1.255371,49.293275],[-1.255272,49.293226],[-1.255255,49.29324],[-1.255235,49.29323],[-1.255281,49.293192],[-1.255251,49.293177],[-1.255222,49.293163],[-1.255176,49.2932],[-1.255156,49.293189],[-1.255173,49.293176],[-1.255077,49.293126],[-1.255065,49.293136],[-1.255036,49.293121],[-1.255006,49.293147],[-1.254986,49.293137],[-1.255072,49.293066],[-1.255048,49.293054],[-1.255065,49.293039],[-1.255126,49.293071],[-1.25515,49.293051],[-1.255111,49.293031],[-1.255132,49.293013],[-1.255073,49.292982],[-1.255089,49.292969],[-1.25511,49.29298],[-1.255155,49.292943],[-1.255176,49.292954],[-1.255222,49.292916],[-1.2552,49.292905],[-1.255217,49.292891],[-1.255275,49.292921],[-1.255296,49.292903],[-1.25532,49.292883],[-1.255261,49.292853],[-1.255279,49.292838],[-1.2553,49.292849],[-1.255344,49.292812],[-1.255388,49.292776],[-1.255366,49.292765],[-1.255384,49.29275],[-1.255444,49.292781],[-1.255467,49.292761],[-1.255318,49.292685],[-1.255283,49.292715],[-1.255303,49.292725],[-1.255255,49.292767],[-1.255206,49.292808],[-1.255147,49.292777],[-1.255111,49.292806],[-1.255076,49.292836],[-1.255136,49.292866],[-1.25509,49.292906],[-1.255088,49.292907],[-1.255066,49.292897],[-1.255016,49.292937],[-1.254995,49.292926],[-1.25496,49.292956],[-1.254926,49.292985],[-1.254986,49.293016],[-1.254937,49.293057],[-1.254902,49.293086],[-1.254923,49.293097],[-1.254843,49.293166],[-1.254932,49.293211],[-1.254986,49.293166],[-1.255014,49.29318],[-1.255008,49.293185],[-1.255108,49.293237],[-1.255061,49.293277],[-1.255105,49.293299],[-1.255124,49.293309],[-1.25515,49.293322],[-1.255198,49.293282],[-1.2553,49.293334],[-1.255324,49.293315],[-1.255349,49.293328],[-1.255326,49.293347],[-1.255416,49.293394],[-1.255467,49.293351],[-1.255489,49.293363],[-1.255521,49.293335],[-1.255547,49.293315],[-1.255605,49.293344],[-1.255632,49.293323],[-1.255635,49.293324],[-1.255667,49.293295],[-1.255703,49.293264],[-1.255681,49.293253],[-1.255759,49.293188],[-1.255751,49.293183],[-1.255774,49.293165],[-1.255842,49.293201],[-1.255911,49.293142],[-1.255808,49.29309],[-1.255825,49.293075],[-1.255786,49.293055],[-1.255717,49.29302],[-1.255734,49.293005],[-1.255688,49.292983],[-1.255645,49.29296],[-1.255629,49.292973],[-1.255525,49.292921],[-1.255454,49.292979],[-1.255554,49.29303],[-1.255572,49.293016],[-1.255593,49.293026],[-1.255544,49.293066]]]}},{"type":"Feature","properties":{},"geometry":{"type":"Polygon","coordinates":[[[-1.252057,49.302908],[-1.252097,49.302811],[-1.252006,49.302795],[-1.251973,49.302789],[-1.251875,49.302771],[-1.251789,49.302756],[-1.251752,49.30275],[-1.251656,49.302733],[-1.251564,49.302716],[-1.251532,49.302711],[-1.251439,49.302695],[-1.251398,49.30279],[-1.251615,49.302828],[-1.251838,49.302868],[-1.252057,49.302908]]]}},{"type":"Feature","properties":{},"geometry":{"type":"Polygon","coordinates":[[[-1.24615,49.308301],[-1.246131,49.308356],[-1.246086,49.308461],[-1.246176,49.308479],[-1.246217,49.308386],[-1.246415,49.308417],[-1.246424,49.308396],[-1.24656,49.308421],[-1.246564,49.308413],[-1.24662,49.308423],[-1.246636,49.308386],[-1.246572,49.308374],[-1.246574,49.308367],[-1.246446,49.308345],[-1.24615,49.308301]]]}},{"type":"Feature","properties":{},"geometry":{"type":"Polygon","coordinates":[[[-1.251008,49.305474],[-1.250997,49.305478],[-1.251052,49.305544],[-1.251065,49.305539],[-1.251084,49.305562],[-1.251138,49.305543],[-1.251118,49.305519],[-1.251127,49.305516],[-1.251071,49.30545],[-1.251062,49.305454],[-1.251047,49.305435],[-1.251118,49.305409],[-1.251094,49.305382],[-1.250972,49.305432],[-1.251008,49.305474]]]}},{"type":"Feature","properties":{},"geometry":{"type":"Polygon","coordinates":[[[-1.247017,49.30355],[-1.247057,49.303603],[-1.247084,49.303594],[-1.24722,49.303769],[-1.247141,49.303799],[-1.247175,49.30383],[-1.247284,49.30379],[-1.247294,49.303785],[-1.247273,49.303756],[-1.247246,49.303721],[-1.247221,49.303686],[-1.247228,49.303684],[-1.247182,49.30362],[-1.247093,49.303516],[-1.247017,49.30355]]]}},{"type":"Feature","properties":{},"geometry":{"type":"Polygon","coordinates":[[[-1.253878,49.312061],[-1.253416,49.312239],[-1.25351,49.31234],[-1.253585,49.312311],[-1.253848,49.312603],[-1.253921,49.312575],[-1.254062,49.312733],[-1.254162,49.312694],[-1.254134,49.312662],[-1.254347,49.31258],[-1.253878,49.312061]]]}},{"type":"Feature","properties":{},"geometry":{"type":"Polygon","coordinates":[[[-1.253593,49.295203],[-1.253596,49.2952],[-1.253617,49.295179],[-1.253631,49.295163],[-1.253669,49.295124],[-1.253637,49.295111],[-1.253646,49.295102],[-1.253559,49.295065],[-1.253569,49.295054],[-1.253534,49.295041],[-1.253515,49.295045],[-1.253479,49.295082],[-1.253487,49.295085],[-1.253436,49.295138],[-1.253593,49.295203]]]}},{"type":"Feature","properties":{},"geometry":{"type":"Polygon","coordinates":[[[-1.251921,49.302375],[-1.251961,49.302278],[-1.251335,49.302168],[-1.251295,49.302263],[-1.251921,49.302375]]]}},{"type":"Feature","properties":{},"geometry":{"type":"Polygon","coordinates":[[[-1.243455,49.305261],[-1.243701,49.305233],[-1.243688,49.305184],[-1.243581,49.305196],[-1.243578,49.305184],[-1.243558,49.305186],[-1.243547,49.305143],[-1.243691,49.305128],[-1.243791,49.305109],[-1.243776,49.305073],[-1.243554,49.305113],[-1.243553,49.305113],[-1.24344,49.305118],[-1.243443,49.305191],[-1.243455,49.305261]]]}},{"type":"Feature","properties":{},"geometry":{"type":"Polygon","coordinates":[[[-1.239777,49.30859],[-1.239815,49.308597],[-1.239797,49.308636],[-1.239786,49.308662],[-1.239919,49.308687],[-1.239947,49.308625],[-1.239976,49.30863],[-1.240055,49.308456],[-1.240025,49.30845],[-1.240054,49.308388],[-1.239918,49.308361],[-1.239908,49.308384],[-1.239889,49.308424],[-1.239853,49.308418],[-1.239777,49.30859]]]}},{"type":"Feature","properties":{},"geometry":{"type":"Polygon","coordinates":[[[-1.257092,49.295956],[-1.257003,49.295877],[-1.256981,49.295887],[-1.256974,49.29588],[-1.256953,49.29589],[-1.256962,49.295898],[-1.256958,49.2959],[-1.256951,49.295903],[-1.256946,49.295905],[-1.25694,49.295908],[-1.256933,49.295911],[-1.256909,49.295922],[-1.256941,49.295952],[-1.256997,49.296001],[-1.257092,49.295956]]]}},{"type":"Feature","properties":{},"geometry":{"type":"Polygon","coordinates":[[[-1.258285,49.295673],[-1.258347,49.295622],[-1.258376,49.295598],[-1.258374,49.295587],[-1.258312,49.295555],[-1.258295,49.295556],[-1.258277,49.295571],[-1.258214,49.295622],[-1.2582,49.295615],[-1.258169,49.29564],[-1.258226,49.29567],[-1.258197,49.295694],[-1.258278,49.295736],[-1.258328,49.295695],[-1.258285,49.295673]]]}},{"type":"Feature","properties":{},"geometry":{"type":"Polygon","coordinates":[[[-1.241086,49.299255],[-1.24098,49.299304],[-1.241068,49.299388],[-1.241021,49.29941],[-1.241099,49.299484],[-1.241127,49.299472],[-1.241175,49.299516],[-1.241198,49.299504],[-1.241337,49.299632],[-1.241372,49.299615],[-1.241392,49.299632],[-1.241434,49.299612],[-1.241418,49.299597],[-1.241445,49.299583],[-1.241086,49.299255]]]}},{"type":"Feature","properties":{},"geometry":{"type":"Polygon","coordinates":[[[-1.242381,49.303866],[-1.242377,49.303872],[-1.24237,49.30387],[-1.242353,49.30387],[-1.242345,49.303881],[-1.242348,49.303891],[-1.242281,49.303873],[-1.24228,49.303875],[-1.242227,49.30395],[-1.242352,49.303988],[-1.242418,49.303895],[-1.242477,49.303811],[-1.242497,49.303783],[-1.242449,49.303769],[-1.242381,49.303866]]]}},{"type":"Feature","properties":{},"geometry":{"type":"Polygon","coordinates":[[[-1.252971,49.288337],[-1.252924,49.28832],[-1.252903,49.288346],[-1.252876,49.288335],[-1.252821,49.2884],[-1.252845,49.288409],[-1.252831,49.288426],[-1.252869,49.288439],[-1.252848,49.288463],[-1.252908,49.288484],[-1.252927,49.288462],[-1.253016,49.288494],[-1.253096,49.2884],[-1.25296,49.288351],[-1.252971,49.288337]]]}},{"type":"Feature","properties":{},"geometry":{"type":"Polygon","coordinates":[[[-1.239486,49.308191],[-1.239455,49.308264],[-1.239571,49.308286],[-1.239581,49.308262],[-1.239751,49.308294],[-1.239822,49.308131],[-1.23977,49.308121],[-1.239859,49.307918],[-1.239746,49.307898],[-1.239656,49.308098],[-1.239709,49.308108],[-1.239658,49.308222],[-1.239604,49.308213],[-1.239486,49.308191]]]}},{"type":"Feature","properties":{},"geometry":{"type":"Polygon","coordinates":[[[-1.242448,49.304382],[-1.242458,49.304383],[-1.242466,49.304409],[-1.242577,49.304392],[-1.242611,49.3044],[-1.242612,49.304398],[-1.242624,49.304377],[-1.242632,49.304363],[-1.24264,49.30435],[-1.242648,49.304335],[-1.242654,49.304326],[-1.242528,49.304295],[-1.24251,49.304334],[-1.242472,49.304326],[-1.242448,49.304382]]]}},{"type":"Feature","properties":{},"geometry":{"type":"Polygon","coordinates":[[[-1.246543,49.3051],[-1.246577,49.305044],[-1.246608,49.304997],[-1.24656,49.304984],[-1.246498,49.305032],[-1.246468,49.305023],[-1.24649,49.305002],[-1.246496,49.305003],[-1.246525,49.304974],[-1.246457,49.304954],[-1.246432,49.304979],[-1.246407,49.305004],[-1.24637,49.305057],[-1.246507,49.305094],[-1.246543,49.3051]]]}},{"type":"Feature","properties":{},"geometry":{"type":"Polygon","coordinates":[[[-1.247376,49.303382],[-1.2475,49.303514],[-1.247565,49.303488],[-1.247575,49.303499],[-1.247673,49.303437],[-1.247634,49.303406],[-1.247569,49.303448],[-1.247545,49.303464],[-1.247525,49.303447],[-1.247554,49.303434],[-1.247517,49.303401],[-1.247506,49.303405],[-1.247443,49.303349],[-1.247434,49.303353],[-1.247376,49.303382]]]}},{"type":"Feature","properties":{},"geometry":{"type":"Polygon","coordinates":[[[-1.243438,49.305044],[-1.24344,49.305118],[-1.243553,49.305113],[-1.243554,49.305113],[-1.243552,49.305087],[-1.243578,49.305082],[-1.243574,49.30507],[-1.243764,49.305043],[-1.243772,49.305063],[-1.243832,49.305056],[-1.243819,49.305035],[-1.243792,49.304993],[-1.243767,49.305003],[-1.243542,49.305035],[-1.243438,49.305044]]]}},{"type":"Feature","properties":{},"geometry":{"type":"Polygon","coordinates":[[[-1.246257,49.304227],[-1.246049,49.304029],[-1.245999,49.304051],[-1.246067,49.304116],[-1.24608,49.30411],[-1.246115,49.304145],[-1.246094,49.304154],[-1.246069,49.304165],[-1.246125,49.304211],[-1.246142,49.304203],[-1.246174,49.304189],[-1.246209,49.304223],[-1.246221,49.304218],[-1.24624,49.304235],[-1.246257,49.304227]]]}},{"type":"Feature","properties":{},"geometry":{"type":"Polygon","coordinates":[[[-1.255829,49.301664],[-1.25585,49.301718],[-1.255861,49.301717],[-1.255884,49.301713],[-1.255902,49.301762],[-1.255928,49.301758],[-1.25601,49.301744],[-1.256062,49.301737],[-1.256045,49.301685],[-1.256025,49.301688],[-1.256007,49.301691],[-1.255986,49.301636],[-1.255921,49.301648],[-1.255844,49.301661],[-1.255829,49.301664]]]}},{"type":"Feature","properties":{},"geometry":{"type":"Polygon","coordinates":[[[-1.261459,49.298905],[-1.261591,49.298903],[-1.261591,49.298894],[-1.261635,49.298893],[-1.261679,49.298893],[-1.26168,49.298902],[-1.261812,49.298901],[-1.261809,49.298818],[-1.26168,49.298819],[-1.26168,49.298812],[-1.261633,49.298813],[-1.261586,49.298813],[-1.261586,49.29882],[-1.261457,49.298822],[-1.261459,49.298905]]]}},{"type":"Feature","properties":{},"geometry":{"type":"Polygon","coordinates":[[[-1.255632,49.300794],[-1.255638,49.300809],[-1.255704,49.300797],[-1.255786,49.300783],[-1.25587,49.300768],[-1.255874,49.300778],[-1.255944,49.300767],[-1.255933,49.300741],[-1.255923,49.300717],[-1.255856,49.300729],[-1.25585,49.300716],[-1.255766,49.300731],[-1.255684,49.300746],[-1.255617,49.300757],[-1.255632,49.300794]]]}},{"type":"Feature","properties":{},"geometry":{"type":"Polygon","coordinates":[[[-1.243906,49.299536],[-1.243953,49.299594],[-1.243998,49.29958],[-1.24401,49.299594],[-1.244042,49.299584],[-1.244062,49.299611],[-1.244139,49.299585],[-1.244118,49.299557],[-1.244098,49.299563],[-1.244053,49.299505],[-1.243993,49.299525],[-1.243961,49.299535],[-1.24395,49.29952],[-1.243904,49.299533],[-1.243906,49.299536]]]}},{"type":"Feature","properties":{},"geometry":{"type":"Polygon","coordinates":[[[-1.256841,49.301618],[-1.256821,49.301566],[-1.256808,49.30153],[-1.25673,49.301542],[-1.256724,49.301532],[-1.256716,49.301513],[-1.256637,49.301526],[-1.256649,49.301561],[-1.25667,49.301614],[-1.256676,49.301629],[-1.256755,49.301617],[-1.256762,49.301633],[-1.256768,49.301647],[-1.256847,49.301636],[-1.256841,49.301618]]]}},{"type":"Feature","properties":{},"geometry":{"type":"Polygon","coordinates":[[[-1.252688,49.294256],[-1.252796,49.294306],[-1.252835,49.29427],[-1.252844,49.294275],[-1.252866,49.294254],[-1.252886,49.294235],[-1.252879,49.294231],[-1.252916,49.294196],[-1.252954,49.294161],[-1.252963,49.294165],[-1.252985,49.294145],[-1.252867,49.294089],[-1.252807,49.294145],[-1.252749,49.294201],[-1.252688,49.294256]]]}},{"type":"Feature","properties":{},"geometry":{"type":"Polygon","coordinates":[[[-1.247928,49.302286],[-1.247889,49.302281],[-1.247802,49.302285],[-1.247805,49.302328],[-1.247848,49.302327],[-1.247797,49.302386],[-1.24779,49.302385],[-1.247748,49.302433],[-1.247788,49.302453],[-1.247799,49.302442],[-1.247812,49.302429],[-1.247841,49.302401],[-1.247874,49.302368],[-1.247871,49.302367],[-1.247928,49.302286]]]}},{"type":"Feature","properties":{},"geometry":{"type":"Polygon","coordinates":[[[-1.239908,49.304348],[-1.239984,49.304361],[-1.240064,49.304398],[-1.240118,49.304423],[-1.240136,49.304405],[-1.240176,49.304368],[-1.240179,49.304362],[-1.240084,49.304314],[-1.24005,49.304341],[-1.240021,49.304329],[-1.240032,49.304288],[-1.240029,49.304286],[-1.240028,49.304284],[-1.23994,49.304222],[-1.239908,49.304348]]]}},{"type":"Feature","properties":{},"geometry":{"type":"Polygon","coordinates":[[[-1.250639,49.299542],[-1.250775,49.299585],[-1.250784,49.299573],[-1.250826,49.299587],[-1.250861,49.299539],[-1.25082,49.299526],[-1.250829,49.299514],[-1.250782,49.299499],[-1.250783,49.299498],[-1.250784,49.299487],[-1.250751,49.299477],[-1.250738,49.299484],[-1.250738,49.299485],[-1.250692,49.29947],[-1.250639,49.299542]]]}},{"type":"Feature","properties":{},"geometry":{"type":"Polygon","coordinates":[[[-1.261586,49.299186],[-1.261572,49.299187],[-1.261575,49.299273],[-1.261701,49.299271],[-1.261698,49.299187],[-1.26171,49.299187],[-1.261709,49.299156],[-1.261708,49.299125],[-1.261697,49.299125],[-1.261694,49.299041],[-1.261567,49.299043],[-1.26157,49.299129],[-1.261584,49.299129],[-1.261586,49.299158],[-1.261586,49.299186]]]}},{"type":"Feature","properties":{},"geometry":{"type":"Polygon","coordinates":[[[-1.240373,49.309318],[-1.240436,49.309354],[-1.24049,49.309355],[-1.240509,49.309351],[-1.240542,49.309368],[-1.240552,49.309373],[-1.240576,49.309356],[-1.240569,49.309352],[-1.240534,49.309332],[-1.240542,49.309322],[-1.24055,49.309276],[-1.240484,49.309239],[-1.24044,49.309237],[-1.240375,49.309275],[-1.240373,49.309318]]]}},{"type":"Feature","properties":{},"geometry":{"type":"Polygon","coordinates":[[[-1.246175,49.303974],[-1.246391,49.304175],[-1.2464,49.304183],[-1.246426,49.304208],[-1.246449,49.304196],[-1.24643,49.30418],[-1.246495,49.304147],[-1.246454,49.304111],[-1.246465,49.304105],[-1.246406,49.304053],[-1.246391,49.30406],[-1.246333,49.30401],[-1.246353,49.304],[-1.246273,49.303931],[-1.246175,49.303974]]]}},{"type":"Feature","properties":{},"geometry":{"type":"Polygon","coordinates":[[[-1.256619,49.301622],[-1.2566,49.301569],[-1.256587,49.301534],[-1.256509,49.301545],[-1.256516,49.301565],[-1.25652,49.301576],[-1.25644,49.301589],[-1.256453,49.301623],[-1.256472,49.301677],[-1.256479,49.301694],[-1.256559,49.301682],[-1.256554,49.301667],[-1.256548,49.301651],[-1.256625,49.301638],[-1.256619,49.301622]]]}},{"type":"Feature","properties":{},"geometry":{"type":"Polygon","coordinates":[[[-1.243224,49.304455],[-1.243093,49.304476],[-1.243101,49.3045122],[-1.2431073,49.304513],[-1.2431127,49.3045157],[-1.2431153,49.3045184],[-1.2431161,49.3045202],[-1.243236,49.304501],[-1.243224,49.304455]]]}},{"type":"Feature","properties":{},"geometry":{"type":"Polygon","coordinates":[[[-1.258626,49.296894],[-1.258609,49.29689],[-1.258575,49.2969],[-1.258566,49.296911],[-1.258553,49.296912],[-1.258543,49.296915],[-1.258459,49.296958],[-1.258472,49.296973],[-1.25843,49.296995],[-1.258499,49.297053],[-1.258557,49.297024],[-1.258546,49.297012],[-1.258605,49.296985],[-1.25867,49.296967],[-1.258626,49.296894]]]}},{"type":"Feature","properties":{},"geometry":{"type":"Polygon","coordinates":[[[-1.256583,49.300781],[-1.2566,49.300824],[-1.256666,49.300812],[-1.25675,49.300797],[-1.256755,49.300809],[-1.256839,49.300795],[-1.256907,49.300783],[-1.256893,49.30075],[-1.256886,49.300732],[-1.256818,49.300745],[-1.256735,49.300759],[-1.256728,49.300745],[-1.256644,49.30076],[-1.256579,49.300773],[-1.256583,49.300781]]]}},{"type":"Feature","properties":{},"geometry":{"type":"Polygon","coordinates":[[[-1.241024,49.305958],[-1.24119,49.306057],[-1.241201,49.306064],[-1.241358,49.305937],[-1.241174,49.305838],[-1.241274,49.30576],[-1.241221,49.305731],[-1.241239,49.305716],[-1.241133,49.305659],[-1.241019,49.30575],[-1.241002,49.30574],[-1.240965,49.30577],[-1.240984,49.305781],[-1.240874,49.305867],[-1.241024,49.305958]]]}},{"type":"Feature","properties":{},"geometry":{"type":"Polygon","coordinates":[[[-1.256503,49.296579],[-1.256408,49.296555],[-1.256308,49.296532],[-1.256267,49.296606],[-1.256313,49.296618],[-1.256326,49.296621],[-1.256319,49.296634],[-1.256318,49.296636],[-1.256355,49.296646],[-1.256386,49.296654],[-1.256388,49.296652],[-1.256398,49.296638],[-1.256408,49.296641],[-1.256459,49.296654],[-1.256503,49.296579]]]}},{"type":"Feature","properties":{},"geometry":{"type":"Polygon","coordinates":[[[-1.258038,49.301412],[-1.257955,49.301424],[-1.257961,49.301442],[-1.257908,49.301451],[-1.257857,49.301459],[-1.25785,49.30144],[-1.257768,49.301453],[-1.257805,49.301547],[-1.257885,49.301533],[-1.257879,49.301516],[-1.257929,49.301507],[-1.257984,49.301499],[-1.25799,49.301515],[-1.25807,49.301504],[-1.258038,49.301412]]]}},{"type":"Feature","properties":{},"geometry":{"type":"Polygon","coordinates":[[[-1.248339,49.302682],[-1.248242,49.302766],[-1.248337,49.302818],[-1.248362,49.302831],[-1.248375,49.30282],[-1.24833,49.302797],[-1.248382,49.302754],[-1.248483,49.302816],[-1.248418,49.302861],[-1.248464,49.302884],[-1.248549,49.302826],[-1.248576,49.302843],[-1.24859,49.302834],[-1.248517,49.302788],[-1.248339,49.302682]]]}},{"type":"Feature","properties":{},"geometry":{"type":"Polygon","coordinates":[[[-1.261884,49.298978],[-1.261898,49.298978],[-1.261899,49.299007],[-1.2619,49.299036],[-1.261886,49.299036],[-1.261888,49.299123],[-1.262015,49.299121],[-1.262013,49.299036],[-1.262024,49.299036],[-1.262023,49.299006],[-1.262022,49.298975],[-1.262011,49.298975],[-1.262008,49.29889],[-1.261881,49.298892],[-1.261884,49.298978]]]}},{"type":"Feature","properties":{},"geometry":{"type":"Polygon","coordinates":[[[-1.242689,49.303792],[-1.2427,49.303767],[-1.242644,49.303752],[-1.242619,49.303789],[-1.242605,49.303826],[-1.242582,49.303886],[-1.242569,49.303884],[-1.242547,49.303919],[-1.242475,49.304038],[-1.242525,49.304057],[-1.24259,49.30394],[-1.242609,49.303907],[-1.242617,49.303893],[-1.242649,49.303899],[-1.242689,49.303792]]]}},{"type":"Feature","properties":{},"geometry":{"type":"Polygon","coordinates":[[[-1.245904,49.30477],[-1.24611,49.304748],[-1.246191,49.304727],[-1.246381,49.304644],[-1.246332,49.304591],[-1.246171,49.304645],[-1.246186,49.304683],[-1.24615,49.304689],[-1.246134,49.304651],[-1.246063,49.304667],[-1.245991,49.304674],[-1.24599,49.304668],[-1.245967,49.304661],[-1.245877,49.30467],[-1.245904,49.30477]]]}},{"type":"Feature","properties":{},"geometry":{"type":"Polygon","coordinates":[[[-1.249236,49.300394],[-1.249308,49.300398],[-1.249346,49.300401],[-1.249353,49.300361],[-1.249383,49.300363],[-1.249389,49.300328],[-1.249349,49.300325],[-1.249358,49.300267],[-1.249266,49.300261],[-1.249253,49.300259],[-1.249244,49.300333],[-1.249228,49.300332],[-1.249224,49.300354],[-1.249242,49.300355],[-1.249236,49.300394]]]}},{"type":"Feature","properties":{},"geometry":{"type":"Polygon","coordinates":[[[-1.236766,49.302375],[-1.236839,49.302373],[-1.236841,49.302415],[-1.236853,49.302415],[-1.236857,49.302483],[-1.236905,49.302482],[-1.236896,49.302331],[-1.236837,49.302333],[-1.236832,49.302265],[-1.236725,49.302268],[-1.236729,49.302337],[-1.236731,49.302366],[-1.236732,49.302372],[-1.236766,49.302371],[-1.236766,49.302375]]]}},{"type":"Feature","properties":{},"geometry":{"type":"Polygon","coordinates":[[[-1.242832,49.30402],[-1.242793,49.304012],[-1.242784,49.304046],[-1.242743,49.304126],[-1.242794,49.304142],[-1.242805,49.30412],[-1.24281,49.304122],[-1.242829,49.304082],[-1.24283,49.30408],[-1.242826,49.304078],[-1.242833,49.30406],[-1.242828,49.30406],[-1.242826,49.304066],[-1.242818,49.304064],[-1.242832,49.30402]]]}},{"type":"Feature","properties":{},"geometry":{"type":"Polygon","coordinates":[[[-1.273993,49.285115],[-1.273874,49.28506],[-1.273776,49.285145],[-1.273648,49.285077],[-1.273496,49.285193],[-1.273597,49.285244],[-1.273688,49.285175],[-1.273728,49.285193],[-1.273709,49.285212],[-1.273834,49.28527],[-1.273876,49.285236],[-1.273828,49.285213],[-1.273913,49.285137],[-1.273952,49.285153],[-1.273993,49.285115]]]}},{"type":"Feature","properties":{},"geometry":{"type":"Polygon","coordinates":[[[-1.242186,49.305862],[-1.242052,49.30574],[-1.241988,49.305767],[-1.242066,49.305843],[-1.242041,49.305864],[-1.24202,49.305853],[-1.241903,49.305854],[-1.241875,49.305863],[-1.241853,49.305836],[-1.241756,49.305869],[-1.241818,49.305945],[-1.241879,49.30602],[-1.241967,49.305999],[-1.242086,49.305944],[-1.242186,49.305862]]]}},{"type":"Feature","properties":{},"geometry":{"type":"Polygon","coordinates":[[[-1.258756,49.299795],[-1.258756,49.299864],[-1.258797,49.299863],[-1.258857,49.299862],[-1.258859,49.299894],[-1.258972,49.299892],[-1.258971,49.299861],[-1.259034,49.29986],[-1.259072,49.29986],[-1.25911,49.299859],[-1.25917,49.299859],[-1.259171,49.299889],[-1.259226,49.299889],[-1.259225,49.299793],[-1.258756,49.299795]]]}},{"type":"Feature","properties":{},"geometry":{"type":"Polygon","coordinates":[[[-1.248203,49.302569],[-1.248213,49.302559],[-1.248253,49.302575],[-1.248288,49.302539],[-1.248163,49.302487],[-1.248109,49.302465],[-1.24804,49.302437],[-1.248021,49.302458],[-1.248078,49.302482],[-1.248054,49.302507],[-1.248097,49.302524],[-1.248115,49.302506],[-1.248179,49.302533],[-1.248161,49.302552],[-1.248203,49.302569]]]}},{"type":"Feature","properties":{},"geometry":{"type":"Polygon","coordinates":[[[-1.26191,49.299334],[-1.261895,49.299334],[-1.261899,49.299421],[-1.262025,49.299418],[-1.262022,49.299334],[-1.262034,49.299334],[-1.262033,49.299303],[-1.262032,49.299273],[-1.26202,49.299273],[-1.262017,49.299188],[-1.261891,49.29919],[-1.261894,49.299276],[-1.261908,49.299276],[-1.261909,49.299305],[-1.26191,49.299334]]]}},{"type":"Feature","properties":{},"geometry":{"type":"Polygon","coordinates":[[[-1.25306,49.298265],[-1.252973,49.298435],[-1.252943,49.298429],[-1.252909,49.298497],[-1.253068,49.298532],[-1.253191,49.298292],[-1.25306,49.298265]]]}},{"type":"Feature","properties":{},"geometry":{"type":"Polygon","coordinates":[[[-1.242568,49.300173],[-1.242548,49.300174],[-1.242521,49.300158],[-1.242489,49.300181],[-1.242482,49.300178],[-1.242451,49.3002],[-1.242457,49.300204],[-1.242422,49.300229],[-1.242502,49.300276],[-1.242492,49.300283],[-1.242544,49.300314],[-1.242603,49.300271],[-1.242553,49.30024],[-1.24261,49.300199],[-1.242568,49.300173]]]}},{"type":"Feature","properties":{},"geometry":{"type":"Polygon","coordinates":[[[-1.236987,49.301778],[-1.237016,49.301778],[-1.237019,49.301795],[-1.237053,49.301811],[-1.237053,49.301804],[-1.237105,49.301802],[-1.237105,49.301783],[-1.237121,49.301783],[-1.23712,49.301771],[-1.23712,49.301762],[-1.237116,49.301686],[-1.237058,49.301666],[-1.237055,49.301621],[-1.236992,49.301622],[-1.236987,49.301778]]]}},{"type":"Feature","properties":{},"geometry":{"type":"Polygon","coordinates":[[[-1.23904,49.305445],[-1.238885,49.305497],[-1.23887,49.305594],[-1.238992,49.305677],[-1.239007,49.305667],[-1.239015,49.305671],[-1.239054,49.305646],[-1.239049,49.305643],[-1.239062,49.305633],[-1.239031,49.305611],[-1.239049,49.305599],[-1.239068,49.305523],[-1.239056,49.305511],[-1.239089,49.305498],[-1.23904,49.305445]]]}},{"type":"Feature","properties":{},"geometry":{"type":"Polygon","coordinates":[[[-1.261375,49.295373],[-1.261327,49.295311],[-1.261291,49.295323],[-1.261289,49.29532],[-1.261175,49.295358],[-1.261158,49.295335],[-1.261097,49.295355],[-1.261131,49.295399],[-1.261071,49.295419],[-1.261119,49.295481],[-1.261179,49.295462],[-1.261167,49.295446],[-1.261342,49.295388],[-1.26134,49.295384],[-1.261375,49.295373]]]}},{"type":"Feature","properties":{},"geometry":{"type":"Polygon","coordinates":[[[-1.260498,49.300441],[-1.260497,49.300415],[-1.260496,49.300375],[-1.260444,49.300376],[-1.260417,49.300358],[-1.260416,49.300357],[-1.260386,49.300376],[-1.260337,49.300377],[-1.260337,49.300389],[-1.260338,49.300444],[-1.260399,49.300443],[-1.260399,49.300433],[-1.260434,49.300432],[-1.260435,49.300443],[-1.260498,49.300441]]]}},{"type":"Feature","properties":{},"geometry":{"type":"Polygon","coordinates":[[[-1.2489,49.302659],[-1.248817,49.302609],[-1.248774,49.302591],[-1.248716,49.302649],[-1.248637,49.302603],[-1.248681,49.302554],[-1.248549,49.302504],[-1.248495,49.302558],[-1.24875,49.302705],[-1.248753,49.302707],[-1.248822,49.302639],[-1.24884,49.302647],[-1.24883,49.302656],[-1.248871,49.302679],[-1.2489,49.302659]]]}},{"type":"Feature","properties":{},"geometry":{"type":"Polygon","coordinates":[[[-1.254218,49.300857],[-1.254256,49.300851],[-1.254249,49.300832],[-1.254304,49.300823],[-1.254291,49.30079],[-1.254307,49.300787],[-1.254299,49.300768],[-1.254284,49.30077],[-1.254261,49.300713],[-1.254167,49.300729],[-1.254174,49.300747],[-1.254187,49.300744],[-1.254212,49.300807],[-1.254199,49.300809],[-1.254218,49.300857]]]}},{"type":"Feature","properties":{},"geometry":{"type":"Polygon","coordinates":[[[-1.242253,49.302867],[-1.242243,49.302854],[-1.242231,49.302852],[-1.242198,49.302863],[-1.242194,49.302872],[-1.242207,49.302894],[-1.242156,49.302927],[-1.242199,49.302965],[-1.242284,49.302914],[-1.24241,49.302874],[-1.242415,49.302858],[-1.242388,49.302818],[-1.242343,49.302831],[-1.242345,49.302837],[-1.242253,49.302867]]]}},{"type":"Feature","properties":{},"geometry":{"type":"Polygon","coordinates":[[[-1.261645,49.298624],[-1.26191,49.29862],[-1.261914,49.298757],[-1.262003,49.298756],[-1.261994,49.298467],[-1.261924,49.298424],[-1.261895,49.298444],[-1.261883,49.298436],[-1.261847,49.298461],[-1.261858,49.298469],[-1.261829,49.298489],[-1.261857,49.298506],[-1.261858,49.29853],[-1.261642,49.298533],[-1.261645,49.298624]]]}},{"type":"Feature","properties":{},"geometry":{"type":"Polygon","coordinates":[[[-1.25521,49.308495],[-1.25522,49.308591],[-1.255324,49.308587],[-1.255325,49.308595],[-1.255366,49.308593],[-1.255365,49.308584],[-1.255383,49.308583],[-1.255513,49.308577],[-1.25557,49.308573],[-1.255571,49.308579],[-1.255612,49.308578],[-1.255611,49.308571],[-1.255715,49.308565],[-1.2557,49.308468],[-1.25521,49.308495]]]}},{"type":"Feature","properties":{},"geometry":{"type":"Polygon","coordinates":[[[-1.240674,49.308657],[-1.2407,49.308662],[-1.240674,49.308724],[-1.240813,49.30875],[-1.240823,49.308726],[-1.240838,49.308689],[-1.240871,49.308695],[-1.240946,49.308522],[-1.240913,49.308516],[-1.240932,49.308474],[-1.240942,49.30845],[-1.240809,49.308425],[-1.240781,49.30849],[-1.24075,49.308484],[-1.240674,49.308657]]]}},{"type":"Feature","properties":{},"geometry":{"type":"Polygon","coordinates":[[[-1.244431,49.299096],[-1.24444,49.299093],[-1.244455,49.299114],[-1.244503,49.299181],[-1.244497,49.299183],[-1.244565,49.299273],[-1.244668,49.299239],[-1.244602,49.299149],[-1.244607,49.299147],[-1.244543,49.29906],[-1.244525,49.299066],[-1.244464,49.298983],[-1.24437,49.299013],[-1.244414,49.299073],[-1.244431,49.299096]]]}},{"type":"Feature","properties":{},"geometry":{"type":"Polygon","coordinates":[[[-1.253078,49.295866],[-1.253097,49.295867],[-1.2531,49.295841],[-1.253079,49.295839],[-1.253088,49.295769],[-1.25302,49.295766],[-1.253008,49.29586],[-1.252994,49.295968],[-1.253081,49.295998],[-1.253102,49.295993],[-1.253116,49.295977],[-1.253111,49.295967],[-1.253149,49.295927],[-1.253133,49.295921],[-1.253075,49.295903],[-1.253078,49.295866]]]}},{"type":"Feature","properties":{},"geometry":{"type":"Polygon","coordinates":[[[-1.254776,49.287347],[-1.254693,49.287374],[-1.254712,49.287399],[-1.254681,49.287409],[-1.25474,49.287487],[-1.254814,49.287464],[-1.254809,49.287457],[-1.254839,49.287448],[-1.254853,49.287464],[-1.254894,49.287449],[-1.254889,49.287443],[-1.254927,49.287429],[-1.254861,49.287353],[-1.254799,49.287375],[-1.254778,49.28735],[-1.254776,49.287347]]]}},{"type":"Feature","properties":{},"geometry":{"type":"Polygon","coordinates":[[[-1.257458,49.296742],[-1.2574449,49.2967212],[-1.2574189,49.2966795],[-1.2574157,49.2966803],[-1.2573799,49.2966897],[-1.257341,49.296679],[-1.257324,49.296705],[-1.25729,49.296714],[-1.257251,49.2967045],[-1.2572304,49.2967099],[-1.257274,49.296781],[-1.257323,49.296769],[-1.257329,49.296777],[-1.257379,49.296764],[-1.257373,49.296755],[-1.257399,49.296749],[-1.257404,49.296757],[-1.257458,49.296742]]]}},{"type":"Feature","properties":{},"geometry":{"type":"Polygon","coordinates":[[[-1.257864,49.293144],[-1.257786,49.2932],[-1.257797,49.293207],[-1.257823,49.293222],[-1.257895,49.293266],[-1.25791,49.293256],[-1.257915,49.293252],[-1.25792,49.293249],[-1.257926,49.293244],[-1.257942,49.293254],[-1.257943,49.293255],[-1.257976,49.293232],[-1.257958,49.293221],[-1.257975,49.29321],[-1.257913,49.293172],[-1.257864,49.293144]]]}},{"type":"Feature","properties":{},"geometry":{"type":"Polygon","coordinates":[[[-1.23837,49.303257],[-1.238302,49.303268],[-1.238275,49.303212],[-1.238149,49.303238],[-1.2382,49.303342],[-1.23823,49.303335],[-1.238239,49.303333],[-1.238243,49.303332],[-1.238218,49.303283],[-1.238245,49.303277],[-1.238269,49.303326],[-1.238312,49.303316],[-1.238356,49.303305],[-1.238343,49.303278],[-1.238376,49.303272],[-1.23837,49.303257]]]}},{"type":"Feature","properties":{},"geometry":{"type":"Polygon","coordinates":[[[-1.2573342,49.297019],[-1.2573144,49.2969876],[-1.2573268,49.2969837],[-1.257306,49.296952],[-1.2572932,49.2969554],[-1.2572824,49.2969384],[-1.2572948,49.2969351],[-1.2572727,49.2969004],[-1.2572688,49.2969015],[-1.2571808,49.2969261],[-1.257177,49.2969272],[-1.2571931,49.2969516],[-1.257178,49.2969774],[-1.2572165,49.2969875],[-1.2572317,49.2970106],[-1.2572175,49.297036],[-1.2572264,49.297049],[-1.2573342,49.297019]]]}},{"type":"Feature","properties":{},"geometry":{"type":"Polygon","coordinates":[[[-1.2420841,49.3077053],[-1.2420575,49.3077656],[-1.2420718,49.3077683],[-1.2420736,49.3077642],[-1.242187,49.3077854],[-1.2421848,49.3077903],[-1.2422814,49.3078084],[-1.2423108,49.3077418],[-1.2422517,49.3077307],[-1.242249,49.3077368],[-1.2422115,49.3077298],[-1.2422073,49.3077392],[-1.242094,49.307718],[-1.2420984,49.307708],[-1.2420841,49.3077053]]]}},{"type":"Feature","properties":{},"geometry":{"type":"Polygon","coordinates":[[[-1.246238,49.30172],[-1.246199,49.301706],[-1.246183,49.301725],[-1.246192,49.301734],[-1.246205,49.301748],[-1.24625,49.301793],[-1.246272,49.301814],[-1.246304,49.301801],[-1.246305,49.301796],[-1.246282,49.301774],[-1.246316,49.301759],[-1.246323,49.301735],[-1.246307,49.301729],[-1.246335,49.301696],[-1.246276,49.301675],[-1.246238,49.30172]]]}},{"type":"Feature","properties":{},"geometry":{"type":"Polygon","coordinates":[[[-1.264324,49.310372],[-1.264311,49.310382],[-1.264204,49.310339],[-1.264167,49.310326],[-1.264162,49.310333],[-1.264143,49.310328],[-1.264119,49.310364],[-1.264254,49.310411],[-1.26421,49.310467],[-1.264198,49.310463],[-1.264172,49.310489],[-1.264192,49.3105],[-1.264147,49.310544],[-1.264232,49.310573],[-1.264408,49.31041],[-1.264324,49.310372]]]}},{"type":"Feature","properties":{},"geometry":{"type":"Polygon","coordinates":[[[-1.246049,49.304029],[-1.246257,49.304227],[-1.246268,49.304237],[-1.246358,49.304323],[-1.246401,49.304303],[-1.246351,49.304253],[-1.246343,49.304255],[-1.246295,49.304209],[-1.246276,49.304217],[-1.246261,49.304203],[-1.246297,49.304188],[-1.246294,49.304185],[-1.246247,49.304139],[-1.246181,49.304074],[-1.246106,49.304004],[-1.246049,49.304029]]]}},{"type":"Feature","properties":{},"geometry":{"type":"Polygon","coordinates":[[[-1.24054,49.303564],[-1.240466,49.303543],[-1.24041,49.30361],[-1.240407,49.303614],[-1.24045,49.303627],[-1.240432,49.303649],[-1.240479,49.303663],[-1.240469,49.30368],[-1.240546,49.303702],[-1.240565,49.303675],[-1.240557,49.303673],[-1.240585,49.303631],[-1.240592,49.303634],[-1.240615,49.303599],[-1.240533,49.303575],[-1.24054,49.303564]]]}},{"type":"Feature","properties":{},"geometry":{"type":"Polygon","coordinates":[[[-1.241085,49.30374],[-1.241036,49.303806],[-1.241073,49.303816],[-1.240987,49.303933],[-1.240978,49.303941],[-1.240965,49.303953],[-1.240993,49.303964],[-1.24103,49.303975],[-1.241102,49.303999],[-1.241112,49.303981],[-1.241121,49.303963],[-1.241046,49.303939],[-1.24113,49.303833],[-1.241157,49.303838],[-1.241197,49.303769],[-1.241085,49.30374]]]}},{"type":"Feature","properties":{},"geometry":{"type":"Polygon","coordinates":[[[-1.246468,49.303835],[-1.246551,49.303898],[-1.246567,49.303888],[-1.246626,49.303933],[-1.24661,49.303942],[-1.246669,49.303989],[-1.246683,49.303981],[-1.246819,49.304081],[-1.246845,49.304067],[-1.246856,49.30406],[-1.24682,49.304032],[-1.246768,49.303993],[-1.246721,49.303958],[-1.246715,49.303962],[-1.246527,49.303805],[-1.246468,49.303835]]]}},{"type":"Feature","properties":{},"geometry":{"type":"Polygon","coordinates":[[[-1.2589,49.295637],[-1.258788,49.29567],[-1.258824,49.295723],[-1.258834,49.295738],[-1.258834,49.29574],[-1.258836,49.295752],[-1.258836,49.295756],[-1.258836,49.295761],[-1.258837,49.295765],[-1.258837,49.295769],[-1.258837,49.295773],[-1.258842,49.295814],[-1.258965,49.295808],[-1.25896,49.295763],[-1.258955,49.295718],[-1.2589,49.295637]]]}},{"type":"Feature","properties":{},"geometry":{"type":"Polygon","coordinates":[[[-1.25711,49.300553],[-1.25709,49.300555],[-1.257086,49.300539],[-1.257043,49.300543],[-1.257047,49.300556],[-1.257026,49.300558],[-1.257003,49.30056],[-1.257001,49.300546],[-1.256957,49.300549],[-1.256959,49.300563],[-1.256938,49.300564],[-1.256949,49.30065],[-1.257039,49.300644],[-1.257038,49.300633],[-1.257122,49.300627],[-1.25711,49.300553]]]}},{"type":"Feature","properties":{},"geometry":{"type":"Polygon","coordinates":[[[-1.251768,49.296525],[-1.251831,49.296462],[-1.251805,49.296451],[-1.251851,49.296406],[-1.251815,49.29639],[-1.251819,49.296386],[-1.251765,49.296362],[-1.251773,49.296352],[-1.251772,49.296346],[-1.251768,49.296337],[-1.251747,49.296327],[-1.251717,49.296332],[-1.251646,49.296408],[-1.251744,49.296451],[-1.251699,49.296495],[-1.251768,49.296525]]]}},{"type":"Feature","properties":{},"geometry":{"type":"Polygon","coordinates":[[[-1.258206,49.292569],[-1.258161,49.292538],[-1.258138,49.292553],[-1.258102,49.292529],[-1.258023,49.292579],[-1.258018,49.292575],[-1.257984,49.292597],[-1.258024,49.292624],[-1.258019,49.292627],[-1.258069,49.292662],[-1.258109,49.292637],[-1.258103,49.292633],[-1.258151,49.292603],[-1.258176,49.292604],[-1.258176,49.292588],[-1.258206,49.292569]]]}},{"type":"Feature","properties":{},"geometry":{"type":"Polygon","coordinates":[[[-1.236117,49.301652],[-1.235923,49.301667],[-1.235916,49.301631],[-1.235847,49.301635],[-1.235866,49.301727],[-1.235925,49.301725],[-1.235926,49.301732],[-1.236115,49.301717],[-1.236117,49.301716],[-1.236151,49.301713],[-1.236139,49.301659],[-1.236137,49.301659],[-1.236147,49.30156],[-1.236124,49.301561],[-1.236116,49.301611],[-1.236117,49.301652]]]}},{"type":"Feature","properties":{},"geometry":{"type":"Polygon","coordinates":[[[-1.25978,49.293945],[-1.259749,49.293918],[-1.259774,49.293905],[-1.259731,49.293867],[-1.259733,49.293857],[-1.259713,49.293839],[-1.259698,49.293838],[-1.259653,49.29386],[-1.259638,49.293858],[-1.2596,49.293876],[-1.259639,49.29391],[-1.259628,49.293916],[-1.259665,49.293948],[-1.259647,49.293957],[-1.259685,49.29399],[-1.25978,49.293945]]]}},{"type":"Feature","properties":{},"geometry":{"type":"Polygon","coordinates":[[[-1.259189,49.29339],[-1.259178,49.293379],[-1.259138,49.293373],[-1.25914,49.293368],[-1.259079,49.293357],[-1.259063,49.293397],[-1.259055,49.293404],[-1.259038,49.293397],[-1.259008,49.293426],[-1.259035,49.293438],[-1.258982,49.29349],[-1.259078,49.293532],[-1.259134,49.293479],[-1.259125,49.293474],[-1.259175,49.293427],[-1.259189,49.29339]]]}},{"type":"Feature","properties":{},"geometry":{"type":"Polygon","coordinates":[[[-1.241556,49.30373],[-1.241703,49.303765],[-1.241759,49.303713],[-1.2417507,49.3035913],[-1.241749,49.303566],[-1.241624,49.303551],[-1.241623,49.303523],[-1.241628,49.30347],[-1.24147,49.303448],[-1.241453,49.303502],[-1.241484,49.303508],[-1.241487,49.303502],[-1.241554,49.303513],[-1.241551,49.303533],[-1.24155,49.303541],[-1.241571,49.303545],[-1.241556,49.30373]]]}},{"type":"Feature","properties":{},"geometry":{"type":"Polygon","coordinates":[[[-1.258589,49.293304],[-1.258634,49.293348],[-1.258715,49.293314],[-1.258723,49.293309],[-1.25883,49.293382],[-1.258909,49.293333],[-1.258819,49.29327],[-1.258805,49.293261],[-1.258848,49.293234],[-1.258848,49.293224],[-1.258795,49.293187],[-1.258779,49.293186],[-1.258656,49.293263],[-1.258666,49.29327],[-1.258663,49.293271],[-1.258589,49.293304]]]}},{"type":"Feature","properties":{},"geometry":{"type":"Polygon","coordinates":[[[-1.251451,49.296359],[-1.251519,49.296286],[-1.251513,49.296274],[-1.251475,49.296258],[-1.251455,49.296262],[-1.251406,49.296242],[-1.251398,49.296251],[-1.251351,49.296232],[-1.251344,49.29624],[-1.251282,49.296215],[-1.251232,49.296269],[-1.251297,49.296295],[-1.2513,49.296291],[-1.251362,49.296316],[-1.251356,49.296321],[-1.251451,49.296359]]]}},{"type":"Feature","properties":{},"geometry":{"type":"Polygon","coordinates":[[[-1.257438,49.297179],[-1.25743,49.297166],[-1.257442,49.297162],[-1.25742,49.297127],[-1.257362,49.297144],[-1.257356,49.297135],[-1.257298,49.297151],[-1.257325,49.297193],[-1.25731,49.297197],[-1.257338,49.297242],[-1.257352,49.297238],[-1.257374,49.297272],[-1.257499,49.297238],[-1.257477,49.297202],[-1.257457,49.297207],[-1.257438,49.297179]]]}},{"type":"Feature","properties":{},"geometry":{"type":"Polygon","coordinates":[[[-1.24456,49.298869],[-1.244657,49.298837],[-1.244634,49.298804],[-1.24471,49.298779],[-1.244683,49.298742],[-1.244694,49.298724],[-1.24468,49.298705],[-1.244649,49.2987],[-1.244585,49.29872],[-1.244563,49.298718],[-1.244529,49.298729],[-1.244573,49.298786],[-1.244547,49.298794],[-1.244559,49.29881],[-1.244523,49.298821],[-1.24456,49.298869]]]}},{"type":"Feature","properties":{},"geometry":{"type":"Polygon","coordinates":[[[-1.236276,49.303189],[-1.236283,49.303131],[-1.236325,49.303133],[-1.236328,49.303107],[-1.236328,49.303106],[-1.236273,49.303103],[-1.236274,49.303083],[-1.236266,49.303077],[-1.236223,49.303075],[-1.236213,49.30308],[-1.236211,49.303101],[-1.236148,49.303098],[-1.236141,49.303146],[-1.236072,49.303144],[-1.236069,49.303178],[-1.236276,49.303189]]]}},{"type":"Feature","properties":{},"geometry":{"type":"Polygon","coordinates":[[[-1.241258,49.304117],[-1.241288,49.304125],[-1.241298,49.30411],[-1.241339,49.304032],[-1.241371,49.30397],[-1.241329,49.303961],[-1.241369,49.30388],[-1.241413,49.303889],[-1.241446,49.303826],[-1.241351,49.303804],[-1.241245,49.304013],[-1.241219,49.304064],[-1.241208,49.304061],[-1.241193,49.304086],[-1.241186,49.304099],[-1.241258,49.304117]]]}},{"type":"Feature","properties":{},"geometry":{"type":"Polygon","coordinates":[[[-1.258126,49.296107],[-1.258122,49.296094],[-1.258086,49.29608],[-1.258079,49.296053],[-1.258103,49.29603],[-1.258067,49.296014],[-1.258059,49.295988],[-1.257957,49.296001],[-1.257968,49.296038],[-1.257983,49.296037],[-1.257988,49.296053],[-1.257972,49.296056],[-1.257983,49.296093],[-1.257996,49.296091],[-1.258006,49.296122],[-1.258126,49.296107]]]}},{"type":"Feature","properties":{},"geometry":{"type":"Polygon","coordinates":[[[-1.258527,49.300352],[-1.258524,49.300283],[-1.258545,49.300282],[-1.258545,49.300273],[-1.258544,49.300247],[-1.258543,49.300223],[-1.258543,49.300217],[-1.258556,49.300216],[-1.258554,49.300146],[-1.258447,49.300147],[-1.258448,49.300217],[-1.258436,49.300217],[-1.258437,49.300282],[-1.258418,49.300282],[-1.25842,49.300354],[-1.258527,49.300352]]]}},{"type":"Feature","properties":{},"geometry":{"type":"Polygon","coordinates":[[[-1.236564,49.303208],[-1.236685,49.303207],[-1.236683,49.303167],[-1.236646,49.303168],[-1.236569,49.303169],[-1.236566,49.303116],[-1.236561,49.303116],[-1.236559,49.30309],[-1.236636,49.303088],[-1.236636,49.303096],[-1.236679,49.303095],[-1.236678,49.303055],[-1.236511,49.30306],[-1.236512,49.303201],[-1.236564,49.303201],[-1.236564,49.303208]]]}},{"type":"Feature","properties":{},"geometry":{"type":"Polygon","coordinates":[[[-1.262751,49.319363],[-1.26279,49.319351],[-1.262806,49.319368],[-1.262857,49.319347],[-1.262805,49.319293],[-1.262862,49.31927],[-1.262876,49.319285],[-1.262937,49.31926],[-1.262924,49.319247],[-1.263086,49.319181],[-1.262934,49.319022],[-1.262608,49.319155],[-1.262596,49.319138],[-1.262569,49.319146],[-1.262616,49.319216],[-1.262751,49.319363]]]}},{"type":"Feature","properties":{},"geometry":{"type":"Polygon","coordinates":[[[-1.254914,49.309089],[-1.254988,49.309173],[-1.255054,49.309148],[-1.255075,49.309139],[-1.255085,49.309148],[-1.255119,49.309135],[-1.255111,49.309126],[-1.255126,49.30912],[-1.255239,49.309077],[-1.255287,49.309057],[-1.255298,49.309069],[-1.255334,49.309054],[-1.255324,49.309044],[-1.255412,49.309009],[-1.255338,49.308926],[-1.254914,49.309089]]]}},{"type":"Feature","properties":{},"geometry":{"type":"Polygon","coordinates":[[[-1.240764,49.3058],[-1.240663,49.305883],[-1.240726,49.305914],[-1.240777,49.305877],[-1.24079,49.305883],[-1.240812,49.305867],[-1.240861,49.305895],[-1.240756,49.305972],[-1.240821,49.306008],[-1.24087,49.305973],[-1.240863,49.305969],[-1.240916,49.305931],[-1.240995,49.305978],[-1.241024,49.305958],[-1.240874,49.305867],[-1.240764,49.3058]]]}},{"type":"Feature","properties":{},"geometry":{"type":"Polygon","coordinates":[[[-1.245418,49.303641],[-1.245452,49.303614],[-1.245387,49.303576],[-1.245323,49.303627],[-1.245298,49.303636],[-1.245283,49.303627],[-1.245215,49.303681],[-1.245291,49.303779],[-1.245342,49.303761],[-1.245407,49.303716],[-1.245405,49.303712],[-1.245424,49.303699],[-1.245459,49.303675],[-1.245464,49.303678],[-1.245472,49.303672],[-1.245418,49.303641]]]}},{"type":"Feature","properties":{},"geometry":{"type":"Polygon","coordinates":[[[-1.248303,49.303527],[-1.248249,49.303576],[-1.248309,49.303604],[-1.248291,49.303621],[-1.248326,49.303638],[-1.248344,49.303621],[-1.248454,49.303672],[-1.248435,49.303693],[-1.248434,49.30371],[-1.248469,49.303725],[-1.248482,49.303726],[-1.248496,49.303713],[-1.248511,49.30372],[-1.248429,49.303796],[-1.248475,49.303817],[-1.248626,49.303679],[-1.248303,49.303527]]]}},{"type":"Feature","properties":{},"geometry":{"type":"Polygon","coordinates":[[[-1.250446,49.299797],[-1.250412,49.299845],[-1.250445,49.299856],[-1.250271,49.300093],[-1.250331,49.300114],[-1.250425,49.300004],[-1.250468,49.300019],[-1.250491,49.299989],[-1.250448,49.299974],[-1.250495,49.299914],[-1.250538,49.299928],[-1.250569,49.299889],[-1.250453,49.29985],[-1.25046,49.299841],[-1.250478,49.299846],[-1.2505,49.299815],[-1.250446,49.299797]]]}},{"type":"Feature","properties":{},"geometry":{"type":"Polygon","coordinates":[[[-1.261464,49.299503],[-1.261832,49.299499],[-1.261829,49.299409],[-1.261764,49.29941],[-1.2617642,49.299415],[-1.261765,49.299432],[-1.261743,49.299432],[-1.261693,49.299433],[-1.261693,49.299424],[-1.261645,49.299425],[-1.261598,49.299426],[-1.261598,49.299434],[-1.261548,49.299435],[-1.261526,49.299435],[-1.261526,49.299418],[-1.261526,49.299413],[-1.261461,49.299414],[-1.261464,49.299503]]]}},{"type":"Feature","properties":{},"geometry":{"type":"Polygon","coordinates":[[[-1.256561,49.299349],[-1.256675,49.29933],[-1.256744,49.299319],[-1.256793,49.29931],[-1.256799,49.299327],[-1.256888,49.299311],[-1.256874,49.299275],[-1.256864,49.299252],[-1.256849,49.299212],[-1.256795,49.299221],[-1.256801,49.299235],[-1.256743,49.299245],[-1.256738,49.299234],[-1.256644,49.29925],[-1.256648,49.299261],[-1.256535,49.29928],[-1.256561,49.299349]]]}},{"type":"Feature","properties":{},"geometry":{"type":"Polygon","coordinates":[[[-1.238223,49.30287],[-1.238237,49.302867],[-1.238224,49.302837],[-1.238211,49.302839],[-1.23817,49.302746],[-1.238184,49.302743],[-1.238171,49.30271],[-1.238157,49.302713],[-1.238108,49.302594],[-1.238121,49.302591],[-1.238108,49.30256],[-1.238096,49.302562],[-1.238064,49.302487],[-1.237965,49.302505],[-1.238157,49.30296],[-1.238253,49.302943],[-1.238223,49.30287]]]}},{"type":"Feature","properties":{},"geometry":{"type":"Polygon","coordinates":[[[-1.247093,49.303516],[-1.247182,49.30362],[-1.247228,49.303684],[-1.247221,49.303686],[-1.247246,49.303721],[-1.247275,49.303713],[-1.247263,49.303694],[-1.247249,49.303674],[-1.247281,49.303663],[-1.247244,49.303613],[-1.247223,49.30362],[-1.247199,49.303589],[-1.247208,49.303586],[-1.247185,49.303556],[-1.247197,49.303552],[-1.247151,49.30349],[-1.247093,49.303516]]]}},{"type":"Feature","properties":{},"geometry":{"type":"Polygon","coordinates":[[[-1.253416,49.312239],[-1.253878,49.312061],[-1.254079,49.311983],[-1.2541399,49.3119591],[-1.2541908,49.3119363],[-1.254262,49.311912],[-1.254223,49.31187],[-1.2542617,49.3118502],[-1.254264,49.311849],[-1.254256,49.311843],[-1.2541117,49.3116823],[-1.254031,49.311752],[-1.253883,49.311808],[-1.254031,49.31197],[-1.253856,49.312038],[-1.253645,49.311807],[-1.25388,49.311713],[-1.25363,49.311437],[-1.252934,49.311706],[-1.253416,49.312239]]]}},{"type":"Feature","properties":{},"geometry":{"type":"Polygon","coordinates":[[[-1.261156,49.311008],[-1.261547,49.310654],[-1.261199,49.310492],[-1.26124,49.310455],[-1.261147,49.310412],[-1.261106,49.310449],[-1.260674,49.310248],[-1.260188,49.310694],[-1.260265,49.310729],[-1.260244,49.310748],[-1.26029,49.31077],[-1.26031,49.310751],[-1.260593,49.310883],[-1.26068,49.310803],[-1.260906,49.310912],[-1.260922,49.310898],[-1.261156,49.311008]]]}},{"type":"Feature","properties":{},"geometry":{"type":"Polygon","coordinates":[[[-1.246771,49.305031],[-1.246786,49.304972],[-1.246791,49.304948],[-1.246808,49.304881],[-1.246822,49.304822],[-1.246834,49.304815],[-1.24693,49.304536],[-1.246863,49.304524],[-1.246781,49.304756],[-1.246773,49.304755],[-1.246755,49.304813],[-1.24675,49.304813],[-1.246716,49.304921],[-1.246729,49.304923],[-1.2467,49.305016],[-1.246708,49.305018],[-1.246771,49.305031]]]}},{"type":"Feature","properties":{},"geometry":{"type":"Polygon","coordinates":[[[-1.247026,49.304051],[-1.246968,49.304017],[-1.246847,49.303927],[-1.246772,49.30387],[-1.246758,49.303859],[-1.246709,49.303882],[-1.246765,49.303933],[-1.246776,49.303927],[-1.246876,49.304002],[-1.246914,49.304031],[-1.246883,49.304046],[-1.246953,49.304117],[-1.246975,49.304138],[-1.247018,49.304118],[-1.247074,49.304094],[-1.247044,49.304061],[-1.247026,49.304051]]]}},{"type":"Feature","properties":{},"geometry":{"type":"Polygon","coordinates":[[[-1.237053,49.301804],[-1.237053,49.301811],[-1.237056,49.301883],[-1.237157,49.301881],[-1.237205,49.30188],[-1.237211,49.30188],[-1.23721,49.301873],[-1.237227,49.301872],[-1.237227,49.301856],[-1.237225,49.301833],[-1.237207,49.301833],[-1.237204,49.301781],[-1.237158,49.301782],[-1.237121,49.301783],[-1.237105,49.301783],[-1.237105,49.301802],[-1.237053,49.301804]]]}},{"type":"Feature","properties":{},"geometry":{"type":"Polygon","coordinates":[[[-1.244891,49.303251],[-1.244934,49.303311],[-1.245027,49.303246],[-1.245045,49.303233],[-1.245104,49.303192],[-1.245061,49.303167],[-1.24517,49.303083],[-1.245261,49.303145],[-1.245236,49.303162],[-1.245276,49.303185],[-1.245306,49.303165],[-1.245355,49.30313],[-1.24519,49.303013],[-1.245124,49.303065],[-1.245,49.303164],[-1.244982,49.303179],[-1.244891,49.303251]]]}},{"type":"Feature","properties":{},"geometry":{"type":"Polygon","coordinates":[[[-1.240121,49.3083],[-1.240112,49.308321],[-1.240246,49.308345],[-1.240255,49.308325],[-1.240281,49.308329],[-1.240324,49.308228],[-1.240299,49.308223],[-1.240309,49.3082],[-1.240299,49.308198],[-1.240322,49.308143],[-1.240252,49.308131],[-1.240229,49.308182],[-1.24018,49.308172],[-1.240168,49.308197],[-1.240137,49.308191],[-1.240091,49.308294],[-1.240121,49.3083]]]}},{"type":"Feature","properties":{},"geometry":{"type":"Polygon","coordinates":[[[-1.253995,49.301561],[-1.254177,49.301534],[-1.254165,49.301502],[-1.254074,49.301516],[-1.254058,49.301471],[-1.2541,49.301465],[-1.254094,49.301448],[-1.254051,49.301454],[-1.254048,49.301445],[-1.253949,49.301461],[-1.253953,49.301471],[-1.253903,49.301478],[-1.253918,49.301519],[-1.253966,49.301512],[-1.253968,49.301518],[-1.253979,49.301516],[-1.253995,49.301561]]]}},{"type":"Feature","properties":{},"geometry":{"type":"Polygon","coordinates":[[[-1.25868,49.292231],[-1.258607,49.29218],[-1.258584,49.29218],[-1.258538,49.292208],[-1.258533,49.292205],[-1.258462,49.292249],[-1.258486,49.292265],[-1.258442,49.292292],[-1.258522,49.292348],[-1.258569,49.292319],[-1.258547,49.292304],[-1.258602,49.29227],[-1.258609,49.292275],[-1.258623,49.292275],[-1.25865,49.292258],[-1.25865,49.29225],[-1.25868,49.292231]]]}},{"type":"Feature","properties":{},"geometry":{"type":"Polygon","coordinates":[[[-1.253058,49.294044],[-1.253046,49.29414],[-1.253086,49.294142],[-1.253087,49.294135],[-1.253154,49.294139],[-1.253151,49.29416],[-1.253216,49.294164],[-1.253215,49.294171],[-1.253255,49.294174],[-1.253292,49.294176],[-1.253293,49.294169],[-1.25336,49.294173],[-1.253372,49.294084],[-1.253267,49.294079],[-1.253164,49.294073],[-1.253167,49.29405],[-1.253058,49.294044]]]}},{"type":"Feature","properties":{},"geometry":{"type":"Polygon","coordinates":[[[-1.242084,49.302709],[-1.241818,49.302739],[-1.241825,49.302764],[-1.24184,49.302817],[-1.242067,49.302793],[-1.242072,49.302808],[-1.242065,49.302809],[-1.242074,49.302838],[-1.242081,49.302837],[-1.242085,49.302852],[-1.242071,49.302854],[-1.242113,49.30299],[-1.242153,49.302992],[-1.242199,49.302965],[-1.242156,49.302927],[-1.242108,49.302783],[-1.242084,49.302709]]]}},{"type":"Feature","properties":{},"geometry":{"type":"Polygon","coordinates":[[[-1.256384,49.300174],[-1.256388,49.300193],[-1.256458,49.300188],[-1.256542,49.300182],[-1.256627,49.300177],[-1.25663,49.30019],[-1.256717,49.300184],[-1.256785,49.300179],[-1.256784,49.300171],[-1.256776,49.300127],[-1.256711,49.300132],[-1.25662,49.300139],[-1.256618,49.300125],[-1.256534,49.30013],[-1.256451,49.300135],[-1.256379,49.30014],[-1.256384,49.300174]]]}},{"type":"Feature","properties":{},"geometry":{"type":"Polygon","coordinates":[[[-1.254941,49.31499],[-1.254915,49.314963],[-1.254736,49.315036],[-1.254766,49.315067],[-1.254754,49.3151],[-1.254804,49.315107],[-1.254793,49.31514],[-1.254842,49.315147],[-1.254831,49.315179],[-1.254881,49.315187],[-1.255021,49.315331],[-1.255022,49.315331],[-1.255441,49.315158],[-1.255365,49.315079],[-1.255487,49.315029],[-1.255376,49.314915],[-1.255255,49.314965],[-1.255182,49.31489],[-1.254941,49.31499]]]}},{"type":"Feature","properties":{},"geometry":{"type":"Polygon","coordinates":[[[-1.245152,49.303303],[-1.245189,49.303276],[-1.245196,49.30328],[-1.245263,49.303234],[-1.245235,49.303216],[-1.245193,49.303246],[-1.245147,49.303278],[-1.245117,49.303261],[-1.245049,49.303303],[-1.245102,49.303333],[-1.245076,49.303354],[-1.245016,49.303323],[-1.244966,49.303354],[-1.245047,49.303465],[-1.245201,49.303356],[-1.245218,49.303344],[-1.245152,49.303303]]]}},{"type":"Feature","properties":{},"geometry":{"type":"Polygon","coordinates":[[[-1.253622,49.300972],[-1.25366,49.301099],[-1.253903,49.30106],[-1.253925,49.301056],[-1.253916,49.301034],[-1.253894,49.301037],[-1.253872,49.300977],[-1.253782,49.300991],[-1.253792,49.301019],[-1.253784,49.30102],[-1.253788,49.301031],[-1.25371,49.301042],[-1.253694,49.300997],[-1.253708,49.300995],[-1.253696,49.300961],[-1.253628,49.300971],[-1.253622,49.300972]]]}},{"type":"Feature","properties":{},"geometry":{"type":"Polygon","coordinates":[[[-1.241786,49.306486],[-1.241864,49.306451],[-1.241865,49.306451],[-1.241857,49.306435],[-1.24184,49.306439],[-1.241835,49.306429],[-1.241855,49.306424],[-1.241824,49.306366],[-1.24193,49.306343],[-1.241895,49.306274],[-1.241796,49.306296],[-1.241788,49.30628],[-1.241709,49.306298],[-1.241691,49.306264],[-1.241672,49.306268],[-1.241766,49.306448],[-1.241786,49.306486]]]}},{"type":"Feature","properties":{},"geometry":{"type":"Polygon","coordinates":[[[-1.242671,49.305564],[-1.242661,49.30557],[-1.242666,49.305573],[-1.242648,49.305588],[-1.242641,49.305585],[-1.242634,49.305592],[-1.242645,49.305598],[-1.242646,49.305614],[-1.24264,49.305615],[-1.242643,49.305622],[-1.242654,49.305619],[-1.242669,49.305631],[-1.242661,49.305638],[-1.242671,49.305643],[-1.242679,49.305638],[-1.242706,49.305638],[-1.242707,49.305644],[-1.242718,49.305643],[-1.242718,49.305637],[-1.242739,49.305636],[-1.242745,49.305638],[-1.24274,49.305645],[-1.24275,49.30565],[-1.242756,49.305647],[-1.242841,49.305692],[-1.242834,49.305698],[-1.242843,49.305703],[-1.242852,49.305697],[-1.242915,49.305695],[-1.242916,49.305701],[-1.242932,49.305701],[-1.242937,49.305696],[-1.242987,49.305694],[-1.24299,49.305723],[-1.242982,49.305732],[-1.242995,49.305739],[-1.243008,49.305729],[-1.243067,49.305727],[-1.243068,49.305737],[-1.243084,49.305737],[-1.243083,49.305727],[-1.24315,49.305723],[-1.243151,49.305734],[-1.243165,49.305734],[-1.243165,49.305723],[-1.243249,49.30572],[-1.24325,49.30573],[-1.243266,49.30573],[-1.243266,49.305719],[-1.243323,49.305717],[-1.243324,49.305728],[-1.243339,49.305727],[-1.243339,49.305715],[-1.243393,49.305713],[-1.243402,49.30572],[-1.243413,49.305714],[-1.243405,49.305707],[-1.243403,49.305673],[-1.243439,49.305672],[-1.24344,49.30568],[-1.243454,49.305679],[-1.243454,49.305672],[-1.243503,49.30567],[-1.243504,49.305678],[-1.243519,49.305677],[-1.243518,49.305669],[-1.243569,49.305667],[-1.243571,49.305676],[-1.243584,49.305676],[-1.243583,49.305663],[-1.243594,49.305662],[-1.243592,49.305652],[-1.243585,49.305652],[-1.243582,49.305608],[-1.243591,49.305608],[-1.24359,49.305601],[-1.243586,49.305602],[-1.243589,49.305583],[-1.243578,49.305583],[-1.243572,49.305532],[-1.243581,49.305531],[-1.24358,49.305522],[-1.24357,49.305523],[-1.243566,49.30547],[-1.243575,49.305469],[-1.243574,49.305461],[-1.243566,49.30546],[-1.243559,49.305457],[-1.243557,49.305448],[-1.243543,49.305449],[-1.243542,49.305459],[-1.243499,49.30546],[-1.243499,49.305452],[-1.243483,49.305452],[-1.243483,49.305462],[-1.243441,49.305463],[-1.24344,49.305456],[-1.243446,49.305457],[-1.243445,49.305446],[-1.243438,49.305446],[-1.243437,49.305439],[-1.243422,49.30544],[-1.243421,49.305447],[-1.243376,49.305449],[-1.243375,49.305443],[-1.243355,49.305444],[-1.243355,49.30545],[-1.243348,49.305451],[-1.243349,49.305458],[-1.243358,49.305457],[-1.243358,49.305469],[-1.243316,49.30547],[-1.243316,49.305461],[-1.2433,49.305462],[-1.2433,49.305472],[-1.243258,49.305473],[-1.243258,49.305468],[-1.243264,49.305467],[-1.243264,49.305461],[-1.243255,49.305462],[-1.243254,49.305446],[-1.243261,49.305446],[-1.243261,49.305437],[-1.243255,49.305437],[-1.243246,49.305431],[-1.243245,49.305426],[-1.243233,49.305427],[-1.243233,49.305434],[-1.243123,49.305441],[-1.243119,49.305432],[-1.243106,49.305433],[-1.243107,49.305441],[-1.2431,49.305442],[-1.243089,49.305438],[-1.243083,49.305443],[-1.243093,49.305449],[-1.243094,49.305482],[-1.243053,49.305483],[-1.243049,49.305478],[-1.243037,49.305479],[-1.243037,49.305485],[-1.242977,49.305487],[-1.242976,49.305482],[-1.242961,49.305483],[-1.242961,49.305489],[-1.242908,49.305491],[-1.242908,49.305487],[-1.242892,49.305487],[-1.242892,49.305493],[-1.242837,49.305496],[-1.242827,49.30549],[-1.242817,49.305497],[-1.24282,49.305501],[-1.242749,49.305555],[-1.242741,49.305553],[-1.242734,49.305559],[-1.24274,49.305562],[-1.242734,49.305567],[-1.242714,49.305568],[-1.242714,49.305562],[-1.242698,49.305562],[-1.242699,49.305568],[-1.242677,49.305569],[-1.242671,49.305564]]]}},{"type":"Feature","properties":{},"geometry":{"type":"Polygon","coordinates":[[[-1.257771,49.306323],[-1.25774,49.306269],[-1.257722,49.306237],[-1.257754,49.30623],[-1.257764,49.306218],[-1.257743,49.306185],[-1.257724,49.30618],[-1.257693,49.306187],[-1.257677,49.306161],[-1.257574,49.306186],[-1.2576,49.30623],[-1.257639,49.306294],[-1.25765,49.306291],[-1.257666,49.306321],[-1.257672,49.306319],[-1.25773,49.306306],[-1.257744,49.30633],[-1.257771,49.306323]]]}},{"type":"Feature","properties":{},"geometry":{"type":"Polygon","coordinates":[[[-1.252727,49.295129],[-1.252829,49.295148],[-1.252839,49.295126],[-1.252939,49.295146],[-1.253039,49.295163],[-1.253076,49.295077],[-1.253012,49.295066],[-1.253015,49.295058],[-1.252981,49.295053],[-1.252941,49.295046],[-1.252938,49.295053],[-1.252876,49.295042],[-1.252869,49.295056],[-1.252865,49.295063],[-1.252803,49.295052],[-1.252806,49.295044],[-1.252767,49.295037],[-1.252727,49.295129]]]}},{"type":"Feature","properties":{},"geometry":{"type":"Polygon","coordinates":[[[-1.251698,49.2951],[-1.251773,49.295031],[-1.251783,49.295021],[-1.251751,49.295006],[-1.251744,49.295012],[-1.251691,49.294988],[-1.251711,49.294969],[-1.25166,49.294945],[-1.251666,49.294939],[-1.251632,49.294923],[-1.2516,49.294909],[-1.251594,49.294915],[-1.25154,49.29489],[-1.251463,49.294962],[-1.251546,49.295001],[-1.251634,49.295042],[-1.251613,49.29506],[-1.251698,49.2951]]]}},{"type":"Feature","properties":{},"geometry":{"type":"Polygon","coordinates":[[[-1.23941,49.311383],[-1.239411,49.311383],[-1.239412,49.311383],[-1.239413,49.311383],[-1.239414,49.311383],[-1.239415,49.311383],[-1.239416,49.311383],[-1.239417,49.311383],[-1.239418,49.311383],[-1.239419,49.311383],[-1.23942,49.311383],[-1.239421,49.311383],[-1.239422,49.311383],[-1.239423,49.311383],[-1.239459,49.311383],[-1.239458,49.311293],[-1.239408,49.311294],[-1.23941,49.311383]]]}},{"type":"Feature","properties":{},"geometry":{"type":"Polygon","coordinates":[[[-1.245075,49.302984],[-1.245119,49.303013],[-1.245083,49.303041],[-1.245124,49.303065],[-1.24519,49.303013],[-1.245185,49.303009],[-1.245071,49.302933],[-1.244964,49.302863],[-1.244879,49.302808],[-1.244852,49.302866],[-1.244961,49.302935],[-1.24479,49.303055],[-1.244776,49.303064],[-1.244773,49.303081],[-1.244775,49.303104],[-1.244786,49.303126],[-1.244823,49.30317],[-1.245075,49.302984]]]}},{"type":"Feature","properties":{},"geometry":{"type":"Polygon","coordinates":[[[-1.249228,49.306152],[-1.249345,49.306195],[-1.249399,49.30613],[-1.249309,49.306098],[-1.249409,49.30598],[-1.249445,49.305993],[-1.249464,49.305971],[-1.24964,49.306034],[-1.249591,49.306096],[-1.249687,49.306131],[-1.249703,49.306111],[-1.249721,49.306089],[-1.249753,49.306052],[-1.249723,49.30598],[-1.249692,49.305969],[-1.249729,49.305924],[-1.249471,49.305828],[-1.249228,49.306152]]]}},{"type":"Feature","properties":{},"geometry":{"type":"Polygon","coordinates":[[[-1.241104,49.305184],[-1.24113,49.305196],[-1.241109,49.305217],[-1.241127,49.305227],[-1.241224,49.30528],[-1.241392,49.305142],[-1.241327,49.305107],[-1.241487,49.304921],[-1.241392,49.304884],[-1.241388,49.304889],[-1.241397,49.304893],[-1.241378,49.304915],[-1.241347,49.304904],[-1.241341,49.304911],[-1.24135,49.304915],[-1.241116,49.30518],[-1.241111,49.305178],[-1.241104,49.305184]]]}},{"type":"Feature","properties":{},"geometry":{"type":"Polygon","coordinates":[[[-1.259141,49.294165],[-1.259125,49.294169],[-1.259147,49.294208],[-1.259237,49.294188],[-1.25922,49.294156],[-1.259239,49.294151],[-1.259237,49.294147],[-1.259257,49.294143],[-1.25926,49.294149],[-1.259331,49.294133],[-1.259291,49.29406],[-1.259232,49.294073],[-1.259233,49.294075],[-1.259174,49.294089],[-1.259165,49.294074],[-1.259113,49.294086],[-1.259105,49.294097],[-1.259141,49.294165]]]}},{"type":"Feature","properties":{},"geometry":{"type":"Polygon","coordinates":[[[-1.238674,49.309696],[-1.238684,49.30974],[-1.23864,49.309744],[-1.238653,49.3098],[-1.238746,49.309791],[-1.238748,49.309796],[-1.238827,49.309788],[-1.238889,49.309736],[-1.238952,49.309728],[-1.238993,49.309694],[-1.238983,49.309647],[-1.238926,49.309622],[-1.238863,49.309628],[-1.238814,49.309669],[-1.238824,49.30971],[-1.238782,49.309714],[-1.238774,49.309684],[-1.238674,49.309696]]]}},{"type":"Feature","properties":{},"geometry":{"type":"Polygon","coordinates":[[[-1.243903,49.305624],[-1.244021,49.30561],[-1.244019,49.305599],[-1.244156,49.305575],[-1.244142,49.305538],[-1.244137,49.305524],[-1.243989,49.30555],[-1.243953,49.305412],[-1.24397,49.305407],[-1.243962,49.305365],[-1.244014,49.305349],[-1.244041,49.305454],[-1.244106,49.305447],[-1.244078,49.305338],[-1.244129,49.305323],[-1.244115,49.305297],[-1.243837,49.305371],[-1.243903,49.305624]]]}},{"type":"Feature","properties":{},"geometry":{"type":"Polygon","coordinates":[[[-1.247665,49.297957],[-1.24773,49.297899],[-1.247697,49.297883],[-1.247681,49.297897],[-1.247659,49.297887],[-1.247675,49.297872],[-1.247747,49.29781],[-1.247654,49.297764],[-1.247619,49.297794],[-1.247595,49.297783],[-1.24756,49.297813],[-1.247584,49.297825],[-1.247557,49.297848],[-1.247579,49.297859],[-1.247571,49.297866],[-1.247609,49.297885],[-1.247577,49.297914],[-1.247665,49.297957]]]}},{"type":"Feature","properties":{},"geometry":{"type":"Polygon","coordinates":[[[-1.247619,49.303269],[-1.247685,49.30331],[-1.247691,49.303307],[-1.247806,49.303361],[-1.247759,49.303398],[-1.247787,49.303414],[-1.247813,49.303397],[-1.247869,49.303436],[-1.24789,49.303422],[-1.24791,49.303409],[-1.247894,49.303398],[-1.247853,49.30337],[-1.247901,49.303337],[-1.24787,49.303322],[-1.247861,49.303326],[-1.247733,49.30327],[-1.247671,49.303237],[-1.247619,49.303269]]]}},{"type":"Feature","properties":{},"geometry":{"type":"Polygon","coordinates":[[[-1.258913,49.294512],[-1.258973,49.29454],[-1.259022,49.294496],[-1.258962,49.294468],[-1.258917,49.294446],[-1.258964,49.294404],[-1.258975,49.29441],[-1.259016,49.294373],[-1.258926,49.294331],[-1.258878,49.294336],[-1.258828,49.294382],[-1.25885,49.294392],[-1.258809,49.294429],[-1.258854,49.29445],[-1.258857,49.294462],[-1.258882,49.294474],[-1.258866,49.294489],[-1.258913,49.294512]]]}},{"type":"Feature","properties":{},"geometry":{"type":"Polygon","coordinates":[[[-1.252549,49.295036],[-1.252684,49.295019],[-1.252669,49.294979],[-1.252682,49.294976],[-1.252672,49.29495],[-1.252665,49.294926],[-1.252656,49.294928],[-1.252643,49.294885],[-1.25261,49.294889],[-1.252598,49.294847],[-1.252606,49.294846],[-1.252598,49.29482],[-1.252456,49.294837],[-1.252476,49.294904],[-1.252487,49.294939],[-1.252519,49.294935],[-1.252529,49.294969],[-1.252549,49.295036]]]}},{"type":"Feature","properties":{},"geometry":{"type":"Polygon","coordinates":[[[-1.248736,49.302577],[-1.248776,49.302518],[-1.248813,49.302529],[-1.248925,49.302368],[-1.248931,49.302359],[-1.248935,49.302353],[-1.248965,49.30231],[-1.248854,49.302267],[-1.248778,49.302378],[-1.248786,49.30238],[-1.248793,49.302383],[-1.2488,49.302385],[-1.248794,49.302395],[-1.24879,49.302402],[-1.248786,49.302407],[-1.248783,49.302413],[-1.248689,49.302558],[-1.248736,49.302577]]]}},{"type":"Feature","properties":{},"geometry":{"type":"Polygon","coordinates":[[[-1.241519,49.303842],[-1.241446,49.303826],[-1.241413,49.303889],[-1.241435,49.303894],[-1.241421,49.303922],[-1.241394,49.303974],[-1.241371,49.30397],[-1.241339,49.304032],[-1.241357,49.304037],[-1.24132,49.304115],[-1.241327,49.304117],[-1.24136,49.304125],[-1.241407,49.304047],[-1.241411,49.304048],[-1.241441,49.303991],[-1.241465,49.303948],[-1.241489,49.3039],[-1.241519,49.303842]]]}},{"type":"Feature","properties":{},"geometry":{"type":"Polygon","coordinates":[[[-1.252511,49.295789],[-1.252585,49.295742],[-1.25266,49.295695],[-1.252735,49.295648],[-1.252647,49.295588],[-1.252634,49.295579],[-1.252605,49.295597],[-1.252614,49.295603],[-1.252568,49.295631],[-1.25256,49.295626],[-1.252531,49.295644],[-1.252538,49.29565],[-1.252493,49.295678],[-1.252485,49.295673],[-1.252456,49.295691],[-1.252464,49.295696],[-1.252417,49.295726],[-1.252511,49.295789]]]}},{"type":"Feature","properties":{},"geometry":{"type":"Polygon","coordinates":[[[-1.266426,49.308733],[-1.266495,49.308749],[-1.266554,49.308763],[-1.266562,49.308747],[-1.266509,49.308737],[-1.266542,49.308676],[-1.266593,49.308688],[-1.266608,49.308659],[-1.266555,49.308646],[-1.266591,49.308581],[-1.266495,49.308557],[-1.266457,49.308621],[-1.266465,49.308622],[-1.266432,49.308674],[-1.266441,49.308675],[-1.266418,49.308709],[-1.266435,49.308712],[-1.266426,49.308733]]]}},{"type":"Feature","properties":{},"geometry":{"type":"Polygon","coordinates":[[[-1.260731,49.299818],[-1.260731,49.299831],[-1.260724,49.299831],[-1.260725,49.299864],[-1.260733,49.299864],[-1.260733,49.299897],[-1.260847,49.299897],[-1.260844,49.299863],[-1.260841,49.299863],[-1.260837,49.299814],[-1.260868,49.299813],[-1.260881,49.299803],[-1.260879,49.299767],[-1.260867,49.299761],[-1.260835,49.299761],[-1.260835,49.299775],[-1.260713,49.299776],[-1.260714,49.299818],[-1.260731,49.299818]]]}},{"type":"Feature","properties":{},"geometry":{"type":"Polygon","coordinates":[[[-1.227393,49.31741],[-1.227418,49.317422],[-1.227457,49.317391],[-1.227436,49.317378],[-1.227478,49.317345],[-1.227514,49.317364],[-1.227532,49.317351],[-1.227528,49.317349],[-1.227557,49.317329],[-1.227542,49.31732],[-1.227551,49.317314],[-1.227529,49.317303],[-1.227521,49.317309],[-1.22745,49.317273],[-1.227369,49.317342],[-1.22738,49.317347],[-1.227342,49.317379],[-1.227393,49.317401],[-1.227393,49.31741]]]}},{"type":"Feature","properties":{},"geometry":{"type":"Polygon","coordinates":[[[-1.243221,49.30177],[-1.243239,49.301745],[-1.243254,49.301724],[-1.243166,49.3017],[-1.243088,49.301742],[-1.243079,49.301752],[-1.243051,49.301743],[-1.243035,49.301763],[-1.243064,49.301774],[-1.243062,49.301779],[-1.243275,49.301846],[-1.243282,49.301834],[-1.243265,49.301829],[-1.243288,49.301798],[-1.243353,49.301818],[-1.243375,49.301787],[-1.24331,49.301767],[-1.243292,49.301791],[-1.243221,49.30177]]]}},{"type":"Feature","properties":{},"geometry":{"type":"Polygon","coordinates":[[[-1.245531,49.303625],[-1.245472,49.303672],[-1.245464,49.303678],[-1.245459,49.303675],[-1.245424,49.303699],[-1.245511,49.303775],[-1.245447,49.303809],[-1.24548,49.303852],[-1.245374,49.303886],[-1.245461,49.303978],[-1.245554,49.303928],[-1.245572,49.303918],[-1.245565,49.303913],[-1.245638,49.303869],[-1.245636,49.303866],[-1.2456,49.303834],[-1.245683,49.303794],[-1.245735,49.303769],[-1.245531,49.303625]]]}},{"type":"Feature","properties":{},"geometry":{"type":"Polygon","coordinates":[[[-1.248592,49.305883],[-1.248585,49.305883],[-1.24859,49.305917],[-1.248577,49.305918],[-1.248584,49.305957],[-1.248648,49.305952],[-1.248689,49.305949],[-1.248686,49.305932],[-1.248693,49.305932],[-1.24869,49.305914],[-1.248707,49.305913],[-1.248702,49.305879],[-1.248741,49.305849],[-1.248662,49.305805],[-1.248643,49.305806],[-1.248593,49.305844],[-1.248598,49.305847],[-1.248587,49.305855],[-1.248592,49.305883]]]}},{"type":"Feature","properties":{},"geometry":{"type":"Polygon","coordinates":[[[-1.255408,49.300441],[-1.25539,49.300395],[-1.255324,49.300406],[-1.255241,49.300421],[-1.255157,49.300435],[-1.255166,49.300457],[-1.255082,49.300471],[-1.254999,49.300484],[-1.25493,49.300497],[-1.254947,49.300536],[-1.254951,49.300547],[-1.255018,49.300535],[-1.255102,49.300521],[-1.255186,49.300507],[-1.255179,49.300485],[-1.255262,49.300472],[-1.255344,49.300458],[-1.255411,49.300447],[-1.255408,49.300441]]]}},{"type":"Feature","properties":{},"geometry":{"type":"Polygon","coordinates":[[[-1.239455,49.303797],[-1.239429,49.303849],[-1.239573,49.303879],[-1.239586,49.303855],[-1.239652,49.30387],[-1.239675,49.303823],[-1.239608,49.303809],[-1.239631,49.303765],[-1.239701,49.303781],[-1.239753,49.303685],[-1.23961,49.303655],[-1.239591,49.303688],[-1.239523,49.303674],[-1.239545,49.303628],[-1.239411,49.3036],[-1.239355,49.303681],[-1.239364,49.303683],[-1.23932,49.303767],[-1.239455,49.303797]]]}},{"type":"Feature","properties":{},"geometry":{"type":"Polygon","coordinates":[[[-1.257974,49.295186],[-1.257948,49.295209],[-1.258056,49.29526],[-1.258104,49.295215],[-1.258109,49.295218],[-1.25814,49.295189],[-1.258163,49.295168],[-1.258176,49.295173],[-1.258217,49.295136],[-1.258157,49.295107],[-1.25815,49.295114],[-1.258109,49.295094],[-1.258081,49.29512],[-1.258092,49.295125],[-1.258073,49.295142],[-1.258056,49.295134],[-1.258015,49.295172],[-1.257991,49.295193],[-1.257974,49.295186]]]}},{"type":"Feature","properties":{},"geometry":{"type":"Polygon","coordinates":[[[-1.247765,49.305775],[-1.247804,49.305772],[-1.247801,49.305744],[-1.247973,49.305735],[-1.247983,49.3058],[-1.248092,49.305795],[-1.248095,49.305818],[-1.248134,49.305816],[-1.24812,49.305722],[-1.248085,49.305724],[-1.248044,49.30542],[-1.247979,49.305424],[-1.247932,49.305427],[-1.247962,49.305668],[-1.247637,49.305689],[-1.247645,49.305753],[-1.247714,49.30575],[-1.247759,49.305748],[-1.247765,49.305775]]]}},{"type":"Feature","properties":{},"geometry":{"type":"Polygon","coordinates":[[[-1.2613131,49.3048679],[-1.2613137,49.3048763],[-1.2612612,49.3048804],[-1.2612615,49.3048822],[-1.2611725,49.3048891],[-1.2611729,49.3048934],[-1.2611107,49.3049195],[-1.2611549,49.3049636],[-1.2611825,49.3049525],[-1.2612426,49.3052664],[-1.2612007,49.3052698],[-1.2612092,49.3053139],[-1.2612511,49.3053106],[-1.261258,49.3053474],[-1.2612511,49.3053479],[-1.2612694,49.3054545],[-1.2614137,49.3054958],[-1.2615537,49.3054856],[-1.2615539,49.3054875],[-1.2616394,49.3054814],[-1.2616302,49.3054267],[-1.2619943,49.3053988],[-1.2620219,49.3053967],[-1.2625155,49.3053588],[-1.2624605,49.3050501],[-1.2624585,49.3050258],[-1.2625037,49.3049107],[-1.2625008,49.3048673],[-1.2624284,49.3048694],[-1.2624133,49.3047855],[-1.2613131,49.3048679]]]}},{"type":"Feature","properties":{},"geometry":{"type":"Polygon","coordinates":[[[-1.250913,49.296044],[-1.250947,49.296108],[-1.251051,49.296084],[-1.251061,49.296102],[-1.251094,49.296094],[-1.251103,49.296081],[-1.251122,49.296088],[-1.251133,49.296073],[-1.251171,49.296064],[-1.251167,49.296057],[-1.251178,49.296054],[-1.251158,49.296019],[-1.251148,49.296021],[-1.251126,49.29598],[-1.251074,49.295991],[-1.251071,49.295986],[-1.251019,49.295998],[-1.25103,49.296018],[-1.250913,49.296044]]]}},{"type":"Feature","properties":{},"geometry":{"type":"Polygon","coordinates":[[[-1.26011,49.308386],[-1.260227,49.308276],[-1.260141,49.308237],[-1.260223,49.30816],[-1.260305,49.308197],[-1.260329,49.308175],[-1.260398,49.308206],[-1.260466,49.308142],[-1.260333,49.308082],[-1.260278,49.308134],[-1.259493,49.307779],[-1.259445,49.307825],[-1.258989,49.307619],[-1.258576,49.30801],[-1.258917,49.308164],[-1.259107,49.307984],[-1.259223,49.308036],[-1.259259,49.308002],[-1.26011,49.308386]]]}},{"type":"Feature","properties":{},"geometry":{"type":"Polygon","coordinates":[[[-1.247614,49.305199],[-1.247623,49.305101],[-1.247568,49.305096],[-1.247577,49.305052],[-1.247565,49.305049],[-1.247556,49.305029],[-1.247517,49.305025],[-1.247502,49.305042],[-1.247489,49.305042],[-1.24748,49.305088],[-1.247311,49.305074],[-1.247292,49.305073],[-1.247347,49.304805],[-1.24735,49.304785],[-1.247256,49.304775],[-1.247188,49.305091],[-1.247178,49.30509],[-1.247164,49.30516],[-1.2472514,49.3051676],[-1.247614,49.305199]]]}},{"type":"Feature","properties":{},"geometry":{"type":"Polygon","coordinates":[[[-1.238218,49.301771],[-1.238161,49.301769],[-1.238161,49.301764],[-1.238072,49.301763],[-1.238072,49.301767],[-1.237988,49.301764],[-1.237983,49.30183],[-1.237999,49.30183],[-1.237998,49.301873],[-1.237964,49.301873],[-1.237961,49.301942],[-1.238071,49.301945],[-1.238074,49.301875],[-1.238062,49.301875],[-1.238061,49.301859],[-1.238158,49.30186],[-1.238158,49.301856],[-1.238213,49.301855],[-1.238218,49.301771]]]}},{"type":"Feature","properties":{},"geometry":{"type":"Polygon","coordinates":[[[-1.2439633,49.3064064],[-1.244078,49.3064103],[-1.2440916,49.3061667],[-1.2441146,49.3061667],[-1.2441126,49.3061907],[-1.2442566,49.3061957],[-1.2442606,49.3061507],[-1.243869,49.3061432],[-1.2438662,49.3061915],[-1.2438656,49.3062107],[-1.2439636,49.3062127],[-1.2439603,49.306298],[-1.2438616,49.3062952],[-1.2438603,49.3063068],[-1.2438593,49.3063334],[-1.2439483,49.3063352],[-1.243948,49.3063489],[-1.2439646,49.30635],[-1.2439633,49.3064064]]]}},{"type":"Feature","properties":{},"geometry":{"type":"Polygon","coordinates":[[[-1.238976,49.302529],[-1.239067,49.302514],[-1.239262,49.302481],[-1.239235,49.302416],[-1.239122,49.302435],[-1.239117,49.302418],[-1.239066,49.302426],[-1.239072,49.302443],[-1.238928,49.302468],[-1.238922,49.30245],[-1.238875,49.302458],[-1.23888,49.302476],[-1.238696,49.302507],[-1.238689,49.302488],[-1.238642,49.302496],[-1.238647,49.302515],[-1.238533,49.302533],[-1.238545,49.302562],[-1.23856,49.3026],[-1.238976,49.302529]]]}},{"type":"Feature","properties":{},"geometry":{"type":"Polygon","coordinates":[[[-1.243088,49.30457],[-1.243241,49.304547],[-1.243248,49.304546],[-1.2432412,49.3045204],[-1.243236,49.304501],[-1.2431161,49.3045202],[-1.2431161,49.3045238],[-1.2431141,49.3045272],[-1.2431074,49.3045311],[-1.2431066,49.3045313],[-1.243107,49.304543],[-1.243085,49.304545],[-1.243088,49.30457]]]}},{"type":"Feature","properties":{},"geometry":{"type":"Polygon","coordinates":[[[-1.260783,49.302699],[-1.260606,49.302705],[-1.260618,49.302846],[-1.261468,49.302817],[-1.26146,49.302725],[-1.261575,49.302721],[-1.261553,49.302439],[-1.26157,49.302434],[-1.261578,49.302445],[-1.261604,49.302437],[-1.261575,49.302393],[-1.261578,49.302394],[-1.2615776,49.3023894],[-1.2615743,49.302352],[-1.261574,49.302349],[-1.261571,49.302349],[-1.261588,49.302314],[-1.261543,49.302305],[-1.261531,49.302165],[-1.26075,49.302192],[-1.260743,49.302192],[-1.260783,49.302699]]]}},{"type":"Feature","properties":{},"geometry":{"type":"Polygon","coordinates":[[[-1.2438583,49.3063453],[-1.2438593,49.3063334],[-1.2438603,49.3063068],[-1.2437077,49.306306],[-1.2437083,49.30625],[-1.2435109,49.3062499],[-1.2435108,49.3062446],[-1.2433555,49.3062431],[-1.2433549,49.3062488],[-1.2430409,49.3062465],[-1.2430406,49.3062558],[-1.242995,49.3062563],[-1.2429953,49.306278],[-1.2429983,49.3063534],[-1.243163,49.3063593],[-1.243314,49.3063585],[-1.2438573,49.3063644],[-1.2438583,49.3063453]]]}},{"type":"Feature","properties":{},"geometry":{"type":"Polygon","coordinates":[[[-1.242959,49.3028],[-1.243226,49.302832],[-1.24337,49.30255],[-1.243274,49.30254],[-1.243263,49.302539],[-1.243262,49.302542],[-1.243227,49.30261],[-1.243189,49.302683],[-1.243201,49.302686],[-1.243166,49.302756],[-1.243035,49.30274],[-1.243041,49.302609],[-1.243106,49.302612],[-1.243116,49.302544],[-1.24309,49.302524],[-1.242977,49.302514],[-1.242943,49.302607],[-1.242932,49.302632],[-1.242972,49.302634],[-1.242959,49.3028]]]}},{"type":"Feature","properties":{},"geometry":{"type":"Polygon","coordinates":[[[-1.258446,49.293302],[-1.258523,49.293255],[-1.258483,49.293227],[-1.258489,49.293223],[-1.258462,49.293203],[-1.258456,49.293206],[-1.258431,49.29319],[-1.258432,49.293177],[-1.258451,49.293165],[-1.258452,49.29315],[-1.258416,49.293126],[-1.258393,49.293125],[-1.258339,49.293159],[-1.258339,49.293178],[-1.258301,49.293201],[-1.258359,49.293242],[-1.258349,49.293248],[-1.258396,49.29328],[-1.258406,49.293274],[-1.258446,49.293302]]]}},{"type":"Feature","properties":{},"geometry":{"type":"Polygon","coordinates":[[[-1.239908,49.304348],[-1.239871,49.304459],[-1.23994,49.30447],[-1.240001,49.304487],[-1.24006,49.304509],[-1.240142,49.304552],[-1.2401442,49.304552],[-1.240152,49.304558],[-1.240204,49.304496],[-1.240139,49.304472],[-1.240117,49.304498],[-1.240011,49.30446],[-1.240017,49.304443],[-1.240024,49.304441],[-1.240031,49.304427],[-1.240023,49.304421],[-1.240064,49.304398],[-1.239984,49.304361],[-1.239908,49.304348]]]}},{"type":"Feature","properties":{},"geometry":{"type":"Polygon","coordinates":[[[-1.256285,49.297136],[-1.256264,49.297161],[-1.256236,49.29715],[-1.2562,49.297192],[-1.256335,49.297241],[-1.25636,49.297214],[-1.256343,49.297207],[-1.256377,49.29717],[-1.256354,49.297161],[-1.256375,49.297138],[-1.256387,49.297125],[-1.256395,49.297128],[-1.256433,49.297085],[-1.256433,49.29706],[-1.256304,49.297059],[-1.256282,49.297059],[-1.256258,49.297087],[-1.256278,49.297094],[-1.256252,49.297125],[-1.256285,49.297136]]]}},{"type":"Feature","properties":{},"geometry":{"type":"Polygon","coordinates":[[[-1.240014,49.304652],[-1.239916,49.304587],[-1.239937,49.304555],[-1.239957,49.304512],[-1.239994,49.304524],[-1.240048,49.304544],[-1.240111,49.304577],[-1.2401442,49.304552],[-1.240142,49.304552],[-1.24006,49.304509],[-1.240001,49.304487],[-1.23994,49.30447],[-1.239871,49.304459],[-1.239834,49.304543],[-1.239808,49.304578],[-1.239866,49.304617],[-1.239971,49.304686],[-1.240018,49.304655],[-1.240014,49.304652]]]}},{"type":"Feature","properties":{},"geometry":{"type":"Polygon","coordinates":[[[-1.261456,49.30946],[-1.261133,49.309909],[-1.261792,49.310112],[-1.261886,49.310086],[-1.261997,49.309924],[-1.26212,49.309961],[-1.262178,49.309978],[-1.26252,49.309507],[-1.262824,49.309074],[-1.262787,49.309013],[-1.262548,49.308944],[-1.262577,49.308902],[-1.262575,49.308901],[-1.262509,49.30888],[-1.26248,49.308921],[-1.261963,49.308762],[-1.261577,49.309299],[-1.261652,49.30932],[-1.26154,49.309482],[-1.261456,49.30946]]]}},{"type":"Feature","properties":{},"geometry":{"type":"Polygon","coordinates":[[[-1.258158,49.29156],[-1.258606,49.291217],[-1.258692,49.291151],[-1.258751,49.291108],[-1.258684,49.29107],[-1.258724,49.291041],[-1.258474,49.290899],[-1.258433,49.290929],[-1.258375,49.290895],[-1.258446,49.290842],[-1.258128,49.290662],[-1.257919,49.29082],[-1.258295,49.291033],[-1.258192,49.29111],[-1.258301,49.291173],[-1.258216,49.291236],[-1.258033,49.291373],[-1.25793,49.291317],[-1.257841,49.291386],[-1.258158,49.29156]]]}},{"type":"Feature","properties":{},"geometry":{"type":"Polygon","coordinates":[[[-1.247951,49.30336],[-1.247894,49.303398],[-1.24791,49.303409],[-1.24789,49.303422],[-1.247914,49.303434],[-1.247822,49.303522],[-1.247853,49.30355],[-1.247759,49.303632],[-1.247729,49.30362],[-1.247709,49.303639],[-1.247737,49.303652],[-1.247712,49.303675],[-1.247817,49.303724],[-1.247911,49.30368],[-1.248088,49.303519],[-1.248124,49.303487],[-1.248155,49.303457],[-1.247951,49.30336]]]}},{"type":"Feature","properties":{},"geometry":{"type":"Polygon","coordinates":[[[-1.235681,49.302795],[-1.235695,49.302808],[-1.235692,49.302829],[-1.235695,49.30283],[-1.235691,49.302862],[-1.23567,49.302861],[-1.235665,49.302901],[-1.23578,49.302907],[-1.235785,49.302866],[-1.235781,49.302866],[-1.235785,49.302834],[-1.235922,49.302842],[-1.235932,49.302774],[-1.235842,49.302769],[-1.235844,49.302748],[-1.235778,49.302745],[-1.235775,49.302765],[-1.235701,49.302762],[-1.2357,49.302765],[-1.235684,49.302776],[-1.235681,49.302795]]]}},{"type":"Feature","properties":{},"geometry":{"type":"Polygon","coordinates":[[[-1.253454,49.297445],[-1.253404,49.297502],[-1.253382,49.297527],[-1.253374,49.297536],[-1.253379,49.297537],[-1.253381,49.297538],[-1.253389,49.297541],[-1.253395,49.297543],[-1.253402,49.297546],[-1.253408,49.297549],[-1.253415,49.297551],[-1.253424,49.297555],[-1.253441,49.297561],[-1.253447,49.297553],[-1.253497,49.297571],[-1.253512,49.297552],[-1.253548,49.297565],[-1.253581,49.297526],[-1.253548,49.297514],[-1.253571,49.297487],[-1.253454,49.297445]]]}},{"type":"Feature","properties":{},"geometry":{"type":"Polygon","coordinates":[[[-1.250092,49.296539],[-1.250109,49.296555],[-1.25013,49.296555],[-1.250161,49.296539],[-1.250227,49.296542],[-1.25023,49.29655],[-1.250233,49.296554],[-1.250238,49.296558],[-1.250272,49.29656],[-1.250279,49.296556],[-1.250283,49.296552],[-1.250285,49.296527],[-1.250272,49.296517],[-1.250278,49.29649],[-1.250252,49.296468],[-1.250203,49.296461],[-1.25019,49.296474],[-1.25013,49.296473],[-1.250069,49.296504],[-1.250095,49.296525],[-1.250092,49.296539]]]}},{"type":"Feature","properties":{},"geometry":{"type":"Polygon","coordinates":[[[-1.243652,49.304886],[-1.243587,49.3049],[-1.243423,49.304914],[-1.243438,49.305044],[-1.243542,49.305035],[-1.243767,49.305003],[-1.243792,49.304993],[-1.243779,49.304973],[-1.243741,49.30498],[-1.243737,49.304977],[-1.243654,49.304985],[-1.243653,49.30498],[-1.243537,49.304986],[-1.243533,49.304969],[-1.243547,49.304967],[-1.243543,49.304949],[-1.243608,49.304942],[-1.243609,49.304939],[-1.243672,49.304922],[-1.243656,49.304893],[-1.243652,49.304886]]]}},{"type":"Feature","properties":{},"geometry":{"type":"Polygon","coordinates":[[[-1.250943,49.301603],[-1.250942,49.301598],[-1.250961,49.301597],[-1.250956,49.301571],[-1.250934,49.301572],[-1.25092,49.301507],[-1.250902,49.301419],[-1.250921,49.301418],[-1.250914,49.301395],[-1.250897,49.301395],[-1.250876,49.301297],[-1.250753,49.301307],[-1.250814,49.301607],[-1.25087,49.301882],[-1.250996,49.301872],[-1.251,49.301872],[-1.250979,49.301768],[-1.251,49.301767],[-1.250994,49.301743],[-1.250972,49.301744],[-1.250943,49.301603]]]}},{"type":"Feature","properties":{},"geometry":{"type":"Polygon","coordinates":[[[-1.251851,49.29505],[-1.25196,49.295102],[-1.252021,49.295045],[-1.25208,49.29499],[-1.252126,49.29501],[-1.252146,49.295019],[-1.252206,49.294962],[-1.252186,49.294953],[-1.252066,49.294898],[-1.252044,49.294919],[-1.252052,49.294922],[-1.252015,49.294959],[-1.252007,49.294955],[-1.251971,49.294939],[-1.251931,49.294975],[-1.251922,49.294971],[-1.251902,49.294989],[-1.251881,49.295012],[-1.251888,49.295015],[-1.251881,49.295023],[-1.251851,49.29505]]]}},{"type":"Feature","properties":{},"geometry":{"type":"Polygon","coordinates":[[[-1.243994,49.304597],[-1.244049,49.304714],[-1.244054,49.304723],[-1.244086,49.304717],[-1.244129,49.304811],[-1.244108,49.304816],[-1.244136,49.304864],[-1.244159,49.304903],[-1.244194,49.304896],[-1.244203,49.304913],[-1.244247,49.304903],[-1.244238,49.304885],[-1.244217,49.30489],[-1.244212,49.304881],[-1.244304,49.30486],[-1.244279,49.304813],[-1.244233,49.304724],[-1.244211,49.304683],[-1.244168,49.304688],[-1.244128,49.304573],[-1.2440542,49.3045862],[-1.243994,49.304597]]]}},{"type":"Feature","properties":{},"geometry":{"type":"Polygon","coordinates":[[[-1.2544855,49.3130208],[-1.2544955,49.3130338],[-1.2545115,49.3130448],[-1.2545325,49.3130518],[-1.2545555,49.3130538],[-1.2545795,49.3130508],[-1.2545985,49.3130428],[-1.2546145,49.3130308],[-1.2546225,49.3130168],[-1.2546235,49.3130018],[-1.2546165,49.3129868],[-1.2546035,49.3129758],[-1.2545875,49.3129678],[-1.2545685,49.3129638],[-1.2545475,49.3129628],[-1.2545275,49.3129648],[-1.2545105,49.3129718],[-1.2544955,49.3129818],[-1.2544865,49.3129938],[-1.2544825,49.3130068],[-1.2544855,49.3130208]]]}},{"type":"Feature","properties":{},"geometry":{"type":"Polygon","coordinates":[[[-1.255609,49.314236],[-1.255635,49.314226],[-1.25559,49.314179],[-1.255912,49.314045],[-1.255823,49.313953],[-1.255735,49.313989],[-1.255636,49.313887],[-1.255585,49.313908],[-1.255605,49.313928],[-1.255187,49.314102],[-1.255332,49.314252],[-1.255289,49.314269],[-1.255312,49.314293],[-1.25535,49.314277],[-1.255385,49.314313],[-1.255466,49.31428],[-1.25545,49.314263],[-1.255502,49.314241],[-1.255483,49.314221],[-1.255562,49.314188],[-1.255609,49.314236]]]}},{"type":"Feature","properties":{},"geometry":{"type":"Polygon","coordinates":[[[-1.251768,49.294763],[-1.251776,49.294755],[-1.25183,49.294781],[-1.25187,49.294744],[-1.251923,49.294769],[-1.251917,49.294775],[-1.251949,49.29479],[-1.25198,49.294804],[-1.251987,49.294798],[-1.252039,49.294823],[-1.252119,49.294751],[-1.252031,49.294711],[-1.251947,49.294672],[-1.251908,49.294709],[-1.251822,49.294669],[-1.251736,49.29463],[-1.251658,49.294703],[-1.251712,49.294727],[-1.251705,49.294734],[-1.251735,49.294748],[-1.251768,49.294763]]]}},{"type":"Feature","properties":{},"geometry":{"type":"Polygon","coordinates":[[[-1.243897,49.304268],[-1.243828,49.304252],[-1.243875,49.304164],[-1.243913,49.304178],[-1.24391,49.304181],[-1.243938,49.304191],[-1.243971,49.304148],[-1.243954,49.304142],[-1.243951,49.304136],[-1.243952,49.304128],[-1.243964,49.304124],[-1.243984,49.30413],[-1.243998,49.304107],[-1.243891,49.304073],[-1.243828,49.30416],[-1.243784,49.304233],[-1.243778,49.304244],[-1.243771,49.304242],[-1.243733,49.304329],[-1.2437999,49.3043411],[-1.243855,49.304351],[-1.243897,49.304268]]]}},{"type":"Feature","properties":{},"geometry":{"type":"Polygon","coordinates":[[[-1.240727,49.303404],[-1.240742,49.303406],[-1.240737,49.303423],[-1.240791,49.30343],[-1.240796,49.303413],[-1.240807,49.303414],[-1.24082,49.303373],[-1.240731,49.303361],[-1.240655,49.303347],[-1.240624,49.303409],[-1.240617,49.303435],[-1.240609,49.303434],[-1.240601,49.303437],[-1.240586,49.303435],[-1.240579,49.303433],[-1.240572,49.303432],[-1.240541,49.303485],[-1.240667,49.303519],[-1.240685,49.30349],[-1.240715,49.303432],[-1.240727,49.303404]]]}},{"type":"Feature","properties":{},"geometry":{"type":"Polygon","coordinates":[[[-1.249484,49.30311],[-1.249377,49.303025],[-1.249266,49.30306],[-1.249238,49.303069],[-1.249258,49.303094],[-1.249263,49.303101],[-1.249254,49.303104],[-1.249261,49.303112],[-1.249269,49.303109],[-1.249288,49.303134],[-1.249279,49.303136],[-1.249285,49.303144],[-1.249294,49.303142],[-1.249313,49.303166],[-1.249305,49.303169],[-1.24931,49.303177],[-1.249319,49.303174],[-1.24934,49.303203],[-1.249371,49.303211],[-1.2493822,49.3031911],[-1.249401,49.303158],[-1.249484,49.30311]]]}},{"type":"Feature","properties":{},"geometry":{"type":"Polygon","coordinates":[[[-1.252836,49.294791],[-1.252833,49.294797],[-1.25287,49.294804],[-1.252906,49.29481],[-1.252908,49.294805],[-1.252972,49.294816],[-1.252956,49.294856],[-1.253019,49.294866],[-1.253016,49.294875],[-1.253054,49.294881],[-1.25309,49.294887],[-1.253092,49.29488],[-1.253157,49.294892],[-1.253193,49.294805],[-1.253092,49.294788],[-1.252991,49.294769],[-1.253008,49.29473],[-1.252908,49.294712],[-1.252807,49.294693],[-1.25277,49.294778],[-1.252836,49.294791]]]}},{"type":"Feature","properties":{},"geometry":{"type":"Polygon","coordinates":[[[-1.246116,49.305063],[-1.246084,49.305125],[-1.24611,49.30513],[-1.246098,49.305159],[-1.246072,49.305154],[-1.246053,49.3052],[-1.246111,49.305211],[-1.246092,49.305272],[-1.246084,49.305272],[-1.24605,49.305387],[-1.246122,49.305396],[-1.246157,49.305281],[-1.246174,49.305223],[-1.246128,49.305213],[-1.246146,49.305169],[-1.246168,49.305172],[-1.246184,49.305139],[-1.246165,49.305135],[-1.246193,49.305078],[-1.24612,49.305057],[-1.246116,49.305063]]]}},{"type":"Feature","properties":{},"geometry":{"type":"Polygon","coordinates":[[[-1.248664,49.299788],[-1.248843,49.299798],[-1.248845,49.299763],[-1.24886,49.299764],[-1.248864,49.299737],[-1.248866,49.29972],[-1.248868,49.299705],[-1.248856,49.299704],[-1.248861,49.299669],[-1.248723,49.29966],[-1.248725,49.299648],[-1.248683,49.299646],[-1.24868,49.299663],[-1.248672,49.299663],[-1.248669,49.299689],[-1.248677,49.29969],[-1.248674,49.299715],[-1.248734,49.299719],[-1.24873,49.299749],[-1.24867,49.299746],[-1.248664,49.299788]]]}},{"type":"Feature","properties":{},"geometry":{"type":"Polygon","coordinates":[[[-1.243241,49.304547],[-1.243088,49.30457],[-1.242808,49.304613],[-1.242791,49.304559],[-1.242768,49.304566],[-1.242715,49.304582],[-1.242731,49.304627],[-1.242673,49.304635],[-1.242612,49.304645],[-1.242518,49.304659],[-1.24251,49.304624],[-1.242496,49.304627],[-1.242494,49.304621],[-1.242423,49.304628],[-1.242325,49.304637],[-1.242327,49.304648],[-1.242335,49.304695],[-1.24235,49.304736],[-1.24239,49.304854],[-1.243201,49.304725],[-1.243258,49.304689],[-1.243241,49.304547]]]}},{"type":"Feature","properties":{},"geometry":{"type":"Polygon","coordinates":[[[-1.257959,49.313847],[-1.258091,49.313799],[-1.258095,49.313805],[-1.25829,49.313732],[-1.258317,49.313681],[-1.258178,49.31352],[-1.258104,49.313495],[-1.257954,49.313554],[-1.257808,49.313398],[-1.25761,49.313475],[-1.257578,49.313442],[-1.257488,49.313476],[-1.257517,49.313509],[-1.257423,49.313543],[-1.257617,49.313767],[-1.257705,49.31386],[-1.257769,49.313834],[-1.25779,49.313853],[-1.257813,49.313841],[-1.257836,49.313863],[-1.257938,49.313825],[-1.257959,49.313847]]]}},{"type":"Feature","properties":{},"geometry":{"type":"Polygon","coordinates":[[[-1.25854,49.300106],[-1.25854,49.300102],[-1.258538,49.30008],[-1.258538,49.300074],[-1.25855,49.300074],[-1.258547,49.299933],[-1.258534,49.299934],[-1.258534,49.299927],[-1.258534,49.299902],[-1.258533,49.299876],[-1.258533,49.299869],[-1.258547,49.299869],[-1.258543,49.299797],[-1.258437,49.299799],[-1.258439,49.299868],[-1.258425,49.299868],[-1.258426,49.299936],[-1.25844,49.299935],[-1.258444,49.300073],[-1.258432,49.300074],[-1.258434,49.300106],[-1.25854,49.300106]]]}},{"type":"Feature","properties":{},"geometry":{"type":"Polygon","coordinates":[[[-1.259881,49.299852],[-1.259774,49.299856],[-1.259779,49.29999],[-1.259792,49.29999],[-1.259794,49.300063],[-1.259818,49.300062],[-1.259824,49.300268],[-1.259979,49.300266],[-1.259976,49.300229],[-1.25993,49.30023],[-1.259928,49.300194],[-1.259927,49.300188],[-1.259928,49.300162],[-1.259927,49.300138],[-1.259926,49.30006],[-1.2599,49.300061],[-1.259899,49.299989],[-1.259886,49.29999],[-1.259885,49.29998],[-1.259883,49.299955],[-1.259883,49.299929],[-1.259881,49.299852]]]}},{"type":"Feature","properties":{},"geometry":{"type":"Polygon","coordinates":[[[-1.244172,49.299313],[-1.244171,49.299311],[-1.244166,49.299305],[-1.244125,49.299253],[-1.244002,49.299294],[-1.243877,49.299336],[-1.243753,49.299379],[-1.243629,49.29942],[-1.243617,49.299405],[-1.243448,49.29946],[-1.243494,49.299522],[-1.243624,49.299478],[-1.243663,49.299464],[-1.243676,49.29948],[-1.243765,49.29945],[-1.2438,49.299438],[-1.243836,49.299426],[-1.243924,49.299396],[-1.243959,49.299385],[-1.244047,49.299355],[-1.244136,49.299326],[-1.244172,49.299313]]]}},{"type":"Feature","properties":{},"geometry":{"type":"Polygon","coordinates":[[[-1.252867,49.294486],[-1.252975,49.294497],[-1.253075,49.294508],[-1.253178,49.294519],[-1.253187,49.294483],[-1.253291,49.294494],[-1.253316,49.294401],[-1.253275,49.294397],[-1.253274,49.294403],[-1.253209,49.294397],[-1.253201,49.294432],[-1.253134,49.294426],[-1.253136,49.294418],[-1.253097,49.294415],[-1.253061,49.294411],[-1.25306,49.294417],[-1.252998,49.29441],[-1.252999,49.294403],[-1.252959,49.294399],[-1.252957,49.294407],[-1.25289,49.294399],[-1.252867,49.294486]]]}},{"type":"Feature","properties":{},"geometry":{"type":"Polygon","coordinates":[[[-1.261432,49.294883],[-1.261431,49.294865],[-1.261417,49.294857],[-1.261347,49.294859],[-1.261328,49.294859],[-1.261326,49.294834],[-1.261282,49.294835],[-1.261246,49.294838],[-1.261251,49.294877],[-1.261255,49.294906],[-1.261244,49.294914],[-1.261244,49.294919],[-1.26125,49.294969],[-1.261317,49.294965],[-1.261318,49.294975],[-1.261402,49.294971],[-1.261426,49.29497],[-1.261422,49.29493],[-1.261406,49.29493],[-1.261401,49.294885],[-1.261416,49.294884],[-1.261432,49.294883]]]}},{"type":"Feature","properties":{},"geometry":{"type":"Polygon","coordinates":[[[-1.253708,49.300959],[-1.253709,49.300959],[-1.253703,49.300943],[-1.253842,49.300922],[-1.253844,49.300926],[-1.253887,49.300919],[-1.253879,49.300899],[-1.253957,49.300888],[-1.253941,49.300843],[-1.253908,49.300848],[-1.253896,49.300814],[-1.253881,49.300817],[-1.253868,49.30078],[-1.2537933,49.3007934],[-1.25382,49.300864],[-1.253685,49.300884],[-1.25369,49.300898],[-1.253607,49.30091],[-1.253628,49.300971],[-1.253696,49.300961],[-1.253708,49.300959]]]}},{"type":"Feature","properties":{},"geometry":{"type":"Polygon","coordinates":[[[-1.256202,49.296869],[-1.256165,49.296869],[-1.256165,49.296872],[-1.256165,49.296886],[-1.256152,49.296886],[-1.256099,49.296885],[-1.256097,49.296965],[-1.256201,49.296966],[-1.256304,49.296967],[-1.256407,49.296969],[-1.256412,49.296888],[-1.256356,49.296888],[-1.256342,49.296887],[-1.256343,49.296873],[-1.256343,49.29687],[-1.256305,49.29687],[-1.256304,49.296887],[-1.256253,49.296886],[-1.256242,49.296886],[-1.256242,49.296872],[-1.256242,49.296869],[-1.256202,49.296869]]]}},{"type":"Feature","properties":{},"geometry":{"type":"Polygon","coordinates":[[[-1.244676,49.3047869],[-1.244691,49.304846],[-1.244744,49.304838],[-1.24472,49.304729],[-1.244711,49.304728],[-1.244711,49.304688],[-1.24473,49.304689],[-1.244763,49.30455],[-1.2447062,49.3045516],[-1.244655,49.304553],[-1.244656,49.304631],[-1.244637,49.304633],[-1.244639,49.304646],[-1.244625,49.304646],[-1.244644,49.30479],[-1.244675,49.304787],[-1.244673,49.304768],[-1.244671,49.304747],[-1.244697,49.304743],[-1.244699,49.304766],[-1.24472,49.304765],[-1.244722,49.304783],[-1.244676,49.3047869]]]}},{"type":"Feature","properties":{},"geometry":{"type":"Polygon","coordinates":[[[-1.246008,49.303825],[-1.245957,49.303788],[-1.245982,49.303773],[-1.245892,49.303708],[-1.24585,49.303677],[-1.245798,49.303708],[-1.245803,49.303711],[-1.245855,49.303749],[-1.245848,49.303753],[-1.245904,49.303797],[-1.245925,49.303814],[-1.245969,49.303848],[-1.245956,49.303855],[-1.246019,49.303906],[-1.24615,49.303842],[-1.246087,49.303797],[-1.246076,49.303789],[-1.246067,49.303793],[-1.246024,49.303758],[-1.245986,49.303776],[-1.24603,49.303812],[-1.246008,49.303825]]]}},{"type":"Feature","properties":{},"geometry":{"type":"Polygon","coordinates":[[[-1.259371,49.299789],[-1.259373,49.299868],[-1.259373,49.299893],[-1.259373,49.299918],[-1.259375,49.299927],[-1.259361,49.299927],[-1.259364,49.299998],[-1.259322,49.299999],[-1.259324,49.300076],[-1.259325,49.300128],[-1.259328,49.300239],[-1.259225,49.30024],[-1.259224,49.300247],[-1.259224,49.30027],[-1.259224,49.300275],[-1.259435,49.300273],[-1.259429,49.299997],[-1.259469,49.299996],[-1.259467,49.299926],[-1.25948,49.299925],[-1.259477,49.29979],[-1.259371,49.299789]]]}},{"type":"Feature","properties":{},"geometry":{"type":"Polygon","coordinates":[[[-1.255819,49.29987],[-1.255818,49.29987],[-1.255797,49.299873],[-1.255792,49.29986],[-1.255749,49.299867],[-1.255754,49.299881],[-1.255737,49.299883],[-1.255713,49.299887],[-1.255709,49.299875],[-1.255666,49.299881],[-1.25567,49.299895],[-1.255651,49.299898],[-1.255632,49.299901],[-1.255626,49.299888],[-1.255584,49.299896],[-1.255589,49.299908],[-1.255565,49.299912],[-1.2556,49.299996],[-1.255683,49.299981],[-1.25577,49.299966],[-1.255766,49.299956],[-1.255847,49.299942],[-1.255819,49.29987]]]}},{"type":"Feature","properties":{},"geometry":{"type":"Polygon","coordinates":[[[-1.2427824,49.3078394],[-1.2427866,49.30783],[-1.2427496,49.3078229],[-1.2427524,49.3078166],[-1.2426331,49.3077938],[-1.2426303,49.3077999],[-1.2425932,49.3077927],[-1.2425887,49.3078027],[-1.2425678,49.3078489],[-1.2425658,49.3078534],[-1.2427598,49.3078905],[-1.242762,49.3078857],[-1.242875,49.3079073],[-1.242873,49.3079116],[-1.2429693,49.30793],[-1.2429994,49.3078633],[-1.2429397,49.3078519],[-1.2429369,49.3078582],[-1.2429,49.3078511],[-1.2428955,49.307861],[-1.2427824,49.3078394]]]}},{"type":"Feature","properties":{},"geometry":{"type":"Polygon","coordinates":[[[-1.255952,49.301273],[-1.255967,49.301312],[-1.255974,49.301332],[-1.256055,49.30132],[-1.256045,49.301292],[-1.256088,49.301285],[-1.256074,49.301249],[-1.256067,49.30125],[-1.25603,49.301256],[-1.256015,49.301214],[-1.255935,49.301227],[-1.255932,49.301219],[-1.255855,49.30123],[-1.255859,49.301243],[-1.255778,49.301256],[-1.255701,49.301268],[-1.255713,49.301301],[-1.255733,49.301355],[-1.255739,49.301372],[-1.255897,49.301345],[-1.25589,49.301327],[-1.255873,49.301287],[-1.255952,49.301273]]]}},{"type":"Feature","properties":{},"geometry":{"type":"Polygon","coordinates":[[[-1.25627,49.299543],[-1.256274,49.299462],[-1.256189,49.299461],[-1.256191,49.299428],[-1.256256,49.299429],[-1.256258,49.29939],[-1.256252,49.29939],[-1.256192,49.299389],[-1.256192,49.299385],[-1.256137,49.299384],[-1.256138,49.299397],[-1.256077,49.299395],[-1.256077,49.299384],[-1.256031,49.299383],[-1.256026,49.299479],[-1.256076,49.29948],[-1.256076,49.299468],[-1.256133,49.299469],[-1.256133,49.299481],[-1.256189,49.299482],[-1.256187,49.299538],[-1.256186,49.299541],[-1.25627,49.299543]]]}},{"type":"Feature","properties":{},"geometry":{"type":"Polygon","coordinates":[[[-1.250057,49.304551],[-1.25004,49.304589],[-1.250063,49.304608],[-1.250056,49.304615],[-1.250054,49.30462],[-1.250055,49.304623],[-1.250097,49.304659],[-1.250103,49.304661],[-1.250109,49.304661],[-1.250116,49.30466],[-1.250162,49.3047],[-1.250167,49.304697],[-1.250179,49.304707],[-1.250101,49.304746],[-1.250004,49.304665],[-1.249929,49.304822],[-1.249958,49.304829],[-1.250039,49.304789],[-1.250204,49.304704],[-1.250186,49.304689],[-1.2502844,49.3046371],[-1.250294,49.304632],[-1.250139,49.304505],[-1.250057,49.304551]]]}},{"type":"Feature","properties":{},"geometry":{"type":"Polygon","coordinates":[[[-1.256787,49.292523],[-1.256861,49.29246],[-1.256779,49.292419],[-1.256698,49.292376],[-1.256724,49.292355],[-1.256644,49.292312],[-1.256562,49.29227],[-1.256579,49.292255],[-1.256495,49.292212],[-1.256415,49.292171],[-1.256333,49.292129],[-1.256252,49.292088],[-1.256177,49.292152],[-1.256258,49.292193],[-1.256338,49.292234],[-1.256419,49.292276],[-1.256504,49.292318],[-1.256486,49.292334],[-1.256565,49.292373],[-1.256649,49.292418],[-1.256623,49.292438],[-1.256704,49.292482],[-1.256787,49.292523]]]}},{"type":"Feature","properties":{},"geometry":{"type":"Polygon","coordinates":[[[-1.258604,49.297499],[-1.2586081,49.2974979],[-1.2586847,49.2974769],[-1.258688,49.297476],[-1.258637,49.297398],[-1.258617,49.297403],[-1.258584,49.297412],[-1.25856,49.297373],[-1.258545,49.29735],[-1.258499,49.297364],[-1.258465,49.297356],[-1.258429,49.297365],[-1.258415,49.297387],[-1.258428,49.297405],[-1.258408,49.297434],[-1.258421,49.297438],[-1.2584,49.29747],[-1.258476,49.297492],[-1.258499,49.297458],[-1.258503,49.297459],[-1.258509,49.297448],[-1.258543,49.297438],[-1.258549,49.297447],[-1.258567,49.297443],[-1.258604,49.297499]]]}},{"type":"Feature","properties":{},"geometry":{"type":"Polygon","coordinates":[[[-1.256434,49.300939],[-1.256401,49.300855],[-1.25638,49.300859],[-1.256376,49.300847],[-1.25633,49.300854],[-1.256335,49.300867],[-1.256316,49.30087],[-1.256329,49.300909],[-1.256292,49.300914],[-1.256255,49.300921],[-1.256239,49.300883],[-1.256218,49.300887],[-1.256213,49.300874],[-1.256169,49.300882],[-1.256174,49.300896],[-1.256154,49.300899],[-1.256188,49.300982],[-1.256244,49.300972],[-1.256253,49.300992],[-1.256317,49.30098],[-1.256386,49.300969],[-1.256378,49.300949],[-1.256434,49.300939]]]}},{"type":"Feature","properties":{},"geometry":{"type":"Polygon","coordinates":[[[-1.252367,49.295365],[-1.252412,49.295396],[-1.252405,49.295401],[-1.252432,49.295419],[-1.25246,49.295438],[-1.252467,49.295433],[-1.252474,49.295438],[-1.252513,49.295463],[-1.252544,49.295445],[-1.252578,49.295468],[-1.25259,49.295475],[-1.252583,49.29548],[-1.25261,49.295497],[-1.252637,49.295515],[-1.252644,49.295511],[-1.252687,49.295541],[-1.252785,49.295481],[-1.252712,49.29543],[-1.25264,49.295383],[-1.252611,49.295401],[-1.252535,49.295352],[-1.252463,49.295303],[-1.252367,49.295365]]]}},{"type":"Feature","properties":{},"geometry":{"type":"Polygon","coordinates":[[[-1.24,49.30344],[-1.239973,49.303505],[-1.240021,49.303517],[-1.239981,49.303595],[-1.239938,49.30359],[-1.239909,49.303686],[-1.239984,49.303696],[-1.23998,49.303705],[-1.239963,49.303703],[-1.239931,49.303761],[-1.239923,49.303776],[-1.239966,49.303786],[-1.239974,49.303774],[-1.239987,49.303778],[-1.240051,49.303668],[-1.240054,49.303662],[-1.240009,49.303653],[-1.239988,49.303649],[-1.240013,49.303599],[-1.240053,49.303523],[-1.240093,49.303444],[-1.240008,49.303424],[-1.24,49.30344]]]}},{"type":"Feature","properties":{},"geometry":{"type":"Polygon","coordinates":[[[-1.256018,49.296681],[-1.255897,49.296679],[-1.255895,49.296746],[-1.255893,49.296816],[-1.25589,49.296884],[-1.256016,49.296886],[-1.256015,49.29685],[-1.256015,49.296843],[-1.256035,49.296843],[-1.256042,49.296843],[-1.256043,49.296818],[-1.256015,49.296817],[-1.256017,49.296783],[-1.256016,49.296775],[-1.256039,49.296775],[-1.256043,49.296775],[-1.256042,49.296747],[-1.256041,49.296724],[-1.256042,49.296722],[-1.256039,49.296722],[-1.256018,49.296723],[-1.256017,49.296715],[-1.256018,49.296681]]]}},{"type":"Feature","properties":{},"geometry":{"type":"Polygon","coordinates":[[[-1.257787,49.301578],[-1.2577,49.301591],[-1.257713,49.301627],[-1.257684,49.301631],[-1.257703,49.301684],[-1.257724,49.301736],[-1.257753,49.301731],[-1.257768,49.301767],[-1.257813,49.301759],[-1.257827,49.301792],[-1.257797,49.301797],[-1.257818,49.301849],[-1.25796,49.301825],[-1.257939,49.301774],[-1.257914,49.301779],[-1.2579,49.301744],[-1.257855,49.301752],[-1.25784,49.301716],[-1.257868,49.301711],[-1.257848,49.301661],[-1.257828,49.301607],[-1.257799,49.301611],[-1.257787,49.301578]]]}},{"type":"Feature","properties":{},"geometry":{"type":"Polygon","coordinates":[[[-1.261456,49.30946],[-1.26154,49.309482],[-1.261652,49.30932],[-1.261577,49.309299],[-1.261963,49.308762],[-1.261575,49.308642],[-1.261432,49.308833],[-1.261371,49.308817],[-1.261276,49.30895],[-1.261154,49.309123],[-1.261062,49.309252],[-1.26098,49.309231],[-1.260919,49.309309],[-1.261004,49.309335],[-1.260773,49.309663],[-1.260713,49.309647],[-1.260636,49.309766],[-1.260671,49.309778],[-1.260743,49.3098],[-1.260661,49.309914],[-1.261045,49.310031],[-1.261133,49.309909],[-1.261456,49.30946]]]}},{"type":"Feature","properties":{},"geometry":{"type":"Polygon","coordinates":[[[-1.244902,49.305543],[-1.244876,49.305528],[-1.244938,49.30547],[-1.244922,49.305464],[-1.244766,49.305392],[-1.244699,49.305454],[-1.244735,49.305469],[-1.244732,49.305473],[-1.244724,49.305481],[-1.244768,49.305499],[-1.244746,49.305539],[-1.244515,49.305551],[-1.244511,49.305511],[-1.244505,49.305459],[-1.244195,49.305513],[-1.244216,49.305565],[-1.244362,49.30554],[-1.244378,49.305683],[-1.24453,49.305677],[-1.244524,49.305629],[-1.244707,49.30562],[-1.244682,49.305671],[-1.24484,49.305665],[-1.244902,49.305543]]]}},{"type":"Feature","properties":{},"geometry":{"type":"Polygon","coordinates":[[[-1.260216,49.29626],[-1.260259,49.29626],[-1.260256,49.296211],[-1.260234,49.296212],[-1.260233,49.296199],[-1.260238,49.296198],[-1.260235,49.296154],[-1.260228,49.296154],[-1.260193,49.296154],[-1.260191,49.296129],[-1.26019,49.29612],[-1.260138,49.296122],[-1.260137,49.296108],[-1.260061,49.296111],[-1.260064,49.29616],[-1.260045,49.296173],[-1.260068,49.296187],[-1.26004,49.296208],[-1.260083,49.296236],[-1.260129,49.296201],[-1.260169,49.2962],[-1.260171,49.296214],[-1.260212,49.296213],[-1.260216,49.29626]]]}},{"type":"Feature","properties":{},"geometry":{"type":"Polygon","coordinates":[[[-1.256587,49.301194],[-1.256669,49.301181],[-1.256661,49.30116],[-1.256647,49.301122],[-1.256727,49.30111],[-1.256738,49.301148],[-1.256747,49.301167],[-1.256908,49.301142],[-1.256901,49.301124],[-1.256881,49.301069],[-1.256868,49.301034],[-1.256706,49.301059],[-1.256703,49.30105],[-1.256701,49.301045],[-1.256625,49.301059],[-1.256626,49.301063],[-1.25663,49.301073],[-1.256548,49.301086],[-1.256564,49.301129],[-1.256527,49.301134],[-1.256521,49.301135],[-1.256536,49.301169],[-1.256577,49.301163],[-1.256587,49.301194]]]}},{"type":"Feature","properties":{},"geometry":{"type":"Polygon","coordinates":[[[-1.243984,49.30413],[-1.243964,49.304124],[-1.243952,49.304128],[-1.243951,49.304136],[-1.243954,49.304142],[-1.243971,49.304148],[-1.243938,49.304191],[-1.24391,49.304181],[-1.243891,49.304212],[-1.24392,49.304222],[-1.243929,49.304204],[-1.244028,49.304236],[-1.244116,49.304116],[-1.244133,49.304096],[-1.243934,49.304027],[-1.243903,49.304021],[-1.2439,49.303968],[-1.243883,49.303967],[-1.243841,49.303964],[-1.243844,49.30401],[-1.243839,49.30401],[-1.243813,49.304055],[-1.243891,49.304073],[-1.243998,49.304107],[-1.243984,49.30413]]]}},{"type":"Feature","properties":{},"geometry":{"type":"Polygon","coordinates":[[[-1.2388723,49.3050313],[-1.238736,49.304993],[-1.238624,49.305114],[-1.238602,49.305106],[-1.238573,49.305138],[-1.238479,49.305237],[-1.238482,49.305249],[-1.238527,49.305269],[-1.238518,49.305278],[-1.238522,49.30529],[-1.238606,49.305323],[-1.2388723,49.3050313]]]}},{"type":"Feature","properties":{},"geometry":{"type":"Polygon","coordinates":[[[-1.245879,49.306472],[-1.245977,49.306467],[-1.246047,49.306463],[-1.246134,49.306458],[-1.2466,49.306435],[-1.246569,49.306344],[-1.246556,49.306306],[-1.246512,49.306307],[-1.24654,49.306384],[-1.246471,49.306387],[-1.246472,49.306396],[-1.2461,49.306412],[-1.2461,49.306408],[-1.246023,49.306412],[-1.246031,49.306444],[-1.246012,49.306446],[-1.246009,49.306434],[-1.245953,49.306439],[-1.245935,49.306367],[-1.246028,49.306365],[-1.246028,49.306361],[-1.246146,49.306358],[-1.246144,49.306316],[-1.245821,49.306323],[-1.245879,49.306472]]]}},{"type":"Feature","properties":{},"geometry":{"type":"Polygon","coordinates":[[[-1.248084,49.304015],[-1.248153,49.304012],[-1.248159,49.304056],[-1.248294,49.304049],[-1.248376,49.3040454],[-1.248376,49.304041],[-1.248193,49.303971],[-1.248155,49.303956],[-1.248149,49.303954],[-1.248142,49.303951],[-1.248136,49.30395],[-1.248129,49.303949],[-1.248123,49.303948],[-1.248116,49.303947],[-1.248109,49.303947],[-1.248102,49.303947],[-1.248094,49.303948],[-1.248093,49.303948],[-1.247575,49.303979],[-1.247579,49.304016],[-1.247583,49.304043],[-1.2476244,49.3040411],[-1.247671,49.304039],[-1.247668,49.303993],[-1.248076,49.303969],[-1.248084,49.304015]]]}},{"type":"Feature","properties":{},"geometry":{"type":"Polygon","coordinates":[[[-1.240201,49.305334],[-1.240278,49.305272],[-1.240287,49.305276],[-1.240334,49.305238],[-1.240331,49.305225],[-1.240247,49.305183],[-1.240223,49.30517],[-1.240173,49.305211],[-1.240163,49.305205],[-1.240137,49.305224],[-1.240035,49.305174],[-1.240011,49.305192],[-1.239992,49.305184],[-1.239887,49.305266],[-1.239821,49.305231],[-1.239741,49.305296],[-1.239779,49.305317],[-1.239821,49.305339],[-1.239837,49.305348],[-1.239874,49.305318],[-1.239909,49.305336],[-1.23993,49.30532],[-1.239984,49.305349],[-1.240082,49.30527],[-1.240201,49.305334]]]}},{"type":"Feature","properties":{},"geometry":{"type":"Polygon","coordinates":[[[-1.25653,49.308759],[-1.256515,49.308663],[-1.255777,49.308705],[-1.25578,49.308746],[-1.255774,49.308746],[-1.255775,49.308762],[-1.255785,49.308762],[-1.255788,49.308802],[-1.255891,49.308796],[-1.255891,49.308803],[-1.255932,49.308802],[-1.255931,49.308794],[-1.256138,49.308781],[-1.256138,49.308788],[-1.256178,49.308787],[-1.256178,49.30878],[-1.256385,49.308768],[-1.256385,49.308775],[-1.256425,49.308774],[-1.256424,49.308765],[-1.25653,49.308759]]]}},{"type":"Feature","properties":{},"geometry":{"type":"Polygon","coordinates":[[[-1.260005,49.307012],[-1.25998,49.307039],[-1.259793,49.306927],[-1.259534,49.306834],[-1.259369,49.307031],[-1.259427,49.307052],[-1.259271,49.307238],[-1.259198,49.307211],[-1.259049,49.30739],[-1.259119,49.307415],[-1.259082,49.307459],[-1.259384,49.307567],[-1.25937,49.307584],[-1.260248,49.307898],[-1.260303,49.307889],[-1.260335,49.307852],[-1.260815,49.308026],[-1.260957,49.307859],[-1.261103,49.307912],[-1.261427,49.307529],[-1.260005,49.307012]]]}},{"type":"Feature","properties":{},"geometry":{"type":"Polygon","coordinates":[[[-1.241797,49.308583],[-1.241733,49.308572],[-1.241721,49.308564],[-1.241626,49.308545],[-1.241623,49.308551],[-1.241564,49.30854],[-1.241566,49.308533],[-1.241391,49.308505],[-1.241394,49.308499],[-1.241244,49.308472],[-1.241213,49.308543],[-1.241361,49.308572],[-1.241369,49.308554],[-1.241448,49.308569],[-1.241439,49.308588],[-1.241689,49.308634],[-1.241698,49.308617],[-1.241939,49.308662],[-1.242042,49.308424],[-1.242009,49.308418],[-1.242058,49.30831],[-1.24169,49.308241],[-1.241658,49.308311],[-1.241948,49.308367],[-1.241888,49.308502],[-1.241849,49.308594],[-1.241797,49.308583]]]}},{"type":"Feature","properties":{},"geometry":{"type":"Polygon","coordinates":[[[-1.240564,49.302848],[-1.240589,49.302844],[-1.24057,49.302798],[-1.24054,49.302803],[-1.240483,49.302686],[-1.240512,49.302682],[-1.240491,49.302637],[-1.240463,49.302642],[-1.240412,49.302537],[-1.24029,49.302523],[-1.240293,49.302508],[-1.240224,49.302498],[-1.240218,49.302513],[-1.240032,49.302491],[-1.240036,49.302474],[-1.239966,49.302466],[-1.239961,49.302482],[-1.239778,49.30246],[-1.239781,49.302444],[-1.239713,49.302436],[-1.239708,49.302451],[-1.239615,49.302439],[-1.239592,49.302515],[-1.240316,49.302607],[-1.240476,49.302934],[-1.240592,49.302909],[-1.240564,49.302848]]]}},{"type":"Feature","properties":{},"geometry":{"type":"Polygon","coordinates":[[[-1.252965,49.301133],[-1.252688,49.300935],[-1.252631,49.300968],[-1.252613,49.300978],[-1.252504,49.30104],[-1.252341,49.300924],[-1.252325,49.300913],[-1.251983,49.300668],[-1.251799,49.300776],[-1.252188,49.30106],[-1.251923,49.301219],[-1.251908,49.30121],[-1.251675,49.30135],[-1.25178,49.301423],[-1.252015,49.301284],[-1.252087,49.301337],[-1.252324,49.301201],[-1.252567,49.301371],[-1.252965,49.301133]]]}},{"type":"Feature","properties":{},"geometry":{"type":"Polygon","coordinates":[[[-1.239949,49.307809],[-1.239915,49.307882],[-1.240029,49.307902],[-1.240045,49.307864],[-1.240165,49.307886],[-1.240179,49.307852],[-1.240364,49.307885],[-1.240329,49.30797],[-1.240297,49.307965],[-1.24023,49.308126],[-1.240252,49.308131],[-1.240322,49.308143],[-1.240333,49.308145],[-1.240408,49.307984],[-1.240392,49.30798],[-1.240414,49.307933],[-1.240468,49.307823],[-1.240212,49.307777],[-1.240196,49.307813],[-1.240143,49.307803],[-1.240081,49.307791],[-1.240063,49.307829],[-1.240001,49.307818],[-1.239949,49.307809]]]}},{"type":"Feature","properties":{},"geometry":{"type":"Polygon","coordinates":[[[-1.241425,49.308195],[-1.241534,49.308214],[-1.241604,49.30806],[-1.241544,49.308048],[-1.241607,49.307908],[-1.241366,49.307862],[-1.241374,49.307845],[-1.241121,49.307796],[-1.241112,49.307814],[-1.240877,49.307769],[-1.240781,49.307982],[-1.240889,49.308003],[-1.240961,49.307837],[-1.241011,49.307847],[-1.241095,49.307863],[-1.241092,49.30787],[-1.241185,49.307887],[-1.241206,49.307883],[-1.241247,49.307892],[-1.241246,49.307898],[-1.241336,49.307916],[-1.241339,49.30791],[-1.241418,49.307926],[-1.241472,49.307935],[-1.241433,49.308027],[-1.241491,49.308037],[-1.241425,49.308195]]]}},{"type":"Feature","properties":{},"geometry":{"type":"Polygon","coordinates":[[[-1.24722,49.303457],[-1.247273,49.303528],[-1.247226,49.303547],[-1.24727,49.303605],[-1.247286,49.3036],[-1.247324,49.303649],[-1.247281,49.303663],[-1.247297,49.303684],[-1.247341,49.30367],[-1.247345,49.303677],[-1.247572,49.303604],[-1.247569,49.303599],[-1.247598,49.303587],[-1.247643,49.303568],[-1.247633,49.30356],[-1.247742,49.303492],[-1.247706,49.303463],[-1.247602,49.303528],[-1.247597,49.303522],[-1.247544,49.303541],[-1.24753,49.303546],[-1.247348,49.303605],[-1.247293,49.303524],[-1.247305,49.30351],[-1.247304,49.3035],[-1.2473,49.303496],[-1.247257,49.303439],[-1.24722,49.303457]]]}},{"type":"Feature","properties":{},"geometry":{"type":"Polygon","coordinates":[[[-1.25526,49.292446],[-1.255322,49.292393],[-1.255386,49.29234],[-1.255448,49.292288],[-1.255514,49.292233],[-1.255548,49.29225],[-1.255612,49.292196],[-1.255646,49.292214],[-1.25571,49.29216],[-1.255744,49.292178],[-1.255808,49.292125],[-1.255873,49.292071],[-1.255937,49.292016],[-1.25584,49.291968],[-1.255775,49.292021],[-1.255712,49.292075],[-1.255647,49.292127],[-1.255614,49.292109],[-1.255613,49.292111],[-1.255549,49.292164],[-1.255516,49.292147],[-1.255451,49.292201],[-1.255417,49.292184],[-1.255352,49.292238],[-1.255289,49.292291],[-1.255225,49.292344],[-1.255163,49.292397],[-1.25526,49.292446]]]}},{"type":"Feature","properties":{},"geometry":{"type":"Polygon","coordinates":[[[-1.2429997,49.3087048],[-1.2429699,49.308772],[-1.2430659,49.30879],[-1.2430677,49.3087858],[-1.2431829,49.3088075],[-1.2431809,49.3088119],[-1.2433778,49.3088489],[-1.2434075,49.3087819],[-1.2434004,49.3087806],[-1.2434341,49.3087045],[-1.2434411,49.3087058],[-1.2434969,49.3085796],[-1.243393,49.30856],[-1.2433919,49.3085625],[-1.2432788,49.3085412],[-1.2432808,49.3085368],[-1.2430679,49.3084967],[-1.2430384,49.3085634],[-1.2432142,49.3085965],[-1.2432169,49.3085904],[-1.2432543,49.3085974],[-1.2432588,49.3085873],[-1.2433729,49.3086088],[-1.2433492,49.3086623],[-1.243359,49.3086641],[-1.2433481,49.3086887],[-1.2433637,49.3086916],[-1.2433301,49.3087676],[-1.243248,49.3087521],[-1.243245,49.3087587],[-1.2432074,49.3087516],[-1.2432029,49.3087616],[-1.2430897,49.3087403],[-1.2430945,49.3087295],[-1.2430559,49.3087222],[-1.2430587,49.3087159],[-1.2429997,49.3087048]]]}},{"type":"Feature","properties":{},"geometry":{"type":"Polygon","coordinates":[[[-1.2426587,49.3087403],[-1.2426884,49.3086733],[-1.2426271,49.3086617],[-1.2426242,49.3086684],[-1.2425873,49.3086615],[-1.2425831,49.308671],[-1.2424697,49.3086496],[-1.242474,49.3086399],[-1.2424367,49.3086329],[-1.2424398,49.308626],[-1.2423582,49.3086106],[-1.2423921,49.3085343],[-1.2424177,49.3085391],[-1.242452,49.3084617],[-1.2425655,49.3084831],[-1.242561,49.3084932],[-1.2425993,49.3085004],[-1.2425964,49.3085069],[-1.2426562,49.3085182],[-1.2426858,49.3084513],[-1.2425879,49.3084329],[-1.2425861,49.308437],[-1.2424715,49.3084154],[-1.2424726,49.3084129],[-1.2423709,49.3083937],[-1.2423148,49.3085202],[-1.2423205,49.3085213],[-1.2422869,49.3085969],[-1.2422832,49.3085962],[-1.2422534,49.3086635],[-1.2424475,49.3087001],[-1.2424492,49.3086961],[-1.242562,49.3087174],[-1.24256,49.3087217],[-1.2426587,49.3087403]]]}},{"type":"Feature","properties":{},"geometry":{"type":"Polygon","coordinates":[[[-1.2428021,49.308191],[-1.2429047,49.3082103],[-1.2429326,49.3081472],[-1.242926,49.3081459],[-1.2429426,49.3081085],[-1.242949,49.3081097],[-1.2429773,49.3080458],[-1.2428736,49.3080263],[-1.2428726,49.3080285],[-1.2427574,49.3080069],[-1.2427594,49.3080025],[-1.2425657,49.3079661],[-1.2425361,49.3080329],[-1.2425402,49.3080337],[-1.2425071,49.3081087],[-1.2425008,49.3081075],[-1.2424728,49.3081706],[-1.2425752,49.3081899],[-1.2425923,49.3081512],[-1.2425827,49.3081494],[-1.2425937,49.3081244],[-1.2425778,49.3081214],[-1.2426108,49.3080469],[-1.242693,49.3080623],[-1.2426958,49.3080561],[-1.2427327,49.3080631],[-1.2427371,49.3080533],[-1.2428532,49.3080751],[-1.2428463,49.3080905],[-1.2428719,49.3080953],[-1.2428556,49.3081321],[-1.2428398,49.3081291],[-1.2428287,49.3081541],[-1.2428192,49.3081524],[-1.2428021,49.308191]]]}},{"type":"Feature","properties":{},"geometry":{"type":"Polygon","coordinates":[[[-1.2432169,49.3081625],[-1.2433927,49.3081955],[-1.2433955,49.3081892],[-1.2434329,49.3081962],[-1.2434373,49.3081863],[-1.2435505,49.3082076],[-1.2435267,49.3082613],[-1.243537,49.3082632],[-1.2435263,49.3082875],[-1.2435418,49.3082904],[-1.2435081,49.3083665],[-1.2434263,49.3083511],[-1.2434234,49.3083575],[-1.2433859,49.3083504],[-1.2433816,49.3083601],[-1.2432683,49.3083388],[-1.2432731,49.308328],[-1.2432343,49.3083207],[-1.2432371,49.3083144],[-1.2431779,49.3083033],[-1.2431484,49.30837],[-1.2432448,49.3083882],[-1.2432465,49.3083845],[-1.2433614,49.3084061],[-1.2433594,49.3084106],[-1.2435533,49.3084471],[-1.2435836,49.3083785],[-1.2435795,49.3083777],[-1.2436123,49.3083037],[-1.2436191,49.308305],[-1.2436749,49.3081787],[-1.2435708,49.3081591],[-1.2435698,49.3081614],[-1.243457,49.3081401],[-1.2434591,49.3081355],[-1.2432465,49.3080955],[-1.2432169,49.3081625]]]}},{"type":"Feature","properties":{},"geometry":{"type":"Polygon","coordinates":[[[-1.255844,49.314995],[-1.255913,49.315056],[-1.255952,49.315074],[-1.255982,49.315078],[-1.256008,49.315076],[-1.256028,49.315049],[-1.256022,49.315015],[-1.256005,49.314986],[-1.255964,49.314946],[-1.256004,49.31493],[-1.256031,49.314959],[-1.256077,49.31494],[-1.256049,49.314909],[-1.2564,49.314763],[-1.25628,49.314636],[-1.256223,49.314577],[-1.25611,49.314464],[-1.25558,49.314681],[-1.255539,49.314643],[-1.255484,49.314666],[-1.255521,49.314706],[-1.255508,49.314711],[-1.255433,49.314632],[-1.255357,49.314554],[-1.255121,49.314651],[-1.255376,49.314915],[-1.255487,49.315029],[-1.255563,49.315109],[-1.255844,49.314995]]]}},{"type":"Feature","properties":{},"geometry":{"type":"Polygon","coordinates":[[[-1.244781,49.305074],[-1.244524,49.30517],[-1.244712,49.305385],[-1.244657,49.305432],[-1.244655,49.305434],[-1.244699,49.305454],[-1.244766,49.305392],[-1.244922,49.305464],[-1.244935,49.30545],[-1.244939,49.30543],[-1.244916,49.305406],[-1.244978,49.305339],[-1.244984,49.305319],[-1.245033,49.30527],[-1.244953,49.305233],[-1.244907,49.305276],[-1.244918,49.305282],[-1.244906,49.305291],[-1.244888,49.305293],[-1.244839,49.305338],[-1.244685,49.305163],[-1.244798,49.305122],[-1.244942,49.305001],[-1.244947,49.304968],[-1.24514,49.30498],[-1.245149,49.304929],[-1.245154,49.304897],[-1.244958,49.304883],[-1.244887,49.304976],[-1.244781,49.305074]]]}},{"type":"Feature","properties":{},"geometry":{"type":"Polygon","coordinates":[[[-1.256563,49.297292],[-1.256548,49.297287],[-1.256523,49.297315],[-1.25666,49.297365],[-1.256695,49.297325],[-1.256667,49.297313],[-1.256687,49.29729],[-1.256708,49.297266],[-1.256737,49.297277],[-1.256772,49.297238],[-1.25681,49.297196],[-1.25678,49.297185],[-1.256802,49.297161],[-1.256756,49.297143],[-1.256777,49.297119],[-1.256807,49.29713],[-1.256841,49.297092],[-1.256714,49.297043],[-1.256705,49.29704],[-1.256682,49.297065],[-1.256695,49.29707],[-1.256663,49.297108],[-1.256709,49.297126],[-1.256676,49.297164],[-1.256661,49.297158],[-1.256639,49.297184],[-1.256615,49.297211],[-1.25663,49.297217],[-1.256596,49.297255],[-1.256563,49.297292]]]}},{"type":"Feature","properties":{},"geometry":{"type":"Polygon","coordinates":[[[-1.2462916,49.3036654],[-1.2462816,49.3036704],[-1.2463536,49.3037324],[-1.2463596,49.3037384],[-1.2466266,49.3035954],[-1.2465546,49.3035344],[-1.2463826,49.3036184],[-1.2462406,49.3035104],[-1.2462516,49.3035044],[-1.2461806,49.3034504],[-1.2461696,49.3034564],[-1.2458056,49.3031784],[-1.2458046,49.3031664],[-1.2459179,49.3031031],[-1.2462376,49.3029244],[-1.2461416,49.3028474],[-1.2460316,49.3029074],[-1.2460416,49.3029144],[-1.24583,49.3030318],[-1.2456216,49.3031474],[-1.2456086,49.3031414],[-1.2455256,49.3031874],[-1.2455006,49.3032024],[-1.2456016,49.3032784],[-1.2457066,49.3032214],[-1.2460816,49.3035054],[-1.2459766,49.3035654],[-1.2460246,49.3036024],[-1.246123,49.303559],[-1.2461316,49.3035424],[-1.2461536,49.3035594],[-1.2462916,49.3036654]]]}},{"type":"Feature","properties":{},"geometry":{"type":"Polygon","coordinates":[[[-1.256535,49.300713],[-1.256618,49.300697],[-1.256624,49.300708],[-1.256706,49.300693],[-1.256712,49.300707],[-1.256796,49.300691],[-1.256883,49.300677],[-1.25685,49.300593],[-1.256825,49.300597],[-1.256819,49.300584],[-1.256777,49.300592],[-1.256782,49.300606],[-1.256762,49.300609],[-1.256738,49.300613],[-1.256734,49.3006],[-1.256691,49.300607],[-1.256696,49.300621],[-1.256675,49.300624],[-1.25667,49.30061],[-1.256652,49.300612],[-1.256648,49.300601],[-1.256602,49.300608],[-1.256607,49.300622],[-1.25659,49.300625],[-1.256571,49.300628],[-1.256566,49.300615],[-1.256521,49.300623],[-1.256526,49.300636],[-1.256506,49.30064],[-1.256535,49.300713]]]}},{"type":"Feature","properties":{},"geometry":{"type":"Polygon","coordinates":[[[-1.261017,49.308869],[-1.261276,49.30895],[-1.261371,49.308817],[-1.261432,49.308833],[-1.261575,49.308642],[-1.261253,49.308543],[-1.261017,49.308869]]]}},{"type":"Feature","properties":{},"geometry":{"type":"Polygon","coordinates":[[[-1.25613,49.3058613],[-1.2562811,49.3060032],[-1.2564361,49.305915],[-1.2564105,49.3058909],[-1.256631,49.3057897],[-1.2565156,49.3056849],[-1.2561982,49.3058306],[-1.2561961,49.305829],[-1.25613,49.3058613]]]}},{"type":"Feature","properties":{},"geometry":{"type":"Polygon","coordinates":[[[-1.239858,49.304673],[-1.239971,49.304686],[-1.239866,49.304617],[-1.239858,49.304673]]]}},{"type":"Feature","properties":{},"geometry":{"type":"Polygon","coordinates":[[[-1.261001,49.308657],[-1.260477,49.3085],[-1.260455,49.308501],[-1.260076,49.309033],[-1.260612,49.309196],[-1.261001,49.308657]]]}},{"type":"Feature","properties":{},"geometry":{"type":"Polygon","coordinates":[[[-1.251808,49.306332],[-1.251827,49.306338],[-1.251847,49.306311],[-1.25179,49.306293],[-1.251746,49.306313],[-1.251727,49.306339],[-1.251631,49.306468],[-1.251679,49.306503],[-1.251808,49.306332]]]}},{"type":"Feature","properties":{},"geometry":{"type":"Polygon","coordinates":[[[-1.2524361,49.3064117],[-1.2525447,49.3063716],[-1.2524683,49.3062836],[-1.2523597,49.3063237],[-1.2524361,49.3064117]]]}},{"type":"Feature","properties":{},"geometry":{"type":"Polygon","coordinates":[[[-1.242217,49.3081226],[-1.2423191,49.3081419],[-1.2423472,49.3080789],[-1.2423405,49.3080776],[-1.242374,49.3080023],[-1.2423778,49.308003],[-1.2424074,49.3079363],[-1.2422132,49.3078996],[-1.2422114,49.3079037],[-1.2420971,49.3078821],[-1.2420983,49.3078794],[-1.2419956,49.30786],[-1.2419395,49.3079864],[-1.2419456,49.3079875],[-1.2419126,49.3080618],[-1.2419058,49.3080606],[-1.2418776,49.308124],[-1.24198,49.3081433],[-1.2419975,49.3081038],[-1.2419876,49.3081019],[-1.2419982,49.3080779],[-1.2419829,49.308075],[-1.2420158,49.3080008],[-1.2420314,49.3080038],[-1.2420422,49.3079794],[-1.2420517,49.3079812],[-1.2420755,49.3079276],[-1.2421919,49.3079496],[-1.2421872,49.30796],[-1.2422245,49.3079671],[-1.2422218,49.3079732],[-1.242304,49.3079887],[-1.2422708,49.3080635],[-1.2422551,49.3080605],[-1.242244,49.3080855],[-1.2422343,49.3080837],[-1.242217,49.3081226]]]}},{"type":"Feature","properties":{},"geometry":{"type":"Polygon","coordinates":[[[-1.256513,49.302074],[-1.256476,49.301981],[-1.256397,49.301994],[-1.256409,49.302031],[-1.256357,49.30204],[-1.256358,49.302048],[-1.256309,49.302056],[-1.256296,49.302021],[-1.256213,49.302034],[-1.256139,49.302046],[-1.256154,49.302082],[-1.256098,49.302091],[-1.256101,49.302099],[-1.256051,49.302108],[-1.256036,49.302071],[-1.255958,49.302084],[-1.255878,49.302096],[-1.25589,49.302133],[-1.25584,49.302142],[-1.255786,49.30215],[-1.255772,49.302113],[-1.255692,49.302126],[-1.255729,49.302221],[-1.255857,49.302199],[-1.255992,49.302177],[-1.256122,49.302156],[-1.25612,49.302148],[-1.256249,49.302126],[-1.256379,49.302104],[-1.256376,49.302096],[-1.256513,49.302074]]]}},{"type":"Feature","properties":{},"geometry":{"type":"Polygon","coordinates":[[[-1.258252,49.301614],[-1.258281,49.301609],[-1.258293,49.301643],[-1.258267,49.301647],[-1.258279,49.301683],[-1.258251,49.301687],[-1.25827,49.30174],[-1.258417,49.301718],[-1.258394,49.301663],[-1.258366,49.301668],[-1.258351,49.301633],[-1.258381,49.301628],[-1.258367,49.301596],[-1.258397,49.30159],[-1.258375,49.301539],[-1.258357,49.301488],[-1.258328,49.301492],[-1.258315,49.301455],[-1.258342,49.301451],[-1.25833,49.301418],[-1.258358,49.301414],[-1.25834,49.301362],[-1.258195,49.301384],[-1.258215,49.301436],[-1.258241,49.301432],[-1.258254,49.301465],[-1.258227,49.30147],[-1.258241,49.301506],[-1.258214,49.30151],[-1.258233,49.301561],[-1.258252,49.301614]]]}},{"type":"Feature","properties":{},"geometry":{"type":"Polygon","coordinates":[[[-1.245229,49.300202],[-1.245314,49.300256],[-1.245329,49.300246],[-1.245362,49.300267],[-1.245347,49.300277],[-1.24544,49.300336],[-1.245459,49.300322],[-1.245582,49.300329],[-1.24558,49.300342],[-1.245807,49.300356],[-1.245809,49.300341],[-1.245851,49.300344],[-1.245849,49.300357],[-1.245983,49.300366],[-1.245981,49.300351],[-1.246046,49.300323],[-1.246058,49.300335],[-1.246155,49.300292],[-1.246143,49.300279],[-1.246216,49.300247],[-1.246228,49.300259],[-1.246322,49.300219],[-1.246309,49.300207],[-1.246345,49.300191],[-1.246357,49.300202],[-1.246452,49.300162],[-1.24638,49.300091],[-1.245948,49.300279],[-1.245498,49.300255],[-1.245318,49.300141],[-1.245229,49.300202]]]}},{"type":"Feature","properties":{},"geometry":{"type":"Polygon","coordinates":[[[-1.255156,49.307959],[-1.255212,49.307965],[-1.255214,49.307958],[-1.255235,49.307961],[-1.255233,49.307968],[-1.255266,49.307972],[-1.255282,49.307904],[-1.25518,49.307891],[-1.255175,49.307906],[-1.255132,49.3079],[-1.255093,49.307896],[-1.255097,49.307881],[-1.254989,49.307868],[-1.254987,49.307874],[-1.254946,49.307868],[-1.254949,49.307857],[-1.254848,49.307843],[-1.254826,49.307912],[-1.254857,49.307916],[-1.25486,49.307907],[-1.25488,49.30791],[-1.254878,49.307918],[-1.254934,49.307925],[-1.254971,49.30793],[-1.254969,49.307937],[-1.254999,49.307941],[-1.255001,49.307934],[-1.255023,49.307936],[-1.255021,49.307943],[-1.255079,49.30795],[-1.255117,49.307954],[-1.255156,49.307959]]]}},{"type":"Feature","properties":{},"geometry":{"type":"Polygon","coordinates":[[[-1.256294,49.30982],[-1.256397,49.309781],[-1.256375,49.309757],[-1.256311,49.309781],[-1.256161,49.309608],[-1.256108,49.309605],[-1.256078,49.309598],[-1.256032,49.309577],[-1.256012,49.309558],[-1.255998,49.309537],[-1.255992,49.309493],[-1.255997,49.309476],[-1.256021,49.309447],[-1.255845,49.309251],[-1.255894,49.30923],[-1.255872,49.309206],[-1.255782,49.309241],[-1.255972,49.309452],[-1.255951,49.309481],[-1.255944,49.309509],[-1.255949,49.309541],[-1.255972,49.309575],[-1.256006,49.3096],[-1.256038,49.309615],[-1.256065,49.309623],[-1.256123,49.309631],[-1.256294,49.30982]]]}},{"type":"Feature","properties":{},"geometry":{"type":"Polygon","coordinates":[[[-1.259037,49.309169],[-1.259063,49.309148],[-1.259094,49.309162],[-1.259128,49.30913],[-1.259096,49.309116],[-1.259795,49.308451],[-1.259835,49.308469],[-1.259878,49.308428],[-1.259838,49.30841],[-1.259862,49.308387],[-1.259176,49.308078],[-1.258352,49.308862],[-1.258384,49.308877],[-1.258336,49.30892],[-1.258579,49.309036],[-1.25856,49.309053],[-1.258579,49.309069],[-1.258546,49.3091],[-1.258781,49.309208],[-1.258772,49.309217],[-1.258835,49.309246],[-1.258868,49.309215],[-1.258899,49.309229],[-1.25892,49.30921],[-1.258906,49.309204],[-1.258925,49.309187],[-1.259022,49.309232],[-1.258984,49.309269],[-1.259083,49.309314],[-1.259173,49.309231],[-1.259072,49.309184],[-1.259037,49.309169]]]}},{"type":"Feature","properties":{},"geometry":{"type":"Polygon","coordinates":[[[-1.257015,49.291676],[-1.257164,49.291752],[-1.257193,49.291728],[-1.257339,49.291803],[-1.257362,49.291784],[-1.257397,49.291801],[-1.25729,49.29189],[-1.257239,49.291931],[-1.25718,49.2919],[-1.257148,49.291926],[-1.257116,49.291953],[-1.25714,49.291965],[-1.257056,49.292036],[-1.257139,49.292078],[-1.257254,49.291981],[-1.257292,49.292],[-1.257374,49.291931],[-1.257455,49.291863],[-1.25748,49.291875],[-1.257512,49.291849],[-1.257544,49.291823],[-1.257483,49.291791],[-1.257535,49.291749],[-1.257453,49.291706],[-1.2574,49.291749],[-1.257298,49.291695],[-1.257319,49.291679],[-1.257277,49.291657],[-1.257236,49.291636],[-1.257188,49.291676],[-1.257081,49.291621],[-1.257015,49.291676]]]}},{"type":"Feature","properties":{},"geometry":{"type":"Polygon","coordinates":[[[-1.244208,49.30574],[-1.244209,49.30588],[-1.244273,49.305878],[-1.244274,49.305899],[-1.244384,49.305897],[-1.244386,49.305896],[-1.244384,49.305876],[-1.244455,49.305875],[-1.244458,49.30589],[-1.244495,49.305889],[-1.244495,49.305874],[-1.244544,49.305872],[-1.244618,49.3059],[-1.24466,49.305873],[-1.244664,49.305861],[-1.244605,49.305843],[-1.244603,49.305815],[-1.244638,49.305814],[-1.244642,49.305808],[-1.244641,49.305776],[-1.244637,49.305774],[-1.244606,49.305775],[-1.244603,49.305773],[-1.244602,49.305737],[-1.244513,49.305737],[-1.244512,49.305771],[-1.244435,49.305773],[-1.244433,49.305732],[-1.244347,49.305735],[-1.244348,49.305771],[-1.244248,49.305772],[-1.244249,49.305739],[-1.244208,49.30574]]]}},{"type":"Feature","properties":{},"geometry":{"type":"Polygon","coordinates":[[[-1.252157,49.294535],[-1.252216,49.294479],[-1.252276,49.294423],[-1.252335,49.294367],[-1.252393,49.294313],[-1.252364,49.2943],[-1.252425,49.294244],[-1.252486,49.294189],[-1.252546,49.294132],[-1.252426,49.294078],[-1.252403,49.2941],[-1.25241,49.294103],[-1.252373,49.294138],[-1.252337,49.294172],[-1.252329,49.294168],[-1.252307,49.294188],[-1.252284,49.294211],[-1.252292,49.294214],[-1.252256,49.294249],[-1.252283,49.294261],[-1.252246,49.294297],[-1.252236,49.294293],[-1.252215,49.294313],[-1.252193,49.294334],[-1.252201,49.294338],[-1.252165,49.294372],[-1.252127,49.294408],[-1.252119,49.294403],[-1.252097,49.294424],[-1.252074,49.294445],[-1.252082,49.294449],[-1.252045,49.294484],[-1.252157,49.294535]]]}},{"type":"Feature","properties":{},"geometry":{"type":"Polygon","coordinates":[[[-1.256855,49.292142],[-1.256921,49.292088],[-1.256855,49.292054],[-1.256874,49.292038],[-1.256832,49.292016],[-1.256791,49.291995],[-1.256745,49.292034],[-1.256681,49.292002],[-1.256547,49.291933],[-1.256574,49.29191],[-1.256606,49.291927],[-1.256719,49.291832],[-1.256753,49.291849],[-1.256838,49.29178],[-1.256756,49.291737],[-1.256704,49.29178],[-1.256643,49.291748],[-1.256609,49.291775],[-1.256578,49.291802],[-1.256603,49.291814],[-1.256525,49.291884],[-1.256457,49.29185],[-1.256395,49.291906],[-1.256459,49.291937],[-1.256412,49.291978],[-1.256452,49.291997],[-1.256495,49.292019],[-1.256511,49.292005],[-1.256615,49.292056],[-1.256721,49.292111],[-1.256734,49.2921],[-1.25675,49.292087],[-1.256767,49.292096],[-1.256855,49.292142]]]}},{"type":"Feature","properties":{},"geometry":{"type":"Polygon","coordinates":[[[-1.253191,49.302136],[-1.253203,49.302143],[-1.253144,49.302185],[-1.253128,49.302177],[-1.253007,49.302259],[-1.253021,49.302267],[-1.252959,49.302309],[-1.252945,49.302302],[-1.252825,49.302382],[-1.252839,49.30239],[-1.252808,49.302411],[-1.252885,49.302462],[-1.252901,49.302453],[-1.252901,49.302433],[-1.253025,49.30235],[-1.253053,49.302352],[-1.253087,49.302327],[-1.253089,49.302308],[-1.253206,49.302229],[-1.253235,49.302228],[-1.25327,49.302205],[-1.253268,49.302187],[-1.253362,49.302124],[-1.253286,49.302075],[-1.253191,49.302136]]]}},{"type":"Feature","properties":{},"geometry":{"type":"Polygon","coordinates":[[[-1.246358,49.300679],[-1.246369,49.300597],[-1.246319,49.300595],[-1.246318,49.300603],[-1.246156,49.300594],[-1.246156,49.300585],[-1.246064,49.30058],[-1.246063,49.300589],[-1.245902,49.300581],[-1.245902,49.300571],[-1.245855,49.300569],[-1.245854,49.300578],[-1.24577,49.300573],[-1.245771,49.300564],[-1.245682,49.30056],[-1.245681,49.300568],[-1.245598,49.300565],[-1.245599,49.300555],[-1.245553,49.300553],[-1.245552,49.300562],[-1.245389,49.300553],[-1.245389,49.300545],[-1.245341,49.300543],[-1.245341,49.300551],[-1.24529,49.300549],[-1.245208,49.300497],[-1.245218,49.30049],[-1.245155,49.30045],[-1.245145,49.300456],[-1.24503,49.30038],[-1.245037,49.300375],[-1.245004,49.300354],[-1.244916,49.300412],[-1.24524,49.300618],[-1.246358,49.300679]]]}},{"type":"Feature","properties":{},"geometry":{"type":"Polygon","coordinates":[[[-1.256021,49.309447],[-1.255997,49.309476],[-1.255992,49.309493],[-1.255998,49.309537],[-1.256012,49.309558],[-1.256032,49.309577],[-1.256078,49.309598],[-1.256108,49.309605],[-1.256161,49.309608],[-1.256311,49.309781],[-1.256375,49.309757],[-1.256568,49.309683],[-1.256534,49.309644],[-1.256781,49.309551],[-1.256767,49.309535],[-1.256771,49.309534],[-1.256667,49.309416],[-1.256671,49.309415],[-1.256774,49.309532],[-1.256845,49.309506],[-1.256742,49.309388],[-1.256812,49.309362],[-1.2566,49.309121],[-1.256453,49.309175],[-1.256349,49.309061],[-1.255894,49.30923],[-1.255845,49.309251],[-1.256021,49.309447]]]}},{"type":"Feature","properties":{},"geometry":{"type":"Polygon","coordinates":[[[-1.242768,49.302936],[-1.242658,49.30293],[-1.242657,49.302868],[-1.24255,49.302882],[-1.242484,49.302896],[-1.242483,49.302904],[-1.242436,49.302906],[-1.242315,49.302942],[-1.242296,49.302964],[-1.242307,49.302993],[-1.242326,49.303003],[-1.242786,49.303029],[-1.242769,49.30295],[-1.242768,49.302936]]]}},{"type":"Feature","properties":{},"geometry":{"type":"Polygon","coordinates":[[[-1.255442,49.300654],[-1.255419,49.300658],[-1.255414,49.300645],[-1.255373,49.300651],[-1.255376,49.300665],[-1.255358,49.300667],[-1.255338,49.300671],[-1.255333,49.300659],[-1.255288,49.300665],[-1.255293,49.300679],[-1.255274,49.300682],[-1.25527,49.300671],[-1.25525,49.300674],[-1.255245,49.300662],[-1.2552,49.300669],[-1.255205,49.300683],[-1.255188,49.300685],[-1.255165,49.300688],[-1.255161,49.300677],[-1.255115,49.300683],[-1.255119,49.300697],[-1.255102,49.3007],[-1.255081,49.300704],[-1.255076,49.300691],[-1.255033,49.300698],[-1.255039,49.30071],[-1.255016,49.300714],[-1.255049,49.300798],[-1.255135,49.300783],[-1.255131,49.300773],[-1.255216,49.300759],[-1.255298,49.300744],[-1.255303,49.300755],[-1.255388,49.300739],[-1.255471,49.300726],[-1.255442,49.300654]]]}},{"type":"Feature","properties":{},"geometry":{"type":"Polygon","coordinates":[[[-1.256727,49.296497],[-1.25672,49.296504],[-1.256695,49.296534],[-1.256801,49.296572],[-1.256853,49.296513],[-1.256905,49.296454],[-1.256957,49.296394],[-1.256899,49.296372],[-1.256951,49.296314],[-1.257002,49.296254],[-1.256913,49.296221],[-1.256895,49.296214],[-1.256869,49.296244],[-1.256863,49.296252],[-1.256842,49.296244],[-1.256823,49.296265],[-1.256802,49.296287],[-1.256804,49.296288],[-1.256826,49.296296],[-1.256819,49.296303],[-1.256793,49.296334],[-1.25685,49.296355],[-1.256823,49.296385],[-1.256818,49.296393],[-1.256799,49.296386],[-1.256795,49.296385],[-1.256776,49.296407],[-1.256757,49.296427],[-1.25676,49.296429],[-1.256779,49.296438],[-1.256773,49.296444],[-1.256747,49.296473],[-1.256725,49.296465],[-1.256705,49.296487],[-1.256708,49.296488],[-1.256727,49.296497]]]}},{"type":"Feature","properties":{},"geometry":{"type":"Polygon","coordinates":[[[-1.256741,49.296816],[-1.256764,49.296825],[-1.256737,49.296856],[-1.256731,49.296862],[-1.256712,49.296854],[-1.256708,49.296853],[-1.256689,49.296875],[-1.256669,49.296898],[-1.256674,49.2969],[-1.256692,49.296907],[-1.256687,49.296913],[-1.25666,49.296943],[-1.256638,49.296935],[-1.256617,49.296957],[-1.256622,49.296959],[-1.256641,49.296966],[-1.256635,49.296973],[-1.256609,49.297002],[-1.256668,49.297025],[-1.256705,49.29704],[-1.256714,49.297043],[-1.256768,49.296982],[-1.256819,49.296925],[-1.25687,49.296865],[-1.256812,49.296842],[-1.256865,49.296783],[-1.256915,49.296724],[-1.256808,49.296683],[-1.256782,49.296713],[-1.256774,49.296722],[-1.256753,49.296714],[-1.256735,49.296734],[-1.256714,49.296756],[-1.256717,49.296757],[-1.256737,49.296765],[-1.256731,49.296771],[-1.256703,49.296803],[-1.256741,49.296816]]]}},{"type":"Feature","properties":{},"geometry":{"type":"Polygon","coordinates":[[[-1.253529,49.302001],[-1.253541,49.302056],[-1.253561,49.302054],[-1.253573,49.302113],[-1.253556,49.302115],[-1.253578,49.302226],[-1.253596,49.302225],[-1.25361,49.302283],[-1.253591,49.302285],[-1.253614,49.302392],[-1.253634,49.30239],[-1.253646,49.302448],[-1.253629,49.302449],[-1.253642,49.302507],[-1.25375,49.302496],[-1.253738,49.302443],[-1.253756,49.302426],[-1.253749,49.302394],[-1.253724,49.302382],[-1.2537,49.302271],[-1.253717,49.302254],[-1.25371,49.302225],[-1.253686,49.302211],[-1.253662,49.302103],[-1.25368,49.302087],[-1.253672,49.302054],[-1.253651,49.302044],[-1.253639,49.30199],[-1.253529,49.302001]]]}},{"type":"Feature","properties":{},"geometry":{"type":"Polygon","coordinates":[[[-1.259328,49.309275],[-1.259363,49.30929],[-1.259441,49.309215],[-1.259404,49.309199],[-1.259328,49.309275]]]}},{"type":"Feature","properties":{},"geometry":{"type":"Polygon","coordinates":[[[-1.263458,49.285949],[-1.263399,49.285919],[-1.263355,49.285956],[-1.263414,49.285986],[-1.263458,49.285949]]]}},{"type":"Feature","properties":{},"geometry":{"type":"Polygon","coordinates":[[[-1.255996,49.297979],[-1.255764,49.297988],[-1.255772,49.298064],[-1.256003,49.298055],[-1.255996,49.297979]]]}},{"type":"Feature","properties":{},"geometry":{"type":"Polygon","coordinates":[[[-1.25002,49.302274],[-1.250102,49.302218],[-1.250003,49.302156],[-1.249921,49.302212],[-1.25002,49.302274]]]}},{"type":"Feature","properties":{},"geometry":{"type":"Polygon","coordinates":[[[-1.251267,49.304917],[-1.251293,49.304938],[-1.2514,49.304883],[-1.251375,49.304861],[-1.251267,49.304917]]]}},{"type":"Feature","properties":{},"geometry":{"type":"Polygon","coordinates":[[[-1.250907,49.297767],[-1.251,49.297765],[-1.250997,49.29771],[-1.250902,49.297712],[-1.250907,49.297767]]]}},{"type":"Feature","properties":{},"geometry":{"type":"Polygon","coordinates":[[[-1.253185,49.304831],[-1.25323,49.304863],[-1.253293,49.304825],[-1.253251,49.304792],[-1.253185,49.304831]]]}},{"type":"Feature","properties":{},"geometry":{"type":"Polygon","coordinates":[[[-1.247564,49.305757],[-1.247617,49.305754],[-1.247619,49.305683],[-1.247566,49.305683],[-1.247564,49.305757]]]}},{"type":"Feature","properties":{},"geometry":{"type":"Polygon","coordinates":[[[-1.26225,49.295771],[-1.2623061,49.2957448],[-1.262342,49.295728],[-1.26226,49.295654],[-1.262168,49.295698],[-1.26225,49.295771]]]}},{"type":"Feature","properties":{},"geometry":{"type":"Polygon","coordinates":[[[-1.251714,49.305691],[-1.251759,49.305724],[-1.251842,49.305676],[-1.251798,49.305643],[-1.251714,49.305691]]]}},{"type":"Feature","properties":{},"geometry":{"type":"Polygon","coordinates":[[[-1.249462,49.304079],[-1.249356,49.304024],[-1.249298,49.30408],[-1.249386,49.304133],[-1.249462,49.304079]]]}},{"type":"Feature","properties":{},"geometry":{"type":"Polygon","coordinates":[[[-1.256248,49.296353],[-1.256357,49.296356],[-1.256366,49.296277],[-1.256257,49.296273],[-1.256248,49.296353]]]}},{"type":"Feature","properties":{},"geometry":{"type":"Polygon","coordinates":[[[-1.241069,49.306648],[-1.241005,49.306617],[-1.240929,49.30668],[-1.240988,49.306709],[-1.241069,49.306648]]]}},{"type":"Feature","properties":{},"geometry":{"type":"Polygon","coordinates":[[[-1.238711,49.303463],[-1.238658,49.303537],[-1.238908,49.303613],[-1.23896,49.303536],[-1.238711,49.303463]]]}},{"type":"Feature","properties":{},"geometry":{"type":"Polygon","coordinates":[[[-1.252479,49.30777],[-1.25275,49.307663],[-1.252539,49.307432],[-1.252267,49.307538],[-1.252479,49.30777]]]}},{"type":"Feature","properties":{},"geometry":{"type":"Polygon","coordinates":[[[-1.248543,49.303338],[-1.248466,49.303303],[-1.248388,49.303379],[-1.248463,49.303413],[-1.248543,49.303338]]]}},{"type":"Feature","properties":{},"geometry":{"type":"Polygon","coordinates":[[[-1.248792,49.298267],[-1.248773,49.298371],[-1.24887,49.298378],[-1.248889,49.298274],[-1.248792,49.298267]]]}},{"type":"Feature","properties":{},"geometry":{"type":"Polygon","coordinates":[[[-1.25366,49.294963],[-1.253791,49.29483],[-1.253685,49.294786],[-1.253555,49.294919],[-1.25366,49.294963]]]}},{"type":"Feature","properties":{},"geometry":{"type":"Polygon","coordinates":[[[-1.253828,49.30879],[-1.253938,49.308686],[-1.253861,49.308648],[-1.253746,49.308753],[-1.253828,49.30879]]]}},{"type":"Feature","properties":{},"geometry":{"type":"Polygon","coordinates":[[[-1.244382,49.303008],[-1.244385,49.302983],[-1.244241,49.302992],[-1.24424,49.303015],[-1.244382,49.303008]]]}},{"type":"Feature","properties":{},"geometry":{"type":"Polygon","coordinates":[[[-1.260449,49.293714],[-1.260325,49.293604],[-1.26023,49.29365],[-1.260354,49.29376],[-1.260449,49.293714]]]}},{"type":"Feature","properties":{},"geometry":{"type":"Polygon","coordinates":[[[-1.2400432,49.2972062],[-1.2398906,49.2971946],[-1.2398826,49.2972396],[-1.2400351,49.2972512],[-1.2400432,49.2972062]]]}},{"type":"Feature","properties":{},"geometry":{"type":"Polygon","coordinates":[[[-1.241122,49.306776],[-1.241232,49.306728],[-1.241133,49.30668],[-1.241056,49.306743],[-1.241122,49.306776]]]}},{"type":"Feature","properties":{},"geometry":{"type":"Polygon","coordinates":[[[-1.25456,49.30542],[-1.254501,49.305377],[-1.254363,49.305457],[-1.254423,49.3055],[-1.25456,49.30542]]]}},{"type":"Feature","properties":{},"geometry":{"type":"Polygon","coordinates":[[[-1.239401,49.304132],[-1.239277,49.304051],[-1.239183,49.304112],[-1.239308,49.304193],[-1.239401,49.304132]]]}},{"type":"Feature","properties":{},"geometry":{"type":"Polygon","coordinates":[[[-1.254316,49.295796],[-1.254355,49.295741],[-1.254284,49.295721],[-1.254238,49.295772],[-1.254316,49.295796]]]}},{"type":"Feature","properties":{},"geometry":{"type":"Polygon","coordinates":[[[-1.2404,49.2976192],[-1.2405122,49.2976222],[-1.2405197,49.2975053],[-1.2404075,49.2975022],[-1.2404,49.2976192]]]}},{"type":"Feature","properties":{},"geometry":{"type":"Polygon","coordinates":[[[-1.241563,49.306481],[-1.241589,49.306474],[-1.241483,49.306295],[-1.241458,49.306302],[-1.241563,49.306481]]]}},{"type":"Feature","properties":{},"geometry":{"type":"Polygon","coordinates":[[[-1.254315,49.305845],[-1.254248,49.30579],[-1.25415,49.305842],[-1.254217,49.305897],[-1.254315,49.305845]]]}},{"type":"Feature","properties":{},"geometry":{"type":"Polygon","coordinates":[[[-1.247347,49.300477],[-1.247342,49.300507],[-1.247463,49.300516],[-1.247468,49.300485],[-1.247347,49.300477]]]}},{"type":"Feature","properties":{},"geometry":{"type":"Polygon","coordinates":[[[-1.245765,49.305178],[-1.245779,49.305137],[-1.245671,49.305116],[-1.245653,49.30516],[-1.245765,49.305178]]]}},{"type":"Feature","properties":{},"geometry":{"type":"Polygon","coordinates":[[[-1.2386354,49.3097178],[-1.2386211,49.3096716],[-1.2384694,49.3096916],[-1.2384837,49.3097378],[-1.2386354,49.3097178]]]}},{"type":"Feature","properties":{},"geometry":{"type":"Polygon","coordinates":[[[-1.260587,49.294815],[-1.260546,49.294762],[-1.260471,49.294787],[-1.260512,49.29484],[-1.260587,49.294815]]]}},{"type":"Feature","properties":{},"geometry":{"type":"Polygon","coordinates":[[[-1.243011,49.302851],[-1.242946,49.302852],[-1.242944,49.302907],[-1.243004,49.302908],[-1.243011,49.302851]]]}},{"type":"Feature","properties":{},"geometry":{"type":"Polygon","coordinates":[[[-1.242953,49.304997],[-1.24307,49.304994],[-1.243065,49.304944],[-1.242948,49.304949],[-1.242953,49.304997]]]}},{"type":"Feature","properties":{},"geometry":{"type":"Polygon","coordinates":[[[-1.235192,49.301964],[-1.235458,49.301944],[-1.235407,49.301716],[-1.235147,49.301735],[-1.235192,49.301964]]]}},{"type":"Feature","properties":{},"geometry":{"type":"Polygon","coordinates":[[[-1.241506,49.295651],[-1.241416,49.295629],[-1.241271,49.295883],[-1.241361,49.295905],[-1.241506,49.295651]]]}},{"type":"Feature","properties":{},"geometry":{"type":"Polygon","coordinates":[[[-1.245532,49.313972],[-1.245657,49.314002],[-1.245677,49.313967],[-1.245553,49.313936],[-1.245532,49.313972]]]}},{"type":"Feature","properties":{},"geometry":{"type":"Polygon","coordinates":[[[-1.265124,49.309045],[-1.26498,49.309016],[-1.264961,49.309056],[-1.265105,49.309085],[-1.265124,49.309045]]]}},{"type":"Feature","properties":{},"geometry":{"type":"Polygon","coordinates":[[[-1.245469,49.3011],[-1.245611,49.301008],[-1.245523,49.300951],[-1.245382,49.301043],[-1.245469,49.3011]]]}},{"type":"Feature","properties":{},"geometry":{"type":"Polygon","coordinates":[[[-1.248216,49.302265],[-1.248278,49.302287],[-1.248332,49.302226],[-1.248271,49.302202],[-1.248216,49.302265]]]}},{"type":"Feature","properties":{},"geometry":{"type":"Polygon","coordinates":[[[-1.254569,49.297754],[-1.254581,49.297674],[-1.254472,49.297666],[-1.254459,49.297746],[-1.254569,49.297754]]]}},{"type":"Feature","properties":{},"geometry":{"type":"Polygon","coordinates":[[[-1.241258,49.305496],[-1.241329,49.30544],[-1.241254,49.305399],[-1.241196,49.305447],[-1.241258,49.305496]]]}},{"type":"Feature","properties":{},"geometry":{"type":"Polygon","coordinates":[[[-1.244982,49.303179],[-1.244943,49.303147],[-1.244842,49.303193],[-1.244891,49.303251],[-1.244982,49.303179]]]}},{"type":"Feature","properties":{},"geometry":{"type":"Polygon","coordinates":[[[-1.242411,49.304579],[-1.242423,49.304628],[-1.242494,49.304621],[-1.242481,49.30457],[-1.242411,49.304579]]]}},{"type":"Feature","properties":{},"geometry":{"type":"Polygon","coordinates":[[[-1.247073,49.301342],[-1.247083,49.301283],[-1.2469,49.301271],[-1.246891,49.30133],[-1.247073,49.301342]]]}},{"type":"Feature","properties":{},"geometry":{"type":"Polygon","coordinates":[[[-1.236945,49.301779],[-1.236987,49.301778],[-1.236992,49.301622],[-1.236939,49.301624],[-1.236945,49.301779]]]}},{"type":"Feature","properties":{},"geometry":{"type":"Polygon","coordinates":[[[-1.255914,49.311292],[-1.255885,49.311193],[-1.255482,49.311242],[-1.25551,49.311342],[-1.255914,49.311292]]]}},{"type":"Feature","properties":{},"geometry":{"type":"Polygon","coordinates":[[[-1.253465,49.292022],[-1.253712,49.291879],[-1.253641,49.291828],[-1.253393,49.291971],[-1.253465,49.292022]]]}},{"type":"Feature","properties":{},"geometry":{"type":"Polygon","coordinates":[[[-1.254619,49.298861],[-1.254691,49.298716],[-1.254517,49.29868],[-1.254445,49.298825],[-1.254619,49.298861]]]}},{"type":"Feature","properties":{},"geometry":{"type":"Polygon","coordinates":[[[-1.249245,49.300709],[-1.249351,49.300716],[-1.249364,49.300629],[-1.249258,49.300621],[-1.249245,49.300709]]]}},{"type":"Feature","properties":{},"geometry":{"type":"Polygon","coordinates":[[[-1.249098,49.312661],[-1.249151,49.312675],[-1.249187,49.312618],[-1.249136,49.312604],[-1.249098,49.312661]]]}},{"type":"Feature","properties":{},"geometry":{"type":"Polygon","coordinates":[[[-1.251839,49.295826],[-1.251903,49.295762],[-1.251761,49.295701],[-1.251698,49.295765],[-1.251839,49.295826]]]}},{"type":"Feature","properties":{},"geometry":{"type":"Polygon","coordinates":[[[-1.2473,49.299404],[-1.247209,49.299399],[-1.247199,49.299467],[-1.24729,49.299472],[-1.2473,49.299404]]]}},{"type":"Feature","properties":{},"geometry":{"type":"Polygon","coordinates":[[[-1.257195,49.2961],[-1.257094,49.296063],[-1.257012,49.296159],[-1.257113,49.296196],[-1.257195,49.2961]]]}},{"type":"Feature","properties":{},"geometry":{"type":"Polygon","coordinates":[[[-1.239349,49.305449],[-1.239195,49.30537],[-1.239111,49.305391],[-1.239301,49.305487],[-1.239349,49.305449]]]}},{"type":"Feature","properties":{},"geometry":{"type":"Polygon","coordinates":[[[-1.253687,49.306058],[-1.253579,49.305978],[-1.253496,49.306026],[-1.253605,49.306104],[-1.253687,49.306058]]]}},{"type":"Feature","properties":{},"geometry":{"type":"Polygon","coordinates":[[[-1.26045,49.300546],[-1.260502,49.300545],[-1.260499,49.300479],[-1.260449,49.30048],[-1.26045,49.300546]]]}},{"type":"Feature","properties":{},"geometry":{"type":"Polygon","coordinates":[[[-1.245321,49.309918],[-1.245125,49.309742],[-1.2450002,49.3098013],[-1.244902,49.309848],[-1.245099,49.310024],[-1.245321,49.309918]]]}},{"type":"Feature","properties":{},"geometry":{"type":"Polygon","coordinates":[[[-1.251806,49.297365],[-1.251874,49.297272],[-1.251755,49.297234],[-1.251686,49.297328],[-1.251806,49.297365]]]}},{"type":"Feature","properties":{},"geometry":{"type":"Polygon","coordinates":[[[-1.259504,49.303922],[-1.259573,49.303918],[-1.259535,49.303753],[-1.259472,49.303759],[-1.259504,49.303922]]]}},{"type":"Feature","properties":{},"geometry":{"type":"Polygon","coordinates":[[[-1.256074,49.307344],[-1.256137,49.307268],[-1.255921,49.307192],[-1.255858,49.307269],[-1.256074,49.307344]]]}},{"type":"Feature","properties":{},"geometry":{"type":"Polygon","coordinates":[[[-1.250674,49.305275],[-1.250728,49.305332],[-1.250782,49.305311],[-1.250727,49.305254],[-1.250674,49.305275]]]}},{"type":"Feature","properties":{},"geometry":{"type":"Polygon","coordinates":[[[-1.253139,49.304968],[-1.253015,49.30504],[-1.253083,49.305091],[-1.253207,49.305019],[-1.253139,49.304968]]]}},{"type":"Feature","properties":{},"geometry":{"type":"Polygon","coordinates":[[[-1.256991,49.306146],[-1.257041,49.306085],[-1.25688,49.306028],[-1.25683,49.306089],[-1.256991,49.306146]]]}},{"type":"Feature","properties":{},"geometry":{"type":"Polygon","coordinates":[[[-1.23954,49.305911],[-1.239477,49.305962],[-1.239567,49.306006],[-1.239628,49.305954],[-1.23954,49.305911]]]}},{"type":"Feature","properties":{},"geometry":{"type":"Polygon","coordinates":[[[-1.254134,49.295493],[-1.254065,49.295551],[-1.254175,49.295605],[-1.254245,49.295546],[-1.254134,49.295493]]]}},{"type":"Feature","properties":{},"geometry":{"type":"Polygon","coordinates":[[[-1.252495,49.30652],[-1.252577,49.306607],[-1.252645,49.30658],[-1.252562,49.306492],[-1.252495,49.30652]]]}},{"type":"Feature","properties":{},"geometry":{"type":"Polygon","coordinates":[[[-1.259295,49.30162],[-1.259124,49.301623],[-1.259127,49.3017],[-1.259298,49.301697],[-1.259295,49.30162]]]}},{"type":"Feature","properties":{},"geometry":{"type":"Polygon","coordinates":[[[-1.247889,49.300329],[-1.247902,49.30024],[-1.2478,49.300234],[-1.247787,49.300323],[-1.247889,49.300329]]]}},{"type":"Feature","properties":{},"geometry":{"type":"Polygon","coordinates":[[[-1.253156,49.299347],[-1.2530569,49.2992791],[-1.2530017,49.299315],[-1.2531038,49.2993826],[-1.253156,49.299347]]]}},{"type":"Feature","properties":{},"geometry":{"type":"Polygon","coordinates":[[[-1.249586,49.299348],[-1.249655,49.29938],[-1.249749,49.299295],[-1.249677,49.299261],[-1.249586,49.299348]]]}},{"type":"Feature","properties":{},"geometry":{"type":"Polygon","coordinates":[[[-1.246235,49.305641],[-1.246316,49.305644],[-1.246322,49.305588],[-1.246242,49.305585],[-1.246235,49.305641]]]}},{"type":"Feature","properties":{},"geometry":{"type":"Polygon","coordinates":[[[-1.254831,49.294954],[-1.254744,49.294903],[-1.254665,49.294961],[-1.254752,49.295012],[-1.254831,49.294954]]]}},{"type":"Feature","properties":{},"geometry":{"type":"Polygon","coordinates":[[[-1.252929,49.308587],[-1.25295,49.30861],[-1.253069,49.308562],[-1.253047,49.308539],[-1.252929,49.308587]]]}},{"type":"Feature","properties":{},"geometry":{"type":"Polygon","coordinates":[[[-1.257693,49.306557],[-1.257749,49.30649],[-1.257586,49.306433],[-1.257532,49.306501],[-1.257693,49.306557]]]}},{"type":"Feature","properties":{},"geometry":{"type":"Polygon","coordinates":[[[-1.2404485,49.2967782],[-1.2405664,49.2967899],[-1.2405913,49.2966827],[-1.2404734,49.296671],[-1.2404485,49.2967782]]]}},{"type":"Feature","properties":{},"geometry":{"type":"Polygon","coordinates":[[[-1.254873,49.305845],[-1.255261,49.305618],[-1.255182,49.30556],[-1.254794,49.305787],[-1.254873,49.305845]]]}},{"type":"Feature","properties":{},"geometry":{"type":"Polygon","coordinates":[[[-1.248071,49.302342],[-1.247999,49.30242],[-1.24804,49.302437],[-1.248113,49.302358],[-1.248071,49.302342]]]}},{"type":"Feature","properties":{},"geometry":{"type":"Polygon","coordinates":[[[-1.239127,49.30435],[-1.239213,49.304294],[-1.23909,49.304215],[-1.239006,49.304271],[-1.239127,49.30435]]]}},{"type":"Feature","properties":{},"geometry":{"type":"Polygon","coordinates":[[[-1.2558393,49.3100906],[-1.2559483,49.3100496],[-1.2559113,49.3100036],[-1.2557973,49.3100456],[-1.2558393,49.3100906]]]}},{"type":"Feature","properties":{},"geometry":{"type":"Polygon","coordinates":[[[-1.247372,49.300298],[-1.247493,49.300305],[-1.247497,49.300276],[-1.247377,49.300268],[-1.247372,49.300298]]]}},{"type":"Feature","properties":{},"geometry":{"type":"Polygon","coordinates":[[[-1.249433,49.301376],[-1.249488,49.301304],[-1.249391,49.301271],[-1.249337,49.30134],[-1.249433,49.301376]]]}},{"type":"Feature","properties":{},"geometry":{"type":"Polygon","coordinates":[[[-1.24732,49.300295],[-1.247333,49.300207],[-1.247225,49.300201],[-1.247213,49.300288],[-1.24732,49.300295]]]}},{"type":"Feature","properties":{},"geometry":{"type":"Polygon","coordinates":[[[-1.25395,49.309177],[-1.254059,49.309133],[-1.253993,49.309062],[-1.253883,49.309106],[-1.25395,49.309177]]]}},{"type":"Feature","properties":{},"geometry":{"type":"Polygon","coordinates":[[[-1.256661,49.30116],[-1.256738,49.301148],[-1.256727,49.30111],[-1.256647,49.301122],[-1.256661,49.30116]]]}},{"type":"Feature","properties":{},"geometry":{"type":"Polygon","coordinates":[[[-1.242611,49.303721],[-1.242655,49.303736],[-1.242717,49.303642],[-1.242666,49.303639],[-1.242611,49.303721]]]}},{"type":"Feature","properties":{},"geometry":{"type":"Polygon","coordinates":[[[-1.241148,49.304445],[-1.241204,49.304447],[-1.241219,49.304392],[-1.241158,49.304388],[-1.241148,49.304445]]]}},{"type":"Feature","properties":{},"geometry":{"type":"Polygon","coordinates":[[[-1.239546,49.311985],[-1.239596,49.311992],[-1.239731,49.311535],[-1.239681,49.311529],[-1.239546,49.311985]]]}},{"type":"Feature","properties":{},"geometry":{"type":"Polygon","coordinates":[[[-1.236163,49.301454],[-1.23628,49.301454],[-1.236287,49.301338],[-1.236169,49.301335],[-1.236163,49.301454]]]}},{"type":"Feature","properties":{},"geometry":{"type":"Polygon","coordinates":[[[-1.243694,49.3009542],[-1.2437417,49.30099],[-1.2438113,49.3009523],[-1.243764,49.3009143],[-1.243694,49.3009542]]]}},{"type":"Feature","properties":{},"geometry":{"type":"Polygon","coordinates":[[[-1.253233,49.291758],[-1.253156,49.2917],[-1.253051,49.29176],[-1.253127,49.291818],[-1.253233,49.291758]]]}},{"type":"Feature","properties":{},"geometry":{"type":"Polygon","coordinates":[[[-1.246718,49.297449],[-1.2468,49.297445],[-1.24679,49.297373],[-1.246708,49.297378],[-1.246718,49.297449]]]}},{"type":"Feature","properties":{},"geometry":{"type":"Polygon","coordinates":[[[-1.249909,49.300686],[-1.249839,49.300665],[-1.249794,49.300732],[-1.249865,49.300751],[-1.249909,49.300686]]]}},{"type":"Feature","properties":{},"geometry":{"type":"Polygon","coordinates":[[[-1.264657,49.308892],[-1.264575,49.308875],[-1.264547,49.308931],[-1.26463,49.308947],[-1.264657,49.308892]]]}},{"type":"Feature","properties":{},"geometry":{"type":"Polygon","coordinates":[[[-1.237526,49.301525],[-1.23751,49.301596],[-1.237571,49.301602],[-1.23759,49.301532],[-1.237526,49.301525]]]}},{"type":"Feature","properties":{},"geometry":{"type":"Polygon","coordinates":[[[-1.247645,49.302703],[-1.247778,49.302503],[-1.24767,49.302472],[-1.247537,49.302672],[-1.247645,49.302703]]]}},{"type":"Feature","properties":{},"geometry":{"type":"Polygon","coordinates":[[[-1.252847,49.318254],[-1.252853,49.318217],[-1.252758,49.318211],[-1.252752,49.318248],[-1.252847,49.318254]]]}},{"type":"Feature","properties":{},"geometry":{"type":"Polygon","coordinates":[[[-1.247016,49.297704],[-1.247118,49.297699],[-1.247101,49.297582],[-1.246999,49.297587],[-1.247016,49.297704]]]}},{"type":"Feature","properties":{},"geometry":{"type":"Polygon","coordinates":[[[-1.24663,49.305257],[-1.246769,49.305279],[-1.246791,49.305214],[-1.246654,49.305194],[-1.24663,49.305257]]]}},{"type":"Feature","properties":{},"geometry":{"type":"Polygon","coordinates":[[[-1.258105,49.311415],[-1.257758,49.311234],[-1.257369,49.311553],[-1.257715,49.311734],[-1.258105,49.311415]]]}},{"type":"Feature","properties":{},"geometry":{"type":"Polygon","coordinates":[[[-1.247516,49.309063],[-1.247679,49.309028],[-1.247637,49.308964],[-1.247483,49.308998],[-1.247516,49.309063]]]}},{"type":"Feature","properties":{},"geometry":{"type":"Polygon","coordinates":[[[-1.253519,49.30686],[-1.25356,49.306896],[-1.253655,49.306847],[-1.253614,49.306813],[-1.253519,49.30686]]]}},{"type":"Feature","properties":{},"geometry":{"type":"Polygon","coordinates":[[[-1.260482,49.312777],[-1.260335,49.312718],[-1.260154,49.312909],[-1.2603,49.312968],[-1.260482,49.312777]]]}},{"type":"Feature","properties":{},"geometry":{"type":"Polygon","coordinates":[[[-1.247696,49.306062],[-1.24749,49.306079],[-1.247529,49.306282],[-1.247736,49.306265],[-1.247696,49.306062]]]}},{"type":"Feature","properties":{},"geometry":{"type":"Polygon","coordinates":[[[-1.250134,49.302457],[-1.250217,49.302409],[-1.250128,49.302344],[-1.250046,49.302391],[-1.250134,49.302457]]]}},{"type":"Feature","properties":{},"geometry":{"type":"Polygon","coordinates":[[[-1.2411329,49.3070793],[-1.2410889,49.3071793],[-1.2412049,49.3072023],[-1.2412499,49.3071013],[-1.2411329,49.3070793]]]}},{"type":"Feature","properties":{},"geometry":{"type":"Polygon","coordinates":[[[-1.255731,49.307813],[-1.255752,49.30774],[-1.255556,49.307715],[-1.255534,49.307789],[-1.255731,49.307813]]]}},{"type":"Feature","properties":{},"geometry":{"type":"Polygon","coordinates":[[[-1.256238,49.298016],[-1.256124,49.298021],[-1.25614,49.298162],[-1.256253,49.298157],[-1.256238,49.298016]]]}},{"type":"Feature","properties":{},"geometry":{"type":"Polygon","coordinates":[[[-1.255685,49.297828],[-1.255678,49.297749],[-1.255569,49.297753],[-1.255576,49.297832],[-1.255685,49.297828]]]}},{"type":"Feature","properties":{},"geometry":{"type":"Polygon","coordinates":[[[-1.259591,49.303338],[-1.259568,49.303257],[-1.259464,49.303266],[-1.259486,49.303347],[-1.259591,49.303338]]]}},{"type":"Feature","properties":{},"geometry":{"type":"Polygon","coordinates":[[[-1.246943,49.302198],[-1.247051,49.302206],[-1.247061,49.302145],[-1.246953,49.302137],[-1.246943,49.302198]]]}},{"type":"Feature","properties":{},"geometry":{"type":"Polygon","coordinates":[[[-1.255569,49.297753],[-1.255461,49.297756],[-1.255467,49.297836],[-1.255576,49.297832],[-1.255569,49.297753]]]}},{"type":"Feature","properties":{},"geometry":{"type":"Polygon","coordinates":[[[-1.251061,49.297037],[-1.251055,49.296949],[-1.250943,49.296952],[-1.250948,49.297039],[-1.251061,49.297037]]]}},{"type":"Feature","properties":{},"geometry":{"type":"Polygon","coordinates":[[[-1.252235,49.30712],[-1.252171,49.307048],[-1.252094,49.307077],[-1.252154,49.307149],[-1.252235,49.30712]]]}},{"type":"Feature","properties":{},"geometry":{"type":"Polygon","coordinates":[[[-1.240913,49.304798],[-1.240931,49.30485],[-1.241036,49.304836],[-1.241023,49.30478],[-1.240913,49.304798]]]}},{"type":"Feature","properties":{},"geometry":{"type":"Polygon","coordinates":[[[-1.255123,49.301885],[-1.255103,49.301831],[-1.254756,49.301885],[-1.254777,49.301942],[-1.255123,49.301885]]]}},{"type":"Feature","properties":{},"geometry":{"type":"Polygon","coordinates":[[[-1.252066,49.30322],[-1.252041,49.303161],[-1.251916,49.303184],[-1.251941,49.303242],[-1.252066,49.30322]]]}},{"type":"Feature","properties":{},"geometry":{"type":"Polygon","coordinates":[[[-1.253893,49.308786],[-1.253933,49.308805],[-1.253994,49.30875],[-1.253953,49.308731],[-1.253893,49.308786]]]}},{"type":"Feature","properties":{},"geometry":{"type":"Polygon","coordinates":[[[-1.255906,49.287964],[-1.256009,49.288004],[-1.256113,49.287892],[-1.256008,49.287864],[-1.255906,49.287964]]]}},{"type":"Feature","properties":{},"geometry":{"type":"Polygon","coordinates":[[[-1.254813,49.300999],[-1.254786,49.300929],[-1.254691,49.300945],[-1.254717,49.301014],[-1.254813,49.300999]]]}},{"type":"Feature","properties":{},"geometry":{"type":"Polygon","coordinates":[[[-1.247292,49.305073],[-1.247311,49.305074],[-1.247368,49.304807],[-1.247347,49.304805],[-1.247292,49.305073]]]}},{"type":"Feature","properties":{},"geometry":{"type":"Polygon","coordinates":[[[-1.257914,49.306871],[-1.257968,49.306809],[-1.257826,49.306759],[-1.257775,49.306821],[-1.257914,49.306871]]]}},{"type":"Feature","properties":{},"geometry":{"type":"Polygon","coordinates":[[[-1.245646,49.305206],[-1.24576,49.305215],[-1.245765,49.305178],[-1.245653,49.30516],[-1.245646,49.305206]]]}},{"type":"Feature","properties":{},"geometry":{"type":"Polygon","coordinates":[[[-1.254929,49.311283],[-1.254773,49.311106],[-1.25466,49.311148],[-1.254817,49.311325],[-1.254929,49.311283]]]}},{"type":"Feature","properties":{},"geometry":{"type":"Polygon","coordinates":[[[-1.2490202,49.2991167],[-1.2491231,49.2990219],[-1.2490348,49.2989811],[-1.2489319,49.299076],[-1.2490202,49.2991167]]]}},{"type":"Feature","properties":{},"geometry":{"type":"Polygon","coordinates":[[[-1.260698,49.29698],[-1.260767,49.296976],[-1.260756,49.296886],[-1.260687,49.29689],[-1.260698,49.29698]]]}},{"type":"Feature","properties":{},"geometry":{"type":"Polygon","coordinates":[[[-1.246803,49.300732],[-1.246813,49.300664],[-1.246621,49.300654],[-1.246611,49.300719],[-1.246803,49.300732]]]}},{"type":"Feature","properties":{},"geometry":{"type":"Polygon","coordinates":[[[-1.234888,49.301982],[-1.234798,49.301578],[-1.234469,49.301608],[-1.234558,49.30201],[-1.234888,49.301982]]]}},{"type":"Feature","properties":{},"geometry":{"type":"Polygon","coordinates":[[[-1.264557,49.295403],[-1.264643,49.295382],[-1.264591,49.295288],[-1.264501,49.295311],[-1.264557,49.295403]]]}},{"type":"Feature","properties":{},"geometry":{"type":"Polygon","coordinates":[[[-1.238943,49.312149],[-1.23901,49.312146],[-1.23896,49.311649],[-1.238893,49.311652],[-1.238943,49.312149]]]}},{"type":"Feature","properties":{},"geometry":{"type":"Polygon","coordinates":[[[-1.265096,49.309245],[-1.265132,49.309182],[-1.265027,49.309155],[-1.264995,49.309218],[-1.265096,49.309245]]]}},{"type":"Feature","properties":{},"geometry":{"type":"Polygon","coordinates":[[[-1.253453,49.288585],[-1.253373,49.288668],[-1.253598,49.288761],[-1.253676,49.288677],[-1.253453,49.288585]]]}},{"type":"Feature","properties":{},"geometry":{"type":"Polygon","coordinates":[[[-1.242317,49.304592],[-1.242325,49.304637],[-1.242423,49.304628],[-1.242411,49.304579],[-1.242317,49.304592]]]}},{"type":"Feature","properties":{},"geometry":{"type":"Polygon","coordinates":[[[-1.248537,49.301259],[-1.248678,49.301303],[-1.248712,49.301262],[-1.248568,49.301217],[-1.248537,49.301259]]]}},{"type":"Feature","properties":{},"geometry":{"type":"Polygon","coordinates":[[[-1.255743,49.312691],[-1.255601,49.312533],[-1.255479,49.312581],[-1.255621,49.312738],[-1.255743,49.312691]]]}},{"type":"Feature","properties":{},"geometry":{"type":"Polygon","coordinates":[[[-1.253427,49.292045],[-1.253465,49.292022],[-1.253393,49.291971],[-1.253355,49.291994],[-1.253427,49.292045]]]}},{"type":"Feature","properties":{},"geometry":{"type":"Polygon","coordinates":[[[-1.255718,49.299703],[-1.255808,49.299686],[-1.255773,49.299606],[-1.255679,49.299624],[-1.255718,49.299703]]]}},{"type":"Feature","properties":{},"geometry":{"type":"Polygon","coordinates":[[[-1.247273,49.299846],[-1.247381,49.299852],[-1.247393,49.299761],[-1.247286,49.299755],[-1.247273,49.299846]]]}},{"type":"Feature","properties":{},"geometry":{"type":"Polygon","coordinates":[[[-1.258573,49.313884],[-1.25862,49.313867],[-1.258572,49.313815],[-1.258524,49.313833],[-1.258573,49.313884]]]}},{"type":"Feature","properties":{},"geometry":{"type":"Polygon","coordinates":[[[-1.2485,49.30444],[-1.248611,49.304433],[-1.2486014,49.304366],[-1.248596,49.304328],[-1.248485,49.304335],[-1.2485,49.30444]]]}},{"type":"Feature","properties":{},"geometry":{"type":"Polygon","coordinates":[[[-1.2431,49.304404],[-1.243138,49.304295],[-1.243066,49.304277],[-1.243002,49.304409],[-1.2431,49.304404]]]}},{"type":"Feature","properties":{},"geometry":{"type":"Polygon","coordinates":[[[-1.245181,49.303637],[-1.2451998,49.3036613],[-1.245215,49.303681],[-1.245283,49.303627],[-1.2452593,49.3036149],[-1.245242,49.303606],[-1.245181,49.303637]]]}},{"type":"Feature","properties":{},"geometry":{"type":"Polygon","coordinates":[[[-1.258939,49.307052],[-1.258838,49.307016],[-1.258715,49.30716],[-1.258817,49.307197],[-1.258939,49.307052]]]}},{"type":"Feature","properties":{},"geometry":{"type":"Polygon","coordinates":[[[-1.246855,49.299545],[-1.24696,49.299551],[-1.246981,49.299418],[-1.246876,49.299411],[-1.246855,49.299545]]]}},{"type":"Feature","properties":{},"geometry":{"type":"Polygon","coordinates":[[[-1.260502,49.300545],[-1.26055,49.300544],[-1.260547,49.300478],[-1.260499,49.300479],[-1.260502,49.300545]]]}},{"type":"Feature","properties":{},"geometry":{"type":"Polygon","coordinates":[[[-1.246776,49.302316],[-1.246703,49.302372],[-1.246791,49.302386],[-1.246861,49.302324],[-1.246776,49.302316]]]}},{"type":"Feature","properties":{},"geometry":{"type":"Polygon","coordinates":[[[-1.236365,49.302532],[-1.23646,49.302526],[-1.23645,49.302449],[-1.236356,49.302454],[-1.236365,49.302532]]]}},{"type":"Feature","properties":{},"geometry":{"type":"Polygon","coordinates":[[[-1.251722,49.305146],[-1.251666,49.305088],[-1.251627,49.305109],[-1.25168,49.305164],[-1.251722,49.305146]]]}},{"type":"Feature","properties":{},"geometry":{"type":"Polygon","coordinates":[[[-1.244959,49.309678],[-1.244896,49.309709],[-1.2450002,49.3098013],[-1.245064,49.309769],[-1.244959,49.309678]]]}},{"type":"Feature","properties":{},"geometry":{"type":"Polygon","coordinates":[[[-1.252279,49.305641],[-1.2522,49.305554],[-1.252114,49.305588],[-1.252193,49.305675],[-1.252279,49.305641]]]}},{"type":"Feature","properties":{},"geometry":{"type":"Polygon","coordinates":[[[-1.258498,49.307208],[-1.258395,49.307172],[-1.258304,49.307281],[-1.258408,49.307316],[-1.258498,49.307208]]]}},{"type":"Feature","properties":{},"geometry":{"type":"Polygon","coordinates":[[[-1.264958,49.28575],[-1.264841,49.28583],[-1.264887,49.285858],[-1.265003,49.285778],[-1.264958,49.28575]]]}},{"type":"Feature","properties":{},"geometry":{"type":"Polygon","coordinates":[[[-1.256117,49.307707],[-1.255957,49.307751],[-1.256003,49.307824],[-1.256164,49.307781],[-1.256117,49.307707]]]}},{"type":"Feature","properties":{},"geometry":{"type":"Polygon","coordinates":[[[-1.253314,49.305848],[-1.25325,49.305802],[-1.253146,49.305864],[-1.253209,49.30591],[-1.253314,49.305848]]]}},{"type":"Feature","properties":{},"geometry":{"type":"Polygon","coordinates":[[[-1.25828,49.300693],[-1.258348,49.300688],[-1.258341,49.300643],[-1.258272,49.300646],[-1.25828,49.300693]]]}},{"type":"Feature","properties":{},"geometry":{"type":"Polygon","coordinates":[[[-1.246487,49.301941],[-1.246468,49.302055],[-1.246565,49.302063],[-1.246583,49.301948],[-1.246487,49.301941]]]}},{"type":"Feature","properties":{},"geometry":{"type":"Polygon","coordinates":[[[-1.2643,49.29658],[-1.264301,49.296531],[-1.264229,49.296531],[-1.264229,49.296581],[-1.2643,49.29658]]]}},{"type":"Feature","properties":{},"geometry":{"type":"Polygon","coordinates":[[[-1.246494,49.285362],[-1.246411,49.285336],[-1.246303,49.285495],[-1.246388,49.285516],[-1.246494,49.285362]]]}},{"type":"Feature","properties":{},"geometry":{"type":"Polygon","coordinates":[[[-1.251903,49.305026],[-1.251953,49.305005],[-1.251884,49.304933],[-1.251834,49.304954],[-1.251903,49.305026]]]}},{"type":"Feature","properties":{},"geometry":{"type":"Polygon","coordinates":[[[-1.243514,49.304291],[-1.243552,49.304298],[-1.243608,49.304186],[-1.243571,49.304179],[-1.243514,49.304291]]]}},{"type":"Feature","properties":{},"geometry":{"type":"Polygon","coordinates":[[[-1.2524276,49.3064217],[-1.2524603,49.306457],[-1.2524413,49.3064645],[-1.2524896,49.3065165],[-1.252633,49.30646],[-1.2525519,49.3063726],[-1.2524276,49.3064217]]]}},{"type":"Feature","properties":{},"geometry":{"type":"Polygon","coordinates":[[[-1.253785,49.293853],[-1.253828,49.293827],[-1.253757,49.293783],[-1.253723,49.293814],[-1.253785,49.293853]]]}},{"type":"Feature","properties":{},"geometry":{"type":"Polygon","coordinates":[[[-1.239476,49.305237],[-1.239549,49.305216],[-1.239495,49.305166],[-1.239432,49.305195],[-1.239476,49.305237]]]}},{"type":"Feature","properties":{},"geometry":{"type":"Polygon","coordinates":[[[-1.249971,49.300019],[-1.250035,49.299931],[-1.249889,49.299886],[-1.249825,49.299974],[-1.249971,49.300019]]]}},{"type":"Feature","properties":{},"geometry":{"type":"Polygon","coordinates":[[[-1.246101,49.306179],[-1.246229,49.306177],[-1.246228,49.306148],[-1.246101,49.30615],[-1.246101,49.306179]]]}},{"type":"Feature","properties":{},"geometry":{"type":"Polygon","coordinates":[[[-1.250348,49.302668],[-1.250435,49.302619],[-1.250344,49.302553],[-1.25026,49.302602],[-1.250348,49.302668]]]}},{"type":"Feature","properties":{},"geometry":{"type":"Polygon","coordinates":[[[-1.24452,49.304636],[-1.244537,49.304722],[-1.244602,49.304722],[-1.244586,49.304633],[-1.24452,49.304636]]]}},{"type":"Feature","properties":{},"geometry":{"type":"Polygon","coordinates":[[[-1.244279,49.305112],[-1.244249,49.305061],[-1.244176,49.305076],[-1.244205,49.305126],[-1.244279,49.305112]]]}},{"type":"Feature","properties":{},"geometry":{"type":"Polygon","coordinates":[[[-1.251158,49.296691],[-1.251212,49.29661],[-1.25111,49.296581],[-1.251056,49.296662],[-1.251158,49.296691]]]}},{"type":"Feature","properties":{},"geometry":{"type":"Polygon","coordinates":[[[-1.258745,49.301677],[-1.258759,49.301751],[-1.258916,49.301737],[-1.258902,49.301664],[-1.258745,49.301677]]]}},{"type":"Feature","properties":{},"geometry":{"type":"Polygon","coordinates":[[[-1.238274,49.308885],[-1.23833,49.308838],[-1.238274,49.308813],[-1.238216,49.30886],[-1.238274,49.308885]]]}},{"type":"Feature","properties":{},"geometry":{"type":"Polygon","coordinates":[[[-1.256347,49.284859],[-1.25625,49.284886],[-1.256419,49.285124],[-1.256514,49.285095],[-1.256347,49.284859]]]}},{"type":"Feature","properties":{},"geometry":{"type":"Polygon","coordinates":[[[-1.245804,49.301901],[-1.245897,49.301855],[-1.24587,49.30183],[-1.245774,49.301875],[-1.245804,49.301901]]]}},{"type":"Feature","properties":{},"geometry":{"type":"Polygon","coordinates":[[[-1.243518,49.303761],[-1.243513,49.303686],[-1.243332,49.303677],[-1.243335,49.303768],[-1.243518,49.303761]]]}},{"type":"Feature","properties":{},"geometry":{"type":"Polygon","coordinates":[[[-1.2405892,49.2967958],[-1.2404896,49.2967857],[-1.2404817,49.296819],[-1.2405813,49.2968291],[-1.2405892,49.2967958]]]}},{"type":"Feature","properties":{},"geometry":{"type":"Polygon","coordinates":[[[-1.255028,49.305235],[-1.254892,49.305196],[-1.254855,49.30525],[-1.254992,49.305289],[-1.255028,49.305235]]]}},{"type":"Feature","properties":{},"geometry":{"type":"Polygon","coordinates":[[[-1.249152,49.299459],[-1.249211,49.299405],[-1.249099,49.299353],[-1.24904,49.299407],[-1.249152,49.299459]]]}},{"type":"Feature","properties":{},"geometry":{"type":"Polygon","coordinates":[[[-1.245827,49.305789],[-1.245904,49.305788],[-1.245899,49.305739],[-1.245823,49.30574],[-1.245827,49.305789]]]}},{"type":"Feature","properties":{},"geometry":{"type":"Polygon","coordinates":[[[-1.254606,49.296144],[-1.254558,49.296121],[-1.254501,49.296173],[-1.25455,49.296196],[-1.254606,49.296144]]]}},{"type":"Feature","properties":{},"geometry":{"type":"Polygon","coordinates":[[[-1.254301,49.308143],[-1.25427,49.308114],[-1.254181,49.308154],[-1.25421,49.308182],[-1.254301,49.308143]]]}},{"type":"Feature","properties":{},"geometry":{"type":"Polygon","coordinates":[[[-1.243655,49.302764],[-1.243681,49.302734],[-1.243576,49.302695],[-1.243554,49.302728],[-1.243655,49.302764]]]}},{"type":"Feature","properties":{},"geometry":{"type":"Polygon","coordinates":[[[-1.247372,49.300298],[-1.247369,49.300327],[-1.247489,49.300334],[-1.247493,49.300305],[-1.247372,49.300298]]]}},{"type":"Feature","properties":{},"geometry":{"type":"Polygon","coordinates":[[[-1.253659,49.296958],[-1.253557,49.29692],[-1.253466,49.297024],[-1.253567,49.297063],[-1.253659,49.296958]]]}},{"type":"Feature","properties":{},"geometry":{"type":"Polygon","coordinates":[[[-1.241204,49.306209],[-1.2411,49.306235],[-1.241182,49.306377],[-1.241285,49.306352],[-1.241204,49.306209]]]}},{"type":"Feature","properties":{},"geometry":{"type":"Polygon","coordinates":[[[-1.2472,49.300378],[-1.247308,49.300385],[-1.24732,49.300295],[-1.247213,49.300288],[-1.2472,49.300378]]]}},{"type":"Feature","properties":{},"geometry":{"type":"Polygon","coordinates":[[[-1.249248,49.29922],[-1.24937,49.299278],[-1.249433,49.299223],[-1.249309,49.299164],[-1.249248,49.29922]]]}},{"type":"Feature","properties":{},"geometry":{"type":"Polygon","coordinates":[[[-1.251401,49.306242],[-1.2515,49.306121],[-1.251462,49.306107],[-1.251364,49.30623],[-1.251401,49.306242]]]}},{"type":"Feature","properties":{},"geometry":{"type":"Polygon","coordinates":[[[-1.241071,49.304518],[-1.241196,49.30452],[-1.241198,49.304484],[-1.241066,49.304483],[-1.241071,49.304518]]]}},{"type":"Feature","properties":{},"geometry":{"type":"Polygon","coordinates":[[[-1.248603,49.305381],[-1.248543,49.305326],[-1.248484,49.305352],[-1.248543,49.305408],[-1.248603,49.305381]]]}},{"type":"Feature","properties":{},"geometry":{"type":"Polygon","coordinates":[[[-1.256475,49.294173],[-1.256431,49.294242],[-1.256629,49.294296],[-1.256673,49.294227],[-1.256475,49.294173]]]}},{"type":"Feature","properties":{},"geometry":{"type":"Polygon","coordinates":[[[-1.2541223,49.3158783],[-1.254248,49.3158258],[-1.2540605,49.3156338],[-1.2540251,49.3156486],[-1.2539913,49.3156627],[-1.2539539,49.3156244],[-1.2536765,49.3157402],[-1.2539204,49.3159899],[-1.2538841,49.316005],[-1.2539093,49.3160308],[-1.2539009,49.3160343],[-1.2539285,49.3160625],[-1.253957,49.3160507],[-1.253952,49.3160455],[-1.2539913,49.3160291],[-1.2540116,49.3160206],[-1.2540279,49.3160372],[-1.2542051,49.3159632],[-1.2541223,49.3158783]]]}},{"type":"Feature","properties":{},"geometry":{"type":"Polygon","coordinates":[[[-1.249583,49.305061],[-1.249619,49.304982],[-1.24948,49.304955],[-1.249444,49.305034],[-1.249583,49.305061]]]}},{"type":"Feature","properties":{},"geometry":{"type":"Polygon","coordinates":[[[-1.257769,49.308498],[-1.257672,49.308462],[-1.257597,49.30855],[-1.257694,49.308586],[-1.257769,49.308498]]]}},{"type":"Feature","properties":{},"geometry":{"type":"Polygon","coordinates":[[[-1.257536,49.300269],[-1.257499,49.300119],[-1.257024,49.300169],[-1.257061,49.300319],[-1.257536,49.300269]]]}},{"type":"Feature","properties":{},"geometry":{"type":"Polygon","coordinates":[[[-1.246921,49.305437],[-1.246859,49.305428],[-1.246829,49.305524],[-1.246892,49.305532],[-1.246921,49.305437]]]}},{"type":"Feature","properties":{},"geometry":{"type":"Polygon","coordinates":[[[-1.242024,49.306383],[-1.242097,49.306351],[-1.24205,49.30631],[-1.242011,49.306326],[-1.242024,49.306383]]]}},{"type":"Feature","properties":{},"geometry":{"type":"Polygon","coordinates":[[[-1.246414,49.309266],[-1.246324,49.309473],[-1.246432,49.309495],[-1.246527,49.309287],[-1.246414,49.309266]]]}},{"type":"Feature","properties":{},"geometry":{"type":"Polygon","coordinates":[[[-1.265387,49.310108],[-1.265332,49.310083],[-1.265265,49.310133],[-1.265315,49.310161],[-1.265387,49.310108]]]}},{"type":"Feature","properties":{},"geometry":{"type":"Polygon","coordinates":[[[-1.248792,49.298267],[-1.248889,49.298274],[-1.248903,49.298193],[-1.248808,49.298186],[-1.248792,49.298267]]]}},{"type":"Feature","properties":{},"geometry":{"type":"Polygon","coordinates":[[[-1.257923,49.311933],[-1.257745,49.311844],[-1.257677,49.311902],[-1.257856,49.31199],[-1.257923,49.311933]]]}},{"type":"Feature","properties":{},"geometry":{"type":"Polygon","coordinates":[[[-1.2594433,49.2976789],[-1.2594029,49.2975979],[-1.2592564,49.297629],[-1.2592967,49.2977099],[-1.2594433,49.2976789]]]}},{"type":"Feature","properties":{},"geometry":{"type":"Polygon","coordinates":[[[-1.249152,49.299459],[-1.249304,49.29953],[-1.249364,49.299476],[-1.249211,49.299405],[-1.249152,49.299459]]]}},{"type":"Feature","properties":{},"geometry":{"type":"Polygon","coordinates":[[[-1.255472,49.295839],[-1.25556,49.295797],[-1.255487,49.295732],[-1.255399,49.295773],[-1.255472,49.295839]]]}},{"type":"Feature","properties":{},"geometry":{"type":"Polygon","coordinates":[[[-1.239425,49.304269],[-1.239517,49.304209],[-1.239401,49.304132],[-1.239308,49.304193],[-1.239425,49.304269]]]}},{"type":"Feature","properties":{},"geometry":{"type":"Polygon","coordinates":[[[-1.253671,49.306861],[-1.253707,49.306891],[-1.253793,49.306848],[-1.253752,49.306813],[-1.253671,49.306861]]]}},{"type":"Feature","properties":{},"geometry":{"type":"Polygon","coordinates":[[[-1.250139,49.302807],[-1.250215,49.302762],[-1.250127,49.302698],[-1.250051,49.302741],[-1.250139,49.302807]]]}},{"type":"Feature","properties":{},"geometry":{"type":"Polygon","coordinates":[[[-1.244932,49.304454],[-1.2449696,49.3044319],[-1.245019,49.304403],[-1.24499,49.304349],[-1.244899,49.304363],[-1.244932,49.304454]]]}},{"type":"Feature","properties":{},"geometry":{"type":"Polygon","coordinates":[[[-1.248959,49.303598],[-1.249116,49.303553],[-1.249087,49.303511],[-1.248933,49.303555],[-1.248959,49.303598]]]}},{"type":"Feature","properties":{},"geometry":{"type":"Polygon","coordinates":[[[-1.2586109,49.309698],[-1.258665,49.309718],[-1.258744,49.309628],[-1.2586902,49.3096081],[-1.2586109,49.309698]]]}},{"type":"Feature","properties":{},"geometry":{"type":"Polygon","coordinates":[[[-1.256711,49.307726],[-1.256592,49.307663],[-1.256519,49.307723],[-1.256638,49.307785],[-1.256711,49.307726]]]}},{"type":"Feature","properties":{},"geometry":{"type":"Polygon","coordinates":[[[-1.24912,49.299699],[-1.249149,49.299673],[-1.248998,49.299603],[-1.248967,49.299631],[-1.24912,49.299699]]]}},{"type":"Feature","properties":{},"geometry":{"type":"Polygon","coordinates":[[[-1.254608,49.306244],[-1.255057,49.305979],[-1.254979,49.305923],[-1.254531,49.306188],[-1.254608,49.306244]]]}},{"type":"Feature","properties":{},"geometry":{"type":"Polygon","coordinates":[[[-1.258481,49.300575],[-1.258623,49.300573],[-1.258621,49.300497],[-1.258479,49.3005],[-1.258481,49.300575]]]}},{"type":"Feature","properties":{},"geometry":{"type":"Polygon","coordinates":[[[-1.249902,49.302728],[-1.249982,49.302682],[-1.249894,49.302617],[-1.249812,49.302663],[-1.249902,49.302728]]]}},{"type":"Feature","properties":{},"geometry":{"type":"Polygon","coordinates":[[[-1.26628,49.308475],[-1.266402,49.308509],[-1.26643,49.308451],[-1.266316,49.308419],[-1.26628,49.308475]]]}},{"type":"Feature","properties":{},"geometry":{"type":"Polygon","coordinates":[[[-1.255635,49.297482],[-1.255431,49.29749],[-1.255436,49.297564],[-1.25564,49.297556],[-1.255635,49.297482]]]}},{"type":"Feature","properties":{},"geometry":{"type":"Polygon","coordinates":[[[-1.258555,49.298775],[-1.2585,49.298646],[-1.258379,49.298668],[-1.258434,49.298797],[-1.258555,49.298775]]]}},{"type":"Feature","properties":{},"geometry":{"type":"Polygon","coordinates":[[[-1.247686,49.300049],[-1.24769,49.300019],[-1.247571,49.300012],[-1.247566,49.300042],[-1.247686,49.300049]]]}},{"type":"Feature","properties":{},"geometry":{"type":"Polygon","coordinates":[[[-1.247089,49.298367],[-1.247187,49.298414],[-1.247279,49.298331],[-1.24718,49.298285],[-1.247089,49.298367]]]}},{"type":"Feature","properties":{},"geometry":{"type":"Polygon","coordinates":[[[-1.259154,49.286787],[-1.258919,49.286885],[-1.259,49.286969],[-1.259236,49.286871],[-1.259154,49.286787]]]}},{"type":"Feature","properties":{},"geometry":{"type":"Polygon","coordinates":[[[-1.249296,49.303807],[-1.249349,49.303759],[-1.249271,49.303723],[-1.249219,49.30377],[-1.249296,49.303807]]]}},{"type":"Feature","properties":{},"geometry":{"type":"Polygon","coordinates":[[[-1.250953,49.297128],[-1.251065,49.297125],[-1.251061,49.297037],[-1.250948,49.297039],[-1.250953,49.297128]]]}},{"type":"Feature","properties":{},"geometry":{"type":"Polygon","coordinates":[[[-1.252773,49.306325],[-1.252838,49.30625],[-1.252701,49.306199],[-1.252637,49.306274],[-1.252773,49.306325]]]}},{"type":"Feature","properties":{},"geometry":{"type":"Polygon","coordinates":[[[-1.260232,49.301375],[-1.260235,49.301436],[-1.260396,49.301436],[-1.260394,49.301373],[-1.260232,49.301375]]]}},{"type":"Feature","properties":{},"geometry":{"type":"Polygon","coordinates":[[[-1.238961,49.303864],[-1.23885,49.303795],[-1.238772,49.303846],[-1.238881,49.303918],[-1.238961,49.303864]]]}},{"type":"Feature","properties":{},"geometry":{"type":"Polygon","coordinates":[[[-1.261767,49.290652],[-1.261688,49.290491],[-1.261599,49.29051],[-1.261678,49.29067],[-1.261767,49.290652]]]}},{"type":"Feature","properties":{},"geometry":{"type":"Polygon","coordinates":[[[-1.250878,49.302369],[-1.250838,49.302282],[-1.250737,49.302299],[-1.250773,49.302387],[-1.250878,49.302369]]]}},{"type":"Feature","properties":{},"geometry":{"type":"Polygon","coordinates":[[[-1.26678,49.30826],[-1.266891,49.308291],[-1.266978,49.308165],[-1.266871,49.308133],[-1.26678,49.30826]]]}},{"type":"Feature","properties":{},"geometry":{"type":"Polygon","coordinates":[[[-1.256128,49.297835],[-1.256237,49.297831],[-1.256228,49.297726],[-1.256118,49.29773],[-1.256128,49.297835]]]}},{"type":"Feature","properties":{},"geometry":{"type":"Polygon","coordinates":[[[-1.248305,49.300355],[-1.248316,49.300278],[-1.248216,49.300272],[-1.248206,49.300349],[-1.248305,49.300355]]]}},{"type":"Feature","properties":{},"geometry":{"type":"Polygon","coordinates":[[[-1.2365783,49.3101116],[-1.2366856,49.310027],[-1.2366156,49.3099893],[-1.2365083,49.3100738],[-1.2365783,49.3101116]]]}},{"type":"Feature","properties":{},"geometry":{"type":"Polygon","coordinates":[[[-1.254786,49.300929],[-1.25476,49.300859],[-1.254664,49.300875],[-1.254691,49.300945],[-1.254786,49.300929]]]}},{"type":"Feature","properties":{},"geometry":{"type":"Polygon","coordinates":[[[-1.255191,49.295616],[-1.255108,49.295568],[-1.254966,49.295673],[-1.25505,49.295721],[-1.255191,49.295616]]]}},{"type":"Feature","properties":{},"geometry":{"type":"Polygon","coordinates":[[[-1.24665,49.300482],[-1.246764,49.300489],[-1.246771,49.30044],[-1.246658,49.300433],[-1.24665,49.300482]]]}},{"type":"Feature","properties":{},"geometry":{"type":"Polygon","coordinates":[[[-1.24406,49.307996],[-1.244174,49.308015],[-1.244188,49.307979],[-1.244075,49.307961],[-1.24406,49.307996]]]}},{"type":"Feature","properties":{},"geometry":{"type":"Polygon","coordinates":[[[-1.247581,49.304819],[-1.247417,49.304807],[-1.2474,49.30489],[-1.247568,49.3049],[-1.247581,49.304819]]]}},{"type":"Feature","properties":{},"geometry":{"type":"Polygon","coordinates":[[[-1.2400596,49.29759],[-1.2400078,49.2975895],[-1.2400058,49.2976765],[-1.2400577,49.297677],[-1.2400596,49.29759]]]}},{"type":"Feature","properties":{},"geometry":{"type":"Polygon","coordinates":[[[-1.255177,49.301533],[-1.255154,49.301472],[-1.254628,49.301557],[-1.254652,49.301618],[-1.255177,49.301533]]]}},{"type":"Feature","properties":{},"geometry":{"type":"Polygon","coordinates":[[[-1.245633,49.305276],[-1.245747,49.305297],[-1.24576,49.305215],[-1.245646,49.305206],[-1.245633,49.305276]]]}},{"type":"Feature","properties":{},"geometry":{"type":"Polygon","coordinates":[[[-1.250016,49.299075],[-1.25008,49.299018],[-1.250004,49.298983],[-1.249942,49.29904],[-1.250016,49.299075]]]}},{"type":"Feature","properties":{},"geometry":{"type":"Polygon","coordinates":[[[-1.252024,49.306534],[-1.252111,49.306503],[-1.252065,49.306452],[-1.251979,49.306484],[-1.252024,49.306534]]]}},{"type":"Feature","properties":{},"geometry":{"type":"Polygon","coordinates":[[[-1.243431,49.302911],[-1.243463,49.302863],[-1.243379,49.302844],[-1.243349,49.30289],[-1.243431,49.302911]]]}},{"type":"Feature","properties":{},"geometry":{"type":"Polygon","coordinates":[[[-1.242525,49.304057],[-1.242558,49.304071],[-1.24263,49.30395],[-1.24259,49.30394],[-1.242525,49.304057]]]}},{"type":"Feature","properties":{},"geometry":{"type":"Polygon","coordinates":[[[-1.250384,49.300524],[-1.250304,49.300498],[-1.25025,49.300567],[-1.25033,49.300592],[-1.250384,49.300524]]]}},{"type":"Feature","properties":{},"geometry":{"type":"Polygon","coordinates":[[[-1.265104,49.310208],[-1.265199,49.310145],[-1.265129,49.310104],[-1.265033,49.310167],[-1.265104,49.310208]]]}},{"type":"Feature","properties":{},"geometry":{"type":"Polygon","coordinates":[[[-1.248672,49.301631],[-1.248784,49.301531],[-1.248737,49.301506],[-1.248617,49.30161],[-1.248672,49.301631]]]}},{"type":"Feature","properties":{},"geometry":{"type":"Polygon","coordinates":[[[-1.258239,49.308184],[-1.258304,49.308099],[-1.258153,49.30805],[-1.258089,49.308136],[-1.258239,49.308184]]]}},{"type":"Feature","properties":{},"geometry":{"type":"Polygon","coordinates":[[[-1.244284,49.30284],[-1.24434,49.302866],[-1.244563,49.302661],[-1.244483,49.302655],[-1.244284,49.30284]]]}},{"type":"Feature","properties":{},"geometry":{"type":"Polygon","coordinates":[[[-1.252973,49.298435],[-1.25306,49.298265],[-1.253029,49.298259],[-1.252943,49.298429],[-1.252973,49.298435]]]}},{"type":"Feature","properties":{},"geometry":{"type":"Polygon","coordinates":[[[-1.2425043,49.300528],[-1.242461,49.3004994],[-1.2423091,49.3005972],[-1.2423524,49.3006258],[-1.2425043,49.300528]]]}},{"type":"Feature","properties":{},"geometry":{"type":"Polygon","coordinates":[[[-1.253164,49.314899],[-1.253059,49.314793],[-1.252804,49.314901],[-1.252906,49.315008],[-1.253164,49.314899]]]}},{"type":"Feature","properties":{},"geometry":{"type":"Polygon","coordinates":[[[-1.246772,49.30387],[-1.246847,49.303927],[-1.246905,49.303898],[-1.246839,49.303834],[-1.246772,49.30387]]]}},{"type":"Feature","properties":{},"geometry":{"type":"Polygon","coordinates":[[[-1.26091,49.30905],[-1.260974,49.309069],[-1.261067,49.308939],[-1.261001,49.308919],[-1.26091,49.30905]]]}},{"type":"Feature","properties":{},"geometry":{"type":"Polygon","coordinates":[[[-1.248275,49.301296],[-1.248295,49.301267],[-1.248181,49.301231],[-1.24816,49.30126],[-1.248275,49.301296]]]}},{"type":"Feature","properties":{},"geometry":{"type":"Polygon","coordinates":[[[-1.254798,49.297809],[-1.254906,49.29781],[-1.254907,49.29773],[-1.254799,49.297729],[-1.254798,49.297809]]]}},{"type":"Feature","properties":{},"geometry":{"type":"Polygon","coordinates":[[[-1.242281,49.304147],[-1.24239,49.304177],[-1.242438,49.304103],[-1.242324,49.304071],[-1.242281,49.304147]]]}},{"type":"Feature","properties":{},"geometry":{"type":"Polygon","coordinates":[[[-1.256166,49.2961],[-1.256255,49.296061],[-1.256187,49.295995],[-1.256099,49.296034],[-1.256166,49.2961]]]}},{"type":"Feature","properties":{},"geometry":{"type":"Polygon","coordinates":[[[-1.254727,49.306678],[-1.254815,49.306633],[-1.254669,49.30651],[-1.254581,49.306555],[-1.254727,49.306678]]]}},{"type":"Feature","properties":{},"geometry":{"type":"Polygon","coordinates":[[[-1.248878,49.312625],[-1.248729,49.312581],[-1.248708,49.312612],[-1.248856,49.312655],[-1.248878,49.312625]]]}},{"type":"Feature","properties":{},"geometry":{"type":"Polygon","coordinates":[[[-1.255441,49.300027],[-1.255426,49.299965],[-1.255273,49.299982],[-1.255289,49.300044],[-1.255441,49.300027]]]}},{"type":"Feature","properties":{},"geometry":{"type":"Polygon","coordinates":[[[-1.251267,49.297756],[-1.251361,49.297754],[-1.251356,49.2977],[-1.251263,49.297702],[-1.251267,49.297756]]]}},{"type":"Feature","properties":{},"geometry":{"type":"Polygon","coordinates":[[[-1.259908,49.297457],[-1.259853,49.297349],[-1.259748,49.297371],[-1.259803,49.29748],[-1.259908,49.297457]]]}},{"type":"Feature","properties":{},"geometry":{"type":"Polygon","coordinates":[[[-1.248045,49.311585],[-1.2481,49.311604],[-1.248156,49.311541],[-1.248104,49.311522],[-1.248045,49.311585]]]}},{"type":"Feature","properties":{},"geometry":{"type":"Polygon","coordinates":[[[-1.239411,49.3036],[-1.239339,49.303586],[-1.239296,49.303668],[-1.239355,49.303681],[-1.239411,49.3036]]]}},{"type":"Feature","properties":{},"geometry":{"type":"Polygon","coordinates":[[[-1.253515,49.305716],[-1.25345,49.305668],[-1.253338,49.305732],[-1.253403,49.305781],[-1.253515,49.305716]]]}},{"type":"Feature","properties":{},"geometry":{"type":"Polygon","coordinates":[[[-1.259472,49.292223],[-1.259575,49.292141],[-1.259425,49.29206],[-1.259321,49.292142],[-1.259472,49.292223]]]}},{"type":"Feature","properties":{},"geometry":{"type":"Polygon","coordinates":[[[-1.251666,49.305088],[-1.251605,49.305026],[-1.251567,49.305046],[-1.251627,49.305109],[-1.251666,49.305088]]]}},{"type":"Feature","properties":{},"geometry":{"type":"Polygon","coordinates":[[[-1.257321,49.29332],[-1.257238,49.293267],[-1.257132,49.293337],[-1.257216,49.293391],[-1.257321,49.29332]]]}},{"type":"Feature","properties":{},"geometry":{"type":"Polygon","coordinates":[[[-1.244784,49.308837],[-1.244753,49.308906],[-1.244911,49.308937],[-1.244942,49.308868],[-1.244784,49.308837]]]}},{"type":"Feature","properties":{},"geometry":{"type":"Polygon","coordinates":[[[-1.251084,49.297394],[-1.251078,49.297305],[-1.250966,49.297308],[-1.250971,49.297397],[-1.251084,49.297394]]]}},{"type":"Feature","properties":{},"geometry":{"type":"Polygon","coordinates":[[[-1.264835,49.285682],[-1.264727,49.28576],[-1.264793,49.285802],[-1.264904,49.285719],[-1.264835,49.285682]]]}},{"type":"Feature","properties":{},"geometry":{"type":"Polygon","coordinates":[[[-1.239049,49.305069],[-1.23912,49.305115],[-1.239178,49.305078],[-1.239113,49.305021],[-1.239049,49.305069]]]}},{"type":"Feature","properties":{},"geometry":{"type":"Polygon","coordinates":[[[-1.245935,49.306615],[-1.246029,49.306609],[-1.246018,49.306576],[-1.245922,49.306582],[-1.245935,49.306615]]]}},{"type":"Feature","properties":{},"geometry":{"type":"Polygon","coordinates":[[[-1.252927,49.30655],[-1.252959,49.306491],[-1.252813,49.306457],[-1.25278,49.306516],[-1.252927,49.30655]]]}},{"type":"Feature","properties":{},"geometry":{"type":"Polygon","coordinates":[[[-1.255653,49.297977],[-1.255474,49.297984],[-1.255481,49.298065],[-1.25566,49.298058],[-1.255653,49.297977]]]}},{"type":"Feature","properties":{},"geometry":{"type":"Polygon","coordinates":[[[-1.254165,49.305295],[-1.254104,49.305249],[-1.253985,49.305318],[-1.254045,49.305363],[-1.254165,49.305295]]]}},{"type":"Feature","properties":{},"geometry":{"type":"Polygon","coordinates":[[[-1.24985,49.2995],[-1.249919,49.299436],[-1.249803,49.299382],[-1.249733,49.299446],[-1.24985,49.2995]]]}},{"type":"Feature","properties":{},"geometry":{"type":"Polygon","coordinates":[[[-1.253965,49.294701],[-1.253908,49.29469],[-1.253884,49.294737],[-1.253941,49.294753],[-1.253965,49.294701]]]}},{"type":"Feature","properties":{},"geometry":{"type":"Polygon","coordinates":[[[-1.244175,49.305161],[-1.244223,49.305237],[-1.244272,49.305221],[-1.244228,49.305149],[-1.244175,49.305161]]]}},{"type":"Feature","properties":{},"geometry":{"type":"Polygon","coordinates":[[[-1.258745,49.301677],[-1.258586,49.301689],[-1.258601,49.30176],[-1.258759,49.301751],[-1.258745,49.301677]]]}},{"type":"Feature","properties":{},"geometry":{"type":"Polygon","coordinates":[[[-1.240806,49.306619],[-1.24088,49.306556],[-1.240762,49.306495],[-1.240689,49.30656],[-1.240806,49.306619]]]}},{"type":"Feature","properties":{},"geometry":{"type":"Polygon","coordinates":[[[-1.26094,49.300204],[-1.260828,49.300207],[-1.260835,49.300335],[-1.260947,49.300333],[-1.26094,49.300204]]]}},{"type":"Feature","properties":{},"geometry":{"type":"Polygon","coordinates":[[[-1.247774,49.300412],[-1.247877,49.300418],[-1.247889,49.300329],[-1.247787,49.300323],[-1.247774,49.300412]]]}},{"type":"Feature","properties":{},"geometry":{"type":"Polygon","coordinates":[[[-1.253575,49.304821],[-1.253432,49.304781],[-1.253393,49.304842],[-1.253536,49.304881],[-1.253575,49.304821]]]}},{"type":"Feature","properties":{},"geometry":{"type":"Polygon","coordinates":[[[-1.2471422,49.3042406],[-1.247232,49.3043532],[-1.2473088,49.3043272],[-1.2472617,49.3042681],[-1.247219,49.3042146],[-1.2471422,49.3042406]]]}},{"type":"Feature","properties":{},"geometry":{"type":"Polygon","coordinates":[[[-1.254618,49.295122],[-1.25453,49.29507],[-1.254439,49.295136],[-1.254527,49.295188],[-1.254618,49.295122]]]}},{"type":"Feature","properties":{},"geometry":{"type":"Polygon","coordinates":[[[-1.2400698,49.2969212],[-1.2399848,49.2969148],[-1.2399691,49.297003],[-1.2400542,49.2970094],[-1.2400698,49.2969212]]]}},{"type":"Feature","properties":{},"geometry":{"type":"Polygon","coordinates":[[[-1.254829,49.305521],[-1.254757,49.305463],[-1.254615,49.305539],[-1.254687,49.305597],[-1.254829,49.305521]]]}},{"type":"Feature","properties":{},"geometry":{"type":"Polygon","coordinates":[[[-1.238428,49.303973],[-1.238472,49.303954],[-1.238413,49.303899],[-1.238375,49.303925],[-1.238428,49.303973]]]}},{"type":"Feature","properties":{},"geometry":{"type":"Polygon","coordinates":[[[-1.246087,49.305785],[-1.246084,49.305736],[-1.245899,49.305739],[-1.245904,49.305788],[-1.246087,49.305785]]]}},{"type":"Feature","properties":{},"geometry":{"type":"Polygon","coordinates":[[[-1.254076,49.308243],[-1.254166,49.308202],[-1.254096,49.308139],[-1.254005,49.308181],[-1.254076,49.308243]]]}},{"type":"Feature","properties":{},"geometry":{"type":"Polygon","coordinates":[[[-1.249684,49.301384],[-1.249586,49.301344],[-1.249542,49.301393],[-1.24964,49.301426],[-1.249684,49.301384]]]}},{"type":"Feature","properties":{},"geometry":{"type":"Polygon","coordinates":[[[-1.254681,49.296961],[-1.254531,49.296905],[-1.254474,49.29697],[-1.254624,49.297026],[-1.254681,49.296961]]]}},{"type":"Feature","properties":{},"geometry":{"type":"Polygon","coordinates":[[[-1.254002,49.287949],[-1.254036,49.287973],[-1.25413,49.287901],[-1.254093,49.287884],[-1.254002,49.287949]]]}},{"type":"Feature","properties":{},"geometry":{"type":"Polygon","coordinates":[[[-1.2403947,49.2979185],[-1.2402837,49.2979202],[-1.2402877,49.2980257],[-1.2403987,49.2980239],[-1.2403947,49.2979185]]]}},{"type":"Feature","properties":{},"geometry":{"type":"Polygon","coordinates":[[[-1.240157,49.306297],[-1.24039,49.306413],[-1.24044,49.306368],[-1.240208,49.306255],[-1.240157,49.306297]]]}},{"type":"Feature","properties":{},"geometry":{"type":"Polygon","coordinates":[[[-1.25406,49.309222],[-1.254096,49.309259],[-1.254214,49.30921],[-1.254179,49.309174],[-1.25406,49.309222]]]}},{"type":"Feature","properties":{},"geometry":{"type":"Polygon","coordinates":[[[-1.251243,49.306628],[-1.251394,49.306429],[-1.251243,49.306378],[-1.251094,49.30658],[-1.251243,49.306628]]]}},{"type":"Feature","properties":{},"geometry":{"type":"Polygon","coordinates":[[[-1.2613131,49.3048679],[-1.2624133,49.3047855],[-1.2623776,49.3045827],[-1.2616567,49.3046367],[-1.2616466,49.3045791],[-1.2613121,49.3046042],[-1.2613224,49.3046629],[-1.2612776,49.3046662],[-1.2613131,49.3048679]]]}},{"type":"Feature","properties":{},"geometry":{"type":"Polygon","coordinates":[[[-1.24587,49.30183],[-1.245897,49.301855],[-1.245988,49.301812],[-1.245962,49.301788],[-1.24587,49.30183]]]}},{"type":"Feature","properties":{},"geometry":{"type":"Polygon","coordinates":[[[-1.2399959,49.2980372],[-1.2399914,49.2980917],[-1.2400573,49.298094],[-1.2400618,49.2980396],[-1.2399959,49.2980372]]]}},{"type":"Feature","properties":{},"geometry":{"type":"Polygon","coordinates":[[[-1.256133,49.299481],[-1.25613,49.299537],[-1.256187,49.299538],[-1.256189,49.299482],[-1.256133,49.299481]]]}},{"type":"Feature","properties":{},"geometry":{"type":"Polygon","coordinates":[[[-1.246566,49.306627],[-1.246662,49.306616],[-1.246646,49.30657],[-1.24655,49.306576],[-1.246566,49.306627]]]}},{"type":"Feature","properties":{},"geometry":{"type":"Polygon","coordinates":[[[-1.25596,49.295413],[-1.255824,49.295337],[-1.25575,49.295394],[-1.255886,49.29547],[-1.25596,49.295413]]]}},{"type":"Feature","properties":{},"geometry":{"type":"Polygon","coordinates":[[[-1.238874,49.308697],[-1.238946,49.308704],[-1.238941,49.30865],[-1.238882,49.308645],[-1.238874,49.308697]]]}},{"type":"Feature","properties":{},"geometry":{"type":"Polygon","coordinates":[[[-1.254787,49.307499],[-1.254696,49.307421],[-1.254603,49.307467],[-1.254694,49.307545],[-1.254787,49.307499]]]}},{"type":"Feature","properties":{},"geometry":{"type":"Polygon","coordinates":[[[-1.246706,49.300983],[-1.246689,49.301099],[-1.246786,49.301105],[-1.246802,49.300989],[-1.246706,49.300983]]]}},{"type":"Feature","properties":{},"geometry":{"type":"Polygon","coordinates":[[[-1.244856,49.304461],[-1.244932,49.304454],[-1.244899,49.304363],[-1.244831,49.304373],[-1.244856,49.304461]]]}},{"type":"Feature","properties":{},"geometry":{"type":"Polygon","coordinates":[[[-1.257292,49.299156],[-1.257269,49.299081],[-1.257032,49.299112],[-1.257055,49.299188],[-1.257292,49.299156]]]}},{"type":"Feature","properties":{},"geometry":{"type":"Polygon","coordinates":[[[-1.2419,49.305321],[-1.241974,49.305304],[-1.241887,49.305221],[-1.241819,49.305239],[-1.2419,49.305321]]]}},{"type":"Feature","properties":{},"geometry":{"type":"Polygon","coordinates":[[[-1.251884,49.318603],[-1.251916,49.31854],[-1.251826,49.31852],[-1.251793,49.318584],[-1.251884,49.318603]]]}},{"type":"Feature","properties":{},"geometry":{"type":"Polygon","coordinates":[[[-1.247021,49.29774],[-1.247123,49.297734],[-1.247118,49.297699],[-1.247016,49.297704],[-1.247021,49.29774]]]}},{"type":"Feature","properties":{},"geometry":{"type":"Polygon","coordinates":[[[-1.246418,49.308951],[-1.246326,49.308941],[-1.246314,49.30897],[-1.246409,49.308987],[-1.246418,49.308951]]]}},{"type":"Feature","properties":{},"geometry":{"type":"Polygon","coordinates":[[[-1.239818,49.302687],[-1.239569,49.302657],[-1.239516,49.302852],[-1.239761,49.302882],[-1.239818,49.302687]]]}},{"type":"Feature","properties":{},"geometry":{"type":"Polygon","coordinates":[[[-1.249365,49.30222],[-1.249252,49.302134],[-1.249163,49.302183],[-1.249276,49.30227],[-1.249365,49.30222]]]}},{"type":"Feature","properties":{},"geometry":{"type":"Polygon","coordinates":[[[-1.258361,49.298196],[-1.258315,49.298111],[-1.25821,49.298136],[-1.258257,49.298221],[-1.258361,49.298196]]]}},{"type":"Feature","properties":{},"geometry":{"type":"Polygon","coordinates":[[[-1.253295,49.312672],[-1.253342,49.312654],[-1.253294,49.312601],[-1.253246,49.312621],[-1.253295,49.312672]]]}},{"type":"Feature","properties":{},"geometry":{"type":"Polygon","coordinates":[[[-1.243042,49.301524],[-1.24298,49.301477],[-1.242884,49.301532],[-1.242916,49.3016],[-1.243042,49.301524]]]}},{"type":"Feature","properties":{},"geometry":{"type":"Polygon","coordinates":[[[-1.247353,49.308774],[-1.247297,49.308678],[-1.24719,49.308704],[-1.247246,49.3088],[-1.247353,49.308774]]]}},{"type":"Feature","properties":{},"geometry":{"type":"Polygon","coordinates":[[[-1.240107,49.304126],[-1.240014,49.304163],[-1.240064,49.304224],[-1.240155,49.304189],[-1.240107,49.304126]]]}},{"type":"Feature","properties":{},"geometry":{"type":"Polygon","coordinates":[[[-1.25265,49.305337],[-1.252582,49.305285],[-1.252478,49.305344],[-1.252547,49.305396],[-1.25265,49.305337]]]}},{"type":"Feature","properties":{},"geometry":{"type":"Polygon","coordinates":[[[-1.245917,49.308637],[-1.246036,49.308663],[-1.246052,49.308581],[-1.245955,49.30856],[-1.245917,49.308637]]]}},{"type":"Feature","properties":{},"geometry":{"type":"Polygon","coordinates":[[[-1.253991,49.305462],[-1.253932,49.305416],[-1.25382,49.305478],[-1.25388,49.305524],[-1.253991,49.305462]]]}},{"type":"Feature","properties":{},"geometry":{"type":"Polygon","coordinates":[[[-1.24433,49.304712],[-1.244233,49.304724],[-1.244279,49.304813],[-1.244357,49.304804],[-1.24433,49.304712]]]}},{"type":"Feature","properties":{},"geometry":{"type":"Polygon","coordinates":[[[-1.255569,49.297293],[-1.255428,49.297239],[-1.255372,49.297301],[-1.255514,49.297355],[-1.255569,49.297293]]]}},{"type":"Feature","properties":{},"geometry":{"type":"Polygon","coordinates":[[[-1.243035,49.304212],[-1.243078,49.304221],[-1.243133,49.304126],[-1.243089,49.304116],[-1.243035,49.304212]]]}},{"type":"Feature","properties":{},"geometry":{"type":"Polygon","coordinates":[[[-1.241112,49.305371],[-1.241022,49.305321],[-1.240915,49.305405],[-1.241008,49.305457],[-1.241112,49.305371]]]}},{"type":"Feature","properties":{},"geometry":{"type":"Polygon","coordinates":[[[-1.247566,49.300042],[-1.247562,49.300071],[-1.247681,49.30008],[-1.247686,49.300049],[-1.247566,49.300042]]]}},{"type":"Feature","properties":{},"geometry":{"type":"Polygon","coordinates":[[[-1.254161,49.301323],[-1.254086,49.301335],[-1.254102,49.301382],[-1.254178,49.301372],[-1.254161,49.301323]]]}},{"type":"Feature","properties":{},"geometry":{"type":"Polygon","coordinates":[[[-1.259311,49.28702],[-1.259114,49.287096],[-1.25922,49.287212],[-1.259417,49.287136],[-1.259311,49.28702]]]}},{"type":"Feature","properties":{},"geometry":{"type":"Polygon","coordinates":[[[-1.261503,49.296731],[-1.26161,49.296655],[-1.261524,49.296602],[-1.261416,49.296678],[-1.261503,49.296731]]]}},{"type":"Feature","properties":{},"geometry":{"type":"Polygon","coordinates":[[[-1.247894,49.285178],[-1.247911,49.285186],[-1.248074,49.285029],[-1.248037,49.285012],[-1.247894,49.285178]]]}},{"type":"Feature","properties":{},"geometry":{"type":"Polygon","coordinates":[[[-1.260201,49.295671],[-1.260261,49.295633],[-1.260198,49.29559],[-1.260138,49.295628],[-1.260201,49.295671]]]}},{"type":"Feature","properties":{},"geometry":{"type":"Polygon","coordinates":[[[-1.253066,49.306354],[-1.253106,49.306294],[-1.252954,49.306251],[-1.252914,49.306312],[-1.253066,49.306354]]]}},{"type":"Feature","properties":{},"geometry":{"type":"Polygon","coordinates":[[[-1.255361,49.30202],[-1.25534,49.301965],[-1.254817,49.302048],[-1.254838,49.302104],[-1.255361,49.30202]]]}},{"type":"Feature","properties":{},"geometry":{"type":"Polygon","coordinates":[[[-1.250917,49.302715],[-1.251026,49.302695],[-1.250989,49.302611],[-1.25088,49.30263],[-1.250917,49.302715]]]}},{"type":"Feature","properties":{},"geometry":{"type":"Polygon","coordinates":[[[-1.261213,49.290667],[-1.261174,49.29053],[-1.261078,49.290542],[-1.261116,49.290679],[-1.261213,49.290667]]]}},{"type":"Feature","properties":{},"geometry":{"type":"Polygon","coordinates":[[[-1.264425,49.29526],[-1.26446,49.295252],[-1.264415,49.295169],[-1.264379,49.295178],[-1.264425,49.29526]]]}},{"type":"Feature","properties":{},"geometry":{"type":"Polygon","coordinates":[[[-1.244378,49.303035],[-1.244239,49.303027],[-1.244235,49.303114],[-1.244365,49.303122],[-1.244378,49.303035]]]}},{"type":"Feature","properties":{},"geometry":{"type":"Polygon","coordinates":[[[-1.248987,49.301573],[-1.248915,49.301545],[-1.248888,49.301589],[-1.248964,49.301613],[-1.248987,49.301573]]]}},{"type":"Feature","properties":{},"geometry":{"type":"Polygon","coordinates":[[[-1.25339,49.308162],[-1.253482,49.308126],[-1.253393,49.308029],[-1.253301,49.308063],[-1.25339,49.308162]]]}},{"type":"Feature","properties":{},"geometry":{"type":"Polygon","coordinates":[[[-1.238685,49.304048],[-1.238791,49.304116],[-1.238865,49.304067],[-1.238759,49.303999],[-1.238685,49.304048]]]}},{"type":"Feature","properties":{},"geometry":{"type":"Polygon","coordinates":[[[-1.266761,49.307639],[-1.266848,49.307664],[-1.266921,49.307552],[-1.266837,49.307526],[-1.266761,49.307639]]]}},{"type":"Feature","properties":{},"geometry":{"type":"Polygon","coordinates":[[[-1.244714,49.304458],[-1.2447503,49.3044606],[-1.244784,49.304463],[-1.244766,49.304389],[-1.244711,49.304394],[-1.244714,49.304458]]]}},{"type":"Feature","properties":{},"geometry":{"type":"Polygon","coordinates":[[[-1.257365,49.306859],[-1.257252,49.306886],[-1.257273,49.306924],[-1.257387,49.306897],[-1.257365,49.306859]]]}},{"type":"Feature","properties":{},"geometry":{"type":"Polygon","coordinates":[[[-1.251928,49.297902],[-1.252026,49.297932],[-1.252107,49.297817],[-1.25201,49.297788],[-1.251928,49.297902]]]}},{"type":"Feature","properties":{},"geometry":{"type":"Polygon","coordinates":[[[-1.239127,49.30435],[-1.239247,49.304428],[-1.239331,49.304372],[-1.239213,49.304294],[-1.239127,49.30435]]]}},{"type":"Feature","properties":{},"geometry":{"type":"Polygon","coordinates":[[[-1.238337,49.308761],[-1.238274,49.308813],[-1.23833,49.308838],[-1.238389,49.308788],[-1.238337,49.308761]]]}},{"type":"Feature","properties":{},"geometry":{"type":"Polygon","coordinates":[[[-1.255222,49.301395],[-1.255192,49.301317],[-1.255106,49.301331],[-1.255136,49.301409],[-1.255222,49.301395]]]}},{"type":"Feature","properties":{},"geometry":{"type":"Polygon","coordinates":[[[-1.253523,49.287571],[-1.253467,49.287521],[-1.253289,49.287606],[-1.253343,49.287654],[-1.253523,49.287571]]]}},{"type":"Feature","properties":{},"geometry":{"type":"Polygon","coordinates":[[[-1.258972,49.296837],[-1.258941,49.296779],[-1.25884,49.296803],[-1.258873,49.296861],[-1.258972,49.296837]]]}},{"type":"Feature","properties":{},"geometry":{"type":"Polygon","coordinates":[[[-1.247631,49.300763],[-1.247824,49.300774],[-1.247833,49.300707],[-1.247641,49.300695],[-1.247631,49.300763]]]}},{"type":"Feature","properties":{},"geometry":{"type":"Polygon","coordinates":[[[-1.257335,49.293574],[-1.257221,49.293651],[-1.257304,49.293703],[-1.257417,49.293626],[-1.257335,49.293574]]]}},{"type":"Feature","properties":{},"geometry":{"type":"Polygon","coordinates":[[[-1.253633,49.297785],[-1.253696,49.297807],[-1.253736,49.297758],[-1.253672,49.297737],[-1.253633,49.297785]]]}},{"type":"Feature","properties":{},"geometry":{"type":"Polygon","coordinates":[[[-1.258212,49.307603],[-1.258103,49.307569],[-1.258004,49.307704],[-1.258111,49.307737],[-1.258212,49.307603]]]}},{"type":"Feature","properties":{},"geometry":{"type":"Polygon","coordinates":[[[-1.244701,49.301285],[-1.244533,49.301159],[-1.244462,49.301199],[-1.244631,49.301325],[-1.244701,49.301285]]]}},{"type":"Feature","properties":{},"geometry":{"type":"Polygon","coordinates":[[[-1.254419,49.288726],[-1.254215,49.288681],[-1.254174,49.288754],[-1.254382,49.2888],[-1.254419,49.288726]]]}},{"type":"Feature","properties":{},"geometry":{"type":"Polygon","coordinates":[[[-1.23993,49.305697],[-1.239891,49.305675],[-1.239823,49.305732],[-1.239864,49.305754],[-1.23993,49.305697]]]}},{"type":"Feature","properties":{},"geometry":{"type":"Polygon","coordinates":[[[-1.2467929,49.2973273],[-1.2468755,49.2973226],[-1.2468661,49.2972503],[-1.2467832,49.2972554],[-1.2467929,49.2973273]]]}},{"type":"Feature","properties":{},"geometry":{"type":"Polygon","coordinates":[[[-1.249939,49.300519],[-1.249907,49.300566],[-1.249978,49.300586],[-1.250009,49.300541],[-1.249939,49.300519]]]}},{"type":"Feature","properties":{},"geometry":{"type":"Polygon","coordinates":[[[-1.239947,49.30471],[-1.239774,49.304692],[-1.239766,49.304723],[-1.239943,49.304743],[-1.239947,49.30471]]]}},{"type":"Feature","properties":{},"geometry":{"type":"Polygon","coordinates":[[[-1.254948,49.30715],[-1.254922,49.307038],[-1.254803,49.30705],[-1.254829,49.307162],[-1.254948,49.30715]]]}},{"type":"Feature","properties":{},"geometry":{"type":"Polygon","coordinates":[[[-1.253375,49.291914],[-1.253299,49.291863],[-1.253241,49.2919],[-1.253317,49.291951],[-1.253375,49.291914]]]}},{"type":"Feature","properties":{},"geometry":{"type":"Polygon","coordinates":[[[-1.256671,49.313865],[-1.256404,49.313496],[-1.256143,49.313577],[-1.256409,49.313946],[-1.256671,49.313865]]]}},{"type":"Feature","properties":{},"geometry":{"type":"Polygon","coordinates":[[[-1.256075,49.29614],[-1.256166,49.2961],[-1.256099,49.296034],[-1.256007,49.296074],[-1.256075,49.29614]]]}},{"type":"Feature","properties":{},"geometry":{"type":"Polygon","coordinates":[[[-1.239714,49.304061],[-1.239671,49.304008],[-1.239586,49.304014],[-1.239644,49.304086],[-1.239714,49.304061]]]}},{"type":"Feature","properties":{},"geometry":{"type":"Polygon","coordinates":[[[-1.249321,49.298008],[-1.249318,49.298043],[-1.249379,49.298048],[-1.249443,49.297688],[-1.249712,49.297705],[-1.249717,49.297672],[-1.249783,49.297676],[-1.249803,49.297559],[-1.249737,49.297555],[-1.249726,49.297622],[-1.249336,49.297594],[-1.249261,49.298003],[-1.249321,49.298008]]]}},{"type":"Feature","properties":{},"geometry":{"type":"Polygon","coordinates":[[[-1.258539,49.30747],[-1.258425,49.307429],[-1.25832,49.307554],[-1.258436,49.307597],[-1.258539,49.30747]]]}},{"type":"Feature","properties":{},"geometry":{"type":"Polygon","coordinates":[[[-1.253962,49.314263],[-1.25449,49.314045],[-1.254356,49.313906],[-1.253828,49.314124],[-1.253962,49.314263]]]}},{"type":"Feature","properties":{},"geometry":{"type":"Polygon","coordinates":[[[-1.24729,49.299472],[-1.247427,49.299481],[-1.247437,49.299413],[-1.2473,49.299404],[-1.24729,49.299472]]]}},{"type":"Feature","properties":{},"geometry":{"type":"Polygon","coordinates":[[[-1.247679,49.309028],[-1.247933,49.308975],[-1.247901,49.308909],[-1.247637,49.308964],[-1.247679,49.309028]]]}},{"type":"Feature","properties":{},"geometry":{"type":"Polygon","coordinates":[[[-1.255719,49.296064],[-1.25583,49.296066],[-1.255832,49.295986],[-1.255721,49.295984],[-1.255719,49.296064]]]}},{"type":"Feature","properties":{},"geometry":{"type":"Polygon","coordinates":[[[-1.259514,49.298092],[-1.259472,49.298009],[-1.259362,49.298032],[-1.259404,49.298116],[-1.259514,49.298092]]]}},{"type":"Feature","properties":{},"geometry":{"type":"Polygon","coordinates":[[[-1.243219,49.304399],[-1.2432142,49.30433],[-1.243213,49.304313],[-1.243138,49.304295],[-1.2431,49.304404],[-1.243219,49.304399]]]}},{"type":"Feature","properties":{},"geometry":{"type":"Polygon","coordinates":[[[-1.251686,49.297328],[-1.251614,49.297425],[-1.251734,49.297463],[-1.251806,49.297365],[-1.251686,49.297328]]]}},{"type":"Feature","properties":{},"geometry":{"type":"Polygon","coordinates":[[[-1.255775,49.298541],[-1.255668,49.298512],[-1.255601,49.298617],[-1.255708,49.298646],[-1.255775,49.298541]]]}},{"type":"Feature","properties":{},"geometry":{"type":"Polygon","coordinates":[[[-1.247744,49.298376],[-1.247759,49.29829],[-1.247668,49.298283],[-1.247654,49.298369],[-1.247744,49.298376]]]}},{"type":"Feature","properties":{},"geometry":{"type":"Polygon","coordinates":[[[-1.253139,49.305996],[-1.253076,49.30595],[-1.252965,49.306016],[-1.253028,49.306061],[-1.253139,49.305996]]]}},{"type":"Feature","properties":{},"geometry":{"type":"Polygon","coordinates":[[[-1.256645,49.306442],[-1.256568,49.306383],[-1.256428,49.306463],[-1.256508,49.306521],[-1.256645,49.306442]]]}},{"type":"Feature","properties":{},"geometry":{"type":"Polygon","coordinates":[[[-1.251321,49.30332],[-1.251343,49.303382],[-1.251414,49.303368],[-1.251392,49.303306],[-1.251321,49.30332]]]}},{"type":"Feature","properties":{},"geometry":{"type":"Polygon","coordinates":[[[-1.259018,49.298557],[-1.258978,49.298481],[-1.258803,49.298519],[-1.258842,49.298596],[-1.259018,49.298557]]]}},{"type":"Feature","properties":{},"geometry":{"type":"Polygon","coordinates":[[[-1.254102,49.305685],[-1.254043,49.305639],[-1.25389,49.305728],[-1.253951,49.305774],[-1.254102,49.305685]]]}},{"type":"Feature","properties":{},"geometry":{"type":"Polygon","coordinates":[[[-1.258238,49.300649],[-1.258246,49.30049],[-1.258127,49.300488],[-1.25812,49.300647],[-1.258238,49.300649]]]}},{"type":"Feature","properties":{},"geometry":{"type":"Polygon","coordinates":[[[-1.249788,49.30007],[-1.249723,49.300158],[-1.249846,49.300197],[-1.249911,49.300109],[-1.249788,49.30007]]]}},{"type":"Feature","properties":{},"geometry":{"type":"Polygon","coordinates":[[[-1.246311,49.306312],[-1.246476,49.306308],[-1.246474,49.30626],[-1.246308,49.306264],[-1.246311,49.306312]]]}},{"type":"Feature","properties":{},"geometry":{"type":"Polygon","coordinates":[[[-1.251003,49.296743],[-1.251104,49.296772],[-1.251158,49.296691],[-1.251056,49.296662],[-1.251003,49.296743]]]}},{"type":"Feature","properties":{},"geometry":{"type":"Polygon","coordinates":[[[-1.250865,49.305794],[-1.250953,49.305823],[-1.25103,49.305768],[-1.250962,49.305727],[-1.250865,49.305794]]]}},{"type":"Feature","properties":{},"geometry":{"type":"Polygon","coordinates":[[[-1.237835,49.309981],[-1.238079,49.309968],[-1.238078,49.309953],[-1.237833,49.309967],[-1.237835,49.309981]]]}},{"type":"Feature","properties":{},"geometry":{"type":"Polygon","coordinates":[[[-1.247075,49.303971],[-1.247116,49.304006],[-1.247196,49.303975],[-1.247151,49.303934],[-1.247075,49.303971]]]}},{"type":"Feature","properties":{},"geometry":{"type":"Polygon","coordinates":[[[-1.249552,49.300303],[-1.249729,49.300358],[-1.249782,49.300285],[-1.249605,49.30023],[-1.249552,49.300303]]]}},{"type":"Feature","properties":{},"geometry":{"type":"Polygon","coordinates":[[[-1.247894,49.285178],[-1.248037,49.285012],[-1.247676,49.284855],[-1.247513,49.285008],[-1.247894,49.285178]]]}},{"type":"Feature","properties":{},"geometry":{"type":"Polygon","coordinates":[[[-1.253681,49.308877],[-1.253743,49.30882],[-1.25343,49.308674],[-1.253368,49.308731],[-1.253681,49.308877]]]}},{"type":"Feature","properties":{},"geometry":{"type":"Polygon","coordinates":[[[-1.2400878,49.2969207],[-1.2400754,49.29698],[-1.240164,49.2969878],[-1.2401763,49.2969286],[-1.2400878,49.2969207]]]}},{"type":"Feature","properties":{},"geometry":{"type":"Polygon","coordinates":[[[-1.254778,49.305162],[-1.25464,49.305121],[-1.254603,49.305174],[-1.254741,49.305216],[-1.254778,49.305162]]]}},{"type":"Feature","properties":{},"geometry":{"type":"Polygon","coordinates":[[[-1.248242,49.302766],[-1.248181,49.30282],[-1.248283,49.302866],[-1.248337,49.302818],[-1.248242,49.302766]]]}},{"type":"Feature","properties":{},"geometry":{"type":"Polygon","coordinates":[[[-1.25589,49.301327],[-1.255967,49.301312],[-1.255952,49.301273],[-1.255873,49.301287],[-1.25589,49.301327]]]}},{"type":"Feature","properties":{},"geometry":{"type":"Polygon","coordinates":[[[-1.2438917,49.301016],[-1.2437743,49.3010848],[-1.243822,49.3011163],[-1.2439337,49.3010496],[-1.2438917,49.301016]]]}},{"type":"Feature","properties":{},"geometry":{"type":"Polygon","coordinates":[[[-1.258196,49.293932],[-1.258114,49.293996],[-1.258203,49.294045],[-1.258286,49.293981],[-1.258196,49.293932]]]}},{"type":"Feature","properties":{},"geometry":{"type":"Polygon","coordinates":[[[-1.238574,49.30869],[-1.238481,49.308642],[-1.238435,49.308681],[-1.238529,49.308727],[-1.238574,49.30869]]]}},{"type":"Feature","properties":{},"geometry":{"type":"Polygon","coordinates":[[[-1.244356,49.307677],[-1.244454,49.307674],[-1.244446,49.3076385],[-1.244347,49.3076405],[-1.244356,49.307677]]]}},{"type":"Feature","properties":{},"geometry":{"type":"Polygon","coordinates":[[[-1.245725,49.313707],[-1.245745,49.31367],[-1.245621,49.31364],[-1.245601,49.313676],[-1.245725,49.313707]]]}},{"type":"Feature","properties":{},"geometry":{"type":"Polygon","coordinates":[[[-1.254662,49.309615],[-1.254521,49.309456],[-1.254162,49.309591],[-1.254299,49.309749],[-1.254662,49.309615]]]}},{"type":"Feature","properties":{},"geometry":{"type":"Polygon","coordinates":[[[-1.255905,49.295951],[-1.255965,49.295889],[-1.255861,49.295847],[-1.255803,49.295909],[-1.255905,49.295951]]]}},{"type":"Feature","properties":{},"geometry":{"type":"Polygon","coordinates":[[[-1.240095,49.302955],[-1.23985,49.302925],[-1.239794,49.303117],[-1.240039,49.303147],[-1.240095,49.302955]]]}},{"type":"Feature","properties":{},"geometry":{"type":"Polygon","coordinates":[[[-1.255295,49.297488],[-1.255116,49.297478],[-1.255106,49.297553],[-1.255286,49.297563],[-1.255295,49.297488]]]}},{"type":"Feature","properties":{},"geometry":{"type":"Polygon","coordinates":[[[-1.257757,49.30876],[-1.257681,49.308664],[-1.257574,49.3087],[-1.257651,49.308796],[-1.257757,49.30876]]]}},{"type":"Feature","properties":{},"geometry":{"type":"Polygon","coordinates":[[[-1.245118,49.301385],[-1.245207,49.301329],[-1.245064,49.301232],[-1.244975,49.301288],[-1.245118,49.301385]]]}},{"type":"Feature","properties":{},"geometry":{"type":"Polygon","coordinates":[[[-1.246095,49.308554],[-1.246202,49.308575],[-1.246211,49.308531],[-1.246102,49.308523],[-1.246095,49.308554]]]}},{"type":"Feature","properties":{},"geometry":{"type":"Polygon","coordinates":[[[-1.262698,49.310467],[-1.262721,49.310393],[-1.262508,49.310365],[-1.262486,49.310439],[-1.262698,49.310467]]]}},{"type":"Feature","properties":{},"geometry":{"type":"Polygon","coordinates":[[[-1.254179,49.291754],[-1.254095,49.291698],[-1.254023,49.291743],[-1.254106,49.2918],[-1.254179,49.291754]]]}},{"type":"Feature","properties":{},"geometry":{"type":"Polygon","coordinates":[[[-1.249464,49.312387],[-1.24943,49.312442],[-1.249511,49.312464],[-1.249545,49.312409],[-1.249464,49.312387]]]}},{"type":"Feature","properties":{},"geometry":{"type":"Polygon","coordinates":[[[-1.2602934,49.3123923],[-1.2601514,49.3122893],[-1.2600444,49.3123543],[-1.2601874,49.3124543],[-1.2602934,49.3123923]]]}},{"type":"Feature","properties":{},"geometry":{"type":"Polygon","coordinates":[[[-1.243111,49.301623],[-1.243193,49.301579],[-1.243144,49.301541],[-1.243061,49.301585],[-1.243111,49.301623]]]}},{"type":"Feature","properties":{},"geometry":{"type":"Polygon","coordinates":[[[-1.255384,49.29588],[-1.255472,49.295839],[-1.255399,49.295773],[-1.255311,49.295814],[-1.255384,49.29588]]]}},{"type":"Feature","properties":{},"geometry":{"type":"Polygon","coordinates":[[[-1.239031,49.304677],[-1.238963,49.304733],[-1.238991,49.30476],[-1.239059,49.304704],[-1.239031,49.304677]]]}},{"type":"Feature","properties":{},"geometry":{"type":"Polygon","coordinates":[[[-1.254488,49.30712],[-1.254373,49.30702],[-1.254288,49.307062],[-1.254404,49.307162],[-1.254488,49.30712]]]}},{"type":"Feature","properties":{},"geometry":{"type":"Polygon","coordinates":[[[-1.24918,49.301746],[-1.249083,49.301718],[-1.249021,49.301808],[-1.249118,49.301835],[-1.24918,49.301746]]]}},{"type":"Feature","properties":{},"geometry":{"type":"Polygon","coordinates":[[[-1.245955,49.30856],[-1.245758,49.308518],[-1.245719,49.308592],[-1.245917,49.308637],[-1.245955,49.30856]]]}},{"type":"Feature","properties":{},"geometry":{"type":"Polygon","coordinates":[[[-1.248938,49.299881],[-1.249093,49.299891],[-1.249103,49.299824],[-1.248948,49.299814],[-1.248938,49.299881]]]}},{"type":"Feature","properties":{},"geometry":{"type":"Polygon","coordinates":[[[-1.253835,49.305824],[-1.253777,49.30578],[-1.253645,49.305854],[-1.253704,49.305899],[-1.253835,49.305824]]]}},{"type":"Feature","properties":{},"geometry":{"type":"Polygon","coordinates":[[[-1.258807,49.300574],[-1.25886,49.300573],[-1.258857,49.300506],[-1.258804,49.300507],[-1.258807,49.300574]]]}},{"type":"Feature","properties":{},"geometry":{"type":"Polygon","coordinates":[[[-1.252507,49.303102],[-1.252484,49.303037],[-1.252326,49.303061],[-1.252349,49.303126],[-1.252507,49.303102]]]}},{"type":"Feature","properties":{},"geometry":{"type":"Polygon","coordinates":[[[-1.238899,49.302654],[-1.238876,49.302601],[-1.23858,49.302651],[-1.238604,49.302709],[-1.238899,49.302654]]]}},{"type":"Feature","properties":{},"geometry":{"type":"Polygon","coordinates":[[[-1.253139,49.304968],[-1.253207,49.305019],[-1.253331,49.304948],[-1.253263,49.304897],[-1.253139,49.304968]]]}},{"type":"Feature","properties":{},"geometry":{"type":"Polygon","coordinates":[[[-1.250231,49.302877],[-1.25031,49.302832],[-1.250215,49.302762],[-1.250139,49.302807],[-1.250231,49.302877]]]}},{"type":"Feature","properties":{},"geometry":{"type":"Polygon","coordinates":[[[-1.247215,49.285073],[-1.246941,49.285388],[-1.247104,49.285448],[-1.247378,49.285133],[-1.247215,49.285073]]]}},{"type":"Feature","properties":{},"geometry":{"type":"Polygon","coordinates":[[[-1.263229,49.310556],[-1.263264,49.310487],[-1.263084,49.310447],[-1.263048,49.310516],[-1.263229,49.310556]]]}},{"type":"Feature","properties":{},"geometry":{"type":"Polygon","coordinates":[[[-1.240752,49.305171],[-1.240798,49.305135],[-1.240697,49.305079],[-1.240652,49.305114],[-1.240752,49.305171]]]}},{"type":"Feature","properties":{},"geometry":{"type":"Polygon","coordinates":[[[-1.250989,49.302611],[-1.25095,49.302522],[-1.250841,49.302543],[-1.25088,49.30263],[-1.250989,49.302611]]]}},{"type":"Feature","properties":{},"geometry":{"type":"Polygon","coordinates":[[[-1.248233,49.300157],[-1.24841,49.300167],[-1.248421,49.300102],[-1.248244,49.30009],[-1.248233,49.300157]]]}},{"type":"Feature","properties":{},"geometry":{"type":"Polygon","coordinates":[[[-1.253433,49.293704],[-1.253316,49.293662],[-1.253229,49.293768],[-1.253345,49.293809],[-1.253433,49.293704]]]}},{"type":"Feature","properties":{},"geometry":{"type":"Polygon","coordinates":[[[-1.259862,49.300419],[-1.259922,49.300419],[-1.25992,49.300363],[-1.259861,49.300364],[-1.259862,49.300419]]]}},{"type":"Feature","properties":{},"geometry":{"type":"Polygon","coordinates":[[[-1.250646,49.30215],[-1.25068,49.302231],[-1.250781,49.302214],[-1.250746,49.302132],[-1.250646,49.30215]]]}},{"type":"Feature","properties":{},"geometry":{"type":"Polygon","coordinates":[[[-1.260061,49.29402],[-1.25997,49.293938],[-1.259892,49.293976],[-1.259983,49.294057],[-1.260061,49.29402]]]}},{"type":"Feature","properties":{},"geometry":{"type":"Polygon","coordinates":[[[-1.255924,49.296261],[-1.256023,49.296217],[-1.255962,49.296157],[-1.255861,49.296203],[-1.255924,49.296261]]]}},{"type":"Feature","properties":{},"geometry":{"type":"Polygon","coordinates":[[[-1.240798,49.302955],[-1.240816,49.302991],[-1.240902,49.302983],[-1.24088,49.302938],[-1.240798,49.302955]]]}},{"type":"Feature","properties":{},"geometry":{"type":"Polygon","coordinates":[[[-1.257684,49.294165],[-1.257639,49.294236],[-1.257777,49.294273],[-1.257822,49.294203],[-1.257684,49.294165]]]}},{"type":"Feature","properties":{},"geometry":{"type":"Polygon","coordinates":[[[-1.252709,49.303585],[-1.252677,49.303525],[-1.252596,49.303543],[-1.252627,49.303604],[-1.252709,49.303585]]]}},{"type":"Feature","properties":{},"geometry":{"type":"Polygon","coordinates":[[[-1.242754,49.302818],[-1.242749,49.302765],[-1.242532,49.302775],[-1.242544,49.302831],[-1.242754,49.302818]]]}},{"type":"Feature","properties":{},"geometry":{"type":"Polygon","coordinates":[[[-1.243905,49.30814],[-1.243986,49.308157],[-1.244041,49.308019],[-1.243959,49.308005],[-1.243905,49.30814]]]}},{"type":"Feature","properties":{},"geometry":{"type":"Polygon","coordinates":[[[-1.248961,49.301207],[-1.248996,49.301155],[-1.248933,49.301134],[-1.248894,49.301185],[-1.248961,49.301207]]]}},{"type":"Feature","properties":{},"geometry":{"type":"Polygon","coordinates":[[[-1.252829,49.308255],[-1.252899,49.308333],[-1.252939,49.308318],[-1.25287,49.308238],[-1.252829,49.308255]]]}},{"type":"Feature","properties":{},"geometry":{"type":"Polygon","coordinates":[[[-1.253541,49.287682],[-1.253478,49.287722],[-1.25353,49.287757],[-1.253593,49.287718],[-1.253541,49.287682]]]}},{"type":"Feature","properties":{},"geometry":{"type":"Polygon","coordinates":[[[-1.247187,49.300467],[-1.247175,49.300555],[-1.247284,49.300561],[-1.247296,49.300474],[-1.247187,49.300467]]]}},{"type":"Feature","properties":{},"geometry":{"type":"Polygon","coordinates":[[[-1.245628,49.305401],[-1.245706,49.305413],[-1.245732,49.305336],[-1.245648,49.305322],[-1.245628,49.305401]]]}},{"type":"Feature","properties":{},"geometry":{"type":"Polygon","coordinates":[[[-1.240757,49.302872],[-1.240836,49.302854],[-1.240807,49.3028],[-1.240729,49.302816],[-1.240757,49.302872]]]}},{"type":"Feature","properties":{},"geometry":{"type":"Polygon","coordinates":[[[-1.25698,49.31219],[-1.256819,49.31201],[-1.2566,49.312094],[-1.256761,49.312274],[-1.25698,49.31219]]]}},{"type":"Feature","properties":{},"geometry":{"type":"Polygon","coordinates":[[[-1.254958,49.301196],[-1.254972,49.301235],[-1.255054,49.301223],[-1.25504,49.301183],[-1.254958,49.301196]]]}},{"type":"Feature","properties":{},"geometry":{"type":"Polygon","coordinates":[[[-1.251889,49.306517],[-1.251933,49.306567],[-1.252024,49.306534],[-1.251979,49.306484],[-1.251889,49.306517]]]}},{"type":"Feature","properties":{},"geometry":{"type":"Polygon","coordinates":[[[-1.242375,49.302563],[-1.24236,49.302512],[-1.242033,49.302555],[-1.24205,49.302606],[-1.242375,49.302563]]]}},{"type":"Feature","properties":{},"geometry":{"type":"Polygon","coordinates":[[[-1.24041,49.30361],[-1.240466,49.303543],[-1.2404,49.303524],[-1.240355,49.303595],[-1.24041,49.30361]]]}},{"type":"Feature","properties":{},"geometry":{"type":"Polygon","coordinates":[[[-1.262832,49.3020098],[-1.2629019,49.3020072],[-1.262898,49.3019617],[-1.2628281,49.3019643],[-1.262832,49.3020098]]]}},{"type":"Feature","properties":{},"geometry":{"type":"Polygon","coordinates":[[[-1.248228,49.301878],[-1.248349,49.301767],[-1.247726,49.301502],[-1.247617,49.301614],[-1.248228,49.301878]]]}},{"type":"Feature","properties":{},"geometry":{"type":"Polygon","coordinates":[[[-1.240862,49.29925],[-1.241005,49.299197],[-1.24095,49.299138],[-1.240803,49.299191],[-1.240862,49.29925]]]}},{"type":"Feature","properties":{},"geometry":{"type":"Polygon","coordinates":[[[-1.247375,49.303237],[-1.247468,49.303191],[-1.247465,49.303144],[-1.247363,49.303108],[-1.247375,49.303237]]]}},{"type":"Feature","properties":{},"geometry":{"type":"Polygon","coordinates":[[[-1.239284,49.31196],[-1.239174,49.311947],[-1.239125,49.312117],[-1.239236,49.31213],[-1.239284,49.31196]]]}},{"type":"Feature","properties":{},"geometry":{"type":"Polygon","coordinates":[[[-1.249907,49.300566],[-1.249877,49.300611],[-1.249947,49.300632],[-1.249978,49.300586],[-1.249907,49.300566]]]}},{"type":"Feature","properties":{},"geometry":{"type":"Polygon","coordinates":[[[-1.254618,49.307264],[-1.254528,49.307189],[-1.25444,49.307235],[-1.25453,49.307309],[-1.254618,49.307264]]]}},{"type":"Feature","properties":{},"geometry":{"type":"Polygon","coordinates":[[[-1.255138,49.297841],[-1.255244,49.297837],[-1.255238,49.297757],[-1.255131,49.297762],[-1.255138,49.297841]]]}},{"type":"Feature","properties":{},"geometry":{"type":"Polygon","coordinates":[[[-1.253433,49.297629],[-1.253213,49.29764],[-1.253221,49.297716],[-1.25344,49.297705],[-1.253433,49.297629]]]}},{"type":"Feature","properties":{},"geometry":{"type":"Polygon","coordinates":[[[-1.246814,49.305389],[-1.24683,49.30534],[-1.246753,49.305328],[-1.246736,49.305377],[-1.246814,49.305389]]]}},{"type":"Feature","properties":{},"geometry":{"type":"Polygon","coordinates":[[[-1.24207,49.305487],[-1.241989,49.305523],[-1.242084,49.305614],[-1.242164,49.305578],[-1.24207,49.305487]]]}},{"type":"Feature","properties":{},"geometry":{"type":"Polygon","coordinates":[[[-1.253378,49.306722],[-1.253735,49.306776],[-1.253769,49.306681],[-1.253412,49.306627],[-1.253378,49.306722]]]}},{"type":"Feature","properties":{},"geometry":{"type":"Polygon","coordinates":[[[-1.249639,49.302537],[-1.249723,49.302491],[-1.249636,49.302424],[-1.249553,49.302471],[-1.249639,49.302537]]]}},{"type":"Feature","properties":{},"geometry":{"type":"Polygon","coordinates":[[[-1.249287,49.304472],[-1.249181,49.304453],[-1.2491666,49.3044877],[-1.249139,49.304554],[-1.249246,49.304573],[-1.249287,49.304472]]]}},{"type":"Feature","properties":{},"geometry":{"type":"Polygon","coordinates":[[[-1.245071,49.302933],[-1.245157,49.302877],[-1.245052,49.302806],[-1.244964,49.302863],[-1.245071,49.302933]]]}},{"type":"Feature","properties":{},"geometry":{"type":"Polygon","coordinates":[[[-1.256589,49.294642],[-1.256697,49.294672],[-1.256773,49.294554],[-1.256663,49.294524],[-1.256589,49.294642]]]}},{"type":"Feature","properties":{},"geometry":{"type":"Polygon","coordinates":[[[-1.260056,49.297457],[-1.260123,49.297442],[-1.260112,49.297374],[-1.260024,49.297394],[-1.260056,49.297457]]]}},{"type":"Feature","properties":{},"geometry":{"type":"Polygon","coordinates":[[[-1.248006,49.311764],[-1.247934,49.311713],[-1.247891,49.311755],[-1.247954,49.311812],[-1.248006,49.311764]]]}},{"type":"Feature","properties":{},"geometry":{"type":"Polygon","coordinates":[[[-1.254241,49.306856],[-1.254305,49.306752],[-1.254199,49.306724],[-1.254135,49.306828],[-1.254241,49.306856]]]}},{"type":"Feature","properties":{},"geometry":{"type":"Polygon","coordinates":[[[-1.250976,49.297484],[-1.251088,49.297481],[-1.251084,49.297394],[-1.250971,49.297397],[-1.250976,49.297484]]]}},{"type":"Feature","properties":{},"geometry":{"type":"Polygon","coordinates":[[[-1.264632,49.285951],[-1.264669,49.285921],[-1.264568,49.285869],[-1.264534,49.285896],[-1.264632,49.285951]]]}},{"type":"Feature","properties":{},"geometry":{"type":"Polygon","coordinates":[[[-1.257515,49.295814],[-1.257402,49.295811],[-1.257396,49.295917],[-1.257508,49.29592],[-1.257515,49.295814]]]}},{"type":"Feature","properties":{},"geometry":{"type":"Polygon","coordinates":[[[-1.252983,49.305183],[-1.252923,49.305138],[-1.252831,49.305192],[-1.252891,49.305236],[-1.252983,49.305183]]]}},{"type":"Feature","properties":{},"geometry":{"type":"Polygon","coordinates":[[[-1.249712,49.304223],[-1.249644,49.304184],[-1.249592,49.304227],[-1.249661,49.304268],[-1.249712,49.304223]]]}},{"type":"Feature","properties":{},"geometry":{"type":"Polygon","coordinates":[[[-1.250648,49.297692],[-1.250642,49.297601],[-1.2505,49.297605],[-1.250506,49.297696],[-1.250648,49.297692]]]}},{"type":"Feature","properties":{},"geometry":{"type":"Polygon","coordinates":[[[-1.250035,49.305822],[-1.250078,49.305836],[-1.250177,49.305708],[-1.250133,49.305693],[-1.250035,49.305822]]]}},{"type":"Feature","properties":{},"geometry":{"type":"Polygon","coordinates":[[[-1.256679,49.307227],[-1.256555,49.307125],[-1.256468,49.30717],[-1.256592,49.307273],[-1.256679,49.307227]]]}},{"type":"Feature","properties":{},"geometry":{"type":"Polygon","coordinates":[[[-1.24732,49.299275],[-1.24739,49.299279],[-1.247398,49.299225],[-1.247328,49.299221],[-1.24732,49.299275]]]}},{"type":"Feature","properties":{},"geometry":{"type":"Polygon","coordinates":[[[-1.242084,49.304322],[-1.242097,49.304277],[-1.241964,49.304254],[-1.241965,49.304305],[-1.242084,49.304322]]]}},{"type":"Feature","properties":{},"geometry":{"type":"Polygon","coordinates":[[[-1.254076,49.305923],[-1.254008,49.305867],[-1.25386,49.305946],[-1.253928,49.306001],[-1.254076,49.305923]]]}},{"type":"Feature","properties":{},"geometry":{"type":"Polygon","coordinates":[[[-1.24962,49.299701],[-1.249699,49.299738],[-1.249786,49.299655],[-1.249707,49.299619],[-1.24962,49.299701]]]}},{"type":"Feature","properties":{},"geometry":{"type":"Polygon","coordinates":[[[-1.251681,49.30498],[-1.251792,49.305094],[-1.251841,49.305074],[-1.25173,49.304959],[-1.251681,49.30498]]]}},{"type":"Feature","properties":{},"geometry":{"type":"Polygon","coordinates":[[[-1.243393,49.304719],[-1.243404,49.304792],[-1.243477,49.304785],[-1.243459,49.304705],[-1.2434249,49.3047122],[-1.243393,49.304719]]]}},{"type":"Feature","properties":{},"geometry":{"type":"Polygon","coordinates":[[[-1.246873,49.300446],[-1.246857,49.300565],[-1.246959,49.300571],[-1.246975,49.300453],[-1.246873,49.300446]]]}},{"type":"Feature","properties":{},"geometry":{"type":"Polygon","coordinates":[[[-1.241526,49.302716],[-1.241454,49.302725],[-1.241492,49.302861],[-1.24156,49.302854],[-1.241526,49.302716]]]}},{"type":"Feature","properties":{},"geometry":{"type":"Polygon","coordinates":[[[-1.260872,49.286607],[-1.260926,49.28658],[-1.260843,49.286508],[-1.260788,49.286535],[-1.260872,49.286607]]]}},{"type":"Feature","properties":{},"geometry":{"type":"Polygon","coordinates":[[[-1.246802,49.285063],[-1.246479,49.284946],[-1.246396,49.285043],[-1.246717,49.28516],[-1.246802,49.285063]]]}},{"type":"Feature","properties":{},"geometry":{"type":"Polygon","coordinates":[[[-1.242975,49.30412],[-1.242943,49.304191],[-1.243005,49.304205],[-1.243043,49.304136],[-1.242975,49.30412]]]}},{"type":"Feature","properties":{},"geometry":{"type":"Polygon","coordinates":[[[-1.240338,49.306686],[-1.240412,49.306723],[-1.240463,49.306679],[-1.240389,49.306642],[-1.240338,49.306686]]]}},{"type":"Feature","properties":{},"geometry":{"type":"Polygon","coordinates":[[[-1.25454,49.305088],[-1.254403,49.305046],[-1.254364,49.305102],[-1.254501,49.305143],[-1.25454,49.305088]]]}},{"type":"Feature","properties":{},"geometry":{"type":"Polygon","coordinates":[[[-1.252798,49.287709],[-1.252861,49.287686],[-1.252768,49.287575],[-1.252705,49.287598],[-1.252798,49.287709]]]}},{"type":"Feature","properties":{},"geometry":{"type":"Polygon","coordinates":[[[-1.240183,49.2978653],[-1.2400535,49.2978651],[-1.2400532,49.2979192],[-1.2401827,49.2979194],[-1.240183,49.2978653]]]}},{"type":"Feature","properties":{},"geometry":{"type":"Polygon","coordinates":[[[-1.252491,49.29746],[-1.25231,49.297421],[-1.252261,49.297512],[-1.252444,49.297552],[-1.252491,49.29746]]]}},{"type":"Feature","properties":{},"geometry":{"type":"Polygon","coordinates":[[[-1.247875,49.301389],[-1.248064,49.301411],[-1.248085,49.301333],[-1.247896,49.301312],[-1.247875,49.301389]]]}},{"type":"Feature","properties":{},"geometry":{"type":"Polygon","coordinates":[[[-1.25907,49.297346],[-1.259043,49.297302],[-1.258924,49.297356],[-1.25896,49.297396],[-1.25907,49.297346]]]}},{"type":"Feature","properties":{},"geometry":{"type":"Polygon","coordinates":[[[-1.2434687,49.3010824],[-1.2435237,49.3011151],[-1.243584,49.3010748],[-1.2435367,49.3010364],[-1.2434687,49.3010824]]]}},{"type":"Feature","properties":{},"geometry":{"type":"Polygon","coordinates":[[[-1.253163,49.297067],[-1.253065,49.297031],[-1.252972,49.297138],[-1.25307,49.297175],[-1.253163,49.297067]]]}},{"type":"Feature","properties":{},"geometry":{"type":"Polygon","coordinates":[[[-1.246025,49.313781],[-1.246149,49.313811],[-1.24617,49.313776],[-1.246046,49.313745],[-1.246025,49.313781]]]}},{"type":"Feature","properties":{},"geometry":{"type":"Polygon","coordinates":[[[-1.254229,49.297697],[-1.254246,49.297616],[-1.254139,49.297605],[-1.254121,49.297685],[-1.254229,49.297697]]]}},{"type":"Feature","properties":{},"geometry":{"type":"Polygon","coordinates":[[[-1.246035,49.308804],[-1.246204,49.308777],[-1.246222,49.308683],[-1.246049,49.308711],[-1.246035,49.308804]]]}},{"type":"Feature","properties":{},"geometry":{"type":"Polygon","coordinates":[[[-1.256537,49.296211],[-1.256646,49.296216],[-1.256657,49.296138],[-1.256545,49.296132],[-1.256537,49.296211]]]}},{"type":"Feature","properties":{},"geometry":{"type":"Polygon","coordinates":[[[-1.262127,49.308543],[-1.262241,49.308386],[-1.261547,49.308174],[-1.261434,49.308331],[-1.262127,49.308543]]]}},{"type":"Feature","properties":{},"geometry":{"type":"Polygon","coordinates":[[[-1.241678,49.306533],[-1.241786,49.306486],[-1.241766,49.306448],[-1.241644,49.306498],[-1.241678,49.306533]]]}},{"type":"Feature","properties":{},"geometry":{"type":"Polygon","coordinates":[[[-1.249286,49.301804],[-1.249249,49.301781],[-1.249173,49.301855],[-1.249215,49.301871],[-1.2492737,49.3018156],[-1.249286,49.301804]]]}},{"type":"Feature","properties":{},"geometry":{"type":"Polygon","coordinates":[[[-1.244073,49.300492],[-1.244005,49.300533],[-1.244059,49.300571],[-1.244127,49.30053],[-1.244073,49.300492]]]}},{"type":"Feature","properties":{},"geometry":{"type":"Polygon","coordinates":[[[-1.246574,49.313916],[-1.246595,49.31388],[-1.246471,49.31385],[-1.24645,49.313885],[-1.246574,49.313916]]]}},{"type":"Feature","properties":{},"geometry":{"type":"Polygon","coordinates":[[[-1.25551,49.307108],[-1.255565,49.307039],[-1.25541,49.306986],[-1.255355,49.307055],[-1.25551,49.307108]]]}},{"type":"Feature","properties":{},"geometry":{"type":"Polygon","coordinates":[[[-1.262946,49.310884],[-1.262985,49.310816],[-1.262919,49.3108],[-1.26288,49.310867],[-1.262946,49.310884]]]}},{"type":"Feature","properties":{},"geometry":{"type":"Polygon","coordinates":[[[-1.26804,49.285119],[-1.268078,49.28509],[-1.267985,49.285036],[-1.267946,49.285065],[-1.26804,49.285119]]]}},{"type":"Feature","properties":{},"geometry":{"type":"Polygon","coordinates":[[[-1.255286,49.29611],[-1.25529,49.29603],[-1.255178,49.296028],[-1.255175,49.296109],[-1.255286,49.29611]]]}},{"type":"Feature","properties":{},"geometry":{"type":"Polygon","coordinates":[[[-1.2394,49.305475],[-1.239349,49.305449],[-1.239301,49.305487],[-1.239353,49.305514],[-1.2394,49.305475]]]}},{"type":"Feature","properties":{},"geometry":{"type":"Polygon","coordinates":[[[-1.253691,49.305142],[-1.253537,49.305186],[-1.253573,49.305242],[-1.253729,49.305197],[-1.253691,49.305142]]]}},{"type":"Feature","properties":{},"geometry":{"type":"Polygon","coordinates":[[[-1.259383,49.300562],[-1.25938,49.300495],[-1.259212,49.300494],[-1.259212,49.300564],[-1.259383,49.300562]]]}},{"type":"Feature","properties":{},"geometry":{"type":"Polygon","coordinates":[[[-1.252498,49.30547],[-1.252413,49.305405],[-1.252294,49.305472],[-1.252379,49.305537],[-1.252498,49.30547]]]}},{"type":"Feature","properties":{},"geometry":{"type":"Polygon","coordinates":[[[-1.259244,49.296771],[-1.259165,49.29679],[-1.2592,49.296849],[-1.259277,49.29683],[-1.259244,49.296771]]]}},{"type":"Feature","properties":{},"geometry":{"type":"Polygon","coordinates":[[[-1.251178,49.297759],[-1.251267,49.297756],[-1.251263,49.297702],[-1.251174,49.297705],[-1.251178,49.297759]]]}},{"type":"Feature","properties":{},"geometry":{"type":"Polygon","coordinates":[[[-1.252416,49.305801],[-1.252334,49.305706],[-1.252252,49.305738],[-1.252334,49.305831],[-1.252416,49.305801]]]}},{"type":"Feature","properties":{},"geometry":{"type":"Polygon","coordinates":[[[-1.238899,49.302767],[-1.238817,49.302764],[-1.238809,49.302847],[-1.238888,49.30285],[-1.238899,49.302767]]]}},{"type":"Feature","properties":{},"geometry":{"type":"Polygon","coordinates":[[[-1.245853,49.301999],[-1.24595,49.301952],[-1.245884,49.301891],[-1.245784,49.301937],[-1.245853,49.301999]]]}},{"type":"Feature","properties":{},"geometry":{"type":"Polygon","coordinates":[[[-1.259962,49.303893],[-1.259972,49.303936],[-1.260156,49.303921],[-1.260147,49.303871],[-1.259962,49.303893]]]}},{"type":"Feature","properties":{},"geometry":{"type":"Polygon","coordinates":[[[-1.250773,49.302387],[-1.25081,49.302474],[-1.250916,49.302453],[-1.250878,49.302369],[-1.250773,49.302387]]]}},{"type":"Feature","properties":{},"geometry":{"type":"Polygon","coordinates":[[[-1.252855,49.305023],[-1.252901,49.305057],[-1.252967,49.305018],[-1.252921,49.304985],[-1.252855,49.305023]]]}},{"type":"Feature","properties":{},"geometry":{"type":"Polygon","coordinates":[[[-1.245959,49.306017],[-1.24596,49.306036],[-1.246226,49.306037],[-1.246226,49.306017],[-1.245959,49.306017]]]}},{"type":"Feature","properties":{},"geometry":{"type":"Polygon","coordinates":[[[-1.250646,49.30215],[-1.250746,49.302132],[-1.250705,49.302042],[-1.250607,49.30206],[-1.250646,49.30215]]]}},{"type":"Feature","properties":{},"geometry":{"type":"Polygon","coordinates":[[[-1.254318,49.29538],[-1.254228,49.295329],[-1.254113,49.295415],[-1.254203,49.295466],[-1.254318,49.29538]]]}},{"type":"Feature","properties":{},"geometry":{"type":"Polygon","coordinates":[[[-1.2554525,49.3022383],[-1.2554269,49.3021712],[-1.25487,49.3022615],[-1.2548956,49.3023285],[-1.2554525,49.3022383]]]}},{"type":"Feature","properties":{},"geometry":{"type":"Polygon","coordinates":[[[-1.257327,49.294257],[-1.25722,49.294227],[-1.257137,49.294355],[-1.257245,49.294385],[-1.257327,49.294257]]]}},{"type":"Feature","properties":{},"geometry":{"type":"Polygon","coordinates":[[[-1.2505,49.299311],[-1.250541,49.299269],[-1.250388,49.299205],[-1.250351,49.299249],[-1.2505,49.299311]]]}},{"type":"Feature","properties":{},"geometry":{"type":"Polygon","coordinates":[[[-1.254961,49.295343],[-1.254878,49.295294],[-1.254744,49.295391],[-1.254828,49.29544],[-1.254961,49.295343]]]}},{"type":"Feature","properties":{},"geometry":{"type":"Polygon","coordinates":[[[-1.243877,49.308067],[-1.243924,49.308075],[-1.243953,49.308004],[-1.243907,49.307996],[-1.243877,49.308067]]]}},{"type":"Feature","properties":{},"geometry":{"type":"Polygon","coordinates":[[[-1.255061,49.301722],[-1.255041,49.301667],[-1.254696,49.301722],[-1.254716,49.301777],[-1.255061,49.301722]]]}},{"type":"Feature","properties":{},"geometry":{"type":"Polygon","coordinates":[[[-1.244715,49.308298],[-1.24488,49.308328],[-1.244913,49.308241],[-1.244752,49.308212],[-1.244715,49.308298]]]}},{"type":"Feature","properties":{},"geometry":{"type":"Polygon","coordinates":[[[-1.248772,49.301369],[-1.248832,49.301388],[-1.248904,49.30129],[-1.248844,49.301271],[-1.248772,49.301369]]]}},{"type":"Feature","properties":{},"geometry":{"type":"Polygon","coordinates":[[[-1.247273,49.299846],[-1.247261,49.299934],[-1.247368,49.29994],[-1.247381,49.299852],[-1.247273,49.299846]]]}},{"type":"Feature","properties":{},"geometry":{"type":"Polygon","coordinates":[[[-1.239274,49.312877],[-1.23932,49.312882],[-1.239375,49.312696],[-1.239329,49.312689],[-1.239274,49.312877]]]}},{"type":"Feature","properties":{},"geometry":{"type":"Polygon","coordinates":[[[-1.240826,49.304515],[-1.240966,49.304517],[-1.240959,49.304482],[-1.240818,49.304481],[-1.240826,49.304515]]]}},{"type":"Feature","properties":{},"geometry":{"type":"Polygon","coordinates":[[[-1.240506,49.306121],[-1.240423,49.306079],[-1.240362,49.306129],[-1.240446,49.306172],[-1.240506,49.306121]]]}},{"type":"Feature","properties":{},"geometry":{"type":"Polygon","coordinates":[[[-1.242353,49.306194],[-1.242387,49.306228],[-1.242452,49.3062],[-1.242418,49.306166],[-1.242353,49.306194]]]}},{"type":"Feature","properties":{},"geometry":{"type":"Polygon","coordinates":[[[-1.249877,49.300611],[-1.249839,49.300665],[-1.249909,49.300686],[-1.249947,49.300632],[-1.249877,49.300611]]]}},{"type":"Feature","properties":{},"geometry":{"type":"Polygon","coordinates":[[[-1.2456,49.308239],[-1.245504,49.308218],[-1.245419,49.308359],[-1.245515,49.308382],[-1.2456,49.308239]]]}},{"type":"Feature","properties":{},"geometry":{"type":"Polygon","coordinates":[[[-1.23965,49.305428],[-1.239693,49.305449],[-1.239821,49.305339],[-1.239779,49.305317],[-1.23965,49.305428]]]}},{"type":"Feature","properties":{},"geometry":{"type":"Polygon","coordinates":[[[-1.260298,49.299297],[-1.260352,49.299297],[-1.260352,49.299148],[-1.260296,49.299148],[-1.260298,49.299297]]]}},{"type":"Feature","properties":{},"geometry":{"type":"Polygon","coordinates":[[[-1.240471,49.305794],[-1.240389,49.305858],[-1.240472,49.305901],[-1.24055,49.305836],[-1.240471,49.305794]]]}},{"type":"Feature","properties":{},"geometry":{"type":"Polygon","coordinates":[[[-1.246859,49.305428],[-1.246921,49.305437],[-1.246955,49.305337],[-1.246892,49.305326],[-1.246859,49.305428]]]}},{"type":"Feature","properties":{},"geometry":{"type":"Polygon","coordinates":[[[-1.259925,49.310711],[-1.259993,49.310735],[-1.260084,49.310624],[-1.260017,49.3106],[-1.259925,49.310711]]]}},{"type":"Feature","properties":{},"geometry":{"type":"Polygon","coordinates":[[[-1.257454,49.313856],[-1.257237,49.313614],[-1.257129,49.313655],[-1.257346,49.3139],[-1.257454,49.313856]]]}},{"type":"Feature","properties":{},"geometry":{"type":"Polygon","coordinates":[[[-1.246588,49.30886],[-1.246566,49.308943],[-1.246633,49.30895],[-1.246656,49.308864],[-1.246588,49.30886]]]}},{"type":"Feature","properties":{},"geometry":{"type":"Polygon","coordinates":[[[-1.255965,49.295889],[-1.256022,49.295829],[-1.255919,49.295788],[-1.255861,49.295847],[-1.255965,49.295889]]]}},{"type":"Feature","properties":{},"geometry":{"type":"Polygon","coordinates":[[[-1.253887,49.297579],[-1.253914,49.297502],[-1.253807,49.297486],[-1.25378,49.297564],[-1.253887,49.297579]]]}},{"type":"Feature","properties":{},"geometry":{"type":"Polygon","coordinates":[[[-1.235152,49.304323],[-1.235228,49.304287],[-1.235181,49.304246],[-1.235106,49.304283],[-1.235152,49.304323]]]}},{"type":"Feature","properties":{},"geometry":{"type":"Polygon","coordinates":[[[-1.248643,49.304616],[-1.2486343,49.3045559],[-1.248628,49.304512],[-1.248513,49.30452],[-1.248528,49.304624],[-1.248643,49.304616]]]}},{"type":"Feature","properties":{},"geometry":{"type":"Polygon","coordinates":[[[-1.2545265,49.3129548],[-1.2544795,49.3128988],[-1.2543855,49.3129328],[-1.2544325,49.3129888],[-1.2545265,49.3129548]]]}},{"type":"Feature","properties":{},"geometry":{"type":"Polygon","coordinates":[[[-1.25763,49.314067],[-1.257517,49.313942],[-1.256924,49.314169],[-1.257037,49.314296],[-1.25763,49.314067]]]}},{"type":"Feature","properties":{},"geometry":{"type":"Polygon","coordinates":[[[-1.249304,49.29953],[-1.249433,49.299589],[-1.249493,49.299536],[-1.249364,49.299476],[-1.249304,49.29953]]]}},{"type":"Feature","properties":{},"geometry":{"type":"Polygon","coordinates":[[[-1.255684,49.295768],[-1.255733,49.295703],[-1.255623,49.295667],[-1.255574,49.295732],[-1.255684,49.295768]]]}},{"type":"Feature","properties":{},"geometry":{"type":"Polygon","coordinates":[[[-1.258888,49.29776],[-1.258927,49.297742],[-1.258862,49.297683],[-1.258823,49.2977],[-1.258888,49.29776]]]}},{"type":"Feature","properties":{},"geometry":{"type":"Polygon","coordinates":[[[-1.259242,49.309238],[-1.25931,49.309268],[-1.259362,49.309219],[-1.259294,49.309188],[-1.259242,49.309238]]]}},{"type":"Feature","properties":{},"geometry":{"type":"Polygon","coordinates":[[[-1.264534,49.285896],[-1.264457,49.285956],[-1.264556,49.286008],[-1.264632,49.285951],[-1.264534,49.285896]]]}},{"type":"Feature","properties":{},"geometry":{"type":"Polygon","coordinates":[[[-1.255758,49.307522],[-1.255842,49.307406],[-1.255731,49.307371],[-1.255647,49.307488],[-1.255758,49.307522]]]}},{"type":"Feature","properties":{},"geometry":{"type":"Polygon","coordinates":[[[-1.247639,49.298453],[-1.24773,49.298459],[-1.247744,49.298376],[-1.247654,49.298369],[-1.247639,49.298453]]]}},{"type":"Feature","properties":{},"geometry":{"type":"Polygon","coordinates":[[[-1.249166,49.298788],[-1.249205,49.29875],[-1.249124,49.298713],[-1.249082,49.29875],[-1.249166,49.298788]]]}},{"type":"Feature","properties":{},"geometry":{"type":"Polygon","coordinates":[[[-1.247,49.305608],[-1.247115,49.305623],[-1.247138,49.305547],[-1.247021,49.305535],[-1.247,49.305608]]]}},{"type":"Feature","properties":{},"geometry":{"type":"Polygon","coordinates":[[[-1.246032,49.302061],[-1.245995,49.302025],[-1.245929,49.302056],[-1.245966,49.302091],[-1.246032,49.302061]]]}},{"type":"Feature","properties":{},"geometry":{"type":"Polygon","coordinates":[[[-1.2516,49.297764],[-1.251598,49.29769],[-1.251406,49.297693],[-1.251408,49.297767],[-1.2516,49.297764]]]}},{"type":"Feature","properties":{},"geometry":{"type":"Polygon","coordinates":[[[-1.247477,49.29903],[-1.247573,49.299036],[-1.24759,49.298926],[-1.247494,49.29892],[-1.247477,49.29903]]]}},{"type":"Feature","properties":{},"geometry":{"type":"Polygon","coordinates":[[[-1.25034,49.305343],[-1.25045,49.305444],[-1.250515,49.305413],[-1.250405,49.305313],[-1.25034,49.305343]]]}},{"type":"Feature","properties":{},"geometry":{"type":"Polygon","coordinates":[[[-1.243403,49.292062],[-1.243286,49.292049],[-1.243273,49.2921],[-1.24339,49.292112],[-1.243403,49.292062]]]}},{"type":"Feature","properties":{},"geometry":{"type":"Polygon","coordinates":[[[-1.241303,49.306697],[-1.241341,49.306681],[-1.241235,49.306599],[-1.241203,49.306624],[-1.241303,49.306697]]]}},{"type":"Feature","properties":{},"geometry":{"type":"Polygon","coordinates":[[[-1.250918,49.305651],[-1.250968,49.305617],[-1.250863,49.305551],[-1.250813,49.305584],[-1.250918,49.305651]]]}},{"type":"Feature","properties":{},"geometry":{"type":"Polygon","coordinates":[[[-1.246269,49.301979],[-1.246281,49.301861],[-1.246192,49.301908],[-1.246183,49.302004],[-1.246269,49.301979]]]}},{"type":"Feature","properties":{},"geometry":{"type":"Polygon","coordinates":[[[-1.2541,49.287084],[-1.254213,49.287053],[-1.254178,49.287005],[-1.254071,49.287038],[-1.2541,49.287084]]]}},{"type":"Feature","properties":{},"geometry":{"type":"Polygon","coordinates":[[[-1.2405694,49.2970482],[-1.2404733,49.2970517],[-1.2404824,49.2971602],[-1.2405785,49.2971568],[-1.2405694,49.2970482]]]}},{"type":"Feature","properties":{},"geometry":{"type":"Polygon","coordinates":[[[-1.241133,49.30668],[-1.241069,49.306648],[-1.240988,49.306709],[-1.241056,49.306743],[-1.241133,49.30668]]]}},{"type":"Feature","properties":{},"geometry":{"type":"Polygon","coordinates":[[[-1.254587,49.305703],[-1.254525,49.305656],[-1.254409,49.305721],[-1.254471,49.305769],[-1.254587,49.305703]]]}},{"type":"Feature","properties":{},"geometry":{"type":"Polygon","coordinates":[[[-1.267065,49.307413],[-1.267132,49.307309],[-1.267049,49.307287],[-1.266986,49.30739],[-1.267065,49.307413]]]}},{"type":"Feature","properties":{},"geometry":{"type":"Polygon","coordinates":[[[-1.24779,49.304813],[-1.247886,49.304808],[-1.24788,49.304754],[-1.247784,49.304758],[-1.24779,49.304813]]]}},{"type":"Feature","properties":{},"geometry":{"type":"Polygon","coordinates":[[[-1.254315,49.305555],[-1.254257,49.305511],[-1.254142,49.305577],[-1.254201,49.305621],[-1.254315,49.305555]]]}},{"type":"Feature","properties":{},"geometry":{"type":"Polygon","coordinates":[[[-1.247468,49.300485],[-1.247473,49.300453],[-1.247352,49.300445],[-1.247347,49.300477],[-1.247468,49.300485]]]}},{"type":"Feature","properties":{},"geometry":{"type":"Polygon","coordinates":[[[-1.245745,49.305509],[-1.245846,49.305516],[-1.245851,49.305482],[-1.24575,49.305475],[-1.245745,49.305509]]]}},{"type":"Feature","properties":{},"geometry":{"type":"Polygon","coordinates":[[[-1.24964,49.300473],[-1.249608,49.300512],[-1.24968,49.300537],[-1.249712,49.300499],[-1.24964,49.300473]]]}},{"type":"Feature","properties":{},"geometry":{"type":"Polygon","coordinates":[[[-1.245712,49.301656],[-1.24575,49.301634],[-1.245681,49.301586],[-1.245645,49.301608],[-1.245712,49.301656]]]}},{"type":"Feature","properties":{},"geometry":{"type":"Polygon","coordinates":[[[-1.241346,49.295429],[-1.241315,49.295489],[-1.241435,49.295516],[-1.241466,49.295456],[-1.241346,49.295429]]]}},{"type":"Feature","properties":{},"geometry":{"type":"Polygon","coordinates":[[[-1.248367,49.298823],[-1.248431,49.298764],[-1.248353,49.298727],[-1.248289,49.298786],[-1.248367,49.298823]]]}},{"type":"Feature","properties":{},"geometry":{"type":"Polygon","coordinates":[[[-1.242487,49.305886],[-1.242563,49.30596],[-1.242626,49.305932],[-1.242553,49.305859],[-1.242487,49.305886]]]}},{"type":"Feature","properties":{},"geometry":{"type":"Polygon","coordinates":[[[-1.246095,49.308554],[-1.246086,49.308606],[-1.246194,49.308616],[-1.246202,49.308575],[-1.246095,49.308554]]]}},{"type":"Feature","properties":{},"geometry":{"type":"Polygon","coordinates":[[[-1.239358,49.302623],[-1.239396,49.302651],[-1.239462,49.302611],[-1.23942,49.302582],[-1.239358,49.302623]]]}},{"type":"Feature","properties":{},"geometry":{"type":"Polygon","coordinates":[[[-1.253822,49.307972],[-1.253956,49.307924],[-1.253905,49.307864],[-1.253771,49.307912],[-1.253822,49.307972]]]}},{"type":"Feature","properties":{},"geometry":{"type":"Polygon","coordinates":[[[-1.256013,49.312332],[-1.255893,49.312375],[-1.25606,49.31256],[-1.256177,49.312515],[-1.256013,49.312332]]]}},{"type":"Feature","properties":{},"geometry":{"type":"Polygon","coordinates":[[[-1.249334,49.312428],[-1.249285,49.312512],[-1.249374,49.312535],[-1.249424,49.312451],[-1.249334,49.312428]]]}},{"type":"Feature","properties":{},"geometry":{"type":"Polygon","coordinates":[[[-1.260609,49.309757],[-1.260636,49.309766],[-1.260713,49.309647],[-1.26069,49.30964],[-1.260609,49.309757]]]}},{"type":"Feature","properties":{},"geometry":{"type":"Polygon","coordinates":[[[-1.243011,49.301753],[-1.243151,49.301674],[-1.243104,49.301636],[-1.24298,49.301703],[-1.243011,49.301753]]]}},{"type":"Feature","properties":{},"geometry":{"type":"Polygon","coordinates":[[[-1.262085,49.285698],[-1.262139,49.28574],[-1.262202,49.285705],[-1.262149,49.285663],[-1.262085,49.285698]]]}},{"type":"Feature","properties":{},"geometry":{"type":"Polygon","coordinates":[[[-1.255674,49.313583],[-1.255483,49.313391],[-1.2550594,49.3135682],[-1.2552489,49.3137613],[-1.255674,49.313583]]]}},{"type":"Feature","properties":{},"geometry":{"type":"Polygon","coordinates":[[[-1.245942,49.308477],[-1.245971,49.308482],[-1.246032,49.308336],[-1.246002,49.308331],[-1.245942,49.308477]]]}},{"type":"Feature","properties":{},"geometry":{"type":"Polygon","coordinates":[[[-1.256366,49.296039],[-1.256457,49.295999],[-1.256389,49.295933],[-1.256298,49.295973],[-1.256366,49.296039]]]}},{"type":"Feature","properties":{},"geometry":{"type":"Polygon","coordinates":[[[-1.253841,49.306452],[-1.254418,49.306113],[-1.254341,49.306057],[-1.253764,49.306396],[-1.253841,49.306452]]]}},{"type":"Feature","properties":{},"geometry":{"type":"Polygon","coordinates":[[[-1.256407,49.307571],[-1.256228,49.307499],[-1.256166,49.307564],[-1.256345,49.307636],[-1.256407,49.307571]]]}},{"type":"Feature","properties":{},"geometry":{"type":"Polygon","coordinates":[[[-1.253743,49.305583],[-1.253683,49.305537],[-1.253565,49.305603],[-1.253625,49.305648],[-1.253743,49.305583]]]}},{"type":"Feature","properties":{},"geometry":{"type":"Polygon","coordinates":[[[-1.264468,49.31035],[-1.264387,49.310317],[-1.264339,49.310361],[-1.264407,49.310396],[-1.264468,49.31035]]]}},{"type":"Feature","properties":{},"geometry":{"type":"Polygon","coordinates":[[[-1.259521,49.292091],[-1.259631,49.292012],[-1.259553,49.291965],[-1.259442,49.292043],[-1.259521,49.292091]]]}},{"type":"Feature","properties":{},"geometry":{"type":"Polygon","coordinates":[[[-1.252427,49.305225],[-1.252349,49.305271],[-1.25239,49.305303],[-1.252468,49.305257],[-1.252427,49.305225]]]}},{"type":"Feature","properties":{},"geometry":{"type":"Polygon","coordinates":[[[-1.24567,49.309276],[-1.245512,49.309243],[-1.245444,49.309385],[-1.245602,49.309417],[-1.24567,49.309276]]]}},{"type":"Feature","properties":{},"geometry":{"type":"Polygon","coordinates":[[[-1.256293,49.298487],[-1.256364,49.298474],[-1.256334,49.298404],[-1.256266,49.298422],[-1.256293,49.298487]]]}},{"type":"Feature","properties":{},"geometry":{"type":"Polygon","coordinates":[[[-1.247999,49.299064],[-1.248069,49.299096],[-1.24814,49.299031],[-1.248071,49.298998],[-1.247999,49.299064]]]}},{"type":"Feature","properties":{},"geometry":{"type":"Polygon","coordinates":[[[-1.249694,49.298984],[-1.24978,49.298904],[-1.2497,49.298867],[-1.249613,49.298948],[-1.249694,49.298984]]]}},{"type":"Feature","properties":{},"geometry":{"type":"Polygon","coordinates":[[[-1.247408,49.285564],[-1.247463,49.285584],[-1.247734,49.285269],[-1.247679,49.285248],[-1.247408,49.285564]]]}},{"type":"Feature","properties":{},"geometry":{"type":"Polygon","coordinates":[[[-1.2429303,49.3065123],[-1.2429323,49.3065595],[-1.2430013,49.3065602],[-1.2430006,49.306513],[-1.2429303,49.3065123]]]}},{"type":"Feature","properties":{},"geometry":{"type":"Polygon","coordinates":[[[-1.260201,49.304229],[-1.260188,49.304146],[-1.259887,49.304167],[-1.259901,49.304251],[-1.260201,49.304229]]]}},{"type":"Feature","properties":{},"geometry":{"type":"Polygon","coordinates":[[[-1.24985,49.2995],[-1.249972,49.299557],[-1.250041,49.299493],[-1.249919,49.299436],[-1.24985,49.2995]]]}},{"type":"Feature","properties":{},"geometry":{"type":"Polygon","coordinates":[[[-1.241353,49.306404],[-1.241415,49.306377],[-1.241382,49.306324],[-1.241319,49.306342],[-1.241353,49.306404]]]}},{"type":"Feature","properties":{},"geometry":{"type":"Polygon","coordinates":[[[-1.238759,49.303999],[-1.23865,49.303928],[-1.238576,49.303977],[-1.238685,49.304048],[-1.238759,49.303999]]]}},{"type":"Feature","properties":{},"geometry":{"type":"Polygon","coordinates":[[[-1.259575,49.292731],[-1.25951,49.292685],[-1.259459,49.292716],[-1.259524,49.292762],[-1.259575,49.292731]]]}},{"type":"Feature","properties":{},"geometry":{"type":"Polygon","coordinates":[[[-1.2438532,49.3074291],[-1.2434512,49.3074281],[-1.2434502,49.3076171],[-1.2438522,49.3076191],[-1.2438532,49.3074291]]]}},{"type":"Feature","properties":{},"geometry":{"type":"Polygon","coordinates":[[[-1.23837,49.303257],[-1.238347,49.303198],[-1.238275,49.303212],[-1.238302,49.303268],[-1.23837,49.303257]]]}},{"type":"Feature","properties":{},"geometry":{"type":"Polygon","coordinates":[[[-1.253623,49.308568],[-1.253712,49.308489],[-1.253633,49.308451],[-1.253545,49.30853],[-1.253623,49.308568]]]}},{"type":"Feature","properties":{},"geometry":{"type":"Polygon","coordinates":[[[-1.259209,49.306918],[-1.259106,49.306882],[-1.259036,49.306967],[-1.259139,49.307003],[-1.259209,49.306918]]]}},{"type":"Feature","properties":{},"geometry":{"type":"Polygon","coordinates":[[[-1.241433,49.306173],[-1.241466,49.306228],[-1.241516,49.306216],[-1.241485,49.306161],[-1.241433,49.306173]]]}},{"type":"Feature","properties":{},"geometry":{"type":"Polygon","coordinates":[[[-1.248212,49.302296],[-1.248166,49.302346],[-1.248382,49.302426],[-1.24843,49.302374],[-1.248212,49.302296]]]}},{"type":"Feature","properties":{},"geometry":{"type":"Polygon","coordinates":[[[-1.252579,49.300222],[-1.252532,49.300122],[-1.252237,49.30018],[-1.252284,49.300281],[-1.252579,49.300222]]]}},{"type":"Feature","properties":{},"geometry":{"type":"Polygon","coordinates":[[[-1.244176,49.314814],[-1.244341,49.314841],[-1.244367,49.314776],[-1.2442,49.31475],[-1.244176,49.314814]]]}},{"type":"Feature","properties":{},"geometry":{"type":"Polygon","coordinates":[[[-1.261541,49.286239],[-1.261595,49.286211],[-1.261509,49.28614],[-1.261455,49.286168],[-1.261541,49.286239]]]}},{"type":"Feature","properties":{},"geometry":{"type":"Polygon","coordinates":[[[-1.2628375,49.3020768],[-1.2629079,49.3020742],[-1.2629041,49.302029],[-1.2628336,49.3020315],[-1.2628375,49.3020768]]]}},{"type":"Feature","properties":{},"geometry":{"type":"Polygon","coordinates":[[[-1.246706,49.300983],[-1.246802,49.300989],[-1.246817,49.300883],[-1.246721,49.300877],[-1.246706,49.300983]]]}},{"type":"Feature","properties":{},"geometry":{"type":"Polygon","coordinates":[[[-1.242936,49.30404],[-1.24296,49.303986],[-1.242862,49.303974],[-1.242848,49.304023],[-1.242936,49.30404]]]}},{"type":"Feature","properties":{},"geometry":{"type":"Polygon","coordinates":[[[-1.247248,49.300023],[-1.247236,49.300112],[-1.247345,49.300119],[-1.247357,49.300029],[-1.247248,49.300023]]]}},{"type":"Feature","properties":{},"geometry":{"type":"Polygon","coordinates":[[[-1.243464,49.301789],[-1.243541,49.301814],[-1.243625,49.301715],[-1.24355,49.301688],[-1.243464,49.301789]]]}},{"type":"Feature","properties":{},"geometry":{"type":"Polygon","coordinates":[[[-1.242601,49.303634],[-1.242531,49.303632],[-1.242467,49.303722],[-1.242528,49.303739],[-1.242601,49.303634]]]}},{"type":"Feature","properties":{},"geometry":{"type":"Polygon","coordinates":[[[-1.241173,49.303543],[-1.241114,49.303531],[-1.241083,49.303624],[-1.241143,49.303637],[-1.241173,49.303543]]]}},{"type":"Feature","properties":{},"geometry":{"type":"Polygon","coordinates":[[[-1.24473,49.308125],[-1.244668,49.30811],[-1.244637,49.308161],[-1.244702,49.308177],[-1.24473,49.308125]]]}},{"type":"Feature","properties":{},"geometry":{"type":"Polygon","coordinates":[[[-1.247524,49.301368],[-1.247531,49.301323],[-1.247409,49.301315],[-1.247402,49.301359],[-1.247524,49.301368]]]}},{"type":"Feature","properties":{},"geometry":{"type":"Polygon","coordinates":[[[-1.246814,49.305389],[-1.246736,49.305377],[-1.246721,49.305424],[-1.246799,49.305435],[-1.246814,49.305389]]]}},{"type":"Feature","properties":{},"geometry":{"type":"Polygon","coordinates":[[[-1.257302,49.311321],[-1.257613,49.311068],[-1.257398,49.310953],[-1.257092,49.311207],[-1.257302,49.311321]]]}},{"type":"Feature","properties":{},"geometry":{"type":"Polygon","coordinates":[[[-1.249823,49.304583],[-1.249853,49.304517],[-1.249752,49.304497],[-1.249722,49.304563],[-1.249823,49.304583]]]}},{"type":"Feature","properties":{},"geometry":{"type":"Polygon","coordinates":[[[-1.254101,49.3120098],[-1.2541345,49.3120544],[-1.2541734,49.3121033],[-1.2542056,49.3121409],[-1.2542391,49.3121785],[-1.2542766,49.3122161],[-1.2543236,49.3122013],[-1.2543491,49.3121899],[-1.2543906,49.312175],[-1.2544684,49.3121427],[-1.2544175,49.3120806],[-1.2543853,49.3120115],[-1.2543585,49.3119722],[-1.2542617,49.3118502],[-1.254223,49.31187],[-1.254262,49.311912],[-1.2541908,49.3119363],[-1.2541399,49.3119591],[-1.254079,49.311983],[-1.254101,49.3120098]]]}},{"type":"Feature","properties":{},"geometry":{"type":"Polygon","coordinates":[[[-1.248011,49.311916],[-1.248242,49.311936],[-1.248257,49.311863],[-1.248025,49.311844],[-1.248011,49.311916]]]}},{"type":"Feature","properties":{},"geometry":{"type":"Polygon","coordinates":[[[-1.24916,49.306012],[-1.249221,49.306034],[-1.249383,49.305814],[-1.249315,49.305826],[-1.24916,49.306012]]]}},{"type":"Feature","properties":{},"geometry":{"type":"Polygon","coordinates":[[[-1.242563,49.30596],[-1.242617,49.306013],[-1.242682,49.305987],[-1.242626,49.305932],[-1.242563,49.30596]]]}},{"type":"Feature","properties":{},"geometry":{"type":"Polygon","coordinates":[[[-1.248187,49.300482],[-1.248285,49.300488],[-1.248305,49.300355],[-1.248206,49.300349],[-1.248187,49.300482]]]}},{"type":"Feature","properties":{},"geometry":{"type":"Polygon","coordinates":[[[-1.249429,49.300174],[-1.249508,49.300182],[-1.249539,49.300144],[-1.249434,49.300136],[-1.249429,49.300174]]]}},{"type":"Feature","properties":{},"geometry":{"type":"Polygon","coordinates":[[[-1.247651,49.308677],[-1.247607,49.308595],[-1.247509,49.308619],[-1.247556,49.3087],[-1.247651,49.308677]]]}},{"type":"Feature","properties":{},"geometry":{"type":"Polygon","coordinates":[[[-1.246775,49.306077],[-1.247061,49.306038],[-1.24703,49.305939],[-1.246745,49.30598],[-1.246775,49.306077]]]}},{"type":"Feature","properties":{},"geometry":{"type":"Polygon","coordinates":[[[-1.253452,49.302512],[-1.253446,49.302492],[-1.253317,49.302511],[-1.253321,49.302524],[-1.253282,49.302529],[-1.253234,49.302537],[-1.253229,49.302524],[-1.253147,49.302536],[-1.253065,49.302547],[-1.25307,49.302561],[-1.253025,49.302567],[-1.252979,49.302574],[-1.252972,49.302562],[-1.252889,49.302574],[-1.252813,49.302584],[-1.252817,49.302597],[-1.252767,49.302604],[-1.252733,49.302609],[-1.252725,49.302598],[-1.252642,49.302609],[-1.252642,49.302628],[-1.252659,49.302678],[-1.252742,49.302666],[-1.252772,49.302676],[-1.25279,49.302672],[-1.252818,49.302668],[-1.252831,49.302654],[-1.252912,49.302643],[-1.252996,49.30263],[-1.253026,49.30264],[-1.253047,49.302637],[-1.253074,49.302632],[-1.253088,49.302617],[-1.25317,49.302606],[-1.253255,49.302593],[-1.253282,49.302603],[-1.253306,49.3026],[-1.253329,49.302596],[-1.253345,49.30258],[-1.253469,49.302564],[-1.253452,49.302512]]]}},{"type":"Feature","properties":{},"geometry":{"type":"Polygon","coordinates":[[[-1.252899,49.302143],[-1.252842,49.302106],[-1.25278,49.302147],[-1.252749,49.302145],[-1.252733,49.302157],[-1.252718,49.302168],[-1.252719,49.302186],[-1.252655,49.302228],[-1.252595,49.302268],[-1.252565,49.302268],[-1.252548,49.302279],[-1.252531,49.30229],[-1.252532,49.302309],[-1.252469,49.302351],[-1.252407,49.302391],[-1.252382,49.30239],[-1.252364,49.302402],[-1.252345,49.302414],[-1.252347,49.302431],[-1.252283,49.302473],[-1.252349,49.302515],[-1.252367,49.302527],[-1.252427,49.302486],[-1.252414,49.302477],[-1.252448,49.302455],[-1.252478,49.302435],[-1.252493,49.302443],[-1.252552,49.302404],[-1.252611,49.302365],[-1.252593,49.302355],[-1.25263,49.302331],[-1.252659,49.302312],[-1.252675,49.30232],[-1.252737,49.302279],[-1.252795,49.302241],[-1.252779,49.302232],[-1.252814,49.30221],[-1.252843,49.30219],[-1.252858,49.302198],[-1.252921,49.302158],[-1.252899,49.302143]]]}},{"type":"Feature","properties":{},"geometry":{"type":"Polygon","coordinates":[[[-1.239801,49.308983],[-1.239832,49.308988],[-1.239825,49.309006],[-1.239981,49.309033],[-1.239986,49.30902],[-1.240028,49.309028],[-1.240043,49.308992],[-1.240083,49.308999],[-1.240076,49.309017],[-1.240227,49.309044],[-1.240233,49.309029],[-1.240271,49.309035],[-1.240284,49.309004],[-1.240322,49.30901],[-1.240315,49.309026],[-1.240477,49.309055],[-1.240486,49.309037],[-1.240516,49.309043],[-1.24053,49.309016],[-1.240557,49.309021],[-1.240572,49.308989],[-1.240548,49.308985],[-1.24056,49.308955],[-1.240523,49.308948],[-1.240531,49.308929],[-1.240375,49.308902],[-1.240367,49.30892],[-1.240332,49.308913],[-1.240319,49.308945],[-1.240279,49.308939],[-1.240286,49.308922],[-1.24013,49.308894],[-1.240124,49.308909],[-1.240081,49.308902],[-1.240067,49.308936],[-1.240032,49.308929],[-1.24004,49.30891],[-1.239883,49.308882],[-1.239875,49.3089],[-1.239838,49.308893],[-1.239801,49.308983]]]}},{"type":"Feature","properties":{},"geometry":{"type":"Polygon","coordinates":[[[-1.2407863,49.307617],[-1.2407823,49.307616],[-1.2407783,49.307617],[-1.2407643,49.307642],[-1.2407653,49.307646],[-1.2407723,49.307647],[-1.2407563,49.307678],[-1.2407503,49.307676],[-1.2407473,49.307682],[-1.2407793,49.307689],[-1.2407653,49.307715],[-1.2408543,49.30772],[-1.2409003,49.307724],[-1.2409993,49.307525],[-1.2411193,49.30755],[-1.2411703,49.307452],[-1.2411213,49.307441],[-1.2411193,49.307446],[-1.2410713,49.307436],[-1.2410643,49.307431],[-1.2409113,49.307401],[-1.2409053,49.307415],[-1.2409053,49.307418],[-1.2409073,49.30742],[-1.2409123,49.307421],[-1.2408943,49.307459],[-1.2408873,49.307458],[-1.2408843,49.307459],[-1.2408763,49.307473],[-1.2408773,49.307476],[-1.2408863,49.307478],[-1.2408753,49.307502],[-1.2408393,49.307494],[-1.2408243,49.307524],[-1.2408303,49.307525],[-1.2408153,49.307554],[-1.2408113,49.307553],[-1.2408083,49.307554],[-1.2407923,49.307583],[-1.2407933,49.307585],[-1.2407993,49.307587],[-1.2407863,49.307617]]]}},{"type":"Feature","properties":{},"geometry":{"type":"Polygon","coordinates":[[[-1.258191,49.301229],[-1.258218,49.301224],[-1.258231,49.301258],[-1.258212,49.301261],[-1.258226,49.301295],[-1.258196,49.3013],[-1.258217,49.301353],[-1.258361,49.301329],[-1.258342,49.301277],[-1.25831,49.301282],[-1.258297,49.301246],[-1.258325,49.301241],[-1.258314,49.301208],[-1.258342,49.301204],[-1.258324,49.301152],[-1.258305,49.301101],[-1.258274,49.301106],[-1.258261,49.30107],[-1.258289,49.301064],[-1.258277,49.301032],[-1.258304,49.301028],[-1.258285,49.300974],[-1.258265,49.300923],[-1.258237,49.300928],[-1.258224,49.300895],[-1.258211,49.300861],[-1.258241,49.300856],[-1.258221,49.300803],[-1.258065,49.300828],[-1.258082,49.300881],[-1.25811,49.300877],[-1.258122,49.300911],[-1.258135,49.300944],[-1.258107,49.300949],[-1.258128,49.301001],[-1.258146,49.301052],[-1.258175,49.301048],[-1.258186,49.301081],[-1.258166,49.301086],[-1.258178,49.301121],[-1.258152,49.301125],[-1.258171,49.301176],[-1.258191,49.301229]]]}},{"type":"Feature","properties":{},"geometry":{"type":"Polygon","coordinates":[[[-1.255544,49.300624],[-1.255578,49.300708],[-1.255663,49.300694],[-1.255659,49.300681],[-1.255741,49.300667],[-1.255823,49.300653],[-1.255827,49.300663],[-1.255912,49.300649],[-1.255995,49.300635],[-1.256,49.300647],[-1.256086,49.300632],[-1.256053,49.300549],[-1.25603,49.300552],[-1.256026,49.30054],[-1.255984,49.300546],[-1.255989,49.30056],[-1.255969,49.300563],[-1.255948,49.300566],[-1.255944,49.300554],[-1.255902,49.300559],[-1.255906,49.300574],[-1.255884,49.300577],[-1.255866,49.30058],[-1.255862,49.300568],[-1.25582,49.300575],[-1.255824,49.300588],[-1.255797,49.300592],[-1.255794,49.300581],[-1.255773,49.300584],[-1.255769,49.300573],[-1.255727,49.300579],[-1.255732,49.300593],[-1.255712,49.300595],[-1.255694,49.300598],[-1.255689,49.300586],[-1.255646,49.300593],[-1.255651,49.300606],[-1.25563,49.30061],[-1.255609,49.300613],[-1.255604,49.3006],[-1.255563,49.300608],[-1.255568,49.30062],[-1.255544,49.300624]]]}},{"type":"Feature","properties":{},"geometry":{"type":"Polygon","coordinates":[[[-1.247358,49.304059],[-1.247388,49.304291],[-1.247614,49.304278],[-1.248187,49.304243],[-1.248159,49.304056],[-1.248153,49.304012],[-1.248084,49.304015],[-1.248076,49.303969],[-1.247668,49.303993],[-1.247671,49.304039],[-1.2476244,49.3040411],[-1.247583,49.304043],[-1.247579,49.304016],[-1.247575,49.303979],[-1.247508,49.303983],[-1.247502,49.303983],[-1.247497,49.303983],[-1.247493,49.303984],[-1.247488,49.303985],[-1.247483,49.303986],[-1.247477,49.303987],[-1.247472,49.303988],[-1.247467,49.303989],[-1.247463,49.30399],[-1.247459,49.303991],[-1.247455,49.303992],[-1.247452,49.303993],[-1.247448,49.303995],[-1.247445,49.303996],[-1.247442,49.303997],[-1.247439,49.303998],[-1.247436,49.304],[-1.247374,49.304041],[-1.247373,49.304042],[-1.247372,49.304044],[-1.247372,49.304045],[-1.247372,49.304047],[-1.247371,49.304049],[-1.247371,49.30405],[-1.247371,49.304052],[-1.247371,49.304053],[-1.247371,49.304055],[-1.247372,49.304056],[-1.247372,49.304058],[-1.247358,49.304059]]]}},{"type":"Feature","properties":{},"geometry":{"type":"Polygon","coordinates":[[[-1.256164,49.300436],[-1.256199,49.30052],[-1.256283,49.300507],[-1.256286,49.300514],[-1.256324,49.300509],[-1.256366,49.300501],[-1.256363,49.300493],[-1.256446,49.300479],[-1.256449,49.300488],[-1.256506,49.300478],[-1.256514,49.300499],[-1.256581,49.300487],[-1.256649,49.300476],[-1.256641,49.300455],[-1.256696,49.300445],[-1.256662,49.300362],[-1.256641,49.300366],[-1.256635,49.300353],[-1.256592,49.300361],[-1.256597,49.300373],[-1.256575,49.300377],[-1.256591,49.300415],[-1.256558,49.300421],[-1.256514,49.300426],[-1.256504,49.30039],[-1.256479,49.300393],[-1.256476,49.300382],[-1.256432,49.300387],[-1.256436,49.300402],[-1.256414,49.300405],[-1.256411,49.300393],[-1.256388,49.300396],[-1.256385,49.300386],[-1.256342,49.300391],[-1.256346,49.300405],[-1.256326,49.300408],[-1.25633,49.300423],[-1.256293,49.300428],[-1.256256,49.300434],[-1.25625,49.300421],[-1.256229,49.300425],[-1.256223,49.300411],[-1.256181,49.300419],[-1.256187,49.300432],[-1.256164,49.300436]]]}},{"type":"Feature","properties":{},"geometry":{"type":"Polygon","coordinates":[[[-1.255456,49.292022],[-1.25552,49.291969],[-1.255384,49.291898],[-1.255411,49.291876],[-1.255441,49.291892],[-1.255556,49.291797],[-1.255638,49.291727],[-1.255665,49.291741],[-1.255771,49.291652],[-1.255805,49.291669],[-1.255781,49.291689],[-1.255928,49.291763],[-1.2559,49.291787],[-1.25605,49.291862],[-1.256115,49.291809],[-1.256007,49.291752],[-1.256054,49.291714],[-1.256015,49.291693],[-1.255974,49.291672],[-1.255953,49.291688],[-1.255849,49.291635],[-1.255899,49.291595],[-1.255867,49.291578],[-1.255816,49.291552],[-1.255766,49.291594],[-1.255707,49.291563],[-1.255673,49.291591],[-1.255642,49.291617],[-1.255666,49.291629],[-1.255583,49.291699],[-1.255555,49.291685],[-1.255507,49.291727],[-1.255444,49.291696],[-1.255413,49.291723],[-1.25538,49.291749],[-1.255441,49.291782],[-1.255359,49.291848],[-1.255294,49.291814],[-1.255292,49.291816],[-1.255231,49.291869],[-1.255295,49.291901],[-1.255248,49.291943],[-1.255288,49.291963],[-1.255329,49.291984],[-1.25535,49.291967],[-1.255456,49.292022]]]}},{"type":"Feature","properties":{},"geometry":{"type":"Polygon","coordinates":[[[-1.250918,49.303133],[-1.250902,49.303037],[-1.250801,49.303044],[-1.250802,49.303053],[-1.250749,49.303057],[-1.250747,49.303048],[-1.250745,49.303048],[-1.25071,49.30305],[-1.250697,49.303051],[-1.250698,49.30306],[-1.250646,49.303065],[-1.250642,49.303055],[-1.250594,49.303058],[-1.250544,49.303062],[-1.250546,49.303072],[-1.250489,49.303075],[-1.250488,49.303065],[-1.250466,49.303067],[-1.250431,49.30307],[-1.250432,49.303078],[-1.250378,49.303082],[-1.250377,49.303073],[-1.250325,49.303077],[-1.250281,49.30308],[-1.250282,49.303089],[-1.250225,49.303093],[-1.250224,49.303084],[-1.25019,49.303086],[-1.250166,49.303088],[-1.250168,49.303098],[-1.250114,49.303101],[-1.250113,49.303092],[-1.250062,49.303095],[-1.250006,49.303099],[-1.250008,49.303109],[-1.249954,49.303112],[-1.249953,49.303103],[-1.249936,49.303104],[-1.249903,49.303106],[-1.249904,49.303116],[-1.249846,49.303121],[-1.249844,49.303111],[-1.249744,49.303117],[-1.249759,49.303217],[-1.250079,49.303193],[-1.250347,49.303174],[-1.250609,49.303156],[-1.250918,49.303133]]]}},{"type":"Feature","properties":{},"geometry":{"type":"Polygon","coordinates":[[[-1.244596,49.299628],[-1.244508,49.299687],[-1.244489,49.299699],[-1.244452,49.299724],[-1.244417,49.299747],[-1.244425,49.299752],[-1.244318,49.299823],[-1.244326,49.299829],[-1.244221,49.299899],[-1.244198,49.299914],[-1.244162,49.299891],[-1.244142,49.299878],[-1.244031,49.299807],[-1.243921,49.299736],[-1.2439,49.299723],[-1.243863,49.299699],[-1.243862,49.299699],[-1.243879,49.299687],[-1.243778,49.299623],[-1.243703,49.299675],[-1.243803,49.299738],[-1.243837,49.299759],[-1.243822,49.299769],[-1.24386,49.299793],[-1.243889,49.299812],[-1.243958,49.299856],[-1.24409,49.299941],[-1.244105,49.299931],[-1.244139,49.299952],[-1.244161,49.299939],[-1.244218,49.299976],[-1.244257,49.299953],[-1.244272,49.299962],[-1.24431,49.299937],[-1.244331,49.299922],[-1.244402,49.299874],[-1.244395,49.299869],[-1.244443,49.299838],[-1.244466,49.299822],[-1.244499,49.299798],[-1.244485,49.299787],[-1.244517,49.299767],[-1.244554,49.299744],[-1.244563,49.299749],[-1.244597,49.299726],[-1.244621,49.29971],[-1.244673,49.299676],[-1.244596,49.299628]]]}},{"type":"Feature","properties":{},"geometry":{"type":"Polygon","coordinates":[[[-1.241224,49.30528],[-1.241127,49.305227],[-1.241014,49.305317],[-1.241022,49.305321],[-1.241112,49.305371],[-1.241224,49.30528]]]}},{"type":"Feature","properties":{},"geometry":{"type":"Polygon","coordinates":[[[-1.25044,49.304771],[-1.2502844,49.3046371],[-1.250186,49.304689],[-1.250204,49.304704],[-1.250339,49.304822],[-1.25044,49.304771]]]}},{"type":"Feature","properties":{},"geometry":{"type":"Polygon","coordinates":[[[-1.240899,49.303227],[-1.240912,49.303265],[-1.241056,49.303253],[-1.241063,49.303213],[-1.241004,49.303218],[-1.240899,49.303227]]]}},{"type":"Feature","properties":{},"geometry":{"type":"Polygon","coordinates":[[[-1.238168,49.303001],[-1.237903,49.303047],[-1.23789,49.30305],[-1.237931,49.303151],[-1.23821,49.303101],[-1.238168,49.303001]]]}},{"type":"Feature","properties":{},"geometry":{"type":"Polygon","coordinates":[[[-1.24663,49.304869],[-1.246688,49.30481],[-1.246695,49.304791],[-1.246656,49.304774],[-1.246582,49.304843],[-1.24663,49.304869]]]}},{"type":"Feature","properties":{},"geometry":{"type":"Polygon","coordinates":[[[-1.254066,49.294561],[-1.254106,49.294474],[-1.254058,49.294464],[-1.254048,49.294462],[-1.254007,49.294549],[-1.254066,49.294561]]]}},{"type":"Feature","properties":{},"geometry":{"type":"Polygon","coordinates":[[[-1.241749,49.303566],[-1.2417461,49.30352],[-1.241744,49.303487],[-1.241628,49.30347],[-1.241623,49.303523],[-1.241624,49.303551],[-1.241749,49.303566]]]}},{"type":"Feature","properties":{},"geometry":{"type":"Polygon","coordinates":[[[-1.242481,49.303911],[-1.242418,49.303895],[-1.242352,49.303988],[-1.242345,49.303998],[-1.2423747,49.3040073],[-1.242409,49.304018],[-1.242481,49.303911]]]}},{"type":"Feature","properties":{},"geometry":{"type":"Polygon","coordinates":[[[-1.264683,49.296473],[-1.264684,49.29649],[-1.264685,49.296502],[-1.264812,49.2965],[-1.264796,49.296474],[-1.264683,49.296473]]]}},{"type":"Feature","properties":{},"geometry":{"type":"Polygon","coordinates":[[[-1.238648,49.30876],[-1.238769,49.308754],[-1.238772,49.308725],[-1.238751,49.308726],[-1.238647,49.308729],[-1.238648,49.30876]]]}},{"type":"Feature","properties":{},"geometry":{"type":"Polygon","coordinates":[[[-1.252869,49.288634],[-1.252897,49.288602],[-1.252808,49.288569],[-1.25278,49.2886],[-1.252813,49.288613],[-1.252869,49.288634]]]}},{"type":"Feature","properties":{},"geometry":{"type":"Polygon","coordinates":[[[-1.241638,49.303342],[-1.241734,49.303352],[-1.241727,49.303222],[-1.241657,49.303214],[-1.241623,49.30321],[-1.241638,49.303342]]]}},{"type":"Feature","properties":{},"geometry":{"type":"Polygon","coordinates":[[[-1.239358,49.302623],[-1.23942,49.302582],[-1.239335,49.302526],[-1.239332,49.302528],[-1.239273,49.302567],[-1.239358,49.302623]]]}},{"type":"Feature","properties":{},"geometry":{"type":"Polygon","coordinates":[[[-1.255215,49.297155],[-1.255039,49.297133],[-1.255015,49.297206],[-1.255191,49.297231],[-1.255211,49.297169],[-1.255215,49.297155]]]}},{"type":"Feature","properties":{},"geometry":{"type":"Polygon","coordinates":[[[-1.238948,49.305179],[-1.239021,49.30521],[-1.239032,49.305196],[-1.239059,49.305169],[-1.238986,49.305137],[-1.238948,49.305179]]]}},{"type":"Feature","properties":{},"geometry":{"type":"Polygon","coordinates":[[[-1.245728,49.304298],[-1.245827,49.304274],[-1.245817,49.304254],[-1.245806,49.304236],[-1.245706,49.304255],[-1.245728,49.304298]]]}},{"type":"Feature","properties":{},"geometry":{"type":"Polygon","coordinates":[[[-1.264352,49.310084],[-1.264334,49.31011],[-1.264417,49.310129],[-1.264435,49.310095],[-1.264358,49.310076],[-1.264352,49.310084]]]}},{"type":"Feature","properties":{},"geometry":{"type":"Polygon","coordinates":[[[-1.250873,49.298905],[-1.250804,49.29888],[-1.250763,49.298928],[-1.250833,49.298954],[-1.250836,49.298955],[-1.250873,49.298905]]]}},{"type":"Feature","properties":{},"geometry":{"type":"Polygon","coordinates":[[[-1.247463,49.285584],[-1.247527,49.285608],[-1.247577,49.28555],[-1.247797,49.285292],[-1.247734,49.285269],[-1.247463,49.285584]]]}},{"type":"Feature","properties":{},"geometry":{"type":"Polygon","coordinates":[[[-1.251932,49.305348],[-1.251992,49.305314],[-1.251977,49.305302],[-1.25192,49.305257],[-1.251858,49.305292],[-1.251932,49.305348]]]}},{"type":"Feature","properties":{},"geometry":{"type":"Polygon","coordinates":[[[-1.264654,49.310553],[-1.264601,49.310523],[-1.2645,49.3106],[-1.264552,49.31063],[-1.264566,49.31062],[-1.264654,49.310553]]]}},{"type":"Feature","properties":{},"geometry":{"type":"Polygon","coordinates":[[[-1.243275,49.30409],[-1.243209,49.304078],[-1.243202,49.304077],[-1.24318,49.304124],[-1.243254,49.304139],[-1.243275,49.30409]]]}},{"type":"Feature","properties":{},"geometry":{"type":"Polygon","coordinates":[[[-1.248888,49.301589],[-1.24881,49.301713],[-1.248802,49.301727],[-1.248878,49.301755],[-1.248964,49.301613],[-1.248888,49.301589]]]}},{"type":"Feature","properties":{},"geometry":{"type":"Polygon","coordinates":[[[-1.236685,49.303207],[-1.236895,49.303206],[-1.236893,49.303142],[-1.236682,49.303143],[-1.236683,49.303167],[-1.236685,49.303207]]]}},{"type":"Feature","properties":{},"geometry":{"type":"Polygon","coordinates":[[[-1.240872,49.306493],[-1.240954,49.306422],[-1.240884,49.306386],[-1.240851,49.306416],[-1.240801,49.30646],[-1.240872,49.306493]]]}},{"type":"Feature","properties":{},"geometry":{"type":"Polygon","coordinates":[[[-1.249391,49.301271],[-1.249488,49.301304],[-1.249554,49.301217],[-1.249514,49.3012],[-1.249463,49.301178],[-1.249391,49.301271]]]}},{"type":"Feature","properties":{},"geometry":{"type":"Polygon","coordinates":[[[-1.240747,49.306242],[-1.24075,49.306243],[-1.240854,49.306223],[-1.240802,49.306188],[-1.240685,49.30621],[-1.240747,49.306242]]]}},{"type":"Feature","properties":{},"geometry":{"type":"Polygon","coordinates":[[[-1.245732,49.304047],[-1.245797,49.304015],[-1.245717,49.303939],[-1.245693,49.303917],[-1.245623,49.303959],[-1.245732,49.304047]]]}},{"type":"Feature","properties":{},"geometry":{"type":"Polygon","coordinates":[[[-1.248245,49.302458],[-1.248278,49.302422],[-1.24821,49.302395],[-1.248175,49.30243],[-1.248207,49.302443],[-1.248245,49.302458]]]}},{"type":"Feature","properties":{},"geometry":{"type":"Polygon","coordinates":[[[-1.240747,49.299573],[-1.240799,49.299621],[-1.240834,49.299605],[-1.24086,49.299594],[-1.240807,49.299546],[-1.240747,49.299573]]]}},{"type":"Feature","properties":{},"geometry":{"type":"Polygon","coordinates":[[[-1.242334,49.304245],[-1.242344,49.304247],[-1.242364,49.304216],[-1.242274,49.304191],[-1.242254,49.304221],[-1.242334,49.304245]]]}},{"type":"Feature","properties":{},"geometry":{"type":"Polygon","coordinates":[[[-1.24805,49.3048],[-1.24817,49.304794],[-1.248166,49.304772],[-1.248159,49.304735],[-1.248043,49.304741],[-1.24805,49.3048]]]}},{"type":"Feature","properties":{},"geometry":{"type":"Polygon","coordinates":[[[-1.242582,49.30115],[-1.242591,49.301149],[-1.242594,49.30111],[-1.242492,49.301107],[-1.242487,49.301147],[-1.242582,49.30115]]]}},{"type":"Feature","properties":{},"geometry":{"type":"Polygon","coordinates":[[[-1.258748,49.296072],[-1.258639,49.296098],[-1.258729,49.296253],[-1.258838,49.296226],[-1.258819,49.296193],[-1.258748,49.296072]]]}},{"type":"Feature","properties":{},"geometry":{"type":"Polygon","coordinates":[[[-1.246856,49.30572],[-1.24691,49.305714],[-1.24691,49.305712],[-1.246883,49.305611],[-1.246829,49.305617],[-1.246856,49.30572]]]}},{"type":"Feature","properties":{},"geometry":{"type":"Polygon","coordinates":[[[-1.246478,49.302893],[-1.246387,49.30292],[-1.246468,49.303032],[-1.246542,49.303133],[-1.24663,49.303108],[-1.246478,49.302893]]]}},{"type":"Feature","properties":{},"geometry":{"type":"Polygon","coordinates":[[[-1.259823,49.295309],[-1.259768,49.29524],[-1.259616,49.295292],[-1.259639,49.295324],[-1.25967,49.295362],[-1.259823,49.295309]]]}},{"type":"Feature","properties":{},"geometry":{"type":"Polygon","coordinates":[[[-1.251006,49.302915],[-1.251094,49.302898],[-1.251103,49.302887],[-1.251051,49.302766],[-1.25095,49.302785],[-1.251006,49.302915]]]}},{"type":"Feature","properties":{},"geometry":{"type":"Polygon","coordinates":[[[-1.247706,49.299901],[-1.24771,49.299871],[-1.247642,49.299867],[-1.247591,49.299864],[-1.247587,49.299892],[-1.247706,49.299901]]]}},{"type":"Feature","properties":{},"geometry":{"type":"Polygon","coordinates":[[[-1.241715,49.304046],[-1.241642,49.304035],[-1.241608,49.304118],[-1.241633,49.304123],[-1.24168,49.304131],[-1.241715,49.304046]]]}},{"type":"Feature","properties":{},"geometry":{"type":"Polygon","coordinates":[[[-1.2510318,49.3021043],[-1.2510229,49.3020824],[-1.2509975,49.3020868],[-1.2509022,49.3021033],[-1.2508891,49.3021055],[-1.250898,49.3021274],[-1.2510318,49.3021043]]]}},{"type":"Feature","properties":{},"geometry":{"type":"Polygon","coordinates":[[[-1.241686,49.302448],[-1.241688,49.302462],[-1.24174,49.302458],[-1.241725,49.302401],[-1.241674,49.302395],[-1.241686,49.302448]]]}},{"type":"Feature","properties":{},"geometry":{"type":"Polygon","coordinates":[[[-1.245895,49.306513],[-1.24599,49.306507],[-1.245986,49.306495],[-1.245977,49.306467],[-1.245879,49.306472],[-1.245895,49.306513]]]}},{"type":"Feature","properties":{},"geometry":{"type":"Polygon","coordinates":[[[-1.2404176,49.2972761],[-1.2404099,49.297372],[-1.2405291,49.2973761],[-1.2405368,49.2972802],[-1.2404176,49.2972761]]]}},{"type":"Feature","properties":{},"geometry":{"type":"Polygon","coordinates":[[[-1.240647,49.304452],[-1.240779,49.30445],[-1.240775,49.304397],[-1.240772,49.304351],[-1.240565,49.304353],[-1.240647,49.304452]]]}},{"type":"Feature","properties":{},"geometry":{"type":"Polygon","coordinates":[[[-1.252064,49.306865],[-1.251944,49.30691],[-1.25205,49.307028],[-1.252173,49.306981],[-1.25213,49.306934],[-1.252064,49.306865]]]}},{"type":"Feature","properties":{},"geometry":{"type":"Polygon","coordinates":[[[-1.243091,49.302857],[-1.243011,49.302851],[-1.243004,49.302908],[-1.242999,49.302945],[-1.243078,49.30295],[-1.243091,49.302857]]]}},{"type":"Feature","properties":{},"geometry":{"type":"Polygon","coordinates":[[[-1.245972,49.30671],[-1.246068,49.306694],[-1.246033,49.306609],[-1.246029,49.306609],[-1.245935,49.306615],[-1.245972,49.30671]]]}},{"type":"Feature","properties":{},"geometry":{"type":"Polygon","coordinates":[[[-1.248403,49.302336],[-1.248454,49.302356],[-1.248456,49.302353],[-1.248501,49.302293],[-1.248452,49.302273],[-1.248403,49.302336]]]}},{"type":"Feature","properties":{},"geometry":{"type":"Polygon","coordinates":[[[-1.250058,49.300353],[-1.250024,49.300402],[-1.250087,49.300421],[-1.250092,49.300414],[-1.250127,49.300373],[-1.250058,49.300353]]]}},{"type":"Feature","properties":{},"geometry":{"type":"Polygon","coordinates":[[[-1.26446,49.295252],[-1.264576,49.295225],[-1.264506,49.295097],[-1.264391,49.295123],[-1.264415,49.295169],[-1.26446,49.295252]]]}},{"type":"Feature","properties":{},"geometry":{"type":"Polygon","coordinates":[[[-1.260112,49.310047],[-1.26011,49.310045],[-1.260019,49.309999],[-1.259801,49.310183],[-1.259896,49.310231],[-1.260112,49.310047]]]}},{"type":"Feature","properties":{},"geometry":{"type":"Polygon","coordinates":[[[-1.255088,49.298782],[-1.255203,49.298808],[-1.255255,49.298704],[-1.255142,49.298678],[-1.255141,49.298681],[-1.255088,49.298782]]]}},{"type":"Feature","properties":{},"geometry":{"type":"Polygon","coordinates":[[[-1.249339,49.300786],[-1.249351,49.300716],[-1.249245,49.300709],[-1.249233,49.300708],[-1.24922,49.300777],[-1.249339,49.300786]]]}},{"type":"Feature","properties":{},"geometry":{"type":"Polygon","coordinates":[[[-1.258711,49.301212],[-1.25871,49.301191],[-1.258614,49.301193],[-1.25862,49.301298],[-1.258714,49.301296],[-1.258711,49.301212]]]}},{"type":"Feature","properties":{},"geometry":{"type":"Polygon","coordinates":[[[-1.25526,49.299288],[-1.255411,49.299194],[-1.255356,49.299157],[-1.255282,49.299203],[-1.255205,49.299252],[-1.25526,49.299288]]]}},{"type":"Feature","properties":{},"geometry":{"type":"Polygon","coordinates":[[[-1.250944,49.305318],[-1.250956,49.305331],[-1.251022,49.305304],[-1.250962,49.305239],[-1.250895,49.305265],[-1.250944,49.305318]]]}},{"type":"Feature","properties":{},"geometry":{"type":"Polygon","coordinates":[[[-1.254266,49.28711],[-1.254423,49.287079],[-1.254391,49.287026],[-1.254337,49.287039],[-1.254238,49.287061],[-1.254266,49.28711]]]}},{"type":"Feature","properties":{},"geometry":{"type":"Polygon","coordinates":[[[-1.256453,49.287843],[-1.256462,49.287824],[-1.256393,49.287791],[-1.256373,49.287838],[-1.256448,49.287855],[-1.256453,49.287843]]]}},{"type":"Feature","properties":{},"geometry":{"type":"Polygon","coordinates":[[[-1.242971,49.303656],[-1.242861,49.303651],[-1.242823,49.303727],[-1.242886,49.303738],[-1.242942,49.303747],[-1.242971,49.303656]]]}},{"type":"Feature","properties":{},"geometry":{"type":"Polygon","coordinates":[[[-1.244539,49.308038],[-1.244455,49.308024],[-1.244351,49.308228],[-1.244429,49.308244],[-1.244507,49.308099],[-1.244539,49.308038]]]}},{"type":"Feature","properties":{},"geometry":{"type":"Polygon","coordinates":[[[-1.240347,49.302984],[-1.240314,49.303025],[-1.240417,49.303065],[-1.24045,49.303024],[-1.240452,49.303022],[-1.240347,49.302984]]]}},{"type":"Feature","properties":{},"geometry":{"type":"Polygon","coordinates":[[[-1.264178,49.307813],[-1.264143,49.30786],[-1.26439,49.307938],[-1.26444,49.307893],[-1.264222,49.307826],[-1.264178,49.307813]]]}},{"type":"Feature","properties":{},"geometry":{"type":"Polygon","coordinates":[[[-1.248394,49.301991],[-1.248389,49.301998],[-1.248381,49.302007],[-1.248527,49.302061],[-1.248541,49.302044],[-1.248394,49.301991]]]}},{"type":"Feature","properties":{},"geometry":{"type":"Polygon","coordinates":[[[-1.24,49.30344],[-1.239907,49.30342],[-1.239897,49.303439],[-1.239919,49.303509],[-1.239973,49.303505],[-1.24,49.30344]]]}},{"type":"Feature","properties":{},"geometry":{"type":"Polygon","coordinates":[[[-1.237194,49.302603],[-1.237228,49.302567],[-1.237085,49.302509],[-1.237057,49.30254],[-1.237052,49.302546],[-1.237194,49.302603]]]}},{"type":"Feature","properties":{},"geometry":{"type":"Polygon","coordinates":[[[-1.245812,49.304462],[-1.245997,49.304392],[-1.245983,49.304376],[-1.245955,49.304344],[-1.245783,49.304405],[-1.245812,49.304462]]]}},{"type":"Feature","properties":{},"geometry":{"type":"Polygon","coordinates":[[[-1.243231,49.301152],[-1.243234,49.301153],[-1.243279,49.301121],[-1.243204,49.301081],[-1.24316,49.301111],[-1.243231,49.301152]]]}},{"type":"Feature","properties":{},"geometry":{"type":"Polygon","coordinates":[[[-1.246971,49.308583],[-1.247033,49.308566],[-1.246808,49.308211],[-1.246744,49.308228],[-1.246854,49.308403],[-1.246971,49.308583]]]}},{"type":"Feature","properties":{},"geometry":{"type":"Polygon","coordinates":[[[-1.24137,49.304254],[-1.24142,49.304177],[-1.241375,49.304165],[-1.241342,49.304247],[-1.241358,49.304251],[-1.24137,49.304254]]]}},{"type":"Feature","properties":{},"geometry":{"type":"Polygon","coordinates":[[[-1.2554504,49.2954794],[-1.2553859,49.2954417],[-1.2553584,49.2954617],[-1.2552436,49.2953946],[-1.2551679,49.2954498],[-1.2553471,49.2955545],[-1.2554504,49.2954794]]]}},{"type":"Feature","properties":{},"geometry":{"type":"Polygon","coordinates":[[[-1.245723,49.303472],[-1.245762,49.303442],[-1.245646,49.303359],[-1.245603,49.303386],[-1.245617,49.303396],[-1.245723,49.303472]]]}},{"type":"Feature","properties":{},"geometry":{"type":"Polygon","coordinates":[[[-1.267313,49.306809],[-1.267336,49.306726],[-1.267253,49.306716],[-1.267231,49.306808],[-1.267309,49.306823],[-1.267313,49.306809]]]}},{"type":"Feature","properties":{},"geometry":{"type":"Polygon","coordinates":[[[-1.250238,49.298896],[-1.250294,49.298848],[-1.250164,49.298826],[-1.250136,49.29885],[-1.2502,49.298879],[-1.250238,49.298896]]]}},{"type":"Feature","properties":{},"geometry":{"type":"Polygon","coordinates":[[[-1.248324,49.303236],[-1.248392,49.303268],[-1.248436,49.303227],[-1.248458,49.303206],[-1.24838,49.303181],[-1.248324,49.303236]]]}},{"type":"Feature","properties":{},"geometry":{"type":"Polygon","coordinates":[[[-1.248773,49.298371],[-1.248753,49.298476],[-1.248824,49.298482],[-1.248852,49.298484],[-1.24887,49.298378],[-1.248773,49.298371]]]}},{"type":"Feature","properties":{},"geometry":{"type":"Polygon","coordinates":[[[-1.249749,49.299295],[-1.249813,49.299237],[-1.249749,49.299207],[-1.249739,49.299202],[-1.249677,49.299261],[-1.249749,49.299295]]]}},{"type":"Feature","properties":{},"geometry":{"type":"Polygon","coordinates":[[[-1.238377,49.308728],[-1.238337,49.308761],[-1.238389,49.308788],[-1.238442,49.308745],[-1.238389,49.308719],[-1.238377,49.308728]]]}},{"type":"Feature","properties":{},"geometry":{"type":"Polygon","coordinates":[[[-1.247636,49.304965],[-1.247702,49.304968],[-1.247711,49.304869],[-1.2476541,49.3048673],[-1.2476502,49.3048679],[-1.247645,49.304868],[-1.247636,49.304965]]]}},{"type":"Feature","properties":{},"geometry":{"type":"Polygon","coordinates":[[[-1.240471,49.305794],[-1.24055,49.305836],[-1.240726,49.30569],[-1.240615,49.305635],[-1.240443,49.305777],[-1.240471,49.305794]]]}},{"type":"Feature","properties":{},"geometry":{"type":"Polygon","coordinates":[[[-1.255019,49.299836],[-1.25514,49.299814],[-1.255127,49.299764],[-1.255064,49.299771],[-1.255001,49.29978],[-1.255019,49.299836]]]}},{"type":"Feature","properties":{},"geometry":{"type":"Polygon","coordinates":[[[-1.250024,49.300402],[-1.249939,49.300519],[-1.250009,49.300541],[-1.250038,49.300499],[-1.250087,49.300421],[-1.250024,49.300402]]]}},{"type":"Feature","properties":{},"geometry":{"type":"Polygon","coordinates":[[[-1.243641,49.304864],[-1.243689,49.304853],[-1.243697,49.304842],[-1.243667,49.304786],[-1.243608,49.304805],[-1.243641,49.304864]]]}},{"type":"Feature","properties":{},"geometry":{"type":"Polygon","coordinates":[[[-1.255672,49.298714],[-1.255553,49.298682],[-1.255514,49.298744],[-1.255493,49.298777],[-1.255612,49.298809],[-1.255672,49.298714]]]}},{"type":"Feature","properties":{},"geometry":{"type":"Polygon","coordinates":[[[-1.260623,49.301382],[-1.260717,49.30138],[-1.260709,49.301172],[-1.260613,49.301172],[-1.260613,49.301185],[-1.260623,49.301382]]]}},{"type":"Feature","properties":{},"geometry":{"type":"Polygon","coordinates":[[[-1.2426875,49.3073883],[-1.2427956,49.307409],[-1.2428413,49.3073077],[-1.2427332,49.3072869],[-1.2426875,49.3073883]]]}},{"type":"Feature","properties":{},"geometry":{"type":"Polygon","coordinates":[[[-1.235054,49.304238],[-1.235106,49.304283],[-1.235181,49.304246],[-1.235309,49.304182],[-1.235253,49.304136],[-1.235054,49.304238]]]}},{"type":"Feature","properties":{},"geometry":{"type":"Polygon","coordinates":[[[-1.24959,49.304335],[-1.249683,49.30439],[-1.249707,49.304372],[-1.249605,49.304311],[-1.249582,49.30433],[-1.24959,49.304335]]]}},{"type":"Feature","properties":{},"geometry":{"type":"Polygon","coordinates":[[[-1.255939,49.294583],[-1.256039,49.29461],[-1.256114,49.294493],[-1.256049,49.294476],[-1.25601,49.294465],[-1.255939,49.294583]]]}},{"type":"Feature","properties":{},"geometry":{"type":"Polygon","coordinates":[[[-1.24065,49.305024],[-1.240532,49.305049],[-1.240538,49.305052],[-1.240591,49.30508],[-1.240668,49.305064],[-1.24065,49.305024]]]}},{"type":"Feature","properties":{},"geometry":{"type":"Polygon","coordinates":[[[-1.259897,49.297984],[-1.259742,49.298006],[-1.259763,49.298079],[-1.259923,49.29806],[-1.259923,49.298058],[-1.259897,49.297984]]]}},{"type":"Feature","properties":{},"geometry":{"type":"Polygon","coordinates":[[[-1.236473,49.303199],[-1.236475,49.303141],[-1.236325,49.303133],[-1.236283,49.303131],[-1.236276,49.303189],[-1.236473,49.303199]]]}},{"type":"Feature","properties":{},"geometry":{"type":"Polygon","coordinates":[[[-1.250613,49.305703],[-1.250729,49.305745],[-1.250759,49.305705],[-1.250667,49.30567],[-1.250647,49.305662],[-1.250613,49.305703]]]}},{"type":"Feature","properties":{},"geometry":{"type":"Polygon","coordinates":[[[-1.249927,49.304125],[-1.250017,49.304177],[-1.250082,49.304129],[-1.249991,49.304077],[-1.249972,49.304091],[-1.249927,49.304125]]]}},{"type":"Feature","properties":{},"geometry":{"type":"Polygon","coordinates":[[[-1.247527,49.285608],[-1.247622,49.285643],[-1.247895,49.285328],[-1.247797,49.285292],[-1.247577,49.28555],[-1.247527,49.285608]]]}},{"type":"Feature","properties":{},"geometry":{"type":"Polygon","coordinates":[[[-1.244136,49.305823],[-1.244097,49.305822],[-1.24401,49.305822],[-1.244008,49.305895],[-1.244134,49.305896],[-1.244136,49.305823]]]}},{"type":"Feature","properties":{},"geometry":{"type":"Polygon","coordinates":[[[-1.249995,49.296577],[-1.25006,49.296543],[-1.250034,49.296522],[-1.250006,49.296499],[-1.249941,49.296534],[-1.249995,49.296577]]]}},{"type":"Feature","properties":{},"geometry":{"type":"Polygon","coordinates":[[[-1.25826,49.294708],[-1.258149,49.294678],[-1.258091,49.294769],[-1.2582,49.294798],[-1.258237,49.294743],[-1.25826,49.294708]]]}},{"type":"Feature","properties":{},"geometry":{"type":"Polygon","coordinates":[[[-1.239064,49.303047],[-1.239057,49.303056],[-1.239162,49.30309],[-1.239226,49.303005],[-1.239122,49.302971],[-1.239064,49.303047]]]}},{"type":"Feature","properties":{},"geometry":{"type":"Polygon","coordinates":[[[-1.243379,49.302844],[-1.243463,49.302863],[-1.24353,49.302763],[-1.243544,49.302743],[-1.243457,49.302724],[-1.243379,49.302844]]]}},{"type":"Feature","properties":{},"geometry":{"type":"Polygon","coordinates":[[[-1.245707,49.300046],[-1.245716,49.299974],[-1.245559,49.299965],[-1.245549,49.300038],[-1.245605,49.300041],[-1.245707,49.300046]]]}},{"type":"Feature","properties":{},"geometry":{"type":"Polygon","coordinates":[[[-1.248163,49.302487],[-1.248207,49.302443],[-1.248175,49.30243],[-1.248147,49.302419],[-1.248109,49.302465],[-1.248163,49.302487]]]}},{"type":"Feature","properties":{},"geometry":{"type":"Polygon","coordinates":[[[-1.241395,49.303475],[-1.241389,49.303493],[-1.241453,49.303502],[-1.24147,49.303448],[-1.241408,49.30344],[-1.241395,49.303475]]]}},{"type":"Feature","properties":{},"geometry":{"type":"Polygon","coordinates":[[[-1.248827,49.301102],[-1.249037,49.301122],[-1.249051,49.301058],[-1.24884,49.301038],[-1.248829,49.301091],[-1.248827,49.301102]]]}},{"type":"Feature","properties":{},"geometry":{"type":"Polygon","coordinates":[[[-1.237456,49.301629],[-1.237561,49.301638],[-1.237571,49.301602],[-1.23751,49.301596],[-1.237466,49.301591],[-1.237456,49.301629]]]}},{"type":"Feature","properties":{},"geometry":{"type":"Polygon","coordinates":[[[-1.2428983,49.3013892],[-1.242938,49.3013589],[-1.2428542,49.3013277],[-1.2428243,49.3013585],[-1.2428983,49.3013892]]]}},{"type":"Feature","properties":{},"geometry":{"type":"Polygon","coordinates":[[[-1.256711,49.295899],[-1.256749,49.295862],[-1.256774,49.295839],[-1.256628,49.295773],[-1.256565,49.295834],[-1.256711,49.295899]]]}},{"type":"Feature","properties":{},"geometry":{"type":"Polygon","coordinates":[[[-1.243172,49.304419],[-1.243083,49.30443],[-1.243093,49.304476],[-1.243224,49.304455],[-1.243222,49.304421],[-1.243172,49.304419]]]}},{"type":"Feature","properties":{},"geometry":{"type":"Polygon","coordinates":[[[-1.249373,49.304286],[-1.249265,49.304266],[-1.2492464,49.3043093],[-1.249216,49.30438],[-1.249324,49.3044],[-1.249344,49.304353],[-1.249373,49.304286]]]}},{"type":"Feature","properties":{},"geometry":{"type":"Polygon","coordinates":[[[-1.245617,49.303396],[-1.245558,49.303443],[-1.245669,49.303515],[-1.24571,49.303483],[-1.245723,49.303472],[-1.245617,49.303396]]]}},{"type":"Feature","properties":{},"geometry":{"type":"Polygon","coordinates":[[[-1.24716,49.298875],[-1.247162,49.298864],[-1.247169,49.298818],[-1.247043,49.298808],[-1.247031,49.298863],[-1.24716,49.298875]]]}},{"type":"Feature","properties":{},"geometry":{"type":"Polygon","coordinates":[[[-1.239122,49.302971],[-1.239129,49.302961],[-1.23903,49.302926],[-1.238966,49.303013],[-1.239064,49.303047],[-1.239122,49.302971]]]}},{"type":"Feature","properties":{},"geometry":{"type":"Polygon","coordinates":[[[-1.238908,49.305224],[-1.238873,49.305267],[-1.238924,49.305302],[-1.238928,49.305298],[-1.2389665,49.3052622],[-1.238963,49.3052599],[-1.238908,49.305224]]]}},{"type":"Feature","properties":{},"geometry":{"type":"Polygon","coordinates":[[[-1.246567,49.302285],[-1.24644,49.302265],[-1.24637,49.302286],[-1.246377,49.3023],[-1.24655,49.302329],[-1.246567,49.302285]]]}},{"type":"Feature","properties":{},"geometry":{"type":"Polygon","coordinates":[[[-1.252081,49.304944],[-1.252117,49.304929],[-1.252071,49.304884],[-1.252023,49.304832],[-1.251988,49.304847],[-1.252081,49.304944]]]}},{"type":"Feature","properties":{},"geometry":{"type":"Polygon","coordinates":[[[-1.252826,49.303223],[-1.252803,49.303185],[-1.252625,49.303218],[-1.252628,49.303228],[-1.252639,49.30326],[-1.252826,49.303223]]]}},{"type":"Feature","properties":{},"geometry":{"type":"Polygon","coordinates":[[[-1.24871,49.29858],[-1.248805,49.298587],[-1.248824,49.298482],[-1.248753,49.298476],[-1.248728,49.298474],[-1.24871,49.29858]]]}},{"type":"Feature","properties":{},"geometry":{"type":"Polygon","coordinates":[[[-1.266862,49.308663],[-1.266851,49.30866],[-1.266821,49.308652],[-1.266757,49.308758],[-1.266794,49.308769],[-1.266862,49.308663]]]}},{"type":"Feature","properties":{},"geometry":{"type":"Polygon","coordinates":[[[-1.242946,49.304247],[-1.242884,49.304231],[-1.242857,49.304279],[-1.242848,49.304296],[-1.242891,49.304304],[-1.242946,49.304247]]]}},{"type":"Feature","properties":{},"geometry":{"type":"Polygon","coordinates":[[[-1.248097,49.300148],[-1.248233,49.300157],[-1.248244,49.30009],[-1.248107,49.300081],[-1.248105,49.300091],[-1.248097,49.300148]]]}},{"type":"Feature","properties":{},"geometry":{"type":"Polygon","coordinates":[[[-1.240847,49.302791],[-1.240807,49.3028],[-1.240836,49.302854],[-1.240861,49.302903],[-1.240901,49.302894],[-1.240847,49.302791]]]}},{"type":"Feature","properties":{},"geometry":{"type":"Polygon","coordinates":[[[-1.257443,49.294099],[-1.257398,49.294169],[-1.257535,49.294207],[-1.257581,49.294137],[-1.257541,49.294126],[-1.257443,49.294099]]]}},{"type":"Feature","properties":{},"geometry":{"type":"Polygon","coordinates":[[[-1.255111,49.29501],[-1.255056,49.29498],[-1.254989,49.294944],[-1.254919,49.295001],[-1.25504,49.295066],[-1.255111,49.29501]]]}},{"type":"Feature","properties":{},"geometry":{"type":"Polygon","coordinates":[[[-1.240783,49.302925],[-1.240864,49.302908],[-1.240861,49.302903],[-1.240836,49.302854],[-1.240757,49.302872],[-1.240783,49.302925]]]}},{"type":"Feature","properties":{},"geometry":{"type":"Polygon","coordinates":[[[-1.243078,49.30295],[-1.243162,49.302954],[-1.243201,49.30288],[-1.243195,49.302865],[-1.243091,49.302857],[-1.243078,49.30295]]]}},{"type":"Feature","properties":{},"geometry":{"type":"Polygon","coordinates":[[[-1.242751,49.303972],[-1.24263,49.30395],[-1.242558,49.304071],[-1.242688,49.30411],[-1.242732,49.304033],[-1.242751,49.303972]]]}},{"type":"Feature","properties":{},"geometry":{"type":"Polygon","coordinates":[[[-1.2402694,49.2968653],[-1.2402947,49.2967441],[-1.2401095,49.2967276],[-1.2400842,49.2968488],[-1.2402694,49.2968653]]]}},{"type":"Feature","properties":{},"geometry":{"type":"Polygon","coordinates":[[[-1.240506,49.306121],[-1.240599,49.306167],[-1.240644,49.306131],[-1.240467,49.306043],[-1.240423,49.306079],[-1.240506,49.306121]]]}},{"type":"Feature","properties":{},"geometry":{"type":"Polygon","coordinates":[[[-1.245616,49.305508],[-1.245701,49.305506],[-1.245703,49.305443],[-1.245696,49.305442],[-1.245619,49.305433],[-1.245616,49.305508]]]}},{"type":"Feature","properties":{},"geometry":{"type":"Polygon","coordinates":[[[-1.245786,49.303632],[-1.24577,49.303641],[-1.245732,49.303663],[-1.245798,49.303708],[-1.24585,49.303677],[-1.245786,49.303632]]]}},{"type":"Feature","properties":{},"geometry":{"type":"Polygon","coordinates":[[[-1.250248,49.300464],[-1.250295,49.300404],[-1.250143,49.300353],[-1.250127,49.300373],[-1.250092,49.300414],[-1.250248,49.300464]]]}},{"type":"Feature","properties":{},"geometry":{"type":"Polygon","coordinates":[[[-1.246156,49.299939],[-1.246242,49.299902],[-1.246287,49.299883],[-1.246226,49.299822],[-1.246094,49.299879],[-1.246156,49.299939]]]}},{"type":"Feature","properties":{},"geometry":{"type":"Polygon","coordinates":[[[-1.248617,49.30161],[-1.248577,49.301645],[-1.248716,49.301696],[-1.248744,49.301658],[-1.248672,49.301631],[-1.248617,49.30161]]]}},{"type":"Feature","properties":{},"geometry":{"type":"Polygon","coordinates":[[[-1.245893,49.308279],[-1.24582,49.308455],[-1.245942,49.308477],[-1.246002,49.308331],[-1.246015,49.3083],[-1.245893,49.308279]]]}},{"type":"Feature","properties":{},"geometry":{"type":"Polygon","coordinates":[[[-1.239736,49.305863],[-1.239771,49.305833],[-1.239714,49.305803],[-1.239688,49.30579],[-1.239651,49.305819],[-1.239736,49.305863]]]}},{"type":"Feature","properties":{},"geometry":{"type":"Polygon","coordinates":[[[-1.258719,49.301397],[-1.258713,49.301315],[-1.258617,49.301316],[-1.258624,49.301421],[-1.258719,49.30142],[-1.258719,49.301397]]]}},{"type":"Feature","properties":{},"geometry":{"type":"Polygon","coordinates":[[[-1.248129,49.302146],[-1.248305,49.301958],[-1.248193,49.301916],[-1.24817,49.301941],[-1.24802,49.302103],[-1.248129,49.302146]]]}},{"type":"Feature","properties":{},"geometry":{"type":"Polygon","coordinates":[[[-1.245783,49.304405],[-1.245955,49.304344],[-1.245902,49.304284],[-1.245876,49.304296],[-1.245755,49.30435],[-1.245783,49.304405]]]}},{"type":"Feature","properties":{},"geometry":{"type":"Polygon","coordinates":[[[-1.23916,49.305267],[-1.239141,49.305244],[-1.239101,49.305264],[-1.239147,49.305332],[-1.239196,49.305317],[-1.23916,49.305267]]]}},{"type":"Feature","properties":{},"geometry":{"type":"Polygon","coordinates":[[[-1.249832,49.30407],[-1.249927,49.304125],[-1.249972,49.304091],[-1.249883,49.304037],[-1.249879,49.304034],[-1.249832,49.30407]]]}},{"type":"Feature","properties":{},"geometry":{"type":"Polygon","coordinates":[[[-1.2357629,49.3025749],[-1.2359449,49.3025649],[-1.2361619,49.3025109],[-1.2361379,49.3023409],[-1.2357349,49.3023649],[-1.2357629,49.3025749]]]}},{"type":"Feature","properties":{},"geometry":{"type":"Polygon","coordinates":[[[-1.257538,49.293555],[-1.257573,49.293531],[-1.257508,49.293489],[-1.2575,49.293483],[-1.257463,49.293509],[-1.257538,49.293555]]]}},{"type":"Feature","properties":{},"geometry":{"type":"Polygon","coordinates":[[[-1.24604,49.302179],[-1.246123,49.302149],[-1.246056,49.302084],[-1.24599,49.302113],[-1.245975,49.30212],[-1.24604,49.302179]]]}},{"type":"Feature","properties":{},"geometry":{"type":"Polygon","coordinates":[[[-1.243946,49.3057],[-1.243949,49.30575],[-1.244208,49.30574],[-1.244249,49.305739],[-1.244246,49.305689],[-1.243946,49.3057]]]}},{"type":"Feature","properties":{},"geometry":{"type":"Polygon","coordinates":[[[-1.249475,49.30179],[-1.249618,49.301695],[-1.249642,49.301679],[-1.249565,49.301633],[-1.249406,49.30174],[-1.249475,49.30179]]]}},{"type":"Feature","properties":{},"geometry":{"type":"Polygon","coordinates":[[[-1.253855,49.29468],[-1.253878,49.294643],[-1.253724,49.294614],[-1.253708,49.294654],[-1.253803,49.294671],[-1.253855,49.29468]]]}},{"type":"Feature","properties":{},"geometry":{"type":"Polygon","coordinates":[[[-1.243078,49.30295],[-1.242999,49.302945],[-1.242986,49.303041],[-1.243113,49.303048],[-1.243162,49.302954],[-1.243078,49.30295]]]}},{"type":"Feature","properties":{},"geometry":{"type":"Polygon","coordinates":[[[-1.241144,49.302986],[-1.241153,49.30293],[-1.241063,49.302923],[-1.241054,49.30298],[-1.241119,49.302984],[-1.241144,49.302986]]]}},{"type":"Feature","properties":{},"geometry":{"type":"Polygon","coordinates":[[[-1.242871,49.303799],[-1.242923,49.303804],[-1.242934,49.30377],[-1.242942,49.303747],[-1.242886,49.303738],[-1.242871,49.303799]]]}},{"type":"Feature","properties":{},"geometry":{"type":"Polygon","coordinates":[[[-1.25444,49.295234],[-1.254355,49.295185],[-1.254323,49.295208],[-1.254263,49.295252],[-1.254346,49.295302],[-1.25444,49.295234]]]}},{"type":"Feature","properties":{},"geometry":{"type":"Polygon","coordinates":[[[-1.240691,49.303865],[-1.240759,49.303914],[-1.240829,49.303869],[-1.240864,49.30384],[-1.240788,49.303798],[-1.240691,49.303865]]]}},{"type":"Feature","properties":{},"geometry":{"type":"Polygon","coordinates":[[[-1.244005,49.302751],[-1.244082,49.302783],[-1.24409,49.302725],[-1.244047,49.302706],[-1.244031,49.302722],[-1.244005,49.302751]]]}},{"type":"Feature","properties":{},"geometry":{"type":"Polygon","coordinates":[[[-1.247706,49.303463],[-1.247673,49.303437],[-1.247575,49.303499],[-1.247597,49.303522],[-1.247602,49.303528],[-1.247706,49.303463]]]}},{"type":"Feature","properties":{},"geometry":{"type":"Polygon","coordinates":[[[-1.245868,49.301383],[-1.245917,49.301352],[-1.245896,49.301337],[-1.245859,49.301313],[-1.24581,49.301344],[-1.245868,49.301383]]]}},{"type":"Feature","properties":{},"geometry":{"type":"Polygon","coordinates":[[[-1.243584,49.3010748],[-1.24361,49.3010954],[-1.243674,49.301058],[-1.2436063,49.3009996],[-1.2435367,49.3010364],[-1.243584,49.3010748]]]}},{"type":"Feature","properties":{},"geometry":{"type":"Polygon","coordinates":[[[-1.240446,49.306172],[-1.240583,49.306241],[-1.240644,49.30619],[-1.240599,49.306167],[-1.240506,49.306121],[-1.240446,49.306172]]]}},{"type":"Feature","properties":{},"geometry":{"type":"Polygon","coordinates":[[[-1.246674,49.300257],[-1.246716,49.30026],[-1.246757,49.300262],[-1.246765,49.300217],[-1.24668,49.300211],[-1.246674,49.300257]]]}},{"type":"Feature","properties":{},"geometry":{"type":"Polygon","coordinates":[[[-1.248331,49.305281],[-1.248409,49.305271],[-1.248477,49.305265],[-1.248467,49.305206],[-1.24832,49.305225],[-1.248331,49.305281]]]}},{"type":"Feature","properties":{},"geometry":{"type":"Polygon","coordinates":[[[-1.241202,49.299591],[-1.241031,49.29967],[-1.241086,49.299726],[-1.241098,49.299738],[-1.241278,49.299658],[-1.241202,49.299591]]]}},{"type":"Feature","properties":{},"geometry":{"type":"Polygon","coordinates":[[[-1.24615,49.304409],[-1.246187,49.304395],[-1.246119,49.304328],[-1.246083,49.304344],[-1.246131,49.304391],[-1.24615,49.304409]]]}},{"type":"Feature","properties":{},"geometry":{"type":"Polygon","coordinates":[[[-1.245838,49.304523],[-1.246052,49.304443],[-1.246003,49.304398],[-1.245997,49.304392],[-1.245812,49.304462],[-1.245838,49.304523]]]}},{"type":"Feature","properties":{},"geometry":{"type":"Polygon","coordinates":[[[-1.24515,49.30322],[-1.245193,49.303246],[-1.245235,49.303216],[-1.245276,49.303185],[-1.245236,49.303162],[-1.24515,49.30322]]]}},{"type":"Feature","properties":{},"geometry":{"type":"Polygon","coordinates":[[[-1.241284,49.304485],[-1.241274,49.304557],[-1.24127,49.304585],[-1.241382,49.304593],[-1.241397,49.304492],[-1.241284,49.304485]]]}},{"type":"Feature","properties":{},"geometry":{"type":"Polygon","coordinates":[[[-1.246567,49.302285],[-1.24655,49.302329],[-1.246543,49.302346],[-1.246703,49.302372],[-1.246776,49.302316],[-1.246567,49.302285]]]}},{"type":"Feature","properties":{},"geometry":{"type":"Polygon","coordinates":[[[-1.239691,49.305974],[-1.239637,49.305947],[-1.239628,49.305954],[-1.239567,49.306006],[-1.23962,49.306032],[-1.239691,49.305974]]]}},{"type":"Feature","properties":{},"geometry":{"type":"Polygon","coordinates":[[[-1.248159,49.304056],[-1.248187,49.304243],[-1.248412,49.30423],[-1.248386,49.304045],[-1.248376,49.3040454],[-1.248294,49.304049],[-1.248159,49.304056]]]}},{"type":"Feature","properties":{},"geometry":{"type":"Polygon","coordinates":[[[-1.24871,49.29858],[-1.248693,49.298688],[-1.24877,49.298693],[-1.248785,49.298694],[-1.248805,49.298587],[-1.24871,49.29858]]]}},{"type":"Feature","properties":{},"geometry":{"type":"Polygon","coordinates":[[[-1.242852,49.304371],[-1.242842,49.304369],[-1.242814,49.304428],[-1.242914,49.304418],[-1.242915,49.304381],[-1.242852,49.304371]]]}},{"type":"Feature","properties":{},"geometry":{"type":"Polygon","coordinates":[[[-1.248015,49.302548],[-1.247862,49.302483],[-1.247822,49.302525],[-1.248036,49.302612],[-1.248075,49.302573],[-1.248015,49.302548]]]}},{"type":"Feature","properties":{},"geometry":{"type":"Polygon","coordinates":[[[-1.258155,49.298489],[-1.258269,49.298465],[-1.258244,49.298412],[-1.258128,49.298435],[-1.258155,49.298489]]]}},{"type":"Feature","properties":{},"geometry":{"type":"Polygon","coordinates":[[[-1.254525,49.30125],[-1.254636,49.301231],[-1.254603,49.301149],[-1.254589,49.301151],[-1.254493,49.301168],[-1.254525,49.30125]]]}},{"type":"Feature","properties":{},"geometry":{"type":"Polygon","coordinates":[[[-1.247908,49.306351],[-1.248113,49.306332],[-1.2481,49.306274],[-1.248012,49.306281],[-1.247893,49.306291],[-1.247908,49.306351]]]}},{"type":"Feature","properties":{},"geometry":{"type":"Polygon","coordinates":[[[-1.237309,49.302604],[-1.237409,49.302608],[-1.237416,49.302519],[-1.237398,49.302519],[-1.237311,49.302516],[-1.237309,49.302604]]]}},{"type":"Feature","properties":{},"geometry":{"type":"Polygon","coordinates":[[[-1.255442,49.294513],[-1.255353,49.294522],[-1.255373,49.294606],[-1.25546,49.294598],[-1.255446,49.294532],[-1.255442,49.294513]]]}},{"type":"Feature","properties":{},"geometry":{"type":"Polygon","coordinates":[[[-1.242753,49.305001],[-1.242853,49.304999],[-1.242885,49.304998],[-1.24288,49.304948],[-1.242747,49.304953],[-1.242753,49.305001]]]}},{"type":"Feature","properties":{},"geometry":{"type":"Polygon","coordinates":[[[-1.239956,49.306086],[-1.239919,49.306067],[-1.239835,49.306138],[-1.239874,49.306156],[-1.239927,49.30611],[-1.239956,49.306086]]]}},{"type":"Feature","properties":{},"geometry":{"type":"Polygon","coordinates":[[[-1.255044,49.299649],[-1.255052,49.299734],[-1.255119,49.299729],[-1.255114,49.299678],[-1.255111,49.299646],[-1.255044,49.299649]]]}},{"type":"Feature","properties":{},"geometry":{"type":"Polygon","coordinates":[[[-1.242335,49.304695],[-1.242327,49.304648],[-1.241998,49.304689],[-1.242023,49.304777],[-1.24235,49.304736],[-1.242335,49.304695]]]}},{"type":"Feature","properties":{},"geometry":{"type":"Polygon","coordinates":[[[-1.260295,49.299074],[-1.260607,49.299072],[-1.260606,49.298995],[-1.260345,49.298997],[-1.260294,49.298997],[-1.260295,49.299074]]]}},{"type":"Feature","properties":{},"geometry":{"type":"Polygon","coordinates":[[[-1.239651,49.305819],[-1.239593,49.305865],[-1.239682,49.305909],[-1.239687,49.305904],[-1.239736,49.305863],[-1.239651,49.305819]]]}},{"type":"Feature","properties":{},"geometry":{"type":"Polygon","coordinates":[[[-1.254897,49.297459],[-1.254827,49.297444],[-1.254705,49.297418],[-1.25467,49.297489],[-1.254862,49.29753],[-1.254897,49.297459]]]}},{"type":"Feature","properties":{},"geometry":{"type":"Polygon","coordinates":[[[-1.235015,49.303118],[-1.235155,49.303127],[-1.2351598,49.30307],[-1.235115,49.303068],[-1.235023,49.303064],[-1.235015,49.303118]]]}},{"type":"Feature","properties":{},"geometry":{"type":"Polygon","coordinates":[[[-1.250613,49.305703],[-1.250647,49.305662],[-1.250666,49.305638],[-1.250514,49.305587],[-1.250466,49.305652],[-1.250613,49.305703]]]}},{"type":"Feature","properties":{},"geometry":{"type":"Polygon","coordinates":[[[-1.242307,49.304355],[-1.242167,49.304335],[-1.242157,49.304379],[-1.242296,49.3044],[-1.242304,49.304367],[-1.242307,49.304355]]]}},{"type":"Feature","properties":{},"geometry":{"type":"Polygon","coordinates":[[[-1.247293,49.305619],[-1.247329,49.305501],[-1.247257,49.305493],[-1.247236,49.305561],[-1.247222,49.305608],[-1.247293,49.305619]]]}},{"type":"Feature","properties":{},"geometry":{"type":"Polygon","coordinates":[[[-1.263766,49.310679],[-1.263789,49.310621],[-1.26369,49.310604],[-1.263639,49.310596],[-1.263617,49.310655],[-1.263766,49.310679]]]}},{"type":"Feature","properties":{},"geometry":{"type":"Polygon","coordinates":[[[-1.238561,49.303383],[-1.23861,49.303311],[-1.238555,49.303295],[-1.238504,49.303367],[-1.238539,49.303377],[-1.238561,49.303383]]]}},{"type":"Feature","properties":{},"geometry":{"type":"Polygon","coordinates":[[[-1.248608,49.303481],[-1.248633,49.303457],[-1.24866,49.303431],[-1.248604,49.303405],[-1.248552,49.303454],[-1.248608,49.303481]]]}},{"type":"Feature","properties":{},"geometry":{"type":"Polygon","coordinates":[[[-1.24094,49.306587],[-1.240865,49.306648],[-1.240929,49.30668],[-1.241005,49.306617],[-1.24094,49.306586],[-1.24094,49.306587]]]}},{"type":"Feature","properties":{},"geometry":{"type":"Polygon","coordinates":[[[-1.255276,49.294153],[-1.255308,49.294126],[-1.255397,49.294044],[-1.255306,49.294002],[-1.255185,49.294111],[-1.255276,49.294153]]]}},{"type":"Feature","properties":{},"geometry":{"type":"Polygon","coordinates":[[[-1.254678,49.308639],[-1.254755,49.308604],[-1.254713,49.308563],[-1.254636,49.308598],[-1.254646,49.308608],[-1.254678,49.308639]]]}},{"type":"Feature","properties":{},"geometry":{"type":"Polygon","coordinates":[[[-1.254375,49.295747],[-1.254409,49.295697],[-1.254326,49.295673],[-1.254284,49.295721],[-1.254355,49.295741],[-1.254375,49.295747]]]}},{"type":"Feature","properties":{},"geometry":{"type":"Polygon","coordinates":[[[-1.24833,49.302498],[-1.248333,49.302499],[-1.248373,49.302458],[-1.248293,49.302427],[-1.248256,49.302463],[-1.24833,49.302498]]]}},{"type":"Feature","properties":{},"geometry":{"type":"Polygon","coordinates":[[[-1.238529,49.308727],[-1.238435,49.308681],[-1.238389,49.308719],[-1.238442,49.308745],[-1.238482,49.308765],[-1.238529,49.308727]]]}},{"type":"Feature","properties":{},"geometry":{"type":"Polygon","coordinates":[[[-1.245774,49.301875],[-1.245852,49.301831],[-1.245761,49.301762],[-1.245696,49.301798],[-1.245682,49.301806],[-1.245774,49.301875]]]}},{"type":"Feature","properties":{},"geometry":{"type":"Polygon","coordinates":[[[-1.24572,49.303826],[-1.245683,49.303794],[-1.2456,49.303834],[-1.245636,49.303866],[-1.245706,49.303833],[-1.24572,49.303826]]]}},{"type":"Feature","properties":{},"geometry":{"type":"Polygon","coordinates":[[[-1.238882,49.308645],[-1.238832,49.308641],[-1.238774,49.308636],[-1.238773,49.308689],[-1.238874,49.308697],[-1.238882,49.308645]]]}},{"type":"Feature","properties":{},"geometry":{"type":"Polygon","coordinates":[[[-1.245624,49.301839],[-1.245682,49.301806],[-1.245696,49.301798],[-1.245619,49.301741],[-1.245548,49.301782],[-1.245624,49.301839]]]}},{"type":"Feature","properties":{},"geometry":{"type":"Polygon","coordinates":[[[-1.254984,49.299326],[-1.255034,49.299358],[-1.255046,49.29935],[-1.255168,49.299269],[-1.255105,49.299246],[-1.254984,49.299326]]]}},{"type":"Feature","properties":{},"geometry":{"type":"Polygon","coordinates":[[[-1.246487,49.304423],[-1.246509,49.304449],[-1.24662,49.304405],[-1.246604,49.304388],[-1.246594,49.304377],[-1.246487,49.304423]]]}},{"type":"Feature","properties":{},"geometry":{"type":"Polygon","coordinates":[[[-1.249408,49.312307],[-1.249493,49.312342],[-1.24952,49.31231],[-1.24943,49.312273],[-1.249405,49.312306],[-1.249408,49.312307]]]}},{"type":"Feature","properties":{},"geometry":{"type":"Polygon","coordinates":[[[-1.255024,49.298614],[-1.255005,49.29865],[-1.255141,49.298681],[-1.255142,49.298678],[-1.255161,49.298646],[-1.255024,49.298614]]]}},{"type":"Feature","properties":{},"geometry":{"type":"Polygon","coordinates":[[[-1.256335,49.295704],[-1.256392,49.295666],[-1.256436,49.295636],[-1.256359,49.295587],[-1.256257,49.295655],[-1.256335,49.295704]]]}},{"type":"Feature","properties":{},"geometry":{"type":"Polygon","coordinates":[[[-1.246413,49.299528],[-1.246409,49.299461],[-1.246406,49.299425],[-1.246296,49.299428],[-1.246303,49.299531],[-1.246413,49.299528]]]}},{"type":"Feature","properties":{},"geometry":{"type":"Polygon","coordinates":[[[-1.249669,49.3049],[-1.249706,49.304819],[-1.249582,49.304795],[-1.249529,49.304785],[-1.249491,49.304862],[-1.249669,49.3049]]]}},{"type":"Feature","properties":{},"geometry":{"type":"Polygon","coordinates":[[[-1.256341,49.307067],[-1.256422,49.307011],[-1.256355,49.306968],[-1.256288,49.306927],[-1.256207,49.306983],[-1.256341,49.307067]]]}},{"type":"Feature","properties":{},"geometry":{"type":"Polygon","coordinates":[[[-1.24652,49.304303],[-1.246577,49.304278],[-1.246487,49.304188],[-1.246431,49.304213],[-1.246433,49.304214],[-1.24652,49.304303]]]}},{"type":"Feature","properties":{},"geometry":{"type":"Polygon","coordinates":[[[-1.255204,49.298254],[-1.255182,49.298298],[-1.255306,49.298325],[-1.255309,49.298319],[-1.255329,49.298281],[-1.255204,49.298254]]]}},{"type":"Feature","properties":{},"geometry":{"type":"Polygon","coordinates":[[[-1.258719,49.297983],[-1.258756,49.297975],[-1.258828,49.297959],[-1.258801,49.297934],[-1.258705,49.297956],[-1.258719,49.297983]]]}},{"type":"Feature","properties":{},"geometry":{"type":"Polygon","coordinates":[[[-1.258651,49.296401],[-1.258732,49.296382],[-1.258779,49.29637],[-1.258747,49.296316],[-1.25862,49.296347],[-1.258651,49.296401]]]}},{"type":"Feature","properties":{},"geometry":{"type":"Polygon","coordinates":[[[-1.253541,49.306279],[-1.253188,49.306486],[-1.253262,49.306541],[-1.253646,49.30632],[-1.253569,49.306262],[-1.253541,49.306279]]]}},{"type":"Feature","properties":{},"geometry":{"type":"Polygon","coordinates":[[[-1.243122,49.304014],[-1.243119,49.304019],[-1.243178,49.304028],[-1.243254,49.30392],[-1.243206,49.303903],[-1.243122,49.304014]]]}},{"type":"Feature","properties":{},"geometry":{"type":"Polygon","coordinates":[[[-1.249127,49.301189],[-1.249246,49.301234],[-1.249293,49.301174],[-1.249184,49.30114],[-1.249169,49.301136],[-1.249127,49.301189]]]}},{"type":"Feature","properties":{},"geometry":{"type":"Polygon","coordinates":[[[-1.246425,49.3055],[-1.246441,49.305448],[-1.246446,49.305435],[-1.246365,49.305423],[-1.246344,49.305489],[-1.246425,49.3055]]]}},{"type":"Feature","properties":{},"geometry":{"type":"Polygon","coordinates":[[[-1.256424,49.311763],[-1.256507,49.311659],[-1.256226,49.311341],[-1.25551,49.311615],[-1.25585,49.311989],[-1.256424,49.311763]]]}},{"type":"Feature","properties":{},"geometry":{"type":"Polygon","coordinates":[[[-1.245565,49.303913],[-1.245572,49.303918],[-1.245623,49.303959],[-1.245693,49.303917],[-1.245638,49.303869],[-1.245565,49.303913]]]}},{"type":"Feature","properties":{},"geometry":{"type":"Polygon","coordinates":[[[-1.253561,49.287604],[-1.253574,49.287614],[-1.253668,49.287564],[-1.253622,49.287524],[-1.253523,49.287571],[-1.253561,49.287604]]]}},{"type":"Feature","properties":{},"geometry":{"type":"Polygon","coordinates":[[[-1.249942,49.29904],[-1.249879,49.299098],[-1.249944,49.299128],[-1.249952,49.299132],[-1.250016,49.299075],[-1.249942,49.29904]]]}},{"type":"Feature","properties":{},"geometry":{"type":"Polygon","coordinates":[[[-1.245889,49.300056],[-1.245974,49.300019],[-1.24602,49.299999],[-1.245959,49.299938],[-1.245828,49.299996],[-1.245889,49.300056]]]}},{"type":"Feature","properties":{},"geometry":{"type":"Polygon","coordinates":[[[-1.2438917,49.301016],[-1.243853,49.3009858],[-1.243748,49.3010442],[-1.2437293,49.3010545],[-1.2437743,49.3010848],[-1.2438917,49.301016]]]}},{"type":"Feature","properties":{},"geometry":{"type":"Polygon","coordinates":[[[-1.245982,49.303773],[-1.245986,49.303776],[-1.246024,49.303758],[-1.245935,49.303685],[-1.245892,49.303708],[-1.245982,49.303773]]]}},{"type":"Feature","properties":{},"geometry":{"type":"Polygon","coordinates":[[[-1.2440517,49.3013273],[-1.2441108,49.3012861],[-1.2440501,49.3012467],[-1.2440314,49.3012352],[-1.2439643,49.3012752],[-1.2440517,49.3013273]]]}},{"type":"Feature","properties":{},"geometry":{"type":"Polygon","coordinates":[[[-1.254684,49.312439],[-1.254526,49.312259],[-1.254483,49.312275],[-1.254357,49.312323],[-1.254515,49.312503],[-1.254684,49.312439]]]}},{"type":"Feature","properties":{},"geometry":{"type":"Polygon","coordinates":[[[-1.244282,49.299183],[-1.244237,49.299124],[-1.244068,49.29918],[-1.244115,49.29924],[-1.244187,49.299215],[-1.244282,49.299183]]]}},{"type":"Feature","properties":{},"geometry":{"type":"Polygon","coordinates":[[[-1.247007,49.302406],[-1.247138,49.302414],[-1.247164,49.302356],[-1.247024,49.30235],[-1.247007,49.302406]]]}},{"type":"Feature","properties":{},"geometry":{"type":"Polygon","coordinates":[[[-1.248709,49.29788],[-1.24883,49.297889],[-1.248895,49.297528],[-1.248773,49.297518],[-1.248709,49.29788]]]}},{"type":"Feature","properties":{},"geometry":{"type":"Polygon","coordinates":[[[-1.248156,49.303565],[-1.248197,49.30354],[-1.248133,49.303491],[-1.248117,49.303506],[-1.248092,49.30353],[-1.248156,49.303565]]]}},{"type":"Feature","properties":{},"geometry":{"type":"Polygon","coordinates":[[[-1.251484,49.305143],[-1.25145,49.305116],[-1.251288,49.305204],[-1.25132,49.305232],[-1.251333,49.305224],[-1.251484,49.305143]]]}},{"type":"Feature","properties":{},"geometry":{"type":"Polygon","coordinates":[[[-1.238462,49.302576],[-1.238335,49.302597],[-1.238425,49.302814],[-1.238437,49.302843],[-1.238568,49.302819],[-1.238462,49.302576]]]}},{"type":"Feature","properties":{},"geometry":{"type":"Polygon","coordinates":[[[-1.248463,49.303413],[-1.248552,49.303454],[-1.248604,49.303405],[-1.248632,49.30338],[-1.248543,49.303338],[-1.248463,49.303413]]]}},{"type":"Feature","properties":{},"geometry":{"type":"Polygon","coordinates":[[[-1.250915,49.304766],[-1.251142,49.304946],[-1.251779,49.304603],[-1.251681,49.304525],[-1.251478,49.304463],[-1.250915,49.304766]]]}},{"type":"Feature","properties":{},"geometry":{"type":"Polygon","coordinates":[[[-1.246803,49.300732],[-1.246911,49.300739],[-1.246927,49.300645],[-1.246817,49.300638],[-1.246813,49.300664],[-1.246803,49.300732]]]}},{"type":"Feature","properties":{},"geometry":{"type":"Polygon","coordinates":[[[-1.243794,49.3011736],[-1.2438222,49.301155],[-1.2437303,49.3010911],[-1.2436992,49.3011096],[-1.243794,49.3011736]]]}},{"type":"Feature","properties":{},"geometry":{"type":"Polygon","coordinates":[[[-1.245918,49.304822],[-1.246039,49.304807],[-1.24612,49.304777],[-1.24611,49.304748],[-1.245904,49.30477],[-1.245918,49.304822]]]}},{"type":"Feature","properties":{},"geometry":{"type":"Polygon","coordinates":[[[-1.254957,49.297063],[-1.254801,49.297007],[-1.254746,49.29707],[-1.254853,49.29711],[-1.2549,49.297127],[-1.254957,49.297063]]]}},{"type":"Feature","properties":{},"geometry":{"type":"Polygon","coordinates":[[[-1.245256,49.303318],[-1.245218,49.303344],[-1.245201,49.303356],[-1.245271,49.303403],[-1.245327,49.303365],[-1.245256,49.303318]]]}},{"type":"Feature","properties":{},"geometry":{"type":"Polygon","coordinates":[[[-1.249021,49.301808],[-1.248982,49.301865],[-1.249077,49.301894],[-1.249115,49.301838],[-1.249118,49.301835],[-1.249021,49.301808]]]}},{"type":"Feature","properties":{},"geometry":{"type":"Polygon","coordinates":[[[-1.263288,49.311054],[-1.263392,49.310874],[-1.263313,49.310854],[-1.263213,49.311022],[-1.263204,49.311037],[-1.263288,49.311054]]]}},{"type":"Feature","properties":{},"geometry":{"type":"Polygon","coordinates":[[[-1.259795,49.297259],[-1.259864,49.297237],[-1.259791,49.297175],[-1.259781,49.297178],[-1.25974,49.297193],[-1.259795,49.297259]]]}},{"type":"Feature","properties":{},"geometry":{"type":"Polygon","coordinates":[[[-1.255256,49.298426],[-1.255373,49.298451],[-1.255426,49.298346],[-1.255309,49.298319],[-1.255306,49.298325],[-1.255256,49.298426]]]}},{"type":"Feature","properties":{},"geometry":{"type":"Polygon","coordinates":[[[-1.243143,49.304219],[-1.2431675,49.3042258],[-1.243211,49.304238],[-1.243254,49.304139],[-1.24318,49.304124],[-1.243165,49.304157],[-1.243143,49.304219]]]}},{"type":"Feature","properties":{},"geometry":{"type":"Polygon","coordinates":[[[-1.257444,49.293127],[-1.25733,49.293203],[-1.257414,49.293257],[-1.257482,49.293212],[-1.257528,49.293182],[-1.257444,49.293127]]]}},{"type":"Feature","properties":{},"geometry":{"type":"Polygon","coordinates":[[[-1.238876,49.302966],[-1.23884,49.302887],[-1.238481,49.30295],[-1.238456,49.302954],[-1.238477,49.303033],[-1.238876,49.302966]]]}},{"type":"Feature","properties":{},"geometry":{"type":"Polygon","coordinates":[[[-1.253821,49.304961],[-1.253913,49.30499],[-1.253962,49.305006],[-1.25401,49.304944],[-1.25387,49.304898],[-1.253821,49.304961]]]}},{"type":"Feature","properties":{},"geometry":{"type":"Polygon","coordinates":[[[-1.252049,49.304964],[-1.251983,49.304892],[-1.251884,49.304933],[-1.251953,49.305005],[-1.252006,49.304984],[-1.252049,49.304964]]]}},{"type":"Feature","properties":{},"geometry":{"type":"Polygon","coordinates":[[[-1.23962,49.305195],[-1.239558,49.305136],[-1.23955,49.30514],[-1.239498,49.305164],[-1.239553,49.305214],[-1.23962,49.305195]]]}},{"type":"Feature","properties":{},"geometry":{"type":"Polygon","coordinates":[[[-1.244611,49.305061],[-1.244342,49.305122],[-1.244379,49.305185],[-1.244501,49.305145],[-1.244627,49.305095],[-1.244611,49.305061]]]}},{"type":"Feature","properties":{},"geometry":{"type":"Polygon","coordinates":[[[-1.249642,49.301679],[-1.249775,49.30159],[-1.249702,49.301542],[-1.249671,49.301563],[-1.249565,49.301633],[-1.249642,49.301679]]]}},{"type":"Feature","properties":{},"geometry":{"type":"Polygon","coordinates":[[[-1.249749,49.299295],[-1.249788,49.299313],[-1.249852,49.299255],[-1.249821,49.29924],[-1.249813,49.299237],[-1.249749,49.299295]]]}},{"type":"Feature","properties":{},"geometry":{"type":"Polygon","coordinates":[[[-1.255844,49.306113],[-1.255956,49.306048],[-1.255525,49.305725],[-1.255411,49.305789],[-1.255844,49.306113]]]}},{"type":"Feature","properties":{},"geometry":{"type":"Polygon","coordinates":[[[-1.239155,49.303723],[-1.239215,49.303649],[-1.238974,49.303567],[-1.238917,49.303641],[-1.23915,49.303721],[-1.239155,49.303723]]]}},{"type":"Feature","properties":{},"geometry":{"type":"Polygon","coordinates":[[[-1.247028,49.305149],[-1.24708,49.305153],[-1.2471,49.305031],[-1.247088,49.305031],[-1.247051,49.30503],[-1.247028,49.305149]]]}},{"type":"Feature","properties":{},"geometry":{"type":"Polygon","coordinates":[[[-1.241056,49.306139],[-1.241248,49.306092],[-1.241201,49.306064],[-1.24119,49.306057],[-1.240993,49.306104],[-1.241056,49.306139]]]}},{"type":"Feature","properties":{},"geometry":{"type":"Polygon","coordinates":[[[-1.246975,49.30318],[-1.246877,49.303221],[-1.246934,49.303273],[-1.247016,49.303232],[-1.247026,49.303227],[-1.246975,49.30318]]]}},{"type":"Feature","properties":{},"geometry":{"type":"Polygon","coordinates":[[[-1.243324,49.301882],[-1.243453,49.301924],[-1.243541,49.301814],[-1.243464,49.301789],[-1.243415,49.301772],[-1.243324,49.301882]]]}},{"type":"Feature","properties":{},"geometry":{"type":"Polygon","coordinates":[[[-1.258133,49.296437],[-1.258024,49.296465],[-1.258046,49.296501],[-1.258114,49.29661],[-1.258222,49.29658],[-1.258133,49.296437]]]}},{"type":"Feature","properties":{},"geometry":{"type":"Polygon","coordinates":[[[-1.239584,49.304138],[-1.239628,49.304117],[-1.239579,49.304068],[-1.239543,49.304092],[-1.239536,49.304096],[-1.239584,49.304138]]]}},{"type":"Feature","properties":{},"geometry":{"type":"Polygon","coordinates":[[[-1.254041,49.306901],[-1.254106,49.306868],[-1.253922,49.306713],[-1.253857,49.306746],[-1.253861,49.306749],[-1.254041,49.306901]]]}},{"type":"Feature","properties":{},"geometry":{"type":"Polygon","coordinates":[[[-1.249646,49.302831],[-1.24946,49.302682],[-1.249328,49.302753],[-1.249513,49.302901],[-1.249579,49.302866],[-1.249646,49.302831]]]}},{"type":"Feature","properties":{},"geometry":{"type":"Polygon","coordinates":[[[-1.256087,49.300037],[-1.256096,49.300125],[-1.256184,49.30012],[-1.256182,49.300108],[-1.256269,49.300103],[-1.256356,49.300097],[-1.256354,49.300087],[-1.256443,49.300081],[-1.256527,49.300076],[-1.256614,49.300069],[-1.256612,49.30006],[-1.2567,49.300053],[-1.256703,49.300067],[-1.256789,49.30006],[-1.256773,49.299974],[-1.256755,49.299976],[-1.256752,49.299962],[-1.256707,49.299966],[-1.25671,49.299978],[-1.256689,49.29998],[-1.256666,49.299982],[-1.256664,49.299968],[-1.256621,49.299971],[-1.256623,49.299983],[-1.256601,49.299984],[-1.256602,49.299996],[-1.256581,49.299998],[-1.256579,49.299985],[-1.256536,49.299988],[-1.256538,49.299999],[-1.256516,49.3],[-1.256496,49.300003],[-1.256493,49.299989],[-1.256448,49.299994],[-1.256451,49.300004],[-1.256432,49.300006],[-1.256408,49.300008],[-1.256406,49.299995],[-1.256362,49.299997],[-1.256364,49.30001],[-1.256342,49.300011],[-1.256344,49.300021],[-1.256323,49.300023],[-1.256322,49.300011],[-1.256277,49.300014],[-1.256279,49.300025],[-1.25626,49.300026],[-1.256238,49.300028],[-1.256235,49.300015],[-1.25619,49.300019],[-1.256193,49.300031],[-1.256172,49.300033],[-1.256154,49.300034],[-1.256153,49.300022],[-1.256106,49.300023],[-1.256107,49.300037],[-1.256087,49.300037]]]}},{"type":"Feature","properties":{},"geometry":{"type":"Polygon","coordinates":[[[-1.244029,49.300288],[-1.244083,49.300323],[-1.244119,49.300299],[-1.244116,49.300296],[-1.244147,49.300275],[-1.24418,49.300253],[-1.244169,49.300246],[-1.244138,49.300226],[-1.244148,49.300218],[-1.244111,49.300195],[-1.24413,49.300181],[-1.244078,49.300145],[-1.244057,49.300131],[-1.244021,49.300109],[-1.244006,49.300119],[-1.243968,49.300096],[-1.243944,49.300111],[-1.243911,49.300089],[-1.243926,49.300079],[-1.243892,49.300056],[-1.243871,49.300043],[-1.243815,49.300007],[-1.243741,49.29996],[-1.243718,49.299945],[-1.243682,49.299922],[-1.243663,49.299933],[-1.243628,49.299912],[-1.24366,49.299891],[-1.243542,49.299815],[-1.243515,49.299798],[-1.243481,49.299775],[-1.243416,49.299733],[-1.243346,49.299688],[-1.243332,49.299666],[-1.243316,49.299641],[-1.243277,49.29958],[-1.24318,49.299607],[-1.243234,49.299692],[-1.243241,49.29969],[-1.243271,49.299736],[-1.24334,49.299782],[-1.243439,49.299846],[-1.243512,49.299894],[-1.243506,49.299898],[-1.243578,49.299945],[-1.243572,49.299949],[-1.243608,49.299972],[-1.243627,49.299984],[-1.243739,49.300057],[-1.243826,49.300114],[-1.243846,49.300127],[-1.243885,49.300152],[-1.243909,49.300136],[-1.243944,49.300158],[-1.243965,49.300171],[-1.244057,49.30023],[-1.244033,49.300247],[-1.244063,49.300266],[-1.244029,49.300288]]]}},{"type":"Feature","properties":{},"geometry":{"type":"Polygon","coordinates":[[[-1.241642,49.303874],[-1.241607,49.303936],[-1.241557,49.304017],[-1.24152,49.30407],[-1.241567,49.304083],[-1.241703,49.303893],[-1.241642,49.303874]]]}},{"type":"Feature","properties":{},"geometry":{"type":"Polygon","coordinates":[[[-1.25413,49.300875],[-1.254198,49.300864],[-1.254156,49.300754],[-1.254076,49.300767],[-1.254111,49.300857],[-1.254122,49.300855],[-1.25413,49.300875]]]}},{"type":"Feature","properties":{},"geometry":{"type":"Polygon","coordinates":[[[-1.25058,49.298875],[-1.2506024,49.2988491],[-1.250508,49.298833],[-1.250421,49.298818],[-1.250411,49.298816],[-1.250398,49.298846],[-1.25058,49.298875]]]}},{"type":"Feature","properties":{},"geometry":{"type":"Polygon","coordinates":[[[-1.250478,49.306116],[-1.25083,49.306235],[-1.250912,49.306131],[-1.250884,49.306121],[-1.250853,49.30616],[-1.25053,49.30605],[-1.250478,49.306116]]]}},{"type":"Feature","properties":{},"geometry":{"type":"Polygon","coordinates":[[[-1.241413,49.30283],[-1.241399,49.302766],[-1.241308,49.302775],[-1.241301,49.302745],[-1.241246,49.302751],[-1.241268,49.302845],[-1.241413,49.30283]]]}},{"type":"Feature","properties":{},"geometry":{"type":"Polygon","coordinates":[[[-1.254841,49.300785],[-1.254912,49.300775],[-1.25489,49.300713],[-1.254876,49.300715],[-1.254846,49.300628],[-1.254789,49.300637],[-1.254841,49.300785]]]}},{"type":"Feature","properties":{},"geometry":{"type":"Polygon","coordinates":[[[-1.258064,49.306719],[-1.258121,49.306651],[-1.257985,49.306602],[-1.257964,49.306629],[-1.257926,49.306615],[-1.25789,49.306657],[-1.258064,49.306719]]]}},{"type":"Feature","properties":{},"geometry":{"type":"Polygon","coordinates":[[[-1.243008,49.304262],[-1.242946,49.304247],[-1.242891,49.304304],[-1.242867,49.304345],[-1.242916,49.304354],[-1.242936,49.304357],[-1.243008,49.304262]]]}},{"type":"Feature","properties":{},"geometry":{"type":"Polygon","coordinates":[[[-1.2584051,49.2983435],[-1.2583748,49.2982835],[-1.2582641,49.2983073],[-1.2582666,49.2983123],[-1.2582953,49.298369],[-1.2583199,49.2984178],[-1.2584698,49.2983855],[-1.2584443,49.298335],[-1.2584051,49.2983435]]]}},{"type":"Feature","properties":{},"geometry":{"type":"Polygon","coordinates":[[[-1.251722,49.300285],[-1.251758,49.300209],[-1.251703,49.300199],[-1.251701,49.300204],[-1.251631,49.300189],[-1.251597,49.30026],[-1.251722,49.300285]]]}},{"type":"Feature","properties":{},"geometry":{"type":"Polygon","coordinates":[[[-1.242888,49.30274],[-1.242812,49.30274],[-1.242747,49.302741],[-1.242749,49.302765],[-1.242754,49.302818],[-1.242875,49.30281],[-1.242888,49.30274]]]}},{"type":"Feature","properties":{},"geometry":{"type":"Polygon","coordinates":[[[-1.250559,49.301078],[-1.250558,49.300994],[-1.250411,49.300995],[-1.250109,49.300998],[-1.250111,49.301082],[-1.250413,49.301079],[-1.250559,49.301078]]]}},{"type":"Feature","properties":{},"geometry":{"type":"Polygon","coordinates":[[[-1.23779,49.302848],[-1.237748,49.302843],[-1.237745,49.302839],[-1.237729,49.302838],[-1.237712,49.302921],[-1.237779,49.302926],[-1.23779,49.302848]]]}},{"type":"Feature","properties":{},"geometry":{"type":"Polygon","coordinates":[[[-1.259012,49.306784],[-1.259009,49.306783],[-1.258956,49.306766],[-1.258809,49.306717],[-1.258755,49.306783],[-1.258957,49.306852],[-1.259012,49.306784]]]}},{"type":"Feature","properties":{},"geometry":{"type":"Polygon","coordinates":[[[-1.248256,49.302463],[-1.248245,49.302458],[-1.248207,49.302443],[-1.248163,49.302487],[-1.248288,49.302539],[-1.24833,49.302498],[-1.248256,49.302463]]]}},{"type":"Feature","properties":{},"geometry":{"type":"Polygon","coordinates":[[[-1.243717,49.301668],[-1.243795,49.301612],[-1.24373,49.301573],[-1.243677,49.30161],[-1.243676,49.30161],[-1.243651,49.301628],[-1.243717,49.301668]]]}},{"type":"Feature","properties":{},"geometry":{"type":"Polygon","coordinates":[[[-1.247294,49.303785],[-1.247284,49.30379],[-1.24735,49.303877],[-1.247425,49.303854],[-1.247341,49.303742],[-1.247273,49.303756],[-1.247294,49.303785]]]}},{"type":"Feature","properties":{},"geometry":{"type":"Polygon","coordinates":[[[-1.246991,49.303087],[-1.247085,49.303113],[-1.247113,49.303074],[-1.247139,49.303031],[-1.247043,49.303005],[-1.247011,49.303053],[-1.246991,49.303087]]]}},{"type":"Feature","properties":{},"geometry":{"type":"Polygon","coordinates":[[[-1.248289,49.298786],[-1.248248,49.298822],[-1.24823,49.298814],[-1.248214,49.298829],[-1.24831,49.298875],[-1.248367,49.298823],[-1.248289,49.298786]]]}},{"type":"Feature","properties":{},"geometry":{"type":"Polygon","coordinates":[[[-1.246123,49.306836],[-1.246154,49.306832],[-1.246137,49.306743],[-1.24599,49.306755],[-1.246004,49.306796],[-1.246111,49.306788],[-1.246123,49.306836]]]}},{"type":"Feature","properties":{},"geometry":{"type":"Polygon","coordinates":[[[-1.256367,49.295782],[-1.256469,49.295715],[-1.256392,49.295666],[-1.256335,49.295704],[-1.25633,49.295707],[-1.256291,49.295734],[-1.256367,49.295782]]]}},{"type":"Feature","properties":{},"geometry":{"type":"Polygon","coordinates":[[[-1.246526,49.301874],[-1.246577,49.301877],[-1.246583,49.301836],[-1.246673,49.301841],[-1.246683,49.301769],[-1.246545,49.30176],[-1.246526,49.301874]]]}},{"type":"Feature","properties":{},"geometry":{"type":"Polygon","coordinates":[[[-1.260227,49.301193],[-1.260347,49.30119],[-1.260423,49.301189],[-1.260545,49.301186],[-1.260543,49.301124],[-1.260225,49.301128],[-1.260227,49.301193]]]}},{"type":"Feature","properties":{},"geometry":{"type":"Polygon","coordinates":[[[-1.256263,49.306303],[-1.256189,49.306246],[-1.256083,49.306305],[-1.256157,49.306362],[-1.25619,49.306344],[-1.256208,49.306334],[-1.256263,49.306303]]]}},{"type":"Feature","properties":{},"geometry":{"type":"Polygon","coordinates":[[[-1.259958,49.298033],[-1.260123,49.298012],[-1.2601,49.297941],[-1.25998,49.297957],[-1.259981,49.29796],[-1.259936,49.297967],[-1.259958,49.298033]]]}},{"type":"Feature","properties":{},"geometry":{"type":"Polygon","coordinates":[[[-1.25172,49.305066],[-1.251654,49.304997],[-1.251645,49.305],[-1.251623,49.304977],[-1.251586,49.304992],[-1.251674,49.305085],[-1.25172,49.305066]]]}},{"type":"Feature","properties":{},"geometry":{"type":"Polygon","coordinates":[[[-1.243335,49.304175],[-1.243291,49.304167],[-1.243299,49.304147],[-1.243254,49.304139],[-1.243211,49.304238],[-1.2432553,49.3042456],[-1.243298,49.304253],[-1.243335,49.304175]]]}},{"type":"Feature","properties":{},"geometry":{"type":"Polygon","coordinates":[[[-1.243069,49.304091],[-1.24308,49.304071],[-1.243004,49.304055],[-1.242975,49.30412],[-1.243043,49.304136],[-1.243056,49.304114],[-1.243069,49.304091]]]}},{"type":"Feature","properties":{},"geometry":{"type":"Polygon","coordinates":[[[-1.258534,49.29493],[-1.25846,49.294882],[-1.258322,49.294973],[-1.258388,49.295017],[-1.258419,49.294996],[-1.258427,49.295001],[-1.258534,49.29493]]]}},{"type":"Feature","properties":{},"geometry":{"type":"Polygon","coordinates":[[[-1.257644,49.295572],[-1.257546,49.295525],[-1.257405,49.295652],[-1.257491,49.295694],[-1.257549,49.295642],[-1.25756,49.295647],[-1.257644,49.295572]]]}},{"type":"Feature","properties":{},"geometry":{"type":"Polygon","coordinates":[[[-1.250094,49.304],[-1.250037,49.304043],[-1.250071,49.304062],[-1.250155,49.303998],[-1.250091,49.303959],[-1.25006,49.303981],[-1.250094,49.304]]]}},{"type":"Feature","properties":{},"geometry":{"type":"Polygon","coordinates":[[[-1.242787,49.306527],[-1.24272,49.306531],[-1.242733,49.306616],[-1.242814,49.306611],[-1.24281,49.306572],[-1.242792,49.306572],[-1.242787,49.306527]]]}},{"type":"Feature","properties":{},"geometry":{"type":"Polygon","coordinates":[[[-1.249612,49.303881],[-1.249752,49.30374],[-1.24968,49.303708],[-1.249619,49.303769],[-1.249497,49.303716],[-1.249416,49.303797],[-1.249612,49.303881]]]}},{"type":"Feature","properties":{},"geometry":{"type":"Polygon","coordinates":[[[-1.2412059,49.3069853],[-1.2412129,49.3069863],[-1.2412809,49.3069993],[-1.2413179,49.3070063],[-1.2413599,49.3069053],[-1.2412519,49.3068853],[-1.2412059,49.3069853]]]}},{"type":"Feature","properties":{},"geometry":{"type":"Polygon","coordinates":[[[-1.251069,49.299171],[-1.251108,49.299183],[-1.251169,49.299203],[-1.2512,49.299156],[-1.251016,49.29908],[-1.250971,49.29914],[-1.251069,49.299171]]]}},{"type":"Feature","properties":{},"geometry":{"type":"Polygon","coordinates":[[[-1.252294,49.305123],[-1.252347,49.305164],[-1.252422,49.305121],[-1.252347,49.305065],[-1.252306,49.305088],[-1.252327,49.305105],[-1.252294,49.305123]]]}},{"type":"Feature","properties":{},"geometry":{"type":"Polygon","coordinates":[[[-1.246101,49.30615],[-1.246001,49.306151],[-1.246001,49.306141],[-1.245811,49.306144],[-1.245812,49.306183],[-1.246101,49.306179],[-1.246101,49.30615]]]}},{"type":"Feature","properties":{},"geometry":{"type":"Polygon","coordinates":[[[-1.243115,49.303772],[-1.243143,49.303774],[-1.243148,49.303746],[-1.24322,49.303752],[-1.243216,49.303671],[-1.243141,49.303666],[-1.243115,49.303772]]]}},{"type":"Feature","properties":{},"geometry":{"type":"Polygon","coordinates":[[[-1.26537,49.286298],[-1.265259,49.286253],[-1.265108,49.286407],[-1.265183,49.286441],[-1.265295,49.286337],[-1.265321,49.286346],[-1.26537,49.286298]]]}},{"type":"Feature","properties":{},"geometry":{"type":"Polygon","coordinates":[[[-1.245676,49.305791],[-1.245827,49.305789],[-1.245823,49.30574],[-1.245782,49.305741],[-1.24578,49.305733],[-1.245664,49.305734],[-1.245676,49.305791]]]}},{"type":"Feature","properties":{},"geometry":{"type":"Polygon","coordinates":[[[-1.254647,49.295575],[-1.254531,49.295568],[-1.254504,49.295717],[-1.25462,49.295725],[-1.254628,49.295683],[-1.254646,49.295584],[-1.254647,49.295575]]]}},{"type":"Feature","properties":{},"geometry":{"type":"Polygon","coordinates":[[[-1.247679,49.305205],[-1.247682,49.305173],[-1.247689,49.305101],[-1.247624,49.305097],[-1.247623,49.305101],[-1.247614,49.305199],[-1.247679,49.305205]]]}},{"type":"Feature","properties":{},"geometry":{"type":"Polygon","coordinates":[[[-1.257223,49.307732],[-1.257295,49.307646],[-1.257197,49.307612],[-1.257149,49.307672],[-1.257134,49.307667],[-1.257112,49.307694],[-1.257223,49.307732]]]}},{"type":"Feature","properties":{},"geometry":{"type":"Polygon","coordinates":[[[-1.240602,49.299442],[-1.24054,49.299471],[-1.240643,49.299563],[-1.240685,49.2996],[-1.240689,49.299603],[-1.240747,49.299573],[-1.240602,49.299442]]]}},{"type":"Feature","properties":{},"geometry":{"type":"Polygon","coordinates":[[[-1.2536154,49.3000042],[-1.2536394,49.3000515],[-1.2537676,49.3000237],[-1.2537343,49.2999583],[-1.2536839,49.2999692],[-1.2536932,49.2999874],[-1.2536154,49.3000042]]]}},{"type":"Feature","properties":{},"geometry":{"type":"Polygon","coordinates":[[[-1.249881,49.299184],[-1.249883,49.299184],[-1.249944,49.299128],[-1.249879,49.299098],[-1.249873,49.299095],[-1.249811,49.299151],[-1.249881,49.299184]]]}},{"type":"Feature","properties":{},"geometry":{"type":"Polygon","coordinates":[[[-1.251394,49.306429],[-1.251437,49.306461],[-1.251454,49.306432],[-1.251444,49.306431],[-1.251518,49.306331],[-1.251476,49.306317],[-1.251394,49.306429]]]}},{"type":"Feature","properties":{},"geometry":{"type":"Polygon","coordinates":[[[-1.257594,49.307582],[-1.257691,49.307616],[-1.257741,49.307557],[-1.257751,49.307559],[-1.257774,49.307534],[-1.257664,49.307496],[-1.257594,49.307582]]]}},{"type":"Feature","properties":{},"geometry":{"type":"Polygon","coordinates":[[[-1.247161,49.303343],[-1.247238,49.303305],[-1.247104,49.30319],[-1.247073,49.303205],[-1.247122,49.303251],[-1.247079,49.303273],[-1.247161,49.303343]]]}},{"type":"Feature","properties":{},"geometry":{"type":"Polygon","coordinates":[[[-1.254823,49.315708],[-1.254672,49.315553],[-1.254458,49.315641],[-1.254358,49.315683],[-1.25451,49.315839],[-1.25461,49.315797],[-1.254823,49.315708]]]}},{"type":"Feature","properties":{},"geometry":{"type":"Polygon","coordinates":[[[-1.246318,49.303761],[-1.246354,49.303743],[-1.246273,49.303679],[-1.246248,49.303692],[-1.246273,49.303711],[-1.246262,49.303716],[-1.246318,49.303761]]]}},{"type":"Feature","properties":{},"geometry":{"type":"Polygon","coordinates":[[[-1.23895,49.308745],[-1.23906,49.308742],[-1.239058,49.308659],[-1.238964,49.308651],[-1.238941,49.30865],[-1.238946,49.308704],[-1.23895,49.308745]]]}},{"type":"Feature","properties":{},"geometry":{"type":"Polygon","coordinates":[[[-1.239791,49.305954],[-1.239687,49.305904],[-1.239682,49.305909],[-1.239637,49.305947],[-1.239691,49.305974],[-1.239739,49.305997],[-1.239791,49.305954]]]}},{"type":"Feature","properties":{},"geometry":{"type":"Polygon","coordinates":[[[-1.257441,49.299155],[-1.257566,49.29911],[-1.257563,49.299107],[-1.257602,49.299093],[-1.257554,49.299035],[-1.257389,49.299092],[-1.257441,49.299155]]]}},{"type":"Feature","properties":{},"geometry":{"type":"Polygon","coordinates":[[[-1.246545,49.308857],[-1.246559,49.3088],[-1.246537,49.30874],[-1.2462,49.308794],[-1.246179,49.308899],[-1.246522,49.308938],[-1.246545,49.308857]]]}},{"type":"Feature","properties":{},"geometry":{"type":"Polygon","coordinates":[[[-1.258844,49.298144],[-1.259005,49.298107],[-1.259023,49.298103],[-1.258986,49.29803],[-1.258806,49.298071],[-1.258838,49.298131],[-1.258844,49.298144]]]}},{"type":"Feature","properties":{},"geometry":{"type":"Polygon","coordinates":[[[-1.245253,49.30298],[-1.245245,49.302974],[-1.245185,49.303009],[-1.24519,49.303013],[-1.245355,49.30313],[-1.245411,49.303098],[-1.245253,49.30298]]]}},{"type":"Feature","properties":{},"geometry":{"type":"Polygon","coordinates":[[[-1.255111,49.299394],[-1.255239,49.299314],[-1.255229,49.299308],[-1.255174,49.299272],[-1.255168,49.299269],[-1.255046,49.29935],[-1.255111,49.299394]]]}},{"type":"Feature","properties":{},"geometry":{"type":"Polygon","coordinates":[[[-1.255504,49.296089],[-1.255611,49.29609],[-1.255612,49.296071],[-1.255612,49.296062],[-1.255614,49.29601],[-1.255506,49.296009],[-1.255504,49.296089]]]}},{"type":"Feature","properties":{},"geometry":{"type":"Polygon","coordinates":[[[-1.240359,49.305147],[-1.240403,49.305171],[-1.24044,49.305191],[-1.240509,49.305134],[-1.240461,49.305107],[-1.240432,49.305091],[-1.240359,49.305147]]]}},{"type":"Feature","properties":{},"geometry":{"type":"Polygon","coordinates":[[[-1.254174,49.300488],[-1.254142,49.300404],[-1.254058,49.300418],[-1.25408,49.300473],[-1.254053,49.300478],[-1.254064,49.300507],[-1.254174,49.300488]]]}},{"type":"Feature","properties":{},"geometry":{"type":"Polygon","coordinates":[[[-1.259993,49.297786],[-1.259979,49.29779],[-1.260021,49.297872],[-1.260134,49.297848],[-1.260066,49.297714],[-1.259966,49.297736],[-1.259993,49.297786]]]}},{"type":"Feature","properties":{},"geometry":{"type":"Polygon","coordinates":[[[-1.236994,49.302476],[-1.237,49.302491],[-1.237057,49.30254],[-1.237085,49.302509],[-1.237108,49.302482],[-1.236993,49.302453],[-1.236994,49.302476]]]}},{"type":"Feature","properties":{},"geometry":{"type":"Polygon","coordinates":[[[-1.249048,49.303129],[-1.249121,49.303103],[-1.248999,49.30302],[-1.248939,49.303065],[-1.248921,49.303078],[-1.248908,49.303088],[-1.249048,49.303129]]]}},{"type":"Feature","properties":{},"geometry":{"type":"Polygon","coordinates":[[[-1.24018,49.303871],[-1.240234,49.303902],[-1.240233,49.303882],[-1.240286,49.303844],[-1.240228,49.303806],[-1.24021,49.303825],[-1.24018,49.303871]]]}},{"type":"Feature","properties":{},"geometry":{"type":"Polygon","coordinates":[[[-1.239428,49.305465],[-1.239491,49.305412],[-1.239336,49.305335],[-1.23922,49.305365],[-1.239428,49.305465]]]}},{"type":"Feature","properties":{},"geometry":{"type":"Polygon","coordinates":[[[-1.2512,49.305131],[-1.251281,49.305198],[-1.251364,49.305154],[-1.251355,49.305147],[-1.251364,49.305142],[-1.251293,49.305083],[-1.2512,49.305131]]]}},{"type":"Feature","properties":{},"geometry":{"type":"Polygon","coordinates":[[[-1.243661,49.304317],[-1.243702,49.3043238],[-1.243733,49.304329],[-1.243771,49.304242],[-1.243778,49.304244],[-1.243784,49.304233],[-1.243709,49.304218],[-1.243661,49.304317]]]}},{"type":"Feature","properties":{},"geometry":{"type":"Polygon","coordinates":[[[-1.238622,49.30865],[-1.238618,49.308648],[-1.238527,49.308604],[-1.238522,49.308608],[-1.238481,49.308642],[-1.238574,49.30869],[-1.238622,49.30865]]]}},{"type":"Feature","properties":{},"geometry":{"type":"Polygon","coordinates":[[[-1.257002,49.285018],[-1.256742,49.285088],[-1.256762,49.28512],[-1.256629,49.285155],[-1.256662,49.285209],[-1.25705,49.285105],[-1.257002,49.285018]]]}},{"type":"Feature","properties":{},"geometry":{"type":"Polygon","coordinates":[[[-1.251579,49.304413],[-1.252133,49.304581],[-1.252293,49.304357],[-1.251707,49.304179],[-1.251694,49.304198],[-1.251725,49.304208],[-1.251579,49.304413]]]}},{"type":"Feature","properties":{},"geometry":{"type":"Polygon","coordinates":[[[-1.254863,49.301401],[-1.254955,49.301385],[-1.254944,49.301358],[-1.254951,49.301357],[-1.254928,49.301299],[-1.254832,49.301315],[-1.254863,49.301401]]]}},{"type":"Feature","properties":{},"geometry":{"type":"Polygon","coordinates":[[[-1.251043,49.29828],[-1.250946,49.298254],[-1.250878,49.298363],[-1.250987,49.298392],[-1.251031,49.298324],[-1.251018,49.29832],[-1.251043,49.29828]]]}},{"type":"Feature","properties":{},"geometry":{"type":"Polygon","coordinates":[[[-1.244239,49.303027],[-1.24424,49.303015],[-1.244241,49.302992],[-1.244115,49.302999],[-1.244135,49.303109],[-1.244235,49.303114],[-1.244239,49.303027]]]}},{"type":"Feature","properties":{},"geometry":{"type":"Polygon","coordinates":[[[-1.256237,49.297831],[-1.256344,49.297828],[-1.256342,49.297808],[-1.256348,49.297808],[-1.25634,49.297722],[-1.256228,49.297726],[-1.256237,49.297831]]]}},{"type":"Feature","properties":{},"geometry":{"type":"Polygon","coordinates":[[[-1.253221,49.30793],[-1.253246,49.307958],[-1.253269,49.307949],[-1.253318,49.308003],[-1.25341,49.307967],[-1.253309,49.307856],[-1.253221,49.30793]]]}},{"type":"Feature","properties":{},"geometry":{"type":"Polygon","coordinates":[[[-1.247421,49.30075],[-1.247631,49.300763],[-1.247641,49.300695],[-1.247498,49.300687],[-1.247496,49.3007],[-1.247429,49.300696],[-1.247421,49.30075]]]}},{"type":"Feature","properties":{},"geometry":{"type":"Polygon","coordinates":[[[-1.257259,49.29405],[-1.257232,49.294042],[-1.257198,49.294033],[-1.25711,49.294009],[-1.257065,49.29408],[-1.257215,49.29412],[-1.257259,49.29405]]]}},{"type":"Feature","properties":{},"geometry":{"type":"Polygon","coordinates":[[[-1.239352,49.303823],[-1.239286,49.303789],[-1.239155,49.303723],[-1.23915,49.303721],[-1.239109,49.303771],[-1.239301,49.303868],[-1.239352,49.303823]]]}},{"type":"Feature","properties":{},"geometry":{"type":"Polygon","coordinates":[[[-1.25011,49.299515],[-1.250037,49.299585],[-1.250119,49.299624],[-1.250159,49.299643],[-1.250194,49.29966],[-1.25027,49.299591],[-1.25011,49.299515]]]}},{"type":"Feature","properties":{},"geometry":{"type":"Polygon","coordinates":[[[-1.25481,49.308194],[-1.254881,49.308198],[-1.254879,49.308213],[-1.25506,49.308228],[-1.255071,49.308176],[-1.254818,49.308156],[-1.25481,49.308194]]]}},{"type":"Feature","properties":{},"geometry":{"type":"Polygon","coordinates":[[[-1.253687,49.287716],[-1.253738,49.287747],[-1.253805,49.287685],[-1.253862,49.287653],[-1.253795,49.2876],[-1.253731,49.287647],[-1.253687,49.287716]]]}},{"type":"Feature","properties":{},"geometry":{"type":"Polygon","coordinates":[[[-1.24775,49.300589],[-1.24777,49.300591],[-1.247785,49.300592],[-1.247851,49.300595],[-1.247864,49.300509],[-1.247762,49.300503],[-1.24775,49.300589]]]}},{"type":"Feature","properties":{},"geometry":{"type":"Polygon","coordinates":[[[-1.253106,49.297617],[-1.252953,49.297583],[-1.252948,49.297594],[-1.252905,49.297584],[-1.252875,49.297643],[-1.253072,49.297686],[-1.253106,49.297617]]]}},{"type":"Feature","properties":{},"geometry":{"type":"Polygon","coordinates":[[[-1.248214,49.298829],[-1.248196,49.298844],[-1.248216,49.298854],[-1.248178,49.298888],[-1.248255,49.298925],[-1.24831,49.298875],[-1.248214,49.298829]]]}},{"type":"Feature","properties":{},"geometry":{"type":"Polygon","coordinates":[[[-1.240982,49.303517],[-1.24099,49.303491],[-1.241004,49.30345],[-1.240926,49.30344],[-1.240889,49.303571],[-1.240959,49.30359],[-1.240982,49.303517]]]}},{"type":"Feature","properties":{},"geometry":{"type":"Polygon","coordinates":[[[-1.239966,49.305668],[-1.240078,49.305724],[-1.240182,49.30564],[-1.240069,49.305578],[-1.239966,49.305668]]]}},{"type":"Feature","properties":{},"geometry":{"type":"Polygon","coordinates":[[[-1.246776,49.303668],[-1.246822,49.303715],[-1.246849,49.303752],[-1.246873,49.303739],[-1.246912,49.30372],[-1.246826,49.30364],[-1.246776,49.303668]]]}},{"type":"Feature","properties":{},"geometry":{"type":"Polygon","coordinates":[[[-1.25422,49.297228],[-1.254066,49.297169],[-1.25401,49.297231],[-1.254166,49.29729],[-1.254193,49.297259],[-1.254216,49.297233],[-1.25422,49.297228]]]}},{"type":"Feature","properties":{},"geometry":{"type":"Polygon","coordinates":[[[-1.236787,49.301884],[-1.236883,49.301886],[-1.236884,49.301868],[-1.236945,49.301869],[-1.236947,49.301804],[-1.236787,49.301802],[-1.236787,49.301884]]]}},{"type":"Feature","properties":{},"geometry":{"type":"Polygon","coordinates":[[[-1.246231,49.304524],[-1.24625,49.304547],[-1.246296,49.304529],[-1.246299,49.304533],[-1.24639,49.3045],[-1.24637,49.304474],[-1.246231,49.304524]]]}},{"type":"Feature","properties":{},"geometry":{"type":"Polygon","coordinates":[[[-1.254692,49.294198],[-1.254894,49.29426],[-1.254943,49.294192],[-1.254973,49.294202],[-1.254993,49.294175],[-1.254758,49.294103],[-1.254692,49.294198]]]}},{"type":"Feature","properties":{},"geometry":{"type":"Polygon","coordinates":[[[-1.254588,49.297371],[-1.254475,49.297337],[-1.254432,49.297323],[-1.254378,49.297397],[-1.254502,49.297437],[-1.254535,49.297447],[-1.254588,49.297371]]]}},{"type":"Feature","properties":{},"geometry":{"type":"Polygon","coordinates":[[[-1.235155,49.303127],[-1.235278,49.303134],[-1.235283,49.303082],[-1.235226,49.303079],[-1.23523,49.303025],[-1.235164,49.30302],[-1.2351616,49.303048],[-1.2351598,49.30307],[-1.235155,49.303127]]]}},{"type":"Feature","properties":{},"geometry":{"type":"Polygon","coordinates":[[[-1.264118,49.31092],[-1.264161,49.310891],[-1.264094,49.310847],[-1.264013,49.310906],[-1.264072,49.310939],[-1.264074,49.310949],[-1.264118,49.31092]]]}},{"type":"Feature","properties":{},"geometry":{"type":"Polygon","coordinates":[[[-1.243316,49.301003],[-1.243387,49.301042],[-1.24343,49.301012],[-1.243353,49.300973],[-1.243339,49.300983],[-1.243314,49.301002],[-1.243316,49.301003]]]}},{"type":"Feature","properties":{},"geometry":{"type":"Polygon","coordinates":[[[-1.244214,49.304211],[-1.244217,49.304212],[-1.244338,49.304253],[-1.244363,49.304221],[-1.244418,49.304159],[-1.244286,49.304115],[-1.244214,49.304211]]]}},{"type":"Feature","properties":{},"geometry":{"type":"Polygon","coordinates":[[[-1.247561,49.29949],[-1.247664,49.299497],[-1.247665,49.299494],[-1.24773,49.299498],[-1.247741,49.299432],[-1.247572,49.299422],[-1.247561,49.29949]]]}},{"type":"Feature","properties":{},"geometry":{"type":"Polygon","coordinates":[[[-1.250637,49.298532],[-1.250563,49.29865],[-1.250598,49.298659],[-1.250649,49.298576],[-1.250643,49.298573],[-1.250664,49.298539],[-1.250637,49.298532]]]}},{"type":"Feature","properties":{},"geometry":{"type":"Polygon","coordinates":[[[-1.238654,49.303162],[-1.238643,49.303244],[-1.238718,49.303261],[-1.238723,49.303253],[-1.238747,49.303159],[-1.238655,49.303157],[-1.238654,49.303162]]]}},{"type":"Feature","properties":{},"geometry":{"type":"Polygon","coordinates":[[[-1.249343,49.301707],[-1.249363,49.301718],[-1.249465,49.301602],[-1.249426,49.301587],[-1.249365,49.301656],[-1.249326,49.301699],[-1.249343,49.301707]]]}},{"type":"Feature","properties":{},"geometry":{"type":"Polygon","coordinates":[[[-1.241314,49.306584],[-1.241439,49.306531],[-1.241416,49.306508],[-1.24148,49.306481],[-1.241445,49.306425],[-1.241244,49.306514],[-1.241314,49.306584]]]}},{"type":"Feature","properties":{},"geometry":{"type":"Polygon","coordinates":[[[-1.239138,49.303406],[-1.239176,49.303415],[-1.239193,49.303419],[-1.239279,49.30327],[-1.239228,49.303254],[-1.239172,49.303348],[-1.239138,49.303406]]]}},{"type":"Feature","properties":{},"geometry":{"type":"Polygon","coordinates":[[[-1.254423,49.287079],[-1.254543,49.287055],[-1.254491,49.286963],[-1.254413,49.286981],[-1.25443,49.287017],[-1.254391,49.287026],[-1.254423,49.287079]]]}},{"type":"Feature","properties":{},"geometry":{"type":"Polygon","coordinates":[[[-1.245584,49.303982],[-1.245604,49.303971],[-1.245554,49.303928],[-1.245461,49.303978],[-1.245538,49.30406],[-1.245616,49.304012],[-1.245584,49.303982]]]}},{"type":"Feature","properties":{},"geometry":{"type":"Polygon","coordinates":[[[-1.24949,49.301399],[-1.249429,49.301381],[-1.249433,49.301376],[-1.249337,49.30134],[-1.249304,49.301384],[-1.249466,49.301434],[-1.24949,49.301399]]]}},{"type":"Feature","properties":{},"geometry":{"type":"Polygon","coordinates":[[[-1.240716,49.299265],[-1.240686,49.299233],[-1.240568,49.299279],[-1.240621,49.299339],[-1.240712,49.299304],[-1.240692,49.299276],[-1.240716,49.299265]]]}},{"type":"Feature","properties":{},"geometry":{"type":"Polygon","coordinates":[[[-1.246721,49.305424],[-1.246702,49.305483],[-1.246441,49.305448],[-1.246425,49.3055],[-1.246763,49.305545],[-1.246799,49.305435],[-1.246721,49.305424]]]}},{"type":"Feature","properties":{},"geometry":{"type":"Polygon","coordinates":[[[-1.256465,49.301369],[-1.256624,49.301345],[-1.256605,49.301292],[-1.256579,49.301295],[-1.256499,49.301309],[-1.256446,49.301318],[-1.256465,49.301369]]]}},{"type":"Feature","properties":{},"geometry":{"type":"Polygon","coordinates":[[[-1.24737,49.298205],[-1.247472,49.298115],[-1.24746,49.298109],[-1.247396,49.298078],[-1.247385,49.298073],[-1.247283,49.298162],[-1.24737,49.298205]]]}},{"type":"Feature","properties":{},"geometry":{"type":"Polygon","coordinates":[[[-1.249756,49.30079],[-1.249753,49.300802],[-1.249773,49.300809],[-1.249834,49.300798],[-1.249865,49.300751],[-1.249794,49.300732],[-1.249756,49.30079]]]}},{"type":"Feature","properties":{},"geometry":{"type":"Polygon","coordinates":[[[-1.238975,49.308964],[-1.238996,49.30883],[-1.238863,49.308818],[-1.238843,49.308921],[-1.23882,49.308919],[-1.238813,49.30895],[-1.238975,49.308964]]]}},{"type":"Feature","properties":{},"geometry":{"type":"Polygon","coordinates":[[[-1.252321,49.318504],[-1.252346,49.318456],[-1.251985,49.318376],[-1.251956,49.318432],[-1.252234,49.318493],[-1.252237,49.318486],[-1.252321,49.318504]]]}},{"type":"Feature","properties":{},"geometry":{"type":"Polygon","coordinates":[[[-1.24656,49.303788],[-1.246655,49.303861],[-1.246675,49.303851],[-1.246684,49.303859],[-1.246728,49.303836],[-1.246625,49.303756],[-1.24656,49.303788]]]}},{"type":"Feature","properties":{},"geometry":{"type":"Polygon","coordinates":[[[-1.246796,49.305199],[-1.246791,49.305214],[-1.246769,49.305279],[-1.246761,49.305302],[-1.246838,49.305314],[-1.246872,49.30521],[-1.246796,49.305199]]]}},{"type":"Feature","properties":{},"geometry":{"type":"Polygon","coordinates":[[[-1.255843,49.314445],[-1.255939,49.314405],[-1.255925,49.31439],[-1.255905,49.314399],[-1.255856,49.314348],[-1.25578,49.31438],[-1.255843,49.314445]]]}},{"type":"Feature","properties":{},"geometry":{"type":"Polygon","coordinates":[[[-1.248117,49.301147],[-1.248149,49.301157],[-1.24816,49.301141],[-1.248277,49.301177],[-1.248307,49.301135],[-1.248161,49.301089],[-1.248117,49.301147]]]}},{"type":"Feature","properties":{},"geometry":{"type":"Polygon","coordinates":[[[-1.236961,49.302336],[-1.237,49.302334],[-1.236998,49.302309],[-1.237049,49.302308],[-1.237045,49.302255],[-1.236954,49.302258],[-1.236961,49.302336]]]}},{"type":"Feature","properties":{},"geometry":{"type":"Polygon","coordinates":[[[-1.262355,49.310734],[-1.262478,49.310765],[-1.262459,49.310797],[-1.26257,49.310824],[-1.262626,49.310725],[-1.262395,49.310666],[-1.262355,49.310734]]]}},{"type":"Feature","properties":{},"geometry":{"type":"Polygon","coordinates":[[[-1.2410889,49.3071793],[-1.2410439,49.3072793],[-1.2410789,49.3072863],[-1.2411259,49.3072973],[-1.2411599,49.3073023],[-1.2412049,49.3072023],[-1.2410889,49.3071793]]]}},{"type":"Feature","properties":{},"geometry":{"type":"Polygon","coordinates":[[[-1.240359,49.303894],[-1.240329,49.303873],[-1.240286,49.303844],[-1.240233,49.303882],[-1.240234,49.303902],[-1.240279,49.30393],[-1.240359,49.303894]]]}},{"type":"Feature","properties":{},"geometry":{"type":"Polygon","coordinates":[[[-1.245867,49.298413],[-1.24586,49.298387],[-1.245867,49.298387],[-1.245848,49.298316],[-1.245753,49.298327],[-1.245779,49.298424],[-1.245867,49.298413]]]}},{"type":"Feature","properties":{},"geometry":{"type":"Polygon","coordinates":[[[-1.241602,49.304185],[-1.241653,49.304196],[-1.24168,49.304131],[-1.241633,49.304123],[-1.241622,49.304153],[-1.241616,49.304152],[-1.241602,49.304185]]]}},{"type":"Feature","properties":{},"geometry":{"type":"Polygon","coordinates":[[[-1.25387,49.304898],[-1.253731,49.304852],[-1.253683,49.304918],[-1.253708,49.304926],[-1.253728,49.304932],[-1.253821,49.304961],[-1.25387,49.304898]]]}},{"type":"Feature","properties":{},"geometry":{"type":"Polygon","coordinates":[[[-1.252109,49.305297],[-1.252192,49.305251],[-1.252139,49.30521],[-1.252098,49.305233],[-1.252078,49.305218],[-1.252036,49.305241],[-1.252109,49.305297]]]}},{"type":"Feature","properties":{},"geometry":{"type":"Polygon","coordinates":[[[-1.248562,49.300371],[-1.248569,49.300323],[-1.248518,49.30032],[-1.248515,49.300338],[-1.248452,49.300334],[-1.248448,49.300364],[-1.248562,49.300371]]]}},{"type":"Feature","properties":{},"geometry":{"type":"Polygon","coordinates":[[[-1.243758,49.303031],[-1.243752,49.303086],[-1.243852,49.303092],[-1.243858,49.303039],[-1.243858,49.303036],[-1.243844,49.303036],[-1.243758,49.303031]]]}},{"type":"Feature","properties":{},"geometry":{"type":"Polygon","coordinates":[[[-1.240971,49.303134],[-1.240971,49.303132],[-1.240871,49.303147],[-1.240899,49.303227],[-1.241004,49.303218],[-1.240995,49.303197],[-1.240971,49.303134]]]}},{"type":"Feature","properties":{},"geometry":{"type":"Polygon","coordinates":[[[-1.253044,49.307938],[-1.253104,49.307961],[-1.253111,49.307954],[-1.253131,49.30796],[-1.253158,49.307929],[-1.253078,49.3079],[-1.253044,49.307938]]]}},{"type":"Feature","properties":{},"geometry":{"type":"Polygon","coordinates":[[[-1.258135,49.294097],[-1.258045,49.29405],[-1.25804,49.294054],[-1.258014,49.294075],[-1.25794,49.294132],[-1.258029,49.29418],[-1.258135,49.294097]]]}},{"type":"Feature","properties":{},"geometry":{"type":"Polygon","coordinates":[[[-1.23928,49.303569],[-1.239307,49.303535],[-1.239321,49.303518],[-1.239232,49.303487],[-1.239211,49.303478],[-1.239171,49.303529],[-1.23928,49.303569]]]}},{"type":"Feature","properties":{},"geometry":{"type":"Polygon","coordinates":[[[-1.248131,49.306416],[-1.248113,49.306332],[-1.247908,49.306351],[-1.247928,49.306433],[-1.248131,49.306416]]]}},{"type":"Feature","properties":{},"geometry":{"type":"Polygon","coordinates":[[[-1.241323,49.303675],[-1.241391,49.30369],[-1.241446,49.303524],[-1.2414,49.303518],[-1.241386,49.303559],[-1.241367,49.303556],[-1.241323,49.303675]]]}},{"type":"Feature","properties":{},"geometry":{"type":"Polygon","coordinates":[[[-1.260689,49.29687],[-1.260753,49.296866],[-1.260749,49.296829],[-1.260746,49.296807],[-1.260745,49.296801],[-1.260681,49.296805],[-1.260689,49.29687]]]}},{"type":"Feature","properties":{},"geometry":{"type":"Polygon","coordinates":[[[-1.237296,49.302515],[-1.237311,49.302516],[-1.237398,49.302519],[-1.237402,49.302428],[-1.237386,49.302427],[-1.237298,49.302425],[-1.237296,49.302515]]]}},{"type":"Feature","properties":{},"geometry":{"type":"Polygon","coordinates":[[[-1.239919,49.306067],[-1.239873,49.306044],[-1.239842,49.30607],[-1.239834,49.306066],[-1.239781,49.30611],[-1.239835,49.306138],[-1.239919,49.306067]]]}},{"type":"Feature","properties":{},"geometry":{"type":"Polygon","coordinates":[[[-1.248178,49.298888],[-1.248139,49.298924],[-1.24812,49.298915],[-1.248103,49.29893],[-1.2482,49.298976],[-1.248255,49.298925],[-1.248178,49.298888]]]}},{"type":"Feature","properties":{},"geometry":{"type":"Polygon","coordinates":[[[-1.243175,49.302591],[-1.243182,49.3026],[-1.243227,49.30261],[-1.243262,49.302542],[-1.243214,49.302536],[-1.2432,49.302541],[-1.243175,49.302591]]]}},{"type":"Feature","properties":{},"geometry":{"type":"Polygon","coordinates":[[[-1.244828,49.304537],[-1.244801,49.304633],[-1.244772,49.304732],[-1.244795,49.304734],[-1.244819,49.304634],[-1.244842,49.304538],[-1.244828,49.304537]]]}},{"type":"Feature","properties":{},"geometry":{"type":"Polygon","coordinates":[[[-1.253423,49.296673],[-1.253301,49.296627],[-1.253223,49.296597],[-1.253092,49.296548],[-1.253029,49.296619],[-1.25336,49.296744],[-1.253423,49.296673]]]}},{"type":"Feature","properties":{},"geometry":{"type":"Polygon","coordinates":[[[-1.249388,49.305228],[-1.249488,49.305248],[-1.249535,49.305147],[-1.249434,49.305127],[-1.249418,49.305162],[-1.24941,49.30518],[-1.249388,49.305228]]]}},{"type":"Feature","properties":{},"geometry":{"type":"Polygon","coordinates":[[[-1.245755,49.30435],[-1.245876,49.304296],[-1.24585,49.304271],[-1.24583,49.304279],[-1.245827,49.304274],[-1.245728,49.304298],[-1.245755,49.30435]]]}},{"type":"Feature","properties":{},"geometry":{"type":"Polygon","coordinates":[[[-1.241603,49.304317],[-1.241463,49.304278],[-1.241428,49.304327],[-1.241512,49.304349],[-1.241516,49.304339],[-1.241586,49.304357],[-1.241603,49.304317]]]}},{"type":"Feature","properties":{},"geometry":{"type":"Polygon","coordinates":[[[-1.249143,49.304067],[-1.24923,49.30411],[-1.249235,49.304113],[-1.249279,49.304071],[-1.249316,49.304037],[-1.249222,49.303993],[-1.249143,49.304067]]]}},{"type":"Feature","properties":{},"geometry":{"type":"Polygon","coordinates":[[[-1.243192,49.300664],[-1.243075,49.300752],[-1.243214,49.300823],[-1.243261,49.300784],[-1.243214,49.300758],[-1.243276,49.30071],[-1.243192,49.300664]]]}},{"type":"Feature","properties":{},"geometry":{"type":"Polygon","coordinates":[[[-1.2418584,49.3077283],[-1.2420575,49.3077656],[-1.2420841,49.3077053],[-1.2420611,49.307701],[-1.242064,49.3076945],[-1.2418878,49.3076615],[-1.2418584,49.3077283]]]}},{"type":"Feature","properties":{},"geometry":{"type":"Polygon","coordinates":[[[-1.243643,49.304218],[-1.243614,49.304213],[-1.243625,49.304189],[-1.243608,49.304186],[-1.243552,49.304298],[-1.2435725,49.3043016],[-1.243603,49.304307],[-1.243643,49.304218]]]}},{"type":"Feature","properties":{},"geometry":{"type":"Polygon","coordinates":[[[-1.242976,49.30076],[-1.242972,49.300763],[-1.242943,49.300785],[-1.243,49.300816],[-1.243037,49.300837],[-1.243069,49.300812],[-1.242976,49.30076]]]}},{"type":"Feature","properties":{},"geometry":{"type":"Polygon","coordinates":[[[-1.252392,49.288042],[-1.25242,49.288021],[-1.252443,49.288003],[-1.252352,49.287954],[-1.252303,49.28799],[-1.252321,49.288001],[-1.252392,49.288042]]]}},{"type":"Feature","properties":{},"geometry":{"type":"Polygon","coordinates":[[[-1.24918,49.301746],[-1.249183,49.301747],[-1.249234,49.301673],[-1.249228,49.301672],[-1.249132,49.301645],[-1.249083,49.301718],[-1.24918,49.301746]]]}},{"type":"Feature","properties":{},"geometry":{"type":"Polygon","coordinates":[[[-1.256694,49.297719],[-1.256517,49.297724],[-1.256463,49.297726],[-1.25647,49.297812],[-1.256701,49.297804],[-1.256698,49.297772],[-1.256694,49.297719]]]}},{"type":"Feature","properties":{},"geometry":{"type":"Polygon","coordinates":[[[-1.252789,49.306795],[-1.252869,49.306762],[-1.252845,49.306737],[-1.252903,49.306713],[-1.252874,49.306684],[-1.252737,49.306741],[-1.252789,49.306795]]]}},{"type":"Feature","properties":{},"geometry":{"type":"Polygon","coordinates":[[[-1.243194,49.303829],[-1.243103,49.303822],[-1.243094,49.303863],[-1.243133,49.303877],[-1.24314,49.303879],[-1.243185,49.303895],[-1.243194,49.303829]]]}},{"type":"Feature","properties":{},"geometry":{"type":"Polygon","coordinates":[[[-1.248196,49.302632],[-1.248094,49.302583],[-1.247939,49.302692],[-1.247901,49.302682],[-1.247848,49.302761],[-1.247975,49.302797],[-1.248196,49.302632]]]}},{"type":"Feature","properties":{},"geometry":{"type":"Polygon","coordinates":[[[-1.253889,49.294096],[-1.253926,49.293989],[-1.253815,49.293973],[-1.253789,49.294049],[-1.253774,49.294047],[-1.253763,49.294078],[-1.253889,49.294096]]]}},{"type":"Feature","properties":{},"geometry":{"type":"Polygon","coordinates":[[[-1.266805,49.307238],[-1.266886,49.307261],[-1.266969,49.307139],[-1.26692,49.307125],[-1.266901,49.307152],[-1.266868,49.307143],[-1.2668453,49.3071772],[-1.2668176,49.307219],[-1.266805,49.307238]]]}},{"type":"Feature","properties":{},"geometry":{"type":"Polygon","coordinates":[[[-1.243932,49.302923],[-1.243868,49.302897],[-1.24376,49.303013],[-1.243758,49.303031],[-1.243844,49.303036],[-1.243849,49.303009],[-1.243932,49.302923]]]}},{"type":"Feature","properties":{},"geometry":{"type":"Polygon","coordinates":[[[-1.259283,49.292774],[-1.259161,49.292688],[-1.259076,49.29274],[-1.2591046,49.2927601],[-1.2591282,49.2927767],[-1.259163,49.292801],[-1.259167,49.292798],[-1.259203,49.292823],[-1.259283,49.292774]]]}},{"type":"Feature","properties":{},"geometry":{"type":"Polygon","coordinates":[[[-1.253832,49.296723],[-1.253749,49.296691],[-1.253677,49.296662],[-1.253615,49.296729],[-1.253773,49.296789],[-1.253822,49.296734],[-1.253832,49.296723]]]}},{"type":"Feature","properties":{},"geometry":{"type":"Polygon","coordinates":[[[-1.246551,49.303898],[-1.246513,49.30392],[-1.246525,49.303928],[-1.246635,49.30401],[-1.246669,49.303989],[-1.24661,49.303942],[-1.246551,49.303898]]]}},{"type":"Feature","properties":{},"geometry":{"type":"Polygon","coordinates":[[[-1.242586,49.303756],[-1.242528,49.303739],[-1.242518,49.303755],[-1.242497,49.303783],[-1.242477,49.303811],[-1.242538,49.303827],[-1.242586,49.303756]]]}},{"type":"Feature","properties":{},"geometry":{"type":"Polygon","coordinates":[[[-1.253953,49.294601],[-1.253913,49.294681],[-1.253969,49.294694],[-1.254422,49.294796],[-1.254468,49.294709],[-1.253956,49.294594],[-1.253953,49.294601]]]}},{"type":"Feature","properties":{},"geometry":{"type":"Polygon","coordinates":[[[-1.2468,49.304513],[-1.246863,49.304524],[-1.24693,49.304536],[-1.246942,49.304502],[-1.246911,49.304497],[-1.246814,49.304479],[-1.2468,49.304513]]]}},{"type":"Feature","properties":{},"geometry":{"type":"Polygon","coordinates":[[[-1.257056,49.307784],[-1.257153,49.307818],[-1.257223,49.307732],[-1.257112,49.307694],[-1.257092,49.307719],[-1.257106,49.307723],[-1.257056,49.307784]]]}},{"type":"Feature","properties":{},"geometry":{"type":"Polygon","coordinates":[[[-1.242792,49.303792],[-1.242803,49.303771],[-1.242752,49.303765],[-1.242727,49.303851],[-1.242767,49.303858],[-1.24277,49.303837],[-1.242792,49.303792]]]}},{"type":"Feature","properties":{},"geometry":{"type":"Polygon","coordinates":[[[-1.258505,49.293809],[-1.258416,49.29376],[-1.258412,49.293763],[-1.258385,49.293784],[-1.258312,49.293841],[-1.258402,49.29389],[-1.258505,49.293809]]]}},{"type":"Feature","properties":{},"geometry":{"type":"Polygon","coordinates":[[[-1.238537,49.308908],[-1.238562,49.308889],[-1.2385849,49.3088709],[-1.2386,49.308859],[-1.238535,49.308835],[-1.238482,49.308877],[-1.238506,49.308891],[-1.238537,49.308908]]]}},{"type":"Feature","properties":{},"geometry":{"type":"Polygon","coordinates":[[[-1.249881,49.299184],[-1.249811,49.299151],[-1.249749,49.299207],[-1.249813,49.299237],[-1.249821,49.29924],[-1.249883,49.299184],[-1.249881,49.299184]]]}},{"type":"Feature","properties":{},"geometry":{"type":"Polygon","coordinates":[[[-1.239236,49.31179],[-1.239337,49.311787],[-1.239327,49.311633],[-1.239211,49.311635],[-1.239218,49.311761],[-1.239234,49.311761],[-1.239236,49.31179]]]}},{"type":"Feature","properties":{},"geometry":{"type":"Polygon","coordinates":[[[-1.254552,49.288288],[-1.254511,49.288358],[-1.254688,49.288401],[-1.254731,49.288325],[-1.254683,49.288313],[-1.254679,49.288319],[-1.254552,49.288288]]]}},{"type":"Feature","properties":{},"geometry":{"type":"Polygon","coordinates":[[[-1.240055,49.306246],[-1.240138,49.306178],[-1.240049,49.306133],[-1.239987,49.306181],[-1.23996,49.306168],[-1.239936,49.306187],[-1.240055,49.306246]]]}},{"type":"Feature","properties":{},"geometry":{"type":"Polygon","coordinates":[[[-1.248508,49.305086],[-1.24849,49.305016],[-1.248307,49.305041],[-1.2483,49.305022],[-1.248228,49.305031],[-1.248258,49.305125],[-1.248508,49.305086]]]}},{"type":"Feature","properties":{},"geometry":{"type":"Polygon","coordinates":[[[-1.249029,49.300514],[-1.249135,49.300521],[-1.249149,49.300428],[-1.249029,49.300421],[-1.249019,49.30048],[-1.249034,49.300482],[-1.249029,49.300514]]]}},{"type":"Feature","properties":{},"geometry":{"type":"Polygon","coordinates":[[[-1.242254,49.304221],[-1.242274,49.304191],[-1.242286,49.304165],[-1.242206,49.304141],[-1.24219,49.304136],[-1.242151,49.304191],[-1.242254,49.304221]]]}},{"type":"Feature","properties":{},"geometry":{"type":"Polygon","coordinates":[[[-1.240332,49.303226],[-1.240142,49.303176],[-1.240042,49.303339],[-1.240378,49.303429],[-1.240434,49.303335],[-1.24029,49.303298],[-1.240332,49.303226]]]}},{"type":"Feature","properties":{},"geometry":{"type":"Polygon","coordinates":[[[-1.264455,49.310256],[-1.26454,49.310292],[-1.264613,49.310222],[-1.264532,49.310187],[-1.264517,49.3102],[-1.264458,49.310253],[-1.264455,49.310256]]]}},{"type":"Feature","properties":{},"geometry":{"type":"Polygon","coordinates":[[[-1.242559,49.306841],[-1.242534,49.306694],[-1.242328,49.306629],[-1.242147,49.306711],[-1.24217,49.306862],[-1.242368,49.306926],[-1.242559,49.306841]]]}},{"type":"Feature","properties":{},"geometry":{"type":"Polygon","coordinates":[[[-1.257541,49.307284],[-1.257631,49.307175],[-1.257539,49.307142],[-1.257473,49.307223],[-1.257455,49.307217],[-1.257431,49.307246],[-1.257541,49.307284]]]}},{"type":"Feature","properties":{},"geometry":{"type":"Polygon","coordinates":[[[-1.24525,49.301044],[-1.245165,49.300985],[-1.245002,49.301088],[-1.245079,49.30114],[-1.24514,49.301102],[-1.245149,49.301108],[-1.24525,49.301044]]]}},{"type":"Feature","properties":{},"geometry":{"type":"Polygon","coordinates":[[[-1.244949,49.303137],[-1.244955,49.30314],[-1.245,49.303164],[-1.245124,49.303065],[-1.245083,49.303041],[-1.245075,49.303038],[-1.244949,49.303137]]]}},{"type":"Feature","properties":{},"geometry":{"type":"Polygon","coordinates":[[[-1.247552,49.305655],[-1.247553,49.305451],[-1.247554,49.305424],[-1.247499,49.305423],[-1.247483,49.305423],[-1.247477,49.305645],[-1.247552,49.305655]]]}},{"type":"Feature","properties":{},"geometry":{"type":"Polygon","coordinates":[[[-1.253728,49.307783],[-1.253797,49.307757],[-1.253722,49.307668],[-1.253624,49.307704],[-1.253652,49.307737],[-1.253681,49.307727],[-1.253728,49.307783]]]}},{"type":"Feature","properties":{},"geometry":{"type":"Polygon","coordinates":[[[-1.258225,49.300135],[-1.258235,49.299962],[-1.258117,49.299959],[-1.258111,49.300062],[-1.258117,49.300062],[-1.258114,49.300133],[-1.258225,49.300135]]]}},{"type":"Feature","properties":{},"geometry":{"type":"Polygon","coordinates":[[[-1.241518,49.305183],[-1.241604,49.305226],[-1.241716,49.305139],[-1.241729,49.305146],[-1.241768,49.305116],[-1.241647,49.305077],[-1.241518,49.305183]]]}},{"type":"Feature","properties":{},"geometry":{"type":"Polygon","coordinates":[[[-1.253552,49.312887],[-1.253833,49.312778],[-1.253461,49.312362],[-1.25351,49.31234],[-1.253416,49.312239],[-1.252934,49.311706],[-1.252868,49.311633],[-1.252847,49.311641],[-1.252805,49.311595],[-1.252686,49.311642],[-1.252728,49.311689],[-1.252539,49.311761],[-1.253294,49.312601],[-1.253342,49.312654],[-1.253552,49.312887]]]}},{"type":"Feature","properties":{},"geometry":{"type":"Polygon","coordinates":[[[-1.251764,49.298101],[-1.251777,49.298083],[-1.251716,49.298084],[-1.251658,49.298166],[-1.251705,49.29818],[-1.251709,49.298181],[-1.251764,49.298101]]]}},{"type":"Feature","properties":{},"geometry":{"type":"Polygon","coordinates":[[[-1.24805,49.30073],[-1.248175,49.300737],[-1.248179,49.300712],[-1.248155,49.30071],[-1.248168,49.300616],[-1.248067,49.30061],[-1.24805,49.30073]]]}},{"type":"Feature","properties":{},"geometry":{"type":"Polygon","coordinates":[[[-1.255397,49.296088],[-1.255504,49.296089],[-1.255506,49.296009],[-1.2554,49.296008],[-1.255399,49.296023],[-1.255399,49.296031],[-1.255397,49.296088]]]}},{"type":"Feature","properties":{},"geometry":{"type":"Polygon","coordinates":[[[-1.255185,49.307072],[-1.255242,49.307006],[-1.255159,49.306976],[-1.255179,49.306954],[-1.255125,49.306934],[-1.255049,49.307022],[-1.255185,49.307072]]]}},{"type":"Feature","properties":{},"geometry":{"type":"Polygon","coordinates":[[[-1.24921,49.301934],[-1.24925,49.301887],[-1.2492131,49.3018736],[-1.249115,49.301838],[-1.249077,49.301894],[-1.249108,49.301903],[-1.249112,49.301898],[-1.24921,49.301934]]]}},{"type":"Feature","properties":{},"geometry":{"type":"Polygon","coordinates":[[[-1.260449,49.297811],[-1.260343,49.297815],[-1.260363,49.297986],[-1.260501,49.29798],[-1.260494,49.297917],[-1.260461,49.297917],[-1.260449,49.297811]]]}},{"type":"Feature","properties":{},"geometry":{"type":"Polygon","coordinates":[[[-1.258466,49.295332],[-1.258352,49.295435],[-1.258441,49.295477],[-1.258475,49.295447],[-1.258488,49.295453],[-1.258568,49.29538],[-1.258466,49.295332]]]}},{"type":"Feature","properties":{},"geometry":{"type":"Polygon","coordinates":[[[-1.250217,49.305672],[-1.250114,49.305805],[-1.250136,49.305812],[-1.250192,49.305737],[-1.250263,49.30576],[-1.250305,49.305702],[-1.250217,49.305672]]]}},{"type":"Feature","properties":{},"geometry":{"type":"Polygon","coordinates":[[[-1.250099,49.303918],[-1.250125,49.303934],[-1.250158,49.303954],[-1.250406,49.303781],[-1.250414,49.303774],[-1.250334,49.303752],[-1.250099,49.303918]]]}},{"type":"Feature","properties":{},"geometry":{"type":"Polygon","coordinates":[[[-1.2507009,49.2988441],[-1.2507576,49.2988643],[-1.250802,49.298879],[-1.25083,49.298846],[-1.250727,49.298809],[-1.250723,49.298814],[-1.2507009,49.2988441]]]}},{"type":"Feature","properties":{},"geometry":{"type":"Polygon","coordinates":[[[-1.245986,49.304891],[-1.246053,49.304836],[-1.246141,49.304804],[-1.24612,49.304777],[-1.246039,49.304807],[-1.245918,49.304822],[-1.245986,49.304891]]]}},{"type":"Feature","properties":{},"geometry":{"type":"Polygon","coordinates":[[[-1.260722,49.294024],[-1.260689,49.293947],[-1.260644,49.293955],[-1.260648,49.293964],[-1.26056,49.29398],[-1.26059,49.294049],[-1.260722,49.294024]]]}},{"type":"Feature","properties":{},"geometry":{"type":"Polygon","coordinates":[[[-1.254532,49.300811],[-1.254692,49.300784],[-1.254674,49.30074],[-1.254646,49.300745],[-1.25461,49.300654],[-1.254478,49.300676],[-1.254532,49.300811]]]}},{"type":"Feature","properties":{},"geometry":{"type":"Polygon","coordinates":[[[-1.245648,49.305322],[-1.245732,49.305336],[-1.245744,49.30532],[-1.245747,49.305297],[-1.245633,49.305276],[-1.245626,49.305319],[-1.245648,49.305322]]]}},{"type":"Feature","properties":{},"geometry":{"type":"Polygon","coordinates":[[[-1.25652,49.29443],[-1.256409,49.294401],[-1.256401,49.294415],[-1.256359,49.294404],[-1.256326,49.294458],[-1.256479,49.294497],[-1.25652,49.29443]]]}},{"type":"Feature","properties":{},"geometry":{"type":"Polygon","coordinates":[[[-1.249616,49.299055],[-1.249514,49.299007],[-1.249411,49.299099],[-1.249505,49.299143],[-1.249548,49.299104],[-1.249558,49.299108],[-1.249616,49.299055]]]}},{"type":"Feature","properties":{},"geometry":{"type":"Polygon","coordinates":[[[-1.245965,49.300903],[-1.245973,49.300831],[-1.245919,49.300828],[-1.245714,49.300816],[-1.245659,49.300813],[-1.245649,49.300886],[-1.245965,49.300903]]]}},{"type":"Feature","properties":{},"geometry":{"type":"Polygon","coordinates":[[[-1.237282,49.302425],[-1.237298,49.302425],[-1.237386,49.302427],[-1.23739,49.302334],[-1.237372,49.302334],[-1.237286,49.302331],[-1.237282,49.302425]]]}},{"type":"Feature","properties":{},"geometry":{"type":"Polygon","coordinates":[[[-1.258289,49.30652],[-1.258342,49.306456],[-1.258374,49.306417],[-1.258248,49.306373],[-1.258216,49.306412],[-1.258164,49.306476],[-1.258289,49.30652]]]}},{"type":"Feature","properties":{},"geometry":{"type":"Polygon","coordinates":[[[-1.242132,49.30366],[-1.242173,49.303662],[-1.24218,49.303612],[-1.242095,49.303607],[-1.242092,49.303635],[-1.242135,49.303637],[-1.242132,49.30366]]]}},{"type":"Feature","properties":{},"geometry":{"type":"Polygon","coordinates":[[[-1.241066,49.304483],[-1.240959,49.304482],[-1.240966,49.304517],[-1.240969,49.304531],[-1.241073,49.304532],[-1.241071,49.304518],[-1.241066,49.304483]]]}},{"type":"Feature","properties":{},"geometry":{"type":"Polygon","coordinates":[[[-1.238149,49.302264],[-1.237997,49.302259],[-1.237989,49.30238],[-1.238104,49.302383],[-1.238112,49.302307],[-1.238146,49.302308],[-1.238149,49.302264]]]}},{"type":"Feature","properties":{},"geometry":{"type":"Polygon","coordinates":[[[-1.241242,49.303333],[-1.241255,49.303288],[-1.241181,49.303281],[-1.241161,49.303348],[-1.241157,49.30336],[-1.24123,49.30337],[-1.241242,49.303333]]]}},{"type":"Feature","properties":{},"geometry":{"type":"Polygon","coordinates":[[[-1.243587,49.3049],[-1.243559,49.304798],[-1.243481,49.304803],[-1.243477,49.304785],[-1.243404,49.304792],[-1.243423,49.304914],[-1.243587,49.3049]]]}},{"type":"Feature","properties":{},"geometry":{"type":"Polygon","coordinates":[[[-1.254522,49.29991],[-1.254535,49.299927],[-1.254963,49.299847],[-1.254937,49.299788],[-1.254911,49.299793],[-1.25462,49.299848],[-1.254522,49.29991]]]}},{"type":"Feature","properties":{},"geometry":{"type":"Polygon","coordinates":[[[-1.253449,49.297866],[-1.253455,49.297856],[-1.253491,49.297865],[-1.253509,49.297835],[-1.253364,49.297803],[-1.253344,49.297843],[-1.253449,49.297866]]]}},{"type":"Feature","properties":{},"geometry":{"type":"Polygon","coordinates":[[[-1.253818,49.294285],[-1.253821,49.294208],[-1.253699,49.294206],[-1.253699,49.294211],[-1.253652,49.294211],[-1.253649,49.294282],[-1.253818,49.294285]]]}},{"type":"Feature","properties":{},"geometry":{"type":"Polygon","coordinates":[[[-1.246658,49.303737],[-1.246738,49.3038],[-1.246769,49.303801],[-1.2468,49.303797],[-1.246829,49.303788],[-1.246722,49.303698],[-1.246658,49.303737]]]}},{"type":"Feature","properties":{},"geometry":{"type":"Polygon","coordinates":[[[-1.247413,49.308065],[-1.24739,49.307958],[-1.247428,49.307954],[-1.24741,49.307884],[-1.246832,49.307944],[-1.246876,49.308122],[-1.247413,49.308065]]]}},{"type":"Feature","properties":{},"geometry":{"type":"Polygon","coordinates":[[[-1.244924,49.299193],[-1.245019,49.299161],[-1.244997,49.299131],[-1.245004,49.299129],[-1.244933,49.299035],[-1.244829,49.299069],[-1.244924,49.299193]]]}},{"type":"Feature","properties":{},"geometry":{"type":"Polygon","coordinates":[[[-1.243335,49.301081],[-1.243387,49.301042],[-1.243316,49.301003],[-1.243314,49.301002],[-1.24326,49.301041],[-1.243262,49.301042],[-1.243335,49.301081]]]}},{"type":"Feature","properties":{},"geometry":{"type":"Polygon","coordinates":[[[-1.241579,49.304113],[-1.241552,49.304107],[-1.241567,49.304083],[-1.24152,49.30407],[-1.241441,49.304183],[-1.241516,49.304203],[-1.241579,49.304113]]]}},{"type":"Feature","properties":{},"geometry":{"type":"Polygon","coordinates":[[[-1.254567,49.300619],[-1.254533,49.300525],[-1.254519,49.300528],[-1.25451,49.300503],[-1.254426,49.300516],[-1.254469,49.300634],[-1.254567,49.300619]]]}},{"type":"Feature","properties":{},"geometry":{"type":"Polygon","coordinates":[[[-1.247286,49.302402],[-1.247428,49.302384],[-1.247485,49.302377],[-1.2475305,49.3023242],[-1.24748,49.302299],[-1.247266,49.302326],[-1.247286,49.302402]]]}},{"type":"Feature","properties":{},"geometry":{"type":"Polygon","coordinates":[[[-1.251437,49.305979],[-1.251498,49.306005],[-1.251512,49.305996],[-1.251589,49.306047],[-1.251633,49.306017],[-1.251504,49.305932],[-1.251437,49.305979]]]}},{"type":"Feature","properties":{},"geometry":{"type":"Polygon","coordinates":[[[-1.263727,49.311108],[-1.263603,49.31108],[-1.263613,49.311061],[-1.26355,49.311046],[-1.263526,49.311088],[-1.263714,49.311133],[-1.263727,49.311108]]]}},{"type":"Feature","properties":{},"geometry":{"type":"Polygon","coordinates":[[[-1.258102,49.293287],[-1.258024,49.293343],[-1.258117,49.293399],[-1.258146,49.293416],[-1.25815,49.293418],[-1.258229,49.293362],[-1.258102,49.293287]]]}},{"type":"Feature","properties":{},"geometry":{"type":"Polygon","coordinates":[[[-1.2585446,49.3097733],[-1.2586109,49.309698],[-1.2586902,49.3096081],[-1.2587128,49.3095823],[-1.2572727,49.3090399],[-1.2571015,49.3092342],[-1.257226,49.3092811],[-1.2571229,49.3093981],[-1.2579491,49.3097093],[-1.2580552,49.3095889],[-1.2585446,49.3097733]]]}},{"type":"Feature","properties":{},"geometry":{"type":"Polygon","coordinates":[[[-1.255549,49.306567],[-1.255742,49.306669],[-1.255815,49.306606],[-1.255693,49.306545],[-1.255719,49.306523],[-1.255647,49.306487],[-1.255549,49.306567]]]}},{"type":"Feature","properties":{},"geometry":{"type":"Polygon","coordinates":[[[-1.2480356,49.2995328],[-1.2482073,49.2995441],[-1.2482134,49.2995044],[-1.2481919,49.299503],[-1.2481414,49.2994997],[-1.2481496,49.2994463],[-1.2480499,49.2994398],[-1.2480356,49.2995328]]]}},{"type":"Feature","properties":{},"geometry":{"type":"Polygon","coordinates":[[[-1.251333,49.305224],[-1.251362,49.305248],[-1.251417,49.305218],[-1.251505,49.305173],[-1.251515,49.305167],[-1.251484,49.305143],[-1.251333,49.305224]]]}},{"type":"Feature","properties":{},"geometry":{"type":"Polygon","coordinates":[[[-1.255907,49.297842],[-1.256019,49.297838],[-1.256012,49.297758],[-1.255941,49.297761],[-1.255938,49.297731],[-1.255898,49.297733],[-1.255907,49.297842]]]}},{"type":"Feature","properties":{},"geometry":{"type":"Polygon","coordinates":[[[-1.256613,49.293874],[-1.256603,49.293871],[-1.256566,49.293861],[-1.256462,49.293832],[-1.256416,49.293903],[-1.256566,49.293944],[-1.256613,49.293874]]]}},{"type":"Feature","properties":{},"geometry":{"type":"Polygon","coordinates":[[[-1.253855,49.29468],[-1.253908,49.29469],[-1.253913,49.294681],[-1.253953,49.294601],[-1.253901,49.29459],[-1.253878,49.294643],[-1.253855,49.29468]]]}},{"type":"Feature","properties":{},"geometry":{"type":"Polygon","coordinates":[[[-1.248398,49.302631],[-1.248339,49.302682],[-1.248517,49.302788],[-1.248549,49.302766],[-1.248475,49.302722],[-1.248509,49.302698],[-1.248398,49.302631]]]}},{"type":"Feature","properties":{},"geometry":{"type":"Polygon","coordinates":[[[-1.256725,49.293904],[-1.256679,49.293975],[-1.256829,49.294016],[-1.256874,49.293945],[-1.256869,49.293944],[-1.256826,49.293932],[-1.256725,49.293904]]]}},{"type":"Feature","properties":{},"geometry":{"type":"Polygon","coordinates":[[[-1.23798,49.303494],[-1.238,49.303492],[-1.238246,49.303465],[-1.238231,49.303416],[-1.238214,49.303408],[-1.237966,49.303433],[-1.23798,49.303494]]]}},{"type":"Feature","properties":{},"geometry":{"type":"Polygon","coordinates":[[[-1.254943,49.286966],[-1.254875,49.286997],[-1.254814,49.287025],[-1.25488,49.287088],[-1.254889,49.287096],[-1.25502,49.287034],[-1.254943,49.286966]]]}},{"type":"Feature","properties":{},"geometry":{"type":"Polygon","coordinates":[[[-1.257115,49.293458],[-1.257032,49.293405],[-1.256919,49.293481],[-1.257002,49.293534],[-1.257076,49.293484],[-1.257099,49.293469],[-1.257115,49.293458]]]}},{"type":"Feature","properties":{},"geometry":{"type":"Polygon","coordinates":[[[-1.246087,49.305785],[-1.246178,49.305783],[-1.246179,49.305749],[-1.246151,49.305748],[-1.246151,49.305735],[-1.246084,49.305736],[-1.246087,49.305785]]]}},{"type":"Feature","properties":{},"geometry":{"type":"Polygon","coordinates":[[[-1.244751,49.304858],[-1.244761,49.304888],[-1.244802,49.30496],[-1.244846,49.304932],[-1.244802,49.304849],[-1.24479,49.304851],[-1.244751,49.304858]]]}},{"type":"Feature","properties":{},"geometry":{"type":"Polygon","coordinates":[[[-1.237892,49.302747],[-1.237926,49.302455],[-1.237849,49.302454],[-1.237828,49.302642],[-1.237799,49.30264],[-1.237787,49.302742],[-1.237892,49.302747]]]}},{"type":"Feature","properties":{},"geometry":{"type":"Polygon","coordinates":[[[-1.2466138,49.2982003],[-1.2466131,49.2981946],[-1.2466041,49.298125],[-1.2466033,49.2981192],[-1.2465424,49.2981225],[-1.2464834,49.2981258],[-1.2464939,49.2982069],[-1.2466138,49.2982003]]]}},{"type":"Feature","properties":{},"geometry":{"type":"Polygon","coordinates":[[[-1.255214,49.295189],[-1.255131,49.29514],[-1.255053,49.295197],[-1.255022,49.295179],[-1.254981,49.29521],[-1.255094,49.295276],[-1.255214,49.295189]]]}},{"type":"Feature","properties":{},"geometry":{"type":"Polygon","coordinates":[[[-1.25715,49.308292],[-1.257062,49.308234],[-1.256991,49.30828],[-1.256965,49.308263],[-1.256898,49.308307],[-1.257013,49.308382],[-1.25715,49.308292]]]}},{"type":"Feature","properties":{},"geometry":{"type":"Polygon","coordinates":[[[-1.2399039,49.2977368],[-1.2399074,49.2978251],[-1.2399953,49.2978236],[-1.2399931,49.2977692],[-1.2400342,49.2977685],[-1.2400328,49.2977346],[-1.2399039,49.2977368]]]}},{"type":"Feature","properties":{},"geometry":{"type":"Polygon","coordinates":[[[-1.243623,49.303909],[-1.243563,49.303898],[-1.243556,49.303898],[-1.243543,49.303931],[-1.243538,49.303944],[-1.243602,49.303957],[-1.243623,49.303909]]]}},{"type":"Feature","properties":{},"geometry":{"type":"Polygon","coordinates":[[[-1.248867,49.305114],[-1.249053,49.305162],[-1.249236,49.305223],[-1.249273,49.305178],[-1.249077,49.305108],[-1.24887,49.305054],[-1.248867,49.305114]]]}},{"type":"Feature","properties":{},"geometry":{"type":"Polygon","coordinates":[[[-1.255409,49.307747],[-1.255432,49.307668],[-1.25523,49.307643],[-1.255203,49.307733],[-1.255248,49.307739],[-1.255251,49.307727],[-1.255409,49.307747]]]}},{"type":"Feature","properties":{},"geometry":{"type":"Polygon","coordinates":[[[-1.241768,49.305984],[-1.241736,49.305994],[-1.241778,49.306045],[-1.241838,49.306031],[-1.241803,49.305987],[-1.241777,49.305994],[-1.241768,49.305984]]]}},{"type":"Feature","properties":{},"geometry":{"type":"Polygon","coordinates":[[[-1.25363,49.311437],[-1.253563,49.311363],[-1.252868,49.311633],[-1.252934,49.311706],[-1.25363,49.311437]]]}},{"type":"Feature","properties":{},"geometry":{"type":"Polygon","coordinates":[[[-1.249092,49.299903],[-1.249223,49.29991],[-1.249246,49.299788],[-1.249111,49.299777],[-1.249103,49.299824],[-1.249093,49.299891],[-1.249092,49.299903]]]}},{"type":"Feature","properties":{},"geometry":{"type":"Polygon","coordinates":[[[-1.242569,49.304141],[-1.242506,49.304123],[-1.242454,49.304209],[-1.242486,49.304217],[-1.242492,49.304206],[-1.242527,49.304215],[-1.242569,49.304141]]]}},{"type":"Feature","properties":{},"geometry":{"type":"Polygon","coordinates":[[[-1.248465,49.30492],[-1.248462,49.30491],[-1.248459,49.304852],[-1.248457,49.304812],[-1.248393,49.304815],[-1.248405,49.304922],[-1.248465,49.30492]]]}},{"type":"Feature","properties":{},"geometry":{"type":"Polygon","coordinates":[[[-1.263424,49.310818],[-1.263581,49.310851],[-1.263585,49.310842],[-1.263619,49.310849],[-1.263639,49.310808],[-1.263453,49.310768],[-1.263424,49.310818]]]}},{"type":"Feature","properties":{},"geometry":{"type":"Polygon","coordinates":[[[-1.255286,49.29611],[-1.255397,49.29611],[-1.255397,49.296095],[-1.255397,49.296088],[-1.255399,49.296031],[-1.25529,49.29603],[-1.255286,49.29611]]]}},{"type":"Feature","properties":{},"geometry":{"type":"Polygon","coordinates":[[[-1.258286,49.298043],[-1.258234,49.297941],[-1.258124,49.297965],[-1.258156,49.298027],[-1.258109,49.298037],[-1.25813,49.298077],[-1.258286,49.298043]]]}},{"type":"Feature","properties":{},"geometry":{"type":"Polygon","coordinates":[[[-1.235274,49.302677],[-1.235234,49.302552],[-1.23522,49.302506],[-1.235192,49.302416],[-1.235071,49.302432],[-1.235155,49.302693],[-1.235274,49.302677]]]}},{"type":"Feature","properties":{},"geometry":{"type":"Polygon","coordinates":[[[-1.249627,49.30546],[-1.249557,49.305435],[-1.249523,49.305481],[-1.24955,49.305491],[-1.249591,49.305504],[-1.249623,49.305464],[-1.249627,49.30546]]]}},{"type":"Feature","properties":{},"geometry":{"type":"Polygon","coordinates":[[[-1.2419069,49.3073414],[-1.2418919,49.3073384],[-1.2418589,49.3074104],[-1.2419489,49.3074274],[-1.2419979,49.3073224],[-1.2419219,49.3073084],[-1.2419069,49.3073414]]]}},{"type":"Feature","properties":{},"geometry":{"type":"Polygon","coordinates":[[[-1.257684,49.298867],[-1.25768,49.298786],[-1.257675,49.298786],[-1.257673,49.298758],[-1.257569,49.298761],[-1.257575,49.29887],[-1.257684,49.298867]]]}},{"type":"Feature","properties":{},"geometry":{"type":"Polygon","coordinates":[[[-1.247645,49.305753],[-1.247617,49.305754],[-1.247564,49.305757],[-1.247559,49.305757],[-1.247573,49.305831],[-1.247657,49.305826],[-1.247645,49.305753]]]}},{"type":"Feature","properties":{},"geometry":{"type":"Polygon","coordinates":[[[-1.246511,49.306174],[-1.246588,49.306163],[-1.2465,49.305902],[-1.246422,49.305913],[-1.246492,49.306116],[-1.246511,49.306173],[-1.246511,49.306174]]]}},{"type":"Feature","properties":{},"geometry":{"type":"Polygon","coordinates":[[[-1.246406,49.305298],[-1.246473,49.305308],[-1.246511,49.305191],[-1.246498,49.305189],[-1.246508,49.305159],[-1.246453,49.305152],[-1.246406,49.305298]]]}},{"type":"Feature","properties":{},"geometry":{"type":"Polygon","coordinates":[[[-1.242784,49.304283],[-1.242821,49.304291],[-1.242831,49.304273],[-1.242857,49.304279],[-1.242884,49.304231],[-1.242823,49.304214],[-1.242784,49.304283]]]}},{"type":"Feature","properties":{},"geometry":{"type":"Polygon","coordinates":[[[-1.246363,49.303888],[-1.246464,49.303963],[-1.246525,49.303928],[-1.246513,49.30392],[-1.246551,49.303898],[-1.246468,49.303835],[-1.246363,49.303888]]]}},{"type":"Feature","properties":{},"geometry":{"type":"Polygon","coordinates":[[[-1.237276,49.302331],[-1.237286,49.302331],[-1.237372,49.302334],[-1.237374,49.302272],[-1.237375,49.302245],[-1.23728,49.302242],[-1.237276,49.302331]]]}},{"type":"Feature","properties":{},"geometry":{"type":"Polygon","coordinates":[[[-1.257345,49.30745],[-1.257416,49.307364],[-1.257318,49.30733],[-1.257269,49.307392],[-1.257253,49.307387],[-1.257233,49.307412],[-1.257345,49.30745]]]}},{"type":"Feature","properties":{},"geometry":{"type":"Polygon","coordinates":[[[-1.239816,49.311346],[-1.239808,49.311291],[-1.239848,49.311289],[-1.239822,49.31111],[-1.239731,49.311115],[-1.239765,49.311349],[-1.239816,49.311346]]]}},{"type":"Feature","properties":{},"geometry":{"type":"Polygon","coordinates":[[[-1.2434167,49.3011183],[-1.2434705,49.301152],[-1.2434917,49.301137],[-1.2435132,49.3011517],[-1.2435233,49.301146],[-1.2435473,49.3011298],[-1.2435237,49.3011151],[-1.2434687,49.3010824],[-1.2434167,49.3011183]]]}},{"type":"Feature","properties":{},"geometry":{"type":"Polygon","coordinates":[[[-1.247385,49.30444],[-1.247129,49.304476],[-1.247129,49.304503],[-1.247152,49.30453],[-1.247403,49.304494],[-1.24739,49.304455],[-1.247385,49.30444]]]}},{"type":"Feature","properties":{},"geometry":{"type":"Polygon","coordinates":[[[-1.257922,49.307319],[-1.257974,49.30726],[-1.257829,49.307208],[-1.257826,49.307212],[-1.257787,49.307198],[-1.257742,49.307252],[-1.257922,49.307319]]]}},{"type":"Feature","properties":{},"geometry":{"type":"Polygon","coordinates":[[[-1.266066,49.30983],[-1.266211,49.30971],[-1.266119,49.309663],[-1.266012,49.309752],[-1.266017,49.309755],[-1.265979,49.309786],[-1.266066,49.30983]]]}},{"type":"Feature","properties":{},"geometry":{"type":"Polygon","coordinates":[[[-1.245201,49.299609],[-1.245209,49.299614],[-1.245175,49.299638],[-1.245245,49.299681],[-1.245386,49.299584],[-1.245307,49.299535],[-1.245201,49.299609]]]}},{"type":"Feature","properties":{},"geometry":{"type":"Polygon","coordinates":[[[-1.256074,49.294131],[-1.255992,49.294186],[-1.256168,49.294299],[-1.256255,49.294242],[-1.256114,49.29415],[-1.256109,49.294153],[-1.256074,49.294131]]]}},{"type":"Feature","properties":{},"geometry":{"type":"Polygon","coordinates":[[[-1.254965,49.313734],[-1.254891,49.313659],[-1.254948,49.313635],[-1.25487,49.313555],[-1.254578,49.313676],[-1.254729,49.313832],[-1.254965,49.313734]]]}},{"type":"Feature","properties":{},"geometry":{"type":"Polygon","coordinates":[[[-1.241279,49.304484],[-1.241198,49.304484],[-1.241196,49.30452],[-1.241195,49.304557],[-1.241274,49.304557],[-1.241284,49.304485],[-1.241279,49.304484]]]}},{"type":"Feature","properties":{},"geometry":{"type":"Polygon","coordinates":[[[-1.244696,49.298894],[-1.244762,49.298981],[-1.244859,49.298949],[-1.244813,49.298889],[-1.244826,49.298885],[-1.244805,49.298858],[-1.244696,49.298894]]]}},{"type":"Feature","properties":{},"geometry":{"type":"Polygon","coordinates":[[[-1.2426516,49.3074924],[-1.2426362,49.3075267],[-1.2426183,49.3075233],[-1.2425847,49.3075978],[-1.242679,49.3076158],[-1.242728,49.3075071],[-1.2426516,49.3074924]]]}},{"type":"Feature","properties":{},"geometry":{"type":"Polygon","coordinates":[[[-1.251153,49.297927],[-1.251037,49.29809],[-1.251217,49.298145],[-1.251265,49.298078],[-1.251217,49.298064],[-1.251286,49.297967],[-1.251153,49.297927]]]}},{"type":"Feature","properties":{},"geometry":{"type":"Polygon","coordinates":[[[-1.242481,49.30457],[-1.242494,49.304621],[-1.242496,49.304627],[-1.24251,49.304624],[-1.242601,49.304609],[-1.242575,49.304534],[-1.242481,49.30457]]]}},{"type":"Feature","properties":{},"geometry":{"type":"Polygon","coordinates":[[[-1.240054,49.303662],[-1.240072,49.303618],[-1.240076,49.30361],[-1.240013,49.303599],[-1.239988,49.303649],[-1.240009,49.303653],[-1.240054,49.303662]]]}},{"type":"Feature","properties":{},"geometry":{"type":"Polygon","coordinates":[[[-1.247725,49.306043],[-1.247692,49.305881],[-1.247535,49.305894],[-1.247536,49.305897],[-1.247452,49.305904],[-1.247484,49.306063],[-1.247725,49.306043]]]}},{"type":"Feature","properties":{},"geometry":{"type":"Polygon","coordinates":[[[-1.262294,49.311254],[-1.26243,49.311283],[-1.262487,49.311171],[-1.262307,49.311134],[-1.262266,49.311219],[-1.262307,49.311228],[-1.262294,49.311254]]]}},{"type":"Feature","properties":{},"geometry":{"type":"Polygon","coordinates":[[[-1.247649,49.29885],[-1.24779,49.29886],[-1.247797,49.29882],[-1.247741,49.298816],[-1.247746,49.298787],[-1.24766,49.298781],[-1.247649,49.29885]]]}},{"type":"Feature","properties":{},"geometry":{"type":"Polygon","coordinates":[[[-1.246117,49.302101],[-1.246268,49.302051],[-1.246268,49.302013],[-1.24618,49.302042],[-1.246158,49.302049],[-1.246094,49.302072],[-1.246117,49.302101]]]}},{"type":"Feature","properties":{},"geometry":{"type":"Polygon","coordinates":[[[-1.243603,49.304307],[-1.2436276,49.3043112],[-1.243661,49.304317],[-1.243709,49.304218],[-1.243715,49.304207],[-1.243653,49.304195],[-1.243643,49.304218],[-1.243603,49.304307]]]}},{"type":"Feature","properties":{},"geometry":{"type":"Polygon","coordinates":[[[-1.257958,49.293524],[-1.257908,49.293496],[-1.257875,49.293478],[-1.257868,49.293474],[-1.257761,49.293552],[-1.25785,49.293604],[-1.257958,49.293524]]]}},{"type":"Feature","properties":{},"geometry":{"type":"Polygon","coordinates":[[[-1.243723,49.3061397],[-1.2437202,49.3061879],[-1.2438662,49.3061915],[-1.243869,49.3061432],[-1.243723,49.3061397]]]}},{"type":"Feature","properties":{},"geometry":{"type":"Polygon","coordinates":[[[-1.255904,49.297417],[-1.255814,49.29738],[-1.255767,49.297429],[-1.255775,49.297539],[-1.255883,49.297536],[-1.255878,49.297445],[-1.255904,49.297417]]]}},{"type":"Feature","properties":{},"geometry":{"type":"Polygon","coordinates":[[[-1.2556,49.293913],[-1.255514,49.293872],[-1.255419,49.293957],[-1.255512,49.294001],[-1.255557,49.293961],[-1.25555,49.293957],[-1.2556,49.293913]]]}},{"type":"Feature","properties":{},"geometry":{"type":"Polygon","coordinates":[[[-1.258937,49.29203],[-1.259151,49.29183],[-1.259068,49.291792],[-1.258944,49.291907],[-1.258936,49.291903],[-1.258845,49.291988],[-1.258937,49.29203]]]}},{"type":"Feature","properties":{},"geometry":{"type":"Polygon","coordinates":[[[-1.247296,49.302085],[-1.24728,49.302132],[-1.247271,49.302161],[-1.247269,49.30217],[-1.247369,49.302184],[-1.247398,49.302098],[-1.247296,49.302085]]]}},{"type":"Feature","properties":{},"geometry":{"type":"Polygon","coordinates":[[[-1.267362,49.308011],[-1.267446,49.308039],[-1.267492,49.30798],[-1.267459,49.307971],[-1.267403,49.307956],[-1.267379,49.307987],[-1.267362,49.308011]]]}},{"type":"Feature","properties":{},"geometry":{"type":"Polygon","coordinates":[[[-1.25847,49.292962],[-1.258548,49.292914],[-1.258515,49.292891],[-1.258523,49.292886],[-1.258438,49.292827],[-1.258352,49.292879],[-1.25847,49.292962]]]}},{"type":"Feature","properties":{},"geometry":{"type":"Polygon","coordinates":[[[-1.267132,49.307309],[-1.267187,49.307226],[-1.267205,49.307196],[-1.267121,49.307174],[-1.267102,49.307203],[-1.267049,49.307287],[-1.267132,49.307309]]]}},{"type":"Feature","properties":{},"geometry":{"type":"Polygon","coordinates":[[[-1.244068,49.304898],[-1.24406,49.304884],[-1.244038,49.304847],[-1.244028,49.30483],[-1.243984,49.304841],[-1.244031,49.304909],[-1.244068,49.304898]]]}},{"type":"Feature","properties":{},"geometry":{"type":"Polygon","coordinates":[[[-1.258621,49.306697],[-1.258673,49.306634],[-1.25856,49.306594],[-1.258526,49.306582],[-1.258487,49.306568],[-1.258435,49.306631],[-1.258621,49.306697]]]}},{"type":"Feature","properties":{},"geometry":{"type":"Polygon","coordinates":[[[-1.252016,49.301743],[-1.252322,49.301563],[-1.252157,49.301443],[-1.251848,49.301624],[-1.252016,49.301743]]]}},{"type":"Feature","properties":{},"geometry":{"type":"Polygon","coordinates":[[[-1.246898,49.300271],[-1.247,49.300277],[-1.247012,49.300186],[-1.246976,49.300183],[-1.246975,49.300193],[-1.246908,49.300189],[-1.246898,49.300271]]]}},{"type":"Feature","properties":{},"geometry":{"type":"Polygon","coordinates":[[[-1.245701,49.305043],[-1.245812,49.305078],[-1.245827,49.30506],[-1.245849,49.305028],[-1.245895,49.304976],[-1.245801,49.30494],[-1.245701,49.305043]]]}},{"type":"Feature","properties":{},"geometry":{"type":"Polygon","coordinates":[[[-1.2398181,49.2978266],[-1.2399074,49.2978251],[-1.2399039,49.2977368],[-1.2397911,49.2977387],[-1.2397924,49.2977699],[-1.2398158,49.2977695],[-1.2398181,49.2978266]]]}},{"type":"Feature","properties":{},"geometry":{"type":"Polygon","coordinates":[[[-1.248336,49.305977],[-1.24833,49.305946],[-1.248323,49.305947],[-1.248306,49.305857],[-1.248194,49.305866],[-1.248217,49.305987],[-1.2483071,49.3059812],[-1.248336,49.305977]]]}},{"type":"Feature","properties":{},"geometry":{"type":"Polygon","coordinates":[[[-1.248327,49.298583],[-1.248311,49.29865],[-1.248357,49.298655],[-1.248446,49.298661],[-1.248456,49.298593],[-1.248367,49.298586],[-1.248327,49.298583]]]}},{"type":"Feature","properties":{},"geometry":{"type":"Polygon","coordinates":[[[-1.243433,49.304152],[-1.243491,49.304163],[-1.243502,49.304165],[-1.243585,49.304016],[-1.243517,49.303998],[-1.243489,49.30405],[-1.243433,49.304152]]]}},{"type":"Feature","properties":{},"geometry":{"type":"Polygon","coordinates":[[[-1.2424748,49.3074958],[-1.2423107,49.3074644],[-1.2422772,49.3075388],[-1.2424412,49.3075703],[-1.2424748,49.3074958]]]}},{"type":"Feature","properties":{},"geometry":{"type":"Polygon","coordinates":[[[-1.248625,49.302126],[-1.248655,49.302086],[-1.248569,49.302055],[-1.248541,49.302044],[-1.248527,49.302061],[-1.248508,49.302082],[-1.248625,49.302126]]]}},{"type":"Feature","properties":{},"geometry":{"type":"Polygon","coordinates":[[[-1.246473,49.304724],[-1.246494,49.304739],[-1.24651,49.304729],[-1.246522,49.304738],[-1.246622,49.304677],[-1.246589,49.304654],[-1.246473,49.304724]]]}},{"type":"Feature","properties":{},"geometry":{"type":"Polygon","coordinates":[[[-1.257538,49.307756],[-1.257558,49.307731],[-1.257547,49.307726],[-1.257599,49.307664],[-1.257501,49.307629],[-1.257429,49.307716],[-1.257538,49.307756]]]}},{"type":"Feature","properties":{},"geometry":{"type":"Polygon","coordinates":[[[-1.239528,49.30322],[-1.239594,49.303126],[-1.239298,49.303031],[-1.239231,49.303124],[-1.239375,49.30317],[-1.239422,49.303185],[-1.239528,49.30322]]]}},{"type":"Feature","properties":{},"geometry":{"type":"Polygon","coordinates":[[[-1.240064,49.304224],[-1.24011,49.304279],[-1.240145,49.30432],[-1.24016,49.304319],[-1.240231,49.304286],[-1.240155,49.304189],[-1.240064,49.304224]]]}},{"type":"Feature","properties":{},"geometry":{"type":"Polygon","coordinates":[[[-1.2429649,49.307513],[-1.2430203,49.3075126],[-1.2430183,49.3074001],[-1.2429623,49.3074009],[-1.2429649,49.307513]]]}},{"type":"Feature","properties":{},"geometry":{"type":"Polygon","coordinates":[[[-1.2457,49.309339],[-1.245892,49.309372],[-1.245995,49.309142],[-1.245936,49.30913],[-1.245924,49.309156],[-1.245791,49.309131],[-1.2457,49.309339]]]}},{"type":"Feature","properties":{},"geometry":{"type":"Polygon","coordinates":[[[-1.254048,49.301445],[-1.254015,49.301364],[-1.253927,49.301378],[-1.253938,49.301407],[-1.25393,49.301409],[-1.253949,49.301461],[-1.254048,49.301445]]]}},{"type":"Feature","properties":{},"geometry":{"type":"Polygon","coordinates":[[[-1.25012,49.29895],[-1.250154,49.298921],[-1.2502,49.298879],[-1.250136,49.29885],[-1.250124,49.298844],[-1.250048,49.298917],[-1.25012,49.29895]]]}},{"type":"Feature","properties":{},"geometry":{"type":"Polygon","coordinates":[[[-1.261424,49.295486],[-1.261386,49.295437],[-1.261336,49.295453],[-1.261333,49.295449],[-1.261255,49.295475],[-1.261295,49.29553],[-1.261424,49.295486]]]}},{"type":"Feature","properties":{},"geometry":{"type":"Polygon","coordinates":[[[-1.239593,49.305865],[-1.239586,49.30587],[-1.23954,49.305911],[-1.239628,49.305954],[-1.239637,49.305947],[-1.239682,49.305909],[-1.239593,49.305865]]]}},{"type":"Feature","properties":{},"geometry":{"type":"Polygon","coordinates":[[[-1.252829,49.308255],[-1.25287,49.308238],[-1.252844,49.308208],[-1.252828,49.308189],[-1.252785,49.308242],[-1.252806,49.308264],[-1.252829,49.308255]]]}},{"type":"Feature","properties":{},"geometry":{"type":"Polygon","coordinates":[[[-1.253643,49.288059],[-1.25361,49.28808],[-1.253626,49.28809],[-1.25359,49.288113],[-1.253679,49.288172],[-1.253747,49.288127],[-1.253643,49.288059]]]}},{"type":"Feature","properties":{},"geometry":{"type":"Polygon","coordinates":[[[-1.258381,49.298575],[-1.258529,49.298544],[-1.258509,49.298504],[-1.258471,49.298513],[-1.258429,49.298431],[-1.258324,49.298453],[-1.258381,49.298575]]]}},{"type":"Feature","properties":{},"geometry":{"type":"Polygon","coordinates":[[[-1.239104,49.307937],[-1.239182,49.307884],[-1.23917,49.307877],[-1.239202,49.307854],[-1.239091,49.307785],[-1.238981,49.307862],[-1.239104,49.307937]]]}},{"type":"Feature","properties":{},"geometry":{"type":"Polygon","coordinates":[[[-1.254493,49.301168],[-1.254589,49.301151],[-1.254568,49.3011],[-1.254562,49.301101],[-1.25455,49.30107],[-1.254459,49.301085],[-1.254493,49.301168]]]}},{"type":"Feature","properties":{},"geometry":{"type":"Polygon","coordinates":[[[-1.266569,49.307723],[-1.266677,49.307755],[-1.266701,49.307718],[-1.266695,49.307717],[-1.266724,49.307673],[-1.266622,49.307644],[-1.266569,49.307723]]]}},{"type":"Feature","properties":{},"geometry":{"type":"Polygon","coordinates":[[[-1.256742,49.307003],[-1.25683,49.307059],[-1.256955,49.306976],[-1.256883,49.30693],[-1.256867,49.30692],[-1.25683,49.306945],[-1.256742,49.307003]]]}},{"type":"Feature","properties":{},"geometry":{"type":"Polygon","coordinates":[[[-1.247112,49.301091],[-1.247225,49.3011],[-1.247228,49.301079],[-1.247239,49.301012],[-1.247126,49.301005],[-1.247113,49.301084],[-1.247112,49.301091]]]}},{"type":"Feature","properties":{},"geometry":{"type":"Polygon","coordinates":[[[-1.240355,49.303595],[-1.2404,49.303524],[-1.240287,49.303491],[-1.240204,49.303631],[-1.240245,49.303642],[-1.240286,49.303576],[-1.240355,49.303595]]]}},{"type":"Feature","properties":{},"geometry":{"type":"Polygon","coordinates":[[[-1.257177,49.307503],[-1.257276,49.307537],[-1.257345,49.30745],[-1.257233,49.307412],[-1.257212,49.307437],[-1.257226,49.307442],[-1.257177,49.307503]]]}},{"type":"Feature","properties":{},"geometry":{"type":"Polygon","coordinates":[[[-1.247066,49.301766],[-1.247208,49.301774],[-1.247214,49.301728],[-1.247218,49.301704],[-1.247049,49.301696],[-1.247038,49.301755],[-1.247066,49.301766]]]}},{"type":"Feature","properties":{},"geometry":{"type":"Polygon","coordinates":[[[-1.237945,49.302213],[-1.237836,49.30221],[-1.237831,49.302278],[-1.237841,49.302278],[-1.237836,49.30235],[-1.237936,49.302353],[-1.237945,49.302213]]]}},{"type":"Feature","properties":{},"geometry":{"type":"Polygon","coordinates":[[[-1.24123,49.30337],[-1.241157,49.30336],[-1.241103,49.303529],[-1.241114,49.303531],[-1.241173,49.303543],[-1.241206,49.303445],[-1.24123,49.30337]]]}},{"type":"Feature","properties":{},"geometry":{"type":"Polygon","coordinates":[[[-1.255115,49.307372],[-1.255193,49.307318],[-1.255189,49.307316],[-1.255165,49.307301],[-1.255072,49.307242],[-1.254994,49.307295],[-1.255115,49.307372]]]}},{"type":"Feature","properties":{},"geometry":{"type":"Polygon","coordinates":[[[-1.246459,49.29972],[-1.246454,49.299652],[-1.246452,49.299616],[-1.246341,49.299619],[-1.246348,49.299722],[-1.246446,49.29972],[-1.246459,49.29972]]]}},{"type":"Feature","properties":{},"geometry":{"type":"Polygon","coordinates":[[[-1.242582,49.30443],[-1.242599,49.304496],[-1.242758,49.304453],[-1.242728,49.304392],[-1.242682,49.304404],[-1.242595,49.304426],[-1.242582,49.30443]]]}},{"type":"Feature","properties":{},"geometry":{"type":"Polygon","coordinates":[[[-1.241075,49.309092],[-1.241107,49.309068],[-1.241138,49.308953],[-1.241109,49.308946],[-1.240976,49.309036],[-1.241018,49.30906],[-1.241075,49.309092]]]}},{"type":"Feature","properties":{},"geometry":{"type":"Polygon","coordinates":[[[-1.265716,49.310093],[-1.265859,49.309989],[-1.265759,49.30993],[-1.265718,49.309961],[-1.265735,49.30997],[-1.265633,49.310044],[-1.265716,49.310093]]]}},{"type":"Feature","properties":{},"geometry":{"type":"Polygon","coordinates":[[[-1.2424748,49.3074958],[-1.2424412,49.3075703],[-1.2425847,49.3075978],[-1.2426183,49.3075233],[-1.2424748,49.3074958]]]}},{"type":"Feature","properties":{},"geometry":{"type":"Polygon","coordinates":[[[-1.249603,49.302015],[-1.249671,49.301974],[-1.249587,49.301915],[-1.249525,49.301953],[-1.249548,49.301969],[-1.249542,49.301972],[-1.249603,49.302015]]]}},{"type":"Feature","properties":{},"geometry":{"type":"Polygon","coordinates":[[[-1.244527,49.304382],[-1.244498,49.30424],[-1.244441,49.304245],[-1.244421,49.304315],[-1.244405,49.304436],[-1.2444585,49.3044399],[-1.244514,49.304444],[-1.244527,49.304382]]]}},{"type":"Feature","properties":{},"geometry":{"type":"Polygon","coordinates":[[[-1.259507,49.311471],[-1.2596748,49.3115772],[-1.2598861,49.3117109],[-1.260068,49.311826],[-1.260879,49.311277],[-1.260283,49.310901],[-1.260003,49.311091],[-1.260001,49.31109],[-1.259507,49.311471]]]}},{"type":"Feature","properties":{},"geometry":{"type":"Polygon","coordinates":[[[-1.242851,49.301053],[-1.242822,49.301033],[-1.242682,49.301124],[-1.242701,49.301134],[-1.24278,49.301093],[-1.242808,49.301077],[-1.242851,49.301053]]]}},{"type":"Feature","properties":{},"geometry":{"type":"Polygon","coordinates":[[[-1.258038,49.297615],[-1.257988,49.297612],[-1.257989,49.297607],[-1.257827,49.297598],[-1.257817,49.297669],[-1.258029,49.297682],[-1.258038,49.297615]]]}},{"type":"Feature","properties":{},"geometry":{"type":"Polygon","coordinates":[[[-1.247651,49.308677],[-1.247556,49.3087],[-1.247509,49.308619],[-1.247418,49.308642],[-1.247479,49.308746],[-1.247666,49.308704],[-1.247651,49.308677]]]}},{"type":"Feature","properties":{},"geometry":{"type":"Polygon","coordinates":[[[-1.249691,49.304629],[-1.249715,49.304634],[-1.249688,49.304694],[-1.249765,49.304709],[-1.249823,49.304583],[-1.249722,49.304563],[-1.249691,49.304629]]]}},{"type":"Feature","properties":{},"geometry":{"type":"Polygon","coordinates":[[[-1.244421,49.304315],[-1.244317,49.304294],[-1.244284,49.304354],[-1.244248,49.30442],[-1.2442731,49.3044244],[-1.244333,49.304435],[-1.2443454,49.3044352],[-1.244362,49.3044354],[-1.244405,49.304436],[-1.244421,49.304315]]]}},{"type":"Feature","properties":{},"geometry":{"type":"Polygon","coordinates":[[[-1.242935,49.301115],[-1.242912,49.301097],[-1.242859,49.301057],[-1.242851,49.301053],[-1.242808,49.301077],[-1.242893,49.301142],[-1.242935,49.301115]]]}},{"type":"Feature","properties":{},"geometry":{"type":"Polygon","coordinates":[[[-1.252789,49.30557],[-1.252878,49.305595],[-1.252932,49.305506],[-1.252841,49.305482],[-1.252827,49.305505],[-1.252818,49.305521],[-1.252789,49.30557]]]}},{"type":"Feature","properties":{},"geometry":{"type":"Polygon","coordinates":[[[-1.235849,49.303115],[-1.236003,49.303118],[-1.236007,49.303045],[-1.235853,49.303041],[-1.235853,49.30305],[-1.235851,49.303078],[-1.235849,49.303115]]]}},{"type":"Feature","properties":{},"geometry":{"type":"Polygon","coordinates":[[[-1.254158,49.30128],[-1.254168,49.301309],[-1.254257,49.301294],[-1.254226,49.301213],[-1.25407,49.301235],[-1.254092,49.301291],[-1.254158,49.30128]]]}},{"type":"Feature","properties":{},"geometry":{"type":"Polygon","coordinates":[[[-1.259409,49.291899],[-1.259286,49.291842],[-1.259246,49.291878],[-1.259196,49.291854],[-1.259144,49.291901],[-1.259317,49.291982],[-1.259409,49.291899]]]}},{"type":"Feature","properties":{},"geometry":{"type":"Polygon","coordinates":[[[-1.267191,49.308113],[-1.267254,49.308014],[-1.267139,49.307983],[-1.267098,49.308048],[-1.267084,49.308045],[-1.267065,49.308079],[-1.267191,49.308113]]]}},{"type":"Feature","properties":{},"geometry":{"type":"Polygon","coordinates":[[[-1.242859,49.304595],[-1.242963,49.304576],[-1.24295,49.304541],[-1.242937,49.304543],[-1.242846,49.304558],[-1.242859,49.304595]]]}},{"type":"Feature","properties":{},"geometry":{"type":"Polygon","coordinates":[[[-1.259106,49.301392],[-1.258985,49.301394],[-1.258906,49.301395],[-1.258787,49.301396],[-1.25879,49.301459],[-1.259109,49.301453],[-1.259106,49.301392]]]}},{"type":"Feature","properties":{},"geometry":{"type":"Polygon","coordinates":[[[-1.24707,49.303811],[-1.247116,49.30385],[-1.247175,49.30383],[-1.247141,49.303799],[-1.247129,49.303789],[-1.247124,49.303784],[-1.24707,49.303811]]]}},{"type":"Feature","properties":{},"geometry":{"type":"Polygon","coordinates":[[[-1.24817,49.302829],[-1.248127,49.302867],[-1.248205,49.302909],[-1.248227,49.302889],[-1.248222,49.302887],[-1.248247,49.302864],[-1.24817,49.302829]]]}},{"type":"Feature","properties":{},"geometry":{"type":"Polygon","coordinates":[[[-1.251854,49.300713],[-1.251725,49.300615],[-1.251436,49.300782],[-1.251567,49.300879],[-1.251854,49.300713]]]}},{"type":"Feature","properties":{},"geometry":{"type":"Polygon","coordinates":[[[-1.2470574,49.3043735],[-1.2471766,49.3043269],[-1.2471017,49.3042454],[-1.247047,49.3042668],[-1.2470519,49.3042721],[-1.2469874,49.3042974],[-1.2470574,49.3043735]]]}},{"type":"Feature","properties":{},"geometry":{"type":"Polygon","coordinates":[[[-1.250557,49.299752],[-1.250712,49.299802],[-1.250777,49.299717],[-1.250722,49.299699],[-1.250711,49.299715],[-1.25061,49.299682],[-1.250557,49.299752]]]}},{"type":"Feature","properties":{},"geometry":{"type":"Polygon","coordinates":[[[-1.242905,49.302852],[-1.242825,49.302857],[-1.242832,49.30291],[-1.2429,49.30291],[-1.242901,49.302907],[-1.242908,49.302907],[-1.242905,49.302852]]]}},{"type":"Feature","properties":{},"geometry":{"type":"Polygon","coordinates":[[[-1.2622199,49.305716],[-1.2621796,49.3054753],[-1.2620379,49.3054856],[-1.2620099,49.3054877],[-1.2618573,49.3054989],[-1.261879,49.3056294],[-1.2622199,49.305716]]]}},{"type":"Feature","properties":{},"geometry":{"type":"Polygon","coordinates":[[[-1.257359,49.307801],[-1.257455,49.307835],[-1.257505,49.307776],[-1.257517,49.307781],[-1.257538,49.307756],[-1.257429,49.307716],[-1.257359,49.307801]]]}},{"type":"Feature","properties":{},"geometry":{"type":"Polygon","coordinates":[[[-1.240834,49.305469],[-1.240789,49.305445],[-1.240764,49.305464],[-1.240905,49.30554],[-1.241008,49.305457],[-1.240915,49.305405],[-1.240834,49.305469]]]}},{"type":"Feature","properties":{},"geometry":{"type":"Polygon","coordinates":[[[-1.244441,49.301115],[-1.244624,49.30102],[-1.2446,49.301],[-1.244577,49.301011],[-1.244552,49.30099],[-1.244392,49.301072],[-1.244441,49.301115]]]}},{"type":"Feature","properties":{},"geometry":{"type":"Polygon","coordinates":[[[-1.245706,49.304255],[-1.245806,49.304236],[-1.245817,49.304254],[-1.245849,49.304244],[-1.245784,49.304195],[-1.24569,49.304224],[-1.245706,49.304255]]]}},{"type":"Feature","properties":{},"geometry":{"type":"Polygon","coordinates":[[[-1.24942,49.301019],[-1.249343,49.30099],[-1.24927,49.300963],[-1.249237,49.300996],[-1.249221,49.301012],[-1.249371,49.301071],[-1.24942,49.301019]]]}},{"type":"Feature","properties":{},"geometry":{"type":"Polygon","coordinates":[[[-1.242504,49.304255],[-1.242437,49.304236],[-1.242379,49.30422],[-1.242364,49.304216],[-1.242344,49.304247],[-1.242489,49.304289],[-1.242504,49.304255]]]}},{"type":"Feature","properties":{},"geometry":{"type":"Polygon","coordinates":[[[-1.2591,49.301208],[-1.259098,49.301145],[-1.258779,49.301151],[-1.258781,49.301211],[-1.258899,49.30121],[-1.258975,49.301209],[-1.2591,49.301208]]]}},{"type":"Feature","properties":{},"geometry":{"type":"Polygon","coordinates":[[[-1.247479,49.305278],[-1.247473,49.305344],[-1.247487,49.305345],[-1.247499,49.305423],[-1.247554,49.305424],[-1.247539,49.305281],[-1.247479,49.305278]]]}},{"type":"Feature","properties":{},"geometry":{"type":"Polygon","coordinates":[[[-1.240053,49.303523],[-1.240078,49.30353],[-1.240052,49.303579],[-1.240086,49.303588],[-1.240143,49.303457],[-1.240093,49.303444],[-1.240053,49.303523]]]}},{"type":"Feature","properties":{},"geometry":{"type":"Polygon","coordinates":[[[-1.239113,49.305021],[-1.239178,49.305078],[-1.239199,49.305065],[-1.239268,49.305123],[-1.239328,49.305095],[-1.239191,49.304975],[-1.239113,49.305021]]]}},{"type":"Feature","properties":{},"geometry":{"type":"Polygon","coordinates":[[[-1.260097,49.30055],[-1.260095,49.300479],[-1.25997,49.300481],[-1.25997,49.300476],[-1.25992,49.300477],[-1.259923,49.300552],[-1.260097,49.30055]]]}},{"type":"Feature","properties":{},"geometry":{"type":"Polygon","coordinates":[[[-1.249894,49.302617],[-1.249799,49.302547],[-1.249688,49.302611],[-1.249742,49.30265],[-1.249772,49.302633],[-1.249812,49.302663],[-1.249894,49.302617]]]}},{"type":"Feature","properties":{},"geometry":{"type":"Polygon","coordinates":[[[-1.2529,49.30305],[-1.252777,49.303083],[-1.252819,49.30315],[-1.252933,49.303119],[-1.252923,49.303102],[-1.252932,49.3031],[-1.2529,49.30305]]]}},{"type":"Feature","properties":{},"geometry":{"type":"Polygon","coordinates":[[[-1.247299,49.305801],[-1.247221,49.305805],[-1.247225,49.305851],[-1.24721,49.305852],[-1.247214,49.305885],[-1.247307,49.305881],[-1.247299,49.305801]]]}},{"type":"Feature","properties":{},"geometry":{"type":"Polygon","coordinates":[[[-1.253846,49.293839],[-1.253953,49.293769],[-1.253842,49.293701],[-1.25374,49.293772],[-1.253757,49.293783],[-1.253828,49.293827],[-1.253846,49.293839]]]}},{"type":"Feature","properties":{},"geometry":{"type":"Polygon","coordinates":[[[-1.246511,49.306173],[-1.246492,49.306116],[-1.246381,49.306117],[-1.246371,49.306117],[-1.246373,49.306175],[-1.246425,49.306174],[-1.246511,49.306173]]]}},{"type":"Feature","properties":{},"geometry":{"type":"Polygon","coordinates":[[[-1.243839,49.304636],[-1.243898,49.304729],[-1.24397,49.304844],[-1.243984,49.304841],[-1.244028,49.30483],[-1.243902,49.30462],[-1.243865,49.3046294],[-1.243839,49.304636]]]}},{"type":"Feature","properties":{},"geometry":{"type":"Polygon","coordinates":[[[-1.259269,49.298495],[-1.259233,49.298424],[-1.259144,49.298443],[-1.25914,49.298436],[-1.259093,49.298446],[-1.259133,49.298524],[-1.259269,49.298495]]]}},{"type":"Feature","properties":{},"geometry":{"type":"Polygon","coordinates":[[[-1.247151,49.30349],[-1.247197,49.303552],[-1.247201,49.303557],[-1.247226,49.303547],[-1.247273,49.303528],[-1.24722,49.303457],[-1.247151,49.30349]]]}},{"type":"Feature","properties":{},"geometry":{"type":"Polygon","coordinates":[[[-1.254915,49.29589],[-1.254802,49.295772],[-1.254703,49.295812],[-1.254786,49.2959],[-1.254811,49.29589],[-1.25484,49.295921],[-1.254915,49.29589]]]}},{"type":"Feature","properties":{},"geometry":{"type":"Polygon","coordinates":[[[-1.242823,49.304214],[-1.242735,49.304189],[-1.242691,49.304263],[-1.242722,49.304271],[-1.242723,49.304268],[-1.242784,49.304283],[-1.242823,49.304214]]]}},{"type":"Feature","properties":{},"geometry":{"type":"Polygon","coordinates":[[[-1.247054,49.301061],[-1.247051,49.30108],[-1.247113,49.301084],[-1.247126,49.301005],[-1.246944,49.300993],[-1.246935,49.301053],[-1.247054,49.301061]]]}},{"type":"Feature","properties":{},"geometry":{"type":"Polygon","coordinates":[[[-1.257539,49.294383],[-1.257401,49.294345],[-1.257355,49.294416],[-1.257455,49.294444],[-1.257459,49.294437],[-1.257497,49.294447],[-1.257539,49.294383]]]}},{"type":"Feature","properties":{},"geometry":{"type":"Polygon","coordinates":[[[-1.246317,49.303912],[-1.24645,49.304006],[-1.246482,49.303988],[-1.246455,49.303968],[-1.246464,49.303963],[-1.246363,49.303888],[-1.246317,49.303912]]]}},{"type":"Feature","properties":{},"geometry":{"type":"Polygon","coordinates":[[[-1.241648,49.299115],[-1.241605,49.299134],[-1.241597,49.299128],[-1.241577,49.299141],[-1.241651,49.299199],[-1.241711,49.299168],[-1.241648,49.299115]]]}},{"type":"Feature","properties":{},"geometry":{"type":"Polygon","coordinates":[[[-1.257308,49.307976],[-1.25735,49.307925],[-1.25734,49.307921],[-1.257367,49.307887],[-1.25727,49.307853],[-1.257201,49.307938],[-1.257308,49.307976]]]}},{"type":"Feature","properties":{},"geometry":{"type":"Polygon","coordinates":[[[-1.240716,49.299265],[-1.240692,49.299276],[-1.240712,49.299304],[-1.240862,49.29925],[-1.240803,49.299191],[-1.240686,49.299233],[-1.240716,49.299265]]]}},{"type":"Feature","properties":{},"geometry":{"type":"Polygon","coordinates":[[[-1.257653,49.293745],[-1.257567,49.293694],[-1.257457,49.293773],[-1.25749,49.293793],[-1.257513,49.293806],[-1.257542,49.293824],[-1.257653,49.293745]]]}},{"type":"Feature","properties":{},"geometry":{"type":"Polygon","coordinates":[[[-1.257774,49.307534],[-1.257794,49.307509],[-1.257783,49.307504],[-1.257833,49.307444],[-1.257735,49.30741],[-1.257664,49.307496],[-1.257774,49.307534]]]}},{"type":"Feature","properties":{},"geometry":{"type":"Polygon","coordinates":[[[-1.243727,49.3010268],[-1.243748,49.3010442],[-1.243853,49.3009858],[-1.2438113,49.3009523],[-1.2437417,49.30099],[-1.2437073,49.301009],[-1.243727,49.3010268]]]}},{"type":"Feature","properties":{},"geometry":{"type":"Polygon","coordinates":[[[-1.244021,49.301153],[-1.244063,49.301128],[-1.243984,49.301069],[-1.243941,49.301095],[-1.243959,49.301108],[-1.244003,49.30114],[-1.244021,49.301153]]]}},{"type":"Feature","properties":{},"geometry":{"type":"Polygon","coordinates":[[[-1.260794,49.296864],[-1.260974,49.296855],[-1.260964,49.29678],[-1.260784,49.296789],[-1.260787,49.296805],[-1.260789,49.296827],[-1.260794,49.296864]]]}},{"type":"Feature","properties":{},"geometry":{"type":"Polygon","coordinates":[[[-1.236577,49.302562],[-1.236626,49.302557],[-1.236618,49.302435],[-1.236567,49.302436],[-1.236577,49.302562]]]}},{"type":"Feature","properties":{},"geometry":{"type":"Polygon","coordinates":[[[-1.251506,49.295766],[-1.251571,49.295703],[-1.251431,49.295641],[-1.251384,49.295621],[-1.25132,49.295684],[-1.251368,49.295704],[-1.251506,49.295766]]]}},{"type":"Feature","properties":{},"geometry":{"type":"Polygon","coordinates":[[[-1.24206,49.306075],[-1.242148,49.306043],[-1.242094,49.305988],[-1.242032,49.306014],[-1.242076,49.306056],[-1.242054,49.306066],[-1.24206,49.306075]]]}},{"type":"Feature","properties":{},"geometry":{"type":"Polygon","coordinates":[[[-1.246696,49.304054],[-1.24677,49.304108],[-1.246796,49.304094],[-1.246786,49.304086],[-1.246793,49.304082],[-1.246729,49.304035],[-1.246696,49.304054]]]}},{"type":"Feature","properties":{},"geometry":{"type":"Polygon","coordinates":[[[-1.255193,49.298942],[-1.255085,49.29895],[-1.255102,49.299044],[-1.254978,49.299053],[-1.254988,49.299112],[-1.255221,49.299094],[-1.255193,49.298942]]]}},{"type":"Feature","properties":{},"geometry":{"type":"Polygon","coordinates":[[[-1.259677,49.31119],[-1.259766,49.311248],[-1.259473,49.311449],[-1.259507,49.311471],[-1.260001,49.31109],[-1.259909,49.311033],[-1.259677,49.31119]]]}},{"type":"Feature","properties":{},"geometry":{"type":"Polygon","coordinates":[[[-1.259859,49.297617],[-1.25988,49.297657],[-1.259991,49.297633],[-1.25994,49.297534],[-1.259847,49.297555],[-1.259876,49.297613],[-1.259859,49.297617]]]}},{"type":"Feature","properties":{},"geometry":{"type":"Polygon","coordinates":[[[-1.255612,49.296062],[-1.255719,49.296064],[-1.255721,49.295984],[-1.255615,49.295983],[-1.255614,49.296004],[-1.255614,49.29601],[-1.255612,49.296062]]]}},{"type":"Feature","properties":{},"geometry":{"type":"Polygon","coordinates":[[[-1.2459,49.299261],[-1.246075,49.299166],[-1.246003,49.299107],[-1.245865,49.29918],[-1.245871,49.299185],[-1.245831,49.299206],[-1.2459,49.299261]]]}},{"type":"Feature","properties":{},"geometry":{"type":"Polygon","coordinates":[[[-1.258771,49.297813],[-1.258888,49.29776],[-1.258823,49.2977],[-1.258758,49.297731],[-1.258742,49.297718],[-1.258692,49.297742],[-1.258771,49.297813]]]}},{"type":"Feature","properties":{},"geometry":{"type":"Polygon","coordinates":[[[-1.245204,49.3062506],[-1.245203,49.3062406],[-1.245078,49.3062406],[-1.245077,49.3064116],[-1.24496,49.3064136],[-1.244957,49.3063726],[-1.244955,49.3062576],[-1.244946,49.3062576],[-1.244946,49.3062196],[-1.245063,49.3062206],[-1.245068,49.3061686],[-1.244725,49.3061606],[-1.24472,49.3061606],[-1.244718,49.3061936],[-1.244861,49.3061946],[-1.244862,49.3064186],[-1.244521,49.3064196],[-1.244505,49.3064086],[-1.2445013,49.3061942],[-1.244645,49.3061956],[-1.244647,49.3061596],[-1.244359,49.3061586],[-1.24436,49.3061806],[-1.244381,49.3061806],[-1.244384,49.3064066],[-1.244368,49.3064206],[-1.244123,49.3064206],[-1.244123,49.3064956],[-1.244384,49.3064956],[-1.244387,49.3065746],[-1.244416,49.3065956],[-1.244469,49.3065966],[-1.244508,49.3065756],[-1.244507,49.3064936],[-1.244616,49.3064936],[-1.244682,49.3064916],[-1.244733,49.3064916],[-1.244862,49.3064906],[-1.244864,49.3065446],[-1.244961,49.3065436],[-1.24496,49.3065006],[-1.244993,49.3065006],[-1.244993,49.3064576],[-1.244958,49.3064566],[-1.244958,49.3064366],[-1.245078,49.3064346],[-1.245078,49.3064636],[-1.245024,49.3064646],[-1.245025,49.3065076],[-1.245079,49.3065066],[-1.245079,49.3065106],[-1.245207,49.3065076],[-1.245204,49.3062746],[-1.245204,49.3062506]]]}},{"type":"Feature","properties":{},"geometry":{"type":"Polygon","coordinates":[[[-1.253474,49.301866],[-1.253344,49.301874],[-1.253321,49.301862],[-1.253277,49.301865],[-1.253257,49.30188],[-1.253086,49.301891],[-1.253062,49.301878],[-1.253014,49.30188],[-1.252995,49.301896],[-1.252827,49.301905],[-1.252801,49.301893],[-1.252753,49.301896],[-1.252733,49.301912],[-1.252566,49.301921],[-1.252541,49.301908],[-1.252493,49.301911],[-1.252472,49.301926],[-1.252305,49.301937],[-1.252278,49.301924],[-1.25223,49.301927],[-1.252214,49.30194],[-1.252128,49.301947],[-1.252141,49.302019],[-1.252224,49.302015],[-1.252222,49.302002],[-1.25231,49.301996],[-1.252312,49.302008],[-1.252482,49.302],[-1.25248,49.301986],[-1.252574,49.30198],[-1.252576,49.301994],[-1.252749,49.301985],[-1.252748,49.30197],[-1.252833,49.301965],[-1.252834,49.301979],[-1.253005,49.301969],[-1.253002,49.301954],[-1.253091,49.301949],[-1.253094,49.301963],[-1.253264,49.301952],[-1.253262,49.301939],[-1.253351,49.301934],[-1.253352,49.301947],[-1.253485,49.301939],[-1.253474,49.301866]]]}},{"type":"Feature","properties":{},"geometry":{"type":"Polygon","coordinates":[[[-1.24696,49.299551],[-1.246855,49.299545],[-1.246797,49.299541],[-1.246794,49.29956],[-1.246853,49.299564],[-1.24684,49.299642],[-1.246945,49.299649],[-1.24696,49.299551]]]}},{"type":"Feature","properties":{},"geometry":{"type":"Polygon","coordinates":[[[-1.240054,49.303866],[-1.240107,49.303882],[-1.240095,49.303899],[-1.240149,49.303916],[-1.24018,49.303871],[-1.24021,49.303825],[-1.240099,49.30379],[-1.240054,49.303866]]]}},{"type":"Feature","properties":{},"geometry":{"type":"Polygon","coordinates":[[[-1.24978,49.298904],[-1.249901,49.298792],[-1.249849,49.298768],[-1.249817,49.298796],[-1.249783,49.29878],[-1.249692,49.298864],[-1.2497,49.298867],[-1.24978,49.298904]]]}},{"type":"Feature","properties":{},"geometry":{"type":"Polygon","coordinates":[[[-1.247222,49.305608],[-1.247236,49.305561],[-1.247138,49.305547],[-1.247115,49.305623],[-1.247113,49.305629],[-1.247182,49.305638],[-1.247193,49.305604],[-1.247222,49.305608]]]}},{"type":"Feature","properties":{},"geometry":{"type":"Polygon","coordinates":[[[-1.243987,49.304306],[-1.244028,49.304236],[-1.243929,49.304204],[-1.24392,49.304222],[-1.243897,49.304268],[-1.243855,49.304351],[-1.2439061,49.3043597],[-1.243951,49.304368],[-1.243987,49.304306]]]}},{"type":"Feature","properties":{},"geometry":{"type":"Polygon","coordinates":[[[-1.260092,49.301721],[-1.260082,49.301656],[-1.259856,49.301668],[-1.25981,49.301672],[-1.259824,49.301735],[-1.259866,49.301731],[-1.259867,49.301734],[-1.260092,49.301721]]]}},{"type":"Feature","properties":{},"geometry":{"type":"Polygon","coordinates":[[[-1.238622,49.30865],[-1.238641,49.308659],[-1.238692,49.30862],[-1.238666,49.308609],[-1.238574,49.308565],[-1.238527,49.308604],[-1.238618,49.308648],[-1.238622,49.30865]]]}},{"type":"Feature","properties":{},"geometry":{"type":"Polygon","coordinates":[[[-1.252171,49.307048],[-1.252235,49.30712],[-1.252154,49.307149],[-1.252225,49.307235],[-1.252474,49.307141],[-1.252481,49.307138],[-1.252345,49.306982],[-1.252171,49.307048]]]}},{"type":"Feature","properties":{},"geometry":{"type":"Polygon","coordinates":[[[-1.259977,49.29828],[-1.260029,49.298277],[-1.26015,49.298268],[-1.260138,49.298191],[-1.259965,49.298203],[-1.259967,49.298215],[-1.259976,49.298276],[-1.259977,49.29828]]]}},{"type":"Feature","properties":{},"geometry":{"type":"Polygon","coordinates":[[[-1.247035,49.303827],[-1.24707,49.303811],[-1.247124,49.303784],[-1.247067,49.303736],[-1.247057,49.303728],[-1.247027,49.303743],[-1.246972,49.303769],[-1.247035,49.303827]]]}},{"type":"Feature","properties":{},"geometry":{"type":"Polygon","coordinates":[[[-1.254388,49.297063],[-1.254261,49.297004],[-1.254234,49.297028],[-1.254265,49.297043],[-1.254198,49.297103],[-1.254293,49.297148],[-1.254359,49.297089],[-1.254388,49.297063]]]}},{"type":"Feature","properties":{},"geometry":{"type":"Polygon","coordinates":[[[-1.255245,49.311068],[-1.255317,49.311149],[-1.255434,49.311103],[-1.255854,49.310942],[-1.255752,49.310837],[-1.255637,49.310883],[-1.255659,49.310908],[-1.255245,49.311068]]]}},{"type":"Feature","properties":{},"geometry":{"type":"Polygon","coordinates":[[[-1.239837,49.306025],[-1.239811,49.306012],[-1.239726,49.306083],[-1.239781,49.30611],[-1.239834,49.306066],[-1.239842,49.30607],[-1.239873,49.306044],[-1.239837,49.306025]]]}},{"type":"Feature","properties":{},"geometry":{"type":"Polygon","coordinates":[[[-1.246845,49.304335],[-1.246906,49.304398],[-1.24701,49.304344],[-1.246956,49.304285],[-1.246878,49.304329],[-1.246861,49.304314],[-1.246838,49.304327],[-1.246845,49.304335]]]}},{"type":"Feature","properties":{},"geometry":{"type":"Polygon","coordinates":[[[-1.246472,49.304279],[-1.246384,49.30419],[-1.246327,49.304217],[-1.246348,49.304238],[-1.246366,49.304229],[-1.246436,49.304296],[-1.24644,49.304295],[-1.246472,49.304279]]]}},{"type":"Feature","properties":{},"geometry":{"type":"Polygon","coordinates":[[[-1.253716,49.297325],[-1.253705,49.297321],[-1.253674,49.297309],[-1.253618,49.297289],[-1.253596,49.297315],[-1.253544,49.297375],[-1.253641,49.297411],[-1.253716,49.297325]]]}},{"type":"Feature","properties":{},"geometry":{"type":"Polygon","coordinates":[[[-1.238747,49.303159],[-1.238723,49.303253],[-1.238814,49.303265],[-1.238823,49.303237],[-1.238866,49.303242],[-1.238885,49.30318],[-1.238821,49.30317],[-1.238747,49.303159]]]}},{"type":"Feature","properties":{},"geometry":{"type":"Polygon","coordinates":[[[-1.24601,49.302008],[-1.24595,49.301952],[-1.245853,49.301999],[-1.24592,49.30206],[-1.245929,49.302056],[-1.245995,49.302025],[-1.246018,49.302015],[-1.24601,49.302008]]]}},{"type":"Feature","properties":{},"geometry":{"type":"Polygon","coordinates":[[[-1.243372,49.304266],[-1.2434161,49.3042741],[-1.243454,49.304281],[-1.243495,49.304194],[-1.243493,49.304178],[-1.243472,49.304174],[-1.243464,49.304185],[-1.243421,49.304175],[-1.243372,49.304266]]]}},{"type":"Feature","properties":{},"geometry":{"type":"Polygon","coordinates":[[[-1.237677,49.302917],[-1.237609,49.302909],[-1.237595,49.302972],[-1.237668,49.302977],[-1.23777,49.302982],[-1.237779,49.302926],[-1.237712,49.302921],[-1.237677,49.302917]]]}},{"type":"Feature","properties":{},"geometry":{"type":"Polygon","coordinates":[[[-1.248357,49.297978],[-1.248431,49.297985],[-1.248437,49.297949],[-1.248195,49.297929],[-1.248172,49.29795],[-1.248297,49.297959],[-1.248295,49.297972],[-1.248357,49.297978]]]}},{"type":"Feature","properties":{},"geometry":{"type":"Polygon","coordinates":[[[-1.264961,49.310292],[-1.265016,49.310327],[-1.265087,49.310275],[-1.265044,49.310248],[-1.265068,49.310232],[-1.265,49.310188],[-1.264902,49.310254],[-1.264961,49.310292]]]}},{"type":"Feature","properties":{},"geometry":{"type":"Polygon","coordinates":[[[-1.243275,49.304877],[-1.243177,49.304886],[-1.243182,49.30494],[-1.243065,49.304944],[-1.24307,49.304994],[-1.243165,49.304992],[-1.243292,49.30499],[-1.243275,49.304877]]]}},{"type":"Feature","properties":{},"geometry":{"type":"Polygon","coordinates":[[[-1.257784,49.308271],[-1.257676,49.308233],[-1.257597,49.308328],[-1.257731,49.308376],[-1.257759,49.308345],[-1.25775,49.308342],[-1.25773,49.308335],[-1.257784,49.308271]]]}},{"type":"Feature","properties":{},"geometry":{"type":"Polygon","coordinates":[[[-1.24732,49.305418],[-1.247279,49.305413],[-1.247232,49.305408],[-1.247228,49.305407],[-1.247212,49.305467],[-1.247263,49.305473],[-1.247301,49.305477],[-1.24732,49.305418]]]}},{"type":"Feature","properties":{},"geometry":{"type":"Polygon","coordinates":[[[-1.2432046,49.3013597],[-1.2432339,49.3013384],[-1.2432535,49.3013486],[-1.2433071,49.3013109],[-1.243233,49.3012674],[-1.2431493,49.3013288],[-1.2432046,49.3013597]]]}},{"type":"Feature","properties":{},"geometry":{"type":"Polygon","coordinates":[[[-1.256249,49.295038],[-1.256173,49.295017],[-1.256151,49.295049],[-1.256146,49.295056],[-1.256099,49.295043],[-1.256069,49.295092],[-1.256194,49.295126],[-1.256249,49.295038]]]}},{"type":"Feature","properties":{},"geometry":{"type":"Polygon","coordinates":[[[-1.244332,49.299001],[-1.244284,49.29894],[-1.244154,49.298984],[-1.244193,49.299034],[-1.2442,49.299043],[-1.244238,49.299031],[-1.244262,49.299022],[-1.244332,49.299001]]]}},{"type":"Feature","properties":{},"geometry":{"type":"Polygon","coordinates":[[[-1.249483,49.302405],[-1.24956,49.302362],[-1.249443,49.302273],[-1.249349,49.302325],[-1.249394,49.30236],[-1.249412,49.30235],[-1.249446,49.302376],[-1.249483,49.302405]]]}},{"type":"Feature","properties":{},"geometry":{"type":"Polygon","coordinates":[[[-1.246094,49.304154],[-1.246058,49.30412],[-1.246067,49.304116],[-1.245999,49.304051],[-1.245962,49.304068],[-1.246058,49.304156],[-1.246069,49.304165],[-1.246094,49.304154]]]}},{"type":"Feature","properties":{},"geometry":{"type":"Polygon","coordinates":[[[-1.246926,49.305217],[-1.246892,49.305326],[-1.246955,49.305337],[-1.246967,49.305339],[-1.246998,49.305248],[-1.24704,49.305253],[-1.247048,49.305234],[-1.246926,49.305217]]]}},{"type":"Feature","properties":{},"geometry":{"type":"Polygon","coordinates":[[[-1.255963,49.294798],[-1.256039,49.294817],[-1.256057,49.294787],[-1.256062,49.294779],[-1.256113,49.294792],[-1.256142,49.294744],[-1.256016,49.294711],[-1.255963,49.294798]]]}},{"type":"Feature","properties":{},"geometry":{"type":"Polygon","coordinates":[[[-1.252763,49.305616],[-1.252753,49.305633],[-1.252734,49.305665],[-1.252824,49.305688],[-1.252878,49.305595],[-1.252789,49.30557],[-1.252775,49.305595],[-1.252763,49.305616]]]}},{"type":"Feature","properties":{},"geometry":{"type":"Polygon","coordinates":[[[-1.243421,49.304034],[-1.243489,49.30405],[-1.243517,49.303998],[-1.243531,49.303961],[-1.243484,49.303953],[-1.243463,49.303949],[-1.243453,49.303969],[-1.243421,49.304034]]]}},{"type":"Feature","properties":{},"geometry":{"type":"Polygon","coordinates":[[[-1.24831,49.303342],[-1.248388,49.303379],[-1.248466,49.303303],[-1.248481,49.303288],[-1.248444,49.303271],[-1.248428,49.303285],[-1.248392,49.303268],[-1.24831,49.303342]]]}},{"type":"Feature","properties":{},"geometry":{"type":"Polygon","coordinates":[[[-1.24663,49.304869],[-1.246582,49.304843],[-1.246556,49.304867],[-1.246548,49.304863],[-1.246488,49.304923],[-1.246457,49.304954],[-1.246525,49.304974],[-1.24663,49.304869]]]}},{"type":"Feature","properties":{},"geometry":{"type":"Polygon","coordinates":[[[-1.254175,49.287511],[-1.254261,49.287461],[-1.254204,49.28742],[-1.254216,49.287413],[-1.254172,49.287381],[-1.254042,49.287457],[-1.254142,49.28753],[-1.254175,49.287511]]]}},{"type":"Feature","properties":{},"geometry":{"type":"Polygon","coordinates":[[[-1.266289,49.307449],[-1.266329,49.307386],[-1.266253,49.307365],[-1.26611,49.307641],[-1.266157,49.307655],[-1.266294,49.307692],[-1.266427,49.307486],[-1.266289,49.307449]]]}},{"type":"Feature","properties":{},"geometry":{"type":"Polygon","coordinates":[[[-1.244732,49.305473],[-1.244735,49.305469],[-1.244699,49.305454],[-1.244655,49.305434],[-1.244657,49.305432],[-1.244505,49.305459],[-1.244511,49.305511],[-1.244732,49.305473]]]}},{"type":"Feature","properties":{},"geometry":{"type":"Polygon","coordinates":[[[-1.241508,49.303511],[-1.241484,49.303508],[-1.241453,49.303502],[-1.241446,49.303524],[-1.241391,49.30369],[-1.241458,49.303707],[-1.241476,49.303636],[-1.241508,49.303511]]]}},{"type":"Feature","properties":{},"geometry":{"type":"Polygon","coordinates":[[[-1.247043,49.30503],[-1.247051,49.30503],[-1.247088,49.305031],[-1.2471,49.304895],[-1.246888,49.304884],[-1.246882,49.304937],[-1.247052,49.304944],[-1.247043,49.30503]]]}},{"type":"Feature","properties":{},"geometry":{"type":"Polygon","coordinates":[[[-1.255162,49.299994],[-1.254998,49.300013],[-1.25495,49.300019],[-1.254965,49.300077],[-1.255015,49.300072],[-1.255019,49.300088],[-1.255181,49.300069],[-1.255162,49.299994]]]}},{"type":"Feature","properties":{},"geometry":{"type":"Polygon","coordinates":[[[-1.253956,49.294594],[-1.254001,49.294495],[-1.254042,49.294412],[-1.253993,49.294401],[-1.25397,49.294437],[-1.253901,49.29459],[-1.253953,49.294601],[-1.253956,49.294594]]]}},{"type":"Feature","properties":{},"geometry":{"type":"Polygon","coordinates":[[[-1.255935,49.295077],[-1.256021,49.29501],[-1.25596,49.294976],[-1.255926,49.295001],[-1.255915,49.294996],[-1.255876,49.294975],[-1.255824,49.295015],[-1.255935,49.295077]]]}},{"type":"Feature","properties":{},"geometry":{"type":"Polygon","coordinates":[[[-1.253527,49.305297],[-1.253463,49.30525],[-1.253446,49.305261],[-1.253417,49.305277],[-1.253386,49.305295],[-1.25335,49.305317],[-1.253414,49.305364],[-1.253527,49.305297]]]}},{"type":"Feature","properties":{},"geometry":{"type":"Polygon","coordinates":[[[-1.258259,49.294554],[-1.258242,49.294581],[-1.258357,49.294611],[-1.258405,49.294532],[-1.258307,49.294504],[-1.258288,49.294533],[-1.258273,49.294557],[-1.258259,49.294554]]]}},{"type":"Feature","properties":{},"geometry":{"type":"Polygon","coordinates":[[[-1.252681,49.288089],[-1.252805,49.287985],[-1.252928,49.28788],[-1.252852,49.287839],[-1.252724,49.287946],[-1.252671,49.287988],[-1.252598,49.288048],[-1.252681,49.288089]]]}},{"type":"Feature","properties":{},"geometry":{"type":"Polygon","coordinates":[[[-1.237191,49.303354],[-1.237457,49.303359],[-1.23746,49.303309],[-1.23746,49.303307],[-1.237245,49.303304],[-1.237245,49.303305],[-1.237195,49.303304],[-1.237191,49.303354]]]}},{"type":"Feature","properties":{},"geometry":{"type":"Polygon","coordinates":[[[-1.241433,49.306173],[-1.241309,49.306204],[-1.241348,49.306268],[-1.241382,49.306259],[-1.241376,49.306249],[-1.241402,49.306243],[-1.241466,49.306228],[-1.241433,49.306173]]]}},{"type":"Feature","properties":{},"geometry":{"type":"Polygon","coordinates":[[[-1.246523,49.304581],[-1.246532,49.304577],[-1.246504,49.30452],[-1.246399,49.30456],[-1.246448,49.304615],[-1.246493,49.304595],[-1.246501,49.304592],[-1.246523,49.304581]]]}},{"type":"Feature","properties":{},"geometry":{"type":"Polygon","coordinates":[[[-1.243694,49.3009542],[-1.2436063,49.3009996],[-1.243674,49.301058],[-1.243727,49.3010268],[-1.2437073,49.301009],[-1.2437417,49.30099],[-1.243694,49.3009542]]]}},{"type":"Feature","properties":{},"geometry":{"type":"Polygon","coordinates":[[[-1.255459,49.307474],[-1.255508,49.30741],[-1.255519,49.307396],[-1.255356,49.307342],[-1.255346,49.307356],[-1.25534,49.307354],[-1.25529,49.307418],[-1.255459,49.307474]]]}},{"type":"Feature","properties":{},"geometry":{"type":"Polygon","coordinates":[[[-1.242993,49.304854],[-1.243011,49.3049],[-1.24306,49.304896],[-1.243177,49.304886],[-1.243275,49.304877],[-1.243267,49.304827],[-1.243239,49.304816],[-1.242993,49.304854]]]}},{"type":"Feature","properties":{},"geometry":{"type":"Polygon","coordinates":[[[-1.256317,49.295159],[-1.256347,49.295111],[-1.256301,49.295099],[-1.256307,49.295089],[-1.256324,49.29506],[-1.256249,49.295038],[-1.256194,49.295126],[-1.256317,49.295159]]]}},{"type":"Feature","properties":{},"geometry":{"type":"Polygon","coordinates":[[[-1.255884,49.294777],[-1.255963,49.294798],[-1.256016,49.294711],[-1.25589,49.294677],[-1.255861,49.294725],[-1.255909,49.294737],[-1.255903,49.294747],[-1.255884,49.294777]]]}},{"type":"Feature","properties":{},"geometry":{"type":"Polygon","coordinates":[[[-1.249582,49.304795],[-1.249706,49.304819],[-1.249743,49.304739],[-1.249757,49.304708],[-1.249688,49.304694],[-1.249634,49.304683],[-1.249619,49.304715],[-1.249582,49.304795]]]}},{"type":"Feature","properties":{},"geometry":{"type":"Polygon","coordinates":[[[-1.257236,49.29547],[-1.257289,49.29539],[-1.257152,49.295354],[-1.257121,49.295405],[-1.257168,49.295418],[-1.257184,49.295422],[-1.257164,49.29545],[-1.257236,49.29547]]]}},{"type":"Feature","properties":{},"geometry":{"type":"Polygon","coordinates":[[[-1.241036,49.304836],[-1.241042,49.304861],[-1.241131,49.304842],[-1.241113,49.304789],[-1.241071,49.304793],[-1.241068,49.304776],[-1.241023,49.30478],[-1.241036,49.304836]]]}},{"type":"Feature","properties":{},"geometry":{"type":"Polygon","coordinates":[[[-1.237302,49.30308],[-1.237171,49.303075],[-1.237172,49.303114],[-1.237167,49.303138],[-1.237232,49.303144],[-1.23726,49.303086],[-1.237297,49.303084],[-1.237302,49.30308]]]}},{"type":"Feature","properties":{},"geometry":{"type":"Polygon","coordinates":[[[-1.240576,49.306393],[-1.240565,49.3064],[-1.240462,49.306349],[-1.24044,49.306368],[-1.24039,49.306413],[-1.240539,49.306486],[-1.24062,49.306417],[-1.240576,49.306393]]]}},{"type":"Feature","properties":{},"geometry":{"type":"Polygon","coordinates":[[[-1.256657,49.29447],[-1.256697,49.294481],[-1.256788,49.294506],[-1.256851,49.294402],[-1.256763,49.294378],[-1.256724,49.29444],[-1.256683,49.294429],[-1.256657,49.29447]]]}},{"type":"Feature","properties":{},"geometry":{"type":"Polygon","coordinates":[[[-1.255092,49.287459],[-1.255005,49.287535],[-1.25505,49.287555],[-1.255059,49.287548],[-1.25507,49.287539],[-1.255149,49.287576],[-1.255214,49.287517],[-1.255092,49.287459]]]}},{"type":"Feature","properties":{},"geometry":{"type":"Polygon","coordinates":[[[-1.255731,49.287677],[-1.255777,49.287683],[-1.255776,49.287687],[-1.255938,49.287712],[-1.255961,49.287635],[-1.255909,49.28763],[-1.255753,49.287611],[-1.255731,49.287677]]]}},{"type":"Feature","properties":{},"geometry":{"type":"Polygon","coordinates":[[[-1.253413,49.291536],[-1.25334,49.291482],[-1.253236,49.291543],[-1.253213,49.291529],[-1.253179,49.291543],[-1.253095,49.291595],[-1.253189,49.291666],[-1.253413,49.291536]]]}},{"type":"Feature","properties":{},"geometry":{"type":"Polygon","coordinates":[[[-1.248709,49.305477],[-1.248681,49.305453],[-1.248644,49.305419],[-1.248603,49.305381],[-1.248543,49.305408],[-1.24861,49.305474],[-1.248642,49.305506],[-1.248709,49.305477]]]}},{"type":"Feature","properties":{},"geometry":{"type":"Polygon","coordinates":[[[-1.243067,49.301268],[-1.243115,49.301234],[-1.243007,49.301164],[-1.242994,49.301155],[-1.242958,49.301179],[-1.242996,49.301205],[-1.242981,49.301216],[-1.243067,49.301268]]]}},{"type":"Feature","properties":{},"geometry":{"type":"Polygon","coordinates":[[[-1.247572,49.299422],[-1.247576,49.299398],[-1.247526,49.299395],[-1.247523,49.299419],[-1.247437,49.299413],[-1.247427,49.299481],[-1.247561,49.29949],[-1.247572,49.299422]]]}},{"type":"Feature","properties":{},"geometry":{"type":"Polygon","coordinates":[[[-1.26417,49.310187],[-1.264245,49.310214],[-1.264293,49.31016],[-1.264334,49.31011],[-1.264352,49.310084],[-1.264282,49.310059],[-1.264239,49.31011],[-1.26417,49.310187]]]}},{"type":"Feature","properties":{},"geometry":{"type":"Polygon","coordinates":[[[-1.243571,49.304179],[-1.243502,49.304165],[-1.243491,49.304163],[-1.243493,49.304178],[-1.243495,49.304194],[-1.243454,49.304281],[-1.2434953,49.3042875],[-1.243514,49.304291],[-1.243571,49.304179]]]}},{"type":"Feature","properties":{},"geometry":{"type":"Polygon","coordinates":[[[-1.242307,49.304355],[-1.242334,49.304245],[-1.242254,49.304221],[-1.242151,49.304191],[-1.242111,49.304327],[-1.242122,49.304328],[-1.242167,49.304335],[-1.242307,49.304355]]]}},{"type":"Feature","properties":{},"geometry":{"type":"Polygon","coordinates":[[[-1.248363,49.299212],[-1.248387,49.299191],[-1.248452,49.299222],[-1.248505,49.299174],[-1.248395,49.299122],[-1.248343,49.299169],[-1.248319,49.299191],[-1.248363,49.299212]]]}},{"type":"Feature","properties":{},"geometry":{"type":"Polygon","coordinates":[[[-1.255513,49.30544],[-1.25556,49.305375],[-1.255479,49.30535],[-1.255415,49.305329],[-1.255374,49.305386],[-1.255368,49.305395],[-1.255411,49.305408],[-1.255513,49.30544]]]}},{"type":"Feature","properties":{},"geometry":{"type":"Polygon","coordinates":[[[-1.24655,49.305293],[-1.246542,49.305317],[-1.246537,49.30533],[-1.246552,49.305349],[-1.246736,49.305377],[-1.246753,49.305328],[-1.246755,49.305321],[-1.24655,49.305293]]]}},{"type":"Feature","properties":{},"geometry":{"type":"Polygon","coordinates":[[[-1.246848,49.300356],[-1.246862,49.300357],[-1.246888,49.300359],[-1.246988,49.300365],[-1.247,49.300277],[-1.246898,49.300271],[-1.246861,49.300269],[-1.246848,49.300356]]]}},{"type":"Feature","properties":{},"geometry":{"type":"Polygon","coordinates":[[[-1.240865,49.299631],[-1.240872,49.299637],[-1.240902,49.299662],[-1.240976,49.299625],[-1.240915,49.29957],[-1.24086,49.299594],[-1.240834,49.299605],[-1.240865,49.299631]]]}},{"type":"Feature","properties":{},"geometry":{"type":"Polygon","coordinates":[[[-1.243797,49.304011],[-1.243839,49.30401],[-1.243844,49.30401],[-1.243841,49.303964],[-1.243832,49.303853],[-1.24383,49.303831],[-1.243782,49.303833],[-1.243797,49.304011]]]}},{"type":"Feature","properties":{},"geometry":{"type":"Polygon","coordinates":[[[-1.239811,49.306012],[-1.239849,49.305981],[-1.239791,49.305954],[-1.239739,49.305997],[-1.239691,49.305974],[-1.23962,49.306032],[-1.239726,49.306083],[-1.239811,49.306012]]]}},{"type":"Feature","properties":{},"geometry":{"type":"Polygon","coordinates":[[[-1.265129,49.310104],[-1.265199,49.310145],[-1.265295,49.310081],[-1.26533,49.310059],[-1.265275,49.310024],[-1.26524,49.310047],[-1.265227,49.310039],[-1.265129,49.310104]]]}},{"type":"Feature","properties":{},"geometry":{"type":"Polygon","coordinates":[[[-1.246746,49.301526],[-1.246754,49.301478],[-1.246658,49.301471],[-1.246658,49.301475],[-1.246575,49.30147],[-1.246568,49.301514],[-1.246643,49.301519],[-1.246746,49.301526]]]}},{"type":"Feature","properties":{},"geometry":{"type":"Polygon","coordinates":[[[-1.245229,49.303501],[-1.245221,49.303507],[-1.245292,49.303567],[-1.245396,49.303488],[-1.245291,49.303425],[-1.245239,49.303461],[-1.245261,49.303479],[-1.245229,49.303501]]]}},{"type":"Feature","properties":{},"geometry":{"type":"Polygon","coordinates":[[[-1.255632,49.294804],[-1.255665,49.294778],[-1.255679,49.294785],[-1.255718,49.294806],[-1.255771,49.294763],[-1.255659,49.294704],[-1.255573,49.294772],[-1.255632,49.294804]]]}},{"type":"Feature","properties":{},"geometry":{"type":"Polygon","coordinates":[[[-1.252919,49.314651],[-1.252751,49.314477],[-1.252581,49.314547],[-1.252604,49.314571],[-1.252727,49.314697],[-1.252822,49.314656],[-1.252886,49.314665],[-1.252919,49.314651]]]}},{"type":"Feature","properties":{},"geometry":{"type":"Polygon","coordinates":[[[-1.248211,49.304893],[-1.248247,49.304896],[-1.248232,49.304813],[-1.248203,49.304811],[-1.248198,49.304795],[-1.24817,49.304797],[-1.248188,49.304891],[-1.248211,49.304893]]]}},{"type":"Feature","properties":{},"geometry":{"type":"Polygon","coordinates":[[[-1.255599,49.294898],[-1.25565,49.294857],[-1.255613,49.294837],[-1.2556,49.29483],[-1.255632,49.294804],[-1.255573,49.294772],[-1.255488,49.294838],[-1.255599,49.294898]]]}},{"type":"Feature","properties":{},"geometry":{"type":"Polygon","coordinates":[[[-1.267336,49.306726],[-1.267352,49.306655],[-1.267387,49.306658],[-1.267395,49.306606],[-1.267399,49.306578],[-1.267297,49.30655],[-1.267253,49.306716],[-1.267336,49.306726]]]}},{"type":"Feature","properties":{},"geometry":{"type":"Polygon","coordinates":[[[-1.23926,49.304934],[-1.239322,49.30499],[-1.239368,49.305031],[-1.239407,49.305013],[-1.239357,49.304969],[-1.239369,49.304962],[-1.239304,49.304908],[-1.23926,49.304934]]]}},{"type":"Feature","properties":{},"geometry":{"type":"Polygon","coordinates":[[[-1.245913,49.309747],[-1.24574,49.309603],[-1.245629,49.309656],[-1.245753,49.309762],[-1.245713,49.309783],[-1.245762,49.309823],[-1.245802,49.309803],[-1.245913,49.309747]]]}},{"type":"Feature","properties":{},"geometry":{"type":"Polygon","coordinates":[[[-1.241585,49.303859],[-1.241469,49.304057],[-1.241499,49.304064],[-1.241525,49.30403],[-1.241587,49.30393],[-1.241607,49.303936],[-1.241642,49.303874],[-1.241585,49.303859]]]}},{"type":"Feature","properties":{},"geometry":{"type":"Polygon","coordinates":[[[-1.242832,49.306494],[-1.242826,49.306458],[-1.242708,49.306463],[-1.24272,49.306531],[-1.242787,49.306527],[-1.2428,49.306527],[-1.242795,49.306496],[-1.242832,49.306494]]]}},{"type":"Feature","properties":{},"geometry":{"type":"Polygon","coordinates":[[[-1.241551,49.302463],[-1.241615,49.302456],[-1.241602,49.302401],[-1.241599,49.302389],[-1.241584,49.302388],[-1.241535,49.302408],[-1.24154,49.302426],[-1.241551,49.302463]]]}},{"type":"Feature","properties":{},"geometry":{"type":"Polygon","coordinates":[[[-1.242891,49.304304],[-1.242848,49.304296],[-1.242821,49.304291],[-1.242782,49.304353],[-1.242842,49.304369],[-1.242852,49.304371],[-1.242867,49.304345],[-1.242891,49.304304]]]}},{"type":"Feature","properties":{},"geometry":{"type":"Polygon","coordinates":[[[-1.247187,49.300467],[-1.247296,49.300474],[-1.247304,49.300421],[-1.247369,49.300425],[-1.247374,49.300389],[-1.247308,49.300385],[-1.2472,49.300378],[-1.247187,49.300467]]]}},{"type":"Feature","properties":{},"geometry":{"type":"Polygon","coordinates":[[[-1.242201,49.305944],[-1.242249,49.305987],[-1.242227,49.305996],[-1.242239,49.30601],[-1.242258,49.306003],[-1.242453,49.3059],[-1.242389,49.305847],[-1.242201,49.305944]]]}},{"type":"Feature","properties":{},"geometry":{"type":"Polygon","coordinates":[[[-1.246722,49.303698],[-1.246829,49.303788],[-1.246849,49.303779],[-1.24683,49.303762],[-1.246849,49.303752],[-1.246822,49.303715],[-1.246776,49.303668],[-1.246722,49.303698]]]}},{"type":"Feature","properties":{},"geometry":{"type":"Polygon","coordinates":[[[-1.2443,49.301198],[-1.244383,49.301154],[-1.244376,49.301149],[-1.244427,49.301122],[-1.244377,49.30108],[-1.24433,49.301106],[-1.244234,49.301156],[-1.2443,49.301198]]]}},{"type":"Feature","properties":{},"geometry":{"type":"Polygon","coordinates":[[[-1.254573,49.312696],[-1.254756,49.312828],[-1.254796,49.312857],[-1.25496,49.313067],[-1.255204,49.312985],[-1.255012,49.31274],[-1.25478,49.312573],[-1.254573,49.312696]]]}},{"type":"Feature","properties":{},"geometry":{"type":"Polygon","coordinates":[[[-1.244365,49.303122],[-1.244441,49.303126],[-1.244466,49.303118],[-1.244529,49.302975],[-1.244385,49.302983],[-1.244382,49.303008],[-1.244378,49.303035],[-1.244365,49.303122]]]}},{"type":"Feature","properties":{},"geometry":{"type":"Polygon","coordinates":[[[-1.2426875,49.3073883],[-1.2426415,49.3074905],[-1.2426516,49.3074924],[-1.242728,49.3075071],[-1.2427496,49.3075112],[-1.2427956,49.307409],[-1.2426875,49.3073883]]]}},{"type":"Feature","properties":{},"geometry":{"type":"Polygon","coordinates":[[[-1.244288,49.304269],[-1.244201,49.304246],[-1.244153,49.304336],[-1.24412,49.304397],[-1.2441797,49.3044077],[-1.244248,49.30442],[-1.244284,49.304354],[-1.244249,49.304344],[-1.244288,49.304269]]]}},{"type":"Feature","properties":{},"geometry":{"type":"Polygon","coordinates":[[[-1.242616,49.306242],[-1.242682,49.306301],[-1.242682,49.306302],[-1.242726,49.306282],[-1.242777,49.30626],[-1.24277,49.306224],[-1.242731,49.306191],[-1.242616,49.306242]]]}},{"type":"Feature","properties":{},"geometry":{"type":"Polygon","coordinates":[[[-1.236355,49.302932],[-1.236384,49.302855],[-1.236296,49.302843],[-1.236307,49.302816],[-1.236223,49.302803],[-1.23621,49.302832],[-1.236177,49.302907],[-1.236355,49.302932]]]}},{"type":"Feature","properties":{},"geometry":{"type":"Polygon","coordinates":[[[-1.259176,49.296731],[-1.259173,49.296727],[-1.259133,49.296659],[-1.259016,49.296686],[-1.259002,49.296661],[-1.258951,49.296674],[-1.259005,49.296771],[-1.259176,49.296731]]]}},{"type":"Feature","properties":{},"geometry":{"type":"Polygon","coordinates":[[[-1.250539,49.305435],[-1.250538,49.305437],[-1.25056,49.305449],[-1.250591,49.305422],[-1.250641,49.305447],[-1.250666,49.305426],[-1.2506,49.305384],[-1.250539,49.305435]]]}},{"type":"Feature","properties":{},"geometry":{"type":"Polygon","coordinates":[[[-1.249701,49.305385],[-1.250283,49.305589],[-1.250344,49.305515],[-1.249819,49.30533],[-1.24987,49.305228],[-1.2498665,49.3052273],[-1.249751,49.305204],[-1.249685,49.305339],[-1.249701,49.305385]]]}},{"type":"Feature","properties":{},"geometry":{"type":"Polygon","coordinates":[[[-1.248475,49.299272],[-1.248504,49.299245],[-1.248538,49.299261],[-1.24859,49.299214],[-1.248505,49.299174],[-1.248452,49.299222],[-1.248423,49.299247],[-1.248475,49.299272]]]}},{"type":"Feature","properties":{},"geometry":{"type":"Polygon","coordinates":[[[-1.238525,49.303163],[-1.238527,49.303206],[-1.238545,49.303206],[-1.238545,49.303254],[-1.238641,49.303253],[-1.238643,49.303244],[-1.238654,49.303162],[-1.238525,49.303163]]]}},{"type":"Feature","properties":{},"geometry":{"type":"Polygon","coordinates":[[[-1.24088,49.306556],[-1.240806,49.306619],[-1.240865,49.306648],[-1.24094,49.306587],[-1.24094,49.306586],[-1.240959,49.30657],[-1.240899,49.306539],[-1.24088,49.306556]]]}},{"type":"Feature","properties":{},"geometry":{"type":"Polygon","coordinates":[[[-1.246873,49.300446],[-1.246975,49.300453],[-1.246988,49.300365],[-1.246888,49.300359],[-1.246862,49.300357],[-1.246859,49.300376],[-1.246882,49.300378],[-1.246873,49.300446]]]}},{"type":"Feature","properties":{},"geometry":{"type":"Polygon","coordinates":[[[-1.243002,49.304409],[-1.243066,49.304277],[-1.243008,49.304262],[-1.242936,49.304357],[-1.242916,49.304354],[-1.242915,49.304381],[-1.242914,49.304418],[-1.243002,49.304409]]]}},{"type":"Feature","properties":{},"geometry":{"type":"Polygon","coordinates":[[[-1.240747,49.306242],[-1.240672,49.306307],[-1.240709,49.306327],[-1.240782,49.306263],[-1.240764,49.306251],[-1.240758,49.306248],[-1.24075,49.306243],[-1.240747,49.306242]]]}},{"type":"Feature","properties":{},"geometry":{"type":"Polygon","coordinates":[[[-1.241085,49.30428],[-1.241149,49.304163],[-1.241082,49.304148],[-1.240999,49.304299],[-1.241082,49.304353],[-1.241164,49.304358],[-1.241172,49.3043],[-1.241085,49.30428]]]}},{"type":"Feature","properties":{},"geometry":{"type":"Polygon","coordinates":[[[-1.255735,49.288396],[-1.255836,49.288387],[-1.255828,49.288356],[-1.25584,49.288355],[-1.255819,49.28827],[-1.255706,49.28828],[-1.255726,49.288364],[-1.255735,49.288396]]]}},{"type":"Feature","properties":{},"geometry":{"type":"Polygon","coordinates":[[[-1.254392,49.294399],[-1.254472,49.294418],[-1.254481,49.294401],[-1.254467,49.294397],[-1.254486,49.294363],[-1.254355,49.294331],[-1.254326,49.294383],[-1.254392,49.294399]]]}},{"type":"Feature","properties":{},"geometry":{"type":"Polygon","coordinates":[[[-1.242276,49.304455],[-1.242194,49.304451],[-1.242212,49.304509],[-1.242247,49.304504],[-1.242266,49.304562],[-1.242309,49.304554],[-1.24228,49.304468],[-1.242276,49.304455]]]}},{"type":"Feature","properties":{},"geometry":{"type":"Polygon","coordinates":[[[-1.237293,49.301756],[-1.23729,49.301776],[-1.237501,49.301791],[-1.2375,49.301797],[-1.237583,49.301801],[-1.23759,49.30174],[-1.237286,49.301719],[-1.237231,49.301715],[-1.237225,49.301751],[-1.237293,49.301756]]]}},{"type":"Feature","properties":{},"geometry":{"type":"Polygon","coordinates":[[[-1.241603,49.306132],[-1.241622,49.30617],[-1.241656,49.306162],[-1.241882,49.306107],[-1.241893,49.306127],[-1.241963,49.30611],[-1.24195,49.306047],[-1.241603,49.306132]]]}},{"type":"Feature","properties":{},"geometry":{"type":"Polygon","coordinates":[[[-1.239749,49.303386],[-1.23944,49.303319],[-1.239371,49.303455],[-1.239368,49.30346],[-1.239456,49.30348],[-1.239431,49.303528],[-1.239649,49.303577],[-1.239749,49.303386]]]}},{"type":"Feature","properties":{},"geometry":{"type":"Polygon","coordinates":[[[-1.236993,49.302453],[-1.236992,49.302432],[-1.236962,49.302433],[-1.236961,49.302421],[-1.236917,49.302422],[-1.23692,49.302477],[-1.236994,49.302476],[-1.236993,49.302453]]]}},{"type":"Feature","properties":{},"geometry":{"type":"Polygon","coordinates":[[[-1.267549,49.28531],[-1.267761,49.285434],[-1.268122,49.285168],[-1.268066,49.285134],[-1.26804,49.285119],[-1.267946,49.285065],[-1.267909,49.285044],[-1.267549,49.28531]]]}},{"type":"Feature","properties":{},"geometry":{"type":"Polygon","coordinates":[[[-1.248538,49.299441],[-1.248579,49.299401],[-1.248574,49.299383],[-1.248507,49.299353],[-1.248548,49.299315],[-1.248471,49.29928],[-1.248377,49.29937],[-1.248538,49.299441]]]}},{"type":"Feature","properties":{},"geometry":{"type":"Polygon","coordinates":[[[-1.239191,49.304975],[-1.239328,49.305095],[-1.239353,49.305119],[-1.239401,49.305097],[-1.239303,49.305003],[-1.239322,49.30499],[-1.23926,49.304934],[-1.239191,49.304975]]]}},{"type":"Feature","properties":{},"geometry":{"type":"Polygon","coordinates":[[[-1.245891,49.303494],[-1.245848,49.303465],[-1.24582,49.303483],[-1.245762,49.303442],[-1.245723,49.303472],[-1.245748,49.303489],[-1.245817,49.303537],[-1.245891,49.303494]]]}},{"type":"Feature","properties":{},"geometry":{"type":"Polygon","coordinates":[[[-1.259765,49.303624],[-1.25997,49.303605],[-1.259955,49.303548],[-1.259823,49.303558],[-1.25982,49.303543],[-1.259752,49.30355],[-1.259765,49.303624]]]}},{"type":"Feature","properties":{},"geometry":{"type":"Polygon","coordinates":[[[-1.241256,49.304584],[-1.241245,49.304653],[-1.241315,49.304658],[-1.24132,49.304631],[-1.241376,49.304634],[-1.241382,49.304593],[-1.24127,49.304585],[-1.241256,49.304584]]]}},{"type":"Feature","properties":{},"geometry":{"type":"Polygon","coordinates":[[[-1.248917,49.299255],[-1.248836,49.299326],[-1.24888,49.299344],[-1.248903,49.299322],[-1.248931,49.299335],[-1.248947,49.299342],[-1.248999,49.299293],[-1.248917,49.299255]]]}},{"type":"Feature","properties":{},"geometry":{"type":"Polygon","coordinates":[[[-1.256423,49.301685],[-1.256403,49.301631],[-1.25639,49.301599],[-1.256312,49.30161],[-1.256323,49.301641],[-1.25635,49.301716],[-1.25643,49.301702],[-1.256423,49.301685]]]}},{"type":"Feature","properties":{},"geometry":{"type":"Polygon","coordinates":[[[-1.25049,49.299083],[-1.250555,49.299106],[-1.250611,49.29904],[-1.250528,49.299011],[-1.250476,49.298992],[-1.25042,49.299058],[-1.250472,49.299077],[-1.25049,49.299083]]]}},{"type":"Feature","properties":{},"geometry":{"type":"Polygon","coordinates":[[[-1.247248,49.300023],[-1.247357,49.300029],[-1.247362,49.299997],[-1.247404,49.3],[-1.247412,49.299943],[-1.247368,49.29994],[-1.247261,49.299934],[-1.247248,49.300023]]]}},{"type":"Feature","properties":{},"geometry":{"type":"Polygon","coordinates":[[[-1.248103,49.29893],[-1.248088,49.298944],[-1.248107,49.298953],[-1.248062,49.298994],[-1.248071,49.298998],[-1.24814,49.299031],[-1.2482,49.298976],[-1.248103,49.29893]]]}},{"type":"Feature","properties":{},"geometry":{"type":"Polygon","coordinates":[[[-1.25273,49.297012],[-1.252623,49.296979],[-1.252606,49.296973],[-1.252579,49.297011],[-1.252564,49.297031],[-1.252536,49.297068],[-1.252658,49.297108],[-1.25273,49.297012]]]}},{"type":"Feature","properties":{},"geometry":{"type":"Polygon","coordinates":[[[-1.260978,49.294908],[-1.260902,49.294812],[-1.260731,49.29487],[-1.260787,49.294943],[-1.260897,49.294906],[-1.260903,49.294911],[-1.260916,49.294929],[-1.260978,49.294908]]]}},{"type":"Feature","properties":{},"geometry":{"type":"Polygon","coordinates":[[[-1.242997,49.301315],[-1.243067,49.301268],[-1.242981,49.301216],[-1.242956,49.301201],[-1.242914,49.30123],[-1.242936,49.301244],[-1.242911,49.301263],[-1.242997,49.301315]]]}},{"type":"Feature","properties":{},"geometry":{"type":"Polygon","coordinates":[[[-1.265659,49.309582],[-1.265723,49.309606],[-1.265826,49.309504],[-1.265771,49.309482],[-1.265738,49.309519],[-1.265728,49.309515],[-1.265683,49.309559],[-1.265659,49.309582]]]}},{"type":"Feature","properties":{},"geometry":{"type":"Polygon","coordinates":[[[-1.255205,49.299252],[-1.255282,49.299203],[-1.255215,49.299158],[-1.255085,49.299239],[-1.255105,49.299246],[-1.255168,49.299269],[-1.255174,49.299272],[-1.255205,49.299252]]]}},{"type":"Feature","properties":{},"geometry":{"type":"Polygon","coordinates":[[[-1.249221,49.306034],[-1.249228,49.306036],[-1.249196,49.306076],[-1.249228,49.306152],[-1.249471,49.305828],[-1.249415,49.305807],[-1.249383,49.305814],[-1.249221,49.306034]]]}},{"type":"Feature","properties":{},"geometry":{"type":"Polygon","coordinates":[[[-1.255733,49.295703],[-1.255782,49.295639],[-1.255637,49.295591],[-1.255609,49.29563],[-1.255633,49.295637],[-1.255642,49.29564],[-1.255623,49.295667],[-1.255733,49.295703]]]}},{"type":"Feature","properties":{},"geometry":{"type":"Polygon","coordinates":[[[-1.246861,49.302324],[-1.246791,49.302386],[-1.246897,49.302397],[-1.246899,49.302394],[-1.247007,49.302406],[-1.247024,49.30235],[-1.247027,49.302341],[-1.246861,49.302324]]]}},{"type":"Feature","properties":{},"geometry":{"type":"Polygon","coordinates":[[[-1.241015,49.304743],[-1.241127,49.304731],[-1.24114,49.304782],[-1.241177,49.304774],[-1.241209,49.304767],[-1.241177,49.304647],[-1.240998,49.304664],[-1.241015,49.304743]]]}},{"type":"Feature","properties":{},"geometry":{"type":"Polygon","coordinates":[[[-1.250787,49.305209],[-1.250856,49.305281],[-1.250895,49.305265],[-1.250962,49.305239],[-1.250873,49.305148],[-1.250811,49.305175],[-1.250827,49.305193],[-1.250787,49.305209]]]}},{"type":"Feature","properties":{},"geometry":{"type":"Polygon","coordinates":[[[-1.238881,49.303918],[-1.238989,49.303988],[-1.239069,49.303934],[-1.239053,49.303924],[-1.239084,49.303904],[-1.238991,49.303844],[-1.238961,49.303864],[-1.238881,49.303918]]]}},{"type":"Feature","properties":{},"geometry":{"type":"Polygon","coordinates":[[[-1.253549,49.287339],[-1.253556,49.287346],[-1.253535,49.287357],[-1.253561,49.28738],[-1.253749,49.287286],[-1.253724,49.287263],[-1.253714,49.287255],[-1.253549,49.287339]]]}},{"type":"Feature","properties":{},"geometry":{"type":"Polygon","coordinates":[[[-1.255074,49.294746],[-1.25513,49.294709],[-1.2550966,49.2946871],[-1.2550481,49.2946554],[-1.255002,49.294626],[-1.25494,49.294668],[-1.255027,49.294719],[-1.255074,49.294746]]]}},{"type":"Feature","properties":{},"geometry":{"type":"Polygon","coordinates":[[[-1.241054,49.304072],[-1.241118,49.304005],[-1.241102,49.303999],[-1.24103,49.303975],[-1.240972,49.304033],[-1.241029,49.304065],[-1.241052,49.304074],[-1.241054,49.304072]]]}},{"type":"Feature","properties":{},"geometry":{"type":"Polygon","coordinates":[[[-1.256129,49.301465],[-1.256244,49.301446],[-1.25629,49.301439],[-1.25627,49.301387],[-1.256216,49.301396],[-1.256132,49.30141],[-1.25611,49.301413],[-1.256129,49.301465]]]}},{"type":"Feature","properties":{},"geometry":{"type":"Polygon","coordinates":[[[-1.240978,49.303941],[-1.240987,49.303933],[-1.241073,49.303816],[-1.241036,49.303806],[-1.241024,49.303822],[-1.241005,49.303827],[-1.24093,49.303917],[-1.240978,49.303941]]]}},{"type":"Feature","properties":{},"geometry":{"type":"Polygon","coordinates":[[[-1.246589,49.301409],[-1.246671,49.301414],[-1.246676,49.30138],[-1.246594,49.301375],[-1.246594,49.30138],[-1.246506,49.301374],[-1.246498,49.301403],[-1.246589,49.301409]]]}},{"type":"Feature","properties":{},"geometry":{"type":"Polygon","coordinates":[[[-1.259451,49.298259],[-1.259471,49.298255],[-1.259544,49.298239],[-1.259563,49.298234],[-1.25953,49.298176],[-1.259508,49.298133],[-1.259397,49.298158],[-1.259451,49.298259]]]}},{"type":"Feature","properties":{},"geometry":{"type":"Polygon","coordinates":[[[-1.255946,49.313297],[-1.256241,49.313199],[-1.256155,49.313085],[-1.256105,49.313101],[-1.256002,49.313135],[-1.256026,49.313166],[-1.255882,49.313214],[-1.255946,49.313297]]]}},{"type":"Feature","properties":{},"geometry":{"type":"Polygon","coordinates":[[[-1.256785,49.295214],[-1.25666,49.29518],[-1.256628,49.295229],[-1.256676,49.295241],[-1.256671,49.29525],[-1.256654,49.295281],[-1.25673,49.295301],[-1.256785,49.295214]]]}},{"type":"Feature","properties":{},"geometry":{"type":"Polygon","coordinates":[[[-1.248066,49.301111],[-1.248051,49.301131],[-1.248115,49.30115],[-1.248117,49.301147],[-1.248161,49.301089],[-1.248053,49.301055],[-1.248021,49.301097],[-1.248066,49.301111]]]}},{"type":"Feature","properties":{},"geometry":{"type":"Polygon","coordinates":[[[-1.242438,49.304103],[-1.24239,49.304177],[-1.242405,49.304181],[-1.242379,49.30422],[-1.242437,49.304236],[-1.242454,49.304209],[-1.242506,49.304123],[-1.242438,49.304103]]]}},{"type":"Feature","properties":{},"geometry":{"type":"Polygon","coordinates":[[[-1.245221,49.303507],[-1.245229,49.303501],[-1.245185,49.30347],[-1.2451,49.303534],[-1.245181,49.303637],[-1.245242,49.303606],[-1.245292,49.303567],[-1.245221,49.303507]]]}},{"type":"Feature","properties":{},"geometry":{"type":"Polygon","coordinates":[[[-1.2433493,49.3011639],[-1.2434042,49.3011982],[-1.2434255,49.3011836],[-1.2434705,49.301152],[-1.2434167,49.3011183],[-1.2433493,49.3011639]]]}},{"type":"Feature","properties":{},"geometry":{"type":"Polygon","coordinates":[[[-1.255458,49.29494],[-1.255493,49.294914],[-1.255506,49.294919],[-1.255545,49.29494],[-1.255599,49.294898],[-1.255488,49.294838],[-1.255397,49.294905],[-1.255458,49.29494]]]}},{"type":"Feature","properties":{},"geometry":{"type":"Polygon","coordinates":[[[-1.245538,49.30406],[-1.245591,49.304115],[-1.245732,49.304047],[-1.245623,49.303959],[-1.245604,49.303971],[-1.245584,49.303982],[-1.245616,49.304012],[-1.245538,49.30406]]]}},{"type":"Feature","properties":{},"geometry":{"type":"Polygon","coordinates":[[[-1.247959,49.30014],[-1.248097,49.300148],[-1.248105,49.300091],[-1.248034,49.300086],[-1.248039,49.300052],[-1.247973,49.300047],[-1.247968,49.300083],[-1.247959,49.30014]]]}},{"type":"Feature","properties":{},"geometry":{"type":"Polygon","coordinates":[[[-1.242575,49.304534],[-1.242601,49.304609],[-1.242715,49.304582],[-1.242768,49.304566],[-1.242737,49.304527],[-1.242763,49.304518],[-1.242742,49.304491],[-1.242575,49.304534]]]}},{"type":"Feature","properties":{},"geometry":{"type":"Polygon","coordinates":[[[-1.237304,49.303015],[-1.237378,49.303018],[-1.237389,49.302866],[-1.237341,49.302864],[-1.237341,49.30286],[-1.237236,49.302857],[-1.237224,49.303012],[-1.237304,49.303015]]]}},{"type":"Feature","properties":{},"geometry":{"type":"Polygon","coordinates":[[[-1.240602,49.299442],[-1.240747,49.299573],[-1.240807,49.299546],[-1.24086,49.299594],[-1.240915,49.29957],[-1.240817,49.299478],[-1.240718,49.299385],[-1.240602,49.299442]]]}},{"type":"Feature","properties":{},"geometry":{"type":"Polygon","coordinates":[[[-1.247138,49.303174],[-1.247159,49.303146],[-1.247079,49.303122],[-1.247068,49.30314],[-1.247045,49.303155],[-1.247074,49.303173],[-1.247104,49.30319],[-1.247138,49.303174]]]}},{"type":"Feature","properties":{},"geometry":{"type":"Polygon","coordinates":[[[-1.245175,49.30528],[-1.24525,49.305284],[-1.245289,49.305211],[-1.245259,49.305205],[-1.245274,49.305175],[-1.245218,49.305172],[-1.245212,49.305203],[-1.245175,49.30528]]]}},{"type":"Feature","properties":{},"geometry":{"type":"Polygon","coordinates":[[[-1.254735,49.308972],[-1.254735,49.308983],[-1.254769,49.309014],[-1.254785,49.309015],[-1.254966,49.308933],[-1.254916,49.308887],[-1.254763,49.308959],[-1.254735,49.308972]]]}},{"type":"Feature","properties":{},"geometry":{"type":"Polygon","coordinates":[[[-1.247254,49.303212],[-1.247236,49.303196],[-1.247191,49.303219],[-1.247138,49.303174],[-1.247104,49.30319],[-1.247238,49.303305],[-1.247317,49.303266],[-1.247254,49.303212]]]}},{"type":"Feature","properties":{},"geometry":{"type":"Polygon","coordinates":[[[-1.251481,49.29528],[-1.251534,49.295232],[-1.251553,49.295214],[-1.251462,49.295173],[-1.251372,49.295132],[-1.251302,49.295197],[-1.251391,49.295237],[-1.251481,49.29528]]]}},{"type":"Feature","properties":{},"geometry":{"type":"Polygon","coordinates":[[[-1.2427935,49.3012239],[-1.2427418,49.3012606],[-1.2428,49.301296],[-1.2428542,49.3013277],[-1.242938,49.3013589],[-1.242977,49.301329],[-1.2429043,49.3012895],[-1.2427935,49.3012239]]]}},{"type":"Feature","properties":{},"geometry":{"type":"Polygon","coordinates":[[[-1.248312,49.311738],[-1.248282,49.311732],[-1.248294,49.311705],[-1.248251,49.311696],[-1.248186,49.311835],[-1.248257,49.311849],[-1.248312,49.311738]]]}},{"type":"Feature","properties":{},"geometry":{"type":"Polygon","coordinates":[[[-1.248337,49.301216],[-1.248349,49.3012],[-1.248427,49.301224],[-1.248458,49.301182],[-1.248307,49.301135],[-1.248277,49.301177],[-1.248265,49.301193],[-1.248337,49.301216]]]}},{"type":"Feature","properties":{},"geometry":{"type":"Polygon","coordinates":[[[-1.258477,49.293512],[-1.258432,49.293485],[-1.25832,49.293418],[-1.258241,49.293475],[-1.25833,49.293528],[-1.258354,49.293543],[-1.258397,49.293568],[-1.258477,49.293512]]]}},{"type":"Feature","properties":{},"geometry":{"type":"Polygon","coordinates":[[[-1.250487,49.305934],[-1.250523,49.305945],[-1.250591,49.305968],[-1.250624,49.305923],[-1.250654,49.305883],[-1.25055,49.30585],[-1.250501,49.305914],[-1.250487,49.305934]]]}},{"type":"Feature","properties":{},"geometry":{"type":"Polygon","coordinates":[[[-1.238986,49.305137],[-1.239059,49.305169],[-1.239097,49.305184],[-1.239135,49.305147],[-1.23915,49.305134],[-1.23912,49.305115],[-1.239049,49.305069],[-1.238986,49.305137]]]}},{"type":"Feature","properties":{},"geometry":{"type":"Polygon","coordinates":[[[-1.249619,49.303135],[-1.249219,49.302811],[-1.249153,49.302846],[-1.249377,49.303025],[-1.249484,49.30311],[-1.249554,49.303166],[-1.249557,49.303168],[-1.249619,49.303135]]]}},{"type":"Feature","properties":{},"geometry":{"type":"Polygon","coordinates":[[[-1.238706,49.308402],[-1.238748,49.308423],[-1.238774,49.308437],[-1.238892,49.308343],[-1.238919,49.308323],[-1.238856,49.308288],[-1.238832,49.308306],[-1.238706,49.308402]]]}},{"type":"Feature","properties":{},"geometry":{"type":"Polygon","coordinates":[[[-1.246837,49.30219],[-1.246943,49.302198],[-1.246953,49.302137],[-1.246957,49.302104],[-1.246897,49.3021],[-1.246891,49.302132],[-1.246845,49.302129],[-1.246837,49.30219]]]}},{"type":"Feature","properties":{},"geometry":{"type":"Polygon","coordinates":[[[-1.241357,49.303002],[-1.241351,49.303026],[-1.241419,49.303042],[-1.241442,49.303047],[-1.241484,49.303048],[-1.241518,49.303048],[-1.24151,49.303013],[-1.241357,49.303002]]]}},{"type":"Feature","properties":{},"geometry":{"type":"Polygon","coordinates":[[[-1.243921,49.305181],[-1.24404,49.305158],[-1.244024,49.305132],[-1.243779,49.305174],[-1.24377,49.30522],[-1.243782,49.305217],[-1.243783,49.305211],[-1.243921,49.305181]]]}},{"type":"Feature","properties":{},"geometry":{"type":"Polygon","coordinates":[[[-1.246492,49.306116],[-1.246422,49.305913],[-1.24639,49.305818],[-1.246315,49.30582],[-1.246386,49.30601],[-1.246348,49.306015],[-1.246381,49.306117],[-1.246492,49.306116]]]}},{"type":"Feature","properties":{},"geometry":{"type":"Polygon","coordinates":[[[-1.2543656,49.2959568],[-1.254405,49.295861],[-1.25424,49.295833],[-1.2542044,49.2959327],[-1.2543656,49.2959568]]]}},{"type":"Feature","properties":{},"geometry":{"type":"Polygon","coordinates":[[[-1.256143,49.294501],[-1.25616,49.294473],[-1.256169,49.294475],[-1.256214,49.294401],[-1.256111,49.294374],[-1.256049,49.294476],[-1.256114,49.294493],[-1.256143,49.294501]]]}},{"type":"Feature","properties":{},"geometry":{"type":"Polygon","coordinates":[[[-1.242896,49.303936],[-1.242936,49.30394],[-1.242977,49.303945],[-1.243,49.303891],[-1.242975,49.303886],[-1.242909,49.303876],[-1.242906,49.303889],[-1.242896,49.303936]]]}},{"type":"Feature","properties":{},"geometry":{"type":"Polygon","coordinates":[[[-1.248228,49.305031],[-1.248223,49.305017],[-1.248189,49.305023],[-1.248203,49.30506],[-1.247949,49.3051],[-1.247975,49.30517],[-1.248258,49.305125],[-1.248228,49.305031]]]}},{"type":"Feature","properties":{},"geometry":{"type":"Polygon","coordinates":[[[-1.2568,49.29427],[-1.256755,49.294257],[-1.256712,49.294323],[-1.256835,49.294357],[-1.256882,49.294284],[-1.256842,49.294272],[-1.256835,49.29428],[-1.2568,49.29427]]]}},{"type":"Feature","properties":{},"geometry":{"type":"Polygon","coordinates":[[[-1.245463,49.301331],[-1.245417,49.30136],[-1.245566,49.301457],[-1.245613,49.301429],[-1.245653,49.301402],[-1.245597,49.301366],[-1.245557,49.301392],[-1.245463,49.301331]]]}},{"type":"Feature","properties":{},"geometry":{"type":"Polygon","coordinates":[[[-1.248501,49.302293],[-1.248523,49.302262],[-1.248272,49.302163],[-1.248247,49.302192],[-1.248271,49.302202],[-1.248332,49.302226],[-1.248452,49.302273],[-1.248501,49.302293]]]}},{"type":"Feature","properties":{},"geometry":{"type":"Polygon","coordinates":[[[-1.254645,49.308849],[-1.254763,49.308959],[-1.254916,49.308887],[-1.255152,49.308776],[-1.25505,49.308682],[-1.254883,49.308762],[-1.254864,49.308745],[-1.254645,49.308849]]]}},{"type":"Feature","properties":{},"geometry":{"type":"Polygon","coordinates":[[[-1.246905,49.303898],[-1.246954,49.303937],[-1.24699,49.303918],[-1.246938,49.303871],[-1.246954,49.303865],[-1.246889,49.303809],[-1.246839,49.303834],[-1.246905,49.303898]]]}},{"type":"Feature","properties":{},"geometry":{"type":"Polygon","coordinates":[[[-1.256449,49.295424],[-1.256479,49.295378],[-1.256432,49.295365],[-1.256438,49.295356],[-1.256458,49.295323],[-1.25638,49.295303],[-1.256325,49.29539],[-1.256449,49.295424]]]}},{"type":"Feature","properties":{},"geometry":{"type":"Polygon","coordinates":[[[-1.248408,49.30125],[-1.248462,49.301267],[-1.248482,49.301241],[-1.248537,49.301259],[-1.248568,49.301217],[-1.248458,49.301182],[-1.248427,49.301224],[-1.248408,49.30125]]]}},{"type":"Feature","properties":{},"geometry":{"type":"Polygon","coordinates":[[[-1.25673,49.295301],[-1.256806,49.295321],[-1.256827,49.29529],[-1.256833,49.295281],[-1.256879,49.295295],[-1.256908,49.295247],[-1.256785,49.295214],[-1.25673,49.295301]]]}},{"type":"Feature","properties":{},"geometry":{"type":"Polygon","coordinates":[[[-1.24032,49.304309],[-1.24041,49.304278],[-1.240353,49.304209],[-1.240321,49.304219],[-1.240291,49.304184],[-1.24024,49.304203],[-1.240234,49.304206],[-1.24032,49.304309]]]}},{"type":"Feature","properties":{},"geometry":{"type":"Polygon","coordinates":[[[-1.236621,49.302341],[-1.236673,49.302339],[-1.236675,49.302367],[-1.236731,49.302366],[-1.236729,49.302337],[-1.236725,49.302268],[-1.236617,49.302271],[-1.236621,49.302341]]]}},{"type":"Feature","properties":{},"geometry":{"type":"Polygon","coordinates":[[[-1.241274,49.304447],[-1.241275,49.304434],[-1.241285,49.304385],[-1.241281,49.304384],[-1.241223,49.304377],[-1.241219,49.304392],[-1.241204,49.304447],[-1.241274,49.304447]]]}},{"type":"Feature","properties":{},"geometry":{"type":"Polygon","coordinates":[[[-1.245618,49.303556],[-1.245504,49.303485],[-1.245387,49.303576],[-1.245452,49.303614],[-1.245418,49.303641],[-1.245472,49.303672],[-1.245531,49.303625],[-1.245618,49.303556]]]}},{"type":"Feature","properties":{},"geometry":{"type":"Polygon","coordinates":[[[-1.252236,49.306035],[-1.252357,49.305988],[-1.252277,49.3059],[-1.25223,49.305919],[-1.25212,49.305798],[-1.252047,49.305826],[-1.252229,49.306027],[-1.252236,49.306035]]]}},{"type":"Feature","properties":{},"geometry":{"type":"Polygon","coordinates":[[[-1.243043,49.304136],[-1.243005,49.304205],[-1.243035,49.304212],[-1.243089,49.304116],[-1.24308,49.304115],[-1.243069,49.30412],[-1.243056,49.304114],[-1.243043,49.304136]]]}},{"type":"Feature","properties":{},"geometry":{"type":"Polygon","coordinates":[[[-1.238766,49.303373],[-1.238772,49.303375],[-1.238794,49.303343],[-1.238812,49.303317],[-1.23875,49.3033],[-1.238746,49.303306],[-1.238713,49.303359],[-1.238766,49.303373]]]}},{"type":"Feature","properties":{},"geometry":{"type":"Polygon","coordinates":[[[-1.254068,49.294819],[-1.25419,49.294852],[-1.254207,49.294823],[-1.254211,49.294825],[-1.254244,49.294769],[-1.254119,49.294738],[-1.254085,49.294792],[-1.254068,49.294819]]]}},{"type":"Feature","properties":{},"geometry":{"type":"Polygon","coordinates":[[[-1.252844,49.308208],[-1.25287,49.308238],[-1.252939,49.308318],[-1.252953,49.308334],[-1.252987,49.308321],[-1.252888,49.308211],[-1.252874,49.308194],[-1.252844,49.308208]]]}},{"type":"Feature","properties":{},"geometry":{"type":"Polygon","coordinates":[[[-1.273876,49.285236],[-1.273834,49.28527],[-1.273715,49.285369],[-1.273863,49.285436],[-1.273962,49.28536],[-1.273923,49.285341],[-1.273978,49.285283],[-1.273876,49.285236]]]}},{"type":"Feature","properties":{},"geometry":{"type":"Polygon","coordinates":[[[-1.246277,49.305103],[-1.246243,49.305201],[-1.246219,49.305272],[-1.246264,49.305278],[-1.246273,49.305249],[-1.246362,49.305263],[-1.246405,49.305138],[-1.246277,49.305103]]]}},{"type":"Feature","properties":{},"geometry":{"type":"Polygon","coordinates":[[[-1.24077,49.303212],[-1.240672,49.303222],[-1.240688,49.30327],[-1.240684,49.303271],[-1.240655,49.303347],[-1.240731,49.303361],[-1.24082,49.303373],[-1.24077,49.303212]]]}},{"type":"Feature","properties":{},"geometry":{"type":"Polygon","coordinates":[[[-1.25042,49.299058],[-1.250271,49.299234],[-1.250342,49.299259],[-1.250351,49.299249],[-1.250388,49.299205],[-1.25049,49.299083],[-1.250472,49.299077],[-1.25042,49.299058]]]}},{"type":"Feature","properties":{},"geometry":{"type":"Polygon","coordinates":[[[-1.241879,49.302958],[-1.241883,49.302974],[-1.241948,49.302979],[-1.241916,49.302859],[-1.241898,49.302862],[-1.24189,49.302833],[-1.241846,49.302838],[-1.241879,49.302958]]]}},{"type":"Feature","properties":{},"geometry":{"type":"Polygon","coordinates":[[[-1.243544,49.302743],[-1.243554,49.302728],[-1.243576,49.302695],[-1.243632,49.30261],[-1.243479,49.302578],[-1.24341,49.302711],[-1.243457,49.302724],[-1.243544,49.302743]]]}},{"type":"Feature","properties":{},"geometry":{"type":"Polygon","coordinates":[[[-1.257869,49.297198],[-1.257845,49.297132],[-1.257736,49.297149],[-1.257732,49.297141],[-1.257717,49.297104],[-1.257671,49.297112],[-1.257715,49.297222],[-1.257869,49.297198]]]}},{"type":"Feature","properties":{},"geometry":{"type":"Polygon","coordinates":[[[-1.245895,49.304976],[-1.245849,49.305028],[-1.245827,49.30506],[-1.245854,49.305065],[-1.245922,49.305076],[-1.245941,49.305032],[-1.245964,49.305003],[-1.245895,49.304976]]]}},{"type":"Feature","properties":{},"geometry":{"type":"Polygon","coordinates":[[[-1.249967,49.300978],[-1.249863,49.30089],[-1.249852,49.300895],[-1.249699,49.300984],[-1.249817,49.301075],[-1.249823,49.301079],[-1.249957,49.300985],[-1.249967,49.300978]]]}},{"type":"Feature","properties":{},"geometry":{"type":"Polygon","coordinates":[[[-1.255848,49.295143],[-1.255935,49.295077],[-1.255824,49.295015],[-1.25577,49.295056],[-1.255808,49.295077],[-1.255819,49.295084],[-1.255788,49.29511],[-1.255848,49.295143]]]}},{"type":"Feature","properties":{},"geometry":{"type":"Polygon","coordinates":[[[-1.256775,49.295584],[-1.2569,49.295618],[-1.256931,49.295569],[-1.256881,49.295555],[-1.256886,49.295547],[-1.256906,49.295516],[-1.256831,49.295496],[-1.256775,49.295584]]]}},{"type":"Feature","properties":{},"geometry":{"type":"Polygon","coordinates":[[[-1.241075,49.309092],[-1.241018,49.30906],[-1.240788,49.309212],[-1.240782,49.309209],[-1.240743,49.309235],[-1.240749,49.309238],[-1.240657,49.309301],[-1.240649,49.309298],[-1.240576,49.309356],[-1.240552,49.309373],[-1.240518,49.309399],[-1.240509,49.309394],[-1.24045,49.309434],[-1.240464,49.309441],[-1.240414,49.309479],[-1.24037,49.309487],[-1.240245,49.309581],[-1.240237,49.309577],[-1.240204,49.309604],[-1.240199,49.309601],[-1.240175,49.309618],[-1.240352,49.309726],[-1.240407,49.309704],[-1.240427,49.309678],[-1.240471,49.309659],[-1.240507,49.309625],[-1.240523,49.309626],[-1.240573,49.309592],[-1.240553,49.309579],[-1.24062,49.309537],[-1.240627,49.309542],[-1.240669,49.309521],[-1.24069,49.309495],[-1.240747,49.309475],[-1.240755,49.309455],[-1.240813,49.309427],[-1.240829,49.309407],[-1.240908,49.309369],[-1.240897,49.309365],[-1.240953,49.309332],[-1.24096,49.309336],[-1.240978,49.309325],[-1.240969,49.30932],[-1.240985,49.309299],[-1.24099,49.309301],[-1.241176,49.309171],[-1.241246,49.309211],[-1.241338,49.309146],[-1.241316,49.309133],[-1.24132,49.309128],[-1.241351,49.309126],[-1.241385,49.309113],[-1.2414,49.309097],[-1.241408,49.309065],[-1.241403,49.309049],[-1.241389,49.309034],[-1.241368,49.309024],[-1.241327,49.309012],[-1.241339,49.308987],[-1.241362,49.308991],[-1.241469,49.308742],[-1.241245,49.308701],[-1.241138,49.308953],[-1.241107,49.309068],[-1.241075,49.309092]]]}},{"type":"Feature","properties":{},"geometry":{"type":"Polygon","coordinates":[[[-1.255901,49.30029],[-1.255868,49.300204],[-1.255846,49.300207],[-1.255841,49.300194],[-1.255796,49.300201],[-1.255801,49.300215],[-1.25578,49.300218],[-1.255785,49.300234],[-1.255749,49.30024],[-1.255712,49.300246],[-1.255706,49.300231],[-1.255685,49.300234],[-1.25568,49.300222],[-1.255638,49.300229],[-1.255642,49.300242],[-1.25562,49.300245],[-1.255616,49.300235],[-1.255593,49.300239],[-1.255588,49.300226],[-1.255546,49.300233],[-1.255552,49.300247],[-1.255532,49.30025],[-1.255511,49.300253],[-1.255507,49.300241],[-1.255462,49.300247],[-1.255467,49.300261],[-1.255449,49.300264],[-1.255429,49.300267],[-1.255424,49.300254],[-1.25538,49.300262],[-1.255385,49.300275],[-1.255364,49.300278],[-1.255359,49.300266],[-1.255339,49.30027],[-1.255334,49.300257],[-1.255291,49.300264],[-1.255295,49.300278],[-1.255275,49.300281],[-1.255254,49.300284],[-1.255249,49.300271],[-1.255207,49.300279],[-1.255211,49.300292],[-1.255191,49.300295],[-1.255171,49.300298],[-1.255166,49.300286],[-1.255123,49.300293],[-1.255128,49.300306],[-1.255107,49.300309],[-1.255111,49.30032],[-1.255028,49.300335],[-1.254945,49.300349],[-1.254859,49.300362],[-1.254892,49.300448],[-1.254981,49.300434],[-1.254976,49.30042],[-1.255056,49.300407],[-1.255141,49.300393],[-1.255137,49.300382],[-1.25522,49.300368],[-1.255303,49.300353],[-1.255388,49.30034],[-1.255392,49.30035],[-1.255477,49.300337],[-1.25556,49.300321],[-1.255565,49.300333],[-1.255647,49.300317],[-1.255653,49.300332],[-1.255735,49.300317],[-1.255739,49.300326],[-1.255779,49.300319],[-1.255819,49.300312],[-1.255815,49.300304],[-1.255901,49.30029]]]}},{"type":"Feature","properties":{},"geometry":{"type":"Polygon","coordinates":[[[-1.255971,49.299922],[-1.256014,49.299918],[-1.256013,49.299911],[-1.256099,49.299906],[-1.256097,49.299893],[-1.256151,49.299889],[-1.256154,49.29991],[-1.256227,49.299905],[-1.256223,49.29988],[-1.25629,49.299875],[-1.256287,49.299856],[-1.256344,49.299852],[-1.256342,49.29984],[-1.2564,49.299836],[-1.256403,49.299857],[-1.256473,49.299853],[-1.256468,49.299821],[-1.256536,49.299817],[-1.256533,49.299797],[-1.256592,49.299793],[-1.25659,49.299783],[-1.256648,49.299779],[-1.25665,49.2998],[-1.256718,49.299795],[-1.256708,49.299728],[-1.256668,49.299731],[-1.256662,49.299691],[-1.256642,49.299692],[-1.25664,49.299678],[-1.256596,49.29968],[-1.256598,49.299694],[-1.256579,49.299695],[-1.256581,49.299708],[-1.256558,49.299709],[-1.256556,49.299696],[-1.256513,49.299698],[-1.256515,49.299711],[-1.256494,49.299712],[-1.2565,49.299751],[-1.256462,49.299753],[-1.256466,49.299784],[-1.256424,49.299787],[-1.256419,49.299749],[-1.256397,49.29975],[-1.256395,49.299737],[-1.25635,49.29974],[-1.256352,49.299753],[-1.256331,49.299754],[-1.256333,49.299767],[-1.256312,49.299768],[-1.25631,49.299753],[-1.256266,49.299756],[-1.256268,49.299769],[-1.256246,49.29977],[-1.256252,49.299809],[-1.256212,49.299812],[-1.256215,49.299838],[-1.256178,49.29984],[-1.256173,49.299802],[-1.256149,49.299804],[-1.256147,49.29979],[-1.256103,49.299793],[-1.256105,49.299806],[-1.256083,49.299807],[-1.256084,49.299818],[-1.256066,49.299819],[-1.256064,49.299805],[-1.25602,49.299808],[-1.256022,49.299821],[-1.255999,49.299823],[-1.256001,49.299838],[-1.255959,49.29984],[-1.255971,49.299922]]]}},{"type":"Feature","properties":{},"geometry":{"type":"Polygon","coordinates":[[[-1.256336,49.291636],[-1.2564,49.291584],[-1.256295,49.291529],[-1.256315,49.291513],[-1.256271,49.29149],[-1.256232,49.29147],[-1.256213,49.291485],[-1.256106,49.291432],[-1.256084,49.291451],[-1.256051,49.291435],[-1.256156,49.291345],[-1.256129,49.291332],[-1.256242,49.291235],[-1.256325,49.291166],[-1.256294,49.291151],[-1.25632,49.291129],[-1.256455,49.291199],[-1.256477,49.291182],[-1.256626,49.291256],[-1.256653,49.291234],[-1.256798,49.291309],[-1.256825,49.291288],[-1.256859,49.291307],[-1.256783,49.291367],[-1.256736,49.291408],[-1.256673,49.291378],[-1.256642,49.291405],[-1.25661,49.291431],[-1.25667,49.291462],[-1.256618,49.291504],[-1.256701,49.291548],[-1.256785,49.291479],[-1.256867,49.29141],[-1.256919,49.29137],[-1.25694,49.29138],[-1.256972,49.291354],[-1.257006,49.291326],[-1.256945,49.291296],[-1.256996,49.291253],[-1.256914,49.291211],[-1.256864,49.291253],[-1.256759,49.2912],[-1.256778,49.291183],[-1.256739,49.291164],[-1.256695,49.291142],[-1.256647,49.291181],[-1.256542,49.291127],[-1.25652,49.291145],[-1.256416,49.291091],[-1.256437,49.291074],[-1.256398,49.291053],[-1.256353,49.291031],[-1.256306,49.291072],[-1.256239,49.291039],[-1.256177,49.291093],[-1.256176,49.291093],[-1.25624,49.291127],[-1.256193,49.291165],[-1.256168,49.291152],[-1.256134,49.29118],[-1.256103,49.291207],[-1.256127,49.291219],[-1.256046,49.291289],[-1.256072,49.291302],[-1.255991,49.291371],[-1.255966,49.291358],[-1.255932,49.291387],[-1.255901,49.291413],[-1.255961,49.291444],[-1.25591,49.291487],[-1.25595,49.291508],[-1.255993,49.29153],[-1.256045,49.291487],[-1.256188,49.29156],[-1.256336,49.291636]]]}},{"type":"Feature","properties":{},"geometry":{"type":"Polygon","coordinates":[[[-1.254841,49.292672],[-1.25491,49.292614],[-1.254846,49.292581],[-1.254893,49.292542],[-1.254848,49.292519],[-1.254804,49.292495],[-1.254755,49.292535],[-1.254695,49.292504],[-1.254649,49.292481],[-1.25463,49.292495],[-1.254528,49.292442],[-1.254459,49.2925],[-1.254529,49.292535],[-1.254509,49.292553],[-1.254498,49.292548],[-1.25442,49.292616],[-1.254396,49.292605],[-1.254362,49.292634],[-1.254326,49.292662],[-1.254389,49.292696],[-1.254341,49.292735],[-1.254306,49.292765],[-1.254325,49.292774],[-1.254274,49.292818],[-1.254364,49.292862],[-1.254387,49.292843],[-1.254414,49.292856],[-1.254406,49.292862],[-1.25447,49.292893],[-1.254423,49.292935],[-1.254468,49.292957],[-1.254496,49.292971],[-1.254512,49.292979],[-1.254559,49.29294],[-1.254662,49.292994],[-1.254733,49.292935],[-1.254633,49.292884],[-1.254616,49.292898],[-1.254596,49.292888],[-1.254643,49.292849],[-1.254612,49.292834],[-1.254585,49.29282],[-1.254537,49.292858],[-1.254518,49.292848],[-1.254534,49.292833],[-1.254476,49.292804],[-1.254465,49.292813],[-1.254436,49.292798],[-1.254408,49.292822],[-1.25439,49.292812],[-1.254471,49.292742],[-1.25445,49.292731],[-1.254466,49.292718],[-1.254526,49.292749],[-1.254549,49.29273],[-1.25451,49.29271],[-1.254533,49.292691],[-1.254472,49.29266],[-1.254488,49.292647],[-1.25451,49.292658],[-1.254587,49.292595],[-1.254573,49.292588],[-1.254596,49.292569],[-1.254558,49.29255],[-1.254575,49.292536],[-1.254681,49.292591],[-1.254698,49.292576],[-1.254719,49.292587],[-1.254675,49.292626],[-1.254703,49.29264],[-1.254733,49.292655],[-1.254779,49.292617],[-1.254798,49.292627],[-1.254781,49.292641],[-1.254841,49.292672]]]}},{"type":"Feature","properties":{},"geometry":{"type":"Polygon","coordinates":[[[-1.255711,49.292631],[-1.255734,49.292612],[-1.255673,49.29258],[-1.25569,49.292567],[-1.255711,49.292578],[-1.255754,49.292543],[-1.255795,49.292507],[-1.255814,49.292517],[-1.255786,49.292542],[-1.255815,49.292557],[-1.255804,49.292566],[-1.255921,49.292624],[-1.255891,49.29265],[-1.25592,49.292664],[-1.255889,49.29269],[-1.255919,49.292705],[-1.255966,49.292667],[-1.255987,49.292678],[-1.255969,49.292692],[-1.256077,49.292746],[-1.25606,49.29276],[-1.256025,49.29274],[-1.256003,49.292757],[-1.256001,49.292758],[-1.255987,49.292752],[-1.255986,49.292753],[-1.255914,49.292815],[-1.255935,49.292826],[-1.255919,49.292839],[-1.255859,49.29281],[-1.255837,49.292828],[-1.255799,49.292808],[-1.255775,49.292829],[-1.255834,49.292858],[-1.255819,49.292872],[-1.255796,49.292861],[-1.25575,49.2929],[-1.255841,49.292945],[-1.25589,49.292903],[-1.25595,49.292933],[-1.255983,49.292905],[-1.25602,49.292874],[-1.255997,49.292863],[-1.256076,49.292797],[-1.256068,49.292792],[-1.256089,49.292776],[-1.256159,49.292812],[-1.256229,49.292754],[-1.256125,49.2927],[-1.256142,49.292686],[-1.256097,49.292663],[-1.256033,49.292631],[-1.25608,49.29259],[-1.256037,49.292568],[-1.255992,49.292545],[-1.255975,49.292559],[-1.255873,49.292506],[-1.255866,49.292512],[-1.25584,49.292499],[-1.255894,49.292454],[-1.255806,49.292408],[-1.255723,49.292476],[-1.255702,49.292464],[-1.255659,49.2925],[-1.25562,49.292535],[-1.255555,49.292504],[-1.255523,49.292534],[-1.255489,49.292562],[-1.25551,49.292573],[-1.255459,49.292616],[-1.255549,49.292662],[-1.255595,49.292624],[-1.255574,49.292613],[-1.255591,49.292598],[-1.25565,49.292628],[-1.255669,49.292612],[-1.255671,49.29261],[-1.255711,49.292631]]]}},{"type":"Feature","properties":{},"geometry":{"type":"Polygon","coordinates":[[[-1.249026,49.304803],[-1.249169,49.304832],[-1.249202,49.304762],[-1.249162,49.304755],[-1.249204,49.30466],[-1.249094,49.304639],[-1.2490658,49.304703],[-1.249053,49.304732],[-1.249056,49.304733],[-1.249026,49.304803]]]}},{"type":"Feature","properties":{},"geometry":{"type":"Polygon","coordinates":[[[-1.244831,49.304373],[-1.244823,49.304346],[-1.24489,49.304337],[-1.244875,49.304293],[-1.244747,49.304312],[-1.244766,49.304389],[-1.244784,49.304463],[-1.2448432,49.3044614],[-1.244856,49.304461],[-1.244831,49.304373]]]}},{"type":"Feature","properties":{},"geometry":{"type":"Polygon","coordinates":[[[-1.241594,49.3071702],[-1.241619,49.3071142],[-1.241637,49.3070722],[-1.241633,49.3070702],[-1.241605,49.3070652],[-1.241537,49.3070522],[-1.241529,49.3070502],[-1.241485,49.3071512],[-1.241594,49.3071702]]]}},{"type":"Feature","properties":{},"geometry":{"type":"Polygon","coordinates":[[[-1.249861,49.305732],[-1.249914,49.30575],[-1.24993,49.305729],[-1.250025,49.305759],[-1.250101,49.305658],[-1.250048,49.305641],[-1.250066,49.305619],[-1.249971,49.305586],[-1.249861,49.305732]]]}},{"type":"Feature","properties":{},"geometry":{"type":"Polygon","coordinates":[[[-1.25794,49.295328],[-1.257853,49.295285],[-1.257768,49.295358],[-1.257752,49.29535],[-1.257715,49.295381],[-1.257814,49.295431],[-1.257849,49.2954],[-1.257855,49.295403],[-1.25794,49.295328]]]}},{"type":"Feature","properties":{},"geometry":{"type":"Polygon","coordinates":[[[-1.246845,49.302129],[-1.246806,49.302127],[-1.246808,49.302115],[-1.24677,49.302112],[-1.246768,49.302124],[-1.246677,49.302118],[-1.246667,49.302177],[-1.246837,49.30219],[-1.246845,49.302129]]]}},{"type":"Feature","properties":{},"geometry":{"type":"Polygon","coordinates":[[[-1.25999,49.301441],[-1.259986,49.30138],[-1.259872,49.301382],[-1.259786,49.301383],[-1.25956,49.301386],[-1.259471,49.301387],[-1.259351,49.301389],[-1.259353,49.301451],[-1.25999,49.301441]]]}},{"type":"Feature","properties":{},"geometry":{"type":"Polygon","coordinates":[[[-1.253565,49.287943],[-1.253547,49.287956],[-1.2535,49.28793],[-1.253468,49.287956],[-1.253532,49.287989],[-1.25356,49.287968],[-1.253567,49.287972],[-1.253589,49.287957],[-1.253565,49.287943]]]}},{"type":"Feature","properties":{},"geometry":{"type":"Polygon","coordinates":[[[-1.240944,49.303036],[-1.240924,49.302981],[-1.240902,49.302983],[-1.240816,49.302991],[-1.240862,49.303124],[-1.24096,49.303107],[-1.240971,49.303106],[-1.24097,49.303103],[-1.240944,49.303036]]]}},{"type":"Feature","properties":{},"geometry":{"type":"Polygon","coordinates":[[[-1.255245,49.310535],[-1.255197,49.310482],[-1.255425,49.310393],[-1.255444,49.310346],[-1.255358,49.310246],[-1.255286,49.310236],[-1.2547903,49.310423],[-1.2549829,49.3106339],[-1.255245,49.310535]]]}},{"type":"Feature","properties":{},"geometry":{"type":"Polygon","coordinates":[[[-1.255411,49.308232],[-1.255521,49.308245],[-1.255548,49.308145],[-1.255439,49.308132],[-1.255434,49.308154],[-1.255443,49.308154],[-1.255439,49.308169],[-1.255429,49.308168],[-1.255411,49.308232]]]}},{"type":"Feature","properties":{},"geometry":{"type":"Polygon","coordinates":[[[-1.266891,49.307392],[-1.266913,49.307354],[-1.266835,49.307333],[-1.26683,49.30734],[-1.266809,49.307335],[-1.266796,49.30736],[-1.266815,49.307364],[-1.266812,49.30737],[-1.266891,49.307392]]]}},{"type":"Feature","properties":{},"geometry":{"type":"Polygon","coordinates":[[[-1.255495,49.300834],[-1.255476,49.300793],[-1.255414,49.300804],[-1.255346,49.300814],[-1.255355,49.300841],[-1.255366,49.300866],[-1.255434,49.300853],[-1.255498,49.300842],[-1.255495,49.300834]]]}},{"type":"Feature","properties":{},"geometry":{"type":"Polygon","coordinates":[[[-1.24819,49.305799],[-1.248306,49.305789],[-1.248293,49.305721],[-1.248279,49.305722],[-1.248278,49.305712],[-1.248291,49.30571],[-1.248282,49.305664],[-1.248166,49.305674],[-1.24819,49.305799]]]}},{"type":"Feature","properties":{},"geometry":{"type":"Polygon","coordinates":[[[-1.2423007,49.3074251],[-1.2421991,49.3074056],[-1.2421793,49.3074495],[-1.2422075,49.3074549],[-1.2421782,49.3075199],[-1.2422772,49.3075388],[-1.2423107,49.3074644],[-1.2422852,49.3074595],[-1.2423007,49.3074251]]]}},{"type":"Feature","properties":{},"geometry":{"type":"Polygon","coordinates":[[[-1.248717,49.305194],[-1.248708,49.305222],[-1.248693,49.305266],[-1.248691,49.305274],[-1.248687,49.305289],[-1.248782,49.305303],[-1.24879,49.30528],[-1.248815,49.305208],[-1.248717,49.305194]]]}},{"type":"Feature","properties":{},"geometry":{"type":"Polygon","coordinates":[[[-1.2624162,49.3110133],[-1.2624232,49.3110148],[-1.2624009,49.3110601],[-1.2626283,49.3111076],[-1.2626578,49.3110474],[-1.26261,49.3110375],[-1.2626615,49.3109327],[-1.2626006,49.31092],[-1.2626245,49.3108714],[-1.2624781,49.3108408],[-1.2624529,49.3108919],[-1.2624797,49.3108975],[-1.2624588,49.3109401],[-1.2624528,49.3109388],[-1.2624162,49.3110133]]]}},{"type":"Feature","properties":{},"geometry":{"type":"Polygon","coordinates":[[[-1.256009,49.298358],[-1.255943,49.29836],[-1.255942,49.298354],[-1.255773,49.29836],[-1.255786,49.298439],[-1.255951,49.298433],[-1.255951,49.298426],[-1.256015,49.298423],[-1.256009,49.298358]]]}},{"type":"Feature","properties":{},"geometry":{"type":"Polygon","coordinates":[[[-1.248762,49.30027],[-1.248862,49.300277],[-1.248869,49.300238],[-1.248957,49.300243],[-1.248967,49.300188],[-1.248783,49.300175],[-1.248775,49.30023],[-1.248768,49.30023],[-1.248762,49.30027]]]}},{"type":"Feature","properties":{},"geometry":{"type":"Polygon","coordinates":[[[-1.256596,49.298396],[-1.256448,49.29842],[-1.256471,49.298481],[-1.256548,49.298469],[-1.256554,49.298482],[-1.256579,49.298478],[-1.256574,49.298466],[-1.25662,49.298458],[-1.256596,49.298396]]]}},{"type":"Feature","properties":{},"geometry":{"type":"Polygon","coordinates":[[[-1.245365,49.30662],[-1.244974,49.306629],[-1.244968,49.306594],[-1.244873,49.306602],[-1.244891,49.306701],[-1.244986,49.306693],[-1.244985,49.306676],[-1.245367,49.306667],[-1.245365,49.30662]]]}},{"type":"Feature","properties":{},"geometry":{"type":"Polygon","coordinates":[[[-1.251512,49.303345],[-1.251547,49.30334],[-1.251513,49.303246],[-1.251649,49.303225],[-1.251625,49.303161],[-1.251491,49.303182],[-1.251485,49.303167],[-1.251447,49.303174],[-1.251512,49.303345]]]}},{"type":"Feature","properties":{},"geometry":{"type":"Polygon","coordinates":[[[-1.259649,49.300414],[-1.25956,49.300415],[-1.25956,49.300405],[-1.259507,49.300406],[-1.25951,49.300468],[-1.259557,49.300467],[-1.259557,49.300477],[-1.259651,49.300476],[-1.259649,49.300414]]]}},{"type":"Feature","properties":{},"geometry":{"type":"Polygon","coordinates":[[[-1.250019,49.299814],[-1.250048,49.299787],[-1.249925,49.29973],[-1.24987,49.29978],[-1.249974,49.299829],[-1.249964,49.299837],[-1.249996,49.299853],[-1.250032,49.29982],[-1.250019,49.299814]]]}},{"type":"Feature","properties":{},"geometry":{"type":"Polygon","coordinates":[[[-1.250308,49.302694],[-1.250322,49.302704],[-1.250326,49.302707],[-1.250369,49.302682],[-1.250442,49.302735],[-1.250526,49.302686],[-1.250435,49.302619],[-1.250348,49.302668],[-1.250308,49.302694]]]}},{"type":"Feature","properties":{},"geometry":{"type":"Polygon","coordinates":[[[-1.251858,49.305292],[-1.251797,49.305327],[-1.251812,49.305338],[-1.251791,49.30535],[-1.251883,49.305422],[-1.251903,49.305409],[-1.25187,49.305383],[-1.251932,49.305348],[-1.251858,49.305292]]]}},{"type":"Feature","properties":{},"geometry":{"type":"Polygon","coordinates":[[[-1.266327,49.308351],[-1.266476,49.308401],[-1.266551,49.308288],[-1.266468,49.308265],[-1.26644,49.308307],[-1.266396,49.308292],[-1.266372,49.308323],[-1.266355,49.308317],[-1.266327,49.308351]]]}},{"type":"Feature","properties":{},"geometry":{"type":"Polygon","coordinates":[[[-1.243946,49.3057],[-1.244246,49.305689],[-1.244364,49.305684],[-1.244357,49.305622],[-1.244035,49.305639],[-1.244036,49.305645],[-1.24391,49.30565],[-1.243923,49.305701],[-1.243946,49.3057]]]}},{"type":"Feature","properties":{},"geometry":{"type":"Polygon","coordinates":[[[-1.255866,49.288085],[-1.255816,49.288089],[-1.255735,49.288096],[-1.255746,49.288143],[-1.255759,49.288142],[-1.255781,49.288225],[-1.255897,49.288215],[-1.255896,49.28821],[-1.255866,49.288085]]]}},{"type":"Feature","properties":{},"geometry":{"type":"Polygon","coordinates":[[[-1.255565,49.305503],[-1.255696,49.305548],[-1.255711,49.305529],[-1.255765,49.305548],[-1.255805,49.305498],[-1.255754,49.30548],[-1.255747,49.305489],[-1.255615,49.305441],[-1.255565,49.305503]]]}},{"type":"Feature","properties":{},"geometry":{"type":"Polygon","coordinates":[[[-1.242821,49.304291],[-1.242784,49.304283],[-1.242723,49.304268],[-1.242722,49.304271],[-1.24269,49.304324],[-1.242697,49.304326],[-1.242695,49.304328],[-1.242782,49.304353],[-1.242821,49.304291]]]}},{"type":"Feature","properties":{},"geometry":{"type":"Polygon","coordinates":[[[-1.240601,49.303209],[-1.240651,49.303225],[-1.240672,49.303222],[-1.24077,49.303212],[-1.240687,49.302996],[-1.240604,49.303003],[-1.240525,49.303075],[-1.24056,49.303091],[-1.240601,49.303209]]]}},{"type":"Feature","properties":{},"geometry":{"type":"Polygon","coordinates":[[[-1.256139,49.287727],[-1.256024,49.287711],[-1.256,49.287787],[-1.256011,49.287788],[-1.255999,49.287824],[-1.256157,49.287846],[-1.256167,49.28781],[-1.256118,49.287803],[-1.256139,49.287727]]]}},{"type":"Feature","properties":{},"geometry":{"type":"Polygon","coordinates":[[[-1.239993,49.306104],[-1.239956,49.306086],[-1.239927,49.30611],[-1.239957,49.306125],[-1.239902,49.30617],[-1.239936,49.306187],[-1.23996,49.306168],[-1.240021,49.306119],[-1.239993,49.306104]]]}},{"type":"Feature","properties":{},"geometry":{"type":"Polygon","coordinates":[[[-1.255344,49.307961],[-1.255444,49.307971],[-1.255447,49.307965],[-1.255469,49.307968],[-1.255468,49.307974],[-1.255498,49.307977],[-1.255518,49.307906],[-1.255364,49.307889],[-1.255344,49.307961]]]}},{"type":"Feature","properties":{},"geometry":{"type":"Polygon","coordinates":[[[-1.245982,49.301222],[-1.246019,49.3012],[-1.245986,49.301176],[-1.246005,49.301165],[-1.246009,49.301166],[-1.246046,49.301144],[-1.245972,49.301091],[-1.245879,49.301147],[-1.245982,49.301222]]]}},{"type":"Feature","properties":{},"geometry":{"type":"Polygon","coordinates":[[[-1.247208,49.301774],[-1.247329,49.301782],[-1.247331,49.301773],[-1.247384,49.301776],[-1.247391,49.301728],[-1.24734,49.301725],[-1.247339,49.301735],[-1.247214,49.301728],[-1.247208,49.301774]]]}},{"type":"Feature","properties":{},"geometry":{"type":"Polygon","coordinates":[[[-1.248484,49.305232],[-1.248493,49.30528],[-1.248543,49.305279],[-1.248544,49.305291],[-1.24859,49.30529],[-1.248591,49.305307],[-1.248651,49.305304],[-1.248643,49.305225],[-1.248484,49.305232]]]}},{"type":"Feature","properties":{},"geometry":{"type":"Polygon","coordinates":[[[-1.247721,49.302059],[-1.247714,49.302065],[-1.247763,49.302088],[-1.247789,49.302065],[-1.247566,49.30197],[-1.247553,49.301998],[-1.247659,49.302044],[-1.24767,49.302034],[-1.247721,49.302059]]]}},{"type":"Feature","properties":{},"geometry":{"type":"Polygon","coordinates":[[[-1.246527,49.303805],[-1.246715,49.303962],[-1.246721,49.303958],[-1.246765,49.303933],[-1.246709,49.303882],[-1.24669,49.303891],[-1.246655,49.303861],[-1.24656,49.303788],[-1.246527,49.303805]]]}},{"type":"Feature","properties":{},"geometry":{"type":"Polygon","coordinates":[[[-1.265324,49.308433],[-1.265367,49.30837],[-1.265284,49.308345],[-1.265307,49.308314],[-1.265222,49.30829],[-1.265201,49.308321],[-1.265138,49.308303],[-1.265092,49.30837],[-1.265324,49.308433]]]}},{"type":"Feature","properties":{},"geometry":{"type":"Polygon","coordinates":[[[-1.251777,49.298083],[-1.251796,49.298056],[-1.251798,49.298055],[-1.251808,49.29805],[-1.251816,49.298039],[-1.251766,49.298027],[-1.251759,49.298025],[-1.251716,49.298084],[-1.251777,49.298083]]]}},{"type":"Feature","properties":{},"geometry":{"type":"Polygon","coordinates":[[[-1.257147,49.294669],[-1.257129,49.294645],[-1.257035,49.294621],[-1.257012,49.294659],[-1.256957,49.294674],[-1.256992,49.294729],[-1.257046,49.294715],[-1.25711,49.294732],[-1.257147,49.294669]]]}},{"type":"Feature","properties":{},"geometry":{"type":"Polygon","coordinates":[[[-1.249274,49.299699],[-1.249334,49.299726],[-1.249391,49.299673],[-1.249278,49.299621],[-1.249223,49.299673],[-1.249213,49.299668],[-1.249188,49.299692],[-1.24925,49.29972],[-1.249274,49.299699]]]}},{"type":"Feature","properties":{},"geometry":{"type":"Polygon","coordinates":[[[-1.247457,49.298573],[-1.247408,49.29857],[-1.247402,49.29861],[-1.247507,49.298617],[-1.247512,49.29859],[-1.247597,49.298596],[-1.247608,49.29853],[-1.247468,49.298521],[-1.247457,49.298573]]]}},{"type":"Feature","properties":{},"geometry":{"type":"Polygon","coordinates":[[[-1.247133,49.309102],[-1.247059,49.309089],[-1.247086,49.309014],[-1.24688,49.308991],[-1.246854,49.309055],[-1.246962,49.309073],[-1.246929,49.309155],[-1.2471,49.309184],[-1.247133,49.309102]]]}},{"type":"Feature","properties":{},"geometry":{"type":"Polygon","coordinates":[[[-1.249841,49.302142],[-1.249922,49.30209],[-1.24996,49.302067],[-1.249921,49.302039],[-1.249882,49.302062],[-1.249832,49.302026],[-1.249748,49.302078],[-1.249786,49.302104],[-1.249841,49.302142]]]}},{"type":"Feature","properties":{},"geometry":{"type":"Polygon","coordinates":[[[-1.247162,49.298864],[-1.247298,49.298874],[-1.247311,49.298816],[-1.247319,49.298782],[-1.247249,49.298776],[-1.247244,49.298811],[-1.247172,49.298806],[-1.247169,49.298818],[-1.247162,49.298864]]]}},{"type":"Feature","properties":{},"geometry":{"type":"Polygon","coordinates":[[[-1.239135,49.302819],[-1.239158,49.302743],[-1.239057,49.30273],[-1.239024,49.302726],[-1.239019,49.30274],[-1.239,49.302801],[-1.239112,49.302816],[-1.239133,49.302819],[-1.239135,49.302819]]]}},{"type":"Feature","properties":{},"geometry":{"type":"Polygon","coordinates":[[[-1.257812,49.293049],[-1.257771,49.293024],[-1.257727,49.292998],[-1.257666,49.29304],[-1.257637,49.293022],[-1.257588,49.293057],[-1.257619,49.293076],[-1.257703,49.293126],[-1.257812,49.293049]]]}},{"type":"Feature","properties":{},"geometry":{"type":"Polygon","coordinates":[[[-1.241039,49.303337],[-1.241041,49.303331],[-1.241009,49.303327],[-1.240995,49.303376],[-1.240945,49.30337],[-1.240926,49.30344],[-1.241004,49.30345],[-1.241011,49.303426],[-1.241039,49.303337]]]}},{"type":"Feature","properties":{},"geometry":{"type":"Polygon","coordinates":[[[-1.241272,49.305385],[-1.241347,49.305424],[-1.241403,49.305377],[-1.241427,49.305389],[-1.241516,49.305316],[-1.241492,49.305303],[-1.241558,49.305253],[-1.241484,49.305211],[-1.241272,49.305385]]]}},{"type":"Feature","properties":{},"geometry":{"type":"Polygon","coordinates":[[[-1.252042,49.296791],[-1.251988,49.296793],[-1.25199,49.296824],[-1.252162,49.296818],[-1.252156,49.296739],[-1.252168,49.296739],[-1.252163,49.296684],[-1.252033,49.296689],[-1.252042,49.296791]]]}},{"type":"Feature","properties":{},"geometry":{"type":"Polygon","coordinates":[[[-1.254279,49.294611],[-1.254385,49.294634],[-1.25439,49.294622],[-1.254396,49.294609],[-1.254459,49.294486],[-1.254349,49.294461],[-1.254286,49.294586],[-1.254292,49.294588],[-1.254279,49.294611]]]}},{"type":"Feature","properties":{},"geometry":{"type":"Polygon","coordinates":[[[-1.247085,49.303113],[-1.247079,49.303122],[-1.247159,49.303146],[-1.247166,49.303137],[-1.247179,49.303119],[-1.247226,49.303059],[-1.247139,49.303031],[-1.247113,49.303074],[-1.247085,49.303113]]]}},{"type":"Feature","properties":{},"geometry":{"type":"Polygon","coordinates":[[[-1.254762,49.294388],[-1.254599,49.294348],[-1.254584,49.294375],[-1.254528,49.294362],[-1.254514,49.294388],[-1.254568,49.294402],[-1.254657,49.294425],[-1.254728,49.294443],[-1.254762,49.294388]]]}},{"type":"Feature","properties":{},"geometry":{"type":"Polygon","coordinates":[[[-1.252984,49.297265],[-1.252802,49.297204],[-1.252746,49.297278],[-1.252842,49.297309],[-1.252872,49.297318],[-1.252928,49.297337],[-1.252936,49.297326],[-1.252956,49.297302],[-1.252984,49.297265]]]}},{"type":"Feature","properties":{},"geometry":{"type":"Polygon","coordinates":[[[-1.256174,49.295464],[-1.256117,49.295433],[-1.256105,49.295443],[-1.256102,49.295441],[-1.256024,49.295501],[-1.256158,49.295574],[-1.256233,49.295515],[-1.25616,49.295475],[-1.256174,49.295464]]]}},{"type":"Feature","properties":{},"geometry":{"type":"Polygon","coordinates":[[[-1.2389665,49.3052622],[-1.238928,49.305298],[-1.238957,49.305325],[-1.23898,49.305345],[-1.239009,49.305371],[-1.239047,49.30536],[-1.238987,49.305296],[-1.239006,49.305287],[-1.2389665,49.3052622]]]}},{"type":"Feature","properties":{},"geometry":{"type":"Polygon","coordinates":[[[-1.248655,49.302086],[-1.248671,49.302091],[-1.248713,49.302033],[-1.24881,49.301871],[-1.248774,49.301861],[-1.248786,49.301835],[-1.248737,49.301821],[-1.248569,49.302055],[-1.248655,49.302086]]]}},{"type":"Feature","properties":{},"geometry":{"type":"Polygon","coordinates":[[[-1.246109,49.303608],[-1.246121,49.3036],[-1.246113,49.303593],[-1.246145,49.303576],[-1.246123,49.303559],[-1.2460246,49.3036024],[-1.246086,49.303644],[-1.24613,49.30362],[-1.246109,49.303608]]]}},{"type":"Feature","properties":{},"geometry":{"type":"Polygon","coordinates":[[[-1.25069,49.305836],[-1.250654,49.305883],[-1.250624,49.305923],[-1.250591,49.305968],[-1.250679,49.305997],[-1.250713,49.305953],[-1.25074,49.305962],[-1.250808,49.305877],[-1.25069,49.305836]]]}},{"type":"Feature","properties":{},"geometry":{"type":"Polygon","coordinates":[[[-1.238772,49.303375],[-1.238766,49.303373],[-1.238733,49.303421],[-1.238812,49.303443],[-1.238843,49.303391],[-1.238849,49.303393],[-1.238867,49.303363],[-1.238794,49.303343],[-1.238772,49.303375]]]}},{"type":"Feature","properties":{},"geometry":{"type":"Polygon","coordinates":[[[-1.257299,49.306202],[-1.257308,49.306192],[-1.257341,49.306203],[-1.257395,49.306137],[-1.257197,49.306069],[-1.257144,49.306134],[-1.257278,49.30618],[-1.257269,49.306191],[-1.257299,49.306202]]]}},{"type":"Feature","properties":{},"geometry":{"type":"Polygon","coordinates":[[[-1.256647,49.306106],[-1.256668,49.306081],[-1.256702,49.306039],[-1.256709,49.306031],[-1.25667,49.306018],[-1.256664,49.306025],[-1.256499,49.305968],[-1.256444,49.306036],[-1.256647,49.306106]]]}},{"type":"Feature","properties":{},"geometry":{"type":"Polygon","coordinates":[[[-1.256999,49.297984],[-1.256981,49.297889],[-1.25671,49.297912],[-1.256722,49.297968],[-1.2567,49.29797],[-1.256706,49.298001],[-1.256726,49.297999],[-1.256727,49.298007],[-1.256999,49.297984]]]}},{"type":"Feature","properties":{},"geometry":{"type":"Polygon","coordinates":[[[-1.259651,49.300476],[-1.259743,49.300474],[-1.259742,49.300464],[-1.259789,49.300464],[-1.259786,49.300403],[-1.259739,49.300404],[-1.259739,49.300412],[-1.259649,49.300414],[-1.259651,49.300476]]]}},{"type":"Feature","properties":{},"geometry":{"type":"Polygon","coordinates":[[[-1.248947,49.299342],[-1.249009,49.299372],[-1.248985,49.299394],[-1.24903,49.299416],[-1.24904,49.299407],[-1.249099,49.299353],[-1.249107,49.299344],[-1.248999,49.299293],[-1.248947,49.299342]]]}},{"type":"Feature","properties":{},"geometry":{"type":"Polygon","coordinates":[[[-1.237595,49.302972],[-1.237579,49.303043],[-1.23758,49.303073],[-1.237606,49.303214],[-1.23767,49.303212],[-1.237646,49.303088],[-1.237653,49.303031],[-1.237668,49.302977],[-1.237595,49.302972]]]}},{"type":"Feature","properties":{},"geometry":{"type":"Polygon","coordinates":[[[-1.257201,49.307938],[-1.257193,49.307948],[-1.257182,49.307961],[-1.257129,49.308025],[-1.257225,49.308059],[-1.257275,49.307998],[-1.257287,49.308002],[-1.257308,49.307976],[-1.257201,49.307938]]]}},{"type":"Feature","properties":{},"geometry":{"type":"Polygon","coordinates":[[[-1.260401,49.296543],[-1.260487,49.296523],[-1.260466,49.296486],[-1.260454,49.296465],[-1.260449,49.296456],[-1.260431,49.29646],[-1.26038,49.296471],[-1.260364,49.296475],[-1.260401,49.296543]]]}},{"type":"Feature","properties":{},"geometry":{"type":"Polygon","coordinates":[[[-1.245854,49.30126],[-1.245903,49.30123],[-1.245899,49.301228],[-1.245917,49.301217],[-1.24595,49.301241],[-1.245982,49.301222],[-1.245879,49.301147],[-1.24578,49.301206],[-1.245854,49.30126]]]}},{"type":"Feature","properties":{},"geometry":{"type":"Polygon","coordinates":[[[-1.247079,49.303273],[-1.247055,49.303284],[-1.247034,49.303266],[-1.247048,49.30326],[-1.247016,49.303232],[-1.246934,49.303273],[-1.247063,49.303391],[-1.247161,49.303343],[-1.247079,49.303273]]]}},{"type":"Feature","properties":{},"geometry":{"type":"Polygon","coordinates":[[[-1.242326,49.304066],[-1.242263,49.304048],[-1.242259,49.304055],[-1.242233,49.304096],[-1.242212,49.304131],[-1.242279,49.30415],[-1.242281,49.304147],[-1.242324,49.304071],[-1.242326,49.304066]]]}},{"type":"Feature","properties":{},"geometry":{"type":"Polygon","coordinates":[[[-1.251361,49.295055],[-1.251311,49.295033],[-1.251187,49.295156],[-1.251242,49.295178],[-1.251323,49.295101],[-1.251314,49.295096],[-1.251329,49.295082],[-1.251332,49.295083],[-1.251361,49.295055]]]}},{"type":"Feature","properties":{},"geometry":{"type":"Polygon","coordinates":[[[-1.246713,49.301281],[-1.246703,49.301338],[-1.246676,49.301336],[-1.246671,49.30137],[-1.246712,49.301372],[-1.246769,49.301376],[-1.24677,49.301364],[-1.246782,49.301287],[-1.246713,49.301281]]]}},{"type":"Feature","properties":{},"geometry":{"type":"Polygon","coordinates":[[[-1.245896,49.304097],[-1.246061,49.304238],[-1.246099,49.304271],[-1.246162,49.304244],[-1.246159,49.304241],[-1.246125,49.304211],[-1.246069,49.304165],[-1.246058,49.304156],[-1.245962,49.304068],[-1.245896,49.304097]]]}},{"type":"Feature","properties":{},"geometry":{"type":"Polygon","coordinates":[[[-1.247344,49.309062],[-1.247488,49.30903],[-1.247463,49.308982],[-1.247493,49.308975],[-1.247465,49.30892],[-1.247494,49.308914],[-1.247476,49.308879],[-1.247272,49.308924],[-1.247344,49.309062]]]}},{"type":"Feature","properties":{},"geometry":{"type":"Polygon","coordinates":[[[-1.2540288,49.3000085],[-1.2541072,49.2999862],[-1.2540366,49.2998805],[-1.2539017,49.2999188],[-1.2539388,49.2999744],[-1.2539953,49.2999584],[-1.2540288,49.3000085]]]}},{"type":"Feature","properties":{},"geometry":{"type":"Polygon","coordinates":[[[-1.259878,49.297248],[-1.25996,49.297222],[-1.259923,49.297175],[-1.259885,49.297128],[-1.259842,49.297143],[-1.259852,49.297155],[-1.259791,49.297175],[-1.259864,49.297237],[-1.259878,49.297248]]]}},{"type":"Feature","properties":{},"geometry":{"type":"Polygon","coordinates":[[[-1.247208,49.305352],[-1.247242,49.305356],[-1.247228,49.305407],[-1.247232,49.305408],[-1.247279,49.305413],[-1.247304,49.305316],[-1.247306,49.30527],[-1.247234,49.30526],[-1.247208,49.305352]]]}},{"type":"Feature","properties":{},"geometry":{"type":"Polygon","coordinates":[[[-1.255329,49.298281],[-1.255346,49.298248],[-1.255393,49.298258],[-1.255449,49.29815],[-1.255331,49.298125],[-1.255276,49.298231],[-1.255222,49.298218],[-1.255204,49.298254],[-1.255329,49.298281]]]}},{"type":"Feature","properties":{},"geometry":{"type":"Polygon","coordinates":[[[-1.247566,49.299677],[-1.247563,49.299695],[-1.247714,49.299705],[-1.247727,49.299638],[-1.247575,49.299627],[-1.247574,49.299631],[-1.247514,49.299627],[-1.247506,49.299673],[-1.247566,49.299677]]]}},{"type":"Feature","properties":{},"geometry":{"type":"Polygon","coordinates":[[[-1.256835,49.293129],[-1.256869,49.2931],[-1.256847,49.29309],[-1.256929,49.293021],[-1.256839,49.292975],[-1.256747,49.293053],[-1.256709,49.293034],[-1.256686,49.293053],[-1.256835,49.293129]]]}},{"type":"Feature","properties":{},"geometry":{"type":"Polygon","coordinates":[[[-1.2429059,49.3064111],[-1.2429596,49.3064105],[-1.2429593,49.3064351],[-1.2429986,49.3064344],[-1.2429983,49.3063534],[-1.2429953,49.306278],[-1.2429579,49.3062777],[-1.2428959,49.3062798],[-1.2429059,49.3064111]]]}},{"type":"Feature","properties":{},"geometry":{"type":"Polygon","coordinates":[[[-1.261298,49.294336],[-1.261391,49.294383],[-1.261498,49.294293],[-1.261406,49.294246],[-1.261368,49.294278],[-1.261363,49.294275],[-1.261321,49.29431],[-1.261326,49.294313],[-1.261298,49.294336]]]}},{"type":"Feature","properties":{},"geometry":{"type":"Polygon","coordinates":[[[-1.26695,49.307826],[-1.267074,49.307858],[-1.26708,49.307849],[-1.26709,49.307832],[-1.267042,49.307819],[-1.267061,49.307786],[-1.266974,49.307765],[-1.266945,49.307825],[-1.26695,49.307826]]]}},{"type":"Feature","properties":{},"geometry":{"type":"Polygon","coordinates":[[[-1.258091,49.294892],[-1.258076,49.294868],[-1.257984,49.294843],[-1.257958,49.294884],[-1.257909,49.294898],[-1.25794,49.294952],[-1.25799,49.294938],[-1.258055,49.294955],[-1.258091,49.294892]]]}},{"type":"Feature","properties":{},"geometry":{"type":"Polygon","coordinates":[[[-1.241572,49.303006],[-1.241561,49.302957],[-1.241553,49.302957],[-1.24154,49.302916],[-1.241508,49.302919],[-1.241543,49.303049],[-1.241701,49.303087],[-1.24171,49.30303],[-1.241572,49.303006]]]}},{"type":"Feature","properties":{},"geometry":{"type":"Polygon","coordinates":[[[-1.252826,49.303223],[-1.252836,49.30322],[-1.252832,49.303215],[-1.252906,49.303196],[-1.252881,49.303155],[-1.252812,49.303173],[-1.252818,49.303182],[-1.252803,49.303185],[-1.252826,49.303223]]]}},{"type":"Feature","properties":{},"geometry":{"type":"Polygon","coordinates":[[[-1.245922,49.306582],[-1.246018,49.306576],[-1.246006,49.306538],[-1.246049,49.306532],[-1.246036,49.306493],[-1.245986,49.306495],[-1.24599,49.306507],[-1.245895,49.306513],[-1.245922,49.306582]]]}},{"type":"Feature","properties":{},"geometry":{"type":"Polygon","coordinates":[[[-1.241323,49.30475],[-1.241337,49.304796],[-1.241494,49.304761],[-1.241501,49.304712],[-1.24146,49.304721],[-1.241457,49.304715],[-1.241418,49.304723],[-1.241421,49.304729],[-1.241323,49.30475]]]}},{"type":"Feature","properties":{},"geometry":{"type":"Polygon","coordinates":[[[-1.255623,49.308228],[-1.255775,49.308247],[-1.255794,49.308177],[-1.255764,49.308173],[-1.255762,49.308179],[-1.255741,49.308176],[-1.255743,49.30817],[-1.255642,49.308159],[-1.255623,49.308228]]]}},{"type":"Feature","properties":{},"geometry":{"type":"Polygon","coordinates":[[[-1.253019,49.296708],[-1.252925,49.296677],[-1.252882,49.296733],[-1.252847,49.296721],[-1.252842,49.296727],[-1.252819,49.296757],[-1.252816,49.296762],[-1.252946,49.296804],[-1.253019,49.296708]]]}},{"type":"Feature","properties":{},"geometry":{"type":"Polygon","coordinates":[[[-1.266049,49.309268],[-1.266089,49.309225],[-1.266058,49.309208],[-1.26559,49.309084],[-1.265314,49.309021],[-1.265283,49.309081],[-1.26556,49.309143],[-1.26575,49.30919],[-1.266049,49.309268]]]}},{"type":"Feature","properties":{},"geometry":{"type":"Polygon","coordinates":[[[-1.245115,49.298628],[-1.245258,49.298586],[-1.245206,49.298511],[-1.245068,49.298551],[-1.245059,49.298539],[-1.24498,49.298562],[-1.245021,49.298623],[-1.245097,49.298602],[-1.245115,49.298628]]]}},{"type":"Feature","properties":{},"geometry":{"type":"Polygon","coordinates":[[[-1.244853,49.304254],[-1.244833,49.304218],[-1.244729,49.304242],[-1.244739,49.304282],[-1.244776,49.304273],[-1.244781,49.304282],[-1.244809,49.304276],[-1.244804,49.304266],[-1.244853,49.304254]]]}},{"type":"Feature","properties":{},"geometry":{"type":"Polygon","coordinates":[[[-1.256082,49.306879],[-1.256048,49.306857],[-1.256124,49.306806],[-1.25604,49.306753],[-1.255986,49.30679],[-1.255913,49.306838],[-1.255998,49.306892],[-1.256031,49.306913],[-1.256082,49.306879]]]}},{"type":"Feature","properties":{},"geometry":{"type":"Polygon","coordinates":[[[-1.254541,49.300264],[-1.2545,49.300155],[-1.254413,49.300169],[-1.254369,49.300176],[-1.25438,49.300206],[-1.254403,49.300267],[-1.254458,49.300258],[-1.254465,49.300277],[-1.254541,49.300264]]]}},{"type":"Feature","properties":{},"geometry":{"type":"Polygon","coordinates":[[[-1.258355,49.307951],[-1.25837,49.307932],[-1.258402,49.307944],[-1.258459,49.307872],[-1.258429,49.307862],[-1.258469,49.307812],[-1.258366,49.307776],[-1.258254,49.307917],[-1.258355,49.307951]]]}},{"type":"Feature","properties":{},"geometry":{"type":"Polygon","coordinates":[[[-1.257796,49.295081],[-1.257819,49.295045],[-1.257881,49.295028],[-1.257843,49.29497],[-1.257804,49.294958],[-1.257712,49.294984],[-1.257737,49.295022],[-1.257715,49.295059],[-1.257796,49.295081]]]}},{"type":"Feature","properties":{},"geometry":{"type":"Polygon","coordinates":[[[-1.255871,49.306506],[-1.255949,49.306412],[-1.255937,49.306407],[-1.25596,49.30638],[-1.255884,49.306353],[-1.25586,49.30638],[-1.255848,49.306376],[-1.255769,49.30647],[-1.255871,49.306506]]]}},{"type":"Feature","properties":{},"geometry":{"type":"Polygon","coordinates":[[[-1.247947,49.298596],[-1.247855,49.29859],[-1.247838,49.298654],[-1.247801,49.298652],[-1.24779,49.298721],[-1.247875,49.298728],[-1.247891,49.298658],[-1.247931,49.298661],[-1.247947,49.298596]]]}},{"type":"Feature","properties":{},"geometry":{"type":"Polygon","coordinates":[[[-1.253155,49.305652],[-1.253243,49.305602],[-1.25327,49.305587],[-1.253202,49.305537],[-1.253179,49.305553],[-1.253173,49.30555],[-1.253172,49.305551],[-1.253086,49.3056],[-1.253155,49.305652]]]}},{"type":"Feature","properties":{},"geometry":{"type":"Polygon","coordinates":[[[-1.257223,49.294665],[-1.257276,49.294651],[-1.257339,49.294669],[-1.257378,49.294605],[-1.257362,49.294581],[-1.257266,49.294558],[-1.257243,49.294597],[-1.25719,49.29461],[-1.257223,49.294665]]]}},{"type":"Feature","properties":{},"geometry":{"type":"Polygon","coordinates":[[[-1.238547,49.303402],[-1.238591,49.303415],[-1.238641,49.303337],[-1.238659,49.303342],[-1.238691,49.303291],[-1.238635,49.303276],[-1.23861,49.303311],[-1.238561,49.303383],[-1.238547,49.303402]]]}},{"type":"Feature","properties":{},"geometry":{"type":"Polygon","coordinates":[[[-1.263953,49.307869],[-1.264001,49.307801],[-1.263904,49.307772],[-1.263898,49.307783],[-1.263781,49.307749],[-1.263735,49.307817],[-1.263852,49.307849],[-1.263858,49.307841],[-1.263953,49.307869]]]}},{"type":"Feature","properties":{},"geometry":{"type":"Polygon","coordinates":[[[-1.2432215,49.3079425],[-1.2434971,49.3079945],[-1.2435267,49.3079279],[-1.2434661,49.3079164],[-1.2434639,49.3079215],[-1.2434278,49.3079147],[-1.2434301,49.3079095],[-1.2432511,49.3078757],[-1.2432215,49.3079425]]]}},{"type":"Feature","properties":{},"geometry":{"type":"Polygon","coordinates":[[[-1.243335,49.303768],[-1.243337,49.303822],[-1.243401,49.303815],[-1.243404,49.303826],[-1.243441,49.303824],[-1.24344,49.30381],[-1.243522,49.303802],[-1.243518,49.303761],[-1.243335,49.303768]]]}},{"type":"Feature","properties":{},"geometry":{"type":"Polygon","coordinates":[[[-1.248653,49.302876],[-1.248698,49.302848],[-1.24861,49.302788],[-1.248633,49.302772],[-1.248584,49.302743],[-1.248549,49.302766],[-1.248517,49.302788],[-1.24859,49.302834],[-1.248653,49.302876]]]}},{"type":"Feature","properties":{},"geometry":{"type":"Polygon","coordinates":[[[-1.246882,49.299999],[-1.246945,49.300003],[-1.246953,49.299956],[-1.247047,49.299962],[-1.247057,49.299896],[-1.246914,49.299887],[-1.246904,49.299952],[-1.24689,49.29995],[-1.246882,49.299999]]]}},{"type":"Feature","properties":{},"geometry":{"type":"Polygon","coordinates":[[[-1.253329,49.296923],[-1.253237,49.296887],[-1.253154,49.296855],[-1.253149,49.296853],[-1.253094,49.296914],[-1.253136,49.29693],[-1.253171,49.296944],[-1.253274,49.296984],[-1.253329,49.296923]]]}},{"type":"Feature","properties":{},"geometry":{"type":"Polygon","coordinates":[[[-1.249432,49.30051],[-1.24955,49.300548],[-1.249635,49.300436],[-1.249516,49.300397],[-1.249459,49.300473],[-1.249437,49.300466],[-1.249417,49.300493],[-1.24944,49.3005],[-1.249432,49.30051]]]}},{"type":"Feature","properties":{},"geometry":{"type":"Polygon","coordinates":[[[-1.249266,49.300261],[-1.249358,49.300267],[-1.249363,49.300237],[-1.249387,49.300239],[-1.249394,49.300177],[-1.249238,49.300167],[-1.249233,49.300228],[-1.24927,49.30023],[-1.249266,49.300261]]]}},{"type":"Feature","properties":{},"geometry":{"type":"Polygon","coordinates":[[[-1.259834,49.312863],[-1.259715,49.31285],[-1.259646,49.312842],[-1.259612,49.312838],[-1.259494,49.312887],[-1.259719,49.313134],[-1.259846,49.313085],[-1.25984,49.312962],[-1.259834,49.312863]]]}},{"type":"Feature","properties":{},"geometry":{"type":"Polygon","coordinates":[[[-1.247306,49.30527],[-1.247304,49.305316],[-1.247279,49.305413],[-1.24732,49.305418],[-1.247327,49.305416],[-1.247351,49.305338],[-1.247398,49.30534],[-1.247396,49.305274],[-1.247306,49.30527]]]}},{"type":"Feature","properties":{},"geometry":{"type":"Polygon","coordinates":[[[-1.242818,49.301119],[-1.24275,49.301165],[-1.242773,49.301179],[-1.242787,49.301169],[-1.242806,49.30118],[-1.242833,49.301162],[-1.242843,49.30117],[-1.242871,49.301151],[-1.242818,49.301119]]]}},{"type":"Feature","properties":{},"geometry":{"type":"Polygon","coordinates":[[[-1.245592,49.298976],[-1.245641,49.298958],[-1.245644,49.298962],[-1.245771,49.298916],[-1.245719,49.298853],[-1.245596,49.298897],[-1.245591,49.298891],[-1.245537,49.29891],[-1.245592,49.298976]]]}},{"type":"Feature","properties":{},"geometry":{"type":"Polygon","coordinates":[[[-1.235753,49.303105],[-1.235774,49.303037],[-1.235728,49.30303],[-1.235731,49.303022],[-1.235629,49.303008],[-1.235615,49.303055],[-1.235663,49.303061],[-1.235654,49.303092],[-1.235753,49.303105]]]}},{"type":"Feature","properties":{},"geometry":{"type":"Polygon","coordinates":[[[-1.259104,49.292595],[-1.259057,49.292562],[-1.259022,49.292584],[-1.258952,49.292535],[-1.258831,49.292608],[-1.258873,49.292638],[-1.258904,49.292619],[-1.258979,49.292672],[-1.259104,49.292595]]]}},{"type":"Feature","properties":{},"geometry":{"type":"Polygon","coordinates":[[[-1.240621,49.304611],[-1.240695,49.304649],[-1.240729,49.304625],[-1.240771,49.304622],[-1.240758,49.304566],[-1.240753,49.304547],[-1.240644,49.304554],[-1.240651,49.304587],[-1.240621,49.304611]]]}},{"type":"Feature","properties":{},"geometry":{"type":"Polygon","coordinates":[[[-1.25286,49.303604],[-1.252969,49.303579],[-1.252939,49.303526],[-1.252928,49.303507],[-1.252913,49.303479],[-1.252891,49.303439],[-1.252782,49.303464],[-1.252801,49.303497],[-1.25286,49.303604]]]}},{"type":"Feature","properties":{},"geometry":{"type":"Polygon","coordinates":[[[-1.2575841,49.3131319],[-1.2571193,49.312656],[-1.2568788,49.3127558],[-1.2573434,49.3132318],[-1.2575841,49.3131319]]]}},{"type":"Feature","properties":{},"geometry":{"type":"Polygon","coordinates":[[[-1.245951,49.30394],[-1.246019,49.303906],[-1.245956,49.303855],[-1.245969,49.303848],[-1.245925,49.303814],[-1.24589,49.303833],[-1.245868,49.303817],[-1.245825,49.30384],[-1.245951,49.30394]]]}},{"type":"Feature","properties":{},"geometry":{"type":"Polygon","coordinates":[[[-1.241509,49.303644],[-1.241476,49.303636],[-1.241458,49.303707],[-1.241556,49.30373],[-1.241571,49.303545],[-1.24155,49.303541],[-1.241551,49.303533],[-1.241536,49.303532],[-1.241509,49.303644]]]}},{"type":"Feature","properties":{},"geometry":{"type":"Polygon","coordinates":[[[-1.256633,49.308474],[-1.256712,49.308421],[-1.256666,49.308391],[-1.256684,49.308379],[-1.256654,49.30836],[-1.256635,49.308372],[-1.256551,49.308318],[-1.256471,49.308371],[-1.256633,49.308474]]]}},{"type":"Feature","properties":{},"geometry":{"type":"Polygon","coordinates":[[[-1.242993,49.304854],[-1.24259,49.304918],[-1.242584,49.30493],[-1.242666,49.304928],[-1.242851,49.304902],[-1.242873,49.304919],[-1.242944,49.304909],[-1.243011,49.3049],[-1.242993,49.304854]]]}},{"type":"Feature","properties":{},"geometry":{"type":"Polygon","coordinates":[[[-1.264538,49.296419],[-1.264538,49.296492],[-1.264684,49.29649],[-1.264683,49.296473],[-1.264683,49.296456],[-1.264719,49.296458],[-1.264721,49.296422],[-1.264637,49.296421],[-1.264538,49.296419]]]}},{"type":"Feature","properties":{},"geometry":{"type":"Polygon","coordinates":[[[-1.25633,49.30819],[-1.256389,49.308126],[-1.256276,49.30808],[-1.256288,49.308067],[-1.256222,49.308041],[-1.256203,49.30806],[-1.256164,49.308044],[-1.25611,49.308102],[-1.25633,49.30819]]]}},{"type":"Feature","properties":{},"geometry":{"type":"Polygon","coordinates":[[[-1.252836,49.296967],[-1.252929,49.296839],[-1.252837,49.296809],[-1.252836,49.296809],[-1.252834,49.296812],[-1.252779,49.296887],[-1.252733,49.296873],[-1.252697,49.296923],[-1.252836,49.296967]]]}},{"type":"Feature","properties":{},"geometry":{"type":"Polygon","coordinates":[[[-1.242232,49.304569],[-1.242266,49.304562],[-1.242247,49.304504],[-1.242212,49.304509],[-1.241961,49.304547],[-1.241961,49.304572],[-1.242027,49.304586],[-1.242195,49.304563],[-1.242232,49.304569]]]}},{"type":"Feature","properties":{},"geometry":{"type":"Polygon","coordinates":[[[-1.248629,49.311939],[-1.248547,49.312055],[-1.24852,49.312095],[-1.248663,49.312143],[-1.248667,49.312137],[-1.248687,49.312109],[-1.248656,49.312099],[-1.248748,49.311976],[-1.248629,49.311939]]]}},{"type":"Feature","properties":{},"geometry":{"type":"Polygon","coordinates":[[[-1.245147,49.303278],[-1.245193,49.303246],[-1.24515,49.30322],[-1.245104,49.303251],[-1.245081,49.303237],[-1.245066,49.303245],[-1.245093,49.303262],[-1.245117,49.303261],[-1.245147,49.303278]]]}},{"type":"Feature","properties":{},"geometry":{"type":"Polygon","coordinates":[[[-1.24941,49.300021],[-1.249511,49.300028],[-1.249517,49.299974],[-1.249557,49.299976],[-1.249564,49.299917],[-1.249499,49.299912],[-1.249495,49.299936],[-1.249425,49.299932],[-1.24941,49.300021]]]}},{"type":"Feature","properties":{},"geometry":{"type":"Polygon","coordinates":[[[-1.257582,49.29233],[-1.257667,49.292258],[-1.25748,49.292163],[-1.257458,49.292182],[-1.257517,49.292211],[-1.257501,49.292225],[-1.257479,49.292213],[-1.257432,49.292253],[-1.257582,49.29233]]]}},{"type":"Feature","properties":{},"geometry":{"type":"Polygon","coordinates":[[[-1.244721,49.304211],[-1.244719,49.304205],[-1.244695,49.304168],[-1.244685,49.304153],[-1.244625,49.304171],[-1.244607,49.304176],[-1.244633,49.304233],[-1.244643,49.304231],[-1.244721,49.304211]]]}},{"type":"Feature","properties":{},"geometry":{"type":"Polygon","coordinates":[[[-1.242084,49.304322],[-1.241965,49.304305],[-1.241963,49.304405],[-1.242105,49.304409],[-1.242109,49.304374],[-1.24211,49.304372],[-1.242122,49.304328],[-1.242111,49.304327],[-1.242084,49.304322]]]}},{"type":"Feature","properties":{},"geometry":{"type":"Polygon","coordinates":[[[-1.238941,49.30865],[-1.238964,49.308651],[-1.238983,49.308545],[-1.238833,49.308533],[-1.238826,49.308566],[-1.238846,49.308568],[-1.238832,49.308641],[-1.238882,49.308645],[-1.238941,49.30865]]]}},{"type":"Feature","properties":{},"geometry":{"type":"Polygon","coordinates":[[[-1.251611,49.305645],[-1.251672,49.305715],[-1.251714,49.305691],[-1.251798,49.305643],[-1.251889,49.305591],[-1.251859,49.305557],[-1.251805,49.305591],[-1.251773,49.305552],[-1.251611,49.305645]]]}},{"type":"Feature","properties":{},"geometry":{"type":"Polygon","coordinates":[[[-1.243702,49.304684],[-1.243564,49.304724],[-1.243608,49.304805],[-1.243667,49.304786],[-1.243695,49.304777],[-1.243707,49.304793],[-1.243769,49.304773],[-1.243749,49.304747],[-1.243702,49.304684]]]}},{"type":"Feature","properties":{},"geometry":{"type":"Polygon","coordinates":[[[-1.252095,49.30683],[-1.252137,49.306876],[-1.252103,49.306889],[-1.252121,49.306908],[-1.252157,49.306894],[-1.25218,49.30692],[-1.252377,49.306843],[-1.252295,49.306749],[-1.252095,49.30683]]]}},{"type":"Feature","properties":{},"geometry":{"type":"Polygon","coordinates":[[[-1.253215,49.307181],[-1.253198,49.307163],[-1.253221,49.307154],[-1.253122,49.307043],[-1.253021,49.307083],[-1.253121,49.307193],[-1.253165,49.307175],[-1.253182,49.307194],[-1.253215,49.307181]]]}},{"type":"Feature","properties":{},"geometry":{"type":"Polygon","coordinates":[[[-1.25419,49.296861],[-1.254141,49.296843],[-1.254147,49.296836],[-1.254028,49.296793],[-1.253982,49.296847],[-1.254054,49.296874],[-1.254036,49.296896],[-1.254131,49.296931],[-1.25419,49.296861]]]}},{"type":"Feature","properties":{},"geometry":{"type":"Polygon","coordinates":[[[-1.257229,49.306619],[-1.257197,49.306598],[-1.257205,49.306593],[-1.25709,49.306514],[-1.257073,49.306524],[-1.257023,49.306555],[-1.257006,49.306565],[-1.257154,49.306666],[-1.257229,49.306619]]]}},{"type":"Feature","properties":{},"geometry":{"type":"Polygon","coordinates":[[[-1.25436,49.308262],[-1.254376,49.308251],[-1.254378,49.308253],[-1.254488,49.30818],[-1.254414,49.308132],[-1.254304,49.308205],[-1.254344,49.308231],[-1.254329,49.308242],[-1.25436,49.308262]]]}},{"type":"Feature","properties":{},"geometry":{"type":"Polygon","coordinates":[[[-1.261744,49.302924],[-1.261775,49.303328],[-1.262827,49.303295],[-1.262797,49.302891],[-1.262351,49.302905],[-1.26235,49.302887],[-1.261893,49.302902],[-1.261894,49.302919],[-1.261744,49.302924]]]}},{"type":"Feature","properties":{},"geometry":{"type":"Polygon","coordinates":[[[-1.256411,49.307975],[-1.256493,49.308032],[-1.256633,49.307947],[-1.256552,49.307889],[-1.256504,49.307856],[-1.256457,49.307885],[-1.256479,49.3079],[-1.256504,49.307919],[-1.256411,49.307975]]]}},{"type":"Feature","properties":{},"geometry":{"type":"Polygon","coordinates":[[[-1.248816,49.300822],[-1.248903,49.300828],[-1.248917,49.300738],[-1.248943,49.30074],[-1.248948,49.300713],[-1.248876,49.300708],[-1.248871,49.300735],[-1.24883,49.300732],[-1.248816,49.300822]]]}},{"type":"Feature","properties":{},"geometry":{"type":"Polygon","coordinates":[[[-1.264387,49.310317],[-1.264468,49.31035],[-1.26454,49.310292],[-1.264455,49.310256],[-1.264453,49.310258],[-1.264413,49.310241],[-1.264377,49.310279],[-1.264412,49.310294],[-1.264387,49.310317]]]}},{"type":"Feature","properties":{},"geometry":{"type":"Polygon","coordinates":[[[-1.246555,49.301193],[-1.246666,49.301202],[-1.246663,49.301222],[-1.246722,49.301227],[-1.246713,49.301281],[-1.246782,49.301287],[-1.246801,49.301164],[-1.246567,49.301149],[-1.246555,49.301193]]]}},{"type":"Feature","properties":{},"geometry":{"type":"Polygon","coordinates":[[[-1.247549,49.30216],[-1.247698,49.302151],[-1.247691,49.302094],[-1.247683,49.302094],[-1.247681,49.302082],[-1.247648,49.302084],[-1.247646,49.30207],[-1.247538,49.302076],[-1.247549,49.30216]]]}},{"type":"Feature","properties":{},"geometry":{"type":"Polygon","coordinates":[[[-1.256979,49.30072],[-1.256986,49.300754],[-1.257054,49.300749],[-1.257122,49.300744],[-1.257115,49.3007],[-1.257114,49.300691],[-1.257046,49.300697],[-1.256976,49.300702],[-1.256979,49.30072]]]}},{"type":"Feature","properties":{},"geometry":{"type":"Polygon","coordinates":[[[-1.242569,49.304141],[-1.242527,49.304215],[-1.242508,49.304248],[-1.242599,49.304268],[-1.242616,49.30424],[-1.242622,49.30424],[-1.242636,49.304216],[-1.242663,49.304168],[-1.242569,49.304141]]]}},{"type":"Feature","properties":{},"geometry":{"type":"Polygon","coordinates":[[[-1.256612,49.295505],[-1.2566444,49.295456],[-1.256649,49.295449],[-1.25654,49.295419],[-1.256561,49.295387],[-1.256486,49.295368],[-1.256479,49.295378],[-1.256449,49.295424],[-1.25643,49.295456],[-1.256612,49.295505]]]}},{"type":"Feature","properties":{},"geometry":{"type":"Polygon","coordinates":[[[-1.246627,49.301618],[-1.246586,49.301615],[-1.246582,49.301643],[-1.246652,49.301648],[-1.246657,49.301612],[-1.246733,49.301616],[-1.246746,49.301526],[-1.246643,49.301519],[-1.246627,49.301618]]]}},{"type":"Feature","properties":{},"geometry":{"type":"Polygon","coordinates":[[[-1.24583,49.304125],[-1.246075,49.304337],[-1.246083,49.304344],[-1.246119,49.304328],[-1.246125,49.304325],[-1.246045,49.304246],[-1.246061,49.304238],[-1.245896,49.304097],[-1.24583,49.304125]]]}},{"type":"Feature","properties":{},"geometry":{"type":"Polygon","coordinates":[[[-1.248142,49.300894],[-1.248184,49.300837],[-1.248162,49.30083],[-1.248178,49.300808],[-1.248111,49.300787],[-1.248095,49.300809],[-1.248047,49.300794],[-1.248005,49.300851],[-1.248142,49.300894]]]}},{"type":"Feature","properties":{},"geometry":{"type":"Polygon","coordinates":[[[-1.259622,49.313361],[-1.25948,49.313204],[-1.259599,49.313158],[-1.259423,49.312963],[-1.258858,49.313179],[-1.258627,49.313332],[-1.258928,49.313625],[-1.259172,49.313533],[-1.259622,49.313361]]]}},{"type":"Feature","properties":{},"geometry":{"type":"Polygon","coordinates":[[[-1.243175,49.301189],[-1.243178,49.301191],[-1.243231,49.301152],[-1.24316,49.301111],[-1.243107,49.301149],[-1.243065,49.301124],[-1.243007,49.301164],[-1.243115,49.301234],[-1.243175,49.301189]]]}},{"type":"Feature","properties":{},"geometry":{"type":"Polygon","coordinates":[[[-1.2565045,49.294824],[-1.2564494,49.2948087],[-1.2564385,49.2948254],[-1.2563316,49.2947959],[-1.2562838,49.2948695],[-1.2563267,49.2948813],[-1.2563301,49.2948761],[-1.2564494,49.294909],[-1.2564499,49.2949082],[-1.256493,49.2948418],[-1.2565045,49.294824]]]}},{"type":"Feature","properties":{},"geometry":{"type":"Polygon","coordinates":[[[-1.256262,49.306739],[-1.256296,49.306716],[-1.256291,49.306713],[-1.256413,49.306631],[-1.25633,49.306579],[-1.256206,49.306661],[-1.256221,49.30667],[-1.25619,49.306692],[-1.256262,49.306739]]]}},{"type":"Feature","properties":{},"geometry":{"type":"Polygon","coordinates":[[[-1.267302,49.306886],[-1.267191,49.306872],[-1.267182,49.306901],[-1.267287,49.306917],[-1.267285,49.306926],[-1.267356,49.306939],[-1.267391,49.306832],[-1.267322,49.306823],[-1.267302,49.306886]]]}},{"type":"Feature","properties":{},"geometry":{"type":"Polygon","coordinates":[[[-1.256161,49.298357],[-1.256274,49.298352],[-1.256265,49.298254],[-1.256353,49.29825],[-1.256347,49.298187],[-1.256256,49.298191],[-1.25626,49.298228],[-1.256149,49.298233],[-1.256161,49.298357]]]}},{"type":"Feature","properties":{},"geometry":{"type":"Polygon","coordinates":[[[-1.245515,49.308437],[-1.245699,49.308469],[-1.245722,49.308473],[-1.245751,49.308415],[-1.245694,49.308404],[-1.245672,49.3084],[-1.245541,49.308376],[-1.245532,49.308398],[-1.245515,49.308437]]]}},{"type":"Feature","properties":{},"geometry":{"type":"Polygon","coordinates":[[[-1.260437,49.287601],[-1.260026,49.287582],[-1.260002,49.287824],[-1.260248,49.287836],[-1.260255,49.287763],[-1.260331,49.287766],[-1.260338,49.287711],[-1.260424,49.287715],[-1.260437,49.287601]]]}},{"type":"Feature","properties":{},"geometry":{"type":"Polygon","coordinates":[[[-1.258789,49.292524],[-1.258868,49.292476],[-1.258764,49.292403],[-1.258685,49.292452],[-1.258723,49.292478],[-1.258717,49.292482],[-1.258754,49.292508],[-1.258761,49.292504],[-1.258789,49.292524]]]}},{"type":"Feature","properties":{},"geometry":{"type":"Polygon","coordinates":[[[-1.248626,49.303679],[-1.248475,49.303817],[-1.248365,49.303917],[-1.248649,49.304054],[-1.248732,49.303976],[-1.248764,49.303947],[-1.248834,49.303883],[-1.24891,49.303813],[-1.248626,49.303679]]]}},{"type":"Feature","properties":{},"geometry":{"type":"Polygon","coordinates":[[[-1.260908,49.293991],[-1.260893,49.293958],[-1.261026,49.293934],[-1.260999,49.293872],[-1.260866,49.293896],[-1.26088,49.293929],[-1.260748,49.293953],[-1.260774,49.294015],[-1.260908,49.293991]]]}},{"type":"Feature","properties":{},"geometry":{"type":"Polygon","coordinates":[[[-1.247928,49.302286],[-1.247871,49.302367],[-1.247874,49.302368],[-1.247915,49.302385],[-1.247929,49.302391],[-1.247955,49.302355],[-1.248013,49.302378],[-1.248053,49.302335],[-1.247928,49.302286]]]}},{"type":"Feature","properties":{},"geometry":{"type":"Polygon","coordinates":[[[-1.253657,49.287808],[-1.253665,49.287803],[-1.253638,49.287787],[-1.253613,49.287805],[-1.253639,49.28782],[-1.253566,49.287872],[-1.25362,49.287904],[-1.25371,49.287838],[-1.253657,49.287808]]]}},{"type":"Feature","properties":{},"geometry":{"type":"Polygon","coordinates":[[[-1.264897,49.308196],[-1.264948,49.30813],[-1.264898,49.308113],[-1.264895,49.308117],[-1.26475,49.308069],[-1.264699,49.308134],[-1.264846,49.308183],[-1.264848,49.308181],[-1.264897,49.308196]]]}},{"type":"Feature","properties":{},"geometry":{"type":"Polygon","coordinates":[[[-1.254905,49.297834],[-1.255016,49.297834],[-1.255018,49.297754],[-1.254949,49.297753],[-1.254949,49.297721],[-1.254908,49.297721],[-1.254907,49.29773],[-1.254906,49.29781],[-1.254905,49.297834]]]}},{"type":"Feature","properties":{},"geometry":{"type":"Polygon","coordinates":[[[-1.24612,49.303777],[-1.246087,49.303797],[-1.24615,49.303842],[-1.246269,49.303784],[-1.246127,49.303675],[-1.246042,49.303717],[-1.246096,49.303767],[-1.246101,49.303763],[-1.24612,49.303777]]]}},{"type":"Feature","properties":{},"geometry":{"type":"Polygon","coordinates":[[[-1.244696,49.299908],[-1.244578,49.299985],[-1.244609,49.300005],[-1.244663,49.300039],[-1.244733,49.29999],[-1.244727,49.299987],[-1.2448,49.299937],[-1.244724,49.299889],[-1.244696,49.299908]]]}},{"type":"Feature","properties":{},"geometry":{"type":"Polygon","coordinates":[[[-1.248656,49.300563],[-1.248589,49.300559],[-1.248582,49.300602],[-1.248512,49.300598],[-1.248503,49.300664],[-1.248641,49.300673],[-1.248655,49.300609],[-1.248647,49.300608],[-1.248656,49.300563]]]}},{"type":"Feature","properties":{},"geometry":{"type":"Polygon","coordinates":[[[-1.258109,49.311075],[-1.258433,49.311244],[-1.258604,49.311103],[-1.258281,49.310935],[-1.258196,49.311005],[-1.258169,49.310991],[-1.25814,49.311014],[-1.258166,49.311028],[-1.258109,49.311075]]]}},{"type":"Feature","properties":{},"geometry":{"type":"Polygon","coordinates":[[[-1.24941,49.300021],[-1.249393,49.300134],[-1.249434,49.300136],[-1.249539,49.300144],[-1.249544,49.300144],[-1.249547,49.300115],[-1.249498,49.300112],[-1.249511,49.300028],[-1.24941,49.300021]]]}},{"type":"Feature","properties":{},"geometry":{"type":"Polygon","coordinates":[[[-1.257547,49.293464],[-1.257508,49.293489],[-1.257573,49.293531],[-1.257612,49.293505],[-1.257581,49.293485],[-1.257684,49.293414],[-1.2576,49.293361],[-1.257497,49.293431],[-1.257547,49.293464]]]}},{"type":"Feature","properties":{},"geometry":{"type":"Polygon","coordinates":[[[-1.243204,49.301081],[-1.243279,49.301121],[-1.243335,49.301081],[-1.243262,49.301042],[-1.24326,49.301041],[-1.243228,49.301027],[-1.243224,49.30103],[-1.24317,49.301068],[-1.243204,49.301081]]]}},{"type":"Feature","properties":{},"geometry":{"type":"Polygon","coordinates":[[[-1.25761,49.295215],[-1.257666,49.295208],[-1.25772,49.295233],[-1.25778,49.295178],[-1.257771,49.295152],[-1.257691,49.295115],[-1.257654,49.29515],[-1.257595,49.295157],[-1.25761,49.295215]]]}},{"type":"Feature","properties":{},"geometry":{"type":"Polygon","coordinates":[[[-1.255786,49.307204],[-1.255835,49.307144],[-1.255698,49.307097],[-1.255708,49.307085],[-1.255668,49.30707],[-1.255595,49.307159],[-1.255632,49.307172],[-1.255646,49.307155],[-1.255786,49.307204]]]}},{"type":"Feature","properties":{},"geometry":{"type":"Polygon","coordinates":[[[-1.240129,49.303741],[-1.240273,49.303788],[-1.240278,49.303782],[-1.240336,49.3038],[-1.24036,49.303767],[-1.2403,49.303749],[-1.240328,49.303711],[-1.240183,49.303666],[-1.240129,49.303741]]]}},{"type":"Feature","properties":{},"geometry":{"type":"Polygon","coordinates":[[[-1.259408,49.300837],[-1.259407,49.300802],[-1.259216,49.300804],[-1.259222,49.300978],[-1.259318,49.300976],[-1.259317,49.300951],[-1.259314,49.300871],[-1.259314,49.300838],[-1.259408,49.300837]]]}},{"type":"Feature","properties":{},"geometry":{"type":"Polygon","coordinates":[[[-1.238494,49.308241],[-1.238578,49.308294],[-1.238888,49.308083],[-1.238873,49.308073],[-1.238899,49.308055],[-1.23884,49.308018],[-1.238808,49.30804],[-1.238798,49.308034],[-1.238494,49.308241]]]}},{"type":"Feature","properties":{},"geometry":{"type":"Polygon","coordinates":[[[-1.249436,49.304195],[-1.249457,49.304179],[-1.249465,49.304183],[-1.249607,49.304161],[-1.249462,49.304079],[-1.249386,49.304133],[-1.249414,49.30415],[-1.249392,49.304169],[-1.249436,49.304195]]]}},{"type":"Feature","properties":{},"geometry":{"type":"Polygon","coordinates":[[[-1.238078,49.309953],[-1.238069,49.309882],[-1.23802,49.309885],[-1.237972,49.309887],[-1.237926,49.309889],[-1.237875,49.309892],[-1.237823,49.309894],[-1.237833,49.309967],[-1.238078,49.309953]]]}},{"type":"Feature","properties":{},"geometry":{"type":"Polygon","coordinates":[[[-1.249688,49.299756],[-1.249615,49.299722],[-1.249578,49.299758],[-1.24957,49.299756],[-1.249509,49.299816],[-1.249618,49.299863],[-1.249677,49.299805],[-1.249648,49.299792],[-1.249688,49.299756]]]}},{"type":"Feature","properties":{},"geometry":{"type":"Polygon","coordinates":[[[-1.240849,49.304201],[-1.240625,49.304057],[-1.24057,49.304091],[-1.240731,49.304198],[-1.240681,49.304212],[-1.240533,49.304246],[-1.240557,49.304291],[-1.240807,49.304229],[-1.240849,49.304201]]]}},{"type":"Feature","properties":{},"geometry":{"type":"Polygon","coordinates":[[[-1.237787,49.302349],[-1.237671,49.302341],[-1.237652,49.302466],[-1.237636,49.302466],[-1.237631,49.302498],[-1.237646,49.302499],[-1.23763,49.302604],[-1.237746,49.302611],[-1.237787,49.302349]]]}},{"type":"Feature","properties":{},"geometry":{"type":"Polygon","coordinates":[[[-1.243994,49.308158],[-1.244264,49.308212],[-1.244275,49.308189],[-1.244202,49.308174],[-1.244211,49.308153],[-1.244093,49.308129],[-1.24409,49.308137],[-1.24401,49.308122],[-1.243994,49.308158]]]}},{"type":"Feature","properties":{},"geometry":{"type":"Polygon","coordinates":[[[-1.256934,49.308537],[-1.25705,49.308611],[-1.257106,49.308573],[-1.257074,49.308552],[-1.257115,49.308523],[-1.257029,49.308469],[-1.257017,49.308478],[-1.256976,49.308507],[-1.256934,49.308537]]]}},{"type":"Feature","properties":{},"geometry":{"type":"Polygon","coordinates":[[[-1.255821,49.308065],[-1.255929,49.308077],[-1.255955,49.307978],[-1.255849,49.307965],[-1.255843,49.307987],[-1.255851,49.307989],[-1.255847,49.308002],[-1.255838,49.308001],[-1.255821,49.308065]]]}},{"type":"Feature","properties":{},"geometry":{"type":"Polygon","coordinates":[[[-1.243355,49.300452],[-1.243419,49.300405],[-1.243402,49.300396],[-1.243426,49.300377],[-1.243393,49.300357],[-1.243368,49.300376],[-1.243315,49.300346],[-1.243251,49.300393],[-1.243355,49.300452]]]}},{"type":"Feature","properties":{},"geometry":{"type":"Polygon","coordinates":[[[-1.246954,49.303865],[-1.246965,49.303875],[-1.247,49.303858],[-1.24699,49.303848],[-1.247035,49.303827],[-1.246972,49.303769],[-1.246893,49.303808],[-1.246889,49.303809],[-1.246954,49.303865]]]}},{"type":"Feature","properties":{},"geometry":{"type":"Polygon","coordinates":[[[-1.249098,49.302123],[-1.249147,49.302016],[-1.249008,49.301989],[-1.248989,49.302032],[-1.249015,49.302037],[-1.249006,49.302058],[-1.248992,49.302089],[-1.248987,49.302101],[-1.249098,49.302123]]]}},{"type":"Feature","properties":{},"geometry":{"type":"Polygon","coordinates":[[[-1.248726,49.300135],[-1.24881,49.300141],[-1.248817,49.300092],[-1.248972,49.300102],[-1.248981,49.300044],[-1.248823,49.300034],[-1.248826,49.300016],[-1.248744,49.300011],[-1.248726,49.300135]]]}},{"type":"Feature","properties":{},"geometry":{"type":"Polygon","coordinates":[[[-1.2417229,49.3073294],[-1.2417009,49.3073734],[-1.2417579,49.3073854],[-1.2417559,49.3073914],[-1.2418589,49.3074104],[-1.2418919,49.3073384],[-1.2417929,49.3073204],[-1.2417789,49.3073404],[-1.2417229,49.3073294]]]}},{"type":"Feature","properties":{},"geometry":{"type":"Polygon","coordinates":[[[-1.25868,49.289182],[-1.258623,49.28917],[-1.258612,49.289191],[-1.258429,49.289144],[-1.258384,49.289227],[-1.258569,49.289274],[-1.258592,49.289229],[-1.258649,49.289242],[-1.25868,49.289182]]]}},{"type":"Feature","properties":{},"geometry":{"type":"Polygon","coordinates":[[[-1.251096,49.30563],[-1.251137,49.305682],[-1.25118,49.305667],[-1.251182,49.305669],[-1.251214,49.305659],[-1.251244,49.305694],[-1.251305,49.305672],[-1.251203,49.305551],[-1.251096,49.30563]]]}},{"type":"Feature","properties":{},"geometry":{"type":"Polygon","coordinates":[[[-1.250221,49.300115],[-1.250058,49.300353],[-1.250127,49.300373],[-1.250143,49.300353],[-1.25017,49.300319],[-1.250237,49.300231],[-1.250244,49.300222],[-1.250306,49.300142],[-1.250221,49.300115]]]}},{"type":"Feature","properties":{},"geometry":{"type":"Polygon","coordinates":[[[-1.253571,49.301611],[-1.253522,49.30138],[-1.253378,49.301393],[-1.253368,49.301339],[-1.25293,49.301379],[-1.25299,49.301663],[-1.253571,49.301611]]]}},{"type":"Feature","properties":{},"geometry":{"type":"Polygon","coordinates":[[[-1.261497,49.294014],[-1.261508,49.293926],[-1.261394,49.29392],[-1.26139,49.293954],[-1.261387,49.293977],[-1.261373,49.293976],[-1.261361,49.293976],[-1.261357,49.294007],[-1.261497,49.294014]]]}},{"type":"Feature","properties":{},"geometry":{"type":"Polygon","coordinates":[[[-1.255765,49.305548],[-1.255821,49.305568],[-1.255803,49.305589],[-1.255935,49.305637],[-1.255987,49.305575],[-1.255853,49.305528],[-1.255861,49.305518],[-1.255805,49.305498],[-1.255765,49.305548]]]}},{"type":"Feature","properties":{},"geometry":{"type":"Polygon","coordinates":[[[-1.259597,49.293596],[-1.259509,49.293638],[-1.259573,49.293694],[-1.259539,49.293711],[-1.259562,49.293731],[-1.259705,49.293662],[-1.259662,49.293624],[-1.25964,49.293635],[-1.259597,49.293596]]]}},{"type":"Feature","properties":{},"geometry":{"type":"Polygon","coordinates":[[[-1.254401,49.296319],[-1.254207,49.296232],[-1.254128,49.296307],[-1.254174,49.296328],[-1.254184,49.296319],[-1.254229,49.296339],[-1.25422,49.296347],[-1.254323,49.296393],[-1.254401,49.296319]]]}},{"type":"Feature","properties":{},"geometry":{"type":"Polygon","coordinates":[[[-1.238461,49.303182],[-1.238347,49.303198],[-1.23837,49.303257],[-1.238376,49.303272],[-1.238382,49.303287],[-1.238476,49.303274],[-1.23846,49.303226],[-1.238475,49.303224],[-1.238461,49.303182]]]}},{"type":"Feature","properties":{},"geometry":{"type":"Polygon","coordinates":[[[-1.253047,49.308539],[-1.252992,49.30848],[-1.25291,49.308513],[-1.252876,49.308476],[-1.252838,49.30849],[-1.252842,49.308494],[-1.252893,49.308549],[-1.252929,49.308587],[-1.253047,49.308539]]]}},{"type":"Feature","properties":{},"geometry":{"type":"Polygon","coordinates":[[[-1.255968,49.300737],[-1.255979,49.300762],[-1.256047,49.30075],[-1.25611,49.300739],[-1.256104,49.300723],[-1.256089,49.300688],[-1.256023,49.3007],[-1.255958,49.300709],[-1.255968,49.300737]]]}},{"type":"Feature","properties":{},"geometry":{"type":"Polygon","coordinates":[[[-1.24331,49.302907],[-1.243235,49.30305],[-1.24324,49.303055],[-1.243251,49.303057],[-1.243319,49.303061],[-1.243369,49.302995],[-1.2434,49.302955],[-1.243417,49.302932],[-1.24331,49.302907]]]}},{"type":"Feature","properties":{},"geometry":{"type":"Polygon","coordinates":[[[-1.240021,49.306119],[-1.240049,49.306133],[-1.240138,49.306178],[-1.240223,49.306107],[-1.240135,49.306061],[-1.24008,49.306106],[-1.240026,49.306077],[-1.239993,49.306104],[-1.240021,49.306119]]]}},{"type":"Feature","properties":{},"geometry":{"type":"Polygon","coordinates":[[[-1.258557,49.293595],[-1.258519,49.293625],[-1.258503,49.293616],[-1.258429,49.293674],[-1.258578,49.293755],[-1.2586022,49.293736],[-1.2586291,49.293715],[-1.258652,49.293697],[-1.258589,49.293662],[-1.258626,49.293633],[-1.258557,49.293595]]]}},{"type":"Feature","properties":{},"geometry":{"type":"Polygon","coordinates":[[[-1.249248,49.29922],[-1.249309,49.299164],[-1.249261,49.299141],[-1.249252,49.299149],[-1.249171,49.29911],[-1.249159,49.299121],[-1.249126,49.299151],[-1.249118,49.299159],[-1.249248,49.29922]]]}},{"type":"Feature","properties":{},"geometry":{"type":"Polygon","coordinates":[[[-1.24758,49.304449],[-1.247414,49.30446],[-1.247425,49.304528],[-1.247464,49.304526],[-1.247491,49.304689],[-1.247452,49.304692],[-1.24746,49.304748],[-1.247626,49.304736],[-1.24758,49.304449]]]}},{"type":"Feature","properties":{},"geometry":{"type":"Polygon","coordinates":[[[-1.252741,49.297587],[-1.252773,49.297523],[-1.252694,49.297506],[-1.252697,49.297501],[-1.252627,49.297486],[-1.252589,49.297554],[-1.252637,49.297564],[-1.252694,49.297576],[-1.252741,49.297587]]]}},{"type":"Feature","properties":{},"geometry":{"type":"Polygon","coordinates":[[[-1.246938,49.297439],[-1.247137,49.297431],[-1.24713,49.297355],[-1.247112,49.297356],[-1.247098,49.297347],[-1.247054,49.297349],[-1.247041,49.297358],[-1.246931,49.297362],[-1.246938,49.297439]]]}},{"type":"Feature","properties":{},"geometry":{"type":"Polygon","coordinates":[[[-1.260867,49.294496],[-1.260864,49.294495],[-1.260835,49.294473],[-1.260792,49.294469],[-1.260752,49.294455],[-1.2607,49.294518],[-1.260773,49.294544],[-1.260815,49.294559],[-1.260867,49.294496]]]}},{"type":"Feature","properties":{},"geometry":{"type":"Polygon","coordinates":[[[-1.256916,49.294997],[-1.256803,49.294968],[-1.256763,49.295031],[-1.256776,49.295034],[-1.25676,49.295061],[-1.25687,49.29509],[-1.256888,49.295062],[-1.256878,49.295059],[-1.256916,49.294997]]]}},{"type":"Feature","properties":{},"geometry":{"type":"Polygon","coordinates":[[[-1.254366,49.306729],[-1.254453,49.306803],[-1.254544,49.306757],[-1.254571,49.306743],[-1.254608,49.306725],[-1.254538,49.306665],[-1.25442,49.306723],[-1.254404,49.30671],[-1.254366,49.306729]]]}},{"type":"Feature","properties":{},"geometry":{"type":"Polygon","coordinates":[[[-1.2411329,49.3070793],[-1.2412499,49.3071013],[-1.2412779,49.3070373],[-1.2412649,49.3070353],[-1.2412809,49.3069993],[-1.2412129,49.3069863],[-1.2411959,49.3070223],[-1.2411609,49.3070173],[-1.2411329,49.3070793]]]}},{"type":"Feature","properties":{},"geometry":{"type":"Polygon","coordinates":[[[-1.259889,49.30083],[-1.259989,49.300828],[-1.259989,49.300858],[-1.259989,49.300938],[-1.259988,49.300967],[-1.260086,49.300965],[-1.260078,49.300791],[-1.259887,49.300794],[-1.259889,49.30083]]]}},{"type":"Feature","properties":{},"geometry":{"type":"Polygon","coordinates":[[[-1.246133,49.299134],[-1.246275,49.299056],[-1.246193,49.298993],[-1.246141,49.299021],[-1.246158,49.299034],[-1.246109,49.299061],[-1.246103,49.299056],[-1.246061,49.299078],[-1.246133,49.299134]]]}},{"type":"Feature","properties":{},"geometry":{"type":"Polygon","coordinates":[[[-1.244719,49.304205],[-1.244721,49.304211],[-1.244729,49.304242],[-1.244833,49.304218],[-1.244911,49.3042],[-1.244898,49.304176],[-1.244895,49.304177],[-1.244888,49.304164],[-1.244719,49.304205]]]}},{"type":"Feature","properties":{},"geometry":{"type":"Polygon","coordinates":[[[-1.268343,49.285018],[-1.268305,49.284996],[-1.268262,49.285029],[-1.268228,49.285015],[-1.268111,49.285102],[-1.268166,49.285138],[-1.268288,49.285059],[-1.26828,49.285052],[-1.268343,49.285018]]]}},{"type":"Feature","properties":{},"geometry":{"type":"Polygon","coordinates":[[[-1.241703,49.303893],[-1.241567,49.304083],[-1.241552,49.304107],[-1.241579,49.304113],[-1.241608,49.304118],[-1.241642,49.304035],[-1.241715,49.304046],[-1.24177,49.303915],[-1.241703,49.303893]]]}},{"type":"Feature","properties":{},"geometry":{"type":"Polygon","coordinates":[[[-1.253913,49.29604],[-1.253811,49.295999],[-1.253727,49.296089],[-1.253741,49.296094],[-1.253687,49.296151],[-1.25377,49.296184],[-1.253825,49.296125],[-1.253832,49.296126],[-1.253913,49.29604]]]}},{"type":"Feature","properties":{},"geometry":{"type":"Polygon","coordinates":[[[-1.254568,49.30874],[-1.254661,49.308699],[-1.254793,49.308638],[-1.254765,49.30861],[-1.25463,49.308671],[-1.254624,49.308666],[-1.25449,49.308727],[-1.254525,49.30876],[-1.254568,49.30874]]]}},{"type":"Feature","properties":{},"geometry":{"type":"Polygon","coordinates":[[[-1.260478,49.29374],[-1.260385,49.293785],[-1.260418,49.293814],[-1.260425,49.29381],[-1.26047,49.29385],[-1.260474,49.293848],[-1.260502,49.293874],[-1.260585,49.293834],[-1.260478,49.29374]]]}},{"type":"Feature","properties":{},"geometry":{"type":"Polygon","coordinates":[[[-1.242951,49.304043],[-1.242941,49.304067],[-1.242892,49.304171],[-1.242943,49.304191],[-1.242975,49.30412],[-1.243004,49.304055],[-1.24303,49.303997],[-1.242977,49.303989],[-1.242951,49.304043]]]}},{"type":"Feature","properties":{},"geometry":{"type":"Polygon","coordinates":[[[-1.247536,49.30097],[-1.247581,49.300972],[-1.24758,49.300983],[-1.247613,49.300985],[-1.247614,49.300974],[-1.247659,49.300976],[-1.247664,49.300932],[-1.24754,49.300927],[-1.247536,49.30097]]]}},{"type":"Feature","properties":{},"geometry":{"type":"Polygon","coordinates":[[[-1.253958,49.287604],[-1.253896,49.287549],[-1.253795,49.2876],[-1.253862,49.287653],[-1.253903,49.287631],[-1.253919,49.287643],[-1.253962,49.28762],[-1.253948,49.287609],[-1.253958,49.287604]]]}},{"type":"Feature","properties":{},"geometry":{"type":"Polygon","coordinates":[[[-1.235513,49.301936],[-1.23584,49.301911],[-1.235757,49.301491],[-1.235599,49.301503],[-1.2356,49.30151],[-1.235524,49.301517],[-1.235523,49.301509],[-1.235426,49.301516],[-1.235513,49.301936]]]}},{"type":"Feature","properties":{},"geometry":{"type":"Polygon","coordinates":[[[-1.246624,49.307643],[-1.246586,49.307581],[-1.246564,49.307587],[-1.246537,49.307542],[-1.246417,49.307574],[-1.246452,49.307631],[-1.246473,49.307626],[-1.246504,49.307675],[-1.246624,49.307643]]]}},{"type":"Feature","properties":{},"geometry":{"type":"Polygon","coordinates":[[[-1.264593,49.295221],[-1.264853,49.295158],[-1.264846,49.295147],[-1.264869,49.295142],[-1.264861,49.295127],[-1.264843,49.295131],[-1.264831,49.295107],[-1.264566,49.295172],[-1.264593,49.295221]]]}},{"type":"Feature","properties":{},"geometry":{"type":"Polygon","coordinates":[[[-1.243556,49.303898],[-1.243563,49.303898],[-1.243554,49.303868],[-1.243527,49.303871],[-1.243491,49.303876],[-1.243502,49.303913],[-1.243497,49.303924],[-1.243543,49.303931],[-1.243556,49.303898]]]}},{"type":"Feature","properties":{},"geometry":{"type":"Polygon","coordinates":[[[-1.249301,49.300933],[-1.249371,49.300958],[-1.249394,49.300933],[-1.249445,49.300946],[-1.249506,49.300845],[-1.249424,49.300825],[-1.249391,49.300817],[-1.249366,49.300852],[-1.249301,49.300933]]]}},{"type":"Feature","properties":{},"geometry":{"type":"Polygon","coordinates":[[[-1.253747,49.291853],[-1.253984,49.291716],[-1.253923,49.291667],[-1.253631,49.291475],[-1.253574,49.291477],[-1.253538,49.291501],[-1.253849,49.291705],[-1.25368,49.291803],[-1.253747,49.291853]]]}},{"type":"Feature","properties":{},"geometry":{"type":"Polygon","coordinates":[[[-1.255767,49.298949],[-1.255688,49.298892],[-1.255534,49.298983],[-1.255545,49.298992],[-1.255514,49.29901],[-1.255569,49.29905],[-1.255601,49.299031],[-1.255614,49.29904],[-1.255767,49.298949]]]}},{"type":"Feature","properties":{},"geometry":{"type":"Polygon","coordinates":[[[-1.256896,49.298669],[-1.257084,49.298647],[-1.257072,49.298606],[-1.257063,49.298575],[-1.257018,49.298582],[-1.256934,49.298592],[-1.25693,49.29858],[-1.256873,49.298587],[-1.256896,49.298669]]]}},{"type":"Feature","properties":{},"geometry":{"type":"Polygon","coordinates":[[[-1.246979,49.299689],[-1.246868,49.299682],[-1.246861,49.299729],[-1.246937,49.299734],[-1.246928,49.299799],[-1.247067,49.299807],[-1.247076,49.299742],[-1.246972,49.299735],[-1.246979,49.299689]]]}},{"type":"Feature","properties":{},"geometry":{"type":"Polygon","coordinates":[[[-1.259573,49.303918],[-1.25969,49.303909],[-1.259639,49.303679],[-1.259659,49.303677],[-1.259651,49.303634],[-1.259514,49.303649],[-1.259535,49.303753],[-1.259573,49.303918]]]}},{"type":"Feature","properties":{},"geometry":{"type":"Polygon","coordinates":[[[-1.257373,49.29493],[-1.25728,49.294906],[-1.257243,49.294915],[-1.257202,49.294977],[-1.257265,49.294995],[-1.257285,49.295026],[-1.257367,49.295003],[-1.257347,49.294972],[-1.257373,49.29493]]]}},{"type":"Feature","properties":{},"geometry":{"type":"Polygon","coordinates":[[[-1.246773,49.298776],[-1.246668,49.298725],[-1.246578,49.298803],[-1.246617,49.298822],[-1.246568,49.298864],[-1.246646,49.298902],[-1.246696,49.298858],[-1.246684,49.298853],[-1.246773,49.298776]]]}},{"type":"Feature","properties":{},"geometry":{"type":"Polygon","coordinates":[[[-1.258733,49.293099],[-1.258819,49.293047],[-1.258702,49.292964],[-1.258697,49.292967],[-1.258662,49.292943],[-1.258577,49.292995],[-1.258613,49.293021],[-1.258618,49.293018],[-1.258733,49.293099]]]}},{"type":"Feature","properties":{},"geometry":{"type":"Polygon","coordinates":[[[-1.249761,49.304326],[-1.24978,49.304312],[-1.249785,49.304315],[-1.249811,49.304296],[-1.249803,49.304292],[-1.249815,49.304283],[-1.249712,49.304223],[-1.249661,49.304268],[-1.249761,49.304326]]]}},{"type":"Feature","properties":{},"geometry":{"type":"Polygon","coordinates":[[[-1.258059,49.294473],[-1.257947,49.294443],[-1.257951,49.294437],[-1.2579,49.294423],[-1.257857,49.294491],[-1.257902,49.294503],[-1.257898,49.294509],[-1.258018,49.294541],[-1.258059,49.294473]]]}},{"type":"Feature","properties":{},"geometry":{"type":"Polygon","coordinates":[[[-1.241622,49.3069592],[-1.241636,49.3069252],[-1.241664,49.3068572],[-1.241632,49.3068512],[-1.241562,49.3068382],[-1.241551,49.3068362],[-1.241508,49.3069372],[-1.241573,49.3069492],[-1.241622,49.3069592]]]}},{"type":"Feature","properties":{},"geometry":{"type":"Polygon","coordinates":[[[-1.248343,49.299169],[-1.248395,49.299122],[-1.248284,49.29907],[-1.248234,49.299116],[-1.248234,49.29912],[-1.248217,49.299136],[-1.248258,49.299155],[-1.248276,49.299138],[-1.248343,49.299169]]]}},{"type":"Feature","properties":{},"geometry":{"type":"Polygon","coordinates":[[[-1.252422,49.305121],[-1.252452,49.305104],[-1.252476,49.305122],[-1.252529,49.305092],[-1.25245,49.305033],[-1.25241,49.305056],[-1.25239,49.305041],[-1.252347,49.305065],[-1.252422,49.305121]]]}},{"type":"Feature","properties":{},"geometry":{"type":"Polygon","coordinates":[[[-1.251837,49.305532],[-1.251855,49.305521],[-1.251886,49.305543],[-1.251965,49.305498],[-1.251884,49.305436],[-1.251804,49.305483],[-1.251838,49.305508],[-1.251821,49.305519],[-1.251837,49.305532]]]}},{"type":"Feature","properties":{},"geometry":{"type":"Polygon","coordinates":[[[-1.259741,49.293046],[-1.259705,49.293021],[-1.259695,49.293027],[-1.259613,49.29297],[-1.259533,49.293019],[-1.259617,49.293078],[-1.259633,49.293069],[-1.259665,49.293092],[-1.259741,49.293046]]]}},{"type":"Feature","properties":{},"geometry":{"type":"Polygon","coordinates":[[[-1.247757,49.300127],[-1.247959,49.30014],[-1.247968,49.300083],[-1.247899,49.300079],[-1.247904,49.300045],[-1.247839,49.300041],[-1.247834,49.300079],[-1.247764,49.300075],[-1.247757,49.300127]]]}},{"type":"Feature","properties":{},"geometry":{"type":"Polygon","coordinates":[[[-1.258385,49.294365],[-1.258393,49.294359],[-1.258431,49.294379],[-1.258491,49.294328],[-1.258453,49.294309],[-1.25846,49.294303],[-1.258333,49.294238],[-1.258258,49.294301],[-1.258385,49.294365]]]}},{"type":"Feature","properties":{},"geometry":{"type":"Polygon","coordinates":[[[-1.239074,49.308362],[-1.239077,49.308251],[-1.239084,49.30822],[-1.238999,49.308178],[-1.238995,49.308181],[-1.238972,49.308198],[-1.238887,49.308265],[-1.238886,49.308266],[-1.239074,49.308362]]]}},{"type":"Feature","properties":{},"geometry":{"type":"Polygon","coordinates":[[[-1.249209,49.301283],[-1.249246,49.301234],[-1.249127,49.301189],[-1.249106,49.301181],[-1.249085,49.301173],[-1.249038,49.301231],[-1.249102,49.301252],[-1.249126,49.301256],[-1.249209,49.301283]]]}},{"type":"Feature","properties":{},"geometry":{"type":"Polygon","coordinates":[[[-1.254258,49.288333],[-1.254283,49.288275],[-1.254197,49.28826],[-1.254203,49.288245],[-1.254107,49.288228],[-1.254116,49.288208],[-1.254035,49.288193],[-1.253996,49.288286],[-1.254258,49.288333]]]}},{"type":"Feature","properties":{},"geometry":{"type":"Polygon","coordinates":[[[-1.244092,49.304006],[-1.244051,49.303997],[-1.244029,49.304029],[-1.244153,49.304071],[-1.24417,49.304052],[-1.244126,49.304036],[-1.244121,49.304041],[-1.244086,49.304029],[-1.244092,49.304006]]]}},{"type":"Feature","properties":{},"geometry":{"type":"Polygon","coordinates":[[[-1.244916,49.304543],[-1.244916,49.304541],[-1.2448821,49.3045396],[-1.244842,49.304538],[-1.244819,49.304634],[-1.244795,49.304734],[-1.244839,49.304737],[-1.244862,49.30464],[-1.24489,49.304642],[-1.244916,49.304543]]]}},{"type":"Feature","properties":{},"geometry":{"type":"Polygon","coordinates":[[[-1.253683,49.291205],[-1.253591,49.291107],[-1.253534,49.291133],[-1.253579,49.291183],[-1.253565,49.291189],[-1.253602,49.291228],[-1.253609,49.291225],[-1.253617,49.291232],[-1.253683,49.291205]]]}},{"type":"Feature","properties":{},"geometry":{"type":"Polygon","coordinates":[[[-1.253523,49.307381],[-1.253541,49.307402],[-1.253655,49.307357],[-1.253678,49.30738],[-1.253647,49.307394],[-1.253737,49.307486],[-1.253851,49.307438],[-1.253717,49.307301],[-1.253523,49.307381]]]}},{"type":"Feature","properties":{},"geometry":{"type":"Polygon","coordinates":[[[-1.24868,49.305072],[-1.2486648,49.3050012],[-1.248653,49.304946],[-1.248722,49.304942],[-1.248716,49.304893],[-1.2486799,49.3048944],[-1.248641,49.304896],[-1.248639,49.304889],[-1.248561,49.304898],[-1.248601,49.305078],[-1.24868,49.305072]]]}},{"type":"Feature","properties":{},"geometry":{"type":"Polygon","coordinates":[[[-1.248279,49.300951],[-1.248422,49.300962],[-1.248425,49.300941],[-1.248438,49.300849],[-1.2484,49.300847],[-1.248378,49.300845],[-1.24837,49.30089],[-1.248291,49.300884],[-1.248279,49.300951]]]}},{"type":"Feature","properties":{},"geometry":{"type":"Polygon","coordinates":[[[-1.242663,49.304168],[-1.242636,49.304216],[-1.242652,49.30422],[-1.242636,49.304248],[-1.242628,49.304276],[-1.242676,49.304289],[-1.242691,49.304263],[-1.242735,49.304189],[-1.242663,49.304168]]]}},{"type":"Feature","properties":{},"geometry":{"type":"Polygon","coordinates":[[[-1.25388,49.297603],[-1.253988,49.297618],[-1.254014,49.29754],[-1.253948,49.297529],[-1.253956,49.297501],[-1.253917,49.297495],[-1.253914,49.297502],[-1.253887,49.297579],[-1.25388,49.297603]]]}},{"type":"Feature","properties":{},"geometry":{"type":"Polygon","coordinates":[[[-1.244338,49.300555],[-1.244163,49.300664],[-1.244169,49.300669],[-1.244197,49.300688],[-1.244286,49.300747],[-1.24446,49.300637],[-1.244418,49.300609],[-1.244359,49.30057],[-1.244338,49.300555]]]}},{"type":"Feature","properties":{},"geometry":{"type":"Polygon","coordinates":[[[-1.253285,49.314644],[-1.253539,49.314536],[-1.25349,49.314488],[-1.253609,49.314437],[-1.253414,49.314237],[-1.253007,49.314407],[-1.25323,49.314636],[-1.253262,49.314623],[-1.253285,49.314644]]]}},{"type":"Feature","properties":{},"geometry":{"type":"Polygon","coordinates":[[[-1.241416,49.304344],[-1.241428,49.304327],[-1.241463,49.304278],[-1.241516,49.304203],[-1.241441,49.304183],[-1.241387,49.304259],[-1.241438,49.304274],[-1.241398,49.304339],[-1.241416,49.304344]]]}},{"type":"Feature","properties":{},"geometry":{"type":"Polygon","coordinates":[[[-1.250134,49.302457],[-1.250162,49.302478],[-1.250139,49.302491],[-1.250172,49.302516],[-1.250197,49.302502],[-1.250227,49.302524],[-1.250308,49.302477],[-1.250217,49.302409],[-1.250134,49.302457]]]}},{"type":"Feature","properties":{},"geometry":{"type":"Polygon","coordinates":[[[-1.256111,49.300917],[-1.256089,49.300921],[-1.256084,49.300908],[-1.256041,49.300915],[-1.256045,49.300927],[-1.256024,49.300931],[-1.256038,49.300969],[-1.256002,49.300975],[-1.255963,49.300981],[-1.25595,49.300945],[-1.25593,49.300948],[-1.255924,49.300935],[-1.255882,49.300943],[-1.255886,49.300954],[-1.255864,49.300958],[-1.255842,49.300962],[-1.255836,49.300949],[-1.255794,49.300957],[-1.255799,49.300969],[-1.255776,49.300974],[-1.255793,49.301011],[-1.255757,49.301017],[-1.255717,49.301024],[-1.255704,49.300987],[-1.25568,49.30099],[-1.255676,49.300976],[-1.255636,49.300984],[-1.255638,49.300999],[-1.255619,49.301001],[-1.255595,49.301005],[-1.255589,49.300993],[-1.255549,49.301],[-1.255554,49.301011],[-1.255528,49.301015],[-1.255543,49.301055],[-1.255509,49.301061],[-1.255471,49.301066],[-1.255458,49.301029],[-1.255435,49.301031],[-1.255432,49.301021],[-1.255387,49.301027],[-1.255391,49.30104],[-1.255372,49.301043],[-1.255351,49.301046],[-1.255347,49.301034],[-1.255302,49.301042],[-1.255307,49.301055],[-1.255287,49.301057],[-1.255303,49.301095],[-1.255264,49.301102],[-1.255228,49.301108],[-1.255213,49.30107],[-1.255192,49.301073],[-1.255187,49.301061],[-1.255142,49.301069],[-1.255147,49.301082],[-1.255126,49.301086],[-1.255158,49.301168],[-1.255215,49.301159],[-1.255223,49.30118],[-1.255291,49.301167],[-1.255359,49.301156],[-1.255352,49.301136],[-1.255405,49.301126],[-1.25546,49.301116],[-1.255468,49.301137],[-1.255534,49.301126],[-1.255599,49.301115],[-1.255592,49.301094],[-1.255651,49.301084],[-1.255709,49.301074],[-1.255716,49.301095],[-1.255782,49.301083],[-1.255847,49.301073],[-1.255838,49.301052],[-1.255897,49.301042],[-1.255952,49.301032],[-1.255961,49.301053],[-1.256029,49.301041],[-1.256094,49.30103],[-1.256088,49.30101],[-1.256143,49.301],[-1.256111,49.300917]]]}},{"type":"Feature","properties":{},"geometry":{"type":"Polygon","coordinates":[[[-1.257513,49.296142],[-1.257506,49.296131],[-1.257418,49.296101],[-1.257382,49.296148],[-1.257355,49.296139],[-1.257323,49.296181],[-1.25743,49.296217],[-1.257455,49.296187],[-1.257471,49.296192],[-1.257513,49.296142]]]}},{"type":"Feature","properties":{},"geometry":{"type":"Polygon","coordinates":[[[-1.239407,49.305013],[-1.239447,49.305048],[-1.239516,49.305015],[-1.239423,49.30493],[-1.239476,49.304895],[-1.239416,49.30484],[-1.239304,49.304908],[-1.239369,49.304962],[-1.239357,49.304969],[-1.239407,49.305013]]]}},{"type":"Feature","properties":{},"geometry":{"type":"Polygon","coordinates":[[[-1.266462,49.309083],[-1.266492,49.309023],[-1.266403,49.309004],[-1.266411,49.308987],[-1.266369,49.308978],[-1.266361,49.308995],[-1.266316,49.308985],[-1.266282,49.309044],[-1.266408,49.309071],[-1.266462,49.309083]]]}},{"type":"Feature","properties":{},"geometry":{"type":"Polygon","coordinates":[[[-1.257833,49.294805],[-1.257744,49.294779],[-1.25774,49.294778],[-1.257703,49.294788],[-1.257663,49.294851],[-1.257727,49.294868],[-1.257749,49.2949],[-1.257828,49.294877],[-1.257806,49.294845],[-1.257833,49.294805]]]}},{"type":"Feature","properties":{},"geometry":{"type":"Polygon","coordinates":[[[-1.248536,49.299979],[-1.248532,49.300006],[-1.248633,49.300012],[-1.248648,49.299921],[-1.248542,49.299914],[-1.248541,49.299921],[-1.248484,49.299917],[-1.248478,49.299951],[-1.248475,49.299975],[-1.248536,49.299979]]]}},{"type":"Feature","properties":{},"geometry":{"type":"Polygon","coordinates":[[[-1.25361,49.287514],[-1.253628,49.287505],[-1.253642,49.287516],[-1.253654,49.287509],[-1.253672,49.287525],[-1.253691,49.287515],[-1.253663,49.287491],[-1.25361,49.287448],[-1.253563,49.287473],[-1.25361,49.287514]]]}},{"type":"Feature","properties":{},"geometry":{"type":"Polygon","coordinates":[[[-1.241036,49.303806],[-1.241085,49.30374],[-1.241026,49.303725],[-1.241021,49.303723],[-1.24096,49.303789],[-1.240916,49.303844],[-1.240878,49.303892],[-1.240915,49.30391],[-1.241005,49.303797],[-1.241036,49.303806]]]}},{"type":"Feature","properties":{},"geometry":{"type":"Polygon","coordinates":[[[-1.255833,49.288501],[-1.255922,49.288536],[-1.255882,49.288579],[-1.255933,49.2886],[-1.25603,49.288497],[-1.255892,49.288441],[-1.255863,49.288412],[-1.255787,49.288447],[-1.255786,49.288447],[-1.255833,49.288501]]]}},{"type":"Feature","properties":{},"geometry":{"type":"Polygon","coordinates":[[[-1.24774,49.301045],[-1.24779,49.30106],[-1.247808,49.301035],[-1.247843,49.301045],[-1.247854,49.301029],[-1.247893,49.301041],[-1.247922,49.301],[-1.2478,49.300963],[-1.247756,49.301023],[-1.24774,49.301045]]]}},{"type":"Feature","properties":{},"geometry":{"type":"Polygon","coordinates":[[[-1.248841,49.300389],[-1.248862,49.300277],[-1.248762,49.30027],[-1.248727,49.300268],[-1.24872,49.300304],[-1.248798,49.30031],[-1.248796,49.30032],[-1.248676,49.300311],[-1.248664,49.300375],[-1.248841,49.300389]]]}},{"type":"Feature","properties":{},"geometry":{"type":"Polygon","coordinates":[[[-1.246883,49.304046],[-1.246914,49.304031],[-1.246876,49.304002],[-1.24686,49.30401],[-1.24682,49.304032],[-1.246856,49.30406],[-1.246845,49.304067],[-1.246913,49.304134],[-1.246953,49.304117],[-1.246883,49.304046]]]}},{"type":"Feature","properties":{},"geometry":{"type":"Polygon","coordinates":[[[-1.249463,49.300955],[-1.249394,49.300933],[-1.249371,49.300958],[-1.249301,49.300933],[-1.24927,49.300963],[-1.249343,49.30099],[-1.24942,49.301019],[-1.249458,49.300978],[-1.249479,49.300961],[-1.249463,49.300955]]]}},{"type":"Feature","properties":{},"geometry":{"type":"Polygon","coordinates":[[[-1.253871,49.300401],[-1.253901,49.300396],[-1.254,49.300381],[-1.253982,49.300338],[-1.254046,49.300325],[-1.254021,49.300265],[-1.25386,49.300294],[-1.253862,49.300299],[-1.253833,49.300307],[-1.253871,49.300401]]]}},{"type":"Feature","properties":{},"geometry":{"type":"Polygon","coordinates":[[[-1.256874,49.295303],[-1.256952,49.295323],[-1.256971,49.295293],[-1.256978,49.295283],[-1.257025,49.295296],[-1.257055,49.295249],[-1.256929,49.295214],[-1.256908,49.295247],[-1.256879,49.295295],[-1.256874,49.295303]]]}},{"type":"Feature","properties":{},"geometry":{"type":"Polygon","coordinates":[[[-1.247943,49.299823],[-1.248024,49.299829],[-1.248026,49.299807],[-1.248035,49.299753],[-1.247972,49.299749],[-1.247985,49.299668],[-1.247876,49.29966],[-1.247861,49.299769],[-1.24795,49.299776],[-1.247943,49.299823]]]}},{"type":"Feature","properties":{},"geometry":{"type":"Polygon","coordinates":[[[-1.242489,49.304289],[-1.242344,49.304247],[-1.242334,49.304245],[-1.242307,49.304355],[-1.242304,49.304367],[-1.242441,49.304385],[-1.242446,49.304386],[-1.242448,49.304382],[-1.242472,49.304326],[-1.242489,49.304289]]]}},{"type":"Feature","properties":{},"geometry":{"type":"Polygon","coordinates":[[[-1.24817,49.301941],[-1.248193,49.301916],[-1.248228,49.301878],[-1.247617,49.301614],[-1.247571,49.30166],[-1.247813,49.301761],[-1.24775,49.301827],[-1.24795,49.30191],[-1.247991,49.301867],[-1.24817,49.301941]]]}},{"type":"Feature","properties":{},"geometry":{"type":"Polygon","coordinates":[[[-1.244514,49.304444],[-1.2445733,49.304448],[-1.244618,49.304451],[-1.244611,49.304388],[-1.244579,49.304386],[-1.244564,49.304223],[-1.244521,49.304223],[-1.24452,49.304239],[-1.244498,49.30424],[-1.244527,49.304382],[-1.244514,49.304444]]]}},{"type":"Feature","properties":{},"geometry":{"type":"Polygon","coordinates":[[[-1.25569,49.300422],[-1.255669,49.300371],[-1.255586,49.300386],[-1.255501,49.3004],[-1.255436,49.300412],[-1.255446,49.300435],[-1.255456,49.300461],[-1.255521,49.300451],[-1.255607,49.300436],[-1.25569,49.300422]]]}},{"type":"Feature","properties":{},"geometry":{"type":"Polygon","coordinates":[[[-1.240076,49.30361],[-1.240072,49.303618],[-1.240115,49.303626],[-1.240119,49.303618],[-1.240152,49.303547],[-1.240167,49.30355],[-1.240212,49.303473],[-1.240143,49.303457],[-1.240086,49.303588],[-1.240076,49.30361]]]}},{"type":"Feature","properties":{},"geometry":{"type":"Polygon","coordinates":[[[-1.252139,49.30521],[-1.252192,49.305251],[-1.252209,49.305264],[-1.252258,49.305237],[-1.25224,49.305223],[-1.252267,49.305209],[-1.252193,49.305152],[-1.25215,49.305176],[-1.252171,49.305192],[-1.252139,49.30521]]]}},{"type":"Feature","properties":{},"geometry":{"type":"Polygon","coordinates":[[[-1.261208,49.294457],[-1.261181,49.294395],[-1.261164,49.294389],[-1.261063,49.294407],[-1.26106,49.294401],[-1.261005,49.294412],[-1.261036,49.294484],[-1.261088,49.294474],[-1.26109,49.294479],[-1.261208,49.294457]]]}},{"type":"Feature","properties":{},"geometry":{"type":"Polygon","coordinates":[[[-1.238724,49.303435],[-1.238733,49.303421],[-1.238766,49.303373],[-1.238713,49.303359],[-1.238746,49.303306],[-1.238697,49.303293],[-1.238691,49.303291],[-1.238659,49.303342],[-1.238617,49.303406],[-1.238724,49.303435]]]}},{"type":"Feature","properties":{},"geometry":{"type":"Polygon","coordinates":[[[-1.246673,49.301841],[-1.246758,49.301847],[-1.246752,49.301887],[-1.246722,49.301886],[-1.246716,49.301923],[-1.246785,49.301928],[-1.246794,49.301929],[-1.246819,49.301778],[-1.246683,49.301769],[-1.246673,49.301841]]]}},{"type":"Feature","properties":{},"geometry":{"type":"Polygon","coordinates":[[[-1.246282,49.305033],[-1.246345,49.304948],[-1.246321,49.304933],[-1.24629,49.304915],[-1.246204,49.305],[-1.246198,49.305006],[-1.246198,49.30501],[-1.246201,49.305012],[-1.246257,49.305027],[-1.246282,49.305033]]]}},{"type":"Feature","properties":{},"geometry":{"type":"Polygon","coordinates":[[[-1.257939,49.293805],[-1.25785,49.293757],[-1.257797,49.293795],[-1.257765,49.293778],[-1.257746,49.29378],[-1.257712,49.293808],[-1.257729,49.293817],[-1.257703,49.293839],[-1.257817,49.293901],[-1.257939,49.293805]]]}},{"type":"Feature","properties":{},"geometry":{"type":"Polygon","coordinates":[[[-1.255031,49.292355],[-1.255051,49.292339],[-1.255108,49.292291],[-1.255026,49.292249],[-1.254942,49.292206],[-1.25486,49.292165],[-1.254786,49.292228],[-1.254867,49.292271],[-1.254949,49.292312],[-1.255031,49.292355]]]}},{"type":"Feature","properties":{},"geometry":{"type":"Polygon","coordinates":[[[-1.242068,49.306098],[-1.24206,49.306075],[-1.242054,49.306066],[-1.242076,49.306056],[-1.242032,49.306014],[-1.24195,49.306047],[-1.241963,49.30611],[-1.241967,49.306127],[-1.242016,49.306116],[-1.242068,49.306098]]]}},{"type":"Feature","properties":{},"geometry":{"type":"Polygon","coordinates":[[[-1.24843,49.304664],[-1.248429,49.304662],[-1.248416,49.304589],[-1.248356,49.304593],[-1.248356,49.304588],[-1.2483145,49.3045908],[-1.248207,49.304598],[-1.248219,49.304673],[-1.248365,49.304663],[-1.248366,49.304669],[-1.24843,49.304664]]]}},{"type":"Feature","properties":{},"geometry":{"type":"Polygon","coordinates":[[[-1.249779,49.305644],[-1.249859,49.30567],[-1.249873,49.305652],[-1.249901,49.305661],[-1.249943,49.305605],[-1.249863,49.305579],[-1.249846,49.305601],[-1.249819,49.305592],[-1.249813,49.305601],[-1.249779,49.305644]]]}},{"type":"Feature","properties":{},"geometry":{"type":"Polygon","coordinates":[[[-1.240909,49.305108],[-1.240999,49.305156],[-1.241187,49.304941],[-1.241178,49.304913],[-1.241058,49.304937],[-1.241032,49.304971],[-1.241048,49.304977],[-1.241005,49.305024],[-1.240989,49.305018],[-1.240909,49.305108]]]}},{"type":"Feature","properties":{},"geometry":{"type":"Polygon","coordinates":[[[-1.244769,49.304534],[-1.244763,49.30455],[-1.24473,49.304689],[-1.244711,49.304688],[-1.244711,49.304728],[-1.24472,49.304729],[-1.244772,49.304732],[-1.244801,49.304633],[-1.244828,49.304537],[-1.2448052,49.3045358],[-1.244769,49.304534]]]}},{"type":"Feature","properties":{},"geometry":{"type":"Polygon","coordinates":[[[-1.25974,49.298296],[-1.25989,49.298286],[-1.259929,49.298284],[-1.259928,49.298279],[-1.259976,49.298276],[-1.259967,49.298215],[-1.25992,49.298218],[-1.259919,49.298211],[-1.259729,49.298223],[-1.25974,49.298296]]]}},{"type":"Feature","properties":{},"geometry":{"type":"Polygon","coordinates":[[[-1.248532,49.300006],[-1.248517,49.300099],[-1.248544,49.300101],[-1.24854,49.300129],[-1.248574,49.300131],[-1.248571,49.300146],[-1.248611,49.300149],[-1.248629,49.300038],[-1.248633,49.300012],[-1.248532,49.300006]]]}},{"type":"Feature","properties":{},"geometry":{"type":"Polygon","coordinates":[[[-1.242786,49.303029],[-1.242848,49.303032],[-1.242832,49.30291],[-1.242825,49.302857],[-1.242756,49.302861],[-1.242765,49.302915],[-1.242804,49.302914],[-1.242808,49.302948],[-1.242769,49.30295],[-1.242786,49.303029]]]}},{"type":"Feature","properties":{},"geometry":{"type":"Polygon","coordinates":[[[-1.242964,49.304445],[-1.242977,49.304489],[-1.242963,49.304492],[-1.24297,49.304521],[-1.242975,49.304529],[-1.243065,49.304515],[-1.24306,49.304481],[-1.243093,49.304476],[-1.243083,49.30443],[-1.242964,49.304445]]]}},{"type":"Feature","properties":{},"geometry":{"type":"Polygon","coordinates":[[[-1.249604,49.301239],[-1.249606,49.301238],[-1.249631,49.30122],[-1.249801,49.301104],[-1.249788,49.301097],[-1.249804,49.301085],[-1.249698,49.301024],[-1.249514,49.3012],[-1.249554,49.301217],[-1.249604,49.301239]]]}},{"type":"Feature","properties":{},"geometry":{"type":"Polygon","coordinates":[[[-1.247249,49.300745],[-1.24735,49.300751],[-1.24735,49.300745],[-1.247421,49.30075],[-1.247429,49.300696],[-1.247432,49.300673],[-1.247364,49.300668],[-1.247362,49.300661],[-1.247261,49.300656],[-1.247249,49.300745]]]}},{"type":"Feature","properties":{},"geometry":{"type":"Polygon","coordinates":[[[-1.248829,49.301091],[-1.24884,49.301038],[-1.248843,49.301024],[-1.248708,49.301013],[-1.248705,49.301026],[-1.248669,49.301023],[-1.248662,49.301055],[-1.248679,49.301057],[-1.248675,49.301075],[-1.248829,49.301091]]]}},{"type":"Feature","properties":{},"geometry":{"type":"Polygon","coordinates":[[[-1.246952,49.304472],[-1.246971,49.304464],[-1.246906,49.304398],[-1.246845,49.304335],[-1.246804,49.304353],[-1.246832,49.304382],[-1.24683,49.304383],[-1.246911,49.304464],[-1.246933,49.304455],[-1.246952,49.304472]]]}},{"type":"Feature","properties":{},"geometry":{"type":"Polygon","coordinates":[[[-1.248347,49.298026],[-1.248357,49.297978],[-1.248295,49.297972],[-1.248297,49.297959],[-1.248172,49.29795],[-1.248195,49.297929],[-1.248229,49.297901],[-1.248125,49.29785],[-1.247958,49.297995],[-1.248347,49.298026]]]}},{"type":"Feature","properties":{},"geometry":{"type":"Polygon","coordinates":[[[-1.244872,49.299811],[-1.244857,49.2998],[-1.244724,49.299889],[-1.2448,49.299937],[-1.24491,49.299864],[-1.244931,49.29985],[-1.244969,49.299825],[-1.244906,49.299787],[-1.24488,49.299805],[-1.244872,49.299811]]]}},{"type":"Feature","properties":{},"geometry":{"type":"Polygon","coordinates":[[[-1.248745,49.305717],[-1.248737,49.305678],[-1.248672,49.305683],[-1.248652,49.30558],[-1.24854,49.305589],[-1.24856,49.305694],[-1.248628,49.305689],[-1.248635,49.305726],[-1.248678,49.305723],[-1.248745,49.305717]]]}},{"type":"Feature","properties":{},"geometry":{"type":"Polygon","coordinates":[[[-1.248748,49.311976],[-1.248656,49.312099],[-1.248687,49.312109],[-1.248667,49.312137],[-1.248716,49.312153],[-1.248557,49.312397],[-1.248646,49.312421],[-1.248907,49.312035],[-1.248753,49.31197],[-1.248748,49.311976]]]}},{"type":"Feature","properties":{},"geometry":{"type":"Polygon","coordinates":[[[-1.240212,49.303473],[-1.240167,49.30355],[-1.240186,49.303554],[-1.240178,49.303567],[-1.240188,49.303569],[-1.240155,49.303628],[-1.240197,49.303642],[-1.240204,49.303631],[-1.240287,49.303491],[-1.240212,49.303473]]]}},{"type":"Feature","properties":{},"geometry":{"type":"Polygon","coordinates":[[[-1.254038,49.295564],[-1.254026,49.295574],[-1.253888,49.295515],[-1.253885,49.295518],[-1.253715,49.295685],[-1.25391,49.295718],[-1.254046,49.295584],[-1.254042,49.295582],[-1.254053,49.295573],[-1.254038,49.295564]]]}},{"type":"Feature","properties":{},"geometry":{"type":"Polygon","coordinates":[[[-1.259508,49.293828],[-1.25948,49.293803],[-1.259483,49.293801],[-1.259438,49.293761],[-1.259445,49.293758],[-1.25942,49.293736],[-1.259402,49.293734],[-1.259319,49.293774],[-1.259425,49.293868],[-1.259508,49.293828]]]}},{"type":"Feature","properties":{},"geometry":{"type":"Polygon","coordinates":[[[-1.254587,49.296546],[-1.254658,49.296481],[-1.25462,49.296463],[-1.25451,49.296414],[-1.254526,49.296397],[-1.254477,49.296375],[-1.254395,49.296453],[-1.25444,49.296473],[-1.254435,49.296477],[-1.254587,49.296546]]]}},{"type":"Feature","properties":{},"geometry":{"type":"Polygon","coordinates":[[[-1.24471,49.306542],[-1.244631,49.30654],[-1.244614,49.306562],[-1.244613,49.306587],[-1.244595,49.306587],[-1.244594,49.306646],[-1.244681,49.306648],[-1.244684,49.306594],[-1.244708,49.306594],[-1.24471,49.306542]]]}},{"type":"Feature","properties":{},"geometry":{"type":"Polygon","coordinates":[[[-1.24433,49.304712],[-1.244357,49.304804],[-1.244384,49.304856],[-1.244451,49.304845],[-1.244444,49.304833],[-1.244466,49.30483],[-1.244434,49.304758],[-1.244393,49.304763],[-1.244377,49.304706],[-1.24433,49.304712]]]}},{"type":"Feature","properties":{},"geometry":{"type":"Polygon","coordinates":[[[-1.239,49.302801],[-1.238977,49.302798],[-1.238954,49.302874],[-1.239058,49.302888],[-1.23909,49.302892],[-1.239099,49.302858],[-1.239121,49.302861],[-1.239133,49.302819],[-1.239112,49.302816],[-1.239,49.302801]]]}},{"type":"Feature","properties":{},"geometry":{"type":"Polygon","coordinates":[[[-1.259412,49.298382],[-1.259403,49.29841],[-1.259571,49.298434],[-1.25959,49.29838],[-1.259549,49.298374],[-1.259568,49.298318],[-1.259453,49.298301],[-1.259436,49.298359],[-1.25943,49.298379],[-1.259412,49.298382]]]}},{"type":"Feature","properties":{},"geometry":{"type":"Polygon","coordinates":[[[-1.242846,49.304558],[-1.242937,49.304543],[-1.242932,49.304528],[-1.242923,49.304497],[-1.242914,49.304498],[-1.242901,49.304453],[-1.242898,49.304453],[-1.242817,49.30447],[-1.242846,49.304558]]]}},{"type":"Feature","properties":{},"geometry":{"type":"Polygon","coordinates":[[[-1.242856,49.30502],[-1.242852,49.30502],[-1.242852,49.305072],[-1.242978,49.305072],[-1.242978,49.305082],[-1.243051,49.305082],[-1.243049,49.305034],[-1.242987,49.305034],[-1.242986,49.305021],[-1.242856,49.30502]]]}},{"type":"Feature","properties":{},"geometry":{"type":"Polygon","coordinates":[[[-1.247269,49.303205],[-1.247254,49.303212],[-1.247317,49.303266],[-1.247375,49.303237],[-1.247363,49.303108],[-1.247226,49.303059],[-1.247179,49.303119],[-1.247266,49.303149],[-1.247266,49.303166],[-1.247269,49.303205]]]}},{"type":"Feature","properties":{},"geometry":{"type":"Polygon","coordinates":[[[-1.256882,49.295648],[-1.257007,49.295681],[-1.257038,49.295632],[-1.256987,49.295618],[-1.256992,49.295611],[-1.257011,49.29558],[-1.256937,49.295561],[-1.256931,49.295569],[-1.2569,49.295618],[-1.256882,49.295648]]]}},{"type":"Feature","properties":{},"geometry":{"type":"Polygon","coordinates":[[[-1.252267,49.305209],[-1.252293,49.305194],[-1.25232,49.305215],[-1.252374,49.305185],[-1.252347,49.305164],[-1.252294,49.305123],[-1.252253,49.305146],[-1.252233,49.30513],[-1.252193,49.305152],[-1.252267,49.305209]]]}},{"type":"Feature","properties":{},"geometry":{"type":"Polygon","coordinates":[[[-1.262716,49.310621],[-1.262689,49.310614],[-1.262666,49.310655],[-1.262636,49.310708],[-1.262722,49.310727],[-1.262741,49.310692],[-1.262863,49.310718],[-1.262898,49.31065],[-1.26272,49.310613],[-1.262716,49.310621]]]}},{"type":"Feature","properties":{},"geometry":{"type":"Polygon","coordinates":[[[-1.250898,49.305461],[-1.250972,49.305432],[-1.251094,49.305382],[-1.251022,49.305304],[-1.250956,49.305331],[-1.250968,49.305344],[-1.250924,49.305362],[-1.250951,49.305391],[-1.250864,49.305426],[-1.250898,49.305461]]]}},{"type":"Feature","properties":{},"geometry":{"type":"Polygon","coordinates":[[[-1.243551,49.304688],[-1.2435025,49.304697],[-1.243459,49.304705],[-1.243477,49.304785],[-1.243481,49.304803],[-1.243559,49.304798],[-1.243587,49.3049],[-1.243652,49.304886],[-1.243608,49.304805],[-1.243564,49.304724],[-1.243551,49.304688]]]}},{"type":"Feature","properties":{},"geometry":{"type":"Polygon","coordinates":[[[-1.252543,49.308752],[-1.252617,49.308807],[-1.252734,49.308739],[-1.252747,49.308749],[-1.252776,49.308732],[-1.252701,49.308676],[-1.252672,49.308693],[-1.25266,49.308684],[-1.252641,49.308695],[-1.252543,49.308752]]]}},{"type":"Feature","properties":{},"geometry":{"type":"Polygon","coordinates":[[[-1.260352,49.299148],[-1.260352,49.299297],[-1.260354,49.299415],[-1.260925,49.299411],[-1.260919,49.29907],[-1.260607,49.299072],[-1.260295,49.299074],[-1.260296,49.299148],[-1.260352,49.299148]]]}},{"type":"Feature","properties":{},"geometry":{"type":"Polygon","coordinates":[[[-1.245877,49.30467],[-1.245967,49.304661],[-1.246091,49.304646],[-1.246077,49.304601],[-1.246192,49.304567],[-1.246176,49.304544],[-1.246124,49.304563],[-1.24598,49.304596],[-1.245862,49.30461],[-1.245877,49.30467]]]}},{"type":"Feature","properties":{},"geometry":{"type":"Polygon","coordinates":[[[-1.2419219,49.3073084],[-1.2419979,49.3073224],[-1.2420519,49.3073334],[-1.2420669,49.3072984],[-1.2420369,49.3072934],[-1.2420659,49.3072274],[-1.2419579,49.3072064],[-1.2419319,49.3072664],[-1.2419139,49.3073064],[-1.2419219,49.3073084]]]}},{"type":"Feature","properties":{},"geometry":{"type":"Polygon","coordinates":[[[-1.241245,49.304013],[-1.241351,49.303804],[-1.241284,49.303789],[-1.241244,49.303861],[-1.24127,49.303867],[-1.241227,49.303944],[-1.241206,49.30394],[-1.241178,49.303997],[-1.241209,49.304004],[-1.241245,49.304013]]]}},{"type":"Feature","properties":{},"geometry":{"type":"Polygon","coordinates":[[[-1.244211,49.304683],[-1.24424,49.30468],[-1.244237,49.304669],[-1.244277,49.304664],[-1.244287,49.304694],[-1.244323,49.304689],[-1.244284,49.304563],[-1.2442027,49.3045682],[-1.244128,49.304573],[-1.244168,49.304688],[-1.244211,49.304683]]]}},{"type":"Feature","properties":{},"geometry":{"type":"Polygon","coordinates":[[[-1.260149,49.293433],[-1.260043,49.293339],[-1.259959,49.293379],[-1.259957,49.29339],[-1.259982,49.293413],[-1.259989,49.293409],[-1.260034,49.293449],[-1.260037,49.293448],[-1.260066,49.293473],[-1.260149,49.293433]]]}},{"type":"Feature","properties":{},"geometry":{"type":"Polygon","coordinates":[[[-1.237382,49.303217],[-1.237376,49.303088],[-1.237354,49.303081],[-1.237302,49.30308],[-1.237297,49.303084],[-1.23726,49.303086],[-1.237232,49.303144],[-1.237167,49.303138],[-1.237156,49.303214],[-1.237382,49.303217]]]}},{"type":"Feature","properties":{},"geometry":{"type":"Polygon","coordinates":[[[-1.247367,49.30157],[-1.247375,49.301524],[-1.247377,49.301506],[-1.247321,49.301502],[-1.247318,49.301521],[-1.247255,49.301517],[-1.247254,49.301528],[-1.247173,49.301523],[-1.247168,49.301556],[-1.247367,49.30157]]]}},{"type":"Feature","properties":{},"geometry":{"type":"Polygon","coordinates":[[[-1.246801,49.303399],[-1.24676,49.303418],[-1.24684,49.303492],[-1.246965,49.303441],[-1.246823,49.303313],[-1.246671,49.303155],[-1.24663,49.303108],[-1.246542,49.303133],[-1.246723,49.303326],[-1.246801,49.303399]]]}},{"type":"Feature","properties":{},"geometry":{"type":"Polygon","coordinates":[[[-1.25155,49.30631],[-1.251557,49.306312],[-1.251541,49.306333],[-1.25164,49.306365],[-1.251673,49.306321],[-1.251727,49.306339],[-1.251746,49.306313],[-1.251771,49.306281],[-1.251609,49.306231],[-1.25155,49.30631]]]}},{"type":"Feature","properties":{},"geometry":{"type":"Polygon","coordinates":[[[-1.253309,49.305532],[-1.25338,49.305491],[-1.253345,49.305464],[-1.253382,49.305443],[-1.25332,49.305397],[-1.253287,49.305416],[-1.253266,49.305428],[-1.253246,49.30544],[-1.253209,49.305462],[-1.253309,49.305532]]]}},{"type":"Feature","properties":{},"geometry":{"type":"Polygon","coordinates":[[[-1.242174,49.303841],[-1.242208,49.303795],[-1.242213,49.303771],[-1.242121,49.303741],[-1.242127,49.303694],[-1.242086,49.303691],[-1.242064,49.303901],[-1.242227,49.30395],[-1.24228,49.303875],[-1.242174,49.303841]]]}},{"type":"Feature","properties":{},"geometry":{"type":"Polygon","coordinates":[[[-1.259089,49.300868],[-1.259087,49.300806],[-1.258966,49.300808],[-1.258888,49.300809],[-1.258762,49.300811],[-1.258725,49.300812],[-1.258489,49.300815],[-1.258452,49.300816],[-1.258454,49.300877],[-1.259089,49.300868]]]}},{"type":"Feature","properties":{},"geometry":{"type":"Polygon","coordinates":[[[-1.245966,49.302091],[-1.24599,49.302113],[-1.246056,49.302084],[-1.246094,49.302072],[-1.246158,49.302049],[-1.246122,49.302012],[-1.246039,49.30204],[-1.24605,49.302053],[-1.246032,49.302061],[-1.245966,49.302091]]]}},{"type":"Feature","properties":{},"geometry":{"type":"Polygon","coordinates":[[[-1.2428806,49.3062191],[-1.242967,49.3062179],[-1.2429679,49.3062609],[-1.242958,49.3062622],[-1.2429579,49.3062777],[-1.2429953,49.306278],[-1.242995,49.3062563],[-1.2429906,49.3061345],[-1.2428706,49.3061475],[-1.2428806,49.3062191]]]}},{"type":"Feature","properties":{},"geometry":{"type":"Polygon","coordinates":[[[-1.260716,49.300473],[-1.26072,49.300539],[-1.260763,49.300538],[-1.260763,49.300542],[-1.260919,49.300539],[-1.260915,49.300464],[-1.260762,49.300467],[-1.26076,49.300435],[-1.26072,49.300436],[-1.260716,49.300473]]]}},{"type":"Feature","properties":{},"geometry":{"type":"Polygon","coordinates":[[[-1.246882,49.30011],[-1.247023,49.30012],[-1.247033,49.300051],[-1.246939,49.300045],[-1.246945,49.300003],[-1.246882,49.299999],[-1.246869,49.299999],[-1.246862,49.300045],[-1.246892,49.300047],[-1.246882,49.30011]]]}},{"type":"Feature","properties":{},"geometry":{"type":"Polygon","coordinates":[[[-1.241264,49.303589],[-1.241282,49.303533],[-1.241289,49.30351],[-1.241308,49.303513],[-1.241325,49.303463],[-1.241265,49.303453],[-1.241193,49.303647],[-1.241253,49.30366],[-1.241278,49.303591],[-1.241264,49.303589]]]}},{"type":"Feature","properties":{},"geometry":{"type":"Polygon","coordinates":[[[-1.247524,49.301368],[-1.247606,49.301373],[-1.247602,49.301396],[-1.247717,49.301404],[-1.24774,49.301375],[-1.247767,49.301342],[-1.247652,49.301335],[-1.247653,49.30133],[-1.247531,49.301323],[-1.247524,49.301368]]]}},{"type":"Feature","properties":{},"geometry":{"type":"Polygon","coordinates":[[[-1.257251,49.299817],[-1.257241,49.299773],[-1.257224,49.299775],[-1.257205,49.299696],[-1.257224,49.299694],[-1.257214,49.299652],[-1.257074,49.299666],[-1.257102,49.299787],[-1.257112,49.299831],[-1.257251,49.299817]]]}},{"type":"Feature","properties":{},"geometry":{"type":"Polygon","coordinates":[[[-1.256423,49.295223],[-1.256455,49.295176],[-1.256407,49.295163],[-1.256412,49.295154],[-1.256432,49.295124],[-1.256353,49.295102],[-1.256347,49.295111],[-1.256317,49.295159],[-1.256298,49.295189],[-1.256423,49.295223]]]}},{"type":"Feature","properties":{},"geometry":{"type":"Polygon","coordinates":[[[-1.240014,49.304163],[-1.239942,49.304213],[-1.23994,49.304222],[-1.240028,49.304284],[-1.240029,49.304286],[-1.240067,49.304262],[-1.240094,49.304284],[-1.24011,49.304279],[-1.240064,49.304224],[-1.240014,49.304163]]]}},{"type":"Feature","properties":{},"geometry":{"type":"Polygon","coordinates":[[[-1.2598,49.296334],[-1.259762,49.296343],[-1.259726,49.296278],[-1.259685,49.296287],[-1.259621,49.296303],[-1.259659,49.296371],[-1.259649,49.296373],[-1.259684,49.296437],[-1.259811,49.2964069],[-1.259836,49.296401],[-1.2598,49.296334]]]}},{"type":"Feature","properties":{},"geometry":{"type":"Polygon","coordinates":[[[-1.2414949,49.3072694],[-1.2414269,49.3072574],[-1.2413949,49.3073324],[-1.2414829,49.3073504],[-1.2414859,49.3073434],[-1.2415419,49.3073544],[-1.2415629,49.3073064],[-1.2415089,49.3072954],[-1.2415189,49.3072764],[-1.2414949,49.3072694]]]}},{"type":"Feature","properties":{},"geometry":{"type":"Polygon","coordinates":[[[-1.247768,49.303476],[-1.247822,49.303522],[-1.247914,49.303434],[-1.24789,49.303422],[-1.247869,49.303436],[-1.247813,49.303397],[-1.247787,49.303414],[-1.247828,49.303438],[-1.247797,49.303457],[-1.247768,49.303476]]]}},{"type":"Feature","properties":{},"geometry":{"type":"Polygon","coordinates":[[[-1.252416,49.305984],[-1.252454,49.306026],[-1.252508,49.306005],[-1.252472,49.305964],[-1.252539,49.305939],[-1.25246,49.30585],[-1.252372,49.305883],[-1.252426,49.305945],[-1.252448,49.305971],[-1.252416,49.305984]]]}},{"type":"Feature","properties":{},"geometry":{"type":"Polygon","coordinates":[[[-1.238819,49.305342],[-1.238879,49.305353],[-1.238906,49.305323],[-1.238925,49.30534],[-1.238957,49.305325],[-1.238928,49.305298],[-1.238924,49.305302],[-1.238873,49.305267],[-1.238829,49.30532],[-1.238819,49.305342]]]}},{"type":"Feature","properties":{},"geometry":{"type":"Polygon","coordinates":[[[-1.255848,49.297845],[-1.255849,49.297859],[-1.255909,49.297857],[-1.255907,49.297842],[-1.255898,49.297733],[-1.255858,49.297734],[-1.25586,49.297765],[-1.25579,49.297767],[-1.255796,49.297847],[-1.255848,49.297845]]]}},{"type":"Feature","properties":{},"geometry":{"type":"Polygon","coordinates":[[[-1.251133,49.305885],[-1.251249,49.305924],[-1.251282,49.305901],[-1.251343,49.305861],[-1.251307,49.305838],[-1.251338,49.305816],[-1.251286,49.305785],[-1.251259,49.305804],[-1.251254,49.3058],[-1.251133,49.305885]]]}},{"type":"Feature","properties":{},"geometry":{"type":"Polygon","coordinates":[[[-1.258131,49.293654],[-1.258042,49.293605],[-1.257948,49.29368],[-1.257921,49.293666],[-1.257895,49.293688],[-1.257965,49.293725],[-1.257992,49.293704],[-1.258005,49.293711],[-1.258038,49.293728],[-1.258131,49.293654]]]}},{"type":"Feature","properties":{},"geometry":{"type":"Polygon","coordinates":[[[-1.246269,49.303784],[-1.246318,49.303761],[-1.246262,49.303716],[-1.246252,49.303721],[-1.246228,49.303703],[-1.246233,49.3037],[-1.24613,49.30362],[-1.246086,49.303644],[-1.246127,49.303675],[-1.246269,49.303784]]]}},{"type":"Feature","properties":{},"geometry":{"type":"Polygon","coordinates":[[[-1.254726,49.294526],[-1.254788,49.294542],[-1.254832,49.294465],[-1.254785,49.294453],[-1.254815,49.294404],[-1.254816,49.294402],[-1.254762,49.294388],[-1.254728,49.294443],[-1.254764,49.294452],[-1.254726,49.294526]]]}},{"type":"Feature","properties":{},"geometry":{"type":"Polygon","coordinates":[[[-1.248965,49.30493],[-1.248975,49.304932],[-1.24896,49.304967],[-1.249077,49.304991],[-1.249138,49.304863],[-1.248985,49.304833],[-1.248969,49.304871],[-1.248977,49.304872],[-1.248988,49.304874],[-1.24898,49.3048935],[-1.248965,49.30493]]]}},{"type":"Feature","properties":{},"geometry":{"type":"Polygon","coordinates":[[[-1.24489,49.304337],[-1.244899,49.304363],[-1.24499,49.304349],[-1.244924,49.304224],[-1.244881,49.304233],[-1.244895,49.304267],[-1.244872,49.304272],[-1.244881,49.304293],[-1.244875,49.304293],[-1.24489,49.304337]]]}},{"type":"Feature","properties":{},"geometry":{"type":"Polygon","coordinates":[[[-1.241546,49.304454],[-1.241586,49.304357],[-1.241516,49.304339],[-1.241512,49.304349],[-1.241428,49.304327],[-1.241416,49.304344],[-1.241398,49.304339],[-1.241336,49.30444],[-1.241511,49.304469],[-1.241546,49.304454]]]}},{"type":"Feature","properties":{},"geometry":{"type":"Polygon","coordinates":[[[-1.259523,49.309451],[-1.259889,49.309591],[-1.259957,49.309516],[-1.260399,49.309684],[-1.260671,49.309381],[-1.260234,49.309214],[-1.260176,49.309279],[-1.259803,49.309138],[-1.259707,49.309246],[-1.259523,49.309451]]]}},{"type":"Feature","properties":{},"geometry":{"type":"Polygon","coordinates":[[[-1.258417,49.292388],[-1.258388,49.292367],[-1.258398,49.292361],[-1.258363,49.292337],[-1.258231,49.292418],[-1.258311,49.292474],[-1.258351,49.29245],[-1.258346,49.292446],[-1.258416,49.292403],[-1.258417,49.292388]]]}},{"type":"Feature","properties":{},"geometry":{"type":"Polygon","coordinates":[[[-1.248664,49.298771],[-1.248806,49.298782],[-1.248813,49.298736],[-1.248808,49.298736],[-1.248812,49.298712],[-1.248767,49.298709],[-1.24877,49.298693],[-1.248693,49.298688],[-1.248679,49.298687],[-1.248664,49.298771]]]}},{"type":"Feature","properties":{},"geometry":{"type":"Polygon","coordinates":[[[-1.251282,49.305901],[-1.251355,49.305949],[-1.251372,49.305937],[-1.251432,49.305976],[-1.251551,49.305895],[-1.251495,49.305856],[-1.251499,49.305854],[-1.251428,49.305804],[-1.251343,49.305861],[-1.251282,49.305901]]]}},{"type":"Feature","properties":{},"geometry":{"type":"Polygon","coordinates":[[[-1.257679,49.298622],[-1.257678,49.298594],[-1.257675,49.298545],[-1.25756,49.298548],[-1.257565,49.298624],[-1.257572,49.298624],[-1.257574,49.298663],[-1.257697,49.29866],[-1.257696,49.298622],[-1.257679,49.298622]]]}},{"type":"Feature","properties":{},"geometry":{"type":"Polygon","coordinates":[[[-1.257504,49.294797],[-1.257467,49.294738],[-1.257464,49.294737],[-1.257426,49.294728],[-1.257335,49.294752],[-1.25736,49.294793],[-1.257337,49.294828],[-1.257422,49.294849],[-1.257442,49.294815],[-1.257504,49.294797]]]}},{"type":"Feature","properties":{},"geometry":{"type":"Polygon","coordinates":[[[-1.252225,49.307235],[-1.251951,49.30734],[-1.252042,49.307442],[-1.252137,49.307406],[-1.252165,49.307437],[-1.252356,49.307364],[-1.252373,49.307383],[-1.252611,49.307293],[-1.252474,49.307141],[-1.252225,49.307235]]]}},{"type":"Feature","properties":{},"geometry":{"type":"Polygon","coordinates":[[[-1.246646,49.30657],[-1.246612,49.306471],[-1.2466,49.306435],[-1.246134,49.306458],[-1.246139,49.306487],[-1.246143,49.306505],[-1.246514,49.306488],[-1.246545,49.306576],[-1.24655,49.306576],[-1.246646,49.30657]]]}},{"type":"Feature","properties":{},"geometry":{"type":"Polygon","coordinates":[[[-1.246122,49.304965],[-1.246164,49.30492],[-1.246178,49.304908],[-1.246109,49.304867],[-1.246214,49.304821],[-1.246179,49.304791],[-1.246141,49.304804],[-1.246053,49.304836],[-1.245986,49.304891],[-1.246122,49.304965]]]}},{"type":"Feature","properties":{},"geometry":{"type":"Polygon","coordinates":[[[-1.246705,49.305855],[-1.246723,49.305854],[-1.246724,49.305856],[-1.246809,49.305845],[-1.246795,49.3058],[-1.24672,49.30581],[-1.246633,49.305814],[-1.246637,49.305857],[-1.246639,49.305863],[-1.246705,49.305855]]]}},{"type":"Feature","properties":{},"geometry":{"type":"Polygon","coordinates":[[[-1.244761,49.304888],[-1.244716,49.304897],[-1.244732,49.304931],[-1.244641,49.304957],[-1.244618,49.304921],[-1.244547,49.304927],[-1.24461,49.305036],[-1.244739,49.305],[-1.244802,49.30496],[-1.244761,49.304888]]]}},{"type":"Feature","properties":{},"geometry":{"type":"Polygon","coordinates":[[[-1.255126,49.28844],[-1.255081,49.288432],[-1.255086,49.28842],[-1.254952,49.288394],[-1.254918,49.288469],[-1.254947,49.288475],[-1.255049,49.288495],[-1.255044,49.288506],[-1.255092,49.288516],[-1.255126,49.28844]]]}},{"type":"Feature","properties":{},"geometry":{"type":"Polygon","coordinates":[[[-1.248925,49.305361],[-1.24896,49.305367],[-1.248989,49.305317],[-1.249024,49.305257],[-1.248967,49.305241],[-1.248964,49.305248],[-1.248886,49.305233],[-1.248868,49.30529],[-1.248849,49.305349],[-1.248925,49.305361]]]}},{"type":"Feature","properties":{},"geometry":{"type":"Polygon","coordinates":[[[-1.241184,49.303847],[-1.241121,49.303963],[-1.241112,49.303981],[-1.24116,49.303992],[-1.241236,49.303859],[-1.241244,49.303861],[-1.241284,49.303789],[-1.241197,49.303769],[-1.241157,49.303838],[-1.241184,49.303847]]]}},{"type":"Feature","properties":{},"geometry":{"type":"Polygon","coordinates":[[[-1.241339,49.303036],[-1.241345,49.303025],[-1.241309,49.303016],[-1.241304,49.302998],[-1.241154,49.302987],[-1.241145,49.30303],[-1.24129,49.30304],[-1.241286,49.303057],[-1.241331,49.303061],[-1.241339,49.303036]]]}},{"type":"Feature","properties":{},"geometry":{"type":"Polygon","coordinates":[[[-1.249219,49.30377],[-1.249271,49.303723],[-1.24929,49.303706],[-1.249263,49.303693],[-1.249276,49.303681],[-1.249227,49.303658],[-1.249216,49.303669],[-1.249203,49.303662],[-1.24913,49.303728],[-1.249219,49.30377]]]}},{"type":"Feature","properties":{},"geometry":{"type":"Polygon","coordinates":[[[-1.243209,49.304078],[-1.243275,49.30409],[-1.243306,49.304096],[-1.243335,49.304031],[-1.243399,49.304043],[-1.243432,49.303979],[-1.243366,49.303965],[-1.243352,49.303995],[-1.243285,49.303974],[-1.243209,49.304078]]]}},{"type":"Feature","properties":{},"geometry":{"type":"Polygon","coordinates":[[[-1.24171,49.3067582],[-1.241598,49.3067372],[-1.24157,49.3067992],[-1.241578,49.3068012],[-1.241562,49.3068382],[-1.241632,49.3068512],[-1.241647,49.3068142],[-1.241681,49.3068192],[-1.241691,49.3067972],[-1.24171,49.3067582]]]}},{"type":"Feature","properties":{},"geometry":{"type":"Polygon","coordinates":[[[-1.25676,49.293636],[-1.256749,49.293643],[-1.25677,49.293656],[-1.25678,49.293649],[-1.256806,49.293666],[-1.256903,49.293601],[-1.25691,49.293596],[-1.256827,49.293543],[-1.256723,49.293612],[-1.25676,49.293636]]]}},{"type":"Feature","properties":{},"geometry":{"type":"Polygon","coordinates":[[[-1.256016,49.305698],[-1.256137,49.305808],[-1.256342,49.305714],[-1.256265,49.305647],[-1.256214,49.305603],[-1.256141,49.305637],[-1.256124,49.305622],[-1.256079,49.305644],[-1.256096,49.305659],[-1.256016,49.305698]]]}},{"type":"Feature","properties":{},"geometry":{"type":"Polygon","coordinates":[[[-1.244602,49.304722],[-1.244537,49.304722],[-1.244572,49.304846],[-1.244594,49.304896],[-1.244601,49.304914],[-1.244675,49.304902],[-1.244639,49.304819],[-1.244634,49.304791],[-1.244621,49.304721],[-1.244602,49.304722]]]}},{"type":"Feature","properties":{},"geometry":{"type":"Polygon","coordinates":[[[-1.258323,49.297108],[-1.258314,49.297109],[-1.258273,49.297011],[-1.258156,49.297032],[-1.25817,49.297072],[-1.258183,49.29707],[-1.258188,49.297084],[-1.25822,49.297165],[-1.258337,49.297145],[-1.258323,49.297108]]]}},{"type":"Feature","properties":{},"geometry":{"type":"Polygon","coordinates":[[[-1.248407,49.3008],[-1.2484,49.300847],[-1.248438,49.300849],[-1.248441,49.300849],[-1.248448,49.300805],[-1.248546,49.300811],[-1.248556,49.300743],[-1.248411,49.300733],[-1.248401,49.3008],[-1.248407,49.3008]]]}},{"type":"Feature","properties":{},"geometry":{"type":"Polygon","coordinates":[[[-1.245511,49.303775],[-1.245424,49.303699],[-1.245405,49.303712],[-1.245407,49.303716],[-1.245342,49.303761],[-1.245291,49.303779],[-1.245374,49.303886],[-1.24548,49.303852],[-1.245447,49.303809],[-1.245511,49.303775]]]}},{"type":"Feature","properties":{},"geometry":{"type":"Polygon","coordinates":[[[-1.253927,49.305243],[-1.253945,49.305217],[-1.253965,49.305186],[-1.253958,49.305184],[-1.253977,49.305155],[-1.253907,49.305136],[-1.253888,49.305165],[-1.253854,49.305155],[-1.253818,49.305214],[-1.253927,49.305243]]]}},{"type":"Feature","properties":{},"geometry":{"type":"Polygon","coordinates":[[[-1.247283,49.305653],[-1.247397,49.305669],[-1.247392,49.305682],[-1.247486,49.305696],[-1.247488,49.305757],[-1.247549,49.305757],[-1.247552,49.305655],[-1.247477,49.305645],[-1.247293,49.305619],[-1.247283,49.305653]]]}},{"type":"Feature","properties":{},"geometry":{"type":"Polygon","coordinates":[[[-1.2405,49.303975],[-1.240573,49.304022],[-1.240604,49.304004],[-1.240606,49.304005],[-1.240723,49.303938],[-1.240759,49.303961],[-1.240794,49.303939],[-1.240759,49.303914],[-1.240691,49.303865],[-1.2405,49.303975]]]}},{"type":"Feature","properties":{},"geometry":{"type":"Polygon","coordinates":[[[-1.249562,49.301467],[-1.249574,49.301451],[-1.249603,49.30146],[-1.249607,49.301457],[-1.249632,49.301434],[-1.249537,49.3014],[-1.249511,49.301427],[-1.249502,49.301424],[-1.249488,49.301444],[-1.249562,49.301467]]]}},{"type":"Feature","properties":{},"geometry":{"type":"Polygon","coordinates":[[[-1.257365,49.306859],[-1.257346,49.306823],[-1.257352,49.306822],[-1.2573,49.306729],[-1.257191,49.306755],[-1.257242,49.306845],[-1.257216,49.306852],[-1.257237,49.306889],[-1.257252,49.306886],[-1.257365,49.306859]]]}},{"type":"Feature","properties":{},"geometry":{"type":"Polygon","coordinates":[[[-1.241308,49.303513],[-1.241303,49.303526],[-1.241342,49.303531],[-1.241351,49.303533],[-1.241374,49.303536],[-1.241389,49.303493],[-1.241395,49.303475],[-1.241334,49.303465],[-1.241325,49.303463],[-1.241308,49.303513]]]}},{"type":"Feature","properties":{},"geometry":{"type":"Polygon","coordinates":[[[-1.247774,49.300412],[-1.247731,49.300409],[-1.247718,49.3005],[-1.247762,49.300503],[-1.247864,49.300509],[-1.247874,49.300439],[-1.247891,49.30044],[-1.247894,49.300419],[-1.247877,49.300418],[-1.247774,49.300412]]]}},{"type":"Feature","properties":{},"geometry":{"type":"Polygon","coordinates":[[[-1.242308,49.3074265],[-1.2423534,49.3073256],[-1.2422433,49.3073045],[-1.242227,49.3073407],[-1.2421896,49.3073335],[-1.2421605,49.3073982],[-1.2421991,49.3074056],[-1.2423007,49.3074251],[-1.242308,49.3074265]]]}},{"type":"Feature","properties":{},"geometry":{"type":"Polygon","coordinates":[[[-1.234491,49.301353],[-1.234603,49.301342],[-1.234612,49.301382],[-1.23466,49.301377],[-1.234668,49.301413],[-1.234837,49.301397],[-1.234819,49.301324],[-1.234772,49.301119],[-1.234444,49.301151],[-1.234491,49.301353]]]}},{"type":"Feature","properties":{},"geometry":{"type":"Polygon","coordinates":[[[-1.255279,49.288547],[-1.255418,49.288573],[-1.255471,49.288583],[-1.255504,49.288509],[-1.255454,49.2885],[-1.255461,49.288483],[-1.255382,49.288468],[-1.255371,49.288494],[-1.255308,49.288482],[-1.255279,49.288547]]]}},{"type":"Feature","properties":{},"geometry":{"type":"Polygon","coordinates":[[[-1.248074,49.305418],[-1.248068,49.305379],[-1.248062,49.305349],[-1.248061,49.305342],[-1.248014,49.305345],[-1.248021,49.305394],[-1.247975,49.305397],[-1.247979,49.305424],[-1.248044,49.30542],[-1.248074,49.305418]]]}},{"type":"Feature","properties":{},"geometry":{"type":"Polygon","coordinates":[[[-1.248815,49.305208],[-1.24879,49.30528],[-1.248782,49.305303],[-1.248825,49.305309],[-1.248815,49.305343],[-1.248849,49.305349],[-1.248868,49.30529],[-1.248886,49.305233],[-1.248891,49.305218],[-1.248815,49.305208]]]}},{"type":"Feature","properties":{},"geometry":{"type":"Polygon","coordinates":[[[-1.2416359,49.3072974],[-1.2415739,49.3072854],[-1.2415629,49.3073064],[-1.2415419,49.3073544],[-1.2415399,49.3073594],[-1.2416949,49.3073894],[-1.2417009,49.3073734],[-1.2417229,49.3073294],[-1.2417289,49.3073174],[-1.2416359,49.3072974]]]}},{"type":"Feature","properties":{},"geometry":{"type":"Polygon","coordinates":[[[-1.259179,49.298017],[-1.259201,49.298013],[-1.259303,49.298047],[-1.259304,49.298046],[-1.259351,49.29798],[-1.259342,49.297977],[-1.259231,49.297943],[-1.259207,49.297935],[-1.259142,49.29795],[-1.259179,49.298017]]]}},{"type":"Feature","properties":{},"geometry":{"type":"Polygon","coordinates":[[[-1.251359,49.30021],[-1.25123,49.30024],[-1.251259,49.300294],[-1.251246,49.300297],[-1.251295,49.300387],[-1.251411,49.300359],[-1.251373,49.30029],[-1.251355,49.300255],[-1.251381,49.300249],[-1.251359,49.30021]]]}},{"type":"Feature","properties":{},"geometry":{"type":"Polygon","coordinates":[[[-1.243049,49.305034],[-1.243051,49.305082],[-1.243182,49.305081],[-1.243211,49.305081],[-1.243212,49.305076],[-1.243304,49.305075],[-1.243292,49.30499],[-1.243165,49.304992],[-1.243166,49.305033],[-1.243049,49.305034]]]}},{"type":"Feature","properties":{},"geometry":{"type":"Polygon","coordinates":[[[-1.2596992,49.29881],[-1.2597224,49.2987913],[-1.2597345,49.2987683],[-1.2597357,49.2987533],[-1.2597298,49.2987343],[-1.2597238,49.2987253],[-1.2597065,49.2987094],[-1.2596836,49.2986974],[-1.2596636,49.2986914],[-1.2596416,49.2986881],[-1.2596117,49.2986886],[-1.2596047,49.2986895],[-1.2595901,49.2986925],[-1.2595836,49.2986943],[-1.2595704,49.2986992],[-1.2595439,49.2987155],[-1.2595296,49.2987323],[-1.2595238,49.2987464],[-1.2595246,49.2987713],[-1.2595344,49.2987894],[-1.2595516,49.2988053],[-1.2595746,49.2988173],[-1.2595946,49.2988234],[-1.2596236,49.2988271],[-1.2596316,49.2988271],[-1.2596387,49.2988269],[-1.2596466,49.2988262],[-1.2596605,49.2988241],[-1.2596992,49.29881]]]}},{"type":"Feature","properties":{},"geometry":{"type":"Polygon","coordinates":[[[-1.2601011,49.2987751],[-1.2601227,49.2987599],[-1.2601391,49.298742],[-1.2601495,49.2987221],[-1.2601532,49.298701],[-1.2601479,49.298674],[-1.260141,49.298661],[-1.2601188,49.2986371],[-1.2600697,49.2986113],[-1.26004,49.298604],[-1.259987,49.2986011],[-1.2599561,49.2986051],[-1.2599272,49.2986132],[-1.2599012,49.2986252],[-1.259868,49.298652],[-1.2598529,49.298678],[-1.2598496,49.298692],[-1.2598518,49.298719],[-1.2598655,49.2987452],[-1.2598836,49.2987632],[-1.2599062,49.2987778],[-1.2599421,49.2987918],[-1.259973,49.2987979],[-1.260015,49.2987992],[-1.2600661,49.2987901],[-1.2601011,49.2987751]]]}},{"type":"Feature","properties":{},"geometry":{"type":"Polygon","coordinates":[[[-1.248008,49.30823],[-1.247809,49.307969],[-1.247373,49.308109],[-1.247629,49.308449],[-1.247685,49.308523],[-1.24775,49.308502],[-1.2477751,49.3085333],[-1.2478739,49.3085008],[-1.2479136,49.3085526],[-1.2481857,49.3084639],[-1.248008,49.30823]]]}},{"type":"Feature","properties":{},"geometry":{"type":"Polygon","coordinates":[[[-1.2607495,49.2935953],[-1.2607253,49.2934884],[-1.2606111,49.2934993],[-1.2606352,49.2936063],[-1.2607495,49.2935953]]]}},{"type":"Feature","properties":{},"geometry":{"type":"Polygon","coordinates":[[[-1.2611602,49.2931805],[-1.2611358,49.2931108],[-1.2610378,49.2931254],[-1.2610622,49.2931951],[-1.2611602,49.2931805]]]}},{"type":"Feature","properties":{},"geometry":{"type":"Polygon","coordinates":[[[-1.2615873,49.2936738],[-1.2615961,49.2935822],[-1.2614555,49.2935783],[-1.2614409,49.29367],[-1.2615873,49.2936738]]]}},{"type":"Feature","properties":{},"geometry":{"type":"Polygon","coordinates":[[[-1.2598755,49.2941234],[-1.259774,49.2940292],[-1.2596959,49.294065],[-1.2597973,49.2941592],[-1.2598755,49.2941234]]]}},{"type":"Feature","properties":{},"geometry":{"type":"Polygon","coordinates":[[[-1.2607115,49.2934294],[-1.26067,49.2933218],[-1.2605495,49.2933415],[-1.2605909,49.2934491],[-1.2607115,49.2934294]]]}},{"type":"Feature","properties":{},"geometry":{"type":"Polygon","coordinates":[[[-1.2609023,49.2937913],[-1.2608346,49.2936501],[-1.2607232,49.2936728],[-1.2607909,49.293814],[-1.2609023,49.2937913]]]}},{"type":"Feature","properties":{},"geometry":{"type":"Polygon","coordinates":[[[-1.2610192,49.2931945],[-1.2609899,49.2931257],[-1.2607205,49.2931525],[-1.2607352,49.2931869],[-1.2608025,49.2932346],[-1.2610192,49.2931945]]]}},{"type":"Feature","properties":{},"geometry":{"type":"Polygon","coordinates":[[[-1.2617542,49.293145],[-1.2617658,49.293059],[-1.2615303,49.2930454],[-1.2615269,49.2930704],[-1.2614598,49.2930665],[-1.2614515,49.2931276],[-1.2617542,49.293145]]]}},{"type":"Feature","properties":{},"geometry":{"type":"Polygon","coordinates":[[[-1.2604788,49.2943008],[-1.2604001,49.2942265],[-1.2603421,49.2942116],[-1.2601889,49.2942886],[-1.2602593,49.294348],[-1.2603338,49.294321],[-1.2603856,49.2943534],[-1.2604788,49.2943008]]]}},{"type":"Feature","properties":{},"geometry":{"type":"Polygon","coordinates":[[[-1.2602597,49.294175],[-1.260095,49.2942603],[-1.2600379,49.2942134],[-1.2600752,49.2941941],[-1.2600198,49.2941486],[-1.2601172,49.2940982],[-1.2601773,49.2941475],[-1.2602073,49.294132],[-1.2602597,49.294175]]]}},{"type":"Feature","properties":{},"geometry":{"type":"Polygon","coordinates":[[[-1.2612668,49.2941847],[-1.2612708,49.2941266],[-1.2613587,49.2941292],[-1.2613627,49.2940709],[-1.2614689,49.2940741],[-1.2614597,49.2942064],[-1.2613583,49.2942034],[-1.2613594,49.2941874],[-1.2612668,49.2941847]]]}},{"type":"Feature","properties":{},"geometry":{"type":"Polygon","coordinates":[[[-1.254107,49.2994322],[-1.2538657,49.2993767],[-1.253815,49.299471],[-1.2537335,49.2994523],[-1.2536579,49.2995928],[-1.253741,49.2996119],[-1.2536916,49.2997039],[-1.2539313,49.299759],[-1.254107,49.2994322]]]}},{"type":"Feature","properties":{},"geometry":{"type":"Polygon","coordinates":[[[-1.2309998,49.3008199],[-1.23096,49.3008369],[-1.2308715,49.3008748],[-1.230672,49.3009602],[-1.230451,49.3010587],[-1.2304931,49.301094],[-1.2295612,49.3015028],[-1.2298049,49.3017445],[-1.2299903,49.3016567],[-1.2301506,49.3017828],[-1.2303401,49.301712],[-1.2303795,49.3017449],[-1.2304663,49.3017306],[-1.230664,49.3016925],[-1.2312028,49.3014573],[-1.2314855,49.3013286],[-1.2316757,49.3011592],[-1.2313806,49.3008549],[-1.2311446,49.3009529],[-1.2309998,49.3008199]]]}},{"type":"Feature","properties":{},"geometry":{"type":"Polygon","coordinates":[[[-1.2385582,49.3053705],[-1.2381452,49.3056189],[-1.2374937,49.3051622],[-1.237716,49.3050237],[-1.2377565,49.3050566],[-1.2379389,49.3049314],[-1.2385582,49.3053705]]]}},{"type":"Feature","properties":{},"geometry":{"type":"Polygon","coordinates":[[[-1.2319332,49.3020301],[-1.2322389,49.3019741],[-1.2324618,49.3020666],[-1.2325796,49.3023082],[-1.2326044,49.3023034],[-1.2326648,49.302444],[-1.2326764,49.3024721],[-1.2321585,49.3025663],[-1.2319332,49.3020301]]]}},{"type":"Feature","properties":{},"geometry":{"type":"Polygon","coordinates":[[[-1.2741431,49.3206769],[-1.2740607,49.320621],[-1.2741116,49.3205891],[-1.2741941,49.320645],[-1.2741431,49.3206769]]]}},{"type":"Feature","properties":{},"geometry":{"type":"Polygon","coordinates":[[[-1.2783364,49.3196041],[-1.2782899,49.3195158],[-1.2782457,49.3195257],[-1.2782922,49.319614],[-1.2783364,49.3196041]]]}},{"type":"Feature","properties":{},"geometry":{"type":"Polygon","coordinates":[[[-1.227479,49.302546],[-1.227511,49.302548],[-1.227494,49.302673],[-1.22774,49.302688],[-1.227748,49.30262],[-1.227704,49.302618],[-1.227723,49.302481],[-1.227521,49.302469],[-1.22752,49.302474],[-1.227495,49.302472],[-1.227479,49.302546]]]}},{"type":"Feature","properties":{},"geometry":{"type":"Polygon","coordinates":[[[-1.222059,49.305427],[-1.222078,49.305451],[-1.222205,49.305409],[-1.222214,49.305391],[-1.222189,49.305359],[-1.222161,49.305353],[-1.222118,49.305367],[-1.2221,49.305363],[-1.222013,49.305392],[-1.222045,49.305432],[-1.222059,49.305427]]]}},{"type":"Feature","properties":{},"geometry":{"type":"Polygon","coordinates":[[[-1.22036,49.301663],[-1.220283,49.301663],[-1.220283,49.301655],[-1.220215,49.301655],[-1.220214,49.30173],[-1.220294,49.301731],[-1.220294,49.301773],[-1.220401,49.301773],[-1.220401,49.301737],[-1.22036,49.301737],[-1.22036,49.301663]]]}},{"type":"Feature","properties":{},"geometry":{"type":"Polygon","coordinates":[[[-1.225216,49.306452],[-1.225197,49.306453],[-1.225198,49.306483],[-1.225161,49.306484],[-1.225161,49.306559],[-1.225199,49.306559],[-1.225239,49.30656],[-1.225241,49.306483],[-1.225289,49.306482],[-1.225289,49.306453],[-1.225216,49.306452]]]}},{"type":"Feature","properties":{},"geometry":{"type":"Polygon","coordinates":[[[-1.221776,49.301822],[-1.221743,49.301728],[-1.221597,49.301749],[-1.221592,49.301738],[-1.221507,49.301751],[-1.221538,49.30184],[-1.221624,49.301828],[-1.221622,49.301821],[-1.221718,49.301806],[-1.221726,49.301829],[-1.221776,49.301822]]]}},{"type":"Feature","properties":{},"geometry":{"type":"Polygon","coordinates":[[[-1.225351,49.304308],[-1.225428,49.304304],[-1.225505,49.3043],[-1.225504,49.304294],[-1.225503,49.304284],[-1.225552,49.304282],[-1.225542,49.304216],[-1.225492,49.304218],[-1.225493,49.304225],[-1.225341,49.304232],[-1.225351,49.304308]]]}},{"type":"Feature","properties":{},"geometry":{"type":"Polygon","coordinates":[[[-1.224157,49.30255],[-1.224165,49.302456],[-1.224108,49.302455],[-1.224107,49.302464],[-1.223987,49.30246],[-1.223987,49.302469],[-1.223902,49.302467],[-1.223896,49.302539],[-1.224097,49.302539],[-1.224097,49.302549],[-1.224157,49.30255]]]}},{"type":"Feature","properties":{},"geometry":{"type":"Polygon","coordinates":[[[-1.23687,49.30789],[-1.236887,49.3079],[-1.236949,49.307849],[-1.236931,49.30784],[-1.236944,49.30783],[-1.236877,49.307796],[-1.236808,49.30785],[-1.236789,49.307841],[-1.236737,49.307882],[-1.236825,49.307927],[-1.23687,49.30789]]]}},{"type":"Feature","properties":{},"geometry":{"type":"Polygon","coordinates":[[[-1.2235626,49.3001914],[-1.2235566,49.3001294],[-1.2235036,49.3001314],[-1.2234966,49.3000634],[-1.2233546,49.3000694],[-1.2233556,49.3000914],[-1.2232956,49.3000954],[-1.2233026,49.3001674],[-1.2234356,49.3001614],[-1.2234376,49.3001954],[-1.2235626,49.3001914]]]}},{"type":"Feature","properties":{},"geometry":{"type":"Polygon","coordinates":[[[-1.223926,49.308425],[-1.223809,49.308415],[-1.223811,49.308403],[-1.223731,49.308395],[-1.223713,49.308469],[-1.223908,49.308495],[-1.22391,49.308489],[-1.223987,49.308496],[-1.224004,49.308421],[-1.223928,49.308415],[-1.223926,49.308425]]]}},{"type":"Feature","properties":{},"geometry":{"type":"Polygon","coordinates":[[[-1.237007,49.30759],[-1.236997,49.307563],[-1.236947,49.307563],[-1.236946,49.307561],[-1.236882,49.307563],[-1.236873,49.307563],[-1.236854,49.307571],[-1.236889,49.307634],[-1.236991,49.307609],[-1.236984,49.307592],[-1.237007,49.30759]]]}},{"type":"Feature","properties":{},"geometry":{"type":"Polygon","coordinates":[[[-1.232512,49.301163],[-1.232534,49.301184],[-1.232507,49.301196],[-1.232545,49.301233],[-1.232777,49.301131],[-1.232707,49.301063],[-1.232643,49.301091],[-1.232574,49.301024],[-1.232559,49.301009],[-1.232419,49.301071],[-1.232512,49.301163]]]}},{"type":"Feature","properties":{},"geometry":{"type":"Polygon","coordinates":[[[-1.224253,49.304472],[-1.224417,49.304456],[-1.224391,49.304329],[-1.224336,49.304334],[-1.22434,49.30435],[-1.224279,49.304356],[-1.224287,49.304396],[-1.22427,49.304397],[-1.224262,49.304364],[-1.22423,49.304367],[-1.224253,49.304472]]]}},{"type":"Feature","properties":{},"geometry":{"type":"Polygon","coordinates":[[[-1.222412,49.302129],[-1.222487,49.302131],[-1.222488,49.302108],[-1.222551,49.30211],[-1.222552,49.302093],[-1.222622,49.302095],[-1.222628,49.302031],[-1.222558,49.302028],[-1.222557,49.302042],[-1.22242,49.302038],[-1.222412,49.302129]]]}},{"type":"Feature","properties":{},"geometry":{"type":"Polygon","coordinates":[[[-1.225199,49.306559],[-1.225199,49.306587],[-1.225154,49.306588],[-1.225155,49.306606],[-1.225156,49.306672],[-1.225239,49.306673],[-1.22524,49.306588],[-1.225285,49.306588],[-1.225286,49.30656],[-1.225239,49.30656],[-1.225199,49.306559]]]}},{"type":"Feature","properties":{},"geometry":{"type":"Polygon","coordinates":[[[-1.224918,49.306607],[-1.224918,49.306585],[-1.224883,49.306586],[-1.224881,49.306553],[-1.224842,49.306553],[-1.224785,49.306554],[-1.224786,49.306585],[-1.22484,49.306586],[-1.224841,49.306667],[-1.224919,49.306667],[-1.224918,49.306607]]]}},{"type":"Feature","properties":{},"geometry":{"type":"Polygon","coordinates":[[[-1.224598,49.302514],[-1.224601,49.302548],[-1.224603,49.302597],[-1.224608,49.302675],[-1.224802,49.30268],[-1.224804,49.302615],[-1.224669,49.302611],[-1.224669,49.302577],[-1.224681,49.302577],[-1.224687,49.302515],[-1.224598,49.302514]]]}},{"type":"Feature","properties":{},"geometry":{"type":"Polygon","coordinates":[[[-1.224944,49.301534],[-1.224473,49.301508],[-1.224465,49.301571],[-1.224518,49.301573],[-1.22452,49.301737],[-1.224593,49.301737],[-1.224595,49.301579],[-1.224863,49.301593],[-1.224836,49.301756],[-1.224911,49.301763],[-1.224944,49.301534]]]}},{"type":"Feature","properties":{},"geometry":{"type":"Polygon","coordinates":[[[-1.222548,49.301627],[-1.222547,49.301625],[-1.222588,49.301617],[-1.222596,49.301608],[-1.222574,49.301552],[-1.22256,49.301548],[-1.222341,49.301585],[-1.222255,49.301569],[-1.22223,49.301635],[-1.222367,49.301659],[-1.222548,49.301627]]]}},{"type":"Feature","properties":{},"geometry":{"type":"Polygon","coordinates":[[[-1.223805,49.299904],[-1.223774,49.299959],[-1.223858,49.299979],[-1.223889,49.299924],[-1.223896,49.299911],[-1.223932,49.29992],[-1.224009,49.299924],[-1.224018,49.299847],[-1.223954,49.299844],[-1.223853,49.299818],[-1.223805,49.299904]]]}},{"type":"Feature","properties":{},"geometry":{"type":"Polygon","coordinates":[[[-1.224405,49.299877],[-1.224399,49.299805],[-1.224332,49.299807],[-1.224332,49.299813],[-1.224198,49.299811],[-1.22419,49.299816],[-1.224195,49.299889],[-1.224241,49.299887],[-1.224248,49.299881],[-1.224273,49.299886],[-1.224405,49.299877]]]}},{"type":"Feature","properties":{},"geometry":{"type":"Polygon","coordinates":[[[-1.221902,49.300265],[-1.221878,49.300192],[-1.221695,49.300215],[-1.221695,49.300224],[-1.221576,49.30029],[-1.221636,49.300336],[-1.221712,49.300294],[-1.22172,49.300298],[-1.221798,49.300287],[-1.221799,49.300279],[-1.221902,49.300265]]]}},{"type":"Feature","properties":{},"geometry":{"type":"Polygon","coordinates":[[[-1.228953,49.302674],[-1.228888,49.302777],[-1.228812,49.302757],[-1.228785,49.302802],[-1.228803,49.302807],[-1.228788,49.302833],[-1.228845,49.302847],[-1.228841,49.302855],[-1.228966,49.302857],[-1.229057,49.302701],[-1.228953,49.302674]]]}},{"type":"Feature","properties":{},"geometry":{"type":"Polygon","coordinates":[[[-1.223126,49.305652],[-1.223163,49.305721],[-1.223266,49.305697],[-1.223279,49.30572],[-1.223339,49.305707],[-1.22329,49.305615],[-1.223271,49.30558],[-1.223205,49.305596],[-1.2232,49.305612],[-1.223211,49.305632],[-1.223126,49.305652]]]}},{"type":"Feature","properties":{},"geometry":{"type":"Polygon","coordinates":[[[-1.236473,49.306528],[-1.236449,49.306556],[-1.236571,49.306599],[-1.236495,49.30669],[-1.236571,49.306716],[-1.236658,49.306613],[-1.236684,49.306621],[-1.236702,49.306594],[-1.236679,49.306589],[-1.236672,49.306597],[-1.236594,49.30657],[-1.236473,49.306528]]]}},{"type":"Feature","properties":{},"geometry":{"type":"Polygon","coordinates":[[[-1.228215,49.306537],[-1.228154,49.306481],[-1.228136,49.306477],[-1.228075,49.306503],[-1.228068,49.306499],[-1.227994,49.306534],[-1.228072,49.306604],[-1.228109,49.306587],[-1.228102,49.30658],[-1.228156,49.306555],[-1.228168,49.306559],[-1.228215,49.306537]]]}},{"type":"Feature","properties":{},"geometry":{"type":"Polygon","coordinates":[[[-1.22619,49.303902],[-1.22623,49.303906],[-1.226265,49.303909],[-1.22636,49.303917],[-1.226367,49.30388],[-1.226354,49.303879],[-1.226361,49.303843],[-1.226246,49.303834],[-1.226248,49.303825],[-1.226219,49.303823],[-1.226204,49.30383],[-1.22619,49.303902]]]}},{"type":"Feature","properties":{},"geometry":{"type":"Polygon","coordinates":[[[-1.23017,49.302817],[-1.22979,49.302764],[-1.229771,49.302834],[-1.229774,49.302834],[-1.22976,49.302884],[-1.229759,49.302888],[-1.229799,49.302891],[-1.229801,49.302884],[-1.229983,49.302886],[-1.229988,49.302866],[-1.230145,49.302885],[-1.23017,49.302817]]]}},{"type":"Feature","properties":{},"geometry":{"type":"Polygon","coordinates":[[[-1.220805,49.312354],[-1.220853,49.312329],[-1.220841,49.312318],[-1.220857,49.312311],[-1.220845,49.312302],[-1.220947,49.312246],[-1.220887,49.312196],[-1.220569,49.312376],[-1.220622,49.312419],[-1.220706,49.312375],[-1.220729,49.312394],[-1.220805,49.312354]]]}},{"type":"Feature","properties":{},"geometry":{"type":"Polygon","coordinates":[[[-1.224447,49.300676],[-1.224448,49.300687],[-1.224506,49.300686],[-1.224501,49.300602],[-1.22445,49.300604],[-1.22445,49.300597],[-1.224394,49.300598],[-1.224394,49.300606],[-1.224319,49.300608],[-1.224308,49.300617],[-1.224312,49.30068],[-1.224447,49.300676]]]}},{"type":"Feature","properties":{},"geometry":{"type":"Polygon","coordinates":[[[-1.225053,49.299857],[-1.225058,49.299814],[-1.225061,49.299785],[-1.224982,49.299782],[-1.224982,49.299774],[-1.224913,49.299771],[-1.224908,49.299823],[-1.224893,49.299822],[-1.22489,49.299858],[-1.22501,49.299864],[-1.22501,49.299856],[-1.225053,49.299857]]]}},{"type":"Feature","properties":{},"geometry":{"type":"Polygon","coordinates":[[[-1.224846,49.305419],[-1.224829,49.305353],[-1.22468,49.305368],[-1.224678,49.305359],[-1.224633,49.305364],[-1.224652,49.305434],[-1.224654,49.305442],[-1.224695,49.305437],[-1.224698,49.305446],[-1.224746,49.305441],[-1.224744,49.30543],[-1.224846,49.305419]]]}},{"type":"Feature","properties":{},"geometry":{"type":"Polygon","coordinates":[[[-1.22653,49.306018],[-1.226534,49.306002],[-1.226562,49.306004],[-1.226583,49.306023],[-1.226621,49.306005],[-1.226633,49.306015],[-1.226686,49.305991],[-1.226619,49.305928],[-1.226545,49.305961],[-1.226493,49.305955],[-1.22648,49.306012],[-1.22653,49.306018]]]}},{"type":"Feature","properties":{},"geometry":{"type":"Polygon","coordinates":[[[-1.236266,49.307885],[-1.236321,49.307903],[-1.236338,49.307875],[-1.236346,49.307876],[-1.236401,49.307779],[-1.236315,49.307755],[-1.236296,49.307786],[-1.236263,49.307842],[-1.236227,49.30783],[-1.236162,49.307811],[-1.236139,49.307843],[-1.236266,49.307885]]]}},{"type":"Feature","properties":{},"geometry":{"type":"Polygon","coordinates":[[[-1.222046,49.305079],[-1.221999,49.305018],[-1.221973,49.305019],[-1.22194,49.30503],[-1.221936,49.305039],[-1.221879,49.305058],[-1.221868,49.305044],[-1.221814,49.305062],[-1.221862,49.305124],[-1.221914,49.305107],[-1.221923,49.305119],[-1.222046,49.305079]]]}},{"type":"Feature","properties":{},"geometry":{"type":"Polygon","coordinates":[[[-1.224372,49.30038],[-1.224375,49.300376],[-1.224408,49.300324],[-1.224368,49.300316],[-1.224408,49.30025],[-1.224292,49.30022],[-1.224285,49.30023],[-1.224234,49.300217],[-1.224187,49.300297],[-1.22426,49.300316],[-1.22427,49.300354],[-1.224372,49.30038]]]}},{"type":"Feature","properties":{},"geometry":{"type":"Polygon","coordinates":[[[-1.237545,49.306348],[-1.237547,49.30639],[-1.23755,49.306458],[-1.237552,49.306488],[-1.237552,49.306499],[-1.237935,49.306494],[-1.237933,49.306471],[-1.237889,49.306472],[-1.237885,49.306384],[-1.237617,49.306388],[-1.237615,49.306346],[-1.237545,49.306348]]]}},{"type":"Feature","properties":{},"geometry":{"type":"Polygon","coordinates":[[[-1.226827,49.305565],[-1.226917,49.30559],[-1.226948,49.305544],[-1.226972,49.305551],[-1.226981,49.305536],[-1.226909,49.305515],[-1.226941,49.305465],[-1.226971,49.305457],[-1.226959,49.305437],[-1.226968,49.305424],[-1.226926,49.305413],[-1.226827,49.305565]]]}},{"type":"Feature","properties":{},"geometry":{"type":"Polygon","coordinates":[[[-1.227452,49.299595],[-1.227537,49.299569],[-1.227473,49.299476],[-1.22751,49.299465],[-1.227465,49.299401],[-1.227428,49.299412],[-1.227378,49.299348],[-1.227296,49.299373],[-1.227382,49.299496],[-1.22736,49.299502],[-1.227373,49.299521],[-1.227396,49.299514],[-1.227452,49.299595]]]}},{"type":"Feature","properties":{},"geometry":{"type":"Polygon","coordinates":[[[-1.224516,49.299874],[-1.224571,49.299872],[-1.224572,49.299878],[-1.22472,49.299873],[-1.22472,49.299884],[-1.22478,49.299882],[-1.224776,49.299826],[-1.22472,49.299828],[-1.224719,49.299817],[-1.224571,49.299821],[-1.224567,49.299773],[-1.224509,49.299775],[-1.224516,49.299874]]]}},{"type":"Feature","properties":{},"geometry":{"type":"Polygon","coordinates":[[[-1.222159,49.305693],[-1.222018,49.305694],[-1.222018,49.305699],[-1.221974,49.305699],[-1.221975,49.305736],[-1.221931,49.305736],[-1.22193,49.305731],[-1.22179,49.305733],[-1.221791,49.305804],[-1.221976,49.305803],[-1.221976,49.305766],[-1.222161,49.305765],[-1.222159,49.305693]]]}},{"type":"Feature","properties":{},"geometry":{"type":"Polygon","coordinates":[[[-1.237539,49.305683],[-1.237524,49.305691],[-1.23751,49.305679],[-1.237378,49.305632],[-1.23734,49.305673],[-1.237375,49.305686],[-1.237362,49.3057],[-1.237393,49.305711],[-1.237406,49.305698],[-1.237461,49.305717],[-1.2375,49.30575],[-1.237573,49.30571],[-1.237539,49.305683]]]}},{"type":"Feature","properties":{},"geometry":{"type":"Polygon","coordinates":[[[-1.237042,49.307602],[-1.237041,49.307598],[-1.237025,49.30756],[-1.23707,49.307557],[-1.237066,49.307524],[-1.23688,49.307528],[-1.236882,49.307563],[-1.236946,49.307561],[-1.236947,49.307563],[-1.236997,49.307563],[-1.237007,49.30759],[-1.237014,49.307607],[-1.237042,49.307602]]]}},{"type":"Feature","properties":{},"geometry":{"type":"Polygon","coordinates":[[[-1.220971,49.299848],[-1.221044,49.299847],[-1.221046,49.299889],[-1.221066,49.299888],[-1.221069,49.299947],[-1.221165,49.299945],[-1.221161,49.299852],[-1.221139,49.299852],[-1.221136,49.299796],[-1.221099,49.299797],[-1.221098,49.299786],[-1.220969,49.299789],[-1.220971,49.299848]]]}},{"type":"Feature","properties":{},"geometry":{"type":"Polygon","coordinates":[[[-1.224524,49.307209],[-1.224569,49.307156],[-1.22446,49.307119],[-1.224437,49.307146],[-1.224325,49.307107],[-1.224288,49.30715],[-1.224252,49.307137],[-1.224229,49.307164],[-1.224311,49.307191],[-1.224331,49.307167],[-1.224465,49.307214],[-1.224482,49.307194],[-1.224524,49.307209]]]}},{"type":"Feature","properties":{},"geometry":{"type":"Polygon","coordinates":[[[-1.221134,49.299453],[-1.221217,49.299439],[-1.221274,49.299429],[-1.221382,49.299411],[-1.221351,49.299337],[-1.221242,49.299357],[-1.221236,49.299346],[-1.221151,49.299362],[-1.221157,49.299372],[-1.221102,49.299382],[-1.22111,49.2994],[-1.221126,49.299435],[-1.221134,49.299453]]]}},{"type":"Feature","properties":{},"geometry":{"type":"Polygon","coordinates":[[[-1.228674,49.308215],[-1.228681,49.308198],[-1.228556,49.308176],[-1.228527,49.308242],[-1.228653,49.308264],[-1.228646,49.308281],[-1.228767,49.308301],[-1.228774,49.308285],[-1.228897,49.308306],[-1.228926,49.308243],[-1.228801,49.30822],[-1.228794,49.308237],[-1.228674,49.308215]]]}},{"type":"Feature","properties":{},"geometry":{"type":"Polygon","coordinates":[[[-1.224732,49.307421],[-1.224664,49.307398],[-1.224628,49.307441],[-1.224549,49.307412],[-1.224558,49.3074],[-1.224465,49.307367],[-1.224429,49.307412],[-1.224522,49.307443],[-1.224506,49.307466],[-1.224586,49.307493],[-1.224605,49.307472],[-1.224672,49.307494],[-1.224732,49.307421]]]}},{"type":"Feature","properties":{},"geometry":{"type":"Polygon","coordinates":[[[-1.222403,49.302498],[-1.222255,49.302492],[-1.222249,49.302563],[-1.222517,49.302572],[-1.222526,49.302475],[-1.222612,49.302478],[-1.222603,49.302584],[-1.222652,49.302585],[-1.222659,49.302526],[-1.222664,49.302467],[-1.222667,49.302433],[-1.22241,49.302424],[-1.222403,49.302498]]]}},{"type":"Feature","properties":{},"geometry":{"type":"Polygon","coordinates":[[[-1.221108,49.30168],[-1.221108,49.301654],[-1.221047,49.301655],[-1.221048,49.301756],[-1.221213,49.301756],[-1.221213,49.301812],[-1.221301,49.301812],[-1.221301,49.301725],[-1.221246,49.301725],[-1.221246,49.301654],[-1.221185,49.301654],[-1.221185,49.30168],[-1.221108,49.30168]]]}},{"type":"Feature","properties":{},"geometry":{"type":"Polygon","coordinates":[[[-1.237186,49.305841],[-1.237187,49.305841],[-1.237108,49.305877],[-1.23712,49.305889],[-1.2372,49.305856],[-1.237256,49.305916],[-1.237039,49.306004],[-1.23707,49.306038],[-1.237237,49.305973],[-1.237217,49.305951],[-1.237323,49.305908],[-1.237239,49.305819],[-1.237186,49.305841]]]}},{"type":"Feature","properties":{},"geometry":{"type":"Polygon","coordinates":[[[-1.222377,49.301177],[-1.222357,49.301155],[-1.222256,49.301192],[-1.222283,49.301225],[-1.222318,49.301212],[-1.222395,49.301309],[-1.222499,49.301273],[-1.222469,49.301236],[-1.222449,49.301211],[-1.22242,49.301175],[-1.222407,49.301179],[-1.222397,49.301182],[-1.222377,49.301177]]]}},{"type":"Feature","properties":{},"geometry":{"type":"Polygon","coordinates":[[[-1.224515,49.304427],[-1.224556,49.304424],[-1.224554,49.30441],[-1.224592,49.304406],[-1.224624,49.304403],[-1.224699,49.304395],[-1.224685,49.304329],[-1.224535,49.304343],[-1.224537,49.304349],[-1.224539,49.304359],[-1.224514,49.304361],[-1.2245,49.304363],[-1.224515,49.304427]]]}},{"type":"Feature","properties":{},"geometry":{"type":"Polygon","coordinates":[[[-1.227847,49.30715],[-1.227841,49.307153],[-1.227818,49.307132],[-1.227749,49.307164],[-1.227772,49.307185],[-1.227764,49.307189],[-1.227806,49.307229],[-1.2278,49.307232],[-1.227831,49.307261],[-1.227886,49.307237],[-1.227882,49.307233],[-1.227918,49.307217],[-1.227847,49.30715]]]}},{"type":"Feature","properties":{},"geometry":{"type":"Polygon","coordinates":[[[-1.223297,49.300984],[-1.223298,49.300916],[-1.223247,49.300916],[-1.223251,49.30084],[-1.223128,49.300837],[-1.223126,49.300884],[-1.223038,49.300883],[-1.223035,49.300947],[-1.223121,49.300949],[-1.223123,49.300919],[-1.223175,49.30092],[-1.223173,49.300982],[-1.223297,49.300984]]]}},{"type":"Feature","properties":{},"geometry":{"type":"Polygon","coordinates":[[[-1.223536,49.301824],[-1.223539,49.301792],[-1.223513,49.301792],[-1.223516,49.301722],[-1.223455,49.30172],[-1.223455,49.301708],[-1.223379,49.301706],[-1.223378,49.301746],[-1.223401,49.301746],[-1.223399,49.30179],[-1.223419,49.30179],[-1.223418,49.30182],[-1.223536,49.301824]]]}},{"type":"Feature","properties":{},"geometry":{"type":"Polygon","coordinates":[[[-1.224562,49.307222],[-1.224604,49.307237],[-1.224586,49.307257],[-1.224765,49.30732],[-1.224775,49.307308],[-1.224813,49.307321],[-1.224856,49.307268],[-1.22475,49.307231],[-1.224734,49.307251],[-1.224625,49.307214],[-1.22465,49.307184],[-1.224606,49.307169],[-1.224562,49.307222]]]}},{"type":"Feature","properties":{},"geometry":{"type":"Polygon","coordinates":[[[-1.223383,49.301404],[-1.223318,49.301372],[-1.223194,49.301355],[-1.22318,49.301396],[-1.223113,49.301387],[-1.223096,49.301439],[-1.223204,49.301454],[-1.22321,49.301437],[-1.223224,49.301439],[-1.223225,49.301435],[-1.223265,49.30144],[-1.223317,49.301464],[-1.223383,49.301404]]]}},{"type":"Feature","properties":{},"geometry":{"type":"Polygon","coordinates":[[[-1.2295097,49.303362],[-1.2294777,49.303358],[-1.2294807,49.303349],[-1.2294337,49.303342],[-1.2294297,49.303353],[-1.2293647,49.303345],[-1.2292987,49.303395],[-1.2296117,49.303431],[-1.2296277,49.303396],[-1.2295787,49.303389],[-1.2295837,49.30337],[-1.2295487,49.303366],[-1.2295097,49.303362]]]}},{"type":"Feature","properties":{},"geometry":{"type":"Polygon","coordinates":[[[-1.224856,49.30023],[-1.224987,49.30024],[-1.225002,49.300232],[-1.225047,49.300246],[-1.225068,49.300215],[-1.22509,49.300222],[-1.22512,49.300178],[-1.225065,49.300162],[-1.225044,49.300166],[-1.224927,49.300154],[-1.224923,49.300177],[-1.224865,49.300171],[-1.224856,49.30023]]]}},{"type":"Feature","properties":{},"geometry":{"type":"Polygon","coordinates":[[[-1.227196,49.305162],[-1.227244,49.305195],[-1.227305,49.305206],[-1.227313,49.30523],[-1.227368,49.305241],[-1.227457,49.305179],[-1.227469,49.305181],[-1.227511,49.305157],[-1.227514,49.305106],[-1.227481,49.3051],[-1.227417,49.305055],[-1.227452,49.305032],[-1.227433,49.305019],[-1.227196,49.305162]]]}},{"type":"Feature","properties":{},"geometry":{"type":"Polygon","coordinates":[[[-1.220857,49.29964],[-1.220854,49.299624],[-1.220843,49.29956],[-1.220751,49.299567],[-1.220742,49.299513],[-1.220656,49.29952],[-1.220665,49.299573],[-1.220638,49.299575],[-1.220644,49.29961],[-1.220588,49.299614],[-1.220601,49.29969],[-1.22069,49.299684],[-1.220684,49.299653],[-1.220857,49.29964]]]}},{"type":"Feature","properties":{},"geometry":{"type":"Polygon","coordinates":[[[-1.236911,49.30735],[-1.236925,49.30735],[-1.236925,49.307359],[-1.23711,49.307372],[-1.237164,49.307371],[-1.237168,49.307317],[-1.237066,49.307312],[-1.237069,49.307283],[-1.236989,49.307279],[-1.236989,49.307253],[-1.236867,49.307248],[-1.236863,49.307317],[-1.236913,49.307318],[-1.236911,49.30735]]]}},{"type":"Feature","properties":{},"geometry":{"type":"Polygon","coordinates":[[[-1.22005,49.299547],[-1.220016,49.29955],[-1.219986,49.299536],[-1.219964,49.299556],[-1.21993,49.299559],[-1.219941,49.299603],[-1.219904,49.299636],[-1.219992,49.299678],[-1.220006,49.299666],[-1.220027,49.299663],[-1.220046,49.299672],[-1.22011,49.299615],[-1.220061,49.299591],[-1.22005,49.299547]]]}},{"type":"Feature","properties":{},"geometry":{"type":"Polygon","coordinates":[[[-1.228363,49.306987],[-1.228522,49.307071],[-1.228556,49.307043],[-1.228538,49.307034],[-1.228562,49.307016],[-1.228559,49.306998],[-1.228528,49.306983],[-1.228525,49.306961],[-1.228497,49.306947],[-1.228471,49.306949],[-1.228462,49.306898],[-1.228363,49.306897],[-1.228352,49.306904],[-1.228363,49.306987]]]}},{"type":"Feature","properties":{},"geometry":{"type":"Polygon","coordinates":[[[-1.221579,49.301554],[-1.221561,49.301559],[-1.221604,49.301618],[-1.221726,49.30158],[-1.22168,49.301519],[-1.221681,49.301501],[-1.221687,49.301495],[-1.221729,49.301461],[-1.221633,49.301413],[-1.221543,49.301492],[-1.221558,49.301512],[-1.22155,49.301516],[-1.221579,49.301554]]]}},{"type":"Feature","properties":{},"geometry":{"type":"Polygon","coordinates":[[[-1.223915,49.300362],[-1.223981,49.300304],[-1.223978,49.300291],[-1.223911,49.300258],[-1.223876,49.300257],[-1.223862,49.300246],[-1.223725,49.300237],[-1.223714,49.300309],[-1.223815,49.300316],[-1.223813,49.300334],[-1.223828,49.300344],[-1.223849,49.300345],[-1.223863,49.300338],[-1.223915,49.300362]]]}},{"type":"Feature","properties":{},"geometry":{"type":"Polygon","coordinates":[[[-1.220121,49.30359],[-1.220108,49.303546],[-1.219796,49.303583],[-1.219793,49.303575],[-1.220105,49.303536],[-1.220072,49.303419],[-1.219969,49.303431],[-1.219981,49.303472],[-1.219936,49.303478],[-1.219924,49.303437],[-1.219761,49.303457],[-1.219781,49.303531],[-1.219708,49.303539],[-1.219733,49.303635],[-1.220121,49.30359]]]}},{"type":"Feature","properties":{},"geometry":{"type":"Polygon","coordinates":[[[-1.2294928,49.3038577],[-1.2295138,49.3038027],[-1.2295868,49.3038147],[-1.2296328,49.3036947],[-1.2293948,49.3036557],[-1.2293828,49.3036847],[-1.2293978,49.3036977],[-1.2293878,49.3037227],[-1.2294378,49.3037317],[-1.2294228,49.3037757],[-1.2293118,49.3037587],[-1.2293048,49.3037787],[-1.2292658,49.3037867],[-1.2292538,49.3038177],[-1.2294928,49.3038577]]]}},{"type":"Feature","properties":{},"geometry":{"type":"Polygon","coordinates":[[[-1.223315,49.301235],[-1.223324,49.301176],[-1.223267,49.301172],[-1.223269,49.301157],[-1.223168,49.301149],[-1.223165,49.301163],[-1.223106,49.301159],[-1.223104,49.301169],[-1.22303,49.301163],[-1.223022,49.301211],[-1.223095,49.301216],[-1.223092,49.301233],[-1.223153,49.301238],[-1.223156,49.301223],[-1.223315,49.301235]]]}},{"type":"Feature","properties":{},"geometry":{"type":"Polygon","coordinates":[[[-1.229626,49.307753],[-1.22962,49.307765],[-1.229721,49.307784],[-1.229725,49.307773],[-1.22977,49.307781],[-1.229793,49.307731],[-1.229746,49.307723],[-1.229751,49.307711],[-1.229655,49.307692],[-1.22966,49.307681],[-1.229558,49.307661],[-1.229562,49.307652],[-1.229499,49.307641],[-1.229464,49.307723],[-1.229626,49.307753]]]}},{"type":"Feature","properties":{},"geometry":{"type":"Polygon","coordinates":[[[-1.226222,49.30605],[-1.226221,49.306054],[-1.226272,49.306057],[-1.226273,49.306049],[-1.226328,49.306053],[-1.226338,49.305993],[-1.226187,49.305981],[-1.226185,49.306001],[-1.226035,49.30599],[-1.226026,49.30605],[-1.22608,49.306053],[-1.226079,49.306062],[-1.226174,49.306066],[-1.226177,49.306047],[-1.226222,49.30605]]]}},{"type":"Feature","properties":{},"geometry":{"type":"Polygon","coordinates":[[[-1.22794,49.306645],[-1.227878,49.306585],[-1.227861,49.306593],[-1.227843,49.306575],[-1.227826,49.306573],[-1.227776,49.306596],[-1.227772,49.306607],[-1.22779,49.306624],[-1.227718,49.306657],[-1.22778,49.306716],[-1.227826,49.306695],[-1.227834,49.306703],[-1.227885,49.30668],[-1.227877,49.306673],[-1.22794,49.306645]]]}},{"type":"Feature","properties":{},"geometry":{"type":"Polygon","coordinates":[[[-1.222954,49.306509],[-1.223001,49.306506],[-1.223004,49.306518],[-1.223076,49.30651],[-1.223079,49.306523],[-1.223155,49.306516],[-1.223156,49.306525],[-1.223206,49.30652],[-1.223188,49.30646],[-1.22314,49.306465],[-1.223132,49.30644],[-1.223057,49.306448],[-1.223054,49.306437],[-1.222938,49.306451],[-1.222954,49.306509]]]}},{"type":"Feature","properties":{},"geometry":{"type":"Polygon","coordinates":[[[-1.224115,49.306773],[-1.224172,49.306801],[-1.224249,49.306736],[-1.224276,49.30675],[-1.224308,49.306722],[-1.224293,49.306715],[-1.224352,49.306664],[-1.22438,49.306678],[-1.22441,49.306653],[-1.224337,49.306616],[-1.224305,49.30664],[-1.224291,49.306634],[-1.224203,49.306712],[-1.224194,49.306707],[-1.224115,49.306773]]]}},{"type":"Feature","properties":{},"geometry":{"type":"Polygon","coordinates":[[[-1.2296757,49.303186],[-1.2296417,49.303214],[-1.2296247,49.303204],[-1.2295847,49.30324],[-1.2296047,49.30325],[-1.2295867,49.303293],[-1.2295767,49.303293],[-1.2295487,49.303366],[-1.2295837,49.30337],[-1.2295787,49.303389],[-1.2296277,49.303396],[-1.2296647,49.303309],[-1.2297727,49.303324],[-1.2297837,49.303196],[-1.2296757,49.303186]]]}},{"type":"Feature","properties":{},"geometry":{"type":"Polygon","coordinates":[[[-1.224453,49.3086],[-1.224404,49.308574],[-1.224393,49.308576],[-1.224373,49.308546],[-1.22432,49.30856],[-1.224302,49.308529],[-1.224295,49.308531],[-1.224255,49.308541],[-1.22419,49.308558],[-1.22422,49.308608],[-1.224267,49.308598],[-1.224279,49.308588],[-1.224303,49.308624],[-1.224379,49.308663],[-1.224453,49.3086]]]}},{"type":"Feature","properties":{},"geometry":{"type":"Polygon","coordinates":[[[-1.233482,49.303937],[-1.233417,49.304107],[-1.233541,49.30412],[-1.233635,49.304129],[-1.233645,49.304086],[-1.233473,49.304067],[-1.233486,49.304017],[-1.233526,49.304021],[-1.233539,49.303977],[-1.233569,49.303981],[-1.233574,49.303967],[-1.233619,49.303974],[-1.233624,49.303958],[-1.233549,49.303947],[-1.233482,49.303937]]]}},{"type":"Feature","properties":{},"geometry":{"type":"Polygon","coordinates":[[[-1.227901,49.304587],[-1.227973,49.304633],[-1.228051,49.304579],[-1.228012,49.304554],[-1.227986,49.304573],[-1.227974,49.304565],[-1.228005,49.304545],[-1.227998,49.30454],[-1.228015,49.30453],[-1.227999,49.304519],[-1.228034,49.304496],[-1.227925,49.304427],[-1.227842,49.304484],[-1.227951,49.304552],[-1.227901,49.304587]]]}},{"type":"Feature","properties":{},"geometry":{"type":"Polygon","coordinates":[[[-1.220309,49.299558],[-1.22031,49.299567],[-1.220214,49.299574],[-1.220226,49.299646],[-1.220326,49.299638],[-1.220324,49.299629],[-1.220419,49.299622],[-1.22042,49.299628],[-1.220481,49.299624],[-1.220475,49.299587],[-1.2205,49.299585],[-1.22049,49.299524],[-1.220412,49.29953],[-1.220416,49.29955],[-1.220309,49.299558]]]}},{"type":"Feature","properties":{},"geometry":{"type":"Polygon","coordinates":[[[-1.236539,49.30645],[-1.236613,49.306469],[-1.236648,49.306423],[-1.236671,49.306422],[-1.236674,49.306473],[-1.236728,49.306472],[-1.236731,49.306501],[-1.236781,49.3065],[-1.236776,49.306403],[-1.236761,49.306403],[-1.23676,49.306374],[-1.236663,49.306376],[-1.236668,49.30641],[-1.236639,49.306411],[-1.236585,49.306394],[-1.236539,49.30645]]]}},{"type":"Feature","properties":{},"geometry":{"type":"Polygon","coordinates":[[[-1.222531,49.305591],[-1.222563,49.3056],[-1.222582,49.305573],[-1.222577,49.305561],[-1.222592,49.305539],[-1.222538,49.305523],[-1.222542,49.305516],[-1.222482,49.305497],[-1.222462,49.305524],[-1.222443,49.305531],[-1.222386,49.305514],[-1.222351,49.30556],[-1.222411,49.305578],[-1.22242,49.305565],[-1.222525,49.305599],[-1.222531,49.305591]]]}},{"type":"Feature","properties":{},"geometry":{"type":"Polygon","coordinates":[[[-1.234885,49.304943],[-1.235379,49.305091],[-1.235372,49.305102],[-1.23541,49.305112],[-1.235417,49.305102],[-1.235595,49.305156],[-1.235656,49.305072],[-1.235211,49.304938],[-1.235228,49.304913],[-1.23514,49.304887],[-1.235128,49.304904],[-1.235119,49.304901],[-1.235125,49.304894],[-1.234954,49.304844],[-1.234943,49.30486],[-1.234885,49.304943]]]}},{"type":"Feature","properties":{},"geometry":{"type":"Polygon","coordinates":[[[-1.226864,49.306614],[-1.226977,49.306633],[-1.226996,49.306586],[-1.227005,49.306587],[-1.227016,49.306558],[-1.227007,49.306556],[-1.227026,49.30651],[-1.227035,49.30651],[-1.227046,49.306481],[-1.227037,49.306479],[-1.227055,49.306433],[-1.227064,49.306435],[-1.227075,49.306406],[-1.226952,49.306385],[-1.2269,49.306539],[-1.226893,49.306538],[-1.226864,49.306614]]]}},{"type":"Feature","properties":{},"geometry":{"type":"Polygon","coordinates":[[[-1.223,49.300364],[-1.223122,49.30036],[-1.223126,49.300405],[-1.22322,49.300402],[-1.223216,49.300355],[-1.22317,49.300356],[-1.223169,49.300342],[-1.223164,49.300291],[-1.223122,49.300292],[-1.223121,49.300279],[-1.223056,49.300281],[-1.223053,49.300261],[-1.22296,49.300264],[-1.222945,49.300295],[-1.222965,49.300324],[-1.222997,49.300323],[-1.223,49.300364]]]}},{"type":"Feature","properties":{},"geometry":{"type":"Polygon","coordinates":[[[-1.2229239,49.2999665],[-1.2229189,49.2999265],[-1.2229289,49.2999255],[-1.2229249,49.2998905],[-1.2229009,49.2998915],[-1.2228979,49.2998625],[-1.2228249,49.2998655],[-1.2228259,49.2998805],[-1.2227119,49.2998815],[-1.2227139,49.2999025],[-1.2226569,49.2999045],[-1.2226649,49.2999675],[-1.2227619,49.2999655],[-1.2227609,49.2999585],[-1.2228339,49.2999555],[-1.2228359,49.2999705],[-1.2229239,49.2999665]]]}},{"type":"Feature","properties":{},"geometry":{"type":"Polygon","coordinates":[[[-1.223368,49.30647],[-1.223341,49.306416],[-1.22349,49.306384],[-1.223482,49.306369],[-1.223566,49.306352],[-1.223574,49.306365],[-1.223645,49.306349],[-1.223609,49.306283],[-1.223454,49.306316],[-1.22345,49.30631],[-1.223379,49.306324],[-1.223395,49.306354],[-1.223276,49.306379],[-1.2233,49.306425],[-1.223256,49.306436],[-1.223285,49.30649],[-1.223368,49.30647]]]}},{"type":"Feature","properties":{},"geometry":{"type":"Polygon","coordinates":[[[-1.224985,49.300758],[-1.224929,49.300787],[-1.224988,49.300837],[-1.225042,49.300808],[-1.225011,49.300784],[-1.225095,49.300743],[-1.225091,49.300723],[-1.22504,49.300709],[-1.225027,49.300646],[-1.225039,49.30064],[-1.225026,49.300579],[-1.224951,49.300585],[-1.224933,49.300631],[-1.224935,49.300655],[-1.224923,49.300656],[-1.224931,49.300697],[-1.224972,49.300695],[-1.224985,49.300758]]]}},{"type":"Feature","properties":{},"geometry":{"type":"Polygon","coordinates":[[[-1.220338,49.303536],[-1.220414,49.303526],[-1.220552,49.303509],[-1.220586,49.303625],[-1.220877,49.303592],[-1.220857,49.303523],[-1.221265,49.303471],[-1.221259,49.30345],[-1.221228,49.303344],[-1.221135,49.303025],[-1.220573,49.303093],[-1.220434,49.30311],[-1.220289,49.303127],[-1.220301,49.303169],[-1.220239,49.303178],[-1.220276,49.303314],[-1.220301,49.303402],[-1.220338,49.303536]]]}},{"type":"Feature","properties":{},"geometry":{"type":"Polygon","coordinates":[[[-1.233212,49.30337],[-1.233144,49.303363],[-1.233159,49.303293],[-1.233139,49.303291],[-1.233152,49.303234],[-1.233017,49.303215],[-1.233016,49.303221],[-1.232982,49.303217],[-1.232958,49.303229],[-1.232951,49.303261],[-1.232967,49.303278],[-1.232989,49.303281],[-1.23298,49.303315],[-1.233128,49.303328],[-1.233121,49.303361],[-1.233093,49.303359],[-1.233085,49.303395],[-1.233203,49.303407],[-1.233212,49.30337]]]}},{"type":"Feature","properties":{},"geometry":{"type":"Polygon","coordinates":[[[-1.224134,49.308212],[-1.224112,49.30812],[-1.223922,49.308138],[-1.223929,49.308165],[-1.22389,49.308169],[-1.223889,49.308162],[-1.223786,49.308172],[-1.223799,49.308217],[-1.223772,49.30822],[-1.223789,49.308284],[-1.22383,49.30828],[-1.223828,49.30826],[-1.223871,49.308256],[-1.223867,49.308237],[-1.223946,49.308229],[-1.223943,49.308218],[-1.22409,49.308203],[-1.224093,49.308216],[-1.224134,49.308212]]]}},{"type":"Feature","properties":{},"geometry":{"type":"Polygon","coordinates":[[[-1.237186,49.305841],[-1.236738,49.306017],[-1.236432,49.305903],[-1.236399,49.305944],[-1.236339,49.305923],[-1.236102,49.306202],[-1.23649,49.306341],[-1.236693,49.306105],[-1.236809,49.306143],[-1.236873,49.30607],[-1.236904,49.306102],[-1.23707,49.306038],[-1.237039,49.306004],[-1.237256,49.305916],[-1.2372,49.305856],[-1.23712,49.305889],[-1.237108,49.305877],[-1.237187,49.305841],[-1.237186,49.305841]]]}},{"type":"Feature","properties":{},"geometry":{"type":"Polygon","coordinates":[[[-1.223929,49.306715],[-1.223898,49.306745],[-1.224059,49.306821],[-1.224102,49.306781],[-1.224018,49.30674],[-1.224028,49.306731],[-1.223952,49.306696],[-1.223972,49.306678],[-1.223888,49.306638],[-1.223902,49.306625],[-1.223799,49.306577],[-1.223786,49.306589],[-1.22375,49.306573],[-1.223698,49.306621],[-1.223733,49.306638],[-1.223756,49.306617],[-1.223852,49.306666],[-1.223843,49.306675],[-1.223929,49.306715]]]}},{"type":"Feature","properties":{},"geometry":{"type":"Polygon","coordinates":[[[-1.219448,49.313201],[-1.219544,49.313429],[-1.219579,49.313513],[-1.219588,49.313534],[-1.2196,49.313533],[-1.219611,49.313563],[-1.219691,49.31355],[-1.219672,49.313511],[-1.219705,49.313505],[-1.219717,49.313489],[-1.219978,49.313443],[-1.219974,49.313425],[-1.220036,49.313415],[-1.220027,49.313394],[-1.219991,49.313305],[-1.220065,49.313292],[-1.220033,49.313222],[-1.220244,49.313185],[-1.22019,49.313065],[-1.219448,49.313201]]]}},{"type":"Feature","properties":{},"geometry":{"type":"Polygon","coordinates":[[[-1.220646,49.302505],[-1.220645,49.302473],[-1.220612,49.302473],[-1.22061,49.302399],[-1.220286,49.302404],[-1.220285,49.30239],[-1.220236,49.302393],[-1.220236,49.302405],[-1.220213,49.302406],[-1.220206,49.30231],[-1.22003,49.302315],[-1.220042,49.302518],[-1.220294,49.302516],[-1.220297,49.302546],[-1.220497,49.302543],[-1.220498,49.302558],[-1.220572,49.302557],[-1.220571,49.302541],[-1.220618,49.302539],[-1.220614,49.302507],[-1.220646,49.302505]]]}},{"type":"Feature","properties":{},"geometry":{"type":"Polygon","coordinates":[[[-1.223247,49.308443],[-1.223289,49.308455],[-1.223295,49.308447],[-1.223337,49.308459],[-1.223348,49.308441],[-1.223389,49.308453],[-1.223383,49.308462],[-1.223427,49.308474],[-1.223435,49.308462],[-1.223485,49.308475],[-1.223513,49.308431],[-1.223467,49.308417],[-1.223472,49.30841],[-1.223384,49.308383],[-1.223373,49.3084],[-1.223291,49.308375],[-1.223285,49.308386],[-1.223233,49.308371],[-1.223201,49.308419],[-1.223254,49.308434],[-1.223247,49.308443]]]}},{"type":"Feature","properties":{},"geometry":{"type":"Polygon","coordinates":[[[-1.226105,49.306215],[-1.226106,49.306208],[-1.226055,49.306205],[-1.226054,49.306214],[-1.226,49.30621],[-1.225989,49.306269],[-1.226138,49.306281],[-1.226136,49.306291],[-1.226232,49.306298],[-1.226233,49.306294],[-1.226288,49.306297],[-1.22629,49.306279],[-1.226439,49.30629],[-1.22645,49.306231],[-1.226396,49.306227],[-1.226396,49.306218],[-1.226301,49.306215],[-1.226296,49.306247],[-1.22624,49.306243],[-1.226242,49.306232],[-1.226146,49.30623],[-1.226149,49.306216],[-1.226105,49.306215]]]}},{"type":"Feature","properties":{},"geometry":{"type":"Polygon","coordinates":[[[-1.224248,49.307673],[-1.224288,49.307688],[-1.224299,49.307676],[-1.224426,49.307721],[-1.224416,49.307732],[-1.224492,49.307759],[-1.224502,49.307747],[-1.2246,49.307783],[-1.224586,49.307799],[-1.224626,49.307813],[-1.224611,49.307832],[-1.224647,49.307844],[-1.224704,49.307779],[-1.224683,49.307771],[-1.22471,49.30774],[-1.224621,49.307708],[-1.224624,49.307703],[-1.224559,49.30768],[-1.224539,49.307704],[-1.224464,49.307677],[-1.224484,49.307654],[-1.224317,49.307593],[-1.224248,49.307673]]]}},{"type":"Feature","properties":{},"geometry":{"type":"Polygon","coordinates":[[[-1.222881,49.308317],[-1.222849,49.308307],[-1.222857,49.308293],[-1.222805,49.308278],[-1.22281,49.308269],[-1.222765,49.308257],[-1.22276,49.308265],[-1.222677,49.308242],[-1.222682,49.308235],[-1.222637,49.308222],[-1.222634,49.30823],[-1.222581,49.308215],[-1.222547,49.308272],[-1.22277,49.308332],[-1.222777,49.308323],[-1.222832,49.308337],[-1.222814,49.308368],[-1.222945,49.308404],[-1.222983,49.308346],[-1.22293,49.308331],[-1.222936,49.308323],[-1.222885,49.308309],[-1.222881,49.308317]]]}},{"type":"Feature","properties":{},"geometry":{"type":"Polygon","coordinates":[[[-1.229406,49.302521],[-1.229405,49.302527],[-1.229487,49.302543],[-1.229476,49.302593],[-1.229576,49.302604],[-1.229587,49.30256],[-1.229688,49.302573],[-1.229684,49.302591],[-1.229733,49.302597],[-1.229738,49.302578],[-1.229793,49.302585],[-1.229796,49.302576],[-1.229815,49.302579],[-1.229817,49.30257],[-1.22986,49.302575],[-1.229873,49.302528],[-1.229816,49.302522],[-1.22982,49.302507],[-1.229445,49.302463],[-1.229446,49.302453],[-1.229436,49.302452],[-1.229434,49.302462],[-1.229422,49.30246],[-1.229406,49.302521]]]}},{"type":"Feature","properties":{},"geometry":{"type":"Polygon","coordinates":[[[-1.224059,49.30793],[-1.22404,49.307833],[-1.224052,49.307832],[-1.224041,49.307776],[-1.22402,49.307777],[-1.22401,49.30773],[-1.224032,49.307728],[-1.224023,49.307679],[-1.224001,49.307679],[-1.223993,49.307642],[-1.223889,49.307652],[-1.223896,49.307692],[-1.223911,49.307691],[-1.223921,49.307742],[-1.2239,49.307744],[-1.223909,49.307791],[-1.223956,49.307787],[-1.223968,49.30784],[-1.22392,49.307844],[-1.223942,49.307939],[-1.223935,49.307939],[-1.223942,49.307979],[-1.224043,49.30797],[-1.224036,49.307931],[-1.224059,49.30793]]]}},{"type":"Feature","properties":{},"geometry":{"type":"Polygon","coordinates":[[[-1.225838,49.302378],[-1.22569,49.302374],[-1.22569,49.302361],[-1.225638,49.302361],[-1.225638,49.302375],[-1.225462,49.302371],[-1.225463,49.302337],[-1.22537,49.302334],[-1.225363,49.30237],[-1.225421,49.302371],[-1.22542,49.30241],[-1.225652,49.302413],[-1.225729,49.302408],[-1.225718,49.302596],[-1.225452,49.302588],[-1.225437,49.302648],[-1.225611,49.302655],[-1.225608,49.302684],[-1.225639,49.302685],[-1.225639,49.302693],[-1.225702,49.302695],[-1.225702,49.302688],[-1.225734,49.302689],[-1.225734,49.30266],[-1.225815,49.302664],[-1.225838,49.302378]]]}},{"type":"Feature","properties":{},"geometry":{"type":"Polygon","coordinates":[[[-1.222711,49.308046],[-1.22279,49.308069],[-1.222785,49.308077],[-1.222831,49.308089],[-1.222838,49.308079],[-1.222891,49.308094],[-1.222897,49.308086],[-1.222945,49.308101],[-1.222939,49.308109],[-1.222983,49.308121],[-1.222988,49.308112],[-1.223068,49.308135],[-1.223063,49.308144],[-1.223109,49.308156],[-1.223114,49.308147],[-1.223165,49.308161],[-1.223201,49.308104],[-1.222981,49.308043],[-1.222975,49.308051],[-1.222925,49.308038],[-1.222919,49.308045],[-1.22287,49.308032],[-1.222875,49.308024],[-1.222652,49.307962],[-1.222615,49.308021],[-1.222664,49.308034],[-1.222659,49.308042],[-1.222706,49.308055],[-1.222711,49.308046]]]}},{"type":"Feature","properties":{},"geometry":{"type":"Polygon","coordinates":[[[-1.226917,49.30559],[-1.226933,49.305594],[-1.226905,49.305638],[-1.226993,49.305663],[-1.227045,49.305677],[-1.227132,49.305701],[-1.227143,49.305686],[-1.22726,49.305656],[-1.22729,49.30561],[-1.227275,49.305584],[-1.22731,49.305576],[-1.227341,49.30553],[-1.227297,49.305456],[-1.227179,49.305422],[-1.227165,49.305442],[-1.227095,49.305423],[-1.227086,49.305437],[-1.227039,49.305425],[-1.227049,49.30541],[-1.226989,49.305393],[-1.226968,49.305424],[-1.226959,49.305437],[-1.226971,49.305457],[-1.226941,49.305465],[-1.226909,49.305515],[-1.226981,49.305536],[-1.226972,49.305551],[-1.226948,49.305544],[-1.226917,49.30559]]]}},{"type":"Feature","properties":{},"geometry":{"type":"Polygon","coordinates":[[[-1.224268,49.307396],[-1.224313,49.307342],[-1.224203,49.307303],[-1.224194,49.307315],[-1.224157,49.307301],[-1.224132,49.307333],[-1.224019,49.307292],[-1.224044,49.307265],[-1.223978,49.307242],[-1.224001,49.307215],[-1.223924,49.307186],[-1.22395,49.307154],[-1.223881,49.307129],[-1.223898,49.307108],[-1.223793,49.307071],[-1.223751,49.307123],[-1.22379,49.307137],[-1.223779,49.307149],[-1.223844,49.307173],[-1.223827,49.307194],[-1.223892,49.307217],[-1.223874,49.30724],[-1.223954,49.307269],[-1.223915,49.307315],[-1.224095,49.307378],[-1.224113,49.307357],[-1.224218,49.307394],[-1.224227,49.307383],[-1.224268,49.307396]]]}},{"type":"Feature","properties":{},"geometry":{"type":"Polygon","coordinates":[[[-1.236763,49.30691],[-1.236861,49.306932],[-1.236885,49.306881],[-1.236787,49.306861],[-1.236763,49.30691]]]}},{"type":"Feature","properties":{},"geometry":{"type":"Polygon","coordinates":[[[-1.228636,49.306768],[-1.228708,49.306735],[-1.228677,49.306705],[-1.228701,49.306695],[-1.228619,49.306619],[-1.228524,49.306663],[-1.228636,49.306768]]]}},{"type":"Feature","properties":{},"geometry":{"type":"Polygon","coordinates":[[[-1.228365,49.307774],[-1.228295,49.307709],[-1.228335,49.30769],[-1.228261,49.307621],[-1.228177,49.307661],[-1.22825,49.307729],[-1.228211,49.307746],[-1.228286,49.307815],[-1.228363,49.307777],[-1.228367,49.307775],[-1.228365,49.307774]]]}},{"type":"Feature","properties":{},"geometry":{"type":"Polygon","coordinates":[[[-1.22849,49.300981],[-1.228509,49.301002],[-1.228652,49.300945],[-1.228633,49.300922],[-1.22849,49.300981]]]}},{"type":"Feature","properties":{},"geometry":{"type":"Polygon","coordinates":[[[-1.223686,49.306318],[-1.223725,49.306337],[-1.223714,49.306349],[-1.223772,49.306375],[-1.223761,49.306385],[-1.223825,49.306414],[-1.223803,49.306433],[-1.223879,49.306468],[-1.223858,49.306487],[-1.223962,49.306535],[-1.223939,49.306556],[-1.224045,49.306604],[-1.224072,49.306579],[-1.224149,49.306613],[-1.224199,49.306566],[-1.22423,49.306579],[-1.224276,49.306538],[-1.224184,49.306497],[-1.224137,49.306538],[-1.224123,49.306532],[-1.224083,49.306568],[-1.223979,49.30652],[-1.223998,49.306503],[-1.223894,49.306454],[-1.223927,49.306424],[-1.223851,49.30639],[-1.223887,49.306357],[-1.223822,49.306329],[-1.223835,49.306317],[-1.223738,49.306272],[-1.223686,49.306318]]]}},{"type":"Feature","properties":{},"geometry":{"type":"Polygon","coordinates":[[[-1.223251,49.308608],[-1.223214,49.308597],[-1.223191,49.308629],[-1.223153,49.308617],[-1.223158,49.308609],[-1.223113,49.308597],[-1.223105,49.308608],[-1.223056,49.308593],[-1.223046,49.308607],[-1.223007,49.308596],[-1.223012,49.308588],[-1.222967,49.308576],[-1.222959,49.308586],[-1.222908,49.308573],[-1.222879,49.308619],[-1.222925,49.308633],[-1.222922,49.30864],[-1.223007,49.308666],[-1.223024,49.30864],[-1.223076,49.308654],[-1.22307,49.308664],[-1.22315,49.308688],[-1.223178,49.308649],[-1.223262,49.308673],[-1.223268,49.308666],[-1.223318,49.30868],[-1.22335,49.308635],[-1.223299,49.30862],[-1.223305,49.308611],[-1.223259,49.308598],[-1.223251,49.308608]]]}},{"type":"Feature","properties":{},"geometry":{"type":"Polygon","coordinates":[[[-1.226219,49.305601],[-1.226229,49.305602],[-1.22624,49.305562],[-1.226122,49.305549],[-1.22611,49.305589],[-1.226126,49.305591],[-1.226117,49.305623],[-1.226155,49.305627],[-1.22617,49.305643],[-1.22615,49.305652],[-1.22618,49.30568],[-1.226189,49.305675],[-1.226276,49.305756],[-1.226293,49.305748],[-1.226373,49.305831],[-1.226352,49.305841],[-1.22644,49.30592],[-1.226516,49.305886],[-1.226483,49.305856],[-1.226494,49.30585],[-1.226434,49.305803],[-1.226452,49.305795],[-1.226425,49.305771],[-1.226432,49.305768],[-1.226402,49.305741],[-1.226387,49.305748],[-1.226306,49.305665],[-1.226295,49.305669],[-1.226264,49.305641],[-1.226253,49.305646],[-1.226215,49.305612],[-1.226219,49.305601]]]}},{"type":"Feature","properties":{},"geometry":{"type":"Polygon","coordinates":[[[-1.22433,49.307963],[-1.224335,49.307991],[-1.224366,49.307988],[-1.22437,49.308017],[-1.224402,49.308015],[-1.224406,49.30804],[-1.224395,49.308041],[-1.224404,49.30809],[-1.224389,49.308092],[-1.224394,49.308121],[-1.224407,49.30812],[-1.224415,49.308166],[-1.2244,49.308167],[-1.224406,49.308196],[-1.224383,49.308198],[-1.224393,49.308245],[-1.224376,49.308247],[-1.22438,49.308275],[-1.224342,49.308278],[-1.224352,49.308327],[-1.22433,49.308329],[-1.224336,49.308357],[-1.224457,49.308347],[-1.22444,49.308269],[-1.224463,49.308268],[-1.224456,49.308241],[-1.2245,49.308238],[-1.224485,49.308162],[-1.224527,49.308159],[-1.224517,49.30811],[-1.224487,49.308111],[-1.224482,49.308083],[-1.224523,49.30808],[-1.224499,49.307962],[-1.224432,49.307968],[-1.224429,49.307955],[-1.22433,49.307963]]]}},{"type":"Feature","properties":{},"geometry":{"type":"Polygon","coordinates":[[[-1.227575,49.303708],[-1.227587,49.303652],[-1.22743,49.303637],[-1.227419,49.303695],[-1.227575,49.303708]]]}},{"type":"Feature","properties":{},"geometry":{"type":"Polygon","coordinates":[[[-1.225611,49.304729],[-1.225806,49.304719],[-1.225798,49.304644],[-1.225602,49.304653],[-1.225611,49.304729]]]}},{"type":"Feature","properties":{},"geometry":{"type":"Polygon","coordinates":[[[-1.233227,49.302245],[-1.233197,49.302247],[-1.233135,49.302251],[-1.233143,49.302305],[-1.233204,49.302302],[-1.233233,49.3023],[-1.233296,49.302296],[-1.233289,49.302242],[-1.233227,49.302245]]]}},{"type":"Feature","properties":{},"geometry":{"type":"Polygon","coordinates":[[[-1.223176,49.304867],[-1.223338,49.304852],[-1.223321,49.304773],[-1.223157,49.304789],[-1.223176,49.304867]]]}},{"type":"Feature","properties":{},"geometry":{"type":"Polygon","coordinates":[[[-1.22968,49.304572],[-1.229705,49.304496],[-1.229487,49.304464],[-1.229462,49.304539],[-1.22968,49.304572]]]}},{"type":"Feature","properties":{},"geometry":{"type":"Polygon","coordinates":[[[-1.228141,49.304731],[-1.228277,49.304642],[-1.228192,49.304588],[-1.228059,49.304679],[-1.228141,49.304731]]]}},{"type":"Feature","properties":{},"geometry":{"type":"Polygon","coordinates":[[[-1.235507,49.308618],[-1.235587,49.30853],[-1.23535,49.308438],[-1.235267,49.308526],[-1.235507,49.308618]]]}},{"type":"Feature","properties":{},"geometry":{"type":"Polygon","coordinates":[[[-1.221406,49.311666],[-1.221462,49.311654],[-1.221399,49.311514],[-1.221342,49.311525],[-1.221406,49.311666]]]}},{"type":"Feature","properties":{},"geometry":{"type":"Polygon","coordinates":[[[-1.232409,49.304129],[-1.232396,49.30418],[-1.232523,49.304195],[-1.232537,49.304144],[-1.232409,49.304129]]]}},{"type":"Feature","properties":{},"geometry":{"type":"Polygon","coordinates":[[[-1.228037,49.300106],[-1.227977,49.300039],[-1.227807,49.300103],[-1.227868,49.300171],[-1.228037,49.300106]]]}},{"type":"Feature","properties":{},"geometry":{"type":"Polygon","coordinates":[[[-1.227065,49.303388],[-1.227071,49.303312],[-1.226901,49.303305],[-1.226895,49.303382],[-1.227065,49.303388]]]}},{"type":"Feature","properties":{},"geometry":{"type":"Polygon","coordinates":[[[-1.233001,49.302882],[-1.232935,49.302879],[-1.232924,49.302984],[-1.232991,49.302988],[-1.233001,49.302882]]]}},{"type":"Feature","properties":{},"geometry":{"type":"Polygon","coordinates":[[[-1.224335,49.305033],[-1.224474,49.305021],[-1.224459,49.30495],[-1.224321,49.304962],[-1.224335,49.305033]]]}},{"type":"Feature","properties":{},"geometry":{"type":"Polygon","coordinates":[[[-1.22517,49.30249],[-1.225079,49.302491],[-1.225087,49.30254],[-1.225176,49.302538],[-1.22517,49.30249]]]}},{"type":"Feature","properties":{},"geometry":{"type":"Polygon","coordinates":[[[-1.226593,49.316689],[-1.22666,49.316634],[-1.226549,49.316576],[-1.226481,49.31663],[-1.226593,49.316689]]]}},{"type":"Feature","properties":{},"geometry":{"type":"Polygon","coordinates":[[[-1.237227,49.306563],[-1.237225,49.306526],[-1.237114,49.306529],[-1.237116,49.306566],[-1.237227,49.306563]]]}},{"type":"Feature","properties":{},"geometry":{"type":"Polygon","coordinates":[[[-1.221032,49.301542],[-1.221146,49.301541],[-1.221142,49.301442],[-1.221028,49.301444],[-1.221032,49.301542]]]}},{"type":"Feature","properties":{},"geometry":{"type":"Polygon","coordinates":[[[-1.223738,49.304778],[-1.223909,49.304762],[-1.223891,49.304686],[-1.223721,49.304701],[-1.223738,49.304778]]]}},{"type":"Feature","properties":{},"geometry":{"type":"Polygon","coordinates":[[[-1.228981,49.304496],[-1.229068,49.304547],[-1.229119,49.304502],[-1.229035,49.304454],[-1.228981,49.304496]]]}},{"type":"Feature","properties":{},"geometry":{"type":"Polygon","coordinates":[[[-1.227064,49.30368],[-1.227079,49.303607],[-1.226907,49.303591],[-1.226891,49.303665],[-1.227064,49.30368]]]}},{"type":"Feature","properties":{},"geometry":{"type":"Polygon","coordinates":[[[-1.23081,49.304311],[-1.230948,49.304311],[-1.230948,49.304244],[-1.23081,49.304244],[-1.23081,49.304311]]]}},{"type":"Feature","properties":{},"geometry":{"type":"Polygon","coordinates":[[[-1.222295,49.305001],[-1.222465,49.304943],[-1.222413,49.304877],[-1.222243,49.304936],[-1.222295,49.305001]]]}},{"type":"Feature","properties":{},"geometry":{"type":"Polygon","coordinates":[[[-1.228867,49.304608],[-1.228963,49.304532],[-1.228879,49.304486],[-1.228782,49.304562],[-1.228867,49.304608]]]}},{"type":"Feature","properties":{},"geometry":{"type":"Polygon","coordinates":[[[-1.227832,49.299875],[-1.227781,49.299813],[-1.227616,49.299873],[-1.227668,49.299934],[-1.227832,49.299875]]]}},{"type":"Feature","properties":{},"geometry":{"type":"Polygon","coordinates":[[[-1.23081,49.304244],[-1.230948,49.304244],[-1.230948,49.303929],[-1.23081,49.303929],[-1.23081,49.304244]]]}},{"type":"Feature","properties":{},"geometry":{"type":"Polygon","coordinates":[[[-1.225044,49.302318],[-1.225047,49.302272],[-1.224908,49.302265],[-1.224904,49.30231],[-1.225044,49.302318]]]}},{"type":"Feature","properties":{},"geometry":{"type":"Polygon","coordinates":[[[-1.231061,49.303236],[-1.231034,49.303149],[-1.230879,49.303168],[-1.230905,49.303255],[-1.231061,49.303236]]]}},{"type":"Feature","properties":{},"geometry":{"type":"Polygon","coordinates":[[[-1.220243,49.30341],[-1.220301,49.303402],[-1.220276,49.303314],[-1.220221,49.303321],[-1.220243,49.30341]]]}},{"type":"Feature","properties":{},"geometry":{"type":"Polygon","coordinates":[[[-1.2293675,49.3140729],[-1.2294655,49.3141219],[-1.2295545,49.3140429],[-1.2294575,49.3139949],[-1.2293675,49.3140729]]]}},{"type":"Feature","properties":{},"geometry":{"type":"Polygon","coordinates":[[[-1.236454,49.306384],[-1.236387,49.30636],[-1.236316,49.306442],[-1.236383,49.306467],[-1.236454,49.306384]]]}},{"type":"Feature","properties":{},"geometry":{"type":"Polygon","coordinates":[[[-1.228353,49.303793],[-1.228368,49.303717],[-1.228196,49.303702],[-1.22818,49.303776],[-1.228353,49.303793]]]}},{"type":"Feature","properties":{},"geometry":{"type":"Polygon","coordinates":[[[-1.230521,49.303224],[-1.230618,49.303211],[-1.230609,49.303176],[-1.23051,49.303189],[-1.230521,49.303224]]]}},{"type":"Feature","properties":{},"geometry":{"type":"Polygon","coordinates":[[[-1.227579,49.30343],[-1.227583,49.303355],[-1.227414,49.303351],[-1.227412,49.303428],[-1.227579,49.30343]]]}},{"type":"Feature","properties":{},"geometry":{"type":"Polygon","coordinates":[[[-1.229132,49.302256],[-1.229161,49.302183],[-1.229023,49.302159],[-1.228994,49.302232],[-1.229132,49.302256]]]}},{"type":"Feature","properties":{},"geometry":{"type":"Polygon","coordinates":[[[-1.229942,49.304883],[-1.229983,49.304737],[-1.229872,49.304723],[-1.22983,49.304867],[-1.229942,49.304883]]]}},{"type":"Feature","properties":{},"geometry":{"type":"Polygon","coordinates":[[[-1.231464,49.303231],[-1.231626,49.303204],[-1.231602,49.303143],[-1.23144,49.30317],[-1.231464,49.303231]]]}},{"type":"Feature","properties":{},"geometry":{"type":"Polygon","coordinates":[[[-1.228562,49.304451],[-1.228698,49.304353],[-1.228616,49.304303],[-1.22848,49.304401],[-1.228562,49.304451]]]}},{"type":"Feature","properties":{},"geometry":{"type":"Polygon","coordinates":[[[-1.220231,49.301504],[-1.220384,49.301501],[-1.220378,49.301401],[-1.220226,49.301404],[-1.220231,49.301504]]]}},{"type":"Feature","properties":{},"geometry":{"type":"Polygon","coordinates":[[[-1.223248,49.3069],[-1.223262,49.306827],[-1.22303,49.306806],[-1.223015,49.306878],[-1.223248,49.3069]]]}},{"type":"Feature","properties":{},"geometry":{"type":"Polygon","coordinates":[[[-1.227173,49.302566],[-1.227079,49.302556],[-1.227069,49.302594],[-1.22715,49.302603],[-1.227173,49.302566]]]}},{"type":"Feature","properties":{},"geometry":{"type":"Polygon","coordinates":[[[-1.2271,49.303067],[-1.227108,49.302998],[-1.226941,49.302993],[-1.226934,49.303061],[-1.2271,49.303067]]]}},{"type":"Feature","properties":{},"geometry":{"type":"Polygon","coordinates":[[[-1.228087,49.299552],[-1.228098,49.299524],[-1.227987,49.299507],[-1.227977,49.299534],[-1.228087,49.299552]]]}},{"type":"Feature","properties":{},"geometry":{"type":"Polygon","coordinates":[[[-1.233215,49.304108],[-1.233375,49.304135],[-1.233402,49.304063],[-1.23324,49.304038],[-1.233215,49.304108]]]}},{"type":"Feature","properties":{},"geometry":{"type":"Polygon","coordinates":[[[-1.237922,49.307442],[-1.237807,49.307381],[-1.237765,49.307412],[-1.237875,49.307474],[-1.237922,49.307442]]]}},{"type":"Feature","properties":{},"geometry":{"type":"Polygon","coordinates":[[[-1.230231,49.302626],[-1.230266,49.302641],[-1.230353,49.302565],[-1.23032,49.302549],[-1.230231,49.302626]]]}},{"type":"Feature","properties":{},"geometry":{"type":"Polygon","coordinates":[[[-1.228158,49.30487],[-1.228224,49.30491],[-1.22828,49.304872],[-1.228215,49.304832],[-1.228158,49.30487]]]}},{"type":"Feature","properties":{},"geometry":{"type":"Polygon","coordinates":[[[-1.224775,49.305811],[-1.224748,49.305743],[-1.224582,49.305768],[-1.224605,49.305837],[-1.224775,49.305811]]]}},{"type":"Feature","properties":{},"geometry":{"type":"Polygon","coordinates":[[[-1.234885,49.304943],[-1.234943,49.30486],[-1.234792,49.304814],[-1.234733,49.304897],[-1.234885,49.304943]]]}},{"type":"Feature","properties":{},"geometry":{"type":"Polygon","coordinates":[[[-1.233662,49.303446],[-1.233623,49.303554],[-1.233708,49.303565],[-1.233746,49.303455],[-1.233662,49.303446]]]}},{"type":"Feature","properties":{},"geometry":{"type":"Polygon","coordinates":[[[-1.227544,49.30031],[-1.227472,49.300205],[-1.227378,49.300232],[-1.227451,49.300338],[-1.227544,49.30031]]]}},{"type":"Feature","properties":{},"geometry":{"type":"Polygon","coordinates":[[[-1.228539,49.304257],[-1.228604,49.304296],[-1.228649,49.304262],[-1.228585,49.304225],[-1.228539,49.304257]]]}},{"type":"Feature","properties":{},"geometry":{"type":"Polygon","coordinates":[[[-1.229797,49.304183],[-1.229824,49.304106],[-1.229619,49.304075],[-1.229591,49.304151],[-1.229797,49.304183]]]}},{"type":"Feature","properties":{},"geometry":{"type":"Polygon","coordinates":[[[-1.223831,49.305163],[-1.223814,49.305091],[-1.223637,49.305106],[-1.223654,49.30518],[-1.223831,49.305163]]]}},{"type":"Feature","properties":{},"geometry":{"type":"Polygon","coordinates":[[[-1.2291982,49.3024757],[-1.2292212,49.3023797],[-1.2291522,49.3023747],[-1.2291282,49.3024667],[-1.2291982,49.3024757]]]}},{"type":"Feature","properties":{},"geometry":{"type":"Polygon","coordinates":[[[-1.229953,49.305267],[-1.230016,49.305214],[-1.229902,49.305154],[-1.229837,49.305208],[-1.229953,49.305267]]]}},{"type":"Feature","properties":{},"geometry":{"type":"Polygon","coordinates":[[[-1.228808,49.304957],[-1.228852,49.304892],[-1.228685,49.304843],[-1.22864,49.304907],[-1.228808,49.304957]]]}},{"type":"Feature","properties":{},"geometry":{"type":"Polygon","coordinates":[[[-1.2226858,49.3005783],[-1.2226778,49.3005083],[-1.2224638,49.3005213],[-1.2224688,49.3005883],[-1.2226858,49.3005783]]]}},{"type":"Feature","properties":{},"geometry":{"type":"Polygon","coordinates":[[[-1.233173,49.302852],[-1.233212,49.302853],[-1.233222,49.302731],[-1.233189,49.302729],[-1.233173,49.302852]]]}},{"type":"Feature","properties":{},"geometry":{"type":"Polygon","coordinates":[[[-1.22116,49.311107],[-1.221206,49.3111],[-1.221169,49.311006],[-1.221123,49.311013],[-1.22116,49.311107]]]}},{"type":"Feature","properties":{},"geometry":{"type":"Polygon","coordinates":[[[-1.22657,49.302724],[-1.226864,49.302732],[-1.226869,49.302675],[-1.226573,49.302668],[-1.22657,49.302724]]]}},{"type":"Feature","properties":{},"geometry":{"type":"Polygon","coordinates":[[[-1.227343,49.304953],[-1.227386,49.304868],[-1.227224,49.304834],[-1.227182,49.30492],[-1.227343,49.304953]]]}},{"type":"Feature","properties":{},"geometry":{"type":"Polygon","coordinates":[[[-1.226769,49.305225],[-1.226899,49.30515],[-1.226821,49.305093],[-1.226694,49.30517],[-1.226769,49.305225]]]}},{"type":"Feature","properties":{},"geometry":{"type":"Polygon","coordinates":[[[-1.22809,49.303769],[-1.228106,49.303698],[-1.227939,49.303683],[-1.227923,49.303753],[-1.22809,49.303769]]]}},{"type":"Feature","properties":{},"geometry":{"type":"Polygon","coordinates":[[[-1.229243,49.304737],[-1.229275,49.30467],[-1.229112,49.304635],[-1.22908,49.304702],[-1.229243,49.304737]]]}},{"type":"Feature","properties":{},"geometry":{"type":"Polygon","coordinates":[[[-1.227312,49.3037],[-1.227327,49.303629],[-1.227169,49.303615],[-1.227153,49.303687],[-1.227312,49.3037]]]}},{"type":"Feature","properties":{},"geometry":{"type":"Polygon","coordinates":[[[-1.232106,49.303257],[-1.232113,49.303182],[-1.231869,49.303172],[-1.231863,49.303246],[-1.232106,49.303257]]]}},{"type":"Feature","properties":{},"geometry":{"type":"Polygon","coordinates":[[[-1.228236,49.303238],[-1.228435,49.303246],[-1.228441,49.303188],[-1.22824,49.303181],[-1.228236,49.303238]]]}},{"type":"Feature","properties":{},"geometry":{"type":"Polygon","coordinates":[[[-1.223519,49.306211],[-1.223496,49.306161],[-1.223391,49.30618],[-1.223415,49.306232],[-1.223519,49.306211]]]}},{"type":"Feature","properties":{},"geometry":{"type":"Polygon","coordinates":[[[-1.227713,49.307586],[-1.227624,49.307621],[-1.22776,49.307762],[-1.227847,49.307727],[-1.227713,49.307586]]]}},{"type":"Feature","properties":{},"geometry":{"type":"Polygon","coordinates":[[[-1.228293,49.304319],[-1.22836,49.304271],[-1.228251,49.304205],[-1.228183,49.304253],[-1.228293,49.304319]]]}},{"type":"Feature","properties":{},"geometry":{"type":"Polygon","coordinates":[[[-1.229439,49.3051],[-1.229474,49.305021],[-1.229282,49.304981],[-1.229243,49.305062],[-1.229439,49.3051]]]}},{"type":"Feature","properties":{},"geometry":{"type":"Polygon","coordinates":[[[-1.228108,49.303107],[-1.228114,49.303031],[-1.227977,49.303025],[-1.22797,49.303103],[-1.228108,49.303107]]]}},{"type":"Feature","properties":{},"geometry":{"type":"Polygon","coordinates":[[[-1.22915,49.304093],[-1.229177,49.304023],[-1.228987,49.303993],[-1.228962,49.304065],[-1.22915,49.304093]]]}},{"type":"Feature","properties":{},"geometry":{"type":"Polygon","coordinates":[[[-1.233001,49.302882],[-1.232991,49.302988],[-1.233099,49.302993],[-1.233106,49.302886],[-1.233001,49.302882]]]}},{"type":"Feature","properties":{},"geometry":{"type":"Polygon","coordinates":[[[-1.223809,49.304596],[-1.223926,49.304585],[-1.223899,49.304471],[-1.22379,49.30448],[-1.223809,49.304596]]]}},{"type":"Feature","properties":{},"geometry":{"type":"Polygon","coordinates":[[[-1.225957,49.299049],[-1.226011,49.298981],[-1.22586,49.298928],[-1.225806,49.298996],[-1.225957,49.299049]]]}},{"type":"Feature","properties":{},"geometry":{"type":"Polygon","coordinates":[[[-1.223768,49.286779],[-1.223827,49.286811],[-1.223875,49.286771],[-1.223817,49.286739],[-1.223768,49.286779]]]}},{"type":"Feature","properties":{},"geometry":{"type":"Polygon","coordinates":[[[-1.228853,49.303261],[-1.229137,49.303272],[-1.229141,49.303206],[-1.22886,49.303194],[-1.228853,49.303261]]]}},{"type":"Feature","properties":{},"geometry":{"type":"Polygon","coordinates":[[[-1.228485,49.30305],[-1.228339,49.303046],[-1.228332,49.303113],[-1.22848,49.303117],[-1.228485,49.30305]]]}},{"type":"Feature","properties":{},"geometry":{"type":"Polygon","coordinates":[[[-1.230126,49.303068],[-1.230179,49.303403],[-1.23029,49.303395],[-1.230238,49.303063],[-1.230126,49.303068]]]}},{"type":"Feature","properties":{},"geometry":{"type":"Polygon","coordinates":[[[-1.227156,49.300335],[-1.227063,49.300229],[-1.226933,49.300272],[-1.227027,49.300386],[-1.227156,49.300335]]]}},{"type":"Feature","properties":{},"geometry":{"type":"Polygon","coordinates":[[[-1.221108,49.302259],[-1.221159,49.302257],[-1.221158,49.302186],[-1.221111,49.302186],[-1.221108,49.302259]]]}},{"type":"Feature","properties":{},"geometry":{"type":"Polygon","coordinates":[[[-1.225757,49.304253],[-1.22575,49.304184],[-1.225617,49.30419],[-1.225625,49.304259],[-1.225757,49.304253]]]}},{"type":"Feature","properties":{},"geometry":{"type":"Polygon","coordinates":[[[-1.220552,49.303509],[-1.220414,49.303526],[-1.220445,49.303642],[-1.220586,49.303625],[-1.220552,49.303509]]]}},{"type":"Feature","properties":{},"geometry":{"type":"Polygon","coordinates":[[[-1.225156,49.306672],[-1.225155,49.306606],[-1.225108,49.306606],[-1.225109,49.306672],[-1.225156,49.306672]]]}},{"type":"Feature","properties":{},"geometry":{"type":"Polygon","coordinates":[[[-1.227493,49.304714],[-1.227581,49.304769],[-1.227664,49.304712],[-1.227575,49.304656],[-1.227493,49.304714]]]}},{"type":"Feature","properties":{},"geometry":{"type":"Polygon","coordinates":[[[-1.228751,49.301595],[-1.228821,49.301547],[-1.228704,49.301478],[-1.228637,49.30153],[-1.228751,49.301595]]]}},{"type":"Feature","properties":{},"geometry":{"type":"Polygon","coordinates":[[[-1.22294,49.305378],[-1.223028,49.305421],[-1.223114,49.305344],[-1.22303,49.305302],[-1.22294,49.305378]]]}},{"type":"Feature","properties":{},"geometry":{"type":"Polygon","coordinates":[[[-1.226839,49.303064],[-1.226845,49.302988],[-1.226686,49.302983],[-1.22668,49.303059],[-1.226839,49.303064]]]}},{"type":"Feature","properties":{},"geometry":{"type":"Polygon","coordinates":[[[-1.223903,49.300734],[-1.223897,49.300661],[-1.223709,49.300672],[-1.223714,49.30074],[-1.223903,49.300734]]]}},{"type":"Feature","properties":{},"geometry":{"type":"Polygon","coordinates":[[[-1.223293,49.30612],[-1.223265,49.306057],[-1.223094,49.306088],[-1.223123,49.306151],[-1.223293,49.30612]]]}},{"type":"Feature","properties":{},"geometry":{"type":"Polygon","coordinates":[[[-1.223533,49.304793],[-1.223699,49.304778],[-1.223681,49.3047],[-1.223516,49.304715],[-1.223533,49.304793]]]}},{"type":"Feature","properties":{},"geometry":{"type":"Polygon","coordinates":[[[-1.2287982,49.3025195],[-1.2288932,49.3025305],[-1.2289212,49.3024595],[-1.2288162,49.3024505],[-1.2287982,49.3025195]]]}},{"type":"Feature","properties":{},"geometry":{"type":"Polygon","coordinates":[[[-1.220017,49.312484],[-1.220046,49.312528],[-1.220127,49.312507],[-1.220095,49.312461],[-1.220017,49.312484]]]}},{"type":"Feature","properties":{},"geometry":{"type":"Polygon","coordinates":[[[-1.227862,49.299511],[-1.227843,49.299489],[-1.227728,49.29953],[-1.227746,49.299552],[-1.227862,49.299511]]]}},{"type":"Feature","properties":{},"geometry":{"type":"Polygon","coordinates":[[[-1.220182,49.303815],[-1.220123,49.303599],[-1.219796,49.303637],[-1.219854,49.303853],[-1.220182,49.303815]]]}},{"type":"Feature","properties":{},"geometry":{"type":"Polygon","coordinates":[[[-1.223899,49.304471],[-1.223892,49.304436],[-1.223783,49.304445],[-1.22379,49.30448],[-1.223899,49.304471]]]}},{"type":"Feature","properties":{},"geometry":{"type":"Polygon","coordinates":[[[-1.222053,49.306118],[-1.222111,49.306163],[-1.222179,49.306125],[-1.222122,49.306081],[-1.222053,49.306118]]]}},{"type":"Feature","properties":{},"geometry":{"type":"Polygon","coordinates":[[[-1.224374,49.30587],[-1.224351,49.305807],[-1.224132,49.305843],[-1.224155,49.305905],[-1.224374,49.30587]]]}},{"type":"Feature","properties":{},"geometry":{"type":"Polygon","coordinates":[[[-1.222685,49.308919],[-1.222697,49.308852],[-1.222566,49.308842],[-1.222553,49.308908],[-1.222685,49.308919]]]}},{"type":"Feature","properties":{},"geometry":{"type":"Polygon","coordinates":[[[-1.237345,49.307395],[-1.237362,49.307279],[-1.237269,49.307275],[-1.237257,49.30739],[-1.237345,49.307395]]]}},{"type":"Feature","properties":{},"geometry":{"type":"Polygon","coordinates":[[[-1.227415,49.30492],[-1.227486,49.304964],[-1.227555,49.304917],[-1.227484,49.304873],[-1.227415,49.30492]]]}},{"type":"Feature","properties":{},"geometry":{"type":"Polygon","coordinates":[[[-1.220498,49.304094],[-1.220513,49.304139],[-1.22119,49.304048],[-1.221176,49.304003],[-1.220498,49.304094]]]}},{"type":"Feature","properties":{},"geometry":{"type":"Polygon","coordinates":[[[-1.223156,49.305152],[-1.223247,49.305197],[-1.223351,49.305108],[-1.22326,49.305063],[-1.223156,49.305152]]]}},{"type":"Feature","properties":{},"geometry":{"type":"Polygon","coordinates":[[[-1.226275,49.308836],[-1.226243,49.308805],[-1.226168,49.308834],[-1.226199,49.308866],[-1.226275,49.308836]]]}},{"type":"Feature","properties":{},"geometry":{"type":"Polygon","coordinates":[[[-1.227113,49.305034],[-1.227028,49.304978],[-1.226924,49.305039],[-1.227005,49.305097],[-1.227113,49.305034]]]}},{"type":"Feature","properties":{},"geometry":{"type":"Polygon","coordinates":[[[-1.228189,49.299809],[-1.228114,49.299719],[-1.228012,49.299756],[-1.228089,49.299848],[-1.228189,49.299809]]]}},{"type":"Feature","properties":{},"geometry":{"type":"Polygon","coordinates":[[[-1.237578,49.307215],[-1.237678,49.307121],[-1.2376,49.307084],[-1.237494,49.307177],[-1.237578,49.307215]]]}},{"type":"Feature","properties":{},"geometry":{"type":"Polygon","coordinates":[[[-1.227768,49.300662],[-1.227719,49.300571],[-1.227608,49.300598],[-1.227658,49.300688],[-1.227768,49.300662]]]}},{"type":"Feature","properties":{},"geometry":{"type":"Polygon","coordinates":[[[-1.2332,49.302998],[-1.233208,49.30289],[-1.233106,49.302886],[-1.233099,49.302993],[-1.2332,49.302998]]]}},{"type":"Feature","properties":{},"geometry":{"type":"Polygon","coordinates":[[[-1.235017,49.305445],[-1.235075,49.305364],[-1.234448,49.305173],[-1.234391,49.305254],[-1.235017,49.305445]]]}},{"type":"Feature","properties":{},"geometry":{"type":"Polygon","coordinates":[[[-1.229097,49.301556],[-1.229009,49.301505],[-1.228865,49.301613],[-1.228956,49.301663],[-1.229097,49.301556]]]}},{"type":"Feature","properties":{},"geometry":{"type":"Polygon","coordinates":[[[-1.222261,49.302138],[-1.222266,49.302064],[-1.222076,49.302057],[-1.222068,49.302131],[-1.222261,49.302138]]]}},{"type":"Feature","properties":{},"geometry":{"type":"Polygon","coordinates":[[[-1.237143,49.306228],[-1.237212,49.306225],[-1.23721,49.306166],[-1.237141,49.306168],[-1.237143,49.306228]]]}},{"type":"Feature","properties":{},"geometry":{"type":"Polygon","coordinates":[[[-1.224905,49.307712],[-1.224936,49.307624],[-1.224863,49.307612],[-1.224832,49.307701],[-1.224905,49.307712]]]}},{"type":"Feature","properties":{},"geometry":{"type":"Polygon","coordinates":[[[-1.233562,49.303746],[-1.233657,49.303756],[-1.23367,49.303699],[-1.233579,49.30369],[-1.233562,49.303746]]]}},{"type":"Feature","properties":{},"geometry":{"type":"Polygon","coordinates":[[[-1.235324,49.305546],[-1.235387,49.305475],[-1.235245,49.305423],[-1.235183,49.305494],[-1.235324,49.305546]]]}},{"type":"Feature","properties":{},"geometry":{"type":"Polygon","coordinates":[[[-1.224133,49.305062],[-1.224268,49.305049],[-1.224249,49.304966],[-1.224116,49.304978],[-1.224133,49.305062]]]}},{"type":"Feature","properties":{},"geometry":{"type":"Polygon","coordinates":[[[-1.231774,49.304646],[-1.232048,49.304644],[-1.232048,49.304553],[-1.231773,49.304554],[-1.231774,49.304646]]]}},{"type":"Feature","properties":{},"geometry":{"type":"Polygon","coordinates":[[[-1.225827,49.305594],[-1.225832,49.30552],[-1.225638,49.305517],[-1.225635,49.305589],[-1.225827,49.305594]]]}},{"type":"Feature","properties":{},"geometry":{"type":"Polygon","coordinates":[[[-1.233695,49.303357],[-1.233665,49.303438],[-1.233816,49.303454],[-1.233844,49.303374],[-1.233695,49.303357]]]}},{"type":"Feature","properties":{},"geometry":{"type":"Polygon","coordinates":[[[-1.23353,49.304166],[-1.233624,49.304175],[-1.233635,49.304129],[-1.233541,49.30412],[-1.23353,49.304166]]]}},{"type":"Feature","properties":{},"geometry":{"type":"Polygon","coordinates":[[[-1.225107,49.304969],[-1.225221,49.304963],[-1.225208,49.304849],[-1.225094,49.304854],[-1.225107,49.304969]]]}},{"type":"Feature","properties":{},"geometry":{"type":"Polygon","coordinates":[[[-1.228113,49.301179],[-1.228079,49.301115],[-1.227945,49.301145],[-1.22798,49.301209],[-1.228113,49.301179]]]}},{"type":"Feature","properties":{},"geometry":{"type":"Polygon","coordinates":[[[-1.224674,49.304706],[-1.224817,49.304693],[-1.2248,49.304615],[-1.224659,49.304628],[-1.224674,49.304706]]]}},{"type":"Feature","properties":{},"geometry":{"type":"Polygon","coordinates":[[[-1.229617,49.302388],[-1.229683,49.302401],[-1.229717,49.302314],[-1.229651,49.302303],[-1.229617,49.302388]]]}},{"type":"Feature","properties":{},"geometry":{"type":"Polygon","coordinates":[[[-1.227831,49.303751],[-1.227848,49.303673],[-1.227683,49.303658],[-1.227665,49.303736],[-1.227831,49.303751]]]}},{"type":"Feature","properties":{},"geometry":{"type":"Polygon","coordinates":[[[-1.225078,49.307426],[-1.224896,49.307396],[-1.224888,49.307419],[-1.225068,49.30745],[-1.225078,49.307426]]]}},{"type":"Feature","properties":{},"geometry":{"type":"Polygon","coordinates":[[[-1.22508,49.305108],[-1.225207,49.305102],[-1.225194,49.305],[-1.225069,49.305006],[-1.22508,49.305108]]]}},{"type":"Feature","properties":{},"geometry":{"type":"Polygon","coordinates":[[[-1.228191,49.307077],[-1.228235,49.307057],[-1.228172,49.306996],[-1.228126,49.307015],[-1.228191,49.307077]]]}},{"type":"Feature","properties":{},"geometry":{"type":"Polygon","coordinates":[[[-1.224377,49.304709],[-1.224537,49.304696],[-1.22452,49.304614],[-1.224361,49.304628],[-1.224377,49.304709]]]}},{"type":"Feature","properties":{},"geometry":{"type":"Polygon","coordinates":[[[-1.228176,49.301335],[-1.228131,49.301273],[-1.227997,49.301319],[-1.228041,49.30138],[-1.228176,49.301335]]]}},{"type":"Feature","properties":{},"geometry":{"type":"Polygon","coordinates":[[[-1.222049,49.298417],[-1.221992,49.29842],[-1.221997,49.298492],[-1.222054,49.29849],[-1.222049,49.298417]]]}},{"type":"Feature","properties":{},"geometry":{"type":"Polygon","coordinates":[[[-1.227288,49.302789],[-1.227309,49.302723],[-1.227136,49.302699],[-1.227116,49.302766],[-1.227288,49.302789]]]}},{"type":"Feature","properties":{},"geometry":{"type":"Polygon","coordinates":[[[-1.224055,49.305539],[-1.224189,49.305518],[-1.22416,49.305445],[-1.224026,49.305468],[-1.224055,49.305539]]]}},{"type":"Feature","properties":{},"geometry":{"type":"Polygon","coordinates":[[[-1.222454,49.306676],[-1.222493,49.306599],[-1.22234,49.306566],[-1.222301,49.306645],[-1.222454,49.306676]]]}},{"type":"Feature","properties":{},"geometry":{"type":"Polygon","coordinates":[[[-1.221989,49.302897],[-1.221987,49.302942],[-1.22206,49.302943],[-1.222062,49.302898],[-1.221989,49.302897]]]}},{"type":"Feature","properties":{},"geometry":{"type":"Polygon","coordinates":[[[-1.22522,49.30706],[-1.225139,49.307268],[-1.22526,49.307289],[-1.225346,49.307082],[-1.22522,49.30706]]]}},{"type":"Feature","properties":{},"geometry":{"type":"Polygon","coordinates":[[[-1.22848,49.303117],[-1.228624,49.303121],[-1.22863,49.303054],[-1.228485,49.30305],[-1.22848,49.303117]]]}},{"type":"Feature","properties":{},"geometry":{"type":"Polygon","coordinates":[[[-1.224564,49.302379],[-1.224562,49.302347],[-1.224443,49.302346],[-1.224444,49.302379],[-1.224564,49.302379]]]}},{"type":"Feature","properties":{},"geometry":{"type":"Polygon","coordinates":[[[-1.220498,49.304094],[-1.221176,49.304003],[-1.221144,49.303897],[-1.220464,49.303988],[-1.220498,49.304094]]]}},{"type":"Feature","properties":{},"geometry":{"type":"Polygon","coordinates":[[[-1.227856,49.307808],[-1.227769,49.307842],[-1.2279,49.307983],[-1.227989,49.307948],[-1.227856,49.307808]]]}},{"type":"Feature","properties":{},"geometry":{"type":"Polygon","coordinates":[[[-1.225019,49.304665],[-1.225192,49.304649],[-1.225177,49.304575],[-1.225003,49.304589],[-1.225019,49.304665]]]}},{"type":"Feature","properties":{},"geometry":{"type":"Polygon","coordinates":[[[-1.23014,49.302252],[-1.230183,49.302269],[-1.230229,49.302201],[-1.230179,49.302186],[-1.23014,49.302252]]]}},{"type":"Feature","properties":{},"geometry":{"type":"Polygon","coordinates":[[[-1.227183,49.302521],[-1.227091,49.302511],[-1.227079,49.302556],[-1.227173,49.302566],[-1.227183,49.302521]]]}},{"type":"Feature","properties":{},"geometry":{"type":"Polygon","coordinates":[[[-1.233067,49.304203],[-1.232812,49.304174],[-1.232809,49.304185],[-1.233063,49.304217],[-1.233067,49.304203]]]}},{"type":"Feature","properties":{},"geometry":{"type":"Polygon","coordinates":[[[-1.233449,49.304352],[-1.233615,49.304375],[-1.233624,49.304344],[-1.233459,49.304321],[-1.233449,49.304352]]]}},{"type":"Feature","properties":{},"geometry":{"type":"Polygon","coordinates":[[[-1.226795,49.30367],[-1.226813,49.303583],[-1.226662,49.303569],[-1.226643,49.303656],[-1.226795,49.30367]]]}},{"type":"Feature","properties":{},"geometry":{"type":"Polygon","coordinates":[[[-1.237337,49.306491],[-1.237447,49.306489],[-1.237444,49.306391],[-1.237334,49.306393],[-1.237337,49.306491]]]}},{"type":"Feature","properties":{},"geometry":{"type":"Polygon","coordinates":[[[-1.226116,49.307607],[-1.226138,49.307555],[-1.225999,49.30753],[-1.225978,49.307583],[-1.226116,49.307607]]]}},{"type":"Feature","properties":{},"geometry":{"type":"Polygon","coordinates":[[[-1.223066,49.307218],[-1.223136,49.307101],[-1.223028,49.307074],[-1.222965,49.307193],[-1.223066,49.307218]]]}},{"type":"Feature","properties":{},"geometry":{"type":"Polygon","coordinates":[[[-1.23016,49.302749],[-1.230189,49.30268],[-1.230021,49.302652],[-1.229995,49.302722],[-1.23016,49.302749]]]}},{"type":"Feature","properties":{},"geometry":{"type":"Polygon","coordinates":[[[-1.228474,49.304151],[-1.228573,49.304078],[-1.228489,49.30403],[-1.228388,49.304103],[-1.228474,49.304151]]]}},{"type":"Feature","properties":{},"geometry":{"type":"Polygon","coordinates":[[[-1.221199,49.311767],[-1.221288,49.311751],[-1.221265,49.311695],[-1.221177,49.311712],[-1.221199,49.311767]]]}},{"type":"Feature","properties":{},"geometry":{"type":"Polygon","coordinates":[[[-1.224892,49.305974],[-1.224979,49.305963],[-1.224954,49.305886],[-1.224866,49.305899],[-1.224892,49.305974]]]}},{"type":"Feature","properties":{},"geometry":{"type":"Polygon","coordinates":[[[-1.226477,49.305274],[-1.226498,49.30529],[-1.226621,49.305224],[-1.226601,49.305209],[-1.226477,49.305274]]]}},{"type":"Feature","properties":{},"geometry":{"type":"Polygon","coordinates":[[[-1.227813,49.303442],[-1.227817,49.30337],[-1.227671,49.303367],[-1.227667,49.30344],[-1.227813,49.303442]]]}},{"type":"Feature","properties":{},"geometry":{"type":"Polygon","coordinates":[[[-1.2291142,49.3025347],[-1.2291722,49.3025417],[-1.2291982,49.3024757],[-1.2291282,49.3024667],[-1.2291142,49.3025347]]]}},{"type":"Feature","properties":{},"geometry":{"type":"Polygon","coordinates":[[[-1.230097,49.303489],[-1.230121,49.303389],[-1.229942,49.303369],[-1.229919,49.303468],[-1.230097,49.303489]]]}},{"type":"Feature","properties":{},"geometry":{"type":"Polygon","coordinates":[[[-1.233644,49.304333],[-1.233654,49.304284],[-1.233405,49.30426],[-1.233395,49.304309],[-1.233644,49.304333]]]}},{"type":"Feature","properties":{},"geometry":{"type":"Polygon","coordinates":[[[-1.22266,49.309042],[-1.222685,49.308919],[-1.222553,49.308908],[-1.222528,49.309031],[-1.22266,49.309042]]]}},{"type":"Feature","properties":{},"geometry":{"type":"Polygon","coordinates":[[[-1.226679,49.30893],[-1.226712,49.308824],[-1.226645,49.308814],[-1.226611,49.308921],[-1.226679,49.30893]]]}},{"type":"Feature","properties":{},"geometry":{"type":"Polygon","coordinates":[[[-1.226419,49.303084],[-1.226427,49.302982],[-1.226308,49.302977],[-1.2263,49.303078],[-1.226419,49.303084]]]}},{"type":"Feature","properties":{},"geometry":{"type":"Polygon","coordinates":[[[-1.228079,49.303517],[-1.228086,49.30345],[-1.227937,49.303444],[-1.22793,49.303511],[-1.228079,49.303517]]]}},{"type":"Feature","properties":{},"geometry":{"type":"Polygon","coordinates":[[[-1.22973,49.305168],[-1.229783,49.305099],[-1.229607,49.305042],[-1.229555,49.305114],[-1.22973,49.305168]]]}},{"type":"Feature","properties":{},"geometry":{"type":"Polygon","coordinates":[[[-1.223737,49.305264],[-1.22372,49.30519],[-1.223634,49.305197],[-1.223659,49.305271],[-1.223737,49.305264]]]}},{"type":"Feature","properties":{},"geometry":{"type":"Polygon","coordinates":[[[-1.220493,49.311946],[-1.2207,49.312041],[-1.220827,49.311921],[-1.220619,49.311827],[-1.220493,49.311946]]]}},{"type":"Feature","properties":{},"geometry":{"type":"Polygon","coordinates":[[[-1.226405,49.303294],[-1.226415,49.303182],[-1.22631,49.303178],[-1.2263,49.303291],[-1.226405,49.303294]]]}},{"type":"Feature","properties":{},"geometry":{"type":"Polygon","coordinates":[[[-1.229977,49.304647],[-1.230022,49.30452],[-1.229907,49.304502],[-1.229861,49.304629],[-1.229977,49.304647]]]}},{"type":"Feature","properties":{},"geometry":{"type":"Polygon","coordinates":[[[-1.229329,49.304407],[-1.229307,49.304333],[-1.22914,49.304354],[-1.229163,49.304428],[-1.229329,49.304407]]]}},{"type":"Feature","properties":{},"geometry":{"type":"Polygon","coordinates":[[[-1.221897,49.302992],[-1.221956,49.302995],[-1.22196,49.302941],[-1.221902,49.302939],[-1.221897,49.302992]]]}},{"type":"Feature","properties":{},"geometry":{"type":"Polygon","coordinates":[[[-1.226392,49.303472],[-1.226401,49.303362],[-1.226283,49.303356],[-1.226274,49.303466],[-1.226392,49.303472]]]}},{"type":"Feature","properties":{},"geometry":{"type":"Polygon","coordinates":[[[-1.227146,49.303215],[-1.22722,49.303218],[-1.227227,49.303097],[-1.227154,49.303094],[-1.227146,49.303215]]]}},{"type":"Feature","properties":{},"geometry":{"type":"Polygon","coordinates":[[[-1.228656,49.304012],[-1.228811,49.303906],[-1.228725,49.303853],[-1.228571,49.303959],[-1.228656,49.304012]]]}},{"type":"Feature","properties":{},"geometry":{"type":"Polygon","coordinates":[[[-1.230202,49.304222],[-1.230229,49.30414],[-1.230024,49.30411],[-1.229992,49.304189],[-1.230202,49.304222]]]}},{"type":"Feature","properties":{},"geometry":{"type":"Polygon","coordinates":[[[-1.222962,49.302302],[-1.222961,49.302222],[-1.222757,49.302222],[-1.222755,49.302301],[-1.222962,49.302302]]]}},{"type":"Feature","properties":{},"geometry":{"type":"Polygon","coordinates":[[[-1.224554,49.306341],[-1.224679,49.306321],[-1.224659,49.306266],[-1.224535,49.306286],[-1.224554,49.306341]]]}},{"type":"Feature","properties":{},"geometry":{"type":"Polygon","coordinates":[[[-1.225237,49.302367],[-1.225244,49.30243],[-1.225326,49.302441],[-1.225314,49.302368],[-1.225237,49.302367]]]}},{"type":"Feature","properties":{},"geometry":{"type":"Polygon","coordinates":[[[-1.227786,49.303084],[-1.227791,49.303021],[-1.227639,49.303016],[-1.227634,49.303077],[-1.227786,49.303084]]]}},{"type":"Feature","properties":{},"geometry":{"type":"Polygon","coordinates":[[[-1.220766,49.300376],[-1.220657,49.300379],[-1.220664,49.300516],[-1.220774,49.300513],[-1.220766,49.300376]]]}},{"type":"Feature","properties":{},"geometry":{"type":"Polygon","coordinates":[[[-1.232812,49.304174],[-1.233067,49.304203],[-1.233078,49.304158],[-1.232824,49.304128],[-1.232812,49.304174]]]}},{"type":"Feature","properties":{},"geometry":{"type":"Polygon","coordinates":[[[-1.223342,49.307655],[-1.223299,49.307643],[-1.223255,49.30771],[-1.223298,49.307721],[-1.223342,49.307655]]]}},{"type":"Feature","properties":{},"geometry":{"type":"Polygon","coordinates":[[[-1.223431,49.30508],[-1.223593,49.305067],[-1.223577,49.304988],[-1.223414,49.305002],[-1.223431,49.30508]]]}},{"type":"Feature","properties":{},"geometry":{"type":"Polygon","coordinates":[[[-1.228793,49.30428],[-1.228933,49.304178],[-1.228848,49.304128],[-1.228709,49.304229],[-1.228793,49.30428]]]}},{"type":"Feature","properties":{},"geometry":{"type":"Polygon","coordinates":[[[-1.221647,49.305205],[-1.221631,49.305129],[-1.221492,49.305146],[-1.221507,49.305218],[-1.221647,49.305205]]]}},{"type":"Feature","properties":{},"geometry":{"type":"Polygon","coordinates":[[[-1.225239,49.30538],[-1.225225,49.305259],[-1.225111,49.305265],[-1.225124,49.305385],[-1.225239,49.30538]]]}},{"type":"Feature","properties":{},"geometry":{"type":"Polygon","coordinates":[[[-1.236142,49.306801],[-1.236239,49.306841],[-1.236333,49.306741],[-1.236234,49.306702],[-1.236142,49.306801]]]}},{"type":"Feature","properties":{},"geometry":{"type":"Polygon","coordinates":[[[-1.223165,49.307048],[-1.223246,49.307058],[-1.223266,49.306989],[-1.223186,49.306975],[-1.223165,49.307048]]]}},{"type":"Feature","properties":{},"geometry":{"type":"Polygon","coordinates":[[[-1.221357,49.302212],[-1.2214,49.302147],[-1.221252,49.3021],[-1.221205,49.302169],[-1.221357,49.302212]]]}},{"type":"Feature","properties":{},"geometry":{"type":"Polygon","coordinates":[[[-1.225103,49.305733],[-1.225079,49.305661],[-1.224868,49.305692],[-1.22489,49.305764],[-1.225103,49.305733]]]}},{"type":"Feature","properties":{},"geometry":{"type":"Polygon","coordinates":[[[-1.222129,49.303079],[-1.222378,49.303076],[-1.222374,49.302975],[-1.222127,49.302979],[-1.222129,49.303079]]]}},{"type":"Feature","properties":{},"geometry":{"type":"Polygon","coordinates":[[[-1.226946,49.300017],[-1.226858,49.299909],[-1.22672,49.299955],[-1.226805,49.300068],[-1.226946,49.300017]]]}},{"type":"Feature","properties":{},"geometry":{"type":"Polygon","coordinates":[[[-1.228324,49.303546],[-1.228337,49.303473],[-1.228192,49.303461],[-1.228179,49.303534],[-1.228324,49.303546]]]}},{"type":"Feature","properties":{},"geometry":{"type":"Polygon","coordinates":[[[-1.2261833,49.3027312],[-1.2264213,49.3027402],[-1.2264233,49.3026822],[-1.2261633,49.3026742],[-1.2261833,49.3027312]]]}},{"type":"Feature","properties":{},"geometry":{"type":"Polygon","coordinates":[[[-1.227313,49.303398],[-1.227321,49.303311],[-1.227164,49.303305],[-1.227157,49.303392],[-1.227313,49.303398]]]}},{"type":"Feature","properties":{},"geometry":{"type":"Polygon","coordinates":[[[-1.23777,49.306676],[-1.237875,49.306673],[-1.237868,49.306557],[-1.237763,49.30656],[-1.23777,49.306676]]]}},{"type":"Feature","properties":{},"geometry":{"type":"Polygon","coordinates":[[[-1.228057,49.3053831],[-1.2278163,49.3053443],[-1.2277162,49.3056086],[-1.2279569,49.3056474],[-1.228057,49.3053831]]]}},{"type":"Feature","properties":{},"geometry":{"type":"Polygon","coordinates":[[[-1.222961,49.307457],[-1.22299,49.307337],[-1.222901,49.307327],[-1.22287,49.307447],[-1.222961,49.307457]]]}},{"type":"Feature","properties":{},"geometry":{"type":"Polygon","coordinates":[[[-1.224911,49.300418],[-1.225029,49.300427],[-1.225048,49.300318],[-1.224932,49.300309],[-1.224911,49.300418]]]}},{"type":"Feature","properties":{},"geometry":{"type":"Polygon","coordinates":[[[-1.230165,49.304462],[-1.230186,49.304396],[-1.229974,49.304367],[-1.229951,49.304433],[-1.230165,49.304462]]]}},{"type":"Feature","properties":{},"geometry":{"type":"Polygon","coordinates":[[[-1.223429,49.307679],[-1.223342,49.307655],[-1.223298,49.307721],[-1.223349,49.307736],[-1.223384,49.307746],[-1.223429,49.307679]]]}},{"type":"Feature","properties":{},"geometry":{"type":"Polygon","coordinates":[[[-1.228659,49.304268],[-1.228697,49.30424],[-1.228625,49.304197],[-1.228585,49.304225],[-1.228649,49.304262],[-1.228659,49.304268]]]}},{"type":"Feature","properties":{},"geometry":{"type":"Polygon","coordinates":[[[-1.225108,49.306312],[-1.225183,49.306301],[-1.225158,49.306235],[-1.225084,49.306246],[-1.225102,49.306296],[-1.225108,49.306312]]]}},{"type":"Feature","properties":{},"geometry":{"type":"Polygon","coordinates":[[[-1.236995,49.306264],[-1.237064,49.306262],[-1.23706,49.306198],[-1.236992,49.3062],[-1.236993,49.306216],[-1.236995,49.306264]]]}},{"type":"Feature","properties":{},"geometry":{"type":"Polygon","coordinates":[[[-1.237365,49.306193],[-1.237369,49.306193],[-1.237438,49.306191],[-1.237436,49.306134],[-1.237363,49.306136],[-1.237365,49.306193]]]}},{"type":"Feature","properties":{},"geometry":{"type":"Polygon","coordinates":[[[-1.226321,49.304131],[-1.226335,49.30406],[-1.226295,49.304057],[-1.226276,49.304055],[-1.226262,49.304126],[-1.226321,49.304131]]]}},{"type":"Feature","properties":{},"geometry":{"type":"Polygon","coordinates":[[[-1.236944,49.30783],[-1.236961,49.307839],[-1.237012,49.307798],[-1.236927,49.307754],[-1.236877,49.307796],[-1.236944,49.30783]]]}},{"type":"Feature","properties":{},"geometry":{"type":"Polygon","coordinates":[[[-1.237113,49.306495],[-1.237109,49.306397],[-1.236999,49.306398],[-1.237002,49.306467],[-1.237003,49.306497],[-1.237113,49.306495]]]}},{"type":"Feature","properties":{},"geometry":{"type":"Polygon","coordinates":[[[-1.232794,49.303395],[-1.232804,49.303397],[-1.232852,49.303402],[-1.232866,49.30334],[-1.23281,49.303333],[-1.232794,49.303395]]]}},{"type":"Feature","properties":{},"geometry":{"type":"Polygon","coordinates":[[[-1.223345,49.30555],[-1.223384,49.305623],[-1.223541,49.305589],[-1.22351,49.30553],[-1.223501,49.305514],[-1.223345,49.30555]]]}},{"type":"Feature","properties":{},"geometry":{"type":"Polygon","coordinates":[[[-1.232062,49.302942],[-1.232359,49.30295],[-1.232362,49.302881],[-1.232282,49.30288],[-1.232066,49.302877],[-1.232062,49.302942]]]}},{"type":"Feature","properties":{},"geometry":{"type":"Polygon","coordinates":[[[-1.220474,49.303752],[-1.220909,49.303701],[-1.220877,49.303592],[-1.220586,49.303625],[-1.220445,49.303642],[-1.220474,49.303752]]]}},{"type":"Feature","properties":{},"geometry":{"type":"Polygon","coordinates":[[[-1.226998,49.302694],[-1.227005,49.302619],[-1.226932,49.302616],[-1.226928,49.302676],[-1.226927,49.302693],[-1.226998,49.302694]]]}},{"type":"Feature","properties":{},"geometry":{"type":"Polygon","coordinates":[[[-1.227447,49.300169],[-1.227392,49.300086],[-1.227361,49.300039],[-1.227253,49.300071],[-1.227343,49.300198],[-1.227447,49.300169]]]}},{"type":"Feature","properties":{},"geometry":{"type":"Polygon","coordinates":[[[-1.224881,49.306553],[-1.224918,49.306553],[-1.224918,49.306471],[-1.224841,49.306471],[-1.224842,49.306553],[-1.224881,49.306553]]]}},{"type":"Feature","properties":{},"geometry":{"type":"Polygon","coordinates":[[[-1.224154,49.304773],[-1.224154,49.304774],[-1.224346,49.304757],[-1.224331,49.304683],[-1.22414,49.304701],[-1.224154,49.304773]]]}},{"type":"Feature","properties":{},"geometry":{"type":"Polygon","coordinates":[[[-1.226381,49.303598],[-1.226383,49.303552],[-1.226277,49.303549],[-1.226268,49.303667],[-1.226377,49.30367],[-1.226381,49.303598]]]}},{"type":"Feature","properties":{},"geometry":{"type":"Polygon","coordinates":[[[-1.224789,49.306376],[-1.224863,49.306364],[-1.224852,49.306332],[-1.224834,49.306283],[-1.224759,49.306294],[-1.224789,49.306376]]]}},{"type":"Feature","properties":{},"geometry":{"type":"Polygon","coordinates":[[[-1.225183,49.30258],[-1.225094,49.302581],[-1.2251,49.302667],[-1.225102,49.302709],[-1.225183,49.302714],[-1.225183,49.30258]]]}},{"type":"Feature","properties":{},"geometry":{"type":"Polygon","coordinates":[[[-1.236364,49.306731],[-1.236402,49.306693],[-1.23635,49.306669],[-1.236335,49.306662],[-1.236295,49.3067],[-1.236364,49.306731]]]}},{"type":"Feature","properties":{},"geometry":{"type":"Polygon","coordinates":[[[-1.223953,49.305059],[-1.224029,49.305053],[-1.224086,49.305048],[-1.224073,49.30498],[-1.223939,49.304992],[-1.223953,49.305059]]]}},{"type":"Feature","properties":{},"geometry":{"type":"Polygon","coordinates":[[[-1.229585,49.304812],[-1.2296,49.304779],[-1.229616,49.304744],[-1.229455,49.304709],[-1.229422,49.304777],[-1.229585,49.304812]]]}},{"type":"Feature","properties":{},"geometry":{"type":"Polygon","coordinates":[[[-1.220027,49.313394],[-1.220364,49.313333],[-1.220325,49.313245],[-1.220065,49.313292],[-1.219991,49.313305],[-1.220027,49.313394]]]}},{"type":"Feature","properties":{},"geometry":{"type":"Polygon","coordinates":[[[-1.233741,49.303646],[-1.233598,49.30363],[-1.233579,49.30369],[-1.23367,49.303699],[-1.233726,49.303705],[-1.233741,49.303646]]]}},{"type":"Feature","properties":{},"geometry":{"type":"Polygon","coordinates":[[[-1.226498,49.30529],[-1.226553,49.305332],[-1.226578,49.305351],[-1.226702,49.305285],[-1.226621,49.305224],[-1.226498,49.30529]]]}},{"type":"Feature","properties":{},"geometry":{"type":"Polygon","coordinates":[[[-1.225376,49.307414],[-1.225353,49.307474],[-1.225367,49.307476],[-1.22576,49.307545],[-1.225782,49.307487],[-1.225376,49.307414]]]}},{"type":"Feature","properties":{},"geometry":{"type":"Polygon","coordinates":[[[-1.230661,49.303105],[-1.230491,49.303126],[-1.23051,49.303189],[-1.230609,49.303176],[-1.230679,49.303167],[-1.230661,49.303105]]]}},{"type":"Feature","properties":{},"geometry":{"type":"Polygon","coordinates":[[[-1.237113,49.306495],[-1.237224,49.306493],[-1.237222,49.306464],[-1.237219,49.306395],[-1.237109,49.306397],[-1.237113,49.306495]]]}},{"type":"Feature","properties":{},"geometry":{"type":"Polygon","coordinates":[[[-1.223384,49.307746],[-1.22344,49.307762],[-1.223518,49.307784],[-1.223561,49.307716],[-1.223429,49.307679],[-1.223384,49.307746]]]}},{"type":"Feature","properties":{},"geometry":{"type":"Polygon","coordinates":[[[-1.225834,49.305195],[-1.22583,49.305166],[-1.225824,49.305111],[-1.225608,49.305121],[-1.225616,49.305204],[-1.225834,49.305195]]]}},{"type":"Feature","properties":{},"geometry":{"type":"Polygon","coordinates":[[[-1.221333,49.303903],[-1.221313,49.303836],[-1.221147,49.303857],[-1.22115,49.303881],[-1.221163,49.303924],[-1.221333,49.303903]]]}},{"type":"Feature","properties":{},"geometry":{"type":"Polygon","coordinates":[[[-1.23126,49.304903],[-1.231301,49.304903],[-1.231683,49.304903],[-1.231684,49.304521],[-1.231262,49.30452],[-1.23126,49.304903]]]}},{"type":"Feature","properties":{},"geometry":{"type":"Polygon","coordinates":[[[-1.22522,49.30706],[-1.225117,49.307042],[-1.225014,49.307289],[-1.225124,49.307308],[-1.225139,49.307268],[-1.22522,49.30706]]]}},{"type":"Feature","properties":{},"geometry":{"type":"Polygon","coordinates":[[[-1.226765,49.303377],[-1.226775,49.303251],[-1.226687,49.303247],[-1.226671,49.303256],[-1.226661,49.303373],[-1.226765,49.303377]]]}},{"type":"Feature","properties":{},"geometry":{"type":"Polygon","coordinates":[[[-1.23295,49.303995],[-1.233168,49.304033],[-1.233202,49.303951],[-1.232985,49.303912],[-1.232978,49.303928],[-1.23295,49.303995]]]}},{"type":"Feature","properties":{},"geometry":{"type":"Polygon","coordinates":[[[-1.227173,49.302566],[-1.22715,49.302603],[-1.227231,49.302612],[-1.227253,49.302528],[-1.227183,49.302521],[-1.227173,49.302566]]]}},{"type":"Feature","properties":{},"geometry":{"type":"Polygon","coordinates":[[[-1.225244,49.307329],[-1.225247,49.307319],[-1.22526,49.307289],[-1.225139,49.307268],[-1.225124,49.307308],[-1.225244,49.307329]]]}},{"type":"Feature","properties":{},"geometry":{"type":"Polygon","coordinates":[[[-1.225422,49.30486],[-1.225461,49.304859],[-1.225455,49.304794],[-1.225398,49.304797],[-1.225405,49.30486],[-1.225422,49.30486]]]}},{"type":"Feature","properties":{},"geometry":{"type":"Polygon","coordinates":[[[-1.22751,49.306348],[-1.227647,49.306369],[-1.227675,49.306296],[-1.227458,49.306258],[-1.227428,49.306337],[-1.22751,49.306348]]]}},{"type":"Feature","properties":{},"geometry":{"type":"Polygon","coordinates":[[[-1.227901,49.304587],[-1.227856,49.304619],[-1.227926,49.304665],[-1.227931,49.304661],[-1.227973,49.304633],[-1.227901,49.304587]]]}},{"type":"Feature","properties":{},"geometry":{"type":"Polygon","coordinates":[[[-1.223546,49.305598],[-1.223684,49.305568],[-1.223651,49.3055],[-1.22351,49.30553],[-1.223541,49.305589],[-1.223546,49.305598]]]}},{"type":"Feature","properties":{},"geometry":{"type":"Polygon","coordinates":[[[-1.220709,49.30018],[-1.220695,49.300171],[-1.220599,49.300173],[-1.220607,49.300319],[-1.22071,49.300316],[-1.220709,49.30018]]]}},{"type":"Feature","properties":{},"geometry":{"type":"Polygon","coordinates":[[[-1.232886,49.302981],[-1.232895,49.302877],[-1.232896,49.302871],[-1.232665,49.302864],[-1.232658,49.302974],[-1.232886,49.302981]]]}},{"type":"Feature","properties":{},"geometry":{"type":"Polygon","coordinates":[[[-1.225238,49.307013],[-1.22522,49.30706],[-1.225346,49.307082],[-1.225361,49.307046],[-1.225366,49.307033],[-1.225238,49.307013]]]}},{"type":"Feature","properties":{},"geometry":{"type":"Polygon","coordinates":[[[-1.224454,49.305373],[-1.224475,49.305453],[-1.224652,49.305434],[-1.224633,49.305364],[-1.224631,49.305354],[-1.224454,49.305373]]]}},{"type":"Feature","properties":{},"geometry":{"type":"Polygon","coordinates":[[[-1.227753,49.299628],[-1.227833,49.2996],[-1.227817,49.299581],[-1.227798,49.299557],[-1.227719,49.299583],[-1.227753,49.299628]]]}},{"type":"Feature","properties":{},"geometry":{"type":"Polygon","coordinates":[[[-1.22342,49.307174],[-1.223441,49.307182],[-1.223414,49.307214],[-1.223462,49.307232],[-1.223426,49.307275],[-1.223475,49.307292],[-1.223419,49.307363],[-1.223484,49.307387],[-1.223463,49.30741],[-1.223545,49.30744],[-1.223573,49.307408],[-1.223683,49.307449],[-1.2237,49.307428],[-1.223791,49.307462],[-1.22377,49.307488],[-1.223849,49.307517],[-1.223873,49.307488],[-1.223966,49.30752],[-1.224,49.307478],[-1.223909,49.307446],[-1.223894,49.307462],[-1.223814,49.307435],[-1.223829,49.307416],[-1.223737,49.307384],[-1.223719,49.307405],[-1.223609,49.307365],[-1.223588,49.30739],[-1.223507,49.307361],[-1.223584,49.307269],[-1.223506,49.307241],[-1.223528,49.307214],[-1.223517,49.30721],[-1.223553,49.307166],[-1.223537,49.30716],[-1.223577,49.307109],[-1.223547,49.307097],[-1.223605,49.307027],[-1.223622,49.307034],[-1.22366,49.30699],[-1.223549,49.306948],[-1.223583,49.306908],[-1.223501,49.306877],[-1.22351,49.306867],[-1.223402,49.306827],[-1.223367,49.306871],[-1.223475,49.306909],[-1.223458,49.30693],[-1.22354,49.30696],[-1.223515,49.30699],[-1.223543,49.307001],[-1.223482,49.307073],[-1.223501,49.30708],[-1.22342,49.307174]]]}},{"type":"Feature","properties":{},"geometry":{"type":"Polygon","coordinates":[[[-1.221749,49.305529],[-1.22169,49.305453],[-1.221586,49.305488],[-1.221623,49.305536],[-1.221611,49.30554],[-1.221633,49.305568],[-1.221749,49.305529]]]}},{"type":"Feature","properties":{},"geometry":{"type":"Polygon","coordinates":[[[-1.227746,49.299737],[-1.227657,49.299636],[-1.227586,49.29966],[-1.227626,49.299708],[-1.227569,49.299728],[-1.227618,49.299786],[-1.227746,49.299737]]]}},{"type":"Feature","properties":{},"geometry":{"type":"Polygon","coordinates":[[[-1.226992,49.304582],[-1.227078,49.304634],[-1.227111,49.304611],[-1.227119,49.304616],[-1.227156,49.304591],[-1.227064,49.304533],[-1.226992,49.304582]]]}},{"type":"Feature","properties":{},"geometry":{"type":"Polygon","coordinates":[[[-1.228388,49.301179],[-1.228492,49.301162],[-1.22845,49.301047],[-1.22838,49.301059],[-1.228396,49.301104],[-1.228364,49.301109],[-1.228388,49.301179]]]}},{"type":"Feature","properties":{},"geometry":{"type":"Polygon","coordinates":[[[-1.227228,49.304385],[-1.227152,49.304437],[-1.227235,49.30449],[-1.227274,49.304462],[-1.227285,49.30447],[-1.227321,49.304445],[-1.227228,49.304385]]]}},{"type":"Feature","properties":{},"geometry":{"type":"Polygon","coordinates":[[[-1.226932,49.302616],[-1.227005,49.302619],[-1.227007,49.3026],[-1.227012,49.302536],[-1.227009,49.302536],[-1.226938,49.302533],[-1.226932,49.302616]]]}},{"type":"Feature","properties":{},"geometry":{"type":"Polygon","coordinates":[[[-1.223451,49.304794],[-1.223506,49.30479],[-1.223507,49.304796],[-1.223533,49.304793],[-1.223516,49.304715],[-1.223434,49.304723],[-1.223451,49.304794]]]}},{"type":"Feature","properties":{},"geometry":{"type":"Polygon","coordinates":[[[-1.229331,49.307665],[-1.229358,49.307605],[-1.229152,49.307559],[-1.229115,49.307636],[-1.229167,49.307647],[-1.229171,49.307639],[-1.229331,49.307665]]]}},{"type":"Feature","properties":{},"geometry":{"type":"Polygon","coordinates":[[[-1.228767,49.303059],[-1.228736,49.303396],[-1.228838,49.303399],[-1.228853,49.303261],[-1.22886,49.303194],[-1.228873,49.303063],[-1.228767,49.303059]]]}},{"type":"Feature","properties":{},"geometry":{"type":"Polygon","coordinates":[[[-1.23689,49.306498],[-1.236951,49.306497],[-1.23695,49.306468],[-1.237002,49.306467],[-1.236999,49.306398],[-1.236887,49.3064],[-1.23689,49.306498]]]}},{"type":"Feature","properties":{},"geometry":{"type":"Polygon","coordinates":[[[-1.228534,49.306498],[-1.228401,49.30637],[-1.228305,49.306414],[-1.228392,49.306495],[-1.228403,49.306492],[-1.228449,49.306536],[-1.228534,49.306498]]]}},{"type":"Feature","properties":{},"geometry":{"type":"Polygon","coordinates":[[[-1.22513,49.303212],[-1.225152,49.303033],[-1.224318,49.302992],[-1.22429,49.303227],[-1.224712,49.303246],[-1.22472,49.303192],[-1.22513,49.303212]]]}},{"type":"Feature","properties":{},"geometry":{"type":"Polygon","coordinates":[[[-1.222549,49.306405],[-1.222625,49.306376],[-1.222618,49.306368],[-1.222721,49.306327],[-1.222658,49.30626],[-1.222478,49.306332],[-1.222549,49.306405]]]}},{"type":"Feature","properties":{},"geometry":{"type":"Polygon","coordinates":[[[-1.222602,49.305245],[-1.222542,49.305169],[-1.222438,49.305203],[-1.222476,49.305252],[-1.222464,49.305256],[-1.222485,49.305284],[-1.222602,49.305245]]]}},{"type":"Feature","properties":{},"geometry":{"type":"Polygon","coordinates":[[[-1.226547,49.304414],[-1.226659,49.304461],[-1.226716,49.304402],[-1.226617,49.30436],[-1.226591,49.304386],[-1.226578,49.304382],[-1.226547,49.304414]]]}},{"type":"Feature","properties":{},"geometry":{"type":"Polygon","coordinates":[[[-1.223411,49.308124],[-1.223432,49.308127],[-1.223508,49.308135],[-1.223562,49.30794],[-1.223487,49.307933],[-1.223468,49.307931],[-1.223411,49.308124]]]}},{"type":"Feature","properties":{},"geometry":{"type":"Polygon","coordinates":[[[-1.227795,49.301022],[-1.227965,49.300985],[-1.227828,49.300703],[-1.227689,49.30073],[-1.227699,49.300753],[-1.227646,49.300766],[-1.227795,49.301022]]]}},{"type":"Feature","properties":{},"geometry":{"type":"Polygon","coordinates":[[[-1.223265,49.307941],[-1.223219,49.307928],[-1.223222,49.307923],[-1.223175,49.30791],[-1.223133,49.307972],[-1.223224,49.307998],[-1.223265,49.307941]]]}},{"type":"Feature","properties":{},"geometry":{"type":"Polygon","coordinates":[[[-1.222851,49.305838],[-1.222791,49.305772],[-1.222586,49.305853],[-1.222639,49.305911],[-1.222682,49.305894],[-1.222689,49.305902],[-1.222851,49.305838]]]}},{"type":"Feature","properties":{},"geometry":{"type":"Polygon","coordinates":[[[-1.2206,49.301508],[-1.220711,49.301505],[-1.220714,49.301435],[-1.220712,49.301407],[-1.220711,49.301375],[-1.220593,49.301377],[-1.2206,49.301508]]]}},{"type":"Feature","properties":{},"geometry":{"type":"Polygon","coordinates":[[[-1.225879,49.304321],[-1.225937,49.304327],[-1.225935,49.304334],[-1.225989,49.30434],[-1.226005,49.304257],[-1.225894,49.304248],[-1.225879,49.304321]]]}},{"type":"Feature","properties":{},"geometry":{"type":"Polygon","coordinates":[[[-1.228331,49.299949],[-1.228273,49.299883],[-1.228155,49.299927],[-1.228166,49.299937],[-1.228102,49.299962],[-1.228151,49.300017],[-1.228331,49.299949]]]}},{"type":"Feature","properties":{},"geometry":{"type":"Polygon","coordinates":[[[-1.223886,49.305979],[-1.223846,49.305906],[-1.223657,49.305947],[-1.223696,49.306021],[-1.223703,49.306019],[-1.22373,49.306013],[-1.223886,49.305979]]]}},{"type":"Feature","properties":{},"geometry":{"type":"Polygon","coordinates":[[[-1.222446,49.301913],[-1.222514,49.301916],[-1.222523,49.30184],[-1.22245,49.301836],[-1.222449,49.301842],[-1.222453,49.301842],[-1.222446,49.301913]]]}},{"type":"Feature","properties":{},"geometry":{"type":"Polygon","coordinates":[[[-1.226055,49.304604],[-1.22604,49.304675],[-1.226154,49.304684],[-1.226162,49.304651],[-1.22618,49.304652],[-1.226187,49.304616],[-1.226055,49.304604]]]}},{"type":"Feature","properties":{},"geometry":{"type":"Polygon","coordinates":[[[-1.232658,49.302974],[-1.232665,49.302864],[-1.232363,49.302854],[-1.232362,49.302881],[-1.232359,49.30295],[-1.232358,49.302965],[-1.232658,49.302974]]]}},{"type":"Feature","properties":{},"geometry":{"type":"Polygon","coordinates":[[[-1.232587,49.303487],[-1.232598,49.303359],[-1.232379,49.30335],[-1.232372,49.303448],[-1.232519,49.303452],[-1.232517,49.303485],[-1.232587,49.303487]]]}},{"type":"Feature","properties":{},"geometry":{"type":"Polygon","coordinates":[[[-1.225143,49.302038],[-1.225139,49.302008],[-1.225124,49.302009],[-1.225116,49.301933],[-1.225032,49.301936],[-1.225041,49.302045],[-1.225143,49.302038]]]}},{"type":"Feature","properties":{},"geometry":{"type":"Polygon","coordinates":[[[-1.237444,49.306391],[-1.237447,49.306489],[-1.237509,49.306489],[-1.237508,49.306459],[-1.23755,49.306458],[-1.237547,49.30639],[-1.237444,49.306391]]]}},{"type":"Feature","properties":{},"geometry":{"type":"Polygon","coordinates":[[[-1.224875,49.304311],[-1.224891,49.304378],[-1.224971,49.304358],[-1.224947,49.304231],[-1.22478,49.304245],[-1.224796,49.304317],[-1.224875,49.304311]]]}},{"type":"Feature","properties":{},"geometry":{"type":"Polygon","coordinates":[[[-1.227557,49.304197],[-1.227638,49.304248],[-1.227675,49.304222],[-1.227685,49.304229],[-1.227725,49.304203],[-1.227632,49.304145],[-1.227557,49.304197]]]}},{"type":"Feature","properties":{},"geometry":{"type":"Polygon","coordinates":[[[-1.224003,49.304468],[-1.22402,49.304544],[-1.224188,49.304528],[-1.224187,49.30452],[-1.224241,49.304513],[-1.224227,49.30445],[-1.224003,49.304468]]]}},{"type":"Feature","properties":{},"geometry":{"type":"Polygon","coordinates":[[[-1.228653,49.301427],[-1.228609,49.301391],[-1.228641,49.301375],[-1.228588,49.30133],[-1.228463,49.30139],[-1.228568,49.301474],[-1.228653,49.301427]]]}},{"type":"Feature","properties":{},"geometry":{"type":"Polygon","coordinates":[[[-1.228788,49.303522],[-1.228795,49.30344],[-1.228477,49.303428],[-1.228462,49.303595],[-1.228587,49.3036],[-1.228595,49.303516],[-1.228788,49.303522]]]}},{"type":"Feature","properties":{},"geometry":{"type":"Polygon","coordinates":[[[-1.231689,49.30374],[-1.231687,49.303588],[-1.231179,49.303589],[-1.231179,49.303567],[-1.230955,49.303567],[-1.23096,49.303744],[-1.231689,49.30374]]]}},{"type":"Feature","properties":{},"geometry":{"type":"Polygon","coordinates":[[[-1.22439,49.302679],[-1.224538,49.302676],[-1.224531,49.30255],[-1.224323,49.302553],[-1.224325,49.302584],[-1.224383,49.302584],[-1.22439,49.302679]]]}},{"type":"Feature","properties":{},"geometry":{"type":"Polygon","coordinates":[[[-1.2217528,49.3010039],[-1.2217508,49.3009209],[-1.2215028,49.3009289],[-1.2215038,49.3010069],[-1.2216498,49.3010049],[-1.2216508,49.3009999],[-1.2217528,49.3010039]]]}},{"type":"Feature","properties":{},"geometry":{"type":"Polygon","coordinates":[[[-1.22227,49.302384],[-1.222278,49.302303],[-1.222153,49.302298],[-1.222153,49.302307],[-1.222105,49.302305],[-1.222101,49.302376],[-1.22227,49.302384]]]}},{"type":"Feature","properties":{},"geometry":{"type":"Polygon","coordinates":[[[-1.227185,49.299777],[-1.227158,49.299738],[-1.227136,49.299746],[-1.227087,49.299678],[-1.227002,49.299706],[-1.227074,49.299811],[-1.227185,49.299777]]]}},{"type":"Feature","properties":{},"geometry":{"type":"Polygon","coordinates":[[[-1.226714,49.304271],[-1.226684,49.3043],[-1.226694,49.304305],[-1.226665,49.304334],[-1.226768,49.304379],[-1.226827,49.304321],[-1.226714,49.304271]]]}},{"type":"Feature","properties":{},"geometry":{"type":"Polygon","coordinates":[[[-1.222086,49.301323],[-1.222032,49.301247],[-1.221816,49.301318],[-1.221864,49.301384],[-1.221966,49.301358],[-1.221971,49.301363],[-1.222086,49.301323]]]}},{"type":"Feature","properties":{},"geometry":{"type":"Polygon","coordinates":[[[-1.221338,49.312074],[-1.221577,49.31206],[-1.221567,49.311978],[-1.221439,49.311984],[-1.221421,49.312002],[-1.221329,49.312008],[-1.221338,49.312074]]]}},{"type":"Feature","properties":{},"geometry":{"type":"Polygon","coordinates":[[[-1.227627,49.302787],[-1.227874,49.302798],[-1.227882,49.302705],[-1.227822,49.302702],[-1.22782,49.302738],[-1.227634,49.30273],[-1.227627,49.302787]]]}},{"type":"Feature","properties":{},"geometry":{"type":"Polygon","coordinates":[[[-1.220263,49.299967],[-1.22025,49.299966],[-1.220167,49.299961],[-1.220152,49.299969],[-1.220143,49.300086],[-1.220245,49.300092],[-1.220263,49.299967]]]}},{"type":"Feature","properties":{},"geometry":{"type":"Polygon","coordinates":[[[-1.227156,49.304591],[-1.227198,49.304562],[-1.227186,49.304554],[-1.227223,49.304531],[-1.22714,49.30448],[-1.227064,49.304533],[-1.227156,49.304591]]]}},{"type":"Feature","properties":{},"geometry":{"type":"Polygon","coordinates":[[[-1.226337,49.316862],[-1.226452,49.316769],[-1.226353,49.316717],[-1.226304,49.316756],[-1.226339,49.316772],[-1.226272,49.316832],[-1.226337,49.316862]]]}},{"type":"Feature","properties":{},"geometry":{"type":"Polygon","coordinates":[[[-1.237005,49.307724],[-1.237047,49.307691],[-1.237015,49.307684],[-1.236927,49.307754],[-1.237012,49.307798],[-1.237064,49.307756],[-1.237005,49.307724]]]}},{"type":"Feature","properties":{},"geometry":{"type":"Polygon","coordinates":[[[-1.229446,49.304153],[-1.229478,49.30406],[-1.229422,49.304051],[-1.229417,49.30407],[-1.229305,49.304053],[-1.229277,49.304127],[-1.229446,49.304153]]]}},{"type":"Feature","properties":{},"geometry":{"type":"Polygon","coordinates":[[[-1.227826,49.301484],[-1.227739,49.301635],[-1.22785,49.301654],[-1.22791,49.30155],[-1.227904,49.301549],[-1.227927,49.30151],[-1.227826,49.301484]]]}},{"type":"Feature","properties":{},"geometry":{"type":"Polygon","coordinates":[[[-1.236613,49.307556],[-1.236532,49.307563],[-1.236595,49.30771],[-1.23668,49.307694],[-1.236646,49.307611],[-1.236639,49.307613],[-1.236613,49.307556]]]}},{"type":"Feature","properties":{},"geometry":{"type":"Polygon","coordinates":[[[-1.225317,49.305631],[-1.225322,49.305703],[-1.225498,49.3057],[-1.225492,49.305617],[-1.22536,49.30562],[-1.22536,49.30563],[-1.225317,49.305631]]]}},{"type":"Feature","properties":{},"geometry":{"type":"Polygon","coordinates":[[[-1.221178,49.301233],[-1.221068,49.301235],[-1.221072,49.30134],[-1.221062,49.30134],[-1.221064,49.30137],[-1.221183,49.301368],[-1.221178,49.301233]]]}},{"type":"Feature","properties":{},"geometry":{"type":"Polygon","coordinates":[[[-1.227159,49.307002],[-1.227064,49.306915],[-1.226971,49.306959],[-1.227094,49.307074],[-1.2272,49.307026],[-1.227168,49.306997],[-1.227159,49.307002]]]}},{"type":"Feature","properties":{},"geometry":{"type":"Polygon","coordinates":[[[-1.227646,49.300766],[-1.227333,49.300838],[-1.227391,49.300942],[-1.227653,49.300881],[-1.227727,49.301037],[-1.227795,49.301022],[-1.227646,49.300766]]]}},{"type":"Feature","properties":{},"geometry":{"type":"Polygon","coordinates":[[[-1.22301,49.309114],[-1.223002,49.309012],[-1.223016,49.309011],[-1.223014,49.308973],[-1.22289,49.308977],[-1.222901,49.309117],[-1.22301,49.309114]]]}},{"type":"Feature","properties":{},"geometry":{"type":"Polygon","coordinates":[[[-1.22976,49.302884],[-1.229774,49.302834],[-1.229771,49.302834],[-1.22979,49.302764],[-1.229632,49.302742],[-1.22959,49.302878],[-1.22976,49.302884]]]}},{"type":"Feature","properties":{},"geometry":{"type":"Polygon","coordinates":[[[-1.225036,49.306681],[-1.224991,49.306681],[-1.224991,49.306712],[-1.224903,49.306712],[-1.224902,49.306762],[-1.225037,49.306763],[-1.225036,49.306681]]]}},{"type":"Feature","properties":{},"geometry":{"type":"Polygon","coordinates":[[[-1.225037,49.306763],[-1.225174,49.306763],[-1.225172,49.306712],[-1.225082,49.306712],[-1.225082,49.306681],[-1.225036,49.306681],[-1.225037,49.306763]]]}},{"type":"Feature","properties":{},"geometry":{"type":"Polygon","coordinates":[[[-1.233507,49.30387],[-1.233482,49.303937],[-1.233549,49.303947],[-1.233624,49.303958],[-1.233625,49.303955],[-1.233643,49.303893],[-1.233507,49.30387]]]}},{"type":"Feature","properties":{},"geometry":{"type":"Polygon","coordinates":[[[-1.224202,49.30069],[-1.224196,49.300607],[-1.224127,49.300609],[-1.224128,49.300617],[-1.224004,49.300626],[-1.224009,49.300696],[-1.224202,49.30069]]]}},{"type":"Feature","properties":{},"geometry":{"type":"Polygon","coordinates":[[[-1.226885,49.302698],[-1.226878,49.302773],[-1.227021,49.302779],[-1.227025,49.302725],[-1.22692,49.302721],[-1.22692,49.302699],[-1.226885,49.302698]]]}},{"type":"Feature","properties":{},"geometry":{"type":"Polygon","coordinates":[[[-1.236824,49.307942],[-1.236791,49.307926],[-1.236722,49.307981],[-1.23673,49.307986],[-1.236715,49.308007],[-1.23673,49.308016],[-1.236824,49.307942]]]}},{"type":"Feature","properties":{},"geometry":{"type":"Polygon","coordinates":[[[-1.222589,49.302394],[-1.222596,49.302313],[-1.222456,49.302308],[-1.222456,49.302322],[-1.222415,49.302321],[-1.22241,49.302386],[-1.222589,49.302394]]]}},{"type":"Feature","properties":{},"geometry":{"type":"Polygon","coordinates":[[[-1.222914,49.302526],[-1.222918,49.302468],[-1.222718,49.302462],[-1.222714,49.302528],[-1.222869,49.302532],[-1.22287,49.302525],[-1.222914,49.302526]]]}},{"type":"Feature","properties":{},"geometry":{"type":"Polygon","coordinates":[[[-1.222276,49.30603],[-1.222284,49.305967],[-1.222304,49.305969],[-1.22231,49.305921],[-1.222169,49.305914],[-1.222156,49.306024],[-1.222276,49.30603]]]}},{"type":"Feature","properties":{},"geometry":{"type":"Polygon","coordinates":[[[-1.224302,49.306505],[-1.224348,49.306465],[-1.224317,49.306449],[-1.224345,49.306425],[-1.224272,49.30639],[-1.224199,49.306455],[-1.224302,49.306505]]]}},{"type":"Feature","properties":{},"geometry":{"type":"Polygon","coordinates":[[[-1.223011,49.306229],[-1.222954,49.306161],[-1.222836,49.306203],[-1.222852,49.306223],[-1.222819,49.306237],[-1.22286,49.306284],[-1.223011,49.306229]]]}},{"type":"Feature","properties":{},"geometry":{"type":"Polygon","coordinates":[[[-1.223144,49.3007],[-1.223062,49.300693],[-1.223049,49.30075],[-1.223132,49.300758],[-1.223137,49.300733],[-1.223142,49.300709],[-1.223144,49.3007]]]}},{"type":"Feature","properties":{},"geometry":{"type":"Polygon","coordinates":[[[-1.23689,49.306498],[-1.236887,49.3064],[-1.236886,49.306371],[-1.236771,49.306375],[-1.236776,49.306403],[-1.236781,49.3065],[-1.23689,49.306498]]]}},{"type":"Feature","properties":{},"geometry":{"type":"Polygon","coordinates":[[[-1.231958,49.304288],[-1.232161,49.304275],[-1.232153,49.304227],[-1.232092,49.304231],[-1.232051,49.303962],[-1.231909,49.303971],[-1.231958,49.304288]]]}},{"type":"Feature","properties":{},"geometry":{"type":"Polygon","coordinates":[[[-1.227725,49.304203],[-1.227762,49.304178],[-1.227751,49.304171],[-1.22779,49.304146],[-1.227708,49.304093],[-1.227632,49.304145],[-1.227725,49.304203]]]}},{"type":"Feature","properties":{},"geometry":{"type":"Polygon","coordinates":[[[-1.233407,49.303259],[-1.233414,49.303182],[-1.233332,49.303179],[-1.233325,49.303267],[-1.233355,49.303269],[-1.233356,49.303257],[-1.233407,49.303259]]]}},{"type":"Feature","properties":{},"geometry":{"type":"Polygon","coordinates":[[[-1.228626,49.302292],[-1.228643,49.302193],[-1.228246,49.302161],[-1.228232,49.30223],[-1.228568,49.302261],[-1.228563,49.302287],[-1.228626,49.302292]]]}},{"type":"Feature","properties":{},"geometry":{"type":"Polygon","coordinates":[[[-1.222811,49.307846],[-1.222861,49.30774],[-1.222745,49.307716],[-1.22273,49.30775],[-1.222738,49.307751],[-1.222704,49.307824],[-1.222811,49.307846]]]}},{"type":"Feature","properties":{},"geometry":{"type":"Polygon","coordinates":[[[-1.222342,49.300995],[-1.222466,49.300994],[-1.222466,49.300905],[-1.222482,49.300905],[-1.222481,49.300859],[-1.222344,49.300859],[-1.222342,49.300995]]]}},{"type":"Feature","properties":{},"geometry":{"type":"Polygon","coordinates":[[[-1.229413,49.302696],[-1.229396,49.302733],[-1.229445,49.302746],[-1.229398,49.302832],[-1.229482,49.302852],[-1.229549,49.30273],[-1.229413,49.302696]]]}},{"type":"Feature","properties":{},"geometry":{"type":"Polygon","coordinates":[[[-1.226547,49.304414],[-1.226519,49.304443],[-1.226531,49.304449],[-1.226503,49.304479],[-1.226603,49.304521],[-1.226659,49.304461],[-1.226547,49.304414]]]}},{"type":"Feature","properties":{},"geometry":{"type":"Polygon","coordinates":[[[-1.226055,49.304604],[-1.226187,49.304616],[-1.226194,49.304581],[-1.226177,49.304579],[-1.226184,49.304544],[-1.226069,49.304534],[-1.226055,49.304604]]]}},{"type":"Feature","properties":{},"geometry":{"type":"Polygon","coordinates":[[[-1.230179,49.302186],[-1.230141,49.302175],[-1.230065,49.302284],[-1.230116,49.302288],[-1.230124,49.30228],[-1.23014,49.302252],[-1.230179,49.302186]]]}},{"type":"Feature","properties":{},"geometry":{"type":"Polygon","coordinates":[[[-1.224546,49.305043],[-1.224588,49.305039],[-1.224584,49.305021],[-1.224739,49.305006],[-1.224724,49.304936],[-1.224527,49.304954],[-1.224546,49.305043]]]}},{"type":"Feature","properties":{},"geometry":{"type":"Polygon","coordinates":[[[-1.2291722,49.3025417],[-1.2292992,49.3025557],[-1.2293552,49.3024657],[-1.2292682,49.3024437],[-1.2292422,49.3024827],[-1.2291982,49.3024757],[-1.2291722,49.3025417]]]}},{"type":"Feature","properties":{},"geometry":{"type":"Polygon","coordinates":[[[-1.225512,49.305855],[-1.22556,49.305845],[-1.225563,49.305692],[-1.225525,49.305693],[-1.225525,49.305777],[-1.225516,49.305777],[-1.225512,49.305855]]]}},{"type":"Feature","properties":{},"geometry":{"type":"Polygon","coordinates":[[[-1.224899,49.302698],[-1.225102,49.302709],[-1.2251,49.302667],[-1.225085,49.302667],[-1.225085,49.302649],[-1.224902,49.30264],[-1.224899,49.302698]]]}},{"type":"Feature","properties":{},"geometry":{"type":"Polygon","coordinates":[[[-1.228779,49.299765],[-1.228787,49.299743],[-1.228804,49.299698],[-1.228811,49.299678],[-1.228491,49.299628],[-1.228457,49.299717],[-1.228779,49.299765]]]}},{"type":"Feature","properties":{},"geometry":{"type":"Polygon","coordinates":[[[-1.224999,49.306374],[-1.225043,49.306367],[-1.225024,49.306307],[-1.225102,49.306296],[-1.225084,49.306246],[-1.22496,49.306264],[-1.224999,49.306374]]]}},{"type":"Feature","properties":{},"geometry":{"type":"Polygon","coordinates":[[[-1.233213,49.304114],[-1.233193,49.30417],[-1.233247,49.304178],[-1.23318,49.304362],[-1.233284,49.304379],[-1.233373,49.304139],[-1.233213,49.304114]]]}},{"type":"Feature","properties":{},"geometry":{"type":"Polygon","coordinates":[[[-1.227477,49.30671],[-1.227383,49.306618],[-1.227294,49.306659],[-1.227362,49.306727],[-1.227376,49.306722],[-1.227399,49.306746],[-1.227477,49.30671]]]}},{"type":"Feature","properties":{},"geometry":{"type":"Polygon","coordinates":[[[-1.225087,49.307403],[-1.224963,49.30738],[-1.225004,49.307299],[-1.224953,49.307287],[-1.224896,49.307396],[-1.225078,49.307426],[-1.225087,49.307403]]]}},{"type":"Feature","properties":{},"geometry":{"type":"Polygon","coordinates":[[[-1.22496,49.306264],[-1.224834,49.306283],[-1.224852,49.306332],[-1.224931,49.30632],[-1.224953,49.306381],[-1.224999,49.306374],[-1.22496,49.306264]]]}},{"type":"Feature","properties":{},"geometry":{"type":"Polygon","coordinates":[[[-1.225253,49.304516],[-1.2253,49.304515],[-1.225301,49.30452],[-1.225465,49.304513],[-1.225457,49.304436],[-1.225247,49.304444],[-1.225253,49.304516]]]}},{"type":"Feature","properties":{},"geometry":{"type":"Polygon","coordinates":[[[-1.228492,49.3049],[-1.228545,49.304853],[-1.228507,49.304834],[-1.228516,49.304825],[-1.228402,49.304768],[-1.22834,49.304824],[-1.228492,49.3049]]]}},{"type":"Feature","properties":{},"geometry":{"type":"Polygon","coordinates":[[[-1.2232076,49.3025455],[-1.2232056,49.3024335],[-1.2231186,49.3024325],[-1.2231186,49.3024705],[-1.2230456,49.3024695],[-1.2230426,49.3025405],[-1.2232076,49.3025455]]]}},{"type":"Feature","properties":{},"geometry":{"type":"Polygon","coordinates":[[[-1.221154,49.301027],[-1.221044,49.30103],[-1.221051,49.301134],[-1.221041,49.301135],[-1.221043,49.301165],[-1.221163,49.301162],[-1.221154,49.301027]]]}},{"type":"Feature","properties":{},"geometry":{"type":"Polygon","coordinates":[[[-1.238217,49.307261],[-1.238169,49.307232],[-1.238158,49.307242],[-1.237982,49.3074],[-1.238021,49.307374],[-1.238042,49.307386],[-1.238217,49.307261]]]}},{"type":"Feature","properties":{},"geometry":{"type":"Polygon","coordinates":[[[-1.223547,49.305957],[-1.22346,49.305974],[-1.223473,49.306004],[-1.22336,49.306027],[-1.223392,49.306094],[-1.223594,49.306057],[-1.223547,49.305957]]]}},{"type":"Feature","properties":{},"geometry":{"type":"Polygon","coordinates":[[[-1.225259,49.302502],[-1.225252,49.302503],[-1.225283,49.302736],[-1.225376,49.30274],[-1.225384,49.302642],[-1.22536,49.30249],[-1.225259,49.302502]]]}},{"type":"Feature","properties":{},"geometry":{"type":"Polygon","coordinates":[[[-1.232744,49.303961],[-1.23295,49.303995],[-1.232978,49.303928],[-1.232866,49.303908],[-1.232929,49.303763],[-1.232836,49.303745],[-1.232744,49.303961]]]}},{"type":"Feature","properties":{},"geometry":{"type":"Polygon","coordinates":[[[-1.223773,49.305531],[-1.223809,49.305599],[-1.22394,49.30557],[-1.223936,49.305562],[-1.223993,49.305549],[-1.223966,49.305492],[-1.223773,49.305531]]]}},{"type":"Feature","properties":{},"geometry":{"type":"Polygon","coordinates":[[[-1.226596,49.299652],[-1.226661,49.299676],[-1.226698,49.29963],[-1.226658,49.299615],[-1.226646,49.299629],[-1.226621,49.29962],[-1.226596,49.299652]]]}},{"type":"Feature","properties":{},"geometry":{"type":"Polygon","coordinates":[[[-1.227894,49.303949],[-1.227987,49.304009],[-1.22803,49.303979],[-1.228021,49.303973],[-1.228055,49.30395],[-1.227972,49.303897],[-1.227894,49.303949]]]}},{"type":"Feature","properties":{},"geometry":{"type":"Polygon","coordinates":[[[-1.227495,49.304355],[-1.227537,49.304327],[-1.227525,49.30432],[-1.227563,49.304294],[-1.227443,49.304217],[-1.227361,49.30427],[-1.227401,49.304295],[-1.227495,49.304355]]]}},{"type":"Feature","properties":{},"geometry":{"type":"Polygon","coordinates":[[[-1.233507,49.30387],[-1.233643,49.303893],[-1.233645,49.303886],[-1.233664,49.303821],[-1.233597,49.30381],[-1.233613,49.303764],[-1.23355,49.303756],[-1.233507,49.30387]]]}},{"type":"Feature","properties":{},"geometry":{"type":"Polygon","coordinates":[[[-1.237146,49.307692],[-1.237107,49.307666],[-1.237073,49.307678],[-1.237064,49.307694],[-1.237047,49.307691],[-1.237005,49.307724],[-1.237064,49.307756],[-1.237146,49.307692]]]}},{"type":"Feature","properties":{},"geometry":{"type":"Polygon","coordinates":[[[-1.227737,49.304047],[-1.227817,49.304097],[-1.227857,49.304069],[-1.227846,49.304062],[-1.227881,49.304039],[-1.227819,49.304],[-1.227813,49.303996],[-1.227737,49.304047]]]}},{"type":"Feature","properties":{},"geometry":{"type":"Polygon","coordinates":[[[-1.228611,49.302505],[-1.228745,49.302521],[-1.228759,49.302472],[-1.228702,49.302464],[-1.228708,49.302441],[-1.228631,49.302431],[-1.228627,49.302447],[-1.228611,49.302505]]]}},{"type":"Feature","properties":{},"geometry":{"type":"Polygon","coordinates":[[[-1.236672,49.306597],[-1.236679,49.306589],[-1.23673,49.306528],[-1.236721,49.306524],[-1.236731,49.306516],[-1.236659,49.306493],[-1.236594,49.30657],[-1.236672,49.306597]]]}},{"type":"Feature","properties":{},"geometry":{"type":"Polygon","coordinates":[[[-1.226055,49.305028],[-1.226107,49.305091],[-1.226212,49.305056],[-1.226188,49.305025],[-1.226196,49.305022],[-1.226169,49.30499],[-1.22616,49.304993],[-1.226055,49.305028]]]}},{"type":"Feature","properties":{},"geometry":{"type":"Polygon","coordinates":[[[-1.224443,49.306391],[-1.224566,49.306373],[-1.224554,49.306341],[-1.224535,49.306286],[-1.224464,49.306297],[-1.22447,49.306318],[-1.224419,49.306325],[-1.224443,49.306391]]]}},{"type":"Feature","properties":{},"geometry":{"type":"Polygon","coordinates":[[[-1.237337,49.306491],[-1.237334,49.306393],[-1.237328,49.306393],[-1.237219,49.306395],[-1.237222,49.306464],[-1.237279,49.306463],[-1.237281,49.306492],[-1.237337,49.306491]]]}},{"type":"Feature","properties":{},"geometry":{"type":"Polygon","coordinates":[[[-1.237982,49.3074],[-1.237931,49.307446],[-1.237922,49.307442],[-1.237875,49.307474],[-1.237897,49.307486],[-1.238042,49.307386],[-1.238021,49.307374],[-1.237982,49.3074]]]}},{"type":"Feature","properties":{},"geometry":{"type":"Polygon","coordinates":[[[-1.233611,49.303586],[-1.2337,49.303597],[-1.233702,49.30359],[-1.233741,49.303597],[-1.23375,49.30357],[-1.233708,49.303565],[-1.233623,49.303554],[-1.233611,49.303586]]]}},{"type":"Feature","properties":{},"geometry":{"type":"Polygon","coordinates":[[[-1.226463,49.304899],[-1.226474,49.304892],[-1.226513,49.304919],[-1.226575,49.304881],[-1.226597,49.304867],[-1.226521,49.304815],[-1.226428,49.304873],[-1.226463,49.304899]]]}},{"type":"Feature","properties":{},"geometry":{"type":"Polygon","coordinates":[[[-1.226881,49.303904],[-1.22694,49.30391],[-1.226943,49.303898],[-1.226997,49.303902],[-1.227013,49.303827],[-1.226898,49.303817],[-1.226894,49.303841],[-1.226881,49.303904]]]}},{"type":"Feature","properties":{},"geometry":{"type":"Polygon","coordinates":[[[-1.223487,49.307933],[-1.223562,49.30794],[-1.223581,49.307942],[-1.223607,49.30785],[-1.223505,49.307838],[-1.223487,49.307899],[-1.223495,49.3079],[-1.223487,49.307933]]]}},{"type":"Feature","properties":{},"geometry":{"type":"Polygon","coordinates":[[[-1.226471,49.299287],[-1.226416,49.299389],[-1.226446,49.299403],[-1.226539,49.299318],[-1.226725,49.299404],[-1.226777,49.299352],[-1.226524,49.299235],[-1.226471,49.299287]]]}},{"type":"Feature","properties":{},"geometry":{"type":"Polygon","coordinates":[[[-1.226256,49.304234],[-1.226345,49.304241],[-1.226384,49.304245],[-1.226393,49.304204],[-1.226378,49.304202],[-1.226385,49.30417],[-1.226269,49.30416],[-1.226256,49.304234]]]}},{"type":"Feature","properties":{},"geometry":{"type":"Polygon","coordinates":[[[-1.227441,49.303184],[-1.227448,49.303075],[-1.227453,49.30301],[-1.227296,49.303005],[-1.22729,49.30307],[-1.227364,49.303072],[-1.227357,49.303181],[-1.227441,49.303184]]]}},{"type":"Feature","properties":{},"geometry":{"type":"Polygon","coordinates":[[[-1.22615,49.304915],[-1.226123,49.304882],[-1.226109,49.304887],[-1.226085,49.304856],[-1.225983,49.30489],[-1.226032,49.304955],[-1.226118,49.304926],[-1.22615,49.304915]]]}},{"type":"Feature","properties":{},"geometry":{"type":"Polygon","coordinates":[[[-1.223423,49.308159],[-1.223416,49.308158],[-1.223399,49.308223],[-1.2235,49.308232],[-1.223526,49.308137],[-1.223508,49.308135],[-1.223432,49.308127],[-1.223423,49.308159]]]}},{"type":"Feature","properties":{},"geometry":{"type":"Polygon","coordinates":[[[-1.226714,49.304271],[-1.226827,49.304321],[-1.22689,49.30426],[-1.226805,49.304224],[-1.226789,49.304217],[-1.226761,49.304244],[-1.226747,49.304238],[-1.226714,49.304271]]]}},{"type":"Feature","properties":{},"geometry":{"type":"Polygon","coordinates":[[[-1.221965,49.302862],[-1.22199,49.302863],[-1.221998,49.302863],[-1.221998,49.30276],[-1.221892,49.302762],[-1.22189,49.302809],[-1.221869,49.302859],[-1.221965,49.302862]]]}},{"type":"Feature","properties":{},"geometry":{"type":"Polygon","coordinates":[[[-1.227388,49.304388],[-1.227408,49.304401],[-1.227451,49.304372],[-1.22746,49.304378],[-1.227495,49.304355],[-1.227401,49.304295],[-1.227324,49.304347],[-1.227388,49.304388]]]}},{"type":"Feature","properties":{},"geometry":{"type":"Polygon","coordinates":[[[-1.226482,49.304938],[-1.226517,49.304963],[-1.22653,49.304956],[-1.22657,49.304984],[-1.226652,49.304932],[-1.226575,49.304881],[-1.226513,49.304919],[-1.226482,49.304938]]]}},{"type":"Feature","properties":{},"geometry":{"type":"Polygon","coordinates":[[[-1.22698,49.30409],[-1.227079,49.304133],[-1.22714,49.304069],[-1.227056,49.304033],[-1.227029,49.304022],[-1.226995,49.304056],[-1.227008,49.304062],[-1.22698,49.30409]]]}},{"type":"Feature","properties":{},"geometry":{"type":"Polygon","coordinates":[[[-1.224366,49.305488],[-1.224343,49.305425],[-1.224285,49.305435],[-1.224276,49.305413],[-1.224195,49.305426],[-1.224203,49.305448],[-1.224228,49.305511],[-1.224366,49.305488]]]}},{"type":"Feature","properties":{},"geometry":{"type":"Polygon","coordinates":[[[-1.226055,49.305028],[-1.22616,49.304993],[-1.226133,49.304959],[-1.226142,49.304956],[-1.226118,49.304926],[-1.226032,49.304955],[-1.226004,49.304964],[-1.226055,49.305028]]]}},{"type":"Feature","properties":{},"geometry":{"type":"Polygon","coordinates":[[[-1.221084,49.300293],[-1.221123,49.300299],[-1.221198,49.300311],[-1.221229,49.300229],[-1.221127,49.300213],[-1.22111,49.30026],[-1.221097,49.300258],[-1.221084,49.300293]]]}},{"type":"Feature","properties":{},"geometry":{"type":"Polygon","coordinates":[[[-1.227561,49.300491],[-1.227658,49.300468],[-1.227658,49.300467],[-1.227631,49.300414],[-1.227637,49.300413],[-1.227615,49.300372],[-1.227512,49.300397],[-1.227561,49.300491]]]}},{"type":"Feature","properties":{},"geometry":{"type":"Polygon","coordinates":[[[-1.227056,49.304033],[-1.22714,49.304069],[-1.227165,49.304079],[-1.227222,49.304019],[-1.227124,49.303978],[-1.227095,49.304008],[-1.227087,49.304004],[-1.227056,49.304033]]]}},{"type":"Feature","properties":{},"geometry":{"type":"Polygon","coordinates":[[[-1.227893,49.302469],[-1.22789,49.302477],[-1.22803,49.302499],[-1.228052,49.302433],[-1.227937,49.302418],[-1.227925,49.302453],[-1.227901,49.302449],[-1.227893,49.302469]]]}},{"type":"Feature","properties":{},"geometry":{"type":"Polygon","coordinates":[[[-1.226107,49.305091],[-1.226157,49.305154],[-1.226262,49.305118],[-1.226238,49.305091],[-1.226249,49.305087],[-1.226221,49.305053],[-1.226212,49.305056],[-1.226107,49.305091]]]}},{"type":"Feature","properties":{},"geometry":{"type":"Polygon","coordinates":[[[-1.228239,49.308045],[-1.228233,49.308044],[-1.22824,49.308027],[-1.228117,49.308004],[-1.22809,49.308069],[-1.228211,49.308092],[-1.22821,49.308107],[-1.228239,49.308045]]]}},{"type":"Feature","properties":{},"geometry":{"type":"Polygon","coordinates":[[[-1.220203,49.301052],[-1.220207,49.301052],[-1.220209,49.30108],[-1.220315,49.301078],[-1.220308,49.300959],[-1.220205,49.300962],[-1.220192,49.300971],[-1.220203,49.301052]]]}},{"type":"Feature","properties":{},"geometry":{"type":"Polygon","coordinates":[[[-1.226879,49.304169],[-1.22697,49.304208],[-1.226995,49.304218],[-1.227054,49.30416],[-1.226955,49.304117],[-1.226925,49.304147],[-1.226909,49.30414],[-1.226879,49.304169]]]}},{"type":"Feature","properties":{},"geometry":{"type":"Polygon","coordinates":[[[-1.227228,49.304385],[-1.227321,49.304445],[-1.22736,49.304419],[-1.227349,49.304412],[-1.227388,49.304388],[-1.227324,49.304347],[-1.227305,49.304335],[-1.227228,49.304385]]]}},{"type":"Feature","properties":{},"geometry":{"type":"Polygon","coordinates":[[[-1.22667,49.303866],[-1.226723,49.30387],[-1.226721,49.303881],[-1.226779,49.303886],[-1.22679,49.303833],[-1.226795,49.303808],[-1.226684,49.303798],[-1.22667,49.303866]]]}},{"type":"Feature","properties":{},"geometry":{"type":"Polygon","coordinates":[[[-1.229958,49.304724],[-1.230004,49.30473],[-1.230001,49.304741],[-1.230042,49.304743],[-1.230053,49.304697],[-1.229969,49.304686],[-1.229959,49.304721],[-1.229958,49.304724]]]}},{"type":"Feature","properties":{},"geometry":{"type":"Polygon","coordinates":[[[-1.226321,49.304131],[-1.226435,49.304141],[-1.226441,49.304105],[-1.226455,49.304106],[-1.226461,49.304071],[-1.226425,49.304068],[-1.226335,49.30406],[-1.226321,49.304131]]]}},{"type":"Feature","properties":{},"geometry":{"type":"Polygon","coordinates":[[[-1.225372,49.29987],[-1.225416,49.29981],[-1.22528,49.299767],[-1.225234,49.299829],[-1.225318,49.299856],[-1.225314,49.299862],[-1.225365,49.299879],[-1.225372,49.29987]]]}},{"type":"Feature","properties":{},"geometry":{"type":"Polygon","coordinates":[[[-1.221663,49.300075],[-1.221647,49.299997],[-1.221587,49.300002],[-1.221589,49.300015],[-1.221476,49.300026],[-1.221477,49.30003],[-1.221489,49.300088],[-1.221663,49.300075]]]}},{"type":"Feature","properties":{},"geometry":{"type":"Polygon","coordinates":[[[-1.221112,49.30037],[-1.221194,49.300368],[-1.221193,49.300339],[-1.221204,49.300312],[-1.221198,49.300311],[-1.221123,49.300299],[-1.22111,49.300334],[-1.221112,49.30037]]]}},{"type":"Feature","properties":{},"geometry":{"type":"Polygon","coordinates":[[[-1.230565,49.302775],[-1.230569,49.302711],[-1.23057,49.30269],[-1.230322,49.302685],[-1.230314,49.30285],[-1.230477,49.302854],[-1.230482,49.302774],[-1.230565,49.302775]]]}},{"type":"Feature","properties":{},"geometry":{"type":"Polygon","coordinates":[[[-1.226875,49.303207],[-1.226865,49.303207],[-1.226858,49.303294],[-1.226886,49.303294],[-1.226889,49.303276],[-1.226913,49.303277],[-1.226921,49.303209],[-1.226875,49.303207]]]}},{"type":"Feature","properties":{},"geometry":{"type":"Polygon","coordinates":[[[-1.233493,49.303261],[-1.2335,49.303185],[-1.23344,49.303183],[-1.233432,49.30326],[-1.233465,49.303261],[-1.233465,49.303273],[-1.233492,49.303274],[-1.233493,49.303261]]]}},{"type":"Feature","properties":{},"geometry":{"type":"Polygon","coordinates":[[[-1.234609,49.304878],[-1.23466,49.304894],[-1.234722,49.304808],[-1.2346,49.304771],[-1.234556,49.304833],[-1.234584,49.304841],[-1.234566,49.304866],[-1.234609,49.304878]]]}},{"type":"Feature","properties":{},"geometry":{"type":"Polygon","coordinates":[[[-1.227894,49.303949],[-1.227819,49.304],[-1.227881,49.304039],[-1.227903,49.304052],[-1.227943,49.304025],[-1.227954,49.304031],[-1.227987,49.304009],[-1.227894,49.303949]]]}},{"type":"Feature","properties":{},"geometry":{"type":"Polygon","coordinates":[[[-1.228611,49.302505],[-1.228627,49.302447],[-1.228499,49.302426],[-1.228495,49.302435],[-1.228282,49.302399],[-1.228262,49.302451],[-1.228481,49.302489],[-1.228611,49.302505]]]}},{"type":"Feature","properties":{},"geometry":{"type":"Polygon","coordinates":[[[-1.222212,49.301903],[-1.222445,49.301914],[-1.222446,49.301913],[-1.222453,49.301842],[-1.222449,49.301842],[-1.22231,49.301831],[-1.22231,49.301835],[-1.222221,49.301831],[-1.222212,49.301903]]]}},{"type":"Feature","properties":{},"geometry":{"type":"Polygon","coordinates":[[[-1.222905,49.307582],[-1.222901,49.307589],[-1.222793,49.307566],[-1.222755,49.307633],[-1.222865,49.307658],[-1.222868,49.307651],[-1.222915,49.307661],[-1.222952,49.307593],[-1.222905,49.307582]]]}},{"type":"Feature","properties":{},"geometry":{"type":"Polygon","coordinates":[[[-1.222245,49.30276],[-1.221998,49.30276],[-1.221998,49.302863],[-1.22199,49.302863],[-1.221989,49.302897],[-1.222062,49.302898],[-1.222068,49.302819],[-1.222246,49.302817],[-1.222245,49.30276]]]}},{"type":"Feature","properties":{},"geometry":{"type":"Polygon","coordinates":[[[-1.23276,49.303392],[-1.232754,49.30342],[-1.232744,49.303461],[-1.232734,49.303489],[-1.232777,49.303494],[-1.232793,49.303437],[-1.232804,49.303397],[-1.232794,49.303395],[-1.23276,49.303392]]]}},{"type":"Feature","properties":{},"geometry":{"type":"Polygon","coordinates":[[[-1.229104,49.308147],[-1.229126,49.308163],[-1.22903,49.308218],[-1.229096,49.308268],[-1.229194,49.308214],[-1.229173,49.308198],[-1.229267,49.308143],[-1.229202,49.308092],[-1.229104,49.308147]]]}},{"type":"Feature","properties":{},"geometry":{"type":"Polygon","coordinates":[[[-1.22625,49.30398],[-1.226309,49.303985],[-1.22637,49.30399],[-1.226378,49.303955],[-1.226392,49.303956],[-1.226399,49.30392],[-1.22636,49.303917],[-1.226265,49.303909],[-1.22625,49.30398]]]}},{"type":"Feature","properties":{},"geometry":{"type":"Polygon","coordinates":[[[-1.220918,49.311864],[-1.221062,49.311834],[-1.221036,49.311778],[-1.22106,49.311773],[-1.221041,49.311726],[-1.220991,49.311735],[-1.221007,49.311782],[-1.22089,49.311808],[-1.220918,49.311864]]]}},{"type":"Feature","properties":{},"geometry":{"type":"Polygon","coordinates":[[[-1.223241,49.302287],[-1.223241,49.302151],[-1.223074,49.302152],[-1.223072,49.302287],[-1.223132,49.302287],[-1.223133,49.302318],[-1.223156,49.302318],[-1.223155,49.302287],[-1.223241,49.302287]]]}},{"type":"Feature","properties":{},"geometry":{"type":"Polygon","coordinates":[[[-1.23762,49.305986],[-1.237546,49.30591],[-1.237509,49.305926],[-1.237486,49.305904],[-1.237419,49.305932],[-1.237439,49.305954],[-1.237464,49.305944],[-1.237539,49.30602],[-1.23762,49.305986]]]}},{"type":"Feature","properties":{},"geometry":{"type":"Polygon","coordinates":[[[-1.225376,49.307414],[-1.225246,49.307391],[-1.225221,49.30745],[-1.225299,49.307463],[-1.225292,49.307482],[-1.225361,49.307493],[-1.225367,49.307476],[-1.225353,49.307474],[-1.225376,49.307414]]]}},{"type":"Feature","properties":{},"geometry":{"type":"Polygon","coordinates":[[[-1.2210696,49.3009062],[-1.2210806,49.3009062],[-1.2210816,49.3009352],[-1.2211806,49.3009332],[-1.2211786,49.3009042],[-1.2211906,49.3009042],[-1.2211866,49.3007992],[-1.2210656,49.3008012],[-1.2210696,49.3009062]]]}},{"type":"Feature","properties":{},"geometry":{"type":"Polygon","coordinates":[[[-1.221039,49.300131],[-1.221052,49.30013],[-1.221054,49.300164],[-1.221142,49.300162],[-1.22114,49.300129],[-1.221153,49.300128],[-1.221149,49.300029],[-1.221034,49.300032],[-1.221039,49.300131]]]}},{"type":"Feature","properties":{},"geometry":{"type":"Polygon","coordinates":[[[-1.222076,49.299584],[-1.222072,49.299509],[-1.221986,49.299513],[-1.221984,49.299486],[-1.221908,49.299488],[-1.22191,49.299516],[-1.22179,49.299521],[-1.221796,49.299596],[-1.222076,49.299584]]]}},{"type":"Feature","properties":{},"geometry":{"type":"Polygon","coordinates":[[[-1.228081,49.301581],[-1.228282,49.301663],[-1.228292,49.301637],[-1.228251,49.301619],[-1.22831,49.301557],[-1.228198,49.30151],[-1.228194,49.301514],[-1.228148,49.301494],[-1.228081,49.301581]]]}},{"type":"Feature","properties":{},"geometry":{"type":"Polygon","coordinates":[[[-1.230185,49.304945],[-1.230264,49.304862],[-1.23026,49.304853],[-1.230192,49.304826],[-1.230178,49.304828],[-1.230158,49.304849],[-1.230121,49.304834],[-1.230064,49.304895],[-1.230185,49.304945]]]}},{"type":"Feature","properties":{},"geometry":{"type":"Polygon","coordinates":[[[-1.224162,49.30607],[-1.224293,49.30605],[-1.224308,49.306088],[-1.224355,49.306081],[-1.224341,49.306043],[-1.224492,49.30602],[-1.224471,49.305961],[-1.224141,49.306011],[-1.224162,49.30607]]]}},{"type":"Feature","properties":{},"geometry":{"type":"Polygon","coordinates":[[[-1.223607,49.306577],[-1.223654,49.306527],[-1.223553,49.306483],[-1.223524,49.306511],[-1.223439,49.306473],[-1.223397,49.306512],[-1.223547,49.306578],[-1.223566,49.30656],[-1.223607,49.306577]]]}},{"type":"Feature","properties":{},"geometry":{"type":"Polygon","coordinates":[[[-1.229322,49.307947],[-1.229343,49.307964],[-1.229248,49.308018],[-1.229314,49.308068],[-1.22941,49.308014],[-1.229388,49.307998],[-1.229486,49.307945],[-1.229419,49.307893],[-1.229322,49.307947]]]}},{"type":"Feature","properties":{},"geometry":{"type":"Polygon","coordinates":[[[-1.225386,49.306348],[-1.225473,49.30633],[-1.225459,49.3063],[-1.225493,49.306294],[-1.225457,49.306211],[-1.225385,49.306226],[-1.225422,49.306307],[-1.225371,49.306315],[-1.225386,49.306348]]]}},{"type":"Feature","properties":{},"geometry":{"type":"Polygon","coordinates":[[[-1.226773,49.303916],[-1.226832,49.30392],[-1.226834,49.303912],[-1.226878,49.303917],[-1.226881,49.303904],[-1.226894,49.303841],[-1.22679,49.303833],[-1.226779,49.303886],[-1.226773,49.303916]]]}},{"type":"Feature","properties":{},"geometry":{"type":"Polygon","coordinates":[[[-1.227361,49.306486],[-1.227357,49.306495],[-1.227371,49.306497],[-1.227362,49.306523],[-1.227468,49.306542],[-1.227478,49.306514],[-1.227469,49.306512],[-1.227471,49.306507],[-1.227361,49.306486]]]}},{"type":"Feature","properties":{},"geometry":{"type":"Polygon","coordinates":[[[-1.223116,49.301795],[-1.223133,49.301718],[-1.223075,49.301713],[-1.223074,49.301719],[-1.222987,49.301711],[-1.222986,49.301717],[-1.222903,49.301709],[-1.222889,49.301776],[-1.223116,49.301795]]]}},{"type":"Feature","properties":{},"geometry":{"type":"Polygon","coordinates":[[[-1.233511,49.303203],[-1.233519,49.303203],[-1.233517,49.303229],[-1.233562,49.30323],[-1.233565,49.303205],[-1.233656,49.303209],[-1.233661,49.303158],[-1.233516,49.303155],[-1.233511,49.303203]]]}},{"type":"Feature","properties":{},"geometry":{"type":"Polygon","coordinates":[[[-1.225464,49.306096],[-1.225371,49.306112],[-1.225383,49.30614],[-1.225349,49.306147],[-1.225385,49.306226],[-1.225457,49.306211],[-1.225422,49.306133],[-1.225476,49.306123],[-1.225464,49.306096]]]}},{"type":"Feature","properties":{},"geometry":{"type":"Polygon","coordinates":[[[-1.221771,49.302466],[-1.221751,49.302304],[-1.221399,49.302321],[-1.221417,49.302481],[-1.221503,49.302477],[-1.221505,49.302488],[-1.221558,49.302486],[-1.221558,49.302475],[-1.221771,49.302466]]]}},{"type":"Feature","properties":{},"geometry":{"type":"Polygon","coordinates":[[[-1.233114,49.303745],[-1.23344,49.303802],[-1.233469,49.30373],[-1.23335,49.303709],[-1.233346,49.303718],[-1.233259,49.303703],[-1.233263,49.303694],[-1.233143,49.303673],[-1.233114,49.303745]]]}},{"type":"Feature","properties":{},"geometry":{"type":"Polygon","coordinates":[[[-1.225892,49.307179],[-1.225904,49.307147],[-1.225804,49.307131],[-1.225744,49.307284],[-1.225787,49.307293],[-1.225737,49.307427],[-1.225801,49.307438],[-1.225903,49.307181],[-1.225892,49.307179]]]}},{"type":"Feature","properties":{},"geometry":{"type":"Polygon","coordinates":[[[-1.222915,49.302157],[-1.222922,49.302127],[-1.222879,49.302122],[-1.222897,49.302047],[-1.222783,49.302035],[-1.222765,49.302116],[-1.222793,49.302118],[-1.222788,49.302144],[-1.222915,49.302157]]]}},{"type":"Feature","properties":{},"geometry":{"type":"Polygon","coordinates":[[[-1.221818,49.300602],[-1.221816,49.300551],[-1.22178,49.300551],[-1.221777,49.300449],[-1.221661,49.300451],[-1.221667,49.300566],[-1.221681,49.300566],[-1.221684,49.300605],[-1.221818,49.300602]]]}},{"type":"Feature","properties":{},"geometry":{"type":"Polygon","coordinates":[[[-1.226902,49.306288],[-1.226997,49.306244],[-1.226953,49.306204],[-1.226962,49.306199],[-1.22691,49.306151],[-1.226901,49.306155],[-1.226858,49.306116],[-1.226765,49.306158],[-1.226902,49.306288]]]}},{"type":"Feature","properties":{},"geometry":{"type":"Polygon","coordinates":[[[-1.235633,49.308484],[-1.23578,49.308328],[-1.235658,49.308279],[-1.235587,49.308354],[-1.235516,49.308326],[-1.235444,49.308404],[-1.235516,49.30843],[-1.235511,49.308436],[-1.235633,49.308484]]]}},{"type":"Feature","properties":{},"geometry":{"type":"Polygon","coordinates":[[[-1.220861,49.310929],[-1.220875,49.310951],[-1.220853,49.310958],[-1.220887,49.311012],[-1.220923,49.311002],[-1.220912,49.310981],[-1.221113,49.310927],[-1.221077,49.310868],[-1.220861,49.310929]]]}},{"type":"Feature","properties":{},"geometry":{"type":"Polygon","coordinates":[[[-1.222999,49.304842],[-1.222981,49.304771],[-1.222723,49.304796],[-1.222741,49.304866],[-1.222824,49.304858],[-1.222826,49.304865],[-1.222919,49.304857],[-1.222917,49.30485],[-1.222999,49.304842]]]}},{"type":"Feature","properties":{},"geometry":{"type":"Polygon","coordinates":[[[-1.233791,49.302926],[-1.23396,49.30293],[-1.233956,49.302857],[-1.233883,49.302856],[-1.233882,49.302872],[-1.233819,49.30287],[-1.233824,49.302789],[-1.2338,49.302788],[-1.233791,49.302926]]]}},{"type":"Feature","properties":{},"geometry":{"type":"Polygon","coordinates":[[[-1.226193,49.3043],[-1.226274,49.304307],[-1.226314,49.304311],[-1.226318,49.304281],[-1.226335,49.304283],[-1.226345,49.304241],[-1.226256,49.304234],[-1.226208,49.30423],[-1.226193,49.3043]]]}},{"type":"Feature","properties":{},"geometry":{"type":"Polygon","coordinates":[[[-1.227452,49.307313],[-1.227419,49.307281],[-1.227323,49.307324],[-1.227394,49.307393],[-1.227419,49.307417],[-1.227507,49.307382],[-1.227481,49.307356],[-1.22744,49.307318],[-1.227452,49.307313]]]}},{"type":"Feature","properties":{},"geometry":{"type":"Polygon","coordinates":[[[-1.22841,49.300755],[-1.228384,49.300689],[-1.228419,49.300683],[-1.228402,49.30064],[-1.228388,49.300642],[-1.228295,49.300657],[-1.228261,49.300663],[-1.228302,49.300773],[-1.22841,49.300755]]]}},{"type":"Feature","properties":{},"geometry":{"type":"Polygon","coordinates":[[[-1.226201,49.299087],[-1.22619,49.299098],[-1.226349,49.299169],[-1.226428,49.299093],[-1.226326,49.299048],[-1.22634,49.299035],[-1.22624,49.298988],[-1.22616,49.299069],[-1.226201,49.299087]]]}},{"type":"Feature","properties":{},"geometry":{"type":"Polygon","coordinates":[[[-1.228347,49.308083],[-1.228355,49.308066],[-1.228239,49.308045],[-1.22821,49.308107],[-1.228328,49.30813],[-1.22832,49.308147],[-1.228442,49.30817],[-1.228471,49.308105],[-1.228347,49.308083]]]}},{"type":"Feature","properties":{},"geometry":{"type":"Polygon","coordinates":[[[-1.233061,49.303736],[-1.23309,49.303664],[-1.23297,49.303644],[-1.232966,49.303652],[-1.232879,49.303637],[-1.232883,49.303629],[-1.232763,49.303608],[-1.232734,49.30368],[-1.233061,49.303736]]]}},{"type":"Feature","properties":{},"geometry":{"type":"Polygon","coordinates":[[[-1.228287,49.305014],[-1.228204,49.304995],[-1.228167,49.305064],[-1.228148,49.305061],[-1.228112,49.305128],[-1.228129,49.305132],[-1.2281,49.305186],[-1.228183,49.305205],[-1.228287,49.305014]]]}},{"type":"Feature","properties":{},"geometry":{"type":"Polygon","coordinates":[[[-1.227243,49.307221],[-1.227346,49.307175],[-1.227313,49.307143],[-1.227318,49.307136],[-1.2273,49.307117],[-1.227285,49.307116],[-1.227219,49.307065],[-1.227124,49.307108],[-1.227243,49.307221]]]}},{"type":"Feature","properties":{},"geometry":{"type":"Polygon","coordinates":[[[-1.236277,49.30714],[-1.23632,49.307091],[-1.236307,49.307086],[-1.236388,49.306996],[-1.236296,49.306961],[-1.236217,49.307051],[-1.236223,49.307055],[-1.23618,49.307104],[-1.236277,49.30714]]]}},{"type":"Feature","properties":{},"geometry":{"type":"Polygon","coordinates":[[[-1.220251,49.301279],[-1.220241,49.301279],[-1.220243,49.301309],[-1.220363,49.301306],[-1.220354,49.301166],[-1.220225,49.30117],[-1.220228,49.30121],[-1.220251,49.30121],[-1.220251,49.301279]]]}},{"type":"Feature","properties":{},"geometry":{"type":"Polygon","coordinates":[[[-1.233761,49.303289],[-1.233781,49.303293],[-1.233823,49.303165],[-1.233735,49.303161],[-1.233731,49.303177],[-1.233683,49.30317],[-1.233651,49.303268],[-1.233715,49.30328],[-1.233761,49.303289]]]}},{"type":"Feature","properties":{},"geometry":{"type":"Polygon","coordinates":[[[-1.235079,49.305684],[-1.235119,49.305697],[-1.235224,49.305728],[-1.235272,49.305659],[-1.234839,49.305528],[-1.234805,49.305575],[-1.234842,49.305586],[-1.234826,49.305607],[-1.235079,49.305684]]]}},{"type":"Feature","properties":{},"geometry":{"type":"Polygon","coordinates":[[[-1.222235,49.3006234],[-1.222261,49.3005514],[-1.222153,49.3005334],[-1.222154,49.3005284],[-1.222108,49.3005204],[-1.222076,49.3006034],[-1.22212,49.3006104],[-1.222122,49.3006044],[-1.222235,49.3006234]]]}},{"type":"Feature","properties":{},"geometry":{"type":"Polygon","coordinates":[[[-1.229148,49.305027],[-1.229183,49.304957],[-1.22899,49.304914],[-1.228954,49.304983],[-1.229008,49.304995],[-1.228993,49.305023],[-1.229072,49.305042],[-1.229088,49.305013],[-1.229148,49.305027]]]}},{"type":"Feature","properties":{},"geometry":{"type":"Polygon","coordinates":[[[-1.224672,49.300644],[-1.224669,49.300617],[-1.224614,49.300619],[-1.22462,49.300698],[-1.224651,49.300697],[-1.224663,49.300749],[-1.224778,49.300744],[-1.224779,49.300646],[-1.224672,49.300644]]]}},{"type":"Feature","properties":{},"geometry":{"type":"Polygon","coordinates":[[[-1.226295,49.304057],[-1.226335,49.30406],[-1.226425,49.304068],[-1.226432,49.30403],[-1.226417,49.304029],[-1.226425,49.303995],[-1.22637,49.30399],[-1.226309,49.303985],[-1.226295,49.304057]]]}},{"type":"Feature","properties":{},"geometry":{"type":"Polygon","coordinates":[[[-1.227744,49.306814],[-1.227676,49.306754],[-1.227529,49.306817],[-1.227521,49.306811],[-1.227469,49.306833],[-1.22755,49.306908],[-1.227603,49.306885],[-1.227598,49.30688],[-1.227744,49.306814]]]}},{"type":"Feature","properties":{},"geometry":{"type":"Polygon","coordinates":[[[-1.227664,49.304712],[-1.227736,49.304663],[-1.227724,49.304655],[-1.227753,49.304636],[-1.227684,49.304594],[-1.227657,49.304614],[-1.227646,49.304607],[-1.227575,49.304656],[-1.227664,49.304712]]]}},{"type":"Feature","properties":{},"geometry":{"type":"Polygon","coordinates":[[[-1.228657,49.307859],[-1.22865,49.307878],[-1.228773,49.307898],[-1.228798,49.307834],[-1.228679,49.307812],[-1.228685,49.307796],[-1.228562,49.307773],[-1.228534,49.307838],[-1.228657,49.307859]]]}},{"type":"Feature","properties":{},"geometry":{"type":"Polygon","coordinates":[[[-1.220091,49.300283],[-1.220082,49.300283],[-1.220083,49.300313],[-1.220203,49.30031],[-1.220195,49.30017],[-1.220066,49.300174],[-1.220068,49.300214],[-1.220092,49.300214],[-1.220091,49.300283]]]}},{"type":"Feature","properties":{},"geometry":{"type":"Polygon","coordinates":[[[-1.226941,49.299579],[-1.226854,49.29954],[-1.226704,49.299692],[-1.226773,49.299718],[-1.226787,49.299705],[-1.226814,49.299719],[-1.226857,49.29968],[-1.226841,49.299672],[-1.226941,49.299579]]]}},{"type":"Feature","properties":{},"geometry":{"type":"Polygon","coordinates":[[[-1.22328,49.306937],[-1.223229,49.306933],[-1.223227,49.306943],[-1.223156,49.306936],[-1.223149,49.306968],[-1.223169,49.306971],[-1.223186,49.306975],[-1.223266,49.306989],[-1.22328,49.306937]]]}},{"type":"Feature","properties":{},"geometry":{"type":"Polygon","coordinates":[[[-1.226805,49.304224],[-1.22689,49.30426],[-1.226907,49.304268],[-1.22697,49.304208],[-1.226879,49.304169],[-1.226856,49.30416],[-1.226823,49.304192],[-1.226833,49.304196],[-1.226805,49.304224]]]}},{"type":"Feature","properties":{},"geometry":{"type":"Polygon","coordinates":[[[-1.228718,49.307463],[-1.228714,49.307472],[-1.228659,49.307462],[-1.228629,49.307531],[-1.228683,49.307542],[-1.228686,49.307536],[-1.228801,49.307559],[-1.228832,49.307486],[-1.228718,49.307463]]]}},{"type":"Feature","properties":{},"geometry":{"type":"Polygon","coordinates":[[[-1.225126,49.306085],[-1.225116,49.306056],[-1.225098,49.306058],[-1.225081,49.306012],[-1.224954,49.306034],[-1.224973,49.30608],[-1.224991,49.306077],[-1.225002,49.306106],[-1.225126,49.306085]]]}},{"type":"Feature","properties":{},"geometry":{"type":"Polygon","coordinates":[[[-1.223351,49.300737],[-1.22335,49.300665],[-1.223233,49.300667],[-1.223232,49.300653],[-1.223175,49.300654],[-1.223176,49.30071],[-1.223176,49.300732],[-1.223176,49.300739],[-1.223351,49.300737]]]}},{"type":"Feature","properties":{},"geometry":{"type":"Polygon","coordinates":[[[-1.229889,49.302631],[-1.229886,49.30263],[-1.229863,49.3027],[-1.229995,49.302722],[-1.230021,49.302652],[-1.229941,49.302639],[-1.229963,49.302579],[-1.229911,49.30257],[-1.229889,49.302631]]]}},{"type":"Feature","properties":{},"geometry":{"type":"Polygon","coordinates":[[[-1.228126,49.307015],[-1.228107,49.307023],[-1.228103,49.30702],[-1.228065,49.307038],[-1.228072,49.307046],[-1.228117,49.307087],[-1.228133,49.307103],[-1.228191,49.307077],[-1.228126,49.307015]]]}},{"type":"Feature","properties":{},"geometry":{"type":"Polygon","coordinates":[[[-1.226451,49.304631],[-1.22655,49.304674],[-1.226609,49.304616],[-1.226603,49.304613],[-1.22658,49.304602],[-1.226612,49.304572],[-1.226527,49.304537],[-1.226467,49.304595],[-1.22648,49.304602],[-1.226451,49.304631]]]}},{"type":"Feature","properties":{},"geometry":{"type":"Polygon","coordinates":[[[-1.220098,49.300495],[-1.220073,49.300496],[-1.220075,49.30053],[-1.220204,49.300526],[-1.220197,49.300418],[-1.220141,49.300419],[-1.220142,49.300434],[-1.220098,49.300435],[-1.220085,49.300444],[-1.220098,49.300495]]]}},{"type":"Feature","properties":{},"geometry":{"type":"Polygon","coordinates":[[[-1.227101,49.299934],[-1.227108,49.29993],[-1.227199,49.299993],[-1.227275,49.299969],[-1.227243,49.299915],[-1.227191,49.299878],[-1.227233,49.299849],[-1.227205,49.299815],[-1.22705,49.2999],[-1.227101,49.299934]]]}},{"type":"Feature","properties":{},"geometry":{"type":"Polygon","coordinates":[[[-1.224272,49.30639],[-1.224345,49.306425],[-1.224372,49.306402],[-1.224443,49.306391],[-1.224419,49.306325],[-1.224412,49.306306],[-1.224348,49.306316],[-1.224359,49.306353],[-1.224301,49.306363],[-1.224272,49.30639]]]}},{"type":"Feature","properties":{},"geometry":{"type":"Polygon","coordinates":[[[-1.227361,49.306486],[-1.227471,49.306507],[-1.227481,49.306479],[-1.227528,49.306487],[-1.227545,49.306442],[-1.227538,49.306434],[-1.227499,49.306427],[-1.227491,49.306446],[-1.227383,49.306427],[-1.227361,49.306486]]]}},{"type":"Feature","properties":{},"geometry":{"type":"Polygon","coordinates":[[[-1.220579,49.300072],[-1.220534,49.300073],[-1.220537,49.300118],[-1.220625,49.300116],[-1.220623,49.30008],[-1.220708,49.300078],[-1.220705,49.300015],[-1.220691,49.300007],[-1.220575,49.300004],[-1.220579,49.300072]]]}},{"type":"Feature","properties":{},"geometry":{"type":"Polygon","coordinates":[[[-1.237581,49.306827],[-1.237571,49.306849],[-1.237556,49.306883],[-1.237643,49.306899],[-1.237585,49.307032],[-1.237765,49.307064],[-1.237901,49.306744],[-1.23772,49.306711],[-1.237665,49.306842],[-1.237581,49.306827]]]}},{"type":"Feature","properties":{},"geometry":{"type":"Polygon","coordinates":[[[-1.221054,49.300515],[-1.221059,49.300515],[-1.22106,49.300546],[-1.221178,49.300544],[-1.221176,49.30051],[-1.221162,49.300511],[-1.221159,49.300428],[-1.221057,49.300429],[-1.221044,49.300438],[-1.221054,49.300515]]]}},{"type":"Feature","properties":{},"geometry":{"type":"Polygon","coordinates":[[[-1.228484,49.30134],[-1.228544,49.301309],[-1.228492,49.301162],[-1.228388,49.301179],[-1.228403,49.301222],[-1.228384,49.301224],[-1.228392,49.301248],[-1.228444,49.301239],[-1.228476,49.301321],[-1.228484,49.30134]]]}},{"type":"Feature","properties":{},"geometry":{"type":"Polygon","coordinates":[[[-1.226739,49.306299],[-1.226661,49.306294],[-1.226662,49.306287],[-1.226618,49.306283],[-1.226576,49.306281],[-1.226576,49.306287],[-1.226499,49.306282],[-1.226485,49.306355],[-1.226725,49.306374],[-1.226739,49.306299]]]}},{"type":"Feature","properties":{},"geometry":{"type":"Polygon","coordinates":[[[-1.2289432,49.3025157],[-1.2291142,49.3025347],[-1.2291282,49.3024667],[-1.2290142,49.3024517],[-1.2290182,49.3024167],[-1.2290312,49.3024177],[-1.2290312,49.3023487],[-1.2289722,49.3023497],[-1.2289722,49.3024207],[-1.2289432,49.3025157]]]}},{"type":"Feature","properties":{},"geometry":{"type":"Polygon","coordinates":[[[-1.220584,49.301001],[-1.22057,49.301001],[-1.220575,49.301076],[-1.220727,49.301072],[-1.220717,49.301006],[-1.220703,49.301007],[-1.220701,49.300977],[-1.220699,49.300937],[-1.220581,49.30094],[-1.220584,49.301001]]]}},{"type":"Feature","properties":{},"geometry":{"type":"Polygon","coordinates":[[[-1.220593,49.301227],[-1.220579,49.301227],[-1.220583,49.301301],[-1.220735,49.301298],[-1.220725,49.301232],[-1.220711,49.301232],[-1.220709,49.301203],[-1.220707,49.301163],[-1.220589,49.301166],[-1.220593,49.301227]]]}},{"type":"Feature","properties":{},"geometry":{"type":"Polygon","coordinates":[[[-1.22807,49.307522],[-1.228113,49.30756],[-1.228145,49.307589],[-1.228228,49.30755],[-1.228153,49.307482],[-1.228195,49.307463],[-1.228119,49.307395],[-1.228035,49.307436],[-1.22811,49.307502],[-1.22807,49.307522]]]}},{"type":"Feature","properties":{},"geometry":{"type":"Polygon","coordinates":[[[-1.230303,49.303483],[-1.230159,49.303493],[-1.230107,49.303486],[-1.2301057,49.3034908],[-1.230098,49.303519],[-1.230146,49.303526],[-1.230344,49.30351],[-1.230349,49.303473],[-1.230337,49.303402],[-1.230291,49.303405],[-1.230303,49.303483]]]}},{"type":"Feature","properties":{},"geometry":{"type":"Polygon","coordinates":[[[-1.238158,49.307242],[-1.238067,49.307196],[-1.237982,49.307258],[-1.238001,49.307268],[-1.23793,49.307319],[-1.23791,49.307308],[-1.237807,49.307381],[-1.237922,49.307442],[-1.237982,49.3074],[-1.238158,49.307242]]]}},{"type":"Feature","properties":{},"geometry":{"type":"Polygon","coordinates":[[[-1.225464,49.306096],[-1.225449,49.306063],[-1.225492,49.306055],[-1.22547,49.306006],[-1.225375,49.306024],[-1.225354,49.306028],[-1.225376,49.306078],[-1.225356,49.306081],[-1.225371,49.306112],[-1.225464,49.306096]]]}},{"type":"Feature","properties":{},"geometry":{"type":"Polygon","coordinates":[[[-1.221206,49.300634],[-1.221189,49.300624],[-1.221087,49.300623],[-1.221095,49.300709],[-1.221106,49.300709],[-1.221106,49.300748],[-1.221218,49.300749],[-1.221219,49.300707],[-1.221205,49.300707],[-1.221206,49.300634]]]}},{"type":"Feature","properties":{},"geometry":{"type":"Polygon","coordinates":[[[-1.223366,49.302296],[-1.223379,49.302457],[-1.223461,49.302454],[-1.223447,49.302291],[-1.223407,49.302293],[-1.223406,49.302277],[-1.223394,49.302278],[-1.223393,49.302261],[-1.223363,49.302263],[-1.223366,49.302296]]]}},{"type":"Feature","properties":{},"geometry":{"type":"Polygon","coordinates":[[[-1.233791,49.302926],[-1.2338,49.302788],[-1.233807,49.30268],[-1.23364,49.302675],[-1.233635,49.302781],[-1.233736,49.302782],[-1.233732,49.302867],[-1.233553,49.302862],[-1.233549,49.30292],[-1.233791,49.302926]]]}},{"type":"Feature","properties":{},"geometry":{"type":"Polygon","coordinates":[[[-1.220575,49.301755],[-1.220632,49.301758],[-1.220631,49.301762],[-1.220777,49.301769],[-1.220785,49.301693],[-1.220773,49.301683],[-1.220739,49.301682],[-1.220724,49.30169],[-1.220583,49.301684],[-1.220575,49.301755]]]}},{"type":"Feature","properties":{},"geometry":{"type":"Polygon","coordinates":[[[-1.227888,49.303292],[-1.228161,49.303304],[-1.22817,49.303177],[-1.227927,49.303167],[-1.227932,49.303121],[-1.227898,49.30312],[-1.227895,49.303151],[-1.227805,49.303148],[-1.227794,49.303288],[-1.227888,49.303292]]]}},{"type":"Feature","properties":{},"geometry":{"type":"Polygon","coordinates":[[[-1.222337,49.300066],[-1.222336,49.300049],[-1.222372,49.300048],[-1.222392,49.300055],[-1.222409,49.30004],[-1.222466,49.300039],[-1.222455,49.299964],[-1.222278,49.299971],[-1.222288,49.300068],[-1.222337,49.300066]]]}},{"type":"Feature","properties":{},"geometry":{"type":"Polygon","coordinates":[[[-1.225333,49.305982],[-1.225352,49.305979],[-1.225375,49.306024],[-1.22547,49.306006],[-1.225515,49.305997],[-1.225493,49.30595],[-1.225475,49.305954],[-1.225462,49.305925],[-1.225319,49.305953],[-1.225333,49.305982]]]}},{"type":"Feature","properties":{},"geometry":{"type":"Polygon","coordinates":[[[-1.225199,49.302942],[-1.22521,49.302942],[-1.225227,49.302942],[-1.225227,49.302958],[-1.225307,49.302958],[-1.225306,49.302904],[-1.225228,49.302905],[-1.225227,49.302919],[-1.225199,49.302919],[-1.225199,49.302942]]]}},{"type":"Feature","properties":{},"geometry":{"type":"Polygon","coordinates":[[[-1.230701,49.302716],[-1.230643,49.302714],[-1.230642,49.3027],[-1.230621,49.3027],[-1.230621,49.302713],[-1.230569,49.302711],[-1.230565,49.302775],[-1.230564,49.302788],[-1.230696,49.302792],[-1.230701,49.302716]]]}},{"type":"Feature","properties":{},"geometry":{"type":"Polygon","coordinates":[[[-1.219979,49.312427],[-1.220017,49.312484],[-1.220095,49.312461],[-1.220178,49.312437],[-1.220188,49.312446],[-1.220218,49.312438],[-1.22021,49.312427],[-1.220343,49.312387],[-1.220305,49.312331],[-1.219979,49.312427]]]}},{"type":"Feature","properties":{},"geometry":{"type":"Polygon","coordinates":[[[-1.226088,49.304345],[-1.226129,49.304349],[-1.226125,49.304367],[-1.226246,49.304377],[-1.226254,49.304339],[-1.226268,49.304339],[-1.226274,49.304307],[-1.226193,49.3043],[-1.226099,49.304292],[-1.226088,49.304345]]]}},{"type":"Feature","properties":{},"geometry":{"type":"Polygon","coordinates":[[[-1.2293802,49.3024097],[-1.2293992,49.3023797],[-1.2293232,49.3023597],[-1.2292982,49.3023977],[-1.2292402,49.3023877],[-1.2292202,49.3024317],[-1.2292682,49.3024437],[-1.2293552,49.3024657],[-1.2293872,49.3024127],[-1.2293802,49.3024097]]]}},{"type":"Feature","properties":{},"geometry":{"type":"Polygon","coordinates":[[[-1.22524,49.306421],[-1.225216,49.306422],[-1.225216,49.306452],[-1.225289,49.306453],[-1.225354,49.306454],[-1.225353,49.306423],[-1.225374,49.306423],[-1.225374,49.306373],[-1.225238,49.306373],[-1.22524,49.306421]]]}},{"type":"Feature","properties":{},"geometry":{"type":"Polygon","coordinates":[[[-1.2299905,49.3017915],[-1.2298939,49.3017752],[-1.2298446,49.3018949],[-1.2299402,49.3019105],[-1.2299905,49.3017915]]]}},{"type":"Feature","properties":{},"geometry":{"type":"Polygon","coordinates":[[[-1.241837,49.305634],[-1.241805,49.305613],[-1.241811,49.305607],[-1.241775,49.305583],[-1.241771,49.305586],[-1.241741,49.305566],[-1.241675,49.305606],[-1.241662,49.305596],[-1.241645,49.305607],[-1.241551,49.30554],[-1.241568,49.30553],[-1.241555,49.305521],[-1.241621,49.305481],[-1.241592,49.30546],[-1.241598,49.305456],[-1.241566,49.305433],[-1.241559,49.305437],[-1.241532,49.305417],[-1.241345,49.305531],[-1.241405,49.305571],[-1.2414,49.305576],[-1.241434,49.305599],[-1.24144,49.305595],[-1.241558,49.30568],[-1.241553,49.305683],[-1.241588,49.305708],[-1.241595,49.305704],[-1.241652,49.305745],[-1.241837,49.305634]]]}},{"type":"Feature","properties":{},"geometry":{"type":"Polygon","coordinates":[[[-1.2629572,49.3022871],[-1.2628638,49.3022924],[-1.2628507,49.3021942],[-1.2628447,49.302149],[-1.2629381,49.3021437],[-1.2629442,49.3021897],[-1.2629572,49.3022871]]]}},{"type":"Feature","properties":{},"geometry":{"type":"Polygon","coordinates":[[[-1.2329961,49.301188],[-1.2332087,49.3010936],[-1.2335227,49.3013944],[-1.2333101,49.3014887],[-1.2329961,49.301188]]]}},{"type":"Feature","properties":{},"geometry":{"type":"Polygon","coordinates":[[[-1.2547393,49.3131022],[-1.2546266,49.3131389],[-1.2545784,49.3130794],[-1.254691,49.3130375],[-1.2547393,49.3131022]]]}},{"type":"Feature","properties":{},"geometry":{"type":"Polygon","coordinates":[[[-1.264738,49.319535],[-1.264678,49.319495],[-1.264627,49.319462],[-1.264603,49.319446],[-1.264595,49.319451],[-1.264513,49.319499],[-1.264594,49.319552],[-1.264612,49.31954],[-1.26464,49.319558],[-1.26467,49.319578],[-1.264688,49.319566],[-1.264738,49.319535]]]}},{"type":"Feature","properties":{},"geometry":{"type":"Polygon","coordinates":[[[-1.265703,49.321729],[-1.265711,49.321726],[-1.26576,49.321793],[-1.2657807,49.3217864],[-1.265836,49.321769],[-1.265838,49.321769],[-1.26579,49.321702],[-1.265799,49.321699],[-1.265815,49.321672],[-1.265807,49.32167],[-1.265767,49.321614],[-1.26577,49.32161],[-1.265727,49.3216],[-1.265718,49.321603],[-1.265675,49.321543],[-1.26567,49.321536],[-1.265592,49.321561],[-1.26564,49.321627],[-1.265631,49.32163],[-1.265703,49.321729]]]}},{"type":"Feature","properties":{},"geometry":{"type":"Polygon","coordinates":[[[-1.265913,49.321877],[-1.265979,49.321856],[-1.265999,49.321885],[-1.266223,49.321816],[-1.266203,49.321787],[-1.266141,49.321701],[-1.266077,49.321721],[-1.266061,49.321699],[-1.265889,49.321753],[-1.265876,49.321735],[-1.26588,49.321733],[-1.265857,49.3217],[-1.265851,49.321702],[-1.26584,49.321686],[-1.265886,49.321671],[-1.265842,49.32161],[-1.265848,49.321608],[-1.265813,49.321561],[-1.265762,49.321576],[-1.26577,49.321587],[-1.265727,49.3216],[-1.26577,49.32161],[-1.265767,49.321614],[-1.265807,49.32167],[-1.265815,49.321672],[-1.265799,49.321699],[-1.26579,49.321702],[-1.265838,49.321769],[-1.265836,49.321769],[-1.265913,49.321877]]]}},{"type":"Feature","properties":{},"geometry":{"type":"Polygon","coordinates":[[[-1.265522,49.320467],[-1.265418,49.320472],[-1.265423,49.320526],[-1.265528,49.32052],[-1.265522,49.320467]]]}},{"type":"Feature","properties":{},"geometry":{"type":"Polygon","coordinates":[[[-1.2758251,49.3190366],[-1.2756901,49.3189715],[-1.275649,49.3190078],[-1.275784,49.3190729],[-1.2758251,49.3190366]]]}},{"type":"Feature","properties":{},"geometry":{"type":"Polygon","coordinates":[[[-1.265718,49.321603],[-1.265727,49.3216],[-1.26577,49.321587],[-1.265762,49.321576],[-1.265726,49.321527],[-1.265675,49.321543],[-1.265718,49.321603]]]}},{"type":"Feature","properties":{},"geometry":{"type":"Polygon","coordinates":[[[-1.266203,49.321787],[-1.266274,49.321765],[-1.266196,49.321658],[-1.266061,49.321699],[-1.266077,49.321721],[-1.266141,49.321701],[-1.266203,49.321787]]]}},{"type":"Feature","properties":{},"geometry":{"type":"Polygon","coordinates":[[[-1.264592,49.31959],[-1.26464,49.319558],[-1.264612,49.31954],[-1.264594,49.319552],[-1.264513,49.319499],[-1.2645,49.319491],[-1.26447,49.319507],[-1.264592,49.31959]]]}},{"type":"Feature","properties":{},"geometry":{"type":"Polygon","coordinates":[[[-1.264595,49.319451],[-1.264582,49.319442],[-1.264568,49.319431],[-1.264519,49.319461],[-1.264504,49.31945],[-1.264471,49.319469],[-1.2645,49.319491],[-1.264513,49.319499],[-1.264595,49.319451]]]}},{"type":"Feature","properties":{},"geometry":{"type":"Polygon","coordinates":[[[-1.266671,49.301582],[-1.266385,49.301519],[-1.266342,49.301603],[-1.266267,49.301586],[-1.266208,49.301573],[-1.26614,49.301558],[-1.266123,49.301591],[-1.266611,49.3017],[-1.266671,49.301582]]]}},{"type":"Feature","properties":{},"geometry":{"type":"Polygon","coordinates":[[[-1.276771,49.287783],[-1.276711,49.287727],[-1.276381,49.287858],[-1.276276,49.287753],[-1.27619,49.287787],[-1.276049,49.287648],[-1.275902,49.287709],[-1.275985,49.287794],[-1.276165,49.287969],[-1.276315,49.287908],[-1.276358,49.287955],[-1.276771,49.287783]]]}},{"type":"Feature","properties":{},"geometry":{"type":"Polygon","coordinates":[[[-1.277812,49.285384],[-1.277784,49.285422],[-1.277846,49.285442],[-1.277832,49.285461],[-1.277959,49.285499],[-1.277999,49.285444],[-1.27795,49.285429],[-1.277965,49.285409],[-1.277959,49.285396],[-1.277909,49.28538],[-1.277888,49.285409],[-1.277812,49.285384]]]}},{"type":"Feature","properties":{},"geometry":{"type":"Polygon","coordinates":[[[-1.264846,49.300845],[-1.264781,49.300933],[-1.264749,49.300976],[-1.264722,49.301012],[-1.264802,49.301029],[-1.264814,49.301013],[-1.264889,49.300924],[-1.264934,49.300936],[-1.26498,49.300873],[-1.264939,49.300858],[-1.26495,49.300839],[-1.264868,49.300812],[-1.264846,49.300845]]]}},{"type":"Feature","properties":{},"geometry":{"type":"Polygon","coordinates":[[[-1.276915,49.287672],[-1.276791,49.287549],[-1.27678,49.287542],[-1.276704,49.287574],[-1.276686,49.287559],[-1.27668,49.287558],[-1.276633,49.287579],[-1.27665,49.287595],[-1.276623,49.287607],[-1.276691,49.287674],[-1.276739,49.287685],[-1.276792,49.287665],[-1.276833,49.287706],[-1.276915,49.287672]]]}},{"type":"Feature","properties":{},"geometry":{"type":"Polygon","coordinates":[[[-1.282806,49.293048],[-1.283874,49.29301],[-1.283873,49.292994],[-1.283918,49.292991],[-1.283971,49.29299],[-1.283973,49.293007],[-1.284021,49.293005],[-1.284016,49.292925],[-1.284038,49.292897],[-1.284033,49.292841],[-1.283911,49.292845],[-1.283912,49.29287],[-1.282795,49.292911],[-1.282806,49.293048]]]}},{"type":"Feature","properties":{},"geometry":{"type":"Polygon","coordinates":[[[-1.275917,49.295495],[-1.275904,49.295441],[-1.275288,49.295505],[-1.275285,49.295494],[-1.275212,49.295501],[-1.275205,49.295473],[-1.275146,49.295479],[-1.275155,49.295517],[-1.275172,49.295515],[-1.275192,49.295599],[-1.27523,49.295595],[-1.275231,49.295599],[-1.275414,49.29558],[-1.275407,49.295548],[-1.275917,49.295495]]]}},{"type":"Feature","properties":{},"geometry":{"type":"Polygon","coordinates":[[[-1.275488,49.301488],[-1.275717,49.301575],[-1.275924,49.301349],[-1.275798,49.301298],[-1.27564,49.301469],[-1.275543,49.301433],[-1.275549,49.301424],[-1.275396,49.301364],[-1.275387,49.301372],[-1.275322,49.301346],[-1.275271,49.301402],[-1.275335,49.301426],[-1.275327,49.301438],[-1.27548,49.301497],[-1.275488,49.301488]]]}},{"type":"Feature","properties":{},"geometry":{"type":"Polygon","coordinates":[[[-1.282569,49.289187],[-1.282826,49.289166],[-1.282833,49.289198],[-1.282899,49.289193],[-1.282894,49.289164],[-1.283092,49.289148],[-1.283086,49.289113],[-1.283041,49.289115],[-1.28304,49.289106],[-1.283019,49.289106],[-1.283017,49.289075],[-1.283011,49.289075],[-1.283012,49.289],[-1.282915,49.289],[-1.282915,49.289097],[-1.282559,49.289125],[-1.282569,49.289187]]]}},{"type":"Feature","properties":{},"geometry":{"type":"Polygon","coordinates":[[[-1.2652143,49.3019428],[-1.265256,49.30195],[-1.265265,49.30193],[-1.26531,49.301938],[-1.265354,49.301946],[-1.265362,49.301928],[-1.265418,49.301938],[-1.265441,49.301884],[-1.26552,49.301898],[-1.265516,49.301905],[-1.265631,49.301926],[-1.26566,49.301859],[-1.265497,49.30183],[-1.265505,49.301811],[-1.265515,49.301788],[-1.265469,49.301779],[-1.265475,49.301765],[-1.265436,49.301758],[-1.265455,49.301713],[-1.26536,49.301696],[-1.265346,49.301693],[-1.265356,49.30167],[-1.2652781,49.3016562],[-1.2652784,49.3016554],[-1.2652742,49.3016549],[-1.2652692,49.3016551],[-1.2652652,49.3016557],[-1.2652622,49.3016567],[-1.2652579,49.3016586],[-1.2652545,49.3016611],[-1.2652528,49.3016631],[-1.2652513,49.3016654],[-1.2652526,49.3016656],[-1.2652354,49.3017069],[-1.2651854,49.3016978],[-1.2651726,49.3017286],[-1.26516,49.3017263],[-1.2651437,49.3017653],[-1.2651562,49.3017676],[-1.2651393,49.301808],[-1.2651891,49.3018171],[-1.265156,49.3018967],[-1.2651543,49.3018965],[-1.2651537,49.3018986],[-1.2651536,49.3019009],[-1.2651549,49.3019049],[-1.2651582,49.301909],[-1.2651637,49.3019123],[-1.2651698,49.3019142],[-1.2651703,49.3019133],[-1.2652226,49.3019227],[-1.2652143,49.3019428]]]}},{"type":"Feature","properties":{},"geometry":{"type":"Polygon","coordinates":[[[-1.279839,49.294722],[-1.279935,49.294726],[-1.279951,49.294418],[-1.279851,49.294417],[-1.279839,49.294722]]]}},{"type":"Feature","properties":{},"geometry":{"type":"Polygon","coordinates":[[[-1.282654,49.288474],[-1.282693,49.288475],[-1.282699,49.288393],[-1.28266,49.288391],[-1.282654,49.288474]]]}},{"type":"Feature","properties":{},"geometry":{"type":"Polygon","coordinates":[[[-1.282821,49.303274],[-1.283168,49.303284],[-1.283175,49.303175],[-1.282829,49.303165],[-1.282821,49.303274]]]}},{"type":"Feature","properties":{},"geometry":{"type":"Polygon","coordinates":[[[-1.26566,49.301859],[-1.265667,49.30184],[-1.265505,49.301811],[-1.265497,49.30183],[-1.26566,49.301859]]]}},{"type":"Feature","properties":{},"geometry":{"type":"Polygon","coordinates":[[[-1.281621,49.289077],[-1.281814,49.28907],[-1.281807,49.288992],[-1.281614,49.289002],[-1.281621,49.289077]]]}},{"type":"Feature","properties":{},"geometry":{"type":"Polygon","coordinates":[[[-1.274031,49.29606],[-1.27465,49.296029],[-1.274643,49.29597],[-1.274025,49.296],[-1.274031,49.29606]]]}},{"type":"Feature","properties":{},"geometry":{"type":"Polygon","coordinates":[[[-1.275948,49.288027],[-1.275753,49.287831],[-1.27553,49.287926],[-1.275725,49.28812],[-1.275948,49.288027]]]}},{"type":"Feature","properties":{},"geometry":{"type":"Polygon","coordinates":[[[-1.277906,49.285009],[-1.277984,49.285034],[-1.278035,49.284964],[-1.277956,49.28494],[-1.277906,49.285009]]]}},{"type":"Feature","properties":{},"geometry":{"type":"Polygon","coordinates":[[[-1.26929,49.302283],[-1.269286,49.302356],[-1.26956,49.302363],[-1.269565,49.302289],[-1.26929,49.302283]]]}},{"type":"Feature","properties":{},"geometry":{"type":"Polygon","coordinates":[[[-1.27164,49.296132],[-1.271597,49.296059],[-1.271329,49.296129],[-1.271374,49.296201],[-1.27164,49.296132]]]}},{"type":"Feature","properties":{},"geometry":{"type":"Polygon","coordinates":[[[-1.282009,49.296756],[-1.282537,49.296776],[-1.282541,49.296712],[-1.282014,49.296693],[-1.282009,49.296756]]]}},{"type":"Feature","properties":{},"geometry":{"type":"Polygon","coordinates":[[[-1.28,49.29433],[-1.280339,49.294339],[-1.280346,49.294233],[-1.280003,49.294228],[-1.28,49.29433]]]}},{"type":"Feature","properties":{},"geometry":{"type":"Polygon","coordinates":[[[-1.272792,49.289217],[-1.272594,49.288979],[-1.27255,49.288997],[-1.272749,49.289232],[-1.272792,49.289217]]]}},{"type":"Feature","properties":{},"geometry":{"type":"Polygon","coordinates":[[[-1.278019,49.295401],[-1.278022,49.295446],[-1.27812,49.295443],[-1.278117,49.295398],[-1.278019,49.295401]]]}},{"type":"Feature","properties":{},"geometry":{"type":"Polygon","coordinates":[[[-1.281882,49.289146],[-1.281888,49.289202],[-1.282066,49.289193],[-1.282061,49.289138],[-1.281882,49.289146]]]}},{"type":"Feature","properties":{},"geometry":{"type":"Polygon","coordinates":[[[-1.282015,49.297101],[-1.282017,49.296775],[-1.28193,49.296775],[-1.281933,49.2971],[-1.282015,49.297101]]]}},{"type":"Feature","properties":{},"geometry":{"type":"Polygon","coordinates":[[[-1.264996,49.300672],[-1.264954,49.300729],[-1.265028,49.300752],[-1.265068,49.300695],[-1.264996,49.300672]]]}},{"type":"Feature","properties":{},"geometry":{"type":"Polygon","coordinates":[[[-1.276489,49.287346],[-1.276438,49.287291],[-1.276384,49.287312],[-1.276436,49.287368],[-1.276489,49.287346]]]}},{"type":"Feature","properties":{},"geometry":{"type":"Polygon","coordinates":[[[-1.282618,49.303199],[-1.282447,49.303194],[-1.28243,49.303423],[-1.2826,49.303428],[-1.282618,49.303199]]]}},{"type":"Feature","properties":{},"geometry":{"type":"Polygon","coordinates":[[[-1.275478,49.296009],[-1.275395,49.295673],[-1.275253,49.295688],[-1.275337,49.296025],[-1.275478,49.296009]]]}},{"type":"Feature","properties":{},"geometry":{"type":"Polygon","coordinates":[[[-1.281707,49.288649],[-1.281871,49.288652],[-1.281876,49.288576],[-1.281712,49.288573],[-1.281707,49.288649]]]}},{"type":"Feature","properties":{},"geometry":{"type":"Polygon","coordinates":[[[-1.271301,49.29615],[-1.271252,49.296071],[-1.271172,49.296092],[-1.271222,49.296171],[-1.271301,49.29615]]]}},{"type":"Feature","properties":{},"geometry":{"type":"Polygon","coordinates":[[[-1.282281,49.288708],[-1.282462,49.288707],[-1.282462,49.28863],[-1.282281,49.288631],[-1.282281,49.288708]]]}},{"type":"Feature","properties":{},"geometry":{"type":"Polygon","coordinates":[[[-1.282525,49.296836],[-1.282525,49.296975],[-1.282617,49.296976],[-1.28262,49.296837],[-1.282525,49.296836]]]}},{"type":"Feature","properties":{},"geometry":{"type":"Polygon","coordinates":[[[-1.2828311,49.2931833],[-1.283689,49.2931551],[-1.2836792,49.2930278],[-1.2828213,49.2930559],[-1.2828311,49.2931833]]]}},{"type":"Feature","properties":{},"geometry":{"type":"Polygon","coordinates":[[[-1.264928,49.300742],[-1.264882,49.300804],[-1.264939,49.300822],[-1.264985,49.300759],[-1.264928,49.300742]]]}},{"type":"Feature","properties":{},"geometry":{"type":"Polygon","coordinates":[[[-1.282829,49.303165],[-1.283175,49.303175],[-1.283181,49.303093],[-1.282833,49.303083],[-1.282829,49.303165]]]}},{"type":"Feature","properties":{},"geometry":{"type":"Polygon","coordinates":[[[-1.27465,49.296029],[-1.274031,49.29606],[-1.27404,49.296134],[-1.274658,49.296104],[-1.27465,49.296029]]]}},{"type":"Feature","properties":{},"geometry":{"type":"Polygon","coordinates":[[[-1.274567,49.295901],[-1.274632,49.295897],[-1.274626,49.295849],[-1.274561,49.295853],[-1.274567,49.295901]]]}},{"type":"Feature","properties":{},"geometry":{"type":"Polygon","coordinates":[[[-1.282799,49.303521],[-1.282809,49.303389],[-1.282743,49.303387],[-1.28273,49.30352],[-1.282799,49.303521]]]}},{"type":"Feature","properties":{},"geometry":{"type":"Polygon","coordinates":[[[-1.272198,49.289418],[-1.272127,49.289343],[-1.272089,49.289358],[-1.272158,49.289433],[-1.272198,49.289418]]]}},{"type":"Feature","properties":{},"geometry":{"type":"Polygon","coordinates":[[[-1.282091,49.289253],[-1.282223,49.289244],[-1.282219,49.28922],[-1.282088,49.289229],[-1.282091,49.289253]]]}},{"type":"Feature","properties":{},"geometry":{"type":"Polygon","coordinates":[[[-1.276132,49.296013],[-1.276073,49.295774],[-1.275557,49.295828],[-1.275617,49.296067],[-1.276132,49.296013]]]}},{"type":"Feature","properties":{},"geometry":{"type":"Polygon","coordinates":[[[-1.271176,49.291997],[-1.271191,49.292065],[-1.271198,49.292094],[-1.271274,49.292087],[-1.271252,49.29199],[-1.271176,49.291997]]]}},{"type":"Feature","properties":{},"geometry":{"type":"Polygon","coordinates":[[[-1.27986,49.29439],[-1.279952,49.294393],[-1.279952,49.294355],[-1.279857,49.294354],[-1.279856,49.294383],[-1.27986,49.29439]]]}},{"type":"Feature","properties":{},"geometry":{"type":"Polygon","coordinates":[[[-1.282801,49.288662],[-1.282801,49.288658],[-1.282957,49.288661],[-1.282961,49.288588],[-1.282757,49.288584],[-1.282753,49.288661],[-1.282801,49.288662]]]}},{"type":"Feature","properties":{},"geometry":{"type":"Polygon","coordinates":[[[-1.2827209,49.2928192],[-1.2827075,49.29264],[-1.2826903,49.2924092],[-1.282667,49.2920973],[-1.2823313,49.292108],[-1.2823648,49.292557],[-1.2823882,49.2928305],[-1.2825935,49.2928225],[-1.2827209,49.2928192]]]}},{"type":"Feature","properties":{},"geometry":{"type":"Polygon","coordinates":[[[-1.282693,49.288475],[-1.282806,49.28848],[-1.28281,49.288424],[-1.282793,49.288423],[-1.282796,49.288397],[-1.282699,49.288393],[-1.282693,49.288475]]]}},{"type":"Feature","properties":{},"geometry":{"type":"Polygon","coordinates":[[[-1.282077,49.289082],[-1.282181,49.289079],[-1.282173,49.288976],[-1.281957,49.288984],[-1.281963,49.289062],[-1.282075,49.289058],[-1.282077,49.289082]]]}},{"type":"Feature","properties":{},"geometry":{"type":"Polygon","coordinates":[[[-1.281711,49.28835],[-1.281605,49.288346],[-1.281601,49.288378],[-1.281683,49.288381],[-1.281684,49.28837],[-1.281709,49.288371],[-1.281711,49.28835]]]}},{"type":"Feature","properties":{},"geometry":{"type":"Polygon","coordinates":[[[-1.272848,49.289277],[-1.272803,49.289221],[-1.272312,49.28941],[-1.272163,49.289255],[-1.272109,49.289325],[-1.272275,49.289498],[-1.272848,49.289277]]]}},{"type":"Feature","properties":{},"geometry":{"type":"Polygon","coordinates":[[[-1.27775,49.295271],[-1.277756,49.295318],[-1.277829,49.295315],[-1.277821,49.295238],[-1.277785,49.29524],[-1.277786,49.295269],[-1.27775,49.295271]]]}},{"type":"Feature","properties":{},"geometry":{"type":"Polygon","coordinates":[[[-1.275955,49.301562],[-1.275883,49.301534],[-1.275861,49.30156],[-1.275838,49.301551],[-1.275786,49.301612],[-1.275878,49.301646],[-1.275955,49.301562]]]}},{"type":"Feature","properties":{},"geometry":{"type":"Polygon","coordinates":[[[-1.277935,49.285591],[-1.277859,49.285565],[-1.277881,49.285534],[-1.277843,49.285523],[-1.277786,49.2856],[-1.2779,49.285637],[-1.277935,49.285591]]]}},{"type":"Feature","properties":{},"geometry":{"type":"Polygon","coordinates":[[[-1.280524,49.294737],[-1.280526,49.294642],[-1.280476,49.294642],[-1.280477,49.294542],[-1.280376,49.294542],[-1.28037,49.294734],[-1.280524,49.294737]]]}},{"type":"Feature","properties":{},"geometry":{"type":"Polygon","coordinates":[[[-1.270535,49.29197],[-1.270502,49.291971],[-1.270515,49.292306],[-1.27062,49.292302],[-1.270597,49.291955],[-1.270591,49.291919],[-1.270533,49.291924],[-1.270535,49.29197]]]}},{"type":"Feature","properties":{},"geometry":{"type":"Polygon","coordinates":[[[-1.270515,49.292306],[-1.270428,49.292312],[-1.270422,49.292295],[-1.27002,49.292322],[-1.270028,49.292386],[-1.270383,49.292368],[-1.270519,49.292361],[-1.270515,49.292306]]]}},{"type":"Feature","properties":{},"geometry":{"type":"Polygon","coordinates":[[[-1.265227,49.303698],[-1.265208,49.303615],[-1.265134,49.303622],[-1.265131,49.303611],[-1.265093,49.303615],[-1.265116,49.303709],[-1.265157,49.303705],[-1.265227,49.303698]]]}},{"type":"Feature","properties":{},"geometry":{"type":"Polygon","coordinates":[[[-1.283789,49.303552],[-1.283798,49.30342],[-1.282809,49.303389],[-1.282799,49.303521],[-1.283416,49.303541],[-1.283409,49.303643],[-1.283906,49.303659],[-1.283914,49.303556],[-1.283789,49.303552]]]}},{"type":"Feature","properties":{},"geometry":{"type":"Polygon","coordinates":[[[-1.27116,49.291928],[-1.271161,49.291932],[-1.271189,49.291929],[-1.271415,49.291904],[-1.271394,49.291821],[-1.271219,49.291841],[-1.271222,49.291855],[-1.271147,49.291864],[-1.27116,49.291928]]]}},{"type":"Feature","properties":{},"geometry":{"type":"Polygon","coordinates":[[[-1.27784,49.295183],[-1.277873,49.295181],[-1.277866,49.295123],[-1.277707,49.29513],[-1.277712,49.295174],[-1.277778,49.295172],[-1.277782,49.295206],[-1.277842,49.295204],[-1.27784,49.295183]]]}},{"type":"Feature","properties":{},"geometry":{"type":"Polygon","coordinates":[[[-1.269326,49.301899],[-1.269135,49.301888],[-1.269128,49.301971],[-1.269349,49.301981],[-1.269352,49.301931],[-1.269341,49.30193],[-1.269342,49.301912],[-1.269324,49.301911],[-1.269326,49.301899]]]}},{"type":"Feature","properties":{},"geometry":{"type":"Polygon","coordinates":[[[-1.277885,49.295144],[-1.277989,49.295139],[-1.278089,49.295134],[-1.27808,49.295086],[-1.278078,49.295079],[-1.27808,49.295079],[-1.278079,49.295072],[-1.277877,49.295084],[-1.277885,49.295144]]]}},{"type":"Feature","properties":{},"geometry":{"type":"Polygon","coordinates":[[[-1.27649,49.287542],[-1.276442,49.287492],[-1.276349,49.287532],[-1.276306,49.287489],[-1.276228,49.287523],[-1.27627,49.287565],[-1.276179,49.287603],[-1.276228,49.287652],[-1.27649,49.287542]]]}},{"type":"Feature","properties":{},"geometry":{"type":"Polygon","coordinates":[[[-1.280797,49.2972],[-1.280676,49.29718],[-1.280685,49.297157],[-1.280611,49.297144],[-1.280604,49.297169],[-1.28054,49.297159],[-1.280524,49.297208],[-1.280779,49.29725],[-1.280797,49.2972]]]}},{"type":"Feature","properties":{},"geometry":{"type":"Polygon","coordinates":[[[-1.269859,49.302198],[-1.269876,49.302091],[-1.26986,49.30209],[-1.269862,49.302059],[-1.269807,49.302057],[-1.269804,49.302087],[-1.269778,49.302087],[-1.269766,49.302196],[-1.269859,49.302198]]]}},{"type":"Feature","properties":{},"geometry":{"type":"Polygon","coordinates":[[[-1.266123,49.301591],[-1.265988,49.301561],[-1.265893,49.301744],[-1.266548,49.30189],[-1.266643,49.301707],[-1.266611,49.3017],[-1.266123,49.301591]]]}},{"type":"Feature","properties":{},"geometry":{"type":"Polygon","coordinates":[[[-1.244655,49.304553],[-1.2446118,49.3045542],[-1.244593,49.3045547],[-1.244581,49.304555],[-1.244589,49.304633],[-1.244637,49.304633],[-1.244656,49.304631],[-1.244655,49.304553]]]}},{"type":"Feature","properties":{},"geometry":{"type":"Polygon","coordinates":[[[-1.2717212,49.2984543],[-1.271703,49.2984451],[-1.2716809,49.2984408],[-1.2716579,49.2984419],[-1.2716371,49.2984485],[-1.2716213,49.2984594],[-1.2716127,49.2984734],[-1.2716123,49.2984885],[-1.2716204,49.2985026],[-1.2716357,49.2985138],[-1.2716562,49.2985207],[-1.2716792,49.2985223],[-1.2717014,49.2985184],[-1.2717201,49.2985095],[-1.2717325,49.2984968],[-1.271737,49.2984821],[-1.2717331,49.2984672],[-1.2717212,49.2984543]]]}},{"type":"Feature","properties":{},"geometry":{"type":"Polygon","coordinates":[[[-1.2718551,49.2984095],[-1.2718368,49.2984002],[-1.2718147,49.2983959],[-1.2717917,49.2983971],[-1.2717709,49.2984036],[-1.2717551,49.2984146],[-1.2717465,49.2984285],[-1.2717461,49.2984436],[-1.2717542,49.2984577],[-1.2717695,49.298469],[-1.27179,49.2984759],[-1.271813,49.2984775],[-1.2718353,49.2984735],[-1.2718539,49.2984646],[-1.2718663,49.298452],[-1.2718709,49.2984372],[-1.2718669,49.2984224],[-1.2718551,49.2984095]]]}},{"type":"Feature","properties":{},"geometry":{"type":"Polygon","coordinates":[[[-1.2715716,49.2984527],[-1.2716198,49.2984368],[-1.2716294,49.2984492],[-1.2716594,49.2984393],[-1.2716499,49.2984269],[-1.2716852,49.2984153],[-1.2716917,49.2984237],[-1.271729,49.2984311],[-1.2717536,49.2984137],[-1.2717454,49.2984114],[-1.2716879,49.2983373],[-1.2717092,49.2983303],[-1.2716949,49.2983119],[-1.2716737,49.2983189],[-1.2716524,49.2982915],[-1.2714884,49.2983456],[-1.2715716,49.2984527]]]}},{"type":"Feature","properties":{},"geometry":{"type":"Polygon","coordinates":[[[-1.2705065,49.298395],[-1.2703336,49.2981724],[-1.2703093,49.2981805],[-1.2702814,49.2981446],[-1.2703845,49.2981106],[-1.2704096,49.298143],[-1.2706274,49.2980711],[-1.2708029,49.2982972],[-1.2705065,49.298395]]]}},{"type":"Feature","properties":{},"geometry":{"type":"Polygon","coordinates":[[[-1.2707281,49.2976204],[-1.2700611,49.2978429],[-1.2700292,49.2978023],[-1.2704056,49.2976767],[-1.2704149,49.2976885],[-1.2707054,49.2975915],[-1.2707281,49.2976204]]]}},{"type":"Feature","properties":{},"geometry":{"type":"Polygon","coordinates":[[[-1.2705191,49.2974889],[-1.2704453,49.2975134],[-1.270412,49.2974706],[-1.2704858,49.2974462],[-1.2705191,49.2974889]]]}},{"type":"Feature","properties":{},"geometry":{"type":"Polygon","coordinates":[[[-1.2697698,49.2978029],[-1.2696991,49.2978265],[-1.2696621,49.2977794],[-1.2697328,49.2977558],[-1.2697698,49.2978029]]]}},{"type":"Feature","properties":{},"geometry":{"type":"Polygon","coordinates":[[[-1.2694813,49.2978803],[-1.2693253,49.2976789],[-1.2694215,49.2976472],[-1.2695774,49.2978487],[-1.2694813,49.2978803]]]}},{"type":"Feature","properties":{},"geometry":{"type":"Polygon","coordinates":[[[-1.2551678,49.3102378],[-1.2551578,49.3102266],[-1.255017,49.310069],[-1.2550306,49.3100639],[-1.2549551,49.3099794],[-1.2548811,49.3100075],[-1.2547125,49.3100716],[-1.2546949,49.3100519],[-1.2546673,49.310021],[-1.2545503,49.3100655],[-1.2542701,49.310172],[-1.2543339,49.3102434],[-1.2543931,49.3102209],[-1.254412,49.3102421],[-1.2543534,49.3102643],[-1.2544793,49.3104052],[-1.2544276,49.3104248],[-1.2543833,49.3104417],[-1.2544461,49.310512],[-1.2551678,49.3102378]]]}},{"type":"Feature","properties":{},"geometry":{"type":"Polygon","coordinates":[[[-1.2460479,49.2974782],[-1.2461028,49.297332],[-1.2459932,49.2973145],[-1.2459382,49.2974607],[-1.2460479,49.2974782]]]}},{"type":"Feature","properties":{},"geometry":{"type":"Polygon","coordinates":[[[-1.2459463,49.2976352],[-1.246017,49.297535],[-1.2459034,49.2975009],[-1.2458327,49.2976011],[-1.2459463,49.2976352]]]}},{"type":"Feature","properties":{},"geometry":{"type":"Polygon","coordinates":[[[-1.2457922,49.2977506],[-1.2458409,49.2976865],[-1.2458667,49.2976524],[-1.2457788,49.2976241],[-1.2457043,49.2977222],[-1.2457922,49.2977506]]]}},{"type":"Feature","properties":{},"geometry":{"type":"Polygon","coordinates":[[[-1.2454644,49.2974305],[-1.2456576,49.2973831],[-1.2456188,49.2973158],[-1.2454256,49.2973633],[-1.2454644,49.2974305]]]}},{"type":"Feature","properties":{},"geometry":{"type":"Polygon","coordinates":[[[-1.2453767,49.2974625],[-1.2452592,49.2974913],[-1.2452195,49.2974225],[-1.2453892,49.2973808],[-1.2454238,49.2974407],[-1.2453715,49.2974536],[-1.2453767,49.2974625]]]}},{"type":"Feature","properties":{},"geometry":{"type":"Polygon","coordinates":[[[-1.2459638,49.2979255],[-1.2460037,49.2978644],[-1.2459638,49.2978533],[-1.2459696,49.2978444],[-1.2458388,49.2978081],[-1.2457931,49.2978781],[-1.2459638,49.2979255]]]}},{"type":"Feature","properties":{},"geometry":{"type":"Polygon","coordinates":[[[-1.245137,49.29759],[-1.2453288,49.297597],[-1.2453226,49.2976688],[-1.2451765,49.2976634],[-1.2451769,49.2976583],[-1.2451313,49.2976566],[-1.245137,49.29759]]]}},{"type":"Feature","properties":{},"geometry":{"type":"Polygon","coordinates":[[[-1.2450288,49.2974848],[-1.2449079,49.2975427],[-1.2449743,49.2976016],[-1.2450952,49.2975437],[-1.2450288,49.2974848]]]}},{"type":"Feature","properties":{},"geometry":{"type":"Polygon","coordinates":[[[-1.2446794,49.2976396],[-1.2446288,49.2975218],[-1.2447561,49.2974985],[-1.2448067,49.2976163],[-1.2446794,49.2976396]]]}},{"type":"Feature","properties":{},"geometry":{"type":"Polygon","coordinates":[[[-1.2444998,49.2976621],[-1.2445727,49.2975675],[-1.2444738,49.2975351],[-1.2444009,49.2976297],[-1.2444998,49.2976621]]]}},{"type":"Feature","properties":{},"geometry":{"type":"Polygon","coordinates":[[[-1.2444696,49.2980249],[-1.244603,49.2979979],[-1.2445453,49.2978767],[-1.2444119,49.2979037],[-1.2444696,49.2980249]]]}},{"type":"Feature","properties":{},"geometry":{"type":"Polygon","coordinates":[[[-1.2450132,49.2978734],[-1.2450371,49.2978128],[-1.2451706,49.2978352],[-1.2451467,49.2978958],[-1.2450132,49.2978734]]]}},{"type":"Feature","properties":{},"geometry":{"type":"Polygon","coordinates":[[[-1.2456242,49.2980871],[-1.2454926,49.298124],[-1.2454653,49.2980825],[-1.2454191,49.2980955],[-1.2453627,49.29801],[-1.245514,49.2979676],[-1.2455676,49.2980489],[-1.245598,49.2980473],[-1.2456242,49.2980871]]]}},{"type":"Feature","properties":{},"geometry":{"type":"Polygon","coordinates":[[[-1.2455295,49.2982434],[-1.245489,49.2981571],[-1.2456233,49.2981302],[-1.245652,49.2981913],[-1.2456087,49.2982],[-1.2456205,49.2982252],[-1.2455295,49.2982434]]]}},{"type":"Feature","properties":{},"geometry":{"type":"Polygon","coordinates":[[[-1.2463652,49.2984985],[-1.2463558,49.2983903],[-1.2464152,49.2983881],[-1.2464118,49.298348],[-1.2465974,49.2983412],[-1.2466053,49.2984327],[-1.2464686,49.2984378],[-1.2464735,49.2984946],[-1.2463652,49.2984985]]]}},{"type":"Feature","properties":{},"geometry":{"type":"Polygon","coordinates":[[[-1.248138,49.297418],[-1.2481233,49.297267],[-1.2481839,49.2972645],[-1.2481786,49.2972094],[-1.2479932,49.2972171],[-1.2480041,49.2973288],[-1.2480498,49.2973269],[-1.248059,49.2974213],[-1.248138,49.297418]]]}},{"type":"Feature","properties":{},"geometry":{"type":"Polygon","coordinates":[[[-1.2462187,49.3078698],[-1.2462527,49.3079881],[-1.2456519,49.3080616],[-1.2456179,49.3079432],[-1.2462187,49.3078698]]]}},{"type":"Feature","properties":{},"geometry":{"type":"Polygon","coordinates":[[[-1.2454402,49.3025289],[-1.2454693,49.3024694],[-1.2454283,49.302461],[-1.2453986,49.3024546],[-1.2453062,49.3024355],[-1.2452771,49.302495],[-1.2454402,49.3025289]]]}},{"type":"Feature","properties":{},"geometry":{"type":"Polygon","coordinates":[[[-1.2446196,49.3023522],[-1.2446446,49.3022973],[-1.2443887,49.3022477],[-1.2443636,49.3023026],[-1.2444324,49.3023159],[-1.2444613,49.3023215],[-1.2444895,49.302327],[-1.2446196,49.3023522]]]}},{"type":"Feature","properties":{},"geometry":{"type":"Polygon","coordinates":[[[-1.2439796,49.3018315],[-1.2445936,49.3019251],[-1.2446939,49.3016451],[-1.2442026,49.3015702],[-1.2441787,49.3016367],[-1.2440561,49.301618],[-1.2439796,49.3018315]]]}},{"type":"Feature","properties":{},"geometry":{"type":"Polygon","coordinates":[[[-1.2479353,49.3031591],[-1.2480233,49.3031996],[-1.24803,49.3031934],[-1.2481176,49.3031125],[-1.2480296,49.303072],[-1.2479353,49.3031591]]]}},{"type":"Feature","properties":{},"geometry":{"type":"Polygon","coordinates":[[[-1.24803,49.3031934],[-1.2480888,49.3032175],[-1.248159,49.3031499],[-1.2482616,49.303183],[-1.248287,49.3031506],[-1.2481905,49.3031181],[-1.2481854,49.303124],[-1.2481224,49.3031088],[-1.24803,49.3031934]]]}},{"type":"Feature","properties":{},"geometry":{"type":"Polygon","coordinates":[[[-1.2214103,49.307715],[-1.2215484,49.3074992],[-1.2210388,49.3073606],[-1.2209007,49.3075764],[-1.2214103,49.307715]]]}},{"type":"Feature","properties":{},"geometry":{"type":"Polygon","coordinates":[[[-1.2215384,49.307682],[-1.2216405,49.3075267],[-1.2220242,49.3076339],[-1.2219221,49.3077892],[-1.2215384,49.307682]]]}},{"type":"Feature","properties":{},"geometry":{"type":"Polygon","coordinates":[[[-1.2218277,49.3069364],[-1.2218717,49.3068708],[-1.2217724,49.3068425],[-1.2217284,49.3069081],[-1.2218277,49.3069364]]]}},{"type":"Feature","properties":{},"geometry":{"type":"Polygon","coordinates":[[[-1.2452422,49.2982343],[-1.2453241,49.2982848],[-1.245261,49.2983284],[-1.2452362,49.2983131],[-1.2451742,49.2983559],[-1.2450846,49.2983007],[-1.2451487,49.2982565],[-1.245181,49.2982764],[-1.2452422,49.2982343]]]}},{"type":"Feature","properties":{},"geometry":{"type":"Polygon","coordinates":[[[-1.2447893,49.2981276],[-1.244756,49.2981476],[-1.2446795,49.2980934],[-1.2445915,49.2981463],[-1.2447146,49.2982335],[-1.2448359,49.2981606],[-1.2447893,49.2981276]]]}},{"type":"Feature","properties":{},"geometry":{"type":"Polygon","coordinates":[[[-1.2449216,49.2978403],[-1.2448777,49.2978537],[-1.2448732,49.2978473],[-1.2448123,49.2978655],[-1.2447669,49.2979089],[-1.2446807,49.29787],[-1.2447429,49.2978114],[-1.2448734,49.2977714],[-1.2449216,49.2978403]]]}},{"type":"Feature","properties":{},"geometry":{"type":"Polygon","coordinates":[[[-1.2465037,49.2972106],[-1.2464996,49.2971614],[-1.2464873,49.2971618],[-1.2464816,49.2970914],[-1.246431,49.2970933],[-1.2464286,49.2970757],[-1.2463689,49.2970782],[-1.2463735,49.2971342],[-1.2463535,49.2971347],[-1.2463568,49.2971688],[-1.2464044,49.297167],[-1.2464083,49.2972138],[-1.2465037,49.2972106]]]}},{"type":"Feature","properties":{},"geometry":{"type":"Polygon","coordinates":[[[-1.2472155,49.2967589],[-1.2472222,49.2968378],[-1.2473662,49.2968326],[-1.2473595,49.2967537],[-1.2472155,49.2967589]]]}},{"type":"Feature","properties":{},"geometry":{"type":"Polygon","coordinates":[[[-1.2483824,49.2963524],[-1.2485735,49.2963453],[-1.2485676,49.2962782],[-1.2485245,49.2962797],[-1.2485251,49.2962861],[-1.2484746,49.296288],[-1.248474,49.2962817],[-1.2483765,49.2962853],[-1.2483824,49.2963524]]]}},{"type":"Feature","properties":{},"geometry":{"type":"Polygon","coordinates":[[[-1.2470353,49.2964747],[-1.2472314,49.296468],[-1.2472253,49.2963917],[-1.2470292,49.2963984],[-1.2470353,49.2964747]]]}},{"type":"Feature","properties":{},"geometry":{"type":"Polygon","coordinates":[[[-1.2488854,49.2968028],[-1.2489763,49.2968462],[-1.2490746,49.2967585],[-1.249027,49.2967358],[-1.2490401,49.2967241],[-1.2489989,49.2967045],[-1.2489686,49.2967314],[-1.2489556,49.296743],[-1.2489378,49.2967346],[-1.2488998,49.2967685],[-1.2489155,49.296776],[-1.2488854,49.2968028]]]}},{"type":"Feature","properties":{},"geometry":{"type":"Polygon","coordinates":[[[-1.2475575,49.2968286],[-1.2477378,49.2968219],[-1.2477309,49.2967435],[-1.2475506,49.2967503],[-1.2475575,49.2968286]]]}},{"type":"Feature","properties":{},"geometry":{"type":"Polygon","coordinates":[[[-1.2484627,49.2970893],[-1.2486662,49.297082],[-1.2486595,49.2970024],[-1.2485994,49.2970046],[-1.2485998,49.29701],[-1.2485759,49.2970108],[-1.2485754,49.2970055],[-1.248511,49.2970078],[-1.2485104,49.2970006],[-1.2484554,49.2970026],[-1.2484627,49.2970893]]]}},{"type":"Feature","properties":{},"geometry":{"type":"Polygon","coordinates":[[[-1.2484616,49.2966284],[-1.2482821,49.2966347],[-1.2482753,49.2965537],[-1.2483191,49.2965521],[-1.2483195,49.2965566],[-1.2484552,49.2965518],[-1.2484616,49.2966284]]]}},{"type":"Feature","properties":{},"geometry":{"type":"Polygon","coordinates":[[[-1.2480678,49.2963117],[-1.2480749,49.296388],[-1.2480314,49.2963898],[-1.2480308,49.2963835],[-1.2479542,49.2963865],[-1.2479515,49.2963568],[-1.2478993,49.2963589],[-1.2478935,49.2962959],[-1.2479518,49.2962936],[-1.2479539,49.2963162],[-1.2480678,49.2963117]]]}},{"type":"Feature","properties":{},"geometry":{"type":"Polygon","coordinates":[[[-1.2483578,49.296698],[-1.2485401,49.2966902],[-1.248548,49.2967682],[-1.2483657,49.2967761],[-1.2483578,49.296698]]]}},{"type":"Feature","properties":{},"geometry":{"type":"Polygon","coordinates":[[[-1.247857,49.2966099],[-1.247813,49.2966115],[-1.2478137,49.296619],[-1.2476483,49.296625],[-1.2476415,49.2965459],[-1.2478068,49.29654],[-1.2478075,49.2965477],[-1.2478515,49.2965461],[-1.247857,49.2966099]]]}},{"type":"Feature","properties":{},"geometry":{"type":"Polygon","coordinates":[[[-1.2496172,49.2961912],[-1.2495164,49.2962105],[-1.2495026,49.2961796],[-1.2494749,49.2961849],[-1.2494603,49.2961524],[-1.2494724,49.29615],[-1.249446,49.2960913],[-1.2495048,49.29608],[-1.2495145,49.2961016],[-1.2495619,49.2960926],[-1.2495776,49.2961276],[-1.2495877,49.2961257],[-1.2496172,49.2961912]]]}},{"type":"Feature","properties":{},"geometry":{"type":"Polygon","coordinates":[[[-1.2467145,49.2963992],[-1.2468216,49.2963939],[-1.2468298,49.296464],[-1.2467227,49.2964693],[-1.2467215,49.2964595],[-1.2466804,49.2964615],[-1.2466741,49.2964076],[-1.2467152,49.2964055],[-1.2467145,49.2963992]]]}},{"type":"Feature","properties":{},"geometry":{"type":"Polygon","coordinates":[[[-1.2481585,49.297105],[-1.2483635,49.2970979],[-1.248357,49.2970182],[-1.2482966,49.2970202],[-1.2482971,49.2970257],[-1.2482732,49.2970265],[-1.2482727,49.2970212],[-1.2482086,49.2970234],[-1.2482081,49.2970163],[-1.2481515,49.2970183],[-1.2481585,49.297105]]]}},{"type":"Feature","properties":{},"geometry":{"type":"Polygon","coordinates":[[[-1.2471123,49.2966912],[-1.2469423,49.2966972],[-1.2469362,49.2966236],[-1.2470623,49.2966192],[-1.2470631,49.296629],[-1.247107,49.2966275],[-1.2471123,49.2966912]]]}},{"type":"Feature","properties":{},"geometry":{"type":"Polygon","coordinates":[[[-1.2466813,49.2967885],[-1.2465692,49.2967926],[-1.2465788,49.2969037],[-1.2466759,49.2969002],[-1.2466735,49.2968714],[-1.2466884,49.2968709],[-1.2466813,49.2967885]]]}},{"type":"Feature","properties":{},"geometry":{"type":"Polygon","coordinates":[[[-1.2491474,49.2966494],[-1.249052,49.2966041],[-1.2491674,49.296501],[-1.2492627,49.2965464],[-1.2491474,49.2966494]]]}},{"type":"Feature","properties":{},"geometry":{"type":"Polygon","coordinates":[[[-1.2478628,49.2966773],[-1.2479318,49.2966749],[-1.2479296,49.2966478],[-1.2481483,49.29664],[-1.2481439,49.2965874],[-1.2480633,49.2965902],[-1.2480616,49.2965708],[-1.2479882,49.2965734],[-1.2479874,49.2965643],[-1.2479299,49.2965664],[-1.2479315,49.2965853],[-1.2479063,49.2965861],[-1.2479085,49.2966126],[-1.2478575,49.2966144],[-1.2478628,49.2966773]]]}},{"type":"Feature","properties":{},"geometry":{"type":"Polygon","coordinates":[[[-1.2493512,49.2963047],[-1.2494732,49.296363],[-1.2493496,49.296473],[-1.2492633,49.2964318],[-1.2493358,49.2963673],[-1.2493404,49.2963695],[-1.2493536,49.2963577],[-1.2493133,49.2963385],[-1.2493512,49.2963047]]]}},{"type":"Feature","properties":{},"geometry":{"type":"Polygon","coordinates":[[[-1.2478186,49.2968234],[-1.2480123,49.2968162],[-1.2480055,49.2967379],[-1.2478117,49.2967451],[-1.2478186,49.2968234]]]}},{"type":"Feature","properties":{},"geometry":{"type":"Polygon","coordinates":[[[-1.2473266,49.2966881],[-1.2471611,49.2966945],[-1.247154,49.2966154],[-1.2473195,49.296609],[-1.2473266,49.2966881]]]}},{"type":"Feature","properties":{},"geometry":{"type":"Polygon","coordinates":[[[-1.24826,49.2967385],[-1.2482663,49.2968016],[-1.2481613,49.296806],[-1.2481608,49.2968005],[-1.2481108,49.2968026],[-1.2481122,49.2968162],[-1.2480543,49.2968186],[-1.2480481,49.2967556],[-1.2481034,49.2967532],[-1.2480989,49.2967076],[-1.2481839,49.296704],[-1.2481876,49.2967415],[-1.24826,49.2967385]]]}},{"type":"Feature","properties":{},"geometry":{"type":"Polygon","coordinates":[[[-1.2466825,49.2966445],[-1.2465641,49.296649],[-1.2465743,49.2967655],[-1.2466927,49.2967611],[-1.2466825,49.2966445]]]}},{"type":"Feature","properties":{},"geometry":{"type":"Polygon","coordinates":[[[-1.2483342,49.2963816],[-1.2482388,49.296385],[-1.2482341,49.2963293],[-1.2482333,49.2963189],[-1.2481812,49.2963207],[-1.2481821,49.2963311],[-1.2481827,49.2963386],[-1.2481334,49.2963403],[-1.2481282,49.2962786],[-1.248174,49.296277],[-1.2481725,49.2962591],[-1.2482964,49.2962547],[-1.2483003,49.2963013],[-1.2483274,49.2963004],[-1.2483342,49.2963816]]]}},{"type":"Feature","properties":{},"geometry":{"type":"Polygon","coordinates":[[[-1.2489795,49.2968816],[-1.2489309,49.2969248],[-1.2488885,49.2969045],[-1.2488287,49.2969577],[-1.248857,49.2969712],[-1.2488278,49.2969972],[-1.2487569,49.2969633],[-1.2487845,49.2969388],[-1.248753,49.2969237],[-1.248773,49.2969059],[-1.2487619,49.2969006],[-1.2488062,49.2968612],[-1.2488314,49.2968733],[-1.2488428,49.2968631],[-1.2488698,49.2968391],[-1.2489151,49.2968607],[-1.2489224,49.2968543],[-1.2489795,49.2968816]]]}},{"type":"Feature","properties":{},"geometry":{"type":"Polygon","coordinates":[[[-1.2615776,49.3023894],[-1.2615743,49.302352],[-1.2617325,49.302346],[-1.2617219,49.3022049],[-1.2622808,49.3021877],[-1.2623024,49.3024786],[-1.2617436,49.3024958],[-1.2617348,49.3023845],[-1.2615776,49.3023894]]]}},{"type":"Feature","properties":{},"geometry":{"type":"Polygon","coordinates":[[[-1.2644632,49.3032459],[-1.264485,49.3035086],[-1.2642891,49.3035155],[-1.2642938,49.3035713],[-1.2639333,49.303584],[-1.2639289,49.3035305],[-1.2637465,49.303537],[-1.2637285,49.3033196],[-1.2637996,49.3032692],[-1.2644632,49.3032459]]]}},{"type":"Feature","properties":{},"geometry":{"type":"Polygon","coordinates":[[[-1.264373,49.3022071],[-1.2641588,49.3022209],[-1.2642054,49.3025216],[-1.2644185,49.3025057],[-1.264373,49.3022071]]]}},{"type":"Feature","properties":{},"geometry":{"type":"Polygon","coordinates":[[[-1.2643213,49.3027015],[-1.2643134,49.3026061],[-1.2640631,49.302615],[-1.264071,49.3027104],[-1.2643213,49.3027015]]]}},{"type":"Feature","properties":{},"geometry":{"type":"Polygon","coordinates":[[[-1.2644698,49.3030269],[-1.2644565,49.302883],[-1.2642805,49.3028899],[-1.2642772,49.3028539],[-1.263792,49.3028738],[-1.2636899,49.3030574],[-1.2644698,49.3030269]]]}},{"type":"Feature","properties":{},"geometry":{"type":"Polygon","coordinates":[[[-1.2616273,49.3132469],[-1.2617022,49.3132672],[-1.2616553,49.3133407],[-1.2615804,49.3133204],[-1.2616273,49.3132469]]]}},{"type":"Feature","properties":{},"geometry":{"type":"Polygon","coordinates":[[[-1.2617301,49.3129053],[-1.2616334,49.3130565],[-1.2612534,49.3129533],[-1.26135,49.3128021],[-1.2617301,49.3129053]]]}},{"type":"Feature","properties":{},"geometry":{"type":"Polygon","coordinates":[[[-1.2613434,49.3136242],[-1.2614416,49.3134712],[-1.2609764,49.3133444],[-1.2608783,49.3134975],[-1.2613434,49.3136242]]]}},{"type":"Feature","properties":{},"geometry":{"type":"Polygon","coordinates":[[[-1.2613771,49.3114082],[-1.2610169,49.311315],[-1.2608967,49.3115104],[-1.2608468,49.3114971],[-1.2608055,49.3115639],[-1.2612185,49.31167],[-1.2613282,49.3114889],[-1.2613431,49.3114643],[-1.2613771,49.3114082]]]}},{"type":"Feature","properties":{},"geometry":{"type":"Polygon","coordinates":[[[-1.2597838,49.3117796],[-1.2595725,49.3116458],[-1.2591155,49.3113567],[-1.2588758,49.3115177],[-1.2593974,49.3118478],[-1.259429,49.3118678],[-1.2595441,49.3119406],[-1.2597838,49.3117796]]]}},{"type":"Feature","properties":{},"geometry":{"type":"Polygon","coordinates":[[[-1.2596748,49.3115772],[-1.2598861,49.3117109],[-1.2597838,49.3117796],[-1.2595725,49.3116458],[-1.2596748,49.3115772]]]}},{"type":"Feature","properties":{},"geometry":{"type":"Polygon","coordinates":[[[-1.2590732,49.3127967],[-1.2591391,49.3127525],[-1.2591979,49.3127896],[-1.259132,49.3128339],[-1.2590732,49.3127967]]]}},{"type":"Feature","properties":{},"geometry":{"type":"Polygon","coordinates":[[[-1.2584362,49.3120343],[-1.258035,49.3123039],[-1.2589477,49.3128811],[-1.2590732,49.3127967],[-1.2591391,49.3127525],[-1.259349,49.3126114],[-1.2584362,49.3120343]]]}},{"type":"Feature","properties":{},"geometry":{"type":"Polygon","coordinates":[[[-1.2529741,49.2875605],[-1.2529317,49.287492],[-1.2529842,49.2874775],[-1.2529887,49.287485],[-1.2531253,49.2874454],[-1.2531677,49.287511],[-1.2530374,49.2875485],[-1.2530336,49.2875432],[-1.2529741,49.2875605]]]}},{"type":"Feature","properties":{},"geometry":{"type":"Polygon","coordinates":[[[-1.2614887,49.293372],[-1.2615016,49.2932383],[-1.2616785,49.2932467],[-1.261675,49.2932879],[-1.2616141,49.293286],[-1.2616062,49.2933766],[-1.2614887,49.293372]]]}},{"type":"Feature","properties":{},"geometry":{"type":"Polygon","coordinates":[[[-1.261378,49.2935395],[-1.261382,49.293504],[-1.2613561,49.2935024],[-1.2613601,49.2934628],[-1.2613772,49.2934633],[-1.2613812,49.2934114],[-1.2615029,49.2934188],[-1.2615005,49.2934352],[-1.2615354,49.2934358],[-1.2615305,49.2934707],[-1.2615475,49.2934712],[-1.2615427,49.2935088],[-1.2615191,49.2935083],[-1.2615151,49.2935458],[-1.261378,49.2935395]]]}},{"type":"Feature","properties":{},"geometry":{"type":"Polygon","coordinates":[[[-1.2604262,49.293275],[-1.2603997,49.293199],[-1.2605066,49.2931838],[-1.2605287,49.2932601],[-1.2604262,49.293275]]]}},{"type":"Feature","properties":{},"geometry":{"type":"Polygon","coordinates":[[[-1.2594747,49.2936188],[-1.2595792,49.2935686],[-1.2594886,49.2934902],[-1.2593836,49.2935445],[-1.2594747,49.2936188]]]}},{"type":"Feature","properties":{},"geometry":{"type":"Polygon","coordinates":[[[-1.2595842,49.2949402],[-1.259575,49.2948498],[-1.2595576,49.2948504],[-1.2595502,49.2947809],[-1.2597909,49.2947719],[-1.2597955,49.2948336],[-1.2596651,49.2948384],[-1.2596687,49.2948767],[-1.2597055,49.2948743],[-1.2597128,49.2949336],[-1.2595842,49.2949402]]]}},{"type":"Feature","properties":{},"geometry":{"type":"Polygon","coordinates":[[[-1.2592757,49.2950406],[-1.2593575,49.2949999],[-1.2593262,49.2949741],[-1.2593575,49.2949591],[-1.259193,49.2948231],[-1.2590993,49.294874],[-1.259182,49.2949376],[-1.259171,49.2949441],[-1.2592472,49.2950017],[-1.2592344,49.2950076],[-1.2592757,49.2950406]]]}},{"type":"Feature","properties":{},"geometry":{"type":"Polygon","coordinates":[[[-1.2612498,49.2958586],[-1.261219,49.2957404],[-1.2614146,49.295724],[-1.2614318,49.2958025],[-1.2613344,49.2958104],[-1.2613451,49.2958497],[-1.2612498,49.2958586]]]}},{"type":"Feature","properties":{},"geometry":{"type":"Polygon","coordinates":[[[-1.2603293,49.2972745],[-1.260325,49.297238],[-1.2602717,49.2972403],[-1.2602622,49.2971858],[-1.2603095,49.2971847],[-1.2603078,49.2971746],[-1.2605566,49.2971628],[-1.2605652,49.2972419],[-1.2604955,49.2972453],[-1.2604981,49.2972672],[-1.2603293,49.2972745]]]}},{"type":"Feature","properties":{},"geometry":{"type":"Polygon","coordinates":[[[-1.2601907,49.2974662],[-1.2601866,49.2974312],[-1.2601994,49.2974312],[-1.260192,49.2973419],[-1.2603102,49.2973401],[-1.2603203,49.2974307],[-1.2602961,49.2974316],[-1.2603001,49.2974636],[-1.2601907,49.2974662]]]}},{"type":"Feature","properties":{},"geometry":{"type":"Polygon","coordinates":[[[-1.2602846,49.2975975],[-1.2602738,49.2975046],[-1.2603719,49.2975007],[-1.2603739,49.2975195],[-1.2604773,49.297516],[-1.260486,49.2975883],[-1.2602846,49.2975975]]]}},{"type":"Feature","properties":{},"geometry":{"type":"Polygon","coordinates":[[[-1.260537,49.2975808],[-1.2605263,49.2974946],[-1.2606586,49.2974876],[-1.2606619,49.2975038],[-1.2607271,49.2974998],[-1.2607391,49.2975686],[-1.260537,49.2975808]]]}},{"type":"Feature","properties":{},"geometry":{"type":"Polygon","coordinates":[[[-1.2582181,49.3004023],[-1.2582189,49.3003735],[-1.2582333,49.3003735],[-1.2582371,49.3002496],[-1.2581063,49.3002451],[-1.2581071,49.3003334],[-1.2580873,49.3003334],[-1.2580873,49.3003671],[-1.2581215,49.3003671],[-1.2581208,49.3004008],[-1.2582181,49.3004023]]]}},{"type":"Feature","properties":{},"geometry":{"type":"Polygon","coordinates":[[[-1.2326239,49.3022339],[-1.2328183,49.3021976],[-1.2328078,49.3021708],[-1.2326123,49.3022076],[-1.2326239,49.3022339]]]}},{"type":"Feature","properties":{},"geometry":{"type":"Polygon","coordinates":[[[-1.2326648,49.302444],[-1.2326764,49.3024721],[-1.2328983,49.3024334],[-1.2328909,49.3024047],[-1.2326648,49.302444]]]}},{"type":"Feature","properties":{},"geometry":{"type":"Polygon","coordinates":[[[-1.2544293,49.3016514],[-1.2543546,49.3016638],[-1.2543583,49.3016739],[-1.2542939,49.3016843],[-1.2542902,49.3016741],[-1.2541692,49.3016937],[-1.2541732,49.3017039],[-1.2541088,49.3017142],[-1.2541049,49.3017041],[-1.2540146,49.3017187],[-1.2540184,49.3017289],[-1.2539546,49.3017393],[-1.2539507,49.301729],[-1.2538761,49.3017411],[-1.253851,49.3016751],[-1.253931,49.3016622],[-1.2539342,49.3016703],[-1.2539903,49.3016613],[-1.2539873,49.3016532],[-1.2540831,49.3016377],[-1.2540862,49.3016458],[-1.2541422,49.3016368],[-1.2541392,49.3016287],[-1.2542684,49.3016078],[-1.2542715,49.3016159],[-1.2543276,49.3016065],[-1.2543245,49.3015987],[-1.2544045,49.3015861],[-1.2544293,49.3016514]]]}},{"type":"Feature","properties":{},"geometry":{"type":"Polygon","coordinates":[[[-1.2545207,49.3018905],[-1.2544956,49.3018247],[-1.2544209,49.3018368],[-1.2544169,49.3018269],[-1.2543529,49.3018372],[-1.2543568,49.3018474],[-1.2542663,49.3018621],[-1.2542625,49.301852],[-1.2541712,49.3018666],[-1.2541752,49.3018768],[-1.2540813,49.3018921],[-1.2540774,49.3018817],[-1.2540132,49.3018918],[-1.2540171,49.3019025],[-1.2539425,49.3019145],[-1.2539677,49.3019801],[-1.2540477,49.301967],[-1.2540447,49.3019592],[-1.2541007,49.3019502],[-1.2541037,49.3019581],[-1.2542328,49.3019374],[-1.2542296,49.3019293],[-1.2542856,49.3019203],[-1.2542887,49.3019282],[-1.2543846,49.3019126],[-1.2543815,49.3019046],[-1.2544371,49.3018957],[-1.2544402,49.3019037],[-1.2545207,49.3018905]]]}},{"type":"Feature","properties":{},"geometry":{"type":"Polygon","coordinates":[[[-1.2540562,49.3022146],[-1.2540321,49.3021482],[-1.2541113,49.3021355],[-1.2541145,49.3021436],[-1.2541702,49.3021346],[-1.2541671,49.3021264],[-1.2542636,49.3021108],[-1.2542667,49.3021189],[-1.2543224,49.3021098],[-1.2543193,49.3021017],[-1.2544489,49.3020808],[-1.254452,49.3020887],[-1.2545077,49.3020797],[-1.2545046,49.3020717],[-1.2545859,49.3020592],[-1.2546103,49.3021245],[-1.2545354,49.3021368],[-1.2545394,49.3021471],[-1.2544749,49.3021575],[-1.2544712,49.3021473],[-1.2543501,49.3021668],[-1.254354,49.3021771],[-1.2543237,49.3021821],[-1.2542895,49.3021874],[-1.2542855,49.3021774],[-1.2541953,49.3021921],[-1.2541993,49.3022023],[-1.2541349,49.3022127],[-1.2541309,49.3022026],[-1.2540562,49.3022146]]]}},{"type":"Feature","properties":{},"geometry":{"type":"Polygon","coordinates":[[[-1.2547024,49.3023638],[-1.2546769,49.3022978],[-1.2546025,49.3023097],[-1.2545988,49.3022996],[-1.2545344,49.30231],[-1.254538,49.30232],[-1.2544477,49.3023348],[-1.2544439,49.3023247],[-1.2543797,49.302335],[-1.2543833,49.3023452],[-1.2542622,49.3023647],[-1.2542585,49.3023546],[-1.2541941,49.302365],[-1.2541978,49.3023751],[-1.2541237,49.3023873],[-1.2541484,49.3024533],[-1.2542285,49.3024402],[-1.2542258,49.3024323],[-1.2542817,49.3024233],[-1.2542846,49.3024312],[-1.2544144,49.3024101],[-1.2544111,49.3024021],[-1.2544675,49.302393],[-1.2544705,49.3024011],[-1.2545664,49.3023855],[-1.2545634,49.3023775],[-1.2546197,49.3023687],[-1.2546224,49.3023768],[-1.2547024,49.3023638]]]}},{"type":"Feature","properties":{},"geometry":{"type":"Polygon","coordinates":[[[-1.2201748,49.3041633],[-1.2199025,49.3041907],[-1.2198594,49.3040101],[-1.2201321,49.303982],[-1.2201748,49.3041633]]]}},{"type":"Feature","properties":{},"geometry":{"type":"Polygon","coordinates":[[[-1.2212956,49.3043497],[-1.2213184,49.3042406],[-1.221452,49.3042536],[-1.221429,49.3043616],[-1.2212956,49.3043497]]]}},{"type":"Feature","properties":{},"geometry":{"type":"Polygon","coordinates":[[[-1.2211066,49.3047494],[-1.221026,49.304748],[-1.2210326,49.3045444],[-1.2211123,49.3045468],[-1.2211066,49.3047494]]]}},{"type":"Feature","properties":{},"geometry":{"type":"Polygon","coordinates":[[[-1.2214013,49.3044471],[-1.2213742,49.3044446],[-1.2213531,49.3044174],[-1.2213651,49.3043624],[-1.2214189,49.3043673],[-1.2214013,49.3044471]]]}},{"type":"Feature","properties":{},"geometry":{"type":"Polygon","coordinates":[[[-1.2355524,49.3093339],[-1.2355105,49.3093121],[-1.2355957,49.3092425],[-1.2356376,49.3092643],[-1.2355926,49.3093011],[-1.2355524,49.3093339]]]}},{"type":"Feature","properties":{},"geometry":{"type":"Polygon","coordinates":[[[-1.2385285,49.3018722],[-1.2385285,49.3017586],[-1.2384842,49.3017586],[-1.2384842,49.3017251],[-1.2384062,49.3017251],[-1.2384062,49.3017555],[-1.2382941,49.3017555],[-1.238294,49.3018721],[-1.2385285,49.3018722]]]}},{"type":"Feature","properties":{},"geometry":{"type":"Polygon","coordinates":[[[-1.2446066,49.3040169],[-1.2447499,49.3039535],[-1.2446048,49.3037331],[-1.2445419,49.3037118],[-1.2441644,49.3037066],[-1.2441409,49.3038163],[-1.2442804,49.3038242],[-1.2442777,49.3038574],[-1.2444359,49.3038618],[-1.2445244,49.3039702],[-1.2445566,49.3039606],[-1.2446066,49.3040169]]]}},{"type":"Feature","properties":{},"geometry":{"type":"Polygon","coordinates":[[[-1.236959,49.3101601],[-1.2369027,49.3101635],[-1.2368926,49.3100909],[-1.2369488,49.3100876],[-1.236959,49.3101601]]]}},{"type":"Feature","properties":{},"geometry":{"type":"Polygon","coordinates":[[[-1.2371971,49.3101622],[-1.2371884,49.3101986],[-1.2370781,49.3101874],[-1.2370867,49.310151],[-1.2371971,49.3101622]]]}},{"type":"Feature","properties":{},"geometry":{"type":"Polygon","coordinates":[[[-1.2366908,49.3101557],[-1.2367264,49.3101272],[-1.2368131,49.3101731],[-1.2367774,49.3102017],[-1.2366908,49.3101557]]]}},{"type":"Feature","properties":{},"geometry":{"type":"Polygon","coordinates":[[[-1.2366646,49.3102642],[-1.2366303,49.3102934],[-1.2365416,49.3102492],[-1.2365759,49.3102199],[-1.2366646,49.3102642]]]}},{"type":"Feature","properties":{},"geometry":{"type":"Polygon","coordinates":[[[-1.2377646,49.3101343],[-1.2377559,49.3101706],[-1.2376455,49.3101595],[-1.2376542,49.3101231],[-1.2377646,49.3101343]]]}},{"type":"Feature","properties":{},"geometry":{"type":"Polygon","coordinates":[[[-1.2372875,49.3097331],[-1.2373049,49.3096981],[-1.2374112,49.3097206],[-1.2373938,49.3097556],[-1.2372875,49.3097331]]]}},{"type":"Feature","properties":{},"geometry":{"type":"Polygon","coordinates":[[[-1.2374832,49.3096583],[-1.2374497,49.3096879],[-1.2373598,49.3096447],[-1.2373933,49.3096151],[-1.2374832,49.3096583]]]}},{"type":"Feature","properties":{},"geometry":{"type":"Polygon","coordinates":[[[-1.2372057,49.3097528],[-1.237257,49.3097374],[-1.2373036,49.3098036],[-1.2372523,49.309819],[-1.2372057,49.3097528]]]}},{"type":"Feature","properties":{},"geometry":{"type":"Polygon","coordinates":[[[-1.237136,49.3098243],[-1.237179,49.3098005],[-1.2372513,49.309856],[-1.2372082,49.3098798],[-1.237136,49.3098243]]]}},{"type":"Feature","properties":{},"geometry":{"type":"Polygon","coordinates":[[[-1.2376449,49.3094859],[-1.2376113,49.3095155],[-1.2375215,49.3094723],[-1.237555,49.3094427],[-1.2376449,49.3094859]]]}},{"type":"Feature","properties":{},"geometry":{"type":"Polygon","coordinates":[[[-1.2378935,49.3093271],[-1.2378497,49.3093504],[-1.2377792,49.3092939],[-1.237823,49.3092707],[-1.2378935,49.3093271]]]}},{"type":"Feature","properties":{},"geometry":{"type":"Polygon","coordinates":[[[-1.2380013,49.3092896],[-1.2379464,49.3092982],[-1.2379205,49.3092273],[-1.2379754,49.3092188],[-1.2380013,49.3092896]]]}},{"type":"Feature","properties":{},"geometry":{"type":"Polygon","coordinates":[[[-1.2377556,49.3094163],[-1.2377181,49.3094438],[-1.2376346,49.3093955],[-1.237672,49.3093679],[-1.2377556,49.3094163]]]}},{"type":"Feature","properties":{},"geometry":{"type":"Polygon","coordinates":[[[-1.2456286,49.3086174],[-1.2445641,49.3084215],[-1.2446084,49.3083192],[-1.2456729,49.308515],[-1.2456286,49.3086174]]]}},{"type":"Feature","properties":{},"geometry":{"type":"Polygon","coordinates":[[[-1.2473839,49.2970714],[-1.2473921,49.2971502],[-1.2472503,49.2971565],[-1.2472422,49.2970776],[-1.2473839,49.2970714]]]}},{"type":"Feature","properties":{},"geometry":{"type":"Polygon","coordinates":[[[-1.2472128,49.297035],[-1.2472276,49.2971636],[-1.2471039,49.2971696],[-1.2470951,49.2970929],[-1.2470587,49.2970947],[-1.24705,49.2970193],[-1.2471358,49.2970151],[-1.2471385,49.2970387],[-1.2472128,49.297035]]]}},{"type":"Feature","properties":{},"geometry":{"type":"Polygon","coordinates":[[[-1.2469505,49.2970291],[-1.2469568,49.2971254],[-1.246818,49.2971292],[-1.2468201,49.2971617],[-1.2466644,49.2971661],[-1.2466623,49.2971341],[-1.2466378,49.2971348],[-1.2466352,49.2970954],[-1.2467059,49.2970934],[-1.2467039,49.2970621],[-1.2467544,49.2970607],[-1.2467527,49.2970346],[-1.2469505,49.2970291]]]}},{"type":"Feature","properties":{},"geometry":{"type":"Polygon","coordinates":[[[-1.2471865,49.29687],[-1.2471778,49.2967546],[-1.2471269,49.2967563],[-1.2471242,49.2967202],[-1.2470174,49.2967236],[-1.2470214,49.2967783],[-1.2468614,49.2967834],[-1.2468673,49.2968619],[-1.2470385,49.2968565],[-1.2470336,49.2967912],[-1.2470768,49.2967899],[-1.2470831,49.2968733],[-1.2471865,49.29687]]]}},{"type":"Feature","properties":{},"geometry":{"type":"Polygon","coordinates":[[[-1.2478366,49.2963198],[-1.247845,49.2963856],[-1.2477216,49.2963923],[-1.2477234,49.2964064],[-1.2475616,49.2964152],[-1.2475554,49.2963673],[-1.2475925,49.2963652],[-1.247587,49.2963223],[-1.2476577,49.2963184],[-1.2476549,49.2962965],[-1.2477963,49.2962887],[-1.2478006,49.2963218],[-1.2478366,49.2963198]]]}},{"type":"Feature","properties":{},"geometry":{"type":"Polygon","coordinates":[[[-1.2472993,49.2961533],[-1.247306,49.2962285],[-1.2472482,49.2962307],[-1.2472476,49.2962241],[-1.2472301,49.2962248],[-1.2472333,49.2962599],[-1.2471448,49.2962632],[-1.2471355,49.2961595],[-1.2472993,49.2961533]]]}},{"type":"Feature","properties":{},"geometry":{"type":"Polygon","coordinates":[[[-1.2477853,49.2961377],[-1.2477906,49.2962087],[-1.2476451,49.2962133],[-1.2476445,49.2962054],[-1.2476412,49.2961603],[-1.2476398,49.2961423],[-1.2477853,49.2961377]]]}},{"type":"Feature","properties":{},"geometry":{"type":"Polygon","coordinates":[[[-1.2487566,49.2966013],[-1.2485411,49.2966081],[-1.2485337,49.2965085],[-1.2485868,49.2965069],[-1.248593,49.2965169],[-1.2486669,49.2965129],[-1.2486731,49.2965229],[-1.2487505,49.2965205],[-1.2487566,49.2966013]]]}},{"type":"Feature","properties":{},"geometry":{"type":"Polygon","coordinates":[[[-1.2489924,49.2962112],[-1.2490055,49.2963469],[-1.248898,49.2963513],[-1.2488916,49.2962842],[-1.2488247,49.2962869],[-1.2488232,49.296276],[-1.2488176,49.2962184],[-1.2489924,49.2962112]]]}},{"type":"Feature","properties":{},"geometry":{"type":"Polygon","coordinates":[[[-1.2487639,49.2962371],[-1.2487697,49.2962791],[-1.2488232,49.296276],[-1.2488247,49.2962869],[-1.2488361,49.2963687],[-1.2486946,49.296377],[-1.248688,49.2963296],[-1.2486351,49.2963327],[-1.248623,49.2962455],[-1.2487639,49.2962371]]]}},{"type":"Feature","properties":{},"geometry":{"type":"Polygon","coordinates":[[[-1.2488452,49.2960028],[-1.2488518,49.2960787],[-1.2487703,49.2960817],[-1.248771,49.2960904],[-1.2486614,49.2960944],[-1.2486548,49.2960183],[-1.2487615,49.2960143],[-1.2487607,49.2960059],[-1.2488452,49.2960028]]]}},{"type":"Feature","properties":{},"geometry":{"type":"Polygon","coordinates":[[[-1.2485687,49.2959743],[-1.2485748,49.2960481],[-1.2484383,49.296053],[-1.2484309,49.2959647],[-1.2484765,49.295963],[-1.2484777,49.2959776],[-1.2485687,49.2959743]]]}},{"type":"Feature","properties":{},"geometry":{"type":"Polygon","coordinates":[[[-1.2483883,49.2959662],[-1.2483952,49.2960445],[-1.2482182,49.2960512],[-1.2482112,49.2959728],[-1.2483883,49.2959662]]]}},{"type":"Feature","properties":{},"geometry":{"type":"Polygon","coordinates":[[[-1.2489535,49.2956209],[-1.2489552,49.2956412],[-1.2490071,49.2956394],[-1.2490103,49.2956771],[-1.2489587,49.2956789],[-1.2489595,49.2956881],[-1.2488534,49.2956919],[-1.2488552,49.2957143],[-1.2488008,49.2957163],[-1.2487949,49.295646],[-1.2488457,49.2956442],[-1.248844,49.2956248],[-1.2489535,49.2956209]]]}},{"type":"Feature","properties":{},"geometry":{"type":"Polygon","coordinates":[[[-1.2486619,49.2956894],[-1.2486672,49.2957526],[-1.2485116,49.2957582],[-1.2485063,49.2956949],[-1.2486619,49.2956894]]]}},{"type":"Feature","properties":{},"geometry":{"type":"Polygon","coordinates":[[[-1.2484457,49.2957065],[-1.2484511,49.2957697],[-1.2482957,49.2957753],[-1.2482903,49.295712],[-1.2484457,49.2957065]]]}},{"type":"Feature","properties":{},"geometry":{"type":"Polygon","coordinates":[[[-1.2476377,49.2957188],[-1.2476333,49.2956692],[-1.2477536,49.2956647],[-1.2477608,49.2957457],[-1.2478155,49.2957436],[-1.2478216,49.2958114],[-1.2477228,49.2958151],[-1.2477188,49.2957695],[-1.2476424,49.2957724],[-1.2476377,49.2957188]]]}},{"type":"Feature","properties":{},"geometry":{"type":"Polygon","coordinates":[[[-1.2472226,49.2957484],[-1.2472352,49.2958453],[-1.247092,49.2958532],[-1.2470793,49.2957564],[-1.2472226,49.2957484]]]}},{"type":"Feature","properties":{},"geometry":{"type":"Polygon","coordinates":[[[-1.2472226,49.2959225],[-1.2472282,49.2959818],[-1.2472845,49.2959795],[-1.2472882,49.2960185],[-1.2471285,49.296025],[-1.2471191,49.2959267],[-1.2472226,49.2959225]]]}},{"type":"Feature","properties":{},"geometry":{"type":"Polygon","coordinates":[[[-1.239078,49.3126263],[-1.2388767,49.3126177],[-1.2389096,49.3122911],[-1.239111,49.3122998],[-1.239078,49.3126263]]]}},{"type":"Feature","properties":{},"geometry":{"type":"Polygon","coordinates":[[[-1.2393362,49.3020408],[-1.239371,49.3020126],[-1.2392881,49.301969],[-1.2392533,49.3019972],[-1.2393362,49.3020408]]]}},{"type":"Feature","properties":{},"geometry":{"type":"Polygon","coordinates":[[[-1.2597191,49.3122744],[-1.2594162,49.3124793],[-1.2586439,49.3119939],[-1.258947,49.311789],[-1.2597191,49.3122744]]]}},{"type":"Feature","properties":{},"geometry":{"type":"Polygon","coordinates":[[[-1.2349785,49.3028595],[-1.2351693,49.3028483],[-1.2351526,49.3027277],[-1.2349618,49.3027389],[-1.2349785,49.3028595]]]}},{"type":"Feature","properties":{},"geometry":{"type":"Polygon","coordinates":[[[-1.2571684,49.3106876],[-1.2566456,49.3100647],[-1.2570818,49.3099091],[-1.2574572,49.3103564],[-1.2577219,49.310262],[-1.2578693,49.3104376],[-1.2571684,49.3106876]]]}},{"type":"Feature","properties":{},"geometry":{"type":"Polygon","coordinates":[[[-1.2455881,49.3074272],[-1.2455289,49.3074354],[-1.2455354,49.3074551],[-1.2455944,49.3074469],[-1.2456021,49.3074703],[-1.2457932,49.3074436],[-1.2457656,49.3073599],[-1.2455748,49.3073866],[-1.2455881,49.3074272]]]}},{"type":"Feature","properties":{},"geometry":{"type":"Polygon","coordinates":[[[-1.2450581,49.3075609],[-1.2450529,49.3075444],[-1.2450585,49.3075437],[-1.2450557,49.3075351],[-1.2450818,49.3075314],[-1.2450861,49.3075447],[-1.2451181,49.3075403],[-1.2451193,49.307544],[-1.2451617,49.3075381],[-1.245173,49.3075733],[-1.2452924,49.3075568],[-1.2452808,49.3075214],[-1.2452955,49.3075193],[-1.2452859,49.3074899],[-1.2453249,49.3074836],[-1.2453137,49.3074494],[-1.2452748,49.3074556],[-1.245253,49.3073876],[-1.2451443,49.3074028],[-1.2451455,49.3074064],[-1.2451151,49.3074106],[-1.2451138,49.3074069],[-1.2450642,49.3074138],[-1.2450653,49.3074175],[-1.2450074,49.3074256],[-1.2450063,49.3074218],[-1.2449565,49.3074288],[-1.2449578,49.3074325],[-1.2448999,49.3074404],[-1.2448986,49.3074368],[-1.244849,49.3074437],[-1.2448501,49.3074474],[-1.2448184,49.3074517],[-1.2448363,49.3075079],[-1.2448419,49.3075071],[-1.2448489,49.307528],[-1.2448522,49.3075384],[-1.2448465,49.3075391],[-1.244857,49.3075717],[-1.2448627,49.3075708],[-1.2448749,49.3076087],[-1.2448693,49.3076095],[-1.2448799,49.307642],[-1.2448855,49.3076412],[-1.2448921,49.307662],[-1.2449788,49.3076502],[-1.2449762,49.3076414],[-1.244995,49.3076387],[-1.2449978,49.3076475],[-1.2450824,49.3076358],[-1.2450756,49.3076148],[-1.2450813,49.307614],[-1.2450707,49.3075817],[-1.2450651,49.3075825],[-1.2450581,49.3075609]]]}},{"type":"Feature","properties":{},"geometry":{"type":"Polygon","coordinates":[[[-1.2463869,49.3096184],[-1.2464188,49.3095487],[-1.2463112,49.3095276],[-1.2462796,49.3095993],[-1.2463869,49.3096184]]]}},{"type":"Feature","properties":{},"geometry":{"type":"Polygon","coordinates":[[[-1.2461284,49.3095749],[-1.2461411,49.3095446],[-1.2462325,49.3095601],[-1.2462666,49.3094727],[-1.2461599,49.3094549],[-1.2461324,49.3095242],[-1.2460933,49.3095178],[-1.2460728,49.3095648],[-1.2461284,49.3095749]]]}},{"type":"Feature","properties":{},"geometry":{"type":"Polygon","coordinates":[[[-1.2460503,49.309521],[-1.2459445,49.3095009],[-1.2459825,49.3094144],[-1.2460883,49.3094342],[-1.2460503,49.309521]]]}},{"type":"Feature","properties":{},"geometry":{"type":"Polygon","coordinates":[[[-1.2590852,49.3098249],[-1.2597803,49.3102067],[-1.2596006,49.3103458],[-1.2589055,49.3099639],[-1.2590852,49.3098249]]]}},{"type":"Feature","properties":{},"geometry":{"type":"Polygon","coordinates":[[[-1.2671361,49.303215],[-1.2659552,49.3033645],[-1.2658836,49.3031239],[-1.2662645,49.3030757],[-1.266232,49.3029664],[-1.2665088,49.3029314],[-1.2665265,49.3029908],[-1.2669757,49.302934],[-1.2670062,49.3030365],[-1.2670801,49.3030271],[-1.2671361,49.303215]]]}},{"type":"Feature","properties":{},"geometry":{"type":"Polygon","coordinates":[[[-1.2546702,49.3083104],[-1.2547573,49.3084117],[-1.25475,49.3084145],[-1.2548142,49.308489],[-1.2547186,49.3085243],[-1.254568,49.3083482],[-1.2546702,49.3083104]]]}},{"type":"Feature","properties":{},"geometry":{"type":"Polygon","coordinates":[[[-1.2660322,49.3221657],[-1.2658685,49.3219481],[-1.2658994,49.3219385],[-1.2657807,49.3217864],[-1.265836,49.321769],[-1.265913,49.321877],[-1.265979,49.321856],[-1.265999,49.321885],[-1.2661757,49.3221282],[-1.2660322,49.3221657]]]}},{"type":"Feature","properties":{},"geometry":{"type":"Polygon","coordinates":[[[-1.2503039,49.2994418],[-1.2501473,49.2993869],[-1.2501979,49.2993254],[-1.2503546,49.2993803],[-1.2503039,49.2994418]]]}},{"type":"Feature","properties":{},"geometry":{"type":"Polygon","coordinates":[[[-1.248353,49.3091227],[-1.2486434,49.3090292],[-1.2481857,49.3084639],[-1.2479136,49.3085526],[-1.248353,49.3091227]]]}},{"type":"Feature","properties":{},"geometry":{"type":"Polygon","coordinates":[[[-1.2630574,49.3015565],[-1.2630563,49.3015141],[-1.263053,49.301514],[-1.2630503,49.3014063],[-1.2628194,49.3014099],[-1.262825,49.3015586],[-1.2629902,49.3015556],[-1.2629902,49.3015575],[-1.2630574,49.3015565]]]}},{"type":"Feature","properties":{},"geometry":{"type":"Polygon","coordinates":[[[-1.2624051,49.3012978],[-1.2623972,49.3010647],[-1.2619041,49.3010718],[-1.2619063,49.3011371],[-1.2615986,49.3011416],[-1.2616043,49.3013094],[-1.2624051,49.3012978]]]}},{"type":"Feature","properties":{},"geometry":{"type":"Polygon","coordinates":[[[-1.2442627,49.3088066],[-1.2441474,49.3087821],[-1.2441325,49.308812],[-1.2441764,49.3088213],[-1.2441592,49.3088558],[-1.2440589,49.3088346],[-1.2441072,49.3087377],[-1.2441644,49.3087499],[-1.2441906,49.3086974],[-1.2443051,49.3087217],[-1.2442627,49.3088066]]]}},{"type":"Feature","properties":{},"geometry":{"type":"Polygon","coordinates":[[[-1.2240754,49.3085992],[-1.2240428,49.3086683],[-1.2239242,49.30863],[-1.224004,49.308578],[-1.2240754,49.3085992]]]}},{"type":"Feature","properties":{},"geometry":{"type":"Polygon","coordinates":[[[-1.2405913,49.2966827],[-1.2406238,49.2966859],[-1.2405988,49.2967931],[-1.2405664,49.2967899],[-1.2405913,49.2966827]]]}},{"type":"Feature","properties":{},"geometry":{"type":"Polygon","coordinates":[[[-1.2426007,49.3008012],[-1.2427009,49.3007334],[-1.2427555,49.3007677],[-1.2426553,49.3008355],[-1.2426007,49.3008012]]]}},{"type":"Feature","properties":{},"geometry":{"type":"Polygon","coordinates":[[[-1.2438811,49.3015809],[-1.2438389,49.3016251],[-1.243229,49.3012545],[-1.243282,49.3012169],[-1.2438811,49.3015809]]]}},{"type":"Feature","properties":{},"geometry":{"type":"Polygon","coordinates":[[[-1.2440109,49.3014471],[-1.2439264,49.3015333],[-1.243453,49.3012491],[-1.2435603,49.3011737],[-1.2440109,49.3014471]]]}},{"type":"Feature","properties":{},"geometry":{"type":"Polygon","coordinates":[[[-1.2440517,49.3013273],[-1.2441115,49.3013634],[-1.2440625,49.301403],[-1.2436143,49.3011348],[-1.2436676,49.301097],[-1.243794,49.3011736],[-1.2439643,49.3012752],[-1.2440517,49.3013273]]]}},{"type":"Feature","properties":{},"geometry":{"type":"Polygon","coordinates":[[[-1.2463175,49.3014791],[-1.246209,49.3014674],[-1.2462404,49.3013434],[-1.2463489,49.301355],[-1.2463175,49.3014791]]]}},{"type":"Feature","properties":{},"geometry":{"type":"Polygon","coordinates":[[[-1.2466131,49.2981946],[-1.2466776,49.298191],[-1.2466879,49.2982709],[-1.2465948,49.298276],[-1.2465903,49.2982413],[-1.246454,49.2982488],[-1.2464489,49.2982094],[-1.2464939,49.2982069],[-1.2466138,49.2982003],[-1.2466131,49.2981946]]]}},{"type":"Feature","properties":{},"geometry":{"type":"Polygon","coordinates":[[[-1.2467705,49.2963186],[-1.2467787,49.2963585],[-1.2466427,49.2963704],[-1.2466345,49.2963305],[-1.2466988,49.2963249],[-1.2467705,49.2963186]]]}},{"type":"Feature","properties":{},"geometry":{"type":"Polygon","coordinates":[[[-1.2468413,49.2963124],[-1.2467705,49.2963186],[-1.2466988,49.2963249],[-1.2466834,49.2962503],[-1.246826,49.2962378],[-1.2468413,49.2963124]]]}},{"type":"Feature","properties":{},"geometry":{"type":"Polygon","coordinates":[[[-1.2481562,49.296162],[-1.248009,49.2961642],[-1.2480064,49.2960892],[-1.2481536,49.296087],[-1.2481562,49.296162]]]}},{"type":"Feature","properties":{},"geometry":{"type":"Polygon","coordinates":[[[-1.2476788,49.296057],[-1.247486,49.2960614],[-1.247482,49.2959869],[-1.2476748,49.2959825],[-1.2476788,49.296057]]]}},{"type":"Feature","properties":{},"geometry":{"type":"Polygon","coordinates":[[[-1.2476445,49.2962054],[-1.2475682,49.2962078],[-1.2475648,49.2961627],[-1.2476412,49.2961603],[-1.2476445,49.2962054]]]}},{"type":"Feature","properties":{},"geometry":{"type":"Polygon","coordinates":[[[-1.2476377,49.2957188],[-1.2476424,49.2957724],[-1.2476455,49.2958074],[-1.2475988,49.2958092],[-1.2475975,49.295795],[-1.2475076,49.2957985],[-1.247501,49.2957239],[-1.2476377,49.2957188]]]}},{"type":"Feature","properties":{},"geometry":{"type":"Polygon","coordinates":[[[-1.2492907,49.2956974],[-1.2491157,49.2957042],[-1.2491093,49.295633],[-1.2492842,49.2956263],[-1.2492907,49.2956974]]]}},{"type":"Feature","properties":{},"geometry":{"type":"Polygon","coordinates":[[[-1.2480273,49.2957703],[-1.2479045,49.2957749],[-1.2479043,49.2957727],[-1.2478605,49.2957744],[-1.2478549,49.2957111],[-1.2478987,49.2957095],[-1.247898,49.295701],[-1.2479595,49.2956987],[-1.2479602,49.2957072],[-1.2480215,49.2957049],[-1.2480273,49.2957703]]]}},{"type":"Feature","properties":{},"geometry":{"type":"Polygon","coordinates":[[[-1.2482148,49.295773],[-1.2481254,49.2957765],[-1.2481267,49.2957908],[-1.2480796,49.2957926],[-1.2480716,49.295704],[-1.248208,49.2956988],[-1.2482148,49.295773]]]}},{"type":"Feature","properties":{},"geometry":{"type":"Polygon","coordinates":[[[-1.2470734,49.2959307],[-1.2469882,49.295934],[-1.2469871,49.2959213],[-1.2469538,49.2959226],[-1.2469404,49.2959324],[-1.2469039,49.2959338],[-1.2469032,49.2959264],[-1.2468476,49.2959286],[-1.2468389,49.2958315],[-1.2468978,49.2958293],[-1.2468994,49.2958475],[-1.2469803,49.2958444],[-1.2469787,49.2958263],[-1.2470637,49.295823],[-1.2470734,49.2959307]]]}},{"type":"Feature","properties":{},"geometry":{"type":"Polygon","coordinates":[[[-1.2458409,49.2976865],[-1.2458837,49.2977004],[-1.2458351,49.2977644],[-1.2457922,49.2977506],[-1.2458409,49.2976865]]]}},{"type":"Feature","properties":{},"geometry":{"type":"Polygon","coordinates":[[[-1.2469492,49.2985287],[-1.2469817,49.2985007],[-1.2470696,49.2985441],[-1.2470371,49.298572],[-1.2469492,49.2985287]]]}},{"type":"Feature","properties":{},"geometry":{"type":"Polygon","coordinates":[[[-1.247218,49.2987215],[-1.2471048,49.298712],[-1.247161,49.2986603],[-1.2472273,49.2986663],[-1.247218,49.2987215]]]}},{"type":"Feature","properties":{},"geometry":{"type":"Polygon","coordinates":[[[-1.2480499,49.2994398],[-1.248056,49.2994],[-1.2481557,49.2994066],[-1.2481496,49.2994463],[-1.2480499,49.2994398]]]}},{"type":"Feature","properties":{},"geometry":{"type":"Polygon","coordinates":[[[-1.2478974,49.2992147],[-1.2479212,49.2991817],[-1.2480107,49.2992187],[-1.2480067,49.299252],[-1.2478974,49.2992147]]]}},{"type":"Feature","properties":{},"geometry":{"type":"Polygon","coordinates":[[[-1.2491761,49.2990352],[-1.2491144,49.2990071],[-1.2491724,49.2989532],[-1.249234,49.2989813],[-1.2491761,49.2990352]]]}},{"type":"Feature","properties":{},"geometry":{"type":"Polygon","coordinates":[[[-1.2575693,49.3000131],[-1.2575043,49.3000172],[-1.2574988,49.2999803],[-1.2574113,49.2999858],[-1.2574039,49.2999357],[-1.2575436,49.2999269],[-1.2575447,49.299934],[-1.2575992,49.2999305],[-1.2575982,49.2999236],[-1.2576585,49.2999198],[-1.2576653,49.2999652],[-1.2576079,49.2999688],[-1.2576128,49.3000019],[-1.2575681,49.3000047],[-1.2575693,49.3000131]]]}},{"type":"Feature","properties":{},"geometry":{"type":"Polygon","coordinates":[[[-1.257554,49.299035],[-1.2574809,49.298948],[-1.2575887,49.2989454],[-1.2575891,49.2989617],[-1.2575326,49.2989633],[-1.257565,49.299003],[-1.257582,49.299024],[-1.257554,49.299035]]]}},{"type":"Feature","properties":{},"geometry":{"type":"Polygon","coordinates":[[[-1.2571808,49.2969261],[-1.2571563,49.2968887],[-1.2572442,49.2968641],[-1.2572688,49.2969015],[-1.2571808,49.2969261]]]}},{"type":"Feature","properties":{},"geometry":{"type":"Polygon","coordinates":[[[-1.2571449,49.2967552],[-1.2570584,49.2967271],[-1.2570862,49.2966907],[-1.2571727,49.2967189],[-1.2571449,49.2967552]]]}},{"type":"Feature","properties":{},"geometry":{"type":"Polygon","coordinates":[[[-1.2573322,49.2964857],[-1.2571956,49.2964957],[-1.2571871,49.2964463],[-1.2573236,49.2964363],[-1.2573322,49.2964857]]]}},{"type":"Feature","properties":{},"geometry":{"type":"Polygon","coordinates":[[[-1.2547749,49.2966251],[-1.254626,49.2965694],[-1.254684,49.2965034],[-1.254833,49.2965592],[-1.2547749,49.2966251]]]}},{"type":"Feature","properties":{},"geometry":{"type":"Polygon","coordinates":[[[-1.2550328,49.2966486],[-1.2549727,49.2967171],[-1.2548482,49.2966706],[-1.2548543,49.2966637],[-1.2548069,49.296646],[-1.2548551,49.2965911],[-1.2549027,49.2966089],[-1.2549085,49.2966022],[-1.2550328,49.2966486]]]}},{"type":"Feature","properties":{},"geometry":{"type":"Polygon","coordinates":[[[-1.2553481,49.2967389],[-1.2552839,49.2968114],[-1.2551362,49.2967558],[-1.2552004,49.2966833],[-1.2553481,49.2967389]]]}},{"type":"Feature","properties":{},"geometry":{"type":"Polygon","coordinates":[[[-1.2554996,49.2968048],[-1.2555479,49.2968228],[-1.2554294,49.2969583],[-1.2553723,49.2969368],[-1.2554032,49.2969016],[-1.2553402,49.2968781],[-1.2553327,49.2968598],[-1.2553732,49.2968133],[-1.2554094,49.2968267],[-1.2554219,49.2968121],[-1.2554581,49.2968254],[-1.2554862,49.2968204],[-1.2554996,49.2968048]]]}},{"type":"Feature","properties":{},"geometry":{"type":"Polygon","coordinates":[[[-1.2557073,49.2969855],[-1.2556627,49.296969],[-1.2556518,49.2969815],[-1.2555951,49.2969604],[-1.2556007,49.296954],[-1.2555694,49.2969423],[-1.2555637,49.2969488],[-1.2555391,49.2969769],[-1.2554804,49.2969551],[-1.2555914,49.2968283],[-1.2556627,49.2968548],[-1.2556353,49.2968862],[-1.2557107,49.2969142],[-1.2557098,49.2969152],[-1.2557543,49.2969318],[-1.2557073,49.2969855]]]}},{"type":"Feature","properties":{},"geometry":{"type":"Polygon","coordinates":[[[-1.2559501,49.2970359],[-1.2558897,49.2971061],[-1.2558384,49.2970873],[-1.2558438,49.297081],[-1.2557614,49.2970509],[-1.2557819,49.2970271],[-1.2557323,49.2970089],[-1.2557791,49.2969546],[-1.2558279,49.2969725],[-1.2558157,49.2969867],[-1.2559501,49.2970359]]]}},{"type":"Feature","properties":{},"geometry":{"type":"Polygon","coordinates":[[[-1.256493,49.2948418],[-1.256548,49.294857],[-1.256505,49.2949234],[-1.2564499,49.2949082],[-1.256493,49.2948418]]]}},{"type":"Feature","properties":{},"geometry":{"type":"Polygon","coordinates":[[[-1.2538648,49.2934095],[-1.253839,49.2934052],[-1.2538343,49.2934174],[-1.2538127,49.2934139],[-1.2538174,49.2934018],[-1.2537964,49.2933984],[-1.2538133,49.2933545],[-1.2538817,49.2933657],[-1.2538648,49.2934095]]]}},{"type":"Feature","properties":{},"geometry":{"type":"Polygon","coordinates":[[[-1.2540844,49.2934595],[-1.253911,49.2934338],[-1.2539368,49.2933596],[-1.2541102,49.2933853],[-1.2540844,49.2934595]]]}},{"type":"Feature","properties":{},"geometry":{"type":"Polygon","coordinates":[[[-1.2544167,49.293467],[-1.2543749,49.293458],[-1.254411,49.2933868],[-1.2544528,49.2933958],[-1.2544167,49.293467]]]}},{"type":"Feature","properties":{},"geometry":{"type":"Polygon","coordinates":[[[-1.2547755,49.2936424],[-1.2546511,49.2936051],[-1.254723,49.2935033],[-1.2548476,49.2935408],[-1.2548237,49.2935746],[-1.2547985,49.293567],[-1.2547742,49.2936013],[-1.2547992,49.2936088],[-1.2547755,49.2936424]]]}},{"type":"Feature","properties":{},"geometry":{"type":"Polygon","coordinates":[[[-1.2546482,49.2937664],[-1.254555,49.2937382],[-1.2545801,49.2937028],[-1.2546734,49.2937311],[-1.2546482,49.2937664]]]}},{"type":"Feature","properties":{},"geometry":{"type":"Polygon","coordinates":[[[-1.2548253,49.293769],[-1.2547066,49.2937342],[-1.254763,49.2936524],[-1.2548817,49.2936872],[-1.2548253,49.293769]]]}},{"type":"Feature","properties":{},"geometry":{"type":"Polygon","coordinates":[[[-1.2551531,49.2936647],[-1.2551253,49.2936992],[-1.2550426,49.293671],[-1.2550515,49.29366],[-1.2550687,49.2936658],[-1.2550876,49.2936423],[-1.2551531,49.2936647]]]}},{"type":"Feature","properties":{},"geometry":{"type":"Polygon","coordinates":[[[-1.2550778,49.2935719],[-1.255027,49.2935532],[-1.2550677,49.2935063],[-1.2550992,49.2935179],[-1.2551091,49.2935066],[-1.2551283,49.2935137],[-1.2550778,49.2935719]]]}},{"type":"Feature","properties":{},"geometry":{"type":"Polygon","coordinates":[[[-1.2552058,49.2936564],[-1.2551035,49.2936217],[-1.25517,49.2935385],[-1.2552723,49.2935733],[-1.2552431,49.2936098],[-1.2552332,49.2936065],[-1.2552247,49.293617],[-1.2552346,49.2936204],[-1.2552058,49.2936564]]]}},{"type":"Feature","properties":{},"geometry":{"type":"Polygon","coordinates":[[[-1.2596488,49.3016532],[-1.2594646,49.3016599],[-1.2594712,49.3017457],[-1.2595598,49.3017428],[-1.2595587,49.3017293],[-1.2595757,49.3017288],[-1.2595829,49.301733],[-1.2596469,49.3017308],[-1.2596546,49.3017253],[-1.2596488,49.3016532]]]}},{"type":"Feature","properties":{},"geometry":{"type":"Polygon","coordinates":[[[-1.25754,49.3142115],[-1.257186,49.3143487],[-1.2572695,49.3144463],[-1.2576271,49.3143075],[-1.25754,49.3142115]]]}},{"type":"Feature","properties":{},"geometry":{"type":"Polygon","coordinates":[[[-1.2570315,49.3145133],[-1.2570375,49.3145284],[-1.2570519,49.3145408],[-1.2570724,49.3145487],[-1.2570961,49.3145509],[-1.2571192,49.314547],[-1.2571383,49.3145376],[-1.2571505,49.3145242],[-1.2571538,49.3145088],[-1.2571478,49.3144937],[-1.2571334,49.3144813],[-1.2571128,49.3144733],[-1.2570892,49.3144712],[-1.257066,49.3144751],[-1.2570469,49.3144844],[-1.2570348,49.3144979],[-1.2570315,49.3145133]]]}},{"type":"Feature","properties":{},"geometry":{"type":"Polygon","coordinates":[[[-1.23096,49.3008369],[-1.2309106,49.3007919],[-1.2308268,49.3008304],[-1.2308715,49.3008748],[-1.23096,49.3008369]]]}},{"type":"Feature","properties":{},"geometry":{"type":"Polygon","coordinates":[[[-1.2599633,49.3109463],[-1.2598747,49.3108896],[-1.2599338,49.3108503],[-1.2600225,49.3109071],[-1.2599633,49.3109463]]]}},{"type":"Feature","properties":{},"geometry":{"type":"Polygon","coordinates":[[[-1.2825361,49.2931961],[-1.2826243,49.2931784],[-1.2826921,49.2931375],[-1.2827259,49.2930814],[-1.2827191,49.2930214],[-1.282673,49.2929692],[-1.2825967,49.2929352],[-1.2825055,49.2929262],[-1.2824172,49.2929439],[-1.2823495,49.2929848],[-1.2823156,49.2930408],[-1.2823225,49.2931009],[-1.2823686,49.2931531],[-1.2824448,49.293187],[-1.2825361,49.2931961]]]}},{"type":"Feature","properties":{},"geometry":{"type":"Polygon","coordinates":[[[-1.2825935,49.2928225],[-1.2825986,49.292879],[-1.2823934,49.292887],[-1.2823882,49.2928305],[-1.2825935,49.2928225]]]}},{"type":"Feature","properties":{},"geometry":{"type":"Polygon","coordinates":[[[-1.2827075,49.29264],[-1.2829436,49.2926318],[-1.2829246,49.292401],[-1.2826903,49.2924092],[-1.2827075,49.29264]]]}},{"type":"Feature","properties":{},"geometry":{"type":"Polygon","coordinates":[[[-1.2493238,49.3027175],[-1.2491924,49.3027857],[-1.2490575,49.3026753],[-1.2491593,49.3026224],[-1.2492353,49.3026847],[-1.2492649,49.3026693],[-1.2493238,49.3027175]]]}},{"type":"Feature","properties":{},"geometry":{"type":"Polygon","coordinates":[[[-1.248927,49.3057046],[-1.2487743,49.3057174],[-1.248766,49.3056751],[-1.2487854,49.3056735],[-1.2487753,49.3056221],[-1.2489086,49.305611],[-1.248927,49.3057046]]]}},{"type":"Feature","properties":{},"geometry":{"type":"Polygon","coordinates":[[[-1.24838,49.3061479],[-1.2482183,49.3061613],[-1.2482001,49.3060677],[-1.2482403,49.3060644],[-1.2482327,49.3060289],[-1.2483141,49.3060232],[-1.2483199,49.3060604],[-1.2483817,49.3060553],[-1.2483941,49.3061187],[-1.24838,49.3061479]]]}},{"type":"Feature","properties":{},"geometry":{"type":"Polygon","coordinates":[[[-1.2483141,49.3060232],[-1.2482327,49.3060289],[-1.2482148,49.3060302],[-1.2482079,49.3059882],[-1.2483071,49.3059812],[-1.2483141,49.3060232]]]}},{"type":"Feature","properties":{},"geometry":{"type":"Polygon","coordinates":[[[-1.2658745,49.3087993],[-1.2659263,49.3087321],[-1.2661807,49.3088155],[-1.2661289,49.3088827],[-1.2658745,49.3087993]]]}},{"type":"Feature","properties":{},"geometry":{"type":"Polygon","coordinates":[[[-1.2666163,49.308102],[-1.2667205,49.3079269],[-1.2666115,49.3078993],[-1.2665318,49.3080332],[-1.2665575,49.3080397],[-1.266533,49.3080809],[-1.2666163,49.308102]]]}},{"type":"Feature","properties":{},"geometry":{"type":"Polygon","coordinates":[[[-1.2623733,49.3086177],[-1.2625153,49.3084214],[-1.2623998,49.3083859],[-1.2622578,49.3085822],[-1.2623733,49.3086177]]]}},{"type":"Feature","properties":{},"geometry":{"type":"Polygon","coordinates":[[[-1.2630616,49.3031464],[-1.2632282,49.3028571],[-1.2628786,49.3028666],[-1.2628968,49.3031508],[-1.2630616,49.3031464]]]}},{"type":"Feature","properties":{},"geometry":{"type":"Polygon","coordinates":[[[-1.2607574,49.3052493],[-1.2607954,49.3051931],[-1.2605405,49.3051198],[-1.2605025,49.3051759],[-1.2607574,49.3052493]]]}},{"type":"Feature","properties":{},"geometry":{"type":"Polygon","coordinates":[[[-1.2678056,49.299795],[-1.267845,49.2997878],[-1.2678859,49.2997877],[-1.2679255,49.2997944],[-1.267961,49.2998077],[-1.2679901,49.2998265],[-1.2680106,49.2998496],[-1.2680212,49.2998754],[-1.2680211,49.2999021],[-1.2680083,49.299931],[-1.2679831,49.2999562],[-1.2679477,49.2999755],[-1.2679051,49.2999872],[-1.2678592,49.2999902],[-1.267814,49.2999844],[-1.2677733,49.2999702],[-1.2677405,49.2999486],[-1.2677189,49.2999216],[-1.2677105,49.2998917],[-1.2677161,49.2998615],[-1.2677351,49.2998337],[-1.2677658,49.2998109],[-1.2678056,49.299795]]]}},{"type":"Feature","properties":{},"geometry":{"type":"Polygon","coordinates":[[[-1.2411577,49.3024864],[-1.240542,49.3024354],[-1.2403756,49.3023056],[-1.2403745,49.3022814],[-1.2403974,49.3022708],[-1.2411839,49.3023368],[-1.2411577,49.3024864]]]}},{"type":"Feature","properties":{},"geometry":{"type":"Polygon","coordinates":[[[-1.239416,49.30484],[-1.239476,49.304895],[-1.239549,49.304961],[-1.239598,49.305006],[-1.23976,49.305154],[-1.240313,49.305028],[-1.24058,49.304965],[-1.240537,49.304885],[-1.240269,49.304947],[-1.240223,49.304956],[-1.240201,49.304915],[-1.24027,49.304898],[-1.240285,49.304822],[-1.240163,49.30485],[-1.240143,49.304833],[-1.240089,49.304829],[-1.240095,49.304792],[-1.240061,49.304763],[-1.239601,49.304716],[-1.239416,49.30484]]]}},{"type":"Feature","properties":{},"geometry":{"type":"Polygon","coordinates":[[[-1.245361,49.307611],[-1.245373,49.307648],[-1.24502,49.307696],[-1.245045,49.307771],[-1.245398,49.307723],[-1.245406,49.307749],[-1.245624,49.30772],[-1.245601,49.307649],[-1.245586,49.307606],[-1.24571,49.307589],[-1.245736,49.30767],[-1.245765,49.307762],[-1.246067,49.307722],[-1.246083,49.30772],[-1.246002,49.307467],[-1.245683,49.307512],[-1.245701,49.307568],[-1.245577,49.307584],[-1.2455354,49.3074551],[-1.2455289,49.3074354],[-1.245499,49.307346],[-1.245623,49.307329],[-1.245629,49.307347],[-1.245947,49.307302],[-1.245927,49.307244],[-1.245921,49.307224],[-1.245901,49.307166],[-1.245549,49.307216],[-1.245551,49.307223],[-1.245507,49.307229],[-1.245505,49.307222],[-1.245465,49.307228],[-1.245456,49.3072],[-1.245422,49.307205],[-1.245309,49.306863],[-1.245138,49.306887],[-1.245239,49.307191],[-1.245258,49.307246],[-1.244996,49.307284],[-1.244857,49.307304],[-1.244847,49.307277],[-1.244779,49.307287],[-1.244818,49.3074],[-1.244941,49.307382],[-1.245287,49.307333],[-1.245347,49.307518],[-1.245331,49.30752],[-1.245333,49.307526],[-1.245344,49.307558],[-1.245361,49.307611]]]}},{"type":"Feature","properties":{},"geometry":{"type":"Polygon","coordinates":[[[-1.250777,49.305052],[-1.250451,49.304766],[-1.25044,49.304771],[-1.250339,49.304822],[-1.250324,49.304829],[-1.250474,49.30496],[-1.250445,49.304962],[-1.250419,49.304966],[-1.250348,49.304865],[-1.250262,49.304892],[-1.250328,49.304987],[-1.250289,49.305],[-1.250167,49.304894],[-1.250091,49.304932],[-1.250209,49.305036],[-1.250202,49.30504],[-1.250029,49.304964],[-1.249972,49.30502],[-1.250118,49.305084],[-1.250131,49.30509],[-1.25012,49.305094],[-1.250056,49.305098],[-1.250007,49.305098],[-1.24993,49.305093],[-1.249813,49.30507],[-1.249751,49.305204],[-1.2498665,49.3052273],[-1.249889,49.305183],[-1.249897,49.305185],[-1.249979,49.305193],[-1.250061,49.305194],[-1.250143,49.305189],[-1.250192,49.305182],[-1.250224,49.305177],[-1.250233,49.305198],[-1.250274,49.305191],[-1.25035,49.30517],[-1.250421,49.305143],[-1.250487,49.30511],[-1.250546,49.305072],[-1.250574,49.305049],[-1.250649,49.305116],[-1.250687,49.305097],[-1.250743,49.305069],[-1.250777,49.305052]]]}},{"type":"Feature","properties":{},"geometry":{"type":"Polygon","coordinates":[[[-1.244487,49.302889],[-1.244408,49.302873],[-1.244353,49.302862],[-1.24434,49.302866],[-1.244284,49.30284],[-1.244265,49.302859],[-1.244148,49.302967],[-1.244122,49.302992],[-1.244115,49.302999],[-1.244241,49.302992],[-1.244385,49.302983],[-1.244529,49.302975],[-1.24456,49.302904],[-1.244487,49.302889]]]}},{"type":"Feature","properties":{},"geometry":{"type":"Polygon","coordinates":[[[-1.248495,49.302558],[-1.248486,49.302554],[-1.248398,49.302631],[-1.248509,49.302698],[-1.248584,49.302743],[-1.248633,49.302772],[-1.248645,49.302779],[-1.24875,49.302705],[-1.248495,49.302558]]]}},{"type":"Feature","properties":{},"geometry":{"type":"Polygon","coordinates":[[[-1.241366,49.303434],[-1.241391,49.303367],[-1.241492,49.303381],[-1.24147,49.303448],[-1.241628,49.30347],[-1.241744,49.303487],[-1.241734,49.303352],[-1.241638,49.303342],[-1.241447,49.30332],[-1.24146,49.303284],[-1.241426,49.303279],[-1.241346,49.303265],[-1.241335,49.303263],[-1.241322,49.303298],[-1.241276,49.303421],[-1.241366,49.303434]]]}},{"type":"Feature","properties":{},"geometry":{"type":"Polygon","coordinates":[[[-1.244769,49.3075155],[-1.244733,49.3074055],[-1.244749,49.3074045],[-1.24472,49.3073215],[-1.244705,49.3073235],[-1.244645,49.3071445],[-1.244433,49.3071785],[-1.244426,49.3071795],[-1.244423,49.3071745],[-1.244393,49.3071865],[-1.244208,49.3071905],[-1.244025,49.3071925],[-1.244023,49.3071565],[-1.244034,49.3071555],[-1.244033,49.3070495],[-1.244032,49.3069255],[-1.244069,49.3069255],[-1.244068,49.3068015],[-1.244028,49.3068015],[-1.244026,49.3066565],[-1.244027,49.3066365],[-1.244025,49.3065375],[-1.243944,49.3065375],[-1.243917,49.3065375],[-1.243916,49.3065235],[-1.243898,49.3065235],[-1.243897,49.3065145],[-1.243803,49.3064905],[-1.2438061,49.3067938],[-1.2437129,49.3067942],[-1.2437104,49.306545],[-1.2437142,49.306545],[-1.2437132,49.3064522],[-1.2434959,49.3064534],[-1.2434974,49.3065461],[-1.2435013,49.3065459],[-1.2435034,49.306795],[-1.2434566,49.3067956],[-1.2434571,49.3068015],[-1.2433573,49.3068016],[-1.2433561,49.3066925],[-1.2433599,49.3066924],[-1.2433597,49.3066888],[-1.2431904,49.3066894],[-1.2431927,49.3069297],[-1.2434562,49.3069268],[-1.2434566,49.3069542],[-1.2433668,49.3069538],[-1.2433698,49.307287],[-1.2434709,49.3072869],[-1.2434708,49.3072734],[-1.243507,49.3072732],[-1.2435066,49.3072869],[-1.2436042,49.3072865],[-1.2436008,49.3071224],[-1.2435643,49.3071226],[-1.2435646,49.3071095],[-1.2435848,49.3071101],[-1.2435827,49.3069363],[-1.243717,49.3069355],[-1.243717,49.3069275],[-1.243811,49.3069265],[-1.243814,49.3071575],[-1.243932,49.3071545],[-1.243933,49.3072155],[-1.244046,49.3072145],[-1.244046,49.3073295],[-1.244021,49.3073295],[-1.244023,49.3073835],[-1.244045,49.3073835],[-1.24405,49.3076455],[-1.244347,49.3076405],[-1.244446,49.3076385],[-1.24463,49.3076355],[-1.244633,49.3076375],[-1.244806,49.3076325],[-1.244808,49.3076325],[-1.244769,49.3075155]]]}},{"type":"Feature","properties":{},"geometry":{"type":"Polygon","coordinates":[[[-1.2710557,49.2987804],[-1.2709974,49.2987049],[-1.2710949,49.2986729],[-1.2710618,49.29863],[-1.2709643,49.298662],[-1.2708187,49.2984735],[-1.2705029,49.2985772],[-1.2704106,49.2984577],[-1.2701885,49.2985323],[-1.2700947,49.2984119],[-1.2699855,49.298448],[-1.2697824,49.2981848],[-1.2698917,49.2981489],[-1.2697439,49.2979574],[-1.2698487,49.297923],[-1.2699834,49.2980975],[-1.2711911,49.2976957],[-1.2710512,49.2975126],[-1.2707281,49.2976204],[-1.2700611,49.2978429],[-1.2700292,49.2978023],[-1.2700271,49.2977996],[-1.2698723,49.2978513],[-1.2698386,49.2978084],[-1.2705772,49.2975635],[-1.2705191,49.2974889],[-1.2704453,49.2975134],[-1.270412,49.2974706],[-1.27019,49.2975442],[-1.2701736,49.2975232],[-1.2696797,49.2976883],[-1.2697328,49.2977558],[-1.2697698,49.2978029],[-1.2696991,49.2978265],[-1.2694931,49.2978953],[-1.2694813,49.2978803],[-1.2693253,49.2976789],[-1.2693226,49.2976753],[-1.2677213,49.2982072],[-1.2679706,49.2985295],[-1.2679152,49.2985478],[-1.2679197,49.2985536],[-1.2678552,49.2985748],[-1.2680474,49.2988233],[-1.2678219,49.2988974],[-1.2679444,49.2990558],[-1.2681713,49.2989811],[-1.2686835,49.2996432],[-1.2691269,49.2994973],[-1.2685452,49.2987493],[-1.2686695,49.2987082],[-1.2692031,49.2993943],[-1.2710557,49.2987804]]]}}]}