{"type":"FeatureCollection","features":[{"type":"Feature","properties":{"h":"primary","c":1},"geometry":{"type":"LineString","coordinates":[[-1.2606406,49.290692],[-1.2618616,49.2920211],[-1.2621588,49.292392],[-1.2624452,49.2927861],[-1.2639751,49.2950749]]}},{"type":"Feature","properties":{"h":"trunk_link","c":1},"geometry":{"type":"LineString","coordinates":[[-1.2453573,49.3223345],[-1.2440507,49.3214584],[-1.2431462,49.3202616],[-1.2430977,49.3201995]]}},{"type":"Feature","properties":{"h":"primary","c":1},"geometry":{"type":"LineString","coordinates":[[-1.2605006,49.2905343],[-1.2605512,49.2905103],[-1.260593,49.29048],[-1.2606272,49.2904401],[-1.2606462,49.2903962],[-1.260649,49.2903505],[-1.2606376,49.2903104],[-1.2606137,49.2902727],[-1.2605783,49.2902391],[-1.2605161,49.2902032],[-1.2604411,49.2901799],[-1.2603592,49.2901709],[-1.2602929,49.2901746],[-1.2602295,49.2901878],[-1.2601661,49.2902129],[-1.260114,49.2902474],[-1.2600767,49.2902891],[-1.2600574,49.2903312],[-1.260053,49.290375],[-1.2600638,49.2904183],[-1.2600893,49.2904591],[-1.2601282,49.2904951],[-1.2601785,49.2905245],[-1.2602414,49.2905467],[-1.2603107,49.2905586],[-1.2603823,49.2905593],[-1.2604434,49.2905509],[-1.2605006,49.2905343]]}},{"type":"Feature","properties":{"h":"primary","c":1},"geometry":{"type":"LineString","coordinates":[[-1.2590342,49.3144574],[-1.2591418,49.3144656],[-1.259268,49.3144547],[-1.2593852,49.3144224],[-1.2594852,49.314371],[-1.2595625,49.3143021],[-1.2596081,49.3142221],[-1.2596187,49.3141371],[-1.2595934,49.3140533],[-1.2595357,49.3139788],[-1.2594497,49.3139169],[-1.2593415,49.3138722],[-1.259234,49.3138497],[-1.2591214,49.3138442],[-1.2589913,49.31386],[-1.2588728,49.3138985],[-1.2587752,49.3139567],[-1.258714,49.3140186],[-1.2586769,49.3140882],[-1.2586659,49.3141616],[-1.2586793,49.314228],[-1.2587141,49.3142911],[-1.2587689,49.3143478],[-1.2588411,49.3143955],[-1.2589322,49.3144337],[-1.2590342,49.3144574]]}},{"type":"Feature","properties":{"h":"primary","c":1},"geometry":{"type":"LineString","coordinates":[[-1.263874,49.302242],[-1.2638037,49.3023646]]}},{"type":"Feature","properties":{"h":"primary","c":1},"geometry":{"type":"LineString","coordinates":[[-1.2579327,49.3145189],[-1.2576181,49.3146212],[-1.257145,49.3148471],[-1.2558053,49.3155739],[-1.2551776,49.3158732],[-1.2544984,49.3161388],[-1.2539333,49.3163255],[-1.2487517,49.3177929],[-1.248047,49.3179677],[-1.2469558,49.3181673],[-1.2464049,49.3183083],[-1.2459345,49.3184594],[-1.245229,49.3187509],[-1.2447553,49.3190143],[-1.2443314,49.3192842],[-1.2433218,49.3200332],[-1.2430977,49.3201995]]}},{"type":"Feature","properties":{"h":"primary","c":1},"geometry":{"type":"LineString","coordinates":[[-1.2639014,49.3015687],[-1.2638371,49.3016103],[-1.2637981,49.3016545],[-1.2637769,49.3017036],[-1.2637747,49.3017546],[-1.2637917,49.3018044],[-1.2638284,49.3018514],[-1.2638821,49.3018908],[-1.2639494,49.3019201],[-1.2640369,49.3019387],[-1.2641289,49.3019402],[-1.2641985,49.3019294],[-1.2642626,49.3019086],[-1.264318,49.3018791],[-1.2643617,49.3018421],[-1.2643948,49.3017934],[-1.2644077,49.3017407],[-1.2643994,49.3016876],[-1.2643678,49.3016343],[-1.2643149,49.3015886],[-1.2642432,49.3015534],[-1.2641592,49.3015328],[-1.2640697,49.3015284],[-1.2639811,49.3015406],[-1.2639014,49.3015687]]}},{"type":"Feature","properties":{"h":"secondary","c":2},"geometry":{"type":"LineString","coordinates":[[-1.2138991,49.3037072],[-1.2169028,49.303323],[-1.2183836,49.3031335],[-1.2195459,49.3029849],[-1.2211293,49.3027823],[-1.2214727,49.3027076]]}},{"type":"Feature","properties":{"h":"secondary","c":2},"geometry":{"type":"LineString","coordinates":[[-1.2591214,49.3138442],[-1.2589649,49.3137887],[-1.2588665,49.3137246],[-1.2587973,49.3136634],[-1.258601,49.3135314]]}},{"type":"Feature","properties":{"h":"secondary","c":2},"geometry":{"type":"LineString","coordinates":[[-1.258601,49.3135314],[-1.2585858,49.313515],[-1.2582974,49.3132039],[-1.2576665,49.3125234]]}},{"type":"Feature","properties":{"h":"secondary","c":2},"geometry":{"type":"LineString","coordinates":[[-1.258601,49.3135314],[-1.2586816,49.3136439],[-1.2587593,49.3137523],[-1.2587928,49.3138324],[-1.2587916,49.3138689],[-1.2587821,49.3139051],[-1.2587752,49.3139567]]}},{"type":"Feature","properties":{"h":"trunk","c":1},"geometry":{"type":"LineString","coordinates":[[-1.1817152,49.3028275],[-1.1834044,49.3027902],[-1.1845194,49.3028044],[-1.1855297,49.3028258],[-1.1866307,49.3028725],[-1.1877316,49.3029407],[-1.1889179,49.3030429],[-1.1902762,49.3031839],[-1.1935682,49.3036131],[-1.1977191,49.3041543],[-1.1989586,49.3042816],[-1.2000592,49.3043744],[-1.2008598,49.3044336],[-1.2018257,49.3044859],[-1.2057684,49.3046189],[-1.2064936,49.3046563],[-1.2071892,49.3047052],[-1.2075802,49.304747],[-1.2082631,49.3048201],[-1.2090989,49.304941],[-1.2098951,49.3050791],[-1.2104681,49.3051956],[-1.211195,49.3053671],[-1.2119169,49.3055549],[-1.2126628,49.3057802],[-1.2133108,49.3060032],[-1.2138402,49.3061982],[-1.2144607,49.3064381],[-1.2152846,49.3068107],[-1.2189869,49.3086671],[-1.2199842,49.3091671],[-1.224443,49.3114071]]}},{"type":"Feature","properties":{"h":"secondary","c":2},"geometry":{"type":"LineString","coordinates":[[-1.2591418,49.3144656],[-1.2592442,49.3144937],[-1.259385,49.3145593],[-1.2594252,49.3145897],[-1.2595965,49.3147166]]}},{"type":"Feature","properties":{"h":"secondary","c":2},"geometry":{"type":"LineString","coordinates":[[-1.2595965,49.3147166],[-1.259528,49.3145593],[-1.2595139,49.314541],[-1.25949,49.3144908],[-1.25949,49.3144296],[-1.2594891,49.3144175],[-1.2594852,49.314371]]}},{"type":"Feature","properties":{"h":"secondary","c":2},"geometry":{"type":"LineString","coordinates":[[-1.2313766,49.3029793],[-1.2314367,49.3029724],[-1.2314921,49.3029558],[-1.2315394,49.3029307],[-1.2315753,49.3028986],[-1.2315887,49.30288],[-1.2315981,49.3028604],[-1.2316043,49.3028118],[-1.2315872,49.3027643],[-1.2315485,49.3027226],[-1.2315089,49.3026983],[-1.231462,49.3026804],[-1.2314101,49.3026699],[-1.2313559,49.3026673],[-1.231297,49.3026737],[-1.2312424,49.3026894],[-1.2311954,49.3027135],[-1.2311668,49.3027384],[-1.2311425,49.3027666],[-1.2311316,49.3027903],[-1.2311265,49.3028148],[-1.2311325,49.3028589],[-1.2311572,49.3029002],[-1.2311987,49.3029353],[-1.231251,49.3029604],[-1.2313118,49.3029754],[-1.2313766,49.3029793]]}},{"type":"Feature","properties":{"h":"secondary","c":2},"geometry":{"type":"LineString","coordinates":[[-1.2311265,49.3028148],[-1.2310749,49.302833],[-1.2309931,49.3028632],[-1.2309572,49.3028693],[-1.2307048,49.3029257],[-1.2305531,49.302957],[-1.230487,49.3029707]]}},{"type":"Feature","properties":{"h":"unclassified","c":3},"geometry":{"type":"LineString","coordinates":[[-1.2437251,49.3019604],[-1.2436371,49.3021337]]}},{"type":"Feature","properties":{"h":"unclassified","c":3},"geometry":{"type":"LineString","coordinates":[[-1.2436371,49.3021337],[-1.2435641,49.3022776],[-1.24355,49.3023052],[-1.2435405,49.3023241]]}},{"type":"Feature","properties":{"h":"residential","c":3},"geometry":{"type":"LineString","coordinates":[[-1.2408166,49.3073031],[-1.2408771,49.3073176],[-1.2409951,49.3073458],[-1.2411508,49.307383],[-1.2422229,49.3076371],[-1.2426326,49.3076984],[-1.2427817,49.3077144],[-1.2429586,49.3077169],[-1.2430099,49.3077152],[-1.243124,49.3077376],[-1.2433165,49.3077893],[-1.2434737,49.3078228],[-1.2436601,49.3078525],[-1.244849,49.3080421],[-1.2464378,49.3083055],[-1.2466263,49.3083124],[-1.2466813,49.3083121],[-1.2467317,49.3083043]]}},{"type":"Feature","properties":{"h":"secondary","c":2},"geometry":{"type":"LineString","coordinates":[[-1.2595965,49.3147166],[-1.2597393,49.3148704]]}},{"type":"Feature","properties":{"h":"primary","c":1},"geometry":{"type":"LineString","coordinates":[[-1.2741388,49.2790842],[-1.2712155,49.2811114],[-1.2704242,49.2816628],[-1.2672775,49.2838539],[-1.2642341,49.2859728],[-1.2640529,49.2861427],[-1.2638732,49.2863516],[-1.2632474,49.2871138],[-1.262847,49.287568],[-1.2621212,49.2883226],[-1.2616078,49.2888477],[-1.2611309,49.2893699],[-1.2609543,49.2895865],[-1.2606092,49.2900327]]}},{"type":"Feature","properties":{"h":"residential","c":3},"geometry":{"type":"LineString","coordinates":[[-1.2309853,49.3024596],[-1.2308932,49.3023767]]}},{"type":"Feature","properties":{"h":"residential","c":3},"geometry":{"type":"LineString","coordinates":[[-1.244662,49.3031385],[-1.2444782,49.3032111]]}},{"type":"Feature","properties":{"h":"tertiary","c":2},"geometry":{"type":"LineString","coordinates":[[-1.2501706,49.3033154],[-1.2509952,49.3031971],[-1.251167,49.3031944],[-1.2512079,49.3032132]]}},{"type":"Feature","properties":{"h":"residential","c":3},"geometry":{"type":"LineString","coordinates":[[-1.2428546,49.307242],[-1.2426139,49.3071943],[-1.2421859,49.3071095],[-1.2420162,49.3070759],[-1.241922,49.3070192],[-1.2417887,49.3065331]]}},{"type":"Feature","properties":{"h":"residential","c":3},"geometry":{"type":"LineString","coordinates":[[-1.2410636,49.3068537],[-1.2410183,49.3068314],[-1.2404208,49.3065376],[-1.2403138,49.3065162],[-1.2401783,49.3064926]]}},{"type":"Feature","properties":{"h":"residential","c":3},"geometry":{"type":"LineString","coordinates":[[-1.2572524,49.3088941],[-1.2573611,49.3082224],[-1.2574617,49.3080138],[-1.2577143,49.3077736],[-1.2579414,49.3075442],[-1.2581534,49.3072339],[-1.2581975,49.3071686],[-1.2577757,49.3070159],[-1.2576408,49.3069421],[-1.2575377,49.3068523],[-1.2574912,49.3067699],[-1.2574202,49.3066193],[-1.2573594,49.3065157],[-1.2572474,49.3064194],[-1.2570686,49.3063419],[-1.2569341,49.306298],[-1.256788,49.3062637],[-1.2565627,49.3062179],[-1.2564502,49.3063174],[-1.2562047,49.3064625],[-1.2559703,49.3066209],[-1.2557796,49.3067921],[-1.2556528,49.3069184]]}},{"type":"Feature","properties":{"h":"tertiary","c":2},"geometry":{"type":"LineString","coordinates":[[-1.2564841,49.3022477],[-1.25568,49.3023968],[-1.2548688,49.3025267],[-1.2540247,49.302662],[-1.2528718,49.3028467],[-1.2523732,49.3029266],[-1.2517158,49.3030319],[-1.2514854,49.3030862],[-1.2513738,49.303128],[-1.2512946,49.3031653]]}},{"type":"Feature","properties":{"h":"tertiary","c":2},"geometry":{"type":"LineString","coordinates":[[-1.2575361,49.2992591],[-1.2571326,49.2993967],[-1.2567839,49.2995094],[-1.256584,49.2995677],[-1.2564096,49.2996158],[-1.2562143,49.2996588],[-1.2558456,49.2997286],[-1.2543704,49.3000028],[-1.2542663,49.3000217],[-1.2541099,49.3000499],[-1.2536147,49.300141],[-1.2512788,49.3005708],[-1.2509948,49.3006229],[-1.2508978,49.3006407],[-1.2497968,49.3008428],[-1.2496676,49.3008529],[-1.249632,49.3008451]]}},{"type":"Feature","properties":{"h":"residential","c":3},"geometry":{"type":"LineString","coordinates":[[-1.2528235,49.3053733],[-1.2528026,49.305355],[-1.2527575,49.3053153],[-1.2527297,49.3052425],[-1.2526823,49.3051737],[-1.252347,49.3049213],[-1.2522881,49.3049344],[-1.2513411,49.3054875]]}},{"type":"Feature","properties":{"h":"residential","c":3},"geometry":{"type":"LineString","coordinates":[[-1.2542651,49.3009407],[-1.2541413,49.3009181],[-1.253939,49.3007661],[-1.2538752,49.3007102],[-1.2538475,49.3006786],[-1.2537174,49.3003768],[-1.2536147,49.300141]]}},{"type":"Feature","properties":{"h":"tertiary","c":2},"geometry":{"type":"LineString","coordinates":[[-1.2575818,49.3020277],[-1.2574227,49.3017713],[-1.2574075,49.3017022],[-1.2574173,49.3016441]]}},{"type":"Feature","properties":{"h":"tertiary","c":2},"geometry":{"type":"LineString","coordinates":[[-1.2574173,49.3016441],[-1.2572579,49.3017368],[-1.257189,49.3018129],[-1.2571757,49.3018898],[-1.2571873,49.3020271],[-1.2572103,49.3021011]]}},{"type":"Feature","properties":{"h":"residential","c":3},"geometry":{"type":"LineString","coordinates":[[-1.2578791,49.3006884],[-1.2569685,49.3008276],[-1.256578,49.3008866],[-1.2565197,49.3008719],[-1.2564458,49.3007239]]}},{"type":"Feature","properties":{"h":"residential","c":3},"geometry":{"type":"LineString","coordinates":[[-1.2564865,49.3007166],[-1.2564249,49.3005709],[-1.2561461,49.3006211],[-1.2562077,49.3007667],[-1.2564458,49.3007239],[-1.2564865,49.3007166]]}},{"type":"Feature","properties":{"h":"residential","c":3},"geometry":{"type":"LineString","coordinates":[[-1.2562077,49.3007667],[-1.2560915,49.3007881],[-1.2555949,49.3008795],[-1.255069,49.3009764]]}},{"type":"Feature","properties":{"h":"residential","c":3},"geometry":{"type":"LineString","coordinates":[[-1.2555949,49.3008795],[-1.2554539,49.3005253]]}},{"type":"Feature","properties":{"h":"residential","c":3},"geometry":{"type":"LineString","coordinates":[[-1.2558456,49.2997286],[-1.2560375,49.3002946],[-1.2560766,49.3004188],[-1.2554539,49.3005253],[-1.2549679,49.3006084]]}},{"type":"Feature","properties":{"h":"residential","c":3},"geometry":{"type":"LineString","coordinates":[[-1.2567655,49.3002284],[-1.2566699,49.3002348],[-1.2564116,49.3002522],[-1.2560375,49.3002946]]}},{"type":"Feature","properties":{"h":"residential","c":3},"geometry":{"type":"LineString","coordinates":[[-1.2543837,49.3052025],[-1.2542761,49.3053752],[-1.2541767,49.3054548],[-1.2535382,49.305807],[-1.253388,49.305933],[-1.2532104,49.3061827]]}},{"type":"Feature","properties":{"h":"residential","c":3},"geometry":{"type":"LineString","coordinates":[[-1.2565627,49.3062179],[-1.2562547,49.3060733],[-1.2561573,49.3059848],[-1.2558656,49.30572],[-1.2553087,49.3054993],[-1.2552345,49.305485],[-1.2550555,49.3054654],[-1.2548267,49.3053393],[-1.2543837,49.3052025],[-1.2540091,49.3050882],[-1.2537242,49.3050552],[-1.2534969,49.3050939],[-1.2532152,49.3051761],[-1.2528235,49.3053733],[-1.2526876,49.3054687],[-1.2525836,49.3055908],[-1.2525574,49.3057306],[-1.2526055,49.3058851],[-1.2526913,49.3059851]]}},{"type":"Feature","properties":{"h":"residential","c":3},"geometry":{"type":"LineString","coordinates":[[-1.2469022,49.3008082],[-1.2468831,49.3009512],[-1.2468295,49.301374]]}},{"type":"Feature","properties":{"h":"residential","c":3},"geometry":{"type":"LineString","coordinates":[[-1.2491872,49.3014383],[-1.2491409,49.3014128],[-1.2490618,49.3013682],[-1.2490207,49.301297],[-1.2489572,49.3012504],[-1.248447,49.30109],[-1.2479174,49.3009222],[-1.2477811,49.300879],[-1.2477074,49.3008622],[-1.2474959,49.300848],[-1.2470306,49.3008168],[-1.2469022,49.3008082],[-1.246566,49.3007893],[-1.2465158,49.3007755]]}},{"type":"Feature","properties":{"h":"tertiary","c":2},"geometry":{"type":"LineString","coordinates":[[-1.2598554,49.2906025],[-1.2577235,49.2926304],[-1.2573611,49.292956],[-1.2571864,49.2930913],[-1.2563461,49.2936472],[-1.2560019,49.2938721],[-1.2547707,49.2946835],[-1.2540712,49.2951491],[-1.253684,49.2955156],[-1.2532624,49.2959472]]}},{"type":"Feature","properties":{"h":"residential","c":3},"geometry":{"type":"LineString","coordinates":[[-1.246363,49.302228],[-1.2463244,49.3021744],[-1.2463136,49.3021593],[-1.2463127,49.3020752],[-1.2463313,49.3018798],[-1.2463822,49.3016766],[-1.246519,49.3011426],[-1.2465236,49.3010202],[-1.2465285,49.3008133],[-1.2465158,49.3007755],[-1.2465057,49.3007289],[-1.2465326,49.3004701],[-1.2466029,49.2999251],[-1.2466082,49.2998551],[-1.2466103,49.2997766],[-1.2465996,49.2996769],[-1.246585,49.2995774],[-1.2465033,49.299232],[-1.2464806,49.2991364]]}},{"type":"Feature","properties":{"h":"residential","c":3},"geometry":{"type":"LineString","coordinates":[[-1.2480206,49.3028468],[-1.247761,49.3027761]]}},{"type":"Feature","properties":{"h":"secondary","c":2},"geometry":{"type":"LineString","coordinates":[[-1.2475609,49.3030815],[-1.2474851,49.303057],[-1.2474568,49.3030479],[-1.2471568,49.3029558]]}},{"type":"Feature","properties":{"h":"tertiary","c":2},"geometry":{"type":"LineString","coordinates":[[-1.2313766,49.3029793],[-1.2314831,49.3030107],[-1.2316102,49.3030277],[-1.2317548,49.3030192]]}},{"type":"Feature","properties":{"h":"residential","c":3},"geometry":{"type":"LineString","coordinates":[[-1.2452076,49.3006903],[-1.2448195,49.3004428]]}},{"type":"Feature","properties":{"h":"residential","c":3},"geometry":{"type":"LineString","coordinates":[[-1.244104,49.3010883],[-1.2441326,49.3010737],[-1.2442167,49.3010308],[-1.2447647,49.3007512],[-1.2448414,49.300715],[-1.2449111,49.3006992],[-1.244997,49.3006875],[-1.2452076,49.3006903],[-1.2452759,49.3006948],[-1.2464574,49.3007543],[-1.2465158,49.3007755]]}},{"type":"Feature","properties":{"h":"residential","c":3},"geometry":{"type":"LineString","coordinates":[[-1.2466082,49.2998551],[-1.2464963,49.2998877],[-1.245955,49.3001253],[-1.2458904,49.3001451],[-1.2458289,49.3001552],[-1.2457587,49.3001579],[-1.2456351,49.3001523],[-1.2455668,49.3001372],[-1.2454497,49.3000977],[-1.2453952,49.3000857],[-1.245355,49.3000879],[-1.2453139,49.3001026],[-1.2451161,49.3002425],[-1.2448195,49.3004428],[-1.2447914,49.3004716],[-1.2447815,49.3005266],[-1.2448238,49.3005702],[-1.244997,49.3006875]]}},{"type":"Feature","properties":{"h":"residential","c":3},"geometry":{"type":"LineString","coordinates":[[-1.2487561,49.2990851],[-1.2486997,49.2992763],[-1.2486415,49.2994388],[-1.248467,49.2997632]]}},{"type":"Feature","properties":{"h":"residential","c":3},"geometry":{"type":"LineString","coordinates":[[-1.2490247,49.297532],[-1.2489331,49.2979508],[-1.248902,49.297989],[-1.2486483,49.2981319],[-1.248595,49.2984169],[-1.2485006,49.2988544],[-1.2484999,49.2989099],[-1.2485133,49.2989519],[-1.2485434,49.2989876],[-1.2487561,49.2990851],[-1.2488495,49.2991279],[-1.2489056,49.299154],[-1.2493948,49.2993778],[-1.2496611,49.2994998],[-1.2499639,49.2996386],[-1.2500739,49.299689],[-1.2502844,49.2997855],[-1.2503231,49.2998032]]}},{"type":"Feature","properties":{"h":"residential","c":3},"geometry":{"type":"LineString","coordinates":[[-1.248447,49.30109],[-1.2487778,49.30066],[-1.2492017,49.3000572],[-1.249318,49.299899],[-1.2494226,49.2997635],[-1.2496408,49.2995251],[-1.2496611,49.2994998]]}},{"type":"Feature","properties":{"h":"residential","c":3},"geometry":{"type":"LineString","coordinates":[[-1.2487778,49.30066],[-1.2490869,49.3006813]]}},{"type":"Feature","properties":{"h":"residential","c":3},"geometry":{"type":"LineString","coordinates":[[-1.2466244,49.3028354],[-1.2466132,49.3029845],[-1.2468162,49.3032356],[-1.2470087,49.3034102],[-1.2470512,49.3034488]]}},{"type":"Feature","properties":{"h":"residential","c":3},"geometry":{"type":"LineString","coordinates":[[-1.2467662,49.3016997],[-1.2469017,49.3017099],[-1.2469437,49.3016813],[-1.2471305,49.3014486],[-1.2471414,49.3014137],[-1.2471011,49.3013936],[-1.2468295,49.301374],[-1.2467662,49.3016997]]}},{"type":"Feature","properties":{"h":"service","c":4},"geometry":{"type":"LineString","coordinates":[[-1.2468271,49.3019866],[-1.2471984,49.3020132],[-1.2472226,49.3020277],[-1.2470703,49.3023041]]}},{"type":"Feature","properties":{"h":"residential","c":3},"geometry":{"type":"LineString","coordinates":[[-1.2512946,49.3031653],[-1.2512484,49.3031399],[-1.251111,49.3030644],[-1.2506601,49.3028167],[-1.2504478,49.3029105],[-1.2502393,49.3029475],[-1.2500705,49.3029482],[-1.2499259,49.302908],[-1.2498493,49.3028701],[-1.2491722,49.3023429],[-1.2488175,49.3021785],[-1.2487559,49.3021561],[-1.2487104,49.3021419]]}},{"type":"Feature","properties":{"h":"residential","c":3},"geometry":{"type":"LineString","coordinates":[[-1.2506601,49.3028167],[-1.2506718,49.3026648],[-1.2506459,49.3025328],[-1.2505648,49.3023852],[-1.2504159,49.3022363],[-1.2503958,49.3021776],[-1.250421,49.3021183],[-1.2506159,49.3019398]]}},{"type":"Feature","properties":{"h":"tertiary","c":2},"geometry":{"type":"LineString","coordinates":[[-1.2480206,49.3028468],[-1.2481782,49.3029285],[-1.249676,49.3033153],[-1.2497444,49.3033288],[-1.2498249,49.303338],[-1.2499409,49.3033384],[-1.2501706,49.3033154]]}},{"type":"Feature","properties":{"h":"residential","c":3},"geometry":{"type":"LineString","coordinates":[[-1.2495778,49.3053895],[-1.2495931,49.3053582],[-1.250035,49.3044602],[-1.2501534,49.3043795]]}},{"type":"Feature","properties":{"h":"residential","c":3},"geometry":{"type":"LineString","coordinates":[[-1.248457,49.3058317],[-1.2484076,49.305598],[-1.2483549,49.3055562],[-1.2482417,49.3055644],[-1.2482076,49.3055419],[-1.2481888,49.3054221],[-1.2482268,49.3053532],[-1.2482062,49.3051903]]}},{"type":"Feature","properties":{"h":"residential","c":3},"geometry":{"type":"LineString","coordinates":[[-1.2467662,49.3016997],[-1.2463822,49.3016766]]}},{"type":"Feature","properties":{"h":"residential","c":3},"geometry":{"type":"LineString","coordinates":[[-1.246363,49.302228],[-1.2462024,49.3023454]]}},{"type":"Feature","properties":{"h":"unclassified","c":3},"geometry":{"type":"LineString","coordinates":[[-1.244301,49.3013103],[-1.2441274,49.3014031],[-1.2440096,49.3015193],[-1.2439634,49.3015648],[-1.2438119,49.3017858],[-1.2437251,49.3019604]]}},{"type":"Feature","properties":{"h":"tertiary","c":2},"geometry":{"type":"LineString","coordinates":[[-1.2408162,49.3035897],[-1.2407981,49.3036258],[-1.240725,49.3037487],[-1.2405925,49.3038489],[-1.2404551,49.3039247],[-1.2402935,49.3039914],[-1.2400842,49.3040717]]}},{"type":"Feature","properties":{"h":"residential","c":3},"geometry":{"type":"LineString","coordinates":[[-1.2397031,49.3045319],[-1.2386027,49.3038105]]}},{"type":"Feature","properties":{"h":"residential","c":3},"geometry":{"type":"LineString","coordinates":[[-1.2573611,49.3082224],[-1.2571812,49.308174],[-1.2570027,49.3080903],[-1.256932,49.3080293],[-1.2568913,49.3079484],[-1.2568899,49.307874],[-1.2569353,49.3076756],[-1.2569162,49.3076361],[-1.2568742,49.3075769],[-1.2567983,49.3075188],[-1.2566254,49.3074375],[-1.2564913,49.3073599],[-1.2563269,49.3072426],[-1.2563074,49.3072286],[-1.2562269,49.3071413],[-1.2561119,49.3070856],[-1.2556528,49.3069184],[-1.2554107,49.3068509],[-1.2551532,49.3068048],[-1.2551158,49.3068055],[-1.2549729,49.306808],[-1.254824,49.3068525],[-1.2546869,49.3069252],[-1.2546472,49.3070508],[-1.2547162,49.3072054],[-1.2548209,49.3073266],[-1.2549911,49.3074532],[-1.2551931,49.3075334],[-1.2554884,49.307586],[-1.2557871,49.3076167],[-1.255893,49.3076136],[-1.2559887,49.3075832],[-1.2560549,49.3075348],[-1.2563269,49.3072426]]}},{"type":"Feature","properties":{"h":"living_street","c":3},"geometry":{"type":"LineString","coordinates":[[-1.2581975,49.3071686],[-1.2584409,49.306926],[-1.258211,49.306843]]}},{"type":"Feature","properties":{"h":"living_street","c":3},"geometry":{"type":"LineString","coordinates":[[-1.2577143,49.3077736],[-1.2580591,49.3078906]]}},{"type":"Feature","properties":{"h":"residential","c":3},"geometry":{"type":"LineString","coordinates":[[-1.2392223,49.3088167],[-1.2395278,49.3088093],[-1.2400578,49.3087965],[-1.2405059,49.3087856]]}},{"type":"Feature","properties":{"h":"residential","c":3},"geometry":{"type":"LineString","coordinates":[[-1.2405694,49.3077015],[-1.2406,49.3077948],[-1.2405708,49.3078984],[-1.2405267,49.3080286],[-1.2403919,49.3083291],[-1.2403612,49.3083975],[-1.2401752,49.3084958],[-1.2400578,49.3087965]]}},{"type":"Feature","properties":{"h":"residential","c":3},"geometry":{"type":"LineString","coordinates":[[-1.2405059,49.3087856],[-1.2406328,49.3084808],[-1.2406387,49.308428],[-1.2405906,49.3083806],[-1.2405206,49.308351],[-1.2403919,49.3083291]]}},{"type":"Feature","properties":{"h":"residential","c":3},"geometry":{"type":"LineString","coordinates":[[-1.243124,49.3077376],[-1.2431248,49.3079323],[-1.2431194,49.3079987],[-1.2431035,49.3080651],[-1.2429875,49.3083465],[-1.2428636,49.3086216]]}},{"type":"Feature","properties":{"h":"residential","c":3},"geometry":{"type":"LineString","coordinates":[[-1.2429875,49.3083465],[-1.2426676,49.3082872],[-1.2421516,49.3081931],[-1.2421075,49.3081788],[-1.2420861,49.3081579],[-1.242083,49.308129],[-1.2421283,49.3080288]]}},{"type":"Feature","properties":{"h":"residential","c":3},"geometry":{"type":"LineString","coordinates":[[-1.2432703,49.3086951],[-1.2428636,49.3086216],[-1.2424996,49.3085559]]}},{"type":"Feature","properties":{"h":"service","c":4},"geometry":{"type":"LineString","coordinates":[[-1.2425236,49.3057132],[-1.242326,49.3058088],[-1.2421077,49.3059591],[-1.2419119,49.3060323],[-1.2414454,49.3061404]]}},{"type":"Feature","properties":{"h":"residential","c":3},"geometry":{"type":"LineString","coordinates":[[-1.2416329,49.3049889],[-1.2415631,49.305047],[-1.2414378,49.3051513],[-1.2401023,49.3062629],[-1.2400491,49.3063073],[-1.2399045,49.3064276]]}},{"type":"Feature","properties":{"h":"residential","c":3},"geometry":{"type":"LineString","coordinates":[[-1.2415037,49.3047866],[-1.2414405,49.3048015],[-1.2397673,49.3051933],[-1.2387697,49.3054531],[-1.2386588,49.3054577]]}},{"type":"Feature","properties":{"h":"residential","c":3},"geometry":{"type":"LineString","coordinates":[[-1.2415852,49.3045049],[-1.2413322,49.3044648],[-1.2408616,49.3044632],[-1.2404348,49.3044694],[-1.2403694,49.3044343],[-1.2400842,49.3040717]]}},{"type":"Feature","properties":{"h":"pedestrian","c":4},"geometry":{"type":"LineString","coordinates":[[-1.2430904,49.3042474],[-1.2431817,49.3040623],[-1.243284,49.3039264],[-1.243246,49.3035831]]}},{"type":"Feature","properties":{"h":"tertiary","c":2},"geometry":{"type":"LineString","coordinates":[[-1.2475957,49.3031718],[-1.2475514,49.3031943],[-1.2475287,49.3032059],[-1.2470512,49.3034488]]}},{"type":"Feature","properties":{"h":"residential","c":3},"geometry":{"type":"LineString","coordinates":[[-1.2431364,49.303125],[-1.2431039,49.3031931],[-1.2430858,49.3032318],[-1.243069,49.3032679],[-1.2430249,49.3033625],[-1.2429947,49.3034177],[-1.2429607,49.3034465],[-1.2429046,49.3034575],[-1.2421125,49.3034171],[-1.2420429,49.3034317],[-1.2420039,49.303446],[-1.241935,49.3034904],[-1.2418861,49.3035442]]}},{"type":"Feature","properties":{"h":"residential","c":3},"geometry":{"type":"LineString","coordinates":[[-1.2452454,49.3048067],[-1.2451524,49.3051986],[-1.2451097,49.3052854],[-1.245105,49.3052949],[-1.2447784,49.3059899],[-1.2447518,49.3060421]]}},{"type":"Feature","properties":{"h":"tertiary","c":2},"geometry":{"type":"LineString","coordinates":[[-1.2442475,49.304468],[-1.2444511,49.3044869],[-1.2446527,49.3044888],[-1.244944,49.3044902],[-1.2450068,49.3044684],[-1.2451015,49.3044208]]}},{"type":"Feature","properties":{"h":"residential","c":3},"geometry":{"type":"LineString","coordinates":[[-1.2433754,49.3053352],[-1.2433607,49.3052156],[-1.2433023,49.3047398]]}},{"type":"Feature","properties":{"h":"pedestrian","c":4},"geometry":{"type":"LineString","coordinates":[[-1.2447998,49.3050025],[-1.2446909,49.3050838],[-1.2444924,49.3051652],[-1.2437121,49.3053839]]}},{"type":"Feature","properties":{"h":"service","c":4},"geometry":{"type":"LineString","coordinates":[[-1.2456699,49.3049005],[-1.2452454,49.3048067],[-1.2450248,49.3047579]]}},{"type":"Feature","properties":{"h":"residential","c":3},"geometry":{"type":"LineString","coordinates":[[-1.2437654,49.3060189],[-1.2437599,49.3059529],[-1.2437533,49.3058743],[-1.2437414,49.3057327],[-1.2437121,49.3053839],[-1.2437074,49.3053275]]}},{"type":"Feature","properties":{"h":"residential","c":3},"geometry":{"type":"LineString","coordinates":[[-1.2428305,49.305976],[-1.2427502,49.3059372],[-1.2425236,49.3057132],[-1.242277,49.3054695]]}},{"type":"Feature","properties":{"h":"pedestrian","c":4},"geometry":{"type":"LineString","coordinates":[[-1.2436741,49.3054236],[-1.2433314,49.3054351],[-1.2432876,49.3054079],[-1.2431015,49.3054141],[-1.2429969,49.3054515],[-1.2427805,49.3054621],[-1.2426616,49.3055518],[-1.2425917,49.3056332],[-1.2425236,49.3057132],[-1.242277,49.3054695],[-1.2423203,49.305452],[-1.2424336,49.305441],[-1.2430009,49.3054201],[-1.2431581,49.3052182],[-1.2433607,49.3052156],[-1.2433754,49.3053352],[-1.2436474,49.3052631],[-1.2436583,49.3053286],[-1.2436741,49.3054236]]}},{"type":"Feature","properties":{"h":"residential","c":3},"geometry":{"type":"LineString","coordinates":[[-1.2418146,49.3049118],[-1.2420355,49.3048684],[-1.2423126,49.3048932],[-1.2433023,49.3047398]]}},{"type":"Feature","properties":{"h":"residential","c":3},"geometry":{"type":"LineString","coordinates":[[-1.2433023,49.3047398],[-1.2433594,49.3046825],[-1.243488,49.3046334],[-1.2437831,49.3045513],[-1.2442475,49.304468]]}},{"type":"Feature","properties":{"h":"service","c":4},"geometry":{"type":"LineString","coordinates":[[-1.2432495,49.3044068],[-1.2428648,49.3044357],[-1.2427163,49.3044834],[-1.2422476,49.3045875],[-1.2418666,49.3046109]]}},{"type":"Feature","properties":{"h":"tertiary","c":2},"geometry":{"type":"LineString","coordinates":[[-1.2400842,49.3040717],[-1.2399594,49.3041157],[-1.2399222,49.3041403],[-1.2398872,49.3041886],[-1.2397235,49.3045029],[-1.2397031,49.3045319],[-1.2396137,49.3046169],[-1.2393364,49.3047987],[-1.2391346,49.3049122],[-1.239114,49.3049238],[-1.2389658,49.3050555]]}},{"type":"Feature","properties":{"h":"residential","c":3},"geometry":{"type":"LineString","coordinates":[[-1.2396616,49.3032912],[-1.2396765,49.3032526],[-1.2397232,49.3031105],[-1.23972,49.303064],[-1.2396885,49.3030305],[-1.2393073,49.3028854],[-1.2393339,49.3027892],[-1.2394785,49.3027286],[-1.2395323,49.3025152],[-1.2395086,49.3023362]]}},{"type":"Feature","properties":{"h":"unclassified","c":3},"geometry":{"type":"LineString","coordinates":[[-1.239648,49.3023429],[-1.2396858,49.3021491]]}},{"type":"Feature","properties":{"h":"residential","c":3},"geometry":{"type":"LineString","coordinates":[[-1.2432634,49.3028618],[-1.2429793,49.3028272],[-1.2425395,49.3028573],[-1.2423109,49.302922],[-1.2421887,49.3029895],[-1.2421479,49.3030616]]}},{"type":"Feature","properties":{"h":"residential","c":3},"geometry":{"type":"LineString","coordinates":[[-1.2418776,49.3030574],[-1.2418413,49.3030756],[-1.2418178,49.3031141],[-1.2418265,49.3033772],[-1.2418467,49.3034093],[-1.241901,49.3034613],[-1.241935,49.3034904]]}},{"type":"Feature","properties":{"h":"unclassified","c":3},"geometry":{"type":"LineString","coordinates":[[-1.2428578,49.3060659],[-1.2427496,49.3061083],[-1.242701,49.3061297],[-1.2417887,49.3065331],[-1.2411721,49.3068057],[-1.2410636,49.3068537]]}},{"type":"Feature","properties":{"h":"residential","c":3},"geometry":{"type":"LineString","coordinates":[[-1.259319,49.2943618],[-1.2586926,49.2949577],[-1.2584605,49.2951077],[-1.2579386,49.2955813],[-1.2577136,49.2957855],[-1.2576909,49.2963725],[-1.2578337,49.2967199],[-1.2579257,49.2969436],[-1.2583103,49.2977237],[-1.258318,49.2977458],[-1.2583341,49.2977736],[-1.2585841,49.2983155],[-1.2586497,49.2984504],[-1.2588305,49.2988192]]}},{"type":"Feature","properties":{"h":"residential","c":3},"geometry":{"type":"LineString","coordinates":[[-1.2520993,49.2957131],[-1.2523965,49.295516]]}},{"type":"Feature","properties":{"h":"residential","c":3},"geometry":{"type":"LineString","coordinates":[[-1.2536601,49.2934795],[-1.2535134,49.2939141],[-1.253456,49.2942833],[-1.2534085,49.2946041],[-1.253244,49.2949944],[-1.2529445,49.2957052],[-1.2528609,49.295799],[-1.2525687,49.2960001]]}},{"type":"Feature","properties":{"h":"residential","c":3},"geometry":{"type":"LineString","coordinates":[[-1.2535573,49.2971705],[-1.2532801,49.2974806],[-1.2532441,49.2975014],[-1.2532109,49.2975091],[-1.2531629,49.2975057],[-1.2529578,49.2974573],[-1.2521728,49.2972858]]}},{"type":"Feature","properties":{"h":"residential","c":3},"geometry":{"type":"LineString","coordinates":[[-1.2562869,49.2974073],[-1.2562532,49.2974442],[-1.2560817,49.2976316],[-1.2554236,49.2976608],[-1.2550746,49.2976502],[-1.2549517,49.2976313],[-1.2547242,49.2975993],[-1.2544623,49.2975374],[-1.2541972,49.2974299],[-1.2535573,49.2971705],[-1.2533765,49.2970972],[-1.2533225,49.297094],[-1.2532706,49.2971154],[-1.2529578,49.2974573]]}},{"type":"Feature","properties":{"h":"residential","c":3},"geometry":{"type":"LineString","coordinates":[[-1.2541972,49.2974299],[-1.2544808,49.2971504]]}},{"type":"Feature","properties":{"h":"residential","c":3},"geometry":{"type":"LineString","coordinates":[[-1.2556202,49.299179],[-1.255468,49.2990718],[-1.2554006,49.299],[-1.2553747,49.2989358],[-1.2553552,49.2988738],[-1.2553514,49.2988078],[-1.2553679,49.2987413],[-1.2554002,49.2986787],[-1.2556233,49.298329],[-1.2556568,49.2982929],[-1.2556929,49.2982678],[-1.2557385,49.2982571],[-1.256008,49.2982504]]}},{"type":"Feature","properties":{"h":"residential","c":3},"geometry":{"type":"LineString","coordinates":[[-1.2549517,49.2976313],[-1.2550697,49.2973017]]}},{"type":"Feature","properties":{"h":"tertiary","c":2},"geometry":{"type":"LineString","coordinates":[[-1.249632,49.3008451],[-1.2495628,49.3009529],[-1.2491872,49.3014383],[-1.2490891,49.3015655],[-1.2487104,49.3021419]]}},{"type":"Feature","properties":{"h":"residential","c":3},"geometry":{"type":"LineString","coordinates":[[-1.2427773,49.3015837],[-1.2428017,49.3015129],[-1.2435206,49.3010182],[-1.243818,49.3008702]]}},{"type":"Feature","properties":{"h":"unclassified","c":3},"geometry":{"type":"LineString","coordinates":[[-1.2435206,49.3010182],[-1.243029,49.300751],[-1.2425858,49.3004829],[-1.2422085,49.3002179],[-1.2415276,49.2994722],[-1.2408261,49.2988453],[-1.2407066,49.2986692],[-1.240666,49.2984561],[-1.2406504,49.2981237],[-1.2406496,49.2979834],[-1.2406611,49.2978832],[-1.2406839,49.2977739],[-1.2407322,49.2976278],[-1.2407679,49.2974663],[-1.2407703,49.2973395],[-1.2407684,49.2972229],[-1.2407577,49.2970821],[-1.2407537,49.2969605],[-1.2407577,49.2968634],[-1.2407805,49.2967435],[-1.2408994,49.2964205],[-1.2408804,49.2963785],[-1.2409012,49.2963308]]}},{"type":"Feature","properties":{"h":"residential","c":3},"geometry":{"type":"LineString","coordinates":[[-1.248595,49.2984169],[-1.2484569,49.2984025],[-1.2480318,49.298374],[-1.2479795,49.2983814],[-1.2479393,49.2983965],[-1.2478981,49.29842],[-1.2473155,49.2989543],[-1.2472621,49.2989886],[-1.2472218,49.2990026],[-1.2471581,49.2990151],[-1.2467565,49.2989991],[-1.2466945,49.298996]]}},{"type":"Feature","properties":{"h":"residential","c":3},"geometry":{"type":"LineString","coordinates":[[-1.2469086,49.2982779],[-1.2468624,49.29817],[-1.2468383,49.2980782],[-1.2467962,49.2978025],[-1.24679,49.2977004],[-1.2467992,49.2975566]]}},{"type":"Feature","properties":{"h":"residential","c":3},"geometry":{"type":"LineString","coordinates":[[-1.247515,49.2974273],[-1.2476268,49.297417],[-1.2476604,49.29741],[-1.2476818,49.2973908],[-1.2476711,49.2972491],[-1.2476563,49.2972307],[-1.2476322,49.2972229],[-1.2475517,49.2972237],[-1.2475222,49.2972342],[-1.2475102,49.2972509],[-1.2475195,49.2973777],[-1.247515,49.2974273],[-1.2475115,49.297466],[-1.2474734,49.2975944],[-1.2474297,49.2976908],[-1.2473697,49.2977874],[-1.2472929,49.2978893],[-1.2471561,49.2980196],[-1.2470461,49.2981193],[-1.246971,49.2981954],[-1.2469086,49.2982779],[-1.2468106,49.2984045],[-1.2467431,49.2984823],[-1.2466646,49.2985506],[-1.2465955,49.2985994],[-1.2464996,49.298651],[-1.2463907,49.298708],[-1.2463347,49.2987361]]}},{"type":"Feature","properties":{"h":"residential","c":3},"geometry":{"type":"LineString","coordinates":[[-1.2508352,49.2967745],[-1.2508087,49.2970275],[-1.2508522,49.2975786],[-1.2509088,49.2976109],[-1.2509754,49.2976353],[-1.2511082,49.2976426],[-1.2513393,49.2976278],[-1.2516448,49.2976199],[-1.25174,49.2976287],[-1.2518863,49.2976641]]}},{"type":"Feature","properties":{"h":"residential","c":3},"geometry":{"type":"LineString","coordinates":[[-1.2479174,49.3009222],[-1.247943,49.3007387],[-1.2480096,49.3001972]]}},{"type":"Feature","properties":{"h":"residential","c":3},"geometry":{"type":"LineString","coordinates":[[-1.2471581,49.2990151],[-1.2470824,49.2994836],[-1.2470998,49.2995326],[-1.2471481,49.2995641]]}},{"type":"Feature","properties":{"h":"residential","c":3},"geometry":{"type":"LineString","coordinates":[[-1.2492017,49.3000572],[-1.2487393,49.2998709],[-1.248467,49.2997632],[-1.2480648,49.2996126],[-1.2479366,49.2995833],[-1.2478221,49.2995684],[-1.2472835,49.2995396],[-1.2472111,49.2995431],[-1.2471481,49.2995641]]}},{"type":"Feature","properties":{"h":"residential","c":3},"geometry":{"type":"LineString","coordinates":[[-1.2443122,49.3005512],[-1.243818,49.3008702]]}},{"type":"Feature","properties":{"h":"residential","c":3},"geometry":{"type":"LineString","coordinates":[[-1.2433676,49.2994762],[-1.2434995,49.2996226],[-1.2441995,49.300048]]}},{"type":"Feature","properties":{"h":"residential","c":3},"geometry":{"type":"LineString","coordinates":[[-1.2447832,49.2985309],[-1.2452507,49.2991706],[-1.2452743,49.2992429],[-1.2452454,49.2993415],[-1.2447535,49.2996738],[-1.2441995,49.300048],[-1.2442674,49.3000984],[-1.2442942,49.3001474],[-1.2443019,49.3001945],[-1.244258,49.3002515],[-1.2441567,49.3003201],[-1.2437203,49.3006158],[-1.2436914,49.3006424],[-1.2436766,49.3006712],[-1.243676,49.3007032],[-1.2436881,49.3007313],[-1.2438026,49.3008458],[-1.243818,49.3008702]]}},{"type":"Feature","properties":{"h":"residential","c":3},"geometry":{"type":"LineString","coordinates":[[-1.2447535,49.2996738],[-1.2446177,49.2995865],[-1.2443999,49.2993147],[-1.2434995,49.2996226]]}},{"type":"Feature","properties":{"h":"residential","c":3},"geometry":{"type":"LineString","coordinates":[[-1.2463347,49.2987361],[-1.2462704,49.2987703],[-1.2462234,49.2987975],[-1.2459535,49.2989196],[-1.2457837,49.2990494],[-1.2455135,49.2991698],[-1.2452743,49.2992429]]}},{"type":"Feature","properties":{"h":"secondary","c":2},"geometry":{"type":"LineString","coordinates":[[-1.2519297,49.3061474],[-1.2518804,49.3060923],[-1.2518347,49.3060413]]}},{"type":"Feature","properties":{"h":"unclassified","c":3},"geometry":{"type":"LineString","coordinates":[[-1.2453837,49.3060569],[-1.2455186,49.3060526]]}},{"type":"Feature","properties":{"h":"unclassified","c":3},"geometry":{"type":"LineString","coordinates":[[-1.2572524,49.3088941],[-1.2571116,49.3087629],[-1.2570172,49.3087036],[-1.2568858,49.3086501],[-1.2562744,49.3084566],[-1.2559664,49.3083712],[-1.2556859,49.3083253],[-1.2552915,49.3082795],[-1.2546977,49.308226]]}},{"type":"Feature","properties":{"h":"unclassified","c":3},"geometry":{"type":"LineString","coordinates":[[-1.2630839,49.3089176],[-1.2629179,49.3089058],[-1.2627327,49.3088847],[-1.2609579,49.3083443],[-1.2607378,49.3082834],[-1.2606121,49.3082789],[-1.2604862,49.3083187],[-1.2592308,49.3095073]]}},{"type":"Feature","properties":{"h":"unclassified","c":3},"geometry":{"type":"LineString","coordinates":[[-1.2405694,49.3077015],[-1.2403728,49.30768],[-1.2402915,49.3076797],[-1.2398877,49.3077334],[-1.2397318,49.3077657],[-1.2395966,49.3078174],[-1.239426,49.3079178],[-1.2392696,49.3080762]]}},{"type":"Feature","properties":{"h":"residential","c":3},"geometry":{"type":"LineString","coordinates":[[-1.2547707,49.2946835],[-1.2554903,49.2950906],[-1.2554828,49.2951315],[-1.2554605,49.295253],[-1.2555008,49.2953751],[-1.2555848,49.2954734],[-1.2556974,49.2955343],[-1.2558568,49.295561],[-1.2559484,49.2956084],[-1.2558449,49.2957462],[-1.2557128,49.2958525],[-1.2555552,49.2959168],[-1.2553817,49.295957],[-1.2552734,49.29597],[-1.2551358,49.2959426],[-1.2550963,49.2959224],[-1.255036,49.2958916],[-1.254839,49.2956816],[-1.2548282,49.2956261],[-1.2548708,49.295566],[-1.2554828,49.2951315]]}},{"type":"Feature","properties":{"h":"residential","c":3},"geometry":{"type":"LineString","coordinates":[[-1.2559484,49.2956084],[-1.2563286,49.2958237],[-1.2566897,49.2959894]]}},{"type":"Feature","properties":{"h":"residential","c":3},"geometry":{"type":"LineString","coordinates":[[-1.2563461,49.2936472],[-1.2568214,49.293775],[-1.2577402,49.294022],[-1.2578363,49.294012],[-1.2582701,49.293679],[-1.2582691,49.2936091],[-1.2576919,49.2932563],[-1.2576425,49.2932497],[-1.2575902,49.2932585],[-1.2568214,49.293775]]}},{"type":"Feature","properties":{"h":"residential","c":3},"geometry":{"type":"LineString","coordinates":[[-1.2581888,49.2944507],[-1.2581173,49.2945736],[-1.2580436,49.2946121],[-1.257852,49.2946052],[-1.257707,49.2946001],[-1.2569982,49.2944213]]}},{"type":"Feature","properties":{"h":"residential","c":3},"geometry":{"type":"LineString","coordinates":[[-1.2580436,49.2946121],[-1.2579848,49.2947166],[-1.2578559,49.294699],[-1.257852,49.2946052]]}},{"type":"Feature","properties":{"h":"residential","c":3},"geometry":{"type":"LineString","coordinates":[[-1.2611284,49.2937062],[-1.2612402,49.2934429],[-1.2612527,49.2932633],[-1.2609731,49.2933092],[-1.2610042,49.2934712],[-1.2611284,49.2937062],[-1.2611174,49.2938512],[-1.261087,49.2942517],[-1.2607454,49.2943206],[-1.2605735,49.2941653],[-1.2599503,49.2936171],[-1.2585717,49.2926259],[-1.2584125,49.2926253],[-1.258094,49.2928295],[-1.2577235,49.2926304]]}},{"type":"Feature","properties":{"h":"residential","c":3},"geometry":{"type":"LineString","coordinates":[[-1.2566184,49.2925865],[-1.2563752,49.2927938],[-1.2563616,49.2928382],[-1.2563841,49.2928975],[-1.2564406,49.2929343],[-1.2566188,49.2930254]]}},{"type":"Feature","properties":{"h":"residential","c":3},"geometry":{"type":"LineString","coordinates":[[-1.2556137,49.2927564],[-1.2553417,49.2929945],[-1.255206,49.2931132],[-1.2554021,49.29321],[-1.2555257,49.2930931],[-1.2553417,49.2929945]]}},{"type":"Feature","properties":{"h":"residential","c":3},"geometry":{"type":"LineString","coordinates":[[-1.2552645,49.2925798],[-1.2551434,49.2925186],[-1.2546782,49.2922834],[-1.2545584,49.2922774],[-1.2544656,49.2923079],[-1.2543912,49.2923769],[-1.2540765,49.2926687],[-1.2539828,49.2927814],[-1.2538773,49.2929611],[-1.2536601,49.2934795]]}},{"type":"Feature","properties":{"h":"residential","c":3},"geometry":{"type":"LineString","coordinates":[[-1.2573611,49.292956],[-1.2567474,49.2926503],[-1.2566184,49.2925865],[-1.2565383,49.2925227],[-1.2564523,49.2924186],[-1.2563722,49.2923532],[-1.2562664,49.2923084],[-1.2561153,49.292257],[-1.2560172,49.2922513],[-1.2559105,49.292245],[-1.2557107,49.292293],[-1.2554855,49.2923907],[-1.2552645,49.2925798]]}},{"type":"Feature","properties":{"h":"residential","c":3},"geometry":{"type":"LineString","coordinates":[[-1.256127,49.2920108],[-1.2557627,49.2918252]]}},{"type":"Feature","properties":{"h":"residential","c":3},"geometry":{"type":"LineString","coordinates":[[-1.2566422,49.2915836],[-1.2570495,49.2917926]]}},{"type":"Feature","properties":{"h":"residential","c":3},"geometry":{"type":"LineString","coordinates":[[-1.2563344,49.2914257],[-1.2566422,49.2915836]]}},{"type":"Feature","properties":{"h":"residential","c":3},"geometry":{"type":"LineString","coordinates":[[-1.2566422,49.2915836],[-1.256127,49.2920108],[-1.2560172,49.2922513]]}},{"type":"Feature","properties":{"h":"residential","c":3},"geometry":{"type":"LineString","coordinates":[[-1.2576307,49.2919481],[-1.2573851,49.2921444],[-1.2573327,49.2922379],[-1.2572983,49.2923005],[-1.2572415,49.2923432],[-1.2571109,49.2923969],[-1.2570183,49.2924305],[-1.2567474,49.2926503]]}},{"type":"Feature","properties":{"h":"service","c":4},"geometry":{"type":"LineString","coordinates":[[-1.2543912,49.2923769],[-1.2541435,49.2922158],[-1.2536671,49.2918203]]}},{"type":"Feature","properties":{"h":"residential","c":3},"geometry":{"type":"LineString","coordinates":[[-1.2551434,49.2925186],[-1.2548403,49.2927663],[-1.2547515,49.2928403],[-1.2545704,49.2927464],[-1.2546599,49.2926729],[-1.2548403,49.2927663]]}},{"type":"Feature","properties":{"h":"residential","c":3},"geometry":{"type":"LineString","coordinates":[[-1.2552645,49.2925798],[-1.2556137,49.2927564],[-1.2557203,49.2928109],[-1.2558416,49.2927091],[-1.2557346,49.2926549],[-1.2556137,49.2927564]]}},{"type":"Feature","properties":{"h":"residential","c":3},"geometry":{"type":"LineString","coordinates":[[-1.257707,49.2946001],[-1.2574917,49.294952]]}},{"type":"Feature","properties":{"h":"residential","c":3},"geometry":{"type":"LineString","coordinates":[[-1.256787,49.2947549],[-1.2562346,49.2946]]}},{"type":"Feature","properties":{"h":"residential","c":3},"geometry":{"type":"LineString","coordinates":[[-1.2554903,49.2950906],[-1.2557471,49.2949197],[-1.2558269,49.294894],[-1.2559401,49.2948801],[-1.256597,49.2950532],[-1.2567588,49.2947994],[-1.256787,49.2947549],[-1.2569982,49.2944213],[-1.2570331,49.2943663],[-1.2570212,49.2942854],[-1.2569709,49.2942206],[-1.2568757,49.2941542],[-1.2561483,49.293961],[-1.2560019,49.2938721]]}},{"type":"Feature","properties":{"h":"residential","c":3},"geometry":{"type":"LineString","coordinates":[[-1.257023,49.2954374],[-1.2566235,49.2953313],[-1.2565655,49.2953043],[-1.2565287,49.295264],[-1.2565252,49.2952235],[-1.2565437,49.2951792],[-1.256597,49.2950532]]}},{"type":"Feature","properties":{"h":"residential","c":3},"geometry":{"type":"LineString","coordinates":[[-1.2564406,49.2929343],[-1.2559732,49.2933239]]}},{"type":"Feature","properties":{"h":"residential","c":3},"geometry":{"type":"LineString","coordinates":[[-1.2562211,49.2967813],[-1.2565393,49.2968326],[-1.2568267,49.2960885],[-1.2566897,49.2959894],[-1.2561161,49.2962142],[-1.2561078,49.2962175]]}},{"type":"Feature","properties":{"h":"residential","c":3},"geometry":{"type":"LineString","coordinates":[[-1.2562869,49.2974073],[-1.2564591,49.297219],[-1.2565153,49.2971132],[-1.2565371,49.2969463],[-1.2565393,49.2968326]]}},{"type":"Feature","properties":{"h":"residential","c":3},"geometry":{"type":"LineString","coordinates":[[-1.2610056,49.2950875],[-1.2597739,49.2955105],[-1.2595947,49.2956097],[-1.259443,49.2957516],[-1.2593698,49.2959738],[-1.2593651,49.2961041],[-1.2593952,49.296233],[-1.2594563,49.2963328],[-1.2598303,49.2969877]]}},{"type":"Feature","properties":{"h":"residential","c":3},"geometry":{"type":"LineString","coordinates":[[-1.2530486,49.3020018],[-1.2530738,49.3021419],[-1.2524025,49.3025919]]}},{"type":"Feature","properties":{"h":"residential","c":3},"geometry":{"type":"LineString","coordinates":[[-1.2517548,49.3021519],[-1.2519713,49.3020825],[-1.2530486,49.3020018],[-1.2533366,49.301987],[-1.2534207,49.3020255],[-1.2535081,49.3023452],[-1.2534831,49.3023949],[-1.2534337,49.3024212],[-1.2524025,49.3025919],[-1.2518794,49.3026739]]}},{"type":"Feature","properties":{"h":"unclassified","c":3},"geometry":{"type":"LineString","coordinates":[[-1.2612539,49.2963737],[-1.2612829,49.2964333],[-1.2611231,49.2968518],[-1.260989,49.297064],[-1.2609157,49.2973121],[-1.2609163,49.298026],[-1.2609539,49.2982435]]}},{"type":"Feature","properties":{"h":"residential","c":3},"geometry":{"type":"LineString","coordinates":[[-1.2598683,49.3012836],[-1.2598592,49.3009822],[-1.2598495,49.3006617]]}},{"type":"Feature","properties":{"h":"residential","c":3},"geometry":{"type":"LineString","coordinates":[[-1.2594609,49.3012886],[-1.2594499,49.3009838],[-1.2594387,49.3006676]]}},{"type":"Feature","properties":{"h":"tertiary","c":2},"geometry":{"type":"LineString","coordinates":[[-1.2632382,49.3017214],[-1.2629007,49.301789]]}},{"type":"Feature","properties":{"h":"service","c":4},"geometry":{"type":"LineString","coordinates":[[-1.2586497,49.2984504],[-1.2592307,49.2983185],[-1.2591594,49.2981849],[-1.2585841,49.2983155]]}},{"type":"Feature","properties":{"h":"residential","c":3},"geometry":{"type":"LineString","coordinates":[[-1.2610135,49.300645],[-1.2602269,49.3006563],[-1.2601847,49.3006569],[-1.2598495,49.3006617],[-1.2594387,49.3006676],[-1.2591019,49.3006725],[-1.259085,49.3006727],[-1.2587779,49.3006771],[-1.2578691,49.3008107]]}},{"type":"Feature","properties":{"h":"residential","c":3},"geometry":{"type":"LineString","coordinates":[[-1.259803,49.2978299],[-1.2596139,49.2974033],[-1.2594274,49.2971999]]}},{"type":"Feature","properties":{"h":"residential","c":3},"geometry":{"type":"LineString","coordinates":[[-1.2605436,49.2999559],[-1.260196,49.2999586],[-1.2602075,49.3002185],[-1.2602269,49.3006563]]}},{"type":"Feature","properties":{"h":"residential","c":3},"geometry":{"type":"LineString","coordinates":[[-1.2590707,49.3002476],[-1.2587994,49.3002502],[-1.2587514,49.3002278],[-1.2587362,49.300208],[-1.2587112,49.3000128],[-1.2587306,49.2999921],[-1.2587583,49.299983],[-1.2590077,49.299983],[-1.2590465,49.2999921],[-1.2590629,49.3000138]]}},{"type":"Feature","properties":{"h":"residential","c":3},"geometry":{"type":"LineString","coordinates":[[-1.2512788,49.3005708],[-1.2512921,49.3006056],[-1.2513001,49.3007027],[-1.251276,49.300826],[-1.2512154,49.3010122],[-1.2511596,49.3011709],[-1.251118,49.3014116],[-1.2512124,49.3016638],[-1.2513244,49.3019237],[-1.251454,49.3019289],[-1.251525,49.3018958],[-1.2515245,49.301845],[-1.2514896,49.3018006],[-1.2512124,49.3016638]]}},{"type":"Feature","properties":{"h":"tertiary","c":2},"geometry":{"type":"LineString","coordinates":[[-1.2408162,49.3035897],[-1.2409193,49.3036155],[-1.2409477,49.3036226],[-1.2416928,49.3038085],[-1.2418317,49.3038554]]}},{"type":"Feature","properties":{"h":"service","c":4},"geometry":{"type":"LineString","coordinates":[[-1.2500565,49.3011777],[-1.249894,49.3012808],[-1.2504131,49.3016222],[-1.2505084,49.3014959],[-1.2500565,49.3011777]]}},{"type":"Feature","properties":{"h":"residential","c":3},"geometry":{"type":"LineString","coordinates":[[-1.2503958,49.3021776],[-1.250032,49.3018465]]}},{"type":"Feature","properties":{"h":"residential","c":3},"geometry":{"type":"LineString","coordinates":[[-1.2513738,49.303128],[-1.2513531,49.3030928],[-1.2513084,49.3029911],[-1.251219,49.3025675],[-1.251107,49.3021019],[-1.251129,49.302068],[-1.2511839,49.3020596],[-1.2517548,49.3021519]]}},{"type":"Feature","properties":{"h":"residential","c":3},"geometry":{"type":"LineString","coordinates":[[-1.2518794,49.3026739],[-1.251219,49.3025675]]}},{"type":"Feature","properties":{"h":"living_street","c":3},"geometry":{"type":"LineString","coordinates":[[-1.2430904,49.3042474],[-1.2424389,49.3040532],[-1.2419794,49.3039156],[-1.2418932,49.3038851]]}},{"type":"Feature","properties":{"h":"residential","c":3},"geometry":{"type":"LineString","coordinates":[[-1.2353351,49.30219],[-1.2353571,49.302236],[-1.2353879,49.3023436],[-1.2354726,49.302692],[-1.2354411,49.302972],[-1.235442,49.3030328],[-1.2354638,49.3031462]]}},{"type":"Feature","properties":{"h":"residential","c":3},"geometry":{"type":"LineString","coordinates":[[-1.239648,49.3023429],[-1.240287,49.3023747],[-1.2404278,49.3024236],[-1.2404995,49.3024969],[-1.2407328,49.3029418],[-1.2408832,49.3033619],[-1.2408332,49.3035318],[-1.2408162,49.3035897]]}},{"type":"Feature","properties":{"h":"tertiary","c":2},"geometry":{"type":"LineString","coordinates":[[-1.2396616,49.3032912],[-1.240066,49.3033877],[-1.2401979,49.3034229],[-1.2406506,49.3035439],[-1.2408162,49.3035897]]}},{"type":"Feature","properties":{"h":"residential","c":3},"geometry":{"type":"LineString","coordinates":[[-1.2376588,49.3015256],[-1.2376112,49.3020828]]}},{"type":"Feature","properties":{"h":"residential","c":3},"geometry":{"type":"LineString","coordinates":[[-1.2355457,49.3045242],[-1.2353685,49.3044887],[-1.2351622,49.3044019],[-1.2350549,49.3043392],[-1.2349311,49.3042283]]}},{"type":"Feature","properties":{"h":"residential","c":3},"geometry":{"type":"LineString","coordinates":[[-1.2605039,49.3017673],[-1.2604936,49.3013327],[-1.2604358,49.3012899],[-1.260344,49.3012778],[-1.2602077,49.3012795],[-1.2598683,49.3012836],[-1.2594609,49.3012886],[-1.2591186,49.3012928],[-1.2588196,49.3012964]]}},{"type":"Feature","properties":{"h":"secondary","c":2},"geometry":{"type":"LineString","coordinates":[[-1.2330449,49.302544],[-1.2327898,49.3025829]]}},{"type":"Feature","properties":{"h":"tertiary","c":2},"geometry":{"type":"LineString","coordinates":[[-1.2343734,49.3031158],[-1.234566,49.303118]]}},{"type":"Feature","properties":{"h":"secondary","c":2},"geometry":{"type":"LineString","coordinates":[[-1.2346325,49.3022805],[-1.233932,49.3023968]]}},{"type":"Feature","properties":{"h":"tertiary","c":2},"geometry":{"type":"LineString","coordinates":[[-1.2385885,49.3056104],[-1.2384158,49.3056262],[-1.2381468,49.3056783]]}},{"type":"Feature","properties":{"h":"tertiary","c":2},"geometry":{"type":"LineString","coordinates":[[-1.2255593,49.3171845],[-1.2257458,49.3170642],[-1.2257932,49.3170237]]}},{"type":"Feature","properties":{"h":"service","c":4},"geometry":{"type":"LineString","coordinates":[[-1.2418513,49.3211265],[-1.2417903,49.3211719],[-1.2409893,49.3217676],[-1.240336,49.3222534]]}},{"type":"Feature","properties":{"h":"trunk_link","c":1},"geometry":{"type":"LineString","coordinates":[[-1.2399146,49.3193013],[-1.2408712,49.3199191],[-1.2418275,49.3210962],[-1.2418513,49.3211265]]}},{"type":"Feature","properties":{"h":"trunk_link","c":1},"geometry":{"type":"LineString","coordinates":[[-1.2418513,49.3211265],[-1.2433541,49.3214442],[-1.2436144,49.3215259],[-1.2452692,49.3224055]]}},{"type":"Feature","properties":{"h":"primary","c":1},"geometry":{"type":"LineString","coordinates":[[-1.2430977,49.3201995],[-1.2426591,49.3205257]]}},{"type":"Feature","properties":{"h":"trunk_link","c":1},"geometry":{"type":"LineString","coordinates":[[-1.2430977,49.3201995],[-1.2415543,49.3199159],[-1.241185,49.3198066],[-1.2401044,49.3192239],[-1.2395794,49.3189999]]}},{"type":"Feature","properties":{"h":"trunk","c":1},"geometry":{"type":"LineString","coordinates":[[-1.2350544,49.3167742],[-1.2395333,49.3191031],[-1.2399146,49.3193013],[-1.2412611,49.3200495],[-1.2436637,49.3214285],[-1.2452692,49.3224055]]}},{"type":"Feature","properties":{"h":"trunk","c":1},"geometry":{"type":"LineString","coordinates":[[-1.2278216,49.3129961],[-1.2250536,49.3116012]]}},{"type":"Feature","properties":{"h":"trunk","c":1},"geometry":{"type":"LineString","coordinates":[[-1.2249746,49.3116739],[-1.228589,49.3134909]]}},{"type":"Feature","properties":{"h":"trunk","c":1},"geometry":{"type":"LineString","coordinates":[[-1.2356867,49.3169898],[-1.2343688,49.3163088],[-1.2320427,49.315128]]}},{"type":"Feature","properties":{"h":"tertiary","c":2},"geometry":{"type":"LineString","coordinates":[[-1.2377726,49.3057686],[-1.2378853,49.3057155],[-1.2380261,49.3056915]]}},{"type":"Feature","properties":{"h":"trunk","c":1},"geometry":{"type":"LineString","coordinates":[[-1.224443,49.3114071],[-1.2249746,49.3116739]]}},{"type":"Feature","properties":{"h":"trunk","c":1},"geometry":{"type":"LineString","coordinates":[[-1.2250536,49.3116012],[-1.2245147,49.3113295]]}},{"type":"Feature","properties":{"h":"tertiary","c":2},"geometry":{"type":"LineString","coordinates":[[-1.2219505,49.3026776],[-1.221948,49.3026224],[-1.2219197,49.302185],[-1.2218191,49.3020526],[-1.2216895,49.3019675],[-1.2215658,49.3019323],[-1.2214454,49.3019115],[-1.2209114,49.3018919],[-1.2200753,49.301861],[-1.2195897,49.3018431],[-1.2190962,49.3018385],[-1.2183801,49.3018319],[-1.2177674,49.3018239],[-1.2169436,49.3017975],[-1.2159305,49.3018093],[-1.2155704,49.3017988],[-1.21456,49.3017264],[-1.2137171,49.30169]]}},{"type":"Feature","properties":{"h":"tertiary","c":2},"geometry":{"type":"LineString","coordinates":[[-1.2508312,49.3039643],[-1.2507719,49.3040682],[-1.2506566,49.3042035],[-1.2505692,49.304279]]}},{"type":"Feature","properties":{"h":"tertiary","c":2},"geometry":{"type":"LineString","coordinates":[[-1.2512079,49.3032132],[-1.2510822,49.3033067],[-1.250955,49.3034443],[-1.2509095,49.3035503]]}},{"type":"Feature","properties":{"h":"tertiary","c":2},"geometry":{"type":"LineString","coordinates":[[-1.2509095,49.3035503],[-1.2508904,49.3036089],[-1.2508597,49.3038465],[-1.2508312,49.3039643]]}},{"type":"Feature","properties":{"h":"service","c":4},"geometry":{"type":"LineString","coordinates":[[-1.2436601,49.3078525],[-1.2436731,49.3077268],[-1.2439042,49.3076825],[-1.2439044,49.3073664],[-1.2438624,49.307324],[-1.2438195,49.3073095],[-1.243246,49.3073153],[-1.2431583,49.3072594],[-1.2431476,49.3069814],[-1.2431359,49.3066703],[-1.2434457,49.3066708],[-1.2434458,49.3064353],[-1.2439028,49.3064397],[-1.2440519,49.306491],[-1.2441305,49.3065787],[-1.2441411,49.3068598]]}},{"type":"Feature","properties":{"h":"residential","c":3},"geometry":{"type":"LineString","coordinates":[[-1.2542651,49.3009407],[-1.2543696,49.3008589],[-1.2544113,49.3007709],[-1.2543818,49.3006685],[-1.2541099,49.3000499]]}},{"type":"Feature","properties":{"h":"service","c":4},"geometry":{"type":"LineString","coordinates":[[-1.2528718,49.3028467],[-1.2533298,49.3035514]]}},{"type":"Feature","properties":{"h":"service","c":4},"geometry":{"type":"LineString","coordinates":[[-1.2497087,49.3054348],[-1.2494915,49.3057023],[-1.2498082,49.3058486]]}},{"type":"Feature","properties":{"h":"service","c":4},"geometry":{"type":"LineString","coordinates":[[-1.2494915,49.3057023],[-1.2493656,49.3056905],[-1.2492019,49.3057656],[-1.2490564,49.3059633]]}},{"type":"Feature","properties":{"h":"service","c":4},"geometry":{"type":"LineString","coordinates":[[-1.2337744,49.3021573],[-1.2338672,49.3021457],[-1.2338811,49.3020851],[-1.2338615,49.3011589],[-1.233857,49.300948]]}},{"type":"Feature","properties":{"h":"track","c":4},"geometry":{"type":"LineString","coordinates":[[-1.234034,49.3030991],[-1.2340361,49.3030464],[-1.234028,49.3029572],[-1.233957,49.302666],[-1.2339503,49.3025352],[-1.2339436,49.3024941],[-1.2339375,49.302481],[-1.2339094,49.3024683],[-1.2338825,49.3024631],[-1.2331577,49.3026004],[-1.2330893,49.3026109],[-1.2330449,49.302544]]}},{"type":"Feature","properties":{"h":"unclassified","c":3},"geometry":{"type":"LineString","coordinates":[[-1.2505191,49.3132745],[-1.2491694,49.3142009],[-1.2489864,49.314268],[-1.2485648,49.3142848],[-1.2480176,49.3142148],[-1.247368,49.3140483],[-1.2472054,49.3140302],[-1.246934,49.3141029],[-1.2466368,49.3141701],[-1.2461989,49.3142007],[-1.2451136,49.3141895],[-1.2446544,49.3142261]]}},{"type":"Feature","properties":{"h":"unclassified","c":3},"geometry":{"type":"LineString","coordinates":[[-1.2544334,49.3153059],[-1.2534893,49.3156766],[-1.2532962,49.3156346],[-1.2522233,49.3145995],[-1.252176,49.3145246],[-1.2521701,49.3143813]]}},{"type":"Feature","properties":{"h":"track","c":4},"geometry":{"type":"LineString","coordinates":[[-1.2440297,49.3168068],[-1.2446544,49.3142261]]}},{"type":"Feature","properties":{"h":"trunk","c":1},"geometry":{"type":"LineString","coordinates":[[-1.2286677,49.3134219],[-1.2278216,49.3129961]]}},{"type":"Feature","properties":{"h":"trunk","c":1},"geometry":{"type":"LineString","coordinates":[[-1.2320427,49.315128],[-1.2286677,49.3134219]]}},{"type":"Feature","properties":{"h":"trunk","c":1},"geometry":{"type":"LineString","coordinates":[[-1.228589,49.3134909],[-1.2304045,49.3144079],[-1.2319816,49.3152044]]}},{"type":"Feature","properties":{"h":"unclassified","c":3},"geometry":{"type":"LineString","coordinates":[[-1.2392696,49.3080762],[-1.239194,49.3080586]]}},{"type":"Feature","properties":{"h":"tertiary","c":2},"geometry":{"type":"LineString","coordinates":[[-1.2255593,49.3171845],[-1.2251662,49.3174006]]}},{"type":"Feature","properties":{"h":"service","c":4},"geometry":{"type":"LineString","coordinates":[[-1.227843,49.3171497],[-1.2272207,49.3176252]]}},{"type":"Feature","properties":{"h":"service","c":4},"geometry":{"type":"LineString","coordinates":[[-1.2311213,49.3144705],[-1.2310541,49.3145246]]}},{"type":"Feature","properties":{"h":"tertiary","c":2},"geometry":{"type":"LineString","coordinates":[[-1.2246584,49.3177545],[-1.2245101,49.3178638],[-1.2238608,49.3183757],[-1.2232939,49.3188631],[-1.2230116,49.3191314],[-1.2226511,49.3194855],[-1.2223326,49.3198107],[-1.2220574,49.3201359],[-1.2219175,49.3202891]]}},{"type":"Feature","properties":{"h":"unclassified","c":3},"geometry":{"type":"LineString","coordinates":[[-1.2215318,49.3027019],[-1.2215727,49.3028383],[-1.2216791,49.3030426]]}},{"type":"Feature","properties":{"h":"unclassified","c":3},"geometry":{"type":"LineString","coordinates":[[-1.2286824,49.3036751],[-1.2285442,49.3037684],[-1.2279459,49.3041956],[-1.2279161,49.3042169],[-1.2270655,49.3048016],[-1.2269519,49.3048797],[-1.2266655,49.3050538],[-1.2265672,49.3051006],[-1.226477,49.3051436],[-1.2264175,49.3051706],[-1.2262903,49.3052208],[-1.226155,49.3052678],[-1.2259871,49.3053179],[-1.225744,49.3053812],[-1.2251836,49.305493],[-1.2249729,49.3055361],[-1.2245813,49.3056161],[-1.2233877,49.3058499],[-1.2231827,49.3058941],[-1.2229828,49.3059546],[-1.2227172,49.3060606],[-1.2222277,49.3062676],[-1.2221277,49.30632],[-1.2220051,49.3063955]]}},{"type":"Feature","properties":{"h":"service","c":4},"geometry":{"type":"LineString","coordinates":[[-1.2379055,49.3069969],[-1.2382234,49.3070757],[-1.238266,49.3070863]]}},{"type":"Feature","properties":{"h":"service","c":4},"geometry":{"type":"LineString","coordinates":[[-1.2325073,49.3012503],[-1.232304,49.3013324],[-1.2321211,49.3014062],[-1.2319221,49.3014865],[-1.2317143,49.3015704],[-1.2315889,49.301665],[-1.2315118,49.3017232],[-1.2314471,49.301772],[-1.231309,49.3018762],[-1.2312701,49.3019056],[-1.2311283,49.3020126],[-1.2309931,49.3021146],[-1.2309417,49.3021534],[-1.2307798,49.3022756]]}},{"type":"Feature","properties":{"h":"residential","c":3},"geometry":{"type":"LineString","coordinates":[[-1.2250261,49.301799],[-1.2251044,49.301838],[-1.2251795,49.3019523],[-1.2252433,49.3027928]]}},{"type":"Feature","properties":{"h":"residential","c":3},"geometry":{"type":"LineString","coordinates":[[-1.2421479,49.3030616],[-1.2419553,49.3030548],[-1.2418776,49.3030574]]}},{"type":"Feature","properties":{"h":"residential","c":3},"geometry":{"type":"LineString","coordinates":[[-1.244301,49.3013103],[-1.2442775,49.3012619],[-1.2441926,49.3011658],[-1.244104,49.3010883],[-1.2440112,49.3010219],[-1.243818,49.3008702]]}},{"type":"Feature","properties":{"h":"unclassified","c":3},"geometry":{"type":"LineString","coordinates":[[-1.2853573,49.2887539],[-1.2848943,49.2887802],[-1.284497,49.288868],[-1.2828194,49.2888245],[-1.2814189,49.2888356]]}},{"type":"Feature","properties":{"h":"unclassified","c":3},"geometry":{"type":"LineString","coordinates":[[-1.2790937,49.2982468],[-1.2786655,49.2984474],[-1.2782089,49.2988061],[-1.2778242,49.2991485]]}},{"type":"Feature","properties":{"h":"track","c":4},"geometry":{"type":"LineString","coordinates":[[-1.2561319,49.2830293],[-1.2551175,49.2834499],[-1.2547377,49.2836032],[-1.2541476,49.2840371],[-1.2539438,49.284303],[-1.253697,49.2847929],[-1.2535146,49.2849679],[-1.2532142,49.2854298],[-1.2531177,49.2860386],[-1.2530426,49.2863535],[-1.2529381,49.2867771],[-1.2526459,49.2873066]]}},{"type":"Feature","properties":{"h":"residential","c":3},"geometry":{"type":"LineString","coordinates":[[-1.2545902,49.2871561],[-1.2544692,49.2871178],[-1.2541285,49.2871666],[-1.2538064,49.2873135],[-1.2535468,49.2874358],[-1.253053,49.2876453],[-1.2529537,49.2876998]]}},{"type":"Feature","properties":{"h":"service","c":4},"geometry":{"type":"LineString","coordinates":[[-1.2568404,49.2849869],[-1.2565059,49.2851302],[-1.2562169,49.2852203],[-1.2561417,49.2853058],[-1.2561446,49.2853896],[-1.2564262,49.2859306],[-1.2565174,49.2859987],[-1.25662,49.2860261],[-1.2567286,49.2860161],[-1.2571871,49.2857755],[-1.2573367,49.2857443],[-1.257425,49.2857445],[-1.2575405,49.2857685],[-1.2576189,49.2858228],[-1.2588678,49.2870603],[-1.2600372,49.28825],[-1.2608752,49.2891029],[-1.260923,49.2892018],[-1.2609047,49.289282],[-1.2608471,49.2893674],[-1.2604014,49.2898416],[-1.2602899,49.2898905],[-1.2600372,49.2899346],[-1.2598475,49.2900017]]}},{"type":"Feature","properties":{"h":"track","c":4},"geometry":{"type":"LineString","coordinates":[[-1.2846478,49.2926312],[-1.2842934,49.2927156],[-1.2838524,49.2928108],[-1.2830613,49.2928544],[-1.2824044,49.2929189],[-1.2816022,49.2930713],[-1.2812677,49.2931264]]}},{"type":"Feature","properties":{"h":"service","c":4},"geometry":{"type":"LineString","coordinates":[[-1.2822756,49.2968969],[-1.2822033,49.2972835],[-1.282085,49.2973535],[-1.2818275,49.2973605],[-1.2808602,49.29723]]}},{"type":"Feature","properties":{"h":"residential","c":3},"geometry":{"type":"LineString","coordinates":[[-1.2544802,49.2874522],[-1.2545982,49.2875642],[-1.2546607,49.2877067],[-1.2546254,49.2879665],[-1.2546542,49.288038],[-1.2547192,49.2881005],[-1.2549791,49.2881992],[-1.2554252,49.2883314],[-1.2555725,49.2883619],[-1.2556626,49.2884241],[-1.2557135,49.2885089],[-1.2557378,49.2886101],[-1.2556893,49.2888002]]}},{"type":"Feature","properties":{"h":"unclassified","c":3},"geometry":{"type":"LineString","coordinates":[[-1.246611,49.2853361],[-1.2464751,49.285566],[-1.2465614,49.2858517],[-1.2474314,49.2864935],[-1.2478546,49.2867371],[-1.2486008,49.2870254],[-1.2490114,49.28736],[-1.2492703,49.2875369],[-1.2495618,49.2876045],[-1.2500345,49.287624],[-1.2511586,49.2876349],[-1.2516263,49.2874592],[-1.2520491,49.287271],[-1.2523032,49.2871863],[-1.2525397,49.287213],[-1.2526459,49.2873066],[-1.2528813,49.2876584],[-1.2529537,49.2876998],[-1.2529996,49.2877741],[-1.2535935,49.2882531],[-1.2537614,49.288355],[-1.2539134,49.2884166],[-1.2540725,49.2884599],[-1.2556893,49.2888002],[-1.2572415,49.2891436],[-1.2580285,49.2892478],[-1.2587542,49.2894389],[-1.2591981,49.2896126],[-1.259492,49.2897449],[-1.2596504,49.2898488],[-1.2598475,49.2900017]]}},{"type":"Feature","properties":{"h":"residential","c":3},"geometry":{"type":"LineString","coordinates":[[-1.2557993,49.2878021],[-1.2557993,49.2878721],[-1.2556384,49.2880611],[-1.2555613,49.2881634],[-1.2555725,49.2883619]]}},{"type":"Feature","properties":{"h":"track","c":4},"geometry":{"type":"LineString","coordinates":[[-1.2610724,49.2904314],[-1.2611641,49.2904257],[-1.262645,49.2900419],[-1.2642109,49.2897003],[-1.2648343,49.289537],[-1.2657227,49.2892651],[-1.2661419,49.2891043],[-1.2669353,49.2886371],[-1.2685676,49.2880389],[-1.2692094,49.287393],[-1.269659,49.287108],[-1.2708744,49.286398]]}},{"type":"Feature","properties":{"h":"service","c":4},"geometry":{"type":"LineString","coordinates":[[-1.2756262,49.3011941],[-1.2758944,49.3003546],[-1.2761512,49.2991484]]}},{"type":"Feature","properties":{"h":"service","c":4},"geometry":{"type":"LineString","coordinates":[[-1.2768583,49.2847846],[-1.2768837,49.2849143],[-1.2775145,49.2851358],[-1.2782441,49.2853108],[-1.2788922,49.285211],[-1.279435,49.2852478],[-1.2807169,49.2853367],[-1.2819523,49.2854784],[-1.2821357,49.2855293]]}},{"type":"Feature","properties":{"h":"unclassified","c":3},"geometry":{"type":"LineString","coordinates":[[-1.2708744,49.286398],[-1.2705407,49.2862346],[-1.2691567,49.2850944],[-1.268314,49.2844927],[-1.2672775,49.2838539]]}},{"type":"Feature","properties":{"h":"unclassified","c":3},"geometry":{"type":"LineString","coordinates":[[-1.2528415,49.2961426],[-1.2526994,49.2960712],[-1.2525687,49.2960001]]}},{"type":"Feature","properties":{"h":"service","c":4},"geometry":{"type":"LineString","coordinates":[[-1.2444355,49.302388],[-1.2443691,49.3023926],[-1.2443349,49.302406],[-1.2443222,49.3024531],[-1.2443375,49.3025069]]}},{"type":"Feature","properties":{"h":"service","c":4},"geometry":{"type":"LineString","coordinates":[[-1.2449547,49.3020884],[-1.2449924,49.3020938],[-1.2453376,49.3021693],[-1.2456444,49.3022538],[-1.245884,49.3023208]]}},{"type":"Feature","properties":{"h":"secondary","c":2},"geometry":{"type":"LineString","coordinates":[[-1.2376112,49.3020828],[-1.2368301,49.3020981],[-1.2362594,49.3021126],[-1.2360168,49.3021266]]}},{"type":"Feature","properties":{"h":"residential","c":3},"geometry":{"type":"LineString","coordinates":[[-1.2431364,49.303125],[-1.2432634,49.3028618],[-1.2434236,49.3025456],[-1.2434456,49.3025022]]}},{"type":"Feature","properties":{"h":"secondary","c":2},"geometry":{"type":"LineString","coordinates":[[-1.2427902,49.3024445],[-1.2433146,49.3024907],[-1.2434456,49.3025022]]}},{"type":"Feature","properties":{"h":"tertiary","c":2},"geometry":{"type":"LineString","coordinates":[[-1.2377662,49.3032434],[-1.2379123,49.3032135],[-1.238232,49.3031482],[-1.2383993,49.3031129],[-1.2385432,49.3030959],[-1.2387463,49.303096],[-1.2389554,49.303125],[-1.2395631,49.3032689],[-1.2396616,49.3032912]]}},{"type":"Feature","properties":{"h":"residential","c":3},"geometry":{"type":"LineString","coordinates":[[-1.2376112,49.3020828],[-1.237595,49.3022091],[-1.237508,49.3026042],[-1.2375075,49.3026321],[-1.2375672,49.3027393],[-1.2375793,49.3027821],[-1.2375302,49.3030462],[-1.2375399,49.3031174],[-1.2375529,49.3032115],[-1.237561,49.3032569]]}},{"type":"Feature","properties":{"h":"primary","c":1},"geometry":{"type":"LineString","coordinates":[[-1.2422673,49.3208171],[-1.2418513,49.3211265]]}},{"type":"Feature","properties":{"h":"primary","c":1},"geometry":{"type":"LineString","coordinates":[[-1.2426591,49.3205257],[-1.2422673,49.3208171]]}},{"type":"Feature","properties":{"h":"tertiary","c":2},"geometry":{"type":"LineString","coordinates":[[-1.2219175,49.3202891],[-1.2217356,49.3204926],[-1.2206976,49.3218842],[-1.2203967,49.3222957],[-1.2194959,49.3235276],[-1.218702,49.3244786],[-1.2179805,49.3251534],[-1.2177109,49.3253885],[-1.2174441,49.3255922],[-1.2171272,49.3257825]]}},{"type":"Feature","properties":{"h":"service","c":4},"geometry":{"type":"LineString","coordinates":[[-1.2308119,49.3147308],[-1.227843,49.3171497]]}},{"type":"Feature","properties":{"h":"service","c":4},"geometry":{"type":"LineString","coordinates":[[-1.237771,49.3177234],[-1.2377017,49.317732],[-1.2375974,49.3177201],[-1.2312928,49.3145217],[-1.231186,49.3144842],[-1.2311213,49.3144705]]}},{"type":"Feature","properties":{"h":"track","c":4},"geometry":{"type":"LineString","coordinates":[[-1.2344501,49.3167288],[-1.2345837,49.3167462],[-1.2348144,49.3168389],[-1.2368046,49.3178565],[-1.2373196,49.3181327],[-1.2374081,49.3182044],[-1.2374322,49.3183268],[-1.2373786,49.3186904],[-1.2372686,49.3188705],[-1.2370272,49.319173],[-1.2369843,49.3193216],[-1.2370031,49.3196346],[-1.2370031,49.3198898],[-1.2369414,49.3199912],[-1.2368073,49.3200891],[-1.236649,49.3201433],[-1.2363969,49.3202273],[-1.2362628,49.3203147],[-1.2361716,49.3204563],[-1.2359946,49.3209353],[-1.2358685,49.3211416],[-1.2358041,49.3212465],[-1.2358068,49.3213095],[-1.2358352,49.3213614]]}},{"type":"Feature","properties":{"h":"track","c":4},"geometry":{"type":"LineString","coordinates":[[-1.2320907,49.3171529],[-1.2343059,49.3167424],[-1.2344501,49.3167288]]}},{"type":"Feature","properties":{"h":"unclassified","c":3},"geometry":{"type":"LineString","coordinates":[[-1.2170827,49.3101435],[-1.2171491,49.3104783],[-1.2173614,49.3114637],[-1.2174686,49.3118408],[-1.2176414,49.3121577],[-1.217802,49.3125217],[-1.2178743,49.3128464],[-1.2179828,49.3130114],[-1.2181555,49.3130717],[-1.218493,49.3130638],[-1.2189027,49.3130428],[-1.2190714,49.3131083],[-1.219451,49.3136622],[-1.2196828,49.314095],[-1.2198021,49.3144246],[-1.2198731,49.3146597],[-1.2198646,49.3151227],[-1.2198958,49.3152893],[-1.2200521,49.3156689],[-1.2202225,49.3164207],[-1.2203011,49.3166691],[-1.2204528,49.3170393],[-1.2205974,49.3173873],[-1.2207281,49.3177391],[-1.220836,49.3180723],[-1.2212393,49.3186832],[-1.221297,49.3188098],[-1.2213364,49.318947],[-1.2213786,49.3190889],[-1.2214651,49.3193258],[-1.2215068,49.319446],[-1.2215845,49.3195947],[-1.2216456,49.3197443],[-1.2216845,49.3198652],[-1.2217467,49.3201354],[-1.2217933,49.3202111],[-1.2218533,49.3202653],[-1.2219175,49.3202891]]}},{"type":"Feature","properties":{"h":"service","c":4},"geometry":{"type":"LineString","coordinates":[[-1.23808,49.322308],[-1.2378996,49.322295],[-1.2376415,49.3222763],[-1.237087,49.3221766],[-1.2368422,49.3220612],[-1.236464,49.32182],[-1.2359543,49.3214843],[-1.2358352,49.3213614]]}},{"type":"Feature","properties":{"h":"secondary","c":2},"geometry":{"type":"LineString","coordinates":[[-1.2646847,49.3207459],[-1.2649032,49.3210259]]}},{"type":"Feature","properties":{"h":"secondary","c":2},"geometry":{"type":"LineString","coordinates":[[-1.2626431,49.3180446],[-1.262735,49.3181467]]}},{"type":"Feature","properties":{"h":"secondary","c":2},"geometry":{"type":"LineString","coordinates":[[-1.2634619,49.3190838],[-1.2636656,49.319382]]}},{"type":"Feature","properties":{"h":"secondary","c":2},"geometry":{"type":"LineString","coordinates":[[-1.2649032,49.3210259],[-1.265562,49.3218667]]}},{"type":"Feature","properties":{"h":"secondary","c":2},"geometry":{"type":"LineString","coordinates":[[-1.2636656,49.319382],[-1.2637853,49.3195563],[-1.2640342,49.3199166],[-1.2643948,49.3203765],[-1.2646847,49.3207459]]}},{"type":"Feature","properties":{"h":"secondary","c":2},"geometry":{"type":"LineString","coordinates":[[-1.262735,49.3181467],[-1.2631549,49.3186413],[-1.2633188,49.3188647],[-1.2634619,49.3190838]]}},{"type":"Feature","properties":{"h":"trunk","c":1},"geometry":{"type":"LineString","coordinates":[[-1.2453573,49.3223345],[-1.2438174,49.3214033],[-1.2413092,49.3199582],[-1.2395794,49.3189999],[-1.236721,49.3175242]]}},{"type":"Feature","properties":{"h":"secondary","c":2},"geometry":{"type":"LineString","coordinates":[[-1.2443375,49.3025069],[-1.24413,49.302504],[-1.2436835,49.302462],[-1.2436166,49.3024557],[-1.2434802,49.3024428]]}},{"type":"Feature","properties":{"h":"secondary","c":2},"geometry":{"type":"LineString","coordinates":[[-1.2434456,49.3025022],[-1.2436082,49.3025165],[-1.2442148,49.3025699],[-1.244363,49.3025588],[-1.2445328,49.3025643],[-1.2447172,49.3026212],[-1.2447953,49.3026486]]}},{"type":"Feature","properties":{"h":"primary","c":1},"geometry":{"type":"LineString","coordinates":[[-1.2632411,49.3081356],[-1.2632264,49.3083191],[-1.2632023,49.3084689],[-1.2631695,49.3086394],[-1.2631354,49.308763],[-1.2630839,49.3089176],[-1.2629527,49.3092102]]}},{"type":"Feature","properties":{"h":"primary","c":1},"geometry":{"type":"LineString","coordinates":[[-1.2632667,49.3078179],[-1.2632411,49.3081356]]}},{"type":"Feature","properties":{"h":"residential","c":3},"geometry":{"type":"LineString","coordinates":[[-1.2418317,49.3038554],[-1.2418195,49.3039433],[-1.2417085,49.3042095],[-1.2415973,49.3044758],[-1.2415852,49.3045049],[-1.2415538,49.3047535],[-1.2415037,49.3047866]]}},{"type":"Feature","properties":{"h":"residential","c":3},"geometry":{"type":"LineString","coordinates":[[-1.2418012,49.3048864],[-1.2418586,49.3048369],[-1.2418666,49.3046109],[-1.2418681,49.3045631],[-1.2418789,49.3042273],[-1.2418784,49.3040775],[-1.2418779,49.3039381],[-1.2418932,49.3038851]]}},{"type":"Feature","properties":{"h":"tertiary","c":2},"geometry":{"type":"LineString","coordinates":[[-1.2527278,49.2965372],[-1.2524999,49.2968407],[-1.2521728,49.2972858],[-1.2518863,49.2976641],[-1.25163,49.2980149],[-1.2505374,49.29951],[-1.2505001,49.299561],[-1.2504637,49.2996108],[-1.2503231,49.2998032],[-1.2496972,49.3007293],[-1.249632,49.3008451]]}},{"type":"Feature","properties":{"h":"tertiary","c":2},"geometry":{"type":"LineString","coordinates":[[-1.234566,49.303118],[-1.2348189,49.3031307]]}},{"type":"Feature","properties":{"h":"tertiary","c":2},"geometry":{"type":"LineString","coordinates":[[-1.2354638,49.3031462],[-1.2355765,49.3031669],[-1.2357811,49.3032022],[-1.2363206,49.3032301],[-1.2364165,49.303235],[-1.2370282,49.3032466],[-1.2374347,49.3032543],[-1.237561,49.3032569]]}},{"type":"Feature","properties":{"h":"residential","c":3},"geometry":{"type":"LineString","coordinates":[[-1.2660312,49.3093984],[-1.265497,49.3098817],[-1.2652402,49.3099897],[-1.2647261,49.3102788],[-1.264528,49.3104244],[-1.2642085,49.310689],[-1.2639095,49.3107996],[-1.2637361,49.3107951],[-1.2633478,49.3107159],[-1.262392,49.3104966]]}},{"type":"Feature","properties":{"h":"service","c":4},"geometry":{"type":"LineString","coordinates":[[-1.2486374,49.3111095],[-1.2485634,49.3112543],[-1.2484239,49.3113859],[-1.2483472,49.311472],[-1.2483204,49.3115654]]}},{"type":"Feature","properties":{"h":"residential","c":3},"geometry":{"type":"LineString","coordinates":[[-1.2418012,49.3048864],[-1.2417765,49.3048664],[-1.241743,49.3048529],[-1.2417045,49.3048474],[-1.2416655,49.3048506],[-1.2416302,49.3048621],[-1.2416028,49.3048805]]}},{"type":"Feature","properties":{"h":"service","c":4},"geometry":{"type":"LineString","coordinates":[[-1.2369461,49.3043891],[-1.2367769,49.3042366],[-1.2366562,49.3041277],[-1.2365837,49.3041152],[-1.2364893,49.304099],[-1.2364278,49.3041105],[-1.2363077,49.3041811],[-1.2362394,49.3043129],[-1.2360602,49.3046582]]}},{"type":"Feature","properties":{"h":"service","c":4},"geometry":{"type":"LineString","coordinates":[[-1.2524686,49.2937406],[-1.2522792,49.2936997],[-1.2511945,49.2932387],[-1.2510523,49.2931783],[-1.2501768,49.2927906],[-1.2495531,49.2924469],[-1.2487712,49.2919885],[-1.2485136,49.2918988],[-1.2477376,49.2919198],[-1.246581,49.2917403],[-1.2458723,49.2916715],[-1.2449353,49.2916944],[-1.2447391,49.2917479],[-1.2444668,49.2919675],[-1.2439749,49.2920229],[-1.2437611,49.2920458],[-1.2435913,49.2920879]]}},{"type":"Feature","properties":{"h":"track","c":4},"geometry":{"type":"LineString","coordinates":[[-1.2446544,49.3142261],[-1.2443739,49.3142408],[-1.2433483,49.3143843],[-1.2431263,49.3143765],[-1.2429856,49.3143022],[-1.2422567,49.313638],[-1.2416505,49.3132634],[-1.2411245,49.3130586],[-1.2406062,49.3129211],[-1.2402644,49.3129324],[-1.2395844,49.3130388],[-1.2390877,49.3130931],[-1.2384083,49.315485],[-1.2383761,49.3157927],[-1.237947,49.3171495],[-1.2378826,49.3175342],[-1.237771,49.3177234]]}},{"type":"Feature","properties":{"h":"service","c":4},"geometry":{"type":"LineString","coordinates":[[-1.2461659,49.3077519],[-1.2448912,49.3079285]]}},{"type":"Feature","properties":{"h":"residential","c":3},"geometry":{"type":"LineString","coordinates":[[-1.2542651,49.3009407],[-1.2545389,49.3016601],[-1.2545601,49.3017159],[-1.2546029,49.3018296],[-1.2546577,49.3019751],[-1.2547425,49.3021967],[-1.2548688,49.3025267]]}},{"type":"Feature","properties":{"h":"service","c":4},"geometry":{"type":"LineString","coordinates":[[-1.2443349,49.302406],[-1.2438309,49.3022807]]}},{"type":"Feature","properties":{"h":"tertiary","c":2},"geometry":{"type":"LineString","coordinates":[[-1.2639751,49.2950749],[-1.2640397,49.2950496],[-1.264454,49.2949003],[-1.265336,49.2946017],[-1.2663175,49.29431],[-1.2666653,49.2940993],[-1.2674273,49.2936051],[-1.2689678,49.2927598],[-1.2698264,49.2923231],[-1.270077,49.2919367],[-1.2706755,49.291132],[-1.2710888,49.2906458],[-1.271412,49.2900361],[-1.2714842,49.2899335],[-1.2716297,49.2897906],[-1.271693,49.2897415],[-1.2719248,49.2896496],[-1.2736521,49.2890478],[-1.2754546,49.288376],[-1.2771175,49.2876762],[-1.2782655,49.2871373],[-1.2788449,49.2869484],[-1.280025,49.2862766],[-1.2805904,49.2859839],[-1.2814143,49.2857435],[-1.2821357,49.2855293],[-1.2824021,49.2854586],[-1.2835226,49.2852408],[-1.2845311,49.2850099],[-1.2855182,49.2846179],[-1.286145,49.2842366],[-1.2866302,49.2839868],[-1.2876281,49.2836212],[-1.2876937,49.283539]]}},{"type":"Feature","properties":{"h":"unclassified","c":3},"geometry":{"type":"LineString","coordinates":[[-1.260476,49.31563],[-1.2602888,49.3156634],[-1.260075,49.3156384],[-1.2595542,49.3150654],[-1.2594417,49.3150301],[-1.2589851,49.3150482],[-1.2584075,49.3149914],[-1.258091,49.3149946],[-1.2577421,49.3150432],[-1.2572131,49.3152591],[-1.2563932,49.3156478],[-1.2562441,49.3157477],[-1.2562483,49.3158827],[-1.2564056,49.316096],[-1.2564015,49.3162174],[-1.2562814,49.3162849],[-1.2557927,49.3165387],[-1.2557513,49.3166656],[-1.2557711,49.316764],[-1.2557555,49.3168383],[-1.2556519,49.3168869],[-1.2554118,49.3169139],[-1.2551674,49.3169733],[-1.2547119,49.3172729],[-1.2541612,49.317389],[-1.2539955,49.3173539],[-1.2538754,49.3172054],[-1.2537305,49.3171758],[-1.2532833,49.3172999],[-1.2525958,49.317551],[-1.2521734,49.3177723],[-1.2518422,49.318242],[-1.2517552,49.3184958],[-1.2516944,49.3187512]]}},{"type":"Feature","properties":{"h":"service","c":4},"geometry":{"type":"LineString","coordinates":[[-1.2632871,49.3023663],[-1.263263,49.3021742],[-1.2629442,49.3021897]]}},{"type":"Feature","properties":{"h":"track","c":4},"geometry":{"type":"LineString","coordinates":[[-1.2640529,49.2861427],[-1.2633155,49.285815],[-1.262888,49.2856278]]}},{"type":"Feature","properties":{"h":"track","c":4},"geometry":{"type":"LineString","coordinates":[[-1.2427773,49.3015837],[-1.2426743,49.3015475],[-1.241684,49.3012095]]}},{"type":"Feature","properties":{"h":"track","c":4},"geometry":{"type":"LineString","coordinates":[[-1.2721356,49.3100439],[-1.2721687,49.3100643],[-1.2725704,49.3101939],[-1.2731377,49.3103802],[-1.2735311,49.3102722],[-1.2737589,49.3102398],[-1.2741647,49.310445],[-1.2743925,49.3104612],[-1.2750468,49.3104531],[-1.2756969,49.3106691],[-1.2763429,49.310823],[-1.2773823,49.3112144],[-1.2786909,49.3117436],[-1.2799415,49.3122916],[-1.2801941,49.3124077],[-1.280778,49.3127209],[-1.2810058,49.3129153],[-1.2814861,49.3131717],[-1.2818878,49.3132203],[-1.2826373,49.3134012]]}},{"type":"Feature","properties":{"h":"unclassified","c":3},"geometry":{"type":"LineString","coordinates":[[-1.2629435,49.3058733],[-1.2631764,49.3058567],[-1.2633404,49.3059045],[-1.2634136,49.3060553],[-1.2635132,49.3073841],[-1.263522,49.3077965],[-1.2635922,49.3078748],[-1.2637328,49.3079225],[-1.2639934,49.3079492],[-1.2641603,49.3080447],[-1.2643828,49.308247],[-1.2646639,49.308415],[-1.2660132,49.308995],[-1.2661084,49.3090048],[-1.2661974,49.308977],[-1.2662669,49.3089336],[-1.2663954,49.3086529],[-1.2668132,49.3079588],[-1.2670592,49.3075139],[-1.2673901,49.3069984],[-1.2674545,49.306777],[-1.267475,49.3066185],[-1.2674311,49.3065402],[-1.2665848,49.3063321],[-1.2664355,49.3062768],[-1.2657357,49.3056849],[-1.2647635,49.3051312],[-1.2641574,49.3047436],[-1.2637795,49.3045667],[-1.2635483,49.3045088],[-1.263417,49.3045084],[-1.2630728,49.3045673],[-1.262772,49.304593]]}},{"type":"Feature","properties":{"h":"service","c":4},"geometry":{"type":"LineString","coordinates":[[-1.2629675,49.3059868],[-1.2622601,49.3057916],[-1.2609212,49.3053777],[-1.2608448,49.3053007],[-1.2608407,49.3052229],[-1.2608582,49.3050839],[-1.2609065,49.3049982],[-1.2609252,49.3047708]]}},{"type":"Feature","properties":{"h":"service","c":4},"geometry":{"type":"LineString","coordinates":[[-1.2458697,49.30662],[-1.2455692,49.3066656],[-1.2454863,49.3066782],[-1.2449754,49.3067557],[-1.2447621,49.3067881],[-1.2447269,49.3068339]]}},{"type":"Feature","properties":{"h":"service","c":4},"geometry":{"type":"LineString","coordinates":[[-1.2593255,49.3018334],[-1.2595283,49.3029609],[-1.2597217,49.3036127],[-1.2597364,49.3037063]]}},{"type":"Feature","properties":{"h":"unclassified","c":3},"geometry":{"type":"LineString","coordinates":[[-1.2464751,49.285566],[-1.2429542,49.2851116],[-1.2428152,49.2854711],[-1.2427684,49.2856563],[-1.2425195,49.2860957],[-1.2423087,49.2864528],[-1.2420305,49.2868253],[-1.2417172,49.2871862],[-1.2414361,49.2874097],[-1.2412311,49.2876217],[-1.2409119,49.2883169],[-1.2408534,49.2888154],[-1.2408329,49.2889166],[-1.2406103,49.289142],[-1.2405722,49.2892299],[-1.2405722,49.289354],[-1.240663,49.2899804],[-1.2408797,49.290435],[-1.2408563,49.2905954],[-1.2407655,49.2906833],[-1.240461,49.2908246],[-1.2399661,49.2911282],[-1.2396206,49.2913994],[-1.2392634,49.2915541],[-1.2389852,49.2916993],[-1.2386309,49.2919208],[-1.2384025,49.2920908],[-1.2382209,49.2922989],[-1.2382326,49.2924574],[-1.23842,49.2927592],[-1.238871,49.2936033],[-1.2390935,49.2940845],[-1.2391169,49.2942278],[-1.2390291,49.2944034],[-1.2387948,49.2947281],[-1.2387334,49.2950088],[-1.2388212,49.2956256],[-1.2389647,49.2960037],[-1.2391316,49.2960648],[-1.2397582,49.296124],[-1.2400452,49.296189],[-1.2402589,49.2962558],[-1.2408804,49.2963785]]}},{"type":"Feature","properties":{"h":"service","c":4},"geometry":{"type":"LineString","coordinates":[[-1.243246,49.3073153],[-1.2432381,49.3074535],[-1.2431491,49.3075251],[-1.2430518,49.3076277],[-1.2430099,49.3077152]]}},{"type":"Feature","properties":{"h":"tertiary","c":2},"geometry":{"type":"LineString","coordinates":[[-1.2377662,49.3032434],[-1.2377714,49.3032714],[-1.2377766,49.3032995],[-1.2378455,49.3035494],[-1.2378754,49.3036234],[-1.23799,49.3037532],[-1.2382037,49.3040379],[-1.2384961,49.3044273],[-1.238637,49.304615],[-1.2387087,49.304711],[-1.2388679,49.3049243],[-1.2389658,49.3050555]]}},{"type":"Feature","properties":{"h":"unclassified","c":3},"geometry":{"type":"LineString","coordinates":[[-1.2472841,49.3092599],[-1.2457359,49.3089903],[-1.2453965,49.3090917],[-1.2451123,49.30923]]}},{"type":"Feature","properties":{"h":"service","c":4},"geometry":{"type":"LineString","coordinates":[[-1.2615542,49.2982089],[-1.2615441,49.2983635],[-1.2614036,49.2984717],[-1.2613835,49.2988834],[-1.2614663,49.298959],[-1.2614705,49.2993128],[-1.2617065,49.2993128]]}},{"type":"Feature","properties":{"h":"secondary","c":2},"geometry":{"type":"LineString","coordinates":[[-1.2475452,49.3031213],[-1.247553,49.3031416],[-1.2475704,49.303159],[-1.2475957,49.3031718],[-1.2476215,49.303178],[-1.2476489,49.3031792],[-1.2476757,49.3031753],[-1.2476997,49.3031666],[-1.2477191,49.3031539],[-1.2477333,49.3031361],[-1.2477382,49.3031163],[-1.2477333,49.3030965],[-1.2477192,49.3030787],[-1.2476971,49.3030647],[-1.2476694,49.3030559],[-1.2476389,49.3030533],[-1.2476087,49.303057],[-1.2475818,49.3030668],[-1.2475609,49.3030815],[-1.2475479,49.3031006],[-1.2475452,49.3031213]]}},{"type":"Feature","properties":{"h":"tertiary","c":2},"geometry":{"type":"LineString","coordinates":[[-1.2529471,49.2962284],[-1.2529563,49.2962501],[-1.2529756,49.2962687],[-1.2530029,49.2962825],[-1.2530355,49.2962899],[-1.25307,49.2962903],[-1.2531015,49.296284],[-1.2531275,49.2962725],[-1.2531473,49.2962565],[-1.2531592,49.2962376],[-1.2531623,49.2962172],[-1.2531561,49.2961967],[-1.2531409,49.2961784],[-1.2531182,49.2961637],[-1.2530898,49.296154],[-1.2530584,49.2961502],[-1.2530266,49.2961525],[-1.2529996,49.2961599],[-1.2529786,49.2961704],[-1.2529621,49.296184],[-1.2529512,49.2961997],[-1.2529466,49.2962168],[-1.2529471,49.2962284]]}},{"type":"Feature","properties":{"h":"service","c":4},"geometry":{"type":"LineString","coordinates":[[-1.2623344,49.3020896],[-1.2616353,49.3021316]]}},{"type":"Feature","properties":{"h":"service","c":4},"geometry":{"type":"LineString","coordinates":[[-1.2455692,49.3066656],[-1.2457269,49.3070607],[-1.2458946,49.3071214],[-1.2460727,49.3074454],[-1.2461659,49.3077519],[-1.2462932,49.3078632],[-1.2463553,49.30801],[-1.2466263,49.3083124]]}},{"type":"Feature","properties":{"h":"unclassified","c":3},"geometry":{"type":"LineString","coordinates":[[-1.2708744,49.286398],[-1.272547,49.2857027],[-1.2738774,49.2848559],[-1.2749396,49.28417],[-1.276345,49.2830433],[-1.276632,49.2828187],[-1.2771718,49.2821486],[-1.2778763,49.2810797],[-1.2783313,49.2802937]]}},{"type":"Feature","properties":{"h":"unclassified","c":3},"geometry":{"type":"LineString","coordinates":[[-1.2270525,49.2833937],[-1.2273832,49.2837019],[-1.2275662,49.2839005],[-1.2279733,49.2843423],[-1.2282951,49.2848427],[-1.2286706,49.2853816],[-1.2290998,49.285749],[-1.2296094,49.2861269],[-1.2305321,49.2868267],[-1.2310363,49.2872431],[-1.2317391,49.2879779],[-1.2322165,49.2885062],[-1.2325276,49.2887652],[-1.2339975,49.2896924],[-1.2343623,49.2899863],[-1.2344803,49.2900982],[-1.2345983,49.2903256],[-1.2346788,49.2905531],[-1.23477,49.2908295],[-1.2349148,49.2910114],[-1.2350757,49.2911619],[-1.236787,49.292215],[-1.2368943,49.2923059],[-1.2369855,49.2924599],[-1.2369962,49.2926803],[-1.2369104,49.2930267],[-1.2366743,49.2934045],[-1.2361701,49.294517],[-1.2359019,49.2949789],[-1.2356927,49.2952797],[-1.2351991,49.295822],[-1.2347002,49.2964832],[-1.2342228,49.2971199],[-1.233722,49.2976614]]}},{"type":"Feature","properties":{"h":"service","c":4},"geometry":{"type":"LineString","coordinates":[[-1.2321504,49.3030329],[-1.2321775,49.3037806]]}},{"type":"Feature","properties":{"h":"living_street","c":3},"geometry":{"type":"LineString","coordinates":[[-1.2262013,49.3061072],[-1.2262206,49.3061168],[-1.2262506,49.306122],[-1.2264826,49.3061401],[-1.2265234,49.3061397],[-1.226559,49.3061294],[-1.2268949,49.3059766]]}},{"type":"Feature","properties":{"h":"service","c":4},"geometry":{"type":"LineString","coordinates":[[-1.2232535,49.3015056],[-1.2228995,49.3014741],[-1.2227513,49.3013444]]}},{"type":"Feature","properties":{"h":"residential","c":3},"geometry":{"type":"LineString","coordinates":[[-1.2288164,49.3069235],[-1.2287413,49.3069515],[-1.2284071,49.3066432],[-1.2274606,49.3070681]]}},{"type":"Feature","properties":{"h":"service","c":4},"geometry":{"type":"LineString","coordinates":[[-1.2277311,49.3050858],[-1.2274555,49.305851],[-1.2275195,49.3058627],[-1.2275394,49.3058947],[-1.2274143,49.3060426],[-1.2273814,49.3060904],[-1.2273588,49.306139],[-1.22726,49.306249]]}},{"type":"Feature","properties":{"h":"unclassified","c":3},"geometry":{"type":"LineString","coordinates":[[-1.2266494,49.2990513],[-1.226421,49.2989082],[-1.2261061,49.2987831],[-1.225805,49.2986711],[-1.2255026,49.2985942],[-1.2252706,49.2985583],[-1.2250493,49.298533],[-1.224879,49.298512],[-1.224128,49.2983738],[-1.2238356,49.2983126],[-1.2236063,49.2983038],[-1.2232402,49.2983406],[-1.2229331,49.2983441],[-1.2225804,49.2983318],[-1.221942,49.2982461],[-1.2216268,49.2982111],[-1.2212808,49.2982033],[-1.2211306,49.2981797],[-1.2207739,49.2980642],[-1.2203863,49.2979855],[-1.2189084,49.2977328],[-1.2186724,49.2976742],[-1.2181413,49.297529],[-1.2179334,49.2974818],[-1.2177216,49.2974581],[-1.2168083,49.2974573],[-1.2163416,49.2974354],[-1.2161806,49.2974302],[-1.2160318,49.2974459],[-1.2158507,49.2974879],[-1.2155758,49.2975928],[-1.2153921,49.2976916],[-1.2152834,49.2977957],[-1.2151735,49.2979138],[-1.2151252,49.2979977],[-1.2150702,49.2981718],[-1.2150246,49.2982767],[-1.2149347,49.2983554],[-1.2148127,49.2984446],[-1.2146638,49.2985207],[-1.2144694,49.2985977],[-1.2143314,49.2986236],[-1.2141462,49.2987271],[-1.2137438,49.2989475],[-1.2133174,49.2991653],[-1.2130626,49.2992772],[-1.2124819,49.2994434],[-1.2117667,49.2996608],[-1.2114827,49.2997381],[-1.2112561,49.299767],[-1.2110415,49.2997705],[-1.2102073,49.2996944],[-1.210127,49.2997241],[-1.2101161,49.2997897],[-1.2101158,49.2998996],[-1.2101239,49.3003494],[-1.2100437,49.300659],[-1.2098882,49.3010298],[-1.2098672,49.3013483]]}},{"type":"Feature","properties":{"h":"living_street","c":3},"geometry":{"type":"LineString","coordinates":[[-1.2245567,49.3078698],[-1.2243264,49.3077874],[-1.224168,49.3078037]]}},{"type":"Feature","properties":{"h":"service","c":4},"geometry":{"type":"LineString","coordinates":[[-1.2227028,49.3091182],[-1.2227815,49.3086968],[-1.2227885,49.3085524],[-1.2227833,49.3085144],[-1.2227472,49.308472],[-1.2224656,49.3083427],[-1.2224395,49.3081594],[-1.2224728,49.308072]]}},{"type":"Feature","properties":{"h":"residential","c":3},"geometry":{"type":"LineString","coordinates":[[-1.2288373,49.307996],[-1.2289052,49.3080443],[-1.228972,49.3080497],[-1.229031,49.3080357],[-1.2292325,49.3079114],[-1.2292402,49.3078399],[-1.2291866,49.3077944],[-1.228937,49.3077504],[-1.2288373,49.307996],[-1.2282746,49.3078889],[-1.2281864,49.3078589],[-1.2279635,49.3076535],[-1.227883,49.3074866],[-1.2274606,49.3070681],[-1.2271511,49.3067642],[-1.2271427,49.3066892],[-1.2272684,49.3063694],[-1.2272768,49.3063377],[-1.2272744,49.306306],[-1.22726,49.306249],[-1.2271267,49.3060981],[-1.2270513,49.3060392],[-1.2270026,49.3060062],[-1.2269555,49.3059905],[-1.2268949,49.3059766],[-1.2265611,49.3056656],[-1.2262168,49.3053431],[-1.2261935,49.3053175],[-1.2261759,49.305295],[-1.226155,49.3052678]]}},{"type":"Feature","properties":{"h":"residential","c":3},"geometry":{"type":"LineString","coordinates":[[-1.2265153,49.3034607],[-1.2284661,49.3036314],[-1.2285673,49.3036442],[-1.2286293,49.3036607],[-1.2286824,49.3036751]]}},{"type":"Feature","properties":{"h":"living_street","c":3},"geometry":{"type":"LineString","coordinates":[[-1.2226366,49.3022155],[-1.2219662,49.302187],[-1.2219197,49.302185]]}},{"type":"Feature","properties":{"h":"living_street","c":3},"geometry":{"type":"LineString","coordinates":[[-1.2232948,49.308523],[-1.2230819,49.3084624],[-1.2231892,49.3082736]]}},{"type":"Feature","properties":{"h":"residential","c":3},"geometry":{"type":"LineString","coordinates":[[-1.2220051,49.3063955],[-1.2221684,49.3064163],[-1.2229188,49.3065662],[-1.2232286,49.3066388],[-1.2233448,49.3066753],[-1.223444,49.3067182],[-1.2235647,49.3067766],[-1.2237471,49.3068955],[-1.2237793,49.306948],[-1.2237783,49.3069941],[-1.2236344,49.3071683],[-1.2236318,49.3072221],[-1.2236836,49.3072979],[-1.2242643,49.3075112],[-1.2241226,49.3076545],[-1.224168,49.3078037],[-1.2242745,49.3081696],[-1.2242796,49.3082141],[-1.224172,49.3083288],[-1.2239546,49.3083553],[-1.2232862,49.3082888],[-1.2231892,49.3082736],[-1.2224728,49.308072]]}},{"type":"Feature","properties":{"h":"service","c":4},"geometry":{"type":"LineString","coordinates":[[-1.2309417,49.3021534],[-1.2312884,49.3023905],[-1.2313621,49.3024409],[-1.2315609,49.3024895],[-1.2317132,49.3025268],[-1.2317362,49.3025229],[-1.2318268,49.3025074],[-1.2320619,49.3024673],[-1.2319206,49.3021026],[-1.2317143,49.3015704],[-1.232106,49.3017778],[-1.2322082,49.3017613],[-1.2324234,49.3017055],[-1.2326255,49.3016527],[-1.2326927,49.3016365],[-1.232831,49.3015821],[-1.2325073,49.3012503],[-1.2324351,49.3011707],[-1.2320704,49.3010715],[-1.2320331,49.3010856],[-1.2318577,49.301167],[-1.2317372,49.301232],[-1.2317136,49.3012866],[-1.2316544,49.3013616],[-1.2315625,49.3013939],[-1.2313833,49.3014616],[-1.2311785,49.3015479],[-1.2311361,49.3015772],[-1.2310083,49.3016287],[-1.2308255,49.3016998],[-1.2306414,49.3017567],[-1.2305575,49.3017649],[-1.2300762,49.3018567]]}},{"type":"Feature","properties":{"h":"service","c":4},"geometry":{"type":"LineString","coordinates":[[-1.2217835,49.308526],[-1.2222533,49.3085445],[-1.2223523,49.3085184],[-1.2224006,49.3084764],[-1.2224656,49.3083427]]}},{"type":"Feature","properties":{"h":"living_street","c":3},"geometry":{"type":"LineString","coordinates":[[-1.2232819,49.3078018],[-1.2233984,49.3078364],[-1.2232862,49.3082888]]}},{"type":"Feature","properties":{"h":"living_street","c":3},"geometry":{"type":"LineString","coordinates":[[-1.2241065,49.299993],[-1.2246781,49.2999818],[-1.2246823,49.300056]]}},{"type":"Feature","properties":{"h":"residential","c":3},"geometry":{"type":"LineString","coordinates":[[-1.2298678,49.3042793],[-1.2292402,49.3041883],[-1.2291115,49.3041918],[-1.2289666,49.3042582],[-1.2285411,49.3045675],[-1.2285108,49.3045895]]}},{"type":"Feature","properties":{"h":"residential","c":3},"geometry":{"type":"LineString","coordinates":[[-1.2263196,49.3044697],[-1.2257802,49.3044226],[-1.2252807,49.3047325],[-1.2248636,49.3047685],[-1.2240659,49.3048373],[-1.2237914,49.304861],[-1.2231848,49.3049133],[-1.2227278,49.3049648],[-1.2217281,49.3052912],[-1.2213858,49.305405],[-1.2212603,49.3054419]]}},{"type":"Feature","properties":{"h":"residential","c":3},"geometry":{"type":"LineString","coordinates":[[-1.233424,49.3045058],[-1.2335278,49.3045074],[-1.2335777,49.3044904],[-1.2336116,49.3044586],[-1.2336498,49.3043947],[-1.2336766,49.3043037],[-1.2336927,49.3039854],[-1.2339161,49.3032712],[-1.233955,49.3030952]]}},{"type":"Feature","properties":{"h":"residential","c":3},"geometry":{"type":"LineString","coordinates":[[-1.2293455,49.3020025],[-1.2294667,49.3020939],[-1.2295145,49.3022019],[-1.2295185,49.3023041],[-1.2294309,49.3024129]]}},{"type":"Feature","properties":{"h":"residential","c":3},"geometry":{"type":"LineString","coordinates":[[-1.226477,49.3051436],[-1.2264491,49.305117],[-1.2262874,49.3049629],[-1.2262523,49.3048634],[-1.2263196,49.3044697],[-1.2264999,49.3042908],[-1.2266385,49.3041533],[-1.2266546,49.3040973],[-1.2266522,49.3040499],[-1.2266278,49.3039959],[-1.2265234,49.303903],[-1.2264859,49.3038296],[-1.2265153,49.3034607],[-1.2265652,49.3028843],[-1.226569,49.3028392]]}},{"type":"Feature","properties":{"h":"unclassified","c":3},"geometry":{"type":"LineString","coordinates":[[-1.2216791,49.3030426],[-1.2215501,49.3041045],[-1.2215048,49.3043423],[-1.221419,49.3046781],[-1.2213251,49.3049947],[-1.221301,49.3051066],[-1.2212756,49.3052351],[-1.2212603,49.3054419],[-1.221251,49.3057418],[-1.2212607,49.3058402],[-1.2212784,49.305951],[-1.2212996,49.3060169],[-1.2213305,49.3060798],[-1.2213806,49.3061515],[-1.2214304,49.3061988],[-1.2214994,49.3062464],[-1.2215826,49.3062849],[-1.2216973,49.3063265],[-1.2217898,49.3063557],[-1.2218689,49.3063754],[-1.2219675,49.3063921],[-1.2220051,49.3063955]]}},{"type":"Feature","properties":{"h":"residential","c":3},"geometry":{"type":"LineString","coordinates":[[-1.2248636,49.3047685],[-1.2249184,49.3051534],[-1.2249729,49.3055361]]}},{"type":"Feature","properties":{"h":"residential","c":3},"geometry":{"type":"LineString","coordinates":[[-1.2234778,49.3064175],[-1.2235998,49.3064074],[-1.223777,49.3064913],[-1.2241065,49.3066472],[-1.2241655,49.3066507],[-1.224203,49.3066437],[-1.224429,49.3065069],[-1.2245519,49.3064743],[-1.2251204,49.3063884],[-1.2252062,49.3063534],[-1.2252867,49.3062869],[-1.2253081,49.3061995],[-1.225233,49.3059861],[-1.2251836,49.305493]]}},{"type":"Feature","properties":{"h":"service","c":4},"geometry":{"type":"LineString","coordinates":[[-1.2284302,49.2999769],[-1.2278738,49.3002695],[-1.2277803,49.3003187]]}},{"type":"Feature","properties":{"h":"service","c":4},"geometry":{"type":"LineString","coordinates":[[-1.2274217,49.3052726],[-1.2277311,49.3050858],[-1.2284487,49.3046239],[-1.2285108,49.3045895]]}},{"type":"Feature","properties":{"h":"residential","c":3},"geometry":{"type":"LineString","coordinates":[[-1.2286341,49.3025373],[-1.228923,49.302564],[-1.2290662,49.3025773],[-1.2292863,49.3026223],[-1.2295878,49.3026838]]}},{"type":"Feature","properties":{"h":"service","c":4},"geometry":{"type":"LineString","coordinates":[[-1.2295878,49.3026838],[-1.2295154,49.3028654]]}},{"type":"Feature","properties":{"h":"residential","c":3},"geometry":{"type":"LineString","coordinates":[[-1.2301548,49.3051257],[-1.2300219,49.3050562],[-1.2298732,49.3049858],[-1.2297674,49.304949],[-1.2296455,49.3049157],[-1.2288917,49.3047583],[-1.2287051,49.3046909],[-1.2285902,49.304634],[-1.2285108,49.3045895],[-1.2283325,49.3044799],[-1.227949,49.3042377],[-1.2279161,49.3042169]]}},{"type":"Feature","properties":{"h":"residential","c":3},"geometry":{"type":"LineString","coordinates":[[-1.2218191,49.3020526],[-1.2218606,49.3020317],[-1.2219071,49.3019811],[-1.2220841,49.301551],[-1.2221217,49.3014986],[-1.222189,49.3014615],[-1.2226665,49.3013698],[-1.2227513,49.3013444],[-1.2228029,49.3013062],[-1.2228273,49.3012306],[-1.2228727,49.3005016],[-1.2227171,49.3002742],[-1.2223059,49.3002854],[-1.2216496,49.2997444]]}},{"type":"Feature","properties":{"h":"track","c":4},"geometry":{"type":"LineString","coordinates":[[-1.2146627,49.2874709],[-1.2166239,49.2903262],[-1.2202444,49.2930945],[-1.2209069,49.2936008],[-1.2211966,49.2938667],[-1.2221622,49.2949582],[-1.2222587,49.2950352],[-1.2225377,49.2951191],[-1.222999,49.2952031],[-1.2233638,49.2952171],[-1.2239552,49.2951875],[-1.2241221,49.2951788],[-1.2242359,49.2951912],[-1.2242827,49.2952023],[-1.2243251,49.2952227],[-1.2243478,49.2952512],[-1.2243602,49.2952809],[-1.2243635,49.2953278],[-1.2243516,49.2956377],[-1.2243554,49.2961003],[-1.2244474,49.2970363],[-1.224501,49.2974071],[-1.2247263,49.2977989],[-1.224687,49.2978262]]}},{"type":"Feature","properties":{"h":"living_street","c":3},"geometry":{"type":"LineString","coordinates":[[-1.2242643,49.3075112],[-1.224443,49.3073137],[-1.2245024,49.3073014],[-1.2246999,49.3073719]]}},{"type":"Feature","properties":{"h":"residential","c":3},"geometry":{"type":"LineString","coordinates":[[-1.2358737,49.3066589],[-1.2361123,49.3066312],[-1.236394,49.3065229],[-1.2366646,49.306217],[-1.2367925,49.306167],[-1.2372684,49.3060787],[-1.2377297,49.3060262]]}},{"type":"Feature","properties":{"h":"residential","c":3},"geometry":{"type":"LineString","coordinates":[[-1.2250721,49.3044226],[-1.22482,49.3044366],[-1.2241655,49.304587],[-1.2240207,49.304601],[-1.2240585,49.3047987],[-1.2240659,49.3048373]]}},{"type":"Feature","properties":{"h":"service","c":4},"geometry":{"type":"LineString","coordinates":[[-1.2349641,49.3014216],[-1.2351143,49.3021],[-1.2362295,49.3019888],[-1.2362594,49.3021126]]}},{"type":"Feature","properties":{"h":"residential","c":3},"geometry":{"type":"LineString","coordinates":[[-1.2209114,49.3018919],[-1.2209283,49.3014545],[-1.220861,49.3012852],[-1.220861,49.3009389],[-1.2209122,49.3008528],[-1.2209308,49.3005261],[-1.2208664,49.3002917],[-1.2209176,49.3001112],[-1.2209039,49.3000364],[-1.220861,49.2999629],[-1.2207728,49.2998733],[-1.2206357,49.2998195],[-1.2204694,49.299788],[-1.2202817,49.299795],[-1.2201237,49.2998349],[-1.219957,49.29996],[-1.2199169,49.3000329],[-1.2198793,49.3001168],[-1.2199338,49.3006949],[-1.2199598,49.3009704],[-1.2200778,49.3011313],[-1.2200753,49.301861]]}},{"type":"Feature","properties":{"h":"residential","c":3},"geometry":{"type":"LineString","coordinates":[[-1.2235647,49.3067766],[-1.2236238,49.3066718],[-1.223681,49.3065894],[-1.223777,49.3064913]]}},{"type":"Feature","properties":{"h":"unclassified","c":3},"geometry":{"type":"LineString","coordinates":[[-1.2790937,49.2982468],[-1.2792957,49.2983825],[-1.2794553,49.2985354],[-1.2796254,49.2987502],[-1.2797509,49.2989522],[-1.2798856,49.2992355],[-1.2800199,49.2996614],[-1.280068,49.3000607],[-1.2801015,49.3002931],[-1.2801818,49.3004066],[-1.2803373,49.3005243],[-1.2805691,49.300668],[-1.2808845,49.3008384],[-1.2812022,49.3009934],[-1.2818001,49.3012544],[-1.2820153,49.3013647],[-1.2824245,49.3016537],[-1.2829874,49.3020009],[-1.2837701,49.3025186],[-1.2840091,49.3026932],[-1.2842496,49.3028473],[-1.2844101,49.3029234],[-1.2848266,49.303052],[-1.2849734,49.3030869],[-1.2852521,49.3030957],[-1.2855833,49.3031105],[-1.2859804,49.3031564],[-1.2868781,49.3033504],[-1.2870466,49.3034368],[-1.2876146,49.3040066],[-1.2877551,49.304072],[-1.2878715,49.3041078],[-1.2884043,49.3041814],[-1.2891405,49.3042813],[-1.2892412,49.3042768],[-1.2893312,49.3042445],[-1.2895577,49.3036297]]}},{"type":"Feature","properties":{"h":"service","c":4},"geometry":{"type":"LineString","coordinates":[[-1.2801472,49.2951225],[-1.2801808,49.2946861],[-1.2803332,49.2946226],[-1.2803559,49.2945655],[-1.2803267,49.294409],[-1.2802936,49.2943816],[-1.2800446,49.2943773],[-1.280009,49.2944386],[-1.2799798,49.2945528],[-1.2800284,49.2946332],[-1.2801808,49.2946861]]}},{"type":"Feature","properties":{"h":"track","c":4},"geometry":{"type":"LineString","coordinates":[[-1.2778242,49.2991485],[-1.2777555,49.299393],[-1.2773214,49.3002147],[-1.2768434,49.3009083],[-1.2767498,49.3011404],[-1.2768386,49.301432],[-1.2768535,49.3017261],[-1.276735,49.3020509],[-1.276445,49.302612],[-1.2762644,49.3027304],[-1.2757013,49.303076]]}},{"type":"Feature","properties":{"h":"path","c":4},"geometry":{"type":"LineString","coordinates":[[-1.2755602,49.3032368],[-1.2634711,49.304271],[-1.2630314,49.3043086],[-1.2627996,49.3043284],[-1.261076,49.3044759],[-1.2601013,49.3045416],[-1.2593973,49.3045788],[-1.2586872,49.3045989],[-1.2578778,49.3045989],[-1.2570701,49.3045797],[-1.2561366,49.3045241],[-1.2553799,49.3044649],[-1.2545518,49.3043825],[-1.253219,49.3041888],[-1.2525971,49.3040809]]}},{"type":"Feature","properties":{"h":"path","c":4},"geometry":{"type":"LineString","coordinates":[[-1.2758457,49.3032123],[-1.2755602,49.3032368]]}},{"type":"Feature","properties":{"h":"service","c":4},"geometry":{"type":"LineString","coordinates":[[-1.2710285,49.2917329],[-1.2702902,49.2919214],[-1.270077,49.2919367]]}},{"type":"Feature","properties":{"h":"unclassified","c":3},"geometry":{"type":"LineString","coordinates":[[-1.2814,49.2953076],[-1.2808602,49.29723],[-1.2808222,49.2972957],[-1.2803469,49.2977593],[-1.279789,49.2978082],[-1.2790937,49.2982468]]}},{"type":"Feature","properties":{"h":"service","c":4},"geometry":{"type":"LineString","coordinates":[[-1.2654118,49.3010477],[-1.2656594,49.3012756],[-1.2657803,49.3013526],[-1.2670396,49.3016345],[-1.267869,49.3017662],[-1.2686318,49.3018759],[-1.2692531,49.3020094]]}},{"type":"Feature","properties":{"h":"track","c":4},"geometry":{"type":"LineString","coordinates":[[-1.2812677,49.2931264],[-1.2811352,49.2927431],[-1.2809244,49.2915715],[-1.2809244,49.2908271],[-1.2808531,49.2900531],[-1.2808615,49.2895558],[-1.2808628,49.289482],[-1.2813816,49.2889554],[-1.2814189,49.2888356]]}},{"type":"Feature","properties":{"h":"track","c":4},"geometry":{"type":"LineString","coordinates":[[-1.2731548,49.3201943],[-1.272971,49.3202598],[-1.2725859,49.3205702],[-1.2715814,49.3211333],[-1.2709204,49.3214777],[-1.2704702,49.3216439],[-1.2700408,49.3217711],[-1.2697077,49.3218661],[-1.2692575,49.3220527],[-1.2689062,49.3221087],[-1.2686876,49.3221222],[-1.2685523,49.3221239],[-1.2684274,49.3220663],[-1.2682921,49.3219458],[-1.2682166,49.3219577]]}},{"type":"Feature","properties":{"h":"unclassified","c":3},"geometry":{"type":"LineString","coordinates":[[-1.265562,49.3218667],[-1.2648935,49.3220832],[-1.2644615,49.3222003],[-1.2637276,49.3226803],[-1.2633867,49.3228329],[-1.2622131,49.3233333],[-1.260938,49.324083],[-1.2595097,49.3248661]]}},{"type":"Feature","properties":{"h":"track","c":4},"geometry":{"type":"LineString","coordinates":[[-1.2682166,49.3219577],[-1.2679069,49.3220171]]}},{"type":"Feature","properties":{"h":"track","c":4},"geometry":{"type":"LineString","coordinates":[[-1.2668129,49.3209445],[-1.2668901,49.3207598]]}},{"type":"Feature","properties":{"h":"service","c":4},"geometry":{"type":"LineString","coordinates":[[-1.2650341,49.3207587],[-1.2650524,49.3209606]]}},{"type":"Feature","properties":{"h":"track","c":4},"geometry":{"type":"LineString","coordinates":[[-1.2724656,49.3196035],[-1.273095,49.3201553],[-1.2731548,49.3201943],[-1.2732054,49.3202272],[-1.2736323,49.3206279],[-1.2737868,49.3207502],[-1.2747511,49.3214147],[-1.2755092,49.3220384],[-1.2757447,49.3222087],[-1.2762783,49.3224246],[-1.2785196,49.3233265],[-1.278733,49.3234536],[-1.2789722,49.3236479],[-1.2791673,49.3239214],[-1.2792225,49.3240293],[-1.2794727,49.32413],[-1.2797598,49.3240941],[-1.2800432,49.3239813],[-1.2802198,49.3239573],[-1.2810074,49.3246506],[-1.2815189,49.3250056],[-1.2825972,49.3251639],[-1.2844189,49.3254637],[-1.2874183,49.3258523],[-1.2875168,49.3257675],[-1.2874954,49.3255752],[-1.2870608,49.3250508],[-1.286857,49.3247221],[-1.2864868,49.324362],[-1.2859665,49.3239529],[-1.2855213,49.3234844],[-1.2849043,49.3228865],[-1.2844966,49.3223515],[-1.2841855,49.3219424],[-1.2833809,49.3211662],[-1.2826727,49.3205857],[-1.2819271,49.3200123],[-1.2815677,49.319771],[-1.2811063,49.3195052],[-1.2811332,49.3194388],[-1.2810044,49.3193304],[-1.280307,49.3188338],[-1.2797599,49.3184947],[-1.2796633,49.3184562]]}},{"type":"Feature","properties":{"h":"track","c":4},"geometry":{"type":"LineString","coordinates":[[-1.266213,49.3216641],[-1.266408,49.321609],[-1.2666297,49.3213751],[-1.2668129,49.3209445]]}},{"type":"Feature","properties":{"h":"track","c":4},"geometry":{"type":"LineString","coordinates":[[-1.2669348,49.3205868],[-1.266949,49.3205319],[-1.2670079,49.3204551],[-1.2673612,49.3203064],[-1.2681672,49.3201241],[-1.268469,49.319973],[-1.268561,49.3198458],[-1.2685426,49.3197187],[-1.2684322,49.3193588],[-1.2684101,49.3192341],[-1.26848,49.319035],[-1.268848,49.3186823],[-1.2691167,49.3183657],[-1.2692786,49.3182817],[-1.2696613,49.3182625],[-1.2700146,49.3183945],[-1.2704047,49.3185216],[-1.2709715,49.3186752],[-1.271369,49.3188647],[-1.2718032,49.3193756],[-1.2720277,49.3195388],[-1.2721823,49.3195963],[-1.2724656,49.3196035],[-1.2729735,49.3192533],[-1.2736433,49.3188719],[-1.2738936,49.3187567],[-1.2740997,49.3187975],[-1.2743573,49.3189078],[-1.2746186,49.3189126],[-1.2750234,49.3188239],[-1.2751669,49.3187903],[-1.2753656,49.3189942],[-1.2754981,49.3190302],[-1.2755423,49.319035],[-1.2756346,49.3190087],[-1.2756892,49.3189522],[-1.2757312,49.3188793],[-1.2757258,49.3187604],[-1.2756346,49.3186485],[-1.2755005,49.3185646],[-1.2752591,49.3185541],[-1.2750553,49.3185961],[-1.2748139,49.318659],[-1.2745886,49.318715],[-1.2744169,49.3187045],[-1.2742721,49.318666],[-1.2742292,49.3186136],[-1.2743311,49.3185017],[-1.2747012,49.3182883],[-1.2750714,49.318075],[-1.2754898,49.3178617],[-1.2759082,49.3176589],[-1.2762033,49.3174946],[-1.2764822,49.3173127],[-1.2766592,49.3171693],[-1.2768684,49.3170679],[-1.2770508,49.3170679],[-1.2773781,49.3171903],[-1.2778126,49.3174036],[-1.2781076,49.3175365],[-1.2784563,49.3177708],[-1.2781613,49.3180331],[-1.2778394,49.3182359],[-1.2776034,49.3183723],[-1.2774532,49.3184422],[-1.2774272,49.3184817]]}},{"type":"Feature","properties":{"h":"service","c":4},"geometry":{"type":"LineString","coordinates":[[-1.2647771,49.3203201],[-1.2640343,49.3194956],[-1.2637853,49.3195563]]}},{"type":"Feature","properties":{"h":"service","c":4},"geometry":{"type":"LineString","coordinates":[[-1.265669,49.3215133],[-1.2657054,49.3214692],[-1.2654295,49.3211317],[-1.2652855,49.3210408],[-1.2651066,49.321003],[-1.2650524,49.3209606]]}},{"type":"Feature","properties":{"h":"track","c":4},"geometry":{"type":"LineString","coordinates":[[-1.2784563,49.3177708],[-1.2786441,49.3178582],[-1.2791805,49.3181555],[-1.2796633,49.3184562],[-1.2791483,49.3189143],[-1.2788908,49.319166],[-1.2786763,49.3193828],[-1.2785421,49.3194982],[-1.2783222,49.3195437]]}},{"type":"Feature","properties":{"h":"track","c":4},"geometry":{"type":"LineString","coordinates":[[-1.2737868,49.3207502],[-1.2739717,49.3207081],[-1.2740607,49.320621]]}},{"type":"Feature","properties":{"h":"unclassified","c":3},"geometry":{"type":"LineString","coordinates":[[-1.2647771,49.3203201],[-1.2649621,49.3203948],[-1.2650233,49.3203943],[-1.2651868,49.3203866],[-1.2654339,49.3203751],[-1.265516,49.3203712],[-1.2664883,49.32032]]}},{"type":"Feature","properties":{"h":"track","c":4},"geometry":{"type":"LineString","coordinates":[[-1.2682921,49.3219458],[-1.2682881,49.3218562],[-1.2680842,49.3215347],[-1.2678482,49.3212934],[-1.2677892,49.3211361],[-1.2674888,49.3209228],[-1.2672152,49.3207654],[-1.2670382,49.3207095],[-1.2669348,49.3205868]]}},{"type":"Feature","properties":{"h":"track","c":4},"geometry":{"type":"LineString","coordinates":[[-1.266408,49.321609],[-1.2664949,49.3217767],[-1.2666358,49.3220485],[-1.266786,49.3220171],[-1.266786,49.3218702],[-1.2667699,49.3217478],[-1.2664949,49.3217767]]}},{"type":"Feature","properties":{"h":"track","c":4},"geometry":{"type":"LineString","coordinates":[[-1.2672527,49.321552],[-1.2674512,49.3216324],[-1.2674834,49.3216919],[-1.2674888,49.3217863],[-1.2674244,49.3218737]]}},{"type":"Feature","properties":{"h":"track","c":4},"geometry":{"type":"LineString","coordinates":[[-1.2667699,49.3217478],[-1.2668611,49.3216919],[-1.2669899,49.3216814],[-1.2670489,49.3216289],[-1.2671884,49.3216289],[-1.2672527,49.321552],[-1.26736,49.3214718],[-1.2675209,49.3214053]]}},{"type":"Feature","properties":{"h":"residential","c":3},"geometry":{"type":"LineString","coordinates":[[-1.2224728,49.308072],[-1.2225891,49.3077018],[-1.2227264,49.307265],[-1.22276,49.3071579],[-1.2228963,49.3066044],[-1.2229188,49.3065662]]}},{"type":"Feature","properties":{"h":"secondary","c":2},"geometry":{"type":"LineString","coordinates":[[-1.2295147,49.3029422],[-1.2292285,49.3029322],[-1.2275373,49.302873],[-1.226569,49.3028392],[-1.2252433,49.3027928],[-1.2249577,49.3027828],[-1.2219505,49.3026776]]}},{"type":"Feature","properties":{"h":"residential","c":3},"geometry":{"type":"LineString","coordinates":[[-1.2228727,49.3005016],[-1.2244927,49.3004631],[-1.2245871,49.3004404],[-1.2246405,49.3003736],[-1.2246823,49.300056],[-1.2253692,49.3000048],[-1.2254505,49.2999713],[-1.2257125,49.2996436],[-1.2263649,49.2992913],[-1.2266016,49.2990902],[-1.2266268,49.2990688],[-1.2266494,49.2990513]]}},{"type":"Feature","properties":{"h":"unclassified","c":3},"geometry":{"type":"LineString","coordinates":[[-1.2220051,49.3063955],[-1.2216953,49.3067068],[-1.2216067,49.3067768],[-1.2215098,49.3068541],[-1.2209239,49.3072196],[-1.220495,49.3075047]]}},{"type":"Feature","properties":{"h":"service","c":4},"geometry":{"type":"LineString","coordinates":[[-1.2208061,49.3110813],[-1.2211105,49.3118629],[-1.2210985,49.3118927],[-1.2209176,49.3119264],[-1.2208682,49.3119592],[-1.2204239,49.3123718],[-1.2201186,49.3125542],[-1.2197032,49.3127431],[-1.2189027,49.3130428]]}},{"type":"Feature","properties":{"h":"residential","c":3},"geometry":{"type":"LineString","coordinates":[[-1.2376868,49.3058217],[-1.2374486,49.3057993],[-1.2368882,49.3055611],[-1.235767,49.305225],[-1.2353879,49.3056391]]}},{"type":"Feature","properties":{"h":"service","c":4},"geometry":{"type":"LineString","coordinates":[[-1.231309,49.3018762],[-1.2314347,49.3021801],[-1.2315609,49.3024895]]}},{"type":"Feature","properties":{"h":"service","c":4},"geometry":{"type":"LineString","coordinates":[[-1.2219941,49.3055898],[-1.2217281,49.3052912]]}},{"type":"Feature","properties":{"h":"service","c":4},"geometry":{"type":"LineString","coordinates":[[-1.2315118,49.3017232],[-1.23168,49.3021354],[-1.2318268,49.3025074]]}},{"type":"Feature","properties":{"h":"service","c":4},"geometry":{"type":"LineString","coordinates":[[-1.2231848,49.3049133],[-1.2230908,49.3050643],[-1.2227947,49.3053179],[-1.2227652,49.3053417]]}},{"type":"Feature","properties":{"h":"residential","c":3},"geometry":{"type":"LineString","coordinates":[[-1.2418861,49.3035442],[-1.2420044,49.3035526],[-1.2427705,49.3036],[-1.243059,49.3036155],[-1.243246,49.3035831],[-1.2443108,49.3036481],[-1.2446114,49.3036687]]}},{"type":"Feature","properties":{"h":"residential","c":3},"geometry":{"type":"LineString","coordinates":[[-1.2418861,49.3035442],[-1.2418477,49.3035943],[-1.2418393,49.3038115],[-1.2418317,49.3038554]]}},{"type":"Feature","properties":{"h":"service","c":4},"geometry":{"type":"LineString","coordinates":[[-1.2451123,49.30923],[-1.244999,49.3093482],[-1.2449718,49.3094894],[-1.2454833,49.3099477]]}},{"type":"Feature","properties":{"h":"service","c":4},"geometry":{"type":"LineString","coordinates":[[-1.2647235,49.3035956],[-1.2647102,49.303566],[-1.2646469,49.3034249],[-1.2646346,49.3031617],[-1.264622,49.3028917],[-1.2646091,49.3027121],[-1.2646032,49.3026301],[-1.2645302,49.3021326]]}},{"type":"Feature","properties":{"h":"service","c":4},"geometry":{"type":"LineString","coordinates":[[-1.2644414,49.3089978],[-1.2634704,49.3087739],[-1.2633567,49.3087808],[-1.2632923,49.3088262],[-1.2630627,49.3094035],[-1.2629705,49.3094243],[-1.2628654,49.3094225]]}},{"type":"Feature","properties":{"h":"living_street","c":3},"geometry":{"type":"LineString","coordinates":[[-1.2572863,49.301462],[-1.2574796,49.3015585]]}},{"type":"Feature","properties":{"h":"service","c":4},"geometry":{"type":"LineString","coordinates":[[-1.244663,49.3087634],[-1.2457359,49.3089903]]}},{"type":"Feature","properties":{"h":"living_street","c":3},"geometry":{"type":"LineString","coordinates":[[-1.2575028,49.3010001],[-1.2575135,49.3010438],[-1.2575001,49.3011261],[-1.2574518,49.3012502],[-1.2572863,49.301462]]}},{"type":"Feature","properties":{"h":"track","c":4},"geometry":{"type":"LineString","coordinates":[[-1.249892,49.3204401],[-1.2500207,49.3202268],[-1.2502085,49.3200869],[-1.2504781,49.319989],[-1.2511433,49.3196638],[-1.2513149,49.3195344],[-1.2515228,49.3192372],[-1.2515563,49.3191148],[-1.2516515,49.3188945],[-1.2516944,49.3187512]]}},{"type":"Feature","properties":{"h":"track","c":4},"geometry":{"type":"LineString","coordinates":[[-1.2644199,49.3098931],[-1.2628095,49.3095564]]}},{"type":"Feature","properties":{"h":"track","c":4},"geometry":{"type":"LineString","coordinates":[[-1.2680355,49.3049335],[-1.2677877,49.3058638],[-1.2674819,49.3064094],[-1.2674311,49.3065402]]}},{"type":"Feature","properties":{"h":"service","c":4},"geometry":{"type":"LineString","coordinates":[[-1.2575644,49.3120831],[-1.2569972,49.3114493],[-1.2569234,49.3113445],[-1.2568939,49.3112449],[-1.2569154,49.3111347],[-1.2569771,49.3110175],[-1.2569717,49.3109213],[-1.2568858,49.310848],[-1.2567759,49.3108147],[-1.256615,49.3108234],[-1.2565602,49.3108429],[-1.2563726,49.3109098],[-1.2563129,49.3109312],[-1.2562531,49.3109526]]}},{"type":"Feature","properties":{"h":"service","c":4},"geometry":{"type":"LineString","coordinates":[[-1.2616706,49.3024116],[-1.2623732,49.3023918],[-1.2632871,49.3023663]]}},{"type":"Feature","properties":{"h":"track","c":4},"geometry":{"type":"LineString","coordinates":[[-1.2519092,49.3091904],[-1.2520196,49.3092248],[-1.2520947,49.3092073],[-1.2521644,49.3091024],[-1.2521752,49.3089835],[-1.2522342,49.3088506],[-1.2523237,49.3087077],[-1.2528494,49.3080221],[-1.2530975,49.3077742],[-1.2532772,49.3076447]]}},{"type":"Feature","properties":{"h":"service","c":4},"geometry":{"type":"LineString","coordinates":[[-1.2622998,49.3018197],[-1.2623344,49.3020896],[-1.262351,49.3022186],[-1.2623551,49.3022507],[-1.2623732,49.3023918],[-1.2623932,49.3025473],[-1.2624113,49.3026885],[-1.2624302,49.3028357]]}},{"type":"Feature","properties":{"h":"pedestrian","c":4},"geometry":{"type":"LineString","coordinates":[[-1.2556503,49.3018204],[-1.2557849,49.3016355],[-1.2562322,49.3015537],[-1.2564083,49.3015215],[-1.2570991,49.3013952],[-1.2572863,49.301462]]}},{"type":"Feature","properties":{"h":"tertiary","c":2},"geometry":{"type":"LineString","coordinates":[[-1.2562869,49.2974073],[-1.2549159,49.2968974],[-1.2537206,49.2964528]]}},{"type":"Feature","properties":{"h":"living_street","c":3},"geometry":{"type":"LineString","coordinates":[[-1.2566803,49.3082108],[-1.2565871,49.3081514],[-1.2568913,49.3079484]]}},{"type":"Feature","properties":{"h":"living_street","c":3},"geometry":{"type":"LineString","coordinates":[[-1.2580828,49.3016539],[-1.2581225,49.3015087],[-1.2580852,49.3013024],[-1.2580258,49.3009337]]}},{"type":"Feature","properties":{"h":"service","c":4},"geometry":{"type":"LineString","coordinates":[[-1.2483204,49.3115654],[-1.2483408,49.3116138],[-1.2483673,49.3116765],[-1.2484239,49.311749],[-1.2485304,49.3118138],[-1.2488092,49.311945],[-1.2491176,49.3121106],[-1.249378,49.312131]]}},{"type":"Feature","properties":{"h":"living_street","c":3},"geometry":{"type":"LineString","coordinates":[[-1.2571192,49.3070776],[-1.2572748,49.3071721],[-1.2569162,49.3076361]]}},{"type":"Feature","properties":{"h":"living_street","c":3},"geometry":{"type":"LineString","coordinates":[[-1.2576645,49.3013354],[-1.2578112,49.3013359],[-1.2580852,49.3013024]]}},{"type":"Feature","properties":{"h":"service","c":4},"geometry":{"type":"LineString","coordinates":[[-1.263263,49.3021742],[-1.2631241,49.3020049],[-1.2629069,49.3020174]]}},{"type":"Feature","properties":{"h":"tertiary","c":2},"geometry":{"type":"LineString","coordinates":[[-1.2455508,49.3041949],[-1.245506,49.3041473],[-1.2451342,49.3037287],[-1.2450951,49.3036792],[-1.2450205,49.3035861],[-1.244662,49.3031385]]}},{"type":"Feature","properties":{"h":"tertiary","c":2},"geometry":{"type":"LineString","coordinates":[[-1.2457598,49.304807],[-1.2456699,49.3049005]]}},{"type":"Feature","properties":{"h":"tertiary","c":2},"geometry":{"type":"LineString","coordinates":[[-1.2455508,49.3041949],[-1.2455912,49.3042424],[-1.2456764,49.304411],[-1.2457564,49.3045954],[-1.2457768,49.3046892],[-1.2457598,49.304807]]}},{"type":"Feature","properties":{"h":"residential","c":3},"geometry":{"type":"LineString","coordinates":[[-1.2446114,49.3036687],[-1.2448327,49.3036858],[-1.2449934,49.3036962],[-1.2450951,49.3036792]]}},{"type":"Feature","properties":{"h":"service","c":4},"geometry":{"type":"LineString","coordinates":[[-1.2446114,49.3036687],[-1.2450395,49.3042386],[-1.2450979,49.3042507],[-1.245218,49.3041961],[-1.2448327,49.3036858]]}},{"type":"Feature","properties":{"h":"pedestrian","c":4},"geometry":{"type":"LineString","coordinates":[[-1.2450248,49.3047579],[-1.2449837,49.3048212],[-1.2447998,49.3050025],[-1.2445905,49.3050524],[-1.244309,49.3051203],[-1.2437391,49.3052396],[-1.2437074,49.3053275]]}},{"type":"Feature","properties":{"h":"service","c":4},"geometry":{"type":"LineString","coordinates":[[-1.2457598,49.304807],[-1.2455235,49.3047414],[-1.2452941,49.3047034]]}},{"type":"Feature","properties":{"h":"service","c":4},"geometry":{"type":"LineString","coordinates":[[-1.2455235,49.3047414],[-1.245574,49.3046015],[-1.2455272,49.3044808],[-1.2454004,49.3044603],[-1.2452941,49.3047034],[-1.2452454,49.3048067]]}},{"type":"Feature","properties":{"h":"secondary","c":2},"geometry":{"type":"LineString","coordinates":[[-1.2597393,49.3148704],[-1.2600788,49.3152011],[-1.260476,49.31563],[-1.2626431,49.3180446]]}},{"type":"Feature","properties":{"h":"service","c":4},"geometry":{"type":"LineString","coordinates":[[-1.2629442,49.3021897],[-1.2628507,49.3021942]]}},{"type":"Feature","properties":{"h":"service","c":4},"geometry":{"type":"LineString","coordinates":[[-1.2623551,49.3022507],[-1.2616556,49.3022927]]}},{"type":"Feature","properties":{"h":"tertiary","c":2},"geometry":{"type":"LineString","coordinates":[[-1.2622998,49.3018197],[-1.2622728,49.3018179],[-1.2617386,49.3017828]]}},{"type":"Feature","properties":{"h":"service","c":4},"geometry":{"type":"LineString","coordinates":[[-1.2629069,49.3020174],[-1.2628281,49.3020219]]}},{"type":"Feature","properties":{"h":"service","c":4},"geometry":{"type":"LineString","coordinates":[[-1.2616292,49.3027154],[-1.2624113,49.3026885],[-1.2631247,49.3026639]]}},{"type":"Feature","properties":{"h":"service","c":4},"geometry":{"type":"LineString","coordinates":[[-1.2628281,49.3020219],[-1.2626373,49.3020328],[-1.2624619,49.3022132]]}},{"type":"Feature","properties":{"h":"tertiary","c":2},"geometry":{"type":"LineString","coordinates":[[-1.2617386,49.3017828],[-1.2612262,49.3017528],[-1.2607604,49.3017569]]}},{"type":"Feature","properties":{"h":"service","c":4},"geometry":{"type":"LineString","coordinates":[[-1.2616116,49.302575],[-1.2623932,49.3025473],[-1.2632136,49.3025183]]}},{"type":"Feature","properties":{"h":"service","c":4},"geometry":{"type":"LineString","coordinates":[[-1.2638037,49.3023646],[-1.2632871,49.3023663]]}},{"type":"Feature","properties":{"h":"service","c":4},"geometry":{"type":"LineString","coordinates":[[-1.2616475,49.3028605],[-1.2624302,49.3028357],[-1.2629991,49.3028177]]}},{"type":"Feature","properties":{"h":"service","c":4},"geometry":{"type":"LineString","coordinates":[[-1.2628507,49.3021942],[-1.2624619,49.3022132],[-1.262351,49.3022186]]}},{"type":"Feature","properties":{"h":"service","c":4},"geometry":{"type":"LineString","coordinates":[[-1.2629991,49.3028177],[-1.2631247,49.3026639],[-1.2632136,49.3025183],[-1.2632871,49.3023663]]}},{"type":"Feature","properties":{"h":"tertiary","c":2},"geometry":{"type":"LineString","coordinates":[[-1.2629007,49.301789],[-1.2626084,49.3018213],[-1.2622998,49.3018197]]}},{"type":"Feature","properties":{"h":"service","c":4},"geometry":{"type":"LineString","coordinates":[[-1.2616353,49.3021316],[-1.2616556,49.3022927],[-1.2616706,49.3024116],[-1.261679,49.3024782],[-1.2615999,49.3024825],[-1.2616116,49.302575],[-1.2616292,49.3027154],[-1.2616475,49.3028605]]}},{"type":"Feature","properties":{"h":"service","c":4},"geometry":{"type":"LineString","coordinates":[[-1.2321775,49.3037806],[-1.2316328,49.3038595],[-1.2314587,49.3038716],[-1.2312465,49.3038595],[-1.23093,49.3037895],[-1.2305789,49.3036197],[-1.2305199,49.3035533],[-1.2303472,49.3030207],[-1.2303321,49.3029742]]}},{"type":"Feature","properties":{"h":"residential","c":3},"geometry":{"type":"LineString","coordinates":[[-1.2405059,49.3087856],[-1.240742,49.3088481],[-1.2408007,49.3088486],[-1.2408562,49.308849],[-1.2409383,49.3088087],[-1.24099,49.3087458],[-1.2410454,49.3086241],[-1.2411678,49.3083617]]}},{"type":"Feature","properties":{"h":"tertiary","c":2},"geometry":{"type":"LineString","coordinates":[[-1.2389658,49.3050555],[-1.2386661,49.3053847],[-1.2386588,49.3054577],[-1.2386401,49.3055429],[-1.2385885,49.3056104]]}},{"type":"Feature","properties":{"h":"service","c":4},"geometry":{"type":"LineString","coordinates":[[-1.2464811,49.3034235],[-1.2466591,49.3033338]]}},{"type":"Feature","properties":{"h":"service","c":4},"geometry":{"type":"LineString","coordinates":[[-1.2463331,49.3033129],[-1.2465375,49.3032017]]}},{"type":"Feature","properties":{"h":"service","c":4},"geometry":{"type":"LineString","coordinates":[[-1.246187,49.3032037],[-1.24643,49.3030742]]}},{"type":"Feature","properties":{"h":"pedestrian","c":4},"geometry":{"type":"LineString","coordinates":[[-1.251129,49.302068],[-1.2510838,49.3019826],[-1.2510125,49.3019171],[-1.2506159,49.3019398]]}},{"type":"Feature","properties":{"h":"service","c":4},"geometry":{"type":"LineString","coordinates":[[-1.2467727,49.3035904],[-1.2465727,49.3034591],[-1.2464811,49.3034235],[-1.2463331,49.3033129],[-1.246187,49.3032037],[-1.2460828,49.3031259]]}},{"type":"Feature","properties":{"h":"service","c":4},"geometry":{"type":"LineString","coordinates":[[-1.2311785,49.3015479],[-1.2314471,49.301772]]}},{"type":"Feature","properties":{"h":"service","c":4},"geometry":{"type":"LineString","coordinates":[[-1.2315625,49.3013939],[-1.2317143,49.3015704]]}},{"type":"Feature","properties":{"h":"service","c":4},"geometry":{"type":"LineString","coordinates":[[-1.2310083,49.3016287],[-1.2312701,49.3019056]]}},{"type":"Feature","properties":{"h":"service","c":4},"geometry":{"type":"LineString","coordinates":[[-1.2309931,49.3021146],[-1.2306414,49.3017567]]}},{"type":"Feature","properties":{"h":"service","c":4},"geometry":{"type":"LineString","coordinates":[[-1.2313833,49.3014616],[-1.2315889,49.301665]]}},{"type":"Feature","properties":{"h":"service","c":4},"geometry":{"type":"LineString","coordinates":[[-1.2320331,49.3010856],[-1.232304,49.3013324],[-1.2326255,49.3016527]]}},{"type":"Feature","properties":{"h":"service","c":4},"geometry":{"type":"LineString","coordinates":[[-1.2317136,49.3012866],[-1.2319221,49.3014865],[-1.2322082,49.3017613]]}},{"type":"Feature","properties":{"h":"service","c":4},"geometry":{"type":"LineString","coordinates":[[-1.2318577,49.301167],[-1.2321211,49.3014062],[-1.2324234,49.3017055]]}},{"type":"Feature","properties":{"h":"service","c":4},"geometry":{"type":"LineString","coordinates":[[-1.2319206,49.3021026],[-1.23168,49.3021354],[-1.2314347,49.3021801],[-1.2312127,49.3022063]]}},{"type":"Feature","properties":{"h":"service","c":4},"geometry":{"type":"LineString","coordinates":[[-1.2312884,49.3023905],[-1.2312127,49.3022063],[-1.2311283,49.3020126],[-1.2308255,49.3016998]]}},{"type":"Feature","properties":{"h":"residential","c":3},"geometry":{"type":"LineString","coordinates":[[-1.2301468,49.3027716],[-1.2302356,49.3026718],[-1.2303643,49.3025983],[-1.2308041,49.302414],[-1.230856,49.3023923],[-1.2308932,49.3023767]]}},{"type":"Feature","properties":{"h":"unclassified","c":3},"geometry":{"type":"LineString","coordinates":[[-1.2555012,49.3130705],[-1.2567197,49.3147],[-1.2567295,49.3147131]]}},{"type":"Feature","properties":{"h":"tertiary","c":2},"geometry":{"type":"LineString","coordinates":[[-1.2521701,49.3143813],[-1.2523945,49.3143502],[-1.2544216,49.3135152],[-1.2553572,49.3131298],[-1.2555012,49.3130705],[-1.2562367,49.3127675],[-1.2565942,49.3126203],[-1.2568398,49.3125191],[-1.2570073,49.3124501]]}},{"type":"Feature","properties":{"h":"unclassified","c":3},"geometry":{"type":"LineString","coordinates":[[-1.2437654,49.3060189],[-1.2434475,49.3060079],[-1.2432104,49.3060014],[-1.2429912,49.3060059]]}},{"type":"Feature","properties":{"h":"secondary","c":2},"geometry":{"type":"LineString","coordinates":[[-1.2471568,49.3029558],[-1.2468539,49.3028808],[-1.2466244,49.3028354]]}},{"type":"Feature","properties":{"h":"tertiary","c":2},"geometry":{"type":"LineString","coordinates":[[-1.2457598,49.304807],[-1.245865,49.3048934],[-1.2460555,49.3049881],[-1.2462129,49.305048],[-1.2464371,49.3051154],[-1.246822,49.3051712],[-1.2472467,49.3052102],[-1.247566,49.3052333],[-1.2477574,49.3052315],[-1.2479466,49.3052171],[-1.2482062,49.3051903],[-1.2486775,49.3051455],[-1.2487569,49.3051498],[-1.2489713,49.305187],[-1.2492059,49.3052611],[-1.2495778,49.3053895]]}},{"type":"Feature","properties":{"h":"tertiary","c":2},"geometry":{"type":"LineString","coordinates":[[-1.2456699,49.3049005],[-1.2456449,49.3049289],[-1.2455897,49.3050067],[-1.2455672,49.3051207],[-1.2455551,49.3052399],[-1.2455427,49.3056182],[-1.2455678,49.3058136],[-1.2455783,49.3058958],[-1.2455795,49.3059115]]}},{"type":"Feature","properties":{"h":"unclassified","c":3},"geometry":{"type":"LineString","coordinates":[[-1.2410636,49.3068537],[-1.2409745,49.3069919],[-1.2408604,49.3072109],[-1.2408505,49.3072329],[-1.2408166,49.3073031],[-1.2407148,49.307502]]}},{"type":"Feature","properties":{"h":"residential","c":3},"geometry":{"type":"LineString","coordinates":[[-1.247761,49.3027761],[-1.2462884,49.3023703],[-1.2462024,49.3023454],[-1.2461168,49.3023092],[-1.2460617,49.3022777],[-1.2459597,49.3021999],[-1.2457629,49.302044],[-1.2454791,49.3018103],[-1.2453255,49.301716],[-1.2450801,49.301614],[-1.2444901,49.3013823],[-1.244301,49.3013103]]}},{"type":"Feature","properties":{"h":"unclassified","c":3},"geometry":{"type":"LineString","coordinates":[[-1.2392696,49.3080762],[-1.2392302,49.3082098],[-1.2392254,49.3083386],[-1.2392118,49.3087045],[-1.239217,49.3087599],[-1.2392223,49.3088167],[-1.2392177,49.3090853],[-1.2392167,49.3093537],[-1.2392242,49.3098293],[-1.2396001,49.3113532],[-1.2395794,49.3115096],[-1.2394299,49.3119755],[-1.2390877,49.3130931]]}},{"type":"Feature","properties":{"h":"unclassified","c":3},"geometry":{"type":"LineString","coordinates":[[-1.233722,49.2976614],[-1.233445,49.297886],[-1.2330426,49.2980539],[-1.2329193,49.2981379],[-1.2327637,49.2983373],[-1.2326457,49.2985472],[-1.2325062,49.2989145],[-1.2323721,49.2991699],[-1.2320362,49.2996785],[-1.2319534,49.2997432],[-1.2318427,49.2997757],[-1.2317433,49.2997881],[-1.2312109,49.2998169],[-1.2309773,49.2998103],[-1.2305584,49.2997641],[-1.2304054,49.2997353],[-1.2301995,49.2996911],[-1.2293624,49.2994586],[-1.2280969,49.2990802],[-1.2279789,49.2990304],[-1.2278746,49.2989797],[-1.2277864,49.2989308],[-1.2277118,49.2988941],[-1.2276739,49.2988785],[-1.2276237,49.2988662]]}},{"type":"Feature","properties":{"h":"track","c":4},"geometry":{"type":"LineString","coordinates":[[-1.2812677,49.2931264],[-1.2814512,49.2941628],[-1.2814,49.2953076]]}},{"type":"Feature","properties":{"h":"track","c":4},"geometry":{"type":"LineString","coordinates":[[-1.2757013,49.303076],[-1.2756713,49.3035953]]}},{"type":"Feature","properties":{"h":"unclassified","c":3},"geometry":{"type":"LineString","coordinates":[[-1.2778242,49.2991485],[-1.2777582,49.299155],[-1.2773457,49.2991386],[-1.2764673,49.2991421],[-1.2761512,49.2991484],[-1.2750569,49.2991849],[-1.2741986,49.2992901],[-1.273163,49.299392],[-1.272962,49.2993993],[-1.2726835,49.2993967],[-1.2714068,49.2993175],[-1.2709386,49.2993181],[-1.2706503,49.2993454],[-1.2704269,49.2993801],[-1.2702403,49.2994255],[-1.2685417,49.3001691],[-1.2681253,49.3004402],[-1.267997,49.3004966],[-1.2678313,49.3005498],[-1.2662111,49.3008943],[-1.2654118,49.3010477]]}},{"type":"Feature","properties":{"h":"track","c":4},"geometry":{"type":"LineString","coordinates":[[-1.2842324,49.2823426],[-1.2837437,49.2828976],[-1.2835199,49.2833925],[-1.2832119,49.2838769],[-1.2827126,49.2842745],[-1.282291,49.2849471],[-1.2822067,49.2853173],[-1.2821357,49.2855293]]}},{"type":"Feature","properties":{"h":"secondary","c":2},"geometry":{"type":"LineString","coordinates":[[-1.2503038,49.304479],[-1.2501534,49.3043795]]}},{"type":"Feature","properties":{"h":"residential","c":3},"geometry":{"type":"LineString","coordinates":[[-1.242277,49.3054695],[-1.2421232,49.3053176],[-1.2418911,49.3050882],[-1.2417803,49.3049787]]}},{"type":"Feature","properties":{"h":"residential","c":3},"geometry":{"type":"LineString","coordinates":[[-1.2433754,49.3053352],[-1.2436583,49.3053286],[-1.2437074,49.3053275]]}},{"type":"Feature","properties":{"h":"residential","c":3},"geometry":{"type":"LineString","coordinates":[[-1.2399045,49.3064276],[-1.2397366,49.3062761],[-1.2397074,49.3062447],[-1.2395319,49.3060965],[-1.2387675,49.3057117],[-1.2385885,49.3056104]]}},{"type":"Feature","properties":{"h":"tertiary","c":2},"geometry":{"type":"LineString","coordinates":[[-1.2260136,49.3167722],[-1.2261549,49.3166312],[-1.2263078,49.3164902],[-1.2271413,49.3158063],[-1.2287387,49.3145062]]}},{"type":"Feature","properties":{"h":"residential","c":3},"geometry":{"type":"LineString","coordinates":[[-1.242277,49.3054695],[-1.2423203,49.305452],[-1.2424336,49.305441],[-1.2430009,49.3054201],[-1.2431699,49.3053356],[-1.2433754,49.3053352]]}},{"type":"Feature","properties":{"h":"tertiary","c":2},"geometry":{"type":"LineString","coordinates":[[-1.2487104,49.3021419],[-1.2486512,49.3022285],[-1.2484528,49.3024709],[-1.2481029,49.3027998],[-1.2480206,49.3028468]]}},{"type":"Feature","properties":{"h":"unclassified","c":3},"geometry":{"type":"LineString","coordinates":[[-1.2276237,49.2988662],[-1.22755,49.2988522]]}},{"type":"Feature","properties":{"h":"unclassified","c":3},"geometry":{"type":"LineString","coordinates":[[-1.22755,49.2988522],[-1.22718,49.2987839],[-1.2270458,49.2987614],[-1.2268732,49.2987373],[-1.2267295,49.2987139],[-1.2266,49.298694],[-1.2264559,49.2986544],[-1.2257908,49.2984357],[-1.2255254,49.2983721],[-1.2252857,49.2983163],[-1.22497,49.2982171],[-1.224816,49.2981552],[-1.2246403,49.2980791],[-1.224439,49.2980013],[-1.2202485,49.2967211],[-1.2167195,49.2956563],[-1.2129813,49.294573],[-1.2112119,49.2940025],[-1.210074,49.2936537],[-1.2096586,49.2935412],[-1.2094392,49.2934815],[-1.2089967,49.2933346],[-1.2083288,49.2930896],[-1.2077816,49.2929077],[-1.2071408,49.292705],[-1.2069996,49.2926518],[-1.2068933,49.2926023],[-1.2067033,49.2925019],[-1.2066506,49.2924811],[-1.206569,49.2924556],[-1.2064951,49.2924465],[-1.206401,49.2924458],[-1.206349,49.2924539],[-1.2062744,49.292468],[-1.2061878,49.2925046],[-1.2061325,49.2925491]]}},{"type":"Feature","properties":{"h":"primary","c":1},"geometry":{"type":"LineString","coordinates":[[-1.2595934,49.3140533],[-1.2596339,49.313984],[-1.2596768,49.3139228],[-1.2597244,49.3138876],[-1.2598979,49.3137592],[-1.2600278,49.3136422]]}},{"type":"Feature","properties":{"h":"primary","c":1},"geometry":{"type":"LineString","coordinates":[[-1.263874,49.302242],[-1.2640735,49.3020024],[-1.2641289,49.3019402]]}},{"type":"Feature","properties":{"h":"primary","c":1},"geometry":{"type":"LineString","coordinates":[[-1.2586659,49.3141616],[-1.2586117,49.314203],[-1.2585411,49.3142611],[-1.2585028,49.3142892],[-1.2584595,49.3143141],[-1.258314,49.3143662],[-1.2581607,49.3144115],[-1.2579327,49.3145189]]}},{"type":"Feature","properties":{"h":"primary","c":1},"geometry":{"type":"LineString","coordinates":[[-1.2639494,49.3019201],[-1.263874,49.302242]]}},{"type":"Feature","properties":{"h":"primary","c":1},"geometry":{"type":"LineString","coordinates":[[-1.2579327,49.3145189],[-1.2582037,49.3144704],[-1.2583682,49.3144327],[-1.2586687,49.3143878],[-1.258754,49.3143878],[-1.2588411,49.3143955]]}},{"type":"Feature","properties":{"h":"primary","c":1},"geometry":{"type":"LineString","coordinates":[[-1.2600278,49.3136422],[-1.2598323,49.313722],[-1.2596362,49.3138172],[-1.2595665,49.3138456],[-1.259507,49.3138604],[-1.2594433,49.3138687],[-1.2593415,49.3138722]]}},{"type":"Feature","properties":{"h":"tertiary","c":2},"geometry":{"type":"LineString","coordinates":[[-1.2638371,49.3016103],[-1.2636163,49.3016678],[-1.2632382,49.3017214]]}},{"type":"Feature","properties":{"h":"primary","c":1},"geometry":{"type":"LineString","coordinates":[[-1.2643149,49.3015886],[-1.2643183,49.3014488],[-1.2644239,49.3012162]]}},{"type":"Feature","properties":{"h":"primary","c":1},"geometry":{"type":"LineString","coordinates":[[-1.2639751,49.2950749],[-1.2655121,49.2973734],[-1.2656069,49.2975301]]}},{"type":"Feature","properties":{"h":"tertiary","c":2},"geometry":{"type":"LineString","coordinates":[[-1.2616695,49.2961872],[-1.2614619,49.296284],[-1.2612539,49.2963737],[-1.2598303,49.2969877],[-1.2594274,49.2971999],[-1.2590447,49.2974086],[-1.258318,49.2977458],[-1.2576973,49.2980626],[-1.2576388,49.2980924],[-1.2575887,49.2981179],[-1.2574432,49.2981923],[-1.2567796,49.2985068],[-1.2562501,49.2988055],[-1.2556202,49.299179],[-1.2544157,49.2999276],[-1.254376,49.2999699],[-1.2543704,49.3000028]]}},{"type":"Feature","properties":{"h":"primary","c":1},"geometry":{"type":"LineString","coordinates":[[-1.2659129,49.2982016],[-1.2659359,49.2981676]]}},{"type":"Feature","properties":{"h":"primary","c":1},"geometry":{"type":"LineString","coordinates":[[-1.265613,49.2979951],[-1.2656216,49.2980361],[-1.2656446,49.2980747],[-1.2656723,49.2981023],[-1.2657074,49.2981261],[-1.2657819,49.298156],[-1.2658671,49.2981689],[-1.2659359,49.2981676],[-1.2660013,49.2981525],[-1.2660445,49.298136],[-1.266089,49.2981099],[-1.2661236,49.2980782],[-1.2661468,49.2980423],[-1.2661575,49.298004],[-1.2661556,49.2979671],[-1.2661331,49.2979171],[-1.2660894,49.2978734],[-1.2660281,49.29784],[-1.2659734,49.2978232],[-1.2659143,49.2978147],[-1.2658267,49.2978179],[-1.2657452,49.2978391],[-1.2656783,49.297876],[-1.2656397,49.2979146],[-1.2656191,49.2979538],[-1.265613,49.2979951]]}},{"type":"Feature","properties":{"h":"tertiary","c":2},"geometry":{"type":"LineString","coordinates":[[-1.2451015,49.3044208],[-1.245385,49.3042782],[-1.2454837,49.3042286],[-1.2455508,49.3041949]]}},{"type":"Feature","properties":{"h":"primary","c":1},"geometry":{"type":"LineString","coordinates":[[-1.2621965,49.3103604],[-1.2621643,49.3103477],[-1.262128,49.3103414],[-1.2620904,49.310342],[-1.262058,49.3103484],[-1.2620292,49.3103599],[-1.2620024,49.3103789],[-1.2619854,49.3104023],[-1.2619797,49.3104279],[-1.2619859,49.3104534],[-1.2619977,49.3104708],[-1.262015,49.310486],[-1.26205,49.3105036],[-1.2620919,49.3105127],[-1.2621361,49.3105124],[-1.2621712,49.3105048],[-1.2622017,49.3104912],[-1.2622226,49.3104754],[-1.2622371,49.3104567],[-1.2622443,49.3104364],[-1.2622439,49.3104161],[-1.2622363,49.3103964],[-1.2622219,49.3103784]]}},{"type":"Feature","properties":{"h":"unclassified","c":3},"geometry":{"type":"LineString","coordinates":[[-1.2579026,49.3120847],[-1.2577715,49.3121344],[-1.2575936,49.3121746],[-1.2575321,49.3121906]]}},{"type":"Feature","properties":{"h":"secondary","c":2},"geometry":{"type":"LineString","coordinates":[[-1.2573011,49.3122384],[-1.2572901,49.3122633],[-1.2572887,49.3122892],[-1.2573023,49.3123227],[-1.2573319,49.3123515],[-1.2573743,49.3123724],[-1.2574152,49.3123819],[-1.2574585,49.312384],[-1.2575112,49.3123758],[-1.2575568,49.3123567],[-1.2575899,49.3123287],[-1.2576027,49.3123078],[-1.2576084,49.3122856],[-1.257605,49.3122576],[-1.2575904,49.3122313],[-1.2575655,49.3122084],[-1.2575321,49.3121906],[-1.2574939,49.3121795],[-1.2574525,49.3121752],[-1.2574053,49.312179],[-1.2573619,49.3121917],[-1.2573261,49.3122121],[-1.2573011,49.3122384]]}},{"type":"Feature","properties":{"h":"tertiary","c":2},"geometry":{"type":"LineString","coordinates":[[-1.2495778,49.3053895],[-1.2497087,49.3054348],[-1.2514974,49.3060543],[-1.2515961,49.3060885]]}},{"type":"Feature","properties":{"h":"tertiary","c":2},"geometry":{"type":"LineString","coordinates":[[-1.2470512,49.3034488],[-1.2467727,49.3035904]]}},{"type":"Feature","properties":{"h":"tertiary","c":2},"geometry":{"type":"LineString","coordinates":[[-1.2467727,49.3035904],[-1.245687,49.3041275],[-1.2456033,49.3041689],[-1.2455508,49.3041949]]}},{"type":"Feature","properties":{"h":"tertiary","c":2},"geometry":{"type":"LineString","coordinates":[[-1.2664816,49.2977064],[-1.2661002,49.2978188],[-1.2660281,49.29784]]}},{"type":"Feature","properties":{"h":"tertiary","c":2},"geometry":{"type":"LineString","coordinates":[[-1.2348189,49.3031307],[-1.2349301,49.3031463]]}},{"type":"Feature","properties":{"h":"tertiary","c":2},"geometry":{"type":"LineString","coordinates":[[-1.2381468,49.3056783],[-1.2380261,49.3056915]]}},{"type":"Feature","properties":{"h":"tertiary","c":2},"geometry":{"type":"LineString","coordinates":[[-1.2442475,49.304468],[-1.244053,49.3044323],[-1.243989,49.3044206],[-1.2437491,49.3043766],[-1.2432837,49.3042913],[-1.2432326,49.3042797]]}},{"type":"Feature","properties":{"h":"service","c":4},"geometry":{"type":"LineString","coordinates":[[-1.2409193,49.3036155],[-1.2409055,49.3036559],[-1.2408555,49.3037111],[-1.2408426,49.3037187],[-1.240725,49.3037487]]}},{"type":"Feature","properties":{"h":"residential","c":3},"geometry":{"type":"LineString","coordinates":[[-1.2431364,49.303125],[-1.2421479,49.3030616]]}},{"type":"Feature","properties":{"h":"residential","c":3},"geometry":{"type":"LineString","coordinates":[[-1.2418789,49.3042273],[-1.2417085,49.3042095]]}},{"type":"Feature","properties":{"h":"service","c":4},"geometry":{"type":"LineString","coordinates":[[-1.245617,49.3033313],[-1.2454744,49.3032353]]}},{"type":"Feature","properties":{"h":"service","c":4},"geometry":{"type":"LineString","coordinates":[[-1.2459947,49.3035378],[-1.2456729,49.3033096],[-1.2456447,49.3033096],[-1.245617,49.3033313],[-1.2452593,49.3036149]]}},{"type":"Feature","properties":{"h":"unclassified","c":3},"geometry":{"type":"LineString","coordinates":[[-1.220495,49.3075047],[-1.2191099,49.30843]]}},{"type":"Feature","properties":{"h":"service","c":4},"geometry":{"type":"LineString","coordinates":[[-1.2392177,49.3090853],[-1.2391116,49.309086],[-1.2386698,49.3090891],[-1.2385891,49.3091149],[-1.2384886,49.3092172]]}},{"type":"Feature","properties":{"h":"service","c":4},"geometry":{"type":"LineString","coordinates":[[-1.2392242,49.3098293],[-1.2391207,49.3098415],[-1.2385368,49.3099105],[-1.2383947,49.3101291],[-1.2381077,49.3102043],[-1.2378126,49.3102323],[-1.2374881,49.3101781],[-1.2374138,49.3101546],[-1.2372118,49.3100907],[-1.2366593,49.3098616],[-1.23514,49.3111735]]}},{"type":"Feature","properties":{"h":"service","c":4},"geometry":{"type":"LineString","coordinates":[[-1.2385355,49.3087879],[-1.2386589,49.3086768]]}},{"type":"Feature","properties":{"h":"service","c":4},"geometry":{"type":"LineString","coordinates":[[-1.2382203,49.3089986],[-1.2383357,49.3088718],[-1.2385355,49.3087879],[-1.2391108,49.3087647],[-1.239217,49.3087599]]}},{"type":"Feature","properties":{"h":"service","c":4},"geometry":{"type":"LineString","coordinates":[[-1.239544,49.3095215],[-1.2395883,49.3094279],[-1.2396245,49.3093527]]}},{"type":"Feature","properties":{"h":"service","c":4},"geometry":{"type":"LineString","coordinates":[[-1.2392167,49.3093537],[-1.2395883,49.3094279]]}},{"type":"Feature","properties":{"h":"service","c":4},"geometry":{"type":"LineString","coordinates":[[-1.2389554,49.303125],[-1.2388761,49.303268],[-1.2388855,49.3033087],[-1.2389097,49.3033489],[-1.2389177,49.3033822],[-1.2390069,49.303533],[-1.2390357,49.3035518],[-1.2391973,49.3036069]]}},{"type":"Feature","properties":{"h":"tertiary","c":2},"geometry":{"type":"LineString","coordinates":[[-1.2518347,49.3060413],[-1.2517212,49.3060746],[-1.2515961,49.3060885]]}},{"type":"Feature","properties":{"h":"tertiary","c":2},"geometry":{"type":"LineString","coordinates":[[-1.2515961,49.3060885],[-1.2517802,49.306162],[-1.2518395,49.3061716],[-1.2519297,49.3061474]]}},{"type":"Feature","properties":{"h":"service","c":4},"geometry":{"type":"LineString","coordinates":[[-1.2510458,49.3046278],[-1.2507261,49.3043887]]}},{"type":"Feature","properties":{"h":"service","c":4},"geometry":{"type":"LineString","coordinates":[[-1.2511916,49.3045492],[-1.2508574,49.304271]]}},{"type":"Feature","properties":{"h":"service","c":4},"geometry":{"type":"LineString","coordinates":[[-1.2507037,49.3047991],[-1.2507234,49.3047901],[-1.2508294,49.3047446],[-1.2508742,49.3047204],[-1.2510458,49.3046278],[-1.2511916,49.3045492],[-1.2514745,49.3043965],[-1.2515643,49.3043108],[-1.251626,49.3042234],[-1.25162,49.3042055]]}},{"type":"Feature","properties":{"h":"service","c":4},"geometry":{"type":"LineString","coordinates":[[-1.2514745,49.3043965],[-1.2509769,49.3041639]]}},{"type":"Feature","properties":{"h":"service","c":4},"geometry":{"type":"LineString","coordinates":[[-1.25162,49.3042055],[-1.2510587,49.3040389],[-1.2509769,49.3041639],[-1.2508574,49.304271],[-1.2507261,49.3043887],[-1.250637,49.304456],[-1.2506182,49.3044962],[-1.2506262,49.3045229],[-1.2508742,49.3047204]]}},{"type":"Feature","properties":{"h":"tertiary_link","c":2},"geometry":{"type":"LineString","coordinates":[[-1.2505692,49.304279],[-1.2503116,49.3043327],[-1.2501534,49.3043795]]}},{"type":"Feature","properties":{"h":"tertiary","c":2},"geometry":{"type":"LineString","coordinates":[[-1.2503038,49.304479],[-1.2504106,49.3043994],[-1.2505203,49.3043177],[-1.2505692,49.304279]]}},{"type":"Feature","properties":{"h":"residential","c":3},"geometry":{"type":"LineString","coordinates":[[-1.2465236,49.3010202],[-1.2464359,49.3010307],[-1.2459317,49.3013201]]}},{"type":"Feature","properties":{"h":"residential","c":3},"geometry":{"type":"LineString","coordinates":[[-1.2450801,49.301614],[-1.2451632,49.3015143],[-1.2452813,49.3014163],[-1.2456568,49.3011907]]}},{"type":"Feature","properties":{"h":"residential","c":3},"geometry":{"type":"LineString","coordinates":[[-1.2443999,49.2993147],[-1.2444028,49.2992475],[-1.244254,49.2990507]]}},{"type":"Feature","properties":{"h":"residential","c":3},"geometry":{"type":"LineString","coordinates":[[-1.2453882,49.2978109],[-1.2453201,49.2977599],[-1.2452048,49.2977432],[-1.2449782,49.2977126],[-1.2446013,49.2977135]]}},{"type":"Feature","properties":{"h":"residential","c":3},"geometry":{"type":"LineString","coordinates":[[-1.2455294,49.2977957],[-1.2454328,49.2977966],[-1.2453882,49.2978109],[-1.2453376,49.2978473],[-1.2452048,49.2979829],[-1.2449071,49.2982365],[-1.2448065,49.2983056],[-1.2447448,49.2983729],[-1.2447327,49.2984342],[-1.2447832,49.2985309]]}},{"type":"Feature","properties":{"h":"residential","c":3},"geometry":{"type":"LineString","coordinates":[[-1.2460618,49.2980966],[-1.2459961,49.2980668],[-1.2459183,49.2980371],[-1.2457466,49.2979803],[-1.245579,49.2978604],[-1.2455294,49.2977957],[-1.2455401,49.2977161],[-1.2457667,49.297445],[-1.2458807,49.297299]]}},{"type":"Feature","properties":{"h":"residential","c":3},"geometry":{"type":"LineString","coordinates":[[-1.2500394,49.2987997],[-1.2493948,49.2993778]]}},{"type":"Feature","properties":{"h":"residential","c":3},"geometry":{"type":"LineString","coordinates":[[-1.2468831,49.3009512],[-1.247474,49.3009861],[-1.2478943,49.3011207]]}},{"type":"Feature","properties":{"h":"residential","c":3},"geometry":{"type":"LineString","coordinates":[[-1.2474959,49.300848],[-1.247474,49.3009861]]}},{"type":"Feature","properties":{"h":"tertiary","c":2},"geometry":{"type":"LineString","coordinates":[[-1.2579483,49.2993811],[-1.2579535,49.2991985]]}},{"type":"Feature","properties":{"h":"tertiary","c":2},"geometry":{"type":"LineString","coordinates":[[-1.2579535,49.2991985],[-1.2581161,49.2990691]]}},{"type":"Feature","properties":{"h":"tertiary","c":2},"geometry":{"type":"LineString","coordinates":[[-1.2579637,49.2990123],[-1.2581161,49.2990691]]}},{"type":"Feature","properties":{"h":"tertiary","c":2},"geometry":{"type":"LineString","coordinates":[[-1.2581868,49.2989494],[-1.2580287,49.2988731],[-1.2579739,49.2988486]]}},{"type":"Feature","properties":{"h":"tertiary","c":2},"geometry":{"type":"LineString","coordinates":[[-1.2585174,49.2989248],[-1.258307,49.2989524],[-1.2581868,49.2989494]]}},{"type":"Feature","properties":{"h":"tertiary","c":2},"geometry":{"type":"LineString","coordinates":[[-1.2574173,49.3016441],[-1.2574796,49.3015585]]}},{"type":"Feature","properties":{"h":"tertiary","c":2},"geometry":{"type":"LineString","coordinates":[[-1.2575361,49.2992591],[-1.2577262,49.2992557]]}},{"type":"Feature","properties":{"h":"tertiary","c":2},"geometry":{"type":"LineString","coordinates":[[-1.2579562,49.2991034],[-1.2575361,49.2992591]]}},{"type":"Feature","properties":{"h":"tertiary","c":2},"geometry":{"type":"LineString","coordinates":[[-1.2577262,49.2992557],[-1.2578866,49.2993462],[-1.2579483,49.2993811]]}},{"type":"Feature","properties":{"h":"tertiary","c":2},"geometry":{"type":"LineString","coordinates":[[-1.2607604,49.3017569],[-1.2605039,49.3017673],[-1.2603375,49.3017757],[-1.2593255,49.3018334],[-1.2585499,49.3018852],[-1.2579657,49.3019547],[-1.2575818,49.3020277],[-1.2572103,49.3021011]]}},{"type":"Feature","properties":{"h":"service","c":4},"geometry":{"type":"LineString","coordinates":[[-1.2537174,49.3003768],[-1.2534984,49.3006316],[-1.2535108,49.3006949],[-1.2535455,49.3007427],[-1.2535981,49.3007671],[-1.2536327,49.3007771],[-1.2536785,49.300778],[-1.2538475,49.3006786]]}},{"type":"Feature","properties":{"h":"service","c":4},"geometry":{"type":"LineString","coordinates":[[-1.2569685,49.3008276],[-1.2568826,49.3005458],[-1.2568563,49.3005151],[-1.256812,49.3005042],[-1.2567524,49.3004907],[-1.2567303,49.3004699],[-1.2566699,49.3002348]]}},{"type":"Feature","properties":{"h":"residential","c":3},"geometry":{"type":"LineString","coordinates":[[-1.2560766,49.3004188],[-1.2561461,49.3006211]]}},{"type":"Feature","properties":{"h":"service","c":4},"geometry":{"type":"LineString","coordinates":[[-1.2579057,49.3003613],[-1.2576873,49.3003345],[-1.2576078,49.300334],[-1.2571223,49.3003633],[-1.2570579,49.3003511],[-1.2570045,49.3003335],[-1.2569879,49.3002956],[-1.2569588,49.3001682],[-1.2569644,49.3001474],[-1.2569865,49.3001312],[-1.2575822,49.3000779],[-1.2576265,49.3000788],[-1.2576529,49.3000932],[-1.2576873,49.3003345]]}},{"type":"Feature","properties":{"h":"service","c":4},"geometry":{"type":"LineString","coordinates":[[-1.2475866,49.3017014],[-1.2475289,49.3018028],[-1.2475254,49.3018215],[-1.2479079,49.3019732],[-1.2479822,49.3020215],[-1.2478291,49.3022512]]}},{"type":"Feature","properties":{"h":"residential","c":3},"geometry":{"type":"LineString","coordinates":[[-1.2495741,49.3015685],[-1.2492254,49.301453],[-1.2491872,49.3014383]]}},{"type":"Feature","properties":{"h":"tertiary","c":2},"geometry":{"type":"LineString","coordinates":[[-1.2531623,49.2962172],[-1.2531773,49.296166]]}},{"type":"Feature","properties":{"h":"tertiary","c":2},"geometry":{"type":"LineString","coordinates":[[-1.2532624,49.2959472],[-1.253173,49.2960195],[-1.2530266,49.2961525]]}},{"type":"Feature","properties":{"h":"tertiary","c":2},"geometry":{"type":"LineString","coordinates":[[-1.2527278,49.2965372],[-1.2528789,49.2964006],[-1.25307,49.2962903]]}},{"type":"Feature","properties":{"h":"tertiary","c":2},"geometry":{"type":"LineString","coordinates":[[-1.2529471,49.2962284],[-1.2528357,49.2963884],[-1.2527278,49.2965372]]}},{"type":"Feature","properties":{"h":"unclassified","c":3},"geometry":{"type":"LineString","coordinates":[[-1.2524686,49.2937406],[-1.2525903,49.2937402],[-1.2535134,49.2939141]]}},{"type":"Feature","properties":{"h":"residential","c":3},"geometry":{"type":"LineString","coordinates":[[-1.253456,49.2942833],[-1.2534164,49.2942811],[-1.2531911,49.2942772],[-1.2530436,49.2942868],[-1.2529336,49.2943218],[-1.252884,49.2943507],[-1.2527351,49.294732],[-1.2527445,49.29483],[-1.2528129,49.2949305],[-1.2528786,49.2949489],[-1.2532139,49.2949891],[-1.253244,49.2949944]]}},{"type":"Feature","properties":{"h":"tertiary","c":2},"geometry":{"type":"LineString","coordinates":[[-1.2456804,49.3061217],[-1.2456584,49.3060331]]}},{"type":"Feature","properties":{"h":"tertiary","c":2},"geometry":{"type":"LineString","coordinates":[[-1.2455007,49.3059941],[-1.2454952,49.3060094],[-1.2454965,49.3060251],[-1.2455045,49.3060398],[-1.2455186,49.3060526]]}},{"type":"Feature","properties":{"h":"unclassified","c":3},"geometry":{"type":"LineString","coordinates":[[-1.2429401,49.30596],[-1.2429111,49.3059546],[-1.242881,49.3059557],[-1.2428531,49.3059631],[-1.2428305,49.305976],[-1.2428168,49.3059909],[-1.2428103,49.3060078],[-1.2428116,49.3060251],[-1.2428206,49.3060415],[-1.2428364,49.3060555],[-1.2428578,49.3060659],[-1.2428846,49.306072],[-1.242913,49.3060724],[-1.2429402,49.3060671],[-1.2429636,49.3060566],[-1.2429809,49.3060419],[-1.2429904,49.3060245],[-1.2429912,49.3060059],[-1.2429825,49.3059871],[-1.2429648,49.3059713],[-1.2429401,49.30596]]}},{"type":"Feature","properties":{"h":"tertiary","c":2},"geometry":{"type":"LineString","coordinates":[[-1.2456153,49.3059646],[-1.2455795,49.3059115]]}},{"type":"Feature","properties":{"h":"unclassified","c":3},"geometry":{"type":"LineString","coordinates":[[-1.2453837,49.3060569],[-1.2453634,49.3060564],[-1.2447518,49.3060421],[-1.2443851,49.3060334],[-1.2437654,49.3060189]]}},{"type":"Feature","properties":{"h":"tertiary","c":2},"geometry":{"type":"LineString","coordinates":[[-1.2472841,49.3092599],[-1.2473491,49.3093369],[-1.2474947,49.3095097],[-1.2476227,49.3096607],[-1.2479241,49.3100162],[-1.2481346,49.310305],[-1.2486374,49.3111095],[-1.2486925,49.3112991],[-1.2487294,49.311558],[-1.2488143,49.3117422],[-1.248992,49.3118976],[-1.2492317,49.3120507],[-1.249378,49.312131],[-1.2495943,49.3122649],[-1.2500041,49.3126111],[-1.2505191,49.3132745],[-1.2516655,49.3141313],[-1.2518684,49.314283],[-1.252016,49.3143612],[-1.2521701,49.3143813]]}},{"type":"Feature","properties":{"h":"tertiary","c":2},"geometry":{"type":"LineString","coordinates":[[-1.2455709,49.306069],[-1.2456804,49.3061217]]}},{"type":"Feature","properties":{"h":"tertiary","c":2},"geometry":{"type":"LineString","coordinates":[[-1.2455795,49.3059115],[-1.2455462,49.3059637]]}},{"type":"Feature","properties":{"h":"unclassified","c":3},"geometry":{"type":"LineString","coordinates":[[-1.2455007,49.3059941],[-1.2453837,49.3060569]]}},{"type":"Feature","properties":{"h":"secondary","c":2},"geometry":{"type":"LineString","coordinates":[[-1.2572227,49.3120303],[-1.25647,49.3111936],[-1.256386,49.3111003],[-1.2562531,49.3109526],[-1.2551927,49.3097754],[-1.2551436,49.3097194],[-1.2548422,49.3093844],[-1.2544569,49.3089561],[-1.2540997,49.308559],[-1.2539422,49.308384],[-1.2536595,49.3080697],[-1.2532772,49.3076447],[-1.2532587,49.3076242],[-1.2522304,49.3064812],[-1.2520944,49.30633]]}},{"type":"Feature","properties":{"h":"secondary","c":2},"geometry":{"type":"LineString","coordinates":[[-1.2574525,49.3121752],[-1.2573934,49.3121383],[-1.257334,49.3121007],[-1.2572227,49.3120303]]}},{"type":"Feature","properties":{"h":"secondary","c":2},"geometry":{"type":"LineString","coordinates":[[-1.2572227,49.3120303],[-1.2572594,49.3121291],[-1.2572826,49.3121917],[-1.2573011,49.3122384]]}},{"type":"Feature","properties":{"h":"secondary","c":2},"geometry":{"type":"LineString","coordinates":[[-1.2574585,49.312384],[-1.2575088,49.3124205],[-1.2575629,49.3124558],[-1.2576665,49.3125234]]}},{"type":"Feature","properties":{"h":"secondary","c":2},"geometry":{"type":"LineString","coordinates":[[-1.2576665,49.3125234],[-1.2576312,49.3124327],[-1.2576086,49.3123748],[-1.2575899,49.3123287]]}},{"type":"Feature","properties":{"h":"tertiary","c":2},"geometry":{"type":"LineString","coordinates":[[-1.2572887,49.3122892],[-1.2571703,49.3123545],[-1.2570315,49.3124393]]}},{"type":"Feature","properties":{"h":"tertiary","c":2},"geometry":{"type":"LineString","coordinates":[[-1.2570315,49.3124393],[-1.2572158,49.312404],[-1.2573047,49.3123861],[-1.2573743,49.3123724]]}},{"type":"Feature","properties":{"h":"primary","c":1},"geometry":{"type":"LineString","coordinates":[[-1.2620129,49.3106214],[-1.2620029,49.310641],[-1.26191,49.3108125],[-1.2615048,49.3117965],[-1.2613133,49.3121688],[-1.2611055,49.3124776],[-1.2609541,49.3126572],[-1.2608329,49.312801],[-1.2601156,49.3135673],[-1.2600278,49.3136422]]}},{"type":"Feature","properties":{"h":"primary","c":1},"geometry":{"type":"LineString","coordinates":[[-1.2622219,49.3103784],[-1.2623441,49.3101912],[-1.2624809,49.3100347],[-1.2625681,49.3099429],[-1.2626968,49.3097558],[-1.2628095,49.3095564],[-1.2628654,49.3094225],[-1.2629527,49.3092102]]}},{"type":"Feature","properties":{"h":"primary","c":1},"geometry":{"type":"LineString","coordinates":[[-1.2629527,49.3092102],[-1.2628256,49.3094095],[-1.2626351,49.3097024],[-1.2623106,49.310158],[-1.2621544,49.3103145],[-1.2620904,49.310342]]}},{"type":"Feature","properties":{"h":"primary","c":1},"geometry":{"type":"LineString","coordinates":[[-1.2620129,49.3106214],[-1.2620866,49.3105619],[-1.2621361,49.3105124]]}},{"type":"Feature","properties":{"h":"primary","c":1},"geometry":{"type":"LineString","coordinates":[[-1.262015,49.310486],[-1.2620129,49.3106214]]}},{"type":"Feature","properties":{"h":"unclassified","c":3},"geometry":{"type":"LineString","coordinates":[[-1.2618074,49.3103479],[-1.261735,49.3103278],[-1.2606737,49.3100318],[-1.2603914,49.309941],[-1.2599372,49.3097713],[-1.2592308,49.3095073],[-1.2581558,49.3091038],[-1.2576988,49.3089767],[-1.2572524,49.3088941],[-1.2565851,49.308902],[-1.2561001,49.3089736],[-1.2558854,49.3090264],[-1.255745,49.309061],[-1.2556044,49.3091113],[-1.2554408,49.3091699],[-1.2550753,49.3093007],[-1.2549356,49.3093509],[-1.2548422,49.3093844]]}},{"type":"Feature","properties":{"h":"unclassified","c":3},"geometry":{"type":"LineString","coordinates":[[-1.2620292,49.3103599],[-1.2619561,49.3103601],[-1.2618074,49.3103479]]}},{"type":"Feature","properties":{"h":"unclassified","c":3},"geometry":{"type":"LineString","coordinates":[[-1.2618074,49.3103479],[-1.2619219,49.3104177],[-1.2619859,49.3104534]]}},{"type":"Feature","properties":{"h":"residential","c":3},"geometry":{"type":"LineString","coordinates":[[-1.2622017,49.3104912],[-1.2622934,49.3104903],[-1.262392,49.3104966]]}},{"type":"Feature","properties":{"h":"residential","c":3},"geometry":{"type":"LineString","coordinates":[[-1.262392,49.3104966],[-1.2623052,49.3104607],[-1.2622443,49.3104364]]}},{"type":"Feature","properties":{"h":"primary","c":1},"geometry":{"type":"LineString","coordinates":[[-1.265718,49.2984899],[-1.2659129,49.2982016]]}},{"type":"Feature","properties":{"h":"primary","c":1},"geometry":{"type":"LineString","coordinates":[[-1.2657074,49.2981261],[-1.2657155,49.2982309],[-1.265718,49.2984899]]}},{"type":"Feature","properties":{"h":"tertiary","c":2},"geometry":{"type":"LineString","coordinates":[[-1.2651193,49.2980095],[-1.2615542,49.2982089],[-1.2612439,49.2982274]]}},{"type":"Feature","properties":{"h":"tertiary","c":2},"geometry":{"type":"LineString","coordinates":[[-1.2656397,49.2979146],[-1.2654332,49.2979604],[-1.2651193,49.2980095]]}},{"type":"Feature","properties":{"h":"tertiary","c":2},"geometry":{"type":"LineString","coordinates":[[-1.2651193,49.2980095],[-1.2654139,49.2980279],[-1.2655661,49.2980594],[-1.2656446,49.2980747]]}},{"type":"Feature","properties":{"h":"primary","c":1},"geometry":{"type":"LineString","coordinates":[[-1.2659143,49.2978147],[-1.2657917,49.2977155],[-1.2656069,49.2975301]]}},{"type":"Feature","properties":{"h":"primary","c":1},"geometry":{"type":"LineString","coordinates":[[-1.2656069,49.2975301],[-1.265666,49.2978221],[-1.2656783,49.297876]]}},{"type":"Feature","properties":{"h":"tertiary","c":2},"geometry":{"type":"LineString","coordinates":[[-1.2664816,49.2977064],[-1.2669201,49.2975479],[-1.2685011,49.2969837],[-1.2687431,49.2969133],[-1.2690372,49.296854],[-1.2693796,49.2968092],[-1.2702482,49.296725],[-1.2706812,49.2966473],[-1.2722506,49.2962226],[-1.2727525,49.2960466],[-1.2732382,49.2958247],[-1.2740647,49.2953869],[-1.2743403,49.295257],[-1.2747399,49.2951322],[-1.2750393,49.2950918],[-1.2755101,49.2950638],[-1.2764949,49.2950119],[-1.2788387,49.2949626],[-1.2791534,49.2949721],[-1.2794132,49.2950024],[-1.2801472,49.2951225],[-1.2811047,49.2952721],[-1.2814,49.2953076],[-1.2817347,49.2953257],[-1.2843207,49.2954078],[-1.2850359,49.2954211],[-1.2854982,49.2954028],[-1.2860731,49.2953319],[-1.2878717,49.2950354],[-1.2889061,49.2948937],[-1.2892189,49.2948708],[-1.2895965,49.2948932],[-1.2898792,49.2949398],[-1.2901237,49.2950231]]}},{"type":"Feature","properties":{"h":"tertiary","c":2},"geometry":{"type":"LineString","coordinates":[[-1.2661556,49.2979671],[-1.2662809,49.2978438],[-1.2664816,49.2977064]]}},{"type":"Feature","properties":{"h":"primary","c":1},"geometry":{"type":"LineString","coordinates":[[-1.265718,49.2984899],[-1.265685,49.2985809],[-1.2653702,49.2994868],[-1.2652009,49.2999095],[-1.2647748,49.3006738],[-1.2644239,49.3012162]]}},{"type":"Feature","properties":{"h":"tertiary","c":2},"geometry":{"type":"LineString","coordinates":[[-1.2632382,49.3017214],[-1.2635394,49.3017442],[-1.2637094,49.3017784],[-1.2637917,49.3018044]]}},{"type":"Feature","properties":{"h":"primary","c":1},"geometry":{"type":"LineString","coordinates":[[-1.2644239,49.3012162],[-1.2641283,49.3014774],[-1.2640697,49.3015284]]}},{"type":"Feature","properties":{"h":"service","c":4},"geometry":{"type":"LineString","coordinates":[[-1.2674779,49.2976558],[-1.2668496,49.2978621],[-1.2666388,49.2980286],[-1.2664989,49.2981882],[-1.2664591,49.2982337]]}},{"type":"Feature","properties":{"h":"service","c":4},"geometry":{"type":"LineString","coordinates":[[-1.2660445,49.298136],[-1.2662396,49.2981749],[-1.2664591,49.2982337]]}},{"type":"Feature","properties":{"h":"service","c":4},"geometry":{"type":"LineString","coordinates":[[-1.2668636,49.2984307],[-1.2670143,49.2985144],[-1.2677358,49.2994363],[-1.2683413,49.2998523],[-1.2684918,49.2998788],[-1.2686448,49.2998532],[-1.2694274,49.2995729],[-1.2697192,49.2993748],[-1.2698463,49.2993122],[-1.270203,49.2991933],[-1.2714913,49.2989757],[-1.2715998,49.2989287],[-1.2716636,49.2988522],[-1.2716667,49.2987685],[-1.271066,49.2979812],[-1.2710962,49.2979199],[-1.2712668,49.2977239],[-1.2712798,49.2976807],[-1.2711608,49.2974889],[-1.2711096,49.2974616],[-1.2707846,49.2974257],[-1.2707159,49.297378],[-1.2704442,49.297017],[-1.2703458,49.29697],[-1.2691918,49.2970821],[-1.2674779,49.2976558]]}},{"type":"Feature","properties":{"h":"residential","c":3},"geometry":{"type":"LineString","coordinates":[[-1.2550016,49.3125126],[-1.2550291,49.3125397],[-1.2550763,49.3125929],[-1.255399,49.3129562],[-1.2554737,49.3130402],[-1.2555012,49.3130705]]}},{"type":"Feature","properties":{"h":"residential","c":3},"geometry":{"type":"LineString","coordinates":[[-1.2333045,49.3030727],[-1.2332341,49.3034346],[-1.2331831,49.303627]]}},{"type":"Feature","properties":{"h":"service","c":4},"geometry":{"type":"LineString","coordinates":[[-1.2421345,49.3031711],[-1.2430273,49.3032281],[-1.2430858,49.3032318]]}},{"type":"Feature","properties":{"h":"service","c":4},"geometry":{"type":"LineString","coordinates":[[-1.2430249,49.3033625],[-1.2429599,49.3033591],[-1.2421169,49.3033043],[-1.2421345,49.3031711],[-1.2421451,49.3030845],[-1.2421479,49.3030616]]}},{"type":"Feature","properties":{"h":"service","c":4},"geometry":{"type":"LineString","coordinates":[[-1.2443108,49.3036481],[-1.2443368,49.3035802]]}},{"type":"Feature","properties":{"h":"service","c":4},"geometry":{"type":"LineString","coordinates":[[-1.243069,49.3032679],[-1.2431357,49.303272],[-1.2444243,49.3033517],[-1.244663,49.3033664]]}},{"type":"Feature","properties":{"h":"service","c":4},"geometry":{"type":"LineString","coordinates":[[-1.2429947,49.3034177],[-1.2430672,49.3034211],[-1.2443649,49.3035069],[-1.2447864,49.3035308]]}},{"type":"Feature","properties":{"h":"service","c":4},"geometry":{"type":"LineString","coordinates":[[-1.2551617,49.3114654],[-1.2544641,49.3117449]]}},{"type":"Feature","properties":{"h":"service","c":4},"geometry":{"type":"LineString","coordinates":[[-1.2552779,49.3115943],[-1.2545779,49.3118711]]}},{"type":"Feature","properties":{"h":"service","c":4},"geometry":{"type":"LineString","coordinates":[[-1.2553953,49.3117244],[-1.2546987,49.3120052]]}},{"type":"Feature","properties":{"h":"service","c":4},"geometry":{"type":"LineString","coordinates":[[-1.2555258,49.3118692],[-1.2548205,49.3121404]]}},{"type":"Feature","properties":{"h":"service","c":4},"geometry":{"type":"LineString","coordinates":[[-1.2556375,49.3119931],[-1.2549365,49.3122691]]}},{"type":"Feature","properties":{"h":"service","c":4},"geometry":{"type":"LineString","coordinates":[[-1.2557746,49.3121451],[-1.2550597,49.3124057]]}},{"type":"Feature","properties":{"h":"service","c":4},"geometry":{"type":"LineString","coordinates":[[-1.2550763,49.3125929],[-1.2558953,49.312279],[-1.2557746,49.3121451],[-1.2556375,49.3119931],[-1.2555258,49.3118692],[-1.2553953,49.3117244],[-1.2552779,49.3115943],[-1.2551617,49.3114654],[-1.2550302,49.3113195],[-1.2543244,49.3115899],[-1.2544641,49.3117449],[-1.2545779,49.3118711],[-1.2546987,49.3120052],[-1.2548205,49.3121404],[-1.2549365,49.3122691],[-1.2550597,49.3124057],[-1.2551416,49.3124967],[-1.2550291,49.3125397]]}},{"type":"Feature","properties":{"h":"track","c":4},"geometry":{"type":"LineString","coordinates":[[-1.2337744,49.3021573],[-1.2339062,49.3022184],[-1.233961,49.3022086],[-1.233961,49.3014906],[-1.2339594,49.3011609],[-1.2339583,49.3009196],[-1.2339999,49.3008689],[-1.234001,49.300847],[-1.2340079,49.3007158],[-1.2339523,49.3006327],[-1.233965,49.3005777],[-1.2339657,49.3005199]]}},{"type":"Feature","properties":{"h":"track","c":4},"geometry":{"type":"LineString","coordinates":[[-1.2339657,49.3005199],[-1.233963,49.3004762]]}},{"type":"Feature","properties":{"h":"track","c":4},"geometry":{"type":"LineString","coordinates":[[-1.233722,49.2976614],[-1.2337806,49.2977179],[-1.2337799,49.2977909],[-1.2337592,49.2978845],[-1.2337491,49.2979658],[-1.2337719,49.2980839],[-1.233798,49.2981692],[-1.2338135,49.2982772],[-1.2338302,49.2983729],[-1.2338443,49.2984648],[-1.233845,49.298585],[-1.2338597,49.2989213],[-1.2338772,49.2992252],[-1.2338819,49.299352],[-1.2338939,49.2994259],[-1.2339073,49.2995391],[-1.2339114,49.299652],[-1.2339181,49.2997635],[-1.2339288,49.2998758],[-1.2339368,49.2999891],[-1.2339429,49.3001023],[-1.2339509,49.3002169],[-1.233955,49.3003424],[-1.233961,49.3003765],[-1.233963,49.3004762]]}},{"type":"Feature","properties":{"h":"service","c":4},"geometry":{"type":"LineString","coordinates":[[-1.2565602,49.3108429],[-1.2563359,49.310564],[-1.2562384,49.3104346],[-1.2562086,49.3103949],[-1.2560006,49.3102886]]}},{"type":"Feature","properties":{"h":"service","c":4},"geometry":{"type":"LineString","coordinates":[[-1.2560006,49.3102886],[-1.2559778,49.3102378],[-1.2561548,49.3101434],[-1.2561752,49.3101224],[-1.256296,49.3099811],[-1.2563211,49.309972],[-1.25619,49.3098182],[-1.2561169,49.3097324],[-1.2559793,49.3096151],[-1.2558712,49.3094904],[-1.2557998,49.3093603],[-1.2556611,49.3091976]]}},{"type":"Feature","properties":{"h":"service","c":4},"geometry":{"type":"LineString","coordinates":[[-1.2556611,49.3091976],[-1.2556044,49.3091113]]}},{"type":"Feature","properties":{"h":"service","c":4},"geometry":{"type":"LineString","coordinates":[[-1.2556611,49.3091976],[-1.2556077,49.3092935],[-1.2553341,49.3093915],[-1.2553073,49.3094544],[-1.2553556,49.3095205],[-1.2554455,49.3096437],[-1.2555404,49.3097736],[-1.2556291,49.3098951],[-1.255613,49.309972],[-1.2556935,49.3101189],[-1.2558544,49.3102169],[-1.2560006,49.3102886]]}},{"type":"Feature","properties":{"h":"service","c":4},"geometry":{"type":"LineString","coordinates":[[-1.2561169,49.3097324],[-1.2556291,49.3098951]]}},{"type":"Feature","properties":{"h":"service","c":4},"geometry":{"type":"LineString","coordinates":[[-1.2559793,49.3096151],[-1.2555404,49.3097736]]}},{"type":"Feature","properties":{"h":"service","c":4},"geometry":{"type":"LineString","coordinates":[[-1.2558712,49.3094904],[-1.2554455,49.3096437]]}},{"type":"Feature","properties":{"h":"service","c":4},"geometry":{"type":"LineString","coordinates":[[-1.2557998,49.3093603],[-1.2553556,49.3095205]]}},{"type":"Feature","properties":{"h":"service","c":4},"geometry":{"type":"LineString","coordinates":[[-1.2549227,49.3098842],[-1.2548094,49.3097563],[-1.2539709,49.3100719],[-1.2540842,49.3101998],[-1.2541811,49.3101634],[-1.2548065,49.309928],[-1.2549227,49.3098842]]}},{"type":"Feature","properties":{"h":"service","c":4},"geometry":{"type":"LineString","coordinates":[[-1.2570073,49.3124501],[-1.2571057,49.3125657],[-1.2572125,49.3125845]]}},{"type":"Feature","properties":{"h":"service","c":4},"geometry":{"type":"LineString","coordinates":[[-1.2576704,49.3130354],[-1.2578191,49.3129714],[-1.2573793,49.3125115],[-1.2572125,49.3125845]]}},{"type":"Feature","properties":{"h":"track","c":4},"geometry":{"type":"LineString","coordinates":[[-1.2387782,49.2807159],[-1.2390947,49.2809294],[-1.2389338,49.2817062],[-1.2379843,49.2822381],[-1.2380487,49.2823956],[-1.237464,49.2826756],[-1.2374425,49.2828155],[-1.2384671,49.2833054],[-1.2388426,49.2834664],[-1.23932,49.2837988],[-1.2396473,49.2838408],[-1.2404251,49.2838163],[-1.2407094,49.2838758],[-1.2424743,49.2850271],[-1.2427399,49.2850892]]}},{"type":"Feature","properties":{"h":"tertiary","c":2},"geometry":{"type":"LineString","coordinates":[[-1.2349301,49.3031463],[-1.2350935,49.3031635],[-1.2352801,49.3031731],[-1.2353641,49.3031664],[-1.2354638,49.3031462]]}},{"type":"Feature","properties":{"h":"tertiary","c":2},"geometry":{"type":"LineString","coordinates":[[-1.2372677,49.3075609],[-1.2373863,49.3074865],[-1.2378359,49.3071101],[-1.2379055,49.3069969],[-1.2379772,49.3068382],[-1.2380201,49.3067432],[-1.2380294,49.3066253],[-1.2380061,49.3065016],[-1.2379479,49.3063518],[-1.2377297,49.3060262],[-1.2376994,49.3059217],[-1.2376868,49.3058217],[-1.2377312,49.3057942],[-1.2377726,49.3057686]]}},{"type":"Feature","properties":{"h":"track","c":4},"geometry":{"type":"LineString","coordinates":[[-1.22465,49.297852],[-1.224439,49.2980013]]}},{"type":"Feature","properties":{"h":"track","c":4},"geometry":{"type":"LineString","coordinates":[[-1.224687,49.2978262],[-1.22465,49.297852]]}},{"type":"Feature","properties":{"h":"tertiary","c":2},"geometry":{"type":"LineString","coordinates":[[-1.2512946,49.3031653],[-1.2512079,49.3032132]]}},{"type":"Feature","properties":{"h":"track","c":4},"geometry":{"type":"LineString","coordinates":[[-1.2427399,49.2850892],[-1.2429147,49.2851075]]}},{"type":"Feature","properties":{"h":"tertiary","c":2},"geometry":{"type":"LineString","coordinates":[[-1.244662,49.3031385],[-1.2446362,49.3031093],[-1.2446262,49.3030861],[-1.2446494,49.3030198],[-1.2447728,49.3027038],[-1.2447841,49.3026762],[-1.2447953,49.3026486]]}},{"type":"Feature","properties":{"h":"secondary","c":2},"geometry":{"type":"LineString","coordinates":[[-1.2447953,49.3026486],[-1.2449153,49.3026619],[-1.2451881,49.3026902],[-1.2454311,49.3027157],[-1.2455039,49.3027234],[-1.2456492,49.3027021]]}},{"type":"Feature","properties":{"h":"tertiary","c":2},"geometry":{"type":"LineString","coordinates":[[-1.2447953,49.3026486],[-1.2448058,49.3026228],[-1.2448371,49.3025464]]}},{"type":"Feature","properties":{"h":"secondary","c":2},"geometry":{"type":"LineString","coordinates":[[-1.2463392,49.3027922],[-1.245808,49.3027228]]}},{"type":"Feature","properties":{"h":"residential","c":3},"geometry":{"type":"LineString","coordinates":[[-1.2401783,49.3064926],[-1.2399045,49.3064276]]}},{"type":"Feature","properties":{"h":"residential","c":3},"geometry":{"type":"LineString","coordinates":[[-1.2475102,49.2972509],[-1.2474914,49.2969326],[-1.2484717,49.2968949],[-1.2485661,49.2968684],[-1.2490192,49.2964696],[-1.2493106,49.2962167]]}},{"type":"Feature","properties":{"h":"residential","c":3},"geometry":{"type":"LineString","coordinates":[[-1.2474914,49.2969326],[-1.2474448,49.2964945],[-1.2475504,49.2964699],[-1.2487909,49.29642],[-1.2488794,49.2964252],[-1.2490192,49.2964696]]}},{"type":"Feature","properties":{"h":"residential","c":3},"geometry":{"type":"LineString","coordinates":[[-1.2474914,49.2969326],[-1.2469854,49.296963],[-1.2469611,49.2969555],[-1.2469121,49.2969373],[-1.2468513,49.2969011],[-1.2468214,49.2968719],[-1.2468068,49.2966246],[-1.2468376,49.2965967],[-1.2468911,49.2965593],[-1.2469621,49.2965473],[-1.2470531,49.2965427],[-1.2473423,49.2965351],[-1.2474448,49.2964945]]}},{"type":"Feature","properties":{"h":"service","c":4},"geometry":{"type":"LineString","coordinates":[[-1.2451881,49.3026902],[-1.2452084,49.3027686],[-1.2452115,49.3028098],[-1.2451853,49.3028771]]}},{"type":"Feature","properties":{"h":"service","c":4},"geometry":{"type":"LineString","coordinates":[[-1.2460828,49.3031259],[-1.2463119,49.3029914],[-1.2463316,49.3028475],[-1.2463392,49.3027922]]}},{"type":"Feature","properties":{"h":"service","c":4},"geometry":{"type":"LineString","coordinates":[[-1.2482667,49.3039395],[-1.2483427,49.3038622],[-1.2480731,49.3037326],[-1.2479853,49.303818],[-1.247978,49.3038883]]}},{"type":"Feature","properties":{"h":"residential","c":3},"geometry":{"type":"LineString","coordinates":[[-1.2487711,49.3041973],[-1.2488461,49.3043352],[-1.2488814,49.3044409],[-1.2488974,49.3045888],[-1.2488891,49.3046843],[-1.2487662,49.305117],[-1.2487569,49.3051498]]}},{"type":"Feature","properties":{"h":"residential","c":3},"geometry":{"type":"LineString","coordinates":[[-1.2486081,49.3041033],[-1.2484905,49.3040453],[-1.2482667,49.3039395],[-1.2481588,49.3038916],[-1.2480627,49.3038824],[-1.247978,49.3038883],[-1.2474673,49.3039201],[-1.247402,49.3039415],[-1.2473287,49.3039798],[-1.2472748,49.3040297],[-1.2472571,49.3040732],[-1.2472877,49.3042475],[-1.247301,49.3042759],[-1.2473411,49.3043111],[-1.2473863,49.3043268],[-1.2484412,49.3042512],[-1.2485214,49.3042278],[-1.248567,49.3041993],[-1.2486081,49.3041033]]}},{"type":"Feature","properties":{"h":"service","c":4},"geometry":{"type":"LineString","coordinates":[[-1.2367126,49.3048475],[-1.2367878,49.3047],[-1.2369461,49.3043891]]}},{"type":"Feature","properties":{"h":"service","c":4},"geometry":{"type":"LineString","coordinates":[[-1.2365001,49.3047799],[-1.2366061,49.3045718],[-1.2367769,49.3042366]]}},{"type":"Feature","properties":{"h":"service","c":4},"geometry":{"type":"LineString","coordinates":[[-1.2362818,49.3047195],[-1.2364209,49.304441],[-1.2365837,49.3041152]]}},{"type":"Feature","properties":{"h":"secondary","c":2},"geometry":{"type":"LineString","coordinates":[[-1.265562,49.3218667],[-1.2657519,49.3221153],[-1.2659714,49.3224002],[-1.2660831,49.3225722],[-1.2663433,49.3230949],[-1.2668476,49.3241937],[-1.267671,49.3259611],[-1.2681466,49.3269914],[-1.2684287,49.3276384],[-1.2684917,49.3278447],[-1.2685011,49.3280143],[-1.2684891,49.3281314],[-1.2684818,49.3281712]]}},{"type":"Feature","properties":{"h":"service","c":4},"geometry":{"type":"LineString","coordinates":[[-1.2310541,49.3145246],[-1.2308549,49.3146927]]}},{"type":"Feature","properties":{"h":"service","c":4},"geometry":{"type":"LineString","coordinates":[[-1.2308549,49.3146927],[-1.2308119,49.3147308]]}},{"type":"Feature","properties":{"h":"tertiary","c":2},"geometry":{"type":"LineString","coordinates":[[-1.229709,49.3137099],[-1.2348614,49.3094512],[-1.2359729,49.3085325]]}},{"type":"Feature","properties":{"h":"tertiary","c":2},"geometry":{"type":"LineString","coordinates":[[-1.2294018,49.3139665],[-1.2295888,49.3138092]]}},{"type":"Feature","properties":{"h":"track","c":4},"geometry":{"type":"LineString","coordinates":[[-1.2283564,49.3131716],[-1.2280266,49.3130083],[-1.2276592,49.3128107],[-1.227395,49.3126647],[-1.2273836,49.3126432],[-1.2273923,49.3126183],[-1.2274486,49.3125554],[-1.2274942,49.3124872],[-1.2273023,49.3124438],[-1.2271478,49.3123829],[-1.227038,49.31231],[-1.2269404,49.3122371],[-1.2267229,49.3121271],[-1.2263204,49.3119456],[-1.2261761,49.3118767],[-1.2259871,49.3117693],[-1.2256313,49.3115427],[-1.2255948,49.3114923],[-1.2256171,49.3113823],[-1.2257147,49.3112883],[-1.2257655,49.3111836],[-1.2261192,49.3109384],[-1.2263387,49.3107608],[-1.2265359,49.3106376],[-1.2269587,49.3103844],[-1.2275015,49.3100783],[-1.2280361,49.3098106],[-1.228469,49.3096025],[-1.2291703,49.3092606],[-1.2295769,49.3090578],[-1.2298167,49.3089545],[-1.2300485,49.3088418],[-1.2302721,49.3087212],[-1.2306969,49.3084787],[-1.2310994,49.3082375]]}},{"type":"Feature","properties":{"h":"track","c":4},"geometry":{"type":"LineString","coordinates":[[-1.2274942,49.3124872],[-1.2277354,49.3125087],[-1.2279036,49.3125391],[-1.2280647,49.3124311],[-1.228179,49.3122451],[-1.2282916,49.3121332],[-1.2286135,49.3119093],[-1.2287691,49.3118097],[-1.228871,49.3117799],[-1.2289622,49.3117572],[-1.2291419,49.3116086],[-1.2296086,49.3113375],[-1.2301128,49.3111085],[-1.2306573,49.3108532],[-1.2308746,49.3107377],[-1.2309121,49.3106975]]}},{"type":"Feature","properties":{"h":"track","c":4},"geometry":{"type":"LineString","coordinates":[[-1.2328871,49.3069901],[-1.2330305,49.3069971],[-1.2332094,49.3069573],[-1.2332696,49.3069583],[-1.233374,49.3069599],[-1.2334919,49.3069533],[-1.233496,49.3070249],[-1.233472,49.3071248],[-1.2334318,49.3072017],[-1.233354,49.3073259],[-1.2332521,49.307499],[-1.2331153,49.3077369],[-1.2330295,49.3079082],[-1.2330134,49.3080167],[-1.233,49.3083804],[-1.2329866,49.3086777],[-1.2329195,49.3088718],[-1.23289,49.3090152],[-1.232772,49.30926],[-1.2326057,49.3095398],[-1.2324555,49.3097304],[-1.2322597,49.3099176],[-1.2321604,49.3100295],[-1.2319968,49.3101799],[-1.2318117,49.3103425],[-1.2316052,49.3104649],[-1.2314523,49.3105646],[-1.2313209,49.3107202],[-1.2312626,49.3107676]]}},{"type":"Feature","properties":{"h":"track","c":4},"geometry":{"type":"LineString","coordinates":[[-1.2305739,49.3105301],[-1.2305918,49.3104839],[-1.2309124,49.3103487],[-1.2310911,49.3102322],[-1.2315256,49.3098827],[-1.231809,49.3095934],[-1.2319076,49.309487],[-1.2320031,49.3093122],[-1.2320925,49.3090591],[-1.2321757,49.3086774],[-1.2322404,49.3082174],[-1.2323475,49.3078107],[-1.2324227,49.3074966],[-1.2324674,49.3073508],[-1.2325203,49.3072554],[-1.2326138,49.3071136],[-1.2327622,49.3070354],[-1.2328871,49.3069901]]}},{"type":"Feature","properties":{"h":"track","c":4},"geometry":{"type":"LineString","coordinates":[[-1.2312626,49.3107676],[-1.231052,49.3107111],[-1.2309121,49.3106975],[-1.2308746,49.3106678],[-1.230609,49.3105646],[-1.2305739,49.3105301]]}},{"type":"Feature","properties":{"h":"track","c":4},"geometry":{"type":"LineString","coordinates":[[-1.2310994,49.3082375],[-1.2313088,49.3081129],[-1.2313616,49.3080903],[-1.2314165,49.3080797],[-1.2316462,49.3080532],[-1.231819,49.3080161],[-1.2319714,49.3079578],[-1.2321646,49.3078823],[-1.2323475,49.3078107]]}},{"type":"Feature","properties":{"h":"track","c":4},"geometry":{"type":"LineString","coordinates":[[-1.2310994,49.3082375],[-1.2312564,49.3080691],[-1.2313521,49.3079716],[-1.2315926,49.3077707],[-1.2318074,49.3076352],[-1.2319358,49.307518],[-1.23209,49.307387],[-1.2322408,49.3072801],[-1.2324358,49.3071274],[-1.232542,49.3070132],[-1.2326663,49.3068539],[-1.2327154,49.3068367],[-1.2328871,49.3069393],[-1.2328871,49.3069901]]}},{"type":"Feature","properties":{"h":"unclassified","c":3},"geometry":{"type":"LineString","coordinates":[[-1.2579026,49.3120847],[-1.2580506,49.3119561],[-1.2588373,49.3111929],[-1.2592144,49.3108993],[-1.2596829,49.3105183],[-1.2603487,49.3099769],[-1.2603914,49.309941]]}},{"type":"Feature","properties":{"h":"unclassified","c":3},"geometry":{"type":"LineString","coordinates":[[-1.2576084,49.3122856],[-1.2576673,49.3122517],[-1.2577401,49.312214],[-1.2577997,49.3121761],[-1.2579026,49.3120847]]}},{"type":"Feature","properties":{"h":"residential","c":3},"geometry":{"type":"LineString","coordinates":[[-1.241922,49.3070192],[-1.2418159,49.3071336]]}},{"type":"Feature","properties":{"h":"service","c":4},"geometry":{"type":"LineString","coordinates":[[-1.2383947,49.3101291],[-1.2384591,49.3101921],[-1.2386334,49.3102131],[-1.2388761,49.3102069]]}},{"type":"Feature","properties":{"h":"service","c":4},"geometry":{"type":"LineString","coordinates":[[-1.2383303,49.3096334],[-1.2380514,49.309643],[-1.2378891,49.3096421],[-1.23759,49.3096036]]}},{"type":"Feature","properties":{"h":"service","c":4},"geometry":{"type":"LineString","coordinates":[[-1.2372118,49.3100907],[-1.2373459,49.3098931],[-1.2374546,49.3098292],[-1.23759,49.3096036],[-1.2377617,49.3094629],[-1.2379481,49.3093536],[-1.2380822,49.3093711],[-1.2382405,49.3094646],[-1.2383303,49.3096334],[-1.2385167,49.3098065],[-1.2385368,49.3099105]]}},{"type":"Feature","properties":{"h":"path","c":4},"geometry":{"type":"LineString","coordinates":[[-1.3491003,49.3042075],[-1.3403448,49.3041836],[-1.3387476,49.30409],[-1.3340534,49.3037893],[-1.3271478,49.3033624],[-1.3180218,49.3027946],[-1.3177766,49.3027793],[-1.317415,49.3027644],[-1.3171865,49.302755],[-1.3100504,49.3022895],[-1.3097819,49.302272],[-1.309541,49.3022606],[-1.3058985,49.3020498],[-1.3028126,49.3018331],[-1.3024946,49.3018146],[-1.2989973,49.3015969],[-1.2973366,49.3015482],[-1.2965812,49.3015477],[-1.2962852,49.3015553],[-1.2959386,49.3015591],[-1.294424,49.3016157],[-1.2909066,49.3019047],[-1.2837701,49.3025186],[-1.2758457,49.3032123]]}},{"type":"Feature","properties":{"h":"service","c":4},"geometry":{"type":"LineString","coordinates":[[-1.244849,49.3080421],[-1.2448912,49.3079285],[-1.2448244,49.3076775],[-1.2439042,49.3076825]]}},{"type":"Feature","properties":{"h":"secondary","c":2},"geometry":{"type":"LineString","coordinates":[[-1.2214727,49.3027076],[-1.2211186,49.3027281],[-1.2195146,49.3029078],[-1.2192142,49.3029414],[-1.2183649,49.3030547],[-1.2168807,49.3032527],[-1.2148208,49.3035172]]}},{"type":"Feature","properties":{"h":"service","c":4},"geometry":{"type":"LineString","coordinates":[[-1.2645302,49.3021326],[-1.265829,49.30204]]}},{"type":"Feature","properties":{"h":"service","c":4},"geometry":{"type":"LineString","coordinates":[[-1.2647412,49.3015477],[-1.265076,49.3016212]]}},{"type":"Feature","properties":{"h":"service","c":4},"geometry":{"type":"LineString","coordinates":[[-1.265076,49.3016212],[-1.2651579,49.3014363]]}},{"type":"Feature","properties":{"h":"service","c":4},"geometry":{"type":"LineString","coordinates":[[-1.265076,49.3016212],[-1.2650556,49.3016693],[-1.2650001,49.3018002],[-1.2649938,49.301831],[-1.2650044,49.3019014],[-1.2650487,49.3019406],[-1.2651,49.3019567]]}},{"type":"Feature","properties":{"h":"track","c":4},"geometry":{"type":"LineString","coordinates":[[-1.2429147,49.2851075],[-1.2429542,49.2851116]]}},{"type":"Feature","properties":{"h":"secondary","c":2},"geometry":{"type":"LineString","coordinates":[[-1.2420384,49.3023405],[-1.2427902,49.3024445]]}},{"type":"Feature","properties":{"h":"secondary","c":2},"geometry":{"type":"LineString","coordinates":[[-1.2396858,49.3021491],[-1.2389249,49.3021228],[-1.2379321,49.3020886],[-1.2376112,49.3020828]]}},{"type":"Feature","properties":{"h":"secondary_link","c":2},"geometry":{"type":"LineString","coordinates":[[-1.2435405,49.3023241],[-1.2431311,49.30241]]}},{"type":"Feature","properties":{"h":"residential","c":3},"geometry":{"type":"LineString","coordinates":[[-1.2288997,49.3017772],[-1.2289962,49.3018449],[-1.229169,49.3019423],[-1.2292741,49.3019804],[-1.2293455,49.3020025],[-1.2295801,49.3020152],[-1.2298154,49.3020183],[-1.2301104,49.3020344]]}},{"type":"Feature","properties":{"h":"residential","c":3},"geometry":{"type":"LineString","coordinates":[[-1.2301104,49.3020344],[-1.2300117,49.3020035]]}},{"type":"Feature","properties":{"h":"residential","c":3},"geometry":{"type":"LineString","coordinates":[[-1.2288997,49.3017772],[-1.2287857,49.3017225],[-1.228672,49.3016678],[-1.2285467,49.3015938],[-1.2284428,49.3015117],[-1.2283645,49.3014272],[-1.2283153,49.3013406],[-1.2281121,49.3008052],[-1.2277803,49.3003187],[-1.2276309,49.3000996],[-1.2276198,49.3000505],[-1.2275532,49.2999817],[-1.2274742,49.2999197],[-1.2273053,49.2997095],[-1.2271904,49.2995531],[-1.2271329,49.2994546],[-1.2270228,49.2993196],[-1.2268879,49.2992027],[-1.2266494,49.2990513]]}},{"type":"Feature","properties":{"h":"service","c":4},"geometry":{"type":"LineString","coordinates":[[-1.2300762,49.3018567],[-1.2300353,49.3019545],[-1.2300117,49.3020035]]}},{"type":"Feature","properties":{"h":"residential","c":3},"geometry":{"type":"LineString","coordinates":[[-1.2276198,49.3000505],[-1.2276668,49.3000338],[-1.2277126,49.3000172],[-1.2279879,49.2999184]]}},{"type":"Feature","properties":{"h":"pedestrian","c":4},"geometry":{"type":"LineString","coordinates":[[-1.2490981,49.3038996],[-1.2487711,49.3041973]]}},{"type":"Feature","properties":{"h":"service","c":4},"geometry":{"type":"LineString","coordinates":[[-1.2215098,49.3068541],[-1.221545,49.3069103],[-1.2215148,49.3069675],[-1.2212955,49.3073083],[-1.2212406,49.3073164],[-1.2210619,49.3072853],[-1.2209769,49.3072507],[-1.2209239,49.3072196]]}},{"type":"Feature","properties":{"h":"service","c":4},"geometry":{"type":"LineString","coordinates":[[-1.2222277,49.3062676],[-1.2220375,49.3062891],[-1.2216973,49.3063265]]}},{"type":"Feature","properties":{"h":"residential","c":3},"geometry":{"type":"LineString","coordinates":[[-1.2444782,49.3032111],[-1.2444095,49.3032067],[-1.2431364,49.303125]]}},{"type":"Feature","properties":{"h":"service","c":4},"geometry":{"type":"LineString","coordinates":[[-1.2443368,49.3035802],[-1.2443649,49.3035069],[-1.2444243,49.3033517],[-1.2444782,49.3032111]]}},{"type":"Feature","properties":{"h":"pedestrian","c":4},"geometry":{"type":"LineString","coordinates":[[-1.2433023,49.3047398],[-1.2432495,49.3044068],[-1.2432326,49.3042797]]}},{"type":"Feature","properties":{"h":"living_street","c":3},"geometry":{"type":"LineString","coordinates":[[-1.2432326,49.3042797],[-1.2432087,49.3042744],[-1.243149,49.3042613],[-1.2430904,49.3042474]]}},{"type":"Feature","properties":{"h":"residential","c":3},"geometry":{"type":"LineString","coordinates":[[-1.2418506,49.3072099],[-1.2418576,49.307189],[-1.2418536,49.3071678],[-1.2418392,49.3071487],[-1.2418159,49.3071336],[-1.2417873,49.3071247],[-1.2417559,49.3071221],[-1.2417249,49.3071262],[-1.2416974,49.3071365],[-1.2416765,49.307152],[-1.2416642,49.307171],[-1.2416618,49.3071916],[-1.2416696,49.3072116],[-1.2416876,49.3072295],[-1.2417135,49.3072425],[-1.2417446,49.3072493],[-1.2417774,49.3072489],[-1.2418081,49.3072416],[-1.2418335,49.3072281],[-1.2418506,49.3072099]]}},{"type":"Feature","properties":{"h":"unclassified","c":3},"geometry":{"type":"LineString","coordinates":[[-1.2407148,49.307502],[-1.2405694,49.3077015]]}},{"type":"Feature","properties":{"h":"unclassified","c":3},"geometry":{"type":"LineString","coordinates":[[-1.239194,49.3080586],[-1.2391135,49.3080534],[-1.2390412,49.3080712],[-1.2385967,49.3083693]]}},{"type":"Feature","properties":{"h":"service","c":4},"geometry":{"type":"LineString","coordinates":[[-1.2366593,49.3098616],[-1.2369969,49.3096228]]}},{"type":"Feature","properties":{"h":"service","c":4},"geometry":{"type":"LineString","coordinates":[[-1.2376676,49.3088808],[-1.2378634,49.3089711],[-1.2382477,49.3086495],[-1.2385441,49.3084074]]}},{"type":"Feature","properties":{"h":"primary","c":1},"geometry":{"type":"LineString","coordinates":[[-1.2638037,49.3023646],[-1.2630513,49.3036718],[-1.2629281,49.3039679],[-1.2627996,49.3043284],[-1.262772,49.304593],[-1.2627644,49.3049259],[-1.2628259,49.3053696],[-1.2629435,49.3058733],[-1.2629675,49.3059868],[-1.2632033,49.3070321],[-1.2632435,49.3072062],[-1.2632632,49.3073801],[-1.2632719,49.3075833],[-1.2632667,49.3078179]]}},{"type":"Feature","properties":{"h":"service","c":4},"geometry":{"type":"LineString","coordinates":[[-1.2324509,49.3027744],[-1.231948,49.3028557],[-1.2319362,49.3030255]]}},{"type":"Feature","properties":{"h":"service","c":4},"geometry":{"type":"LineString","coordinates":[[-1.2327898,49.3025829],[-1.2328019,49.3026138]]}},{"type":"Feature","properties":{"h":"residential","c":3},"geometry":{"type":"LineString","coordinates":[[-1.2313559,49.3026673],[-1.2312307,49.3026072],[-1.2309853,49.3024596]]}},{"type":"Feature","properties":{"h":"secondary","c":2},"geometry":{"type":"LineString","coordinates":[[-1.230487,49.3029707],[-1.2303321,49.3029742]]}},{"type":"Feature","properties":{"h":"secondary","c":2},"geometry":{"type":"LineString","coordinates":[[-1.233932,49.3023968],[-1.2330449,49.302544]]}},{"type":"Feature","properties":{"h":"service","c":4},"geometry":{"type":"LineString","coordinates":[[-1.2330449,49.302544],[-1.2330329,49.3025077],[-1.233045,49.3024526],[-1.2330718,49.3024115],[-1.2331289,49.3023634],[-1.2334058,49.3023249]]}},{"type":"Feature","properties":{"h":"service","c":4},"geometry":{"type":"LineString","coordinates":[[-1.2334058,49.3023249],[-1.2334031,49.3021999],[-1.2335117,49.3021859],[-1.2337744,49.3021573]]}},{"type":"Feature","properties":{"h":"secondary","c":2},"geometry":{"type":"LineString","coordinates":[[-1.2315981,49.3028604],[-1.231657,49.3028374],[-1.2317455,49.3028103],[-1.232416,49.3027053],[-1.2326762,49.3026485],[-1.2328019,49.3026138]]}},{"type":"Feature","properties":{"h":"tertiary","c":2},"geometry":{"type":"LineString","coordinates":[[-1.2317548,49.3030192],[-1.231669,49.3029956],[-1.2316248,49.3029703],[-1.2316033,49.3029432],[-1.2315753,49.3028986]]}},{"type":"Feature","properties":{"h":"tertiary","c":2},"geometry":{"type":"LineString","coordinates":[[-1.2317548,49.3030192],[-1.2319362,49.3030255]]}},{"type":"Feature","properties":{"h":"secondary","c":2},"geometry":{"type":"LineString","coordinates":[[-1.230487,49.3029707],[-1.2307906,49.3029624],[-1.2309855,49.3029441],[-1.2310226,49.3029406],[-1.2310948,49.3029384],[-1.2311987,49.3029353]]}},{"type":"Feature","properties":{"h":"residential","c":3},"geometry":{"type":"LineString","coordinates":[[-1.2309853,49.3024596],[-1.2311259,49.3026485],[-1.2311668,49.3027384]]}},{"type":"Feature","properties":{"h":"service","c":4},"geometry":{"type":"LineString","coordinates":[[-1.2642341,49.2859728],[-1.2651211,49.286294]]}},{"type":"Feature","properties":{"h":"service","c":4},"geometry":{"type":"LineString","coordinates":[[-1.2664591,49.2982337],[-1.2663177,49.2981429],[-1.2662041,49.2980497],[-1.2661575,49.298004]]}},{"type":"Feature","properties":{"h":"service","c":4},"geometry":{"type":"LineString","coordinates":[[-1.2664591,49.2982337],[-1.2668636,49.2984307]]}},{"type":"Feature","properties":{"h":"residential","c":3},"geometry":{"type":"LineString","coordinates":[[-1.2546977,49.308226],[-1.2547458,49.3080424],[-1.2547872,49.3080103],[-1.2548319,49.3079935],[-1.2552975,49.3080468],[-1.2553515,49.308043],[-1.2554035,49.3080393],[-1.2556438,49.3080672]]}},{"type":"Feature","properties":{"h":"residential","c":3},"geometry":{"type":"LineString","coordinates":[[-1.2552915,49.3082795],[-1.2553515,49.308043]]}},{"type":"Feature","properties":{"h":"primary","c":1},"geometry":{"type":"LineString","coordinates":[[-1.2606406,49.290692],[-1.2605955,49.2905911],[-1.260593,49.29048]]}},{"type":"Feature","properties":{"h":"primary","c":1},"geometry":{"type":"LineString","coordinates":[[-1.2603823,49.2905593],[-1.260533,49.2906231],[-1.2606406,49.290692]]}},{"type":"Feature","properties":{"h":"service","c":4},"geometry":{"type":"LineString","coordinates":[[-1.260649,49.2903505],[-1.2607562,49.2903587],[-1.2610724,49.2904314],[-1.2611216,49.290475],[-1.2611873,49.2905193],[-1.2612453,49.2905383]]}},{"type":"Feature","properties":{"h":"tertiary","c":2},"geometry":{"type":"LineString","coordinates":[[-1.2600638,49.2904183],[-1.2598554,49.2906025]]}},{"type":"Feature","properties":{"h":"tertiary","c":2},"geometry":{"type":"LineString","coordinates":[[-1.2598554,49.2906025],[-1.2600259,49.290543],[-1.2601785,49.2905245]]}},{"type":"Feature","properties":{"h":"unclassified","c":3},"geometry":{"type":"LineString","coordinates":[[-1.2599646,49.2900946],[-1.2600056,49.2901479],[-1.2600279,49.2901847],[-1.2600502,49.2902216],[-1.2600767,49.2902891]]}},{"type":"Feature","properties":{"h":"unclassified","c":3},"geometry":{"type":"LineString","coordinates":[[-1.2602295,49.2901878],[-1.2600536,49.2901431],[-1.2599646,49.2900946]]}},{"type":"Feature","properties":{"h":"primary","c":1},"geometry":{"type":"LineString","coordinates":[[-1.2606092,49.2900327],[-1.2604864,49.2901048],[-1.2603592,49.2901709]]}},{"type":"Feature","properties":{"h":"primary","c":1},"geometry":{"type":"LineString","coordinates":[[-1.2605783,49.2902391],[-1.260582,49.2901455],[-1.2606092,49.2900327]]}},{"type":"Feature","properties":{"h":"service","c":4},"geometry":{"type":"LineString","coordinates":[[-1.2764713,49.2952088],[-1.2764275,49.2953828],[-1.2763779,49.2954561],[-1.2762922,49.2955057],[-1.276157,49.2955356],[-1.275936,49.2956362]]}},{"type":"Feature","properties":{"h":"service","c":4},"geometry":{"type":"LineString","coordinates":[[-1.2764949,49.2950119],[-1.2764713,49.2952088]]}},{"type":"Feature","properties":{"h":"primary","c":1},"geometry":{"type":"LineString","coordinates":[[-1.2622219,49.3103784],[-1.2621965,49.3103604]]}},{"type":"Feature","properties":{"h":"secondary","c":2},"geometry":{"type":"LineString","coordinates":[[-1.2217555,49.302684],[-1.2215318,49.3027019]]}},{"type":"Feature","properties":{"h":"trunk","c":1},"geometry":{"type":"LineString","coordinates":[[-1.2319816,49.3152044],[-1.234306,49.3163847],[-1.2350544,49.3167742]]}},{"type":"Feature","properties":{"h":"trunk","c":1},"geometry":{"type":"LineString","coordinates":[[-1.236721,49.3175242],[-1.2356867,49.3169898]]}},{"type":"Feature","properties":{"h":"service","c":4},"geometry":{"type":"LineString","coordinates":[[-1.2293436,49.3140139],[-1.2282499,49.3134284],[-1.2268759,49.3127844],[-1.2249789,49.3117928],[-1.2248046,49.3117683]]}},{"type":"Feature","properties":{"h":"service","c":4},"geometry":{"type":"LineString","coordinates":[[-1.2385441,49.3084074],[-1.2380489,49.3085753],[-1.2376676,49.3088808]]}},{"type":"Feature","properties":{"h":"service","c":4},"geometry":{"type":"LineString","coordinates":[[-1.2453845,49.3137715],[-1.2466237,49.3140723]]}},{"type":"Feature","properties":{"h":"service","c":4},"geometry":{"type":"LineString","coordinates":[[-1.2451136,49.3140845],[-1.2452209,49.3140216],[-1.2453845,49.3137715],[-1.2454918,49.3135547]]}},{"type":"Feature","properties":{"h":"service","c":4},"geometry":{"type":"LineString","coordinates":[[-1.244494,49.3132557],[-1.2446979,49.3132103],[-1.2449473,49.3131595]]}},{"type":"Feature","properties":{"h":"service","c":4},"geometry":{"type":"LineString","coordinates":[[-1.244867,49.3135812],[-1.2446979,49.3132103]]}},{"type":"Feature","properties":{"h":"service","c":4},"geometry":{"type":"LineString","coordinates":[[-1.2451136,49.3141895],[-1.2451136,49.3140845],[-1.2449661,49.3139586],[-1.2447971,49.3135949],[-1.244867,49.3135812],[-1.2452504,49.3135058]]}},{"type":"Feature","properties":{"h":"service","c":4},"geometry":{"type":"LineString","coordinates":[[-1.2591469,49.2995999],[-1.2588505,49.2996006],[-1.2583597,49.2996017]]}},{"type":"Feature","properties":{"h":"service","c":4},"geometry":{"type":"LineString","coordinates":[[-1.2586743,49.2988719],[-1.2588264,49.2990315],[-1.2588546,49.2991006],[-1.2588505,49.2996006]]}},{"type":"Feature","properties":{"h":"secondary","c":2},"geometry":{"type":"LineString","coordinates":[[-1.2518347,49.3060413],[-1.2516187,49.305799],[-1.2513411,49.3054875],[-1.250904,49.3049971],[-1.2507691,49.3048609],[-1.2507037,49.3047991],[-1.2504433,49.3045722],[-1.2503038,49.304479]]}},{"type":"Feature","properties":{"h":"secondary","c":2},"geometry":{"type":"LineString","coordinates":[[-1.2328019,49.3026138],[-1.2330449,49.302544]]}},{"type":"Feature","properties":{"h":"service","c":4},"geometry":{"type":"LineString","coordinates":[[-1.2328019,49.3026138],[-1.2328117,49.3026677],[-1.2327755,49.3027036],[-1.2327339,49.3027263],[-1.2324509,49.3027744]]}},{"type":"Feature","properties":{"h":"secondary","c":2},"geometry":{"type":"LineString","coordinates":[[-1.2327898,49.3025829],[-1.2324817,49.3026266],[-1.2320137,49.3027009],[-1.2317216,49.3027325],[-1.2315485,49.3027226]]}},{"type":"Feature","properties":{"h":"residential","c":3},"geometry":{"type":"LineString","coordinates":[[-1.2300117,49.3020035],[-1.2295626,49.3019314],[-1.2293444,49.301898],[-1.229035,49.3018281],[-1.2288997,49.3017772]]}},{"type":"Feature","properties":{"h":"service","c":4},"geometry":{"type":"LineString","coordinates":[[-1.2300762,49.3018567],[-1.2299207,49.3018314],[-1.2298244,49.3018163],[-1.2297931,49.3018175],[-1.2295626,49.3019314]]}},{"type":"Feature","properties":{"h":"unclassified","c":3},"geometry":{"type":"LineString","coordinates":[[-1.2216791,49.3030426],[-1.22173,49.3027989],[-1.2217555,49.302684]]}},{"type":"Feature","properties":{"h":"secondary","c":2},"geometry":{"type":"LineString","coordinates":[[-1.2303321,49.3029742],[-1.230044,49.3029694],[-1.2297497,49.3029543],[-1.2295147,49.3029422]]}},{"type":"Feature","properties":{"h":"service","c":4},"geometry":{"type":"LineString","coordinates":[[-1.2454265,49.3026227],[-1.2454194,49.3025986],[-1.2453415,49.3025415],[-1.2449948,49.3025068],[-1.2449837,49.30251],[-1.2448371,49.3025464]]}},{"type":"Feature","properties":{"h":"secondary","c":2},"geometry":{"type":"LineString","coordinates":[[-1.2456492,49.3027021],[-1.2455291,49.3026478],[-1.2454265,49.3026227]]}},{"type":"Feature","properties":{"h":"tertiary","c":2},"geometry":{"type":"LineString","coordinates":[[-1.2321504,49.3030329],[-1.2333045,49.3030727],[-1.233955,49.3030952]]}},{"type":"Feature","properties":{"h":"tertiary","c":2},"geometry":{"type":"LineString","coordinates":[[-1.2319362,49.3030255],[-1.2321504,49.3030329]]}},{"type":"Feature","properties":{"h":"unclassified","c":3},"geometry":{"type":"LineString","coordinates":[[-1.2295147,49.3029422],[-1.2294954,49.3029929],[-1.2294714,49.303056],[-1.2293748,49.3031589],[-1.2293117,49.3032104],[-1.2290586,49.3034166],[-1.2288279,49.3035774],[-1.2286824,49.3036751]]}},{"type":"Feature","properties":{"h":"tertiary","c":2},"geometry":{"type":"LineString","coordinates":[[-1.2570073,49.3124501],[-1.2570315,49.3124393]]}},{"type":"Feature","properties":{"h":"service","c":4},"geometry":{"type":"LineString","coordinates":[[-1.2572125,49.3125845],[-1.2572452,49.3125902],[-1.2576704,49.3130354]]}},{"type":"Feature","properties":{"h":"secondary","c":2},"geometry":{"type":"LineString","coordinates":[[-1.2454265,49.3026227],[-1.2449568,49.3025698],[-1.2448371,49.3025464]]}},{"type":"Feature","properties":{"h":"residential","c":3},"geometry":{"type":"LineString","coordinates":[[-1.239648,49.3023429],[-1.2395783,49.3023396],[-1.2395086,49.3023362],[-1.2384469,49.3022844],[-1.2383303,49.3023064],[-1.2382713,49.3023473],[-1.2381981,49.3025542],[-1.2381997,49.3025957],[-1.2383638,49.3030209],[-1.2383993,49.3031129]]}},{"type":"Feature","properties":{"h":"service","c":4},"geometry":{"type":"LineString","coordinates":[[-1.2288279,49.3035774],[-1.2291986,49.303776]]}},{"type":"Feature","properties":{"h":"service","c":4},"geometry":{"type":"LineString","coordinates":[[-1.2294309,49.3024129],[-1.2293865,49.302462],[-1.2292863,49.3026223]]}},{"type":"Feature","properties":{"h":"residential","c":3},"geometry":{"type":"LineString","coordinates":[[-1.2295878,49.3026838],[-1.2301468,49.3027716]]}},{"type":"Feature","properties":{"h":"service","c":4},"geometry":{"type":"LineString","coordinates":[[-1.2331289,49.3023634],[-1.2330446,49.3022011]]}},{"type":"Feature","properties":{"h":"service","c":4},"geometry":{"type":"LineString","coordinates":[[-1.2451998,49.3036613],[-1.2450951,49.3036792]]}},{"type":"Feature","properties":{"h":"service","c":4},"geometry":{"type":"LineString","coordinates":[[-1.2452593,49.3036149],[-1.2451998,49.3036613]]}},{"type":"Feature","properties":{"h":"residential","c":3},"geometry":{"type":"LineString","coordinates":[[-1.2520944,49.30633],[-1.2521455,49.3063005],[-1.2522056,49.3062657],[-1.252391,49.3061586]]}},{"type":"Feature","properties":{"h":"residential","c":3},"geometry":{"type":"LineString","coordinates":[[-1.2526913,49.3059851],[-1.252391,49.3061586]]}},{"type":"Feature","properties":{"h":"residential","c":3},"geometry":{"type":"LineString","coordinates":[[-1.252391,49.3061586],[-1.2526752,49.3061083],[-1.2527819,49.306059]]}},{"type":"Feature","properties":{"h":"service","c":4},"geometry":{"type":"LineString","coordinates":[[-1.2561573,49.3059848],[-1.2559005,49.306126]]}},{"type":"Feature","properties":{"h":"service","c":4},"geometry":{"type":"LineString","coordinates":[[-1.25619,49.3098182],[-1.2559163,49.3099115]]}},{"type":"Feature","properties":{"h":"service","c":4},"geometry":{"type":"LineString","coordinates":[[-1.2559163,49.3099115],[-1.2560178,49.3100376],[-1.2560285,49.3100509],[-1.2561242,49.3101053],[-1.2561752,49.3101224]]}},{"type":"Feature","properties":{"h":"service","c":4},"geometry":{"type":"LineString","coordinates":[[-1.2560178,49.3100376],[-1.2561684,49.3099732]]}},{"type":"Feature","properties":{"h":"unclassified","c":3},"geometry":{"type":"LineString","coordinates":[[-1.2385967,49.3083693],[-1.2385441,49.3084074]]}},{"type":"Feature","properties":{"h":"residential","c":3},"geometry":{"type":"LineString","coordinates":[[-1.2416329,49.3049889],[-1.2416576,49.3049946],[-1.2416909,49.3049994],[-1.2417249,49.3049977],[-1.2417566,49.3049889],[-1.2417803,49.3049787]]}},{"type":"Feature","properties":{"h":"service","c":4},"geometry":{"type":"LineString","coordinates":[[-1.2374138,49.3101546],[-1.23734,49.3102231],[-1.2372752,49.3102396],[-1.2371831,49.31025],[-1.2370628,49.3102344],[-1.2368932,49.3102604],[-1.2368308,49.3103182]]}},{"type":"Feature","properties":{"h":"unclassified","c":3},"geometry":{"type":"LineString","coordinates":[[-1.2654118,49.3010477],[-1.2649263,49.3010689],[-1.2647721,49.3011383],[-1.2647064,49.3012504],[-1.2646935,49.301348],[-1.2647485,49.3015026],[-1.2647412,49.3015477],[-1.264715,49.3015789],[-1.2646334,49.3016261],[-1.2644558,49.3016728],[-1.2643994,49.3016876]]}},{"type":"Feature","properties":{"h":"tertiary","c":2},"geometry":{"type":"LineString","coordinates":[[-1.2456804,49.3061217],[-1.2456926,49.306145],[-1.2458491,49.3065428],[-1.2458697,49.30662],[-1.2460596,49.307069],[-1.2462442,49.3075414],[-1.2464064,49.3077964],[-1.2466365,49.308158],[-1.2467317,49.3083043],[-1.2471716,49.3090382],[-1.2472841,49.3092599]]}},{"type":"Feature","properties":{"h":"residential","c":3},"geometry":{"type":"LineString","coordinates":[[-1.2464806,49.2991364],[-1.2463498,49.2987878],[-1.2463347,49.2987361],[-1.2463118,49.2986914],[-1.2462945,49.2986392],[-1.2461362,49.2981889],[-1.2461201,49.2981543],[-1.2460946,49.2981224],[-1.2460618,49.2980966]]}},{"type":"Feature","properties":{"h":"residential","c":3},"geometry":{"type":"LineString","coordinates":[[-1.246363,49.302228],[-1.2464315,49.3022191],[-1.2467457,49.3022694],[-1.2470703,49.3023041],[-1.2471588,49.3022996],[-1.2474391,49.3022669],[-1.2477529,49.3022453],[-1.2478291,49.3022512],[-1.2478987,49.3022565],[-1.2479775,49.3022746],[-1.2481559,49.3023542],[-1.2484093,49.3024503],[-1.2484528,49.3024709]]}},{"type":"Feature","properties":{"h":"service","c":4},"geometry":{"type":"LineString","coordinates":[[-1.2428579,49.3065057],[-1.2427979,49.3061687],[-1.2427496,49.3061083]]}},{"type":"Feature","properties":{"h":"service","c":4},"geometry":{"type":"LineString","coordinates":[[-1.2421859,49.3071095],[-1.2426244,49.3069384]]}},{"type":"Feature","properties":{"h":"residential","c":3},"geometry":{"type":"LineString","coordinates":[[-1.2426139,49.3071943],[-1.2425025,49.3074387]]}},{"type":"Feature","properties":{"h":"service","c":4},"geometry":{"type":"LineString","coordinates":[[-1.2411587,49.3081717],[-1.2412553,49.3081111],[-1.2412781,49.3080604],[-1.241262,49.3080027],[-1.2412137,49.3079756],[-1.2411386,49.3079668],[-1.2410849,49.3079817],[-1.2410299,49.3080263],[-1.2409903,49.3081175]]}},{"type":"Feature","properties":{"h":"service","c":4},"geometry":{"type":"LineString","coordinates":[[-1.2389002,49.3078839],[-1.2390746,49.3079948],[-1.2391135,49.3080534]]}},{"type":"Feature","properties":{"h":"service","c":4},"geometry":{"type":"LineString","coordinates":[[-1.2384577,49.3082134],[-1.2389002,49.3078839],[-1.2390062,49.307805],[-1.23908,49.307757],[-1.2392396,49.3076984]]}},{"type":"Feature","properties":{"h":"service","c":4},"geometry":{"type":"LineString","coordinates":[[-1.2408007,49.3088486],[-1.2406383,49.3091507]]}},{"type":"Feature","properties":{"h":"service","c":4},"geometry":{"type":"LineString","coordinates":[[-1.2410454,49.3086241],[-1.2416017,49.3087365],[-1.2418212,49.3087809]]}},{"type":"Feature","properties":{"h":"service","c":4},"geometry":{"type":"LineString","coordinates":[[-1.2418212,49.3087809],[-1.2416375,49.3089549],[-1.2415154,49.3089295],[-1.2416017,49.3087365]]}},{"type":"Feature","properties":{"h":"service","c":4},"geometry":{"type":"LineString","coordinates":[[-1.2426676,49.3082872],[-1.2427345,49.3081321]]}},{"type":"Feature","properties":{"h":"service","c":4},"geometry":{"type":"LineString","coordinates":[[-1.2445383,49.3084906],[-1.2458217,49.3087267],[-1.2462844,49.3086313]]}},{"type":"Feature","properties":{"h":"service","c":4},"geometry":{"type":"LineString","coordinates":[[-1.2458217,49.3087267],[-1.2457359,49.3089903]]}},{"type":"Feature","properties":{"h":"residential","c":3},"geometry":{"type":"LineString","coordinates":[[-1.2506159,49.3019398],[-1.2507047,49.3018413],[-1.2507389,49.3017419],[-1.2506313,49.3011753],[-1.2511596,49.3011709]]}},{"type":"Feature","properties":{"h":"service","c":4},"geometry":{"type":"LineString","coordinates":[[-1.2506313,49.3011753],[-1.2500565,49.3011777]]}},{"type":"Feature","properties":{"h":"residential","c":3},"geometry":{"type":"LineString","coordinates":[[-1.2602075,49.3002185],[-1.260543,49.3002188],[-1.2605436,49.2999559],[-1.2605439,49.2998448]]}},{"type":"Feature","properties":{"h":"residential","c":3},"geometry":{"type":"LineString","coordinates":[[-1.2590629,49.3000138],[-1.2590707,49.3002476],[-1.259085,49.3006727]]}},{"type":"Feature","properties":{"h":"residential","c":3},"geometry":{"type":"LineString","coordinates":[[-1.2609157,49.2973121],[-1.2604773,49.2973348]]}},{"type":"Feature","properties":{"h":"tertiary","c":2},"geometry":{"type":"LineString","coordinates":[[-1.237561,49.3032569],[-1.2376582,49.3032563],[-1.2377662,49.3032434]]}},{"type":"Feature","properties":{"h":"secondary","c":2},"geometry":{"type":"LineString","coordinates":[[-1.2448371,49.3025464],[-1.2447509,49.3025313],[-1.2446822,49.3025192]]}},{"type":"Feature","properties":{"h":"unclassified","c":3},"geometry":{"type":"LineString","coordinates":[[-1.2434802,49.3024428],[-1.2434456,49.3025022]]}},{"type":"Feature","properties":{"h":"secondary","c":2},"geometry":{"type":"LineString","coordinates":[[-1.2434802,49.3024428],[-1.2431311,49.30241],[-1.2428073,49.3023796],[-1.2425398,49.302363],[-1.2420384,49.3023405]]}},{"type":"Feature","properties":{"h":"unclassified","c":3},"geometry":{"type":"LineString","coordinates":[[-1.2435405,49.3023241],[-1.2434802,49.3024428]]}},{"type":"Feature","properties":{"h":"unclassified","c":3},"geometry":{"type":"LineString","coordinates":[[-1.2598475,49.2900017],[-1.2599646,49.2900946]]}},{"type":"Feature","properties":{"h":"track","c":4},"geometry":{"type":"LineString","coordinates":[[-1.2670592,49.3075139],[-1.2673013,49.3076613],[-1.2687361,49.3080852],[-1.2698488,49.3084326],[-1.270821,49.308635],[-1.2711431,49.3088259],[-1.2714606,49.3089304],[-1.2717174,49.3091248],[-1.2719989,49.309303],[-1.2719782,49.3095541],[-1.2720864,49.3099656]]}},{"type":"Feature","properties":{"h":"track","c":4},"geometry":{"type":"LineString","coordinates":[[-1.2720864,49.3099656],[-1.2721356,49.3100439]]}},{"type":"Feature","properties":{"h":"tertiary","c":2},"geometry":{"type":"LineString","coordinates":[[-1.2456584,49.3060331],[-1.2456634,49.3060172],[-1.2456611,49.3060011],[-1.2456516,49.3059861],[-1.2456359,49.3059736],[-1.2456153,49.3059646]]}},{"type":"Feature","properties":{"h":"tertiary","c":2},"geometry":{"type":"LineString","coordinates":[[-1.2455462,49.3059637],[-1.2455271,49.305971],[-1.2455115,49.3059814],[-1.2455007,49.3059941]]}},{"type":"Feature","properties":{"h":"tertiary","c":2},"geometry":{"type":"LineString","coordinates":[[-1.2456153,49.3059646],[-1.2455927,49.30596],[-1.2455691,49.3059597],[-1.2455462,49.3059637]]}},{"type":"Feature","properties":{"h":"tertiary","c":2},"geometry":{"type":"LineString","coordinates":[[-1.2455709,49.306069],[-1.2455985,49.3060678],[-1.2456241,49.3060608],[-1.2456448,49.3060488],[-1.2456584,49.3060331]]}},{"type":"Feature","properties":{"h":"tertiary","c":2},"geometry":{"type":"LineString","coordinates":[[-1.2455186,49.3060526],[-1.2455339,49.3060607],[-1.2455516,49.3060662],[-1.2455709,49.306069]]}},{"type":"Feature","properties":{"h":"residential","c":3},"geometry":{"type":"LineString","coordinates":[[-1.2307798,49.3022756],[-1.2306212,49.3021704],[-1.2304023,49.3020903],[-1.2302668,49.3020618],[-1.2301104,49.3020344]]}},{"type":"Feature","properties":{"h":"residential","c":3},"geometry":{"type":"LineString","coordinates":[[-1.2308932,49.3023767],[-1.2307798,49.3022756]]}},{"type":"Feature","properties":{"h":"residential","c":3},"geometry":{"type":"LineString","coordinates":[[-1.2526913,49.3059851],[-1.2527819,49.306059],[-1.2529291,49.3061358],[-1.2530969,49.3061703],[-1.2532104,49.3061827],[-1.2535534,49.3061925],[-1.2538294,49.3061279],[-1.2543175,49.305954],[-1.2544059,49.3059173],[-1.2547646,49.305731],[-1.2550555,49.3054654]]}},{"type":"Feature","properties":{"h":"secondary","c":2},"geometry":{"type":"LineString","coordinates":[[-1.2520944,49.30633],[-1.2519297,49.3061474]]}},{"type":"Feature","properties":{"h":"tertiary","c":2},"geometry":{"type":"LineString","coordinates":[[-1.2579637,49.2990123],[-1.2579739,49.2988486]]}},{"type":"Feature","properties":{"h":"tertiary","c":2},"geometry":{"type":"LineString","coordinates":[[-1.2581868,49.2989494],[-1.2580387,49.2989912],[-1.2579637,49.2990123]]}},{"type":"Feature","properties":{"h":"tertiary","c":2},"geometry":{"type":"LineString","coordinates":[[-1.2579562,49.2991034],[-1.2579637,49.2990123]]}},{"type":"Feature","properties":{"h":"tertiary","c":2},"geometry":{"type":"LineString","coordinates":[[-1.2579535,49.2991985],[-1.2579562,49.2991034]]}},{"type":"Feature","properties":{"h":"tertiary","c":2},"geometry":{"type":"LineString","coordinates":[[-1.2581161,49.2990691],[-1.2582839,49.2990183],[-1.2585174,49.2989248]]}},{"type":"Feature","properties":{"h":"tertiary","c":2},"geometry":{"type":"LineString","coordinates":[[-1.2577262,49.2992557],[-1.2578841,49.299216],[-1.2579535,49.2991985]]}},{"type":"Feature","properties":{"h":"tertiary","c":2},"geometry":{"type":"LineString","coordinates":[[-1.2586743,49.2988719],[-1.2585477,49.2989146],[-1.2585174,49.2989248]]}},{"type":"Feature","properties":{"h":"tertiary","c":2},"geometry":{"type":"LineString","coordinates":[[-1.2588305,49.2988192],[-1.2586743,49.2988719]]}},{"type":"Feature","properties":{"h":"secondary","c":2},"geometry":{"type":"LineString","coordinates":[[-1.2466244,49.3028354],[-1.2463392,49.3027922]]}},{"type":"Feature","properties":{"h":"tertiary","c":2},"geometry":{"type":"LineString","coordinates":[[-1.2537206,49.2964528],[-1.2533494,49.2962868],[-1.253238,49.2962151],[-1.2531773,49.296166]]}},{"type":"Feature","properties":{"h":"tertiary","c":2},"geometry":{"type":"LineString","coordinates":[[-1.2531015,49.296284],[-1.2533119,49.296327],[-1.2537206,49.2964528]]}},{"type":"Feature","properties":{"h":"residential","c":3},"geometry":{"type":"LineString","coordinates":[[-1.2578337,49.2967199],[-1.2573838,49.2968475],[-1.2576,49.2972191]]}},{"type":"Feature","properties":{"h":"tertiary","c":2},"geometry":{"type":"LineString","coordinates":[[-1.2572103,49.3021011],[-1.2569194,49.3021598],[-1.2564841,49.3022477]]}},{"type":"Feature","properties":{"h":"tertiary","c":2},"geometry":{"type":"LineString","coordinates":[[-1.2574796,49.3015585],[-1.257592,49.3014267],[-1.2576645,49.3013354],[-1.2577924,49.3010852],[-1.2578586,49.3008776],[-1.2578691,49.3008107],[-1.2578791,49.3006884],[-1.2579057,49.3003613],[-1.2579438,49.2995021],[-1.2579483,49.2993811]]}},{"type":"Feature","properties":{"h":"living_street","c":3},"geometry":{"type":"LineString","coordinates":[[-1.2572863,49.301462],[-1.2571474,49.3015999],[-1.2569999,49.3017124],[-1.256918,49.301747],[-1.2564728,49.3018187],[-1.2563736,49.3019201],[-1.2563506,49.301924],[-1.2556655,49.302039],[-1.2556118,49.3018886],[-1.2556503,49.3018204]]}},{"type":"Feature","properties":{"h":"residential","c":3},"geometry":{"type":"LineString","coordinates":[[-1.2474448,49.2964945],[-1.2474133,49.296075],[-1.2474039,49.2959496],[-1.2473996,49.2958924],[-1.2473721,49.2956605],[-1.2473425,49.295627],[-1.2473021,49.2956006]]}},{"type":"Feature","properties":{"h":"residential","c":3},"geometry":{"type":"LineString","coordinates":[[-1.2488561,49.2958421],[-1.2473996,49.2958924]]}},{"type":"Feature","properties":{"h":"secondary","c":2},"geometry":{"type":"LineString","coordinates":[[-1.2219505,49.3026776],[-1.2217555,49.302684]]}},{"type":"Feature","properties":{"h":"service","c":4},"geometry":{"type":"LineString","coordinates":[[-1.2551927,49.3097754],[-1.2550865,49.3098178],[-1.255058,49.3098292],[-1.2549227,49.3098842],[-1.2549502,49.3099162],[-1.2551931,49.3101987]]}},{"type":"Feature","properties":{"h":"secondary","c":2},"geometry":{"type":"LineString","coordinates":[[-1.2501534,49.3043795],[-1.2500037,49.3042857],[-1.2496807,49.304102],[-1.2492119,49.3038581]]}},{"type":"Feature","properties":{"h":"service","c":4},"geometry":{"type":"LineString","coordinates":[[-1.2642626,49.3019086],[-1.2644299,49.301992],[-1.2645166,49.3020553]]}},{"type":"Feature","properties":{"h":"service","c":4},"geometry":{"type":"LineString","coordinates":[[-1.2645166,49.3020553],[-1.2645535,49.3019949],[-1.2645374,49.3019456],[-1.2644397,49.3018414],[-1.2643948,49.3017934]]}},{"type":"Feature","properties":{"h":"service","c":4},"geometry":{"type":"LineString","coordinates":[[-1.2645302,49.3021326],[-1.2645166,49.3020553]]}},{"type":"Feature","properties":{"h":"tertiary","c":2},"geometry":{"type":"LineString","coordinates":[[-1.2579739,49.2988486],[-1.2579748,49.2987777],[-1.257954,49.2985956],[-1.2579192,49.2984488],[-1.2578608,49.2983378],[-1.2577806,49.2982381],[-1.2576388,49.2980924],[-1.2574594,49.2979272],[-1.2572933,49.2978092],[-1.2571576,49.2977389],[-1.2570188,49.2976767]]}},{"type":"Feature","properties":{"h":"tertiary","c":2},"geometry":{"type":"LineString","coordinates":[[-1.2570188,49.2976767],[-1.2568988,49.2976325],[-1.2562869,49.2974073]]}},{"type":"Feature","properties":{"h":"service","c":4},"geometry":{"type":"LineString","coordinates":[[-1.2256287,49.3069875],[-1.2256891,49.3068476],[-1.2257588,49.3067208],[-1.2258071,49.3065739],[-1.225803,49.3064244],[-1.2258017,49.3062486],[-1.2257963,49.306086],[-1.2258406,49.3059128],[-1.2258835,49.305779],[-1.2259492,49.3055613],[-1.2260123,49.3053829],[-1.2259871,49.3053179]]}},{"type":"Feature","properties":{"h":"service","c":4},"geometry":{"type":"LineString","coordinates":[[-1.2256005,49.3071239],[-1.2256287,49.3069875]]}},{"type":"Feature","properties":{"h":"service","c":4},"geometry":{"type":"LineString","coordinates":[[-1.2249501,49.3079327],[-1.2250721,49.3076232],[-1.2250829,49.3075821],[-1.2251419,49.3074728],[-1.2252103,49.3073757],[-1.2253283,49.3073512],[-1.2254731,49.3070408],[-1.2256287,49.3069875]]}},{"type":"Feature","properties":{"h":"service","c":4},"geometry":{"type":"LineString","coordinates":[[-1.245884,49.3023208],[-1.2458113,49.3022173],[-1.2454867,49.3019417],[-1.2454336,49.3019113],[-1.2452602,49.3018123],[-1.244987,49.3019858],[-1.2449547,49.3020884]]}},{"type":"Feature","properties":{"h":"service","c":4},"geometry":{"type":"LineString","coordinates":[[-1.2449547,49.3020884],[-1.2447135,49.3020539],[-1.2440691,49.3019654]]}},{"type":"Feature","properties":{"h":"service","c":4},"geometry":{"type":"LineString","coordinates":[[-1.2462024,49.3023454],[-1.246183,49.3023675],[-1.2461612,49.3023905],[-1.2461356,49.3023959],[-1.2460977,49.3023925],[-1.2460555,49.3023783],[-1.2459934,49.3023514],[-1.245884,49.3023208]]}},{"type":"Feature","properties":{"h":"service","c":4},"geometry":{"type":"LineString","coordinates":[[-1.2454336,49.3019113],[-1.2452486,49.3020353]]}},{"type":"Feature","properties":{"h":"unclassified","c":3},"geometry":{"type":"LineString","coordinates":[[-1.2546977,49.308226],[-1.2545123,49.3082788],[-1.2541748,49.3085188],[-1.2540997,49.308559]]}},{"type":"Feature","properties":{"h":"secondary","c":2},"geometry":{"type":"LineString","coordinates":[[-1.2484933,49.3035192],[-1.2482188,49.3033897],[-1.2477942,49.3031887],[-1.2477772,49.3031808],[-1.2477191,49.3031539]]}},{"type":"Feature","properties":{"h":"secondary","c":2},"geometry":{"type":"LineString","coordinates":[[-1.2492119,49.3038581],[-1.2484933,49.3035192]]}},{"type":"Feature","properties":{"h":"service","c":4},"geometry":{"type":"LineString","coordinates":[[-1.2582974,49.3132039],[-1.2582237,49.3132261],[-1.2581217,49.3133383],[-1.2584022,49.3136808],[-1.2584962,49.3137126],[-1.2586816,49.3136439]]}},{"type":"Feature","properties":{"h":"service","c":4},"geometry":{"type":"LineString","coordinates":[[-1.2647771,49.3203201],[-1.2648866,49.3204497],[-1.2649318,49.3205032],[-1.2650341,49.3207587]]}},{"type":"Feature","properties":{"h":"unclassified","c":3},"geometry":{"type":"LineString","coordinates":[[-1.2643948,49.3203765],[-1.2645551,49.3203001],[-1.2646609,49.3202831],[-1.2647771,49.3203201]]}},{"type":"Feature","properties":{"h":"service","c":4},"geometry":{"type":"LineString","coordinates":[[-1.2654339,49.3203751],[-1.2651103,49.3199511],[-1.2650463,49.3199274],[-1.2649495,49.3199421],[-1.2648666,49.3199793],[-1.26487,49.3200243],[-1.2651868,49.3203866]]}},{"type":"Feature","properties":{"h":"service","c":4},"geometry":{"type":"LineString","coordinates":[[-1.2565942,49.3126203],[-1.2565605,49.3125772],[-1.2565177,49.3125225],[-1.2561822,49.3126414],[-1.2562158,49.3127192],[-1.2562367,49.3127675]]}},{"type":"Feature","properties":{"h":"service","c":4},"geometry":{"type":"LineString","coordinates":[[-1.2568398,49.3125191],[-1.2568025,49.3124774],[-1.2564764,49.3121137]]}},{"type":"Feature","properties":{"h":"service","c":4},"geometry":{"type":"LineString","coordinates":[[-1.2577401,49.312214],[-1.2578626,49.3122808],[-1.2580661,49.3125593]]}},{"type":"Feature","properties":{"h":"service","c":4},"geometry":{"type":"LineString","coordinates":[[-1.2580108,49.3104166],[-1.2572184,49.3107079],[-1.2570722,49.3107219]]}},{"type":"Feature","properties":{"h":"service","c":4},"geometry":{"type":"LineString","coordinates":[[-1.256682,49.3102799],[-1.2562384,49.3104346]]}},{"type":"Feature","properties":{"h":"service","c":4},"geometry":{"type":"LineString","coordinates":[[-1.2569005,49.3105269],[-1.2565328,49.3106548]]}},{"type":"Feature","properties":{"h":"service","c":4},"geometry":{"type":"LineString","coordinates":[[-1.256792,49.3104043],[-1.2563359,49.310564]]}},{"type":"Feature","properties":{"h":"service","c":4},"geometry":{"type":"LineString","coordinates":[[-1.2568858,49.310848],[-1.2570722,49.3107219],[-1.2569005,49.3105269],[-1.256792,49.3104043],[-1.256682,49.3102799],[-1.2566424,49.3102297],[-1.2566183,49.3102301]]}},{"type":"Feature","properties":{"h":"service","c":4},"geometry":{"type":"LineString","coordinates":[[-1.2569717,49.3109213],[-1.2581126,49.3105246],[-1.2580108,49.3104166]]}},{"type":"Feature","properties":{"h":"service","c":4},"geometry":{"type":"LineString","coordinates":[[-1.2411678,49.3083617],[-1.2417756,49.3084809]]}},{"type":"Feature","properties":{"h":"service","c":4},"geometry":{"type":"LineString","coordinates":[[-1.2646346,49.3031617],[-1.2636638,49.3031863],[-1.2635873,49.3032457],[-1.2636101,49.303523]]}},{"type":"Feature","properties":{"h":"service","c":4},"geometry":{"type":"LineString","coordinates":[[-1.2646091,49.3027121],[-1.2643947,49.3028094],[-1.2639481,49.3028269]]}},{"type":"Feature","properties":{"h":"service","c":4},"geometry":{"type":"LineString","coordinates":[[-1.2647102,49.303566],[-1.2648976,49.3035448],[-1.2648627,49.303321],[-1.26497,49.3031915],[-1.2654756,49.3031163]]}},{"type":"Feature","properties":{"h":"service","c":4},"geometry":{"type":"LineString","coordinates":[[-1.2429111,49.3059546],[-1.2429162,49.3058969],[-1.2429394,49.3058619],[-1.2429895,49.3058504],[-1.2435831,49.3058685],[-1.2437533,49.3058743]]}},{"type":"Feature","properties":{"h":"service","c":4},"geometry":{"type":"LineString","coordinates":[[-1.2447269,49.3068339],[-1.2441411,49.3068598]]}},{"type":"Feature","properties":{"h":"service","c":4},"geometry":{"type":"LineString","coordinates":[[-1.2447269,49.3068339],[-1.2447082,49.3069149],[-1.2446252,49.3070872],[-1.2445695,49.3071214],[-1.2442734,49.3071417],[-1.2441513,49.3071295],[-1.2441411,49.3068598]]}},{"type":"Feature","properties":{"h":"service","c":4},"geometry":{"type":"LineString","coordinates":[[-1.2464064,49.3077964],[-1.246584,49.3077576]]}},{"type":"Feature","properties":{"h":"service","c":4},"geometry":{"type":"LineString","coordinates":[[-1.246584,49.3077576],[-1.2466929,49.3079286],[-1.2470383,49.3078905],[-1.2469879,49.3076951],[-1.2467093,49.3077248],[-1.246584,49.3077576]]}},{"type":"Feature","properties":{"h":"service","c":4},"geometry":{"type":"LineString","coordinates":[[-1.2293117,49.3032104],[-1.2292904,49.3031988],[-1.2291827,49.3031402],[-1.2289038,49.3031315]]}},{"type":"Feature","properties":{"h":"track","c":4},"geometry":{"type":"LineString","coordinates":[[-1.2296265,49.313778],[-1.2295088,49.3137266],[-1.2293972,49.3136893],[-1.2292497,49.313622],[-1.2283564,49.3131716]]}},{"type":"Feature","properties":{"h":"tertiary","c":2},"geometry":{"type":"LineString","coordinates":[[-1.2295888,49.3138092],[-1.2296265,49.313778],[-1.229709,49.3137099]]}},{"type":"Feature","properties":{"h":"tertiary","c":2},"geometry":{"type":"LineString","coordinates":[[-1.2359729,49.3085325],[-1.2359773,49.3085277],[-1.2361195,49.3083712],[-1.2365093,49.3078262],[-1.2366166,49.3077423],[-1.2366943,49.307718],[-1.2372677,49.3075609]]}},{"type":"Feature","properties":{"h":"service","c":4},"geometry":{"type":"LineString","coordinates":[[-1.2379772,49.3068382],[-1.2382567,49.306895]]}},{"type":"Feature","properties":{"h":"pedestrian","c":4},"geometry":{"type":"LineString","coordinates":[[-1.2648866,49.3204497],[-1.2650096,49.3204642],[-1.2655601,49.3206849],[-1.2655541,49.3207553],[-1.2658645,49.3207566]]}},{"type":"Feature","properties":{"h":"secondary","c":2},"geometry":{"type":"LineString","coordinates":[[-1.245808,49.3027228],[-1.2456492,49.3027021]]}},{"type":"Feature","properties":{"h":"service","c":4},"geometry":{"type":"LineString","coordinates":[[-1.2446822,49.3025192],[-1.2445974,49.3024374],[-1.2444979,49.3024009],[-1.2444355,49.302388]]}},{"type":"Feature","properties":{"h":"service","c":4},"geometry":{"type":"LineString","coordinates":[[-1.2443375,49.3025069],[-1.244363,49.3025588]]}},{"type":"Feature","properties":{"h":"secondary","c":2},"geometry":{"type":"LineString","coordinates":[[-1.2446822,49.3025192],[-1.2446053,49.3025116],[-1.2443375,49.3025069]]}},{"type":"Feature","properties":{"h":"service","c":4},"geometry":{"type":"LineString","coordinates":[[-1.2500394,49.2987997],[-1.2505584,49.298883],[-1.2500952,49.2994337],[-1.2501529,49.2994623],[-1.249996,49.2996065]]}},{"type":"Feature","properties":{"h":"service","c":4},"geometry":{"type":"LineString","coordinates":[[-1.2488495,49.2991279],[-1.2489748,49.2986392]]}},{"type":"Feature","properties":{"h":"service","c":4},"geometry":{"type":"LineString","coordinates":[[-1.2622728,49.3018179],[-1.2622707,49.3017529],[-1.2622584,49.3015422]]}},{"type":"Feature","properties":{"h":"service","c":4},"geometry":{"type":"LineString","coordinates":[[-1.2562664,49.3112775],[-1.2554497,49.3115942],[-1.2554933,49.311702],[-1.2557551,49.3120045],[-1.2558676,49.3120419],[-1.256552,49.3117335],[-1.2565818,49.3116541],[-1.2562664,49.3112775]]}},{"type":"Feature","properties":{"h":"service","c":4},"geometry":{"type":"LineString","coordinates":[[-1.25647,49.3111936],[-1.2564214,49.311215],[-1.2563728,49.3112363],[-1.2562664,49.3112775]]}},{"type":"Feature","properties":{"h":"track","c":4},"geometry":{"type":"LineString","coordinates":[[-1.2668901,49.3207598],[-1.2669348,49.3205868]]}},{"type":"Feature","properties":{"h":"track","c":4},"geometry":{"type":"LineString","coordinates":[[-1.2669348,49.3205868],[-1.2668879,49.3205312],[-1.2665929,49.3203913],[-1.2664883,49.32032]]}},{"type":"Feature","properties":{"h":"residential","c":3},"geometry":{"type":"LineString","coordinates":[[-1.2415037,49.3047866],[-1.2415439,49.3048273],[-1.2416028,49.3048805]]}},{"type":"Feature","properties":{"h":"tertiary","c":2},"geometry":{"type":"LineString","coordinates":[[-1.2418932,49.3038851],[-1.2418317,49.3038554]]}},{"type":"Feature","properties":{"h":"tertiary","c":2},"geometry":{"type":"LineString","coordinates":[[-1.2249263,49.3175571],[-1.2246584,49.3177545]]}},{"type":"Feature","properties":{"h":"tertiary","c":2},"geometry":{"type":"LineString","coordinates":[[-1.2257932,49.3170237],[-1.2260136,49.3167722]]}},{"type":"Feature","properties":{"h":"tertiary","c":2},"geometry":{"type":"LineString","coordinates":[[-1.2287387,49.3145062],[-1.2292293,49.3141069],[-1.2293436,49.3140139],[-1.2294018,49.3139665]]}},{"type":"Feature","properties":{"h":"service","c":4},"geometry":{"type":"LineString","coordinates":[[-1.2418784,49.3040775],[-1.2421203,49.3041199]]}},{"type":"Feature","properties":{"h":"secondary","c":2},"geometry":{"type":"LineString","coordinates":[[-1.2353351,49.30219],[-1.2346325,49.3022805]]}},{"type":"Feature","properties":{"h":"secondary","c":2},"geometry":{"type":"LineString","coordinates":[[-1.2360168,49.3021266],[-1.2353351,49.30219]]}},{"type":"Feature","properties":{"h":"secondary","c":2},"geometry":{"type":"LineString","coordinates":[[-1.2420384,49.3023405],[-1.2405191,49.3022044]]}},{"type":"Feature","properties":{"h":"secondary","c":2},"geometry":{"type":"LineString","coordinates":[[-1.2405191,49.3022044],[-1.2396858,49.3021491]]}},{"type":"Feature","properties":{"h":"residential","c":3},"geometry":{"type":"LineString","coordinates":[[-1.2411678,49.3083617],[-1.2411799,49.3083286],[-1.2412,49.3082295],[-1.2411587,49.3081717],[-1.2410909,49.3081368],[-1.2409903,49.3081175],[-1.2405267,49.3080286]]}},{"type":"Feature","properties":{"h":"service","c":4},"geometry":{"type":"LineString","coordinates":[[-1.2455678,49.3058136],[-1.2466934,49.3057957],[-1.2468946,49.3057528]]}},{"type":"Feature","properties":{"h":"service","c":4},"geometry":{"type":"LineString","coordinates":[[-1.2468946,49.3057528],[-1.2471347,49.3057143],[-1.2473157,49.3057135],[-1.2473626,49.3057344],[-1.2473935,49.3057755],[-1.2474686,49.3063308]]}},{"type":"Feature","properties":{"h":"unclassified","c":3},"geometry":{"type":"LineString","coordinates":[[-1.2534767,49.3107919],[-1.2548912,49.3123844],[-1.2550016,49.3125126]]}},{"type":"Feature","properties":{"h":"service","c":4},"geometry":{"type":"LineString","coordinates":[[-1.2547266,49.3124758],[-1.2548912,49.3123844]]}},{"type":"Feature","properties":{"h":"service","c":4},"geometry":{"type":"LineString","coordinates":[[-1.2544216,49.3135152],[-1.2543767,49.3134869],[-1.2542962,49.3134358]]}},{"type":"Feature","properties":{"h":"service","c":4},"geometry":{"type":"LineString","coordinates":[[-1.2542962,49.3134358],[-1.2539086,49.3131657],[-1.2537932,49.313045],[-1.2538013,49.31301],[-1.2543659,49.3128055],[-1.2544423,49.3127565],[-1.2544464,49.3126988],[-1.2544839,49.3126271],[-1.2547266,49.3124758]]}},{"type":"Feature","properties":{"h":"service","c":4},"geometry":{"type":"LineString","coordinates":[[-1.2614788,49.3134297],[-1.2616763,49.3131068]]}},{"type":"Feature","properties":{"h":"service","c":4},"geometry":{"type":"LineString","coordinates":[[-1.2612852,49.3130002],[-1.2610889,49.3133255]]}},{"type":"Feature","properties":{"h":"service","c":4},"geometry":{"type":"LineString","coordinates":[[-1.2613288,49.3133896],[-1.2615203,49.3130643]]}},{"type":"Feature","properties":{"h":"service","c":4},"geometry":{"type":"LineString","coordinates":[[-1.2617027,49.3134895],[-1.2614788,49.3134297],[-1.2613288,49.3133896],[-1.2610889,49.3133255],[-1.2609108,49.3132779]]}},{"type":"Feature","properties":{"h":"service","c":4},"geometry":{"type":"LineString","coordinates":[[-1.261113,49.3129532],[-1.2612852,49.3130002],[-1.2615203,49.3130643],[-1.2616763,49.3131068],[-1.2619027,49.3131685]]}},{"type":"Feature","properties":{"h":"service","c":4},"geometry":{"type":"LineString","coordinates":[[-1.2609541,49.3126572],[-1.2613031,49.3127486],[-1.2620417,49.3129453],[-1.2619027,49.3131685],[-1.2617027,49.3134895],[-1.2615539,49.3137282],[-1.260761,49.3135183],[-1.2609108,49.3132779],[-1.261113,49.3129532],[-1.2611988,49.3129121],[-1.2613031,49.3127486]]}},{"type":"Feature","properties":{"h":"residential","c":3},"geometry":{"type":"LineString","coordinates":[[-1.2471481,49.2995641],[-1.2471816,49.2996332],[-1.2471918,49.2997045],[-1.2471297,49.3001405],[-1.2470306,49.3008168]]}},{"type":"Feature","properties":{"h":"residential","c":3},"geometry":{"type":"LineString","coordinates":[[-1.2519854,49.2949061],[-1.2517179,49.2948413],[-1.2515556,49.294781],[-1.2514987,49.2947547]]}},{"type":"Feature","properties":{"h":"service","c":4},"geometry":{"type":"LineString","coordinates":[[-1.2527351,49.294732],[-1.2526422,49.2947466],[-1.2523958,49.2947854]]}},{"type":"Feature","properties":{"h":"service","c":4},"geometry":{"type":"LineString","coordinates":[[-1.2409012,49.2963308],[-1.2409304,49.296158],[-1.241034,49.2960291],[-1.2411855,49.2958987],[-1.2412405,49.2957938],[-1.2413491,49.2955559]]}},{"type":"Feature","properties":{"h":"service","c":4},"geometry":{"type":"LineString","coordinates":[[-1.2602279,49.299376],[-1.2602171,49.2989904],[-1.2601501,49.2989431],[-1.259969,49.2989178],[-1.2589391,49.2988837],[-1.2586743,49.2988719]]}},{"type":"Feature","properties":{"h":"service","c":4},"geometry":{"type":"LineString","coordinates":[[-1.2545389,49.3016601],[-1.2551303,49.3015694]]}},{"type":"Feature","properties":{"h":"service","c":4},"geometry":{"type":"LineString","coordinates":[[-1.2546029,49.3018296],[-1.2551102,49.3017434]]}},{"type":"Feature","properties":{"h":"service","c":4},"geometry":{"type":"LineString","coordinates":[[-1.2553623,49.3020984],[-1.2547425,49.3021967],[-1.2540105,49.3023127]]}},{"type":"Feature","properties":{"h":"service","c":4},"geometry":{"type":"LineString","coordinates":[[-1.2545601,49.3017159],[-1.2538824,49.3018234]]}},{"type":"Feature","properties":{"h":"service","c":4},"geometry":{"type":"LineString","coordinates":[[-1.2515245,49.301845],[-1.2516327,49.3018404],[-1.2520216,49.3018151],[-1.2521142,49.3017845],[-1.2530167,49.3012484],[-1.2530248,49.3012082],[-1.2529483,49.3009021]]}},{"type":"Feature","properties":{"h":"service","c":4},"geometry":{"type":"LineString","coordinates":[[-1.2266522,49.3040499],[-1.2267284,49.3040564],[-1.2270784,49.3039051],[-1.2271589,49.3039033],[-1.2273802,49.303989]]}},{"type":"Feature","properties":{"h":"service","c":4},"geometry":{"type":"LineString","coordinates":[[-1.2264999,49.3042908],[-1.2268893,49.3044569]]}},{"type":"Feature","properties":{"h":"residential","c":3},"geometry":{"type":"LineString","coordinates":[[-1.2293455,49.3020025],[-1.2293442,49.3019737],[-1.2293444,49.3019215],[-1.2293444,49.301898]]}},{"type":"Feature","properties":{"h":"service","c":4},"geometry":{"type":"LineString","coordinates":[[-1.228923,49.302564],[-1.228952,49.3024281],[-1.2289345,49.3023704],[-1.228893,49.302338],[-1.2288219,49.3023223],[-1.2285818,49.3023039]]}},{"type":"Feature","properties":{"h":"service","c":4},"geometry":{"type":"LineString","coordinates":[[-1.2596829,49.3105183],[-1.259627,49.3104867],[-1.2587526,49.3100242],[-1.2591603,49.3097051],[-1.2598135,49.3099202],[-1.2598872,49.3098301],[-1.2599372,49.3097713]]}},{"type":"Feature","properties":{"h":"service","c":4},"geometry":{"type":"LineString","coordinates":[[-1.2592144,49.3108993],[-1.2590933,49.3108391],[-1.2583677,49.3104745],[-1.2586226,49.3102682]]}},{"type":"Feature","properties":{"h":"trunk","c":1},"geometry":{"type":"LineString","coordinates":[[-1.2245147,49.3113295],[-1.2200551,49.309086],[-1.2153456,49.3067167],[-1.2145623,49.3063637],[-1.2139007,49.3061052]]}},{"type":"Feature","properties":{"h":"unclassified","c":3},"geometry":{"type":"LineString","coordinates":[[-1.2529996,49.2961599],[-1.2528415,49.2961426]]}},{"type":"Feature","properties":{"h":"unclassified","c":3},"geometry":{"type":"LineString","coordinates":[[-1.2528415,49.2961426],[-1.2529466,49.2962168]]}},{"type":"Feature","properties":{"h":"tertiary","c":2},"geometry":{"type":"LineString","coordinates":[[-1.2531773,49.296166],[-1.2532137,49.2960358],[-1.2532624,49.2959472]]}},{"type":"Feature","properties":{"h":"unclassified","c":3},"geometry":{"type":"LineString","coordinates":[[-1.2525687,49.2960001],[-1.2523278,49.2958493],[-1.2520993,49.2957131],[-1.2519696,49.2956471],[-1.2517444,49.2955354],[-1.251453,49.2954123],[-1.2510524,49.2952793],[-1.250997,49.2952562],[-1.2509805,49.2952245]]}},{"type":"Feature","properties":{"h":"residential","c":3},"geometry":{"type":"LineString","coordinates":[[-1.2417803,49.3049787],[-1.2418043,49.3049566],[-1.2418147,49.3049347],[-1.2418146,49.3049118],[-1.2418096,49.3048987],[-1.2418012,49.3048864]]}},{"type":"Feature","properties":{"h":"residential","c":3},"geometry":{"type":"LineString","coordinates":[[-1.2416028,49.3048805],[-1.2415876,49.3049012],[-1.2415825,49.3049239],[-1.241588,49.3049465],[-1.2416036,49.3049671],[-1.2416329,49.3049889]]}},{"type":"Feature","properties":{"h":"service","c":4},"geometry":{"type":"LineString","coordinates":[[-1.2544276,49.3104248],[-1.2541811,49.3101634]]}},{"type":"Feature","properties":{"h":"service","c":4},"geometry":{"type":"LineString","coordinates":[[-1.2581217,49.3133383],[-1.2579629,49.313353],[-1.2577734,49.3132983],[-1.2573758,49.3134539],[-1.2573372,49.3135739],[-1.2577369,49.314009],[-1.2584962,49.3137126]]}},{"type":"Feature","properties":{"h":"residential","c":3},"geometry":{"type":"LineString","coordinates":[[-1.2363206,49.3032301],[-1.2362807,49.3035746],[-1.2362741,49.3035912],[-1.2362563,49.3036064],[-1.2362452,49.3036159],[-1.235391,49.3039611],[-1.235351,49.3039567],[-1.2352865,49.3039234],[-1.2352731,49.3038813],[-1.2353499,49.3033911],[-1.2354288,49.3032714],[-1.2354455,49.3032163],[-1.2354638,49.3031462]]}},{"type":"Feature","properties":{"h":"residential","c":3},"geometry":{"type":"LineString","coordinates":[[-1.235351,49.3039567],[-1.2353621,49.303993],[-1.23544,49.3040909],[-1.2354544,49.3041329],[-1.2354465,49.3043021],[-1.2354422,49.3043955],[-1.2354522,49.3044245],[-1.2354956,49.304476],[-1.2355457,49.3045242]]}},{"type":"Feature","properties":{"h":"service","c":4},"geometry":{"type":"LineString","coordinates":[[-1.2367126,49.3048475],[-1.2367679,49.3048631],[-1.2367853,49.304868],[-1.2369918,49.3049478],[-1.2370363,49.3049739],[-1.2370656,49.304984],[-1.2371586,49.305016],[-1.2372376,49.3050319],[-1.2373304,49.3050279],[-1.2375147,49.3049701],[-1.237868,49.3048592],[-1.2380258,49.3048096],[-1.238637,49.304615]]}},{"type":"Feature","properties":{"h":"residential","c":3},"geometry":{"type":"LineString","coordinates":[[-1.2355457,49.3045242],[-1.2356272,49.3045454],[-1.2360602,49.3046582],[-1.2362818,49.3047195],[-1.2365001,49.3047799],[-1.2367126,49.3048475]]}},{"type":"Feature","properties":{"h":"residential","c":3},"geometry":{"type":"LineString","coordinates":[[-1.2474133,49.296075],[-1.2473621,49.2960768],[-1.2470555,49.2960877]]}},{"type":"Feature","properties":{"h":"residential","c":3},"geometry":{"type":"LineString","coordinates":[[-1.2349311,49.3042283],[-1.234855,49.3040652],[-1.2348295,49.3039409],[-1.2349301,49.3031463]]}},{"type":"Feature","properties":{"h":"service","c":4},"geometry":{"type":"LineString","coordinates":[[-1.2625134,49.3013031],[-1.2625198,49.301342],[-1.2625228,49.3013851]]}},{"type":"Feature","properties":{"h":"service","c":4},"geometry":{"type":"LineString","coordinates":[[-1.2625134,49.3013031],[-1.2624984,49.30102],[-1.2615182,49.3010291],[-1.2615264,49.3014002]]}},{"type":"Feature","properties":{"h":"service","c":4},"geometry":{"type":"LineString","coordinates":[[-1.2633741,49.3014889],[-1.2631863,49.3012965],[-1.2630764,49.3012963],[-1.2625607,49.3013044],[-1.2625134,49.3013031]]}},{"type":"Feature","properties":{"h":"service","c":4},"geometry":{"type":"LineString","coordinates":[[-1.2625228,49.3013851],[-1.262617,49.3013765],[-1.2627076,49.30138],[-1.2627196,49.3015785],[-1.2627612,49.3015986],[-1.2630589,49.301593],[-1.2630918,49.3015348],[-1.2630784,49.3013267],[-1.2630764,49.3012963]]}},{"type":"Feature","properties":{"h":"service","c":4},"geometry":{"type":"LineString","coordinates":[[-1.2625286,49.3015379],[-1.2625228,49.3013851],[-1.2618902,49.301392],[-1.2615264,49.3014002],[-1.2615322,49.3015538],[-1.2618955,49.301548],[-1.2622584,49.3015422],[-1.2625286,49.3015379]]}},{"type":"Feature","properties":{"h":"service","c":4},"geometry":{"type":"LineString","coordinates":[[-1.2509948,49.3006229],[-1.2509804,49.3005896],[-1.250975,49.3005771],[-1.2509524,49.3005249],[-1.250881,49.3004727],[-1.250482,49.3005456]]}},{"type":"Feature","properties":{"h":"service","c":4},"geometry":{"type":"LineString","coordinates":[[-1.2571152,49.3145881],[-1.2568751,49.3147027],[-1.2567741,49.3147009],[-1.2567197,49.3147]]}},{"type":"Feature","properties":{"h":"secondary","c":2},"geometry":{"type":"LineString","coordinates":[[-1.2215318,49.3027019],[-1.2214727,49.3027076]]}},{"type":"Feature","properties":{"h":"tertiary","c":2},"geometry":{"type":"LineString","coordinates":[[-1.2612439,49.2982274],[-1.2609539,49.2982435],[-1.2607088,49.2982632],[-1.2604646,49.2983007],[-1.2602413,49.2983472],[-1.2600306,49.2984116],[-1.2588305,49.2988192]]}},{"type":"Feature","properties":{"h":"tertiary","c":2},"geometry":{"type":"LineString","coordinates":[[-1.2639751,49.2950749],[-1.2639032,49.2951053],[-1.2635576,49.2952796],[-1.2630451,49.2955462],[-1.2616695,49.2961872]]}},{"type":"Feature","properties":{"h":"residential","c":3},"geometry":{"type":"LineString","coordinates":[[-1.2508352,49.2967745],[-1.2508093,49.2967016],[-1.2507677,49.2963815],[-1.2507959,49.296336],[-1.2508294,49.2963116],[-1.250879,49.2963054],[-1.2509394,49.2963185],[-1.2510084,49.2963574],[-1.2510227,49.2964179],[-1.2510174,49.2964772],[-1.2508352,49.2967745]]}},{"type":"Feature","properties":{"h":"unclassified","c":3},"geometry":{"type":"LineString","coordinates":[[-1.2464806,49.2991364],[-1.2465191,49.2991312],[-1.2466945,49.298996]]}},{"type":"Feature","properties":{"h":"unclassified","c":3},"geometry":{"type":"LineString","coordinates":[[-1.2509805,49.2952245],[-1.251069,49.2951256],[-1.2514987,49.2947547],[-1.251846,49.2944198],[-1.2523521,49.2939319],[-1.252432,49.2938451],[-1.2524686,49.2937406]]}},{"type":"Feature","properties":{"h":"service","c":4},"geometry":{"type":"LineString","coordinates":[[-1.2440996,49.3043254],[-1.244206,49.3041194]]}},{"type":"Feature","properties":{"h":"service","c":4},"geometry":{"type":"LineString","coordinates":[[-1.244053,49.3044323],[-1.244063,49.3044072],[-1.2440701,49.3043892]]}},{"type":"Feature","properties":{"h":"service","c":4},"geometry":{"type":"LineString","coordinates":[[-1.2440701,49.3043892],[-1.2440996,49.3043254]]}},{"type":"Feature","properties":{"h":"service","c":4},"geometry":{"type":"LineString","coordinates":[[-1.2321775,49.3037806],[-1.2322967,49.3038229],[-1.2323275,49.3038675],[-1.2323624,49.3039558],[-1.2324362,49.304003],[-1.2331268,49.3041263]]}},{"type":"Feature","properties":{"h":"service","c":4},"geometry":{"type":"LineString","coordinates":[[-1.2536595,49.3080697],[-1.2529866,49.3083332],[-1.2528203,49.3084875]]}},{"type":"Feature","properties":{"h":"tertiary","c":2},"geometry":{"type":"LineString","coordinates":[[-1.2251662,49.3174006],[-1.2250095,49.3174957],[-1.2249263,49.3175571]]}},{"type":"Feature","properties":{"h":"service","c":4},"geometry":{"type":"LineString","coordinates":[[-1.2292293,49.3141069],[-1.2293996,49.314192],[-1.2295078,49.3141752],[-1.2295903,49.3141174]]}},{"type":"Feature","properties":{"h":"residential","c":3},"geometry":{"type":"LineString","coordinates":[[-1.2487711,49.3041973],[-1.2486081,49.3041033]]}}]}