{"type":"FeatureCollection","features":[{"type":"Feature","properties":{"g":"farmyard"},"geometry":{"type":"Polygon","coordinates":[[[-157.9449959,21.3830445],[-157.9448275,21.3833479],[-157.9446765,21.3836549],[-157.9437168,21.3842251],[-157.9433956,21.3840021],[-157.9430832,21.3837647],[-157.9430203,21.3837636],[-157.9427816,21.384096],[-157.9421642,21.384046],[-157.941962,21.3840244],[-157.9407944,21.3842839],[-157.9406256,21.3843656],[-157.9403206,21.3841083],[-157.9401645,21.3839477],[-157.9424735,21.382945],[-157.9426332,21.3828722],[-157.9427425,21.3828127],[-157.9428365,21.3827448],[-157.9429161,21.382668],[-157.9429796,21.382592],[-157.9430315,21.3825148],[-157.9431925,21.3822138],[-157.9445959,21.3828558],[-157.9449959,21.3830445]]]}},{"type":"Feature","properties":{"g":"grass"},"geometry":{"type":"Polygon","coordinates":[[[-157.9212418,21.3266314],[-157.9220561,21.3266296],[-157.9221482,21.3266097],[-157.9221951,21.3265861],[-157.9222221,21.3265419],[-157.9222351,21.326486],[-157.9222342,21.326255],[-157.922213,21.326253],[-157.9222165,21.3261054],[-157.9221931,21.3261045],[-157.9212397,21.3266057],[-157.9212418,21.3266314]]]}},{"type":"Feature","properties":{"g":"grass"},"geometry":{"type":"Polygon","coordinates":[[[-157.9206654,21.3274708],[-157.9201637,21.3274204],[-157.9201305,21.3274057],[-157.9200993,21.3273791],[-157.9200819,21.3273521],[-157.9200725,21.3273079],[-157.9200832,21.3272775],[-157.9201018,21.3272532],[-157.9201315,21.3272275],[-157.9201699,21.3272151],[-157.920523,21.3271816],[-157.9206901,21.3271748],[-157.9218349,21.3271732],[-157.9218304,21.3274651],[-157.9206654,21.3274708]]]}},{"type":"Feature","properties":{"g":"grass"},"geometry":{"type":"Polygon","coordinates":[[[-157.9200177,21.3256338],[-157.9218555,21.325636],[-157.9218422,21.3256741],[-157.9218255,21.3256872],[-157.9202336,21.3265456],[-157.9201802,21.3265672],[-157.9201311,21.3265801],[-157.9200351,21.3266006],[-157.9196114,21.3266439],[-157.9195268,21.3266435],[-157.9193691,21.3266236],[-157.919361,21.3266177],[-157.919361,21.3265976],[-157.919367,21.3265785],[-157.9196877,21.3259385],[-157.9197549,21.3258415],[-157.9198381,21.3257554],[-157.9199199,21.3256904],[-157.9200177,21.3256338]]]}},{"type":"Feature","properties":{"g":"grass"},"geometry":{"type":"Polygon","coordinates":[[[-157.9269461,21.3256408],[-157.9269735,21.325646],[-157.9269855,21.325664],[-157.9270027,21.3257065],[-157.9270089,21.3257705],[-157.9270113,21.3259175],[-157.9269925,21.3259786],[-157.9269715,21.3260199],[-157.9269196,21.3260738],[-157.925917,21.3266222],[-157.9235067,21.3266128],[-157.9230636,21.3259087],[-157.9230195,21.3258095],[-157.9230145,21.3257865],[-157.9230261,21.3257536],[-157.9230463,21.325708],[-157.9230744,21.3256707],[-157.9231154,21.325635],[-157.9269461,21.3256408]]]}},{"type":"Feature","properties":{"g":"grass"},"geometry":{"type":"Polygon","coordinates":[[[-157.9266314,21.3296691],[-157.9266595,21.3296593],[-157.9266852,21.3296628],[-157.9267117,21.3296757],[-157.9267349,21.3296994],[-157.9267816,21.3297865],[-157.9261101,21.3304077],[-157.9260268,21.3305055],[-157.9259357,21.3306187],[-157.9258647,21.3307229],[-157.9258006,21.330835],[-157.9256316,21.330742],[-157.9257811,21.3305222],[-157.9259169,21.3303536],[-157.9260482,21.330212],[-157.9266314,21.3296691]]]}},{"type":"Feature","properties":{"g":"grass"},"geometry":{"type":"Polygon","coordinates":[[[-157.9272051,21.3291413],[-157.9272376,21.329133],[-157.9272724,21.3291431],[-157.9273796,21.3292082],[-157.9273242,21.3292871],[-157.926834,21.3297381],[-157.9267714,21.329611],[-157.9268002,21.3295097],[-157.9272051,21.3291413]]]}},{"type":"Feature","properties":{"g":"grass"},"geometry":{"type":"Polygon","coordinates":[[[-157.9275602,21.328707],[-157.9275735,21.3286717],[-157.9275863,21.3286315],[-157.9277586,21.3287471],[-157.9277258,21.3288004],[-157.9276776,21.3288681],[-157.9274361,21.329142],[-157.9272782,21.3290446],[-157.9275602,21.328707]]]}},{"type":"Feature","properties":{"g":"areia"},"geometry":{"type":"Polygon","coordinates":[[[-157.9355254,21.3915933],[-157.9355751,21.3915685],[-157.9355715,21.3915221],[-157.9355581,21.391478],[-157.9355314,21.3914487],[-157.9354865,21.3914317],[-157.9354367,21.3914464],[-157.9354124,21.3914656],[-157.93541,21.3915007],[-157.9354246,21.3915278],[-157.9354525,21.3915696],[-157.9354756,21.3915922],[-157.9355254,21.3915933]]]}},{"type":"Feature","properties":{"g":"areia"},"geometry":{"type":"Polygon","coordinates":[[[-157.9338057,21.3897918],[-157.9338627,21.389759],[-157.9338712,21.3896934],[-157.9338652,21.3896346],[-157.9338457,21.3895973],[-157.9338105,21.3895883],[-157.9337741,21.3896064],[-157.9337656,21.3896426],[-157.9337571,21.3897036],[-157.9337474,21.389742],[-157.9337498,21.3897692],[-157.9337705,21.3897873],[-157.9338057,21.3897918]]]}},{"type":"Feature","properties":{"g":"areia"},"geometry":{"type":"Polygon","coordinates":[[[-157.9327578,21.3908202],[-157.9328076,21.3907882],[-157.9328274,21.3907674],[-157.9328334,21.3907386],[-157.9328093,21.3907162],[-157.9327492,21.3907218],[-157.9326883,21.390749],[-157.9326763,21.3907738],[-157.9326643,21.3908066],[-157.9326634,21.390837],[-157.932684,21.3908497],[-157.9327098,21.3908481],[-157.9327338,21.3908346],[-157.9327578,21.3908202]]]}},{"type":"Feature","properties":{"g":"areia"},"geometry":{"type":"Polygon","coordinates":[[[-157.9338327,21.3892659],[-157.9338774,21.3892595],[-157.933904,21.3892347],[-157.93391,21.3892115],[-157.9339023,21.3891891],[-157.9338756,21.389166],[-157.9338568,21.3891596],[-157.9338241,21.3891612],[-157.933813,21.389166],[-157.9337872,21.3891899],[-157.9337829,21.3892067],[-157.9337881,21.3892315],[-157.9337949,21.3892475],[-157.9338327,21.3892659]]]}},{"type":"Feature","properties":{"g":"areia"},"geometry":{"type":"Polygon","coordinates":[[[-157.9336473,21.3891124],[-157.9337074,21.3890812],[-157.9337211,21.3890197],[-157.9337228,21.3889693],[-157.93371,21.3889341],[-157.9336636,21.3889134],[-157.933625,21.3889333],[-157.9335898,21.3889757],[-157.9335846,21.3890037],[-157.9335486,21.3890532],[-157.9335451,21.3890916],[-157.933546,21.3891212],[-157.933564,21.3891364],[-157.9335992,21.3891388],[-157.9336378,21.3891292],[-157.9336473,21.3891124]]]}},{"type":"Feature","properties":{"g":"areia"},"geometry":{"type":"Polygon","coordinates":[[[-157.9284899,21.3944691],[-157.9285302,21.3944651],[-157.9285319,21.3944395],[-157.9284615,21.3943444],[-157.9284452,21.3943396],[-157.9284272,21.3943996],[-157.9284452,21.3944331],[-157.9284899,21.3944691]]]}},{"type":"Feature","properties":{"g":"areia"},"geometry":{"type":"Polygon","coordinates":[[[-157.9325651,21.3947738],[-157.93259,21.3947578],[-157.9325797,21.394737],[-157.9325488,21.3947258],[-157.9325179,21.3947394],[-157.9325205,21.394765],[-157.9325393,21.3947746],[-157.9325651,21.3947738]]]}},{"type":"Feature","properties":{"g":"areia"},"geometry":{"type":"Polygon","coordinates":[[[-157.9324964,21.3948353],[-157.9325213,21.3948209],[-157.9325265,21.3947954],[-157.9325101,21.394765],[-157.932481,21.3947546],[-157.9324458,21.3947698],[-157.9324346,21.3947986],[-157.9324355,21.3948225],[-157.9324475,21.3948337],[-157.9324964,21.3948353]]]}},{"type":"Feature","properties":{"g":"areia"},"geometry":{"type":"Polygon","coordinates":[[[-157.9353262,21.3916962],[-157.9353457,21.3916487],[-157.9353323,21.3915911],[-157.9353008,21.3915628],[-157.9352655,21.3915527],[-157.9351939,21.3915922],[-157.9352121,21.3916521],[-157.935234,21.3916906],[-157.935268,21.3917109],[-157.9353262,21.3916962]]]}},{"type":"Feature","properties":{"g":"areia"},"geometry":{"type":"Polygon","coordinates":[[[-157.9218076,21.3452321],[-157.9218407,21.3452306],[-157.9218705,21.3452028],[-157.9218639,21.345155],[-157.9218299,21.3451203],[-157.9217877,21.3451188],[-157.921743,21.3451396],[-157.9217331,21.3451735],[-157.9217472,21.3452051],[-157.9217687,21.3452213],[-157.9218076,21.3452321]]]}},{"type":"Feature","properties":{"g":"areia"},"geometry":{"type":"Polygon","coordinates":[[[-157.9227226,21.3407535],[-157.9227553,21.3407295],[-157.9227518,21.3406979],[-157.9227237,21.3406685],[-157.922671,21.3406663],[-157.9226383,21.3406815],[-157.9226219,21.3407132],[-157.9226301,21.3407415],[-157.9226523,21.3407546],[-157.9226839,21.340759],[-157.9227226,21.3407535]]]}},{"type":"Feature","properties":{"g":"areia"},"geometry":{"type":"Polygon","coordinates":[[[-157.9278469,21.3417641],[-157.9278982,21.3417193],[-157.9279181,21.3416484],[-157.9279181,21.3415913],[-157.9278816,21.3415698],[-157.9278568,21.3416068],[-157.9278105,21.341724],[-157.9278071,21.3417594],[-157.9278187,21.3417733],[-157.9278469,21.3417641]]]}},{"type":"Feature","properties":{"g":"areia"},"geometry":{"type":"Polygon","coordinates":[[[-157.922492,21.3447534],[-157.9224978,21.344721],[-157.9224878,21.3446678],[-157.9224696,21.344637],[-157.9224299,21.3446447],[-157.9224108,21.3446639],[-157.9224034,21.3446948],[-157.9224084,21.344738],[-157.9224282,21.3447765],[-157.922458,21.3447781],[-157.922492,21.3447534]]]}},{"type":"Feature","properties":{"g":"areia"},"geometry":{"type":"Polygon","coordinates":[[[-157.9282128,21.3414109],[-157.9282525,21.3413801],[-157.928279,21.3413415],[-157.928274,21.3413107],[-157.9282343,21.3412814],[-157.9281846,21.3412783],[-157.9281283,21.3413061],[-157.9281134,21.3413492],[-157.9281283,21.341394],[-157.9281515,21.341414],[-157.9282128,21.3414109]]]}},{"type":"Feature","properties":{"g":"areia"},"geometry":{"type":"Polygon","coordinates":[[[-157.9245292,21.3420926],[-157.9245023,21.3420326],[-157.9244672,21.3419857],[-157.9244227,21.3419813],[-157.9243922,21.3420075],[-157.9243981,21.3420413],[-157.9244192,21.3420762],[-157.924452,21.3421089],[-157.9244859,21.3421176],[-157.924514,21.3421122],[-157.9245292,21.3420926]]]}},{"type":"Feature","properties":{"g":"areia"},"geometry":{"type":"Polygon","coordinates":[[[-157.9258423,21.3446785],[-157.9258704,21.3446436],[-157.9258517,21.3445859],[-157.9258247,21.3445608],[-157.9257931,21.3445586],[-157.9257744,21.3445749],[-157.9257639,21.3446066],[-157.9257662,21.3446458],[-157.9257826,21.3446709],[-157.925806,21.3446796],[-157.9258423,21.3446785]]]}},{"type":"Feature","properties":{"g":"areia"},"geometry":{"type":"Polygon","coordinates":[[[-157.9255852,21.3419267],[-157.9256157,21.3418897],[-157.9256367,21.3418646],[-157.9256367,21.3418384],[-157.9256075,21.3418221],[-157.9255723,21.3418286],[-157.9255454,21.3418624],[-157.9255372,21.3419257],[-157.9255524,21.3419409],[-157.9255852,21.3419267]]]}},{"type":"Feature","properties":{"g":"areia"},"geometry":{"type":"Polygon","coordinates":[[[-157.9222205,21.3447588],[-157.9222296,21.3447287],[-157.9222047,21.3446593],[-157.9221791,21.3446331],[-157.9221468,21.3446408],[-157.9221393,21.3447187],[-157.9221575,21.3447542],[-157.9221799,21.3447688],[-157.9222031,21.3447704],[-157.9222205,21.3447588]]]}},{"type":"Feature","properties":{"g":"areia"},"geometry":{"type":"Polygon","coordinates":[[[-157.925872,21.3421394],[-157.9259142,21.3421034],[-157.9259282,21.342051],[-157.9259083,21.3420063],[-157.925851,21.3420096],[-157.9258217,21.3420445],[-157.9258053,21.3420849],[-157.9258041,21.3421165],[-157.9258182,21.3421416],[-157.9258369,21.342147],[-157.925872,21.3421394]]]}},{"type":"Feature","properties":{"g":"areia"},"geometry":{"type":"Polygon","coordinates":[[[-157.9272587,21.3446558],[-157.9272833,21.3446187],[-157.9272927,21.3445839],[-157.9272798,21.3445522],[-157.9272423,21.3445304],[-157.9271955,21.3445468],[-157.9271744,21.3445773],[-157.9271733,21.3446231],[-157.9271908,21.3446427],[-157.9272131,21.3446569],[-157.9272587,21.3446558]]]}},{"type":"Feature","properties":{"g":"areia"},"geometry":{"type":"Polygon","coordinates":[[[-157.9215749,21.3448873],[-157.9215832,21.3448603],[-157.9215575,21.3448071],[-157.9215352,21.3447894],[-157.9215087,21.3447832],[-157.9214955,21.3447994],[-157.9214971,21.3448257],[-157.9215219,21.3448819],[-157.9215385,21.3448943],[-157.9215567,21.3448958],[-157.9215749,21.3448873]]]}},{"type":"Feature","properties":{"g":"areia"},"geometry":{"type":"Polygon","coordinates":[[[-157.926432,21.3397877],[-157.9264013,21.3398247],[-157.9263558,21.3398402],[-157.926321,21.3398301],[-157.9263194,21.3397901],[-157.9263616,21.3397538],[-157.9264403,21.3397284],[-157.9265321,21.3397399],[-157.9265454,21.3397661],[-157.9265346,21.3397816],[-157.9264932,21.3397901],[-157.926432,21.3397877]]]}},{"type":"Feature","properties":{"g":"areia"},"geometry":{"type":"Polygon","coordinates":[[[-157.921791,21.3454665],[-157.9218316,21.3454388],[-157.921863,21.3454041],[-157.9218622,21.3453809],[-157.9218424,21.3453678],[-157.9218068,21.3453748],[-157.9217803,21.3453964],[-157.9217091,21.3454095],[-157.9216917,21.3454318],[-157.9216942,21.3454611],[-157.9217165,21.3454765],[-157.9217496,21.3454773],[-157.921791,21.3454665]]]}},{"type":"Feature","properties":{"g":"areia"},"geometry":{"type":"Polygon","coordinates":[[[-157.9214102,21.3450724],[-157.921421,21.3450516],[-157.9214176,21.3449991],[-157.9213936,21.3449536],[-157.9213779,21.3449382],[-157.9213514,21.3449328],[-157.9213365,21.3449421],[-157.9213332,21.344966],[-157.9213539,21.345013],[-157.9213729,21.3450901],[-157.9213978,21.3450901],[-157.9214102,21.3450724]]]}},{"type":"Feature","properties":{"g":"areia"},"geometry":{"type":"Polygon","coordinates":[[[-157.9289491,21.3409243],[-157.9289888,21.340895],[-157.9289723,21.3408565],[-157.9289474,21.3408488],[-157.9289077,21.3408873],[-157.9289044,21.3409181],[-157.9289491,21.3409243]]]}},{"type":"Feature","properties":{"g":"areia"},"geometry":{"type":"Polygon","coordinates":[[[-157.922194,21.3446007],[-157.922261,21.3445468],[-157.9222701,21.3445128],[-157.9222544,21.3444897],[-157.9221611,21.3444949],[-157.9221297,21.3445751],[-157.9221446,21.3445997],[-157.922194,21.3446007]]]}},{"type":"Feature","properties":{"g":"areia"},"geometry":{"type":"Polygon","coordinates":[[[-157.9244953,21.3418199],[-157.924548,21.3417796],[-157.9245538,21.3417404],[-157.9245245,21.3417153],[-157.9244777,21.3417218],[-157.9244438,21.3417545],[-157.9244402,21.3417916],[-157.9244695,21.3418178],[-157.9244953,21.3418199]]]}},{"type":"Feature","properties":{"g":"areia"},"geometry":{"type":"Polygon","coordinates":[[[-157.9242904,21.3460462],[-157.92437,21.3459982],[-157.9243654,21.3459175],[-157.9243115,21.3458848],[-157.9242085,21.3459219],[-157.9241663,21.3459764],[-157.9241781,21.3460331],[-157.9242225,21.3460549],[-157.9242904,21.3460462]]]}},{"type":"Feature","properties":{"g":"areia"},"geometry":{"type":"Polygon","coordinates":[[[-157.9283667,21.3414896],[-157.9283899,21.3414402],[-157.9283734,21.3414048],[-157.9283353,21.3413955],[-157.9283005,21.3414202],[-157.9282972,21.3415019],[-157.9283237,21.3415127],[-157.9283667,21.3414896]]]}},{"type":"Feature","properties":{"g":"areia"},"geometry":{"type":"Polygon","coordinates":[[[-157.9223493,21.3416232],[-157.9223552,21.3415938],[-157.9223271,21.3415534],[-157.9223002,21.341548],[-157.9222802,21.3415611],[-157.9222744,21.3415927],[-157.9222908,21.3416199],[-157.9223142,21.3416287],[-157.9223493,21.3416232]]]}},{"type":"Feature","properties":{"g":"areia"},"geometry":{"type":"Polygon","coordinates":[[[-157.9231469,21.3411981],[-157.9231632,21.3411752],[-157.923148,21.3411501],[-157.9230801,21.341137],[-157.9230345,21.3411556],[-157.9230239,21.3411861],[-157.9230438,21.3411981],[-157.9231469,21.3411981]]]}},{"type":"Feature","properties":{"g":"areia"},"geometry":{"type":"Polygon","coordinates":[[[-157.9289922,21.3406915],[-157.9290551,21.3406622],[-157.9290335,21.3406066],[-157.9289723,21.3405789],[-157.9289127,21.340602],[-157.9288845,21.3406421],[-157.9289044,21.3406837],[-157.9289375,21.3406961],[-157.9289922,21.3406915]]]}},{"type":"Feature","properties":{"g":"areia"},"geometry":{"type":"Polygon","coordinates":[[[-157.9282575,21.3416623],[-157.928284,21.3416191],[-157.9282657,21.3415836],[-157.9282194,21.3415651],[-157.9281747,21.341579],[-157.9281631,21.3416129],[-157.9281747,21.3416561],[-157.9281946,21.3416685],[-157.9282575,21.3416623]]]}},{"type":"Feature","properties":{"g":"areia"},"geometry":{"type":"Polygon","coordinates":[[[-157.9226598,21.3395499],[-157.9227042,21.3395248],[-157.9227148,21.3394844],[-157.9226902,21.3394517],[-157.9226305,21.3394288],[-157.9225696,21.3394572],[-157.9225427,21.3394921],[-157.9225603,21.3395291],[-157.9225919,21.339552],[-157.9226598,21.3395499]]]}},{"type":"Feature","properties":{"g":"areia"},"geometry":{"type":"Polygon","coordinates":[[[-157.9261291,21.3446687],[-157.9261549,21.3446306],[-157.9261455,21.3445662],[-157.9261162,21.3445422],[-157.9260835,21.3445411],[-157.9260554,21.3445695],[-157.9260519,21.3446109],[-157.9260624,21.3446535],[-157.9260823,21.3446731],[-157.9261291,21.3446687]]]}},{"type":"Feature","properties":{"g":"areia"},"geometry":{"type":"Polygon","coordinates":[[[-157.9270094,21.3445228],[-157.9270281,21.3444966],[-157.9270187,21.3444563],[-157.9269918,21.3444323],[-157.926952,21.3444366],[-157.9269298,21.344465],[-157.9269239,21.3445064],[-157.9269309,21.3445304],[-157.9269578,21.344537],[-157.9270094,21.3445228]]]}},{"type":"Feature","properties":{"g":"areia"},"geometry":{"type":"Polygon","coordinates":[[[-157.9229922,21.3396],[-157.9230344,21.339564],[-157.9230332,21.3395226],[-157.9229981,21.3394866],[-157.9229442,21.3394801],[-157.9229138,21.3395073],[-157.9229033,21.3395499],[-157.9229103,21.3395858],[-157.9229325,21.3395989],[-157.9229922,21.3396]]]}},{"type":"Feature","properties":{"g":"areia"},"geometry":{"type":"Polygon","coordinates":[[[-157.9231469,21.341426],[-157.9231691,21.3414064],[-157.9231632,21.341378],[-157.9231211,21.3413682],[-157.9230485,21.341366],[-157.9230157,21.3413846],[-157.9230134,21.3414162],[-157.9230427,21.3414293],[-157.9231469,21.341426]]]}},{"type":"Feature","properties":{"g":"areia"},"geometry":{"type":"Polygon","coordinates":[[[-157.9216503,21.3450022],[-157.9216668,21.3449775],[-157.9216511,21.3449428],[-157.9216254,21.3449228],[-157.9215956,21.3449228],[-157.9215849,21.3449567],[-157.9216014,21.3449953],[-157.9216188,21.3450076],[-157.9216503,21.3450022]]]}},{"type":"Feature","properties":{"g":"areia"},"geometry":{"type":"Polygon","coordinates":[[[-157.9202053,21.3428314],[-157.9201978,21.3427805],[-157.9202069,21.3427312],[-157.920245,21.3427034],[-157.9202715,21.3427019],[-157.9202831,21.3427327],[-157.9202781,21.3427751],[-157.9202616,21.3428029],[-157.9202458,21.3428167],[-157.9202053,21.3428314]]]}},{"type":"Feature","properties":{"g":"areia"},"geometry":{"type":"Polygon","coordinates":[[[-157.9264874,21.3400584],[-157.9265131,21.3399898],[-157.9264734,21.3399512],[-157.926432,21.3399389],[-157.9263682,21.3399828],[-157.9263633,21.3400283],[-157.9263724,21.3400468],[-157.926408,21.340063],[-157.9264874,21.3400584]]]}},{"type":"Feature","properties":{"g":"areia"},"geometry":{"type":"Polygon","coordinates":[[[-158.0080526,21.3781675],[-158.0083982,21.3786132],[-158.0089364,21.3786826],[-158.009892,21.3787598],[-158.0093027,21.3790669],[-158.0097509,21.3789757],[-158.010236,21.3788545],[-158.0108276,21.3788324],[-158.0134425,21.3790418],[-158.0140815,21.3789616],[-158.0143526,21.3788889],[-158.0147012,21.3787954],[-158.0152881,21.3785467],[-158.0158297,21.3782208],[-158.0163144,21.3778248],[-158.0167318,21.3773671],[-158.0175718,21.3754389],[-158.0177848,21.3751635],[-158.0183807,21.3748985],[-158.0196187,21.3743702],[-158.0200909,21.3741905],[-158.0206586,21.3738475],[-158.020647,21.3736311],[-158.0203886,21.3736672],[-158.0201357,21.3738023],[-158.0198052,21.3737654],[-158.0193346,21.3738787],[-158.0189175,21.3737811],[-158.0186593,21.3738034],[-158.0185013,21.3735221],[-158.0186238,21.3733409],[-158.0184791,21.3731268],[-158.0182368,21.3730194],[-158.018034,21.3729565],[-158.0179012,21.3730545],[-158.0177777,21.3732987],[-158.017337,21.3732658],[-158.0171643,21.3737036],[-158.0170779,21.3737925],[-158.0172487,21.3732442],[-158.0173577,21.3730993],[-158.0176727,21.3731182],[-158.0178878,21.3729065],[-158.0177689,21.3727451],[-158.0172453,21.3726857],[-158.0168294,21.3729525],[-158.0165912,21.3733661],[-158.0163376,21.3740579],[-158.0159848,21.3747189],[-158.016035,21.3751762],[-158.0151599,21.3754486],[-158.0149212,21.3756751],[-158.0147737,21.3766775],[-158.0146912,21.3771689],[-158.0148205,21.3774796],[-158.0141389,21.3776132],[-158.0137398,21.3773573],[-158.0131834,21.3766971],[-158.012876,21.3761819],[-158.0126724,21.37579],[-158.0129842,21.3757602],[-158.0131375,21.3754538],[-158.0129574,21.3752939],[-158.0128502,21.3749417],[-158.0131863,21.3743417],[-158.0135276,21.3742993],[-158.0142123,21.3739391],[-158.0142405,21.3734895],[-158.0142811,21.3728439],[-158.0144608,21.3725923],[-158.0143427,21.372448],[-158.0147333,21.3722915],[-158.014747,21.3720883],[-158.0144688,21.3720796],[-158.0142954,21.3716989],[-158.0141137,21.3716995],[-158.0137968,21.3718121],[-158.0135628,21.3721265],[-158.0136275,21.3716714],[-158.013409,21.3714747],[-158.013174,21.3720512],[-158.0130727,21.3725283],[-158.0130212,21.3728672],[-158.0129727,21.3726177],[-158.0128446,21.3725071],[-158.0126247,21.37274],[-158.0125524,21.3730669],[-158.0125053,21.3728367],[-158.012561,21.3724025],[-158.0128782,21.37228],[-158.0129514,21.3720652],[-158.0129606,21.3714155],[-158.0127485,21.3715666],[-158.0126804,21.3715656],[-158.0126141,21.3715647],[-158.0122537,21.3714598],[-158.0118823,21.3717019],[-158.0117594,21.3719996],[-158.011344,21.3723155],[-158.0112385,21.3727928],[-158.011176,21.3730226],[-158.0108356,21.3732375],[-158.0105278,21.3727808],[-158.0101359,21.3725044],[-158.0099498,21.3725325],[-158.0096597,21.3727291],[-158.0095228,21.3723359],[-158.0093004,21.3723309],[-158.009235,21.37253],[-158.0090161,21.3726827],[-158.0090442,21.3728223],[-158.0092025,21.3729116],[-158.009197,21.3730945],[-158.0090874,21.3732835],[-158.0089474,21.373644],[-158.0088283,21.3735428],[-158.0085882,21.3734935],[-158.0085292,21.3733201],[-158.0086643,21.3729281],[-158.0086076,21.3726178],[-158.0084193,21.372539],[-158.0085446,21.3721111],[-158.008804,21.3716717],[-158.0086546,21.3716005],[-158.0086533,21.371457],[-158.0082144,21.3708859],[-158.0078968,21.3708633],[-158.0076589,21.3708446],[-158.0075084,21.3710008],[-158.0074702,21.3711596],[-158.0073183,21.3711208],[-158.0071907,21.3712013],[-158.0072007,21.3713122],[-158.0074121,21.3713667],[-158.0072177,21.3715008],[-158.0071503,21.3716421],[-158.0071739,21.3718624],[-158.0073987,21.3720305],[-158.0073991,21.3724329],[-158.0072331,21.3724574],[-158.0070868,21.3725857],[-158.0069883,21.3723453],[-158.006819,21.3722481],[-158.0067806,21.3720575],[-158.0066556,21.3721472],[-158.0068194,21.3727655],[-158.0067427,21.3728265],[-158.0067101,21.3729048],[-158.0068639,21.3731912],[-158.0070296,21.3733455],[-158.0071361,21.3734667],[-158.0071361,21.3735989],[-158.0069822,21.3738964],[-158.0071597,21.3739956],[-158.0067219,21.3747558],[-158.0074437,21.376717],[-158.006426,21.3770735],[-158.0065788,21.3771448],[-158.0064995,21.3774335],[-158.006897,21.3780806],[-158.0072726,21.3780681],[-158.0080526,21.3781675]]]}},{"type":"Feature","properties":{"g":"grass"},"geometry":{"type":"Polygon","coordinates":[[[-157.9561001,21.3671306],[-157.9561597,21.367124],[-157.9562141,21.3671005],[-157.9562581,21.3670626],[-157.9562874,21.3670138],[-157.956299,21.366959],[-157.9562919,21.3669035],[-157.9562668,21.3668528],[-157.956226,21.3668118],[-157.9561737,21.3667846],[-157.9561148,21.3667738],[-157.9560553,21.3667804],[-157.9560008,21.3668038],[-157.9559568,21.3668418],[-157.9559275,21.3668905],[-157.9559159,21.3669453],[-157.955923,21.3670008],[-157.9559482,21.3670515],[-157.9559889,21.3670925],[-157.9560413,21.3671197],[-157.9561001,21.3671306]]]}},{"type":"Feature","properties":{"g":"recreation_ground"},"geometry":{"type":"Polygon","coordinates":[[[-157.9858579,21.3912276],[-157.985899,21.391241],[-157.9859755,21.3910361],[-157.985928,21.3910207],[-157.985951,21.3909593],[-157.9855806,21.3908393],[-157.9854653,21.3911478],[-157.9858421,21.3912699],[-157.9858579,21.3912276]]]}},{"type":"Feature","properties":{"g":"grass"},"geometry":{"type":"Polygon","coordinates":[[[-157.9848868,21.3930033],[-157.9850252,21.3926072],[-157.9846986,21.3925082],[-157.9845602,21.3929044],[-157.9848868,21.3930033]]]}},{"type":"Feature","properties":{"g":"grass"},"geometry":{"type":"Polygon","coordinates":[[[-157.9824382,21.3927237],[-157.9824205,21.3925792],[-157.9819897,21.3926249],[-157.9820074,21.3927694],[-157.9823185,21.3927364],[-157.9824382,21.3927237]]]}},{"type":"Feature","properties":{"g":"recreation_ground"},"geometry":{"type":"Polygon","coordinates":[[[-157.926212,21.3563315],[-157.9262255,21.3563747],[-157.9262531,21.356479],[-157.9263225,21.356733],[-157.926286,21.3567416],[-157.9263118,21.3568363],[-157.9263491,21.3568274],[-157.9263598,21.3568248],[-157.9264092,21.357007],[-157.9264445,21.3571407],[-157.9264992,21.35735],[-157.9265031,21.3573645],[-157.9264916,21.3573676],[-157.9264601,21.3573762],[-157.9264686,21.3574],[-157.9253229,21.357708],[-157.9250873,21.3577309],[-157.9248212,21.3579578],[-157.9248495,21.3584013],[-157.9248512,21.3584293],[-157.9248412,21.3584301],[-157.9244412,21.3584472],[-157.9241636,21.3584635],[-157.9239646,21.3584749],[-157.9239646,21.3584558],[-157.9237802,21.3584642],[-157.9241315,21.3581585],[-157.9244583,21.3578793],[-157.9244528,21.3578709],[-157.924839,21.3575525],[-157.9256647,21.3568716],[-157.9259544,21.3565934],[-157.9259458,21.3565676],[-157.9260737,21.3564533],[-157.926212,21.3563315]]]}},{"type":"Feature","properties":{"g":"grass"},"geometry":{"type":"Polygon","coordinates":[[[-157.9619776,21.3588172],[-157.961969,21.3587968],[-157.9619528,21.3587826],[-157.9619309,21.3587861],[-157.9619013,21.3588154],[-157.9618526,21.3588741],[-157.9618336,21.3589212],[-157.9618421,21.3589451],[-157.9618517,21.3589602],[-157.9618746,21.3589665],[-157.961887,21.3589576],[-157.9618937,21.358938],[-157.9619032,21.3589061],[-157.9619127,21.3588785],[-157.9619394,21.358859],[-157.9619681,21.3588448],[-157.9619776,21.3588172]]]}},{"type":"Feature","properties":{"g":"grass"},"geometry":{"type":"Polygon","coordinates":[[[-157.9618364,21.35905],[-157.9617964,21.3590873],[-157.9617735,21.3591024],[-157.9617725,21.3591388],[-157.9617124,21.3592303],[-157.9616924,21.3592481],[-157.9616733,21.3592454],[-157.9616619,21.359225],[-157.961658,21.3591966],[-157.9616752,21.3591521],[-157.9617429,21.3590402],[-157.9617639,21.3590162],[-157.9617983,21.35901],[-157.9618135,21.359026],[-157.9618364,21.35905]]]}},{"type":"Feature","properties":{"g":"grass"},"geometry":{"type":"Polygon","coordinates":[[[-157.9584277,21.3910342],[-157.9575547,21.3912989],[-157.9572965,21.3913794],[-157.9571198,21.3914175],[-157.9574883,21.3914937],[-157.9576398,21.3915299],[-157.9577357,21.3915576],[-157.9578303,21.3915886],[-157.9580398,21.3916579],[-157.9580773,21.3915393],[-157.9581081,21.3914503],[-157.9581448,21.3913588],[-157.958185,21.3912848],[-157.9582322,21.3912125],[-157.9582869,21.3911533],[-157.9583533,21.3910886],[-157.9584277,21.3910342]]]}},{"type":"Feature","properties":{"g":"orchard"},"geometry":{"type":"Polygon","coordinates":[[[-157.9778727,21.394435],[-157.9779142,21.394106],[-157.9779049,21.394053],[-157.9778834,21.3940105],[-157.9778448,21.3939767],[-157.9772021,21.3937196],[-157.9763592,21.393414],[-157.9763042,21.3934267],[-157.9762654,21.3934648],[-157.9761447,21.3937545],[-157.9761433,21.3937895],[-157.9761634,21.393817],[-157.9762051,21.3938439],[-157.9770774,21.3941791],[-157.9778727,21.394435]]]}},{"type":"Feature","properties":{"g":"orchard"},"geometry":{"type":"Polygon","coordinates":[[[-157.9778716,21.3939078],[-157.9779028,21.3939069],[-157.977923,21.3938875],[-157.9779323,21.3938557],[-157.9778888,21.3936578],[-157.9778096,21.3935142],[-157.9777305,21.3934417],[-157.9776467,21.3933949],[-157.9773547,21.3933172],[-157.9764808,21.3930034],[-157.9764531,21.3929984],[-157.9764296,21.3930047],[-157.9764102,21.3930209],[-157.9762928,21.3932682],[-157.9762922,21.3932981],[-157.9763002,21.3933281],[-157.9763147,21.3933442],[-157.9778716,21.3939078]]]}},{"type":"Feature","properties":{"g":"orchard"},"geometry":{"type":"Polygon","coordinates":[[[-157.9778141,21.3948743],[-157.9778351,21.3946817],[-157.9778654,21.3944928],[-157.9766077,21.3940732],[-157.9765329,21.3942627],[-157.9766684,21.3943152],[-157.9767528,21.3943664],[-157.9767663,21.3944051],[-157.9767435,21.3944638],[-157.9766972,21.3945132],[-157.9778141,21.3948743]]]}},{"type":"Feature","properties":{"g":"orchard"},"geometry":{"type":"Polygon","coordinates":[[[-157.9751829,21.3931066],[-157.9749517,21.3930153],[-157.9751569,21.3925644],[-157.9753881,21.3926557],[-157.9751829,21.3931066]]]}},{"type":"Feature","properties":{"g":"orchard"},"geometry":{"type":"Polygon","coordinates":[[[-157.9746856,21.3933027],[-157.974716,21.3933009],[-157.9747375,21.3932919],[-157.9747499,21.3932747],[-157.9751017,21.3925001],[-157.974342,21.3922243],[-157.9738723,21.3929955],[-157.9746856,21.3933027]]]}},{"type":"Feature","properties":{"g":"orchard"},"geometry":{"type":"Polygon","coordinates":[[[-157.9735361,21.3930734],[-157.9729708,21.3945826],[-157.972109,21.3942846],[-157.972059,21.3942126],[-157.9734927,21.3929596],[-157.9735361,21.3930734]]]}},{"type":"Feature","properties":{"g":"grass"},"geometry":{"type":"Polygon","coordinates":[[[-158.0276361,21.3719143],[-158.0276211,21.3719019],[-158.0276028,21.3718946],[-158.0275828,21.3718932],[-158.0275634,21.3718977],[-158.0275466,21.3719076],[-158.0275335,21.3719228],[-158.0275266,21.3719412],[-158.0275267,21.3719606],[-158.0275336,21.371979],[-158.0275467,21.3719941],[-158.0275644,21.3720044],[-158.0275848,21.3720086],[-158.0276055,21.3720063],[-158.0276243,21.3719978],[-158.0276389,21.3719839],[-158.0276476,21.3719671],[-158.02765,21.3719487],[-158.0276461,21.3719304],[-158.0276361,21.3719143]]]}},{"type":"Feature","properties":{"g":"grass"},"geometry":{"type":"Polygon","coordinates":[[[-158.0266489,21.3710514],[-158.0266923,21.3710457],[-158.026737,21.3710206],[-158.0267667,21.3709783],[-158.026774,21.3709379],[-158.0267619,21.3708912],[-158.0267346,21.3708574],[-158.0267005,21.3708372],[-158.0266527,21.3708286],[-158.0266106,21.3708363],[-158.0265783,21.370854],[-158.0265505,21.3708846],[-158.0265351,21.3709307],[-158.02654,21.3709728],[-158.0265617,21.3710105],[-158.0265967,21.3710377],[-158.0266489,21.3710514]]]}},{"type":"Feature","properties":{"g":"grass"},"geometry":{"type":"Polygon","coordinates":[[[-157.9251624,21.3618677],[-157.9251445,21.36186],[-157.9249979,21.3617275],[-157.9250078,21.3617169],[-157.9249012,21.3616226],[-157.9248787,21.3616463],[-157.9248524,21.3616245],[-157.9244298,21.361252],[-157.9243874,21.3612181],[-157.9243066,21.3611496],[-157.9249317,21.3605095],[-157.925029,21.3605983],[-157.9252991,21.3605354],[-157.9253285,21.3606451],[-157.9254832,21.3612233],[-157.9254839,21.3612375],[-157.9254776,21.3612581],[-157.925466,21.3612816],[-157.9254567,21.361317],[-157.925459,21.3613408],[-157.925463,21.3613552],[-157.9254753,21.3613904],[-157.9254835,21.3614101],[-157.9254865,21.361436],[-157.9254789,21.3614838],[-157.925465,21.3615146],[-157.9254534,21.3615399],[-157.9253786,21.3615572],[-157.9253409,21.3616108],[-157.9253544,21.3617138],[-157.925229,21.3618396],[-157.9252048,21.361859],[-157.9251859,21.361868],[-157.9251624,21.3618677]]]}},{"type":"Feature","properties":{"g":"grass"},"geometry":{"type":"Polygon","coordinates":[[[-157.9832733,21.3923058],[-157.9833247,21.3928033],[-157.983006,21.3928318],[-157.9829547,21.3923343],[-157.9832733,21.3923058]]]}},{"type":"Feature","properties":{"g":"grass"},"geometry":{"type":"Polygon","coordinates":[[[-157.9844158,21.3922892],[-157.9844621,21.3921345],[-157.9844583,21.392116],[-157.984443,21.3921043],[-157.9842605,21.392072],[-157.984038,21.3920484],[-157.9839054,21.3920398],[-157.9837505,21.3920386],[-157.9836405,21.3920404],[-157.9836028,21.3920435],[-157.9835823,21.3920581],[-157.9835743,21.3920779],[-157.9835735,21.3921173],[-157.9836016,21.3924057],[-157.9838926,21.3924021],[-157.9841282,21.3924236],[-157.9843976,21.3924689],[-157.9844431,21.392323],[-157.9844158,21.3922892]]]}},{"type":"Feature","properties":{"g":"scrub"},"geometry":{"type":"Polygon","coordinates":[[[-157.980008,21.4037881],[-157.9802383,21.4036551],[-157.9803839,21.4034447],[-157.9805743,21.402959],[-157.9809498,21.4024864],[-157.9811068,21.4023235],[-157.9815439,21.4019988],[-157.9827395,21.4012115],[-157.9829072,21.4009756],[-157.98306,21.4007633],[-157.9832947,21.4003737],[-157.9837494,21.3997419],[-157.9837257,21.3994006],[-157.9835402,21.3991426],[-157.9833316,21.3990692],[-157.9829829,21.3991807],[-157.9827409,21.3991863],[-157.9824139,21.3991066],[-157.9820376,21.3984125],[-157.9818128,21.3981761],[-157.9815131,21.398015],[-157.9812623,21.3979545],[-157.9809746,21.3979513],[-157.980487,21.3982105],[-157.9799779,21.398879],[-157.9797047,21.3992559],[-157.9790627,21.3989518],[-157.9790656,21.3988816],[-157.9791484,21.3988836],[-157.9792818,21.398912],[-157.9794114,21.3988805],[-157.9794916,21.3987115],[-157.979741,21.3987264],[-157.980001,21.3984795],[-157.9801591,21.3980232],[-157.9802795,21.3980591],[-157.9804462,21.3978939],[-157.9804369,21.3976641],[-157.9805097,21.3974023],[-157.9824707,21.3979473],[-157.9831057,21.398138],[-157.9833699,21.3982516],[-157.9838618,21.3983906],[-157.9839566,21.3984415],[-157.9840686,21.3985338],[-157.9841505,21.398625],[-157.9842825,21.3988953],[-157.9843838,21.3991114],[-157.9844287,21.3992512],[-157.9844407,21.3993642],[-157.9844401,21.3994616],[-157.9844259,21.3995365],[-157.9843965,21.3996532],[-157.9843273,21.3997899],[-157.9841745,21.4000447],[-157.9833062,21.4013526],[-157.9826551,21.4022698],[-157.9824753,21.402208],[-157.982022,21.4023053],[-157.9817552,21.4024595],[-157.9815195,21.4025658],[-157.9811704,21.4027586],[-157.9808345,21.4031188],[-157.9806441,21.4034073],[-157.9804584,21.4036239],[-157.980341,21.4037294],[-157.9802049,21.4037924],[-157.9800487,21.403848],[-157.9798891,21.4038717],[-157.979759,21.4038642],[-157.9796537,21.4038467],[-157.979132,21.4037213],[-157.9789718,21.4036651],[-157.9788571,21.4036076],[-157.9788464,21.4035696],[-157.97879,21.4035602],[-157.9786821,21.4035958],[-157.9785641,21.4036133],[-157.9784896,21.4036045],[-157.9783256,21.4035212],[-157.9784694,21.4032544],[-157.9797627,21.4038265],[-157.980008,21.4037881]]]}},{"type":"Feature","properties":{"g":"forest"},"geometry":{"type":"Polygon","coordinates":[[[-157.9715302,21.3251002],[-157.9718628,21.3244493],[-157.9721411,21.3239366],[-157.9723234,21.3234833],[-157.9723799,21.3231322],[-157.9723551,21.3228499],[-157.972091,21.3229176],[-157.971932,21.3227972],[-157.9718917,21.3227925],[-157.9716476,21.322548],[-157.9716171,21.3225734],[-157.9715997,21.3225194],[-157.9714263,21.3226526],[-157.9711171,21.3228697],[-157.9709401,21.3234519],[-157.9707797,21.3237624],[-157.9708174,21.3240227],[-157.9708579,21.3243019],[-157.9711991,21.3239829],[-157.9717048,21.3244457],[-157.9714925,21.324667],[-157.9713384,21.3247886],[-157.9715302,21.3251002]]]}},{"type":"Feature","properties":{"g":"areia"},"geometry":{"type":"Polygon","coordinates":[[[-157.9370433,21.3890767],[-157.9370373,21.389041],[-157.9370373,21.3890116],[-157.9370283,21.3889913],[-157.9370079,21.388978],[-157.9369906,21.3889766],[-157.9369756,21.3889906],[-157.9369666,21.3890095],[-157.9369688,21.3890333],[-157.9369756,21.3890578],[-157.9369846,21.3890837],[-157.9369869,21.3891048],[-157.9369997,21.3891265],[-157.9370192,21.3891307],[-157.937038,21.3891258],[-157.9370478,21.3891118],[-157.9370493,21.3890928],[-157.9370433,21.3890767]]]}},{"type":"Feature","properties":{"g":"areia"},"geometry":{"type":"Polygon","coordinates":[[[-157.9373472,21.3891587],[-157.9373254,21.3892028],[-157.9373074,21.3892322],[-157.9372871,21.3892505],[-157.9372577,21.389254],[-157.9372449,21.3892407],[-157.9372427,21.3892217],[-157.9372494,21.3891972],[-157.9372758,21.3891671],[-157.9372931,21.3891426],[-157.9373081,21.3891272],[-157.9373269,21.3891258],[-157.9373427,21.3891398],[-157.9373472,21.3891587]]]}},{"type":"Feature","properties":{"g":"areia"},"geometry":{"type":"Polygon","coordinates":[[[-157.9374338,21.3890018],[-157.93743,21.3890361],[-157.937418,21.3890732],[-157.9373984,21.3890991],[-157.9373736,21.3891069],[-157.9373548,21.3890956],[-157.9373457,21.3890739],[-157.93736,21.3890494],[-157.9373743,21.3890172],[-157.9373743,21.3889913],[-157.9373909,21.388978],[-157.9374097,21.3889731],[-157.9374255,21.3889822],[-157.9374338,21.3890018]]]}},{"type":"Feature","properties":{"g":"areia"},"geometry":{"type":"Polygon","coordinates":[[[-157.9355117,21.387435],[-157.9355203,21.3874148],[-157.9355065,21.3873882],[-157.9354797,21.387356],[-157.935445,21.3873359],[-157.9354156,21.387331],[-157.9353914,21.3873375],[-157.9353853,21.3873528],[-157.9353871,21.3873761],[-157.9353992,21.3873939],[-157.9354182,21.3874084],[-157.9354381,21.3874084],[-157.9354572,21.3874148],[-157.9354771,21.3874301],[-157.9354944,21.3874422],[-157.9355117,21.387435]]]}},{"type":"Feature","properties":{"g":"areia"},"geometry":{"type":"Polygon","coordinates":[[[-157.9358241,21.3874898],[-157.9358007,21.3874793],[-157.9357747,21.3874704],[-157.9357367,21.3874753],[-157.9356986,21.38746],[-157.9356908,21.387439],[-157.9357038,21.3874245],[-157.9357289,21.3874172],[-157.9357635,21.3874229],[-157.9358137,21.387439],[-157.9358431,21.3874583],[-157.9358526,21.3874704],[-157.9358448,21.3874882],[-157.9358241,21.3874898]]]}},{"type":"Feature","properties":{"g":"areia"},"geometry":{"type":"Polygon","coordinates":[[[-157.9314315,21.3898603],[-157.9314364,21.3898794],[-157.9314296,21.3899141],[-157.9314234,21.3899366],[-157.9314228,21.3899689],[-157.9314116,21.3899863],[-157.9313893,21.3899886],[-157.931375,21.3899788],[-157.9313731,21.3899632],[-157.9313744,21.3899453],[-157.9313787,21.3899204],[-157.9313862,21.3898875],[-157.9313855,21.3898667],[-157.9313948,21.3898499],[-157.9314135,21.3898505],[-157.9314315,21.3898603]]]}},{"type":"Feature","properties":{"g":"areia"},"geometry":{"type":"Polygon","coordinates":[[[-157.931097,21.3897708],[-157.9311094,21.3897904],[-157.9310983,21.3898205],[-157.931079,21.3898447],[-157.9310536,21.3898638],[-157.9310319,21.3898615],[-157.9310145,21.3898447],[-157.9310102,21.3898257],[-157.9310151,21.3898083],[-157.9310313,21.3897858],[-157.9310468,21.3897737],[-157.9310697,21.3897615],[-157.931097,21.3897708]]]}},{"type":"Feature","properties":{"g":"areia"},"geometry":{"type":"Polygon","coordinates":[[[-157.9294209,21.389859],[-157.9294005,21.3898351],[-157.9293612,21.3898224],[-157.9293219,21.3898383],[-157.9292963,21.389851],[-157.92931,21.3898812],[-157.9293356,21.3898987],[-157.929368,21.3899051],[-157.9294039,21.3898971],[-157.9294226,21.3898765],[-157.9294209,21.389859]]]}},{"type":"Feature","properties":{"g":"areia"},"geometry":{"type":"Polygon","coordinates":[[[-157.9319328,21.3875031],[-157.9319313,21.3875197],[-157.9319112,21.3875478],[-157.9318817,21.3875701],[-157.9318593,21.3875896],[-157.9318399,21.3876192],[-157.9318205,21.3876372],[-157.9318035,21.3876387],[-157.9317957,21.387617],[-157.9318081,21.3875903],[-157.931836,21.3875521],[-157.9318686,21.3875211],[-157.9318964,21.387493],[-157.9319228,21.387485],[-157.9319328,21.3875031]]]}},{"type":"Feature","properties":{"g":"areia"},"geometry":{"type":"Polygon","coordinates":[[[-157.9319313,21.3871922],[-157.9319561,21.3871929],[-157.9319716,21.3871792],[-157.9319677,21.3871562],[-157.9319483,21.3871403],[-157.9319282,21.3871396],[-157.9319104,21.3871453],[-157.9319073,21.3871634],[-157.9319158,21.38718],[-157.9319313,21.3871922]]]}},{"type":"Feature","properties":{"g":"areia"},"geometry":{"type":"Polygon","coordinates":[[[-157.9322008,21.3871619],[-157.9322155,21.387141],[-157.9322155,21.3871215],[-157.9322008,21.3871129],[-157.9321807,21.3871288],[-157.9321598,21.3871389],[-157.9321474,21.3871497],[-157.9321474,21.3871655],[-157.9321629,21.3871756],[-157.9321822,21.3871713],[-157.9322008,21.3871619]]]}},{"type":"Feature","properties":{"g":"areia"},"geometry":{"type":"Polygon","coordinates":[[[-157.9322961,21.3870227],[-157.932293,21.3869961],[-157.9322798,21.386978],[-157.9322636,21.3869679],[-157.9322543,21.386978],[-157.9322543,21.3870025],[-157.9322458,21.3870263],[-157.9322581,21.38704],[-157.9322729,21.3870473],[-157.9322907,21.3870379],[-157.9322961,21.3870227]]]}},{"type":"Feature","properties":{"g":"areia"},"geometry":{"type":"Polygon","coordinates":[[[-157.9347975,21.3868731],[-157.9347964,21.3868911],[-157.9347731,21.386902],[-157.9347476,21.3869077],[-157.9347287,21.3869216],[-157.9347076,21.3869123],[-157.9347137,21.3868932],[-157.9347304,21.3868751],[-157.9347531,21.3868658],[-157.9347797,21.3868627],[-157.9347975,21.3868731]]]}},{"type":"Feature","properties":{"g":"areia"},"geometry":{"type":"Polygon","coordinates":[[[-157.9346538,21.3869479],[-157.9346205,21.386949],[-157.9345967,21.3869624],[-157.9345917,21.38698],[-157.9346105,21.3869887],[-157.9346283,21.3869903],[-157.9346444,21.3869846],[-157.9346605,21.3869722],[-157.9346682,21.3869583],[-157.9346538,21.3869479]]]}},{"type":"Feature","properties":{"g":"areia"},"geometry":{"type":"Polygon","coordinates":[[[-157.9358919,21.3914463],[-157.9358969,21.391464],[-157.9358819,21.3914976],[-157.9358609,21.3915144],[-157.9358379,21.3915106],[-157.9358228,21.3915004],[-157.9358198,21.391478],[-157.9358088,21.39145],[-157.9357988,21.3914286],[-157.9358068,21.3914127],[-157.9358359,21.3914025],[-157.9358559,21.3913866],[-157.9358829,21.3913866],[-157.9359029,21.3913997],[-157.935914,21.3914211],[-157.9359039,21.3914342],[-157.9358919,21.3914463]]]}},{"type":"Feature","properties":{"g":"areia"},"geometry":{"type":"Polygon","coordinates":[[[-157.9362814,21.3913932],[-157.9362394,21.3913922],[-157.9362083,21.3913717],[-157.9361853,21.3913382],[-157.9361703,21.3913195],[-157.9361743,21.3912962],[-157.9361863,21.3912934],[-157.9362263,21.391299],[-157.9362614,21.3912999],[-157.9362814,21.3913093],[-157.9362974,21.3913326],[-157.9362994,21.391368],[-157.9362814,21.3913932]]]}},{"type":"Feature","properties":{"g":"areia"},"geometry":{"type":"Polygon","coordinates":[[[-157.931484,21.3925496],[-157.9314703,21.3925254],[-157.9314238,21.3924948],[-157.9313691,21.3924731],[-157.9313116,21.3924821],[-157.9312857,21.3924935],[-157.9312911,21.3925279],[-157.931313,21.3925406],[-157.9313513,21.392547],[-157.9313841,21.3925317],[-157.9314074,21.3925406],[-157.9314156,21.3925738],[-157.9314347,21.3925827],[-157.9314676,21.3925788],[-157.931484,21.3925496]]]}},{"type":"Feature","properties":{"g":"areia"},"geometry":{"type":"Polygon","coordinates":[[[-157.9312925,21.3929418],[-157.9313349,21.3929278],[-157.9313609,21.3929265],[-157.9314074,21.3929252],[-157.9314375,21.3929087],[-157.9314443,21.3928883],[-157.931406,21.3928705],[-157.9314252,21.3928374],[-157.9314197,21.3928195],[-157.9313992,21.3928119],[-157.9313486,21.3928412],[-157.9313281,21.392859],[-157.9312911,21.3928565],[-157.9312487,21.3928514],[-157.9312337,21.3928705],[-157.9312323,21.3929087],[-157.9312501,21.3929367],[-157.9312925,21.3929418]]]}},{"type":"Feature","properties":{"g":"areia"},"geometry":{"type":"Polygon","coordinates":[[[-157.9348577,21.3929385],[-157.9348547,21.3929544],[-157.9348406,21.3929648],[-157.9348145,21.3929634],[-157.9347996,21.3929475],[-157.9347809,21.3929232],[-157.9347519,21.3929225],[-157.9347161,21.3929218],[-157.9346967,21.3929038],[-157.9347064,21.3928822],[-157.9347251,21.3928774],[-157.9347809,21.392892],[-157.9348264,21.3929107],[-157.9348577,21.3929385]]]}},{"type":"Feature","properties":{"g":"areia"},"geometry":{"type":"Polygon","coordinates":[[[-157.9345864,21.3929058],[-157.9345872,21.3929336],[-157.9345671,21.3929558],[-157.9345253,21.3929648],[-157.9344992,21.3929669],[-157.934465,21.3929884],[-157.9344359,21.3930051],[-157.9344173,21.3929919],[-157.9344091,21.3929711],[-157.9344158,21.3929544],[-157.9344784,21.3929211],[-157.9345291,21.3928947],[-157.9345648,21.3928885],[-157.9345864,21.3929058]]]}},{"type":"Feature","properties":{"g":"areia"},"geometry":{"type":"Polygon","coordinates":[[[-157.9345782,21.3933423],[-157.9345738,21.393327],[-157.9345671,21.3933125],[-157.9345462,21.3933027],[-157.9345335,21.3932819],[-157.9345104,21.3932847],[-157.9344925,21.3932916],[-157.9344933,21.3933111],[-157.9344925,21.393327],[-157.9344806,21.3933395],[-157.9344814,21.3933485],[-157.9345015,21.3933582],[-157.9345209,21.3933742],[-157.9345373,21.3933777],[-157.9345529,21.3933791],[-157.9345663,21.3933749],[-157.934579,21.3933589],[-157.9345782,21.3933423]]]}},{"type":"Feature","properties":{"g":"areia"},"geometry":{"type":"Polygon","coordinates":[[[-157.9303359,21.3937223],[-157.9303018,21.3936997],[-157.9302816,21.3936804],[-157.9302552,21.3936582],[-157.9302459,21.3936404],[-157.9302479,21.3936216],[-157.9302604,21.3936124],[-157.9302738,21.393611],[-157.9302873,21.3936177],[-157.9302909,21.3936192],[-157.930294,21.3936274],[-157.9302924,21.393636],[-157.930293,21.3936476],[-157.9303033,21.3936558],[-157.93031,21.3936563],[-157.9303219,21.3936568],[-157.9303359,21.3936664],[-157.9303483,21.3936838],[-157.9303535,21.3936953],[-157.930352,21.3937045],[-157.9303483,21.393717],[-157.9303359,21.3937223]]]}},{"type":"Feature","properties":{"g":"areia"},"geometry":{"type":"Polygon","coordinates":[[[-157.9304446,21.393584],[-157.9304306,21.3935888],[-157.9304223,21.3935985],[-157.930412,21.3936129],[-157.9303928,21.3936235],[-157.9303732,21.3936226],[-157.9303514,21.393612],[-157.9303344,21.3935985],[-157.9303338,21.393583],[-157.9303416,21.3935691],[-157.930352,21.3935599],[-157.9303649,21.3935556],[-157.9303747,21.3935565],[-157.9303897,21.3935599],[-157.9304016,21.3935628],[-157.9304115,21.3935551],[-157.9304265,21.3935435],[-157.9304353,21.3935348],[-157.9304477,21.3935334],[-157.9304617,21.3935406],[-157.9304674,21.3935512],[-157.9304715,21.3935642],[-157.9304689,21.3935763],[-157.9304596,21.393583],[-157.9304446,21.393584]]]}},{"type":"Feature","properties":{"g":"areia"},"geometry":{"type":"Polygon","coordinates":[[[-157.9303049,21.3935382],[-157.930294,21.3935565],[-157.9302738,21.3935623],[-157.9302578,21.3935609],[-157.9302485,21.3935503],[-157.9302412,21.3935348],[-157.9302381,21.3935194],[-157.9302557,21.3935108],[-157.9302774,21.3935136],[-157.9302924,21.3935189],[-157.9303049,21.3935382]]]}},{"type":"Feature","properties":{"g":"areia"},"geometry":{"type":"Polygon","coordinates":[[[-157.9291123,21.3938309],[-157.9291031,21.3938567],[-157.9290776,21.3938707],[-157.9290499,21.3938772],[-157.9290279,21.3938621],[-157.9290221,21.3938416],[-157.9290371,21.3938255],[-157.9290591,21.3938158],[-157.9290927,21.3938104],[-157.9291123,21.3938309]]]}},{"type":"Feature","properties":{"g":"areia"},"geometry":{"type":"Polygon","coordinates":[[[-157.9289978,21.3939095],[-157.9290013,21.3938976],[-157.9289851,21.3938804],[-157.928962,21.3938879],[-157.9289423,21.3939041],[-157.9289296,21.3939299],[-157.9289203,21.3939428],[-157.9288926,21.3939568],[-157.9288602,21.3939698],[-157.9288602,21.3939838],[-157.9288752,21.3940075],[-157.9288914,21.3940075],[-157.9289192,21.3939999],[-157.9289573,21.3939751],[-157.9289863,21.3939321],[-157.9289978,21.3939095]]]}},{"type":"Feature","properties":{"g":"areia"},"geometry":{"type":"Polygon","coordinates":[[[-157.9286937,21.3937124],[-157.9286601,21.3937135],[-157.9286312,21.3937286],[-157.9286092,21.3937436],[-157.9285873,21.3937479],[-157.9285653,21.3937447],[-157.9285595,21.393721],[-157.928585,21.3937006],[-157.9286601,21.3936704],[-157.9286856,21.3936683],[-157.9287006,21.3936683],[-157.9287122,21.393679],[-157.9287122,21.3936973],[-157.9286937,21.3937124]]]}},{"type":"Feature","properties":{"g":"areia"},"geometry":{"type":"Polygon","coordinates":[[[-158.0142326,21.3282789],[-158.0142361,21.3282963],[-158.0142259,21.3283167],[-158.014213,21.3283237],[-158.0141907,21.3283283],[-158.0141724,21.3283204],[-158.0141595,21.3282968],[-158.0141519,21.3282669],[-158.0141381,21.3282362],[-158.0141319,21.3282171],[-158.0141261,21.3281943],[-158.01411,21.328176],[-158.0140847,21.328166],[-158.0140504,21.3281706],[-158.0140169,21.3281748],[-158.0139791,21.3281777],[-158.0139537,21.3281797],[-158.0139221,21.3281806],[-158.013914,21.3281752],[-158.013906,21.3281598],[-158.0139051,21.3281474],[-158.0139145,21.3281333],[-158.0139158,21.3281162],[-158.0139274,21.3280984],[-158.0139408,21.3280963],[-158.013955,21.3280943],[-158.0139688,21.3280884],[-158.01398,21.3280768],[-158.0139902,21.3280851],[-158.013996,21.3281067],[-158.0140089,21.3281221],[-158.0140294,21.3281245],[-158.0140428,21.3281192],[-158.0140535,21.3281046],[-158.0140588,21.3280851],[-158.0140642,21.3280806],[-158.01409,21.3280801],[-158.0141047,21.328086],[-158.0141114,21.3280976],[-158.0141145,21.3281171],[-158.0141288,21.3281233],[-158.0141439,21.3281237],[-158.0141533,21.3281196],[-158.0141648,21.3281171],[-158.0141706,21.3281312],[-158.0141613,21.3281441],[-158.0141604,21.3281698],[-158.0141782,21.3281777],[-158.0141889,21.3281777],[-158.0142005,21.328181],[-158.0142085,21.3281914],[-158.0142076,21.3282038],[-158.0142032,21.3282258],[-158.0141978,21.3282416],[-158.0141956,21.3282519],[-158.0142076,21.3282661],[-158.0142219,21.3282677],[-158.0142326,21.3282789]]]}},{"type":"Feature","properties":{"g":"areia"},"geometry":{"type":"Polygon","coordinates":[[[-158.0126003,21.3277706],[-158.0125749,21.3277718],[-158.0125518,21.3277859],[-158.0125313,21.3277971],[-158.0125224,21.3278054],[-158.0125112,21.3278183],[-158.0124934,21.3278212],[-158.0124729,21.3278195],[-158.0124453,21.3278187],[-158.0124181,21.3278324],[-158.0124119,21.3278444],[-158.0124025,21.3278656],[-158.0124039,21.327881],[-158.0124177,21.3278913],[-158.0124297,21.3279021],[-158.0124493,21.3279054],[-158.0124627,21.327905],[-158.0124747,21.3278942],[-158.0124872,21.3278884],[-158.0125046,21.3278905],[-158.0125242,21.3278901],[-158.0125344,21.3278839],[-158.012542,21.3278752],[-158.0125446,21.3278569],[-158.0125656,21.3278507],[-158.0125812,21.3278623],[-158.0125959,21.3278722],[-158.0126177,21.3278693],[-158.0126404,21.3278556],[-158.0126467,21.327837],[-158.01264,21.3278083],[-158.0126284,21.3277909],[-158.0126003,21.3277706]]]}},{"type":"Feature","properties":{"g":"areia"},"geometry":{"type":"Polygon","coordinates":[[[-158.0179947,21.3275269],[-158.0180042,21.3275524],[-158.0179975,21.327584],[-158.0179825,21.3276051],[-158.0179655,21.3276166],[-158.0179523,21.3276218],[-158.0179363,21.3276174],[-158.0179287,21.3275972],[-158.0179174,21.3275902],[-158.0179004,21.3275955],[-158.0178759,21.3276095],[-158.017858,21.327606],[-158.0178363,21.3275963],[-158.0178316,21.327584],[-158.0178382,21.3275717],[-158.0178589,21.3275726],[-158.01789,21.3275682],[-158.0179155,21.3275454],[-158.017923,21.3275296],[-158.0179249,21.3275015],[-158.0179334,21.3274742],[-158.0179429,21.3274602],[-158.017957,21.3274584],[-158.0179674,21.3274681],[-158.017974,21.3274901],[-158.0179787,21.3275076],[-158.0179947,21.3275269]]]}},{"type":"Feature","properties":{"g":"areia"},"geometry":{"type":"Polygon","coordinates":[[[-158.0178655,21.3273952],[-158.0178193,21.3273609],[-158.0177863,21.3273425],[-158.017759,21.3273038],[-158.0177203,21.3272722],[-158.017708,21.3272493],[-158.0177175,21.3272318],[-158.0177392,21.3272221],[-158.0177599,21.3272177],[-158.0177788,21.3272239],[-158.0177854,21.3272388],[-158.0177806,21.327266],[-158.0177929,21.3272959],[-158.0178174,21.3273161],[-158.0178429,21.327317],[-158.0178683,21.32731],[-158.0179136,21.3273064],[-158.0179202,21.3273249],[-158.0179259,21.327346],[-158.0179061,21.3273758],[-158.0178655,21.3273952]]]}},{"type":"Feature","properties":{"g":"areia"},"geometry":{"type":"Polygon","coordinates":[[[-158.0188173,21.3282136],[-158.0188233,21.3282369],[-158.0187983,21.3282573],[-158.0187463,21.3282499],[-158.0187263,21.3282266],[-158.0187013,21.3282275],[-158.0186654,21.3282415],[-158.0186314,21.3282247],[-158.0186184,21.3282015],[-158.0186244,21.3281773],[-158.0186444,21.3281577],[-158.0186634,21.3281568],[-158.0186884,21.3281661],[-158.0187073,21.3281624],[-158.0187163,21.3281475],[-158.0187133,21.3281335],[-158.0187173,21.3281186],[-158.0187543,21.3281177],[-158.0187863,21.3281363],[-158.0188043,21.3281493],[-158.0188303,21.3281493],[-158.0188413,21.3281763],[-158.0188243,21.3281977],[-158.0188173,21.3282136]]]}},{"type":"Feature","properties":{"g":"areia"},"geometry":{"type":"Polygon","coordinates":[[[-158.0193171,21.3282387],[-158.0193031,21.3282648],[-158.0192761,21.3282732],[-158.0192501,21.328262],[-158.0192411,21.3282424],[-158.0192311,21.3282229],[-158.0192411,21.3282089],[-158.0192501,21.3282043],[-158.0192801,21.3282052],[-158.0193031,21.3281903],[-158.0193121,21.3281652],[-158.0193241,21.3281437],[-158.0193411,21.3281326],[-158.0193581,21.3281372],[-158.0193681,21.3281512],[-158.0193651,21.3281689],[-158.0193531,21.3281838],[-158.0193481,21.3282033],[-158.0193601,21.3282145],[-158.0193561,21.3282285],[-158.0193341,21.3282378],[-158.0193171,21.3282387]]]}},{"type":"Feature","properties":{"g":"areia"},"geometry":{"type":"Polygon","coordinates":[[[-158.0171514,21.3283626],[-158.0171079,21.3283282],[-158.0171171,21.328295],[-158.0171396,21.3282434],[-158.0171356,21.3281967],[-158.0171132,21.3281808],[-158.0170868,21.3281845],[-158.0170683,21.328209],[-158.0170433,21.3282361],[-158.0170116,21.3282275],[-158.0169839,21.3282164],[-158.0169589,21.3282201],[-158.0169417,21.3282422],[-158.016947,21.328268],[-158.0169734,21.3283036],[-158.01698,21.3283331],[-158.0169866,21.3283466],[-158.0169826,21.3283663],[-158.0170064,21.3283884],[-158.017042,21.3284068],[-158.0170657,21.3284019],[-158.0170763,21.3283872],[-158.0171185,21.3283933],[-158.0171475,21.3283872],[-158.0171514,21.3283626]]]}},{"type":"Feature","properties":{"g":"areia"},"geometry":{"type":"Polygon","coordinates":[[[-158.0162808,21.3292067],[-158.0162338,21.3291559],[-158.016199,21.3291319],[-158.0161187,21.329105],[-158.0160641,21.3290895],[-158.0160369,21.329098],[-158.0160263,21.3291319],[-158.0160247,21.3291671],[-158.0160566,21.3291883],[-158.016096,21.329201],[-158.0161414,21.3291982],[-158.0161672,21.3292165],[-158.0162081,21.3292561],[-158.0162293,21.3292688],[-158.0162535,21.3292716],[-158.0162778,21.3292589],[-158.0162899,21.3292335],[-158.0162808,21.3292067]]]}},{"type":"Feature","properties":{"g":"areia"},"geometry":{"type":"Polygon","coordinates":[[[-158.0137339,21.3292038],[-158.0137097,21.3291163],[-158.0137006,21.329105],[-158.0136824,21.329098],[-158.0136566,21.3291163],[-158.0136369,21.3291389],[-158.0136369,21.3291516],[-158.0136506,21.3291686],[-158.0136687,21.3291883],[-158.0136718,21.3292081],[-158.0136854,21.3292278],[-158.0137051,21.3292335],[-158.0137278,21.3292222],[-158.0137339,21.3292038]]]}},{"type":"Feature","properties":{"g":"areia"},"geometry":{"type":"Polygon","coordinates":[[[-158.0132703,21.3290161],[-158.01324,21.3290119],[-158.0132051,21.3290119],[-158.01319,21.3290034],[-158.013193,21.3289583],[-158.013196,21.3289385],[-158.0132112,21.3289371],[-158.0132248,21.3289554],[-158.0132506,21.328971],[-158.0132748,21.328971],[-158.01329,21.3289653],[-158.0132975,21.3289837],[-158.013293,21.3290105],[-158.0132703,21.3290161]]]}},{"type":"Feature","properties":{"g":"areia"},"geometry":{"type":"Polygon","coordinates":[[[-158.0131627,21.3289329],[-158.0131627,21.3289992],[-158.0131521,21.3290133],[-158.0131354,21.3290175],[-158.0131188,21.3290077],[-158.0131097,21.3289964],[-158.0131339,21.3289244],[-158.0131521,21.3289202],[-158.0131627,21.3289329]]]}},{"type":"Feature","properties":{"g":"areia"},"geometry":{"type":"Polygon","coordinates":[[[-158.0130869,21.3289442],[-158.0130703,21.3289964],[-158.0130597,21.3290105],[-158.0130369,21.3290077],[-158.0130173,21.3289851],[-158.0129915,21.3289794],[-158.0129794,21.3289879],[-158.0129566,21.3289893],[-158.01294,21.3289808],[-158.0129385,21.3289597],[-158.0129445,21.3289329],[-158.0129612,21.3289117],[-158.0129748,21.328906],[-158.0129945,21.3289188],[-158.0130021,21.32893],[-158.0130233,21.3289385],[-158.0130415,21.3289371],[-158.0130627,21.3289272],[-158.0130779,21.3289145],[-158.0130915,21.3289216],[-158.0130869,21.3289442]]]}},{"type":"Feature","properties":{"g":"areia"},"geometry":{"type":"Polygon","coordinates":[[[-158.0126445,21.3288383],[-158.0126248,21.328803],[-158.0126157,21.3287691],[-158.0126157,21.3287381],[-158.0126203,21.3287198],[-158.0126051,21.3287042],[-158.0125764,21.3287113],[-158.0125536,21.3287466],[-158.0125476,21.3287762],[-158.0125506,21.3288171],[-158.0125612,21.3288383],[-158.0125809,21.3288581],[-158.0126127,21.3288736],[-158.0126339,21.3288722],[-158.0126506,21.3288609],[-158.0126445,21.3288383]]]}},{"type":"Feature","properties":{"g":"areia"},"geometry":{"type":"Polygon","coordinates":[[[-158.0103552,21.3297176],[-158.0103355,21.3296879],[-158.0102885,21.3296724],[-158.0102204,21.3296583],[-158.0101582,21.3296541],[-158.0100613,21.3296583],[-158.010034,21.3296809],[-158.0100325,21.3297204],[-158.0100401,21.3297571],[-158.0100598,21.3297783],[-158.0100855,21.3297895],[-158.0101173,21.3297867],[-158.0101446,21.3297867],[-158.0101598,21.329798],[-158.0101885,21.3298065],[-158.0102204,21.3298051],[-158.0102385,21.3297924],[-158.0102552,21.3297754],[-158.0102855,21.3297797],[-158.0103173,21.3297811],[-158.0103476,21.3297528],[-158.0103552,21.3297176]]]}},{"type":"Feature","properties":{"g":"areia"},"geometry":{"type":"Polygon","coordinates":[[[-158.0096476,21.3297726],[-158.0096204,21.3297712],[-158.0095992,21.3297543],[-158.0095583,21.3297458],[-158.009528,21.3297472],[-158.0094946,21.3297373],[-158.0094825,21.3297119],[-158.009487,21.3296823],[-158.0095022,21.3296611],[-158.0095355,21.3296484],[-158.0095658,21.3296498],[-158.009584,21.3296625],[-158.0095992,21.3296837],[-158.0096173,21.3296922],[-158.0096401,21.3296922],[-158.0096764,21.3297049],[-158.0096855,21.3297218],[-158.0096825,21.3297401],[-158.0096704,21.3297627],[-158.0096476,21.3297726]]]}},{"type":"Feature","properties":{"g":"areia"},"geometry":{"type":"Polygon","coordinates":[[[-158.0081659,21.3304867],[-158.008131,21.3304952],[-158.0081053,21.3305277],[-158.0080977,21.3305686],[-158.0080916,21.3306039],[-158.008075,21.3306095],[-158.0080431,21.3306039],[-158.0080265,21.3305869],[-158.0080265,21.3305672],[-158.0080401,21.3305474],[-158.0080628,21.3305347],[-158.0080719,21.330515],[-158.0080553,21.3304952],[-158.0080674,21.3304529],[-158.0080871,21.3304373],[-158.0081174,21.3304388],[-158.0081477,21.3304416],[-158.0081674,21.3304585],[-158.0081659,21.3304867]]]}},{"type":"Feature","properties":{"g":"areia"},"geometry":{"type":"Polygon","coordinates":[[[-158.0066644,21.3317033],[-158.0066356,21.331692],[-158.0066144,21.3316962],[-158.0066053,21.3317174],[-158.0065796,21.3317273],[-158.0065599,21.3317118],[-158.0065493,21.3316962],[-158.0065356,21.3316962],[-158.0065205,21.3317061],[-158.0064947,21.3317146],[-158.0064735,21.3317089],[-158.0064599,21.3316976],[-158.0064568,21.3316666],[-158.0064659,21.3316468],[-158.0064765,21.3316355],[-158.0064947,21.3316271],[-158.0065083,21.3316285],[-158.006522,21.3316355],[-158.0065447,21.3316355],[-158.0065599,21.3316271],[-158.0065871,21.3316172],[-158.0066144,21.3316087],[-158.0066311,21.3316073],[-158.0066583,21.3316144],[-158.0066856,21.3316257],[-158.0067023,21.3316355],[-158.0067023,21.3316581],[-158.0066977,21.3316737],[-158.0066841,21.331692],[-158.0066644,21.3317033]]]}},{"type":"Feature","properties":{"g":"areia"},"geometry":{"type":"Polygon","coordinates":[[[-158.0067795,21.3319023],[-158.0067659,21.3319235],[-158.0067371,21.3319531],[-158.0067144,21.33197],[-158.0067099,21.3319926],[-158.0067114,21.3320321],[-158.0067053,21.3320589],[-158.0066932,21.3320843],[-158.0066659,21.3320914],[-158.0066386,21.3320815],[-158.0066235,21.3320618],[-158.006622,21.3320392],[-158.0066371,21.332018],[-158.0066402,21.3319997],[-158.0066326,21.3319785],[-158.0066371,21.3319503],[-158.0066508,21.3319347],[-158.0066644,21.3319108],[-158.0066841,21.3319037],[-158.0067023,21.3318952],[-158.0066947,21.3318839],[-158.0066735,21.3318755],[-158.0066659,21.3318571],[-158.006672,21.3318402],[-158.0066886,21.3318331],[-158.0067038,21.3318416],[-158.0067205,21.3318402],[-158.0067371,21.3318176],[-158.0067311,21.3317936],[-158.0067477,21.3317837],[-158.0067705,21.3317823],[-158.0067811,21.3317936],[-158.0067917,21.3318035],[-158.0068144,21.3318105],[-158.0068235,21.3318204],[-158.006822,21.3318416],[-158.0068053,21.3318543],[-158.0067932,21.3318726],[-158.0067811,21.3318825],[-158.0067795,21.3319023]]]}},{"type":"Feature","properties":{"g":"areia"},"geometry":{"type":"Polygon","coordinates":[[[-158.0063235,21.332519],[-158.0062977,21.3325303],[-158.006275,21.3325501],[-158.0062599,21.3325571],[-158.0062356,21.3325571],[-158.0062235,21.3325388],[-158.006219,21.3325091],[-158.0062311,21.3324852],[-158.0062523,21.3324809],[-158.006269,21.3324739],[-158.006269,21.3324569],[-158.0062568,21.3324499],[-158.0062402,21.3324513],[-158.006219,21.3324485],[-158.0061962,21.3324386],[-158.0061887,21.3324174],[-158.0061947,21.3323977],[-158.0062068,21.3323779],[-158.0062296,21.3323595],[-158.0062553,21.3323567],[-158.0062735,21.332361],[-158.0062887,21.3323779],[-158.0063023,21.332385],[-158.0063159,21.3323835],[-158.0063371,21.3323737],[-158.0063553,21.3323751],[-158.0063659,21.3323934],[-158.0063674,21.3324075],[-158.0063508,21.3324231],[-158.0063447,21.3324513],[-158.0063447,21.3324739],[-158.0063432,21.3324993],[-158.0063235,21.332519]]]}},{"type":"Feature","properties":{"g":"areia"},"geometry":{"type":"Polygon","coordinates":[[[-158.008032,21.3296478],[-158.0080124,21.3296683],[-158.007988,21.3296717],[-158.0079745,21.3296968],[-158.0079635,21.3297253],[-158.0079366,21.3297401],[-158.0079084,21.3297378],[-158.0078913,21.3297299],[-158.0078827,21.3297071],[-158.0078852,21.3296786],[-158.0078949,21.3296683],[-158.0079133,21.3296569],[-158.0079292,21.3296352],[-158.0079512,21.3296181],[-158.0079806,21.3296056],[-158.0080026,21.3296079],[-158.0080259,21.3296261],[-158.008032,21.3296478]]]}},{"type":"Feature","properties":{"g":"areia"},"geometry":{"type":"Polygon","coordinates":[[[-158.0085167,21.3294939],[-158.0085105,21.3295098],[-158.0084959,21.3295212],[-158.0084689,21.3295304],[-158.0084445,21.3295304],[-158.0084285,21.3295509],[-158.0084224,21.329568],[-158.0083979,21.3295771],[-158.0083722,21.3295725],[-158.0083576,21.3295589],[-158.0083551,21.3295133],[-158.0083563,21.3294905],[-158.0083796,21.3294836],[-158.0083992,21.3294905],[-158.00842,21.3294916],[-158.008442,21.3294791],[-158.0084518,21.3294688],[-158.0084665,21.3294665],[-158.0084738,21.3294734],[-158.0084943,21.3294774],[-158.008508,21.3294807],[-158.0085167,21.3294939]]]}},{"type":"Feature","properties":{"g":"areia"},"geometry":{"type":"Polygon","coordinates":[[[-158.0088145,21.3253296],[-158.0087821,21.3253351],[-158.008741,21.3253392],[-158.0087131,21.3253351],[-158.0086954,21.3253104],[-158.0086895,21.3252748],[-158.0087072,21.3252515],[-158.0087351,21.3252474],[-158.0087763,21.325257],[-158.0088027,21.3252666],[-158.0088218,21.3252912],[-158.0088262,21.3253118],[-158.0088145,21.3253296]]]}},{"type":"Feature","properties":{"g":"areia"},"geometry":{"type":"Polygon","coordinates":[[[-158.0080106,21.325116],[-158.0079709,21.3251105],[-158.0079254,21.3250818],[-158.0079121,21.3250503],[-158.0079136,21.3250229],[-158.0079298,21.3249832],[-158.0079562,21.32496],[-158.0079856,21.3249641],[-158.0080032,21.3249805],[-158.0080018,21.3250038],[-158.0080018,21.3250311],[-158.0080179,21.3250448],[-158.0080488,21.3250503],[-158.008065,21.3250613],[-158.0080664,21.3250873],[-158.0080429,21.3251064],[-158.0080106,21.325116]]]}},{"type":"Feature","properties":{"g":"areia"},"geometry":{"type":"Polygon","coordinates":[[[-158.0074698,21.3250407],[-158.0074661,21.3250441],[-158.0074507,21.3250585],[-158.0074213,21.3250667],[-158.0073904,21.3250667],[-158.0073581,21.3250517],[-158.0073405,21.3250325],[-158.0073405,21.325001],[-158.0073419,21.3249764],[-158.0073316,21.3249572],[-158.0073346,21.3249326],[-158.007336,21.3249038],[-158.0073581,21.3248874],[-158.0073816,21.3248888],[-158.0074036,21.324897],[-158.007411,21.3249381],[-158.0074081,21.3249641],[-158.0073992,21.3249736],[-158.007386,21.3249832],[-158.0073823,21.3249983],[-158.007404,21.3250059],[-158.0074383,21.3250001],[-158.0074668,21.3250053],[-158.0074795,21.3250242],[-158.0074698,21.3250407]]]}},{"type":"Feature","properties":{"g":"areia"},"geometry":{"type":"Polygon","coordinates":[[[-158.0103891,21.3250988],[-158.0104124,21.3251183],[-158.0104171,21.32514],[-158.0104054,21.325166],[-158.0103763,21.3251758],[-158.0103484,21.3251671],[-158.0103274,21.3251519],[-158.0103181,21.3251238],[-158.0103123,21.3250815],[-158.0103123,21.3250598],[-158.0103239,21.3250316],[-158.0103461,21.3250218],[-158.0103659,21.3250153],[-158.0103868,21.3250196],[-158.0104078,21.3250261],[-158.0104183,21.3250402],[-158.0104159,21.3250565],[-158.0104078,21.3250717],[-158.0103868,21.3250749],[-158.0103752,21.3250771],[-158.0103682,21.3250836],[-158.0103775,21.3250934],[-158.0103891,21.3250988]]]}},{"type":"Feature","properties":{"g":"areia"},"geometry":{"type":"Polygon","coordinates":[[[-158.0124557,21.3250576],[-158.0124615,21.3250728],[-158.0124778,21.3250815],[-158.0124895,21.3250966],[-158.0124895,21.325114],[-158.0124755,21.3251303],[-158.0124534,21.3251303],[-158.0124255,21.325114],[-158.0124045,21.3250923],[-158.0123824,21.3250956],[-158.0123637,21.3251086],[-158.0123614,21.3251368],[-158.0123498,21.3251617],[-158.0123265,21.3251769],[-158.0122962,21.3251736],[-158.0122741,21.3251563],[-158.0122613,21.3251368],[-158.012259,21.3251172],[-158.0122427,21.3250999],[-158.0122112,21.3250869],[-158.0121891,21.3250674],[-158.0121751,21.3250392],[-158.0121763,21.3250142],[-158.0121891,21.3249904],[-158.0122089,21.3249882],[-158.012231,21.3249882],[-158.0122473,21.3249871],[-158.0122764,21.3249882],[-158.0122939,21.3250034],[-158.0123114,21.3250131],[-158.0123277,21.3250283],[-158.0123335,21.3250446],[-158.0123451,21.32505],[-158.0123637,21.3250446],[-158.0123742,21.3250326],[-158.0123975,21.3250251],[-158.0124138,21.3250175],[-158.0124266,21.3250023],[-158.0124336,21.3249752],[-158.0124464,21.3249535],[-158.0124615,21.3249361],[-158.0124837,21.3249394],[-158.0124953,21.3249546],[-158.0125104,21.3249773],[-158.0125232,21.3249904],[-158.0125209,21.3250099],[-158.0124941,21.3250251],[-158.0124697,21.3250348],[-158.0124592,21.3250435],[-158.0124557,21.3250576]]]}},{"type":"Feature","properties":{"g":"areia"},"geometry":{"type":"Polygon","coordinates":[[[-158.0171816,21.3250627],[-158.0171273,21.3250577],[-158.0170598,21.3250699],[-158.0170405,21.3250672],[-158.0170289,21.3250564],[-158.0170202,21.3250285],[-158.016997,21.3249591],[-158.0169786,21.3249357],[-158.0169525,21.3249231],[-158.0169303,21.3248988],[-158.0169128,21.324861],[-158.0169099,21.324833],[-158.0169215,21.3248186],[-158.016937,21.3248105],[-158.0169467,21.3248159],[-158.0169602,21.324833],[-158.0169747,21.3248556],[-158.0169776,21.3248736],[-158.0169912,21.3248844],[-158.017024,21.3248925],[-158.0170414,21.3249123],[-158.0170405,21.3249285],[-158.0170908,21.325015],[-158.0171043,21.3250186],[-158.0171381,21.3250168],[-158.0171758,21.3250168],[-158.0171942,21.3250258],[-158.0172,21.3250456],[-158.0171952,21.32506],[-158.0171816,21.3250627]]]}},{"type":"Feature","properties":{"g":"areia"},"geometry":{"type":"Polygon","coordinates":[[[-158.0133355,21.3249463],[-158.013319,21.3249604],[-158.013291,21.324963],[-158.0132494,21.324963],[-158.013225,21.3249717],[-158.0131948,21.3249878],[-158.0131797,21.3250011],[-158.0131711,21.3250098],[-158.0131553,21.3250118],[-158.0131453,21.3250018],[-158.013141,21.3249898],[-158.0131431,21.3249751],[-158.0131539,21.3249604],[-158.013169,21.324955],[-158.0131783,21.3249583],[-158.0131898,21.3249617],[-158.0132027,21.324959],[-158.0132149,21.3249483],[-158.0132228,21.3249383],[-158.0132264,21.3249323],[-158.0132415,21.3249303],[-158.0132537,21.3249363],[-158.0132687,21.324941],[-158.0132795,21.3249416],[-158.0132953,21.324937],[-158.0133046,21.3249236],[-158.0133139,21.3249156],[-158.0133269,21.3249156],[-158.0133391,21.3249296],[-158.0133355,21.3249463]]]}},{"type":"Feature","properties":{"g":"areia"},"geometry":{"type":"Polygon","coordinates":[[[-158.0151378,21.3253656],[-158.0150937,21.3253515],[-158.0150688,21.3253193],[-158.0150481,21.325273],[-158.0150522,21.3252396],[-158.0150619,21.3252125],[-158.0150868,21.32521],[-158.0151144,21.325219],[-158.0151268,21.3252421],[-158.0151061,21.3252704],[-158.0151061,21.325291],[-158.0151254,21.3253039],[-158.0151503,21.3253077],[-158.0151668,21.3253257],[-158.0151572,21.3253527],[-158.0151378,21.3253656]]]}},{"type":"Feature","properties":{"g":"areia"},"geometry":{"type":"Polygon","coordinates":[[[-158.0152773,21.3257656],[-158.015153,21.3257566],[-158.0151268,21.325763],[-158.0151075,21.325772],[-158.0150868,21.3257605],[-158.0150909,21.3257257],[-158.0151144,21.325709],[-158.0151406,21.3257103],[-158.0151737,21.325718],[-158.0151972,21.3257283],[-158.0152165,21.3257283],[-158.0152442,21.3257142],[-158.0152897,21.3256884],[-158.0153132,21.3256897],[-158.0153339,21.3257039],[-158.015338,21.325727],[-158.0153118,21.3257515],[-158.0152773,21.3257656]]]}},{"type":"Feature","properties":{"g":"areia"},"geometry":{"type":"Polygon","coordinates":[[[-158.0173642,21.3255906],[-158.017335,21.3256017],[-158.0172863,21.3256138],[-158.0172539,21.3256319],[-158.017229,21.325638],[-158.0171911,21.325639],[-158.0171717,21.3256208],[-158.0171814,21.3255967],[-158.017203,21.3255725],[-158.017229,21.3255513],[-158.0172615,21.3255352],[-158.0172744,21.3255352],[-158.0172918,21.3255402],[-158.0173058,21.3255433],[-158.0173275,21.3255433],[-158.0173642,21.3255382],[-158.0173848,21.3255392],[-158.0173924,21.3255594],[-158.0173826,21.3255785],[-158.0173642,21.3255906]]]}},{"type":"Feature","properties":{"g":"areia"},"geometry":{"type":"Polygon","coordinates":[[[-158.0175979,21.325897],[-158.0175752,21.325907],[-158.0175535,21.325907],[-158.0175384,21.3259332],[-158.0175265,21.3259504],[-158.0175092,21.3259554],[-158.0174908,21.3259463],[-158.0174865,21.3259342],[-158.0174822,21.3259111],[-158.0174594,21.325897],[-158.0174313,21.325896],[-158.0174118,21.3259141],[-158.0173945,21.3259151],[-158.0173761,21.325907],[-158.0173718,21.3258869],[-158.0173761,21.3258728],[-158.0173686,21.3258607],[-158.0173534,21.3258526],[-158.0173318,21.3258597],[-158.0173166,21.3258617],[-158.0172928,21.3258526],[-158.017282,21.3258375],[-158.017282,21.3258032],[-158.0172896,21.3257791],[-158.0173026,21.3257619],[-158.0173145,21.3257539],[-158.0173275,21.3257549],[-158.0173448,21.325769],[-158.0173772,21.3257851],[-158.0173924,21.3257861],[-158.0174043,21.3257791],[-158.0174118,21.325766],[-158.0174162,21.3257549],[-158.0174302,21.3257488],[-158.0174508,21.3257539],[-158.017467,21.325766],[-158.0174832,21.3257851],[-158.0174908,21.3258113],[-158.0174962,21.3258395],[-158.017507,21.3258587],[-158.0175265,21.3258597],[-158.0175438,21.3258546],[-158.017559,21.3258436],[-158.0175676,21.3258375],[-158.0175828,21.3258425],[-158.0176066,21.3258486],[-158.0176141,21.3258567],[-158.0176098,21.3258829],[-158.0175979,21.325897]]]}},{"type":"Feature","properties":{"g":"areia"},"geometry":{"type":"Polygon","coordinates":[[[-158.0187967,21.3270907],[-158.0187614,21.3270916],[-158.0187356,21.3271041],[-158.018726,21.3271245],[-158.0186983,21.327145],[-158.0186735,21.3271521],[-158.0186439,21.327145],[-158.0186162,21.3271397],[-158.0186067,21.3271334],[-158.0186067,21.3271219],[-158.0186258,21.3271085],[-158.0186372,21.327097],[-158.018664,21.3270881],[-158.018684,21.3270738],[-158.0186955,21.3270463],[-158.0187069,21.3270267],[-158.0187327,21.3270187],[-158.0187509,21.3270187],[-158.0187824,21.3270294],[-158.0188053,21.3270436],[-158.0188158,21.3270578],[-158.018812,21.3270765],[-158.0187967,21.3270907]]]}},{"type":"Feature","properties":{"g":"areia"},"geometry":{"type":"Polygon","coordinates":[[[-158.0159441,21.3266177],[-158.0159473,21.3266385],[-158.0159306,21.3266621],[-158.0159123,21.326668],[-158.0158909,21.3266695],[-158.0158663,21.3266606],[-158.0158464,21.3266584],[-158.0158297,21.3266732],[-158.0158123,21.3267095],[-158.01579,21.3267524],[-158.0157742,21.3267568],[-158.0157551,21.3267391],[-158.0157591,21.3267183],[-158.0157591,21.3267035],[-158.0157337,21.3266961],[-158.0157273,21.3266851],[-158.0157384,21.3266599],[-158.0157543,21.3266458],[-158.0157757,21.3266185],[-158.0157757,21.3266007],[-158.0157726,21.3265859],[-158.0157813,21.3265689],[-158.0157972,21.326563],[-158.0158107,21.3265785],[-158.0158345,21.3265867],[-158.0158536,21.3265815],[-158.0158718,21.3265652],[-158.0158528,21.3265423],[-158.015856,21.3265223],[-158.015875,21.3265023],[-158.0158925,21.3264905],[-158.0159322,21.3264927],[-158.0159505,21.3264898],[-158.0159695,21.3264861],[-158.015991,21.326492],[-158.0160116,21.3265127],[-158.0160172,21.3265371],[-158.016018,21.326563],[-158.0160164,21.32658],[-158.016006,21.3265978],[-158.0159822,21.3266007],[-158.015952,21.3265859],[-158.015929,21.3265859],[-158.015929,21.3266007],[-158.0159441,21.3266177]]]}},{"type":"Feature","properties":{"g":"areia"},"geometry":{"type":"Polygon","coordinates":[[[-158.014409,21.3265486],[-158.0143762,21.3265546],[-158.0143363,21.3265513],[-158.0143135,21.3265373],[-158.0143014,21.3265101],[-158.0142822,21.3264982],[-158.0142223,21.3265028],[-158.0141717,21.3264982],[-158.0141439,21.3264816],[-158.0141368,21.326465],[-158.0141432,21.326447],[-158.0141638,21.3264391],[-158.0141874,21.3264245],[-158.0142095,21.3264105],[-158.0142351,21.3263939],[-158.0142515,21.3263806],[-158.0142665,21.3263813],[-158.0142715,21.3263952],[-158.0142786,21.3264158],[-158.0142936,21.3264211],[-158.0143085,21.3264112],[-158.0143192,21.3263939],[-158.0143299,21.326386],[-158.014362,21.3263959],[-158.0143734,21.3264198],[-158.0143712,21.326447],[-158.0143598,21.3264623],[-158.0143584,21.3264769],[-158.014372,21.3264862],[-158.0143834,21.3264855],[-158.0144097,21.3264875],[-158.0144325,21.3265048],[-158.0144347,21.326524],[-158.0144254,21.3265393],[-158.014409,21.3265486]]]}},{"type":"Feature","properties":{"g":"areia"},"geometry":{"type":"Polygon","coordinates":[[[-158.0110557,21.3276322],[-158.0110371,21.3276582],[-158.0110135,21.3276825],[-158.0109957,21.3277077],[-158.0109848,21.3277337],[-158.0109611,21.3277517],[-158.0109231,21.3277557],[-158.0108928,21.3277415],[-158.0108658,21.3277274],[-158.0108539,21.327703],[-158.0108438,21.3276802],[-158.0108404,21.3276621],[-158.0108531,21.3276409],[-158.0108683,21.3276385],[-158.0109122,21.3276487],[-158.0109231,21.3276582],[-158.0109426,21.3276652],[-158.0109704,21.3276613],[-158.0109865,21.3276472],[-158.0109966,21.3276275],[-158.0110109,21.327611],[-158.0110312,21.3275992],[-158.0110523,21.3276118],[-158.0110557,21.3276322]]]}},{"type":"Feature","properties":{"g":"areia"},"geometry":{"type":"Polygon","coordinates":[[[-158.0111662,21.3277572],[-158.0111088,21.3277565],[-158.0110835,21.3277407],[-158.011081,21.3277124],[-158.0110785,21.3276967],[-158.0110852,21.3276755],[-158.0111038,21.327659],[-158.0111114,21.3276417],[-158.0111072,21.327622],[-158.0111055,21.3276063],[-158.0111114,21.3275906],[-158.0111274,21.327578],[-158.0111595,21.3275583],[-158.0111713,21.3275622],[-158.011173,21.3275788],[-158.0111679,21.3276039],[-158.0111629,21.3276291],[-158.0111637,21.3276503],[-158.0111797,21.3276613],[-158.0112101,21.3276676],[-158.0112346,21.327666],[-158.011249,21.3276778],[-158.0112523,21.3276975],[-158.0112447,21.3277226],[-158.0112338,21.3277368],[-158.0111975,21.3277509],[-158.0111662,21.3277572]]]}},{"type":"Feature","properties":{"g":"areia"},"geometry":{"type":"Polygon","coordinates":[[[-158.0078768,21.3257782],[-158.0078826,21.325801],[-158.0078738,21.3258238],[-158.0078542,21.3258365],[-158.0078229,21.3258374],[-158.0077984,21.3258183],[-158.0078024,21.3257964],[-158.0078112,21.3257782],[-158.0077916,21.325759],[-158.0077818,21.3257353],[-158.0077916,21.3257152],[-158.0077887,21.3256979],[-158.007771,21.3256797],[-158.007772,21.3256596],[-158.0077847,21.3256404],[-158.0078082,21.3256322],[-158.0078376,21.3256368],[-158.0078562,21.3256514],[-158.0078552,21.3256632],[-158.0078631,21.3256842],[-158.0078748,21.3257006],[-158.0078875,21.3257207],[-158.0078885,21.3257389],[-158.0078797,21.3257608],[-158.0078768,21.3257782]]]}},{"type":"Feature","properties":{"g":"areia"},"geometry":{"type":"Polygon","coordinates":[[[-158.0065071,21.3249555],[-158.0065277,21.324972],[-158.0065345,21.325002],[-158.0065228,21.3250194],[-158.0065012,21.3250276],[-158.0064709,21.3250166],[-158.0064474,21.3250084],[-158.0064347,21.3249929],[-158.0064258,21.3249738],[-158.0064386,21.3249501],[-158.0064307,21.3249355],[-158.0064043,21.3249245],[-158.0063896,21.3248999],[-158.0063798,21.3248725],[-158.0063749,21.3248461],[-158.0063935,21.3248224],[-158.0064141,21.3248206],[-158.0064366,21.3248242],[-158.0064523,21.3248397],[-158.0064728,21.3248662],[-158.0064787,21.3248808],[-158.0064983,21.3248862],[-158.0065061,21.3248999],[-158.0064963,21.3249218],[-158.0064924,21.3249373],[-158.0065071,21.3249555]]]}},{"type":"Feature","properties":{"g":"areia"},"geometry":{"type":"Polygon","coordinates":[[[-158.0044195,21.3264355],[-158.0044223,21.3264846],[-158.004407,21.3265104],[-158.0043793,21.3265039],[-158.0043599,21.3264936],[-158.0043432,21.3264871],[-158.0043072,21.3264755],[-158.0043044,21.326451],[-158.0043169,21.3264342],[-158.0043488,21.3264226],[-158.004364,21.3264187],[-158.004389,21.3264226],[-158.0044195,21.3264355]]]}},{"type":"Feature","properties":{"g":"areia"},"geometry":{"type":"Polygon","coordinates":[[[-158.0044791,21.3261694],[-158.0044098,21.3261681],[-158.0043571,21.3261733],[-158.0043363,21.3261849],[-158.0043335,21.3262082],[-158.0043529,21.3262327],[-158.0043931,21.326256],[-158.0044209,21.3262702],[-158.0044597,21.3262572],[-158.0044846,21.3262288],[-158.0045027,21.3262004],[-158.0044999,21.3261823],[-158.0044791,21.3261694]]]}},{"type":"Feature","properties":{"g":"areia"},"geometry":{"type":"Polygon","coordinates":[[[-158.0057869,21.3261415],[-158.0057799,21.3261654],[-158.0057706,21.326186],[-158.0057508,21.3261936],[-158.005724,21.3261882],[-158.0057042,21.3261676],[-158.0056669,21.3261437],[-158.0056518,21.3261198],[-158.0056285,21.3260873],[-158.005618,21.3260635],[-158.0056204,21.3260418],[-158.0056413,21.3260309],[-158.0056588,21.3260298],[-158.0056716,21.3260407],[-158.0056856,21.3260374],[-158.00571,21.3260342],[-158.0057263,21.3260472],[-158.0057158,21.3260732],[-158.0057065,21.3260938],[-158.0057124,21.3261198],[-158.0057286,21.3261253],[-158.0057589,21.3261231],[-158.0057869,21.3261415]]]}},{"type":"Feature","properties":{"g":"areia"},"geometry":{"type":"Polygon","coordinates":[[[-158.00584,21.3273926],[-158.0058465,21.3274191],[-158.0058439,21.327436],[-158.0058245,21.327442],[-158.005796,21.3274589],[-158.0057624,21.3274625],[-158.005743,21.3274734],[-158.0057184,21.3274734],[-158.0056964,21.3274444],[-158.0057042,21.3274179],[-158.0057378,21.3274047],[-158.0057689,21.3273745],[-158.0057676,21.3273432],[-158.0057728,21.3273143],[-158.0057702,21.3272926],[-158.0057935,21.3272818],[-158.0058232,21.3272709],[-158.0058387,21.3272577],[-158.005862,21.3272673],[-158.0058763,21.3272974],[-158.005875,21.3273095],[-158.0058801,21.3273396],[-158.0058866,21.3273492],[-158.005884,21.3273685],[-158.0058594,21.327383],[-158.00584,21.3273926]]]}},{"type":"Feature","properties":{"g":"areia"},"geometry":{"type":"Polygon","coordinates":[[[-158.0052294,21.3281036],[-158.0052191,21.3281409],[-158.0052294,21.3281711],[-158.0052618,21.3281614],[-158.0052708,21.3281434],[-158.0052657,21.3281253],[-158.0052721,21.3281132],[-158.0052954,21.3281241],[-158.0053122,21.3281132],[-158.0053122,21.3280976],[-158.0053032,21.3280783],[-158.0052812,21.3280771],[-158.0052954,21.3280554],[-158.00532,21.3280421],[-158.0053239,21.3280253],[-158.0053109,21.3280156],[-158.0052838,21.328018],[-158.0052682,21.3280277],[-158.005254,21.3280265],[-158.0052476,21.3280024],[-158.005245,21.3279855],[-158.0052294,21.3279783],[-158.0051984,21.3279771],[-158.0051842,21.3279867],[-158.0051829,21.3279963],[-158.005188,21.328012],[-158.0051803,21.3280216],[-158.0051583,21.3280265],[-158.0051389,21.3280433],[-158.0051376,21.3280662],[-158.0051466,21.328071],[-158.0051777,21.3280674],[-158.0052023,21.3280831],[-158.0052294,21.3281036]]]}},{"type":"Feature","properties":{"g":"areia"},"geometry":{"type":"Polygon","coordinates":[[[-158.005232,21.3285446],[-158.0052049,21.328535],[-158.0051764,21.3285193],[-158.0051661,21.3285],[-158.0051622,21.3284759],[-158.0051622,21.328441],[-158.0051725,21.3284121],[-158.0051842,21.3284012],[-158.0051958,21.3284012],[-158.0052062,21.3284181],[-158.0052204,21.3284253],[-158.0052372,21.3284193],[-158.0052398,21.3284482],[-158.005232,21.3284699],[-158.0052152,21.3284844],[-158.005232,21.3285061],[-158.0052476,21.3285217],[-158.005232,21.3285446]]]}},{"type":"Feature","properties":{"g":"areia"},"geometry":{"type":"Polygon","coordinates":[[[-158.0050043,21.3286374],[-158.0049138,21.3286712],[-158.004906,21.3287001],[-158.0049112,21.3287326],[-158.0049177,21.3287663],[-158.0049267,21.3287832],[-158.0049526,21.3287832],[-158.0049642,21.3287724],[-158.0049617,21.3287495],[-158.0049642,21.3287266],[-158.0049862,21.3287121],[-158.0050043,21.3287133],[-158.0050173,21.328735],[-158.0050406,21.3287471],[-158.0050626,21.3287495],[-158.005082,21.328741],[-158.0050975,21.3287302],[-158.0050962,21.3287121],[-158.0050794,21.3286953],[-158.0050936,21.3286904],[-158.0051143,21.3286868],[-158.0051324,21.3286856],[-158.0051518,21.3286712],[-158.0051583,21.3286531],[-158.0051583,21.3286374],[-158.0051311,21.3286266],[-158.0050988,21.3286314],[-158.0050768,21.3286446],[-158.0050613,21.3286579],[-158.005038,21.3286579],[-158.0050263,21.3286398],[-158.0050043,21.3286374]]]}},{"type":"Feature","properties":{"g":"areia"},"geometry":{"type":"Polygon","coordinates":[[[-158.0045244,21.3307063],[-158.0045311,21.3307326],[-158.0045178,21.3307604],[-158.0044929,21.3307836],[-158.0044564,21.3307759],[-158.0044431,21.3307852],[-158.0044531,21.330813],[-158.0044497,21.3308285],[-158.0044265,21.3308424],[-158.0043933,21.3308362],[-158.0043734,21.3308501],[-158.0043767,21.3308625],[-158.0043584,21.3308718],[-158.0043385,21.3308625],[-158.0043269,21.3308362],[-158.0043269,21.3308145],[-158.0043402,21.3308037],[-158.0043734,21.3308006],[-158.0044066,21.3307743],[-158.0044215,21.330748],[-158.0044199,21.3307186],[-158.004385,21.3306955],[-158.0043916,21.3306645],[-158.0044132,21.3306568],[-158.0044481,21.3306614],[-158.0044846,21.3306475],[-158.0045078,21.330646],[-158.0045278,21.3306676],[-158.0045244,21.3307063]]]}},{"type":"Feature","properties":{"g":"areia"},"geometry":{"type":"Polygon","coordinates":[[[-158.0041177,21.331894],[-158.0041061,21.3319435],[-158.0041044,21.3319652],[-158.004121,21.3319884],[-158.0041144,21.3320162],[-158.0040961,21.3320317],[-158.0040679,21.3320162],[-158.0040563,21.331976],[-158.0040596,21.3319451],[-158.0040596,21.3319172],[-158.0040479,21.3319064],[-158.004023,21.3318801],[-158.0040247,21.3318507],[-158.0040363,21.3318275],[-158.004033,21.3317981],[-158.004043,21.3317765],[-158.0040596,21.331761],[-158.0040861,21.331761],[-158.0041044,21.3317657],[-158.004111,21.3317827],[-158.0041127,21.3318105],[-158.0041011,21.3318352],[-158.0040812,21.3318507],[-158.0040729,21.3318615],[-158.0040729,21.3318739],[-158.0041011,21.331877],[-158.0041177,21.331894]]]}},{"type":"Feature","properties":{"g":"areia"},"geometry":{"type":"Polygon","coordinates":[[[-158.0038118,21.3320902],[-158.0038345,21.3320761],[-158.0038283,21.3320582],[-158.0038105,21.3320428],[-158.0037974,21.3320127],[-158.0037919,21.3319999],[-158.0037809,21.3319855],[-158.0037714,21.3319802],[-158.0037613,21.3319877],[-158.0037658,21.3319993],[-158.003752,21.3320095],[-158.003728,21.3320127],[-158.0037245,21.3320217],[-158.0037307,21.3320326],[-158.0037493,21.3320339],[-158.0037671,21.3320467],[-158.0037761,21.3320684],[-158.0037706,21.3320813],[-158.0037699,21.3320947],[-158.0037788,21.3321017],[-158.0037919,21.3321005],[-158.0038118,21.3320902]]]}},{"type":"Feature","properties":{"g":"areia"},"geometry":{"type":"Polygon","coordinates":[[[-158.0051396,21.3295594],[-158.0051304,21.3295965],[-158.0051017,21.3296207],[-158.0050804,21.3296396],[-158.0050683,21.3296448],[-158.0050535,21.3296388],[-158.0050202,21.3296379],[-158.0050072,21.3296319],[-158.0049831,21.3296077],[-158.0049794,21.3295879],[-158.004997,21.3295646],[-158.0050183,21.3295387],[-158.0050331,21.3295335],[-158.0050554,21.3295491],[-158.0050748,21.3295594],[-158.0050998,21.3295499],[-158.0051128,21.3295439],[-158.0051322,21.3295378],[-158.0051406,21.3295473],[-158.0051396,21.3295594]]]}},{"type":"Feature","properties":{"g":"areia"},"geometry":{"type":"Polygon","coordinates":[[[-158.005411,21.3296146],[-158.0054546,21.3296267],[-158.0054823,21.3296629],[-158.0054851,21.3296854],[-158.005462,21.3297026],[-158.005437,21.3297061],[-158.0054221,21.3296949],[-158.0054166,21.3296785],[-158.0053907,21.3296767],[-158.0053749,21.329669],[-158.0053638,21.3296535],[-158.0053499,21.329656],[-158.0053416,21.3296742],[-158.0053286,21.3296871],[-158.0052878,21.329694],[-158.0052564,21.3296742],[-158.0052508,21.3296517],[-158.0052638,21.329631],[-158.0052684,21.3296094],[-158.0052628,21.3295818],[-158.0052665,21.329568],[-158.0052832,21.3295577],[-158.0053027,21.3295491],[-158.0053175,21.3295447],[-158.0053184,21.3295171],[-158.0053193,21.3294912],[-158.0053527,21.3294731],[-158.0053647,21.3294757],[-158.0053795,21.3294869],[-158.0053888,21.3295051],[-158.0054008,21.3295051],[-158.0054157,21.3294947],[-158.0054416,21.3294921],[-158.0054694,21.3295128],[-158.0054694,21.3295292],[-158.0054629,21.3295516],[-158.0054342,21.3295741],[-158.005411,21.3295905],[-158.0053999,21.3296034],[-158.005411,21.3296146]]]}},{"type":"Feature","properties":{"g":"areia"},"geometry":{"type":"Polygon","coordinates":[[[-158.006382,21.3281567],[-158.0063562,21.3281373],[-158.0063287,21.3281203],[-158.0062929,21.3281024],[-158.0062638,21.328104],[-158.0062313,21.3281265],[-158.0062205,21.3281427],[-158.0062138,21.3281683],[-158.0062272,21.3281807],[-158.0062538,21.32819],[-158.0062813,21.3281784],[-158.0062996,21.3281691],[-158.0063112,21.3281722],[-158.0063137,21.3281924],[-158.0063071,21.3282149],[-158.0063212,21.3282304],[-158.0063454,21.3282342],[-158.0063604,21.3282242],[-158.0063845,21.3281947],[-158.0063903,21.3281691],[-158.006382,21.3281567]]]}},{"type":"Feature","properties":{"g":"areia"},"geometry":{"type":"Polygon","coordinates":[[[-158.0061123,21.3281947],[-158.0061439,21.3281947],[-158.0061805,21.3281784],[-158.0061722,21.3281598],[-158.0061539,21.3281466],[-158.0061106,21.3281489],[-158.0060798,21.3281412],[-158.0060482,21.3281389],[-158.0060315,21.3281544],[-158.0060116,21.3281792],[-158.0060107,21.328197],[-158.0060215,21.3282164],[-158.006049,21.3282358],[-158.006079,21.3282482],[-158.0060923,21.3282381],[-158.0060948,21.3282218],[-158.006079,21.3282055],[-158.0060915,21.3281869],[-158.0061123,21.3281947]]]}},{"type":"Feature","properties":{"g":"areia"},"geometry":{"type":"Polygon","coordinates":[[[-158.0069391,21.3267172],[-158.0068868,21.3267259],[-158.006842,21.3267241],[-158.0068009,21.3267137],[-158.0067691,21.3266893],[-158.006771,21.3266632],[-158.0067915,21.3266441],[-158.0068139,21.3266424],[-158.0068345,21.3266458],[-158.0068476,21.326658],[-158.0068681,21.3266598],[-158.0068887,21.3266476],[-158.0069129,21.3266441],[-158.0069428,21.326658],[-158.0069615,21.3266789],[-158.0069578,21.3266998],[-158.0069391,21.3267172]]]}},{"type":"Feature","properties":{"g":"areia"},"geometry":{"type":"Polygon","coordinates":[[[-158.0068583,21.3261554],[-158.0068454,21.3261951],[-158.0068415,21.3262445],[-158.0068363,21.3262819],[-158.0068092,21.3262879],[-158.006782,21.3262963],[-158.0067522,21.3263084],[-158.0067225,21.326312],[-158.0067031,21.3262988],[-158.0066992,21.3262807],[-158.0067134,21.3262614],[-158.0066953,21.3262325],[-158.0067018,21.326206],[-158.0067173,21.3261927],[-158.006729,21.3261867],[-158.0067445,21.3261963],[-158.0067639,21.3261915],[-158.0067639,21.3261783],[-158.0067561,21.326159],[-158.0067522,21.3261493],[-158.0067587,21.3261276],[-158.006782,21.3261011],[-158.0068079,21.3260843],[-158.0068092,21.3260577],[-158.0068286,21.3260385],[-158.0068506,21.3260349],[-158.0068726,21.3260433],[-158.006901,21.3260831],[-158.0069127,21.3260903],[-158.0069346,21.3260939],[-158.0069618,21.3261072],[-158.0069709,21.3261276],[-158.0069618,21.3261481],[-158.0069489,21.3261529],[-158.0069269,21.3261542],[-158.006901,21.3261385],[-158.0068764,21.3261349],[-158.0068583,21.3261554]]]}},{"type":"Feature","properties":{"g":"areia"},"geometry":{"type":"Polygon","coordinates":[[[-158.0071701,21.3263964],[-158.0071727,21.3263723],[-158.0071559,21.326359],[-158.00713,21.326365],[-158.0071158,21.3263795],[-158.0071093,21.3263952],[-158.0071209,21.326412],[-158.0071132,21.3264217],[-158.0070808,21.326441],[-158.0070653,21.3264638],[-158.0070317,21.3264831],[-158.0070084,21.3264904],[-158.006998,21.3265084],[-158.0070032,21.3265313],[-158.0070252,21.3265482],[-158.0070511,21.326553],[-158.0070744,21.3265423],[-158.007086,21.3265277],[-158.0071028,21.3265277],[-158.0071222,21.3265193],[-158.0071365,21.3265],[-158.0071326,21.3264819],[-158.0071481,21.326459],[-158.0071727,21.326459],[-158.0071856,21.3264494],[-158.0071869,21.3264289],[-158.0071727,21.3264144],[-158.0071623,21.3264072],[-158.0071701,21.3263964]]]}},{"type":"Feature","properties":{"g":"areia"},"geometry":{"type":"Polygon","coordinates":[[[-158.0069024,21.3289756],[-158.0068658,21.32899],[-158.0068558,21.3290117],[-158.0068547,21.3290448],[-158.006868,21.3290686],[-158.006888,21.3290686],[-158.0069091,21.3290613],[-158.0069423,21.3290417],[-158.0069656,21.32902],[-158.0069956,21.3290117],[-158.0070056,21.3289828],[-158.0070011,21.3289642],[-158.0070133,21.3289487],[-158.0070311,21.3289301],[-158.0070333,21.3289033],[-158.0070133,21.3288805],[-158.00699,21.3288702],[-158.0069667,21.3288743],[-158.0069357,21.3288878],[-158.0069246,21.3288991],[-158.0069279,21.3289177],[-158.0069335,21.3289332],[-158.0069202,21.3289384],[-158.0069146,21.3289611],[-158.0069024,21.3289756]]]}},{"type":"Feature","properties":{"g":"areia"},"geometry":{"type":"Polygon","coordinates":[[[-158.005719,21.3300862],[-158.005699,21.330142],[-158.0056835,21.330172],[-158.0056691,21.3301895],[-158.0056391,21.3301875],[-158.0056014,21.3301751],[-158.0055881,21.3301616],[-158.0055892,21.3301327],[-158.0056058,21.3301172],[-158.0056192,21.3300862],[-158.0056291,21.3300604],[-158.0056535,21.3300315],[-158.0056768,21.3300253],[-158.0056979,21.3300325],[-158.0057179,21.3300583],[-158.005719,21.3300862]]]}},{"type":"Feature","properties":{"g":"areia"},"geometry":{"type":"Polygon","coordinates":[[[-158.0058088,21.3299406],[-158.0058044,21.3299023],[-158.0057877,21.329892],[-158.00577,21.3298951],[-158.0057456,21.3299137],[-158.0057445,21.3299406],[-158.0057567,21.3299684],[-158.0057755,21.3299757],[-158.0057999,21.3299736],[-158.0058133,21.3299571],[-158.0058088,21.3299406]]]}},{"type":"Feature","properties":{"g":"areia"},"geometry":{"type":"Polygon","coordinates":[[[-158.0059253,21.3299498],[-158.0059153,21.3299664],[-158.005882,21.3299746],[-158.0058521,21.3299633],[-158.0058365,21.3299467],[-158.0058354,21.3299251],[-158.0058465,21.3298972],[-158.0058643,21.3298858],[-158.0058842,21.3298827],[-158.0059186,21.3298889],[-158.0059341,21.3298941],[-158.0059364,21.3299178],[-158.0059341,21.3299354],[-158.0059253,21.3299498]]]}},{"type":"Feature","properties":{"g":"areia"},"geometry":{"type":"Polygon","coordinates":[[[-158.0061061,21.3300997],[-158.0060794,21.3301162],[-158.0060373,21.3301265],[-158.0060262,21.330143],[-158.0060162,21.3301616],[-158.0059963,21.330174],[-158.0059818,21.330172],[-158.0059752,21.3301554],[-158.0059785,21.3301317],[-158.0059929,21.330109],[-158.0060107,21.3300924],[-158.0060229,21.3300697],[-158.0060162,21.3300459],[-158.0060029,21.3300201],[-158.0060018,21.3299963],[-158.0060262,21.3299777],[-158.006044,21.3299808],[-158.0060584,21.3299943],[-158.0060717,21.3299963],[-158.0060872,21.3299943],[-158.0061016,21.3300056],[-158.0061105,21.3300315],[-158.0061094,21.330049],[-158.0061027,21.3300687],[-158.0061072,21.3300842],[-158.0061061,21.3300997]]]}},{"type":"Feature","properties":{"g":"areia"},"geometry":{"type":"Polygon","coordinates":[[[-158.0081241,21.3275865],[-158.0080983,21.3276016],[-158.008066,21.3276166],[-158.008058,21.3276391],[-158.0080418,21.3276541],[-158.008016,21.3276541],[-158.0079999,21.3276286],[-158.0080144,21.327588],[-158.0080499,21.3275685],[-158.0080886,21.327552],[-158.008116,21.327552],[-158.0081273,21.3275655],[-158.0081241,21.3275865]]]}},{"type":"Feature","properties":{"g":"areia"},"geometry":{"type":"Polygon","coordinates":[[[-158.0084998,21.327564],[-158.0084821,21.3275234],[-158.0084273,21.3274979],[-158.0083918,21.3275039],[-158.0083757,21.3275189],[-158.0083821,21.3275445],[-158.0084015,21.3275685],[-158.008416,21.3276001],[-158.0084321,21.3276271],[-158.0084643,21.3276226],[-158.0084902,21.3276016],[-158.0084998,21.327564]]]}},{"type":"Feature","properties":{"g":"recreation_ground"},"geometry":{"type":"Polygon","coordinates":[[[-157.9260791,21.3962623],[-157.9256789,21.3962191],[-157.9255659,21.3961766],[-157.925593,21.3959591],[-157.9256074,21.3959607],[-157.9256978,21.3959704],[-157.9256998,21.3959544],[-157.9257089,21.3959554],[-157.9261119,21.395999],[-157.9260791,21.3962623]]]}},{"type":"Feature","properties":{"g":"farmland"},"geometry":{"type":"Polygon","coordinates":[[[-157.9653684,21.389663],[-157.9653213,21.3896689],[-157.9652743,21.389567],[-157.9653506,21.3895563],[-157.9653684,21.389663]]]}},{"type":"Feature","properties":{"g":"grass"},"geometry":{"type":"Polygon","coordinates":[[[-158.0282015,21.3471982],[-158.0282059,21.3471868],[-158.0282033,21.3471712],[-158.0281928,21.3471631],[-158.0281814,21.3471631],[-158.0278132,21.3473851],[-158.0274012,21.3476766],[-158.0275441,21.347599],[-158.0282015,21.3471982]]]}},{"type":"Feature","properties":{"g":"grass"},"geometry":{"type":"Polygon","coordinates":[[[-157.9598778,21.3931485],[-157.9598412,21.3931855],[-157.959796,21.3932246],[-157.9597464,21.3932628],[-157.9596834,21.3933049],[-157.9596261,21.3933412],[-157.9595786,21.393366],[-157.9595246,21.3933904],[-157.9595595,21.3933427],[-157.9595868,21.3932931],[-157.9596096,21.3932413],[-157.9596255,21.3931874],[-157.9596341,21.393132],[-157.9596351,21.3930731],[-157.9596279,21.3930146],[-157.9596126,21.3929574],[-157.9595908,21.3928985],[-157.959551,21.3928107],[-157.9599392,21.3930658],[-157.9599281,21.393095],[-157.9598778,21.3931485]]]}},{"type":"Feature","properties":{"g":"grass"},"geometry":{"type":"Polygon","coordinates":[[[-157.9573932,21.3935569],[-157.9569526,21.3935588],[-157.9567903,21.3935519],[-157.9561003,21.3935282],[-157.9561013,21.393511],[-157.9563397,21.3934838],[-157.9566448,21.3934376],[-157.9569291,21.3933827],[-157.9572282,21.3933134],[-157.9573713,21.3932725],[-157.9575373,21.3932241],[-157.9576325,21.3931941],[-157.9577364,21.393161],[-157.9578846,21.3931124],[-157.9580851,21.3930387],[-157.9583507,21.3929338],[-157.9588345,21.3927215],[-157.9587363,21.3928129],[-157.9586812,21.392892],[-157.9586524,21.3929643],[-157.9586404,21.3930536],[-157.9586363,21.3931442],[-157.9586631,21.3932575],[-157.9586792,21.3933002],[-157.9586998,21.3933427],[-157.9587265,21.3933839],[-157.9587611,21.3934189],[-157.9587983,21.3934517],[-157.9588485,21.3934857],[-157.9589099,21.3935173],[-157.9589746,21.3935415],[-157.9590417,21.3935573],[-157.959106,21.3935632],[-157.9591702,21.3935623],[-157.9592326,21.3935568],[-157.9592961,21.3935454],[-157.959374,21.3935291],[-157.9594581,21.3935046],[-157.9595375,21.3934739],[-157.9596207,21.3934366],[-157.959708,21.3933879],[-157.9597824,21.3933385],[-157.9598482,21.3932891],[-157.9598979,21.3932432],[-157.9599455,21.3931982],[-157.9599678,21.3931805],[-157.9599774,21.3931759],[-157.9599885,21.393181],[-157.9599885,21.3931904],[-157.9599737,21.393216],[-157.9599583,21.393241],[-157.959915,21.3932858],[-157.9598594,21.3933393],[-157.9597925,21.3933954],[-157.9597203,21.3934507],[-157.9596371,21.3935094],[-157.9595325,21.3935644],[-157.9594367,21.3936041],[-157.9593567,21.3936311],[-157.9592638,21.3936561],[-157.9591467,21.3936736],[-157.959087,21.3936754],[-157.9589913,21.3936772],[-157.9583902,21.3936352],[-157.9573932,21.3935569]]]}},{"type":"Feature","properties":{"g":"grass"},"geometry":{"type":"Polygon","coordinates":[[[-157.9593291,21.3927409],[-157.9592756,21.3926994],[-157.9591914,21.3926473],[-157.9590078,21.3927286],[-157.9589427,21.3927602],[-157.9588941,21.3927905],[-157.9588393,21.3928371],[-157.9588043,21.3928751],[-157.9587731,21.3929255],[-157.9587475,21.3929844],[-157.9587328,21.3930365],[-157.9587288,21.3930971],[-157.9587325,21.3931514],[-157.9587455,21.3932074],[-157.958763,21.3932491],[-157.9587943,21.3932993],[-157.958821,21.393334],[-157.9588495,21.3933633],[-157.9588831,21.3933879],[-157.9589404,21.393419],[-157.9590054,21.3934461],[-157.9590654,21.3934597],[-157.9591134,21.3934629],[-157.9591637,21.3934635],[-157.9592127,21.3934587],[-157.959276,21.3934439],[-157.9593314,21.3934186],[-157.9593806,21.3933867],[-157.9594239,21.3933525],[-157.9594574,21.3933146],[-157.9594851,21.3932742],[-157.959507,21.3932341],[-157.9595258,21.3931856],[-157.9595382,21.3931398],[-157.9595405,21.3931061],[-157.9595412,21.3930664],[-157.9595372,21.3930259],[-157.9595254,21.3929759],[-157.959506,21.3929232],[-157.9594786,21.3928766],[-157.9594471,21.3928381],[-157.9594294,21.392849],[-157.9594079,21.3928216],[-157.9593758,21.3927855],[-157.9593291,21.3927409]]]}},{"type":"Feature","properties":{"g":"grass"},"geometry":{"type":"Polygon","coordinates":[[[-157.9581867,21.3915162],[-157.9581421,21.3916342],[-157.9581364,21.3916594],[-157.958145,21.3916648],[-157.9581648,21.3916436],[-157.9582605,21.3914719],[-157.9583129,21.3913961],[-157.9583789,21.3913243],[-157.9584491,21.3912622],[-157.9585129,21.391217],[-157.9585726,21.3911818],[-157.9586334,21.3911501],[-157.9587012,21.3911225],[-157.9587691,21.3910992],[-157.9588509,21.3910789],[-157.9589114,21.3910691],[-157.9589706,21.3910646],[-157.9590308,21.3910627],[-157.9590956,21.3910633],[-157.9591661,21.3910698],[-157.9592475,21.3910827],[-157.9593037,21.3910978],[-157.9593737,21.3911216],[-157.9594357,21.3911514],[-157.9594967,21.3911846],[-157.9595537,21.3912271],[-157.9596077,21.3912788],[-157.9596473,21.3913305],[-157.9596773,21.3913839],[-157.9597021,21.3914407],[-157.9597186,21.3914997],[-157.9597276,21.3915566],[-157.9597311,21.3916159],[-157.9597244,21.3916783],[-157.9597095,21.3917501],[-157.959682,21.3918182],[-157.9596463,21.39188],[-157.959611,21.3919249],[-157.9595827,21.3919542],[-157.9595467,21.3919852],[-157.9594887,21.3920331],[-157.9595971,21.3919893],[-157.9597558,21.3919229],[-157.9598686,21.3918775],[-157.9600639,21.3917965],[-157.9611408,21.3913529],[-157.9611097,21.391337],[-157.9610332,21.3913547],[-157.9609088,21.3913666],[-157.9607899,21.3913766],[-157.9606755,21.3913791],[-157.9605641,21.3913763],[-157.9604485,21.3913668],[-157.9603168,21.3913478],[-157.9601918,21.3913198],[-157.9600578,21.391283],[-157.9599391,21.3912443],[-157.9598178,21.391199],[-157.9596394,21.3911272],[-157.9593544,21.3910055],[-157.9592338,21.3909664],[-157.9591355,21.3909451],[-157.9590335,21.3909381],[-157.9589429,21.3909416],[-157.9588609,21.3909475],[-157.9587832,21.3909652],[-157.9587033,21.3909942],[-157.9586162,21.3910353],[-157.958548,21.391077],[-157.9584747,21.3911269],[-157.9584079,21.3911821],[-157.9583511,21.3912366],[-157.9583066,21.3912925],[-157.9582589,21.3913619],[-157.9582253,21.3914256],[-157.9581867,21.3915162]]]}},{"type":"Feature","properties":{"g":"recreation_ground"},"geometry":{"type":"Polygon","coordinates":[[[-157.9775143,21.4001522],[-157.9778274,21.4001509],[-157.9778274,21.400144],[-157.9778258,21.3998217],[-157.9775127,21.3998231],[-157.9775143,21.4001522]]]}},{"type":"Feature","properties":{"g":"grass"},"geometry":{"type":"Polygon","coordinates":[[[-157.9837542,21.3951917],[-157.9837445,21.3952141],[-157.9843642,21.395446],[-157.9845963,21.3955495],[-157.984896,21.3957354],[-157.985208,21.3956598],[-157.9852172,21.395638],[-157.9854994,21.3955593],[-157.9856463,21.3955121],[-157.9857998,21.3954613],[-157.9860768,21.3953789],[-157.9861743,21.395345],[-157.986264,21.3953147],[-157.9863811,21.395276],[-157.9865592,21.3952082],[-157.9866672,21.3951634],[-157.9867348,21.3951319],[-157.9868076,21.3951016],[-157.9868531,21.3950811],[-157.9869143,21.3950496],[-157.9869624,21.3950193],[-157.9870092,21.3949818],[-157.9870742,21.3949285],[-157.9871262,21.3948788],[-157.9871639,21.3948449],[-157.9872134,21.3947917],[-157.9872576,21.3947287],[-157.9872901,21.3946766],[-157.9873213,21.3946185],[-157.9873408,21.3945761],[-157.9873629,21.3945192],[-157.9873928,21.3944369],[-157.9874175,21.3943364],[-157.9874344,21.394254],[-157.9874475,21.3941705],[-157.9874735,21.3940748],[-157.987506,21.393984],[-157.9875333,21.3939174],[-157.987571,21.393846],[-157.9875346,21.393846],[-157.9871314,21.3942988],[-157.9870651,21.3943763],[-157.9870183,21.3944284],[-157.9869585,21.394495],[-157.986887,21.3945737],[-157.986776,21.3946745],[-157.986603,21.3948212],[-157.986548,21.3948679],[-157.986356,21.3950085],[-157.986172,21.3951117],[-157.9859,21.3952373],[-157.985582,21.3953423],[-157.9854304,21.3953838],[-157.9853576,21.3954031],[-157.985277,21.3954177],[-157.9851911,21.3954298],[-157.9851196,21.3954358],[-157.9850494,21.3954358],[-157.9849089,21.395431],[-157.9848114,21.3954261],[-157.9846957,21.3954189],[-157.9845526,21.3953995],[-157.9844252,21.3953765],[-157.9842912,21.3953474],[-157.9842423,21.3953351],[-157.9841968,21.3953197],[-157.984061,21.3952845],[-157.9839518,21.3952482],[-157.9837542,21.3951917]]]}},{"type":"Feature","properties":{"g":"wood"},"geometry":{"type":"Polygon","coordinates":[[[-157.985267,21.3959695],[-157.9855495,21.3961489],[-157.9855833,21.3961676],[-157.9856419,21.3962039],[-157.9861456,21.3965006],[-157.9865246,21.3967294],[-157.9867102,21.3968384],[-157.9868168,21.396899],[-157.9868929,21.3969383],[-157.9872344,21.3970881],[-157.9874581,21.3971632],[-157.987618,21.397214],[-157.987713,21.3972467],[-157.9877962,21.3972746],[-157.9879106,21.3973085],[-157.988081,21.3973654],[-157.9882384,21.397409],[-157.9884406,21.397458],[-157.9886194,21.397495],[-157.9887416,21.3975131],[-157.9888522,21.3975264],[-157.989003,21.3975398],[-157.9890915,21.397547],[-157.9892124,21.3975579],[-157.9893476,21.3975676],[-157.9895167,21.3975712],[-157.9898778,21.3975821],[-157.9903066,21.3975594],[-157.9901467,21.3975182],[-157.9899756,21.3974617],[-157.9898539,21.3974067],[-157.989707,21.39734],[-157.9895928,21.3972769],[-157.9894879,21.3972008],[-157.9893768,21.3971242],[-157.9892907,21.3970371],[-157.9892215,21.3969377],[-157.9891737,21.3968366],[-157.9891426,21.3967272],[-157.9891316,21.3966175],[-157.9891367,21.3965104],[-157.9891426,21.3963921],[-157.9891752,21.3962713],[-157.9892179,21.3961732],[-157.9892783,21.3960827],[-157.9893377,21.3960094],[-157.9894233,21.3959432],[-157.9895013,21.3958851],[-157.9896236,21.3958173],[-157.9897094,21.3957882],[-157.9898238,21.3957616],[-157.9899305,21.3957495],[-157.9900137,21.3957422],[-157.9901177,21.3957519],[-157.9902244,21.3957761],[-157.9903154,21.3958003],[-157.9903908,21.3958342],[-157.9904585,21.3958754],[-157.9905105,21.3959214],[-157.9905495,21.3959553],[-157.990175,21.3952942],[-157.9901333,21.3952385],[-157.9900891,21.3951779],[-157.9900423,21.3951344],[-157.9899851,21.3950835],[-157.9899097,21.395023],[-157.9898342,21.3949769],[-157.9897484,21.3949358],[-157.9896626,21.3948995],[-157.9895637,21.3948631],[-157.9894129,21.3948171],[-157.9893349,21.3948002],[-157.9890514,21.3958463],[-157.9890384,21.3959505],[-157.9890077,21.396473],[-157.9890693,21.3970278],[-157.9883283,21.3970644],[-157.9881696,21.3970717],[-157.9880526,21.397062],[-157.987946,21.3970354],[-157.9877171,21.3969603],[-157.9876104,21.396924],[-157.9875012,21.3968925],[-157.9873738,21.3968513],[-157.9872411,21.396798],[-157.9871137,21.3967448],[-157.986968,21.3966818],[-157.986877,21.3966358],[-157.9867599,21.3965607],[-157.9864374,21.3963379],[-157.9862556,21.3962065],[-157.9860684,21.3960621],[-157.9858032,21.3958304],[-157.985267,21.3959695]]]}},{"type":"Feature","properties":{"g":"grass"},"geometry":{"type":"Polygon","coordinates":[[[-157.9909405,21.3967893],[-157.9911017,21.3970639],[-157.9911767,21.3971937],[-157.9913663,21.3975621],[-157.9907708,21.3975324],[-157.9906589,21.3975251],[-157.9905757,21.3975154],[-157.9905133,21.397507],[-157.9904313,21.3974924],[-157.9903364,21.3974706],[-157.9902415,21.397444],[-157.9901179,21.3974028],[-157.9900542,21.3973786],[-157.9899866,21.3973483],[-157.9899072,21.3973084],[-157.9898266,21.3972696],[-157.989733,21.3972188],[-157.9896328,21.3971558],[-157.98956,21.3971062],[-157.9895015,21.3970662],[-157.9894469,21.3970178],[-157.9894079,21.396979],[-157.9893793,21.3969415],[-157.9893441,21.3968943],[-157.989309,21.3968301],[-157.9892765,21.396749],[-157.9892622,21.3966812],[-157.9892479,21.3966097],[-157.9892401,21.3965625],[-157.9892362,21.3965153],[-157.9892401,21.396462],[-157.9892557,21.396393],[-157.9892817,21.3963155],[-157.9893103,21.3962538],[-157.9893389,21.3962029],[-157.9894079,21.3961072],[-157.9894703,21.3960382],[-157.9895226,21.3959994],[-157.9896151,21.3959437],[-157.9896946,21.395908],[-157.9897824,21.3958817],[-157.9898948,21.3958653],[-157.9900064,21.3958626],[-157.990112,21.3958717],[-157.9902256,21.3959129],[-157.9903331,21.3959542],[-157.9904263,21.3960197],[-157.9905138,21.3961061],[-157.990579,21.3961857],[-157.990642,21.396278],[-157.9909405,21.3967893]]]}},{"type":"Feature","properties":{"g":"grass"},"geometry":{"type":"Polygon","coordinates":[[[-157.9886552,21.3934465],[-157.9884718,21.3934525],[-157.9884055,21.3934598],[-157.9883067,21.393478],[-157.9881376,21.3935337],[-157.9880505,21.3935724],[-157.9879802,21.3936172],[-157.9878983,21.3936802],[-157.9878398,21.3937347],[-157.9877709,21.3938073],[-157.9877227,21.3938775],[-157.987685,21.3939562],[-157.9876668,21.3940156],[-157.9876603,21.3940931],[-157.9876668,21.3941427],[-157.987672,21.3941887],[-157.9876772,21.3942287],[-157.9876967,21.3942783],[-157.987711,21.3943171],[-157.9877305,21.3943522],[-157.9877592,21.3943897],[-157.9877969,21.3944357],[-157.9878333,21.394466],[-157.9878814,21.3944999],[-157.9879373,21.3945338],[-157.987988,21.3945556],[-157.9880349,21.3945714],[-157.9880921,21.3945786],[-157.9881415,21.3945762],[-157.9882377,21.3945689],[-157.9874444,21.3949625],[-157.9873833,21.3949915],[-157.9873131,21.3950145],[-157.9871922,21.3950533],[-157.9869698,21.3951235],[-157.9871336,21.3950121],[-157.9871857,21.3949722],[-157.9872403,21.3949249],[-157.9872845,21.3948741],[-157.98733,21.3948184],[-157.9873651,21.3947687],[-157.9873976,21.3947167],[-157.9874288,21.3946573],[-157.9874522,21.3945944],[-157.9874887,21.394506],[-157.9875095,21.3944515],[-157.987529,21.3943667],[-157.9875641,21.3942335],[-157.9875875,21.39415],[-157.9876096,21.3940664],[-157.9876356,21.3940023],[-157.9876629,21.3939466],[-157.987698,21.3938739],[-157.9877332,21.3938291],[-157.9877865,21.3937649],[-157.9878502,21.3936983],[-157.98791,21.3936451],[-157.9879893,21.3935894],[-157.9880674,21.3935446],[-157.9881441,21.3935119],[-157.9882546,21.3934755],[-157.9883171,21.3934586],[-157.9883899,21.3934465],[-157.9886552,21.3934465]]]}},{"type":"Feature","properties":{"g":"grass"},"geometry":{"type":"Polygon","coordinates":[[[-157.9937199,21.3977462],[-157.9937481,21.3977067],[-157.9920613,21.3971434],[-157.9918922,21.3970898],[-157.9916922,21.3970107],[-157.9914742,21.3968768],[-157.991343,21.396765],[-157.9912237,21.3966531],[-157.9917483,21.3976178],[-157.9919275,21.3976212],[-157.9920041,21.3976177],[-157.9920776,21.3976093],[-157.9921845,21.397607],[-157.9924947,21.3976128],[-157.9926809,21.3976192],[-157.9928215,21.3976258],[-157.9929083,21.3976324],[-157.9930179,21.3976445],[-157.9931179,21.3976572],[-157.9932317,21.3976724],[-157.9933759,21.3976942],[-157.9935014,21.3977123],[-157.9937199,21.3977462]]]}},{"type":"Feature","properties":{"g":"grass"},"geometry":{"type":"Polygon","coordinates":[[[-157.9438987,21.3817847],[-157.9438849,21.3817663],[-157.9438732,21.3817543],[-157.9438474,21.3817405],[-157.9437843,21.3817135],[-157.9437601,21.3817083],[-157.9437298,21.3817108],[-157.9437068,21.38172],[-157.9436772,21.3817334],[-157.9436397,21.3816904],[-157.9436621,21.3816674],[-157.9436786,21.381661],[-157.9436942,21.3816605],[-157.9438982,21.3817477],[-157.943909,21.3817595],[-157.9439151,21.3817682],[-157.9439182,21.3817847],[-157.9439145,21.3818063],[-157.9439052,21.3818066],[-157.9438987,21.3817847]]]}},{"type":"Feature","properties":{"g":"grass"},"geometry":{"type":"Polygon","coordinates":[[[-157.9438675,21.381834],[-157.9438592,21.3818531],[-157.9438097,21.3818306],[-157.9438184,21.3818141],[-157.9437908,21.3818016],[-157.9437954,21.3817927],[-157.943761,21.381777],[-157.9437565,21.3817855],[-157.9437346,21.3817755],[-157.9437505,21.3817452],[-157.9437619,21.3817453],[-157.943774,21.3817484],[-157.9438267,21.3817707],[-157.9438519,21.3817841],[-157.9438639,21.3817988],[-157.943869,21.3818179],[-157.9438675,21.381834]]]}},{"type":"Feature","properties":{"g":"farmland"},"geometry":{"type":"Polygon","coordinates":[[[-157.9441196,21.3836371],[-157.9442174,21.3834468],[-157.9441224,21.3834044],[-157.9440245,21.3835948],[-157.9441196,21.3836371]]]}},{"type":"Feature","properties":{"g":"farmland"},"geometry":{"type":"Polygon","coordinates":[[[-157.9439184,21.3835475],[-157.9440164,21.3833569],[-157.9441121,21.3833995],[-157.9440141,21.3835901],[-157.9439184,21.3835475]]]}},{"type":"Feature","properties":{"g":"farmland"},"geometry":{"type":"Polygon","coordinates":[[[-157.9438129,21.3835004],[-157.9439106,21.3833103],[-157.9440051,21.3833525],[-157.9439074,21.3835426],[-157.9438129,21.3835004]]]}},{"type":"Feature","properties":{"g":"farmland"},"geometry":{"type":"Polygon","coordinates":[[[-157.9437041,21.3834519],[-157.9438027,21.38326],[-157.9439025,21.3833045],[-157.9438038,21.3834964],[-157.9437041,21.3834519]]]}},{"type":"Feature","properties":{"g":"farmland"},"geometry":{"type":"Polygon","coordinates":[[[-157.9435984,21.3834073],[-157.9436986,21.3832161],[-157.9437957,21.3832602],[-157.9436955,21.3834515],[-157.9435984,21.3834073]]]}},{"type":"Feature","properties":{"g":"farmland"},"geometry":{"type":"Polygon","coordinates":[[[-157.9434992,21.3833622],[-157.9435994,21.383171],[-157.9436895,21.383212],[-157.9435893,21.3834032],[-157.9434992,21.3833622]]]}},{"type":"Feature","properties":{"g":"farmland"},"geometry":{"type":"Polygon","coordinates":[[[-157.94339,21.3833126],[-157.9434902,21.3831214],[-157.9435858,21.3831649],[-157.9434856,21.3833561],[-157.94339,21.3833126]]]}},{"type":"Feature","properties":{"g":"farmland"},"geometry":{"type":"Polygon","coordinates":[[[-157.9432859,21.3832653],[-157.9433862,21.3830741],[-157.9434827,21.383118],[-157.9433825,21.3833092],[-157.9432859,21.3832653]]]}},{"type":"Feature","properties":{"g":"farmland"},"geometry":{"type":"Polygon","coordinates":[[[-157.9431789,21.3832167],[-157.9432795,21.3830247],[-157.9433761,21.3830686],[-157.9432754,21.3832606],[-157.9431789,21.3832167]]]}},{"type":"Feature","properties":{"g":"farmland"},"geometry":{"type":"Polygon","coordinates":[[[-157.9430745,21.3831693],[-157.9431761,21.3829754],[-157.9432685,21.3830174],[-157.9431669,21.3832112],[-157.9430745,21.3831693]]]}},{"type":"Feature","properties":{"g":"farmland"},"geometry":{"type":"Polygon","coordinates":[[[-157.9429404,21.3831083],[-157.9429877,21.3829584],[-157.9430168,21.3829031],[-157.9431654,21.3829706],[-157.9430638,21.3831644],[-157.9429404,21.3831083]]]}},{"type":"Feature","properties":{"g":"farmland"},"geometry":{"type":"Polygon","coordinates":[[[-157.9441298,21.3836417],[-157.9442289,21.3836859],[-157.9443265,21.3834959],[-157.9442274,21.3834518],[-157.9441298,21.3836417]]]}},{"type":"Feature","properties":{"g":"farmland"},"geometry":{"type":"Polygon","coordinates":[[[-157.9443359,21.3835004],[-157.9442384,21.3836901],[-157.9443363,21.3837337],[-157.9444337,21.3835441],[-157.9443359,21.3835004]]]}},{"type":"Feature","properties":{"g":"farmland"},"geometry":{"type":"Polygon","coordinates":[[[-157.9445244,21.3835847],[-157.9444434,21.3835486],[-157.944346,21.3837381],[-157.9443935,21.3837592],[-157.9444805,21.3836703],[-157.9445244,21.3835847]]]}},{"type":"Feature","properties":{"g":"farmland"},"geometry":{"type":"Polygon","coordinates":[[[-157.94455,21.3833524],[-157.9444512,21.3835422],[-157.9445516,21.3835876],[-157.9446504,21.3833978],[-157.94455,21.3833524]]]}},{"type":"Feature","properties":{"g":"farmland"},"geometry":{"type":"Polygon","coordinates":[[[-157.9444428,21.383304],[-157.9445406,21.3833482],[-157.9444418,21.383538],[-157.9443439,21.3834938],[-157.9444428,21.383304]]]}},{"type":"Feature","properties":{"g":"farmland"},"geometry":{"type":"Polygon","coordinates":[[[-157.9442347,21.3834445],[-157.9443336,21.3832547],[-157.9444331,21.3832997],[-157.9443343,21.3834895],[-157.9442347,21.3834445]]]}},{"type":"Feature","properties":{"g":"farmland"},"geometry":{"type":"Polygon","coordinates":[[[-157.9442307,21.3832083],[-157.9441318,21.3833981],[-157.944226,21.3834406],[-157.9443248,21.3832508],[-157.9442307,21.3832083]]]}},{"type":"Feature","properties":{"g":"farmland"},"geometry":{"type":"Polygon","coordinates":[[[-157.9441236,21.3831599],[-157.9440248,21.3833497],[-157.9441218,21.3833936],[-157.9442207,21.3832038],[-157.9441236,21.3831599]]]}},{"type":"Feature","properties":{"g":"farmland"},"geometry":{"type":"Polygon","coordinates":[[[-157.9439218,21.3833032],[-157.9440206,21.3831134],[-157.9441148,21.383156],[-157.944016,21.3833458],[-157.9439218,21.3833032]]]}},{"type":"Feature","properties":{"g":"farmland"},"geometry":{"type":"Polygon","coordinates":[[[-157.9438104,21.383253],[-157.9439092,21.3830631],[-157.9440111,21.3831091],[-157.9439123,21.3832989],[-157.9438104,21.383253]]]}},{"type":"Feature","properties":{"g":"farmland"},"geometry":{"type":"Polygon","coordinates":[[[-157.9437091,21.3832072],[-157.9438079,21.3830174],[-157.9439008,21.3830594],[-157.943802,21.3832492],[-157.9437091,21.3832072]]]}},{"type":"Feature","properties":{"g":"farmland"},"geometry":{"type":"Polygon","coordinates":[[[-157.9436094,21.3831622],[-157.9437083,21.3829724],[-157.9437984,21.3830131],[-157.9436996,21.3832029],[-157.9436094,21.3831622]]]}},{"type":"Feature","properties":{"g":"farmland"},"geometry":{"type":"Polygon","coordinates":[[[-157.9435033,21.3831143],[-157.9436021,21.3829245],[-157.9436973,21.3829675],[-157.9435984,21.3831573],[-157.9435033,21.3831143]]]}},{"type":"Feature","properties":{"g":"farmland"},"geometry":{"type":"Polygon","coordinates":[[[-157.9433976,21.3830666],[-157.9434964,21.3828768],[-157.9435928,21.3829203],[-157.943494,21.3831101],[-157.9433976,21.3830666]]]}},{"type":"Feature","properties":{"g":"farmland"},"geometry":{"type":"Polygon","coordinates":[[[-157.943486,21.3828721],[-157.9434138,21.3828395],[-157.9433959,21.3828739],[-157.9433338,21.3829362],[-157.943291,21.3830185],[-157.9433871,21.3830619],[-157.943486,21.3828721]]]}},{"type":"Feature","properties":{"g":"farmland"},"geometry":{"type":"Polygon","coordinates":[[[-157.943278,21.3830126],[-157.9431824,21.3829694],[-157.943236,21.3828665],[-157.9433316,21.3829097],[-157.943278,21.3830126]]]}},{"type":"Feature","properties":{"g":"farmland"},"geometry":{"type":"Polygon","coordinates":[[[-157.9430978,21.3828039],[-157.9430441,21.382907],[-157.9431721,21.3829648],[-157.9432258,21.3828616],[-157.9430978,21.3828039]]]}},{"type":"Feature","properties":{"g":"farmland"},"geometry":{"type":"Polygon","coordinates":[[[-157.9442314,21.3836978],[-157.9441344,21.3838856],[-157.9441726,21.3839031],[-157.9443786,21.3837637],[-157.9442314,21.3836978]]]}},{"type":"Feature","properties":{"g":"farmland"},"geometry":{"type":"Polygon","coordinates":[[[-157.9441215,21.3836486],[-157.9440248,21.3838359],[-157.9441241,21.3838809],[-157.944221,21.3836932],[-157.9441215,21.3836486]]]}},{"type":"Feature","properties":{"g":"farmland"},"geometry":{"type":"Polygon","coordinates":[[[-157.9439162,21.3837866],[-157.9440126,21.3835999],[-157.9441082,21.3836427],[-157.9440115,21.3838299],[-157.9439162,21.3837866]]]}},{"type":"Feature","properties":{"g":"farmland"},"geometry":{"type":"Polygon","coordinates":[[[-157.9440035,21.3835958],[-157.9439074,21.3835528],[-157.9438112,21.383739],[-157.9439071,21.3837825],[-157.9440035,21.3835958]]]}},{"type":"Feature","properties":{"g":"farmland"},"geometry":{"type":"Polygon","coordinates":[[[-157.9438035,21.3835063],[-157.9437076,21.383692],[-157.9438028,21.3837352],[-157.943899,21.383549],[-157.9438035,21.3835063]]]}},{"type":"Feature","properties":{"g":"farmland"},"geometry":{"type":"Polygon","coordinates":[[[-157.9436935,21.383457],[-157.9435979,21.3836422],[-157.9436992,21.3836882],[-157.9437951,21.3835025],[-157.9436935,21.383457]]]}},{"type":"Feature","properties":{"g":"farmland"},"geometry":{"type":"Polygon","coordinates":[[[-157.9434945,21.3835953],[-157.9435898,21.3834106],[-157.9436847,21.3834531],[-157.9435891,21.3836382],[-157.9434945,21.3835953]]]}},{"type":"Feature","properties":{"g":"farmland"},"geometry":{"type":"Polygon","coordinates":[[[-157.9433913,21.3835485],[-157.9434864,21.3833643],[-157.9435814,21.3834069],[-157.9434861,21.3835915],[-157.9433913,21.3835485]]]}},{"type":"Feature","properties":{"g":"farmland"},"geometry":{"type":"Polygon","coordinates":[[[-157.943288,21.3835017],[-157.9433828,21.383318],[-157.943478,21.3833606],[-157.9433829,21.3835447],[-157.943288,21.3835017]]]}},{"type":"Feature","properties":{"g":"farmland"},"geometry":{"type":"Polygon","coordinates":[[[-157.9431822,21.3834537],[-157.9432768,21.3832705],[-157.9433722,21.3833132],[-157.9432773,21.3834968],[-157.9431822,21.3834537]]]}},{"type":"Feature","properties":{"g":"farmland"},"geometry":{"type":"Polygon","coordinates":[[[-157.943071,21.3834032],[-157.9431653,21.3832206],[-157.9432678,21.3832665],[-157.9431733,21.3834496],[-157.943071,21.3834032]]]}},{"type":"Feature","properties":{"g":"farmland"},"geometry":{"type":"Polygon","coordinates":[[[-157.9430607,21.3831737],[-157.9429667,21.3833559],[-157.9430635,21.3833998],[-157.9431578,21.3832172],[-157.9430607,21.3831737]]]}},{"type":"Feature","properties":{"g":"farmland"},"geometry":{"type":"Polygon","coordinates":[[[-157.9428625,21.3833086],[-157.9429199,21.3831975],[-157.9429428,21.3831208],[-157.9430542,21.3831708],[-157.9429602,21.383353],[-157.9428625,21.3833086]]]}},{"type":"Feature","properties":{"g":"farmland"},"geometry":{"type":"Polygon","coordinates":[[[-157.944143,21.3838998],[-157.9440152,21.3838419],[-157.9439183,21.3840272],[-157.9439365,21.3840355],[-157.944143,21.3838998]]]}},{"type":"Feature","properties":{"g":"farmland"},"geometry":{"type":"Polygon","coordinates":[[[-157.943807,21.3839801],[-157.9439084,21.3837929],[-157.9440081,21.3838382],[-157.9439061,21.3840266],[-157.943807,21.3839801]]]}},{"type":"Feature","properties":{"g":"farmland"},"geometry":{"type":"Polygon","coordinates":[[[-157.9437003,21.38393],[-157.9438027,21.3837449],[-157.9439026,21.3837903],[-157.9437996,21.3839766],[-157.9437003,21.38393]]]}},{"type":"Feature","properties":{"g":"farmland"},"geometry":{"type":"Polygon","coordinates":[[[-157.9435958,21.383881],[-157.9436974,21.383697],[-157.9437949,21.3837413],[-157.9436933,21.3839254],[-157.9435958,21.383881]]]}},{"type":"Feature","properties":{"g":"farmland"},"geometry":{"type":"Polygon","coordinates":[[[-157.9434926,21.3838325],[-157.943593,21.3836496],[-157.9436924,21.3836948],[-157.9435913,21.3838788],[-157.9434926,21.3838325]]]}},{"type":"Feature","properties":{"g":"farmland"},"geometry":{"type":"Polygon","coordinates":[[[-157.9433885,21.3837836],[-157.9434888,21.3836022],[-157.9435828,21.383645],[-157.943482,21.3838275],[-157.9433885,21.3837836]]]}},{"type":"Feature","properties":{"g":"farmland"},"geometry":{"type":"Polygon","coordinates":[[[-157.9432845,21.3837348],[-157.9433828,21.3835541],[-157.9434789,21.3835978],[-157.94338,21.3837797],[-157.9432845,21.3837348]]]}},{"type":"Feature","properties":{"g":"farmland"},"geometry":{"type":"Polygon","coordinates":[[[-157.9431782,21.383685],[-157.9432763,21.3835057],[-157.943376,21.383551],[-157.9432773,21.3837315],[-157.9431782,21.383685]]]}},{"type":"Feature","properties":{"g":"farmland"},"geometry":{"type":"Polygon","coordinates":[[[-157.943079,21.3836384],[-157.943176,21.3834602],[-157.9432684,21.3835021],[-157.9431708,21.3836815],[-157.943079,21.3836384]]]}},{"type":"Feature","properties":{"g":"farmland"},"geometry":{"type":"Polygon","coordinates":[[[-157.9431663,21.3834557],[-157.9430683,21.3834112],[-157.942969,21.3835868],[-157.9430664,21.3836325],[-157.9431663,21.3834557]]]}},{"type":"Feature","properties":{"g":"farmland"},"geometry":{"type":"Polygon","coordinates":[[[-157.9428657,21.3835383],[-157.9429627,21.3833632],[-157.943055,21.3834052],[-157.9429574,21.3835813],[-157.9428657,21.3835383]]]}},{"type":"Feature","properties":{"g":"farmland"},"geometry":{"type":"Polygon","coordinates":[[[-157.9427609,21.3834891],[-157.9428555,21.3833146],[-157.942951,21.3833579],[-157.9428558,21.3835336],[-157.9427609,21.3834891]]]}},{"type":"Feature","properties":{"g":"farmland"},"geometry":{"type":"Polygon","coordinates":[[[-157.9426501,21.3834386],[-157.9427873,21.3831891],[-157.9428734,21.3832258],[-157.9427449,21.3834816],[-157.9426501,21.3834386]]]}},{"type":"Feature","properties":{"g":"farmland"},"geometry":{"type":"Polygon","coordinates":[[[-157.9426916,21.3831169],[-157.9425459,21.3833905],[-157.9426427,21.3834361],[-157.9427777,21.3831851],[-157.9427326,21.3831552],[-157.9426916,21.3831169]]]}},{"type":"Feature","properties":{"g":"farmland"},"geometry":{"type":"Polygon","coordinates":[[[-157.9424412,21.3833407],[-157.9425778,21.3830829],[-157.9426396,21.3830622],[-157.9426845,21.3831079],[-157.9425381,21.3833865],[-157.9424412,21.3833407]]]}},{"type":"Feature","properties":{"g":"farmland"},"geometry":{"type":"Polygon","coordinates":[[[-157.9423321,21.3832911],[-157.9424217,21.3831241],[-157.9425619,21.3830856],[-157.9424322,21.3833366],[-157.9423321,21.3832911]]]}},{"type":"Feature","properties":{"g":"farmland"},"geometry":{"type":"Polygon","coordinates":[[[-157.9422222,21.3832392],[-157.9422525,21.3831809],[-157.942408,21.3831265],[-157.9423233,21.3832868],[-157.9422222,21.3832392]]]}},{"type":"Feature","properties":{"g":"farmland"},"geometry":{"type":"Polygon","coordinates":[[[-157.942747,21.3835063],[-157.942652,21.3836817],[-157.9427501,21.3837265],[-157.9428457,21.3835526],[-157.942747,21.3835063]]]}},{"type":"Feature","properties":{"g":"farmland"},"geometry":{"type":"Polygon","coordinates":[[[-157.9428538,21.3835558],[-157.9427579,21.3837303],[-157.9428503,21.3837712],[-157.9429476,21.3835985],[-157.9428538,21.3835558]]]}},{"type":"Feature","properties":{"g":"farmland"},"geometry":{"type":"Polygon","coordinates":[[[-157.9425443,21.3836336],[-157.9426468,21.3834449],[-157.9427404,21.3834894],[-157.9426379,21.3836758],[-157.9425443,21.3836336]]]}},{"type":"Feature","properties":{"g":"farmland"},"geometry":{"type":"Polygon","coordinates":[[[-157.942543,21.383397],[-157.9424393,21.3835864],[-157.9425374,21.3836308],[-157.9426392,21.3834415],[-157.942543,21.383397]]]}},{"type":"Feature","properties":{"g":"farmland"},"geometry":{"type":"Polygon","coordinates":[[[-157.9424346,21.3833462],[-157.9423347,21.3835403],[-157.9424341,21.3835847],[-157.9425369,21.3833939],[-157.9424346,21.3833462]]]}},{"type":"Feature","properties":{"g":"farmland"},"geometry":{"type":"Polygon","coordinates":[[[-157.9423285,21.3832975],[-157.9422275,21.3834919],[-157.9423262,21.3835365],[-157.942429,21.3833426],[-157.9423285,21.3832975]]]}},{"type":"Feature","properties":{"g":"farmland"},"geometry":{"type":"Polygon","coordinates":[[[-157.9422203,21.3832471],[-157.9421189,21.3834445],[-157.9422204,21.3834892],[-157.9423202,21.3832951],[-157.9422203,21.3832471]]]}},{"type":"Feature","properties":{"g":"farmland"},"geometry":{"type":"Polygon","coordinates":[[[-157.942236,21.3831961],[-157.942084,21.3832633],[-157.9420171,21.3833989],[-157.9421117,21.3834388],[-157.942236,21.3831961]]]}},{"type":"Feature","properties":{"g":"farmland"},"geometry":{"type":"Polygon","coordinates":[[[-157.9419083,21.3833508],[-157.942068,21.3832709],[-157.9420043,21.3833932],[-157.9419083,21.3833508]]]}},{"type":"Feature","properties":{"g":"farmland"},"geometry":{"type":"Polygon","coordinates":[[[-157.9445557,21.3833464],[-157.9446525,21.3831611],[-157.9447528,21.3832065],[-157.944656,21.3833918],[-157.9445557,21.3833464]]]}},{"type":"Feature","properties":{"g":"farmland"},"geometry":{"type":"Polygon","coordinates":[[[-157.9444483,21.3832978],[-157.9445451,21.3831125],[-157.9446416,21.3831562],[-157.9445449,21.3833415],[-157.9444483,21.3832978]]]}},{"type":"Feature","properties":{"g":"farmland"},"geometry":{"type":"Polygon","coordinates":[[[-157.9443436,21.3832504],[-157.9444404,21.3830651],[-157.9445352,21.383108],[-157.9444385,21.3832933],[-157.9443436,21.3832504]]]}},{"type":"Feature","properties":{"g":"farmland"},"geometry":{"type":"Polygon","coordinates":[[[-157.9442405,21.3832037],[-157.9443373,21.3830184],[-157.9444298,21.3830603],[-157.9443331,21.3832456],[-157.9442405,21.3832037]]]}},{"type":"Feature","properties":{"g":"farmland"},"geometry":{"type":"Polygon","coordinates":[[[-157.9442287,21.3829692],[-157.9441319,21.3831545],[-157.9442308,21.3831993],[-157.9443276,21.383014],[-157.9442287,21.3829692]]]}},{"type":"Feature","properties":{"g":"farmland"},"geometry":{"type":"Polygon","coordinates":[[[-157.9440296,21.3831082],[-157.9441263,21.3829229],[-157.9442198,21.3829652],[-157.9441231,21.3831505],[-157.9440296,21.3831082]]]}},{"type":"Feature","properties":{"g":"farmland"},"geometry":{"type":"Polygon","coordinates":[[[-157.9440143,21.3828722],[-157.944114,21.3829173],[-157.9440172,21.3831026],[-157.9439176,21.3830575],[-157.9440143,21.3828722]]]}},{"type":"Feature","properties":{"g":"farmland"},"geometry":{"type":"Polygon","coordinates":[[[-157.9439106,21.3828252],[-157.9440035,21.3828673],[-157.9439068,21.3830526],[-157.9438138,21.3830105],[-157.9439106,21.3828252]]]}},{"type":"Feature","properties":{"g":"farmland"},"geometry":{"type":"Polygon","coordinates":[[[-157.9438115,21.3827804],[-157.9439035,21.382822],[-157.9438067,21.3830073],[-157.9437148,21.3829657],[-157.9438115,21.3827804]]]}},{"type":"Feature","properties":{"g":"farmland"},"geometry":{"type":"Polygon","coordinates":[[[-157.9438037,21.3827769],[-157.9437092,21.3827341],[-157.9436124,21.3829194],[-157.943707,21.3829622],[-157.9438037,21.3827769]]]}},{"type":"Feature","properties":{"g":"farmland"},"geometry":{"type":"Polygon","coordinates":[[[-157.9436028,21.3826859],[-157.943506,21.3828712],[-157.9435995,21.3829135],[-157.9436963,21.3827282],[-157.9436028,21.3826859]]]}},{"type":"Feature","properties":{"g":"farmland"},"geometry":{"type":"Polygon","coordinates":[[[-157.9435926,21.3826813],[-157.9435158,21.3826465],[-157.943419,21.3828318],[-157.9434958,21.3828666],[-157.9435926,21.3826813]]]}},{"type":"Feature","properties":{"g":"farmland"},"geometry":{"type":"Polygon","coordinates":[[[-157.9446582,21.383148],[-157.9447251,21.3830182],[-157.9448266,21.3830635],[-157.9447597,21.3831933],[-157.9446582,21.383148]]]}},{"type":"Feature","properties":{"g":"farmland"},"geometry":{"type":"Polygon","coordinates":[[[-157.9445541,21.3831015],[-157.944621,21.3829716],[-157.944715,21.3830136],[-157.944648,21.3831434],[-157.9445541,21.3831015]]]}},{"type":"Feature","properties":{"g":"farmland"},"geometry":{"type":"Polygon","coordinates":[[[-157.9444537,21.3830566],[-157.9445206,21.3829267],[-157.9446079,21.3829658],[-157.944541,21.3830956],[-157.9444537,21.3830566]]]}},{"type":"Feature","properties":{"g":"farmland"},"geometry":{"type":"Polygon","coordinates":[[[-157.9443441,21.3830076],[-157.944411,21.3828778],[-157.9445072,21.3829208],[-157.9444403,21.3830506],[-157.9443441,21.3830076]]]}},{"type":"Feature","properties":{"g":"farmland"},"geometry":{"type":"Polygon","coordinates":[[[-157.9443049,21.3828303],[-157.9442379,21.3829601],[-157.9443341,21.3830031],[-157.944401,21.3828733],[-157.9443049,21.3828303]]]}},{"type":"Feature","properties":{"g":"farmland"},"geometry":{"type":"Polygon","coordinates":[[[-157.9441378,21.3829154],[-157.9442048,21.3827856],[-157.9442915,21.3828243],[-157.9442246,21.3829542],[-157.9441378,21.3829154]]]}},{"type":"Feature","properties":{"g":"farmland"},"geometry":{"type":"Polygon","coordinates":[[[-157.9440934,21.3827358],[-157.9441888,21.3827784],[-157.9441219,21.3829083],[-157.9440265,21.3828656],[-157.9440934,21.3827358]]]}},{"type":"Feature","properties":{"g":"farmland"},"geometry":{"type":"Polygon","coordinates":[[[-157.9439249,21.3828202],[-157.9439918,21.3826904],[-157.9440772,21.3827286],[-157.9440103,21.3828584],[-157.9439249,21.3828202]]]}},{"type":"Feature","properties":{"g":"farmland"},"geometry":{"type":"Polygon","coordinates":[[[-157.9438214,21.382774],[-157.9438884,21.3826441],[-157.9439752,21.382683],[-157.9439083,21.3828128],[-157.9438214,21.382774]]]}},{"type":"Feature","properties":{"g":"farmland"},"geometry":{"type":"Polygon","coordinates":[[[-157.9437149,21.3827263],[-157.9437818,21.3825965],[-157.9438773,21.3826392],[-157.9438103,21.382769],[-157.9437149,21.3827263]]]}},{"type":"Feature","properties":{"g":"farmland"},"geometry":{"type":"Polygon","coordinates":[[[-157.9437722,21.3825922],[-157.9436803,21.3825511],[-157.9436134,21.382681],[-157.9437053,21.3827221],[-157.9437722,21.3825922]]]}},{"type":"Feature","properties":{"g":"farmland"},"geometry":{"type":"Polygon","coordinates":[[[-157.9435998,21.3826749],[-157.9435151,21.382637],[-157.9435691,21.3825323],[-157.9436538,21.3825701],[-157.9435998,21.3826749]]]}},{"type":"Feature","properties":{"g":"farmland"},"geometry":{"type":"Polygon","coordinates":[[[-157.941928,21.3835555],[-157.9420043,21.3834036],[-157.941902,21.3833598],[-157.9418335,21.3835184],[-157.9418751,21.3836411],[-157.941928,21.3835555]]]}},{"type":"Feature","properties":{"g":"farmland"},"geometry":{"type":"Polygon","coordinates":[[[-157.9420285,21.3836006],[-157.9419348,21.3835543],[-157.9420102,21.3834065],[-157.9421081,21.383448],[-157.9420285,21.3836006]]]}},{"type":"Feature","properties":{"g":"farmland"},"geometry":{"type":"Polygon","coordinates":[[[-157.9422156,21.3834945],[-157.9421188,21.3834521],[-157.9420378,21.3836063],[-157.942131,21.383653],[-157.9422156,21.3834945]]]}},{"type":"Feature","properties":{"g":"farmland"},"geometry":{"type":"Polygon","coordinates":[[[-157.9423231,21.3835434],[-157.9422252,21.3834992],[-157.942126,21.3836916],[-157.9422215,21.3837364],[-157.9423231,21.3835434]]]}},{"type":"Feature","properties":{"g":"farmland"},"geometry":{"type":"Polygon","coordinates":[[[-157.942429,21.38359],[-157.9423346,21.3835473],[-157.9422294,21.3837413],[-157.9423239,21.3837867],[-157.942429,21.38359]]]}},{"type":"Feature","properties":{"g":"farmland"},"geometry":{"type":"Polygon","coordinates":[[[-157.9424275,21.3838355],[-157.9423312,21.3837894],[-157.9424372,21.3835932],[-157.9425347,21.3836376],[-157.9424275,21.3838355]]]}},{"type":"Feature","properties":{"g":"farmland"},"geometry":{"type":"Polygon","coordinates":[[[-157.9425537,21.3838372],[-157.9424599,21.3837933],[-157.9425422,21.3836406],[-157.9426372,21.3836838],[-157.9425537,21.3838372]]]}},{"type":"Feature","properties":{"g":"farmland"},"geometry":{"type":"Polygon","coordinates":[[[-157.9429054,21.3837963],[-157.9428576,21.3837745],[-157.9429557,21.3836015],[-157.9430612,21.3836519],[-157.9430303,21.3836907],[-157.9430062,21.3836756],[-157.9429054,21.3837963]]]}},{"type":"Feature","properties":{"g":"farmland"},"geometry":{"type":"Polygon","coordinates":[[[-157.943432,21.3839401],[-157.9434872,21.3838392],[-157.9435814,21.3838844],[-157.9435183,21.3839978],[-157.943432,21.3839401]]]}},{"type":"Feature","properties":{"g":"farmland"},"geometry":{"type":"Polygon","coordinates":[[[-157.9433423,21.3838705],[-157.9434281,21.3839343],[-157.9434808,21.3838366],[-157.9433854,21.3837902],[-157.9433423,21.3838705]]]}},{"type":"Feature","properties":{"g":"farmland"},"geometry":{"type":"Polygon","coordinates":[[[-157.9432443,21.3838039],[-157.9432796,21.3837422],[-157.9433773,21.3837884],[-157.9433362,21.3838661],[-157.9432443,21.3838039]]]}},{"type":"Feature","properties":{"g":"farmland"},"geometry":{"type":"Polygon","coordinates":[[[-157.943148,21.3837315],[-157.9431732,21.3836938],[-157.9432729,21.3837396],[-157.9432379,21.3837996],[-157.943148,21.3837315]]]}},{"type":"Feature","properties":{"g":"farmland"},"geometry":{"type":"Polygon","coordinates":[[[-157.9431329,21.383739],[-157.9430383,21.3836925],[-157.9430731,21.3836461],[-157.9431691,21.3836908],[-157.9431329,21.383739]]]}},{"type":"Feature","properties":{"g":"farmland"},"geometry":{"type":"Polygon","coordinates":[[[-157.9428996,21.3838033],[-157.9428543,21.3837823],[-157.9427534,21.3839667],[-157.9427971,21.3839371],[-157.9428996,21.3838033]]]}},{"type":"Feature","properties":{"g":"farmland"},"geometry":{"type":"Polygon","coordinates":[[[-157.9427544,21.3837374],[-157.9426228,21.3839766],[-157.9427395,21.3839691],[-157.9428466,21.3837785],[-157.9427544,21.3837374]]]}},{"type":"Feature","properties":{"g":"farmland"},"geometry":{"type":"Polygon","coordinates":[[[-157.9424842,21.3839917],[-157.9426064,21.3839789],[-157.9427463,21.3837329],[-157.942646,21.3836882],[-157.9424842,21.3839917]]]}},{"type":"Feature","properties":{"g":"farmland"},"geometry":{"type":"Polygon","coordinates":[[[-157.9419378,21.3837726],[-157.9418792,21.3836488],[-157.9419314,21.3835607],[-157.9420245,21.3836074],[-157.9419378,21.3837726]]]}},{"type":"Feature","properties":{"g":"farmland"},"geometry":{"type":"Polygon","coordinates":[[[-157.9423523,21.3839924],[-157.9424561,21.3838014],[-157.9425499,21.383844],[-157.9424636,21.3839956],[-157.9423523,21.3839924]]]}},{"type":"Feature","properties":{"g":"farmland"},"geometry":{"type":"Polygon","coordinates":[[[-157.9424241,21.3838427],[-157.9422244,21.3837466],[-157.9421045,21.3839582],[-157.9421816,21.3839834],[-157.9423439,21.3839919],[-157.9424241,21.3838427]]]}},{"type":"Feature","properties":{"g":"farmland"},"geometry":{"type":"Polygon","coordinates":[[[-157.9422169,21.3837418],[-157.9421242,21.3836956],[-157.9420174,21.3838867],[-157.9420932,21.3839539],[-157.9422169,21.3837418]]]}},{"type":"Feature","properties":{"g":"farmland"},"geometry":{"type":"Polygon","coordinates":[[[-157.9420107,21.383882],[-157.9419803,21.38382],[-157.941943,21.3837748],[-157.9420311,21.3836112],[-157.9421286,21.3836609],[-157.9420107,21.383882]]]}},{"type":"Feature","properties":{"g":"wood"},"geometry":{"type":"Polygon","coordinates":[[[-158.0109769,21.3838564],[-158.0114011,21.3841094],[-158.0114896,21.3842169],[-158.0115723,21.3843927],[-158.0116559,21.384539],[-158.0117525,21.3846715],[-158.0118731,21.3847413],[-158.0119617,21.3847613],[-158.0120931,21.3846964],[-158.0122647,21.3844791],[-158.0123935,21.3844541],[-158.0125839,21.3845865],[-158.012718,21.3847364],[-158.0127958,21.3849511],[-158.0128387,21.3852508],[-158.0128152,21.3853118],[-158.0127718,21.3853509],[-158.0126773,21.3853592],[-158.0126045,21.3853069],[-158.0125109,21.3851009],[-158.0124056,21.3849282],[-158.0123222,21.3848973],[-158.0122011,21.3849205],[-158.0121516,21.3849842],[-158.0121462,21.3850351],[-158.0124894,21.3855004],[-158.0125396,21.3856382],[-158.0125503,21.3858435],[-158.0125947,21.3859728],[-158.0126039,21.3860677],[-158.0125457,21.3863919],[-158.0124825,21.3867152],[-158.0124722,21.3868796],[-158.0124898,21.3870511],[-158.0125416,21.3871842],[-158.0125806,21.3872436],[-158.0126229,21.3872711],[-158.0126748,21.3872799],[-158.0127202,21.3872708],[-158.0130262,21.3871575],[-158.0133773,21.3870238],[-158.0135058,21.3869779],[-158.0135993,21.3869283],[-158.0136625,21.3868748],[-158.0137186,21.3868044],[-158.0137603,21.3867266],[-158.0137839,21.3866346],[-158.0137715,21.3865196],[-158.0137522,21.3864061],[-158.0137054,21.3862893],[-158.0137055,21.3862115],[-158.0137401,21.3860737],[-158.0137503,21.3860078],[-158.0137582,21.3859571],[-158.013781,21.3859104],[-158.0137995,21.3858464],[-158.0137841,21.3857758],[-158.0137282,21.3856855],[-158.0137013,21.385631],[-158.0136675,21.3855736],[-158.0136656,21.3855197],[-158.0136883,21.38547],[-158.0137348,21.385412],[-158.0137768,21.3853333],[-158.0138459,21.3853178],[-158.0139632,21.3853223],[-158.0140659,21.3853611],[-158.0141715,21.3853764],[-158.0142716,21.3854273],[-158.0143709,21.3855103],[-158.0144366,21.385544],[-158.0145068,21.3855316],[-158.0145929,21.3854826],[-158.0146327,21.3853889],[-158.014657,21.3853253],[-158.0146778,21.3852913],[-158.0146936,21.3851903],[-158.0146796,21.3851045],[-158.0146489,21.3848922],[-158.0146964,21.3847096],[-158.0147661,21.3844887],[-158.0148601,21.3843629],[-158.0149346,21.3841824],[-158.0149372,21.384071],[-158.0149234,21.3839679],[-158.0149004,21.3838648],[-158.0148529,21.3837496],[-158.0147972,21.3836575],[-158.0147306,21.383562],[-158.0146285,21.383425],[-158.0145298,21.3833326],[-158.0144402,21.3832677],[-158.0143076,21.3831826],[-158.0141725,21.3831082],[-158.0140806,21.3830538],[-158.013899,21.3829603],[-158.0137623,21.3829108],[-158.0136406,21.3828785],[-158.0134801,21.382856],[-158.0132807,21.3828317],[-158.0131004,21.3828279],[-158.0129056,21.3828393],[-158.0127549,21.3828558],[-158.0123988,21.3829692],[-158.0117244,21.3831436],[-158.0112685,21.3832127],[-158.0108133,21.3836103],[-158.0101562,21.3838707],[-158.0106685,21.3838164],[-158.0109769,21.3838564]]]}},{"type":"Feature","properties":{"g":"grass"},"geometry":{"type":"Polygon","coordinates":[[[-158.0089694,21.3896394],[-158.0089816,21.3896541],[-158.0089954,21.3896655],[-158.0090181,21.3896768],[-158.0090368,21.3896806],[-158.0090596,21.3896821],[-158.0090758,21.3896799],[-158.0091018,21.3896708],[-158.0092031,21.38961],[-158.0091437,21.3895288],[-158.0089694,21.3896394]]]}},{"type":"Feature","properties":{"g":"grass"},"geometry":{"type":"Polygon","coordinates":[[[-157.9394776,21.3668292],[-157.9394033,21.3668762],[-157.9393623,21.3668925],[-157.9393019,21.3668928],[-157.939261,21.3669011],[-157.9391985,21.3669166],[-157.9391325,21.3669619],[-157.9389889,21.3669033],[-157.9389564,21.367002],[-157.9389125,21.3670851],[-157.9391179,21.367149],[-157.9391463,21.3671895],[-157.9392108,21.3672363],[-157.9392585,21.367255],[-157.9393506,21.3672597],[-157.9393933,21.3672519],[-157.9394644,21.367241],[-157.9395891,21.3672449],[-157.9396426,21.3672283],[-157.9396274,21.3671873],[-157.9395883,21.3671966],[-157.9395506,21.3671794],[-157.9395289,21.3671513],[-157.9395238,21.3671264],[-157.9395347,21.367103],[-157.9395456,21.3670851],[-157.9395664,21.3670684],[-157.9395699,21.3669565],[-157.9395356,21.3668855],[-157.9394776,21.3668292]]]}},{"type":"Feature","properties":{"g":"grass"},"geometry":{"type":"Polygon","coordinates":[[[-157.9398612,21.3666158],[-157.9398235,21.3665971],[-157.9398017,21.3665901],[-157.939775,21.3665901],[-157.9397423,21.3665979],[-157.9397088,21.3666166],[-157.9395185,21.3667935],[-157.9394776,21.3668292],[-157.9395356,21.3668855],[-157.9395699,21.3669565],[-157.9395664,21.3670684],[-157.9397697,21.3670627],[-157.9397687,21.3669682],[-157.9398528,21.3668915],[-157.9399055,21.3667382],[-157.9398754,21.3667257],[-157.9398603,21.3667101],[-157.9398478,21.3666883],[-157.9398444,21.3666642],[-157.9398444,21.3666447],[-157.9398612,21.3666158]]]}},{"type":"Feature","properties":{"g":"grass"},"geometry":{"type":"Polygon","coordinates":[[[-157.9391499,21.3667221],[-157.9394776,21.3668292],[-157.9394033,21.3668762],[-157.9393623,21.3668925],[-157.9393019,21.3668928],[-157.939261,21.3669011],[-157.9391985,21.3669166],[-157.9391325,21.3669619],[-157.9389889,21.3669033],[-157.9390217,21.3668479],[-157.9390492,21.3667923],[-157.9391145,21.3668141],[-157.9391499,21.3667221]]]}},{"type":"Feature","properties":{"g":"grass"},"geometry":{"type":"Polygon","coordinates":[[[-157.9389714,21.3672488],[-157.9389125,21.3670851],[-157.9391179,21.367149],[-157.9391463,21.3671895],[-157.9392108,21.3672363],[-157.9392585,21.367255],[-157.9393506,21.3672597],[-157.9393305,21.3673299],[-157.9392309,21.3675871],[-157.9390434,21.3675333],[-157.9390216,21.367506],[-157.9390015,21.3674413],[-157.9389797,21.3673742],[-157.9388865,21.3673115],[-157.9389085,21.3672704],[-157.9389714,21.3672488]]]}},{"type":"Feature","properties":{"g":"grass"},"geometry":{"type":"Polygon","coordinates":[[[-157.9388626,21.3676904],[-157.9389953,21.367673],[-157.9391507,21.367721],[-157.9390755,21.3679427],[-157.9388976,21.3678823],[-157.9388998,21.3678643],[-157.9388,21.3678297],[-157.9388379,21.3677522],[-157.9388626,21.3676904]]]}},{"type":"Feature","properties":{"g":"grass"},"geometry":{"type":"Polygon","coordinates":[[[-157.9388976,21.3678823],[-157.9390755,21.3679427],[-157.9390319,21.3680307],[-157.9389639,21.3680782],[-157.9389245,21.368114],[-157.9388997,21.3681835],[-157.93888,21.3681861],[-157.9386095,21.3680957],[-157.9385901,21.368067],[-157.9385867,21.3680512],[-157.9386117,21.3679941],[-157.9387134,21.3680326],[-157.9387526,21.367943],[-157.9388541,21.3679816],[-157.9388976,21.3678823]]]}},{"type":"Feature","properties":{"g":"grass"},"geometry":{"type":"Polygon","coordinates":[[[-157.9223564,21.3354762],[-157.9223598,21.3354613],[-157.9223685,21.3354484],[-157.9223814,21.335439],[-157.9223972,21.3354343],[-157.9224136,21.3354349],[-157.9224287,21.3354408],[-157.9224407,21.335451],[-157.9224483,21.3354645],[-157.9224503,21.3354816],[-157.9224461,21.3354963],[-157.9224368,21.3355088],[-157.9224234,21.3355175],[-157.9224073,21.3355215],[-157.922391,21.3355201],[-157.9223762,21.3355136],[-157.9223647,21.3355028],[-157.9223579,21.3354889],[-157.9223564,21.3354762]]]}},{"type":"Feature","properties":{"g":"grass"},"geometry":{"type":"Polygon","coordinates":[[[-158.0238842,21.3335836],[-158.0238029,21.3336201],[-158.0237349,21.333643],[-158.0236975,21.3336498],[-158.0236542,21.3336538],[-158.023619,21.3336639],[-158.0235799,21.3336803],[-158.023497,21.3337104],[-158.0234027,21.333749],[-158.0233856,21.333758],[-158.0233635,21.3337723],[-158.0233494,21.3337847],[-158.0233362,21.3338011],[-158.0233153,21.3338347],[-158.023303,21.3338713],[-158.0232962,21.333913],[-158.0232958,21.3339521],[-158.0234175,21.3343261],[-158.0234925,21.3345894],[-158.0235176,21.3346791],[-158.0235476,21.3347755],[-158.0235702,21.3348702],[-158.0235967,21.3349767],[-158.0236182,21.3350428],[-158.0236231,21.3350504],[-158.0236282,21.3350583],[-158.0236409,21.3350702],[-158.0236536,21.3350784],[-158.0236677,21.3350827],[-158.0236854,21.3350838],[-158.0237031,21.3350782],[-158.0237136,21.3350696],[-158.0237218,21.3350628],[-158.0237296,21.3350578],[-158.0237522,21.3350484],[-158.0237179,21.3349681],[-158.0236686,21.3349498],[-158.023625,21.3349567],[-158.0233593,21.3340098],[-158.0233608,21.3339572],[-158.0233623,21.3338876],[-158.0233677,21.333864],[-158.0233759,21.3338433],[-158.0233838,21.3338327],[-158.0233943,21.3338249],[-158.0234087,21.3338188],[-158.0234261,21.3338115],[-158.0239735,21.3336213],[-158.0239651,21.3335989],[-158.0239597,21.3335864],[-158.0239511,21.3335737],[-158.0239393,21.333566],[-158.0239323,21.333564],[-158.0239266,21.3335631],[-158.0239192,21.3335629],[-158.0239121,21.3335638],[-158.0239071,21.3335657],[-158.023903,21.3335684],[-158.0238842,21.3335836]]]}},{"type":"Feature","properties":{"g":"recreation_ground"},"geometry":{"type":"Polygon","coordinates":[[[-157.9999644,21.3881576],[-157.9997718,21.3879618],[-157.9999492,21.3878106],[-158.0000347,21.3877377],[-158.0002273,21.3879336],[-157.9999644,21.3881576]]]}},{"type":"Feature","properties":{"g":"recreation_ground"},"geometry":{"type":"Polygon","coordinates":[[[-157.9997718,21.3879618],[-157.9995631,21.3877494],[-157.9997405,21.3875983],[-157.9999492,21.3878106],[-157.9997718,21.3879618]]]}},{"type":"Feature","properties":{"g":"recreation_ground"},"geometry":{"type":"Polygon","coordinates":[[[-158.0002795,21.3885054],[-158.0000675,21.3882864],[-158.0003305,21.3880657],[-158.0003826,21.3881196],[-158.0005064,21.3882474],[-158.0005424,21.3882846],[-158.0002795,21.3885054]]]}},{"type":"Feature","properties":{"g":"recreation_ground"},"geometry":{"type":"Polygon","coordinates":[[[-158.0005064,21.3882474],[-158.00076,21.3880345],[-158.0006363,21.3879066],[-158.0003826,21.3881196],[-158.0005064,21.3882474]]]}},{"type":"Feature","properties":{"g":"recreation_ground"},"geometry":{"type":"Polygon","coordinates":[[[-158.000313,21.3887504],[-158.0005634,21.3885327],[-158.0004326,21.3884022],[-158.0001822,21.3886199],[-158.000313,21.3887504]]]}},{"type":"Feature","properties":{"g":"grass"},"geometry":{"type":"Polygon","coordinates":[[[-157.9621312,21.3909156],[-157.9613419,21.391166],[-157.9610979,21.3912298],[-157.9609566,21.3912514],[-157.9608268,21.3912667],[-157.9606942,21.3912708],[-157.9605562,21.3912624],[-157.9604213,21.3912483],[-157.9602959,21.3912272],[-157.9601759,21.3912043],[-157.9600558,21.3911698],[-157.9599362,21.3911288],[-157.9598193,21.3910821],[-157.9596703,21.3910161],[-157.9593498,21.3908769],[-157.959273,21.3908484],[-157.9592069,21.3908289],[-157.9591401,21.3908156],[-157.9590641,21.3908044],[-157.9589843,21.3908018],[-157.9589022,21.3908014],[-157.9588232,21.390809],[-157.958752,21.3908212],[-157.9586765,21.3908382],[-157.9575144,21.3911934],[-157.957281,21.3912593],[-157.957167,21.3912857],[-157.9570599,21.3912959],[-157.9569414,21.3913007],[-157.9568171,21.3912998],[-157.9566957,21.3912871],[-157.9562451,21.3911947],[-157.9563596,21.39119],[-157.9564567,21.3911875],[-157.9565624,21.3911767],[-157.9566595,21.3911547],[-157.9574353,21.3909674],[-157.9574822,21.3909861],[-157.9576339,21.3909842],[-157.9577659,21.3909636],[-157.9581458,21.3908648],[-157.9583473,21.3908128],[-157.9585402,21.3907862],[-157.9586838,21.39077],[-157.958825,21.3907514],[-157.9589589,21.3907357],[-157.9590607,21.390726],[-157.9591471,21.3907148],[-157.9592418,21.3906927],[-157.9593591,21.3906421],[-157.9593993,21.3907046],[-157.9594509,21.3907599],[-157.959504,21.3908026],[-157.959561,21.3908375],[-157.9596616,21.3908918],[-157.9597584,21.3909359],[-157.9598728,21.3909837],[-157.9599915,21.3910269],[-157.9600943,21.3910635],[-157.9602148,21.3910978],[-157.9603383,21.3911238],[-157.9604461,21.3911413],[-157.9605587,21.3911488],[-157.9606627,21.391151],[-157.9607949,21.3911534],[-157.9609249,21.391144],[-157.9609986,21.3911259],[-157.9612467,21.3910298],[-157.9614976,21.3909187],[-157.9615726,21.3908662],[-157.9616499,21.3907351],[-157.9616725,21.3906908],[-157.9621312,21.3909156]]]}},{"type":"Feature","properties":{"g":"grass"},"geometry":{"type":"Polygon","coordinates":[[[-157.9590961,21.3920323],[-157.9589607,21.3919261],[-157.9589163,21.3918856],[-157.9588651,21.3918286],[-157.9588313,21.3917776],[-157.9588139,21.3917413],[-157.9588021,21.3917062],[-157.9587954,21.3916621],[-157.9587976,21.391607],[-157.9588085,21.3915492],[-157.9588238,21.3915011],[-157.9588445,21.3914575],[-157.9588693,21.3914191],[-157.9588997,21.3913796],[-157.958928,21.3913507],[-157.9589617,21.3913237],[-157.9589978,21.3912995],[-157.9590449,21.3912782],[-157.959088,21.3912617],[-157.9591299,21.3912516],[-157.9591802,21.3912479],[-157.9592241,21.3912487],[-157.9592722,21.3912531],[-157.9593163,21.3912657],[-157.9593659,21.3912859],[-157.9594062,21.3913107],[-157.959446,21.391339],[-157.9594799,21.3913696],[-157.9595085,21.3914034],[-157.9595325,21.3914394],[-157.9595526,21.3914809],[-157.9595687,21.391524],[-157.9595765,21.3915627],[-157.9595774,21.391604],[-157.9595706,21.3916609],[-157.9595561,21.3917185],[-157.9595376,21.3917643],[-157.9595174,21.3918017],[-157.9594912,21.391838],[-157.9594598,21.3918693],[-157.959416,21.3919023],[-157.9593116,21.3919704],[-157.9590961,21.3920323]]]}},{"type":"Feature","properties":{"g":"grass"},"geometry":{"type":"Polygon","coordinates":[[[-157.9588877,21.3920372],[-157.958783,21.3919714],[-157.9586557,21.3919033],[-157.958531,21.3918417],[-157.9583964,21.3917838],[-157.9582604,21.3917244],[-157.9583198,21.3916123],[-157.9583549,21.391548],[-157.9583959,21.3914867],[-157.9584424,21.3914289],[-157.9584941,21.3913751],[-157.958557,21.3913206],[-157.9586252,21.3912719],[-157.9586981,21.3912296],[-157.958775,21.391194],[-157.9588552,21.3911654],[-157.9589715,21.3911585],[-157.9588983,21.3911928],[-157.9588389,21.3912324],[-157.9587903,21.3912748],[-157.9587466,21.3913304],[-157.9587167,21.391379],[-157.9586925,21.3914328],[-157.9586735,21.3914864],[-157.9586606,21.3915456],[-157.9586577,21.3916024],[-157.9586607,21.3916582],[-157.9586722,21.3917177],[-157.9586893,21.3917694],[-157.9587107,21.3918191],[-157.9587352,21.3918645],[-157.9587644,21.3919068],[-157.9588039,21.391947],[-157.9588961,21.3920285],[-157.9588877,21.3920372]]]}},{"type":"Feature","properties":{"g":"scrub"},"geometry":{"type":"Polygon","coordinates":[[[-157.9456779,21.3897979],[-157.9455887,21.3898847],[-157.9455498,21.3900552],[-157.9458257,21.3901566],[-157.9461325,21.3899584],[-157.9461855,21.3898747],[-157.9462267,21.3897536],[-157.9462985,21.3896378],[-157.9463081,21.3896194],[-157.9459789,21.388591],[-157.94594,21.3884879],[-157.945888,21.3883907],[-157.945828,21.3882964],[-157.9457546,21.3882027],[-157.9456773,21.3881253],[-157.9456057,21.3880624],[-157.9455337,21.3880095],[-157.9454422,21.3879548],[-157.9453313,21.3879004],[-157.9451528,21.3878286],[-157.9444836,21.387558],[-157.9444346,21.3876836],[-157.9452373,21.3881156],[-157.9454254,21.3883098],[-157.9455552,21.3884655],[-157.9456269,21.388631],[-157.9458086,21.3893621],[-157.9457965,21.38964],[-157.9456779,21.3897979]]]}},{"type":"Feature","properties":{"g":"cemetery"},"geometry":{"type":"Polygon","coordinates":[[[-157.968431,21.3909992],[-157.969513,21.3913971],[-157.9695025,21.3914615],[-157.9693323,21.391856],[-157.9692242,21.3921067],[-157.9688446,21.3919653],[-157.9687702,21.3919373],[-157.9686442,21.3922289],[-157.9686385,21.3922511],[-157.9686369,21.392277],[-157.9686389,21.3923041],[-157.9686493,21.3923282],[-157.9686652,21.3923436],[-157.9686848,21.3923582],[-157.9687378,21.3923766],[-157.9688021,21.3923894],[-157.9688749,21.3923953],[-157.968951,21.3923987],[-157.9690272,21.3923959],[-157.9691124,21.3923776],[-157.9687674,21.3931941],[-157.9679791,21.3929192],[-157.9680211,21.3928135],[-157.9681293,21.3921743],[-157.9681434,21.3920965],[-157.9679745,21.3919846],[-157.9683995,21.391008],[-157.968431,21.3909992]]]}},{"type":"Feature","properties":{"g":"wood"},"geometry":{"type":"Polygon","coordinates":[[[-157.9724121,21.3274838],[-157.9724997,21.3275449],[-157.9725852,21.3275604],[-157.9727109,21.3276273],[-157.972636,21.327717],[-157.9724363,21.3279617],[-157.9724683,21.3280674],[-157.9723468,21.3282531],[-157.9722474,21.3282594],[-157.9721072,21.3281934],[-157.9719346,21.3280822],[-157.9717623,21.3280455],[-157.9716117,21.3281336],[-157.9715185,21.3281921],[-157.9714748,21.3281458],[-157.9716138,21.3280025],[-157.9717856,21.3279699],[-157.9718706,21.3278836],[-157.971756,21.3277052],[-157.9715854,21.3273661],[-157.9714533,21.3272091],[-157.9712742,21.3274697],[-157.971554,21.3276941],[-157.9716473,21.3278519],[-157.9714694,21.3279507],[-157.971236,21.3277873],[-157.9709979,21.3275332],[-157.9708911,21.3273088],[-157.9706813,21.3270612],[-157.9706223,21.3268296],[-157.9706722,21.3265056],[-157.9707208,21.3262105],[-157.9706212,21.3257813],[-157.9705679,21.3254587],[-157.9706487,21.3251672],[-157.9705657,21.3251025],[-157.9706774,21.3244367],[-157.9707221,21.3244368],[-157.970804,21.324513],[-157.9710804,21.3247607],[-157.9711505,21.3248255],[-157.9711966,21.3248682],[-157.9713384,21.3247886],[-157.9715302,21.3251002],[-157.9714563,21.3251923],[-157.9712916,21.3253323],[-157.9712464,21.3255955],[-157.9713524,21.3258455],[-157.9714906,21.326111],[-157.9713203,21.326181],[-157.9714299,21.3267439],[-157.9717822,21.3274393],[-157.9720261,21.3277523],[-157.9724121,21.3274838]]]}},{"type":"Feature","properties":{"g":"grass"},"geometry":{"type":"Polygon","coordinates":[[[-157.9255036,21.3729323],[-157.9257402,21.3731061],[-157.9259145,21.3731981],[-157.9260107,21.3732417],[-157.926077,21.3732638],[-157.9261466,21.3732793],[-157.9262331,21.3732866],[-157.9263072,21.3732817],[-157.9263615,21.3732741],[-157.9264184,21.3732641],[-157.9264841,21.3732442],[-157.9265397,21.3732224],[-157.9265848,21.3732006],[-157.9266242,21.3731751],[-157.9266635,21.3731473],[-157.9267045,21.3731103],[-157.926739,21.3730698],[-157.9267656,21.3730322],[-157.9267916,21.3729886],[-157.9268124,21.3729487],[-157.9268274,21.3729087],[-157.9268397,21.3728609],[-157.9268482,21.372813],[-157.9268547,21.3727622],[-157.926856,21.3727113],[-157.9268573,21.3726653],[-157.9268521,21.3726193],[-157.9268449,21.3725733],[-157.9268326,21.3725272],[-157.9268124,21.3724758],[-157.9267884,21.3724231],[-157.926763,21.3723837],[-157.9267266,21.3723401],[-157.9266674,21.3722766],[-157.9265543,21.3721954],[-157.9264294,21.3721324],[-157.9263033,21.3721022],[-157.9261693,21.3720901],[-157.926025,21.3721143],[-157.9258832,21.3721797],[-157.925761,21.3722808],[-157.9256518,21.3724137],[-157.9255932,21.372548],[-157.9255523,21.3726527],[-157.9255255,21.3727719],[-157.9255036,21.3729323]]]}},{"type":"Feature","properties":{"g":"grass"},"geometry":{"type":"Polygon","coordinates":[[[-157.9226947,21.3703527],[-157.9235061,21.370525],[-157.9235999,21.370545],[-157.9236951,21.37056],[-157.9238065,21.3705775],[-157.9239231,21.37059],[-157.9240572,21.3705931],[-157.9241873,21.3705937],[-157.9243228,21.3705812],[-157.9244328,21.3705612],[-157.9245749,21.37053],[-157.9246701,21.3705063],[-157.9247627,21.3704801],[-157.9248579,21.3704426],[-157.924992,21.3703789],[-157.9248445,21.3703352],[-157.9247412,21.3703102],[-157.9246353,21.370284],[-157.924524,21.3702652],[-157.924418,21.3702503],[-157.9243281,21.3702428],[-157.9242276,21.3702378],[-157.9241283,21.3702378],[-157.9240184,21.3702428],[-157.9238883,21.3702553],[-157.9233384,21.3703027],[-157.9230434,21.3703402],[-157.9226947,21.3703527]]]}},{"type":"Feature","properties":{"g":"recreation_ground"},"geometry":{"type":"Polygon","coordinates":[[[-157.9701207,21.3880881],[-157.9702275,21.3884043],[-157.9699155,21.3884957],[-157.9698088,21.3881795],[-157.9701207,21.3880881]]]}},{"type":"Feature","properties":{"g":"recreation_ground"},"geometry":{"type":"Polygon","coordinates":[[[-157.9702275,21.3884043],[-157.9705368,21.3883138],[-157.97043,21.3879976],[-157.9701207,21.3880881],[-157.9702275,21.3884043]]]}},{"type":"Feature","properties":{"g":"recreation_ground"},"geometry":{"type":"Polygon","coordinates":[[[-157.9705581,21.3880606],[-157.9708673,21.3879693],[-157.9709746,21.3882841],[-157.9706653,21.3883754],[-157.9705581,21.3880606]]]}},{"type":"Feature","properties":{"g":"recreation_ground"},"geometry":{"type":"Polygon","coordinates":[[[-157.9709746,21.3882841],[-157.9712833,21.3881929],[-157.9711761,21.3878781],[-157.9708673,21.3879693],[-157.9709746,21.3882841]]]}},{"type":"Feature","properties":{"g":"recreation_ground"},"geometry":{"type":"Polygon","coordinates":[[[-157.9718155,21.3882548],[-157.9720503,21.3883939],[-157.9719584,21.3885285],[-157.9718611,21.388671],[-157.9716352,21.3885373],[-157.9716262,21.388532],[-157.9717199,21.3883948],[-157.9718155,21.3882548]]]}},{"type":"Feature","properties":{"g":"recreation_ground"},"geometry":{"type":"Polygon","coordinates":[[[-157.9715048,21.3880781],[-157.9717052,21.3881937],[-157.9715761,21.3883877],[-157.97157,21.3883842],[-157.9713757,21.3882721],[-157.9713813,21.3882637],[-157.9715048,21.3880781]]]}},{"type":"Feature","properties":{"g":"grass"},"geometry":{"type":"Polygon","coordinates":[[[-157.9431123,21.3279245],[-157.943099,21.3279648],[-157.9430779,21.3279999],[-157.9430501,21.3280309],[-157.9430069,21.3280516],[-157.9429469,21.3280609],[-157.9421348,21.3280609],[-157.9420804,21.3280537],[-157.9420405,21.328033],[-157.9420127,21.3280092],[-157.9419939,21.3279824],[-157.9419828,21.3279493],[-157.941982,21.3278779],[-157.9419828,21.3277839],[-157.9419943,21.3277547],[-157.9420064,21.3277373],[-157.9420255,21.3277191],[-157.9420482,21.3277033],[-157.9420748,21.3276909],[-157.9421148,21.3276816],[-157.9421581,21.3276754],[-157.9430113,21.3276785],[-157.9430446,21.3276847],[-157.9430679,21.3276961],[-157.9430899,21.3277174],[-157.9431045,21.3277388],[-157.9431126,21.3277679],[-157.943112,21.3277983],[-157.9431123,21.3279245]]]}},{"type":"Feature","properties":{"g":"grass"},"geometry":{"type":"Polygon","coordinates":[[[-157.9414573,21.3279315],[-157.941444,21.3279718],[-157.9414229,21.328007],[-157.9413952,21.328038],[-157.9413519,21.3280586],[-157.941292,21.3280679],[-157.9413044,21.3287509],[-157.9407519,21.3287535],[-157.940751,21.3286115],[-157.940801,21.3286109],[-157.9407998,21.3280686],[-157.940532,21.328069],[-157.9404776,21.3280617],[-157.9404377,21.3280411],[-157.9404099,21.3280173],[-157.9403911,21.3279904],[-157.94038,21.3279573],[-157.94038,21.3278997],[-157.94038,21.327792],[-157.9403915,21.3277628],[-157.9404036,21.3277453],[-157.9404227,21.3277271],[-157.9404454,21.3277114],[-157.940472,21.327699],[-157.940512,21.3276896],[-157.9405553,21.3276834],[-157.9413564,21.3276855],[-157.9413896,21.3276917],[-157.9414129,21.3277031],[-157.9414349,21.3277244],[-157.9414496,21.3277458],[-157.9414576,21.3277749],[-157.9414547,21.3278788],[-157.9414573,21.3279315]]]}},{"type":"Feature","properties":{"g":"grass"},"geometry":{"type":"Polygon","coordinates":[[[-157.9398705,21.3279257],[-157.9398572,21.327966],[-157.9398361,21.3280012],[-157.9398083,21.3280322],[-157.9397651,21.3280529],[-157.9397052,21.3280622],[-157.938893,21.3280622],[-157.9388386,21.3280549],[-157.9387987,21.3280343],[-157.9387709,21.3280105],[-157.9387521,21.3279836],[-157.938741,21.3279505],[-157.938741,21.327896],[-157.938741,21.3277852],[-157.9387525,21.327756],[-157.9387646,21.3277385],[-157.9387838,21.3277203],[-157.9388064,21.3277046],[-157.9388331,21.3276922],[-157.938873,21.3276829],[-157.9389163,21.3276767],[-157.9397695,21.3276798],[-157.9398028,21.327686],[-157.9398261,21.3276973],[-157.9398481,21.3277187],[-157.9398627,21.32774],[-157.9398708,21.3277691],[-157.93987,21.3278974],[-157.9398705,21.3279257]]]}},{"type":"Feature","properties":{"g":"grass"},"geometry":{"type":"Polygon","coordinates":[[[-157.9382233,21.3279272],[-157.93821,21.3279675],[-157.9381889,21.3280026],[-157.9381612,21.3280336],[-157.9381179,21.3280543],[-157.938058,21.3280636],[-157.9377926,21.3280639],[-157.9377402,21.3280164],[-157.9375222,21.3280181],[-157.9374808,21.3280642],[-157.9368816,21.3280648],[-157.9368273,21.3280576],[-157.9367873,21.3280369],[-157.9367596,21.3280132],[-157.9367407,21.3279863],[-157.9367296,21.3279532],[-157.9367296,21.3277878],[-157.9367411,21.3277586],[-157.9367533,21.3277412],[-157.9367724,21.327723],[-157.9367951,21.3277072],[-157.9368217,21.3276948],[-157.9368617,21.3276855],[-157.9369049,21.3276793],[-157.9381223,21.3276812],[-157.9381556,21.3276874],[-157.9381789,21.3276988],[-157.9382009,21.3277201],[-157.9382155,21.3277415],[-157.9382236,21.3277706],[-157.9382233,21.3279272]]]}},{"type":"Feature","properties":{"g":"grass"},"geometry":{"type":"Polygon","coordinates":[[[-157.9452141,21.3273616],[-157.9452007,21.3273717],[-157.9445546,21.3273717],[-157.9443239,21.327364],[-157.9436984,21.3270827],[-157.9436974,21.3270217],[-157.9441868,21.3270123],[-157.9448118,21.3270977],[-157.9452141,21.3273616]]]}},{"type":"Feature","properties":{"g":"grass"},"geometry":{"type":"Polygon","coordinates":[[[-157.9452963,21.3274337],[-157.9446603,21.3274277],[-157.9446321,21.3274424],[-157.9466047,21.3292871],[-157.9466321,21.3293049],[-157.9466596,21.3293119],[-157.9466887,21.3293119],[-157.9467145,21.3293034],[-157.9467694,21.3292747],[-157.9468109,21.3292406],[-157.946855,21.3291965],[-157.9468758,21.3291631],[-157.946885,21.3291352],[-157.94689,21.3291104],[-157.9468833,21.3290756],[-157.9468084,21.3288764],[-157.9467918,21.3288431],[-157.9467694,21.3288183],[-157.9452963,21.3274337]]]}},{"type":"Feature","properties":{"g":"grass"},"geometry":{"type":"Polygon","coordinates":[[[-157.9463488,21.3298427],[-157.946331,21.329881],[-157.943734,21.3303178],[-157.9437144,21.3303161],[-157.9436988,21.3303078],[-157.9436881,21.3302972],[-157.9436797,21.33028],[-157.9436756,21.33026],[-157.9436757,21.3289048],[-157.9439041,21.3289043],[-157.9439029,21.3281872],[-157.9436763,21.3281865],[-157.943664,21.3277907],[-157.9436827,21.3277809],[-157.9436941,21.327752],[-157.9437102,21.3277286],[-157.9437269,21.3277097],[-157.9437478,21.3276925],[-157.943777,21.3276825],[-157.9438003,21.3276775],[-157.9440264,21.3276719],[-157.9440551,21.3276808],[-157.9440837,21.3276992],[-157.9463488,21.3298427]]]}},{"type":"Feature","properties":{"g":"grass"},"geometry":{"type":"Polygon","coordinates":[[[-157.9405432,21.3264174],[-157.9405855,21.3264818],[-157.9406114,21.3265446],[-157.9406183,21.3266071],[-157.9406087,21.3266632],[-157.9405977,21.3267124],[-157.940575,21.3267687],[-157.9405427,21.3268073],[-157.9404294,21.3268965],[-157.9403541,21.3269514],[-157.9402623,21.3270075],[-157.9401706,21.3270483],[-157.9400748,21.3270827],[-157.9399749,21.3271082],[-157.9398749,21.3271197],[-157.9397326,21.3271299],[-157.9297672,21.3271399],[-157.9297717,21.326606],[-157.9293533,21.3266085],[-157.9293598,21.3256326],[-157.9392053,21.3256317],[-157.9392051,21.326024],[-157.9393043,21.326024],[-157.9393045,21.325632],[-157.9398384,21.3256316],[-157.9405432,21.3264174]]]}},{"type":"Feature","properties":{"g":"grass"},"geometry":{"type":"Polygon","coordinates":[[[-157.9537588,21.3323468],[-157.9537614,21.3323221],[-157.9537697,21.3323036],[-157.9537879,21.3322943],[-157.9538177,21.3322889],[-157.9544443,21.332292],[-157.9541343,21.3325816],[-157.954118,21.3325678],[-157.9540984,21.3325866],[-157.9541137,21.3326008],[-157.9535994,21.3330821],[-157.9535928,21.3330752],[-157.9535721,21.3330959],[-157.9535531,21.3331006],[-157.9535341,21.3331021],[-157.9535184,21.3330952],[-157.9534845,21.3330628],[-157.9535771,21.3329758],[-157.9534225,21.3328326],[-157.9535019,21.3327556],[-157.9535184,21.3327286],[-157.9535242,21.3327017],[-157.953525,21.3326763],[-157.9535201,21.3326524],[-157.9535002,21.3326278],[-157.9533341,21.3324707],[-157.9533175,21.332446],[-157.9533109,21.3324214],[-157.9533126,21.3323513],[-157.9533175,21.3323282],[-157.9533299,21.3323097],[-157.9533514,21.3322966],[-157.9533779,21.332292],[-157.9536498,21.3322928],[-157.9536631,21.3323051],[-157.9536639,21.332473],[-157.9536715,21.3324736],[-157.9537583,21.3324739],[-157.9537588,21.3323468]]]}},{"type":"Feature","properties":{"g":"grass"},"geometry":{"type":"Polygon","coordinates":[[[-157.9531678,21.3324814],[-157.9532042,21.3324452],[-157.9532215,21.3324129],[-157.9532282,21.3323844],[-157.9532282,21.3323359],[-157.9532232,21.3323166],[-157.9532075,21.3323004],[-157.9531827,21.3322904],[-157.9529719,21.332292],[-157.9529165,21.3322827],[-157.9528636,21.3322658],[-157.9528371,21.3322766],[-157.9528148,21.3322973],[-157.9528024,21.332322],[-157.9527925,21.3323551],[-157.9527908,21.3325838],[-157.9528041,21.3326084],[-157.9528223,21.3326277],[-157.9528412,21.332643],[-157.9528565,21.3326287],[-157.9528853,21.332655],[-157.9530935,21.3324569],[-157.9531445,21.3325039],[-157.9531678,21.3324814]]]}},{"type":"Feature","properties":{"g":"grass"},"geometry":{"type":"Polygon","coordinates":[[[-157.954405,21.3318987],[-157.9544468,21.3318988],[-157.9544618,21.3319041],[-157.9544757,21.3319149],[-157.9544757,21.331931],[-157.9544699,21.3319471],[-157.9541841,21.3322111],[-157.954168,21.3322229],[-157.9541461,21.3322294],[-157.95379,21.3322283],[-157.953767,21.3322197],[-157.9537543,21.3322004],[-157.9537578,21.3320694],[-157.9537658,21.3320512],[-157.9537831,21.3320437],[-157.954244,21.3320447],[-157.9542448,21.3319629],[-157.9542448,21.3319328],[-157.9544046,21.3319321],[-157.954405,21.3318987]]]}},{"type":"Feature","properties":{"g":"grass"},"geometry":{"type":"Polygon","coordinates":[[[-157.9545235,21.3322277],[-157.9543098,21.3322304],[-157.9542991,21.3322241],[-157.9542971,21.3322122],[-157.9543,21.3321986],[-157.9545772,21.3319377],[-157.9545948,21.3319213],[-157.9546026,21.3319022],[-157.9546111,21.3316584],[-157.954613,21.3314738],[-157.954408,21.3314748],[-157.954407,21.331418],[-157.9544512,21.331418],[-157.9544512,21.3313079],[-157.9543801,21.3313078],[-157.954382,21.3311685],[-157.9549198,21.3311685],[-157.9549462,21.3311767],[-157.9549627,21.3311876],[-157.955237,21.331434],[-157.9552458,21.3314613],[-157.9552487,21.3314895],[-157.9552477,21.3315158],[-157.955237,21.3315431],[-157.9545235,21.3322277]]]}},{"type":"Feature","properties":{"g":"grass"},"geometry":{"type":"Polygon","coordinates":[[[-157.9554219,21.3313746],[-157.9553893,21.3313911],[-157.9553594,21.3314012],[-157.9553253,21.3314025],[-157.9552927,21.3313911],[-157.9552682,21.3313746],[-157.9550097,21.3311288],[-157.9549757,21.331111],[-157.9549349,21.3311009],[-157.9548791,21.3310958],[-157.9543812,21.3310971],[-157.9543784,21.3310093],[-157.9554097,21.3310188],[-157.9555145,21.3310198],[-157.9559267,21.3306497],[-157.9559199,21.330248],[-157.956143,21.3302112],[-157.9561852,21.33021],[-157.9562219,21.3302264],[-157.9562423,21.330248],[-157.9563729,21.3304026],[-157.9563757,21.3304317],[-157.9563675,21.3304647],[-157.9563553,21.3304951],[-157.9554219,21.3313746]]]}},{"type":"Feature","properties":{"g":"grass"},"geometry":{"type":"Polygon","coordinates":[[[-157.9533183,21.3327333],[-157.9533742,21.3327892],[-157.9534575,21.3327175],[-157.9534652,21.3327005],[-157.9534652,21.3326803],[-157.953454,21.3326621],[-157.9533595,21.3325675],[-157.9533385,21.3325642],[-157.9533175,21.3325701],[-157.953289,21.3325953],[-157.9533442,21.3326456],[-157.9533626,21.3326281],[-157.9533969,21.3326594],[-157.9533183,21.3327333]]]}},{"type":"Feature","properties":{"g":"grass"},"geometry":{"type":"Polygon","coordinates":[[[-157.9529007,21.3331304],[-157.9531475,21.3333612],[-157.953246,21.333277],[-157.9532701,21.3332985],[-157.9532831,21.3333219],[-157.9532892,21.33335],[-157.9532842,21.3333687],[-157.9532711,21.3333808],[-157.9532771,21.3333921],[-157.9530762,21.3335652],[-157.953035,21.3335933],[-157.9529908,21.3336073],[-157.9529145,21.3336288],[-157.9526305,21.3333877],[-157.9526151,21.3333378],[-157.9521957,21.332953],[-157.9521628,21.3329797],[-157.9521475,21.3329803],[-157.9521329,21.3329689],[-157.9523041,21.3328034],[-157.9522637,21.3327618],[-157.9524713,21.3327618],[-157.9524879,21.3327463],[-157.952625,21.3328713],[-157.9526067,21.3328893],[-157.9527613,21.3330303],[-157.9527411,21.3330496],[-157.9527655,21.3330719],[-157.9527281,21.3331074],[-157.9527807,21.3331554],[-157.9527563,21.3331786],[-157.9528043,21.3332225],[-157.9529007,21.3331304]]]}},{"type":"Feature","properties":{"g":"grass"},"geometry":{"type":"Polygon","coordinates":[[[-157.9527483,21.3327545],[-157.9526382,21.3328587],[-157.9525005,21.3327327],[-157.9526336,21.3326042],[-157.9527293,21.3326944],[-157.9527067,21.3327165],[-157.9527483,21.3327545]]]}},{"type":"Feature","properties":{"g":"grass"},"geometry":{"type":"Polygon","coordinates":[[[-157.9527656,21.3326605],[-157.9527502,21.3326394],[-157.9527368,21.3326093],[-157.95273,21.3325809],[-157.9527288,21.332557],[-157.9526568,21.332557],[-157.9526605,21.3326076],[-157.9527408,21.3326835],[-157.9527656,21.3326605]]]}},{"type":"Feature","properties":{"g":"grass"},"geometry":{"type":"Polygon","coordinates":[[[-157.9526429,21.3323575],[-157.9526437,21.3325317],[-157.9526441,21.332568],[-157.952465,21.3327434],[-157.9521212,21.3327455],[-157.9521125,21.3327414],[-157.9521076,21.3327324],[-157.9521024,21.3325184],[-157.9521808,21.332518],[-157.9521809,21.33255],[-157.9523016,21.3325494],[-157.9523015,21.3325315],[-157.9524617,21.3325308],[-157.9524618,21.3325515],[-157.9525869,21.332551],[-157.9525894,21.3323584],[-157.9526429,21.3323575]]]}},{"type":"Feature","properties":{"g":"grass"},"geometry":{"type":"Polygon","coordinates":[[[-157.9526429,21.3323575],[-157.9527028,21.3322878],[-157.9526888,21.3322026],[-157.9525853,21.3322034],[-157.9525866,21.3322351],[-157.9526419,21.3322356],[-157.9526429,21.3323575]]]}},{"type":"Feature","properties":{"g":"grass"},"geometry":{"type":"Polygon","coordinates":[[[-157.9526986,21.3321881],[-157.952604,21.3321876],[-157.9526025,21.3321534],[-157.9526552,21.3321539],[-157.9526816,21.3321669],[-157.9526986,21.3321881]]]}},{"type":"Feature","properties":{"g":"grass"},"geometry":{"type":"Polygon","coordinates":[[[-157.9527219,21.3322883],[-157.9526671,21.3323466],[-157.9527276,21.332347],[-157.9527219,21.3322883]]]}},{"type":"Feature","properties":{"g":"grass"},"geometry":{"type":"Polygon","coordinates":[[[-157.9520891,21.3327277],[-157.9520821,21.3327383],[-157.9520711,21.332744],[-157.9519248,21.3327436],[-157.9517698,21.3325976],[-157.9517676,21.3325062],[-157.9520838,21.3325042],[-157.9520891,21.3327277]]]}},{"type":"Feature","properties":{"g":"grass"},"geometry":{"type":"Polygon","coordinates":[[[-157.9519199,21.3324907],[-157.951768,21.3324921],[-157.9517691,21.3320914],[-157.9519552,21.3320919],[-157.9520756,21.3322055],[-157.9519186,21.3322061],[-157.9519199,21.3324907]]]}},{"type":"Feature","properties":{"g":"grass"},"geometry":{"type":"Polygon","coordinates":[[[-157.9523238,21.3321791],[-157.9520726,21.3321781],[-157.9519609,21.3320745],[-157.9520607,21.332075],[-157.9521165,21.332128],[-157.9522969,21.3321314],[-157.952314,21.3321367],[-157.9523218,21.3321482],[-157.9523238,21.3321791]]]}},{"type":"Feature","properties":{"g":"grass"},"geometry":{"type":"Polygon","coordinates":[[[-157.9517525,21.332579],[-157.9512113,21.3320784],[-157.9517521,21.3320784],[-157.9517525,21.332579]]]}},{"type":"Feature","properties":{"g":"grass"},"geometry":{"type":"Polygon","coordinates":[[[-157.9516482,21.3318993],[-157.9515565,21.3319555],[-157.9515524,21.3319625],[-157.9515533,21.3319686],[-157.9515565,21.331973],[-157.9515621,21.3319757],[-157.9516404,21.3319745],[-157.9516536,21.3319695],[-157.9516624,21.3319619],[-157.951679,21.3319379],[-157.9516831,21.331928],[-157.9516818,21.3319054],[-157.9516781,21.3318993],[-157.9516699,21.3318964],[-157.9516589,21.3318964],[-157.9516482,21.3318993]]]}},{"type":"Feature","properties":{"g":"grass"},"geometry":{"type":"Polygon","coordinates":[[[-157.953382,21.3317994],[-157.9532432,21.3318022],[-157.9532269,21.3317795],[-157.9532147,21.3313837],[-157.953056,21.3313849],[-157.9530523,21.3313149],[-157.9529095,21.3313138],[-157.9529113,21.3313621],[-157.9529052,21.3313746],[-157.9528924,21.3313837],[-157.9528533,21.3313837],[-157.9528411,21.3313752],[-157.9528289,21.331361],[-157.9528259,21.3313456],[-157.9528259,21.3312922],[-157.9528307,21.3312729],[-157.9528466,21.3312535],[-157.9528582,21.3312422],[-157.9528753,21.3312331],[-157.9528954,21.3312251],[-157.9529229,21.3312223],[-157.9531958,21.3312234],[-157.9532965,21.3312325],[-157.9533636,21.3312433],[-157.953382,21.331253],[-157.9534003,21.3312666],[-157.9534125,21.3312803],[-157.9534198,21.3312962],[-157.9534259,21.3313161],[-157.9534265,21.3313309],[-157.9534253,21.3313712],[-157.953418,21.331394],[-157.9534119,21.3314088],[-157.9534027,21.3314292],[-157.9534021,21.3317539],[-157.953382,21.3317994]]]}},{"type":"Feature","properties":{"g":"grass"},"geometry":{"type":"Polygon","coordinates":[[[-157.9514027,21.3318472],[-157.9514617,21.3318489],[-157.9514611,21.331858],[-157.9512883,21.3319479],[-157.9512132,21.3319501],[-157.951212,21.3318955],[-157.9510692,21.3318973],[-157.9510728,21.3319484],[-157.9510002,21.3319473],[-157.9509709,21.3319172],[-157.9509678,21.331634],[-157.9510594,21.3316352],[-157.9510594,21.3315459],[-157.9509782,21.3315475],[-157.9509788,21.3314867],[-157.9516857,21.3313611],[-157.9516888,21.3315316],[-157.9516247,21.3315333],[-157.9516234,21.3318131],[-157.9515862,21.3318131],[-157.9515832,21.3314276],[-157.9514011,21.3314288],[-157.9514027,21.3318472]]]}},{"type":"Feature","properties":{"g":"grass"},"geometry":{"type":"Polygon","coordinates":[[[-157.9503883,21.3320145],[-157.9503873,21.331861],[-157.9508213,21.3318582],[-157.9508672,21.3318789],[-157.9508666,21.3319246],[-157.9507648,21.3320171],[-157.9503883,21.3320145]]]}},{"type":"Feature","properties":{"g":"grass"},"geometry":{"type":"Polygon","coordinates":[[[-157.9503563,21.3320123],[-157.9501919,21.3320156],[-157.9501919,21.331885],[-157.9502907,21.3318854],[-157.9502891,21.3318595],[-157.9503563,21.3318591],[-157.9503563,21.3320123]]]}},{"type":"Feature","properties":{"g":"grass"},"geometry":{"type":"Polygon","coordinates":[[[-157.9501542,21.3320118],[-157.9498346,21.3320137],[-157.9498016,21.3319824],[-157.9497974,21.3319049],[-157.9498346,21.3318567],[-157.950143,21.3318577],[-157.9501429,21.3318848],[-157.9501542,21.3318848],[-157.9501542,21.3320118]]]}},{"type":"Feature","properties":{"g":"grass"},"geometry":{"type":"Polygon","coordinates":[[[-157.9528292,21.3336353],[-157.9526021,21.3334277],[-157.9525264,21.3334249],[-157.9524477,21.3335051],[-157.9524056,21.3334676],[-157.9523879,21.3334801],[-157.9523848,21.333492],[-157.9523885,21.3335079],[-157.9524391,21.3336313],[-157.9524678,21.3337194],[-157.9524898,21.333815],[-157.9524996,21.3338792],[-157.9525051,21.334006],[-157.9525208,21.3340071],[-157.9525219,21.3335472],[-157.9525411,21.3335295],[-157.9525795,21.3335659],[-157.9526308,21.3335995],[-157.9526961,21.3336199],[-157.9527712,21.3336364],[-157.9528292,21.3336353]]]}},{"type":"Feature","properties":{"g":"grass"},"geometry":{"type":"Polygon","coordinates":[[[-157.9522507,21.3335022],[-157.9522161,21.3335336],[-157.9521954,21.3335138],[-157.9522712,21.3334468],[-157.9522962,21.3334705],[-157.95232,21.3334998],[-157.9523867,21.3336592],[-157.9523867,21.3336713],[-157.952381,21.3336785],[-157.9523722,21.3336795],[-157.9523624,21.333678],[-157.952305,21.3336241],[-157.9523463,21.333588],[-157.9522507,21.3335022]]]}},{"type":"Feature","properties":{"g":"grass"},"geometry":{"type":"Polygon","coordinates":[[[-157.9522954,21.3338073],[-157.9523436,21.333762],[-157.9524027,21.3337502],[-157.9524136,21.3337567],[-157.9524263,21.3337967],[-157.9524355,21.3338546],[-157.9524421,21.3339142],[-157.952439,21.3339211],[-157.952432,21.3339248],[-157.9524237,21.333924],[-157.9524132,21.3339203],[-157.9522954,21.3338073]]]}},{"type":"Feature","properties":{"g":"grass"},"geometry":{"type":"Polygon","coordinates":[[[-157.9507058,21.3321596],[-157.9507042,21.3321067],[-157.9507368,21.3321057],[-157.9507466,21.3321105],[-157.9507497,21.3321177],[-157.9507508,21.3321298],[-157.9506748,21.3322035],[-157.9506546,21.3322078],[-157.9502058,21.3322097],[-157.9502058,21.3321601],[-157.9507058,21.3321596]]]}},{"type":"Feature","properties":{"g":"grass"},"geometry":{"type":"Polygon","coordinates":[[[-157.9501748,21.3322088],[-157.949803,21.3322068],[-157.949787,21.3322001],[-157.9497762,21.332189],[-157.9497694,21.3321755],[-157.9497684,21.3321592],[-157.9501743,21.3321596],[-157.9501748,21.3322088]]]}},{"type":"Feature","properties":{"g":"grass"},"geometry":{"type":"Polygon","coordinates":[[[-157.9520854,21.3329085],[-157.9520719,21.3329067],[-157.9520109,21.3328478],[-157.9520094,21.3328392],[-157.952012,21.3328324],[-157.9520223,21.3328286],[-157.9521479,21.33283],[-157.9521521,21.3328339],[-157.9521547,21.3328416],[-157.9521526,21.3328502],[-157.9520854,21.3329085]]]}},{"type":"Feature","properties":{"g":"grass"},"geometry":{"type":"Polygon","coordinates":[[[-157.9493942,21.3317632],[-157.9482718,21.3317552],[-157.9482684,21.333073],[-157.9484756,21.333073],[-157.9484761,21.3332026],[-157.9484752,21.3332477],[-157.9484016,21.3332033],[-157.9484016,21.3331013],[-157.948268,21.3331013],[-157.948269,21.3332586],[-157.9483092,21.3332576],[-157.9483052,21.3332904],[-157.9482992,21.3333203],[-157.9482861,21.3333409],[-157.948265,21.3333549],[-157.9482359,21.3333634],[-157.9481043,21.3333634],[-157.9481073,21.3316743],[-157.9493334,21.3314733],[-157.9493731,21.3314702],[-157.9494161,21.3314846],[-157.9493942,21.3317632]]]}},{"type":"Feature","properties":{"g":"grass"},"geometry":{"type":"Polygon","coordinates":[[[-157.9553736,21.3367613],[-157.9551368,21.3365429],[-157.9552202,21.3364657],[-157.9552342,21.3364787],[-157.9552452,21.336489],[-157.9552662,21.3364695],[-157.9553042,21.3365049],[-157.9553292,21.3364816],[-157.9553632,21.3365133],[-157.9553875,21.3364907],[-157.9553516,21.3364572],[-157.9553767,21.3364338],[-157.9553396,21.3363992],[-157.9553597,21.3363805],[-157.9552604,21.3362879],[-157.9553206,21.3362318],[-157.9552767,21.3361913],[-157.9552613,21.3361768],[-157.9552272,21.3361448],[-157.9551704,21.3361977],[-157.9550596,21.3361033],[-157.9553211,21.3358583],[-157.9554313,21.3359573],[-157.9554185,21.3359693],[-157.955818,21.3363484],[-157.955642,21.3365117],[-157.9553736,21.3367613]]]}},{"type":"Feature","properties":{"g":"grass"},"geometry":{"type":"Polygon","coordinates":[[[-157.9553736,21.3367613],[-157.9552596,21.3368648],[-157.95532,21.3369165],[-157.9552997,21.3369273],[-157.9552654,21.3369404],[-157.95521,21.3369454],[-157.9551733,21.3369381],[-157.9545846,21.3366421],[-157.9545627,21.3366274],[-157.9545535,21.3366117],[-157.9545525,21.336594],[-157.9545608,21.3365758],[-157.9549475,21.3362057],[-157.9550514,21.3363084],[-157.9549965,21.3363596],[-157.9550402,21.3364007],[-157.9550665,21.3364251],[-157.9550922,21.3364489],[-157.9550639,21.3364779],[-157.9551368,21.3365429],[-157.9553736,21.3367613]]]}},{"type":"Feature","properties":{"g":"grass"},"geometry":{"type":"Polygon","coordinates":[[[-157.9445537,21.3228945],[-157.9445952,21.3228777],[-157.9446312,21.3228827],[-157.9446763,21.3228961],[-157.9448043,21.3229516],[-157.9449504,21.3230204],[-157.9455958,21.3232841],[-157.9457239,21.3233429],[-157.9458122,21.3233883],[-157.9458915,21.323442],[-157.9459835,21.3235226],[-157.94607,21.3236133],[-157.9461403,21.3236956],[-157.9462161,21.323793],[-157.9462828,21.3239072],[-157.9463513,21.3240315],[-157.9464054,21.3241844],[-157.9464414,21.3243154],[-157.9464775,21.3245119],[-157.9464937,21.3246681],[-157.9465118,21.3248428],[-157.9465208,21.3250342],[-157.9465244,21.3251871],[-157.94651,21.3253718],[-157.9464991,21.3255683],[-157.9464685,21.3257799],[-157.9464234,21.3260184],[-157.9464054,21.3262334],[-157.9463383,21.3269404],[-157.9463216,21.3270519],[-157.9463017,21.3271439],[-157.9462754,21.3272011],[-157.9462469,21.3271847],[-157.9461264,21.3273541],[-157.9461012,21.3273633],[-157.9460716,21.3273633],[-157.9460398,21.3273521],[-157.945291,21.3266964],[-157.9438749,21.3263898],[-157.9436105,21.326268],[-157.9435171,21.3258118],[-157.9435221,21.3256343],[-157.9445613,21.3256322],[-157.9445568,21.3252441],[-157.9445523,21.3248529],[-157.9435446,21.3248526],[-157.9435332,21.3238123],[-157.9443869,21.3230105],[-157.9444172,21.3230291],[-157.9445537,21.3228945]]]}},{"type":"Feature","properties":{"g":"scrub"},"geometry":{"type":"Polygon","coordinates":[[[-157.9422134,21.3988744],[-157.9423755,21.3990587],[-157.942767,21.3987798],[-157.9429735,21.3986415],[-157.9431599,21.3985319],[-157.9440049,21.3980654],[-157.9441034,21.3980031],[-157.944204,21.3979276],[-157.9443529,21.3977784],[-157.9444441,21.3976565],[-157.9447721,21.3971578],[-157.9447586,21.3965959],[-157.9448283,21.3962862],[-157.9449121,21.3960608],[-157.9450589,21.3956057],[-157.945118,21.3954583],[-157.9452011,21.395321],[-157.9454693,21.394854],[-157.9456181,21.3948035],[-157.9457632,21.3947443],[-157.9459038,21.3946766],[-157.9460187,21.3946132],[-157.9461296,21.394544],[-157.9462364,21.3944694],[-157.94651,21.394302],[-157.9467069,21.3941882],[-157.9469063,21.3940783],[-157.9471082,21.3939724],[-157.9475561,21.3937127],[-157.9484302,21.3931582],[-157.9484244,21.3931361],[-157.9484141,21.3931219],[-157.948398,21.3931126],[-157.9483825,21.3931066],[-157.9483688,21.3931061],[-157.9481083,21.3931489],[-157.948053,21.3931626],[-157.947988,21.393185],[-157.9474033,21.3934429],[-157.9472714,21.3934963],[-157.9471678,21.3935322],[-157.9470444,21.393569],[-157.9469408,21.393594],[-157.9468361,21.3936133],[-157.9467769,21.3936658],[-157.9463491,21.3938219],[-157.9463357,21.3938456],[-157.9453949,21.3944275],[-157.9453788,21.3943913],[-157.9446244,21.3950362],[-157.944487,21.3953303],[-157.943985,21.395839],[-157.9440457,21.3959322],[-157.9440538,21.3960433],[-157.9440035,21.3961495],[-157.9440244,21.3964459],[-157.9438915,21.3968878],[-157.9433827,21.397305],[-157.9433152,21.3973497],[-157.9432434,21.3973847],[-157.9431599,21.3974119],[-157.9427816,21.3974824],[-157.9427046,21.3973385],[-157.9425739,21.3974025],[-157.942313,21.3974937],[-157.9418607,21.3976324],[-157.941788,21.397641],[-157.9416733,21.3976466],[-157.9409277,21.3976297],[-157.9400272,21.3973955],[-157.9399057,21.3973482],[-157.9397931,21.3972882],[-157.9396871,21.3972115],[-157.9395424,21.3970408],[-157.9393975,21.3971802],[-157.9393478,21.3971958],[-157.9392721,21.3972015],[-157.939138,21.3972312],[-157.9384528,21.3970942],[-157.9379364,21.3970565],[-157.937758,21.3970004],[-157.93753,21.3968344],[-157.9373758,21.396688],[-157.9368453,21.3967401],[-157.9364651,21.3968515],[-157.9363411,21.3968856],[-157.9358422,21.3969611],[-157.9357966,21.396957],[-157.9357463,21.3969408],[-157.9356934,21.3969011],[-157.9349779,21.3978756],[-157.9337548,21.3986298],[-157.9327731,21.3990344],[-157.9331433,21.3999184],[-157.9330253,21.4004778],[-157.9328751,21.4010522],[-157.9334278,21.4014928],[-157.9348788,21.3992952],[-157.9368235,21.3978343],[-157.9371491,21.3978583],[-157.9378089,21.3981804],[-157.9382703,21.3980181],[-157.9389505,21.398049],[-157.9414487,21.3985213],[-157.9418296,21.3989234],[-157.9422134,21.3988744]]]}},{"type":"Feature","properties":{"g":"scrub"},"geometry":{"type":"Polygon","coordinates":[[[-157.9327731,21.3990344],[-157.9312185,21.3996831],[-157.9282051,21.4002348],[-157.9272779,21.4009414],[-157.9283417,21.4023006],[-157.93063,21.4012136],[-157.9320964,21.4008136],[-157.9328751,21.4010522],[-157.9330253,21.4004778],[-157.9331433,21.3999184],[-157.9327731,21.3990344]]]}},{"type":"Feature","properties":{"g":"cemetery"},"geometry":{"type":"Polygon","coordinates":[[[-157.9318182,21.3752736],[-157.932458,21.374606],[-157.9325,21.3749235],[-157.9325549,21.3751442],[-157.9326331,21.3753692],[-157.9326821,21.3755236],[-157.932019,21.3757454],[-157.9320096,21.3756193],[-157.9320003,21.3755149],[-157.9319816,21.3754323],[-157.9319372,21.3753475],[-157.9318905,21.375304],[-157.9318182,21.3752736]]]}},{"type":"Feature","properties":{"g":"recreation_ground"},"geometry":{"type":"Polygon","coordinates":[[[-157.9365986,21.3856627],[-157.9367332,21.3853512],[-157.9364008,21.3852266],[-157.9362662,21.3855381],[-157.9365986,21.3856627]]]}},{"type":"Feature","properties":{"g":"areia"},"geometry":{"type":"Polygon","coordinates":[[[-158.0212399,21.3567764],[-158.0198228,21.3573811],[-158.0197945,21.3573956],[-158.01977,21.3574154],[-158.0197504,21.3574394],[-158.0197365,21.3574666],[-158.019729,21.357496],[-158.0197284,21.3575292],[-158.0197359,21.3575617],[-158.0197512,21.3575917],[-158.0197734,21.3576177],[-158.0198014,21.3576383],[-158.0205484,21.3579469],[-158.0206066,21.3579715],[-158.0206677,21.3579891],[-158.0207308,21.3579993],[-158.0207878,21.358002],[-158.0208448,21.3579987],[-158.0209011,21.3579893],[-158.0209854,21.3579819],[-158.0210701,21.3579831],[-158.0211388,21.3579903],[-158.0212065,21.3580033],[-158.0212714,21.3580154],[-158.0213504,21.358043],[-158.0215395,21.3581317],[-158.0216153,21.3581236],[-158.0216673,21.3580762],[-158.0216982,21.3580297],[-158.021699,21.3579766],[-158.021607,21.3576777],[-158.0215352,21.3573451],[-158.0215291,21.357286],[-158.0214991,21.3569955],[-158.0214371,21.3568985],[-158.0212399,21.3567764]]]}},{"type":"Feature","properties":{"g":"areia"},"geometry":{"type":"Polygon","coordinates":[[[-158.0203432,21.3558847],[-158.0208233,21.3563069],[-158.0208645,21.3563332],[-158.0208995,21.3563664],[-158.0209268,21.3564054],[-158.0209455,21.3564485],[-158.0209547,21.3564943],[-158.0209543,21.3565404],[-158.0209443,21.3565856],[-158.0209251,21.3566282],[-158.0208974,21.3566664],[-158.0208623,21.356699],[-158.0208211,21.3567247],[-158.0207793,21.3567499],[-158.0207348,21.3567715],[-158.0196056,21.3572537],[-158.0195546,21.3572704],[-158.0195014,21.3572788],[-158.0194473,21.3572786],[-158.019395,21.3572702],[-158.0193448,21.3572537],[-158.0192984,21.3572296],[-158.0192569,21.3571987],[-158.0190396,21.3570613],[-158.0190007,21.357043],[-158.0189596,21.3570297],[-158.0189168,21.3570216],[-158.0188733,21.3570188],[-158.0188298,21.3570216],[-158.0187871,21.3570297],[-158.0187459,21.357043],[-158.018707,21.3570613],[-158.0186584,21.3570837],[-158.0186072,21.3571005],[-158.0185542,21.3571113],[-158.0184889,21.3571162],[-158.0184235,21.3571121],[-158.0183595,21.3570991],[-158.0182982,21.3570774],[-158.018241,21.3570477],[-158.0181892,21.3570104],[-158.0181438,21.3569664],[-158.0177951,21.356764],[-158.0177254,21.3567266],[-158.0176476,21.3566966],[-158.0171701,21.3565417],[-158.0171375,21.3565246],[-158.0171088,21.3565022],[-158.0170849,21.3564754],[-158.0170667,21.3564449],[-158.0170548,21.3564118],[-158.0170495,21.3563758],[-158.0170516,21.3563396],[-158.017061,21.3563043],[-158.0170775,21.3562714],[-158.0171004,21.356242],[-158.0171673,21.3561866],[-158.0172283,21.3561257],[-158.0172828,21.3560596],[-158.0173304,21.355989],[-158.0173706,21.3559146],[-158.017403,21.355837],[-158.0174275,21.3557568],[-158.0174437,21.3556749],[-158.0174533,21.3556264],[-158.0174701,21.3555796],[-158.0174939,21.3555355],[-158.0175242,21.355495],[-158.0175646,21.3554553],[-158.0176113,21.3554219],[-158.017663,21.3553958],[-158.0177185,21.3553775],[-158.0177763,21.3553676],[-158.0183476,21.3553427],[-158.0184078,21.3553475],[-158.018467,21.3553583],[-158.0185246,21.3553751],[-158.0185806,21.355398],[-158.0186336,21.3554264],[-158.0186829,21.3554601],[-158.0187295,21.3555066],[-158.0187795,21.35555],[-158.0188468,21.3555999],[-158.0189185,21.3556441],[-158.018994,21.3556824],[-158.0190312,21.355705],[-158.0190718,21.3557216],[-158.0191148,21.3557319],[-158.019159,21.3557355],[-158.0192032,21.3557324],[-158.0192526,21.3557205],[-158.0192988,21.3557003],[-158.01934,21.3556724],[-158.0194151,21.3556274],[-158.0194628,21.3556183],[-158.0195114,21.355615],[-158.01956,21.3556174],[-158.0196153,21.3556275],[-158.0196685,21.3556451],[-158.0197182,21.3556699],[-158.019847,21.3557748],[-158.0198892,21.3557997],[-158.0199355,21.3558173],[-158.0199841,21.355827],[-158.0200338,21.3558287],[-158.020083,21.3558223],[-158.0201252,21.3558205],[-158.0201674,21.355823],[-158.0202091,21.3558298],[-158.0202561,21.3558428],[-158.0203011,21.3558612],[-158.0203432,21.3558847]]]}},{"type":"Feature","properties":{"g":"scrub"},"geometry":{"type":"Polygon","coordinates":[[[-158.0109447,21.3348572],[-158.0100757,21.3343526],[-158.0099711,21.3342881],[-158.0098638,21.3342276],[-158.0097091,21.3341498],[-158.00955,21.3340802],[-158.0070528,21.3331858],[-158.0089948,21.3311621],[-158.0111539,21.3318216],[-158.0108857,21.3327286],[-158.0109072,21.3331033],[-158.0113873,21.3342276],[-158.0113007,21.3343069],[-158.0112285,21.3344167],[-158.0109447,21.3348572]]]}},{"type":"Feature","properties":{"g":"recreation_ground"},"geometry":{"type":"Polygon","coordinates":[[[-158.0162009,21.3363734],[-158.0157911,21.3368038],[-158.0154954,21.3365943],[-158.0159175,21.3361294],[-158.0162009,21.3363734]]]}},{"type":"Feature","properties":{"g":"recreation_ground"},"geometry":{"type":"Polygon","coordinates":[[[-158.0141081,21.3320043],[-158.0139333,21.3317335],[-158.0144801,21.3314911],[-158.0146081,21.3316994],[-158.0145716,21.3318093],[-158.0146346,21.3319607],[-158.0145207,21.3320062],[-158.0144069,21.3319607],[-158.014289,21.3320194],[-158.0141081,21.3320043]]]}},{"type":"Feature","properties":{"g":"grass"},"geometry":{"type":"Polygon","coordinates":[[[-157.9949137,21.389194],[-157.9949473,21.3892347],[-157.9937145,21.390268],[-157.9934965,21.3904686],[-157.9932802,21.3906746],[-157.9897749,21.3936525],[-157.9897541,21.3936332],[-157.9915353,21.3920973],[-157.9930215,21.390836],[-157.9933505,21.3905548],[-157.9941136,21.3898882],[-157.9945645,21.389464],[-157.9949137,21.389194]]]}},{"type":"Feature","properties":{"g":"grass"},"geometry":{"type":"Polygon","coordinates":[[[-157.9335746,21.3703069],[-157.9335869,21.3702878],[-157.9334739,21.3702323],[-157.9334103,21.3702006],[-157.9333376,21.3701614],[-157.9333076,21.3701345],[-157.9332871,21.3701144],[-157.9332701,21.3700911],[-157.9332621,21.3700832],[-157.9332462,21.3700763],[-157.9332212,21.3700742],[-157.9332031,21.3700763],[-157.9331843,21.3700911],[-157.9331667,21.3701091],[-157.9331253,21.3701466],[-157.9330725,21.3701873],[-157.932989,21.3702434],[-157.9326364,21.3704893],[-157.9324303,21.3706304],[-157.9322889,21.3707318],[-157.9321687,21.3708166],[-157.9321388,21.3708459],[-157.9321197,21.370873],[-157.9321197,21.3708887],[-157.9321265,21.3709272],[-157.932148,21.3709579],[-157.9321894,21.3709793],[-157.9322238,21.3709993],[-157.9322453,21.3709886],[-157.9322928,21.3709529],[-157.9323265,21.3709001],[-157.9323763,21.3708195],[-157.9324222,21.3707467],[-157.9324745,21.3706708],[-157.9325334,21.3706179],[-157.9325503,21.3706265],[-157.9325646,21.3706199],[-157.932586,21.3706058],[-157.9326696,21.3705477],[-157.933209,21.3701695],[-157.9332738,21.3701548],[-157.9335746,21.3703069]]]}},{"type":"Feature","properties":{"g":"grass"},"geometry":{"type":"Polygon","coordinates":[[[-157.933604,21.370587],[-157.9336449,21.3706057],[-157.9331947,21.3713721],[-157.9330257,21.3714168],[-157.9323895,21.3710854],[-157.9323895,21.3710639],[-157.9323913,21.3710224],[-157.9323984,21.3709992],[-157.9324187,21.3709674],[-157.9324837,21.3709982],[-157.9324577,21.3710499],[-157.9330721,21.3713669],[-157.933101,21.3713165],[-157.9331106,21.3713191],[-157.9331545,21.3713447],[-157.933604,21.370587]]]}},{"type":"Feature","properties":{"g":"grass"},"geometry":{"type":"Polygon","coordinates":[[[-157.9396426,21.3672283],[-157.9396274,21.3671873],[-157.9396525,21.3671376],[-157.9396526,21.3671052],[-157.939616,21.3670766],[-157.9395664,21.3670684],[-157.9397697,21.3670627],[-157.9397638,21.3670928],[-157.9397526,21.3671149],[-157.9397374,21.3671487],[-157.939679,21.3672086],[-157.9396426,21.3672283]]]}},{"type":"Feature","properties":{"g":"areia"},"geometry":{"type":"Polygon","coordinates":[[[-158.0287185,21.352201],[-158.0287006,21.3522038],[-158.0286861,21.3522079],[-158.0286753,21.3522151],[-158.0286619,21.3522233],[-158.0286455,21.3522259],[-158.0286303,21.3522239],[-158.0286219,21.3522175],[-158.0286183,21.3522047],[-158.0286214,21.3521927],[-158.0286364,21.3521816],[-158.0286664,21.352168],[-158.0287053,21.3521583],[-158.0287338,21.3521569],[-158.02875,21.3521603],[-158.0287633,21.3521664],[-158.0287686,21.3521779],[-158.0287677,21.3521897],[-158.0287587,21.3521989],[-158.0287481,21.3522047],[-158.0287333,21.3522021],[-158.0287185,21.352201]]]}},{"type":"Feature","properties":{"g":"areia"},"geometry":{"type":"Polygon","coordinates":[[[-158.028901,21.352027],[-158.0288968,21.3520488],[-158.0288925,21.3520603],[-158.0288825,21.352067],[-158.0288709,21.3520694],[-158.0288597,21.3520654],[-158.0288535,21.3520534],[-158.0288523,21.3520341],[-158.0288473,21.3520161],[-158.0288402,21.3520003],[-158.0288253,21.3519942],[-158.0288065,21.3519884],[-158.0287877,21.351979],[-158.028773,21.3519637],[-158.0287682,21.351945],[-158.0287743,21.3519313],[-158.0287997,21.3519275],[-158.0288215,21.3519283],[-158.0288484,21.3519349],[-158.0288591,21.3519323],[-158.0288679,21.3519237],[-158.0288782,21.3519215],[-158.0288922,21.351923],[-158.0289091,21.3519338],[-158.0289241,21.3519465],[-158.028941,21.3519575],[-158.028959,21.3519683],[-158.0289791,21.3519797],[-158.0289914,21.3519944],[-158.0289937,21.3520078],[-158.0289894,21.3520208],[-158.0289776,21.3520286],[-158.0289613,21.352028],[-158.0289484,21.3520213],[-158.0289292,21.3520158],[-158.0289151,21.3520139],[-158.0289043,21.3520161],[-158.028901,21.352027]]]}},{"type":"Feature","properties":{"g":"grass"},"geometry":{"type":"Polygon","coordinates":[[[-157.956069,21.3885848],[-157.9559061,21.3885133],[-157.9559323,21.3884633],[-157.9555595,21.3882948],[-157.9556247,21.3881688],[-157.9553734,21.38839],[-157.955403,21.3884638],[-157.9554954,21.3887319],[-157.956069,21.3885848]]]}},{"type":"Feature","properties":{"g":"forest"},"geometry":{"type":"Polygon","coordinates":[[[-157.958906,21.3893486],[-157.9580234,21.3889471],[-157.9579789,21.3890503],[-157.958124,21.3892016],[-157.9579808,21.389443],[-157.9572953,21.3897343],[-157.9572617,21.3901663],[-157.957318,21.3902637],[-157.957377,21.3903773],[-157.957432,21.3905359],[-157.9575017,21.3906117],[-157.9576539,21.3907045],[-157.9577157,21.390667],[-157.9576968,21.3905578],[-157.9577042,21.3904972],[-157.95772,21.3904507],[-157.9577535,21.3904105],[-157.9577998,21.3903783],[-157.9578591,21.3903536],[-157.9579272,21.390338],[-157.9578477,21.3900757],[-157.9580241,21.3899422],[-157.9580958,21.3899915],[-157.9586195,21.3898785],[-157.958906,21.3893486]]]}},{"type":"Feature","properties":{"g":"grass"},"geometry":{"type":"Polygon","coordinates":[[[-157.9427934,21.395837],[-157.9427361,21.3958813],[-157.9426698,21.3959212],[-157.9425963,21.3959587],[-157.9424934,21.3959959],[-157.9422409,21.3960661],[-157.9422122,21.3960808],[-157.9421944,21.3961023],[-157.942188,21.3961273],[-157.9421903,21.3961536],[-157.9422272,21.3962407],[-157.9422849,21.3963499],[-157.9423999,21.3965567],[-157.9430122,21.3962714],[-157.9427934,21.395837]]]}},{"type":"Feature","properties":{"g":"grass"},"geometry":{"type":"Polygon","coordinates":[[[-157.939348,21.3922155],[-157.9393596,21.3921914],[-157.9394417,21.3921103],[-157.9395436,21.3920013],[-157.9396355,21.3918895],[-157.9397361,21.3917472],[-157.9398028,21.3916498],[-157.9398574,21.3915636],[-157.9399986,21.3916971],[-157.939348,21.3922155]]]}},{"type":"Feature","properties":{"g":"grass"},"geometry":{"type":"Polygon","coordinates":[[[-157.9384202,21.3928023],[-157.9385894,21.3927259],[-157.9387024,21.392669],[-157.9388342,21.3925929],[-157.9389609,21.3925138],[-157.9391083,21.3924079],[-157.9385555,21.3929209],[-157.9384202,21.3928023]]]}},{"type":"Feature","properties":{"g":"grass"},"geometry":{"type":"Polygon","coordinates":[[[-157.9426765,21.3859883],[-157.9426718,21.3859775],[-157.9424009,21.3862162],[-157.9422929,21.3863277],[-157.942604,21.3865374],[-157.942659,21.3864581],[-157.9427713,21.3862505],[-157.9427717,21.3861931],[-157.9426765,21.3859883]]]}},{"type":"Feature","properties":{"g":"recreation_ground"},"geometry":{"type":"Polygon","coordinates":[[[-157.943516,21.3886605],[-157.943386,21.3889687],[-157.9437155,21.3890892],[-157.9438985,21.3886553],[-157.9436323,21.3885579],[-157.9435793,21.3886837],[-157.943516,21.3886605]]]}},{"type":"Feature","properties":{"g":"recreation_ground"},"geometry":{"type":"Polygon","coordinates":[[[-157.943386,21.3889687],[-157.943516,21.3886605],[-157.9432113,21.388549],[-157.9429078,21.388438],[-157.9426029,21.3883265],[-157.9424387,21.3882665],[-157.9423087,21.3885747],[-157.9424729,21.3886347],[-157.9427778,21.3887462],[-157.9430813,21.3888573],[-157.943386,21.3889687]]]}},{"type":"Feature","properties":{"g":"scrub"},"geometry":{"type":"Polygon","coordinates":[[[-157.9470528,21.3879483],[-157.9468836,21.3878611],[-157.9463871,21.3883692],[-157.9462961,21.3881952],[-157.9461975,21.3880403],[-157.9461627,21.3880647],[-157.9460654,21.3879461],[-157.9456586,21.3876454],[-157.9456193,21.3876997],[-157.9447655,21.3874105],[-157.9447555,21.3874263],[-157.9453768,21.3876782],[-157.9454904,21.3877247],[-157.9455726,21.3877674],[-157.945702,21.3878487],[-157.9458522,21.387971],[-157.9459189,21.3880394],[-157.9459856,21.388114],[-157.9460548,21.3882099],[-157.9461244,21.3883257],[-157.9461734,21.3884331],[-157.9462154,21.3885471],[-157.9463337,21.3889325],[-157.9463561,21.3890022],[-157.9463769,21.3890136],[-157.9463984,21.3890203],[-157.9464221,21.389022],[-157.9464463,21.3890201],[-157.9464735,21.3890125],[-157.9465153,21.3889925],[-157.946558,21.388965],[-157.9465928,21.3889341],[-157.946621,21.3888979],[-157.9466458,21.3888511],[-157.9466756,21.3887836],[-157.9467565,21.388563],[-157.9468242,21.3884],[-157.9468989,21.3882461],[-157.9470528,21.3879483]]]}},{"type":"Feature","properties":{"g":"areia"},"geometry":{"type":"Polygon","coordinates":[[[-157.9640181,21.3258692],[-157.9655619,21.3252679],[-157.9654395,21.3252182],[-157.965032,21.325216],[-157.964369,21.3253996],[-157.96415,21.3255044],[-157.964011,21.3255987],[-157.9639118,21.3256269],[-157.9635179,21.3251403],[-157.9634295,21.3250559],[-157.9632799,21.3250049],[-157.9631325,21.3250854],[-157.9631915,21.3252541],[-157.9632441,21.3253718],[-157.963598,21.325621],[-157.963905,21.3258274],[-157.9640181,21.3258692]]]}},{"type":"Feature","properties":{"g":"areia"},"geometry":{"type":"Polygon","coordinates":[[[-157.9703978,21.3250647],[-157.9705657,21.3251025],[-157.9707189,21.3251477],[-157.9712252,21.3250831],[-157.9713203,21.326181],[-157.9714299,21.3267439],[-157.9717822,21.3274393],[-157.9720261,21.3277523],[-157.9724121,21.3274838],[-157.9724997,21.3275449],[-157.9725852,21.3275604],[-157.9727109,21.3276273],[-157.972636,21.327717],[-157.9724363,21.3279617],[-157.9725179,21.3280669],[-157.9725781,21.3282129],[-157.9724606,21.3283195],[-157.9722678,21.3283925],[-157.972093,21.3285301],[-157.9719574,21.3286564],[-157.9718489,21.3287153],[-157.9716741,21.3286283],[-157.9714662,21.3283729],[-157.9711498,21.3280417],[-157.9709329,21.3277666],[-157.9707129,21.3275196],[-157.9704866,21.3273343],[-157.9703784,21.3271013],[-157.9703634,21.3268599],[-157.9703603,21.3264221],[-157.9703362,21.3258831],[-157.9703031,21.3253919],[-157.9703978,21.3250647]]]}},{"type":"Feature","properties":{"g":"areia"},"geometry":{"type":"Polygon","coordinates":[[[-157.9744329,21.3384396],[-157.9745491,21.3384559],[-157.9747172,21.3384081],[-157.9748499,21.3383553],[-157.9749915,21.3383454],[-157.9750941,21.3384377],[-157.9752746,21.3385531],[-157.9753755,21.3387113],[-157.9755418,21.3387954],[-157.9757471,21.3387328],[-157.9758586,21.3386388],[-157.9760249,21.3385993],[-157.9761771,21.3386223],[-157.9763541,21.3386866],[-157.9764408,21.3388284],[-157.9764567,21.3390328],[-157.9763488,21.3392157],[-157.9762532,21.3394119],[-157.9762744,21.33958],[-157.9763452,21.3397118],[-157.9764372,21.3398289],[-157.9762798,21.3399377],[-157.9762267,21.3400019],[-157.9762214,21.3400728],[-157.9762709,21.3401354],[-157.9763806,21.3401618],[-157.9764779,21.340114],[-157.9765806,21.3400794],[-157.9766797,21.3400893],[-157.9766868,21.3402129],[-157.9766461,21.3403843],[-157.9766036,21.3404865],[-157.9765059,21.3404838],[-157.9765358,21.3403625],[-157.9766026,21.3402678],[-157.9765151,21.3402426],[-157.9764089,21.3402986],[-157.9762408,21.3403135],[-157.9761647,21.3402657],[-157.9761099,21.3401618],[-157.9760762,21.3400893],[-157.9760444,21.3399673],[-157.9760232,21.3398915],[-157.9759612,21.3398684],[-157.9758621,21.339786],[-157.9757913,21.3397283],[-157.9754073,21.3396162],[-157.9751118,21.3394959],[-157.9749472,21.3393888],[-157.9748304,21.3392981],[-157.9746747,21.3390855],[-157.9745668,21.3387328],[-157.9745916,21.3386454],[-157.9746376,21.3386174],[-157.974742,21.338652],[-157.974765,21.3387311],[-157.9748393,21.3389042],[-157.974926,21.3391036],[-157.9750092,21.3392075],[-157.9752375,21.3392899],[-157.9754374,21.3393558],[-157.9756303,21.3394036],[-157.9757701,21.3394152],[-157.9758993,21.3394564],[-157.975986,21.3395058],[-157.975986,21.3394135],[-157.9760444,21.3393047],[-157.9760957,21.3392305],[-157.9761116,21.3391152],[-157.9760391,21.3390229],[-157.975917,21.3389091],[-157.975602,21.3390344],[-157.9753879,21.3390031],[-157.9752056,21.3388679],[-157.9751649,21.3387954],[-157.9749933,21.3387163],[-157.9748888,21.3386438],[-157.9748004,21.3386108],[-157.9746836,21.338596],[-157.9745615,21.3385795],[-157.9744329,21.3384396]]]}},{"type":"Feature","properties":{"g":"grass"},"geometry":{"type":"Polygon","coordinates":[[[-157.9564035,21.3350787],[-157.9562833,21.3349624],[-157.9557762,21.3354279],[-157.9559008,21.3355414],[-157.9564035,21.3350787]]]}},{"type":"Feature","properties":{"g":"grass"},"geometry":{"type":"Polygon","coordinates":[[[-157.9574341,21.3341133],[-157.9573134,21.3339978],[-157.9568155,21.3344697],[-157.9569383,21.3345801],[-157.9574341,21.3341133]]]}},{"type":"Feature","properties":{"g":"grass"},"geometry":{"type":"Polygon","coordinates":[[[-157.9584647,21.3331418],[-157.9583482,21.3330319],[-157.9578495,21.3335021],[-157.9579653,21.3336093],[-157.9584647,21.3331418]]]}},{"type":"Feature","properties":{"g":"grass"},"geometry":{"type":"Polygon","coordinates":[[[-157.9594866,21.3321704],[-157.9593684,21.3320629],[-157.9588743,21.3325357],[-157.9589936,21.332642],[-157.9594866,21.3321704]]]}},{"type":"Feature","properties":{"g":"grass"},"geometry":{"type":"Polygon","coordinates":[[[-157.9608255,21.332833],[-157.9606965,21.3327175],[-157.9605684,21.3328226],[-157.960546,21.3328596],[-157.9605349,21.3329173],[-157.960545,21.3329656],[-157.9606162,21.33303],[-157.960653,21.3329951],[-157.9608255,21.332833]]]}},{"type":"Feature","properties":{"g":"grass"},"geometry":{"type":"Polygon","coordinates":[[[-157.958239,21.3359675],[-157.9587027,21.3355433],[-157.9587497,21.3354983],[-157.9583045,21.3350884],[-157.9582442,21.3351248],[-157.9577817,21.3355337],[-157.958239,21.3359675]]]}},{"type":"Feature","properties":{"g":"grass"},"geometry":{"type":"Polygon","coordinates":[[[-157.9586799,21.3363719],[-157.9591406,21.3359422],[-157.959185,21.3358991],[-157.9594619,21.336154],[-157.959465,21.3362342],[-157.9590051,21.3366707],[-157.9589382,21.3366122],[-157.9587109,21.3364015],[-157.9586799,21.3363719]]]}},{"type":"Feature","properties":{"g":"grass"},"geometry":{"type":"Polygon","coordinates":[[[-157.9581768,21.3374569],[-157.957954,21.3372581],[-157.9575355,21.3376466],[-157.9577596,21.3378535],[-157.9581768,21.3374569]]]}},{"type":"Feature","properties":{"g":"grass"},"geometry":{"type":"Polygon","coordinates":[[[-157.9569117,21.3370187],[-157.956954,21.3369789],[-157.9571022,21.3368419],[-157.9571327,21.3368703],[-157.9571579,21.3368463],[-157.9571412,21.3368057],[-157.9572258,21.3367272],[-157.9572537,21.3367876],[-157.9572917,21.336767],[-157.957303,21.3367181],[-157.9572997,21.3366577],[-157.9572683,21.336622],[-157.9571982,21.336678],[-157.9569336,21.3364341],[-157.9568878,21.3363912],[-157.9565687,21.3366972],[-157.9569117,21.3370187]]]}},{"type":"Feature","properties":{"g":"areia"},"geometry":{"type":"Polygon","coordinates":[[[-157.941083,21.3639016],[-157.9411042,21.3638886],[-157.9411346,21.3638308],[-157.9412464,21.3637362],[-157.9414396,21.3636387],[-157.9415158,21.3635412],[-157.9417323,21.3633102],[-157.9418207,21.3632582],[-157.9419508,21.3632412],[-157.9420443,21.3632402],[-157.9421927,21.3632241],[-157.9425348,21.3631584],[-157.9425653,21.3631518],[-157.9425457,21.3631059],[-157.9424295,21.3631144],[-157.9422317,21.3631535],[-157.9420654,21.3631583],[-157.9418975,21.3631696],[-157.9417282,21.3632035],[-157.9414955,21.3633945],[-157.9412898,21.3636289],[-157.9411367,21.3637513],[-157.9411398,21.3637817],[-157.9410807,21.3638747],[-157.941083,21.3639016]]]}},{"type":"Feature","properties":{"g":"areia"},"geometry":{"type":"Polygon","coordinates":[[[-157.9322047,21.3643702],[-157.9316846,21.3642084],[-157.930844,21.3641548],[-157.9301879,21.3638651],[-157.9300115,21.3638162],[-157.9300693,21.3637541],[-157.9301591,21.3635552],[-157.9302158,21.3633672],[-157.9307014,21.3635621],[-157.9307291,21.3635271],[-157.9311266,21.3636995],[-157.9314708,21.3639603],[-157.9316588,21.3637593],[-157.9321036,21.3640808],[-157.9325598,21.3639663],[-157.9326642,21.3638511],[-157.9331032,21.3634227],[-157.9340232,21.3631248],[-157.934719,21.3628617],[-157.9349618,21.362853],[-157.9349852,21.3629182],[-157.9351557,21.3629226],[-157.9354592,21.3629595],[-157.9358632,21.3631552],[-157.9366454,21.3638989],[-157.9366641,21.3640664],[-157.9368462,21.3642034],[-157.9370377,21.3644534],[-157.937061,21.3646231],[-157.9372034,21.3647405],[-157.937103,21.3649688],[-157.9369279,21.3648253],[-157.9363091,21.3642077],[-157.9361994,21.3639163],[-157.9361387,21.3636489],[-157.9359425,21.3635075],[-157.9356834,21.3634945],[-157.9352958,21.363401],[-157.9348614,21.3634749],[-157.9343221,21.3636554],[-157.9336005,21.3639489],[-157.9332293,21.3640881],[-157.932816,21.3642795],[-157.9326829,21.3643578],[-157.932481,21.3644952],[-157.9323275,21.3644896],[-157.9323561,21.3643737],[-157.9322047,21.3643702]]]}},{"type":"Feature","properties":{"g":"areia"},"geometry":{"type":"Polygon","coordinates":[[[-157.9300254,21.3672891],[-157.9300989,21.3672491],[-157.9301595,21.3671962],[-157.9305091,21.3666497],[-157.9309272,21.3659498],[-157.9308963,21.3662811],[-157.9307586,21.3667443],[-157.930483,21.3670204],[-157.9304013,21.3671444],[-157.9304667,21.367177],[-157.9302752,21.3672922],[-157.9302309,21.3673879],[-157.9301865,21.3675227],[-157.9301047,21.3675196],[-157.9300254,21.3672891]]]}},{"type":"Feature","properties":{"g":"areia"},"geometry":{"type":"Polygon","coordinates":[[[-157.9304213,21.3675681],[-157.9304243,21.3674678],[-157.9307054,21.3672276],[-157.9305463,21.3674733],[-157.9304213,21.3675681]]]}},{"type":"Feature","properties":{"g":"areia"},"geometry":{"type":"Polygon","coordinates":[[[-157.9305671,21.3671683],[-157.9306768,21.3670748],[-157.9307399,21.3669487],[-157.9306512,21.3669682],[-157.9305321,21.36709],[-157.9305671,21.3671683]]]}},{"type":"Feature","properties":{"g":"areia"},"geometry":{"type":"Polygon","coordinates":[[[-157.9309358,21.3668058],[-157.9309262,21.3665545],[-157.931181,21.3661923],[-157.9312159,21.3659675],[-157.9316665,21.3653905],[-157.9317899,21.3653406],[-157.9318703,21.3652581],[-157.9319642,21.3651507],[-157.9320527,21.3651207],[-157.9321359,21.3650008],[-157.9321654,21.364851],[-157.9325114,21.3645887],[-157.9327233,21.3644888],[-157.9328011,21.3645038],[-157.9329566,21.3643414],[-157.9335467,21.3641191],[-157.9336755,21.3641366],[-157.9337452,21.3642215],[-157.9337586,21.3643064],[-157.9332731,21.3643939],[-157.9331417,21.3644763],[-157.9329084,21.3645562],[-157.9327877,21.3646811],[-157.9324497,21.3649234],[-157.9323156,21.3649958],[-157.9320956,21.3651682],[-157.9318355,21.3654954],[-157.9314868,21.3658701],[-157.9312454,21.3662048],[-157.9309358,21.3668058]]]}},{"type":"Feature","properties":{"g":"areia"},"geometry":{"type":"Polygon","coordinates":[[[-157.9340649,21.3641458],[-157.9340344,21.3640342],[-157.9341401,21.3639244],[-157.9345568,21.3638202],[-157.9352154,21.3637918],[-157.9356768,21.3638695],[-157.9359939,21.3640834],[-157.9361931,21.3643579],[-157.9363984,21.364532],[-157.9365997,21.3647554],[-157.9368334,21.3649958],[-157.9370144,21.3651511],[-157.9369168,21.365382],[-157.9368422,21.3653075],[-157.9367745,21.36524],[-157.9367358,21.3652006],[-157.9365997,21.3650621],[-157.9364415,21.3648804],[-157.9364052,21.3648387],[-157.9362094,21.3645737],[-157.9361017,21.3644885],[-157.9359858,21.3644809],[-157.9358049,21.3644279],[-157.9357785,21.3642916],[-157.9355955,21.364161],[-157.9353516,21.3641004],[-157.9350182,21.364036],[-157.9347519,21.3640266],[-157.9340649,21.3641458]]]}},{"type":"Feature","properties":{"g":"areia"},"geometry":{"type":"Polygon","coordinates":[[[-157.9382929,21.3651225],[-157.938297,21.3650715],[-157.9381852,21.3650962],[-157.9381059,21.3651454],[-157.9379677,21.365134],[-157.9375445,21.3649624],[-157.937432,21.3652235],[-157.9376338,21.3653713],[-157.9377709,21.3654401],[-157.937888,21.3654616],[-157.9380282,21.3652651],[-157.938133,21.3652479],[-157.9381822,21.3651632],[-157.9382929,21.3651225]]]}},{"type":"Feature","properties":{"g":"areia"},"geometry":{"type":"Polygon","coordinates":[[[-157.9380469,21.3658606],[-157.9381407,21.3657959],[-157.9381253,21.3657084],[-157.9380513,21.3656811],[-157.9379912,21.3656883],[-157.9378572,21.3656108],[-157.9376631,21.3654817],[-157.9375368,21.3654071],[-157.937375,21.3653254],[-157.937261,21.3655621],[-157.9373469,21.3656],[-157.9373779,21.3655371],[-157.9378577,21.3657344],[-157.9380469,21.3658606]]]}},{"type":"Feature","properties":{"g":"areia"},"geometry":{"type":"Polygon","coordinates":[[[-157.9364329,21.373767],[-157.9365018,21.3737072],[-157.936531,21.3736518],[-157.9365686,21.3736267],[-157.9365194,21.3735516],[-157.9364075,21.3735075],[-157.9362843,21.3733245],[-157.9362321,21.3733452],[-157.9362076,21.3733995],[-157.9362216,21.373455],[-157.9362683,21.3735235],[-157.9362951,21.3736561],[-157.9363301,21.3737311],[-157.9364329,21.373767]]]}},{"type":"Feature","properties":{"g":"areia"},"geometry":{"type":"Polygon","coordinates":[[[-157.9340019,21.3744297],[-157.9338797,21.3746454],[-157.9337726,21.3746485],[-157.9336733,21.3747159],[-157.9335661,21.3749158],[-157.9335365,21.3751168],[-157.933499,21.3752667],[-157.9335433,21.3756438],[-157.9338329,21.3760135],[-157.9339845,21.3761396],[-157.9341521,21.3761271],[-157.9342259,21.3761284],[-157.934368,21.3761222],[-157.9345075,21.3761034],[-157.9344726,21.3762845],[-157.9344659,21.3764169],[-157.9344686,21.376508],[-157.9344271,21.3766602],[-157.9344928,21.3766429],[-157.9345424,21.376578],[-157.9346416,21.3764256],[-157.9346631,21.3763182],[-157.934643,21.3762071],[-157.9345987,21.3760235],[-157.9345276,21.3758599],[-157.9344646,21.3757437],[-157.9343989,21.3756925],[-157.9343023,21.375765],[-157.9341454,21.3758224],[-157.9340033,21.3758187],[-157.9338893,21.3757825],[-157.9338182,21.3756801],[-157.9337283,21.3755052],[-157.9337109,21.3754228],[-157.9336559,21.3751905],[-157.9336774,21.3750406],[-157.9337632,21.374932],[-157.9338048,21.3748196],[-157.9339362,21.3747322],[-157.9340207,21.374606],[-157.9340743,21.3745511],[-157.9340515,21.3744125],[-157.9340019,21.3744297]]]}},{"type":"Feature","properties":{"g":"areia"},"geometry":{"type":"Polygon","coordinates":[[[-157.9345223,21.3767402],[-157.9345739,21.3766906],[-157.9347036,21.3766302],[-157.9347965,21.3765207],[-157.9348029,21.3763275],[-157.9349065,21.3763559],[-157.9350473,21.3764683],[-157.935109,21.3765882],[-157.9350674,21.3767218],[-157.9349719,21.3767971],[-157.9347415,21.3767468],[-157.9347308,21.3768092],[-157.934645,21.3768746],[-157.9345223,21.3767402]]]}},{"type":"Feature","properties":{"g":"areia"},"geometry":{"type":"Polygon","coordinates":[[[-157.9348029,21.3763275],[-157.9349038,21.3762685],[-157.9349011,21.3761998],[-157.9348247,21.3761598],[-157.9348434,21.3761049],[-157.9349132,21.3759875],[-157.9350003,21.3759875],[-157.9351385,21.3760786],[-157.9351653,21.3761461],[-157.9350714,21.3762834],[-157.9351143,21.3764258],[-157.935164,21.3765445],[-157.9352163,21.3766444],[-157.935353,21.3767105],[-157.9354523,21.3767842],[-157.9355704,21.3767529],[-157.9357143,21.3769295],[-157.9357406,21.3768479],[-157.9356763,21.3767568],[-157.9354456,21.3766294],[-157.9354094,21.376537],[-157.9353839,21.376462],[-157.9354282,21.3763933],[-157.9353142,21.3761198],[-157.9352632,21.3760212],[-157.9351586,21.3758988],[-157.9350419,21.3758239],[-157.9348944,21.3757527],[-157.9348166,21.3757227],[-157.9346382,21.3756865],[-157.934598,21.3757065],[-157.9346369,21.3758114],[-157.9346703,21.3758445],[-157.9348029,21.3763275]]]}},{"type":"Feature","properties":{"g":"areia"},"geometry":{"type":"Polygon","coordinates":[[[-157.9368857,21.3782946],[-157.9368641,21.3782175],[-157.9368395,21.3781056],[-157.9369612,21.3779163],[-157.9369674,21.3778101],[-157.9369512,21.3776889],[-157.9369418,21.3775976],[-157.9369236,21.3775184],[-157.9369483,21.3774616],[-157.9370844,21.3773812],[-157.9371307,21.377374],[-157.9371568,21.3772937],[-157.9372662,21.3772004],[-157.9374927,21.3770727],[-157.937733,21.3768418],[-157.9379595,21.376694],[-157.9382491,21.3765678],[-157.9383585,21.3765362],[-157.9386866,21.3765664],[-157.938796,21.3765219],[-157.938967,21.3764961],[-157.9391318,21.3765075],[-157.9393013,21.3764918],[-157.939426,21.3763985],[-157.9396386,21.3762335],[-157.9399976,21.3760083],[-157.9401008,21.3759108],[-157.9402364,21.3757587],[-157.9402564,21.375578],[-157.9404782,21.3752394],[-157.9405383,21.3750931],[-157.9405583,21.3750142],[-157.9406431,21.3749181],[-157.9408772,21.374875],[-157.9410205,21.3748392],[-157.9410297,21.3749611],[-157.9410605,21.3750457],[-157.9411699,21.3751318],[-157.9409573,21.3754216],[-157.9408818,21.3753456],[-157.9407047,21.3753542],[-157.9405552,21.3755019],[-157.9404143,21.3758255],[-157.9400477,21.3761995],[-157.9397885,21.3764909],[-157.9391768,21.3768409],[-157.9389643,21.3768953],[-157.9388008,21.3768236],[-157.938579,21.3768757],[-157.9380443,21.3772389],[-157.9375283,21.3775933],[-157.9374535,21.3776629],[-157.9374293,21.3777071],[-157.9373977,21.3777543],[-157.9373631,21.3777897],[-157.9373264,21.3778324],[-157.9370441,21.3780804],[-157.9369774,21.3781528],[-157.9369222,21.3782469],[-157.9369202,21.3783016],[-157.9369202,21.378363],[-157.9368857,21.3782946]]]}},{"type":"Feature","properties":{"g":"areia"},"geometry":{"type":"Polygon","coordinates":[[[-157.9409573,21.3754216],[-157.9411699,21.3751318],[-157.9412182,21.3750576],[-157.9412952,21.3750031],[-157.9414,21.375026],[-157.9413892,21.3751207],[-157.9413245,21.3752412],[-157.9413538,21.3753603],[-157.9414693,21.3754793],[-157.9416295,21.3755611],[-157.9418709,21.3756985],[-157.9421112,21.3758821],[-157.9423669,21.3759969],[-157.9427054,21.3762729],[-157.9428599,21.376433],[-157.9428293,21.3769419],[-157.9427939,21.3772583],[-157.9427196,21.3774247],[-157.9425179,21.3777757],[-157.9424223,21.377985],[-157.9423391,21.3779454],[-157.9424064,21.3777394],[-157.9425515,21.3774939],[-157.9426435,21.3773291],[-157.9426701,21.3772022],[-157.9425869,21.3771166],[-157.9426114,21.377007],[-157.9426276,21.3768724],[-157.9426453,21.3767755],[-157.942686,21.3766107],[-157.9426223,21.3764442],[-157.9424382,21.3763256],[-157.9418543,21.3759861],[-157.9413979,21.3758797],[-157.9411871,21.375589],[-157.9409573,21.3754216]]]}},{"type":"Feature","properties":{"g":"areia"},"geometry":{"type":"Polygon","coordinates":[[[-157.9414889,21.3796875],[-157.9411882,21.37964],[-157.9412156,21.3795643],[-157.941343,21.3791756],[-157.9413695,21.3789844],[-157.9413111,21.3787916],[-157.9411524,21.3787367],[-157.9411081,21.3786788],[-157.9410479,21.3785768],[-157.9409688,21.3784673],[-157.9410245,21.3784206],[-157.9410918,21.3783451],[-157.9412455,21.3781956],[-157.9413131,21.378141],[-157.9413943,21.3779298],[-157.9417712,21.3777024],[-157.9418491,21.3777205],[-157.9419447,21.3777584],[-157.9419301,21.3778089],[-157.9418052,21.3777578],[-157.941611,21.3778538],[-157.9414905,21.3780056],[-157.9414945,21.3782782],[-157.9414563,21.3784851],[-157.9414775,21.3786895],[-157.9414817,21.3789863],[-157.9416814,21.3791632],[-157.9415818,21.379265],[-157.9415158,21.3795002],[-157.9414929,21.37959],[-157.9414889,21.3796875]]]}},{"type":"Feature","properties":{"g":"areia"},"geometry":{"type":"Polygon","coordinates":[[[-157.9439701,21.3808228],[-157.944031,21.3806369],[-157.9441956,21.3803164],[-157.9447583,21.3805449],[-157.9448368,21.3805693],[-157.9448722,21.3805137],[-157.9449515,21.3805578],[-157.9449171,21.3806106],[-157.944943,21.3806313],[-157.9448443,21.3806833],[-157.9442339,21.3807241],[-157.9440987,21.3807381],[-157.9439701,21.3808228]]]}},{"type":"Feature","properties":{"g":"areia"},"geometry":{"type":"Polygon","coordinates":[[[-157.9448722,21.3805137],[-157.9448272,21.3804314],[-157.9446964,21.380301],[-157.9445725,21.3802252],[-157.9443849,21.3800868],[-157.9441514,21.3799632],[-157.9440062,21.3798561],[-157.9438116,21.3796024],[-157.9437633,21.379566],[-157.943715,21.3796095],[-157.9436629,21.3798512],[-157.9435789,21.3800375],[-157.9436155,21.3800461],[-157.9436859,21.380067],[-157.9437302,21.3800489],[-157.9439992,21.3801428],[-157.944277,21.3802302],[-157.944592,21.3803785],[-157.9448722,21.3805137]]]}},{"type":"Feature","properties":{"g":"areia"},"geometry":{"type":"Polygon","coordinates":[[[-157.9422966,21.3798425],[-157.9423365,21.3797948],[-157.9424101,21.3798133],[-157.942544,21.3798157],[-157.9429705,21.3798747],[-157.9430503,21.3797892],[-157.9431402,21.3797285],[-157.9432542,21.3796683],[-157.9432931,21.3795826],[-157.9432028,21.3794359],[-157.9431639,21.3793453],[-157.9431091,21.3792959],[-157.9429932,21.3792725],[-157.942971,21.3792052],[-157.9430861,21.3791657],[-157.9432205,21.3792299],[-157.9432789,21.379309],[-157.9433798,21.3793964],[-157.9435143,21.3793684],[-157.9435975,21.3795084],[-157.94359,21.3797185],[-157.9435709,21.3798197],[-157.943519,21.3799127],[-157.943444,21.3800058],[-157.9433763,21.3800044],[-157.9434064,21.3799385],[-157.9433759,21.3799211],[-157.9433249,21.3799649],[-157.9431356,21.3799319],[-157.9430046,21.3799156],[-157.9427764,21.379899],[-157.9422966,21.3798425]]]}},{"type":"Feature","properties":{"g":"areia"},"geometry":{"type":"Polygon","coordinates":[[[-157.942346,21.3788247],[-157.9424412,21.3787881],[-157.9423375,21.3785089],[-157.9422688,21.3783293],[-157.9421784,21.3781197],[-157.9420541,21.3779118],[-157.9419301,21.3778089],[-157.9418052,21.3777578],[-157.941611,21.3778538],[-157.9414905,21.3780056],[-157.9414945,21.3782782],[-157.9414563,21.3784851],[-157.9414775,21.3786895],[-157.9414817,21.3789863],[-157.9416814,21.3791632],[-157.9415818,21.379265],[-157.9415158,21.3795002],[-157.9416273,21.3794292],[-157.9417224,21.3793555],[-157.9418323,21.3793324],[-157.9418913,21.379345],[-157.9420521,21.3793977],[-157.9421159,21.3792709],[-157.9420882,21.3792063],[-157.9420081,21.3791776],[-157.9419757,21.3790915],[-157.941985,21.378961],[-157.9419064,21.3787817],[-157.9418448,21.3787358],[-157.9418663,21.3786196],[-157.9418201,21.3785034],[-157.941797,21.3783599],[-157.941797,21.3782423],[-157.9417323,21.3780917],[-157.9417431,21.3780171],[-157.9418247,21.3779597],[-157.9419295,21.3780156],[-157.9420127,21.3780902],[-157.9420651,21.3782265],[-157.9421914,21.3783255],[-157.9423085,21.3785335],[-157.942291,21.3787769],[-157.942346,21.3788247]]]}},{"type":"Feature","properties":{"g":"areia"},"geometry":{"type":"Polygon","coordinates":[[[-157.9423426,21.3795097],[-157.9423485,21.3794918],[-157.9424017,21.3794261],[-157.9423168,21.3794103],[-157.9422782,21.3793831],[-157.9422444,21.3793407],[-157.9422105,21.379294],[-157.9422397,21.3792287],[-157.9422911,21.3791831],[-157.9422152,21.3791852],[-157.9421568,21.3792461],[-157.9421159,21.3792709],[-157.9420521,21.3793977],[-157.9420635,21.3794331],[-157.9423426,21.3795097]]]}},{"type":"Feature","properties":{"g":"recreation_ground"},"geometry":{"type":"Polygon","coordinates":[[[-157.9293647,21.383873],[-157.9293998,21.3837118],[-157.9292693,21.3836872],[-157.9292767,21.3836534],[-157.9289623,21.3835942],[-157.9289612,21.3835993],[-157.9287871,21.3835665],[-157.9287179,21.3838846],[-157.929208,21.383977],[-157.9292359,21.3838487],[-157.9293647,21.383873]]]}},{"type":"Feature","properties":{"g":"areia"},"geometry":{"type":"Polygon","coordinates":[[[-158.00373,21.3532896],[-158.0038495,21.3532291],[-158.0039779,21.3531486],[-158.0041881,21.3532161],[-158.004515,21.3534074],[-158.0047349,21.3536924],[-158.0048442,21.3539207],[-158.0050369,21.3541474],[-158.0051384,21.3542034],[-158.0051617,21.3543339],[-158.0053182,21.3544426],[-158.0055003,21.3545383],[-158.0056754,21.3546644],[-158.0058903,21.3547461],[-158.005979,21.3546644],[-158.0061261,21.3546274],[-158.0063036,21.3545905],[-158.0064927,21.3545905],[-158.0065557,21.3545165],[-158.0065651,21.3544252],[-158.0066818,21.3543143],[-158.0068873,21.3543578],[-158.0071115,21.3544034],[-158.0072889,21.3545448],[-158.0074127,21.3547036],[-158.0075761,21.3549232],[-158.0077956,21.3551776],[-158.0078377,21.3552864],[-158.0076602,21.3554429],[-158.0074874,21.3555234],[-158.0073356,21.3556256],[-158.0072049,21.3556234],[-158.0070375,21.3557054],[-158.0068313,21.3554995],[-158.006871,21.3554212],[-158.0070881,21.3553647],[-158.0072142,21.3553647],[-158.007366,21.3552929],[-158.007415,21.3552277],[-158.0073917,21.3551689],[-158.0072025,21.3552059],[-158.0071185,21.3552668],[-158.0070181,21.3553233],[-158.0069527,21.3552668],[-158.0068126,21.355095],[-158.0066515,21.3548819],[-158.0065534,21.3547384],[-158.006418,21.3547166],[-158.0062732,21.3547905],[-158.0060934,21.3547862],[-158.0058903,21.354771],[-158.005554,21.3546905],[-158.005463,21.3546448],[-158.0053789,21.3546535],[-158.0052948,21.3546079],[-158.0049656,21.3545187],[-158.0048699,21.3544317],[-158.0048605,21.354373],[-158.0046877,21.3544317],[-158.0045243,21.3545709],[-158.0043935,21.3545905],[-158.0043211,21.3545426],[-158.0043001,21.3544817],[-158.0043959,21.3543252],[-158.004634,21.3539794],[-158.0045546,21.3539685],[-158.0044963,21.3539076],[-158.0043445,21.3539707],[-158.0041437,21.3539729],[-158.0039989,21.3539294],[-158.0039756,21.3538772],[-158.0042744,21.353775],[-158.0044286,21.3537532],[-158.0044356,21.3536575],[-158.0044145,21.3535662],[-158.0043865,21.3534879],[-158.0042254,21.3534488],[-158.004104,21.35339],[-158.0039405,21.3533922],[-158.0038004,21.3534227],[-158.0037094,21.353414],[-158.0035599,21.35334],[-158.0034741,21.3532293],[-158.00373,21.3532896]]]}},{"type":"Feature","properties":{"g":"areia"},"geometry":{"type":"Polygon","coordinates":[[[-158.0071708,21.3564592],[-158.0072633,21.3566386],[-158.0075142,21.3567409],[-158.0076199,21.3568345],[-158.0077453,21.3567987],[-158.0080075,21.3569559],[-158.008219,21.3569835],[-158.0083831,21.3568389],[-158.0083985,21.3567413],[-158.0083708,21.3566352],[-158.0085371,21.3564515],[-158.008762,21.3563769],[-158.0088514,21.356222],[-158.008836,21.3560154],[-158.0091287,21.3557141],[-158.0093886,21.3555576],[-158.0095531,21.3554971],[-158.0099115,21.3554477],[-158.0101641,21.3554643],[-158.0106692,21.355605],[-158.0104381,21.3556796],[-158.0101054,21.3555878],[-158.0095354,21.3556194],[-158.0092581,21.3557427],[-158.0090147,21.3560182],[-158.0090178,21.356176],[-158.0090794,21.3563913],[-158.0087836,21.3566409],[-158.0085772,21.3568102],[-158.0085217,21.3569852],[-158.0085464,21.3571488],[-158.0085217,21.3572865],[-158.0084077,21.3573296],[-158.0083369,21.357298],[-158.0082999,21.3572205],[-158.0083831,21.3570685],[-158.0082444,21.3570656],[-158.0079641,21.3570111],[-158.0077854,21.3569623],[-158.0075851,21.3569135],[-158.0074187,21.3568963],[-158.0073109,21.3568934],[-158.007277,21.3567844],[-158.0071845,21.3566667],[-158.0071708,21.3564592]]]}},{"type":"Feature","properties":{"g":"areia"},"geometry":{"type":"Polygon","coordinates":[[[-158.0145965,21.3583507],[-158.0147382,21.358213],[-158.0147505,21.3581326],[-158.0146981,21.3581097],[-158.014578,21.3581326],[-158.0145133,21.35819],[-158.0144979,21.3582962],[-158.0145965,21.3583507]]]}},{"type":"Feature","properties":{"g":"areia"},"geometry":{"type":"Polygon","coordinates":[[[-158.0169165,21.3574899],[-158.0170336,21.3574554],[-158.017089,21.3573779],[-158.0170675,21.3573005],[-158.0169689,21.3572517],[-158.016861,21.3572517],[-158.0168148,21.3573894],[-158.0169165,21.3574899]]]}},{"type":"Feature","properties":{"g":"areia"},"geometry":{"type":"Polygon","coordinates":[[[-158.0143154,21.3577135],[-158.0141687,21.3577358],[-158.0142981,21.3578678],[-158.0145045,21.3579769],[-158.0148404,21.3579396],[-158.0150283,21.3578879],[-158.0153549,21.357733],[-158.0158016,21.3574805],[-158.015928,21.3573284],[-158.0160142,21.3572423],[-158.0162207,21.3572021],[-158.0165072,21.3570127],[-158.0167044,21.3568176],[-158.0168369,21.3568119],[-158.0168954,21.3567258],[-158.0168584,21.3565507],[-158.0165842,21.3566942],[-158.0162176,21.3569209],[-158.0159865,21.3571447],[-158.0158109,21.3572365],[-158.0155398,21.3574431],[-158.0153056,21.3575866],[-158.0150838,21.3576842],[-158.0148833,21.3577732],[-158.0143154,21.3577135]]]}},{"type":"Feature","properties":{"g":"areia"},"geometry":{"type":"Polygon","coordinates":[[[-158.0170406,21.3565507],[-158.0169848,21.3566856],[-158.0169755,21.3568721],[-158.0172497,21.3569697],[-158.0173761,21.3570787],[-158.0175671,21.3570213],[-158.0178659,21.3571275],[-158.0180169,21.3571447],[-158.0181494,21.3572136],[-158.0182542,21.357337],[-158.0185191,21.3573513],[-158.0187071,21.3573743],[-158.018972,21.3573398],[-158.0189289,21.3574948],[-158.0191939,21.3576641],[-158.0198717,21.3578937],[-158.0204047,21.3580945],[-158.020414,21.3582007],[-158.0204818,21.358238],[-158.0210856,21.3583327],[-158.0211812,21.3584188],[-158.0213799,21.3582966],[-158.0214965,21.3581879],[-158.0214979,21.3581554],[-158.0214255,21.358113],[-158.0212605,21.3580505],[-158.0210808,21.3580355],[-158.020995,21.3580455],[-158.0209065,21.358058],[-158.0206901,21.3580471],[-158.0203083,21.3579331],[-158.0198899,21.3577558],[-158.01967,21.3576159],[-158.0196056,21.3575584],[-158.0195734,21.3574835],[-158.0196217,21.3574135],[-158.019686,21.3573561],[-158.0198911,21.3572636],[-158.0197697,21.3572432],[-158.0196248,21.3573078],[-158.0195619,21.3573336],[-158.0194929,21.3573336],[-158.0194071,21.3573311],[-158.0193347,21.3572911],[-158.0192623,21.3572437],[-158.0190235,21.3571138],[-158.0188519,21.3570813],[-158.0187634,21.3570938],[-158.0185971,21.3571612],[-158.0185166,21.3571912],[-158.018328,21.3571687],[-158.0180526,21.3570313],[-158.0176958,21.356794],[-158.0172828,21.3566466],[-158.0170406,21.3565507]]]}},{"type":"Feature","properties":{"g":"areia"},"geometry":{"type":"Polygon","coordinates":[[[-158.0214008,21.3583166],[-158.0214626,21.3583785],[-158.021723,21.3586444],[-158.0218924,21.3586775],[-158.022011,21.3586981],[-158.022138,21.3589221],[-158.0223565,21.3594348],[-158.0225276,21.3598623],[-158.0226377,21.3600879],[-158.0227631,21.3603829],[-158.022963,21.360853],[-158.0229765,21.361055],[-158.0229799,21.3612569],[-158.0229255,21.3613409],[-158.0231019,21.361432],[-158.0230714,21.3617475],[-158.023046,21.3619195],[-158.0230002,21.3620914],[-158.0229975,21.3621082],[-158.0229833,21.3621956],[-158.0230028,21.3623689],[-158.0230468,21.3626024],[-158.0229519,21.3628422],[-158.0228469,21.3630441],[-158.0225386,21.3631072],[-158.0221388,21.3635016],[-158.0218848,21.3636467],[-158.0215155,21.3636751],[-158.0213258,21.3637035],[-158.0210988,21.3638739],[-158.0209226,21.3638329],[-158.0208616,21.3633628],[-158.0211902,21.3626844],[-158.0214409,21.3625267],[-158.0217459,21.3624478],[-158.0219627,21.362451],[-158.0223116,21.3623784],[-158.0225894,21.3622427],[-158.0226436,21.362126],[-158.0226301,21.361984],[-158.0227854,21.361807],[-158.0227888,21.3616681],[-158.0226821,21.3616413],[-158.0226651,21.3615293],[-158.0226871,21.3614536],[-158.0227109,21.36134],[-158.0227239,21.3611689],[-158.0226767,21.3609354],[-158.0225528,21.3609025],[-158.0224791,21.3606498],[-158.0223287,21.3603723],[-158.0222196,21.3601801],[-158.0220692,21.359845],[-158.0219866,21.3596994],[-158.0219128,21.3593588],[-158.0218155,21.3592132],[-158.021786,21.3590374],[-158.0216592,21.358955],[-158.0215619,21.3588699],[-158.0215678,21.3588259],[-158.0216415,21.358771],[-158.0215176,21.3585952],[-158.0214528,21.3584908],[-158.0213859,21.3584186],[-158.0213255,21.3584616],[-158.0214008,21.3583166]]]}},{"type":"Feature","properties":{"g":"areia"},"geometry":{"type":"Polygon","coordinates":[[[-158.021723,21.3586444],[-158.0218924,21.3586775],[-158.022011,21.3586981],[-158.022029,21.3586182],[-158.0219302,21.3584532],[-158.0218429,21.3584365],[-158.0217376,21.3584018],[-158.0216246,21.3583002],[-158.0215214,21.3582301],[-158.0214008,21.3583166],[-158.0214626,21.3583785],[-158.021723,21.3586444]]]}},{"type":"Feature","properties":{"g":"areia"},"geometry":{"type":"Polygon","coordinates":[[[-158.0219302,21.3584532],[-158.0218506,21.3582679],[-158.0218172,21.3581316],[-158.0217703,21.3580637],[-158.0216788,21.3581249],[-158.0216202,21.358164],[-158.0215214,21.3582301],[-158.0216246,21.3583002],[-158.0217376,21.3584018],[-158.0218429,21.3584365],[-158.0219302,21.3584532]]]}},{"type":"Feature","properties":{"g":"areia"},"geometry":{"type":"Polygon","coordinates":[[[-158.0228741,21.3595128],[-158.023012,21.3591019],[-158.0231209,21.3592589],[-158.0231129,21.3594363],[-158.0231147,21.3594517],[-158.0231334,21.3596108],[-158.0231308,21.3598499],[-158.0229254,21.3598476],[-158.0227765,21.3598141],[-158.0227021,21.3597567],[-158.0226559,21.3596754],[-158.0228741,21.3595128]]]}},{"type":"Feature","properties":{"g":"areia"},"geometry":{"type":"Polygon","coordinates":[[[-158.0232156,21.3621263],[-158.0233003,21.3617461],[-158.0232002,21.3613564],[-158.0231617,21.3612512],[-158.022963,21.360853],[-158.0229765,21.361055],[-158.0229799,21.3612569],[-158.0229255,21.3613409],[-158.0231019,21.361432],[-158.0230714,21.3617475],[-158.023046,21.3619195],[-158.0229975,21.3621082],[-158.0229833,21.3621956],[-158.0230028,21.3623689],[-158.0230468,21.3626024],[-158.0231719,21.3624276],[-158.0232156,21.3621263]]]}},{"type":"Feature","properties":{"g":"areia"},"geometry":{"type":"Polygon","coordinates":[[[-158.0233921,21.3631731],[-158.0232977,21.3629752],[-158.0232335,21.3627743],[-158.0234184,21.3623511],[-158.0234775,21.3619996],[-158.0236444,21.3619613],[-158.0237471,21.3616696],[-158.0234184,21.361617],[-158.0233106,21.3612105],[-158.0231822,21.360914],[-158.0230307,21.3604908],[-158.0227021,21.3597567],[-158.0227765,21.3598141],[-158.0229254,21.3598476],[-158.0231308,21.3598499],[-158.0231334,21.3596108],[-158.0231147,21.3594517],[-158.0231209,21.3592589],[-158.0235107,21.3597326],[-158.0236489,21.3601047],[-158.0237288,21.3604475],[-158.023812,21.3607705],[-158.0240179,21.3611524],[-158.0240865,21.3615051],[-158.0239612,21.3622065],[-158.0237165,21.362408],[-158.0234814,21.362811],[-158.0233921,21.3631731]]]}},{"type":"Feature","properties":{"g":"areia"},"geometry":{"type":"Polygon","coordinates":[[[-158.0226559,21.3596754],[-158.0228741,21.3595128],[-158.023012,21.3591019],[-158.0226892,21.3589054],[-158.0226718,21.3589754],[-158.0226559,21.3590393],[-158.0228273,21.3592383],[-158.0226738,21.3594506],[-158.0225249,21.359178],[-158.0224556,21.3592306],[-158.0226559,21.3596754]]]}},{"type":"Feature","properties":{"g":"areia"},"geometry":{"type":"Polygon","coordinates":[[[-158.0224556,21.3592306],[-158.0225249,21.359178],[-158.022435,21.3591254],[-158.0224479,21.3589628],[-158.0226718,21.3589754],[-158.0226892,21.3589054],[-158.0227039,21.3588008],[-158.0224582,21.3585826],[-158.0222682,21.3587452],[-158.0223067,21.358903],[-158.0224556,21.3592306]]]}},{"type":"Feature","properties":{"g":"areia"},"geometry":{"type":"Polygon","coordinates":[[[-158.0228241,21.3654653],[-158.0228299,21.3656132],[-158.0230452,21.3655747],[-158.0231853,21.3655817],[-158.023181,21.365169],[-158.0230523,21.3646295],[-158.0227591,21.3638086],[-158.0226972,21.3637317],[-158.0225291,21.3638334],[-158.0223497,21.3641683],[-158.0224789,21.3640778],[-158.0226146,21.3639638],[-158.0228152,21.3644431],[-158.0230865,21.3651737],[-158.0230423,21.3654264],[-158.0228241,21.3654653]]]}},{"type":"Feature","properties":{"g":"areia"},"geometry":{"type":"Polygon","coordinates":[[[-158.0228241,21.3654653],[-158.0226323,21.3652369],[-158.0224819,21.3650886],[-158.0220926,21.364987],[-158.0221398,21.3647343],[-158.0220778,21.3646052],[-158.0219245,21.3648112],[-158.0215529,21.365377],[-158.0217387,21.365572],[-158.0220277,21.3656324],[-158.0223669,21.3655857],[-158.0228299,21.3656132],[-158.0228241,21.3654653]]]}},{"type":"Feature","properties":{"g":"areia"},"geometry":{"type":"Polygon","coordinates":[[[-158.0220395,21.3641547],[-158.0217062,21.3641163],[-158.0211429,21.3639872],[-158.0210898,21.364108],[-158.0213287,21.3644349],[-158.0214585,21.3645283],[-158.0214614,21.3647315],[-158.0211694,21.3649979],[-158.0208952,21.3651106],[-158.0205973,21.3653275],[-158.0203731,21.3655528],[-158.0199484,21.3656599],[-158.019621,21.3654539],[-158.0192553,21.3653303],[-158.01904,21.3652589],[-158.018866,21.3652616],[-158.018459,21.365193],[-158.0180815,21.3651078],[-158.0177099,21.3650831],[-158.0174061,21.3650803],[-158.0171082,21.365138],[-158.0167956,21.3652232],[-158.0166393,21.3653413],[-158.0164122,21.3654868],[-158.0164181,21.3655445],[-158.0165262,21.3656192],[-158.0167867,21.3655088],[-158.0169944,21.3652623],[-158.0172999,21.3652616],[-158.0182083,21.3652863],[-158.0183982,21.3653439],[-158.0188513,21.3654814],[-158.019158,21.3656297],[-158.0195326,21.365734],[-158.0199042,21.3658439],[-158.0202787,21.3658467],[-158.0205619,21.3658027],[-158.020907,21.365583],[-158.0213729,21.365399],[-158.0216118,21.3650694],[-158.0219274,21.3645475],[-158.0220395,21.3641547]]]}},{"type":"Feature","properties":{"g":"areia"},"geometry":{"type":"Polygon","coordinates":[[[-158.0184002,21.3687372],[-158.0186147,21.3686456],[-158.0186863,21.3685415],[-158.0186192,21.3684541],[-158.0184717,21.368425],[-158.0183555,21.3685124],[-158.0182884,21.3686914],[-158.0184002,21.3687372]]]}},{"type":"Feature","properties":{"g":"areia"},"geometry":{"type":"Polygon","coordinates":[[[-158.0156151,21.3658064],[-158.0155526,21.3659687],[-158.0157045,21.3661144],[-158.0156867,21.3662602],[-158.0155749,21.3663726],[-158.0153648,21.3663268],[-158.0153067,21.3661977],[-158.0152732,21.3660915],[-158.0153077,21.3660026],[-158.0152396,21.3659854],[-158.0150698,21.3659396],[-158.0150023,21.3658901],[-158.0149759,21.366027],[-158.0149088,21.3661644],[-158.0145423,21.3661269],[-158.0142037,21.3659584],[-158.0139942,21.365761],[-158.0141634,21.366052],[-158.0146741,21.3662905],[-158.0149068,21.3663024],[-158.015329,21.3664891],[-158.0159102,21.3666848],[-158.0160622,21.3667972],[-158.0159903,21.3669285],[-158.0154683,21.3668917],[-158.0147644,21.3665897],[-158.0139498,21.3663982],[-158.0134157,21.3659063],[-158.0134381,21.3657273],[-158.013675,21.3657731],[-158.0136851,21.3655834],[-158.013528,21.3650883],[-158.0132095,21.3646972],[-158.0128972,21.3645658],[-158.0125574,21.3643909],[-158.0121574,21.3641571],[-158.0119855,21.3642831],[-158.0117742,21.3646155],[-158.0118429,21.3647154],[-158.0119467,21.364703],[-158.0121238,21.3647323],[-158.012365,21.3648541],[-158.012434,21.3649412],[-158.0126131,21.3650184],[-158.0126871,21.3650695],[-158.0125664,21.3651986],[-158.0124233,21.3651694],[-158.0123536,21.3650677],[-158.0121909,21.3650612],[-158.0119539,21.3649404],[-158.0117394,21.3648572],[-158.0114973,21.3647158],[-158.0113907,21.364316],[-158.0114667,21.3641453],[-158.0116589,21.3640745],[-158.0116886,21.3637383],[-158.0116357,21.3634549],[-158.0117215,21.3632502],[-158.0119271,21.3631128],[-158.0122266,21.3630046],[-158.0132593,21.3630004],[-158.0135588,21.3634292],[-158.0137127,21.3637128],[-158.0133588,21.3638848],[-158.0136927,21.3643993],[-158.0138941,21.3644034],[-158.0140282,21.3644492],[-158.01435,21.3649321],[-158.0147077,21.3649488],[-158.0153335,21.3648655],[-158.0156241,21.3649321],[-158.0155588,21.3650739],[-158.0152357,21.3652745],[-158.0146973,21.3653891],[-158.0140185,21.3652251],[-158.0139851,21.3653898],[-158.0140084,21.365648],[-158.0141086,21.3654567],[-158.0142606,21.3653942],[-158.014502,21.3655566],[-158.0148641,21.3656856],[-158.0149356,21.3655399],[-158.0153201,21.3653651],[-158.0155123,21.3653942],[-158.0156464,21.3654317],[-158.0157135,21.3655316],[-158.0156151,21.3658064]]]}},{"type":"Feature","properties":{"g":"areia"},"geometry":{"type":"Polygon","coordinates":[[[-158.0131448,21.3655226],[-158.0132324,21.3654845],[-158.0132266,21.3654175],[-158.0131293,21.3653903],[-158.0130748,21.3654247],[-158.0130437,21.3654845],[-158.0130865,21.3655425],[-158.0131448,21.3655226]]]}},{"type":"Feature","properties":{"g":"areia"},"geometry":{"type":"Polygon","coordinates":[[[-158.0155749,21.3663726],[-158.0154159,21.3663711],[-158.015329,21.3664891],[-158.0149068,21.3663024],[-158.0146741,21.3662905],[-158.0141634,21.366052],[-158.0139942,21.365761],[-158.0142037,21.3659584],[-158.0145423,21.3661269],[-158.0149088,21.3661644],[-158.0149759,21.366027],[-158.0150023,21.3658901],[-158.0150698,21.3659396],[-158.0152396,21.3659854],[-158.0153077,21.3660026],[-158.0152732,21.3660915],[-158.0153067,21.3661977],[-158.0153648,21.3663268],[-158.0155749,21.3663726]]]}},{"type":"Feature","properties":{"g":"areia"},"geometry":{"type":"Polygon","coordinates":[[[-158.0152357,21.3652745],[-158.0146973,21.3653891],[-158.0140185,21.3652251],[-158.0139851,21.3653898],[-158.0140084,21.365648],[-158.0141086,21.3654567],[-158.0142606,21.3653942],[-158.014502,21.3655566],[-158.0148641,21.3656856],[-158.0149356,21.3655399],[-158.0153201,21.3653651],[-158.0152357,21.3652745]]]}},{"type":"Feature","properties":{"g":"areia"},"geometry":{"type":"Polygon","coordinates":[[[-158.0140282,21.3644492],[-158.0139562,21.3640941],[-158.0137127,21.3637128],[-158.0133588,21.3638848],[-158.0136927,21.3643993],[-158.0138941,21.3644034],[-158.0140282,21.3644492]]]}},{"type":"Feature","properties":{"g":"areia"},"geometry":{"type":"Polygon","coordinates":[[[-158.0125664,21.3651986],[-158.0130437,21.3654845],[-158.0130748,21.3654247],[-158.0131293,21.3653903],[-158.013528,21.3650883],[-158.0132095,21.3646972],[-158.0128972,21.3645658],[-158.0125574,21.3643909],[-158.0121574,21.3641571],[-158.0119855,21.3642831],[-158.0117742,21.3646155],[-158.0118429,21.3647154],[-158.0119467,21.364703],[-158.0121238,21.3647323],[-158.012365,21.3648541],[-158.012434,21.3649412],[-158.0126131,21.3650184],[-158.0126871,21.3650695],[-158.0125664,21.3651986]]]}},{"type":"Feature","properties":{"g":"areia"},"geometry":{"type":"Polygon","coordinates":[[[-158.0134157,21.3659063],[-158.0130865,21.3655425],[-158.0131448,21.3655226],[-158.0132324,21.3654845],[-158.0132266,21.3654175],[-158.0131293,21.3653903],[-158.013528,21.3650883],[-158.0136851,21.3655834],[-158.013675,21.3657731],[-158.0134381,21.3657273],[-158.0134157,21.3659063]]]}},{"type":"Feature","properties":{"g":"areia"},"geometry":{"type":"Polygon","coordinates":[[[-158.006426,21.3770735],[-158.0065788,21.3771448],[-158.0064995,21.3774335],[-158.006897,21.3780806],[-158.0072726,21.3780681],[-158.0080526,21.3781675],[-158.0083982,21.3786132],[-158.0089364,21.3786826],[-158.009892,21.3787598],[-158.0093027,21.3790669],[-158.007642,21.3795221],[-158.0074548,21.3795712],[-158.0068051,21.3797419],[-158.0060863,21.3799167],[-158.0053943,21.3799966],[-158.0050027,21.3799666],[-158.0048364,21.379587],[-158.0047076,21.3790525],[-158.0046003,21.3782982],[-158.0046969,21.3778087],[-158.0046969,21.377474],[-158.006426,21.3770735]]]}},{"type":"Feature","properties":{"g":"areia"},"geometry":{"type":"Polygon","coordinates":[[[-158.0168294,21.3729525],[-158.0165912,21.3733661],[-158.0163376,21.3740579],[-158.0159848,21.3747189],[-158.016035,21.3751762],[-158.0151599,21.3754486],[-158.0149212,21.3756751],[-158.0147737,21.3766775],[-158.0146912,21.3771689],[-158.0148205,21.3774796],[-158.0141389,21.3776132],[-158.0137398,21.3773573],[-158.0131834,21.3766971],[-158.012876,21.3761819],[-158.0126724,21.37579],[-158.0129842,21.3757602],[-158.0131375,21.3754538],[-158.0129574,21.3752939],[-158.0128502,21.3749417],[-158.0131863,21.3743417],[-158.0135276,21.3742993],[-158.0142123,21.3739391],[-158.0142405,21.3734895],[-158.0142811,21.3728439],[-158.0144608,21.3725923],[-158.0143427,21.372448],[-158.0147333,21.3722915],[-158.014747,21.3720883],[-158.0144688,21.3720796],[-158.0142954,21.3716989],[-158.0141137,21.3716995],[-158.0137968,21.3718121],[-158.0135628,21.3721265],[-158.0136275,21.3716714],[-158.013409,21.3714747],[-158.013174,21.3720512],[-158.0130727,21.3725283],[-158.0130212,21.3728672],[-158.0129727,21.3726177],[-158.0128446,21.3725071],[-158.0126247,21.37274],[-158.0125524,21.3730669],[-158.0125053,21.3728367],[-158.012561,21.3724025],[-158.0128782,21.37228],[-158.0129514,21.3720652],[-158.0129606,21.3714155],[-158.0127485,21.3715666],[-158.0123657,21.3711311],[-158.0131066,21.3710397],[-158.0135456,21.3710136],[-158.0140779,21.3710005],[-158.0147644,21.3711397],[-158.0159273,21.3717485],[-158.0168294,21.3729525]]]}},{"type":"Feature","properties":{"g":"areia"},"geometry":{"type":"Polygon","coordinates":[[[-158.0127485,21.3715666],[-158.0123657,21.3711311],[-158.0120379,21.3709101],[-158.0111232,21.3707927],[-158.0095702,21.370486],[-158.0080345,21.3704465],[-158.0076589,21.3708446],[-158.0078968,21.3708633],[-158.0082144,21.3708859],[-158.0086533,21.371457],[-158.0086546,21.3716005],[-158.008804,21.3716717],[-158.0085446,21.3721111],[-158.0084193,21.372539],[-158.0086076,21.3726178],[-158.0086643,21.3729281],[-158.0085292,21.3733201],[-158.0085882,21.3734935],[-158.0088283,21.3735428],[-158.0089474,21.373644],[-158.0090874,21.3732835],[-158.009197,21.3730945],[-158.0092025,21.3729116],[-158.0090442,21.3728223],[-158.0090161,21.3726827],[-158.009235,21.37253],[-158.0093004,21.3723309],[-158.0095228,21.3723359],[-158.0096597,21.3727291],[-158.0099498,21.3725325],[-158.0101359,21.3725044],[-158.0105278,21.3727808],[-158.0108356,21.3732375],[-158.011176,21.3730226],[-158.0112385,21.3727928],[-158.011344,21.3723155],[-158.0117594,21.3719996],[-158.0118823,21.3717019],[-158.0122537,21.3714598],[-158.0126141,21.3715647],[-158.0126804,21.3715656],[-158.0127485,21.3715666]]]}},{"type":"Feature","properties":{"g":"areia"},"geometry":{"type":"Polygon","coordinates":[[[-158.008966,21.3721558],[-158.0089904,21.3720801],[-158.0089177,21.3720244],[-158.0087947,21.372045],[-158.0087883,21.3721229],[-158.0088655,21.3721811],[-158.008966,21.3721558]]]}},{"type":"Feature","properties":{"g":"areia"},"geometry":{"type":"Polygon","coordinates":[[[-158.0101924,21.3719698],[-158.0102581,21.3719197],[-158.0102312,21.3718357],[-158.0101168,21.3717887],[-158.0100647,21.37185],[-158.0100939,21.3719385],[-158.0101924,21.3719698]]]}},{"type":"Feature","properties":{"g":"areia"},"geometry":{"type":"Polygon","coordinates":[[[-158.0127512,21.371462],[-158.0127756,21.3713862],[-158.0127029,21.3713306],[-158.0126136,21.3712404],[-158.0125398,21.3712937],[-158.0125734,21.371429],[-158.0126507,21.3714873],[-158.0126804,21.3715656],[-158.0127512,21.371462]]]}},{"type":"Feature","properties":{"g":"areia"},"geometry":{"type":"Polygon","coordinates":[[[-158.0148411,21.3724572],[-158.0148054,21.3723855],[-158.0147114,21.3723888],[-158.014634,21.3724803],[-158.0146847,21.3725425],[-158.014784,21.3725383],[-158.0148411,21.3724572]]]}},{"type":"Feature","properties":{"g":"areia"},"geometry":{"type":"Polygon","coordinates":[[[-158.014951,21.3721362],[-158.0149816,21.3720835],[-158.0149182,21.3720364],[-158.0148351,21.3720656],[-158.0148287,21.3721205],[-158.0148844,21.3721787],[-158.014951,21.3721362]]]}},{"type":"Feature","properties":{"g":"areia"},"geometry":{"type":"Polygon","coordinates":[[[-158.0145324,21.3725709],[-158.0144245,21.3727058],[-158.0144245,21.3728148],[-158.0143506,21.3729038],[-158.0143598,21.3730185],[-158.01448,21.3730357],[-158.014631,21.3729439],[-158.0147141,21.3728865],[-158.0148004,21.3729095],[-158.0148497,21.3728636],[-158.014785,21.3727689],[-158.0147111,21.3727316],[-158.0146125,21.3727402],[-158.014634,21.3725623],[-158.0145324,21.3725709]]]}},{"type":"Feature","properties":{"g":"areia"},"geometry":{"type":"Polygon","coordinates":[[[-158.0206586,21.3738475],[-158.020647,21.3736311],[-158.0204817,21.3733285],[-158.0205101,21.3730635],[-158.0209167,21.3724274],[-158.0209492,21.3721321],[-158.021002,21.3720488],[-158.0209573,21.3718709],[-158.0208028,21.3716551],[-158.0206565,21.3712803],[-158.0205833,21.3711629],[-158.0207459,21.3711024],[-158.0209167,21.3713106],[-158.0210711,21.3716475],[-158.0211362,21.371992],[-158.0211931,21.3722343],[-158.0212866,21.3723366],[-158.0212785,21.3727757],[-158.021185,21.3731581],[-158.0208882,21.3736162],[-158.0206586,21.3738475]]]}},{"type":"Feature","properties":{"g":"areia"},"geometry":{"type":"Polygon","coordinates":[[[-158.0206868,21.3709829],[-158.0207559,21.3708277],[-158.0206461,21.3705362],[-158.0205364,21.3702371],[-158.0204347,21.369919],[-158.0202924,21.3695707],[-158.0201298,21.3692451],[-158.019894,21.3687719],[-158.0196094,21.3683251],[-158.0192761,21.3678557],[-158.0191645,21.367621],[-158.0190525,21.3674089],[-158.0188858,21.3672613],[-158.0186906,21.3669698],[-158.0184989,21.3668249],[-158.018357,21.3667841],[-158.0184833,21.3669698],[-158.0186215,21.3672158],[-158.0186541,21.3674544],[-158.0189834,21.3676664],[-158.0190037,21.3677762],[-158.0191704,21.3680753],[-158.0193696,21.3682684],[-158.0194509,21.368363],[-158.019642,21.3686432],[-158.0198778,21.3690483],[-158.0200079,21.3694117],[-158.0201136,21.3694799],[-158.0201339,21.3696237],[-158.0201461,21.369885],[-158.0202843,21.3701046],[-158.0206868,21.3709829]]]}},{"type":"Feature","properties":{"g":"areia"},"geometry":{"type":"Polygon","coordinates":[[[-158.0044414,21.3666341],[-158.0045908,21.3667988],[-158.0048132,21.3669231],[-158.0049244,21.3670783],[-158.00476,21.3671663],[-158.0046661,21.3672544],[-158.0046843,21.36745],[-158.00479,21.3676356],[-158.0046965,21.3677794],[-158.0045949,21.3678097],[-158.0044566,21.3677151],[-158.0041842,21.367787],[-158.0038753,21.3679687],[-158.0035988,21.368177],[-158.0034687,21.3682754],[-158.0035297,21.3685215],[-158.0035541,21.368813],[-158.0031719,21.3688811],[-158.0031353,21.3691159],[-158.0033549,21.3693203],[-158.003298,21.3695096],[-158.0032573,21.3698806],[-158.0032411,21.3700699],[-158.0031801,21.370229],[-158.0029971,21.3702176],[-158.0027898,21.3699942],[-158.0026353,21.3696346],[-158.0025255,21.3695816],[-158.0023426,21.3694112],[-158.0022125,21.3691537],[-158.0022084,21.3689455],[-158.0022735,21.3686313],[-158.0024849,21.3683587],[-158.0029361,21.3680974],[-158.0032492,21.3679952],[-158.0037167,21.3677529],[-158.0044119,21.3673062],[-158.0044607,21.3670752],[-158.0043387,21.3667042],[-158.0044414,21.3666341]]]}},{"type":"Feature","properties":{"g":"areia"},"geometry":{"type":"Polygon","coordinates":[[[-157.976859,21.3654861],[-157.9768872,21.3654411],[-157.9768698,21.3653986],[-157.9767853,21.3653499],[-157.9767316,21.3653362],[-157.9767109,21.3653384],[-157.9766726,21.3653424],[-157.976631,21.3653674],[-157.9766015,21.3653924],[-157.9765854,21.3654436],[-157.9767226,21.3654649],[-157.976859,21.3654861]]]}},{"type":"Feature","properties":{"g":"areia"},"geometry":{"type":"Polygon","coordinates":[[[-157.9767226,21.3654649],[-157.976693,21.3656642],[-157.9768903,21.3656979],[-157.9772102,21.365674],[-157.9773573,21.365574],[-157.9772942,21.3653543],[-157.9769393,21.3650651],[-157.9768015,21.3650434],[-157.9767338,21.3650673],[-157.9767109,21.3653384],[-157.9767316,21.3653362],[-157.9767853,21.3653499],[-157.9768698,21.3653986],[-157.9768872,21.3654411],[-157.976859,21.3654861],[-157.9767226,21.3654649]]]}},{"type":"Feature","properties":{"g":"areia"},"geometry":{"type":"Polygon","coordinates":[[[-157.9767226,21.3654649],[-157.9765854,21.3654436],[-157.9766015,21.3653924],[-157.976631,21.3653674],[-157.9766726,21.3653424],[-157.9767109,21.3653384],[-157.9767338,21.3650673],[-157.9766369,21.3650782],[-157.9765027,21.3651151],[-157.9764011,21.3651554],[-157.9762995,21.3652804],[-157.9761723,21.3654598],[-157.9761349,21.3655044],[-157.9760929,21.365574],[-157.9762131,21.3656174],[-157.9763112,21.3656261],[-157.976693,21.3656642],[-157.9767226,21.3654649]]]}},{"type":"Feature","properties":{"g":"areia"},"geometry":{"type":"Polygon","coordinates":[[[-157.9802114,21.3653959],[-157.980153,21.365211],[-157.9799522,21.3652589],[-157.9795786,21.3654089],[-157.9793451,21.3654829],[-157.9791653,21.3656568],[-157.9791443,21.3658808],[-157.97917,21.3660352],[-157.9790275,21.3660809],[-157.9788944,21.3661678],[-157.9788517,21.3663175],[-157.9788571,21.3663701],[-157.9789832,21.3663266],[-157.9791606,21.3661874],[-157.9791886,21.3661591],[-157.9793871,21.3661091],[-157.9794642,21.3659656],[-157.9794548,21.3658808],[-157.9795132,21.3658221],[-157.9795295,21.3656742],[-157.9795669,21.365609],[-157.979763,21.365509],[-157.9802114,21.3653959]]]}},{"type":"Feature","properties":{"g":"areia"},"geometry":{"type":"Polygon","coordinates":[[[-157.9787613,21.3663353],[-157.9786819,21.366257],[-157.9785675,21.3661961],[-157.9784578,21.3661896],[-157.9782873,21.3662526],[-157.9781309,21.3663027],[-157.9779908,21.3663288],[-157.9780025,21.3664527],[-157.9780398,21.3665679],[-157.9780267,21.3666288],[-157.9782007,21.366686],[-157.9782324,21.3666818],[-157.978327,21.3665832],[-157.978355,21.3664701],[-157.9784228,21.3664136],[-157.9785302,21.3664331],[-157.9786843,21.3664875],[-157.9787343,21.3663977],[-157.9787613,21.3663353]]]}},{"type":"Feature","properties":{"g":"areia"},"geometry":{"type":"Polygon","coordinates":[[[-157.975025,21.3655684],[-157.9750177,21.3656189],[-157.9749498,21.3656858],[-157.9748213,21.3658196],[-157.9746296,21.365824],[-157.9744812,21.3657043],[-157.9745069,21.3654681],[-157.974591,21.3651938],[-157.9746857,21.3650589],[-157.9747266,21.3646953],[-157.9750338,21.3643279],[-157.9750022,21.3644211],[-157.9749886,21.3645016],[-157.9750087,21.3645647],[-157.9750878,21.3646441],[-157.9751523,21.3648078],[-157.975295,21.3650798],[-157.9753425,21.3652554],[-157.9753651,21.3653253],[-157.9753519,21.3654015],[-157.9752966,21.3654256],[-157.9751616,21.3654182],[-157.9749856,21.3654269],[-157.9749311,21.3654766],[-157.9749216,21.3655072],[-157.9749286,21.3655208],[-157.9749374,21.3655379],[-157.9749736,21.3655581],[-157.975025,21.3655684]]]}},{"type":"Feature","properties":{"g":"areia"},"geometry":{"type":"Polygon","coordinates":[[[-157.9761147,21.375075],[-157.9761929,21.3750326],[-157.9761969,21.3749701],[-157.9761603,21.3748944],[-157.9760607,21.3748263],[-157.9759469,21.3748244],[-157.9758554,21.374849],[-157.9757736,21.3748555],[-157.9756905,21.3748843],[-157.9756684,21.374919],[-157.9756298,21.3749853],[-157.97577,21.3750326],[-157.9758187,21.3749826],[-157.9760282,21.3750149],[-157.9761147,21.375075]]]}},{"type":"Feature","properties":{"g":"grass"},"geometry":{"type":"Polygon","coordinates":[[[-157.9433959,21.361594],[-157.9435839,21.3615144],[-157.9434853,21.3612949],[-157.9432935,21.3613702],[-157.9433959,21.361594]]]}},{"type":"Feature","properties":{"g":"scrub"},"geometry":{"type":"Polygon","coordinates":[[[-157.9248914,21.3856259],[-157.9246842,21.3855016],[-157.9243737,21.3858182],[-157.9241028,21.386008],[-157.9238454,21.386043],[-157.9233746,21.386209],[-157.9230715,21.3866798],[-157.9228476,21.3869608],[-157.9224573,21.3871181],[-157.9222615,21.3873304],[-157.9218096,21.3873104],[-157.9215789,21.3875802],[-157.9213227,21.3876688],[-157.9211269,21.3875927],[-157.9213442,21.387243],[-157.9216862,21.3868109],[-157.9219551,21.3862845],[-157.921589,21.3861591],[-157.9214623,21.386435],[-157.9212182,21.3866037],[-157.9210089,21.3869782],[-157.9208654,21.3872318],[-157.9209647,21.3875889],[-157.9206777,21.3881059],[-157.9202418,21.388488],[-157.9197603,21.3885305],[-157.9193902,21.3885355],[-157.9189637,21.3884755],[-157.918548,21.3885255],[-157.9179204,21.3887877],[-157.9176628,21.3890799],[-157.9177326,21.3892279],[-157.9179211,21.3892785],[-157.9183093,21.3891673],[-157.9185239,21.3892073],[-157.9186097,21.3894246],[-157.9188202,21.3894533],[-157.9190844,21.3893771],[-157.9193231,21.389522],[-157.9195095,21.3894633],[-157.9200407,21.3892198],[-157.9216083,21.3884518],[-157.9216822,21.388021],[-157.9218417,21.3878149],[-157.9222669,21.387524],[-157.9230393,21.3870045],[-157.9233558,21.3866973],[-157.9239124,21.3862634],[-157.9244207,21.3859793],[-157.9245092,21.3859274],[-157.9246084,21.3858563],[-157.9248914,21.3856259]]]}},{"type":"Feature","properties":{"g":"scrub"},"geometry":{"type":"Polygon","coordinates":[[[-157.9236093,21.3795393],[-157.9231707,21.3793445],[-157.9227672,21.3794125],[-157.920284,21.3806844],[-157.9203097,21.3807299],[-157.9206763,21.3805933],[-157.9214289,21.3803591],[-157.9216452,21.3803612],[-157.9219279,21.3806699],[-157.9216112,21.3809582],[-157.9211336,21.3812039],[-157.9203672,21.3817146],[-157.9203075,21.3817784],[-157.9198522,21.3820075],[-157.9200855,21.3824084],[-157.9205865,21.382439],[-157.9214314,21.3824839],[-157.9219303,21.382459],[-157.9220959,21.3823715],[-157.9218418,21.381897],[-157.9219838,21.3815729],[-157.9223976,21.3812133],[-157.9226323,21.3811846],[-157.9236093,21.3795393]]]}},{"type":"Feature","properties":{"g":"grass"},"geometry":{"type":"Polygon","coordinates":[[[-157.9607617,21.3359231],[-157.9607617,21.3359911],[-157.9600184,21.3366834],[-157.9599612,21.3366761],[-157.9596261,21.3363639],[-157.9596458,21.3362886],[-157.9603122,21.3356127],[-157.9604068,21.3355962],[-157.9607617,21.3359231]]]}},{"type":"Feature","properties":{"g":"grass"},"geometry":{"type":"Polygon","coordinates":[[[-157.9617929,21.3350195],[-157.9608426,21.3358698],[-157.9604857,21.3355503],[-157.9604995,21.3354878],[-157.9614642,21.3345333],[-157.9615051,21.3345732],[-157.9614479,21.3346834],[-157.9614696,21.3347679],[-157.9616687,21.3349479],[-157.9617929,21.3350195]]]}},{"type":"Feature","properties":{"g":"grass"},"geometry":{"type":"Polygon","coordinates":[[[-157.9622661,21.3345769],[-157.9624653,21.3343639],[-157.9624633,21.3343106],[-157.9621656,21.3340113],[-157.9620729,21.3340333],[-157.9618659,21.3342151],[-157.9622661,21.3345769]]]}},{"type":"Feature","properties":{"g":"scrub"},"geometry":{"type":"Polygon","coordinates":[[[-157.9327798,21.3456103],[-157.9327263,21.3456305],[-157.932628,21.3454291],[-157.9325589,21.3452865],[-157.9324376,21.3450417],[-157.9323455,21.344853],[-157.9322411,21.3446359],[-157.9321632,21.3444762],[-157.9320927,21.3443399],[-157.9320555,21.3442294],[-157.9320338,21.3441676],[-157.9320026,21.3440527],[-157.9319836,21.3439637],[-157.9319721,21.3438552],[-157.931968,21.343763],[-157.9319721,21.3437081],[-157.932025,21.3437693],[-157.9320832,21.3438419],[-157.9321429,21.3439366],[-157.9321991,21.3440289],[-157.9322646,21.3441477],[-157.9322992,21.3442218],[-157.9323615,21.3443978],[-157.9324323,21.3446109],[-157.9325464,21.3449622],[-157.9326834,21.3453303],[-157.9327798,21.3456103]]]}},{"type":"Feature","properties":{"g":"grass"},"geometry":{"type":"Polygon","coordinates":[[[-157.9679068,21.3332627],[-157.9678847,21.3332923],[-157.9678743,21.333327],[-157.9678767,21.333363],[-157.9678917,21.3333963],[-157.9679175,21.3334231],[-157.9679514,21.3334406],[-157.9679896,21.3334467],[-157.9680268,21.3334411],[-157.9680601,21.3334248],[-157.9680861,21.3333993],[-157.9681019,21.3333675],[-157.9681061,21.3333326],[-157.968098,21.3332984],[-157.9680786,21.3332683],[-157.9680499,21.3332456],[-157.9680138,21.3332324],[-157.9679751,21.333231],[-157.9679381,21.3332415],[-157.9679068,21.3332627]]]}},{"type":"Feature","properties":{"g":"grass"},"geometry":{"type":"Polygon","coordinates":[[[-157.9673178,21.3329986],[-157.9673173,21.3330283],[-157.9673268,21.3330567],[-157.9673454,21.3330808],[-157.9673712,21.3330983],[-157.9674015,21.3331074],[-157.9674357,21.3331068],[-157.9674676,21.3330956],[-157.9674937,21.333075],[-157.9675109,21.3330475],[-157.9675172,21.3330163],[-157.9675119,21.3329849],[-157.9674956,21.3329569],[-157.9674702,21.3329357],[-157.9674387,21.3329235],[-157.9674046,21.332922],[-157.9673739,21.3329302],[-157.9673476,21.3329469],[-157.9673282,21.3329705],[-157.9673178,21.3329986]]]}},{"type":"Feature","properties":{"g":"grass"},"geometry":{"type":"Polygon","coordinates":[[[-157.9854302,21.3983465],[-157.9858433,21.3982416],[-157.986149,21.3981392],[-157.9864427,21.3980368],[-157.9857172,21.3973925],[-157.9858191,21.3976497],[-157.9858258,21.3978845],[-157.9857641,21.3980868],[-157.9856287,21.3982429],[-157.9854302,21.3983465]]]}},{"type":"Feature","properties":{"g":"grass"},"geometry":{"type":"Polygon","coordinates":[[[-157.9871844,21.397631],[-157.9868799,21.3973251],[-157.9865567,21.3971091],[-157.985795,21.3966808],[-157.9852814,21.3963898],[-157.9847342,21.3961576],[-157.9846323,21.3961751],[-157.9857923,21.396953],[-157.9861839,21.3971802],[-157.986597,21.3973813],[-157.9871844,21.397631]]]}},{"type":"Feature","properties":{"g":"grass"},"geometry":{"type":"Polygon","coordinates":[[[-157.9875264,21.3977584],[-157.987242,21.3974487],[-157.9868169,21.3971078],[-157.9868297,21.397086],[-157.987069,21.3972171],[-157.9874673,21.3973888],[-157.9879917,21.3975648],[-157.9886475,21.3977047],[-157.989483,21.3977759],[-157.9913324,21.3978058],[-157.9909059,21.3979057],[-157.9905479,21.3980568],[-157.9898961,21.3980868],[-157.9893395,21.3980693],[-157.9887575,21.3980106],[-157.9882465,21.3979369],[-157.9878549,21.397852],[-157.9875264,21.3977584]]]}},{"type":"Feature","properties":{"g":"scrub"},"geometry":{"type":"Polygon","coordinates":[[[-157.9874808,21.4005803],[-157.9872957,21.3998236],[-157.9870677,21.3993292],[-157.9867995,21.3989446],[-157.9865554,21.3987099],[-157.9864535,21.3986624],[-157.9867244,21.3989646],[-157.9869899,21.3995315],[-157.9872233,21.4005978],[-157.9874808,21.4005803]]]}},{"type":"Feature","properties":{"g":"wood"},"geometry":{"type":"Polygon","coordinates":[[[-157.9845642,21.3984639],[-157.9851911,21.3984951],[-157.9857892,21.3984901],[-157.9861946,21.3985725],[-157.9864535,21.3986624],[-157.9867244,21.3989646],[-157.9869899,21.3995315],[-157.9872233,21.4005978],[-157.9874808,21.4005803],[-157.9876068,21.4013345],[-157.9872367,21.4014044],[-157.9869658,21.401794],[-157.9857829,21.4023059],[-157.9851231,21.4029128],[-157.9844897,21.4035584],[-157.9843154,21.4037306],[-157.9840056,21.4037619],[-157.9838353,21.4037681],[-157.9836301,21.4037344],[-157.9834531,21.4036557],[-157.9832519,21.4035134],[-157.9831124,21.403381],[-157.9828951,21.4030202],[-157.9832049,21.4029565],[-157.9835523,21.4027542],[-157.9836851,21.4026206],[-157.9837709,21.4024776],[-157.9838185,21.4022617],[-157.9840659,21.4024664],[-157.9840458,21.4026805],[-157.9841142,21.4027686],[-157.9844723,21.4028803],[-157.9847043,21.4026887],[-157.9849349,21.402414],[-157.9849282,21.402168],[-157.9847418,21.4019919],[-157.9843757,21.401756],[-157.9841718,21.4014026],[-157.9841343,21.4011279],[-157.984031,21.4009356],[-157.9838996,21.400792],[-157.9843207,21.4001296],[-157.9844911,21.3998299],[-157.9845997,21.399539],[-157.9846118,21.399308],[-157.9845528,21.3990483],[-157.9843449,21.3986537],[-157.9845642,21.3984639]]]}},{"type":"Feature","properties":{"g":"grass"},"geometry":{"type":"Polygon","coordinates":[[[-157.9874546,21.3979619],[-157.9874264,21.3979107],[-157.9868987,21.3977247],[-157.986377,21.3974899],[-157.9856461,21.3970928],[-157.9861061,21.3974799],[-157.9864173,21.3977359],[-157.9866573,21.3980119],[-157.9869269,21.3979706],[-157.9872917,21.3979557],[-157.9874546,21.3979619]]]}},{"type":"Feature","properties":{"g":"grass"},"geometry":{"type":"Polygon","coordinates":[[[-157.9873426,21.3995215],[-157.9872581,21.3992705],[-157.9871522,21.3990208],[-157.9869229,21.3985937],[-157.9865903,21.3981692],[-157.9856998,21.3983989],[-157.986027,21.3984077],[-157.9863167,21.3984751],[-157.9866546,21.3986487],[-157.9868947,21.3988497],[-157.9870918,21.3990907],[-157.9872353,21.3993242],[-157.9873426,21.3995215]]]}},{"type":"Feature","properties":{"g":"grass"},"geometry":{"type":"Polygon","coordinates":[[[-157.9881674,21.4004704],[-157.9883055,21.4001695],[-157.9882492,21.3996513],[-157.9880226,21.3989221],[-157.987808,21.3984526],[-157.9875693,21.3980955],[-157.9872984,21.398063],[-157.9870033,21.3980755],[-157.9867432,21.398113],[-157.986939,21.3983677],[-157.9871723,21.3987448],[-157.9873681,21.3991768],[-157.9875156,21.3995964],[-157.9876202,21.4000309],[-157.9876632,21.400383],[-157.9881674,21.4004704]]]}},{"type":"Feature","properties":{"g":"grass"},"geometry":{"type":"Polygon","coordinates":[[[-157.9884477,21.3998936],[-157.9886797,21.3995127],[-157.9890861,21.399067],[-157.9894884,21.3987024],[-157.9901201,21.3982691],[-157.9895152,21.3982953],[-157.9890485,21.3982778],[-157.9877932,21.398108],[-157.9879971,21.3984401],[-157.9881942,21.3988822],[-157.9883324,21.3992742],[-157.9884169,21.3996813],[-157.9884477,21.3998936]]]}},{"type":"Feature","properties":{"g":"grass"},"geometry":{"type":"Polygon","coordinates":[[[-157.9888728,21.4003606],[-157.9891437,21.399936],[-157.9896078,21.3993666],[-157.9900959,21.3989771],[-157.9904822,21.3987024],[-157.9909462,21.3984651],[-157.9917052,21.3981979],[-157.9916891,21.3981654],[-157.9904956,21.3982553],[-157.9900691,21.3984776],[-157.9895541,21.3988297],[-157.9891759,21.3991594],[-157.9888836,21.399494],[-157.9886341,21.3998386],[-157.9884678,21.4001108],[-157.9884866,21.400373],[-157.9888728,21.4003606]]]}},{"type":"Feature","properties":{"g":"scrub"},"geometry":{"type":"Polygon","coordinates":[[[-157.9926883,21.4000409],[-157.9923034,21.4008301],[-157.9921317,21.4010973],[-157.9918715,21.401347],[-157.9915792,21.4015692],[-157.9912265,21.4017266],[-157.9909194,21.4018077],[-157.990564,21.4018577],[-157.9901348,21.4018639],[-157.9886381,21.4015168],[-157.9887159,21.4012034],[-157.9888004,21.4009574],[-157.989015,21.4004954],[-157.9892859,21.4000384],[-157.9895166,21.3997487],[-157.9898143,21.3995265],[-157.9904982,21.3990869],[-157.9911742,21.3987398],[-157.9918903,21.3985201],[-157.9926883,21.4000409]]]}},{"type":"Feature","properties":{"g":"grass"},"geometry":{"type":"Polygon","coordinates":[[[-157.9815437,21.3956587],[-157.9807511,21.3947316],[-157.980562,21.3945705],[-157.9803582,21.3944294],[-157.9800041,21.3942596],[-157.979764,21.3941547],[-157.9797439,21.3942446],[-157.9798083,21.3944232],[-157.9799263,21.394543],[-157.9802759,21.3947496],[-157.9809965,21.3951948],[-157.9812044,21.3953821],[-157.9813036,21.3955257],[-157.9813372,21.3955857],[-157.9814042,21.3956331],[-157.9814713,21.3956506],[-157.9815437,21.3956587]]]}},{"type":"Feature","properties":{"g":"grass"},"geometry":{"type":"Polygon","coordinates":[[[-157.981832,21.3957218],[-157.9817194,21.3956069],[-157.9816657,21.3954933],[-157.9816577,21.3953584],[-157.9816939,21.3952398],[-157.9818012,21.3951049],[-157.9819192,21.3950338],[-157.9820506,21.3950163],[-157.9821807,21.3950238],[-157.9804319,21.3943283],[-157.9806452,21.3944918],[-157.9808638,21.3946891],[-157.9810046,21.3948465],[-157.9817033,21.3956956],[-157.981832,21.3957218]]]}},{"type":"Feature","properties":{"g":"wood"},"geometry":{"type":"Polygon","coordinates":[[[-157.9788843,21.3902475],[-157.9787368,21.3901264],[-157.9785074,21.3898341],[-157.9785182,21.3895032],[-157.9783653,21.3893933],[-157.9779629,21.3893759],[-157.9776344,21.3892023],[-157.9773112,21.3892248],[-157.9775593,21.3896169],[-157.9776102,21.389964],[-157.9775338,21.3901788],[-157.9776491,21.3902375],[-157.9784645,21.3901239],[-157.9785074,21.3903848],[-157.9782365,21.390476],[-157.9783934,21.3911078],[-157.9785074,21.3913189],[-157.9785758,21.3914887],[-157.9786791,21.391641],[-157.9788937,21.3915624],[-157.9790533,21.391425],[-157.9786509,21.3908344],[-157.9789835,21.3907307],[-157.9788159,21.3904685],[-157.9788843,21.3902475]]]}},{"type":"Feature","properties":{"g":"scrub"},"geometry":{"type":"Polygon","coordinates":[[[-157.9802361,21.3897792],[-157.9799867,21.3892135],[-157.9799116,21.3891823],[-157.979241,21.3893446],[-157.9793523,21.3896581],[-157.9792598,21.3899515],[-157.9790989,21.3901488],[-157.9788843,21.3902475],[-157.9788159,21.3904685],[-157.9789835,21.3907307],[-157.9793,21.3911353],[-157.9795387,21.3910304],[-157.979697,21.3907332],[-157.9799625,21.3905559],[-157.9799518,21.3899103],[-157.9802361,21.3897792]]]}},{"type":"Feature","properties":{"g":"scrub"},"geometry":{"type":"Polygon","coordinates":[[[-157.9836264,21.3888102],[-157.9827091,21.3888252],[-157.9810944,21.388955],[-157.9800162,21.3890175],[-157.9802227,21.389507],[-157.9803273,21.3898416],[-157.9803595,21.3901251],[-157.9805245,21.3899353],[-157.9807846,21.3897954],[-157.9812191,21.389733],[-157.9813747,21.3896518],[-157.9815276,21.3894833],[-157.9816805,21.3893896],[-157.9822625,21.3893684],[-157.9836935,21.3892348],[-157.9836264,21.3888102]]]}},{"type":"Feature","properties":{"g":"wood"},"geometry":{"type":"Polygon","coordinates":[[[-157.9811588,21.3908756],[-157.9809764,21.390933],[-157.9807565,21.3907782],[-157.9804856,21.3906908],[-157.9804024,21.3904735],[-157.9804507,21.3902762],[-157.9806197,21.3901363],[-157.9808584,21.3900789],[-157.9808047,21.3905209],[-157.9811212,21.3906858],[-157.9811588,21.3908756]]]}},{"type":"Feature","properties":{"g":"wood"},"geometry":{"type":"Polygon","coordinates":[[[-157.9841495,21.3908956],[-157.9839966,21.3910217],[-157.9837672,21.3910404],[-157.9834574,21.3910367],[-157.9831436,21.3911653],[-157.982807,21.3913601],[-157.9826903,21.3915087],[-157.9826514,21.3916748],[-157.9824597,21.3917047],[-157.982343,21.3918234],[-157.9821633,21.3917647],[-157.9820171,21.391676],[-157.982339,21.3913126],[-157.9825079,21.3912902],[-157.9828835,21.3910729],[-157.9831383,21.390968],[-157.9833126,21.3907957],[-157.9834145,21.3902113],[-157.9835299,21.3899603],[-157.9837807,21.3900801],[-157.983892,21.3900639],[-157.9838249,21.390516],[-157.9841495,21.3908956]]]}},{"type":"Feature","properties":{"g":"farmland"},"geometry":{"type":"Polygon","coordinates":[[[-157.9868129,21.3895057],[-157.9869121,21.3893809],[-157.9869309,21.389281],[-157.9868853,21.3888077],[-157.9867941,21.3887378],[-157.9863221,21.3886878],[-157.9841575,21.3887328],[-157.9836264,21.3888102],[-157.9836935,21.3892348],[-157.9840261,21.3892447],[-157.9841656,21.3896344],[-157.9840341,21.389979],[-157.983892,21.3900639],[-157.9838249,21.390516],[-157.9841495,21.3908956],[-157.9848281,21.3907382],[-157.9854289,21.390436],[-157.9858178,21.3900589],[-157.9858044,21.3898766],[-157.9862577,21.3896593],[-157.9863811,21.3898516],[-157.9866332,21.3896793],[-157.9868129,21.3895057]]]}},{"type":"Feature","properties":{"g":"wood"},"geometry":{"type":"Polygon","coordinates":[[[-157.979132,21.3949208],[-157.9789737,21.3950681],[-157.978393,21.3947685],[-157.9783126,21.394932],[-157.978267,21.3951343],[-157.9783977,21.3955795],[-157.9780879,21.3955682],[-157.9780108,21.3938806],[-157.9778814,21.3934193],[-157.9778418,21.3932988],[-157.97844,21.3935435],[-157.9786398,21.3936421],[-157.9788839,21.3937296],[-157.9789643,21.3938732],[-157.9787189,21.3940405],[-157.9789214,21.3947123],[-157.979132,21.3949208]]]}},{"type":"Feature","properties":{"g":"grass"},"geometry":{"type":"Polygon","coordinates":[[[-157.9800323,21.394764],[-157.9798445,21.3946573],[-157.9797801,21.3946136],[-157.9797151,21.3945518],[-157.9796521,21.3944656],[-157.9796185,21.3943919],[-157.9796065,21.3943126],[-157.9796132,21.3941897],[-157.9796333,21.3940954],[-157.9791284,21.3938375],[-157.9790124,21.3937863],[-157.9788839,21.3937296],[-157.9789643,21.3938732],[-157.9792893,21.3940148],[-157.9794107,21.3940898],[-157.9794563,21.3942621],[-157.979522,21.3944269],[-157.9796252,21.3946454],[-157.9797111,21.3947559],[-157.9798586,21.3948852],[-157.979925,21.394902],[-157.9799759,21.3948927],[-157.9800417,21.3948371],[-157.9800551,21.3948078],[-157.9800531,21.3947878],[-157.9800323,21.394764]]]}},{"type":"Feature","properties":{"g":"farmland"},"geometry":{"type":"Polygon","coordinates":[[[-157.9834065,21.3893197],[-157.9834145,21.3902113],[-157.9833126,21.3907957],[-157.9831383,21.390968],[-157.9828835,21.3910729],[-157.9825079,21.3912902],[-157.982339,21.3913126],[-157.9819695,21.3910523],[-157.9817167,21.390953],[-157.9811588,21.3908756],[-157.9811212,21.3906858],[-157.9808047,21.3905209],[-157.9808584,21.3900789],[-157.9816791,21.390014],[-157.9816201,21.389497],[-157.9834065,21.3893197]]]}},{"type":"Feature","properties":{"g":"farmland"},"geometry":{"type":"Polygon","coordinates":[[[-157.9776692,21.3916448],[-157.977625,21.3909168],[-157.9776491,21.3902375],[-157.9775338,21.3901788],[-157.9773434,21.3903274],[-157.9770403,21.3904173],[-157.9766017,21.3902712],[-157.976312,21.3900015],[-157.9760036,21.3896643],[-157.9757729,21.3895345],[-157.9754645,21.3894296],[-157.9750219,21.3893097],[-157.9747054,21.3893047],[-157.9745606,21.3894645],[-157.9744211,21.3897367],[-157.9744184,21.3900289],[-157.974633,21.3905534],[-157.9748476,21.390963],[-157.9754698,21.3914875],[-157.9760854,21.3917484],[-157.9762718,21.3916286],[-157.9763617,21.3916136],[-157.9764126,21.391726],[-157.9768123,21.391656],[-157.977165,21.391666],[-157.9772575,21.3916161],[-157.9776692,21.3916448]]]}},{"type":"Feature","properties":{"g":"grass"},"geometry":{"type":"Polygon","coordinates":[[[-157.9799612,21.3936802],[-157.9800269,21.3935241],[-157.9800926,21.3934804],[-157.9802857,21.3934829],[-157.9843982,21.3951362],[-157.9842091,21.395266],[-157.9837807,21.3951024],[-157.9799612,21.3936802]]]}},{"type":"Feature","properties":{"g":"grass"},"geometry":{"type":"Polygon","coordinates":[[[-157.9790046,21.3930655],[-157.9798123,21.393378],[-157.9798847,21.3934342],[-157.9799062,21.3934642],[-157.9798378,21.3936315],[-157.978541,21.3931133],[-157.9785517,21.3930621],[-157.9788306,21.3931607],[-157.9790046,21.3930655]]]}},{"type":"Feature","properties":{"g":"farmland"},"geometry":{"type":"Polygon","coordinates":[[[-157.9785517,21.3930621],[-157.9780045,21.392876],[-157.9778637,21.3927324],[-157.9775392,21.3925688],[-157.9779053,21.3923753],[-157.9778811,21.3919944],[-157.9785477,21.3919582],[-157.9786308,21.3920831],[-157.9788682,21.39266],[-157.9786013,21.3927699],[-157.9785517,21.3930621]]]}},{"type":"Feature","properties":{"g":"grass"},"geometry":{"type":"Polygon","coordinates":[[[-157.9806002,21.3954096],[-157.980853,21.395512],[-157.9809013,21.3955145],[-157.9809415,21.3955033],[-157.9809657,21.395477],[-157.9809824,21.395449],[-157.9809818,21.3954034],[-157.9809677,21.3953559],[-157.9809228,21.3953097],[-157.9808235,21.3952342],[-157.9803816,21.3949632],[-157.9804507,21.3952829],[-157.9804239,21.3953884],[-157.9806002,21.3954096]]]}},{"type":"Feature","properties":{"g":"grass"},"geometry":{"type":"Polygon","coordinates":[[[-157.9557224,21.3397452],[-157.9554932,21.3395251],[-157.9557478,21.3392952],[-157.9559769,21.3395152],[-157.9557224,21.3397452]]]}},{"type":"Feature","properties":{"g":"grass"},"geometry":{"type":"Polygon","coordinates":[[[-157.9562022,21.3387654],[-157.956215,21.3387289],[-157.9562158,21.3386887],[-157.9562071,21.33865],[-157.9561784,21.3386108],[-157.9561457,21.338587],[-157.9561043,21.3385764],[-157.9560605,21.3385777],[-157.9560228,21.3385933],[-157.9549365,21.3396151],[-157.9549288,21.3396251],[-157.9549258,21.3396357],[-157.9549278,21.3396476],[-157.9549352,21.3396563],[-157.9550639,21.3397712],[-157.9550788,21.3397803],[-157.9550951,21.3397819],[-157.95511,21.3397759],[-157.9551236,21.3397638],[-157.9562022,21.3387654]]]}},{"type":"Feature","properties":{"g":"grass"},"geometry":{"type":"Polygon","coordinates":[[[-157.993218,21.3992692],[-157.9931107,21.3994091],[-157.9929082,21.3998599],[-157.9934996,21.4009474],[-157.9936431,21.4011672],[-157.994087,21.4018115],[-157.9943479,21.4021661],[-157.9943995,21.4022154],[-157.9944377,21.402231],[-157.9944974,21.4022341],[-157.9945464,21.4022204],[-157.9952753,21.4018027],[-157.9953135,21.4017615],[-157.9953081,21.4017297],[-157.9952498,21.4016598],[-157.9952136,21.4017778],[-157.9948635,21.4019822],[-157.9947006,21.4020593],[-157.9945712,21.4021336],[-157.9944398,21.4020887],[-157.9934742,21.400674],[-157.9932891,21.4003481],[-157.9931724,21.4001046],[-157.9931322,21.3998698],[-157.9931402,21.3995577],[-157.993218,21.3992692]]]}},{"type":"Feature","properties":{"g":"grass"},"geometry":{"type":"Polygon","coordinates":[[[-157.9921491,21.3983715],[-157.9922444,21.398565],[-157.9924308,21.3988609],[-157.9924817,21.3989134],[-157.9925515,21.3989533],[-157.9926695,21.3989608],[-157.9927754,21.3989309],[-157.9928975,21.3988597],[-157.9930363,21.3987542],[-157.9930792,21.398708],[-157.9931033,21.3986705],[-157.9931161,21.3986274],[-157.9931174,21.3985769],[-157.993108,21.3985313],[-157.9930826,21.3984913],[-157.9930396,21.3984551],[-157.9929431,21.3984145],[-157.9928331,21.3983796],[-157.992707,21.3983521],[-157.9925361,21.3983396],[-157.9923946,21.398339],[-157.9922698,21.398349],[-157.9921491,21.3983715]]]}},{"type":"Feature","properties":{"g":"grass"},"geometry":{"type":"Polygon","coordinates":[[[-157.9672605,21.3331901],[-157.9671807,21.3332601],[-157.967159,21.3332652],[-157.9671406,21.333259],[-157.9671318,21.3332427],[-157.9671384,21.3332239],[-157.9672135,21.3331502],[-157.9672405,21.333144],[-157.9672595,21.333151],[-157.9672667,21.333169],[-157.9672605,21.3331901]]]}},{"type":"Feature","properties":{"g":"grass"},"geometry":{"type":"Polygon","coordinates":[[[-158.0126325,21.3998992],[-158.0133453,21.4001833],[-158.0137678,21.4005816],[-158.0130117,21.4012661],[-158.0126538,21.4009203],[-158.0126914,21.4008863],[-158.0125983,21.4007971],[-158.0126555,21.4007474],[-158.0125176,21.4006129],[-158.0125465,21.4005823],[-158.0125146,21.4005562],[-158.0128059,21.4002479],[-158.0125623,21.4000517],[-158.0125742,21.4000322],[-158.0126325,21.3998992]]]}},{"type":"Feature","properties":{"g":"grass"},"geometry":{"type":"Polygon","coordinates":[[[-157.9938819,21.3975161],[-157.9937947,21.3976441],[-157.993338,21.3974718],[-157.9933803,21.397375],[-157.9938819,21.3975161]]]}},{"type":"Feature","properties":{"g":"scrub"},"geometry":{"type":"Polygon","coordinates":[[[-157.990855,21.3934966],[-157.9918917,21.3923191],[-157.9920365,21.3922155],[-157.9922511,21.3920793],[-157.9923248,21.3920144],[-157.9923785,21.3919045],[-157.9923798,21.3917697],[-157.9923677,21.3916348],[-157.9911125,21.3928248],[-157.9907718,21.3931944],[-157.9905841,21.3934442],[-157.9904419,21.3937214],[-157.9903695,21.3939536],[-157.9903172,21.3942446],[-157.9903185,21.3945605],[-157.9903977,21.3949139],[-157.9905465,21.3952186],[-157.9912077,21.3964498],[-157.9913391,21.3966158],[-157.9915537,21.3968169],[-157.9918179,21.396953],[-157.993338,21.3974718],[-157.9933803,21.397375],[-157.9938819,21.3975161],[-157.9941461,21.397184],[-157.9944478,21.3968656],[-157.9947603,21.3966071],[-157.9947355,21.3965877],[-157.9947019,21.3965877],[-157.9946094,21.3966327],[-157.9938912,21.397194],[-157.9937276,21.3972739],[-157.9935184,21.3973213],[-157.993277,21.3973014],[-157.9930463,21.3972302],[-157.9918742,21.3968369],[-157.9917321,21.3967482],[-157.9915537,21.3965771],[-157.9914022,21.3963436],[-157.9907048,21.3949826],[-157.9905613,21.394819],[-157.9905076,21.3947303],[-157.9904245,21.3944569],[-157.9904218,21.3943133],[-157.9904339,21.3941928],[-157.9904506,21.3940873],[-157.990505,21.3939343],[-157.9906062,21.3937882],[-157.990855,21.3934966]]]}},{"type":"Feature","properties":{"g":"grass"},"geometry":{"type":"Polygon","coordinates":[[[-157.9972467,21.3885929],[-157.9967791,21.3889835],[-157.9961968,21.3883792],[-157.9969845,21.3877275],[-157.9970341,21.3877806],[-157.9971737,21.3883139],[-157.9972467,21.3885929]]]}},{"type":"Feature","properties":{"g":"scrub"},"geometry":{"type":"Polygon","coordinates":[[[-157.9943928,21.3972346],[-157.9943305,21.3971821],[-157.9941554,21.3973831],[-157.9940186,21.3975536],[-157.9941383,21.3975773],[-157.9943928,21.3972346]]]}},{"type":"Feature","properties":{"g":"grass"},"geometry":{"type":"Polygon","coordinates":[[[-157.9993831,21.3988996],[-157.9993328,21.3987854],[-157.9976369,21.3983727],[-157.9965493,21.3980968],[-157.9955381,21.3978308],[-157.9951184,21.3977471],[-157.9945041,21.3976497],[-157.9941383,21.3975773],[-157.9940186,21.3975536],[-157.9939328,21.3976785],[-157.9941997,21.3977446],[-157.9945068,21.3978058],[-157.9952565,21.3979219],[-157.9961671,21.3980805],[-157.9967599,21.3982079],[-157.9975297,21.3984152],[-157.9985368,21.3987036],[-157.9987782,21.3987648],[-157.9993831,21.3988996]]]}},{"type":"Feature","properties":{"g":"grass"},"geometry":{"type":"Polygon","coordinates":[[[-158.0069442,21.3974699],[-158.0064118,21.3977609],[-158.0061141,21.3979057],[-158.0056487,21.3981105],[-158.0051619,21.3983103],[-158.0046214,21.3985038],[-158.0040769,21.3986774],[-158.003692,21.398791],[-158.0033943,21.3988659],[-158.002937,21.3989633],[-158.0026567,21.399007],[-158.0020532,21.3990745],[-158.0016375,21.3991019],[-158.0012485,21.3991069],[-158.0007698,21.3990819],[-158.0002145,21.399037],[-157.9999892,21.3990108],[-158.0000281,21.3988722],[-158.0013599,21.3990083],[-158.0015865,21.399002],[-158.0020331,21.3989721],[-158.0024797,21.3989346],[-158.0028619,21.3988547],[-158.0034721,21.3987148],[-158.0052075,21.3981954],[-158.0063032,21.3977559],[-158.0069442,21.3974699]]]}},{"type":"Feature","properties":{"g":"recreation_ground"},"geometry":{"type":"Polygon","coordinates":[[[-158.0029895,21.3925698],[-158.0028405,21.3923482],[-158.0026642,21.392451],[-158.0028132,21.3926725],[-158.0029895,21.3925698]]]}},{"type":"Feature","properties":{"g":"grass"},"geometry":{"type":"Polygon","coordinates":[[[-158.009942,21.3977987],[-158.0099335,21.3976984],[-158.0098866,21.3976035],[-158.0098759,21.3975829],[-158.0098906,21.3975645],[-158.0098296,21.3974986],[-158.0097505,21.3974337],[-158.0096646,21.3973863],[-158.0095835,21.3973488],[-158.009493,21.3973188],[-158.0093683,21.3973076],[-158.0092127,21.3973138],[-158.0090223,21.3973713],[-158.0088948,21.3974518],[-158.0085696,21.3975867],[-158.0083403,21.3976566],[-158.0082375,21.3977201],[-158.0087216,21.397619],[-158.0092339,21.3974292],[-158.0096738,21.3975091],[-158.009942,21.3977987]]]}},{"type":"Feature","properties":{"g":"grass"},"geometry":{"type":"Polygon","coordinates":[[[-158.0097471,21.396948],[-158.0095815,21.3965852],[-158.0089465,21.3970042],[-158.0083215,21.3973813],[-158.0078146,21.397656],[-158.0071239,21.3979956],[-158.0076134,21.3977846],[-158.0081016,21.3975911],[-158.0088566,21.3972926],[-158.0097471,21.396948]]]}},{"type":"Feature","properties":{"g":"grass"},"geometry":{"type":"Polygon","coordinates":[[[-158.0099188,21.3974862],[-158.0098732,21.3973082],[-158.0098202,21.3971621],[-158.009776,21.3970579],[-158.0093562,21.3972115],[-158.0093502,21.3972246],[-158.0093642,21.3972346],[-158.009444,21.3972489],[-158.00956,21.3972758],[-158.0097257,21.3973438],[-158.0098356,21.3974169],[-158.0099188,21.3974862]]]}},{"type":"Feature","properties":{"g":"grass"},"geometry":{"type":"Polygon","coordinates":[[[-158.0094936,21.3958467],[-158.0094601,21.3957761],[-158.0093106,21.3955445],[-158.0091778,21.3953472],[-158.0091733,21.3953462],[-158.0091699,21.3953503],[-158.0093488,21.3958279],[-158.0093716,21.3958729],[-158.0093971,21.3958997],[-158.0094175,21.3959138],[-158.0094957,21.395866],[-158.0094936,21.3958467]]]}},{"type":"Feature","properties":{"g":"grass"},"geometry":{"type":"Polygon","coordinates":[[[-158.0108348,21.3948877],[-158.0128786,21.3932781],[-158.0131877,21.3930071],[-158.0131006,21.3928979],[-158.0128607,21.3931049],[-158.0127689,21.3931841],[-158.0127901,21.3932094],[-158.0108348,21.3948877]]]}},{"type":"Feature","properties":{"g":"grass"},"geometry":{"type":"Polygon","coordinates":[[[-158.0095325,21.3956481],[-158.0095869,21.395675],[-158.0096539,21.3956878],[-158.0097337,21.3956903],[-158.0097974,21.3956653],[-158.0100904,21.3953971],[-158.0105602,21.3950412],[-158.0102205,21.3952311],[-158.0097069,21.3956319],[-158.0096492,21.3956581],[-158.0095996,21.3956594],[-158.0095325,21.3956481]]]}},{"type":"Feature","properties":{"g":"grass"},"geometry":{"type":"Polygon","coordinates":[[[-158.0097126,21.3957583],[-158.0096103,21.3958414],[-158.0095614,21.3957564],[-158.0095952,21.3957624],[-158.0096459,21.3957639],[-158.0097126,21.3957583]]]}},{"type":"Feature","properties":{"g":"grass"},"geometry":{"type":"Polygon","coordinates":[[[-158.010069,21.3968381],[-158.0101588,21.3967838],[-158.0102111,21.3967363],[-158.0102976,21.3966508],[-158.010584,21.3962787],[-158.0111888,21.3955345],[-158.0116609,21.3949926],[-158.0119083,21.3947203],[-158.0118949,21.3947079],[-158.0113618,21.3951961],[-158.011115,21.3954084],[-158.0106282,21.3958142],[-158.0100194,21.3962775],[-158.0098759,21.3963761],[-158.0099925,21.3966546],[-158.010069,21.3968381]]]}},{"type":"Feature","properties":{"g":"grass"},"geometry":{"type":"Polygon","coordinates":[[[-158.0096807,21.3959728],[-158.0096371,21.395881],[-158.0097632,21.3958073],[-158.0104941,21.3952386],[-158.010942,21.3949214],[-158.0113008,21.3946698],[-158.0107301,21.3951561],[-158.0101696,21.3955982],[-158.0098718,21.3958304],[-158.0096807,21.3959728]]]}},{"type":"Feature","properties":{"g":"recreation_ground"},"geometry":{"type":"Polygon","coordinates":[[[-158.0117171,21.3915355],[-158.0115437,21.3913258],[-158.011406,21.3914246],[-158.0114183,21.3914394],[-158.0112991,21.3915249],[-158.0114466,21.3917031],[-158.0115661,21.3916174],[-158.0115798,21.391634],[-158.0117171,21.3915355]]]}},{"type":"Feature","properties":{"g":"grass"},"geometry":{"type":"Polygon","coordinates":[[[-158.0165385,21.3910691],[-158.0162836,21.390981],[-158.0160905,21.3909143],[-158.0157687,21.3910379],[-158.0152228,21.3912614],[-158.0147883,21.3914887],[-158.0146126,21.3915786],[-158.0145,21.3916598],[-158.0139153,21.3921668],[-158.013234,21.3927799],[-158.0133252,21.3928929],[-158.0140132,21.3923022],[-158.0142599,21.3921255],[-158.0145456,21.3919382],[-158.0148245,21.3917797],[-158.0151491,21.3916154],[-158.0155273,21.3914388],[-158.01588,21.3913001],[-158.0165385,21.3910691]]]}},{"type":"Feature","properties":{"g":"grass"},"geometry":{"type":"Polygon","coordinates":[[[-158.0147173,21.3895232],[-158.0146287,21.3894383],[-158.0133118,21.3889101],[-158.01301,21.3886953],[-158.0140078,21.3899228],[-158.0142405,21.3897517],[-158.0142619,21.3897661],[-158.0142787,21.3897367],[-158.0143075,21.3897124],[-158.0143417,21.3896968],[-158.014378,21.3896937],[-158.0144168,21.3897012],[-158.0144396,21.3897124],[-158.0144665,21.3897392],[-158.0147173,21.3895232]]]}},{"type":"Feature","properties":{"g":"wood"},"geometry":{"type":"Polygon","coordinates":[[[-158.0138549,21.3887802],[-158.0136859,21.3886878],[-158.013344,21.388493],[-158.0131991,21.3883781],[-158.0130006,21.3881796],[-158.0128343,21.3879835],[-158.0127056,21.3877363],[-158.0125916,21.387489],[-158.0125004,21.3873442],[-158.0124025,21.3871768],[-158.0123663,21.3869545],[-158.0123717,21.3867235],[-158.0124159,21.3864638],[-158.0124615,21.3862927],[-158.012483,21.3861466],[-158.0124843,21.3860417],[-158.0124629,21.3859967],[-158.0124347,21.385978],[-158.012381,21.3859643],[-158.0122684,21.3859718],[-158.0120954,21.3860317],[-158.0109555,21.3864906],[-158.0109893,21.3865637],[-158.0115697,21.3863177],[-158.0119143,21.3861978],[-158.0122362,21.3861279],[-158.0122751,21.3863701],[-158.0122282,21.3868003],[-158.0122376,21.3871631],[-158.0124253,21.3875939],[-158.0125165,21.3876938],[-158.012654,21.3880187],[-158.0128303,21.3881583],[-158.0131133,21.3884505],[-158.0132742,21.3885779],[-158.0136403,21.3888114],[-158.0137423,21.3888514],[-158.013812,21.3888389],[-158.0138475,21.3888255],[-158.0138636,21.388798],[-158.0138549,21.3887802]]]}},{"type":"Feature","properties":{"g":"grass"},"geometry":{"type":"Polygon","coordinates":[[[-158.0109893,21.3865637],[-158.0109555,21.3864906],[-158.0108757,21.3865225],[-158.0108093,21.3865462],[-158.0107536,21.3865543],[-158.0106799,21.3865531],[-158.0106544,21.3865624],[-158.0106383,21.386583],[-158.0105457,21.3867323],[-158.0104706,21.3868403],[-158.0103788,21.3869514],[-158.0102809,21.3870457],[-158.0101662,21.387125],[-158.0100448,21.3871981],[-158.0098879,21.3872592],[-158.0097136,21.3873036],[-158.0095889,21.3873229],[-158.0094031,21.387336],[-158.0092107,21.3873404],[-158.0090068,21.3873492],[-158.0088794,21.3873666],[-158.0087547,21.3874035],[-158.0086655,21.3874447],[-158.0092429,21.3874116],[-158.0097458,21.3873929],[-158.0098973,21.3873454],[-158.0100361,21.3872817],[-158.0101273,21.3872286],[-158.010592,21.3868759],[-158.010647,21.386776],[-158.0107597,21.3866611],[-158.0109893,21.3865637]]]}},{"type":"Feature","properties":{"g":"forest"},"geometry":{"type":"Polygon","coordinates":[[[-158.0103627,21.3866923],[-158.0103955,21.3866367],[-158.0104224,21.3865749],[-158.0104297,21.3865293],[-158.0104237,21.3864888],[-158.0103976,21.3864538],[-158.0102929,21.3863764],[-158.0093763,21.3859037],[-158.0091523,21.3858101],[-158.0083658,21.3855122],[-158.0082954,21.3854985],[-158.0081874,21.3855004],[-158.0080801,21.3855366],[-158.0081572,21.3855341],[-158.0082263,21.3855447],[-158.0082639,21.3855603],[-158.0093072,21.3859943],[-158.0098008,21.3862652],[-158.0102286,21.3865737],[-158.0103627,21.3866923]]]}},{"type":"Feature","properties":{"g":"grass"},"geometry":{"type":"Polygon","coordinates":[[[-158.0099402,21.3870188],[-158.0099221,21.3864638],[-158.0098303,21.3863714],[-158.0093515,21.3861154],[-158.0091825,21.386043],[-158.008925,21.3860105],[-158.0087359,21.3858369],[-158.0083644,21.3858619],[-158.0083437,21.3858819],[-158.0082028,21.3858756],[-158.0082639,21.3855603],[-158.0093072,21.3859943],[-158.0098008,21.3862652],[-158.0102286,21.3865737],[-158.0103627,21.3866923],[-158.010301,21.3867822],[-158.0102353,21.3868546],[-158.0101146,21.3869545],[-158.0099865,21.3870282],[-158.0098853,21.3870719],[-158.0099402,21.3870188]]]}},{"type":"Feature","properties":{"g":"wood"},"geometry":{"type":"Polygon","coordinates":[[[-158.0183905,21.3904697],[-158.018017,21.3905815],[-158.0170025,21.390923],[-158.01691,21.3906633],[-158.0167638,21.3903574],[-158.016682,21.39018],[-158.0165492,21.3900589],[-158.0162944,21.3899141],[-158.015129,21.3894096],[-158.0142626,21.3890125],[-158.0140534,21.3888576],[-158.0138281,21.3886778],[-158.0134445,21.3884505],[-158.0132259,21.3882895],[-158.0130529,21.3881096],[-158.0129309,21.387951],[-158.0128263,21.387765],[-158.0126506,21.3873835],[-158.0127224,21.3873779],[-158.0130114,21.3873154],[-158.0130838,21.387484],[-158.0133265,21.3876988],[-158.0140588,21.3881583],[-158.0145898,21.3884605],[-158.0152336,21.3887827],[-158.0154213,21.3888601],[-158.0153838,21.3889313],[-158.0156922,21.3891274],[-158.0166404,21.3895769],[-158.0168295,21.3896518],[-158.017838,21.3903324],[-158.0180633,21.3903087],[-158.0182216,21.3903636],[-158.0183905,21.3904697]]]}},{"type":"Feature","properties":{"g":"scrub"},"geometry":{"type":"Polygon","coordinates":[[[-158.0191394,21.3902131],[-158.0191392,21.3902774],[-158.0187553,21.3903661],[-158.0188116,21.3902725],[-158.0188251,21.390185],[-158.0188049,21.3900252],[-158.0187795,21.3898991],[-158.0187795,21.3897917],[-158.019104,21.3890462],[-158.0193792,21.3882223],[-158.0193558,21.3883896],[-158.0191849,21.389435],[-158.0191702,21.3895331],[-158.0191509,21.3897025],[-158.0191394,21.3898725],[-158.0191355,21.3900428],[-158.0191394,21.3902131]]]}},{"type":"Feature","properties":{"g":"grass"},"geometry":{"type":"Polygon","coordinates":[[[-158.0162689,21.3856096],[-158.0158706,21.3857482],[-158.0159511,21.386028],[-158.0158988,21.386038],[-158.0159672,21.386274],[-158.0159618,21.3863914],[-158.0160141,21.3864151],[-158.0164044,21.3860005],[-158.0162689,21.3856096]]]}},{"type":"Feature","properties":{"g":"cemetery"},"geometry":{"type":"Polygon","coordinates":[[[-158.0157274,21.3841932],[-158.0163661,21.3839594],[-158.0164533,21.3841405],[-158.0166623,21.3846425],[-158.0161335,21.3848335],[-158.0160744,21.3846968],[-158.0157031,21.3848357],[-158.0157274,21.3841932]]]}},{"type":"Feature","properties":{"g":"scrub"},"geometry":{"type":"Polygon","coordinates":[[[-158.0231126,21.3886329],[-158.0230469,21.3884518],[-158.0219471,21.3890137],[-158.0208997,21.3893971],[-158.0194547,21.3898916],[-158.0192864,21.3898749],[-158.0192825,21.3900428],[-158.0192864,21.3902107],[-158.0208139,21.389698],[-158.0213906,21.3894708],[-158.0220437,21.3891823],[-158.022615,21.3889026],[-158.0231126,21.3886329]]]}},{"type":"Feature","properties":{"g":"wood"},"geometry":{"type":"Polygon","coordinates":[[[-158.0249311,21.3859555],[-158.0249204,21.3852338],[-158.0249137,21.384974],[-158.0245127,21.3850802],[-158.0249311,21.3859555]]]}},{"type":"Feature","properties":{"g":"grass"},"geometry":{"type":"Polygon","coordinates":[[[-158.0232091,21.3883606],[-158.0232547,21.3885373],[-158.0258873,21.3870507],[-158.0266531,21.3866124],[-158.0275295,21.3860904],[-158.0286232,21.3854448],[-158.029397,21.3849178],[-158.0298476,21.3846156],[-158.0303612,21.3842385],[-158.0309969,21.3838052],[-158.0310901,21.383719],[-158.0311485,21.3836384],[-158.0311974,21.383536],[-158.0312122,21.3834817],[-158.0311773,21.3834811],[-158.0311243,21.3835616],[-158.0302459,21.384221],[-158.0298194,21.3845294],[-158.0297524,21.3846094],[-158.0295237,21.3847655],[-158.029057,21.3850208],[-158.0283898,21.3853936],[-158.0274966,21.3859118],[-158.0259503,21.3867885],[-158.0256017,21.3868397],[-158.0253804,21.3869421],[-158.0254541,21.3870557],[-158.0252932,21.3871831],[-158.0247125,21.3875165],[-158.0236758,21.3880984],[-158.0232091,21.3883606]]]}},{"type":"Feature","properties":{"g":"recreation_ground"},"geometry":{"type":"Polygon","coordinates":[[[-158.0277467,21.382636],[-158.0277298,21.3826202],[-158.0278132,21.3825427],[-158.0276493,21.3823897],[-158.0275659,21.3824672],[-158.0275525,21.3824547],[-158.0272804,21.3827075],[-158.0274747,21.3828887],[-158.0277467,21.382636]]]}},{"type":"Feature","properties":{"g":"scrub"},"geometry":{"type":"Polygon","coordinates":[[[-158.0101494,21.3822414],[-158.0096748,21.3823312],[-158.0094247,21.3823826],[-158.0094507,21.3826076],[-158.0095138,21.3826837],[-158.0095714,21.3829035],[-158.0097042,21.3828823],[-158.0098967,21.3828611],[-158.0104599,21.3827568],[-158.0102903,21.3825526],[-158.0102286,21.3824502],[-158.0101494,21.3822414]]]}},{"type":"Feature","properties":{"g":"grass"},"geometry":{"type":"Polygon","coordinates":[[[-158.0139193,21.3819953],[-158.013701,21.3819335],[-158.0136675,21.3819342],[-158.0136246,21.3819398],[-158.0135917,21.3819579],[-158.0135723,21.3819772],[-158.0136015,21.3820771],[-158.0136082,21.3820871],[-158.0136199,21.3820899],[-158.0138087,21.3820422],[-158.0139102,21.3820128],[-158.01392,21.382006],[-158.0139223,21.3820019],[-158.0139193,21.3819953]]]}},{"type":"Feature","properties":{"g":"recreation_ground"},"geometry":{"type":"Polygon","coordinates":[[[-158.0145158,21.3816213],[-158.014005,21.3817557],[-158.0139263,21.3814965],[-158.0144371,21.3813621],[-158.0145158,21.3816213]]]}},{"type":"Feature","properties":{"g":"grass"},"geometry":{"type":"Polygon","coordinates":[[[-158.0226876,21.3773746],[-158.0227244,21.3773556],[-158.0228942,21.3776417],[-158.0228537,21.3776625],[-158.0228624,21.3776771],[-158.0228708,21.3776955],[-158.022875,21.3777141],[-158.0228769,21.3777386],[-158.0228733,21.37776],[-158.0228623,21.3777822],[-158.0228489,21.3778012],[-158.0228267,21.3778196],[-158.0228075,21.3778301],[-158.0227843,21.3778366],[-158.0227609,21.3778384],[-158.0227334,21.3778377],[-158.0227096,21.3778332],[-158.0226787,21.3778218],[-158.0226916,21.3778393],[-158.0226956,21.3778493],[-158.0226967,21.3778635],[-158.0226913,21.3778875],[-158.0226705,21.3779431],[-158.0226844,21.3779662],[-158.0228464,21.3778871],[-158.022961,21.3778487],[-158.0230408,21.3778096],[-158.023072,21.3777803],[-158.0231102,21.3777366],[-158.023127,21.3776991],[-158.0231303,21.3776735],[-158.0231266,21.3776485],[-158.0231156,21.3776217],[-158.0229168,21.3772842],[-158.0228972,21.3772669],[-158.0228846,21.3772614],[-158.0228697,21.3772611],[-158.0228557,21.3772648],[-158.0228103,21.3772884],[-158.0227,21.3773212],[-158.0226908,21.3773295],[-158.0226824,21.3773416],[-158.0226797,21.3773552],[-158.0226807,21.3773654],[-158.0226831,21.3773721],[-158.0226876,21.3773746]]]}},{"type":"Feature","properties":{"g":"grass"},"geometry":{"type":"Polygon","coordinates":[[[-157.9351337,21.3528389],[-157.9353445,21.3528002],[-157.9353506,21.3527984],[-157.9353547,21.3527955],[-157.935357,21.3527912],[-157.9353583,21.3527871],[-157.9353583,21.3527823],[-157.935357,21.3527781],[-157.9353545,21.352774],[-157.9353501,21.3527704],[-157.9353451,21.3527687],[-157.9353394,21.3527681],[-157.9353318,21.3527692],[-157.9351747,21.3528015],[-157.9351657,21.3528042],[-157.935157,21.3528083],[-157.9351514,21.3528131],[-157.9351451,21.3528192],[-157.9351378,21.3528263],[-157.9351341,21.3528311],[-157.935133,21.352836],[-157.9351337,21.3528389]]]}},{"type":"Feature","properties":{"g":"grass"},"geometry":{"type":"Polygon","coordinates":[[[-158.0255078,21.3764478],[-158.0256768,21.3763285],[-158.0258253,21.3761668],[-158.0258726,21.3761524],[-158.0259017,21.3761047],[-158.0259259,21.3760572],[-158.0259604,21.375982],[-158.0259892,21.3758883],[-158.026008,21.3758171],[-158.0260181,21.3757122],[-158.0260154,21.375616],[-158.0260047,21.3755161],[-158.0259906,21.3754112],[-158.0259477,21.3751995],[-158.0258239,21.3746772],[-158.0257948,21.3745102],[-158.025768,21.3743447],[-158.0257452,21.3740981],[-158.0257324,21.3738389],[-158.0257224,21.3735617],[-158.0257254,21.3732335],[-158.0257029,21.3732338],[-158.0257063,21.3723821],[-158.0257163,21.3717552],[-158.0257304,21.3715547],[-158.0257532,21.3712612],[-158.0258263,21.37052],[-158.0257861,21.3705156],[-158.0258223,21.3702696],[-158.025839,21.3701035],[-158.0258504,21.3699992],[-158.0258444,21.3699624],[-158.0258256,21.3699312],[-158.0257921,21.3699087],[-158.0257438,21.3698924],[-158.0253153,21.3698612],[-158.02508,21.3698544],[-158.024905,21.3698625],[-158.0246984,21.3698862],[-158.024453,21.3699212],[-158.0239112,21.3700342],[-158.0238348,21.3700607],[-158.023814,21.3700841],[-158.0244671,21.3699555],[-158.0247092,21.3699205],[-158.0249103,21.3698968],[-158.0250927,21.3698899],[-158.0252778,21.3698987],[-158.0254669,21.369948],[-158.0255748,21.3700092],[-158.0256546,21.3700966],[-158.0256761,21.3701825],[-158.0255802,21.3711307],[-158.025552,21.3714417],[-158.0254756,21.3723784],[-158.025485,21.3726506],[-158.0254944,21.3729216],[-158.0255235,21.3735757],[-158.0255326,21.3741099],[-158.0255829,21.3745314],[-158.0256265,21.3747699],[-158.0256607,21.3749323],[-158.0257398,21.3752882],[-158.0258162,21.3758477],[-158.0257659,21.3759763],[-158.025605,21.376326],[-158.0255078,21.3764478]]]}},{"type":"Feature","properties":{"g":"grass"},"geometry":{"type":"Polygon","coordinates":[[[-158.0242954,21.3730652],[-158.0236336,21.3712637],[-158.0236396,21.3706768],[-158.0235813,21.370495],[-158.0236168,21.3704288],[-158.0235504,21.370141],[-158.0236638,21.3700929],[-158.0236772,21.3701279],[-158.0237301,21.3703701],[-158.0237523,21.3705319],[-158.0237556,21.3711151],[-158.023769,21.3712725],[-158.0237902,21.3713727],[-158.023826,21.3714838],[-158.023881,21.3716471],[-158.0243829,21.37295],[-158.0243574,21.3729572],[-158.0243373,21.3729944],[-158.0243367,21.3730453],[-158.0242954,21.3730652]]]}},{"type":"Feature","properties":{"g":"grass"},"geometry":{"type":"Polygon","coordinates":[[[-158.0222157,21.3723635],[-158.0221091,21.3723674],[-158.0220816,21.3723487],[-158.0220575,21.3722881],[-158.0220176,21.3722016],[-158.0219653,21.3721273],[-158.0220068,21.3722478],[-158.0219974,21.3723434],[-158.0219552,21.3724417],[-158.0222157,21.3723635]]]}},{"type":"Feature","properties":{"g":"wood"},"geometry":{"type":"Polygon","coordinates":[[[-158.0219552,21.3724417],[-158.0219974,21.3723434],[-158.0220068,21.3722478],[-158.0219653,21.3721273],[-158.0218895,21.3720355],[-158.0218191,21.3719981],[-158.0217091,21.3719812],[-158.0216327,21.3719768],[-158.0215193,21.3719394],[-158.021512,21.3719946],[-158.0215478,21.372053],[-158.0215609,21.3720728],[-158.0216843,21.372058],[-158.0217225,21.3720855],[-158.021754,21.3721617],[-158.0217467,21.3722173],[-158.0216608,21.3722753],[-158.0216008,21.3722494],[-158.0214027,21.372409],[-158.021412,21.3725557],[-158.0214,21.3726912],[-158.021353,21.3729472],[-158.0213074,21.3731139],[-158.0214322,21.3731583],[-158.0214181,21.3730415],[-158.0214503,21.372931],[-158.0215006,21.372778],[-158.0215857,21.3725382],[-158.0216561,21.3725057],[-158.0218358,21.3724745],[-158.0219552,21.3724417]]]}},{"type":"Feature","properties":{"g":"grass"},"geometry":{"type":"Polygon","coordinates":[[[-158.0215193,21.3719394],[-158.0214643,21.3719288],[-158.0214094,21.3719313],[-158.0213691,21.3719444],[-158.0213504,21.3719737],[-158.0213423,21.3719999],[-158.0213772,21.3721261],[-158.0213986,21.372256],[-158.0214027,21.372409],[-158.0216008,21.3722494],[-158.0215112,21.3722521],[-158.021505,21.3722048],[-158.021534,21.3722015],[-158.021526,21.3721408],[-158.0216005,21.3721325],[-158.0215609,21.3720728],[-158.0215478,21.372053],[-158.021512,21.3719946],[-158.0215193,21.3719394]]]}},{"type":"Feature","properties":{"g":"grass"},"geometry":{"type":"Polygon","coordinates":[[[-158.0210027,21.3712],[-158.0210982,21.3713871],[-158.0212974,21.3718301],[-158.021347,21.3718563],[-158.0215944,21.3719032],[-158.0214167,21.3717327],[-158.0213054,21.3716384],[-158.0212176,21.3714473],[-158.0210027,21.3712]]]}},{"type":"Feature","properties":{"g":"scrub"},"geometry":{"type":"Polygon","coordinates":[[[-158.0216293,21.3705088],[-158.0215569,21.3703714],[-158.0214939,21.3703127],[-158.0214188,21.3702596],[-158.0213544,21.3702434],[-158.0213195,21.3702602],[-158.0212659,21.3702927],[-158.0212055,21.3706099],[-158.0212994,21.370683],[-158.0212444,21.3707929],[-158.0210654,21.3710589],[-158.0209541,21.3710798],[-158.0210027,21.3712],[-158.0212176,21.3714473],[-158.0213054,21.3716384],[-158.0214167,21.3717327],[-158.0215944,21.3719032],[-158.0216803,21.3719369],[-158.0217983,21.3719506],[-158.0218848,21.3719762],[-158.0220129,21.3720668],[-158.0218942,21.3718857],[-158.0216159,21.3717102],[-158.0213182,21.3712331],[-158.0212471,21.3710983],[-158.0212565,21.3710233],[-158.0213839,21.3708023],[-158.0213919,21.3706786],[-158.0214536,21.3706024],[-158.0216293,21.3705088]]]}},{"type":"Feature","properties":{"g":"grass"},"geometry":{"type":"Polygon","coordinates":[[[-158.0222373,21.3668112],[-158.0223468,21.3668869],[-158.0224755,21.3669943],[-158.0225966,21.3671348],[-158.0226707,21.3672279],[-158.0228591,21.3675114],[-158.0230415,21.3677612],[-158.0232058,21.367991],[-158.0233064,21.3681496],[-158.0233674,21.3682607],[-158.0234458,21.3684462],[-158.0234914,21.3685992],[-158.0235183,21.3687972],[-158.023539,21.3690351],[-158.0235451,21.3693723],[-158.0235685,21.3695434],[-158.0235793,21.3696289],[-158.0236302,21.369835],[-158.0235256,21.3699024],[-158.0234237,21.3694947],[-158.023413,21.3693648],[-158.0234049,21.3692699],[-158.023409,21.3690138],[-158.0234016,21.3688552],[-158.0233848,21.3687141],[-158.023358,21.368593],[-158.0232976,21.368425],[-158.02313,21.3680934],[-158.022951,21.3678361],[-158.0225788,21.3672791],[-158.0223595,21.367048],[-158.0221664,21.3669061],[-158.0222373,21.3668112]]]}},{"type":"Feature","properties":{"g":"grass"},"geometry":{"type":"Polygon","coordinates":[[[-158.019971,21.3686463],[-158.0198761,21.3684955],[-158.019791,21.3683663],[-158.01967,21.3681796],[-158.0198081,21.3683157],[-158.0198953,21.3684362],[-158.0199851,21.3685636],[-158.019971,21.3686463]]]}},{"type":"Feature","properties":{"g":"grass"},"geometry":{"type":"Polygon","coordinates":[[[-158.0201075,21.368858],[-158.0200206,21.368716],[-158.0200864,21.3687403],[-158.0201239,21.3687909],[-158.0201075,21.368858]]]}},{"type":"Feature","properties":{"g":"grass"},"geometry":{"type":"Polygon","coordinates":[[[-158.0206218,21.3700392],[-158.0207616,21.3704313],[-158.020936,21.3703552],[-158.0209119,21.3702981],[-158.0207569,21.3703552],[-158.0206218,21.3700392]]]}},{"type":"Feature","properties":{"g":"grass"},"geometry":{"type":"Polygon","coordinates":[[[-158.0206218,21.3700392],[-158.0205356,21.3697932],[-158.020491,21.3696661],[-158.0204501,21.369549],[-158.0203556,21.3693382],[-158.0203237,21.3692486],[-158.0204914,21.3694734],[-158.0205671,21.3697201],[-158.0206218,21.3700392]]]}},{"type":"Feature","properties":{"g":"scrub"},"geometry":{"type":"Polygon","coordinates":[[[-158.0210104,21.3699977],[-158.0211304,21.3701766],[-158.0212446,21.3702744],[-158.0213175,21.3702084],[-158.0213691,21.3701947],[-158.0214268,21.3702109],[-158.0215488,21.3703033],[-158.0216528,21.3704432],[-158.0217668,21.3706318],[-158.0216575,21.3703951],[-158.0215844,21.370279],[-158.0213953,21.3700929],[-158.0212417,21.370008],[-158.0211385,21.3699193],[-158.0206878,21.3693535],[-158.0205081,21.3691006],[-158.0202654,21.368809],[-158.0200334,21.3684849],[-158.0196083,21.3678973],[-158.0194192,21.3675845],[-158.019365,21.3675758],[-158.0193217,21.3675855],[-158.0194205,21.3677699],[-158.0194839,21.3679039],[-158.01967,21.3681796],[-158.0198081,21.3683157],[-158.0198953,21.3684362],[-158.0199851,21.3685636],[-158.019971,21.3686463],[-158.0200206,21.368716],[-158.0200864,21.3687403],[-158.0201239,21.3687909],[-158.0201075,21.368858],[-158.0202279,21.3690588],[-158.0203237,21.3692486],[-158.0204914,21.3694734],[-158.0205671,21.3697201],[-158.0206218,21.3700392],[-158.0207569,21.3703552],[-158.0209119,21.3702981],[-158.0207804,21.3699855],[-158.0209494,21.3699068],[-158.0210104,21.3699977]]]}},{"type":"Feature","properties":{"g":"grass"},"geometry":{"type":"Polygon","coordinates":[[[-158.0222864,21.3667455],[-158.0224326,21.3668657],[-158.0225781,21.3670087],[-158.0226841,21.3671355],[-158.0227934,21.3672966],[-158.0232815,21.3679947],[-158.0233875,21.3681646],[-158.0234807,21.3683613],[-158.0235424,21.3685561],[-158.023584,21.3687578],[-158.0236007,21.36907],[-158.0236128,21.369401],[-158.0236477,21.3696158],[-158.0236986,21.3698194],[-158.023761,21.3698063],[-158.0237322,21.3697245],[-158.0236799,21.3694816],[-158.0236597,21.3693098],[-158.0236597,21.3692149],[-158.0236597,21.3689139],[-158.0236477,21.3687559],[-158.0235974,21.3684924],[-158.0235008,21.3682601],[-158.0233607,21.3679947],[-158.0228195,21.3672216],[-158.022548,21.3668963],[-158.0223187,21.3666671],[-158.0222864,21.3667455]]]}},{"type":"Feature","properties":{"g":"recreation_ground"},"geometry":{"type":"Polygon","coordinates":[[[-157.9778274,21.400144],[-157.9780326,21.4001431],[-157.978031,21.3998209],[-157.9778258,21.3998217],[-157.9778274,21.400144]]]}},{"type":"Feature","properties":{"g":"recreation_ground"},"geometry":{"type":"Polygon","coordinates":[[[-157.9793635,21.398382],[-157.9790253,21.3982833],[-157.9790934,21.3980811],[-157.9791215,21.3979975],[-157.9794597,21.3980962],[-157.9793635,21.398382]]]}},{"type":"Feature","properties":{"g":"scrub"},"geometry":{"type":"Polygon","coordinates":[[[-157.9772269,21.3983721],[-157.9773396,21.3986506],[-157.9772316,21.3986069],[-157.9772423,21.3985881],[-157.9771505,21.3985282],[-157.9766389,21.3980756],[-157.9764531,21.3978639],[-157.9763576,21.3977406],[-157.9763264,21.3976972],[-157.9762613,21.3976354],[-157.9762479,21.3976142],[-157.9762479,21.3975855],[-157.9762747,21.397553],[-157.9763606,21.3974775],[-157.9764062,21.3974519],[-157.9764746,21.3974219],[-157.9765329,21.3974057],[-157.9766033,21.3973907],[-157.9766657,21.3973907],[-157.9767508,21.3973988],[-157.9767347,21.3974494],[-157.9767113,21.3974456],[-157.9763103,21.3975474],[-157.9763297,21.3976448],[-157.9763462,21.3976929],[-157.9770633,21.3983621],[-157.9772269,21.3983721]]]}},{"type":"Feature","properties":{"g":"scrub"},"geometry":{"type":"Polygon","coordinates":[[[-157.9769627,21.3975006],[-157.9770055,21.3974898],[-157.9769989,21.3974681],[-157.9768209,21.397416],[-157.9767984,21.397469],[-157.9768501,21.3974837],[-157.9769782,21.397981],[-157.9770989,21.3979532],[-157.9769627,21.3975006]]]}},{"type":"Feature","properties":{"g":"scrub"},"geometry":{"type":"Polygon","coordinates":[[[-157.9787722,21.396749],[-157.9794112,21.3969544],[-157.97896,21.3966733],[-157.9788363,21.3966204],[-157.9787722,21.396749]]]}},{"type":"Feature","properties":{"g":"grass"},"geometry":{"type":"Polygon","coordinates":[[[-157.9794112,21.3969544],[-157.9804664,21.3972513],[-157.9808112,21.3973336],[-157.9808253,21.3972974],[-157.9793958,21.396872],[-157.9792805,21.3968239],[-157.9790746,21.3967297],[-157.97896,21.3966733],[-157.9794112,21.3969544]]]}},{"type":"Feature","properties":{"g":"grass"},"geometry":{"type":"Polygon","coordinates":[[[-157.9788363,21.3966204],[-157.9786247,21.3965049],[-157.9783685,21.3964949],[-157.9781191,21.3964749],[-157.9782425,21.3965467],[-157.9785509,21.3966779],[-157.9787722,21.396749],[-157.9788363,21.3966204]]]}},{"type":"Feature","properties":{"g":"grass"},"geometry":{"type":"Polygon","coordinates":[[[-157.974306,21.3955751],[-157.9743097,21.3955489],[-157.974309,21.3955227],[-157.9743016,21.3954971],[-157.9742869,21.3954696],[-157.9742695,21.395444],[-157.974248,21.3954259],[-157.9742192,21.3954122],[-157.9740998,21.3953628],[-157.9730125,21.394991],[-157.973049,21.395061],[-157.973091,21.3950703],[-157.9736556,21.3952623],[-157.9736536,21.3952773],[-157.9737957,21.3953997],[-157.9741984,21.3954652],[-157.974306,21.3955751]]]}},{"type":"Feature","properties":{"g":"recreation_ground"},"geometry":{"type":"Polygon","coordinates":[[[-157.9717934,21.3953447],[-157.9716444,21.395405],[-157.9717398,21.3956093],[-157.9718888,21.3955491],[-157.9717934,21.3953447]]]}},{"type":"Feature","properties":{"g":"recreation_ground"},"geometry":{"type":"Polygon","coordinates":[[[-157.9700882,21.3951687],[-157.9701278,21.3950762],[-157.970102,21.3950666],[-157.9702048,21.3948264],[-157.9700517,21.3947696],[-157.9699093,21.3951023],[-157.9700882,21.3951687]]]}},{"type":"Feature","properties":{"g":"grass"},"geometry":{"type":"Polygon","coordinates":[[[-157.9733305,21.3961372],[-157.9733368,21.3960997],[-157.9733965,21.3961085],[-157.9733284,21.3965098],[-157.973319,21.3965959],[-157.9733069,21.3968044],[-157.9733022,21.3968469],[-157.9732116,21.3968375],[-157.9733305,21.3961372]]]}},{"type":"Feature","properties":{"g":"scrub"},"geometry":{"type":"Polygon","coordinates":[[[-157.9001341,21.3599413],[-157.9001145,21.3598285],[-157.9006927,21.3594442],[-157.9009762,21.3593645],[-157.9011525,21.3593382],[-157.9013497,21.3593172],[-157.9015599,21.3594969],[-157.9017729,21.3596989],[-157.9019442,21.359812],[-157.9021107,21.3599068],[-157.902289,21.3599516],[-157.9025794,21.3599839],[-157.9027413,21.3599707],[-157.9029056,21.3599301],[-157.9030469,21.3598625],[-157.9032074,21.3597346],[-157.9033062,21.3595998],[-157.903352,21.3594731],[-157.9033854,21.3593786],[-157.9035082,21.3589121],[-157.9035096,21.3588226],[-157.9034814,21.3587653],[-157.9033559,21.3585887],[-157.9033121,21.3585499],[-157.9032131,21.3585122],[-157.903247,21.3583529],[-157.9033328,21.3582893],[-157.903479,21.3580403],[-157.9035611,21.3579004],[-157.9036231,21.3577222],[-157.9037106,21.3576301],[-157.9038338,21.3575322],[-157.9043532,21.3572249],[-157.9047838,21.3569176],[-157.9052465,21.3567385],[-157.9052751,21.3567274],[-157.9052542,21.3565814],[-157.9050567,21.3565942],[-157.9049425,21.3565668],[-157.9046846,21.3565513],[-157.9046895,21.3562342],[-157.9046953,21.355862],[-157.904793,21.3557509],[-157.9050025,21.3557325],[-157.9050662,21.355892],[-157.9052389,21.3560384],[-157.9054739,21.3561583],[-157.9058123,21.3562216],[-157.906043,21.3561913],[-157.906574,21.356071],[-157.9072456,21.3560794],[-157.9080515,21.355971],[-157.9085083,21.3558042],[-157.9088306,21.3555623],[-157.9090814,21.3552454],[-157.9092142,21.355012],[-157.9092858,21.3549712],[-157.9093614,21.3549601],[-157.9094449,21.3549712],[-157.9094933,21.3549368],[-157.9095006,21.3548638],[-157.9094568,21.3547378],[-157.9093972,21.3545748],[-157.9093534,21.3544156],[-157.9093321,21.3542362],[-157.9093335,21.3541192],[-157.9092963,21.3540444],[-157.9093452,21.3539232],[-157.9092959,21.3536074],[-157.9091397,21.3532645],[-157.9092352,21.3532385],[-157.9093147,21.3531867],[-157.9093823,21.3531163],[-157.909446,21.3530459],[-157.9095017,21.3529755],[-157.9095653,21.3529051],[-157.909621,21.3528348],[-157.9096727,21.352757],[-157.9097204,21.3526755],[-157.9097721,21.3525977],[-157.9098159,21.3525125],[-157.9098716,21.3524273],[-157.9099471,21.352368],[-157.9100346,21.3523273],[-157.9101261,21.3522939],[-157.9102136,21.3522458],[-157.9102564,21.3522094],[-157.9102778,21.3521662],[-157.9103296,21.3519973],[-157.9103528,21.3518976],[-157.9103723,21.3518151],[-157.9103846,21.3517235],[-157.9103926,21.3516271],[-157.9103832,21.351538],[-157.910358,21.3514389],[-157.9103224,21.3513566],[-157.9102892,21.35129],[-157.9102791,21.3512621],[-157.9102878,21.3512408],[-157.9103104,21.3512324],[-157.910418,21.3512221],[-157.9104184,21.3511908],[-157.9103852,21.3511847],[-157.91035,21.351171],[-157.9103284,21.3511447],[-157.9103093,21.3511052],[-157.9102845,21.3510224],[-157.9102574,21.350927],[-157.9102255,21.3508381],[-157.9102017,21.3507492],[-157.9101858,21.3506603],[-157.9101659,21.3505751],[-157.9101539,21.3504862],[-157.910142,21.3503973],[-157.9101301,21.3503121],[-157.9101261,21.3501306],[-157.910138,21.350038],[-157.910138,21.3499416],[-157.9101539,21.3498453],[-157.9101699,21.3497527],[-157.9101977,21.3496638],[-157.9102295,21.3495786],[-157.9102574,21.3494934],[-157.9102852,21.3494045],[-157.9103091,21.3493119],[-157.910329,21.349223],[-157.9103369,21.3491748],[-157.9103807,21.3490896],[-157.9103926,21.3490007],[-157.9103846,21.3489081],[-157.9103846,21.3488155],[-157.9104045,21.3487303],[-157.9104125,21.3486377],[-157.9103767,21.3485525],[-157.910393,21.3485408],[-157.910757,21.3490242],[-157.9104529,21.3492033],[-157.910263,21.3498533],[-157.910197,21.350389],[-157.9105077,21.3511626],[-157.9103838,21.3524891],[-157.9099345,21.3524486],[-157.9097963,21.3527894],[-157.9094711,21.3531832],[-157.9094467,21.353327],[-157.9095686,21.3540995],[-157.9094304,21.3542661],[-157.9095768,21.3546144],[-157.9097791,21.3545405],[-157.9098857,21.354834],[-157.909916,21.3548803],[-157.9101832,21.3548276],[-157.9103329,21.3546674],[-157.9104956,21.3544705],[-157.9108799,21.3540768],[-157.9110136,21.3539111],[-157.9111672,21.3537115],[-157.9113854,21.3534452],[-157.9119469,21.3528324],[-157.9121342,21.3526461],[-157.9118263,21.3526034],[-157.9128041,21.3513632],[-157.912907,21.3513112],[-157.9130186,21.3511893],[-157.9132697,21.3508675],[-157.9140851,21.3507256],[-157.914276,21.3507416],[-157.9144348,21.3507836],[-157.9145872,21.3508455],[-157.9148382,21.3510534],[-157.9157609,21.3524223],[-157.915718,21.3525103],[-157.9155957,21.3526022],[-157.9154833,21.3526375],[-157.9153369,21.3526224],[-157.9154687,21.3528026],[-157.9156036,21.3526981],[-157.9157012,21.3526163],[-157.9158085,21.3524543],[-157.9159549,21.3525982],[-157.9160622,21.3526951],[-157.9159728,21.352736],[-157.9160703,21.3528587],[-157.9163111,21.3527556],[-157.9162411,21.3526254],[-157.9165257,21.3527148],[-157.9165241,21.3528851],[-157.9170097,21.3531181],[-157.9185867,21.3534694],[-157.9190898,21.3534866],[-157.9195376,21.3531672],[-157.9202633,21.3532156],[-157.9204026,21.3532859],[-157.920498,21.3533567],[-157.9204591,21.3536365],[-157.9203115,21.3536128],[-157.9200862,21.3535203],[-157.9200499,21.3536431],[-157.920168,21.3536852],[-157.9203317,21.35394],[-157.9203491,21.3540399],[-157.9202619,21.3541411],[-157.9206534,21.3546373],[-157.9205154,21.3548505],[-157.9204202,21.3549917],[-157.9203343,21.3551728],[-157.920325,21.3553714],[-157.9203691,21.3555716],[-157.9204403,21.3558007],[-157.9204362,21.3558694],[-157.9204317,21.3559307],[-157.9203933,21.3559216],[-157.9186881,21.3557698],[-157.9169731,21.3549049],[-157.9153013,21.3553538],[-157.9144537,21.3550766],[-157.9137445,21.3550825],[-157.9136208,21.3550192],[-157.9133626,21.3549242],[-157.9133775,21.3549021],[-157.9134032,21.3548639],[-157.9132818,21.3547427],[-157.913136,21.354597],[-157.9130035,21.3546145],[-157.9126177,21.3546654],[-157.9125315,21.3546913],[-157.9118615,21.3548971],[-157.909124,21.3567678],[-157.9087606,21.3569127],[-157.9074705,21.3569451],[-157.9068074,21.3570769],[-157.9062197,21.3572333],[-157.9056444,21.3575544],[-157.9049655,21.3577221],[-157.9046364,21.3586413],[-157.9046079,21.3587156],[-157.9045757,21.3587531],[-157.9043283,21.3591095],[-157.9038518,21.3595096],[-157.9038115,21.3595742],[-157.9037187,21.3597666],[-157.903143,21.3601741],[-157.9021114,21.3603574],[-157.9014543,21.3600608],[-157.9010236,21.3598584],[-157.9008102,21.3597817],[-157.900744,21.3598276],[-157.9006302,21.3599065],[-157.9005256,21.3600021],[-157.9004443,21.3601537],[-157.9005215,21.3604517],[-157.9005812,21.3607639],[-157.900657,21.3610918],[-157.9006758,21.3611449],[-157.90071,21.3612792],[-157.9007214,21.3613966],[-157.9008018,21.3615789],[-157.9009118,21.3617831],[-157.9010171,21.3619324],[-157.901687,21.3626324],[-157.9018767,21.3628341],[-157.901976,21.3629284],[-157.9019911,21.3629685],[-157.902001,21.3630075],[-157.9020082,21.3630725],[-157.902006,21.3631224],[-157.9020021,21.3631515],[-157.9019552,21.3631876],[-157.9018881,21.3631994],[-157.9018244,21.3632007],[-157.9017748,21.3631801],[-157.9008119,21.3620573],[-157.9005437,21.3616364],[-157.9004472,21.3614893],[-157.9003981,21.3613722],[-157.9003303,21.3611071],[-157.9002849,21.3609295],[-157.9002535,21.360724],[-157.9001884,21.3602973],[-157.9001341,21.3599413]]]}},{"type":"Feature","properties":{"g":"grass"},"geometry":{"type":"Polygon","coordinates":[[[-157.951048,21.3401649],[-157.9513119,21.3399202],[-157.9513229,21.3398858],[-157.9513135,21.3398543],[-157.9512085,21.3397652],[-157.9511774,21.3397611],[-157.9511436,21.3397667],[-157.9508981,21.3399992],[-157.9508836,21.3400325],[-157.9508819,21.3400598],[-157.9508993,21.3401008],[-157.95093,21.3401293],[-157.9509512,21.3401466],[-157.9509801,21.340164],[-157.9510099,21.340168],[-157.951048,21.3401649]]]}},{"type":"Feature","properties":{"g":"grassland"},"geometry":{"type":"Polygon","coordinates":[[[-157.9366857,21.3655846],[-157.9366395,21.365564],[-157.9366789,21.3654795],[-157.9367008,21.3654865],[-157.9366857,21.3655846]]]}},{"type":"Feature","properties":{"g":"grassland"},"geometry":{"type":"Polygon","coordinates":[[[-157.9367043,21.365601],[-157.9368422,21.3653075],[-157.9367358,21.3652006],[-157.936498,21.3650658],[-157.9365102,21.3651759],[-157.9367061,21.3652642],[-157.9366668,21.3653482],[-157.9367323,21.3653706],[-157.9367409,21.3653512],[-157.936723,21.3653446],[-157.9367188,21.3653358],[-157.9367414,21.3652872],[-157.9367542,21.3652823],[-157.9368046,21.3653062],[-157.9368091,21.3653185],[-157.9367858,21.3653645],[-157.9367789,21.3653691],[-157.9367582,21.3653601],[-157.9367427,21.3653924],[-157.9367734,21.3654058],[-157.9367323,21.3654825],[-157.9367184,21.3654763],[-157.9367043,21.365601]]]}},{"type":"Feature","properties":{"g":"grassland"},"geometry":{"type":"Polygon","coordinates":[[[-157.9366265,21.365397],[-157.9366489,21.3653526],[-157.9366119,21.3653341],[-157.9365836,21.3653243],[-157.9365743,21.3653469],[-157.9365323,21.3653284],[-157.9365451,21.3653057],[-157.9365186,21.365295],[-157.936523,21.3652855],[-157.9364815,21.3652673],[-157.9364836,21.3653737],[-157.9365287,21.365396],[-157.9365349,21.3653836],[-157.9365566,21.3653935],[-157.9365699,21.3653717],[-157.9366265,21.365397]]]}},{"type":"Feature","properties":{"g":"farmland"},"geometry":{"type":"Polygon","coordinates":[[[-158.034169,21.381966],[-158.0320662,21.3827412],[-158.0299977,21.3804794],[-158.0305126,21.3800957],[-158.0314825,21.3803035],[-158.0321177,21.3806472],[-158.0326327,21.3810948],[-158.0336283,21.3813985],[-158.034212,21.3815583],[-158.034169,21.381966]]]}},{"type":"Feature","properties":{"g":"farmland"},"geometry":{"type":"Polygon","coordinates":[[[-158.0337403,21.3766301],[-158.0330537,21.3765901],[-158.0326503,21.3765182],[-158.0320581,21.3765341],[-158.0315774,21.3760706],[-158.0298522,21.3761825],[-158.0297578,21.3753033],[-158.0300804,21.3749416],[-158.0324122,21.3746723],[-158.0332942,21.3754301],[-158.0337026,21.3761118],[-158.0337403,21.3766301]]]}},{"type":"Feature","properties":{"g":"farmland"},"geometry":{"type":"Polygon","coordinates":[[[-158.0298723,21.3766566],[-158.0296209,21.3753437],[-158.0293793,21.375307],[-158.0278511,21.3760185],[-158.0276046,21.3763903],[-158.0276737,21.3768815],[-158.0278487,21.3771684],[-158.0280631,21.3773727],[-158.0298723,21.3766566]]]}},{"type":"Feature","properties":{"g":"farmland"},"geometry":{"type":"Polygon","coordinates":[[[-158.0311406,21.3798487],[-158.0301622,21.3794971],[-158.0295785,21.3787458],[-158.0303167,21.3778746],[-158.0315355,21.37849],[-158.0317329,21.3791374],[-158.0311406,21.3798487]]]}},{"type":"Feature","properties":{"g":"grass"},"geometry":{"type":"Polygon","coordinates":[[[-157.9615968,21.3940236],[-157.9615039,21.3939277],[-157.9613554,21.3938113],[-157.9612246,21.3937254],[-157.9610908,21.3936443],[-157.9609654,21.3935731],[-157.9608675,21.3935197],[-157.9602171,21.3930913],[-157.9602065,21.3930877],[-157.960199,21.3930892],[-157.9601938,21.3930945],[-157.9601936,21.3931],[-157.9601987,21.3931066],[-157.9610251,21.3936483],[-157.9611368,21.3937183],[-157.9613373,21.3938425],[-157.9614412,21.3939087],[-157.9615029,21.393953],[-157.9615968,21.3940236]]]}},{"type":"Feature","properties":{"g":"grass"},"geometry":{"type":"Polygon","coordinates":[[[-157.9600344,21.392974],[-157.9599395,21.3928779],[-157.9596964,21.3927215],[-157.9596562,21.3927177],[-157.9596498,21.3927259],[-157.9597065,21.3927792],[-157.9598916,21.3929051],[-157.960017,21.3929878],[-157.9600237,21.39299],[-157.96003,21.3929886],[-157.9600356,21.3929847],[-157.9600369,21.3929795],[-157.9600344,21.392974]]]}},{"type":"Feature","properties":{"g":"grass"},"geometry":{"type":"Polygon","coordinates":[[[-157.9604297,21.393378],[-157.9601377,21.3931891],[-157.9599968,21.3933811],[-157.9600159,21.3934052],[-157.9600753,21.3933874],[-157.9601454,21.393373],[-157.9602372,21.3933636],[-157.9603093,21.3933627],[-157.9603697,21.3933693],[-157.9604297,21.393378]]]}},{"type":"Feature","properties":{"g":"grass"},"geometry":{"type":"Polygon","coordinates":[[[-157.9630595,21.3913537],[-157.9630566,21.3913295],[-157.9630495,21.3913086],[-157.9630427,21.3912901],[-157.9630307,21.3912946],[-157.9630182,21.3912761],[-157.9630054,21.3912608],[-157.9629934,21.39125],[-157.9629396,21.3912262],[-157.962907,21.3912265],[-157.9627243,21.3911459],[-157.9611649,21.3918327],[-157.9596636,21.3924455],[-157.9600451,21.3927543],[-157.9601628,21.3928398],[-157.9601501,21.3928539],[-157.9611636,21.3935054],[-157.9611587,21.3935118],[-157.9613493,21.3936415],[-157.9614747,21.393737],[-157.9615847,21.3938388],[-157.9617275,21.3939867],[-157.9618536,21.394126],[-157.9619911,21.3943064],[-157.9620333,21.3943663],[-157.9621079,21.3944963],[-157.9622577,21.3943549],[-157.9620407,21.3940648],[-157.9619589,21.3939683],[-157.9618711,21.393875],[-157.9617852,21.3937926],[-157.9616679,21.3936895],[-157.9615226,21.393581],[-157.9601671,21.3926915],[-157.9601159,21.3926563],[-157.96009,21.3926288],[-157.9600736,21.3925901],[-157.9600679,21.3925485],[-157.9600752,21.3925074],[-157.9600984,21.3924687],[-157.960136,21.3924365],[-157.9624336,21.3914931],[-157.9629208,21.3912946],[-157.9630595,21.3913537]]]}},{"type":"Feature","properties":{"g":"grass"},"geometry":{"type":"Polygon","coordinates":[[[-157.9521001,21.3915399],[-157.9520719,21.3915418],[-157.9520694,21.3915226],[-157.9521645,21.3912543],[-157.9516495,21.391096],[-157.9513533,21.3919316],[-157.9510805,21.3918478],[-157.9512944,21.3913488],[-157.9513115,21.3912824],[-157.9513226,21.3912165],[-157.9513192,21.3911428],[-157.9512998,21.3910716],[-157.951275,21.3910073],[-157.9512652,21.3909699],[-157.9512579,21.3909002],[-157.9512575,21.3908655],[-157.9515965,21.3908681],[-157.9519254,21.391021],[-157.9522895,21.391017],[-157.9521001,21.3915399]]]}},{"type":"Feature","properties":{"g":"grass"},"geometry":{"type":"Polygon","coordinates":[[[-157.9530828,21.3913919],[-157.9530452,21.3913208],[-157.9529337,21.3912857],[-157.9529284,21.3913003],[-157.9525905,21.3911941],[-157.9525871,21.3912036],[-157.9524561,21.3911625],[-157.9524433,21.3911979],[-157.9523405,21.3911656],[-157.9522222,21.3914921],[-157.9521649,21.3914741],[-157.9521319,21.3915482],[-157.9521001,21.3915399],[-157.9522895,21.391017],[-157.9528441,21.391011],[-157.9530083,21.3910329],[-157.9530492,21.3910485],[-157.9530787,21.391081],[-157.9530875,21.391121],[-157.9530828,21.3913919]]]}},{"type":"Feature","properties":{"g":"grass"},"geometry":{"type":"Polygon","coordinates":[[[-157.9531331,21.3918437],[-157.9531528,21.3918452],[-157.953172,21.3918399],[-157.9531864,21.3918277],[-157.9531958,21.3918118],[-157.9532028,21.391789],[-157.9532075,21.39175],[-157.9532078,21.3916695],[-157.9531934,21.3912958],[-157.9531803,21.3909923],[-157.9531756,21.3909689],[-157.9531679,21.3909536],[-157.9531515,21.3909377],[-157.9531311,21.3909271],[-157.9531056,21.3909218],[-157.9527626,21.3908984],[-157.9525413,21.3908858],[-157.9525411,21.3908937],[-157.952497,21.3908928],[-157.9524972,21.3908849],[-157.9524075,21.3908806],[-157.9515965,21.3908681],[-157.9519254,21.391021],[-157.9522895,21.391017],[-157.9528441,21.391011],[-157.9530083,21.3910329],[-157.9530492,21.3910485],[-157.9530787,21.391081],[-157.9530875,21.391121],[-157.9530828,21.3913919],[-157.9531245,21.3915487],[-157.9531797,21.3918152],[-157.9531331,21.3918437]]]}},{"type":"Feature","properties":{"g":"grass"},"geometry":{"type":"Polygon","coordinates":[[[-157.9532786,21.3926187],[-157.9532108,21.3927905],[-157.9534703,21.3928617],[-157.9538318,21.3929435],[-157.9541255,21.3929934],[-157.9543461,21.393039],[-157.954511,21.3930583],[-157.9547833,21.3930802],[-157.95502,21.393092],[-157.9552607,21.3930952],[-157.9554639,21.3930945],[-157.9556644,21.3930871],[-157.9559313,21.3930677],[-157.956174,21.3930396],[-157.956343,21.3930134],[-157.9565603,21.3929784],[-157.9567943,21.3929291],[-157.9570685,21.3928623],[-157.9573723,21.3927774],[-157.9576405,21.3926881],[-157.9579429,21.3925745],[-157.9582796,21.3924346],[-157.958478,21.3923428],[-157.9586235,21.3922685],[-157.958472,21.3921618],[-157.9583205,21.392075],[-157.9581743,21.3920063],[-157.9579979,21.391937],[-157.9578216,21.3918714],[-157.9576083,21.3918071],[-157.9574373,21.3917647],[-157.9572006,21.3917135],[-157.9565603,21.391578],[-157.9565106,21.3915518],[-157.9559903,21.3914394],[-157.9554056,21.3913214],[-157.9553717,21.3913217],[-157.9553449,21.3913367],[-157.9553284,21.3913588],[-157.955311,21.3914138],[-157.9557643,21.3915312],[-157.9558756,21.3915306],[-157.9564121,21.391651],[-157.9565241,21.3917184],[-157.9568365,21.3918058],[-157.957088,21.3918696],[-157.9573247,21.391927],[-157.9575768,21.3919907],[-157.9577793,21.392055],[-157.9579959,21.392133],[-157.958128,21.3921861],[-157.958184,21.3922186],[-157.9582095,21.3922498],[-157.9582178,21.3922754],[-157.9582172,21.3922923],[-157.9582098,21.3923141],[-157.958187,21.3923347],[-157.9581461,21.3923521],[-157.9579714,21.392424],[-157.9575534,21.3925732],[-157.9573448,21.3926369],[-157.9571362,21.3926931],[-157.9568419,21.3927624],[-157.9563417,21.3928586],[-157.9560707,21.3929059],[-157.955822,21.3929385],[-157.9551889,21.3929709],[-157.9549161,21.3929553],[-157.9543575,21.3928966],[-157.9540296,21.392851],[-157.9532786,21.3926187]]]}},{"type":"Feature","properties":{"g":"grass"},"geometry":{"type":"Polygon","coordinates":[[[-157.9543508,21.3912034],[-157.9550713,21.3914893],[-157.9550404,21.3916275],[-157.9550837,21.3916362],[-157.9551253,21.3914569],[-157.9552175,21.3914756],[-157.9552406,21.3913601],[-157.9551233,21.3913083],[-157.9550576,21.3912858],[-157.9550026,21.3912776],[-157.9543508,21.3912034]]]}},{"type":"Feature","properties":{"g":"grass"},"geometry":{"type":"Polygon","coordinates":[[[-157.9534258,21.3910133],[-157.9534207,21.3910335],[-157.9534291,21.3913158],[-157.9536155,21.3913535],[-157.9536309,21.3912955],[-157.9536729,21.3913036],[-157.9536987,21.3911896],[-157.9542281,21.3912939],[-157.9542227,21.3913176],[-157.9542789,21.3913285],[-157.9543045,21.3912121],[-157.954157,21.3911728],[-157.9538727,21.3911191],[-157.9536005,21.3910766],[-157.9535555,21.3910779],[-157.9535307,21.3910931],[-157.9534258,21.3910133]]]}},{"type":"Feature","properties":{"g":"grass"},"geometry":{"type":"Polygon","coordinates":[[[-157.9534258,21.3910133],[-157.9534392,21.3909911],[-157.953463,21.3909724],[-157.9534918,21.3909627],[-157.95353,21.3909602],[-157.9535646,21.3909739],[-157.9536216,21.3909867],[-157.9540779,21.3910517],[-157.9545499,21.3911453],[-157.9552118,21.3912852],[-157.9552299,21.3912952],[-157.9552409,21.3913111],[-157.9552443,21.3913336],[-157.9552406,21.3913601],[-157.9551233,21.3913083],[-157.9550576,21.3912858],[-157.9550026,21.3912776],[-157.9543508,21.3912034],[-157.9543045,21.3912121],[-157.954157,21.3911728],[-157.9538727,21.3911191],[-157.9536005,21.3910766],[-157.9535555,21.3910779],[-157.9535307,21.3910931],[-157.9534258,21.3910133]]]}},{"type":"Feature","properties":{"g":"grass"},"geometry":{"type":"Polygon","coordinates":[[[-157.9529768,21.3934332],[-157.9530308,21.3932847],[-157.9531294,21.3933148],[-157.9532088,21.3933388],[-157.9533201,21.3933677],[-157.9534405,21.3933967],[-157.9535703,21.3934258],[-157.9537342,21.3934585],[-157.9539558,21.3935001],[-157.9540718,21.3935182],[-157.9542133,21.3935369],[-157.9544728,21.3935672],[-157.954684,21.3935818],[-157.9548735,21.3935931],[-157.9551377,21.3935971],[-157.955588,21.3936103],[-157.9564416,21.3936602],[-157.957141,21.3937176],[-157.9578866,21.393767],[-157.958989,21.3938363],[-157.9591057,21.3938375],[-157.9592156,21.3938307],[-157.9593028,21.3938194],[-157.959398,21.3937932],[-157.9595127,21.3937626],[-157.9596508,21.3936995],[-157.9599097,21.3935684],[-157.9600243,21.3935191],[-157.9601108,21.3934916],[-157.9602107,21.3934776],[-157.9603046,21.3934745],[-157.9604126,21.3934838],[-157.9605014,21.3935007],[-157.9605832,21.3935285],[-157.9606406,21.3935612],[-157.9607512,21.3936334],[-157.961285,21.3939849],[-157.9613956,21.394066],[-157.9615143,21.3941641],[-157.9616162,21.3942702],[-157.9617255,21.3943969],[-157.9618073,21.394514],[-157.9618687,21.3946123],[-157.9619243,21.3947153],[-157.9619599,21.3947968],[-157.9620028,21.3949133],[-157.9620199,21.3949707],[-157.9620149,21.3949997],[-157.9620045,21.3950291],[-157.9619937,21.3950416],[-157.9619756,21.3950518],[-157.9618196,21.3947645],[-157.9618364,21.3947503],[-157.9616243,21.394475],[-157.9615518,21.3943975],[-157.9614748,21.3943257],[-157.9612313,21.3941101],[-157.9606882,21.3937057],[-157.960544,21.3936271],[-157.9604448,21.3935884],[-157.9603609,21.3935772],[-157.9602322,21.3935847],[-157.9600478,21.393649],[-157.9597427,21.3938125],[-157.9595402,21.3938838],[-157.959404,21.3939262],[-157.9591962,21.3939999],[-157.9588636,21.3939998],[-157.9579127,21.3939912],[-157.9569499,21.3939765],[-157.956573,21.3939087],[-157.9562139,21.393805],[-157.955887,21.3937364],[-157.954914,21.3936995],[-157.953355,21.3935278],[-157.9532579,21.3935131],[-157.9531619,21.3934929],[-157.953063,21.3934658],[-157.9529768,21.3934332]]]}},{"type":"Feature","properties":{"g":"recreation_ground"},"geometry":{"type":"Polygon","coordinates":[[[-157.9548996,21.3990262],[-157.954729,21.3992294],[-157.9548666,21.3993296],[-157.9548926,21.3992986],[-157.9549958,21.3993738],[-157.9551405,21.3992016],[-157.9548996,21.3990262]]]}},{"type":"Feature","properties":{"g":"grass"},"geometry":{"type":"Polygon","coordinates":[[[-157.9457986,21.3977216],[-157.9455405,21.3969581],[-157.9455096,21.3969673],[-157.9455049,21.3969668],[-157.9454951,21.3969575],[-157.9454775,21.3969447],[-157.9454579,21.3969366],[-157.9454343,21.3969321],[-157.9454093,21.3969352],[-157.9453892,21.3969417],[-157.9453701,21.3969535],[-157.9453146,21.396992],[-157.945304,21.396997],[-157.9452921,21.3969987],[-157.9452801,21.3969967],[-157.9452611,21.3969847],[-157.9452479,21.3969728],[-157.9453282,21.3969116],[-157.9454124,21.3968579],[-157.9454864,21.3968166],[-157.9455427,21.3967878],[-157.9456242,21.3967526],[-157.9457134,21.3967201],[-157.9458468,21.3966805],[-157.9461425,21.3965935],[-157.9461431,21.3965955],[-157.9465677,21.3978439],[-157.946109,21.3982141],[-157.9459977,21.3982259],[-157.945822,21.3982578],[-157.9456799,21.3982404],[-157.9455559,21.3982273],[-157.9453922,21.3982185],[-157.9453204,21.3982223],[-157.9453027,21.3981692],[-157.9455438,21.3980973],[-157.9455251,21.3980429],[-157.9455476,21.3980362],[-157.9454796,21.3978383],[-157.9455158,21.3978275],[-157.9455131,21.3978197],[-157.9455893,21.397797],[-157.9455815,21.3977744],[-157.9455836,21.3977698],[-157.9455887,21.3977668],[-157.9456638,21.3977445],[-157.9456692,21.3977448],[-157.9456741,21.3977468],[-157.9456819,21.3977693],[-157.9457605,21.3977459],[-157.9457564,21.3977341],[-157.9457986,21.3977216]]]}},{"type":"Feature","properties":{"g":"recreation_ground"},"geometry":{"type":"Polygon","coordinates":[[[-157.9468644,21.398486],[-157.9466478,21.3982278],[-157.946403,21.3984058],[-157.9466195,21.398664],[-157.9468644,21.398486]]]}},{"type":"Feature","properties":{"g":"recreation_ground"},"geometry":{"type":"Polygon","coordinates":[[[-157.9468937,21.3985163],[-157.9471125,21.3983562],[-157.9468937,21.3980968],[-157.9468899,21.3980996],[-157.9468597,21.3980638],[-157.9468635,21.398061],[-157.9468285,21.3980195],[-157.9466231,21.3981698],[-157.9467126,21.3982759],[-157.9466991,21.3982858],[-157.9468937,21.3985163]]]}},{"type":"Feature","properties":{"g":"areia"},"geometry":{"type":"Polygon","coordinates":[[[-157.9528109,21.3932116],[-157.9526027,21.3931429],[-157.9522764,21.3930234],[-157.9508005,21.3924895],[-157.9506782,21.3924864],[-157.9508968,21.3926238],[-157.9511871,21.3927168],[-157.9513326,21.3927718],[-157.9516874,21.392979],[-157.9517477,21.3930071],[-157.9524907,21.3932794],[-157.9525651,21.3933006],[-157.9527676,21.3933374],[-157.9528109,21.3932116]]]}},{"type":"Feature","properties":{"g":"scrub"},"geometry":{"type":"Polygon","coordinates":[[[-157.9495513,21.3921221],[-157.9495765,21.3920575],[-157.9499546,21.3921936],[-157.9504649,21.3923884],[-157.9505729,21.3924265],[-157.9505488,21.3924808],[-157.9506011,21.3924808],[-157.9506601,21.3925045],[-157.9508626,21.3926219],[-157.9510265,21.392694],[-157.9504308,21.3937239],[-157.9504187,21.3938918],[-157.9504744,21.3939387],[-157.9504147,21.3944319],[-157.9504609,21.3947616],[-157.9507291,21.394794],[-157.9508411,21.3951705],[-157.9510685,21.3952385],[-157.951222,21.3953365],[-157.9511905,21.3956007],[-157.9511261,21.396358],[-157.9510349,21.3966096],[-157.9510323,21.396682],[-157.9510262,21.3967357],[-157.9503805,21.3974974],[-157.9501471,21.3977203],[-157.9497038,21.3980387],[-157.9496207,21.3984126],[-157.9497139,21.3988609],[-157.9497454,21.3992256],[-157.9501279,21.3994519],[-157.9500037,21.3996666],[-157.9497293,21.3995352],[-157.9490977,21.3996776],[-157.9490383,21.3999697],[-157.9489089,21.3997631],[-157.9485468,21.3999941],[-157.9484328,21.3999498],[-157.9485375,21.3997418],[-157.9486192,21.3996388],[-157.9486916,21.3995589],[-157.9488372,21.3994853],[-157.9489981,21.3994066],[-157.9491302,21.3993585],[-157.9491275,21.3992692],[-157.9490866,21.3992037],[-157.9490203,21.3991232],[-157.9489531,21.3990694],[-157.9488607,21.399017],[-157.9487728,21.3989808],[-157.9486802,21.398952],[-157.9485891,21.3989215],[-157.9485092,21.3989065],[-157.9484315,21.3989041],[-157.9483457,21.3989352],[-157.9480231,21.3992137],[-157.9479292,21.3993129],[-157.94771,21.3994503],[-157.9474229,21.3996102],[-157.9473533,21.3996476],[-157.9472111,21.3996613],[-157.9469885,21.3996851],[-157.9469368,21.3997075],[-157.9471414,21.3998755],[-157.9470443,21.3999914],[-157.9463276,21.3996363],[-157.9458777,21.3994172],[-157.9455652,21.399263],[-157.9452641,21.399115],[-157.9451019,21.3990151],[-157.9449349,21.3988759],[-157.9447243,21.3986718],[-157.9444883,21.3984183],[-157.9445641,21.3984083],[-157.9446968,21.3983977],[-157.9448236,21.3983771],[-157.9452695,21.3982341],[-157.9453204,21.3982223],[-157.9453922,21.3982185],[-157.9455559,21.3982273],[-157.9456799,21.3982404],[-157.945822,21.3982578],[-157.9459977,21.3982259],[-157.9462331,21.3985931],[-157.9462291,21.398663],[-157.9462384,21.3987236],[-157.9462653,21.3987929],[-157.9462968,21.3988428],[-157.9463357,21.3988878],[-157.9463746,21.3989252],[-157.9464316,21.3989633],[-157.9464973,21.3989895],[-157.9465516,21.399002],[-157.9466186,21.3990089],[-157.946671,21.3990052],[-157.9467414,21.3989839],[-157.947827,21.3984214],[-157.9479919,21.3982716],[-157.9480751,21.398063],[-157.9480764,21.3978901],[-157.9478847,21.3975836],[-157.9478028,21.3975548],[-157.9476157,21.3970172],[-157.9478894,21.3969371],[-157.9477283,21.3964494],[-157.9477286,21.39645],[-157.9476676,21.3962654],[-157.947721,21.39625],[-157.947713,21.3962131],[-157.947892,21.3961838],[-157.9480436,21.3961413],[-157.9482367,21.3960514],[-157.9483896,21.3959534],[-157.9486028,21.3957774],[-157.9487074,21.3956388],[-157.9487926,21.3954783],[-157.9488529,21.395266],[-157.9488737,21.3950516],[-157.9489046,21.3949401],[-157.9489267,21.3948127],[-157.9489334,21.3947041],[-157.9493601,21.3946513],[-157.9500146,21.3956953],[-157.9502088,21.3953984],[-157.9500344,21.3946816],[-157.9501095,21.3942234],[-157.9501411,21.3941228],[-157.9501913,21.3939443],[-157.9502155,21.3937351],[-157.9502215,21.3934642],[-157.950184,21.3932975],[-157.9502175,21.3932188],[-157.9500438,21.3930758],[-157.9499412,21.3930059],[-157.9498299,21.3928991],[-157.9496925,21.3927262],[-157.9496054,21.3925694],[-157.9496301,21.3923859],[-157.9494816,21.392267],[-157.9495513,21.3921221]]]}},{"type":"Feature","properties":{"g":"areia"},"geometry":{"type":"Polygon","coordinates":[[[-157.9496054,21.3925694],[-157.9496925,21.3927262],[-157.9498299,21.3928991],[-157.9499412,21.3930059],[-157.9500438,21.3930758],[-157.9502175,21.3932188],[-157.950184,21.3932975],[-157.9502215,21.3934642],[-157.9502155,21.3937351],[-157.9501913,21.3939443],[-157.9501411,21.3941228],[-157.9501095,21.3942234],[-157.9497186,21.393481],[-157.9496019,21.3932675],[-157.9495449,21.3930933],[-157.9495282,21.3930009],[-157.9495215,21.392916],[-157.9495168,21.3927949],[-157.9496054,21.3925694]]]}},{"type":"Feature","properties":{"g":"grass"},"geometry":{"type":"Polygon","coordinates":[[[-157.9488737,21.3950516],[-157.9488529,21.395266],[-157.9487926,21.3954783],[-157.9487074,21.3956388],[-157.9486028,21.3957774],[-157.9483896,21.3959534],[-157.9482367,21.3960514],[-157.9480436,21.3961413],[-157.947892,21.3961838],[-157.947713,21.3962131],[-157.947721,21.39625],[-157.9476676,21.3962654],[-157.9476311,21.3961551],[-157.9477975,21.3961076],[-157.9479477,21.3960533],[-157.9481086,21.3959778],[-157.9482508,21.395891],[-157.9483956,21.3957805],[-157.948525,21.3956597],[-157.9486246,21.3955401],[-157.9486739,21.3954677],[-157.9487332,21.3953768],[-157.9487792,21.3952894],[-157.9488248,21.3951958],[-157.9488526,21.3951224],[-157.9488737,21.3950516]]]}},{"type":"Feature","properties":{"g":"recreation_ground"},"geometry":{"type":"Polygon","coordinates":[[[-157.9487312,21.3901771],[-157.9484557,21.3900819],[-157.9483596,21.3903232],[-157.9485238,21.3903799],[-157.9485375,21.3903454],[-157.9486488,21.3903839],[-157.9487312,21.3901771]]]}},{"type":"Feature","properties":{"g":"grass"},"geometry":{"type":"Polygon","coordinates":[[[-157.9486152,21.39118],[-157.9488821,21.3912711],[-157.9488851,21.3912836],[-157.9513179,21.3921502],[-157.9515516,21.3922167],[-157.9519375,21.3923541],[-157.9526469,21.3926088],[-157.9529899,21.3927243],[-157.95306,21.3925404],[-157.9530224,21.392527],[-157.9528457,21.3924661],[-157.9518851,21.3921599],[-157.9515848,21.3921137],[-157.9502854,21.3916697],[-157.9501657,21.3915648],[-157.9487047,21.3910062],[-157.9486152,21.39118]]]}},{"type":"Feature","properties":{"g":"grass"},"geometry":{"type":"Polygon","coordinates":[[[-157.9443233,21.3984979],[-157.9442523,21.3984074],[-157.9441889,21.3983193],[-157.9441638,21.3982872],[-157.9441493,21.3982759],[-157.9441351,21.39827],[-157.9441166,21.3982678],[-157.9440972,21.3982714],[-157.9440736,21.3982831],[-157.9431123,21.398766],[-157.943058,21.3987951],[-157.9429846,21.3988381],[-157.9428853,21.3989053],[-157.9427462,21.3990023],[-157.9423768,21.3992638],[-157.9424444,21.3993486],[-157.9425544,21.3992374],[-157.9426537,21.399165],[-157.9427603,21.3990532],[-157.9428897,21.3989583],[-157.9430661,21.3988659],[-157.9431754,21.3988122],[-157.9432726,21.3987785],[-157.9433504,21.3987742],[-157.9433946,21.3987648],[-157.943514,21.3986992],[-157.9435492,21.3986658],[-157.9435673,21.398629],[-157.9435643,21.3986134],[-157.943571,21.3985925],[-157.9435901,21.3985753],[-157.9436216,21.398565],[-157.9436471,21.3985625],[-157.9436786,21.398575],[-157.9437296,21.3985943],[-157.9437708,21.3985903],[-157.9438375,21.3985766],[-157.9440645,21.398565],[-157.9442201,21.398545],[-157.9443233,21.3984979]]]}},{"type":"Feature","properties":{"g":"grass"},"geometry":{"type":"Polygon","coordinates":[[[-157.9621365,21.3429639],[-157.9621716,21.3429801],[-157.9622105,21.3429847],[-157.9622489,21.3429774],[-157.9622827,21.3429589],[-157.9623083,21.3429313],[-157.9623229,21.3428971],[-157.9623248,21.3428603],[-157.9623137,21.342825],[-157.9622909,21.342795],[-157.9622588,21.3427736],[-157.9622209,21.342763],[-157.9621814,21.3427646],[-157.9621447,21.342778],[-157.9621146,21.3428019],[-157.9620947,21.3428333],[-157.9620867,21.3428691],[-157.9620916,21.3429053],[-157.9621088,21.3429381],[-157.9621365,21.3429639]]]}},{"type":"Feature","properties":{"g":"grass"},"geometry":{"type":"Polygon","coordinates":[[[-157.9620407,21.3425282],[-157.9620216,21.3425419],[-157.9620119,21.3425615],[-157.9620122,21.3425854],[-157.9620228,21.3426057],[-157.9620469,21.3426206],[-157.9620749,21.3426235],[-157.9621025,21.3426115],[-157.9621687,21.3425967],[-157.9622531,21.3425981],[-157.9623333,21.3426213],[-157.9623917,21.3426565],[-157.9624629,21.3427224],[-157.962489,21.342796],[-157.9625006,21.3428649],[-157.9624987,21.3429207],[-157.9624804,21.3429715],[-157.9624703,21.3429943],[-157.9624719,21.3430171],[-157.9624827,21.3430367],[-157.9625003,21.3430479],[-157.9625263,21.3430545],[-157.9625505,21.3430487],[-157.9625691,21.3430313],[-157.9625867,21.3429881],[-157.9626026,21.342928],[-157.9626069,21.3428627],[-157.962594,21.3427627],[-157.9625544,21.3426634],[-157.9624999,21.3425963],[-157.9624209,21.3425463],[-157.9623271,21.3425122],[-157.9622321,21.3424937],[-157.9621359,21.3424994],[-157.9620764,21.342514],[-157.9620407,21.3425282]]]}},{"type":"Feature","properties":{"g":"grass"},"geometry":{"type":"Polygon","coordinates":[[[-157.9618933,21.3426895],[-157.9619128,21.3426936],[-157.9619341,21.3427146],[-157.9619413,21.3427407],[-157.9619354,21.3427613],[-157.9619109,21.3428376],[-157.961909,21.3429433],[-157.9619564,21.343044],[-157.9620351,21.3431073],[-157.9621236,21.3431477],[-157.9622005,21.343154],[-157.962276,21.3431427],[-157.962327,21.3431244],[-157.9623565,21.3431181],[-157.9623735,21.3431265],[-157.9623891,21.343141],[-157.962399,21.3431619],[-157.9623972,21.3431844],[-157.9623762,21.3432102],[-157.9623404,21.3432252],[-157.9622716,21.3432418],[-157.9621893,21.3432468],[-157.9620802,21.3432206],[-157.9619846,21.3431702],[-157.9619068,21.3431061],[-157.9618411,21.3430095],[-157.9618143,21.3429295],[-157.9618098,21.3428092],[-157.9618232,21.3427559],[-157.9618353,21.3427238],[-157.9618482,21.3427026],[-157.961863,21.3426926],[-157.9618759,21.3426889],[-157.9618933,21.3426895]]]}},{"type":"Feature","properties":{"g":"scrub"},"geometry":{"type":"Polygon","coordinates":[[[-157.9480912,21.391488],[-157.948141,21.3915062],[-157.9481378,21.3915977],[-157.9481435,21.3916691],[-157.9481559,21.3917762],[-157.9481777,21.3918811],[-157.9483148,21.3925779],[-157.9480845,21.392984],[-157.9480164,21.3929987],[-157.9479346,21.3930259],[-157.9476067,21.3931692],[-157.9472557,21.3933227],[-157.947141,21.3933668],[-157.9470351,21.3933983],[-157.9469083,21.3934283],[-157.9466864,21.3934645],[-157.9462753,21.3935253],[-157.9456601,21.3936006],[-157.9456539,21.3935618],[-157.9465301,21.3934454],[-157.9467044,21.3933631],[-157.9468867,21.393341],[-157.9471153,21.3932701],[-157.9473329,21.3931752],[-157.9475251,21.3930559],[-157.9476958,21.3929108],[-157.9478441,21.3927401],[-157.9479597,21.3925603],[-157.9480552,21.3923486],[-157.9481032,21.3921319],[-157.9481146,21.3919108],[-157.9480912,21.391488]]]}},{"type":"Feature","properties":{"g":"grass"},"geometry":{"type":"Polygon","coordinates":[[[-157.9483148,21.3925779],[-157.9483688,21.3928485],[-157.9483752,21.3928907],[-157.9483738,21.3929088],[-157.9483629,21.3929264],[-157.948341,21.3929392],[-157.948298,21.3929484],[-157.9480845,21.392984],[-157.9483148,21.3925779]]]}},{"type":"Feature","properties":{"g":"grass"},"geometry":{"type":"Polygon","coordinates":[[[-157.9594832,21.3699339],[-157.9594608,21.3697612],[-157.959394,21.3692461],[-157.9586028,21.3693261],[-157.9585474,21.3688396],[-157.9580723,21.3688855],[-157.9577622,21.3689154],[-157.9576521,21.3689261],[-157.9576583,21.3689763],[-157.9576681,21.3690607],[-157.9576778,21.3691443],[-157.9568288,21.3692296],[-157.9568043,21.3692483],[-157.9569983,21.3695435],[-157.9570495,21.3696231],[-157.9571959,21.369851],[-157.9574301,21.3701351],[-157.9579087,21.3707156],[-157.9579454,21.3707457],[-157.9579861,21.3707708],[-157.9580303,21.3707904],[-157.9580769,21.370804],[-157.9581252,21.3708114],[-157.9581741,21.3708125],[-157.9582226,21.3708072],[-157.9582699,21.3707957],[-157.9582836,21.3708528],[-157.9584284,21.3708173],[-157.9586644,21.3707305],[-157.9585954,21.3706438],[-157.9588557,21.3705223],[-157.9589609,21.3704732],[-157.959102,21.3703815],[-157.9592053,21.3702911],[-157.9592923,21.3701961],[-157.9594832,21.3699339]]]}},{"type":"Feature","properties":{"g":"grass"},"geometry":{"type":"Polygon","coordinates":[[[-157.9517307,21.3686798],[-157.9519402,21.3685061],[-157.9520937,21.3684475],[-157.9522915,21.36836],[-157.9524612,21.3682751],[-157.9526831,21.3681502],[-157.9529198,21.3679991],[-157.9531036,21.367858],[-157.9533309,21.3676688],[-157.9534476,21.3675532],[-157.9535582,21.3674402],[-157.953699,21.3672835],[-157.953817,21.3671586],[-157.953874,21.3671036],[-157.9539733,21.3670356],[-157.9540839,21.3669662],[-157.9541724,21.3669257],[-157.9542442,21.3669025],[-157.9543441,21.3668707],[-157.9544543,21.3668515],[-157.9545634,21.3668432],[-157.9546961,21.366842],[-157.9555286,21.3669067],[-157.9557187,21.3669533],[-157.9557995,21.3669988],[-157.9558828,21.3670519],[-157.9559084,21.3670909],[-157.9559154,21.3671817],[-157.9559034,21.3672674],[-157.9558633,21.3673947],[-157.9558434,21.3674483],[-157.9558246,21.3675331],[-157.9558214,21.3676349],[-157.9558397,21.3677169],[-157.9558786,21.3678152],[-157.9560122,21.3680267],[-157.9563443,21.3685402],[-157.9564687,21.3687284],[-157.9565719,21.3688846],[-157.9566668,21.3690282],[-157.9566834,21.3690555],[-157.9567566,21.3691757],[-157.9568043,21.3692483],[-157.9569983,21.3695435],[-157.9570495,21.3696231],[-157.9571959,21.369851],[-157.9574301,21.3701351],[-157.9579087,21.3707156],[-157.9579454,21.3707457],[-157.9579861,21.3707708],[-157.9580303,21.3707904],[-157.9580769,21.370804],[-157.9581252,21.3708114],[-157.9581741,21.3708125],[-157.9582226,21.3708072],[-157.9582699,21.3707957],[-157.9582836,21.3708528],[-157.9581186,21.3708966],[-157.9577103,21.3710658],[-157.9575386,21.3711076],[-157.9573689,21.3711332],[-157.9568332,21.3709952],[-157.9567098,21.3709602],[-157.9564791,21.3708104],[-157.9562129,21.3706112],[-157.9560677,21.3704336],[-157.9559675,21.3703202],[-157.9559373,21.3702777],[-157.9559286,21.3702446],[-157.9558863,21.3702059],[-157.9558904,21.3701784],[-157.9558497,21.3701337],[-157.9558314,21.3701141],[-157.9557871,21.3700991],[-157.9557455,21.3700848],[-157.9556919,21.3700548],[-157.9556268,21.3699949],[-157.9555853,21.3699424],[-157.9555491,21.3698912],[-157.9555377,21.3698469],[-157.955531,21.3698069],[-157.9554884,21.3697604],[-157.9554817,21.3697538],[-157.9551952,21.3694932],[-157.9550837,21.3694578],[-157.9549942,21.3694163],[-157.9548654,21.3693645],[-157.9548034,21.369292],[-157.9547005,21.3691803],[-157.9545761,21.3690953],[-157.9544142,21.3689789],[-157.9543464,21.3689189],[-157.9542945,21.3689121],[-157.9542515,21.3688693],[-157.9542254,21.3688674],[-157.9541939,21.3688337],[-157.9540846,21.3687641],[-157.9540008,21.3687344],[-157.9539233,21.3686695],[-157.9538107,21.368612],[-157.953701,21.3685945],[-157.9535619,21.3685577],[-157.9534646,21.3685577],[-157.9533138,21.3685549],[-157.9531911,21.3685517],[-157.9530114,21.3685314],[-157.9528984,21.3685436],[-157.9527277,21.3685364],[-157.9525842,21.3685574],[-157.9524655,21.3685898],[-157.9523871,21.3685955],[-157.9523049,21.3686173],[-157.9521792,21.3686279],[-157.9520568,21.3686429],[-157.9519955,21.3686613],[-157.9517307,21.3686798]]]}},{"type":"Feature","properties":{"g":"recreation_ground"},"geometry":{"type":"Polygon","coordinates":[[[-157.9609765,21.3667639],[-157.9609745,21.3667096],[-157.9608806,21.3665628],[-157.9608592,21.3665516],[-157.9607646,21.3664735],[-157.960658,21.3663861],[-157.9605541,21.3664329],[-157.9603636,21.3664823],[-157.9603321,21.3664979],[-157.959974,21.3666428],[-157.9599358,21.3666584],[-157.9597742,21.3667339],[-157.9597145,21.3667583],[-157.9596247,21.3667745],[-157.9592519,21.3668726],[-157.9592029,21.3668807],[-157.9588261,21.36695],[-157.9587597,21.3669519],[-157.9585679,21.3669669],[-157.958531,21.3669775],[-157.9581535,21.3670593],[-157.958236,21.3671879],[-157.9582983,21.3672167],[-157.9583862,21.3672719],[-157.9584512,21.3673022],[-157.9585062,21.3673534],[-157.9588113,21.3675807],[-157.9588851,21.3675957],[-157.9590111,21.3675841],[-157.959048,21.3675801],[-157.9594275,21.3675076],[-157.9594577,21.3674877],[-157.9595174,21.3674577],[-157.9597556,21.367334],[-157.9601068,21.3671767],[-157.9601745,21.3671523],[-157.96055,21.3670568],[-157.9605956,21.3670518],[-157.9607847,21.3670006],[-157.9608458,21.3669686],[-157.9609765,21.3667639]]]}},{"type":"Feature","properties":{"g":"grass"},"geometry":{"type":"Polygon","coordinates":[[[-157.9580723,21.3688855],[-157.9580208,21.3684696],[-157.9580043,21.3683822],[-157.9578182,21.3683919],[-157.9576975,21.36839],[-157.9575725,21.3684009],[-157.9576145,21.368735],[-157.9576388,21.3689274],[-157.9576521,21.3689261],[-157.9577622,21.3689154],[-157.9580723,21.3688855]]]}},{"type":"Feature","properties":{"g":"grass"},"geometry":{"type":"Polygon","coordinates":[[[-157.9456779,21.3897979],[-157.944798,21.3894733],[-157.9447639,21.3895521],[-157.9438052,21.3892008],[-157.9436723,21.3891492],[-157.9436345,21.3892385],[-157.9427565,21.3889195],[-157.9426577,21.3889422],[-157.9445252,21.3896287],[-157.9451548,21.389896],[-157.945301,21.3899634],[-157.9455498,21.3900552],[-157.9455887,21.3898847],[-157.9456779,21.3897979]]]}},{"type":"Feature","properties":{"g":"grass"},"geometry":{"type":"Polygon","coordinates":[[[-157.9521513,21.3658055],[-157.9518951,21.3651152],[-157.9514989,21.3654881],[-157.9513488,21.3656294],[-157.9511469,21.3658195],[-157.9511088,21.3658546],[-157.9510825,21.3658933],[-157.9510795,21.3659473],[-157.9510924,21.3659903],[-157.9511288,21.3660228],[-157.951531,21.3661742],[-157.9517215,21.3662225],[-157.9521513,21.3658055]]]}},{"type":"Feature","properties":{"g":"scrub"},"geometry":{"type":"Polygon","coordinates":[[[-157.9346627,21.3601863],[-157.9346253,21.3602657],[-157.9345542,21.3604584],[-157.9341083,21.3603811],[-157.9340957,21.3604445],[-157.9340234,21.360432],[-157.9339378,21.3608605],[-157.9334673,21.3607815],[-157.9334422,21.3608961],[-157.9330115,21.3608557],[-157.9328835,21.3609019],[-157.9327346,21.3610178],[-157.9326647,21.3612347],[-157.9326108,21.3613669],[-157.9325136,21.3614261],[-157.9323906,21.3614066],[-157.9322969,21.3613369],[-157.9321354,21.3613629],[-157.9319662,21.361303],[-157.9317746,21.3612477],[-157.9316655,21.3613402],[-157.931504,21.3613688],[-157.9313575,21.3612808],[-157.9312268,21.3609881],[-157.9311711,21.3608389],[-157.9311678,21.3607383],[-157.9311725,21.3606428],[-157.9316516,21.3591726],[-157.9323834,21.3557311],[-157.9326229,21.3558596],[-157.9328951,21.3559705],[-157.9332295,21.3561309],[-157.9336947,21.3563294],[-157.9339586,21.356423],[-157.9343626,21.3565309],[-157.9345425,21.356607],[-157.9347677,21.3567232],[-157.9349829,21.3568969],[-157.9350965,21.3570334],[-157.9351624,21.3572676],[-157.9352174,21.3575149],[-157.935212,21.3577209],[-157.9352131,21.3578847],[-157.9351645,21.3580696],[-157.9350739,21.3583189],[-157.9349595,21.3584506],[-157.934735,21.3586405],[-157.9345235,21.3588345],[-157.9344382,21.3589993],[-157.9344339,21.3591511],[-157.9344544,21.3593109],[-157.9345041,21.3596134],[-157.9345775,21.359937],[-157.9346485,21.3601446],[-157.9346627,21.3601863]]]}},{"type":"Feature","properties":{"g":"recreation_ground"},"geometry":{"type":"Polygon","coordinates":[[[-157.9348284,21.3611437],[-157.935171,21.361181],[-157.9354267,21.3610191],[-157.9355047,21.3608869],[-157.9354922,21.3606864],[-157.9353862,21.3605034],[-157.9353363,21.3600902],[-157.9352684,21.3596682],[-157.935186,21.3593705],[-157.9351663,21.3592992],[-157.9350384,21.3589092],[-157.9350739,21.3583189],[-157.9349595,21.3584506],[-157.934735,21.3586405],[-157.9345235,21.3588345],[-157.9344382,21.3589993],[-157.9344339,21.3591511],[-157.9344544,21.3593109],[-157.9345041,21.3596134],[-157.9345775,21.359937],[-157.9346485,21.3601446],[-157.9346627,21.3601863],[-157.9347187,21.3602582],[-157.9348089,21.360251],[-157.9348647,21.3608567],[-157.9348508,21.3609669],[-157.9348375,21.3610719],[-157.9348284,21.3611437]]]}},{"type":"Feature","properties":{"g":"recreation_ground"},"geometry":{"type":"Polygon","coordinates":[[[-157.9338078,21.3556168],[-157.9331158,21.3541985],[-157.9329306,21.3542835],[-157.9328629,21.3543291],[-157.9328194,21.3543772],[-157.9327704,21.3544371],[-157.932751,21.3544883],[-157.9327241,21.3545495],[-157.9327007,21.3546351],[-157.9326571,21.3548774],[-157.9326544,21.3549723],[-157.9326718,21.3550722],[-157.932708,21.3551591],[-157.9327691,21.3552608],[-157.9328536,21.3553608],[-157.9329836,21.3554501],[-157.9331242,21.3555283],[-157.9332768,21.3555813],[-157.9334322,21.3556149],[-157.9335959,21.3556368],[-157.9337018,21.3556337],[-157.9338078,21.3556168]]]}},{"type":"Feature","properties":{"g":"grass"},"geometry":{"type":"Polygon","coordinates":[[[-157.9425933,21.3865613],[-157.942368,21.3864738],[-157.9423365,21.38646],[-157.9423194,21.3864476],[-157.9423033,21.3864298],[-157.9422936,21.3864101],[-157.9422855,21.3863842],[-157.9422845,21.3863605],[-157.9422862,21.3863427],[-157.9422929,21.3863277],[-157.942604,21.3865374],[-157.9425933,21.3865613]]]}},{"type":"Feature","properties":{"g":"grass"},"geometry":{"type":"Polygon","coordinates":[[[-157.94537,21.3851982],[-157.9441527,21.385078],[-157.9440726,21.3850736],[-157.9439987,21.3851151],[-157.9429051,21.3858023],[-157.9428629,21.3858503],[-157.942885,21.3858816],[-157.9435398,21.38553],[-157.943982,21.3852572],[-157.9440957,21.3852278],[-157.9441845,21.3852153],[-157.9442831,21.385215],[-157.9449463,21.3852082],[-157.9453613,21.3852194],[-157.94537,21.3851982]]]}},{"type":"Feature","properties":{"g":"grass"},"geometry":{"type":"Polygon","coordinates":[[[-157.9458361,21.3840647],[-157.9458331,21.3840516],[-157.945789,21.3840573],[-157.9457277,21.3840679],[-157.9456559,21.3840846],[-157.9455976,21.384105],[-157.9455496,21.3841267],[-157.9454894,21.3841586],[-157.9453897,21.3842218],[-157.9453986,21.3842346],[-157.9455344,21.3841664],[-157.9455806,21.3841464],[-157.9456336,21.3841358],[-157.9457717,21.384108],[-157.9458361,21.3840647]]]}},{"type":"Feature","properties":{"g":"grass"},"geometry":{"type":"Polygon","coordinates":[[[-157.9459206,21.3841064],[-157.945866,21.384071],[-157.9458494,21.3840712],[-157.9458011,21.384103],[-157.9458009,21.3841094],[-157.9459211,21.3841119],[-157.9459206,21.3841064]]]}},{"type":"Feature","properties":{"g":"grass"},"geometry":{"type":"Polygon","coordinates":[[[-157.9462767,21.3842439],[-157.94628,21.384229],[-157.946248,21.384204],[-157.9462163,21.384184],[-157.9460561,21.3840899],[-157.9460245,21.3840749],[-157.9460223,21.38408],[-157.9460058,21.3840736],[-157.9459997,21.3840873],[-157.9459864,21.3840821],[-157.9459943,21.3840644],[-157.9459791,21.3840596],[-157.9459546,21.3840535],[-157.9459278,21.3840505],[-157.9458933,21.3840487],[-157.9458668,21.3840484],[-157.9458675,21.3840588],[-157.9459563,21.3841153],[-157.9460279,21.3841333],[-157.946108,21.3841582],[-157.9462767,21.3842439]]]}},{"type":"Feature","properties":{"g":"grass"},"geometry":{"type":"Polygon","coordinates":[[[-157.9324447,21.3638712],[-157.9324323,21.3638348],[-157.9324069,21.3637722],[-157.9324169,21.3637687],[-157.9323893,21.3637036],[-157.9323359,21.3635721],[-157.9322095,21.3636183],[-157.9320904,21.3636618],[-157.9321045,21.363694],[-157.931955,21.363749],[-157.9318781,21.3638705],[-157.9319128,21.3638914],[-157.9319798,21.3639557],[-157.9320636,21.3640119],[-157.9321434,21.3640587],[-157.932181,21.3640462],[-157.9323017,21.3640156],[-157.932357,21.3639973],[-157.9323495,21.3639811],[-157.932322,21.3639159],[-157.9323777,21.3638956],[-157.9324447,21.3638712]]]}},{"type":"Feature","properties":{"g":"scrub"},"geometry":{"type":"Polygon","coordinates":[[[-157.9310431,21.3559996],[-157.9313915,21.3562557],[-157.9306757,21.3597018],[-157.9304139,21.3587181],[-157.9303078,21.3583016],[-157.9302364,21.3577757],[-157.9305687,21.3573859],[-157.9306473,21.3572937],[-157.9306595,21.3571456],[-157.9307853,21.3570027],[-157.9309371,21.3568302],[-157.9308707,21.3566204],[-157.931098,21.3563537],[-157.9309646,21.3560852],[-157.9310431,21.3559996]]]}},{"type":"Feature","properties":{"g":"grass"},"geometry":{"type":"Polygon","coordinates":[[[-157.9373045,21.3613473],[-157.9373534,21.3616788],[-157.9373757,21.3617947],[-157.9373281,21.3619074],[-157.9370935,21.3619798],[-157.9369949,21.3619923],[-157.9368091,21.3620772],[-157.9367964,21.3620516],[-157.9366428,21.3621291],[-157.9365863,21.3621419],[-157.9365261,21.3620784],[-157.9365215,21.3620579],[-157.936502,21.3620185],[-157.9365191,21.361946],[-157.93662,21.3619717],[-157.9366878,21.3619411],[-157.9367787,21.3619],[-157.9369258,21.3618431],[-157.937019,21.3617712],[-157.9370714,21.3617088],[-157.9371107,21.3616525],[-157.9371512,21.361548],[-157.9371734,21.3614275],[-157.9371848,21.3613457],[-157.9373045,21.3613473]]]}},{"type":"Feature","properties":{"g":"grass"},"geometry":{"type":"Polygon","coordinates":[[[-157.9359649,21.3552892],[-157.9353601,21.3553951],[-157.9349793,21.355646],[-157.934941,21.355782],[-157.9348904,21.3559583],[-157.9352588,21.3563437],[-157.9353688,21.3562888],[-157.9353467,21.3561758],[-157.9353051,21.3560725],[-157.9352689,21.3559597],[-157.9354124,21.3559197],[-157.9354486,21.3560325],[-157.9355036,21.3561058],[-157.935525,21.3561583],[-157.9355049,21.3562182],[-157.9362785,21.3566124],[-157.9361498,21.3560568],[-157.9359902,21.3554145],[-157.9359649,21.3552892]]]}},{"type":"Feature","properties":{"g":"recreation_ground"},"geometry":{"type":"Polygon","coordinates":[[[-157.9343475,21.3550891],[-157.93396,21.3543397],[-157.9336362,21.3539477],[-157.9336817,21.3539206],[-157.9337718,21.3538321],[-157.9341544,21.3534978],[-157.9342425,21.3534347],[-157.9343338,21.3533997],[-157.9344276,21.3533802],[-157.9344957,21.3533779],[-157.9345742,21.3533611],[-157.9348075,21.3532586],[-157.9348478,21.3532449],[-157.934892,21.3532374],[-157.9349437,21.3532337],[-157.9349752,21.3532349],[-157.9350087,21.3532424],[-157.9350469,21.3532524],[-157.9350831,21.3532705],[-157.935122,21.3533024],[-157.9351542,21.3533342],[-157.9351918,21.353391],[-157.9352327,21.3536021],[-157.9352568,21.3537433],[-157.9352608,21.3539319],[-157.935065,21.3539562],[-157.9348317,21.3542373],[-157.9347968,21.354622],[-157.9346976,21.3549455],[-157.9344696,21.3552615],[-157.9343475,21.3550891]]]}},{"type":"Feature","properties":{"g":"farmland"},"geometry":{"type":"Polygon","coordinates":[[[-157.9416418,21.3835236],[-157.9415788,21.3834037],[-157.9408894,21.383704],[-157.9409672,21.3838589],[-157.9408237,21.3839207],[-157.9408868,21.3840468],[-157.9410283,21.3839912],[-157.9410665,21.3840661],[-157.9414339,21.3840212],[-157.9415868,21.3839719],[-157.9415499,21.3838932],[-157.9415412,21.3837658],[-157.9415915,21.3837402],[-157.9415171,21.3835822],[-157.9416418,21.3835236]]]}},{"type":"Feature","properties":{"g":"farmland"},"geometry":{"type":"Polygon","coordinates":[[[-157.9437919,21.3839828],[-157.9436981,21.3839375],[-157.9436226,21.3840733],[-157.9437101,21.3841305],[-157.9437919,21.3839828]]]}},{"type":"Feature","properties":{"g":"farmland"},"geometry":{"type":"Polygon","coordinates":[[[-157.9435908,21.383888],[-157.9435276,21.3840034],[-157.9436126,21.3840691],[-157.9436888,21.3839327],[-157.9435908,21.383888]]]}},{"type":"Feature","properties":{"g":"grass"},"geometry":{"type":"Polygon","coordinates":[[[-157.9310431,21.3559996],[-157.9308359,21.3558454],[-157.9304572,21.3562863],[-157.9308707,21.3566204],[-157.931098,21.3563537],[-157.9309646,21.3560852],[-157.9310431,21.3559996]]]}},{"type":"Feature","properties":{"g":"wood"},"geometry":{"type":"Polygon","coordinates":[[[-157.9290978,21.3636221],[-157.9294078,21.3625836],[-157.9289416,21.3631158],[-157.9290978,21.3636221]]]}},{"type":"Feature","properties":{"g":"grass"},"geometry":{"type":"Polygon","coordinates":[[[-157.9451226,21.3904004],[-157.944732,21.3903608],[-157.9444849,21.3903043],[-157.9435254,21.3899546],[-157.9435542,21.3898878],[-157.9426808,21.3895679],[-157.9423486,21.3894982],[-157.9409525,21.3890149],[-157.9410071,21.3888814],[-157.9416267,21.3891058],[-157.9419744,21.3892466],[-157.9451226,21.3904004]]]}},{"type":"Feature","properties":{"g":"grass"},"geometry":{"type":"Polygon","coordinates":[[[-157.9406025,21.389],[-157.9407024,21.3890332],[-157.9406816,21.3890707],[-157.9402883,21.3900037],[-157.9401479,21.389915],[-157.940372,21.3896524],[-157.9405398,21.3893219],[-157.9406135,21.3891152],[-157.9406179,21.3890752],[-157.9406149,21.3890434],[-157.9406025,21.389]]]}},{"type":"Feature","properties":{"g":"scrub"},"geometry":{"type":"Polygon","coordinates":[[[-157.9452591,21.3904483],[-157.9451226,21.3904004],[-157.944732,21.3903608],[-157.944076,21.3908649],[-157.944031,21.3909786],[-157.9439545,21.3911391],[-157.9438483,21.3913062],[-157.9436729,21.3915018],[-157.943581,21.391431],[-157.9435254,21.3914004],[-157.9432685,21.3915993],[-157.9424065,21.3919823],[-157.9423861,21.3919652],[-157.9422579,21.3920375],[-157.942048,21.3922506],[-157.9419129,21.3924896],[-157.9415617,21.3928044],[-157.9415302,21.3930791],[-157.9415506,21.3933619],[-157.9415963,21.3936274],[-157.9416111,21.3938006],[-157.941452,21.3940375],[-157.9413478,21.3941645],[-157.9412777,21.3942433],[-157.9409982,21.3944332],[-157.9409277,21.3945343],[-157.9407178,21.3946467],[-157.9404642,21.3946791],[-157.9404266,21.3952049],[-157.9405767,21.3952343],[-157.9407299,21.3952418],[-157.9408826,21.3952274],[-157.9410311,21.3951913],[-157.9411718,21.3951345],[-157.9413016,21.3950582],[-157.9415835,21.3947436],[-157.9419133,21.3943244],[-157.9421009,21.393899],[-157.9421134,21.3934147],[-157.942223,21.3932443],[-157.9423747,21.3931372],[-157.9422592,21.392959],[-157.942192,21.3927768],[-157.94249,21.3923911],[-157.9427384,21.3922112],[-157.943313,21.3919209],[-157.9434316,21.3918406],[-157.9435526,21.3917526],[-157.9452591,21.3904483]]]}},{"type":"Feature","properties":{"g":"grass"},"geometry":{"type":"Polygon","coordinates":[[[-157.934759,21.3941774],[-157.9343985,21.3943982],[-157.9343066,21.3942696],[-157.934759,21.3941774]]]}},{"type":"Feature","properties":{"g":"wood"},"geometry":{"type":"Polygon","coordinates":[[[-157.9161139,21.3688178],[-157.9160844,21.3688827],[-157.9158926,21.3688402],[-157.9156378,21.3687978],[-157.9154353,21.3687815],[-157.9152703,21.3687765],[-157.9151174,21.368789],[-157.9149672,21.3688065],[-157.9148157,21.3688303],[-157.9147165,21.3688502],[-157.9146159,21.3688777],[-157.9143852,21.3689464],[-157.9138568,21.369135],[-157.9136811,21.3691974],[-157.9135202,21.3692361],[-157.9133579,21.3692711],[-157.9131916,21.3692936],[-157.9130374,21.3692961],[-157.9128698,21.3692886],[-157.9127249,21.369268],[-157.912568,21.3692411],[-157.9124372,21.3691931],[-157.9121272,21.3690174],[-157.91215,21.3689915],[-157.9122777,21.3688465],[-157.9127102,21.3686798],[-157.9131836,21.3685942],[-157.9135262,21.3685649],[-157.9137777,21.3685705],[-157.9139835,21.3685436],[-157.9140607,21.3685236],[-157.9140981,21.3685652],[-157.9141114,21.36858],[-157.9143455,21.3683906],[-157.9139165,21.367878],[-157.9137804,21.3677312],[-157.9135537,21.3675976],[-157.9133861,21.3675295],[-157.9130905,21.367436],[-157.9131077,21.3673947],[-157.9131232,21.3673576],[-157.9133519,21.3668083],[-157.9139651,21.3668996],[-157.9141083,21.3667941],[-157.9141619,21.3667545],[-157.9142095,21.3670406],[-157.9142256,21.3671942],[-157.9144228,21.3673865],[-157.9143892,21.3674302],[-157.9145703,21.3675426],[-157.9148197,21.3677325],[-157.9149002,21.3677762],[-157.9151617,21.3678961],[-157.9153843,21.3678411],[-157.9155064,21.3677499],[-157.9155077,21.3676575],[-157.9157089,21.3676026],[-157.9158095,21.367655],[-157.9158913,21.367625],[-157.9158966,21.3676575],[-157.9159275,21.3676413],[-157.9159275,21.3676188],[-157.9160401,21.3675002],[-157.9162279,21.3674465],[-157.9162842,21.3675926],[-157.9164371,21.3675564],[-157.9164237,21.3674839],[-157.9167227,21.3674727],[-157.9167214,21.367404],[-157.9171318,21.3674165],[-157.9174081,21.3675451],[-157.9175234,21.3676738],[-157.917691,21.3677487],[-157.9179887,21.3678336],[-157.9179619,21.3679098],[-157.9189476,21.3683095],[-157.9192132,21.3685717],[-157.9196718,21.368207],[-157.9199964,21.3687391],[-157.9201922,21.3687778],[-157.9207045,21.3690763],[-157.9205529,21.3691949],[-157.9204671,21.3692674],[-157.9203893,21.369346],[-157.9203079,21.3694172],[-157.9198819,21.3692659],[-157.9191388,21.368875],[-157.9193254,21.3692175],[-157.9198724,21.369428],[-157.9197697,21.3694884],[-157.9195498,21.3695009],[-157.9190764,21.3694085],[-157.9188041,21.3693723],[-157.9185641,21.369366],[-157.9183146,21.3693436],[-157.9181819,21.3692361],[-157.9180759,21.3691387],[-157.9172418,21.3689751],[-157.9170138,21.3689439],[-157.9166517,21.3689052],[-157.9163593,21.368844],[-157.9161903,21.368799],[-157.9161139,21.3688178]]]}},{"type":"Feature","properties":{"g":"scrub"},"geometry":{"type":"Polygon","coordinates":[[[-157.9215568,21.3605679],[-157.9214334,21.3606734],[-157.9213502,21.3607377],[-157.9212751,21.3607958],[-157.9211967,21.3608589],[-157.9211397,21.3609126],[-157.9210163,21.3609613],[-157.9209224,21.3610144],[-157.9208031,21.3610768],[-157.9206897,21.3611324],[-157.9206428,21.3611543],[-157.9206394,21.361193],[-157.9205985,21.3613104],[-157.9204926,21.361326],[-157.9203726,21.3613616],[-157.9203122,21.3614178],[-157.9202331,21.3616582],[-157.9201962,21.3616526],[-157.9199675,21.3619936],[-157.9199059,21.3620373],[-157.9198864,21.3620373],[-157.9197496,21.3622477],[-157.9196329,21.3623583],[-157.9194854,21.3624906],[-157.9193748,21.3625725],[-157.9192883,21.3625893],[-157.9192085,21.3626924],[-157.9191421,21.3627486],[-157.9190898,21.3627717],[-157.9189007,21.3629752],[-157.9188678,21.3630377],[-157.91878,21.3631026],[-157.9187136,21.3631813],[-157.9186399,21.3632332],[-157.9185721,21.3632756],[-157.9184608,21.3633193],[-157.9183917,21.3633306],[-157.9182516,21.3633381],[-157.9179592,21.3634161],[-157.9179056,21.3634542],[-157.9178379,21.3635023],[-157.9177641,21.3635491],[-157.9177071,21.3635772],[-157.9176112,21.3636303],[-157.9172941,21.3637752],[-157.9169226,21.3639476],[-157.9165933,21.3640987],[-157.916474,21.3641524],[-157.9158886,21.3644309],[-157.9153427,21.3646863],[-157.9149961,21.3648262],[-157.9148372,21.3648824],[-157.9145528,21.3649448],[-157.9142772,21.3649923],[-157.9141076,21.365016],[-157.9140164,21.3650235],[-157.913999,21.3650448],[-157.9140117,21.3650566],[-157.914121,21.3650454],[-157.9143088,21.3650167],[-157.9145146,21.3649867],[-157.914638,21.3649611],[-157.9147057,21.3649654],[-157.9149163,21.3649111],[-157.9150537,21.3648618],[-157.9150973,21.3648474],[-157.9154601,21.3647681],[-157.9166798,21.3646476],[-157.9178915,21.3642941],[-157.918428,21.3641243],[-157.9186781,21.3640675],[-157.9191729,21.3637352],[-157.9198998,21.3629765],[-157.920217,21.3626611],[-157.920616,21.3623014],[-157.9207642,21.3621678],[-157.9207595,21.3619523],[-157.9207461,21.3618487],[-157.9208259,21.3617338],[-157.920858,21.3616894],[-157.9209027,21.3616844],[-157.9209046,21.3619605],[-157.9209079,21.3622349],[-157.9210042,21.3621503],[-157.9210566,21.362051],[-157.9210706,21.3616822],[-157.9211894,21.3614622],[-157.9216076,21.3606028],[-157.9218177,21.3603596],[-157.9219804,21.3601937],[-157.9219812,21.3601585],[-157.9219497,21.360146],[-157.9219064,21.3601794],[-157.921821,21.3602909],[-157.9217516,21.3603758],[-157.9216661,21.3604673],[-157.9215568,21.3605679]]]}},{"type":"Feature","properties":{"g":"grass"},"geometry":{"type":"Polygon","coordinates":[[[-157.9206428,21.3611543],[-157.9206327,21.3611235],[-157.9205532,21.3611559],[-157.9204241,21.3612021],[-157.9202695,21.3612464],[-157.9201193,21.3612798],[-157.92004,21.3613073],[-157.9200396,21.3613222],[-157.9200392,21.3613347],[-157.9203726,21.3613616],[-157.9204926,21.361326],[-157.9205985,21.3613104],[-157.9206394,21.361193],[-157.9206428,21.3611543]]]}},{"type":"Feature","properties":{"g":"scrub"},"geometry":{"type":"Polygon","coordinates":[[[-157.9210612,21.3584652],[-157.9211705,21.3584333],[-157.9212617,21.3583678],[-157.9213408,21.3582347],[-157.9213536,21.3581517],[-157.9213965,21.3578931],[-157.9214045,21.3576877],[-157.9213542,21.3574835],[-157.921198,21.3569714],[-157.9205248,21.3560858],[-157.9206338,21.3559956],[-157.9204317,21.3559307],[-157.9203933,21.3559216],[-157.9186881,21.3557698],[-157.9169731,21.3549049],[-157.9153013,21.3553538],[-157.9144537,21.3550766],[-157.9137445,21.3550825],[-157.9136208,21.3550192],[-157.9133626,21.3549242],[-157.9132466,21.3548524],[-157.9131661,21.3548312],[-157.9130595,21.3548237],[-157.9129871,21.3547712],[-157.9129596,21.35471],[-157.9130035,21.3546145],[-157.9126177,21.3546654],[-157.9125315,21.3546913],[-157.9118615,21.3548971],[-157.909124,21.3567678],[-157.9087606,21.3569127],[-157.9074705,21.3569451],[-157.9068074,21.3570769],[-157.9062197,21.3572333],[-157.9056444,21.3575544],[-157.9049655,21.3577221],[-157.9046364,21.3586413],[-157.9046079,21.3587156],[-157.9045757,21.3587531],[-157.9043283,21.3591095],[-157.9038518,21.3595096],[-157.9038115,21.3595742],[-157.9037187,21.3597666],[-157.903143,21.3601741],[-157.9021114,21.3603574],[-157.9014543,21.3600608],[-157.9010236,21.3598584],[-157.9008102,21.3597817],[-157.900744,21.3598276],[-157.9008548,21.3598628],[-157.9009708,21.3598628],[-157.9010499,21.3599159],[-157.9012464,21.3599977],[-157.9013456,21.360057],[-157.9016434,21.3602138],[-157.9017741,21.3602793],[-157.9018734,21.3603281],[-157.9019766,21.3603643],[-157.9021174,21.3603843],[-157.9022797,21.360373],[-157.9025412,21.3603474],[-157.9027907,21.3603256],[-157.9029194,21.3603049],[-157.9030998,21.3602569],[-157.9032098,21.3602013],[-157.90337,21.3601132],[-157.903472,21.3600439],[-157.9035907,21.3599377],[-157.9037476,21.3597566],[-157.9038428,21.3596573],[-157.9039279,21.3595724],[-157.9040225,21.3595006],[-157.904172,21.3594013],[-157.9042257,21.359332],[-157.9043034,21.3592133],[-157.9043658,21.3591334],[-157.9044389,21.3590216],[-157.9044724,21.3590035],[-157.9044557,21.3590597],[-157.9044,21.3591459],[-157.9043598,21.3591996],[-157.9043564,21.3592439],[-157.9043886,21.3592602],[-157.9044389,21.3592358],[-157.9045006,21.3591802],[-157.9045522,21.359149],[-157.9046173,21.3590922],[-157.9046629,21.3590535],[-157.9047252,21.3589991],[-157.904803,21.3589073],[-157.9048627,21.3588274],[-157.9049599,21.3587037],[-157.9050444,21.3585457],[-157.9051021,21.3584483],[-157.9050384,21.3584258],[-157.9050253,21.358413],[-157.9050276,21.3583913],[-157.9050387,21.3583743],[-157.9050571,21.3583671],[-157.9051282,21.3583852],[-157.9051822,21.3582969],[-157.9052489,21.3582107],[-157.9052141,21.3581726],[-157.9052074,21.3581454],[-157.9052214,21.3581308],[-157.9052348,21.358117],[-157.9052617,21.3581289],[-157.9053019,21.3581573],[-157.9053696,21.3580949],[-157.905426,21.3580599],[-157.9055031,21.358018],[-157.9054682,21.3579119],[-157.9055038,21.3579008],[-157.9055386,21.35789],[-157.9056083,21.3579693],[-157.9057431,21.357935],[-157.9059503,21.3579013],[-157.9060797,21.3578688],[-157.9061361,21.3577814],[-157.9063278,21.357727],[-157.9064713,21.3578032],[-157.9066571,21.3577489],[-157.9067443,21.3577158],[-157.9067208,21.3576421],[-157.9069488,21.3575397],[-157.9070078,21.3576159],[-157.90727,21.3575297],[-157.9072425,21.3574254],[-157.9074309,21.3573661],[-157.907561,21.3573511],[-157.9075764,21.3574504],[-157.9078292,21.3574241],[-157.907848,21.3572936],[-157.9081256,21.3572924],[-157.9081115,21.3574229],[-157.9083489,21.3574429],[-157.908375,21.3573099],[-157.9087029,21.3573561],[-157.9087036,21.3574448],[-157.9087707,21.357501],[-157.9089028,21.3575159],[-157.9090805,21.3574935],[-157.9091938,21.3574497],[-157.9093024,21.3573898],[-157.9093896,21.3573186],[-157.9092863,21.3572131],[-157.909287,21.3571431],[-157.9094325,21.3570157],[-157.9094875,21.3570107],[-157.9095954,21.3570982],[-157.9097001,21.3570207],[-157.9097564,21.3569576],[-157.9096685,21.3568627],[-157.9096565,21.356804],[-157.9098301,21.3566548],[-157.909916,21.3566329],[-157.9100152,21.3567197],[-157.9102043,21.3565523],[-157.9102935,21.3564686],[-157.9104068,21.3563825],[-157.9105362,21.3563125],[-157.9106603,21.3562526],[-157.9106663,21.3561358],[-157.9108782,21.356132],[-157.9108769,21.356197],[-157.9110244,21.356172],[-157.9112551,21.3561252],[-157.9114147,21.3561027],[-157.9119544,21.3560315],[-157.9123662,21.3559803],[-157.9126002,21.3559547],[-157.9128731,21.3559759],[-157.9130696,21.3559996],[-157.9132647,21.3560583],[-157.9134411,21.3561508],[-157.9136181,21.3562813],[-157.9138159,21.3564543],[-157.9140124,21.3566885],[-157.9141223,21.3568715],[-157.9141981,21.3570582],[-157.9143282,21.3573792],[-157.9144248,21.357549],[-157.9145019,21.3576596],[-157.9146286,21.3577857],[-157.9147976,21.3577601],[-157.9148968,21.3578063],[-157.9149237,21.3578151],[-157.9149277,21.3578142],[-157.9149686,21.3578051],[-157.9149424,21.3577214],[-157.9150014,21.3575103],[-157.9148714,21.3573529],[-157.914927,21.3573042],[-157.9149491,21.3572849],[-157.9151583,21.3571419],[-157.9152355,21.357175],[-157.9153702,21.3570813],[-157.9155171,21.3570151],[-157.9157122,21.356992],[-157.9159623,21.3569764],[-157.9163271,21.3569714],[-157.9164981,21.3569551],[-157.9166081,21.3568752],[-157.9167576,21.3567547],[-157.9168636,21.3566779],[-157.9169789,21.3566672],[-157.9169936,21.3566772],[-157.9171888,21.3565099],[-157.9173899,21.3566254],[-157.9174456,21.3566972],[-157.9175208,21.3566681],[-157.9176474,21.3566192],[-157.9176622,21.3565854],[-157.9177561,21.356548],[-157.9177829,21.3565717],[-157.9179391,21.3565236],[-157.9177359,21.3563412],[-157.9176132,21.3562713],[-157.9174778,21.3562145],[-157.9172994,21.3561664],[-157.9171291,21.3561477],[-157.9170359,21.356152],[-157.9169253,21.356167],[-157.9168106,21.3562301],[-157.916655,21.3563537],[-157.9165551,21.3564618],[-157.9163774,21.3565886],[-157.9162614,21.3566585],[-157.9161635,21.3567284],[-157.9160964,21.3567416],[-157.9159603,21.3567528],[-157.9157692,21.3567534],[-157.9156512,21.3567615],[-157.9155432,21.3567797],[-157.9153186,21.3567859],[-157.9151966,21.3568134],[-157.9150926,21.3568621],[-157.9149894,21.3568839],[-157.9148781,21.3568877],[-157.9147962,21.3568434],[-157.9147493,21.356764],[-157.9146896,21.3566716],[-157.9145884,21.356611],[-157.914465,21.3565042],[-157.9143658,21.3564368],[-157.9142866,21.3563719],[-157.9141539,21.356315],[-157.914011,21.3562676],[-157.9138702,21.3562551],[-157.9138152,21.3562551],[-157.9137361,21.3562251],[-157.9137193,21.3561939],[-157.9136952,21.3560602],[-157.914123,21.3560153],[-157.9141331,21.3561639],[-157.9143114,21.3563013],[-157.9144576,21.3564074],[-157.9145676,21.356478],[-157.9147285,21.3565748],[-157.9148318,21.3565024],[-157.9149337,21.3565086],[-157.9150142,21.3565555],[-157.9150289,21.3566941],[-157.9151865,21.3567122],[-157.9153448,21.3566978],[-157.9154755,21.3566772],[-157.9157022,21.3566797],[-157.915845,21.3566885],[-157.9159402,21.3566704],[-157.9159871,21.3565686],[-157.9161192,21.356538],[-157.9162232,21.3565911],[-157.9163848,21.3565186],[-157.9164679,21.3564349],[-157.9165725,21.3563537],[-157.9166698,21.3562676],[-157.9167663,21.3561801],[-157.9168622,21.3561245],[-157.9168776,21.3560571],[-157.9168642,21.3560234],[-157.9171392,21.355921],[-157.9172022,21.3560334],[-157.9173175,21.3560496],[-157.917404,21.3560771],[-157.9174992,21.3559647],[-157.917681,21.3560971],[-157.9176179,21.3562007],[-157.9177232,21.3562632],[-157.917797,21.3562582],[-157.9178446,21.3562682],[-157.9178667,21.3562913],[-157.9178486,21.3563225],[-157.9177997,21.356305],[-157.9177701,21.3562975],[-157.9177735,21.3563131],[-157.9180276,21.3565092],[-157.9183267,21.3564568],[-157.9184729,21.3564431],[-157.9184729,21.3564388],[-157.9184733,21.356397],[-157.918442,21.3563971],[-157.9183344,21.3563819],[-157.9181517,21.3563871],[-157.9182214,21.3561964],[-157.9185466,21.3562726],[-157.9185272,21.3564418],[-157.9188397,21.3564699],[-157.9188799,21.3562469],[-157.9192353,21.356295],[-157.9191924,21.3565155],[-157.9199072,21.3566366],[-157.9199508,21.3564755],[-157.9202874,21.3565417],[-157.9202519,21.3566953],[-157.9205,21.3567247],[-157.9206012,21.3565879],[-157.9208694,21.3567728],[-157.9207655,21.3568765],[-157.9208996,21.3570388],[-157.9209928,21.3571918],[-157.921133,21.3575103],[-157.9211906,21.3577364],[-157.9211926,21.3578931],[-157.921194,21.3580224],[-157.9211605,21.3581542],[-157.9211088,21.3582934],[-157.9210518,21.3584015],[-157.9210438,21.3584396],[-157.9210612,21.3584652]]]}},{"type":"Feature","properties":{"g":"grass"},"geometry":{"type":"Polygon","coordinates":[[[-157.9410671,21.3881771],[-157.9409937,21.3883344],[-157.9398025,21.3878933],[-157.9397455,21.3878661],[-157.9396878,21.3878287],[-157.9395483,21.3877731],[-157.939376,21.3876816],[-157.9393217,21.3876377],[-157.9395301,21.3877173],[-157.939944,21.3878708],[-157.9399822,21.3877806],[-157.9410671,21.3881771]]]}},{"type":"Feature","properties":{"g":"recreation_ground"},"geometry":{"type":"Polygon","coordinates":[[[-157.9375288,21.3864484],[-157.9373615,21.3863876],[-157.9372268,21.3867086],[-157.9373942,21.3867695],[-157.9375288,21.3864484]]]}},{"type":"Feature","properties":{"g":"recreation_ground"},"geometry":{"type":"Polygon","coordinates":[[[-157.9386989,21.3867264],[-157.9385206,21.3867533],[-157.9385779,21.3870824],[-157.9387562,21.3870555],[-157.9386989,21.3867264]]]}},{"type":"Feature","properties":{"g":"grass"},"geometry":{"type":"Polygon","coordinates":[[[-157.9363703,21.3836181],[-157.9359911,21.3838189],[-157.9359679,21.3838507],[-157.9360605,21.3838279],[-157.9361218,21.3838089],[-157.9362033,21.3837799],[-157.9364314,21.3836875],[-157.9364218,21.3836655],[-157.9363703,21.3836181]]]}},{"type":"Feature","properties":{"g":"grass"},"geometry":{"type":"Polygon","coordinates":[[[-157.9327768,21.3765037],[-157.9327867,21.376482],[-157.9328086,21.3764607],[-157.9328354,21.3764465],[-157.9328629,21.376445],[-157.9328894,21.376449],[-157.9329092,21.3764596],[-157.9329287,21.3764849],[-157.9329397,21.3765155],[-157.9330249,21.3764815],[-157.9330651,21.3764615],[-157.9329779,21.3764222],[-157.9329038,21.3763894],[-157.9328214,21.3763538],[-157.9327503,21.3763307],[-157.9326386,21.3762988],[-157.9325598,21.3762764],[-157.9323791,21.3762192],[-157.9322574,21.3761849],[-157.9320985,21.3761443],[-157.9319423,21.3761106],[-157.9317901,21.3760822],[-157.9316181,21.3760547],[-157.9313549,21.3760179],[-157.9311966,21.3759954],[-157.9309629,21.3759629],[-157.9308902,21.3760316],[-157.93086,21.3760659],[-157.9306116,21.3762976],[-157.9306189,21.3763032],[-157.9305948,21.3763316],[-157.9305847,21.3763516],[-157.9305804,21.3763885],[-157.9305874,21.3764237],[-157.9306012,21.3764534],[-157.93068,21.376593],[-157.9307091,21.3766079],[-157.9307386,21.376657],[-157.930737,21.3766925],[-157.9307584,21.3767194],[-157.9308992,21.3764178],[-157.9310705,21.3762148],[-157.9319778,21.3762486],[-157.9321522,21.3762651],[-157.9322829,21.376286],[-157.9324338,21.3763179],[-157.9325538,21.3763529],[-157.9326356,21.3763785],[-157.9327908,21.3764368],[-157.9327768,21.3765037]]]}},{"type":"Feature","properties":{"g":"grass"},"geometry":{"type":"Polygon","coordinates":[[[-157.9283434,21.3764571],[-157.9275461,21.3769467],[-157.9277104,21.3772065],[-157.9278761,21.3770984],[-157.9279752,21.3770528],[-157.9281067,21.3769904],[-157.9282442,21.3769423],[-157.9286043,21.3768427],[-157.9283434,21.3764571]]]}},{"type":"Feature","properties":{"g":"grass"},"geometry":{"type":"Polygon","coordinates":[[[-157.9277104,21.3772065],[-157.9275461,21.3769467],[-157.9274194,21.3770304],[-157.9278385,21.3776785],[-157.9282073,21.3782761],[-157.9283059,21.3784122],[-157.9288094,21.3790903],[-157.9288611,21.3790266],[-157.9283655,21.3783616],[-157.9282368,21.378173],[-157.9280732,21.3779039],[-157.9280584,21.3778433],[-157.9280597,21.3778158],[-157.9280015,21.3778159],[-157.927804,21.3773526],[-157.9277765,21.3773057],[-157.9277104,21.3772065]]]}},{"type":"Feature","properties":{"g":"grass"},"geometry":{"type":"Polygon","coordinates":[[[-157.928701,21.375487],[-157.9287172,21.3754656],[-157.9277094,21.374793],[-157.9275817,21.3747122],[-157.9275123,21.3746666],[-157.9272424,21.3745392],[-157.9272511,21.3745277],[-157.9271052,21.3744281],[-157.9270482,21.3743934],[-157.927003,21.3743815],[-157.9269621,21.37439],[-157.926941,21.3744022],[-157.9269249,21.3744374],[-157.9268534,21.3746638],[-157.9268179,21.3748168],[-157.9267857,21.374986],[-157.9267737,21.3751109],[-157.9267623,21.3753738],[-157.926783,21.3756604],[-157.9268374,21.3759308],[-157.9269017,21.3761193],[-157.9269627,21.3762542],[-157.9271103,21.3764959],[-157.9271867,21.376652],[-157.9273359,21.3768764],[-157.9274318,21.3768011],[-157.9270252,21.37615],[-157.926873,21.3758312],[-157.9267967,21.3753378],[-157.9267925,21.3750495],[-157.9269017,21.3746294],[-157.9269674,21.3744149],[-157.9273191,21.3746488],[-157.9273443,21.374617],[-157.9277091,21.3748611],[-157.9277265,21.3748383],[-157.928701,21.375487]]]}},{"type":"Feature","properties":{"g":"grass"},"geometry":{"type":"Polygon","coordinates":[[[-157.9307862,21.3759401],[-157.9306183,21.3759167],[-157.9303866,21.375883],[-157.9301948,21.3758514],[-157.9299947,21.3758112],[-157.9297968,21.3757634],[-157.9295494,21.3756938],[-157.9293952,21.3756451],[-157.9293372,21.3756238],[-157.9292034,21.3755614],[-157.9291078,21.3755211],[-157.9289312,21.3754531],[-157.928847,21.3754262],[-157.9288333,21.3754559],[-157.9288178,21.3754768],[-157.9292098,21.3757387],[-157.9292534,21.3757128],[-157.9292966,21.3757],[-157.9293486,21.3756991],[-157.9293969,21.375715],[-157.9294461,21.3757462],[-157.9302159,21.3762592],[-157.9302672,21.3762814],[-157.9303112,21.3762935],[-157.9303688,21.3762935],[-157.9304124,21.3762801],[-157.9304496,21.3762589],[-157.9304962,21.3762217],[-157.9307862,21.3759401]]]}},{"type":"Feature","properties":{"g":"grass"},"geometry":{"type":"Polygon","coordinates":[[[-157.9297928,21.3802807],[-157.9294998,21.379843],[-157.9294777,21.3798249],[-157.9294515,21.3798134],[-157.9294207,21.3798174],[-157.9293737,21.3798424],[-157.9302538,21.3810335],[-157.9302907,21.3810097],[-157.9297928,21.3802807]]]}},{"type":"Feature","properties":{"g":"grass"},"geometry":{"type":"Polygon","coordinates":[[[-157.9327597,21.3840127],[-157.9325947,21.3841155],[-157.9324365,21.3839141],[-157.9321931,21.3835891],[-157.9315329,21.3827081],[-157.931595,21.3827115],[-157.9320208,21.3832837],[-157.9324974,21.383809],[-157.9325771,21.3837596],[-157.9327597,21.3840127]]]}},{"type":"Feature","properties":{"g":"grass"},"geometry":{"type":"Polygon","coordinates":[[[-157.9332405,21.3847598],[-157.9329883,21.3845413],[-157.9328455,21.3844008],[-157.9326919,21.3842335],[-157.9328284,21.3841495],[-157.9329032,21.3841124],[-157.9329347,21.384103],[-157.9329622,21.384103],[-157.932993,21.3841208],[-157.9330222,21.3841504],[-157.9330571,21.3842063],[-157.9330594,21.3842416],[-157.9330497,21.3842728],[-157.933054,21.3843087],[-157.9330775,21.3843512],[-157.9331067,21.3843743],[-157.9331479,21.3843877],[-157.9331982,21.3843865],[-157.9332961,21.3846686],[-157.9332405,21.3847598]]]}},{"type":"Feature","properties":{"g":"scrub"},"geometry":{"type":"Polygon","coordinates":[[[-157.9342751,21.3843159],[-157.9341128,21.3845294],[-157.9337105,21.3849765],[-157.933445,21.3849553],[-157.9332405,21.3847598],[-157.9332961,21.3846686],[-157.9337548,21.3844127],[-157.9340975,21.3841292],[-157.9342751,21.3843159]]]}},{"type":"Feature","properties":{"g":"wood"},"geometry":{"type":"Polygon","coordinates":[[[-157.9359679,21.3838507],[-157.9358228,21.3838688],[-157.9356933,21.3838801],[-157.9351535,21.3838963],[-157.9349648,21.3840827],[-157.9348223,21.3846044],[-157.934251,21.3851875],[-157.9347029,21.3854944],[-157.9345632,21.3856933],[-157.9341719,21.3854485],[-157.9339546,21.3852924],[-157.9338929,21.3851276],[-157.9337105,21.3849765],[-157.9341128,21.3845294],[-157.9342751,21.3843159],[-157.9340975,21.3841292],[-157.9345098,21.3836852],[-157.9348478,21.3835317],[-157.935165,21.3832669],[-157.9354767,21.38334],[-157.9354416,21.383512],[-157.9357021,21.3836865],[-157.9360414,21.3836728],[-157.9359911,21.3838189],[-157.9359679,21.3838507]]]}},{"type":"Feature","properties":{"g":"scrub"},"geometry":{"type":"Polygon","coordinates":[[[-157.9357802,21.3815851],[-157.9358442,21.3815558],[-157.9358831,21.3816185],[-157.9359062,21.3816685],[-157.9359304,21.3816963],[-157.935952,21.3817957],[-157.9359745,21.381924],[-157.9359663,21.3820381],[-157.9359368,21.3822691],[-157.936038,21.3823235],[-157.9357973,21.3827737],[-157.9354767,21.38334],[-157.935165,21.3832669],[-157.9355552,21.3827799],[-157.9357383,21.3824321],[-157.9357704,21.382158],[-157.9357906,21.3817359],[-157.9357802,21.3815851]]]}},{"type":"Feature","properties":{"g":"grass"},"geometry":{"type":"Polygon","coordinates":[[[-157.9316003,21.3837408],[-157.9317673,21.383965],[-157.9316532,21.3840374],[-157.9317857,21.3842129],[-157.9319146,21.384376],[-157.9320288,21.384509],[-157.9320556,21.384526],[-157.9320925,21.3845085],[-157.9321233,21.3844836],[-157.9321676,21.3844267],[-157.9318896,21.3840824],[-157.9317347,21.3838782],[-157.9316221,21.3837277],[-157.9316003,21.3837408]]]}},{"type":"Feature","properties":{"g":"grass"},"geometry":{"type":"Polygon","coordinates":[[[-157.9328687,21.3851465],[-157.9326638,21.3849528],[-157.9325287,21.3848139],[-157.932357,21.3846331],[-157.9322809,21.3845444],[-157.9322242,21.3846066],[-157.9321974,21.3846434],[-157.9321917,21.3847002],[-157.9322045,21.3847486],[-157.9322279,21.3847861],[-157.9322712,21.384821],[-157.9323201,21.384837],[-157.9325018,21.3849917],[-157.9326189,21.3850914],[-157.9326376,21.3851357],[-157.9328687,21.3851465]]]}},{"type":"Feature","properties":{"g":"grass"},"geometry":{"type":"Polygon","coordinates":[[[-157.9284571,21.3795124],[-157.9284818,21.3794788],[-157.9280668,21.37896],[-157.9268673,21.3774147],[-157.9266836,21.3775414],[-157.9272648,21.3781814],[-157.9276186,21.378614],[-157.9279143,21.3788337],[-157.9282188,21.3792163],[-157.9282686,21.3792807],[-157.9284571,21.3795124]]]}},{"type":"Feature","properties":{"g":"recreation_ground"},"geometry":{"type":"Polygon","coordinates":[[[-157.9224008,21.3817151],[-157.9223239,21.3816457],[-157.9225045,21.3814723],[-157.9223892,21.3813682],[-157.9219386,21.3818008],[-157.9221307,21.3819743],[-157.9224008,21.3817151]]]}},{"type":"Feature","properties":{"g":"scrub"},"geometry":{"type":"Polygon","coordinates":[[[-157.9221152,21.3729513],[-157.922057,21.3732594],[-157.9220208,21.37335],[-157.9219591,21.3734387],[-157.9218625,21.373493],[-157.921768,21.3735205],[-157.9216768,21.373523],[-157.9215688,21.3734867],[-157.9203142,21.3728704],[-157.9201868,21.3728417],[-157.9200031,21.3728504],[-157.9199203,21.3728785],[-157.9198354,21.3729172],[-157.9198361,21.372891],[-157.9198596,21.3728629],[-157.919928,21.3728317],[-157.9200245,21.3728142],[-157.9201674,21.3728192],[-157.9202338,21.372828],[-157.9202448,21.372803],[-157.9200993,21.3727808],[-157.9200131,21.3727749],[-157.9199545,21.3727774],[-157.9198643,21.3727977],[-157.9197429,21.3727927],[-157.9197446,21.3727352],[-157.9201171,21.3727468],[-157.9202539,21.3727824],[-157.9210713,21.3728286],[-157.9211491,21.3727337],[-157.9221152,21.3729513]]]}},{"type":"Feature","properties":{"g":"scrub"},"geometry":{"type":"Polygon","coordinates":[[[-157.9214347,21.373458],[-157.9209103,21.3732045],[-157.9211945,21.3735409],[-157.9214347,21.373458]]]}},{"type":"Feature","properties":{"g":"grass"},"geometry":{"type":"Polygon","coordinates":[[[-157.9221747,21.3729647],[-157.9221152,21.3729513],[-157.9211491,21.3727337],[-157.9210713,21.3728286],[-157.9202539,21.3727824],[-157.9201171,21.3727468],[-157.9197446,21.3727352],[-157.9197523,21.372458],[-157.9210176,21.372552],[-157.9212785,21.3725788],[-157.9214421,21.3726094],[-157.9216439,21.3726718],[-157.921825,21.3727518],[-157.9220168,21.3728554],[-157.9221458,21.3729335],[-157.9221747,21.3729647]]]}},{"type":"Feature","properties":{"g":"grass"},"geometry":{"type":"Polygon","coordinates":[[[-157.9267243,21.3773126],[-157.9267693,21.3772798],[-157.9264055,21.3768068],[-157.926264,21.3766507],[-157.9260904,21.3764372],[-157.9255693,21.3757903],[-157.9254352,21.3756498],[-157.9251925,21.3754325],[-157.9249189,21.3752177],[-157.9245669,21.3749791],[-157.9238521,21.3745252],[-157.9236496,21.3743753],[-157.9234584,21.3742179],[-157.9232445,21.374015],[-157.9224419,21.3731914],[-157.9223319,21.3730908],[-157.9222528,21.3730287],[-157.9221998,21.3730031],[-157.9221686,21.372995],[-157.9221181,21.3732426],[-157.9232331,21.3742841],[-157.9234711,21.3744977],[-157.9238407,21.3748449],[-157.9246856,21.3753606],[-157.9250406,21.3756744],[-157.9255377,21.3761228],[-157.9255325,21.3761281],[-157.9257343,21.3763335],[-157.9261018,21.3768187],[-157.9261862,21.3768942],[-157.9264082,21.3770984],[-157.9265832,21.3772945],[-157.9266617,21.3772352],[-157.9267243,21.3773126]]]}},{"type":"Feature","properties":{"g":"grass"},"geometry":{"type":"Polygon","coordinates":[[[-157.925442,21.3781269],[-157.9252153,21.3780556],[-157.9238025,21.3787919],[-157.9238715,21.3789143],[-157.9236811,21.3789792],[-157.9232976,21.379066],[-157.9231547,21.3791228],[-157.9202284,21.3806445],[-157.9197322,21.3808999],[-157.9197696,21.3809667],[-157.9201774,21.3807874],[-157.9203097,21.3807299],[-157.920284,21.3806844],[-157.9227672,21.3794125],[-157.9231707,21.3793445],[-157.9234698,21.379307],[-157.9240545,21.3791134],[-157.9241726,21.3790316],[-157.9242289,21.3789192],[-157.9243432,21.3786981],[-157.925442,21.3781269]]]}}]}