{"type":"FeatureCollection","features":[{"type":"Feature","properties":{"h":"primary"},"geometry":{"type":"LineString","coordinates":[[-158.0145548,21.3819026],[-158.0141264,21.3820367],[-158.0137907,21.3821301],[-158.0136468,21.3821703],[-158.0135478,21.382199]]}},{"type":"Feature","properties":{"h":"motorway"},"geometry":{"type":"LineString","coordinates":[[-157.9262622,21.3737435],[-157.9269532,21.3742135],[-157.9271937,21.3743823]]}},{"type":"Feature","properties":{"h":"tertiary"},"geometry":{"type":"LineString","coordinates":[[-157.9714669,21.3783088],[-157.9710199,21.3764873],[-157.9709402,21.3761046],[-157.9707081,21.3751299],[-157.9705988,21.374671]]}},{"type":"Feature","properties":{"h":"tertiary"},"geometry":{"type":"LineString","coordinates":[[-157.9665507,21.4024602],[-157.9664313,21.4024122],[-157.9654105,21.4020294],[-157.9651812,21.401937],[-157.9650082,21.4018558],[-157.9648798,21.4017825],[-157.9647292,21.4016853],[-157.9645834,21.401574],[-157.9644691,21.4014766],[-157.9643457,21.4013533],[-157.9642015,21.4011854],[-157.9641271,21.4010836],[-157.964058,21.4009786],[-157.9639999,21.4008812],[-157.9639413,21.40077],[-157.9638807,21.4006301],[-157.9637778,21.4003718],[-157.9635736,21.39985],[-157.9635641,21.3998268],[-157.9635335,21.3997488]]}},{"type":"Feature","properties":{"h":"tertiary"},"geometry":{"type":"LineString","coordinates":[[-158.0221722,21.3425698],[-158.0222796,21.3425475],[-158.0222878,21.3425458],[-158.0224796,21.3425046],[-158.022595,21.3424709],[-158.0227087,21.3424322],[-158.0228202,21.3423885],[-158.0229419,21.3423339],[-158.0230603,21.3422735],[-158.0236289,21.34196]]}},{"type":"Feature","properties":{"h":"tertiary"},"geometry":{"type":"LineString","coordinates":[[-157.9448617,21.3972165],[-157.9447398,21.3974062],[-157.9445361,21.3977371],[-157.9445027,21.3977875],[-157.9444587,21.3978412],[-157.9444071,21.3978983],[-157.9443505,21.3979564],[-157.9442723,21.3980235],[-157.944212,21.39807],[-157.9441453,21.3981187]]}},{"type":"Feature","properties":{"h":"tertiary"},"geometry":{"type":"LineString","coordinates":[[-157.9643802,21.3994131],[-157.9644658,21.3993556],[-157.9645592,21.3992849],[-157.9646574,21.3992005],[-157.9647321,21.3991256],[-157.9648145,21.3990348],[-157.9648849,21.3989368],[-157.9649496,21.3988361],[-157.9650062,21.3987338],[-157.9650632,21.3986143],[-157.9654883,21.3976226],[-157.9655815,21.3974191],[-157.9656583,21.3972713],[-157.965737,21.3971403],[-157.9658189,21.3970166],[-157.9658607,21.3969617],[-157.9659249,21.396886]]}},{"type":"Feature","properties":{"h":"tertiary"},"geometry":{"type":"LineString","coordinates":[[-158.0255841,21.3991996],[-158.0253363,21.3988194],[-158.024967,21.3982438],[-158.0245906,21.397675],[-158.0241573,21.3970387]]}},{"type":"Feature","properties":{"h":"tertiary"},"geometry":{"type":"LineString","coordinates":[[-157.9542047,21.3364993],[-157.9540999,21.336561],[-157.9540131,21.3366311],[-157.9536423,21.33697],[-157.9532767,21.3372978],[-157.9532127,21.3373784],[-157.9524971,21.3380615]]}},{"type":"Feature","properties":{"h":"tertiary"},"geometry":{"type":"LineString","coordinates":[[-158.0329995,21.3723672],[-158.0328478,21.3720237],[-158.0326011,21.3715941],[-158.0323007,21.3712544],[-158.0320861,21.3709147],[-158.0319606,21.370572],[-158.0319069,21.3702024],[-158.0319177,21.3698327],[-158.0319309,21.3697311],[-158.0319606,21.369503],[-158.0320646,21.3692362],[-158.032247,21.3689664],[-158.0324616,21.3685868],[-158.0327191,21.3681372],[-158.032894,21.3677245],[-158.0329229,21.3673978],[-158.032894,21.3670051],[-158.0328908,21.3666285],[-158.0329444,21.3662788],[-158.0329806,21.3661048],[-158.0330195,21.365979],[-158.0331375,21.3655694],[-158.0333017,21.3650868],[-158.0334594,21.3647501],[-158.0335023,21.3645103],[-158.0334948,21.3643174],[-158.0334594,21.3641006],[-158.0332877,21.363621],[-158.0328049,21.362492],[-158.0325689,21.3620323],[-158.0323543,21.3616327],[-158.0321505,21.3613729],[-158.0319895,21.361213],[-158.0317543,21.3610164],[-158.0314892,21.3608275],[-158.0312772,21.3606839],[-158.0310665,21.3605618],[-158.0309932,21.3605277],[-158.0308318,21.3604864],[-158.030513,21.3604617],[-158.0303675,21.3604637],[-158.0297384,21.3604685]]}},{"type":"Feature","properties":{"h":"secondary"},"geometry":{"type":"LineString","coordinates":[[-157.9691337,21.3964907],[-157.9688388,21.3971736],[-157.9687679,21.3973376],[-157.9684919,21.3979766]]}},{"type":"Feature","properties":{"h":"tertiary"},"geometry":{"type":"LineString","coordinates":[[-157.9595299,21.3947634],[-157.9594928,21.3948524],[-157.9594826,21.394877],[-157.9594051,21.3950144],[-157.9593337,21.3951349],[-157.9592646,21.3952398],[-157.9591928,21.3953397],[-157.9590488,21.3955247],[-157.9578153,21.3970228],[-157.9560867,21.3991267],[-157.9558717,21.3993892],[-157.955864,21.3993987],[-157.9558178,21.3994555],[-157.955769,21.3995155],[-157.9557651,21.3995203],[-157.9555512,21.3997803],[-157.9546832,21.4008353],[-157.9542432,21.4013701],[-157.9538053,21.4019024],[-157.9534259,21.4023636],[-157.9534114,21.4023807],[-157.953356,21.4024461]]}},{"type":"Feature","properties":{"h":"tertiary"},"geometry":{"type":"LineString","coordinates":[[-157.9655134,21.3305114],[-157.96549,21.3304082],[-157.9654419,21.3303249],[-157.9653967,21.3302647],[-157.9652752,21.3301467],[-157.9649461,21.3298511],[-157.9645762,21.3294956],[-157.9630334,21.3280414]]}},{"type":"Feature","properties":{"h":"tertiary"},"geometry":{"type":"LineString","coordinates":[[-157.9409363,21.3607582],[-157.9400899,21.3601045],[-157.9400394,21.3600527],[-157.9399968,21.3599952],[-157.9399627,21.3599328],[-157.9399378,21.3598668],[-157.9399225,21.3597983],[-157.9398105,21.3592255],[-157.9394558,21.3573727],[-157.9391984,21.356021],[-157.9390313,21.3551401],[-157.9387344,21.3534085],[-157.9387288,21.3532963]]}},{"type":"Feature","properties":{"h":"motorway"},"geometry":{"type":"LineString","coordinates":[[-157.9844976,21.39562],[-157.9842144,21.3954762],[-157.9835535,21.3951805],[-157.9806199,21.394048]]}},{"type":"Feature","properties":{"h":"motorway"},"geometry":{"type":"LineString","coordinates":[[-157.9870983,21.3974501],[-157.9869114,21.3972759],[-157.9864725,21.3969384],[-157.9860496,21.3966401],[-157.9844976,21.39562]]}},{"type":"Feature","properties":{"h":"motorway"},"geometry":{"type":"LineString","coordinates":[[-157.9821305,21.3948856],[-157.9830179,21.3953379],[-157.9835044,21.3956239],[-157.9839647,21.3959197],[-157.9845692,21.3963601],[-157.9848831,21.396584],[-157.9853216,21.3969306],[-157.9857652,21.3972821],[-157.986026,21.3975207],[-157.9863566,21.3978375],[-157.9864661,21.3979491]]}},{"type":"Feature","properties":{"h":"secondary"},"geometry":{"type":"LineString","coordinates":[[-157.9533571,21.389745],[-157.9533724,21.3895033],[-157.9533855,21.3893863],[-157.9534093,21.3892478],[-157.9534397,21.3891153],[-157.9534658,21.3890079]]}},{"type":"Feature","properties":{"h":"tertiary"},"geometry":{"type":"LineString","coordinates":[[-157.959387,21.3445817],[-157.9581584,21.3447943],[-157.9580147,21.3448188],[-157.9579454,21.3448305],[-157.9574573,21.3449136],[-157.9572877,21.3449814],[-157.9564998,21.3451043],[-157.9549433,21.3453756],[-157.9521073,21.34587],[-157.9490432,21.3463977]]}},{"type":"Feature","properties":{"h":"primary"},"geometry":{"type":"LineString","coordinates":[[-157.944182,21.3407239],[-157.9439659,21.3409142],[-157.9437489,21.3411003],[-157.9432947,21.3414897],[-157.9423841,21.3423028],[-157.9422019,21.3424908],[-157.9420312,21.3427176],[-157.9418753,21.3429886],[-157.9415299,21.3436462],[-157.9413894,21.3438355],[-157.9412823,21.3439403],[-157.9411661,21.3440435],[-157.941044,21.3441136],[-157.940943,21.344162],[-157.940806,21.3442188],[-157.9406155,21.3442644],[-157.9404599,21.3442831],[-157.9402606,21.3442818],[-157.9400111,21.3442447],[-157.938517,21.3437812],[-157.9381855,21.3436573],[-157.9379375,21.3435462]]}},{"type":"Feature","properties":{"h":"tertiary"},"geometry":{"type":"LineString","coordinates":[[-157.9542126,21.3366483],[-157.9543328,21.3367052],[-157.9551106,21.3370841],[-157.9552045,21.3371415],[-157.9552928,21.3372084],[-157.9555891,21.3374866]]}},{"type":"Feature","properties":{"h":"secondary"},"geometry":{"type":"LineString","coordinates":[[-157.9292029,21.3656332],[-157.9290637,21.3657001]]}},{"type":"Feature","properties":{"h":"secondary"},"geometry":{"type":"LineString","coordinates":[[-157.9788605,21.3978492],[-157.9789592,21.397819],[-157.9790285,21.3977916],[-157.979093,21.397764],[-157.9791552,21.3977268],[-157.9792106,21.3976839],[-157.9792968,21.3976064],[-157.9793269,21.39758],[-157.9794416,21.3974775],[-157.9795783,21.397359]]}},{"type":"Feature","properties":{"h":"primary"},"geometry":{"type":"LineString","coordinates":[[-157.9436621,21.3470093],[-157.9423908,21.3458634]]}},{"type":"Feature","properties":{"h":"tertiary"},"geometry":{"type":"LineString","coordinates":[[-157.929245,21.3757893],[-157.9292043,21.3758423],[-157.929188,21.375858],[-157.9288148,21.3760791],[-157.9283952,21.3763277],[-157.9283722,21.3763413],[-157.9280337,21.3765418],[-157.9276548,21.3767663],[-157.9274008,21.3769388]]}},{"type":"Feature","properties":{"h":"tertiary"},"geometry":{"type":"LineString","coordinates":[[-157.9618,21.3341616],[-157.9621116,21.3338787],[-157.9638289,21.3322503],[-157.9650087,21.3311761],[-157.9653331,21.3308814],[-157.9654087,21.3308042],[-157.9654526,21.3307418],[-157.9654875,21.3306651],[-157.9655108,21.3306054],[-157.9655134,21.3305114]]}},{"type":"Feature","properties":{"h":"tertiary"},"geometry":{"type":"LineString","coordinates":[[-157.9442811,21.3848027],[-157.9441096,21.3849088],[-157.9440467,21.3849489],[-157.9433495,21.3853866],[-157.9431812,21.3854966]]}},{"type":"Feature","properties":{"h":"tertiary"},"geometry":{"type":"LineString","coordinates":[[-157.9245936,21.3776274],[-157.9245281,21.3777447],[-157.9244801,21.3778299],[-157.9244341,21.3779005],[-157.9243828,21.3779595],[-157.9243285,21.3780129],[-157.9242715,21.378061],[-157.9242074,21.3781055],[-157.9241102,21.3781593],[-157.9234494,21.378502],[-157.9205961,21.3799875],[-157.9205114,21.3800279],[-157.9204298,21.3800638],[-157.9203457,21.3800956],[-157.9202747,21.3801168],[-157.9201655,21.3801443],[-157.9200547,21.3801624],[-157.9199561,21.3801722],[-157.9198415,21.3801749],[-157.9197221,21.380169],[-157.9195463,21.3801535],[-157.9195182,21.3801511],[-157.9194012,21.3801411],[-157.9192999,21.3801325],[-157.9192703,21.38013],[-157.9173022,21.3799631],[-157.9172367,21.3799551],[-157.9171811,21.3799439],[-157.9171284,21.3799307],[-157.9170634,21.3799095],[-157.9170134,21.3798864],[-157.9169592,21.3798573],[-157.9169004,21.3798196],[-157.9168498,21.3797787],[-157.9168009,21.3797319],[-157.9167647,21.3796897],[-157.9167355,21.3796492],[-157.9167072,21.3796038],[-157.9166574,21.3794962],[-157.9166071,21.3794085],[-157.9165693,21.3793543],[-157.9165202,21.3792985],[-157.9164672,21.3792483],[-157.916422,21.3792136],[-157.9163824,21.3791874],[-157.9163454,21.3791671],[-157.9157328,21.3788344],[-157.9157059,21.3788198],[-157.9156331,21.3787787]]}},{"type":"Feature","properties":{"h":"secondary"},"geometry":{"type":"LineString","coordinates":[[-158.0346263,21.3294202],[-158.0325191,21.3302006],[-158.031389,21.330619],[-158.0284419,21.3317108],[-158.0283249,21.3317541]]}},{"type":"Feature","properties":{"h":"secondary"},"geometry":{"type":"LineString","coordinates":[[-157.9344983,21.3698542],[-157.9341831,21.3696875],[-157.9340583,21.3696575],[-157.9338952,21.3696502],[-157.933764,21.3696697],[-157.933599,21.3697299],[-157.9333778,21.3698805],[-157.9332563,21.3699716]]}},{"type":"Feature","properties":{"h":"tertiary"},"geometry":{"type":"LineString","coordinates":[[-158.0228196,21.3901011],[-158.022672,21.3901428],[-158.0224907,21.3902127],[-158.0219819,21.3904339],[-158.0209004,21.3909519],[-158.0206897,21.3910785],[-158.0205007,21.391232],[-158.0203372,21.391409],[-158.0202324,21.3915411],[-158.0202025,21.3916061],[-158.0200996,21.391819],[-158.0200304,21.3920435],[-158.0199961,21.3922344],[-158.0199826,21.3924277],[-158.0199966,21.392909],[-158.0200021,21.3936532],[-158.0200197,21.3939293],[-158.0200584,21.3941246],[-158.0201003,21.3942717],[-158.0201844,21.3945115],[-158.0206092,21.3955423],[-158.0206337,21.3956369],[-158.0206563,21.3957451],[-158.0207079,21.3961625],[-158.0207269,21.39627],[-158.0207918,21.3964869],[-158.0208804,21.3966773],[-158.0209595,21.3967842],[-158.0213817,21.3972046],[-158.0217528,21.3975491],[-158.0218992,21.3976396],[-158.0220577,21.3977101],[-158.0222254,21.3977592],[-158.0222875,21.3977688],[-158.0223987,21.3977859],[-158.0225744,21.3977898],[-158.0227489,21.3977706],[-158.0229188,21.3977289],[-158.0230807,21.3976654]]}},{"type":"Feature","properties":{"h":"tertiary"},"geometry":{"type":"LineString","coordinates":[[-158.023617,21.3699853],[-158.0237116,21.3700209],[-158.0238039,21.3700028],[-158.0244084,21.3698806],[-158.0246642,21.3698475],[-158.0247921,21.3698293],[-158.0251014,21.3698069],[-158.025364,21.3698101],[-158.0255069,21.3698184]]}},{"type":"Feature","properties":{"h":"tertiary"},"geometry":{"type":"LineString","coordinates":[[-157.9555286,21.3669067],[-157.9546961,21.366842],[-157.9545634,21.3668432],[-157.9544543,21.3668515],[-157.9543441,21.3668707],[-157.9542442,21.3669025],[-157.9541724,21.3669257],[-157.9540839,21.3669662],[-157.9539733,21.3670356],[-157.953874,21.3671036],[-157.953817,21.3671586],[-157.953699,21.3672835],[-157.9535582,21.3674402],[-157.9534476,21.3675532],[-157.9533309,21.3676688],[-157.9531036,21.367858],[-157.9529198,21.3679991],[-157.9526831,21.3681502],[-157.9524612,21.3682751],[-157.9522915,21.36836],[-157.9520937,21.3684475],[-157.9519402,21.3685061],[-157.9519334,21.3685087],[-157.9517537,21.3685686],[-157.9516062,21.3686123],[-157.951391,21.3686654],[-157.9511831,21.3687066],[-157.9509806,21.3687353],[-157.9507653,21.3687541],[-157.9494035,21.3688346]]}},{"type":"Feature","properties":{"h":"tertiary"},"geometry":{"type":"LineString","coordinates":[[-157.9375138,21.3643582],[-157.9377023,21.3644346]]}},{"type":"Feature","properties":{"h":"primary"},"geometry":{"type":"LineString","coordinates":[[-157.938992,21.3442981],[-157.9394897,21.3445603],[-157.940039,21.3447922],[-157.9408286,21.3450959],[-157.9418071,21.3456156],[-157.9423478,21.3460553]]}},{"type":"Feature","properties":{"h":"tertiary"},"geometry":{"type":"LineString","coordinates":[[-157.9242698,21.3774906],[-157.9241343,21.377455],[-157.9240442,21.37744],[-157.9239345,21.3774281],[-157.9237153,21.3774187],[-157.9236168,21.3774113],[-157.9235096,21.3773953],[-157.9234616,21.3773856],[-157.9233953,21.3773702],[-157.9232517,21.3773267],[-157.9228694,21.3771965],[-157.9227622,21.37716],[-157.9226706,21.3771261],[-157.9225549,21.3770759],[-157.9224731,21.3770375],[-157.9223918,21.3769927],[-157.9223283,21.3769536],[-157.9222561,21.3769048],[-157.9221909,21.3768557],[-157.9221059,21.3767856],[-157.9220295,21.3767149],[-157.9219557,21.3766398],[-157.9218892,21.3765628],[-157.9218307,21.376488],[-157.9217757,21.3764056],[-157.9217301,21.3763298],[-157.921687,21.3762518],[-157.9216498,21.3761745],[-157.9212809,21.3753126],[-157.9212517,21.3752428],[-157.9211899,21.3750931],[-157.9211672,21.3750366],[-157.9211497,21.3749816],[-157.921129,21.3748943],[-157.9211162,21.3748011],[-157.9211052,21.3746533],[-157.9210979,21.3745556],[-157.9210942,21.3744959],[-157.9210783,21.3743572],[-157.9210578,21.3742243],[-157.9210321,21.3741245],[-157.9209916,21.3740098],[-157.9209459,21.3739092],[-157.9208983,21.3738227],[-157.9208476,21.3737482],[-157.9208037,21.3736934],[-157.9207604,21.3736426],[-157.9206808,21.373561],[-157.9206129,21.3735016],[-157.9205435,21.3734457]]}},{"type":"Feature","properties":{"h":"tertiary"},"geometry":{"type":"LineString","coordinates":[[-157.9308892,21.3840238],[-157.9306443,21.3838304],[-157.9306048,21.3837995],[-157.9304121,21.3836303],[-157.9302158,21.383446],[-157.930125,21.3833491],[-157.9300589,21.3832797],[-157.9296163,21.3828147],[-157.9293959,21.3825739],[-157.9293542,21.3825284],[-157.9291239,21.3822968],[-157.9290796,21.3822531]]}},{"type":"Feature","properties":{"h":"tertiary"},"geometry":{"type":"LineString","coordinates":[[-157.9283386,21.3799221],[-157.928194,21.3796956]]}},{"type":"Feature","properties":{"h":"tertiary"},"geometry":{"type":"LineString","coordinates":[[-157.9394722,21.3645968],[-157.9395775,21.3643184],[-157.9396574,21.3641071],[-157.9397351,21.3639018],[-157.9405799,21.3616899],[-157.9409363,21.3607582]]}},{"type":"Feature","properties":{"h":"tertiary"},"geometry":{"type":"LineString","coordinates":[[-158.0267076,21.3801693],[-158.0266007,21.3802298],[-158.0263297,21.3803829],[-158.0253349,21.3809451],[-158.025204,21.3810191]]}},{"type":"Feature","properties":{"h":"trunk"},"geometry":{"type":"LineString","coordinates":[[-158.0258168,21.3724635],[-158.0258551,21.3731114],[-158.0259021,21.3735873],[-158.025968,21.3740235],[-158.0260322,21.3743541],[-158.026107,21.3746938],[-158.0261756,21.3749673],[-158.0262561,21.3752595],[-158.026381,21.3756595]]}},{"type":"Feature","properties":{"h":"tertiary"},"geometry":{"type":"LineString","coordinates":[[-157.9405054,21.381796],[-157.940471,21.3817099],[-157.9404483,21.3816552],[-157.9404318,21.3816068],[-157.940425,21.381551],[-157.9404234,21.3814993],[-157.9404291,21.3814509],[-157.9404451,21.3813919],[-157.9404776,21.3813212],[-157.9406201,21.3810512],[-157.9406541,21.3809867]]}},{"type":"Feature","properties":{"h":"tertiary"},"geometry":{"type":"LineString","coordinates":[[-157.9458285,21.3404527],[-157.9454896,21.3403803],[-157.9453961,21.3403521],[-157.9452954,21.3403059],[-157.9451503,21.3402079]]}},{"type":"Feature","properties":{"h":"secondary"},"geometry":{"type":"LineString","coordinates":[[-157.9744249,21.395403],[-157.9744041,21.395483],[-157.9743939,21.3955238],[-157.9743837,21.3955993],[-157.9743838,21.3956644],[-157.9743847,21.3957107],[-157.9744032,21.3957737],[-157.9744676,21.3958916]]}},{"type":"Feature","properties":{"h":"tertiary"},"geometry":{"type":"LineString","coordinates":[[-157.9485829,21.3851202],[-157.9484637,21.3853525],[-157.9484312,21.3854286],[-157.9484102,21.3854819],[-157.9483923,21.3855312],[-157.9483779,21.3855815],[-157.9483441,21.385724],[-157.9483179,21.3858325],[-157.9483061,21.3858746],[-157.9482924,21.3859165],[-157.9482737,21.385966],[-157.9482464,21.386032],[-157.9482126,21.3860973],[-157.9481315,21.3862429],[-157.9481042,21.386291],[-157.9480881,21.3863202],[-157.9480525,21.3863883],[-157.9480268,21.3864451],[-157.9479987,21.3865141],[-157.9479433,21.3866513],[-157.9479114,21.3867507],[-157.947891,21.3868231],[-157.9478766,21.3868915],[-157.9478666,21.3869562],[-157.9478582,21.3870189],[-157.9478511,21.3871256],[-157.9478442,21.3872383],[-157.9478354,21.387323],[-157.9478191,21.3874264],[-157.9478048,21.387498],[-157.9477851,21.3875733],[-157.9477664,21.3876321],[-157.9477435,21.3876954],[-157.947717,21.3877623],[-157.9476728,21.3878575],[-157.9473767,21.3884293],[-157.9473064,21.3885741],[-157.9472486,21.3887124],[-157.9471987,21.388841],[-157.9471608,21.3889471],[-157.9471383,21.3890269],[-157.9471235,21.3890925],[-157.9471128,21.3891579],[-157.9471085,21.3892217],[-157.9471097,21.3892897],[-157.9471189,21.3893611],[-157.947133,21.3894208],[-157.9471556,21.3894865],[-157.9471953,21.3895694],[-157.9472408,21.3896431],[-157.9472895,21.3897043],[-157.9473359,21.3897475],[-157.9473918,21.3897858],[-157.9474568,21.3898238],[-157.9475518,21.3898705],[-157.9476225,21.3898999]]}},{"type":"Feature","properties":{"h":"tertiary"},"geometry":{"type":"LineString","coordinates":[[-157.984249,21.3986089],[-157.9842885,21.3987243],[-157.9844246,21.3989981],[-157.9844622,21.3990851],[-157.9844906,21.3991582],[-157.9845132,21.3992543],[-157.9845259,21.3993605],[-157.9845226,21.3994641],[-157.9844997,21.3995697],[-157.9844696,21.3996645],[-157.9843985,21.3998143],[-157.9843052,21.3999748],[-157.9840304,21.4004392],[-157.983956,21.400561],[-157.9838778,21.4006859],[-157.9833731,21.401398],[-157.9826043,21.4024917],[-157.9825205,21.4026097],[-157.9823265,21.4028809],[-157.9821824,21.403057],[-157.9819944,21.4032574],[-157.9817026,21.403506],[-157.9814596,21.4036846],[-157.9812704,21.4037943],[-157.9810845,21.403893],[-157.9795383,21.4045954],[-157.9787195,21.4049634],[-157.9785448,21.4050497],[-157.978375,21.4051447],[-157.9782031,21.4052435],[-157.9780454,21.4053477],[-157.9778258,21.4055336],[-157.9776501,21.4056917],[-157.9775294,21.405812],[-157.9773343,21.4060505],[-157.9772273,21.4062074],[-157.9771157,21.4063858],[-157.9770158,21.4065712],[-157.9761541,21.4083155],[-157.9760258,21.4085894],[-157.9759583,21.4087437],[-157.9759221,21.4088448],[-157.9758966,21.4089297],[-157.9758449,21.4091364],[-157.9758168,21.4092263],[-157.97578,21.4093118],[-157.9757381,21.4093843],[-157.9756988,21.4094345],[-157.9756552,21.4094816],[-157.9755955,21.4095328],[-157.9755412,21.409571],[-157.9754725,21.4096103],[-157.9753695,21.4096533],[-157.9737924,21.4101639]]}},{"type":"Feature","properties":{"h":"tertiary"},"geometry":{"type":"LineString","coordinates":[[-157.9502053,21.3436187],[-157.9500675,21.3435953],[-157.9499743,21.3435644],[-157.9498661,21.3435044],[-157.9497741,21.3434273],[-157.9494883,21.3431604],[-157.9491039,21.3428078],[-157.948614,21.342337],[-157.9483527,21.3420904],[-157.9482887,21.342028],[-157.9479476,21.3417092],[-157.9477705,21.3415378],[-157.9473707,21.3412139],[-157.9470171,21.3409834],[-157.9465689,21.3407484],[-157.9462578,21.3406147],[-157.9458285,21.3404527]]}},{"type":"Feature","properties":{"h":"tertiary"},"geometry":{"type":"LineString","coordinates":[[-157.9297287,21.3407294],[-157.9301834,21.3399334]]}},{"type":"Feature","properties":{"h":"tertiary"},"geometry":{"type":"LineString","coordinates":[[-157.9256705,21.3613729],[-157.9257197,21.3613602],[-157.925771,21.361348],[-157.9263468,21.3612111],[-157.9270795,21.3610481],[-157.9274571,21.3609613],[-157.9274873,21.3609544],[-157.9275735,21.3608771]]}},{"type":"Feature","properties":{"h":"tertiary"},"geometry":{"type":"LineString","coordinates":[[-157.9290486,21.342568],[-157.9291848,21.3426605],[-157.9292983,21.3427632],[-157.9293908,21.3428569],[-157.9296127,21.3431196],[-157.9299815,21.3435082],[-157.9301378,21.3437288],[-157.9302586,21.3439035],[-157.9304498,21.3441545],[-157.9305997,21.3443209],[-157.930637,21.3443584]]}},{"type":"Feature","properties":{"h":"secondary"},"geometry":{"type":"LineString","coordinates":[[-157.930666,21.3767666],[-157.9307178,21.3768568],[-157.9307565,21.3769446],[-157.9308054,21.3770763],[-157.930845,21.3772118]]}},{"type":"Feature","properties":{"h":"tertiary"},"geometry":{"type":"LineString","coordinates":[[-157.9255839,21.3614108],[-157.9255575,21.3614987],[-157.9255486,21.3615277],[-157.9254958,21.3616478],[-157.925449,21.361735],[-157.925337,21.3618561],[-157.9252215,21.3619508],[-157.9251801,21.3619847],[-157.9251209,21.3620343],[-157.9230252,21.363797],[-157.9229708,21.3638449]]}},{"type":"Feature","properties":{"h":"tertiary"},"geometry":{"type":"LineString","coordinates":[[-157.9373002,21.3792439],[-157.9371796,21.379382]]}},{"type":"Feature","properties":{"h":"tertiary"},"geometry":{"type":"LineString","coordinates":[[-158.0240595,21.379072],[-158.0240343,21.3790292],[-158.0239216,21.3788376],[-158.0238363,21.3786926],[-158.0238209,21.3786665],[-158.0237187,21.3784928],[-158.0236928,21.3784487],[-158.023593,21.3782792],[-158.0235,21.378121]]}},{"type":"Feature","properties":{"h":"tertiary"},"geometry":{"type":"LineString","coordinates":[[-157.9798881,21.3945817],[-157.9798323,21.3945437],[-157.9797742,21.3944886],[-157.979728,21.3944211],[-157.979694,21.394347],[-157.9796696,21.3942683],[-157.9796739,21.3941738]]}},{"type":"Feature","properties":{"h":"primary"},"geometry":{"type":"LineString","coordinates":[[-157.9757095,21.3958064],[-157.9759962,21.3958849],[-157.9767474,21.3961037],[-157.9771742,21.3962322],[-157.9775516,21.3963435]]}},{"type":"Feature","properties":{"h":"primary"},"geometry":{"type":"LineString","coordinates":[[-157.9331303,21.3727554],[-157.9329502,21.3731416],[-157.9328481,21.3733434],[-157.9327014,21.3737506],[-157.9326654,21.3739512],[-157.9326344,21.3741661],[-157.9326128,21.3745136],[-157.9326257,21.3747218],[-157.9326609,21.3749079],[-157.9326974,21.3750934],[-157.9327774,21.3753662],[-157.9329307,21.3757438],[-157.9330667,21.3759927],[-157.9332887,21.3762817],[-157.9335482,21.3765511],[-157.9341383,21.377026]]}},{"type":"Feature","properties":{"h":"tertiary"},"geometry":{"type":"LineString","coordinates":[[-157.9237367,21.3466386],[-157.923963,21.3468056],[-157.9241695,21.3470005],[-157.9246818,21.3475476],[-157.9249745,21.3477349]]}},{"type":"Feature","properties":{"h":"tertiary"},"geometry":{"type":"LineString","coordinates":[[-157.946008,21.3995804],[-157.9459651,21.3996488],[-157.9459602,21.3996566],[-157.9456892,21.3999992],[-157.9440542,21.4020665],[-157.9440383,21.4020864],[-157.9439977,21.4021374],[-157.9439569,21.4021885],[-157.9439551,21.4021908],[-157.94309,21.4032866],[-157.9430487,21.4033345],[-157.9430147,21.4033685],[-157.9429574,21.4034166],[-157.9428981,21.4034563],[-157.9428294,21.403494],[-157.9427506,21.4035263],[-157.9426658,21.4035488],[-157.9425981,21.4035608],[-157.9421674,21.4036124],[-157.9420795,21.4036229],[-157.9419983,21.4036326],[-157.9406439,21.4037949],[-157.9404783,21.4038164],[-157.9403765,21.4038361],[-157.9402745,21.4038646],[-157.9401867,21.4038967],[-157.9400915,21.4039386],[-157.9400214,21.403976],[-157.9399504,21.4040187],[-157.9398376,21.4041008],[-157.9397519,21.4041776],[-157.9396809,21.4042522],[-157.9396117,21.4043412],[-157.93956,21.4044146],[-157.9395106,21.4045035],[-157.9394696,21.4045918],[-157.9394373,21.404683],[-157.9394121,21.4047756],[-157.9393936,21.4048725],[-157.9393825,21.4049831],[-157.9393804,21.4050516],[-157.939382,21.4051172],[-157.9393917,21.4051927],[-157.9394458,21.4055946],[-157.9395072,21.4060306],[-157.9395145,21.4061223],[-157.9395172,21.4062206],[-157.9395156,21.4063019],[-157.9395051,21.4063793],[-157.9394925,21.4064516],[-157.9394565,21.4065886],[-157.9394276,21.4066667],[-157.939389,21.4067511],[-157.9393397,21.4068409]]}},{"type":"Feature","properties":{"h":"tertiary"},"geometry":{"type":"LineString","coordinates":[[-157.949945,21.3345944],[-157.949751,21.3347679],[-157.9496042,21.3349221],[-157.9495433,21.3349861],[-157.9493245,21.3352383],[-157.9490278,21.3356626],[-157.9479539,21.3377672],[-157.9478194,21.3380155],[-157.9476826,21.3381942],[-157.9475066,21.3383694],[-157.9473195,21.3385104],[-157.9471168,21.3386276],[-157.9466169,21.3388338],[-157.9464598,21.3388914],[-157.9459496,21.3390923],[-157.9457855,21.3391965],[-157.9456233,21.3393375],[-157.9452964,21.3396599]]}},{"type":"Feature","properties":{"h":"tertiary"},"geometry":{"type":"LineString","coordinates":[[-157.946052,21.3406706],[-157.946191,21.340739],[-157.9464992,21.340883],[-157.94692,21.3411131],[-157.9472652,21.3413443],[-157.9476501,21.3416543],[-157.9480602,21.3420378],[-157.948217,21.3421844]]}},{"type":"Feature","properties":{"h":"motorway"},"geometry":{"type":"LineString","coordinates":[[-158.0319009,21.383804],[-158.0260668,21.3870963]]}},{"type":"Feature","properties":{"h":"motorway"},"geometry":{"type":"LineString","coordinates":[[-158.0230203,21.388757],[-158.0225414,21.3890319],[-158.0215933,21.3894753],[-158.0206178,21.3898562],[-158.0189072,21.3903935]]}},{"type":"Feature","properties":{"h":"motorway"},"geometry":{"type":"LineString","coordinates":[[-158.0232922,21.3885916],[-158.0230203,21.388757]]}},{"type":"Feature","properties":{"h":"motorway"},"geometry":{"type":"LineString","coordinates":[[-158.0189072,21.3903935],[-158.016593,21.391143]]}},{"type":"Feature","properties":{"h":"motorway"},"geometry":{"type":"LineString","coordinates":[[-158.0263948,21.3871595],[-158.0277881,21.3863672],[-158.028972,21.3857107],[-158.0320356,21.3840079]]}},{"type":"Feature","properties":{"h":"motorway"},"geometry":{"type":"LineString","coordinates":[[-158.0231409,21.3890189],[-158.023442,21.3888547]]}},{"type":"Feature","properties":{"h":"motorway"},"geometry":{"type":"LineString","coordinates":[[-158.0166659,21.3913624],[-158.0189806,21.3906179]]}},{"type":"Feature","properties":{"h":"motorway"},"geometry":{"type":"LineString","coordinates":[[-158.0189806,21.3906179],[-158.0209094,21.3900405],[-158.021798,21.3896905],[-158.0226534,21.3892749],[-158.0231409,21.3890189]]}},{"type":"Feature","properties":{"h":"motorway"},"geometry":{"type":"LineString","coordinates":[[-158.0094288,21.3965721],[-158.009927,21.396214]]}},{"type":"Feature","properties":{"h":"motorway"},"geometry":{"type":"LineString","coordinates":[[-158.009927,21.396214],[-158.0106434,21.3956538],[-158.0115461,21.3948851],[-158.0122799,21.3942297],[-158.0128321,21.3937864],[-158.0139276,21.3927631],[-158.0142967,21.3924594],[-158.0148202,21.3921317],[-158.0153781,21.391852],[-158.0159103,21.3916362],[-158.0166659,21.3913624]]}},{"type":"Feature","properties":{"h":"motorway"},"geometry":{"type":"LineString","coordinates":[[-158.0000745,21.3993481],[-158.0006152,21.399404],[-158.001259,21.39942],[-158.001937,21.399404],[-158.0025636,21.3993161],[-158.0031215,21.3992282],[-158.0036107,21.3991163],[-158.0044776,21.3988926]]}},{"type":"Feature","properties":{"h":"motorway"},"geometry":{"type":"LineString","coordinates":[[-157.9995462,21.399266],[-158.0000745,21.3993481]]}},{"type":"Feature","properties":{"h":"tertiary"},"geometry":{"type":"LineString","coordinates":[[-157.99343,21.3983165],[-157.99331,21.3984922]]}},{"type":"Feature","properties":{"h":"tertiary"},"geometry":{"type":"LineString","coordinates":[[-157.9939509,21.3975396],[-157.99343,21.3983165]]}},{"type":"Feature","properties":{"h":"motorway"},"geometry":{"type":"LineString","coordinates":[[-157.9883391,21.4017983],[-157.98834,21.401234],[-157.98834,21.4004202],[-157.9883393,21.400099],[-157.9883139,21.3998467],[-157.9882896,21.3996983]]}},{"type":"Feature","properties":{"h":"motorway"},"geometry":{"type":"LineString","coordinates":[[-157.9882896,21.3996983],[-157.9882141,21.399359],[-157.9881349,21.3990977],[-157.9880381,21.3988325],[-157.9879426,21.3986073],[-157.9878322,21.398396],[-157.9877093,21.3981926]]}},{"type":"Feature","properties":{"h":"motorway"},"geometry":{"type":"LineString","coordinates":[[-157.9877093,21.3981926],[-157.9876172,21.3980484],[-157.9875087,21.3979029],[-157.9873756,21.3977411],[-157.987273,21.397624],[-157.9870983,21.3974501]]}},{"type":"Feature","properties":{"h":"motorway"},"geometry":{"type":"LineString","coordinates":[[-157.9864661,21.3979491],[-157.9866349,21.3981317]]}},{"type":"Feature","properties":{"h":"motorway"},"geometry":{"type":"LineString","coordinates":[[-157.9866349,21.3981317],[-157.9867559,21.3982854],[-157.9869009,21.398489],[-157.9870209,21.3986895],[-157.9871159,21.3988626],[-157.9872009,21.3990367],[-157.9872765,21.3992178],[-157.9873381,21.3993851],[-157.9873952,21.3995721],[-157.9874429,21.3997728],[-157.9874879,21.4000014],[-157.9875362,21.4003858]]}},{"type":"Feature","properties":{"h":"tertiary"},"geometry":{"type":"LineString","coordinates":[[-157.9804093,21.3971549],[-157.9800921,21.3970619],[-157.9795268,21.3968962],[-157.9794159,21.3968602],[-157.9792996,21.3968157],[-157.9791226,21.396732],[-157.9788641,21.3965899]]}},{"type":"Feature","properties":{"h":"motorway"},"geometry":{"type":"LineString","coordinates":[[-157.9821305,21.3948856],[-157.9826625,21.3951152],[-157.9832866,21.3954048],[-157.9835492,21.3955503],[-157.983828,21.395719],[-157.9841272,21.3959038],[-157.9848486,21.396412],[-157.9853469,21.3967645],[-157.9857019,21.3969991],[-157.9860772,21.3972144],[-157.9864399,21.3973965],[-157.9867088,21.3975178],[-157.9870441,21.3976528],[-157.9872496,21.39773],[-157.9875662,21.3978344],[-157.9878912,21.3979187],[-157.9883791,21.398009],[-157.9886712,21.3980487],[-157.9889599,21.3980861],[-157.9892666,21.3981087],[-157.9897044,21.3981285],[-157.9901558,21.3981202],[-157.9907028,21.3981027]]}},{"type":"Feature","properties":{"h":"motorway"},"geometry":{"type":"LineString","coordinates":[[-157.9622235,21.3912164],[-157.962943,21.3909269],[-157.9632737,21.3907915],[-157.9636152,21.390659],[-157.9638666,21.3905681],[-157.9641811,21.390462],[-157.9645446,21.3903561],[-157.9649164,21.3902619],[-157.9652795,21.3901834],[-157.9656645,21.3901129],[-157.9660609,21.3900506],[-157.9664012,21.390011],[-157.9668103,21.3899773],[-157.9672263,21.3899549],[-157.9676232,21.3899547],[-157.9680061,21.3899649],[-157.9683557,21.3899819],[-157.9687828,21.3900283],[-157.9691771,21.3900791],[-157.9695784,21.3901434],[-157.9699986,21.3902348],[-157.970379,21.3903306],[-157.970713,21.3904245],[-157.9710476,21.3905303],[-157.9722238,21.3909864],[-157.9785498,21.3934652]]}},{"type":"Feature","properties":{"h":"motorway"},"geometry":{"type":"LineString","coordinates":[[-157.9596377,21.3922744],[-157.9622235,21.3912164]]}},{"type":"Feature","properties":{"h":"motorway"},"geometry":{"type":"LineString","coordinates":[[-157.9589169,21.3925691],[-157.9596377,21.3922744]]}},{"type":"Feature","properties":{"h":"tertiary"},"geometry":{"type":"LineString","coordinates":[[-157.9509649,21.401003],[-157.9511231,21.4000907],[-157.9511672,21.399831],[-157.9511787,21.3997406],[-157.9511886,21.3996551],[-157.9511935,21.3995714],[-157.9511943,21.399491],[-157.9511941,21.3994155],[-157.9511871,21.3987956],[-157.9511823,21.3983785],[-157.9511808,21.3982386],[-157.9511841,21.3981524],[-157.9511912,21.398083],[-157.9512073,21.3979856],[-157.951221,21.3979238],[-157.9512438,21.3978415],[-157.9512805,21.3977381],[-157.9515304,21.3970565],[-157.9515726,21.3969416]]}},{"type":"Feature","properties":{"h":"tertiary"},"geometry":{"type":"LineString","coordinates":[[-157.9529251,21.3932508],[-157.9531176,21.3927265]]}},{"type":"Feature","properties":{"h":"motorway"},"geometry":{"type":"LineString","coordinates":[[-157.9452148,21.3902834],[-157.9486992,21.3915566]]}},{"type":"Feature","properties":{"h":"motorway"},"geometry":{"type":"LineString","coordinates":[[-157.9486992,21.3915566],[-157.9524642,21.392941],[-157.9528335,21.3930609],[-157.9532616,21.3931756],[-157.953662,21.3932715]]}},{"type":"Feature","properties":{"h":"tertiary"},"geometry":{"type":"LineString","coordinates":[[-157.9411143,21.3883437],[-157.9408976,21.388856]]}},{"type":"Feature","properties":{"h":"tertiary"},"geometry":{"type":"LineString","coordinates":[[-157.9408976,21.388856],[-157.9408142,21.3890543],[-157.9406372,21.389475],[-157.940358,21.3901371],[-157.9402286,21.390444],[-157.9401956,21.3905223],[-157.9401527,21.3906242],[-157.940035,21.3909034],[-157.94,21.3909864],[-157.9399396,21.3911297],[-157.9398981,21.3912243],[-157.9398587,21.3913109],[-157.9398029,21.3914232],[-157.9397485,21.3915215],[-157.9396751,21.3916373],[-157.9396315,21.3917019],[-157.9395653,21.391792],[-157.9394753,21.391903],[-157.9393914,21.3919973],[-157.9393435,21.3920472]]}},{"type":"Feature","properties":{"h":"tertiary"},"geometry":{"type":"LineString","coordinates":[[-157.9326841,21.384151],[-157.932418,21.3843198],[-157.932358,21.3843613],[-157.9322914,21.3844193],[-157.9322195,21.3844916]]}},{"type":"Feature","properties":{"h":"tertiary"},"geometry":{"type":"LineString","coordinates":[[-157.9285525,21.380242],[-157.9284986,21.380274],[-157.9281442,21.3804842],[-157.9280762,21.3805274],[-157.9280045,21.3805842],[-157.9279358,21.3806488],[-157.9278792,21.3807124]]}},{"type":"Feature","properties":{"h":"tertiary"},"geometry":{"type":"LineString","coordinates":[[-157.929462,21.3797046],[-157.9295914,21.3796278]]}},{"type":"Feature","properties":{"h":"tertiary"},"geometry":{"type":"LineString","coordinates":[[-157.9267822,21.3773739],[-157.9266467,21.3774683],[-157.9265111,21.3775542],[-157.9263978,21.3776186],[-157.9262644,21.3776862],[-157.9257482,21.3779542],[-157.9256579,21.3780301],[-157.9256065,21.3780957]]}},{"type":"Feature","properties":{"h":"tertiary"},"geometry":{"type":"LineString","coordinates":[[-157.9274008,21.3769388],[-157.9267822,21.3773739]]}},{"type":"Feature","properties":{"h":"motorway"},"geometry":{"type":"LineString","coordinates":[[-157.926267,21.3700554],[-157.9261007,21.3703904]]}},{"type":"Feature","properties":{"h":"motorway"},"geometry":{"type":"LineString","coordinates":[[-157.9285805,21.3793704],[-157.9288951,21.379776],[-157.9311116,21.3827452],[-157.931938,21.3838668],[-157.9321409,21.3841389],[-157.9323837,21.3844464],[-157.9325062,21.3845787],[-157.9327966,21.3848894],[-157.9330972,21.3851771],[-157.9335992,21.3855861],[-157.9341451,21.3859724],[-157.9344785,21.3861815],[-157.9348241,21.3863824],[-157.935085,21.3865121],[-157.935358,21.3866389],[-157.9356968,21.3867817],[-157.9361381,21.3869527],[-157.9383872,21.3877774]]}},{"type":"Feature","properties":{"h":"motorway"},"geometry":{"type":"LineString","coordinates":[[-157.9272073,21.3680377],[-157.926267,21.3700554]]}},{"type":"Feature","properties":{"h":"motorway"},"geometry":{"type":"LineString","coordinates":[[-157.9293563,21.3633904],[-157.927726,21.3668181]]}},{"type":"Feature","properties":{"h":"tertiary"},"geometry":{"type":"LineString","coordinates":[[-157.9325163,21.3521208],[-157.9329622,21.3522997]]}},{"type":"Feature","properties":{"h":"primary"},"geometry":{"type":"LineString","coordinates":[[-157.9300529,21.3410757],[-157.9305778,21.3417692],[-157.9310168,21.3423248],[-157.9311363,21.3424437],[-157.9312462,21.3425395],[-157.9313753,21.3426275],[-157.9315085,21.3427052],[-157.9316378,21.34277],[-157.9317935,21.3428329],[-157.9319848,21.3428992],[-157.932164,21.3429509],[-157.9323196,21.3429739],[-157.9324327,21.3429829],[-157.9326459,21.3429869],[-157.9328031,21.3429815],[-157.932976,21.3429665],[-157.9331118,21.3429441],[-157.9332507,21.3429072],[-157.9333956,21.3428625],[-157.9335661,21.3428063],[-157.9339557,21.3426753],[-157.9340946,21.3426395],[-157.9343146,21.342595],[-157.9345215,21.3425622],[-157.9346986,21.3425409]]}},{"type":"Feature","properties":{"h":"motorway"},"geometry":{"type":"LineString","coordinates":[[-157.932094,21.3427648],[-157.9322879,21.3430715]]}},{"type":"Feature","properties":{"h":"motorway"},"geometry":{"type":"LineString","coordinates":[[-157.9322879,21.3430715],[-157.9324133,21.3432929],[-157.9325379,21.3435477],[-157.9326749,21.3438328],[-157.9328243,21.3441893],[-157.9329531,21.3445402],[-157.9330746,21.3449012],[-157.9331592,21.3452245],[-157.9332308,21.3455305],[-157.9333014,21.3459113],[-157.9333504,21.3462921],[-157.9333955,21.3468947],[-157.9334005,21.3472325],[-157.9333824,21.3475771],[-157.9333478,21.3479199],[-157.9332924,21.348298],[-157.9332122,21.3487406],[-157.9325457,21.3518867]]}},{"type":"Feature","properties":{"h":"motorway"},"geometry":{"type":"LineString","coordinates":[[-157.9301456,21.3407156],[-157.9304258,21.34094],[-157.9307026,21.3411771],[-157.931204,21.3416711]]}},{"type":"Feature","properties":{"h":"tertiary"},"geometry":{"type":"LineString","coordinates":[[-158.0131997,21.392875],[-158.0136272,21.3934032]]}},{"type":"Feature","properties":{"h":"motorway"},"geometry":{"type":"LineString","coordinates":[[-158.0000623,21.3991088],[-157.9995944,21.3990348]]}},{"type":"Feature","properties":{"h":"motorway"},"geometry":{"type":"LineString","coordinates":[[-157.9992269,21.3989613],[-157.9974323,21.3985849],[-157.99633,21.398349],[-157.99493,21.3980712],[-157.9941298,21.3979193],[-157.993849,21.3978606]]}},{"type":"Feature","properties":{"h":"primary"},"geometry":{"type":"LineString","coordinates":[[-157.9914796,21.3973214],[-157.9907652,21.3959609],[-157.9904965,21.3954525],[-157.9900584,21.3946342],[-157.9899068,21.3943564],[-157.9898459,21.3942479],[-157.9897843,21.3941474],[-157.9896731,21.3940001]]}},{"type":"Feature","properties":{"h":"primary"},"geometry":{"type":"LineString","coordinates":[[-157.9921662,21.3985402],[-157.9914796,21.3973214]]}},{"type":"Feature","properties":{"h":"motorway"},"geometry":{"type":"LineString","coordinates":[[-157.9785163,21.3932052],[-157.9774678,21.3928303],[-157.9749207,21.3918263],[-157.9711592,21.3903738],[-157.9706927,21.3902324]]}},{"type":"Feature","properties":{"h":"motorway"},"geometry":{"type":"LineString","coordinates":[[-157.9487658,21.3913509],[-157.9452973,21.3900786]]}},{"type":"Feature","properties":{"h":"motorway"},"geometry":{"type":"LineString","coordinates":[[-157.9452973,21.3900786],[-157.9385217,21.3875947]]}},{"type":"Feature","properties":{"h":"motorway"},"geometry":{"type":"LineString","coordinates":[[-157.9263321,21.3703607],[-157.9265019,21.3700176]]}},{"type":"Feature","properties":{"h":"motorway"},"geometry":{"type":"LineString","coordinates":[[-157.9265019,21.3700176],[-157.9273384,21.3682147]]}},{"type":"Feature","properties":{"h":"motorway"},"geometry":{"type":"LineString","coordinates":[[-157.9285432,21.3656583],[-157.9295258,21.3635698]]}},{"type":"Feature","properties":{"h":"motorway"},"geometry":{"type":"LineString","coordinates":[[-157.9295258,21.3635698],[-157.9304577,21.3614301],[-157.930646,21.3609905],[-157.9308166,21.360549],[-157.9309644,21.3601479],[-157.9311156,21.3596821],[-157.9312317,21.3592829],[-157.9313534,21.3588035],[-157.9314729,21.3582743],[-157.931729,21.357045],[-157.932704,21.3523166]]}},{"type":"Feature","properties":{"h":"primary"},"geometry":{"type":"LineString","coordinates":[[-157.9378907,21.3628693],[-157.9377043,21.361981],[-157.9375563,21.3613135],[-157.9372986,21.3601369],[-157.9371774,21.359601],[-157.936968,21.3586375],[-157.9363925,21.3559763],[-157.936132,21.3548268],[-157.9357721,21.3533858]]}},{"type":"Feature","properties":{"h":"motorway"},"geometry":{"type":"LineString","coordinates":[[-157.924923,21.3385414],[-157.9211986,21.3380058],[-157.9197512,21.3377945],[-157.9191699,21.3377023],[-157.9173986,21.3374351],[-157.9160067,21.3372129],[-157.9134171,21.3368313],[-157.9100671,21.3363319],[-157.9063136,21.3357607]]}},{"type":"Feature","properties":{"h":"motorway"},"geometry":{"type":"LineString","coordinates":[[-157.9217202,21.3701668],[-157.9213428,21.3700723]]}},{"type":"Feature","properties":{"h":"motorway"},"geometry":{"type":"LineString","coordinates":[[-157.9594444,21.3921658],[-157.958747,21.3924566]]}},{"type":"Feature","properties":{"h":"motorway"},"geometry":{"type":"LineString","coordinates":[[-157.9566121,21.3931195],[-157.9563696,21.3931555],[-157.9560547,21.3931965],[-157.9557332,21.3932181],[-157.9553865,21.3932303],[-157.9550695,21.3932323],[-157.9547996,21.393224],[-157.9545269,21.3932022],[-157.9542473,21.3931677],[-157.9539345,21.3931194],[-157.9536426,21.3930591],[-157.9533303,21.392981],[-157.9529132,21.3928542],[-157.9525139,21.3927267],[-157.9487658,21.3913509]]}},{"type":"Feature","properties":{"h":"motorway"},"geometry":{"type":"LineString","coordinates":[[-157.9324616,21.3428562],[-157.9323632,21.3427114],[-157.9321063,21.3423248],[-157.9318487,21.3419733],[-157.9316284,21.3417124],[-157.9313585,21.341419],[-157.9310179,21.3410728]]}},{"type":"Feature","properties":{"h":"motorway"},"geometry":{"type":"LineString","coordinates":[[-157.9326124,21.3431075],[-157.9324616,21.3428562]]}},{"type":"Feature","properties":{"h":"primary"},"geometry":{"type":"LineString","coordinates":[[-157.9761017,21.3957231],[-157.9759415,21.3956894],[-157.9757677,21.3956429],[-157.9755485,21.3955807]]}},{"type":"Feature","properties":{"h":"primary"},"geometry":{"type":"LineString","coordinates":[[-157.9353536,21.3523053],[-157.9354208,21.3526448],[-157.9354357,21.3527202]]}},{"type":"Feature","properties":{"h":"tertiary"},"geometry":{"type":"LineString","coordinates":[[-157.9267501,21.3468555],[-157.926727,21.3467471],[-157.9267362,21.3465512],[-157.9267646,21.3464286],[-157.9268359,21.346226]]}},{"type":"Feature","properties":{"h":"motorway"},"geometry":{"type":"LineString","coordinates":[[-157.9255913,21.3731439],[-157.9249367,21.3727293]]}},{"type":"Feature","properties":{"h":"motorway"},"geometry":{"type":"LineString","coordinates":[[-157.9226549,21.3720834],[-157.9223742,21.3720817],[-157.9221825,21.3720896],[-157.9219358,21.3721045],[-157.9216819,21.3721186],[-157.9209896,21.3721263],[-157.9207236,21.3721428],[-157.9205037,21.372153],[-157.9202345,21.3721456],[-157.9199618,21.3721333],[-157.9197754,21.372115],[-157.9194287,21.3720762],[-157.919181,21.3720425],[-157.9189765,21.3720003],[-157.9187683,21.3719458],[-157.9185688,21.371888],[-157.9180356,21.3716872]]}},{"type":"Feature","properties":{"h":"secondary"},"geometry":{"type":"LineString","coordinates":[[-157.9206195,21.3692613],[-157.9202384,21.3696312],[-157.9200089,21.3699279],[-157.9198289,21.3702409]]}},{"type":"Feature","properties":{"h":"secondary"},"geometry":{"type":"LineString","coordinates":[[-157.9315681,21.3705962],[-157.9314365,21.3705378],[-157.9311881,21.3703652],[-157.9310591,21.3702156],[-157.9309494,21.3700313],[-157.9305969,21.3691426],[-157.9305499,21.3690226],[-157.9304997,21.368898]]}},{"type":"Feature","properties":{"h":"tertiary"},"geometry":{"type":"LineString","coordinates":[[-157.9358228,21.3701887],[-157.9357272,21.3702107]]}},{"type":"Feature","properties":{"h":"primary"},"geometry":{"type":"LineString","coordinates":[[-157.9330919,21.3427366],[-157.9330067,21.3425541],[-157.9329227,21.3423777],[-157.9328099,21.3421877],[-157.9326348,21.3419445],[-157.9324449,21.3416909],[-157.9320954,21.341295],[-157.9319223,21.3411208],[-157.931723,21.3409353],[-157.9315172,21.3407733],[-157.9313211,21.3406197],[-157.9309794,21.3403607]]}},{"type":"Feature","properties":{"h":"primary"},"geometry":{"type":"LineString","coordinates":[[-157.9332378,21.3430601],[-157.9330919,21.3427366]]}},{"type":"Feature","properties":{"h":"primary"},"geometry":{"type":"LineString","coordinates":[[-157.9339094,21.3462805],[-157.9338799,21.3459058],[-157.9337231,21.3452003],[-157.9336658,21.3448315],[-157.9336541,21.3447465],[-157.9336298,21.344571],[-157.9335005,21.3439424],[-157.933462,21.3437616],[-157.9334112,21.3435814],[-157.9333634,21.3434105],[-157.9332903,21.3431884]]}},{"type":"Feature","properties":{"h":"primary"},"geometry":{"type":"LineString","coordinates":[[-157.9332658,21.346456],[-157.9335957,21.3469221]]}},{"type":"Feature","properties":{"h":"primary"},"geometry":{"type":"LineString","coordinates":[[-157.9345077,21.3486088],[-157.9346201,21.3490336],[-157.9346415,21.3491124]]}},{"type":"Feature","properties":{"h":"primary"},"geometry":{"type":"LineString","coordinates":[[-157.9342607,21.3474243],[-157.934104,21.3470984],[-157.9340334,21.3469319],[-157.9339595,21.3466419]]}},{"type":"Feature","properties":{"h":"motorway"},"geometry":{"type":"LineString","coordinates":[[-157.9353571,21.3777091],[-157.9347173,21.3769836],[-157.934603,21.3768671],[-157.9344899,21.3767619],[-157.9342851,21.3765948],[-157.9341544,21.3765068],[-157.934031,21.3764293],[-157.933798,21.3763057],[-157.9336422,21.376238],[-157.9335348,21.3761974],[-157.9333816,21.3761468],[-157.933219,21.3761018],[-157.9330544,21.3760647],[-157.9329018,21.3760394]]}},{"type":"Feature","properties":{"h":"motorway"},"geometry":{"type":"LineString","coordinates":[[-157.9311209,21.3757795],[-157.9305495,21.3756985],[-157.9302692,21.3756554],[-157.9300524,21.3756115],[-157.9297136,21.3755354],[-157.9290225,21.3752799]]}},{"type":"Feature","properties":{"h":"primary"},"geometry":{"type":"LineString","coordinates":[[-157.9805338,21.3955258],[-157.980149,21.3955218],[-157.9795517,21.3955514],[-157.9787938,21.3956115]]}},{"type":"Feature","properties":{"h":"primary"},"geometry":{"type":"LineString","coordinates":[[-157.9838828,21.3961879],[-157.9840298,21.3961678],[-157.9842094,21.3961456],[-157.98439,21.3961144],[-157.9846354,21.3960639],[-157.9848848,21.3959972],[-157.9851446,21.3959249],[-157.9853928,21.3958522]]}},{"type":"Feature","properties":{"h":"primary"},"geometry":{"type":"LineString","coordinates":[[-157.9852,21.3957396],[-157.9849782,21.3958082],[-157.9847563,21.3958712],[-157.9845551,21.3959191],[-157.9843672,21.3959574],[-157.9842052,21.3959857],[-157.9840559,21.3960065],[-157.983871,21.3960276],[-157.9836996,21.396041]]}},{"type":"Feature","properties":{"h":"primary"},"geometry":{"type":"LineString","coordinates":[[-157.9853928,21.3958522],[-157.9862224,21.3956072],[-157.9871361,21.3953282]]}},{"type":"Feature","properties":{"h":"primary"},"geometry":{"type":"LineString","coordinates":[[-157.9543539,21.3872505],[-157.9544818,21.3873104],[-157.9547208,21.3874214],[-157.9550635,21.3875768],[-157.955572,21.3878097],[-157.9557801,21.3879048],[-157.9558818,21.3879513],[-157.9560019,21.388006],[-157.9561083,21.3880532],[-157.9562202,21.3881029],[-157.9563881,21.3881692],[-157.9564633,21.3881997],[-157.9568541,21.3883634],[-157.9573032,21.3885572],[-157.9576712,21.3887193],[-157.9579459,21.3888404],[-157.9591895,21.389408],[-157.9592444,21.3894349]]}},{"type":"Feature","properties":{"h":"primary"},"geometry":{"type":"LineString","coordinates":[[-157.9447642,21.3826776],[-157.9446553,21.3826262],[-157.9440708,21.3823625],[-157.9437459,21.3822136],[-157.9434662,21.3820888],[-157.9433071,21.3820207]]}},{"type":"Feature","properties":{"h":"primary"},"geometry":{"type":"LineString","coordinates":[[-157.9520743,21.3861812],[-157.9524756,21.3863658]]}},{"type":"Feature","properties":{"h":"tertiary"},"geometry":{"type":"LineString","coordinates":[[-157.9420039,21.3864467],[-157.9419085,21.3865474],[-157.941768,21.3867995],[-157.9416892,21.3869848]]}},{"type":"Feature","properties":{"h":"primary"},"geometry":{"type":"LineString","coordinates":[[-157.9525373,21.3862405],[-157.952136,21.3860557]]}},{"type":"Feature","properties":{"h":"tertiary"},"geometry":{"type":"LineString","coordinates":[[-158.0141893,21.3942099],[-158.0142445,21.3943582],[-158.0142925,21.3945109],[-158.0143236,21.3946635],[-158.0143471,21.3948502],[-158.0143476,21.3951252],[-158.014318,21.3953579],[-158.0142724,21.3955573],[-158.0142137,21.3957081],[-158.0141392,21.3958698],[-158.0140789,21.3959778],[-158.0140123,21.396083],[-158.0139602,21.3961538],[-158.0139059,21.3962225],[-158.0136153,21.39655],[-158.0134094,21.3967894],[-158.0131633,21.397057],[-158.0129899,21.3972552],[-158.0129135,21.39736],[-158.0128433,21.3974776],[-158.0127894,21.3975886],[-158.0127497,21.3976934],[-158.0127152,21.397814],[-158.0126922,21.3979632],[-158.0126882,21.3980843],[-158.0126876,21.3982081],[-158.0127242,21.3990288],[-158.0127183,21.3991974],[-158.0126994,21.3993502],[-158.0126792,21.3994614],[-158.0126209,21.3996741],[-158.0125679,21.3998216],[-158.0124796,21.4000072],[-158.0123563,21.4002061],[-158.0122643,21.4003256],[-158.0121786,21.400425],[-158.0119764,21.4006203],[-158.0117229,21.4008132]]}},{"type":"Feature","properties":{"h":"secondary"},"geometry":{"type":"LineString","coordinates":[[-158.0100097,21.3969003],[-158.009987,21.3968222],[-158.0098416,21.3964686],[-158.0096764,21.3961022]]}},{"type":"Feature","properties":{"h":"primary"},"geometry":{"type":"LineString","coordinates":[[-158.0295871,21.3747048],[-158.0289377,21.3749004],[-158.0285204,21.3750624],[-158.0281659,21.3752051]]}},{"type":"Feature","properties":{"h":"primary"},"geometry":{"type":"LineString","coordinates":[[-158.0199269,21.379682],[-158.020109,21.3795882],[-158.020471,21.3794016],[-158.0214402,21.3789019]]}},{"type":"Feature","properties":{"h":"primary"},"geometry":{"type":"LineString","coordinates":[[-158.0225155,21.3781684],[-158.0219271,21.3784709],[-158.0216575,21.3786095],[-158.0213924,21.3787458],[-158.0212971,21.3787948],[-158.020614,21.379146]]}},{"type":"Feature","properties":{"h":"primary"},"geometry":{"type":"LineString","coordinates":[[-158.0283,21.3753998],[-158.0286742,21.3752344],[-158.0297098,21.3748183],[-158.0300114,21.3747565]]}},{"type":"Feature","properties":{"h":"trunk"},"geometry":{"type":"LineString","coordinates":[[-158.0268718,21.3763721],[-158.0265641,21.3755855]]}},{"type":"Feature","properties":{"h":"trunk"},"geometry":{"type":"LineString","coordinates":[[-158.026381,21.3756595],[-158.0265309,21.376058],[-158.0266949,21.3764537]]}},{"type":"Feature","properties":{"h":"trunk"},"geometry":{"type":"LineString","coordinates":[[-158.0319163,21.3832764],[-158.0310686,21.3822668],[-158.0307601,21.3818974],[-158.0298623,21.3807831],[-158.0289625,21.379652],[-158.0284598,21.3790147],[-158.0280666,21.3784852],[-158.0276584,21.377891],[-158.0273961,21.3774562],[-158.0271681,21.3770366],[-158.0268718,21.3763721]]}},{"type":"Feature","properties":{"h":"trunk"},"geometry":{"type":"LineString","coordinates":[[-158.0266949,21.3764537],[-158.0270092,21.3771152],[-158.0273478,21.3777147],[-158.0274986,21.3779561],[-158.0277434,21.3783266],[-158.0279875,21.3786576],[-158.0283781,21.379159],[-158.0293403,21.3803785]]}},{"type":"Feature","properties":{"h":"trunk"},"geometry":{"type":"LineString","coordinates":[[-158.0265641,21.3755855],[-158.0262627,21.3745003],[-158.0261434,21.3739288],[-158.0260865,21.3734823],[-158.0260336,21.3726914],[-158.0260562,21.3721159]]}},{"type":"Feature","properties":{"h":"tertiary"},"geometry":{"type":"LineString","coordinates":[[-158.0244399,21.3797269],[-158.0245478,21.379666],[-158.0245711,21.3796529],[-158.0250721,21.3793705],[-158.0254511,21.3791568],[-158.0256024,21.3790715],[-158.0259877,21.3788542],[-158.0261266,21.378776],[-158.0262906,21.3786835],[-158.0264318,21.3786039],[-158.0267545,21.378422],[-158.0268356,21.3783762],[-158.0269254,21.3783255],[-158.027108,21.3782226]]}},{"type":"Feature","properties":{"h":"tertiary"},"geometry":{"type":"LineString","coordinates":[[-158.0310477,21.3740536],[-158.0304096,21.374433],[-158.0295871,21.3747048]]}},{"type":"Feature","properties":{"h":"trunk"},"geometry":{"type":"LineString","coordinates":[[-158.0282977,21.3534977],[-158.0285359,21.3543682],[-158.0293071,21.3571862],[-158.029393,21.3575647],[-158.0294573,21.3579331],[-158.0294801,21.3584377],[-158.0294748,21.3587687],[-158.0294412,21.3590722],[-158.0293863,21.3594094],[-158.0293246,21.3596917],[-158.0292454,21.3599865],[-158.0292187,21.3600702],[-158.0291455,21.3602964],[-158.0291246,21.3603608]]}},{"type":"Feature","properties":{"h":"trunk"},"geometry":{"type":"LineString","coordinates":[[-158.0270457,21.3643627],[-158.0273207,21.3637814],[-158.0276365,21.3632376],[-158.0285937,21.3617175],[-158.0287828,21.361414],[-158.0289665,21.361113],[-158.0290916,21.3608836],[-158.0291896,21.3606636],[-158.0292804,21.3604164],[-158.0293076,21.360345],[-158.0293996,21.3601038],[-158.0294278,21.3600202],[-158.0295029,21.3597467],[-158.0295713,21.3594344],[-158.0296223,21.3590972],[-158.0296531,21.3587837],[-158.0296684,21.3584254],[-158.0296464,21.3579369],[-158.0295901,21.3575497],[-158.0294962,21.3571362],[-158.0288645,21.3548271],[-158.0287724,21.3544901],[-158.0287266,21.354322],[-158.0284877,21.3534466]]}},{"type":"Feature","properties":{"h":"primary"},"geometry":{"type":"LineString","coordinates":[[-158.0192608,21.3268167],[-158.019189,21.3267072],[-158.019,21.326419],[-158.0180969,21.32498],[-158.017598,21.3242174],[-158.0174879,21.3241524]]}},{"type":"Feature","properties":{"h":"trunk"},"geometry":{"type":"LineString","coordinates":[[-158.0268589,21.3643013],[-158.0266178,21.3649827]]}},{"type":"Feature","properties":{"h":"trunk"},"geometry":{"type":"LineString","coordinates":[[-158.0267906,21.365032],[-158.0270457,21.3643627]]}},{"type":"Feature","properties":{"h":"primary"},"geometry":{"type":"LineString","coordinates":[[-158.0230764,21.3336741],[-158.0230303,21.3335538],[-158.0229476,21.3333382]]}},{"type":"Feature","properties":{"h":"primary"},"geometry":{"type":"LineString","coordinates":[[-158.0252368,21.3415265],[-158.0252094,21.341418],[-158.0251812,21.3413066],[-158.0247661,21.3396641],[-158.0244845,21.3385898],[-158.0242458,21.3377254],[-158.023893,21.3364973],[-158.0236883,21.335785]]}},{"type":"Feature","properties":{"h":"trunk"},"geometry":{"type":"LineString","coordinates":[[-158.028223,21.353233],[-158.0282977,21.3534977]]}},{"type":"Feature","properties":{"h":"trunk"},"geometry":{"type":"LineString","coordinates":[[-158.0284877,21.3534466],[-158.0284087,21.3531785]]}},{"type":"Feature","properties":{"h":"primary"},"geometry":{"type":"LineString","coordinates":[[-158.023219,21.3341192],[-158.0230764,21.3336741]]}},{"type":"Feature","properties":{"h":"trunk"},"geometry":{"type":"LineString","coordinates":[[-158.0262129,21.3698008],[-158.0262277,21.3696443],[-158.0264265,21.3675589],[-158.0264855,21.3667746],[-158.0265378,21.36618],[-158.0266185,21.3656701],[-158.0267906,21.365032]]}},{"type":"Feature","properties":{"h":"trunk"},"geometry":{"type":"LineString","coordinates":[[-158.0284087,21.3531785],[-158.0275408,21.3499354],[-158.0273573,21.3492989],[-158.0273019,21.3491011]]}},{"type":"Feature","properties":{"h":"trunk"},"geometry":{"type":"LineString","coordinates":[[-158.0269932,21.3479297],[-158.0269775,21.3478578]]}},{"type":"Feature","properties":{"h":"trunk"},"geometry":{"type":"LineString","coordinates":[[-158.0266178,21.3649827],[-158.0264492,21.3656173],[-158.0263527,21.36617],[-158.0262843,21.3667608],[-158.0262208,21.3675419],[-158.0260182,21.3696182],[-158.0260054,21.3697486],[-158.0259952,21.3698579]]}},{"type":"Feature","properties":{"h":"primary"},"geometry":{"type":"LineString","coordinates":[[-158.0174879,21.3241524],[-158.0175188,21.3242536],[-158.0180117,21.325047],[-158.0186695,21.3261026],[-158.0200821,21.3283922],[-158.0202064,21.3285936]]}},{"type":"Feature","properties":{"h":"primary"},"geometry":{"type":"LineString","coordinates":[[-158.0229018,21.3337234],[-158.0230208,21.3341023],[-158.0246628,21.3400335]]}},{"type":"Feature","properties":{"h":"primary"},"geometry":{"type":"LineString","coordinates":[[-158.0212306,21.3302765],[-158.021746,21.3311171],[-158.0218667,21.3313594],[-158.0220312,21.3316726]]}},{"type":"Feature","properties":{"h":"secondary"},"geometry":{"type":"LineString","coordinates":[[-158.0230764,21.3336741],[-158.023176,21.3336375],[-158.0235055,21.3335165]]}},{"type":"Feature","properties":{"h":"secondary"},"geometry":{"type":"LineString","coordinates":[[-158.0229018,21.3337234],[-158.0230764,21.3336741]]}},{"type":"Feature","properties":{"h":"tertiary"},"geometry":{"type":"LineString","coordinates":[[-158.0274859,21.3407833],[-158.0283563,21.340361],[-158.028451,21.340315],[-158.0288994,21.3400974],[-158.0294313,21.3398393],[-158.0299633,21.3395812],[-158.030499,21.3393212],[-158.0310311,21.339063],[-158.0313215,21.3389221],[-158.0314108,21.3388768],[-158.0314961,21.3388254],[-158.031577,21.3387681],[-158.0316531,21.3387053],[-158.0317238,21.3386373],[-158.0317945,21.3385575],[-158.0318579,21.3384725],[-158.0319135,21.338383],[-158.031961,21.3382894],[-158.0320001,21.3381926],[-158.032244,21.3374461],[-158.0322677,21.3373735]]}},{"type":"Feature","properties":{"h":"tertiary"},"geometry":{"type":"LineString","coordinates":[[-158.0229018,21.3337234],[-158.0227988,21.333761],[-158.022725,21.3337904],[-158.0224085,21.3339313]]}},{"type":"Feature","properties":{"h":"primary"},"geometry":{"type":"LineString","coordinates":[[-157.9913602,21.3973563],[-157.9920073,21.3985651]]}},{"type":"Feature","properties":{"h":"primary"},"geometry":{"type":"LineString","coordinates":[[-157.9916261,21.3919688],[-157.9910804,21.3924081],[-157.9896444,21.3936239],[-157.9893288,21.3938958],[-157.9889278,21.3942195],[-157.9886597,21.3944293],[-157.9882648,21.3946795],[-157.9879612,21.3948373],[-157.9876805,21.3949586],[-157.9874268,21.3950629],[-157.987144,21.395156],[-157.9853559,21.395692]]}},{"type":"Feature","properties":{"h":"primary"},"geometry":{"type":"LineString","coordinates":[[-158.0124947,21.3825891],[-158.0130349,21.3824741],[-158.0132292,21.3824296],[-158.0135944,21.3823435]]}},{"type":"Feature","properties":{"h":"primary"},"geometry":{"type":"LineString","coordinates":[[-157.9896731,21.3940001],[-157.9895801,21.3938953],[-157.989502,21.3938164],[-157.989412,21.3937341],[-157.9892996,21.3936513]]}},{"type":"Feature","properties":{"h":"primary"},"geometry":{"type":"LineString","coordinates":[[-157.9887796,21.3934067],[-157.9886105,21.3933862],[-157.9884818,21.3933882],[-157.9883559,21.3933996],[-157.9882367,21.3934237],[-157.9881017,21.3934699],[-157.987973,21.3935324],[-157.9878721,21.3936],[-157.9877878,21.3936703],[-157.9877078,21.3937546],[-157.98764,21.3938441],[-157.9875817,21.3939349],[-157.987536,21.3940459],[-157.98749,21.3941989],[-157.9874562,21.3943702],[-157.9874225,21.3944919],[-157.9873857,21.3945998],[-157.9873556,21.394676],[-157.9872966,21.3947697],[-157.9872038,21.394884],[-157.9871085,21.3949654],[-157.9870245,21.3950316],[-157.9868793,21.3951159],[-157.986723,21.3951874],[-157.9864927,21.3952837],[-157.9860821,21.3954209],[-157.9853559,21.395692]]}},{"type":"Feature","properties":{"h":"motorway"},"geometry":{"type":"LineString","coordinates":[[-158.016593,21.391143],[-158.0161911,21.3912874],[-158.0158485,21.3914197],[-158.0155604,21.391534],[-158.0152304,21.3916712],[-158.0148496,21.3918681],[-158.0144471,21.392117],[-158.0141105,21.3923511],[-158.0138248,21.3925806],[-158.0135013,21.3928404]]}},{"type":"Feature","properties":{"h":"motorway"},"geometry":{"type":"LineString","coordinates":[[-158.009783,21.3959761],[-158.0093023,21.3963141]]}},{"type":"Feature","properties":{"h":"motorway"},"geometry":{"type":"LineString","coordinates":[[-158.004884,21.3984964],[-158.0043556,21.3986709],[-158.0037897,21.3988312],[-158.0032749,21.398963],[-158.0028368,21.3990566],[-158.0023806,21.3991199],[-158.0019409,21.3991675],[-158.0014363,21.3991945],[-158.0010423,21.3991908],[-158.0006132,21.3991684],[-158.0003143,21.3991414],[-158.0000623,21.3991088]]}},{"type":"Feature","properties":{"h":"secondary"},"geometry":{"type":"LineString","coordinates":[[-157.9284877,21.363975],[-157.9284663,21.3638917],[-157.928386,21.3635794],[-157.927998,21.3621784],[-157.9278881,21.361997]]}},{"type":"Feature","properties":{"h":"secondary"},"geometry":{"type":"LineString","coordinates":[[-157.9320053,21.3709916],[-157.9322618,21.3711265],[-157.9323468,21.3711697],[-157.9331305,21.371579]]}},{"type":"Feature","properties":{"h":"secondary"},"geometry":{"type":"LineString","coordinates":[[-157.9170378,21.3451673],[-157.9222263,21.3477459],[-157.9227221,21.3480192],[-157.9232074,21.3484349],[-157.9234716,21.348756],[-157.9245531,21.3503868],[-157.9247127,21.3506253],[-157.9249998,21.3512859],[-157.9251083,21.3516371]]}},{"type":"Feature","properties":{"h":"tertiary"},"geometry":{"type":"LineString","coordinates":[[-157.9788641,21.3965899],[-157.978468,21.3963636]]}},{"type":"Feature","properties":{"h":"tertiary"},"geometry":{"type":"LineString","coordinates":[[-157.978468,21.3963636],[-157.9778494,21.3960146],[-157.9776968,21.3959477],[-157.9775186,21.3958942],[-157.9773343,21.3958557],[-157.9771203,21.395828],[-157.9768628,21.3958174],[-157.976683,21.3957654]]}},{"type":"Feature","properties":{"h":"primary"},"geometry":{"type":"LineString","coordinates":[[-157.9853559,21.395692],[-157.9852,21.3957396]]}},{"type":"Feature","properties":{"h":"primary"},"geometry":{"type":"LineString","coordinates":[[-157.9871361,21.3953282],[-157.9877107,21.3951464],[-157.9879587,21.395039],[-157.988131,21.3949687],[-157.9883169,21.3949012],[-157.9885805,21.3948121],[-157.9887223,21.3947669],[-157.9888607,21.3947352],[-157.9889931,21.3947196],[-157.9891037,21.3947164],[-157.9892307,21.3947239],[-157.9893652,21.3947429],[-157.9894943,21.3947727],[-157.9896004,21.3948076],[-157.9897039,21.3948547],[-157.9898034,21.394911],[-157.9899067,21.3949773],[-157.9899992,21.3950474],[-157.9900771,21.3951218],[-157.9901438,21.3951957],[-157.9901902,21.3952598],[-157.990521,21.3957636]]}},{"type":"Feature","properties":{"h":"primary"},"geometry":{"type":"LineString","coordinates":[[-157.9980809,21.3866899],[-157.9981677,21.3866185],[-157.9987988,21.3860987],[-157.9991166,21.3858602],[-157.9993268,21.3857264],[-157.9998032,21.3854406],[-158.0001371,21.3852521],[-158.0004065,21.3851189],[-158.0006434,21.385012],[-158.0007839,21.3849541]]}},{"type":"Feature","properties":{"h":"primary"},"geometry":{"type":"LineString","coordinates":[[-157.990521,21.3957636],[-157.9907373,21.3961903],[-157.9910041,21.3967034],[-157.9913602,21.3973563]]}},{"type":"Feature","properties":{"h":"secondary"},"geometry":{"type":"LineString","coordinates":[[-158.0283249,21.3317541],[-158.0282871,21.3316209],[-158.0281378,21.3310949],[-158.028051,21.3307356],[-158.0279272,21.3301479],[-158.0278694,21.32973],[-158.0277778,21.3292457],[-158.0275552,21.3284599],[-158.0272525,21.3274963],[-158.0271201,21.327081],[-158.0268699,21.3263428]]}},{"type":"Feature","properties":{"h":"tertiary"},"geometry":{"type":"LineString","coordinates":[[-157.9574626,21.3389096],[-157.9575688,21.3388841],[-157.9576858,21.3388312],[-157.9577067,21.3388157],[-157.9577876,21.3387557],[-157.9578178,21.3387207],[-157.9578691,21.3386613],[-157.9579264,21.3385526],[-157.9579567,21.3384347],[-157.9579613,21.3383665],[-157.9579568,21.3382982],[-157.9579333,21.3381989],[-157.9578905,21.3381052],[-157.9578299,21.3380206],[-157.957776,21.3379596]]}},{"type":"Feature","properties":{"h":"tertiary"},"geometry":{"type":"LineString","coordinates":[[-157.9296523,21.3323688],[-157.9294186,21.3323466],[-157.9293316,21.3323485],[-157.929281,21.3323567],[-157.9292336,21.3323724],[-157.9291825,21.3323962],[-157.9291406,21.3324307],[-157.9291125,21.3324734],[-157.9290998,21.3325115],[-157.9290909,21.3325531],[-157.929052,21.3328039],[-157.9289918,21.333275],[-157.9289418,21.3336502],[-157.9289288,21.3337143],[-157.9289082,21.3337745],[-157.9288807,21.3338276],[-157.9288433,21.3338832],[-157.9287995,21.333933],[-157.9287415,21.3339889],[-157.9286837,21.3340324],[-157.9286163,21.3340738],[-157.9277568,21.3344885],[-157.9275563,21.3345914],[-157.9274888,21.334642],[-157.9274272,21.3347065],[-157.9273906,21.334747],[-157.9273461,21.3348082],[-157.9273031,21.334879],[-157.927266,21.3349537],[-157.927241,21.3350159],[-157.9272227,21.3350881],[-157.9269828,21.3364959],[-157.9267029,21.3381545]]}},{"type":"Feature","properties":{"h":"tertiary"},"geometry":{"type":"LineString","coordinates":[[-157.9555891,21.3374866],[-157.956081,21.3379483],[-157.9563609,21.3382101],[-157.9563822,21.3382319],[-157.9564067,21.3382505],[-157.9564339,21.3382656],[-157.9564631,21.3382767],[-157.9564938,21.3382838],[-157.956651,21.3382928],[-157.9567152,21.3383073],[-157.9567818,21.3383475]]}},{"type":"Feature","properties":{"h":"tertiary"},"geometry":{"type":"LineString","coordinates":[[-157.9495431,21.3437314],[-157.9491367,21.3437993]]}},{"type":"Feature","properties":{"h":"tertiary"},"geometry":{"type":"LineString","coordinates":[[-157.9491367,21.3437993],[-157.9486254,21.3439032],[-157.9482656,21.3441538]]}},{"type":"Feature","properties":{"h":"tertiary"},"geometry":{"type":"LineString","coordinates":[[-157.9502053,21.3436187],[-157.949821,21.3436872],[-157.9495431,21.3437314]]}},{"type":"Feature","properties":{"h":"tertiary"},"geometry":{"type":"LineString","coordinates":[[-157.9482656,21.3441538],[-157.9487528,21.3440323],[-157.9501824,21.3437588]]}},{"type":"Feature","properties":{"h":"tertiary"},"geometry":{"type":"LineString","coordinates":[[-157.9480602,21.3420378],[-157.9481602,21.3420646],[-157.9482191,21.3420805],[-157.9482855,21.3420967],[-157.9483138,21.3420968],[-157.9483527,21.3420904],[-157.9485068,21.3419572],[-157.9490321,21.3414744],[-157.9494658,21.3410615]]}},{"type":"Feature","properties":{"h":"tertiary"},"geometry":{"type":"LineString","coordinates":[[-157.9451503,21.3402079],[-157.9449167,21.3398286]]}},{"type":"Feature","properties":{"h":"tertiary"},"geometry":{"type":"LineString","coordinates":[[-157.9451503,21.3402079],[-157.9452497,21.3403379],[-157.9453143,21.3403856],[-157.9454377,21.3404453],[-157.9457891,21.3405528],[-157.946052,21.3406706]]}},{"type":"Feature","properties":{"h":"primary"},"geometry":{"type":"LineString","coordinates":[[-157.9415135,21.3449746],[-157.9411354,21.3446047],[-157.9409999,21.3444994],[-157.9408311,21.3443762],[-157.9406702,21.3442773],[-157.9405353,21.344204],[-157.9403703,21.3441281],[-157.9401948,21.344058],[-157.9400188,21.343995],[-157.9397751,21.3439341]]}},{"type":"Feature","properties":{"h":"primary"},"geometry":{"type":"LineString","coordinates":[[-157.9379375,21.3435462],[-157.9374207,21.3433197],[-157.9373507,21.3432891],[-157.9362768,21.3427833]]}},{"type":"Feature","properties":{"h":"tertiary"},"geometry":{"type":"LineString","coordinates":[[-158.0169837,21.3851966],[-158.0169526,21.3851269],[-158.0165932,21.3842649],[-158.0165049,21.3840524],[-158.0164223,21.3838785],[-158.0163498,21.3837611],[-158.0160648,21.3833615],[-158.0159601,21.3832147],[-158.0159062,21.3831363],[-158.0157711,21.3829443],[-158.015666,21.3827575],[-158.0156001,21.3826035],[-158.0155248,21.3823807],[-158.015472,21.3822122],[-158.0154645,21.3821884],[-158.0154108,21.382016]]}},{"type":"Feature","properties":{"h":"tertiary"},"geometry":{"type":"LineString","coordinates":[[-158.023904,21.3849824],[-158.0239756,21.3849485],[-158.0244047,21.3847425],[-158.0245167,21.3846918],[-158.0246414,21.38465],[-158.0247979,21.3846182],[-158.0249316,21.3846076]]}},{"type":"Feature","properties":{"h":"tertiary"},"geometry":{"type":"LineString","coordinates":[[-158.0196521,21.3839316],[-158.0196093,21.3838739],[-158.0195943,21.3838536],[-158.0192407,21.3833774],[-158.0188301,21.3828144],[-158.0183491,21.3821554],[-158.0182079,21.381965]]}},{"type":"Feature","properties":{"h":"tertiary"},"geometry":{"type":"LineString","coordinates":[[-158.020671,21.3860806],[-158.0207402,21.38608],[-158.0207668,21.3860798],[-158.0208816,21.3860991],[-158.0209896,21.3861274],[-158.0211148,21.3861734],[-158.0215502,21.3863876],[-158.0218999,21.3865636],[-158.0220876,21.3867008],[-158.0223165,21.386889],[-158.022446,21.3870176],[-158.0225654,21.3871556],[-158.0226913,21.3873397],[-158.0227805,21.3875061],[-158.0228548,21.3876823],[-158.0234006,21.3893056],[-158.0234335,21.3893863],[-158.023482,21.3894627],[-158.0235506,21.3895375],[-158.0236379,21.3895948],[-158.0237265,21.3896409],[-158.0238092,21.3896654],[-158.0238982,21.3896826],[-158.023998,21.3896835],[-158.0240828,21.389671],[-158.0241702,21.3896441],[-158.0242556,21.3896034],[-158.0243188,21.3895616],[-158.0243753,21.3895154],[-158.0244139,21.3894507]]}},{"type":"Feature","properties":{"h":"tertiary"},"geometry":{"type":"LineString","coordinates":[[-158.0046198,21.389884],[-158.004616,21.3897902],[-158.0046093,21.389635],[-158.004603,21.3894883],[-158.0045921,21.3892353],[-158.0045865,21.3891061],[-158.0045943,21.389034],[-158.0046059,21.388995],[-158.0046233,21.3889628],[-158.0046748,21.3888778],[-158.0048372,21.3886566],[-158.0049101,21.3885575],[-158.0050593,21.3883506],[-158.0051203,21.3882551],[-158.0051463,21.3881986],[-158.005169,21.3881492]]}},{"type":"Feature","properties":{"h":"tertiary"},"geometry":{"type":"LineString","coordinates":[[-158.023904,21.3849824],[-158.0238432,21.3848972],[-158.0230617,21.3838029],[-158.0226496,21.3832248],[-158.0224702,21.3829766],[-158.0223005,21.3826947],[-158.0222634,21.3826331]]}},{"type":"Feature","properties":{"h":"tertiary"},"geometry":{"type":"LineString","coordinates":[[-158.0222634,21.3826331],[-158.0219196,21.3828032],[-158.0215012,21.3830124],[-158.021001,21.3832539],[-158.0208863,21.3833122],[-158.0207605,21.383376],[-158.0206009,21.3834571],[-158.0205346,21.3834903],[-158.0202466,21.3836343],[-158.0200348,21.3837402],[-158.0196521,21.3839316],[-158.0192895,21.3841174],[-158.0192261,21.3841499],[-158.0188201,21.3843373],[-158.0184053,21.3845367],[-158.0178845,21.3847853],[-158.0171911,21.3851066],[-158.0170951,21.385151],[-158.0169837,21.3851966],[-158.0169119,21.3852229],[-158.0161853,21.3854967],[-158.0155802,21.3857249],[-158.0152248,21.3858775],[-158.015164,21.3859036],[-158.0150481,21.3859503],[-158.0149012,21.3860095],[-158.0147922,21.3860583],[-158.0146428,21.3861277],[-158.0144938,21.3861953],[-158.0143712,21.3862642],[-158.0142598,21.3863349],[-158.0141762,21.3863994],[-158.01409,21.3864832],[-158.0140116,21.3865772],[-158.0139162,21.3867235]]}},{"type":"Feature","properties":{"h":"tertiary"},"geometry":{"type":"LineString","coordinates":[[-158.0193566,21.3843925],[-158.0195621,21.3847744],[-158.0197504,21.3851132],[-158.0198125,21.3852571],[-158.0198601,21.3854038],[-158.0198765,21.3854567],[-158.019907,21.3855119],[-158.0199549,21.3855697],[-158.0200139,21.385623],[-158.0200817,21.3856633],[-158.0201637,21.3856928],[-158.0202433,21.3857114],[-158.0203204,21.3857133],[-158.0204024,21.3857054],[-158.0206486,21.3856723],[-158.0208206,21.3856652],[-158.020982,21.385675],[-158.0211297,21.3857008],[-158.0212761,21.3857346],[-158.0216087,21.3858642],[-158.0217309,21.3858942],[-158.0218358,21.3859043],[-158.0219498,21.3859006],[-158.0220817,21.385879],[-158.0221459,21.3858591],[-158.0222195,21.3858313],[-158.0228477,21.3855303],[-158.0234586,21.38523],[-158.0238173,21.3850306],[-158.023904,21.3849824]]}},{"type":"Feature","properties":{"h":"tertiary"},"geometry":{"type":"LineString","coordinates":[[-158.0079663,21.3882807],[-158.0079853,21.3881935],[-158.0080138,21.3880648],[-158.0080418,21.3879656],[-158.0080866,21.3878646],[-158.0081349,21.3877842],[-158.0082061,21.3876802],[-158.00828,21.3876004],[-158.0083694,21.3875224],[-158.008465,21.3874541],[-158.0085911,21.3873854],[-158.0087188,21.3873312],[-158.0088693,21.3872911],[-158.0090161,21.3872731],[-158.0093995,21.3872563],[-158.0095799,21.3872434],[-158.0097009,21.3872262],[-158.0098356,21.3871906],[-158.0099603,21.3871412],[-158.0101128,21.3870619],[-158.0102226,21.3869827],[-158.0103209,21.3868902],[-158.0103945,21.3868054],[-158.0104419,21.3867416],[-158.0105035,21.3866434]]}},{"type":"Feature","properties":{"h":"tertiary"},"geometry":{"type":"LineString","coordinates":[[-158.0066828,21.3910588],[-158.0066046,21.3910981],[-158.005158,21.3918201],[-158.0046162,21.3920917],[-158.0043854,21.392213],[-158.0041693,21.3923485],[-158.0039767,21.3924937],[-158.003786,21.3926424],[-158.0035956,21.3927648],[-158.0034875,21.392803],[-158.0033486,21.3928298],[-158.0033173,21.3928337],[-158.0032339,21.3928439]]}},{"type":"Feature","properties":{"h":"tertiary"},"geometry":{"type":"LineString","coordinates":[[-158.0068864,21.3893705],[-158.0070385,21.3890346],[-158.0071565,21.3887417],[-158.0071849,21.3886591],[-158.0072182,21.3884976],[-158.0072555,21.3882846],[-158.0072754,21.3881645]]}},{"type":"Feature","properties":{"h":"tertiary"},"geometry":{"type":"LineString","coordinates":[[-157.9980826,21.3973762],[-157.9981536,21.3974527],[-157.9982425,21.3975233],[-157.9983558,21.3976066],[-157.9985347,21.3976996],[-157.9986909,21.3977652],[-157.9988714,21.3978126],[-157.9989807,21.3978327],[-157.9990957,21.3978429],[-157.9992148,21.3978439],[-157.9993308,21.3978366],[-157.9995152,21.3978077],[-157.9996816,21.3977612],[-157.9997961,21.3977172],[-157.9999098,21.3976663],[-158.0000217,21.3975963]]}},{"type":"Feature","properties":{"h":"tertiary"},"geometry":{"type":"LineString","coordinates":[[-158.0032339,21.3928439],[-158.003211,21.3926764],[-158.0031952,21.3925857],[-158.003168,21.3925016],[-158.0031221,21.3924065],[-158.0030643,21.3923195]]}},{"type":"Feature","properties":{"h":"tertiary"},"geometry":{"type":"LineString","coordinates":[[-158.003618,21.3956593],[-158.0037,21.3956487],[-158.00373,21.3956449],[-158.0040233,21.3956032],[-158.0042959,21.3955559],[-158.0044404,21.395517],[-158.0045721,21.3954635],[-158.0047368,21.3953828],[-158.0048974,21.3952974],[-158.0052108,21.3951231],[-158.0056606,21.3948707],[-158.0058747,21.3947391],[-158.0059914,21.3946766],[-158.0061259,21.3946132],[-158.0067605,21.3943957],[-158.0068835,21.3943447],[-158.0070157,21.3942829],[-158.008116,21.3937279],[-158.0081876,21.3936918]]}},{"type":"Feature","properties":{"h":"tertiary"},"geometry":{"type":"LineString","coordinates":[[-158.0067531,21.3844905],[-158.0068242,21.3846212],[-158.0069097,21.3847401],[-158.0071474,21.3850201],[-158.0072056,21.3850939],[-158.0073171,21.3852218],[-158.0073626,21.3852981],[-158.0073992,21.3853921],[-158.007442,21.385502]]}},{"type":"Feature","properties":{"h":"tertiary"},"geometry":{"type":"LineString","coordinates":[[-158.0045008,21.38659],[-158.0042079,21.3863675],[-158.0038847,21.3861219],[-158.0038073,21.3860669],[-158.0035281,21.3858526],[-158.0034365,21.3857772],[-158.003413,21.3857552],[-158.0033826,21.3857255],[-158.0033558,21.385697],[-158.0033221,21.385656],[-158.0032958,21.3856221],[-158.0032657,21.3855778],[-158.0032282,21.385518],[-158.0031959,21.3854525],[-158.0031637,21.3853719],[-158.0031515,21.3853237],[-158.0031475,21.385308],[-158.0031225,21.3852096]]}},{"type":"Feature","properties":{"h":"tertiary"},"geometry":{"type":"LineString","coordinates":[[-158.0072754,21.3881645],[-158.0073848,21.3881828],[-158.0079663,21.3882807],[-158.0086412,21.3883943],[-158.0091966,21.3884768],[-158.0092831,21.3884941],[-158.0094118,21.3885336],[-158.0095323,21.3885881],[-158.0096425,21.388651],[-158.0097461,21.3887317],[-158.0098531,21.3888345],[-158.0099339,21.3889353],[-158.0104328,21.3895472]]}},{"type":"Feature","properties":{"h":"tertiary"},"geometry":{"type":"LineString","coordinates":[[-157.9944155,21.3945859],[-157.9944096,21.3945123],[-157.9944073,21.3944846],[-157.9943611,21.3939151],[-157.9943355,21.3935999],[-157.9943315,21.3934512],[-157.9943469,21.3933108],[-157.9943848,21.3931795],[-157.9944401,21.3930517],[-157.9945269,21.3929147],[-157.9946212,21.3928144],[-157.9952483,21.3922778],[-157.9959341,21.3916919],[-157.9968224,21.3909281],[-157.9976286,21.3902614],[-157.9980413,21.389914],[-157.9987016,21.389358],[-157.9992369,21.3889073],[-157.9997039,21.3885095],[-157.9997262,21.3884906],[-157.9997853,21.3884403]]}},{"type":"Feature","properties":{"h":"tertiary"},"geometry":{"type":"LineString","coordinates":[[-157.9968224,21.3909281],[-157.9967725,21.3908769],[-157.9967673,21.3908716],[-157.9963279,21.3904206],[-157.9958941,21.3899752],[-157.9956787,21.389754],[-157.9953021,21.3893672]]}},{"type":"Feature","properties":{"h":"tertiary"},"geometry":{"type":"LineString","coordinates":[[-158.0005788,21.3892004],[-158.000739,21.389294],[-158.0008315,21.3893437],[-158.0008937,21.3893765],[-158.0010232,21.3894246],[-158.0011462,21.3894622],[-158.0012921,21.3894964],[-158.0013712,21.3895093],[-158.0016897,21.3895615],[-158.0019477,21.389599],[-158.0033276,21.3898107],[-158.0036737,21.3898675],[-158.0038334,21.3898897],[-158.0040434,21.3899053],[-158.0042768,21.3899054],[-158.0045538,21.3898883],[-158.0046198,21.389884]]}},{"type":"Feature","properties":{"h":"tertiary"},"geometry":{"type":"LineString","coordinates":[[-157.99796,21.3945809],[-157.9979109,21.3945214],[-157.9978428,21.3944475],[-157.9978079,21.3944175],[-157.9977583,21.3943869],[-157.997695,21.3943634],[-157.9976403,21.3943545],[-157.9975504,21.3943514],[-157.9974062,21.3943615],[-157.9969455,21.394398],[-157.9968534,21.3944053],[-157.9945269,21.3945776],[-157.9944155,21.3945859]]}},{"type":"Feature","properties":{"h":"tertiary"},"geometry":{"type":"LineString","coordinates":[[-157.9989619,21.3939432],[-157.9986619,21.3941368]]}},{"type":"Feature","properties":{"h":"tertiary"},"geometry":{"type":"LineString","coordinates":[[-158.000172,21.3974964],[-158.0004605,21.3973009],[-158.001376,21.3966923],[-158.0016334,21.3965197],[-158.0022414,21.3961122],[-158.0023637,21.3960365],[-158.0024984,21.3959634],[-158.0026966,21.3958755],[-158.0028394,21.3958213],[-158.0030635,21.3957529],[-158.0032072,21.3957212],[-158.0033952,21.3956862],[-158.003515,21.3956725],[-158.0035377,21.3956696],[-158.003618,21.3956593]]}},{"type":"Feature","properties":{"h":"tertiary"},"geometry":{"type":"LineString","coordinates":[[-158.0000217,21.3975963],[-158.000172,21.3974964]]}},{"type":"Feature","properties":{"h":"primary"},"geometry":{"type":"LineString","coordinates":[[-158.0008692,21.3847695],[-158.000741,21.3848207]]}},{"type":"Feature","properties":{"h":"tertiary"},"geometry":{"type":"LineString","coordinates":[[-158.0005788,21.3892004],[-158.0004483,21.3891049]]}},{"type":"Feature","properties":{"h":"tertiary"},"geometry":{"type":"LineString","coordinates":[[-157.99796,21.3945809],[-157.9966496,21.3954136],[-157.9961634,21.3957226],[-157.9956465,21.3960591],[-157.9953377,21.3962565],[-157.9950664,21.3964369],[-157.9948986,21.3965618]]}},{"type":"Feature","properties":{"h":"primary"},"geometry":{"type":"LineString","coordinates":[[-158.0007839,21.3849541],[-158.0009105,21.3849058]]}},{"type":"Feature","properties":{"h":"primary"},"geometry":{"type":"LineString","coordinates":[[-158.0064791,21.383715],[-158.006613,21.3836897],[-158.0070815,21.3836004],[-158.0073342,21.3835562],[-158.0075844,21.3835104],[-158.0077689,21.3834792],[-158.0083267,21.3833848],[-158.0084794,21.3833589],[-158.009081,21.3832697],[-158.009538,21.3832101],[-158.0098492,21.3831617],[-158.0100814,21.3831236],[-158.0103016,21.3830796],[-158.0105752,21.383012]]}},{"type":"Feature","properties":{"h":"tertiary"},"geometry":{"type":"LineString","coordinates":[[-158.0129499,21.3872506],[-158.0127187,21.387332]]}},{"type":"Feature","properties":{"h":"primary"},"geometry":{"type":"LineString","coordinates":[[-158.0099811,21.3828873],[-158.0096523,21.3829494],[-158.0089279,21.3830841],[-158.0085152,21.3831668],[-158.0082454,21.3832196],[-158.007999,21.3832681],[-158.0077211,21.3833229],[-158.0076565,21.3833356]]}},{"type":"Feature","properties":{"h":"primary"},"geometry":{"type":"LineString","coordinates":[[-158.0108344,21.3827289],[-158.0104681,21.3827982]]}},{"type":"Feature","properties":{"h":"primary"},"geometry":{"type":"LineString","coordinates":[[-158.0105752,21.383012],[-158.010957,21.3829186]]}},{"type":"Feature","properties":{"h":"tertiary"},"geometry":{"type":"LineString","coordinates":[[-158.0193441,21.3361042],[-158.0194278,21.3361819],[-158.0196186,21.3363591],[-158.0200566,21.3367835],[-158.0204713,21.3372839],[-158.0207066,21.3377067],[-158.020967,21.3382479],[-158.0212113,21.3390803],[-158.0214135,21.3397696],[-158.021433,21.3398427]]}},{"type":"Feature","properties":{"h":"tertiary"},"geometry":{"type":"LineString","coordinates":[[-158.0233472,21.3278614],[-158.0234057,21.3279715],[-158.023545,21.3283594],[-158.023723,21.3288553],[-158.0239043,21.3293616]]}},{"type":"Feature","properties":{"h":"tertiary"},"geometry":{"type":"LineString","coordinates":[[-158.0233472,21.3278614],[-158.0233074,21.3277278],[-158.0231414,21.3275427],[-158.0230314,21.3274568],[-158.0229062,21.3273865],[-158.0227956,21.3273244]]}},{"type":"Feature","properties":{"h":"tertiary"},"geometry":{"type":"LineString","coordinates":[[-158.02274,21.3274114],[-158.0228459,21.3274761],[-158.0229784,21.3275571],[-158.0231294,21.3276612],[-158.0232464,21.3277604],[-158.0233472,21.3278614]]}},{"type":"Feature","properties":{"h":"secondary"},"geometry":{"type":"LineString","coordinates":[[-157.9597138,21.3926778],[-157.958875,21.3921293],[-157.9587742,21.3920701],[-157.9586712,21.3920113],[-157.9585551,21.3919489],[-157.9584332,21.3918889],[-157.9583124,21.3918339],[-157.9581137,21.3917531]]}},{"type":"Feature","properties":{"h":"secondary"},"geometry":{"type":"LineString","coordinates":[[-158.0063277,21.3904937],[-158.0063624,21.3905342],[-158.0064351,21.3906302]]}},{"type":"Feature","properties":{"h":"primary"},"geometry":{"type":"LineString","coordinates":[[-157.9331482,21.3764565],[-157.9332844,21.3765264],[-157.9334266,21.3766042],[-157.9336337,21.3767288],[-157.9337491,21.3768056],[-157.9339104,21.3769252],[-157.9341008,21.3770709]]}},{"type":"Feature","properties":{"h":"tertiary"},"geometry":{"type":"LineString","coordinates":[[-157.9196246,21.3732002],[-157.9197149,21.3732083],[-157.9198522,21.3732282],[-157.9200762,21.3732769],[-157.9202543,21.3733272],[-157.920446,21.3733764]]}},{"type":"Feature","properties":{"h":"tertiary"},"geometry":{"type":"LineString","coordinates":[[-157.920446,21.3733764],[-157.920341,21.37329],[-157.9202284,21.3732395],[-157.920119,21.3731976],[-157.9199707,21.3731541]]}},{"type":"Feature","properties":{"h":"motorway"},"geometry":{"type":"LineString","coordinates":[[-157.953662,21.3932715],[-157.9541353,21.3933481],[-157.9544335,21.3933867],[-157.9546366,21.3934055],[-157.9549446,21.3934212],[-157.9552642,21.393425],[-157.9556058,21.393414],[-157.9559606,21.3933889],[-157.9562926,21.3933555],[-157.9565974,21.3933048],[-157.9569099,21.3932516],[-157.9571517,21.3931927],[-157.9574962,21.3930996],[-157.9577951,21.3930054],[-157.9581152,21.39289],[-157.9584111,21.3927797],[-157.9586829,21.3926643],[-157.9589169,21.3925691]]}},{"type":"Feature","properties":{"h":"tertiary"},"geometry":{"type":"LineString","coordinates":[[-157.950732,21.386378],[-157.9507114,21.3864907],[-157.9506668,21.3867753],[-157.9506485,21.3868925],[-157.9506236,21.3869973],[-157.9505987,21.3870819],[-157.9505496,21.3872168],[-157.9505045,21.3873186],[-157.9504516,21.3874255],[-157.9503904,21.387534],[-157.9503394,21.3876197],[-157.9502815,21.3877013],[-157.9502231,21.3877781],[-157.9501474,21.3878652],[-157.9500462,21.387969],[-157.949957,21.3880522],[-157.9498399,21.388151],[-157.9497133,21.388238],[-157.9496345,21.3882864],[-157.9495312,21.388343],[-157.9494536,21.3883821],[-157.9493851,21.3884153],[-157.9493102,21.3884466],[-157.9490068,21.388559],[-157.9488865,21.3886101],[-157.9487509,21.3886747],[-157.948634,21.3887381],[-157.948521,21.388811],[-157.9484423,21.3888658],[-157.9483786,21.3889115],[-157.9483263,21.3889541],[-157.9482524,21.3890162],[-157.9481804,21.3890837],[-157.9480935,21.3891711],[-157.9479889,21.3892913],[-157.9479316,21.3893618],[-157.9478576,21.3894653],[-157.9477687,21.3896066],[-157.9476751,21.3897851],[-157.9476225,21.3898999],[-157.9475958,21.3899699],[-157.9475682,21.3900487],[-157.9475376,21.3901601],[-157.9475164,21.3902511],[-157.9474691,21.3904798],[-157.9474455,21.3906133]]}},{"type":"Feature","properties":{"h":"secondary"},"geometry":{"type":"LineString","coordinates":[[-157.9481884,21.3906827],[-157.9478924,21.3906625]]}},{"type":"Feature","properties":{"h":"secondary"},"geometry":{"type":"LineString","coordinates":[[-157.9471392,21.3905098],[-157.947065,21.3904703],[-157.9469928,21.3904263],[-157.9468916,21.390358],[-157.946843,21.390319]]}},{"type":"Feature","properties":{"h":"primary"},"geometry":{"type":"LineString","coordinates":[[-157.9412205,21.3812625],[-157.9418116,21.3815282],[-157.9421985,21.381702],[-157.9426035,21.3818841],[-157.9429792,21.3820463],[-157.9430564,21.3820801]]}},{"type":"Feature","properties":{"h":"primary"},"geometry":{"type":"LineString","coordinates":[[-157.9399369,21.3806579],[-157.9402465,21.3807972]]}},{"type":"Feature","properties":{"h":"primary"},"geometry":{"type":"LineString","coordinates":[[-157.9405846,21.3807897],[-157.9403047,21.3806634]]}},{"type":"Feature","properties":{"h":"primary"},"geometry":{"type":"LineString","coordinates":[[-157.9357804,21.3781676],[-157.9355063,21.377977],[-157.9343189,21.3770419]]}},{"type":"Feature","properties":{"h":"tertiary"},"geometry":{"type":"LineString","coordinates":[[-157.9596258,21.3207467],[-157.9596553,21.3212939],[-157.9596424,21.3214237],[-157.9596339,21.3215213],[-157.9595856,21.3217611],[-157.9595212,21.3219835],[-157.9594791,21.3220805],[-157.9582284,21.3249643],[-157.9581077,21.3252442]]}},{"type":"Feature","properties":{"h":"tertiary"},"geometry":{"type":"LineString","coordinates":[[-157.9442146,21.3391383],[-157.9439743,21.3390231]]}},{"type":"Feature","properties":{"h":"tertiary"},"geometry":{"type":"LineString","coordinates":[[-157.9565884,21.3660189],[-157.9563993,21.3661519],[-157.956339,21.3662006],[-157.956278,21.366275],[-157.956223,21.3663718]]}},{"type":"Feature","properties":{"h":"tertiary"},"geometry":{"type":"LineString","coordinates":[[-157.9630334,21.3280414],[-157.9628954,21.3279176]]}},{"type":"Feature","properties":{"h":"tertiary"},"geometry":{"type":"LineString","coordinates":[[-157.9628954,21.3279176],[-157.9628028,21.3278174],[-157.9619254,21.3269925],[-157.9617483,21.3268371],[-157.961566,21.3267368],[-157.961371,21.3266643],[-157.9589143,21.3260663]]}},{"type":"Feature","properties":{"h":"tertiary"},"geometry":{"type":"LineString","coordinates":[[-157.956815,21.3381836],[-157.956724,21.3382136],[-157.9566846,21.3382219],[-157.9566444,21.3382248],[-157.9566042,21.3382221],[-157.9565648,21.3382141],[-157.956527,21.3382008],[-157.9564918,21.3381825],[-157.9564598,21.3381596],[-157.956156,21.3378738],[-157.9556669,21.3374116]]}},{"type":"Feature","properties":{"h":"tertiary"},"geometry":{"type":"LineString","coordinates":[[-157.9446424,21.3405113],[-157.9448339,21.3403188],[-157.9449661,21.3401874],[-157.9453896,21.3397202],[-157.9456987,21.339407],[-157.9458328,21.3393],[-157.9460273,21.3391971],[-157.94667,21.338942],[-157.9470947,21.338773],[-157.9473321,21.3386469],[-157.9475577,21.3384894],[-157.9477512,21.3383046],[-157.947922,21.3380807],[-157.9480589,21.3378418],[-157.9491434,21.3357283],[-157.9494244,21.3353166],[-157.9495953,21.3351067],[-157.9499322,21.3347831],[-157.9503839,21.3343505],[-157.9505041,21.334262],[-157.950607,21.3341969],[-157.9507807,21.334138],[-157.9509243,21.3341077],[-157.9510452,21.3340983],[-157.9512116,21.33411],[-157.9513759,21.3341497],[-157.9515506,21.3342269],[-157.9516993,21.3343287],[-157.9520206,21.3346257]]}},{"type":"Feature","properties":{"h":"tertiary"},"geometry":{"type":"LineString","coordinates":[[-157.948217,21.3421844],[-157.9483692,21.3423304],[-157.9492,21.3431269],[-157.9493669,21.3432692],[-157.9496128,21.3434947],[-157.949821,21.3436872],[-157.9499306,21.3437427],[-157.9500481,21.3437652],[-157.9501824,21.3437588]]}},{"type":"Feature","properties":{"h":"tertiary"},"geometry":{"type":"LineString","coordinates":[[-157.9490432,21.3463977],[-157.9470366,21.3467617]]}},{"type":"Feature","properties":{"h":"tertiary"},"geometry":{"type":"LineString","coordinates":[[-157.9329622,21.3522997],[-157.9331466,21.3523693]]}},{"type":"Feature","properties":{"h":"tertiary"},"geometry":{"type":"LineString","coordinates":[[-158.0294589,21.4093827],[-158.0289145,21.4090406],[-158.0279186,21.4084733],[-158.0275009,21.4081965],[-158.0271524,21.4078972],[-158.0265858,21.4073376],[-158.0259049,21.4066431],[-158.025347,21.4060638],[-158.0253215,21.4060201],[-158.0250627,21.4055768],[-158.024773,21.4048851],[-158.0242233,21.4035528],[-158.0239523,21.4028473],[-158.0236154,21.4020552],[-158.0235611,21.4018921],[-158.023559,21.4018854],[-158.0234942,21.4016767],[-158.0234601,21.4014548],[-158.0234594,21.4012306],[-158.0234921,21.4010085],[-158.0235576,21.4007927],[-158.0236546,21.4005875],[-158.0238006,21.4003765],[-158.0239761,21.400186],[-158.0241778,21.4000194],[-158.0244018,21.3998798],[-158.0248591,21.3996168],[-158.0255841,21.3991996],[-158.027736,21.3979599],[-158.0293208,21.3970533],[-158.0296567,21.3968972],[-158.0300539,21.3967542],[-158.0304699,21.3966691],[-158.0308949,21.3966439],[-158.0313191,21.3966792],[-158.0317588,21.3967787]]}},{"type":"Feature","properties":{"h":"tertiary"},"geometry":{"type":"LineString","coordinates":[[-158.0299248,21.3935272],[-158.0300796,21.3931995],[-158.0303157,21.3926895],[-158.0303628,21.3925556],[-158.0303942,21.3924212],[-158.0304058,21.3922715],[-158.0303991,21.3921406],[-158.0303775,21.3920277],[-158.0302502,21.3915746],[-158.0301994,21.3913857],[-158.0301715,21.3912552],[-158.030161,21.3911371],[-158.0301618,21.3910501],[-158.030168,21.3909737],[-158.0301839,21.3908778],[-158.0302271,21.3907411],[-158.0303011,21.3905893],[-158.0304157,21.3904094],[-158.0307798,21.389885],[-158.0308734,21.389779],[-158.0309727,21.3896861],[-158.0310919,21.3895985],[-158.0312495,21.3895111],[-158.031527,21.3893714],[-158.0327302,21.3887575],[-158.0330064,21.3886226],[-158.033088,21.3885912],[-158.0332103,21.3885439]]}},{"type":"Feature","properties":{"h":"tertiary"},"geometry":{"type":"LineString","coordinates":[[-157.9589143,21.3260663],[-157.9586361,21.3259413],[-157.9584671,21.3258238],[-157.9583679,21.3257114],[-157.9583035,21.3256164],[-157.9582364,21.325484],[-157.9582042,21.3253516],[-157.9581908,21.3252192],[-157.9582284,21.3249643]]}},{"type":"Feature","properties":{"h":"tertiary"},"geometry":{"type":"LineString","coordinates":[[-157.9581077,21.3252442],[-157.9580862,21.3254016],[-157.9581023,21.3255415],[-157.9581452,21.3256614],[-157.9582177,21.3257714],[-157.9583062,21.3258613],[-157.9585425,21.3259818]]}},{"type":"Feature","properties":{"h":"tertiary"},"geometry":{"type":"LineString","coordinates":[[-158.0273795,21.3477309],[-158.0277571,21.347503],[-158.0282807,21.3471866],[-158.0290515,21.3467209],[-158.0292465,21.3466155],[-158.0294455,21.3465141],[-158.02957,21.3464541],[-158.0296128,21.3464335],[-158.0297795,21.3463573],[-158.0304432,21.3461094]]}},{"type":"Feature","properties":{"h":"tertiary"},"geometry":{"type":"LineString","coordinates":[[-158.02518,21.3846],[-158.0255006,21.3845885],[-158.0255244,21.3845876],[-158.0255903,21.3845813],[-158.0256647,21.3845725],[-158.0257966,21.3845508],[-158.0259302,21.3845226],[-158.026061,21.3844854],[-158.0261355,21.384462],[-158.0262226,21.3844308],[-158.0263024,21.3843989],[-158.0263943,21.3843577],[-158.0265156,21.3842947],[-158.0266705,21.3842016],[-158.0267832,21.3841236],[-158.0268878,21.3840424],[-158.0269951,21.3839475],[-158.0271634,21.3837721],[-158.0272734,21.3836322],[-158.0274376,21.3833843],[-158.0275476,21.3832176],[-158.0276039,21.3831301],[-158.0277045,21.3829866],[-158.0278379,21.3828267],[-158.0279867,21.3826789],[-158.0280888,21.3825939],[-158.0282086,21.3825035],[-158.0283522,21.3824001],[-158.0284172,21.3823532]]}},{"type":"Feature","properties":{"h":"tertiary"},"geometry":{"type":"LineString","coordinates":[[-158.0249316,21.3846076],[-158.02518,21.3846]]}},{"type":"Feature","properties":{"h":"tertiary"},"geometry":{"type":"LineString","coordinates":[[-158.0246174,21.3813523],[-158.024463,21.381442]]}},{"type":"Feature","properties":{"h":"tertiary"},"geometry":{"type":"LineString","coordinates":[[-157.9406541,21.3809867],[-157.9407214,21.3808537]]}},{"type":"Feature","properties":{"h":"tertiary"},"geometry":{"type":"LineString","coordinates":[[-157.9412205,21.3812625],[-157.9411594,21.3813739],[-157.9411427,21.3814084],[-157.9411212,21.3814408],[-157.941095,21.3814705],[-157.9410654,21.3814995],[-157.9410248,21.3815291],[-157.940968,21.3815617],[-157.940796,21.381643],[-157.9405943,21.3817349],[-157.9405054,21.381796]]}},{"type":"Feature","properties":{"h":"motorway"},"geometry":{"type":"LineString","coordinates":[[-157.91711,21.3714846],[-157.9183149,21.3719217],[-157.918534,21.3720002],[-157.9187264,21.3720606],[-157.9189797,21.3721262],[-157.91921,21.3721718],[-157.9194252,21.3722026],[-157.919901,21.372258],[-157.9201226,21.3722773],[-157.9203422,21.3722898],[-157.9212387,21.3722572],[-157.9225176,21.3722328],[-157.9227701,21.3722431],[-157.9230314,21.3722685],[-157.9232989,21.3723051],[-157.9235317,21.3723458],[-157.9237507,21.3723924],[-157.9239796,21.3724577],[-157.9241666,21.3725205],[-157.9243639,21.3725915],[-157.9245456,21.3726652],[-157.9247167,21.3727437],[-157.9249195,21.3728523]]}},{"type":"Feature","properties":{"h":"primary"},"geometry":{"type":"LineString","coordinates":[[-157.929602,21.3760115],[-157.9297764,21.3761227],[-157.92985,21.3761724],[-157.93003,21.3762941],[-157.9302433,21.3764382],[-157.9303387,21.3764616]]}},{"type":"Feature","properties":{"h":"tertiary"},"geometry":{"type":"LineString","coordinates":[[-157.9303387,21.3764616],[-157.9303108,21.3763529],[-157.9302486,21.3763099]]}},{"type":"Feature","properties":{"h":"primary"},"geometry":{"type":"LineString","coordinates":[[-157.9347494,21.3487298],[-157.9346281,21.3483211],[-157.9345317,21.3479732],[-157.9342984,21.3475128],[-157.9342607,21.3474243]]}},{"type":"Feature","properties":{"h":"tertiary"},"geometry":{"type":"LineString","coordinates":[[-157.9267382,21.3792482],[-157.9267851,21.3794084],[-157.9268199,21.3795077],[-157.9269006,21.3796305],[-157.9270984,21.3799229],[-157.9272601,21.3801702]]}},{"type":"Feature","properties":{"h":"tertiary"},"geometry":{"type":"LineString","coordinates":[[-157.956223,21.3663718],[-157.9561496,21.3665216],[-157.9560743,21.3666565],[-157.956019,21.3667345]]}},{"type":"Feature","properties":{"h":"tertiary"},"geometry":{"type":"LineString","coordinates":[[-157.9562293,21.3671526],[-157.9562726,21.3671237],[-157.9563209,21.3670688],[-157.956349,21.367003],[-157.9563545,21.3669322],[-157.9563367,21.3668633],[-157.9563175,21.3668285],[-157.9562923,21.3667972],[-157.956235,21.3667529],[-157.9561661,21.3667264],[-157.9560919,21.3667201],[-157.956019,21.3667345],[-157.9559454,21.366775],[-157.9558908,21.3668364],[-157.9558628,21.3669061],[-157.9558601,21.3669805],[-157.9558828,21.3670519],[-157.9559084,21.3670909],[-157.9559521,21.3671326],[-157.9560057,21.3671628],[-157.9560656,21.3671796],[-157.9561282,21.3671819],[-157.9561804,21.3671723],[-157.9562293,21.3671526]]}},{"type":"Feature","properties":{"h":"tertiary"},"geometry":{"type":"LineString","coordinates":[[-157.9345081,21.38137],[-157.9345554,21.3816089],[-157.9345762,21.3817137],[-157.9345906,21.3818051],[-157.9345963,21.381883],[-157.9345941,21.381962],[-157.9345796,21.3820578],[-157.9345518,21.3821546],[-157.9343052,21.3828524],[-157.9342828,21.3829113],[-157.9342547,21.3829735],[-157.9342062,21.3830592],[-157.934145,21.3831483],[-157.9340998,21.3832039],[-157.9340426,21.3832649],[-157.9339693,21.3833306],[-157.933909,21.3833759],[-157.9338418,21.3834219],[-157.9336386,21.38355],[-157.9329572,21.383979],[-157.9326841,21.384151]]}},{"type":"Feature","properties":{"h":"tertiary"},"geometry":{"type":"LineString","coordinates":[[-157.9555286,21.3669067],[-157.9557187,21.3669533],[-157.9557995,21.3669988],[-157.9558828,21.3670519]]}},{"type":"Feature","properties":{"h":"tertiary"},"geometry":{"type":"LineString","coordinates":[[-157.9566162,21.3670223],[-157.9565279,21.3669735],[-157.9564325,21.3669247],[-157.9563367,21.3668633]]}},{"type":"Feature","properties":{"h":"tertiary"},"geometry":{"type":"LineString","coordinates":[[-157.9562726,21.3671237],[-157.9563623,21.3670851],[-157.9564842,21.3670463],[-157.9566162,21.3670223]]}},{"type":"Feature","properties":{"h":"tertiary"},"geometry":{"type":"LineString","coordinates":[[-157.9558908,21.3668364],[-157.9557868,21.3668728],[-157.955701,21.3668926],[-157.9555286,21.3669067]]}},{"type":"Feature","properties":{"h":"tertiary"},"geometry":{"type":"LineString","coordinates":[[-157.9562923,21.3667972],[-157.9562627,21.3666835],[-157.9562411,21.366586],[-157.9562252,21.3664901],[-157.956223,21.3663718]]}},{"type":"Feature","properties":{"h":"tertiary"},"geometry":{"type":"LineString","coordinates":[[-157.9388404,21.3827797],[-157.9389315,21.3827316],[-157.9389579,21.3827174],[-157.9390524,21.3826512],[-157.9391172,21.382601],[-157.9391757,21.3825506],[-157.9392362,21.3824902],[-157.9392911,21.3824387],[-157.9393577,21.3823853],[-157.9394375,21.3823277],[-157.9395009,21.3822886],[-157.9395708,21.3822543]]}},{"type":"Feature","properties":{"h":"tertiary"},"geometry":{"type":"LineString","coordinates":[[-157.9796739,21.3941738],[-157.9796967,21.394109],[-157.9799509,21.3935367]]}},{"type":"Feature","properties":{"h":"tertiary"},"geometry":{"type":"LineString","coordinates":[[-157.9799509,21.3935367],[-157.9800452,21.3933438]]}},{"type":"Feature","properties":{"h":"tertiary"},"geometry":{"type":"LineString","coordinates":[[-157.966762,21.3961883],[-157.9668709,21.3961308]]}},{"type":"Feature","properties":{"h":"tertiary"},"geometry":{"type":"LineString","coordinates":[[-157.9668709,21.3961308],[-157.9669663,21.3960849],[-157.967113,21.3960213],[-157.9672726,21.3959647],[-157.9674357,21.3959157],[-157.9676058,21.3958672],[-157.9676796,21.3958527],[-157.9678059,21.3958339],[-157.9679542,21.3958126],[-157.968109,21.3958027],[-157.9682657,21.3957989],[-157.9683748,21.3958002],[-157.9685331,21.3958115],[-157.9686426,21.3958261],[-157.9687386,21.3958407],[-157.9688492,21.3958646],[-157.9689002,21.3958754]]}},{"type":"Feature","properties":{"h":"tertiary"},"geometry":{"type":"LineString","coordinates":[[-157.928194,21.3796956],[-157.928144,21.3796221]]}},{"type":"Feature","properties":{"h":"tertiary"},"geometry":{"type":"LineString","coordinates":[[-157.928144,21.3796221],[-157.9280011,21.3794079]]}},{"type":"Feature","properties":{"h":"motorway"},"geometry":{"type":"LineString","coordinates":[[-157.9279835,21.3749101],[-157.9282274,21.3750427],[-157.9283827,21.3751357],[-157.9285674,21.3752345],[-157.9287744,21.3753362],[-157.9289979,21.3754344],[-157.9292232,21.375524],[-157.9293998,21.3755842],[-157.9296081,21.3756523],[-157.9299044,21.375731],[-157.9300641,21.3757653],[-157.930227,21.3757984],[-157.9304094,21.3758277],[-157.931202,21.3759394],[-157.9317066,21.3760084],[-157.9319938,21.3760599],[-157.9323035,21.3761345],[-157.9325971,21.3762275],[-157.9329031,21.3763448],[-157.9331482,21.3764565]]}},{"type":"Feature","properties":{"h":"motorway"},"geometry":{"type":"LineString","coordinates":[[-157.9278875,21.3746428],[-157.926304,21.3736117],[-157.9255913,21.3731439]]}},{"type":"Feature","properties":{"h":"tertiary"},"geometry":{"type":"LineString","coordinates":[[-157.9576612,21.3664697],[-157.9575166,21.3665696],[-157.9574943,21.3665855],[-157.9572104,21.3667886],[-157.9570604,21.3668896],[-157.9569437,21.3669682],[-157.9568251,21.3670145],[-157.9567328,21.3670286],[-157.9566162,21.3670223]]}},{"type":"Feature","properties":{"h":"secondary"},"geometry":{"type":"LineString","coordinates":[[-157.9251083,21.3516371],[-157.9259778,21.3550169]]}},{"type":"Feature","properties":{"h":"motorway"},"geometry":{"type":"LineString","coordinates":[[-157.909,21.336499],[-157.9105221,21.3366974],[-157.915503,21.3374428],[-157.9180937,21.3378242],[-157.919641,21.338059],[-157.9205486,21.3381913],[-157.9223758,21.3384714],[-157.9231473,21.3385809],[-157.9245756,21.3387968]]}},{"type":"Feature","properties":{"h":"tertiary"},"geometry":{"type":"LineString","coordinates":[[-157.9706781,21.3928869],[-157.970489,21.3933295]]}},{"type":"Feature","properties":{"h":"tertiary"},"geometry":{"type":"LineString","coordinates":[[-157.9718904,21.3801145],[-157.9721417,21.3811377],[-157.9723407,21.3818697],[-157.9726013,21.3829396],[-157.9727723,21.3836551],[-157.9728753,21.3842724],[-157.9729312,21.3847977],[-157.9729575,21.3851707],[-157.9729678,21.3854151],[-157.97296,21.3859367]]}},{"type":"Feature","properties":{"h":"motorway"},"geometry":{"type":"LineString","coordinates":[[-157.9620155,21.3911125],[-157.9615234,21.3913098],[-157.9594444,21.3921658]]}},{"type":"Feature","properties":{"h":"motorway"},"geometry":{"type":"LineString","coordinates":[[-157.9907028,21.3981027],[-157.9910675,21.3980731]]}},{"type":"Feature","properties":{"h":"motorway"},"geometry":{"type":"LineString","coordinates":[[-157.9910675,21.3980731],[-157.991407,21.3980494],[-157.9920257,21.3979909],[-157.9923738,21.39797],[-157.9927128,21.3979701],[-157.9930782,21.3979906],[-157.9934036,21.398023],[-157.9939756,21.3981029],[-157.9946091,21.39823],[-157.9959634,21.3985107],[-157.9975962,21.3988475],[-157.9990352,21.3991648],[-157.9995462,21.399266]]}},{"type":"Feature","properties":{"h":"tertiary"},"geometry":{"type":"LineString","coordinates":[[-157.9643708,21.3921094],[-157.9644509,21.3920753],[-157.9644955,21.3920316],[-157.9645261,21.3919857],[-157.9645389,21.391963],[-157.9645755,21.3918902]]}},{"type":"Feature","properties":{"h":"tertiary"},"geometry":{"type":"LineString","coordinates":[[-157.9642054,21.3922358],[-157.9640697,21.3923417],[-157.9638374,21.3925215],[-157.9636931,21.3926408],[-157.9635671,21.3927621],[-157.9634936,21.3928443],[-157.9634095,21.3929577],[-157.9633365,21.393069],[-157.9632799,21.393169],[-157.9632274,21.3932748],[-157.9631871,21.3933691],[-157.963146,21.3934835],[-157.9628848,21.3942566],[-157.9627981,21.3945131],[-157.9627686,21.394609],[-157.9627477,21.3946997],[-157.9627408,21.3947584]]}},{"type":"Feature","properties":{"h":"primary"},"geometry":{"type":"LineString","coordinates":[[-157.9646149,21.3917397],[-157.9643812,21.3916338],[-157.9640939,21.3915024],[-157.9632875,21.3911345],[-157.9630984,21.3910482],[-157.9624273,21.390742],[-157.9622427,21.3906577],[-157.9620833,21.390585],[-157.961919,21.3905101],[-157.9617497,21.3904328]]}},{"type":"Feature","properties":{"h":"primary"},"geometry":{"type":"LineString","coordinates":[[-157.9687249,21.3932621],[-157.9685487,21.3932007]]}},{"type":"Feature","properties":{"h":"primary"},"geometry":{"type":"LineString","coordinates":[[-157.9698747,21.3938235],[-157.9701088,21.3939036],[-157.9702028,21.3939362]]}},{"type":"Feature","properties":{"h":"primary"},"geometry":{"type":"LineString","coordinates":[[-157.968646,21.3933968],[-157.9687725,21.3934408]]}},{"type":"Feature","properties":{"h":"secondary"},"geometry":{"type":"LineString","coordinates":[[-157.9541537,21.3909946],[-157.9548884,21.3911449],[-157.9553137,21.3912372],[-157.9557102,21.3913189],[-157.9562058,21.3914207],[-157.9566436,21.3915131]]}},{"type":"Feature","properties":{"h":"tertiary"},"geometry":{"type":"LineString","coordinates":[[-157.9531176,21.3927265],[-157.9531903,21.3925229],[-157.953239,21.3923687],[-157.9532695,21.3922526],[-157.9532892,21.3921571],[-157.9533044,21.3920669],[-157.9533177,21.3919488],[-157.953323,21.391879],[-157.9533265,21.3918065],[-157.9533262,21.3917397]]}},{"type":"Feature","properties":{"h":"tertiary"},"geometry":{"type":"LineString","coordinates":[[-157.9432321,21.3985999],[-157.9430426,21.3987036],[-157.9428823,21.3988041],[-157.9426637,21.3989571],[-157.9421668,21.3993093],[-157.9419677,21.3994497],[-157.9417791,21.3995708],[-157.9416793,21.3996238],[-157.9415426,21.3996875],[-157.9414407,21.399731],[-157.9412837,21.3997849],[-157.9410907,21.3998367],[-157.9409012,21.3998702],[-157.9407516,21.3998861],[-157.9405985,21.399893],[-157.9404049,21.3998913],[-157.940236,21.3998748],[-157.9401217,21.3998586],[-157.9397378,21.3997868],[-157.939653,21.3997709],[-157.9395662,21.3997551],[-157.9390609,21.3996632],[-157.9389428,21.3996426],[-157.9388298,21.3996261],[-157.938676,21.3996108],[-157.9384647,21.3995989],[-157.938273,21.3995996],[-157.9380141,21.399616],[-157.9378022,21.399642],[-157.9376205,21.3996763],[-157.9374301,21.3997194],[-157.9372406,21.3997745],[-157.9370438,21.3998436],[-157.9368963,21.3999036],[-157.9367716,21.3999603],[-157.9366174,21.4000378],[-157.9364859,21.4001129],[-157.9363659,21.4001864],[-157.9362372,21.4002732],[-157.9361259,21.4003593],[-157.9359884,21.4004679],[-157.9358425,21.4006008],[-157.9357531,21.400689],[-157.9356538,21.4008004],[-157.9355579,21.4009143],[-157.9353897,21.401123],[-157.9353737,21.4011429],[-157.9353317,21.401195],[-157.9352887,21.4012484],[-157.9352721,21.4012691],[-157.9348891,21.4017452],[-157.9344811,21.4022551],[-157.9343186,21.402456],[-157.9342396,21.4025457],[-157.9341665,21.4026187],[-157.9340877,21.4026846],[-157.9340007,21.4027488]]}},{"type":"Feature","properties":{"h":"secondary"},"geometry":{"type":"LineString","coordinates":[[-157.9496045,21.3907462],[-157.9492225,21.3907414],[-157.9490068,21.390732],[-157.9488033,21.3907181],[-157.9485932,21.3907036],[-157.9484491,21.3906962]]}},{"type":"Feature","properties":{"h":"tertiary"},"geometry":{"type":"LineString","coordinates":[[-157.9621991,21.3982775],[-157.9621778,21.3982263]]}},{"type":"Feature","properties":{"h":"tertiary"},"geometry":{"type":"LineString","coordinates":[[-157.9622068,21.3950497],[-157.9623296,21.3950146],[-157.9624903,21.3949889],[-157.9626198,21.3949783]]}},{"type":"Feature","properties":{"h":"tertiary"},"geometry":{"type":"LineString","coordinates":[[-157.9610485,21.3959639],[-157.9609976,21.3959175],[-157.9603858,21.3953387],[-157.9602007,21.3951698],[-157.9600795,21.3950725],[-157.9599758,21.3949983],[-157.9598879,21.3949429],[-157.9598079,21.394896],[-157.9596807,21.3948303],[-157.9595938,21.3947917],[-157.9595299,21.3947634],[-157.9594568,21.3947371],[-157.9594078,21.3947195],[-157.9592741,21.3946788],[-157.9591172,21.3946393],[-157.9589491,21.3946111],[-157.9588737,21.3946023],[-157.9587989,21.394596],[-157.9587204,21.3945908],[-157.9586382,21.3945888],[-157.9585252,21.3945902],[-157.9584539,21.3945939],[-157.9583895,21.3945982],[-157.9583348,21.3946032],[-157.9582131,21.3946198],[-157.9580685,21.3946471],[-157.957945,21.3946781],[-157.9578685,21.3947004],[-157.9577907,21.3947258],[-157.9577106,21.3947553],[-157.957621,21.3947915],[-157.9575309,21.3948331],[-157.9574587,21.3948691],[-157.9573481,21.3949314],[-157.9572657,21.3949809],[-157.9562095,21.395638],[-157.9561147,21.3956956],[-157.9560429,21.3957343],[-157.955971,21.3957699],[-157.9558746,21.3958125],[-157.9557962,21.3958426],[-157.9557131,21.3958713],[-157.9556225,21.3958986],[-157.9554985,21.3959265],[-157.9553656,21.3959478],[-157.9552357,21.3959594],[-157.9550925,21.3959621],[-157.9549635,21.3959574],[-157.9548584,21.3959475],[-157.9547504,21.3959328],[-157.9546704,21.3959164],[-157.9545882,21.3958982],[-157.9545027,21.3958729],[-157.9540062,21.3957135],[-157.9534554,21.3955367],[-157.9523483,21.3951812],[-157.9522305,21.3951495]]}},{"type":"Feature","properties":{"h":"secondary"},"geometry":{"type":"LineString","coordinates":[[-158.0259783,21.3242805],[-158.0260143,21.3243723],[-158.0260322,21.3244101],[-158.0261142,21.3245832],[-158.0266021,21.3261438],[-158.0266949,21.326393]]}},{"type":"Feature","properties":{"h":"secondary"},"geometry":{"type":"LineString","coordinates":[[-158.0259783,21.3242805],[-158.0259171,21.3243035],[-158.0250435,21.324633],[-158.0247746,21.3247329],[-158.0245748,21.3248197],[-158.0243566,21.3249565],[-158.0241728,21.3251018],[-158.0240476,21.3252533],[-158.0239201,21.3254571],[-158.0236797,21.3258549]]}},{"type":"Feature","properties":{"h":"tertiary"},"geometry":{"type":"LineString","coordinates":[[-158.0221828,21.3269389],[-158.0221561,21.3269038]]}},{"type":"Feature","properties":{"h":"secondary"},"geometry":{"type":"LineString","coordinates":[[-158.02274,21.3274114],[-158.0227956,21.3273244]]}},{"type":"Feature","properties":{"h":"tertiary"},"geometry":{"type":"LineString","coordinates":[[-157.9430779,21.3691961],[-157.9421488,21.369249],[-157.9398249,21.3693803],[-157.9390866,21.3694469],[-157.9385048,21.3695201],[-157.9377533,21.3696716]]}},{"type":"Feature","properties":{"h":"secondary"},"geometry":{"type":"LineString","coordinates":[[-157.9752674,21.3985073],[-157.9753092,21.398461],[-157.975603,21.3981479]]}},{"type":"Feature","properties":{"h":"tertiary"},"geometry":{"type":"LineString","coordinates":[[-157.9210979,21.3745556],[-157.9209727,21.3745639],[-157.9209574,21.374565],[-157.919668,21.374651]]}},{"type":"Feature","properties":{"h":"secondary"},"geometry":{"type":"LineString","coordinates":[[-157.9200896,21.3701457],[-157.9202231,21.369938],[-157.9203897,21.3697335],[-157.9207072,21.3694264]]}},{"type":"Feature","properties":{"h":"secondary"},"geometry":{"type":"LineString","coordinates":[[-157.9207072,21.3694264],[-157.921006,21.3692075],[-157.9213164,21.3690309],[-157.9215739,21.3689212],[-157.9226289,21.3685654],[-157.9238763,21.368139],[-157.924477,21.367921],[-157.9252124,21.3676557],[-157.9253763,21.3675908]]}},{"type":"Feature","properties":{"h":"tertiary"},"geometry":{"type":"LineString","coordinates":[[-157.9571911,21.4004636],[-157.9571407,21.4004266],[-157.9571357,21.4004229],[-157.9559036,21.3995185],[-157.9558178,21.3994555],[-157.9557208,21.3993841],[-157.9549693,21.3988312],[-157.954424,21.398431],[-157.9543098,21.3983472],[-157.9541268,21.398214],[-157.9536849,21.3978902],[-157.9533246,21.3976263],[-157.9531754,21.3975309],[-157.9530506,21.3974594],[-157.9529051,21.3973884],[-157.9527919,21.3973377],[-157.9526989,21.397301],[-157.9525932,21.3972632],[-157.952396,21.3971999],[-157.9517086,21.396979],[-157.9516849,21.3969717],[-157.9515726,21.3969416]]}},{"type":"Feature","properties":{"h":"tertiary"},"geometry":{"type":"LineString","coordinates":[[-157.9293325,21.3797815],[-157.9289339,21.3800187]]}},{"type":"Feature","properties":{"h":"tertiary"},"geometry":{"type":"LineString","coordinates":[[-157.9271009,21.3844463],[-157.9270474,21.3844272],[-157.9269765,21.3843927],[-157.9269107,21.3843536],[-157.9268344,21.3842929],[-157.9267628,21.3842317],[-157.9266194,21.3841014],[-157.9265071,21.3839993],[-157.9263559,21.3838619],[-157.9262371,21.3837653],[-157.9261647,21.3837164],[-157.9261036,21.3836821],[-157.9260334,21.3836525],[-157.925957,21.3836253],[-157.9258414,21.3835984],[-157.9256678,21.3835706],[-157.9250136,21.3835126],[-157.924848,21.383497],[-157.9241027,21.3834316],[-157.9237807,21.3834034],[-157.923623,21.3833957],[-157.9234933,21.3833956],[-157.9233827,21.383403],[-157.923289,21.3834155],[-157.9231626,21.3834456],[-157.923069,21.3834738],[-157.9227671,21.3835648],[-157.9224286,21.3836725],[-157.9222454,21.3837414],[-157.9221173,21.3837995],[-157.921998,21.383862],[-157.921873,21.3839386],[-157.9215782,21.384136],[-157.9213198,21.3843085],[-157.9212549,21.3843519],[-157.9211363,21.3844299],[-157.9208547,21.384615],[-157.9207428,21.3846902],[-157.9206003,21.3847859],[-157.9202595,21.385015],[-157.9201542,21.3850907],[-157.9200594,21.3851593],[-157.9198294,21.3853287],[-157.9196562,21.3854693],[-157.9195564,21.3855539],[-157.9194722,21.3856287],[-157.9192528,21.3858187],[-157.9189123,21.3861136],[-157.9186356,21.3863602],[-157.9182119,21.3867302],[-157.9179085,21.3869963],[-157.9175629,21.3872984]]}},{"type":"Feature","properties":{"h":"secondary"},"geometry":{"type":"LineString","coordinates":[[-157.9199442,21.3703255],[-157.9200896,21.3701457]]}},{"type":"Feature","properties":{"h":"primary"},"geometry":{"type":"LineString","coordinates":[[-157.9350629,21.3694985],[-157.9348773,21.369667],[-157.9347834,21.3697557],[-157.9347123,21.3698106],[-157.9347031,21.3698184],[-157.9346493,21.3698491],[-157.9346104,21.3698607],[-157.9345832,21.3698661],[-157.9345527,21.3698693],[-157.9344983,21.3698542]]}},{"type":"Feature","properties":{"h":"trunk"},"geometry":{"type":"LineString","coordinates":[[-158.0268143,21.3480323],[-158.028223,21.353233]]}},{"type":"Feature","properties":{"h":"primary"},"geometry":{"type":"LineString","coordinates":[[-157.9728186,21.3946513],[-157.9719629,21.3943573],[-157.9715725,21.3942208],[-157.9712815,21.3941193],[-157.9708217,21.393959],[-157.9705512,21.3938637]]}},{"type":"Feature","properties":{"h":"primary"},"geometry":{"type":"LineString","coordinates":[[-157.9992152,21.3856298],[-157.9988638,21.3858659],[-157.998499,21.3861562],[-157.9980678,21.3865067],[-157.9979786,21.3865792]]}},{"type":"Feature","properties":{"h":"primary"},"geometry":{"type":"LineString","coordinates":[[-157.9871361,21.3953282],[-157.9876919,21.3951043],[-157.987965,21.3949862],[-157.9883355,21.3947921],[-157.9886397,21.3945978],[-157.9888665,21.394421],[-157.9891533,21.3941903],[-157.9896485,21.3937809],[-157.9902509,21.3932731],[-157.9909858,21.3926405],[-157.9914887,21.3922119],[-157.9919396,21.3918975],[-157.9925359,21.3913755],[-157.9937602,21.390321]]}},{"type":"Feature","properties":{"h":"primary"},"geometry":{"type":"LineString","coordinates":[[-157.9892996,21.3936513],[-157.9891957,21.3935816],[-157.9890341,21.3934979],[-157.988898,21.3934429],[-157.9887796,21.3934067]]}},{"type":"Feature","properties":{"h":"primary"},"geometry":{"type":"LineString","coordinates":[[-157.9922236,21.398967],[-157.9922966,21.3991095],[-157.9923058,21.3991278],[-157.9924354,21.3993806],[-157.9926862,21.3998869]]}},{"type":"Feature","properties":{"h":"primary"},"geometry":{"type":"LineString","coordinates":[[-157.9924669,21.3991118],[-157.9924411,21.3990632],[-157.9923065,21.3988091],[-157.9921662,21.3985402]]}},{"type":"Feature","properties":{"h":"primary"},"geometry":{"type":"LineString","coordinates":[[-158.0252919,21.3423488],[-158.0266743,21.3474931],[-158.0266777,21.3475059],[-158.0267569,21.3478142],[-158.0267921,21.3479514]]}},{"type":"Feature","properties":{"h":"secondary"},"geometry":{"type":"LineString","coordinates":[[-157.9355998,21.3811895],[-157.9354559,21.3811589],[-157.9352903,21.3811403]]}},{"type":"Feature","properties":{"h":"secondary"},"geometry":{"type":"LineString","coordinates":[[-157.9369649,21.3822534],[-157.9369101,21.3821889],[-157.9368554,21.3821278]]}},{"type":"Feature","properties":{"h":"primary"},"geometry":{"type":"LineString","coordinates":[[-157.9305604,21.3419411],[-157.9308739,21.3424429],[-157.9310152,21.3426537],[-157.9311581,21.3428219],[-157.9313097,21.3429745],[-157.931493,21.3431308],[-157.9317099,21.343312],[-157.9318525,21.3434393],[-157.9319939,21.3435886],[-157.9321134,21.3437462],[-157.932215,21.3438921],[-157.9323064,21.344075],[-157.9323912,21.3442824],[-157.9326287,21.3449908],[-157.9328163,21.3455527],[-157.9329159,21.3458352],[-157.9330007,21.3460569],[-157.9330768,21.34622],[-157.9331753,21.3463627]]}},{"type":"Feature","properties":{"h":"primary"},"geometry":{"type":"LineString","coordinates":[[-157.9407214,21.3808537],[-157.9405846,21.3807897]]}},{"type":"Feature","properties":{"h":"motorway"},"geometry":{"type":"LineString","coordinates":[[-158.0044776,21.3988926],[-158.0052158,21.3986528],[-158.0061427,21.3982932],[-158.0070611,21.3978937],[-158.0077743,21.3975473],[-158.0084101,21.3972049],[-158.0094288,21.3965721]]}},{"type":"Feature","properties":{"h":"tertiary"},"geometry":{"type":"LineString","coordinates":[[-157.9904542,21.3335041],[-157.9904614,21.3334336],[-157.9904976,21.333374],[-157.9906029,21.3332542],[-157.9922401,21.3315671]]}},{"type":"Feature","properties":{"h":"trunk"},"geometry":{"type":"LineString","coordinates":[[-158.0260562,21.3721159],[-158.026066,21.3712791],[-158.0262129,21.3698008]]}},{"type":"Feature","properties":{"h":"primary"},"geometry":{"type":"LineString","coordinates":[[-158.0251541,21.3768031],[-158.0237421,21.3775314]]}},{"type":"Feature","properties":{"h":"trunk"},"geometry":{"type":"LineString","coordinates":[[-158.0259952,21.3698579],[-158.025976,21.3700505],[-158.0258574,21.3712904],[-158.0258186,21.3717666],[-158.0258101,21.3721931],[-158.0258168,21.3724635]]}},{"type":"Feature","properties":{"h":"secondary"},"geometry":{"type":"LineString","coordinates":[[-158.010173,21.3979318],[-158.0101726,21.3978205],[-158.0101605,21.3976717],[-158.0101445,21.3975452],[-158.0101189,21.3973867],[-158.0100743,21.397149],[-158.0100299,21.3969727],[-158.0100097,21.3969003]]}},{"type":"Feature","properties":{"h":"motorway"},"geometry":{"type":"LineString","coordinates":[[-158.0093023,21.3963141],[-158.0088745,21.3965966],[-158.0084841,21.3968363],[-158.008,21.3971172],[-158.0074137,21.3974314],[-158.0069636,21.3976631],[-158.0063636,21.3979345],[-158.0058932,21.3981297],[-158.0052948,21.3983567],[-158.004884,21.3984964]]}},{"type":"Feature","properties":{"h":"secondary"},"geometry":{"type":"LineString","coordinates":[[-158.0088932,21.3949148],[-158.0093934,21.3960192]]}},{"type":"Feature","properties":{"h":"secondary"},"geometry":{"type":"LineString","coordinates":[[-158.0046198,21.389884],[-158.0046888,21.3898805],[-158.0049174,21.3898769],[-158.0049654,21.389876],[-158.0050962,21.3898803],[-158.0052038,21.3898911],[-158.0053795,21.3899262],[-158.0055548,21.3899796]]}},{"type":"Feature","properties":{"h":"tertiary"},"geometry":{"type":"LineString","coordinates":[[-158.0072754,21.3881645],[-158.0070092,21.3881059],[-158.0068164,21.388057],[-158.0065677,21.3879795]]}},{"type":"Feature","properties":{"h":"primary"},"geometry":{"type":"LineString","coordinates":[[-157.9331753,21.3463627],[-157.9332658,21.346456]]}},{"type":"Feature","properties":{"h":"motorway"},"geometry":{"type":"LineString","coordinates":[[-157.931204,21.3416711],[-157.9316794,21.3422123],[-157.932094,21.3427648]]}},{"type":"Feature","properties":{"h":"motorway"},"geometry":{"type":"LineString","coordinates":[[-157.9310179,21.3410728],[-157.9308028,21.3408838],[-157.9305403,21.3406571],[-157.9302984,21.340465]]}},{"type":"Feature","properties":{"h":"primary"},"geometry":{"type":"LineString","coordinates":[[-157.9339595,21.3466419],[-157.9339094,21.3462805]]}},{"type":"Feature","properties":{"h":"tertiary"},"geometry":{"type":"LineString","coordinates":[[-158.025037,21.3807366],[-158.0249214,21.3805412],[-158.0248653,21.3804463],[-158.0247406,21.3802353],[-158.0246162,21.3800249],[-158.0246085,21.3800121],[-158.0245148,21.3798535],[-158.0244483,21.3797411],[-158.0244399,21.3797269]]}},{"type":"Feature","properties":{"h":"primary"},"geometry":{"type":"LineString","coordinates":[[-158.0255166,21.3767957],[-158.0262711,21.3764055]]}},{"type":"Feature","properties":{"h":"primary"},"geometry":{"type":"LineString","coordinates":[[-158.0268412,21.3759361],[-158.0251541,21.3768031]]}},{"type":"Feature","properties":{"h":"primary"},"geometry":{"type":"LineString","coordinates":[[-158.0029291,21.3843671],[-158.0044521,21.3840922],[-158.0046196,21.3840598],[-158.0051193,21.3839658],[-158.0053038,21.3839294]]}},{"type":"Feature","properties":{"h":"primary"},"geometry":{"type":"LineString","coordinates":[[-158.0064059,21.3835726],[-158.0063037,21.3835911],[-158.0061446,21.3836225],[-158.0057074,21.383704],[-158.0052926,21.3837814],[-158.0049145,21.383852],[-158.0046637,21.3838988],[-158.0043805,21.3839517],[-158.0039253,21.3840366]]}},{"type":"Feature","properties":{"h":"tertiary"},"geometry":{"type":"LineString","coordinates":[[-158.0064059,21.3835726],[-158.0064575,21.3836669],[-158.0064791,21.383715]]}},{"type":"Feature","properties":{"h":"tertiary"},"geometry":{"type":"LineString","coordinates":[[-158.0065528,21.3839279],[-158.0065913,21.3840403],[-158.0066921,21.3843365],[-158.0067531,21.3844905]]}},{"type":"Feature","properties":{"h":"tertiary"},"geometry":{"type":"LineString","coordinates":[[-158.0031225,21.3852096],[-158.0031048,21.385135],[-158.0030893,21.3850629],[-158.0030387,21.3848159],[-158.0029715,21.3845044],[-158.0029463,21.384408],[-158.0029291,21.3843671]]}},{"type":"Feature","properties":{"h":"primary"},"geometry":{"type":"LineString","coordinates":[[-158.0028764,21.3842421],[-158.0027645,21.3842638],[-158.0024919,21.3843128],[-158.0021445,21.3843807],[-158.0017673,21.3844704],[-158.0012947,21.3846124],[-158.000964,21.3847288]]}},{"type":"Feature","properties":{"h":"primary"},"geometry":{"type":"LineString","coordinates":[[-158.0009105,21.3849058],[-158.0009953,21.3848742],[-158.0014303,21.3847243],[-158.0016542,21.3846524],[-158.0018983,21.3845856]]}},{"type":"Feature","properties":{"h":"tertiary"},"geometry":{"type":"LineString","coordinates":[[-158.0029291,21.3843671],[-158.0028764,21.3842421]]}},{"type":"Feature","properties":{"h":"primary"},"geometry":{"type":"LineString","coordinates":[[-158.0262711,21.3764055],[-158.0270243,21.3760205]]}},{"type":"Feature","properties":{"h":"primary"},"geometry":{"type":"LineString","coordinates":[[-158.0281659,21.3752051],[-158.0269823,21.375862],[-158.0268412,21.3759361]]}},{"type":"Feature","properties":{"h":"primary"},"geometry":{"type":"LineString","coordinates":[[-157.9356218,21.3526818],[-157.9356062,21.352611],[-157.9355441,21.3523288]]}},{"type":"Feature","properties":{"h":"tertiary"},"geometry":{"type":"LineString","coordinates":[[-157.9429562,21.34955],[-157.9428632,21.3496627],[-157.9425952,21.3500295]]}},{"type":"Feature","properties":{"h":"tertiary"},"geometry":{"type":"LineString","coordinates":[[-157.9435562,21.3479764],[-157.9435375,21.3480207],[-157.943379,21.3485087],[-157.9432195,21.349045],[-157.943144,21.349245],[-157.9429562,21.34955]]}},{"type":"Feature","properties":{"h":"tertiary"},"geometry":{"type":"LineString","coordinates":[[-157.943956,21.3474425],[-157.9438627,21.3474629],[-157.9437116,21.3476217],[-157.9436734,21.347682],[-157.9436462,21.3477564],[-157.9435562,21.3479764]]}},{"type":"Feature","properties":{"h":"primary"},"geometry":{"type":"LineString","coordinates":[[-157.9348364,21.3490813],[-157.9348087,21.3489696],[-157.9347853,21.3488711]]}},{"type":"Feature","properties":{"h":"primary"},"geometry":{"type":"LineString","coordinates":[[-157.9355441,21.3523288],[-157.9354452,21.351878],[-157.9354354,21.351833],[-157.935244,21.3509605],[-157.9349272,21.3495286],[-157.9348364,21.3490813]]}},{"type":"Feature","properties":{"h":"primary"},"geometry":{"type":"LineString","coordinates":[[-157.9346415,21.3491124],[-157.9347675,21.3495861],[-157.9350621,21.350931],[-157.9352496,21.351815],[-157.9353052,21.352077],[-157.9353519,21.3522974],[-157.9353536,21.3523053]]}},{"type":"Feature","properties":{"h":"tertiary"},"geometry":{"type":"LineString","coordinates":[[-157.9387707,21.3529155],[-157.9383175,21.3528239]]}},{"type":"Feature","properties":{"h":"tertiary"},"geometry":{"type":"LineString","coordinates":[[-157.9320185,21.351865],[-157.9319429,21.3518074],[-157.9316942,21.3516178],[-157.9314746,21.3514023]]}},{"type":"Feature","properties":{"h":"tertiary"},"geometry":{"type":"LineString","coordinates":[[-157.9147009,21.3506332],[-157.9147166,21.3506556],[-157.9147533,21.3507044],[-157.9150527,21.351137],[-157.9152831,21.3514786],[-157.915572,21.351906],[-157.9156381,21.3520461],[-157.9156892,21.3521268],[-157.915727,21.3521825],[-157.9157703,21.352234],[-157.9158075,21.3522744],[-157.915846,21.3523147],[-157.9158752,21.3523419],[-157.915907,21.352369],[-157.9159539,21.352404],[-157.9160498,21.352464],[-157.9161189,21.3525039],[-157.9161873,21.3525389],[-157.9162458,21.3525687],[-157.9162896,21.3525873],[-157.9163436,21.3526082],[-157.9163813,21.3526218],[-157.9164176,21.3526316],[-157.9164636,21.3526437],[-157.9165226,21.3526578],[-157.9166057,21.3526744],[-157.9168149,21.35271],[-157.9172306,21.3527712],[-157.917296,21.3527762],[-157.9173614,21.3527787],[-157.9174254,21.3527818],[-157.9174828,21.3527812],[-157.9175485,21.3527743],[-157.9176115,21.3527624],[-157.9176879,21.3527474],[-157.9177346,21.3527334],[-157.9177825,21.3527131],[-157.9178757,21.3526775],[-157.9185366,21.352417],[-157.9193039,21.3521072],[-157.9196833,21.3519166],[-157.9200341,21.3516413]]}},{"type":"Feature","properties":{"h":"primary"},"geometry":{"type":"LineString","coordinates":[[-157.9510216,21.3857349],[-157.951393,21.3859018],[-157.9518439,21.3860801],[-157.9520743,21.3861812]]}},{"type":"Feature","properties":{"h":"tertiary"},"geometry":{"type":"LineString","coordinates":[[-157.9320185,21.351865],[-157.9319953,21.3519578],[-157.9319289,21.3522772]]}},{"type":"Feature","properties":{"h":"tertiary"},"geometry":{"type":"LineString","coordinates":[[-157.9309597,21.3553387],[-157.9308882,21.3554125],[-157.9307219,21.3556312],[-157.9303242,21.3560858],[-157.9302583,21.3561635],[-157.9302297,21.356197],[-157.9294834,21.3570563],[-157.9292661,21.3572911]]}},{"type":"Feature","properties":{"h":"tertiary"},"geometry":{"type":"LineString","coordinates":[[-157.9320185,21.351865],[-157.9321181,21.3519168],[-157.9323144,21.3520121]]}},{"type":"Feature","properties":{"h":"tertiary"},"geometry":{"type":"LineString","coordinates":[[-157.9190147,21.3613016],[-157.9191418,21.361302],[-157.9193705,21.3613065],[-157.9195703,21.3613065],[-157.9196617,21.3613017],[-157.9197844,21.3612898],[-157.919974,21.3612638],[-157.9201164,21.3612382],[-157.9202626,21.3612016],[-157.9204119,21.3611578],[-157.9205444,21.3611102],[-157.9207221,21.3610352],[-157.920832,21.3609831],[-157.9209616,21.3609182],[-157.9210853,21.3608423],[-157.9211633,21.3607901],[-157.9212424,21.3607372],[-157.9213896,21.3606257],[-157.9215025,21.3605242],[-157.9216351,21.3603998],[-157.9218255,21.3601841],[-157.9219227,21.3600497],[-157.9222563,21.3595126],[-157.9223158,21.3594175],[-157.9224494,21.3592053]]}},{"type":"Feature","properties":{"h":"tertiary"},"geometry":{"type":"LineString","coordinates":[[-157.9256065,21.3780957],[-157.9249994,21.3778246]]}},{"type":"Feature","properties":{"h":"tertiary"},"geometry":{"type":"LineString","coordinates":[[-157.9280011,21.3794079],[-157.9279431,21.3793314],[-157.9278848,21.3792648],[-157.9278209,21.379207],[-157.9277508,21.3791542],[-157.9276724,21.3791079],[-157.9274669,21.3790184],[-157.9272953,21.3789345]]}},{"type":"Feature","properties":{"h":"secondary"},"geometry":{"type":"LineString","coordinates":[[-157.9326493,21.381073],[-157.9322742,21.381066],[-157.932239,21.3810653],[-157.9321227,21.3810634],[-157.9319533,21.38106],[-157.9317355,21.3810533],[-157.9316298,21.3810416],[-157.9315363,21.381021],[-157.9314454,21.3809963],[-157.9313488,21.3809567],[-157.9312875,21.3809245],[-157.9312247,21.3808844],[-157.931145,21.3808274],[-157.9310987,21.3807862],[-157.9310593,21.3807508]]}},{"type":"Feature","properties":{"h":"secondary"},"geometry":{"type":"LineString","coordinates":[[-157.9374351,21.3833794],[-157.9374063,21.3833024],[-157.9373499,21.383143],[-157.9372574,21.382881],[-157.9372225,21.3827821]]}},{"type":"Feature","properties":{"h":"secondary"},"geometry":{"type":"LineString","coordinates":[[-157.9400791,21.3856839],[-157.9397729,21.385563],[-157.9395505,21.385475],[-157.9392667,21.3853599]]}},{"type":"Feature","properties":{"h":"primary"},"geometry":{"type":"LineString","coordinates":[[-157.9402465,21.3807972],[-157.9406541,21.3809867]]}},{"type":"Feature","properties":{"h":"primary"},"geometry":{"type":"LineString","coordinates":[[-157.9309794,21.3403607],[-157.9307287,21.340222],[-157.930452,21.3400691]]}},{"type":"Feature","properties":{"h":"primary"},"geometry":{"type":"LineString","coordinates":[[-157.9297287,21.3407294],[-157.9298058,21.3407946],[-157.9299693,21.3409809],[-157.9300529,21.3410757]]}},{"type":"Feature","properties":{"h":"primary"},"geometry":{"type":"LineString","coordinates":[[-157.9368798,21.3657047],[-157.9366806,21.3661465],[-157.9366718,21.3661674],[-157.9365837,21.3663767],[-157.9364958,21.3666897]]}},{"type":"Feature","properties":{"h":"primary"},"geometry":{"type":"LineString","coordinates":[[-157.9359918,21.3429194],[-157.938992,21.3442981]]}},{"type":"Feature","properties":{"h":"tertiary"},"geometry":{"type":"LineString","coordinates":[[-157.9556669,21.3374116],[-157.9553508,21.3371085],[-157.9552448,21.3370303],[-157.9551234,21.336955],[-157.9543896,21.3365856],[-157.9542047,21.3364993],[-157.954116,21.3364304],[-157.9525147,21.3349317]]}},{"type":"Feature","properties":{"h":"tertiary"},"geometry":{"type":"LineString","coordinates":[[-157.9520206,21.3346257],[-157.952122,21.3347206],[-157.9539446,21.3364401],[-157.9540999,21.336561],[-157.9542126,21.3366483]]}},{"type":"Feature","properties":{"h":"tertiary"},"geometry":{"type":"LineString","coordinates":[[-157.957776,21.3379596],[-157.9576348,21.3378746],[-157.9575005,21.3378301],[-157.9573588,21.3378169],[-157.9572178,21.3378357],[-157.9570857,21.3378855],[-157.9569703,21.3379633],[-157.9568783,21.3380646],[-157.956815,21.3381836]]}},{"type":"Feature","properties":{"h":"primary"},"geometry":{"type":"LineString","coordinates":[[-157.9397751,21.3439341],[-157.938743,21.3437028],[-157.9382386,21.3435665],[-157.9379375,21.3435462]]}},{"type":"Feature","properties":{"h":"primary"},"geometry":{"type":"LineString","coordinates":[[-157.938992,21.3442981],[-157.9394025,21.3444172],[-157.9397752,21.3445456],[-157.9399132,21.344587],[-157.9400638,21.3446166],[-157.9402186,21.3446274],[-157.9403704,21.3446326],[-157.940556,21.3446119],[-157.9407495,21.3445689],[-157.9409439,21.3444915],[-157.9411399,21.3443683],[-157.9412579,21.3442775],[-157.9413792,21.3441502],[-157.9414878,21.3440099],[-157.9419355,21.3431694],[-157.9420831,21.3429141],[-157.9421653,21.3428027],[-157.9422689,21.3426759],[-157.9425839,21.3423626],[-157.9433273,21.3417045]]}},{"type":"Feature","properties":{"h":"tertiary"},"geometry":{"type":"LineString","coordinates":[[-157.957776,21.3379596],[-157.9580293,21.3377061],[-157.9587528,21.3370294],[-157.9595016,21.3363127],[-157.9596339,21.3361849],[-157.960346,21.3355077],[-157.9609396,21.3349655]]}},{"type":"Feature","properties":{"h":"tertiary"},"geometry":{"type":"LineString","coordinates":[[-157.9567818,21.3383475],[-157.9567882,21.3384494],[-157.9568148,21.3385484],[-157.9568605,21.3386411],[-157.9569403,21.3387462]]}},{"type":"Feature","properties":{"h":"tertiary"},"geometry":{"type":"LineString","coordinates":[[-157.956815,21.3381836],[-157.9567917,21.3382643],[-157.9567818,21.3383475]]}},{"type":"Feature","properties":{"h":"tertiary"},"geometry":{"type":"LineString","coordinates":[[-157.9501824,21.3437588],[-157.9516323,21.3435026],[-157.9519016,21.3434598]]}},{"type":"Feature","properties":{"h":"tertiary"},"geometry":{"type":"LineString","coordinates":[[-157.9520994,21.343292],[-157.951588,21.3433745],[-157.9508455,21.3435004],[-157.9507212,21.3435217],[-157.9504293,21.3435766],[-157.9502053,21.3436187]]}},{"type":"Feature","properties":{"h":"primary"},"geometry":{"type":"LineString","coordinates":[[-157.927296,21.339396],[-157.9281512,21.3396806],[-157.9287734,21.3400054],[-157.9292626,21.3403766]]}},{"type":"Feature","properties":{"h":"primary"},"geometry":{"type":"LineString","coordinates":[[-157.9283526,21.3392787],[-157.92802,21.3391597],[-157.927643,21.3390335],[-157.9273002,21.3389352],[-157.9269721,21.3388426]]}},{"type":"Feature","properties":{"h":"tertiary"},"geometry":{"type":"LineString","coordinates":[[-157.9265444,21.3391832],[-157.9265984,21.3387716]]}},{"type":"Feature","properties":{"h":"primary"},"geometry":{"type":"LineString","coordinates":[[-157.9197745,21.3381479],[-157.9205093,21.3382517],[-157.9216666,21.3384195]]}},{"type":"Feature","properties":{"h":"primary"},"geometry":{"type":"LineString","coordinates":[[-158.0233731,21.3779055],[-158.0234502,21.3778645],[-158.0236204,21.377774],[-158.0238677,21.3776471],[-158.0244743,21.3773346]]}},{"type":"Feature","properties":{"h":"tertiary"},"geometry":{"type":"LineString","coordinates":[[-158.0233731,21.3779055],[-158.0232912,21.377764]]}},{"type":"Feature","properties":{"h":"trunk"},"geometry":{"type":"LineString","coordinates":[[-158.0291246,21.3603608],[-158.0290138,21.3606082],[-158.0289651,21.3607146],[-158.0287975,21.3610331],[-158.0286191,21.3613204],[-158.0284207,21.3616364],[-158.0274504,21.3631581],[-158.0271317,21.3637093],[-158.0268589,21.3643013]]}},{"type":"Feature","properties":{"h":"tertiary"},"geometry":{"type":"LineString","coordinates":[[-158.0292804,21.3604164],[-158.0291246,21.3603608]]}},{"type":"Feature","properties":{"h":"tertiary"},"geometry":{"type":"LineString","coordinates":[[-158.0262129,21.3698008],[-158.0260054,21.3697486]]}},{"type":"Feature","properties":{"h":"primary"},"geometry":{"type":"LineString","coordinates":[[-158.0306709,21.3745002],[-158.0303348,21.3745468],[-158.0295871,21.3747048]]}},{"type":"Feature","properties":{"h":"trunk"},"geometry":{"type":"LineString","coordinates":[[-158.0267921,21.3479514],[-158.0268143,21.3480323]]}},{"type":"Feature","properties":{"h":"trunk"},"geometry":{"type":"LineString","coordinates":[[-158.0271121,21.3483965],[-158.0269932,21.3479297]]}},{"type":"Feature","properties":{"h":"secondary"},"geometry":{"type":"LineString","coordinates":[[-158.0281767,21.3317978],[-158.0281115,21.3318223],[-158.0248071,21.3330643],[-158.0246915,21.3331077],[-158.0245953,21.3331404],[-158.0243981,21.3332074],[-158.0240937,21.3333113],[-158.0237035,21.3334477]]}},{"type":"Feature","properties":{"h":"secondary"},"geometry":{"type":"LineString","coordinates":[[-158.0283249,21.3317541],[-158.0281767,21.3317978]]}},{"type":"Feature","properties":{"h":"secondary"},"geometry":{"type":"LineString","coordinates":[[-158.0323133,21.3372212],[-158.0321912,21.3371824],[-158.0321255,21.3371614],[-158.031927,21.3370888],[-158.0317321,21.3370082],[-158.0315411,21.3369197],[-158.0313546,21.3368234],[-158.0311728,21.3367195],[-158.0309961,21.3366083],[-158.0308248,21.3364899],[-158.0306593,21.3363647],[-158.0304998,21.3362327],[-158.0303468,21.3360944],[-158.0302004,21.3359498],[-158.0300611,21.3357995],[-158.0299289,21.3356435],[-158.0298043,21.3354823],[-158.0296874,21.3353161],[-158.0295785,21.3351453],[-158.0294778,21.3349702],[-158.0293855,21.3347912],[-158.0293084,21.3346072],[-158.029232,21.3344188],[-158.0290926,21.3340228],[-158.0290536,21.3339019]]}},{"type":"Feature","properties":{"h":"secondary"},"geometry":{"type":"LineString","coordinates":[[-158.0289186,21.3339365],[-158.0289611,21.334059],[-158.0290926,21.3344825],[-158.0291697,21.334676],[-158.0292561,21.3348661],[-158.0293515,21.3350524],[-158.0294557,21.3352346],[-158.0295685,21.3354123],[-158.0296897,21.3355851],[-158.029819,21.3357527],[-158.0299563,21.3359148],[-158.0301012,21.336071],[-158.0302534,21.336221],[-158.0304126,21.3363646],[-158.0305786,21.3365014],[-158.0307509,21.3366312],[-158.0309293,21.3367537],[-158.0311133,21.3368686],[-158.0313027,21.3369759],[-158.0314994,21.3370762],[-158.0317007,21.3371682],[-158.0319063,21.3372517],[-158.0321157,21.3373264],[-158.0321352,21.3373325],[-158.0322677,21.3373735]]}},{"type":"Feature","properties":{"h":"tertiary"},"geometry":{"type":"LineString","coordinates":[[-158.0221722,21.3425698],[-158.0224558,21.3439038],[-158.0226958,21.3445102],[-158.0231352,21.3455475],[-158.0231738,21.3456432]]}},{"type":"Feature","properties":{"h":"tertiary"},"geometry":{"type":"LineString","coordinates":[[-158.0203623,21.3288551],[-158.0202857,21.3288939],[-158.0200991,21.3289884]]}},{"type":"Feature","properties":{"h":"secondary"},"geometry":{"type":"LineString","coordinates":[[-158.0204029,21.3289279],[-158.0205549,21.3288564]]}},{"type":"Feature","properties":{"h":"tertiary"},"geometry":{"type":"LineString","coordinates":[[-158.0200991,21.3289884],[-158.0190372,21.3295611]]}},{"type":"Feature","properties":{"h":"primary"},"geometry":{"type":"LineString","coordinates":[[-158.0226798,21.3326686],[-158.0224702,21.3321864],[-158.0220303,21.3312945],[-158.0218989,21.3310496],[-158.0217594,21.3308248],[-158.0215914,21.3305572]]}},{"type":"Feature","properties":{"h":"tertiary"},"geometry":{"type":"LineString","coordinates":[[-158.016859,21.3320578],[-158.0168563,21.3320528],[-158.0168726,21.3320074],[-158.0168788,21.3319901],[-158.0168732,21.3319635],[-158.0168587,21.3318444],[-158.0168544,21.3317247],[-158.0168603,21.331605],[-158.0168765,21.3314862],[-158.0169028,21.3313689],[-158.0169391,21.331254],[-158.0169851,21.3311421],[-158.0170409,21.3310333],[-158.0171059,21.330929],[-158.0171796,21.3308299],[-158.0172617,21.3307367],[-158.0173515,21.3306499],[-158.0174486,21.3305701],[-158.0175548,21.3305003],[-158.017663,21.3304372],[-158.0177763,21.3303775],[-158.0180648,21.3302217],[-158.0191009,21.329662]]}},{"type":"Feature","properties":{"h":"primary"},"geometry":{"type":"LineString","coordinates":[[-158.0202064,21.3285936],[-158.0203266,21.3287953],[-158.0203623,21.3288551]]}},{"type":"Feature","properties":{"h":"motorway"},"geometry":{"type":"LineString","coordinates":[[-157.9208535,21.3699737],[-157.9203616,21.369853],[-157.9199525,21.3697674],[-157.9197448,21.3697278]]}},{"type":"Feature","properties":{"h":"motorway"},"geometry":{"type":"LineString","coordinates":[[-157.9213428,21.3700723],[-157.9208535,21.3699737]]}},{"type":"Feature","properties":{"h":"motorway"},"geometry":{"type":"LineString","coordinates":[[-157.9291128,21.379662],[-157.9273931,21.3774581],[-157.926178,21.3757552],[-157.9260625,21.3755981],[-157.9259501,21.3754281],[-157.9258707,21.3752973],[-157.9257926,21.3751421],[-157.9257173,21.3749768],[-157.9256419,21.3747866],[-157.9255823,21.3746143],[-157.9255344,21.3744536]]}},{"type":"Feature","properties":{"h":"tertiary"},"geometry":{"type":"LineString","coordinates":[[-157.9986619,21.3941368],[-157.9983546,21.3943312],[-157.99796,21.3945809]]}},{"type":"Feature","properties":{"h":"motorway"},"geometry":{"type":"LineString","coordinates":[[-157.9806199,21.394048],[-157.9785163,21.3932052]]}},{"type":"Feature","properties":{"h":"primary"},"geometry":{"type":"LineString","coordinates":[[-157.9943579,21.389628],[-157.9942994,21.3896778],[-157.9940712,21.3898721],[-157.993419,21.3904274],[-157.9927157,21.3910732],[-157.9916261,21.3919688]]}},{"type":"Feature","properties":{"h":"motorway"},"geometry":{"type":"LineString","coordinates":[[-157.9785498,21.3934652],[-157.978686,21.3935196]]}},{"type":"Feature","properties":{"h":"motorway"},"geometry":{"type":"LineString","coordinates":[[-157.9254866,21.3716928],[-157.9253365,21.3721021],[-157.9252874,21.3722864],[-157.9252409,21.3725237],[-157.9252066,21.3727454],[-157.9251701,21.3731661],[-157.9251666,21.3733824],[-157.9251818,21.3736247],[-157.925203,21.3738834],[-157.9252502,21.3741467],[-157.9252919,21.3743297],[-157.9253845,21.3746516],[-157.9254934,21.3749449],[-157.9255878,21.3751541],[-157.9256813,21.3753464],[-157.9258022,21.3755478],[-157.926037,21.3758676],[-157.9268094,21.3768987],[-157.9279638,21.3785032],[-157.9285805,21.3793704]]}},{"type":"Feature","properties":{"h":"tertiary"},"geometry":{"type":"LineString","coordinates":[[-158.025204,21.3810191],[-158.0250883,21.3810848],[-158.0246174,21.3813523]]}},{"type":"Feature","properties":{"h":"tertiary"},"geometry":{"type":"LineString","coordinates":[[-158.0281022,21.3793798],[-158.0279355,21.3794744],[-158.0272413,21.3798673],[-158.0271038,21.3799451],[-158.0269476,21.3800335],[-158.026804,21.3801148],[-158.0267076,21.3801693]]}},{"type":"Feature","properties":{"h":"tertiary"},"geometry":{"type":"LineString","coordinates":[[-158.0284172,21.3823532],[-158.0286881,21.382152],[-158.028993,21.3819261],[-158.0292049,21.3817692],[-158.0295197,21.3815367],[-158.0295519,21.3815036],[-158.0296015,21.3814537],[-158.0297408,21.38136]]}},{"type":"Feature","properties":{"h":"tertiary"},"geometry":{"type":"LineString","coordinates":[[-158.0284172,21.3823532],[-158.0283612,21.382287],[-158.0283431,21.3822655],[-158.0273491,21.3810903],[-158.0271795,21.3808842],[-158.0270581,21.38071],[-158.0269523,21.3805465],[-158.0267667,21.3802603],[-158.026751,21.3802361],[-158.0267076,21.3801693]]}},{"type":"Feature","properties":{"h":"tertiary"},"geometry":{"type":"LineString","coordinates":[[-158.0206486,21.3856723],[-158.0206536,21.3857627],[-158.0206665,21.3859986],[-158.020671,21.3860806]]}},{"type":"Feature","properties":{"h":"tertiary"},"geometry":{"type":"LineString","coordinates":[[-158.024463,21.381442],[-158.0242656,21.381553],[-158.0236615,21.3818924],[-158.0232457,21.3821226],[-158.0227829,21.3823615],[-158.0223769,21.3825711],[-158.0223267,21.3825973],[-158.0222634,21.3826331]]}},{"type":"Feature","properties":{"h":"tertiary"},"geometry":{"type":"LineString","coordinates":[[-158.0075078,21.3856712],[-158.0074284,21.3856941],[-158.0071182,21.3857718],[-158.0069895,21.3858148],[-158.0069201,21.3858556],[-158.0068534,21.3859189],[-158.0064288,21.3863665],[-158.0063747,21.3864272],[-158.0059996,21.3868278]]}},{"type":"Feature","properties":{"h":"tertiary"},"geometry":{"type":"LineString","coordinates":[[-158.0052273,21.3871373],[-158.0050316,21.38699]]}},{"type":"Feature","properties":{"h":"tertiary"},"geometry":{"type":"LineString","coordinates":[[-158.0120696,21.3915789],[-158.0120766,21.3915869],[-158.0127388,21.3923527],[-158.0131997,21.392875]]}},{"type":"Feature","properties":{"h":"tertiary"},"geometry":{"type":"LineString","coordinates":[[-158.0082863,21.393642],[-158.0088236,21.3933732]]}},{"type":"Feature","properties":{"h":"tertiary"},"geometry":{"type":"LineString","coordinates":[[-158.0090423,21.3932597],[-158.009113,21.3932229],[-158.0091977,21.3931799],[-158.009718,21.3929162],[-158.0106483,21.3924602],[-158.010811,21.392368],[-158.0109304,21.392292],[-158.0110208,21.3922315],[-158.0115489,21.3918461],[-158.0116685,21.3917588],[-158.01193,21.3915677],[-158.0119399,21.3915604]]}},{"type":"Feature","properties":{"h":"tertiary"},"geometry":{"type":"LineString","coordinates":[[-158.0039743,21.3982082],[-158.003965,21.3981402],[-158.0039033,21.3976877],[-158.0038848,21.3975546],[-158.0038015,21.3969553],[-158.0037142,21.3963389],[-158.003618,21.3956593]]}},{"type":"Feature","properties":{"h":"tertiary"},"geometry":{"type":"LineString","coordinates":[[-158.0027992,21.391954],[-158.0026969,21.3920169],[-158.0021937,21.3923262],[-158.0018048,21.3925634],[-158.001612,21.3926725],[-158.0015566,21.3927015],[-158.0014253,21.3927701]]}},{"type":"Feature","properties":{"h":"tertiary"},"geometry":{"type":"LineString","coordinates":[[-157.9953377,21.3962565],[-157.9952842,21.3961944],[-157.9945676,21.395363],[-157.9944958,21.3952575],[-157.9944693,21.3951499],[-157.9944509,21.3950109],[-157.9944234,21.3946802],[-157.9944212,21.3946541],[-157.9944155,21.3945859]]}},{"type":"Feature","properties":{"h":"tertiary"},"geometry":{"type":"LineString","coordinates":[[-157.9997853,21.3884403],[-157.9986749,21.3872931],[-157.9984621,21.3870705]]}},{"type":"Feature","properties":{"h":"tertiary"},"geometry":{"type":"LineString","coordinates":[[-157.9980809,21.3866899],[-157.9979786,21.3865792]]}},{"type":"Feature","properties":{"h":"tertiary"},"geometry":{"type":"LineString","coordinates":[[-158.0004483,21.3891049],[-158.0003919,21.3890578],[-158.0003031,21.388975],[-157.9998892,21.3885484],[-157.9998583,21.3885162],[-157.9997853,21.3884403]]}},{"type":"Feature","properties":{"h":"primary"},"geometry":{"type":"LineString","coordinates":[[-157.9951056,21.3891643],[-157.9951811,21.3891047],[-157.9953156,21.3889984]]}},{"type":"Feature","properties":{"h":"primary"},"geometry":{"type":"LineString","coordinates":[[-157.9953923,21.3887767],[-157.9951123,21.3889857],[-157.9950958,21.3889998],[-157.9950458,21.3890424]]}},{"type":"Feature","properties":{"h":"tertiary"},"geometry":{"type":"LineString","coordinates":[[-158.0224085,21.3339313],[-158.0213358,21.3345203],[-158.0208214,21.3348375],[-158.0201956,21.3353204],[-158.0193674,21.3360827],[-158.0193441,21.3361042]]}},{"type":"Feature","properties":{"h":"primary"},"geometry":{"type":"LineString","coordinates":[[-157.9820454,21.3962921],[-157.9827175,21.3962785],[-157.9831936,21.3962567],[-157.9834953,21.39623],[-157.9838828,21.3961879]]}},{"type":"Feature","properties":{"h":"primary"},"geometry":{"type":"LineString","coordinates":[[-157.9814408,21.3963354],[-157.9820454,21.3962921]]}},{"type":"Feature","properties":{"h":"tertiary"},"geometry":{"type":"LineString","coordinates":[[-157.9812954,21.3956745],[-157.9812493,21.3955975],[-157.9811438,21.3954473],[-157.9810822,21.395362],[-157.9810139,21.395293],[-157.9809247,21.3952141]]}},{"type":"Feature","properties":{"h":"tertiary"},"geometry":{"type":"LineString","coordinates":[[-157.9814408,21.3963354],[-157.9814289,21.3961584]]}},{"type":"Feature","properties":{"h":"tertiary"},"geometry":{"type":"LineString","coordinates":[[-158.0244399,21.3797269],[-158.0243737,21.3796121],[-158.0242439,21.3793868],[-158.0242019,21.3793169],[-158.0241386,21.3792101],[-158.0240595,21.379072]]}},{"type":"Feature","properties":{"h":"secondary"},"geometry":{"type":"LineString","coordinates":[[-157.9325207,21.3705076],[-157.9321868,21.3707669],[-157.9321062,21.3708449],[-157.9320628,21.3709081],[-157.9320053,21.3709916]]}},{"type":"Feature","properties":{"h":"secondary"},"geometry":{"type":"LineString","coordinates":[[-157.9332316,21.3716273],[-157.9332555,21.371637],[-157.9332774,21.3716444],[-157.9333026,21.3716502],[-157.93333,21.3716555],[-157.9333524,21.3716613],[-157.9333753,21.3716695],[-157.9334053,21.371683],[-157.9335751,21.3717652],[-157.933684,21.3718179]]}},{"type":"Feature","properties":{"h":"primary"},"geometry":{"type":"LineString","coordinates":[[-157.9364958,21.3666897],[-157.9364213,21.3669285],[-157.936351,21.3671162],[-157.936214,21.3674914],[-157.9360459,21.3678731],[-157.9357212,21.3684475],[-157.9355671,21.3687097],[-157.9350629,21.3694985]]}},{"type":"Feature","properties":{"h":"primary"},"geometry":{"type":"LineString","coordinates":[[-157.9375543,21.3647636],[-157.9376588,21.3645314],[-157.9377023,21.3644346]]}},{"type":"Feature","properties":{"h":"secondary"},"geometry":{"type":"LineString","coordinates":[[-157.9348728,21.3701167],[-157.9347308,21.370032]]}},{"type":"Feature","properties":{"h":"tertiary"},"geometry":{"type":"LineString","coordinates":[[-157.9207927,21.3656787],[-157.920216,21.3661566],[-157.9189401,21.3672351],[-157.9186731,21.3674608],[-157.9185485,21.3675693],[-157.918514,21.367592],[-157.9184686,21.3676311]]}},{"type":"Feature","properties":{"h":"tertiary"},"geometry":{"type":"LineString","coordinates":[[-157.9249369,21.358508],[-157.9249428,21.3586031],[-157.9249457,21.3586301],[-157.924962,21.358919],[-157.9249737,21.358977],[-157.924984,21.3590391],[-157.9252025,21.3598952],[-157.9252145,21.3599413],[-157.925536,21.3610658],[-157.9255758,21.3612301]]}},{"type":"Feature","properties":{"h":"secondary"},"geometry":{"type":"LineString","coordinates":[[-157.9268764,21.3582664],[-157.9269161,21.3583985],[-157.9273345,21.3599325],[-157.9275451,21.3607257],[-157.9275877,21.3608744]]}},{"type":"Feature","properties":{"h":"motorway"},"geometry":{"type":"LineString","coordinates":[[-157.978686,21.3935196],[-157.9796114,21.3938833],[-157.980445,21.3942016],[-157.9821305,21.3948856]]}},{"type":"Feature","properties":{"h":"primary"},"geometry":{"type":"LineString","coordinates":[[-157.9836996,21.396041],[-157.9835871,21.3960474],[-157.9834272,21.3960517],[-157.9832783,21.3960474],[-157.9830224,21.3960295],[-157.9827668,21.3959995],[-157.9824049,21.3959359],[-157.9818197,21.3957958],[-157.9812954,21.3956745]]}},{"type":"Feature","properties":{"h":"primary"},"geometry":{"type":"LineString","coordinates":[[-157.9705678,21.3940628],[-157.9707387,21.3941222],[-157.9709945,21.3942111],[-157.9713436,21.3943324],[-157.9716251,21.3944302],[-157.9732962,21.3950108]]}},{"type":"Feature","properties":{"h":"primary"},"geometry":{"type":"LineString","coordinates":[[-157.9345511,21.3773709],[-157.9355306,21.3781369],[-157.935774,21.3783305],[-157.9360042,21.3785104],[-157.9361988,21.3786625],[-157.9364236,21.3788382],[-157.9365712,21.3789536]]}},{"type":"Feature","properties":{"h":"primary"},"geometry":{"type":"LineString","coordinates":[[-157.9929656,21.4000815],[-157.9927954,21.3997632]]}},{"type":"Feature","properties":{"h":"primary"},"geometry":{"type":"LineString","coordinates":[[-157.9926862,21.3998869],[-157.9928233,21.4001403]]}},{"type":"Feature","properties":{"h":"tertiary"},"geometry":{"type":"LineString","coordinates":[[-157.9659249,21.396886],[-157.9659966,21.3968012],[-157.9661267,21.3966639],[-157.9663172,21.3964853],[-157.9664422,21.3963887],[-157.9665501,21.3963128],[-157.9666684,21.3962431],[-157.966762,21.3961883]]}},{"type":"Feature","properties":{"h":"tertiary"},"geometry":{"type":"LineString","coordinates":[[-157.9659249,21.396886],[-157.9659946,21.3969509],[-157.9661099,21.3970503],[-157.9662346,21.3971506],[-157.966366,21.397249],[-157.9665239,21.3973601],[-157.9667174,21.3974843],[-157.9669025,21.3975911],[-157.9670842,21.3976853],[-157.9672586,21.3977684],[-157.9674476,21.3978445],[-157.9677017,21.3979407],[-157.9682575,21.3981509],[-157.9682795,21.3981588],[-157.9683954,21.3982001]]}},{"type":"Feature","properties":{"h":"tertiary"},"geometry":{"type":"LineString","coordinates":[[-157.9576344,21.3998603],[-157.9577612,21.3997047],[-157.9593395,21.397747],[-157.9598291,21.397142],[-157.9599221,21.3970351],[-157.960096,21.3968529],[-157.9605208,21.3964551],[-157.960969,21.3960322],[-157.9610485,21.3959639]]}},{"type":"Feature","properties":{"h":"tertiary"},"geometry":{"type":"LineString","coordinates":[[-157.9621778,21.3982263],[-157.9620042,21.3977755],[-157.9616121,21.396757],[-157.9615592,21.3966302],[-157.9615022,21.3965085],[-157.96146,21.3964344],[-157.9613936,21.3963321],[-157.9613306,21.3962519],[-157.9612658,21.3961772],[-157.9611188,21.3960279],[-157.9610485,21.3959639]]}},{"type":"Feature","properties":{"h":"tertiary"},"geometry":{"type":"LineString","coordinates":[[-157.9522305,21.3951495],[-157.9522789,21.3950182],[-157.9524596,21.394524],[-157.9529251,21.3932508]]}},{"type":"Feature","properties":{"h":"secondary"},"geometry":{"type":"LineString","coordinates":[[-157.9529793,21.3907193],[-157.952829,21.3907112],[-157.9526607,21.3907076],[-157.9524285,21.3907092],[-157.9519707,21.390714],[-157.9518274,21.390765]]}},{"type":"Feature","properties":{"h":"secondary"},"geometry":{"type":"LineString","coordinates":[[-157.9526033,21.3908119],[-157.9527318,21.390814],[-157.9530463,21.3908309],[-157.9531632,21.390842],[-157.9532991,21.3908593]]}},{"type":"Feature","properties":{"h":"secondary"},"geometry":{"type":"LineString","coordinates":[[-157.9532991,21.3908593],[-157.9533022,21.3907422]]}},{"type":"Feature","properties":{"h":"secondary"},"geometry":{"type":"LineString","coordinates":[[-157.9484491,21.3906962],[-157.9481884,21.3906827]]}},{"type":"Feature","properties":{"h":"tertiary"},"geometry":{"type":"LineString","coordinates":[[-157.9441453,21.3981187],[-157.9440612,21.3981694],[-157.9432321,21.3985999]]}},{"type":"Feature","properties":{"h":"tertiary"},"geometry":{"type":"LineString","coordinates":[[-157.9515726,21.3969416],[-157.9516202,21.3968118],[-157.9519312,21.3959646],[-157.9520123,21.3957436],[-157.9521853,21.3952722],[-157.9522305,21.3951495]]}},{"type":"Feature","properties":{"h":"primary"},"geometry":{"type":"LineString","coordinates":[[-157.9702739,21.3937753],[-157.9701828,21.3937449],[-157.9700109,21.3936876]]}},{"type":"Feature","properties":{"h":"primary"},"geometry":{"type":"LineString","coordinates":[[-157.9687725,21.3934408],[-157.9689128,21.3934895],[-157.9692655,21.393612],[-157.96944,21.3936726],[-157.9698747,21.3938235]]}},{"type":"Feature","properties":{"h":"secondary"},"geometry":{"type":"LineString","coordinates":[[-157.9702739,21.3937753],[-157.9702028,21.3939362]]}},{"type":"Feature","properties":{"h":"primary"},"geometry":{"type":"LineString","coordinates":[[-157.9388998,21.3800214],[-157.9386629,21.3799168],[-157.9384317,21.3798115],[-157.938107,21.3796638],[-157.9379477,21.379588],[-157.9377627,21.3794952],[-157.9374488,21.3793275],[-157.9373002,21.3792439]]}},{"type":"Feature","properties":{"h":"primary"},"geometry":{"type":"LineString","coordinates":[[-157.9341771,21.3712655],[-157.9343118,21.3710874],[-157.9346194,21.3705535],[-157.9348728,21.3701167]]}},{"type":"Feature","properties":{"h":"primary"},"geometry":{"type":"LineString","coordinates":[[-157.9335201,21.3720899],[-157.9331303,21.3727554]]}},{"type":"Feature","properties":{"h":"secondary"},"geometry":{"type":"LineString","coordinates":[[-157.9303572,21.3764758],[-157.930403,21.3765112],[-157.9306223,21.3766926]]}},{"type":"Feature","properties":{"h":"primary"},"geometry":{"type":"LineString","coordinates":[[-157.9702028,21.3939362],[-157.9702867,21.3939653],[-157.9705678,21.3940628]]}},{"type":"Feature","properties":{"h":"tertiary"},"geometry":{"type":"LineString","coordinates":[[-157.9718904,21.3801145],[-157.971759,21.3795479],[-157.9715382,21.3786402],[-157.9714669,21.3783088]]}},{"type":"Feature","properties":{"h":"primary"},"geometry":{"type":"LineString","coordinates":[[-157.9812954,21.3956745],[-157.9812224,21.3956586],[-157.9808168,21.39557]]}},{"type":"Feature","properties":{"h":"secondary"},"geometry":{"type":"LineString","coordinates":[[-157.9697108,21.395136],[-157.9696035,21.3953843]]}},{"type":"Feature","properties":{"h":"tertiary"},"geometry":{"type":"LineString","coordinates":[[-157.946008,21.3995804],[-157.9469758,21.4000497],[-157.9470683,21.4000949],[-157.9471601,21.4001492],[-157.9472366,21.4002018],[-157.9473195,21.4002607]]}},{"type":"Feature","properties":{"h":"tertiary"},"geometry":{"type":"LineString","coordinates":[[-157.9444893,21.3985576],[-157.9445641,21.3986377],[-157.9446405,21.3987136],[-157.9447115,21.3987838],[-157.9448081,21.3988808],[-157.9448538,21.3989249],[-157.9448992,21.3989671],[-157.9449476,21.3990077],[-157.9449939,21.3990442],[-157.9450809,21.3991089],[-157.9451656,21.3991629],[-157.9452749,21.3992236],[-157.9454239,21.399296],[-157.946008,21.3995804]]}},{"type":"Feature","properties":{"h":"secondary"},"geometry":{"type":"LineString","coordinates":[[-157.9533022,21.3907422],[-157.9533042,21.390652],[-157.9533166,21.3904213]]}},{"type":"Feature","properties":{"h":"secondary"},"geometry":{"type":"LineString","coordinates":[[-157.9533022,21.3907422],[-157.9531656,21.3907317],[-157.9529793,21.3907193]]}},{"type":"Feature","properties":{"h":"primary"},"geometry":{"type":"LineString","coordinates":[[-157.9544363,21.3870885],[-157.9541932,21.3869786],[-157.9537788,21.3868084],[-157.9528426,21.3863799],[-157.9525373,21.3862405]]}},{"type":"Feature","properties":{"h":"primary"},"geometry":{"type":"LineString","coordinates":[[-157.9524756,21.3863658],[-157.9532229,21.3867095],[-157.9533393,21.386766],[-157.9536678,21.3869377],[-157.9537304,21.3869689]]}},{"type":"Feature","properties":{"h":"secondary"},"geometry":{"type":"LineString","coordinates":[[-157.9543539,21.3872505],[-157.9544363,21.3870885]]}},{"type":"Feature","properties":{"h":"tertiary"},"geometry":{"type":"LineString","coordinates":[[-157.9260252,21.3958522],[-157.9259163,21.3958411],[-157.9252731,21.395772],[-157.924761,21.3957165],[-157.9246906,21.3957127],[-157.924558,21.3957149],[-157.9244619,21.3957196],[-157.924355,21.3957318],[-157.9242494,21.3957508],[-157.9236384,21.3958765],[-157.9226209,21.3960827],[-157.9225395,21.3961036],[-157.9224605,21.3961254],[-157.9223948,21.3961478],[-157.9222953,21.3961832],[-157.9220574,21.3962876],[-157.921783,21.3964075],[-157.921418,21.396567],[-157.9210027,21.3967503]]}},{"type":"Feature","properties":{"h":"primary"},"geometry":{"type":"LineString","coordinates":[[-157.9461293,21.3834984],[-157.9461895,21.3835253],[-157.9464568,21.3836437]]}},{"type":"Feature","properties":{"h":"primary"},"geometry":{"type":"LineString","coordinates":[[-157.9511074,21.3855722],[-157.951004,21.3855254],[-157.9499167,21.3850326]]}},{"type":"Feature","properties":{"h":"motorway"},"geometry":{"type":"LineString","coordinates":[[-158.023442,21.3888547],[-158.0263948,21.3871595]]}},{"type":"Feature","properties":{"h":"motorway"},"geometry":{"type":"LineString","coordinates":[[-157.9302984,21.340465],[-157.9298027,21.340122],[-157.9294241,21.3398815],[-157.9289354,21.3396111],[-157.9280071,21.339199]]}},{"type":"Feature","properties":{"h":"primary"},"geometry":{"type":"LineString","coordinates":[[-157.9375138,21.3643582],[-157.937471,21.3644573],[-157.9373822,21.364663],[-157.9373286,21.3647368]]}},{"type":"Feature","properties":{"h":"motorway"},"geometry":{"type":"LineString","coordinates":[[-158.0260668,21.3870963],[-158.0254405,21.3874588],[-158.0232922,21.3885916]]}},{"type":"Feature","properties":{"h":"motorway"},"geometry":{"type":"LineString","coordinates":[[-157.958747,21.3924566],[-157.9584688,21.3925579],[-157.9581768,21.3926768],[-157.9579305,21.3927697],[-157.9576145,21.3928708],[-157.9573368,21.3929574],[-157.9569999,21.3930391],[-157.9566121,21.3931195]]}},{"type":"Feature","properties":{"h":"secondary"},"geometry":{"type":"LineString","coordinates":[[-157.9622068,21.3950497],[-157.9622016,21.3948952],[-157.9621238,21.3946972],[-157.9620836,21.394608],[-157.9620411,21.394524],[-157.9619812,21.3944188],[-157.9619207,21.394327],[-157.9618523,21.394237],[-157.9617799,21.3941518],[-157.9617025,21.3940667],[-157.9616243,21.3939867],[-157.9615416,21.3939068],[-157.9614559,21.3938328],[-157.9613604,21.3937629],[-157.9612794,21.3937073]]}},{"type":"Feature","properties":{"h":"tertiary"},"geometry":{"type":"LineString","coordinates":[[-157.9622279,21.4001956],[-157.9623507,21.4001516],[-157.9626894,21.4000314],[-157.962809,21.39999]]}},{"type":"Feature","properties":{"h":"tertiary"},"geometry":{"type":"LineString","coordinates":[[-157.9616686,21.3953928],[-157.9617811,21.3952889],[-157.9618335,21.3952451],[-157.9619197,21.3951834],[-157.9620006,21.395134],[-157.9620866,21.3950898],[-157.9622068,21.3950497]]}},{"type":"Feature","properties":{"h":"secondary"},"geometry":{"type":"LineString","coordinates":[[-157.9607835,21.3935409],[-157.9610871,21.3937398],[-157.9613024,21.3938879],[-157.9614247,21.3939779],[-157.9615442,21.3940779],[-157.9616358,21.3941674],[-157.9617702,21.3943224],[-157.9618841,21.3944793],[-157.961951,21.3945879],[-157.9620237,21.394727],[-157.9621094,21.3949316],[-157.9622068,21.3950497]]}},{"type":"Feature","properties":{"h":"primary"},"geometry":{"type":"LineString","coordinates":[[-157.9376275,21.3796308],[-157.9377244,21.3796789],[-157.9381767,21.3798788],[-157.938847,21.3801732],[-157.9392253,21.3803384]]}},{"type":"Feature","properties":{"h":"primary"},"geometry":{"type":"LineString","coordinates":[[-157.9334952,21.3724129],[-157.9336939,21.3720851]]}},{"type":"Feature","properties":{"h":"motorway"},"geometry":{"type":"LineString","coordinates":[[-157.927491,21.3673271],[-157.9272073,21.3680377]]}},{"type":"Feature","properties":{"h":"motorway"},"geometry":{"type":"LineString","coordinates":[[-157.9312881,21.3581445],[-157.9311391,21.3587662],[-157.9310403,21.3591773],[-157.9309454,21.3595125],[-157.9308538,21.359811],[-157.9307478,21.360134],[-157.9306279,21.3604666],[-157.9305346,21.3607211],[-157.9303994,21.3610687],[-157.9293563,21.3633904]]}},{"type":"Feature","properties":{"h":"tertiary"},"geometry":{"type":"LineString","coordinates":[[-157.9449167,21.3398286],[-157.9447715,21.3395897]]}},{"type":"Feature","properties":{"h":"tertiary"},"geometry":{"type":"LineString","coordinates":[[-157.9641443,21.3437266],[-157.959387,21.3445817]]}},{"type":"Feature","properties":{"h":"tertiary"},"geometry":{"type":"LineString","coordinates":[[-157.938364,21.3647699],[-157.938461,21.3648131],[-157.9389579,21.3649773],[-157.9391712,21.3650478],[-157.9393095,21.3650816]]}},{"type":"Feature","properties":{"h":"primary"},"geometry":{"type":"LineString","coordinates":[[-157.937508,21.3648785],[-157.9375543,21.3647636]]}},{"type":"Feature","properties":{"h":"primary"},"geometry":{"type":"LineString","coordinates":[[-157.9371944,21.3655714],[-157.937508,21.3648785]]}},{"type":"Feature","properties":{"h":"primary"},"geometry":{"type":"LineString","coordinates":[[-157.9348728,21.3701167],[-157.9349565,21.3699709],[-157.9351147,21.3696951]]}},{"type":"Feature","properties":{"h":"primary"},"geometry":{"type":"LineString","coordinates":[[-157.9372891,21.3648229],[-157.9370137,21.3654364]]}},{"type":"Feature","properties":{"h":"primary"},"geometry":{"type":"LineString","coordinates":[[-157.9370137,21.3654364],[-157.9369356,21.3655651],[-157.9368798,21.3657047]]}},{"type":"Feature","properties":{"h":"motorway"},"geometry":{"type":"LineString","coordinates":[[-157.9271937,21.3743823],[-157.9279835,21.3749101]]}},{"type":"Feature","properties":{"h":"tertiary"},"geometry":{"type":"LineString","coordinates":[[-158.0032339,21.3928439],[-158.0032408,21.3928987],[-158.0032994,21.3933439],[-158.0033107,21.3934275]]}},{"type":"Feature","properties":{"h":"secondary"},"geometry":{"type":"LineString","coordinates":[[-158.0081876,21.3936918],[-158.0081335,21.3935979],[-158.0078382,21.393086],[-158.0070135,21.3916585],[-158.0067264,21.3911367],[-158.0066828,21.3910588]]}},{"type":"Feature","properties":{"h":"secondary"},"geometry":{"type":"LineString","coordinates":[[-158.0088932,21.3949148],[-158.0084938,21.3942226],[-158.0082397,21.3937821],[-158.0081876,21.3936918]]}},{"type":"Feature","properties":{"h":"tertiary"},"geometry":{"type":"LineString","coordinates":[[-158.0081876,21.3936918],[-158.0082602,21.3936551],[-158.0082863,21.393642]]}},{"type":"Feature","properties":{"h":"tertiary"},"geometry":{"type":"LineString","coordinates":[[-158.0030131,21.3918262],[-158.0031395,21.3917522],[-158.0032213,21.3916985],[-158.0036797,21.3913691],[-158.0039146,21.391199],[-158.0042892,21.3909239],[-158.0044354,21.39082],[-158.0045668,21.3907259],[-158.0045959,21.3906964],[-158.0046167,21.3906639],[-158.0046325,21.3906198],[-158.0046409,21.3905746],[-158.0046456,21.3905316],[-158.0046426,21.3904512],[-158.0046352,21.3902706],[-158.0046191,21.3899569],[-158.0046198,21.389884]]}},{"type":"Feature","properties":{"h":"primary"},"geometry":{"type":"LineString","coordinates":[[-157.9950458,21.3890424],[-157.9949974,21.3890835]]}},{"type":"Feature","properties":{"h":"primary"},"geometry":{"type":"LineString","coordinates":[[-157.9944134,21.3897573],[-157.9949106,21.3893295],[-157.9950297,21.3892286],[-157.9951056,21.3891643]]}},{"type":"Feature","properties":{"h":"primary"},"geometry":{"type":"LineString","coordinates":[[-158.0251622,21.3418742],[-158.0252919,21.3423488]]}},{"type":"Feature","properties":{"h":"primary"},"geometry":{"type":"LineString","coordinates":[[-158.0252829,21.3417064],[-158.0252368,21.3415265]]}},{"type":"Feature","properties":{"h":"tertiary"},"geometry":{"type":"LineString","coordinates":[[-158.0236289,21.34196],[-158.0237469,21.3419363],[-158.0239682,21.3418463],[-158.02418,21.341769],[-158.0243947,21.3416989],[-158.0247038,21.3416293],[-158.0249542,21.341581],[-158.0250726,21.3415582]]}},{"type":"Feature","properties":{"h":"secondary"},"geometry":{"type":"LineString","coordinates":[[-158.0205134,21.3287777],[-158.0203623,21.3288551]]}},{"type":"Feature","properties":{"h":"primary"},"geometry":{"type":"LineString","coordinates":[[-158.0205549,21.3288564],[-158.0205134,21.3287777]]}},{"type":"Feature","properties":{"h":"tertiary"},"geometry":{"type":"LineString","coordinates":[[-158.0201591,21.3290903],[-158.0203326,21.3289748],[-158.0204029,21.3289279]]}},{"type":"Feature","properties":{"h":"primary"},"geometry":{"type":"LineString","coordinates":[[-158.0203623,21.3288551],[-158.0204029,21.3289279],[-158.0205449,21.3291557]]}},{"type":"Feature","properties":{"h":"primary"},"geometry":{"type":"LineString","coordinates":[[-158.0250726,21.3415582],[-158.0251622,21.3418742]]}},{"type":"Feature","properties":{"h":"trunk"},"geometry":{"type":"LineString","coordinates":[[-158.0293403,21.3803785],[-158.0298171,21.3809872],[-158.0301675,21.3814323],[-158.0305515,21.3819001]]}},{"type":"Feature","properties":{"h":"secondary"},"geometry":{"type":"LineString","coordinates":[[-158.0094144,21.3956334],[-158.0092188,21.3953469],[-158.0090327,21.3950752],[-158.0088932,21.3949148]]}},{"type":"Feature","properties":{"h":"motorway"},"geometry":{"type":"LineString","coordinates":[[-158.0125021,21.3937132],[-158.0121536,21.3940201],[-158.0108844,21.3951377],[-158.0105784,21.395389],[-158.0102743,21.3956255],[-158.0099878,21.3958429],[-158.009783,21.3959761]]}},{"type":"Feature","properties":{"h":"secondary"},"geometry":{"type":"LineString","coordinates":[[-158.0098359,21.3969827],[-158.0098645,21.3970463],[-158.0099525,21.397266],[-158.0099833,21.3973739],[-158.0100036,21.3974735],[-158.0100223,21.3975703],[-158.0100352,21.3976779],[-158.0100472,21.3978298],[-158.0100434,21.39799],[-158.0100234,21.398179],[-158.0099837,21.3983767],[-158.009757,21.3992446],[-158.0095077,21.4002205],[-158.0094509,21.4004439]]}},{"type":"Feature","properties":{"h":"secondary"},"geometry":{"type":"LineString","coordinates":[[-158.0094186,21.4010454],[-158.0096481,21.4001876],[-158.0098893,21.3992447],[-158.0101281,21.3983201],[-158.0101569,21.3981095],[-158.010173,21.3979318]]}},{"type":"Feature","properties":{"h":"tertiary"},"geometry":{"type":"LineString","coordinates":[[-157.9256243,21.3612345],[-157.9256004,21.3612294],[-157.9255758,21.3612301],[-157.9255459,21.3612392],[-157.9255206,21.3612568],[-157.9255027,21.3612809],[-157.9254939,21.3613091],[-157.9254952,21.3613384],[-157.9255065,21.3613658],[-157.9255265,21.3613885],[-157.9255533,21.361404],[-157.9255839,21.3614108],[-157.9256088,21.3614095],[-157.9256325,21.3614024],[-157.9256535,21.3613899],[-157.9256705,21.3613729],[-157.9256827,21.3613514],[-157.9256883,21.3613277],[-157.925687,21.3613035],[-157.9256789,21.3612804],[-157.9256645,21.3612601],[-157.9256462,21.3612449],[-157.9256243,21.3612345]]}},{"type":"Feature","properties":{"h":"secondary"},"geometry":{"type":"LineString","coordinates":[[-158.009573,21.3959027],[-158.0094144,21.3956334]]}},{"type":"Feature","properties":{"h":"primary"},"geometry":{"type":"LineString","coordinates":[[-157.9362768,21.3427833],[-157.9360464,21.3426163],[-157.9353268,21.3422429],[-157.9349413,21.3420266],[-157.9347528,21.3419251],[-157.9345542,21.3418284],[-157.9343185,21.3417213],[-157.9341527,21.3416591],[-157.9339669,21.3415954],[-157.9337764,21.3415391],[-157.9335412,21.3414795],[-157.9328219,21.3413165],[-157.9326353,21.3412628],[-157.9324628,21.3412087],[-157.9322676,21.3411273],[-157.9320992,21.3410451],[-157.9319097,21.3409398],[-157.9317585,21.3408481],[-157.9315959,21.3407414],[-157.9309794,21.3403607]]}},{"type":"Feature","properties":{"h":"tertiary"},"geometry":{"type":"LineString","coordinates":[[-158.0268754,21.3479973],[-158.0269932,21.3479297]]}},{"type":"Feature","properties":{"h":"tertiary"},"geometry":{"type":"LineString","coordinates":[[-158.0269932,21.3479297],[-158.0270854,21.3478796],[-158.0273795,21.3477309]]}},{"type":"Feature","properties":{"h":"tertiary"},"geometry":{"type":"LineString","coordinates":[[-158.0269775,21.3478578],[-158.0267921,21.3479514]]}},{"type":"Feature","properties":{"h":"primary"},"geometry":{"type":"LineString","coordinates":[[-158.0269775,21.3478578],[-158.0269528,21.3477683],[-158.0268977,21.3475682],[-158.0268315,21.347303],[-158.0268215,21.3472642],[-158.0258283,21.3436313],[-158.0252829,21.3417064]]}},{"type":"Feature","properties":{"h":"primary"},"geometry":{"type":"LineString","coordinates":[[-157.9342054,21.3769549],[-157.9338113,21.3766347],[-157.9334937,21.376315],[-157.9334093,21.3762054],[-157.9332104,21.3759473],[-157.9330645,21.3756756],[-157.9329272,21.3753479],[-157.9328814,21.3752012],[-157.9328073,21.3749062],[-157.9327631,21.3744832],[-157.9327813,21.3740691],[-157.9328173,21.3738545],[-157.9328738,21.3736454],[-157.9329407,21.3734649],[-157.9332149,21.3729182],[-157.9334952,21.3724129]]}},{"type":"Feature","properties":{"h":"tertiary"},"geometry":{"type":"LineString","coordinates":[[-157.9626198,21.3949783],[-157.9627451,21.3949768],[-157.9628556,21.394987],[-157.9629556,21.3950032],[-157.9630555,21.3950282],[-157.9631715,21.3950656],[-157.9634701,21.3951763],[-157.9638045,21.3953035],[-157.9640587,21.395399],[-157.9642109,21.3954627],[-157.9643369,21.3955158],[-157.9643939,21.3955439],[-157.9644878,21.3955925],[-157.9645717,21.3956382],[-157.9646689,21.3956961],[-157.9647694,21.395763],[-157.9648969,21.3958542],[-157.9649531,21.3958978],[-157.9650678,21.3959897],[-157.9651811,21.3960921],[-157.9652801,21.396191],[-157.9655587,21.396511],[-157.9657445,21.3967138],[-157.9658582,21.3968246],[-157.9659249,21.396886]]}},{"type":"Feature","properties":{"h":"primary"},"geometry":{"type":"LineString","coordinates":[[-157.9775516,21.3963435],[-157.9777295,21.396368],[-157.9779231,21.3964126],[-157.9780934,21.3964423],[-157.9782814,21.3964646],[-157.9784996,21.3964776],[-157.9787135,21.3964829],[-157.9790203,21.3964703],[-157.9796982,21.3964315]]}},{"type":"Feature","properties":{"h":"secondary"},"geometry":{"type":"LineString","coordinates":[[-157.9784963,21.3966958],[-157.9786881,21.3967676],[-157.9790595,21.3968937],[-157.9794215,21.3969992]]}},{"type":"Feature","properties":{"h":"motorway"},"geometry":{"type":"LineString","coordinates":[[-157.9917034,21.3976628],[-157.9895616,21.3976738],[-157.9891598,21.3976566],[-157.9887927,21.3976258],[-157.9884362,21.3975649],[-157.9880289,21.397469],[-157.9877018,21.3973669],[-157.9873566,21.397233],[-157.9870017,21.3970792],[-157.9866799,21.3969107],[-157.9858967,21.3964591],[-157.9852701,21.3960755],[-157.9844976,21.39562]]}},{"type":"Feature","properties":{"h":"motorway"},"geometry":{"type":"LineString","coordinates":[[-157.9385217,21.3875947],[-157.9363039,21.3867999],[-157.9356925,21.3865659],[-157.9350731,21.3862815],[-157.9344227,21.3859159],[-157.9340319,21.3856551],[-157.9336705,21.3853828],[-157.9332653,21.3850415],[-157.9329491,21.3847398],[-157.9327213,21.3844992],[-157.9324545,21.3841939],[-157.9322948,21.3839947],[-157.9318763,21.3834246]]}},{"type":"Feature","properties":{"h":"motorway"},"geometry":{"type":"LineString","coordinates":[[-157.9383872,21.3877774],[-157.9406295,21.3885953],[-157.9452148,21.3902834]]}},{"type":"Feature","properties":{"h":"secondary"},"geometry":{"type":"LineString","coordinates":[[-157.9377111,21.3840569],[-157.9376657,21.3839677],[-157.9376265,21.3838862]]}},{"type":"Feature","properties":{"h":"secondary"},"geometry":{"type":"LineString","coordinates":[[-157.9388711,21.3851862],[-157.9387631,21.385127],[-157.9386515,21.3850576]]}},{"type":"Feature","properties":{"h":"tertiary"},"geometry":{"type":"LineString","coordinates":[[-158.0105035,21.3866434],[-158.0105597,21.3865396],[-158.0106152,21.3864371]]}},{"type":"Feature","properties":{"h":"tertiary"},"geometry":{"type":"LineString","coordinates":[[-158.0127187,21.387332],[-158.0126674,21.3873426],[-158.0126231,21.3873367],[-158.0125702,21.3873115],[-158.0125364,21.3872843],[-158.0125057,21.3872447],[-158.0124756,21.3871913],[-158.0124567,21.387139],[-158.0124453,21.3870912],[-158.0124311,21.387029],[-158.0124184,21.3869427],[-158.0124127,21.3868583],[-158.0124143,21.3867889],[-158.0124211,21.3867089],[-158.012433,21.3866215],[-158.0124596,21.3864889],[-158.012486,21.3863819],[-158.0125271,21.3861343],[-158.0125344,21.3860566],[-158.0125265,21.3860031],[-158.0125041,21.3859661],[-158.0124618,21.3859403],[-158.012414,21.3859229],[-158.0123515,21.38592],[-158.0122907,21.3859255],[-158.0121762,21.3859454],[-158.0119547,21.3860323],[-158.0117967,21.3860978],[-158.0116788,21.3861462],[-158.0109505,21.3864322],[-158.0108629,21.386455],[-158.0107798,21.3864625],[-158.0106916,21.3864559],[-158.0106152,21.3864371]]}},{"type":"Feature","properties":{"h":"tertiary"},"geometry":{"type":"LineString","coordinates":[[-157.99799,21.3972617],[-157.9980826,21.3973762]]}},{"type":"Feature","properties":{"h":"tertiary"},"geometry":{"type":"LineString","coordinates":[[-157.9966496,21.3954136],[-157.9967104,21.395498],[-157.9969082,21.3957722],[-157.9973092,21.3963207],[-157.9977119,21.3968857],[-157.99799,21.3972617]]}},{"type":"Feature","properties":{"h":"tertiary"},"geometry":{"type":"LineString","coordinates":[[-157.9289339,21.3800187],[-157.9288793,21.3800499],[-157.9288001,21.3800951],[-157.9285525,21.380242]]}},{"type":"Feature","properties":{"h":"tertiary"},"geometry":{"type":"LineString","coordinates":[[-157.9371796,21.379382],[-157.937126,21.3794401],[-157.9370936,21.379479],[-157.9370396,21.3795469]]}},{"type":"Feature","properties":{"h":"primary"},"geometry":{"type":"LineString","coordinates":[[-157.9371796,21.379382],[-157.9373469,21.3794825],[-157.937425,21.3795258]]}},{"type":"Feature","properties":{"h":"primary"},"geometry":{"type":"LineString","coordinates":[[-157.937425,21.3795258],[-157.9376275,21.3796308]]}},{"type":"Feature","properties":{"h":"primary"},"geometry":{"type":"LineString","coordinates":[[-157.9373002,21.3792439],[-157.9370438,21.3790909],[-157.9368943,21.3789973],[-157.9367187,21.3788802],[-157.9363719,21.3786332],[-157.9360152,21.3783591],[-157.9357804,21.3781676]]}},{"type":"Feature","properties":{"h":"tertiary"},"geometry":{"type":"LineString","coordinates":[[-157.9370396,21.3795469],[-157.9369267,21.379708],[-157.9367997,21.3799125],[-157.9365358,21.3803375],[-157.9364273,21.3805136],[-157.9363165,21.3806925],[-157.9359916,21.3812171],[-157.9359313,21.3813127]]}},{"type":"Feature","properties":{"h":"tertiary"},"geometry":{"type":"LineString","coordinates":[[-157.9302486,21.3763099],[-157.9298834,21.3760729],[-157.9294664,21.3757875],[-157.9294184,21.3757575],[-157.9293658,21.3757304],[-157.9293169,21.3757242],[-157.9292762,21.3757482],[-157.929245,21.3757893]]}},{"type":"Feature","properties":{"h":"tertiary"},"geometry":{"type":"LineString","coordinates":[[-157.9728565,21.3868687],[-157.9728168,21.3871475],[-157.9727692,21.3874274],[-157.9727314,21.387618],[-157.9726612,21.3879211],[-157.9725814,21.3882265],[-157.9725082,21.388487],[-157.9724756,21.388594],[-157.9723232,21.3890495],[-157.9722825,21.3891653]]}},{"type":"Feature","properties":{"h":"tertiary"},"geometry":{"type":"LineString","coordinates":[[-158.0226839,21.3272684],[-158.0226419,21.3272481],[-158.0225583,21.3272077],[-158.0223565,21.3270968],[-158.0223149,21.3270674],[-158.0222773,21.3270324],[-158.0222265,21.3269647],[-158.0221828,21.3269389]]}},{"type":"Feature","properties":{"h":"tertiary"},"geometry":{"type":"LineString","coordinates":[[-158.0221828,21.3269389],[-158.0221902,21.3269865],[-158.0222454,21.3270741],[-158.0222714,21.3271111],[-158.0223098,21.3271601],[-158.0223461,21.3271921],[-158.0223892,21.3272197],[-158.0224475,21.327253],[-158.022537,21.3272991]]}},{"type":"Feature","properties":{"h":"secondary"},"geometry":{"type":"LineString","coordinates":[[-158.0226327,21.3273498],[-158.0225658,21.3274415],[-158.0224888,21.327547],[-158.0224218,21.3276266],[-158.0223199,21.3277111],[-158.0221948,21.3278023],[-158.0220023,21.3279141],[-158.021882,21.327986],[-158.0213544,21.3283025],[-158.0211988,21.3284275],[-158.0208543,21.3286053],[-158.020685,21.3286928],[-158.0206036,21.3287331],[-158.0205134,21.3287777]]}},{"type":"Feature","properties":{"h":"tertiary"},"geometry":{"type":"LineString","coordinates":[[-158.022537,21.3272991],[-158.0225925,21.3273285],[-158.0226327,21.3273498]]}},{"type":"Feature","properties":{"h":"secondary"},"geometry":{"type":"LineString","coordinates":[[-158.0205549,21.3288564],[-158.0206475,21.3288101],[-158.0207923,21.3287379],[-158.0209011,21.3287023],[-158.0211398,21.3285774],[-158.0213632,21.328453],[-158.0219184,21.3280996],[-158.0221786,21.3279602],[-158.0223593,21.3278479],[-158.0225415,21.3276861],[-158.0226709,21.327507],[-158.02274,21.3274114]]}},{"type":"Feature","properties":{"h":"primary"},"geometry":{"type":"LineString","coordinates":[[-158.0246628,21.3400335],[-158.0249415,21.3410403]]}},{"type":"Feature","properties":{"h":"primary"},"geometry":{"type":"LineString","coordinates":[[-158.0249415,21.3410403],[-158.0250198,21.3413593],[-158.0250431,21.3414542]]}},{"type":"Feature","properties":{"h":"primary"},"geometry":{"type":"LineString","coordinates":[[-157.9423478,21.3460553],[-157.9429956,21.3466588]]}},{"type":"Feature","properties":{"h":"secondary"},"geometry":{"type":"LineString","coordinates":[[-157.9510536,21.3907614],[-157.9509689,21.3907608]]}},{"type":"Feature","properties":{"h":"secondary"},"geometry":{"type":"LineString","coordinates":[[-157.9518274,21.390765],[-157.951246,21.3907631],[-157.9512139,21.3907628],[-157.9510536,21.3907614]]}},{"type":"Feature","properties":{"h":"tertiary"},"geometry":{"type":"LineString","coordinates":[[-157.930864,21.3445828],[-157.9310482,21.3447647]]}},{"type":"Feature","properties":{"h":"tertiary"},"geometry":{"type":"LineString","coordinates":[[-157.9310482,21.3447647],[-157.9314225,21.3451217],[-157.931857,21.3455464],[-157.9322754,21.3460961],[-157.9324958,21.3465408],[-157.9325732,21.3466873],[-157.9326778,21.3472252],[-157.9327368,21.3478748],[-157.932758,21.3485569],[-157.9326963,21.3489691],[-157.932588,21.349452],[-157.9325408,21.3497163]]}},{"type":"Feature","properties":{"h":"tertiary"},"geometry":{"type":"LineString","coordinates":[[-157.930637,21.3443584],[-157.9307661,21.344486]]}},{"type":"Feature","properties":{"h":"tertiary"},"geometry":{"type":"LineString","coordinates":[[-157.9307661,21.344486],[-157.930864,21.3445828]]}},{"type":"Feature","properties":{"h":"tertiary"},"geometry":{"type":"LineString","coordinates":[[-157.9494035,21.3688346],[-157.9461321,21.3690307]]}},{"type":"Feature","properties":{"h":"tertiary"},"geometry":{"type":"LineString","coordinates":[[-157.9461321,21.3690307],[-157.9430779,21.3691961]]}},{"type":"Feature","properties":{"h":"motorway"},"geometry":{"type":"LineString","coordinates":[[-157.9249195,21.3728523],[-157.9255978,21.3732853]]}},{"type":"Feature","properties":{"h":"motorway"},"geometry":{"type":"LineString","coordinates":[[-157.9255978,21.3732853],[-157.9262622,21.3737435]]}},{"type":"Feature","properties":{"h":"motorway"},"geometry":{"type":"LineString","coordinates":[[-157.9249367,21.3727293],[-157.9247849,21.3726387],[-157.9246022,21.3725499],[-157.9243188,21.3724343]]}},{"type":"Feature","properties":{"h":"tertiary"},"geometry":{"type":"LineString","coordinates":[[-157.9313142,21.3329525],[-157.9315001,21.3330335],[-157.9316333,21.3330882],[-157.93182,21.3331654],[-157.9321123,21.3332884],[-157.9324105,21.3334132],[-157.9326155,21.3334711]]}},{"type":"Feature","properties":{"h":"tertiary"},"geometry":{"type":"LineString","coordinates":[[-157.9326155,21.3334711],[-157.9324557,21.3333742],[-157.9321684,21.3331584],[-157.9320774,21.3330898],[-157.9319593,21.3330207],[-157.9318965,21.3329958],[-157.931713,21.332923],[-157.9315505,21.332856],[-157.9312322,21.332715],[-157.9311205,21.3326868],[-157.9306409,21.3325934],[-157.9305839,21.3325693],[-157.9303103,21.3325131]]}},{"type":"Feature","properties":{"h":"tertiary"},"geometry":{"type":"LineString","coordinates":[[-157.9951056,21.3891643],[-157.9950458,21.3890424]]}},{"type":"Feature","properties":{"h":"primary"},"geometry":{"type":"LineString","coordinates":[[-157.9949974,21.3890835],[-157.9945537,21.38944]]}},{"type":"Feature","properties":{"h":"primary"},"geometry":{"type":"LineString","coordinates":[[-157.9953156,21.3889984],[-157.9955479,21.3888148],[-157.996292,21.3881928],[-157.9969744,21.3876189],[-157.9973514,21.3873018]]}},{"type":"Feature","properties":{"h":"tertiary"},"geometry":{"type":"LineString","coordinates":[[-157.9952505,21.3893142],[-157.9952183,21.3892809],[-157.995176,21.3892371],[-157.995157,21.3892175],[-157.9951056,21.3891643]]}},{"type":"Feature","properties":{"h":"tertiary"},"geometry":{"type":"LineString","coordinates":[[-157.9953021,21.3893672],[-157.9952505,21.3893142]]}},{"type":"Feature","properties":{"h":"tertiary"},"geometry":{"type":"LineString","coordinates":[[-157.9525147,21.3349317],[-157.9521066,21.334549]]}},{"type":"Feature","properties":{"h":"tertiary"},"geometry":{"type":"LineString","coordinates":[[-157.9533074,21.3912826],[-157.953297,21.390945],[-157.9532991,21.3908593]]}},{"type":"Feature","properties":{"h":"tertiary"},"geometry":{"type":"LineString","coordinates":[[-157.9533186,21.3915368],[-157.9533074,21.3912826]]}},{"type":"Feature","properties":{"h":"secondary"},"geometry":{"type":"LineString","coordinates":[[-157.9601191,21.3931032],[-157.9607835,21.3935409]]}},{"type":"Feature","properties":{"h":"secondary"},"geometry":{"type":"LineString","coordinates":[[-157.9600327,21.3930489],[-157.9601191,21.3931032]]}},{"type":"Feature","properties":{"h":"secondary"},"geometry":{"type":"LineString","coordinates":[[-157.9601485,21.3929625],[-157.9597138,21.3926778]]}},{"type":"Feature","properties":{"h":"tertiary"},"geometry":{"type":"LineString","coordinates":[[-158.0250431,21.3414542],[-158.024929,21.3414791],[-158.0247517,21.3415177],[-158.0243678,21.3416015],[-158.0242514,21.3416358],[-158.0241368,21.3416754],[-158.0240245,21.3417202],[-158.0239181,21.3417684],[-158.0238143,21.3418213],[-158.0237134,21.3418788],[-158.0236289,21.34196]]}},{"type":"Feature","properties":{"h":"tertiary"},"geometry":{"type":"LineString","coordinates":[[-158.0274859,21.3407833],[-158.0273062,21.340832],[-158.027091,21.3409176],[-158.026873,21.3409969],[-158.026697,21.3410556],[-158.0265195,21.3411102],[-158.0263393,21.3411568]]}},{"type":"Feature","properties":{"h":"tertiary"},"geometry":{"type":"LineString","coordinates":[[-158.0263393,21.3411568],[-158.0256869,21.3413139],[-158.025363,21.3413845],[-158.0252094,21.341418],[-158.0250431,21.3414542]]}},{"type":"Feature","properties":{"h":"tertiary"},"geometry":{"type":"LineString","coordinates":[[-158.0254343,21.3414884],[-158.0263701,21.3412617],[-158.0265254,21.3412193],[-158.0266788,21.3411714],[-158.0268301,21.3411181],[-158.0270064,21.341048],[-158.0271791,21.3409705],[-158.0273478,21.3408857],[-158.0274859,21.3407833]]}},{"type":"Feature","properties":{"h":"primary"},"geometry":{"type":"LineString","coordinates":[[-158.0207728,21.3291927],[-158.0205549,21.3288564]]}},{"type":"Feature","properties":{"h":"primary"},"geometry":{"type":"LineString","coordinates":[[-158.0205134,21.3287777],[-158.0204762,21.3287149],[-158.0203574,21.3285136]]}},{"type":"Feature","properties":{"h":"motorway"},"geometry":{"type":"LineString","coordinates":[[-157.9995944,21.3990348],[-157.9992269,21.3989613]]}},{"type":"Feature","properties":{"h":"motorway"},"geometry":{"type":"LineString","coordinates":[[-158.0135013,21.3928404],[-158.0125021,21.3937132]]}},{"type":"Feature","properties":{"h":"motorway"},"geometry":{"type":"LineString","coordinates":[[-157.9243188,21.3724343],[-157.9240406,21.3723409],[-157.9237808,21.3722674],[-157.9235125,21.3722079],[-157.9232428,21.3721584],[-157.9229377,21.3721131],[-157.9226549,21.3720834]]}},{"type":"Feature","properties":{"h":"motorway"},"geometry":{"type":"LineString","coordinates":[[-157.9290225,21.3752799],[-157.9288215,21.3751931],[-157.9285014,21.3750297],[-157.9282983,21.37491],[-157.9280817,21.3747736],[-157.9278875,21.3746428]]}},{"type":"Feature","properties":{"h":"tertiary"},"geometry":{"type":"LineString","coordinates":[[-157.9278792,21.3807124],[-157.9279776,21.3808068],[-157.9280692,21.3809042],[-157.9281644,21.3810166],[-157.9286051,21.3815768],[-157.9287337,21.3817683]]}},{"type":"Feature","properties":{"h":"tertiary"},"geometry":{"type":"LineString","coordinates":[[-158.0231738,21.3456432],[-158.023368,21.3460753],[-158.0238039,21.3470454],[-158.0240538,21.3475822],[-158.0241827,21.3477674],[-158.0243381,21.3479334],[-158.0251822,21.3485485]]}},{"type":"Feature","properties":{"h":"tertiary"},"geometry":{"type":"LineString","coordinates":[[-157.9331466,21.3523693],[-157.9337607,21.3526566],[-157.9343615,21.3528405],[-157.9344477,21.3528484],[-157.9345857,21.3528611]]}},{"type":"Feature","properties":{"h":"tertiary"},"geometry":{"type":"LineString","coordinates":[[-158.0245234,21.3901884],[-158.0244989,21.3901981],[-158.0244779,21.3902123],[-158.0244662,21.3902297],[-158.0244592,21.3902471],[-158.0244545,21.3902647],[-158.0244569,21.3902916],[-158.0244674,21.390321],[-158.0244806,21.3903358]]}},{"type":"Feature","properties":{"h":"tertiary"},"geometry":{"type":"LineString","coordinates":[[-158.0299248,21.3935272],[-158.029837,21.3934917],[-158.029168,21.3932214],[-158.028964,21.3931458],[-158.0287962,21.3931056],[-158.0283337,21.3930506],[-158.0281834,21.3930323],[-158.028039,21.3929981],[-158.0278958,21.3929417],[-158.0277743,21.3928763],[-158.0277207,21.3928422],[-158.027638,21.3927745],[-158.0275363,21.392673],[-158.0274388,21.3925548],[-158.027294,21.3923345],[-158.0271132,21.3920579]]}},{"type":"Feature","properties":{"h":"tertiary"},"geometry":{"type":"LineString","coordinates":[[-158.0326463,21.3868179],[-158.0325552,21.386823],[-158.0322883,21.3868381],[-158.0321283,21.3868683],[-158.0319514,21.3869302],[-158.0301483,21.3878543],[-158.0299731,21.3879137],[-158.0297905,21.3879487],[-158.0296043,21.3879587],[-158.0294186,21.3879433],[-158.0292372,21.3879031],[-158.029064,21.3878387],[-158.028975,21.3877986],[-158.0282354,21.3874393],[-158.0281456,21.3874036],[-158.0280476,21.3873675],[-158.0278506,21.3873213],[-158.0276486,21.3873018],[-158.0274457,21.3873092],[-158.027246,21.3873434],[-158.0270727,21.387401],[-158.0268722,21.387489],[-158.0259211,21.3880357],[-158.0256135,21.3882257],[-158.0253377,21.3884541],[-158.0250991,21.3887163],[-158.0249914,21.3888716],[-158.0249101,21.389008],[-158.0248655,21.3890986]]}},{"type":"Feature","properties":{"h":"tertiary"},"geometry":{"type":"LineString","coordinates":[[-158.0243101,21.3902402],[-158.0243463,21.3902642],[-158.0244053,21.3902766],[-158.0244569,21.3902916]]}},{"type":"Feature","properties":{"h":"tertiary"},"geometry":{"type":"LineString","coordinates":[[-158.0244711,21.3906005],[-158.0244998,21.3905728],[-158.024531,21.3904464],[-158.0245425,21.3904005],[-158.0245536,21.3903749],[-158.0245748,21.3903492]]}},{"type":"Feature","properties":{"h":"tertiary"},"geometry":{"type":"LineString","coordinates":[[-158.0246192,21.3903232],[-158.0246939,21.3903239],[-158.0247287,21.3903272],[-158.0247702,21.3903314],[-158.0250039,21.3903646],[-158.0250382,21.3903577]]}},{"type":"Feature","properties":{"h":"tertiary"},"geometry":{"type":"LineString","coordinates":[[-158.0246005,21.3901992],[-158.0246035,21.3901005],[-158.0246037,21.3900985],[-158.024619,21.3899759],[-158.024605,21.3899323]]}},{"type":"Feature","properties":{"h":"tertiary"},"geometry":{"type":"LineString","coordinates":[[-158.0244662,21.3902297],[-158.0243474,21.3902273],[-158.0243101,21.3902402]]}},{"type":"Feature","properties":{"h":"tertiary"},"geometry":{"type":"LineString","coordinates":[[-158.0250382,21.3903577],[-158.025006,21.3903277],[-158.0249064,21.3903068],[-158.024822,21.3902964],[-158.024736,21.3902878],[-158.0246889,21.3902784],[-158.0246396,21.3902613]]}},{"type":"Feature","properties":{"h":"tertiary"},"geometry":{"type":"LineString","coordinates":[[-158.024605,21.3899323],[-158.024575,21.3899709],[-158.0245537,21.3900907],[-158.0245456,21.3901365],[-158.0245234,21.3901884]]}},{"type":"Feature","properties":{"h":"tertiary"},"geometry":{"type":"LineString","coordinates":[[-158.0244806,21.3903358],[-158.0244846,21.3904015],[-158.0244843,21.3904398],[-158.0244754,21.3904876],[-158.0244592,21.3905642],[-158.0244711,21.3906005]]}},{"type":"Feature","properties":{"h":"tertiary"},"geometry":{"type":"LineString","coordinates":[[-158.0251273,21.3903715],[-158.0250382,21.3903577]]}},{"type":"Feature","properties":{"h":"tertiary"},"geometry":{"type":"LineString","coordinates":[[-158.0247102,21.3893733],[-158.0246879,21.3893781],[-158.0246615,21.3893923],[-158.0246442,21.3894093],[-158.0246351,21.3894292],[-158.0246289,21.3894456],[-158.0246249,21.3894708],[-158.0246285,21.3894944],[-158.0246371,21.3895144],[-158.0246473,21.3895285]]}},{"type":"Feature","properties":{"h":"tertiary"},"geometry":{"type":"LineString","coordinates":[[-158.024652,21.3897164],[-158.024605,21.3899323]]}},{"type":"Feature","properties":{"h":"tertiary"},"geometry":{"type":"LineString","coordinates":[[-158.0246473,21.3895285],[-158.0246499,21.3896002],[-158.0246479,21.3896238],[-158.0246422,21.3896905],[-158.024652,21.3897164]]}},{"type":"Feature","properties":{"h":"tertiary"},"geometry":{"type":"LineString","coordinates":[[-158.0245379,21.3893972],[-158.0244928,21.3894015],[-158.0244342,21.3894252],[-158.0244139,21.3894507]]}},{"type":"Feature","properties":{"h":"tertiary"},"geometry":{"type":"LineString","coordinates":[[-158.0247987,21.3894178],[-158.0248039,21.3893592],[-158.0248128,21.3892975],[-158.0248232,21.3892495],[-158.0248394,21.3891964],[-158.0248663,21.389134],[-158.0248655,21.3890986]]}},{"type":"Feature","properties":{"h":"tertiary"},"geometry":{"type":"LineString","coordinates":[[-158.024652,21.3897164],[-158.024673,21.3896941],[-158.0246892,21.3896321],[-158.0246938,21.3896145],[-158.0247084,21.3895758],[-158.0247245,21.3895513]]}},{"type":"Feature","properties":{"h":"tertiary"},"geometry":{"type":"LineString","coordinates":[[-158.0248655,21.3890986],[-158.0248348,21.3891204],[-158.024777,21.389238],[-158.0247581,21.3892841],[-158.02475,21.389304],[-158.0247285,21.3893456],[-158.0247102,21.3893733]]}},{"type":"Feature","properties":{"h":"tertiary"},"geometry":{"type":"LineString","coordinates":[[-158.0244139,21.3894507],[-158.0244496,21.389456],[-158.0244935,21.3894467],[-158.0245342,21.3894442]]}},{"type":"Feature","properties":{"h":"primary"},"geometry":{"type":"LineString","coordinates":[[-157.9937602,21.390321],[-157.9940371,21.390088],[-157.9944134,21.3897573]]}},{"type":"Feature","properties":{"h":"primary"},"geometry":{"type":"LineString","coordinates":[[-158.0228602,21.3335961],[-158.0228633,21.3336056],[-158.0229018,21.3337234]]}},{"type":"Feature","properties":{"h":"primary"},"geometry":{"type":"LineString","coordinates":[[-158.0226205,21.3329474],[-158.0227827,21.333372],[-158.0228602,21.3335961]]}},{"type":"Feature","properties":{"h":"primary"},"geometry":{"type":"LineString","coordinates":[[-158.0223554,21.3323702],[-158.0226205,21.3329474]]}},{"type":"Feature","properties":{"h":"primary"},"geometry":{"type":"LineString","coordinates":[[-158.0220312,21.3316726],[-158.0222878,21.3322364],[-158.0223554,21.3323702]]}},{"type":"Feature","properties":{"h":"primary"},"geometry":{"type":"LineString","coordinates":[[-158.0205449,21.3291557],[-158.0212306,21.3302765]]}},{"type":"Feature","properties":{"h":"tertiary"},"geometry":{"type":"LineString","coordinates":[[-157.9275735,21.3608771],[-157.9274468,21.3608411],[-157.9274244,21.3608461],[-157.9270466,21.3609302],[-157.9263229,21.3610993],[-157.9257762,21.3612366],[-157.9257509,21.3612429],[-157.9256645,21.3612601]]}},{"type":"Feature","properties":{"h":"tertiary"},"geometry":{"type":"LineString","coordinates":[[-157.9275877,21.3608744],[-157.9275735,21.3608771]]}},{"type":"Feature","properties":{"h":"secondary"},"geometry":{"type":"LineString","coordinates":[[-157.928354,21.3640048],[-157.9283888,21.3640932],[-157.9283961,21.3641118],[-157.9284784,21.3643377],[-157.9286157,21.3646428],[-157.9286383,21.3646929],[-157.9286904,21.3648212],[-157.9289227,21.3653012],[-157.9290289,21.3655936],[-157.9290402,21.3656281],[-157.9290637,21.3657001]]}},{"type":"Feature","properties":{"h":"tertiary"},"geometry":{"type":"LineString","coordinates":[[-158.0244711,21.3906005],[-158.0243979,21.390936],[-158.0243782,21.3910262],[-158.0243468,21.391417],[-158.024352,21.3916428],[-158.0243607,21.3917304],[-158.024417,21.392073],[-158.0245322,21.3924351],[-158.0247559,21.3931339],[-158.0250392,21.3940339],[-158.0251852,21.3944519],[-158.0252739,21.3946378],[-158.0252928,21.3946677],[-158.0253911,21.3948095],[-158.0255343,21.3949631],[-158.0257003,21.3950953],[-158.0257552,21.3951295],[-158.0258854,21.3952032],[-158.0260857,21.3952845],[-158.0262967,21.3953373],[-158.0263955,21.3953508],[-158.0265137,21.3953604],[-158.026732,21.3953535],[-158.0269468,21.3953165],[-158.0272576,21.3952254]]}},{"type":"Feature","properties":{"h":"tertiary"},"geometry":{"type":"LineString","coordinates":[[-158.0230807,21.3976654],[-158.0241573,21.3970387],[-158.0259877,21.3959878],[-158.026088,21.3959195],[-158.0261767,21.3958384],[-158.0262517,21.3957461],[-158.0263114,21.3956446],[-158.0263547,21.3955361],[-158.0263955,21.3953508]]}},{"type":"Feature","properties":{"h":"secondary"},"geometry":{"type":"LineString","coordinates":[[-157.9347308,21.370032],[-157.9346734,21.3699603],[-157.9344983,21.3698542]]}},{"type":"Feature","properties":{"h":"secondary"},"geometry":{"type":"LineString","coordinates":[[-157.9291353,21.3658516],[-157.9291854,21.3659641],[-157.9293829,21.3663876]]}},{"type":"Feature","properties":{"h":"secondary"},"geometry":{"type":"LineString","coordinates":[[-157.9302113,21.3685007],[-157.9303652,21.3689173]]}},{"type":"Feature","properties":{"h":"secondary"},"geometry":{"type":"LineString","coordinates":[[-157.9325207,21.3705076],[-157.9322758,21.3705967],[-157.9321507,21.3706315],[-157.9319519,21.3706492],[-157.9317539,21.3706265],[-157.9317208,21.3706227],[-157.9315681,21.3705962]]}},{"type":"Feature","properties":{"h":"secondary"},"geometry":{"type":"LineString","coordinates":[[-157.9332563,21.3699716],[-157.9328322,21.3702701],[-157.9325207,21.3705076]]}},{"type":"Feature","properties":{"h":"tertiary"},"geometry":{"type":"LineString","coordinates":[[-157.9319289,21.3522772],[-157.931422,21.3545616],[-157.9313764,21.3547261],[-157.9313098,21.3548842],[-157.931223,21.3550336],[-157.9311173,21.3551721]]}},{"type":"Feature","properties":{"h":"tertiary"},"geometry":{"type":"LineString","coordinates":[[-157.9292661,21.3572911],[-157.9291105,21.3574448],[-157.9289845,21.3575559],[-157.9288477,21.3576508],[-157.9286841,21.357747],[-157.9285204,21.3578307],[-157.9283693,21.3578916],[-157.9283313,21.3579069],[-157.9281369,21.3579768],[-157.9278827,21.3580293],[-157.9275602,21.358103],[-157.9270318,21.3582241],[-157.9268764,21.3582664]]}},{"type":"Feature","properties":{"h":"primary"},"geometry":{"type":"LineString","coordinates":[[-158.000741,21.3848207],[-158.0005059,21.3849227]]}},{"type":"Feature","properties":{"h":"primary"},"geometry":{"type":"LineString","coordinates":[[-158.000964,21.3847288],[-158.0008692,21.3847695]]}},{"type":"Feature","properties":{"h":"tertiary"},"geometry":{"type":"LineString","coordinates":[[-157.9370711,21.3698167],[-157.9358228,21.3701887]]}},{"type":"Feature","properties":{"h":"tertiary"},"geometry":{"type":"LineString","coordinates":[[-157.9374494,21.3696878],[-157.937233,21.3697395],[-157.9370711,21.3698167]]}},{"type":"Feature","properties":{"h":"secondary"},"geometry":{"type":"LineString","coordinates":[[-158.0093934,21.3960192],[-158.0095059,21.3962638]]}},{"type":"Feature","properties":{"h":"motorway"},"geometry":{"type":"LineString","coordinates":[[-157.927726,21.3668181],[-157.927491,21.3673271]]}},{"type":"Feature","properties":{"h":"motorway"},"geometry":{"type":"LineString","coordinates":[[-157.9261007,21.3703904],[-157.9255857,21.3714724],[-157.9254866,21.3716928]]}},{"type":"Feature","properties":{"h":"motorway"},"geometry":{"type":"LineString","coordinates":[[-157.9255344,21.3744536],[-157.9254258,21.373994],[-157.9254041,21.3738046],[-157.9253807,21.3735966],[-157.9253705,21.3734027],[-157.9253675,21.373243],[-157.9254068,21.3728382],[-157.9254249,21.3726427],[-157.9255214,21.3722218],[-157.9256506,21.3718403],[-157.9263321,21.3703607]]}},{"type":"Feature","properties":{"h":"motorway"},"geometry":{"type":"LineString","coordinates":[[-157.9283779,21.3396745],[-157.9290125,21.3399956],[-157.9293109,21.3401666],[-157.9295907,21.3403308],[-157.9298819,21.3405237],[-157.9301456,21.3407156]]}},{"type":"Feature","properties":{"h":"motorway"},"geometry":{"type":"LineString","coordinates":[[-157.9245756,21.3387968],[-157.9259944,21.3389964],[-157.9264177,21.339066],[-157.9268048,21.3391496],[-157.9272122,21.3392516],[-157.9276013,21.339379],[-157.9280075,21.3395228],[-157.9283779,21.3396745]]}},{"type":"Feature","properties":{"h":"motorway"},"geometry":{"type":"LineString","coordinates":[[-157.9630194,21.3906974],[-157.9620155,21.3911125]]}},{"type":"Feature","properties":{"h":"motorway"},"geometry":{"type":"LineString","coordinates":[[-157.9706927,21.3902324],[-157.9704669,21.3901636],[-157.9696161,21.3899632],[-157.9692412,21.3898991],[-157.9688817,21.3898405],[-157.9684181,21.3897894],[-157.9679518,21.3897653],[-157.967492,21.3897617],[-157.9671261,21.3897674],[-157.9667021,21.3897896],[-157.9662041,21.3898385],[-157.9657419,21.3899087],[-157.9653025,21.3899814],[-157.9648457,21.3900873],[-157.9644776,21.3901858],[-157.9640664,21.3903045],[-157.963705,21.3904211],[-157.9633288,21.3905649],[-157.9630194,21.3906974]]}},{"type":"Feature","properties":{"h":"motorway"},"geometry":{"type":"LineString","coordinates":[[-157.993849,21.3978606],[-157.9932872,21.3977409],[-157.9926475,21.3976651],[-157.9923039,21.3976538],[-157.992013,21.3976551],[-157.9917034,21.3976628]]}},{"type":"Feature","properties":{"h":"primary"},"geometry":{"type":"LineString","coordinates":[[-157.9423908,21.3458634],[-157.9420474,21.3455196],[-157.9415135,21.3449746]]}},{"type":"Feature","properties":{"h":"tertiary"},"geometry":{"type":"LineString","coordinates":[[-157.9437602,21.3471033],[-157.9436621,21.3470093]]}},{"type":"Feature","properties":{"h":"primary"},"geometry":{"type":"LineString","coordinates":[[-157.9346986,21.3425409],[-157.9348992,21.3425424],[-157.9350897,21.3425606],[-157.9353069,21.3426064],[-157.9355007,21.3426661],[-157.9356681,21.3427323],[-157.9357599,21.3427805],[-157.9359918,21.3429194]]}},{"type":"Feature","properties":{"h":"tertiary"},"geometry":{"type":"LineString","coordinates":[[-157.929566,21.3410616],[-157.9296556,21.3408735],[-157.929698,21.3407839],[-157.9297287,21.3407294]]}},{"type":"Feature","properties":{"h":"tertiary"},"geometry":{"type":"LineString","coordinates":[[-157.9295035,21.3411777],[-157.929566,21.3410616]]}},{"type":"Feature","properties":{"h":"tertiary"},"geometry":{"type":"LineString","coordinates":[[-157.9290566,21.3420084],[-157.929306,21.3415447],[-157.9295035,21.3411777]]}},{"type":"Feature","properties":{"h":"tertiary"},"geometry":{"type":"LineString","coordinates":[[-157.9288204,21.342436],[-157.9289246,21.3422474],[-157.9290566,21.3420084]]}},{"type":"Feature","properties":{"h":"primary"},"geometry":{"type":"LineString","coordinates":[[-157.9301834,21.3399334],[-157.9299642,21.3398259],[-157.9296916,21.3397296]]}},{"type":"Feature","properties":{"h":"primary"},"geometry":{"type":"LineString","coordinates":[[-157.9296916,21.3397296],[-157.9289755,21.3395001],[-157.9283526,21.3392787]]}},{"type":"Feature","properties":{"h":"primary"},"geometry":{"type":"LineString","coordinates":[[-157.9265984,21.3387716],[-157.9262592,21.338703]]}},{"type":"Feature","properties":{"h":"tertiary"},"geometry":{"type":"LineString","coordinates":[[-157.9265984,21.3387716],[-157.9266523,21.338461]]}},{"type":"Feature","properties":{"h":"primary"},"geometry":{"type":"LineString","coordinates":[[-157.9269721,21.3388426],[-157.9265984,21.3387716]]}},{"type":"Feature","properties":{"h":"primary"},"geometry":{"type":"LineString","coordinates":[[-157.9300529,21.3410757],[-157.9303119,21.34156],[-157.9305604,21.3419411]]}},{"type":"Feature","properties":{"h":"primary"},"geometry":{"type":"LineString","coordinates":[[-157.9337247,21.3471009],[-157.9341393,21.3476583]]}},{"type":"Feature","properties":{"h":"primary"},"geometry":{"type":"LineString","coordinates":[[-157.9341393,21.3476583],[-157.9342195,21.3477918],[-157.9343348,21.3479853],[-157.9344024,21.3481921]]}},{"type":"Feature","properties":{"h":"primary"},"geometry":{"type":"LineString","coordinates":[[-157.9344024,21.3481921],[-157.9345077,21.3486088]]}},{"type":"Feature","properties":{"h":"primary"},"geometry":{"type":"LineString","coordinates":[[-157.9262592,21.338703],[-157.9259539,21.3386515],[-157.9254379,21.3385744],[-157.9249809,21.3385058],[-157.9231433,21.3382448]]}},{"type":"Feature","properties":{"h":"primary"},"geometry":{"type":"LineString","coordinates":[[-157.9231433,21.3382448],[-157.9227737,21.33819]]}},{"type":"Feature","properties":{"h":"primary"},"geometry":{"type":"LineString","coordinates":[[-157.9227737,21.33819],[-157.9224032,21.3381312]]}},{"type":"Feature","properties":{"h":"primary"},"geometry":{"type":"LineString","coordinates":[[-157.9224032,21.3381312],[-157.9218315,21.3380541],[-157.9216605,21.3380294]]}},{"type":"Feature","properties":{"h":"primary"},"geometry":{"type":"LineString","coordinates":[[-157.9216605,21.3380294],[-157.9204112,21.337848]]}},{"type":"Feature","properties":{"h":"primary"},"geometry":{"type":"LineString","coordinates":[[-157.9204112,21.337848],[-157.9199901,21.3377868]]}},{"type":"Feature","properties":{"h":"tertiary"},"geometry":{"type":"LineString","coordinates":[[-157.9266523,21.338461],[-157.9267029,21.3381545]]}},{"type":"Feature","properties":{"h":"primary"},"geometry":{"type":"LineString","coordinates":[[-157.9216666,21.3384195],[-157.9227072,21.3385699]]}},{"type":"Feature","properties":{"h":"primary"},"geometry":{"type":"LineString","coordinates":[[-157.9292626,21.3403766],[-157.9297287,21.3407294]]}},{"type":"Feature","properties":{"h":"tertiary"},"geometry":{"type":"LineString","coordinates":[[-157.9635335,21.3997488],[-157.963977,21.3995967]]}},{"type":"Feature","properties":{"h":"tertiary"},"geometry":{"type":"LineString","coordinates":[[-157.962901,21.3999625],[-157.9631086,21.3998949]]}},{"type":"Feature","properties":{"h":"secondary"},"geometry":{"type":"LineString","coordinates":[[-157.964284,21.4003868],[-157.963977,21.3995967]]}},{"type":"Feature","properties":{"h":"secondary"},"geometry":{"type":"LineString","coordinates":[[-157.963977,21.3995967],[-157.9639308,21.3994782],[-157.9636572,21.3987762]]}},{"type":"Feature","properties":{"h":"secondary"},"geometry":{"type":"LineString","coordinates":[[-157.9636572,21.3987762],[-157.9633854,21.398078],[-157.9628481,21.3966941],[-157.9624591,21.3956903]]}},{"type":"Feature","properties":{"h":"secondary"},"geometry":{"type":"LineString","coordinates":[[-157.9624591,21.3956903],[-157.9622461,21.3951457],[-157.9622068,21.3950497]]}},{"type":"Feature","properties":{"h":"motorway"},"geometry":{"type":"LineString","coordinates":[[-157.9273384,21.3682147],[-157.9284608,21.3658311]]}},{"type":"Feature","properties":{"h":"motorway"},"geometry":{"type":"LineString","coordinates":[[-157.9284608,21.3658311],[-157.9285432,21.3656583]]}},{"type":"Feature","properties":{"h":"motorway"},"geometry":{"type":"LineString","coordinates":[[-157.932704,21.3523166],[-157.932942,21.351105],[-157.9330848,21.3503407],[-157.9331888,21.3497877],[-157.9332953,21.3493218],[-157.9335083,21.3483433],[-157.9335533,21.3480759],[-157.9336091,21.3476705],[-157.9336346,21.347347],[-157.9336477,21.3469231],[-157.9336382,21.3464425],[-157.9336088,21.3461348],[-157.9335353,21.3456142],[-157.9334316,21.345101],[-157.9332952,21.3446447],[-157.9331129,21.3441112],[-157.9329014,21.3436197],[-157.9327448,21.3433534],[-157.9326124,21.3431075]]}},{"type":"Feature","properties":{"h":"primary"},"geometry":{"type":"LineString","coordinates":[[-157.9332903,21.3431884],[-157.9332378,21.3430601]]}},{"type":"Feature","properties":{"h":"primary"},"geometry":{"type":"LineString","coordinates":[[-157.930452,21.3400691],[-157.9301834,21.3399334]]}},{"type":"Feature","properties":{"h":"motorway"},"geometry":{"type":"LineString","coordinates":[[-157.9280071,21.339199],[-157.9276295,21.3390705],[-157.9272752,21.3389659],[-157.926837,21.3388558],[-157.9265292,21.3387915],[-157.9261366,21.3387183],[-157.9256995,21.338651],[-157.924923,21.3385414]]}},{"type":"Feature","properties":{"h":"tertiary"},"geometry":{"type":"LineString","coordinates":[[-157.963977,21.3995967],[-157.964121,21.3995467],[-157.9642165,21.3995051],[-157.964298,21.3994623],[-157.9643802,21.3994131]]}},{"type":"Feature","properties":{"h":"secondary"},"geometry":{"type":"LineString","coordinates":[[-157.96818,21.3986987],[-157.9680723,21.3989482]]}},{"type":"Feature","properties":{"h":"secondary"},"geometry":{"type":"LineString","coordinates":[[-157.9683954,21.3982001],[-157.96818,21.3986987]]}},{"type":"Feature","properties":{"h":"secondary"},"geometry":{"type":"LineString","coordinates":[[-157.9680723,21.3989482],[-157.9673941,21.4005181]]}},{"type":"Feature","properties":{"h":"secondary"},"geometry":{"type":"LineString","coordinates":[[-157.9684919,21.3979766],[-157.9684393,21.3980937],[-157.9683954,21.3982001]]}},{"type":"Feature","properties":{"h":"secondary"},"geometry":{"type":"LineString","coordinates":[[-157.9702028,21.3939362],[-157.9701721,21.3940118],[-157.9700341,21.3943635]]}},{"type":"Feature","properties":{"h":"secondary"},"geometry":{"type":"LineString","coordinates":[[-157.9698741,21.3947714],[-157.9697108,21.395136]]}},{"type":"Feature","properties":{"h":"secondary"},"geometry":{"type":"LineString","coordinates":[[-157.9700341,21.3943635],[-157.9699769,21.3945093]]}},{"type":"Feature","properties":{"h":"secondary"},"geometry":{"type":"LineString","coordinates":[[-157.9693334,21.396003],[-157.9692839,21.3961161],[-157.9691337,21.3964907]]}},{"type":"Feature","properties":{"h":"tertiary"},"geometry":{"type":"LineString","coordinates":[[-157.9689002,21.3958754],[-157.9690673,21.395915],[-157.9691421,21.3959366],[-157.9692266,21.3959638],[-157.9693334,21.396003]]}},{"type":"Feature","properties":{"h":"motorway"},"geometry":{"type":"LineString","coordinates":[[-157.9325457,21.3518867],[-157.9319268,21.354967]]}},{"type":"Feature","properties":{"h":"motorway"},"geometry":{"type":"LineString","coordinates":[[-157.9319268,21.354967],[-157.9317559,21.3558229],[-157.9314625,21.3572519],[-157.9312881,21.3581445]]}},{"type":"Feature","properties":{"h":"tertiary"},"geometry":{"type":"LineString","coordinates":[[-157.9354218,21.3347496],[-157.9349407,21.3345312],[-157.9338048,21.3340148],[-157.9326815,21.3335041],[-157.9326155,21.3334711]]}},{"type":"Feature","properties":{"h":"tertiary"},"geometry":{"type":"LineString","coordinates":[[-157.9358697,21.3349669],[-157.9355477,21.3348127],[-157.9354218,21.3347496]]}},{"type":"Feature","properties":{"h":"tertiary"},"geometry":{"type":"LineString","coordinates":[[-157.9369377,21.3354841],[-157.9358697,21.3349669]]}},{"type":"Feature","properties":{"h":"tertiary"},"geometry":{"type":"LineString","coordinates":[[-157.9372811,21.3356504],[-157.9369377,21.3354841]]}},{"type":"Feature","properties":{"h":"tertiary"},"geometry":{"type":"LineString","coordinates":[[-157.9375942,21.335802],[-157.9372811,21.3356504]]}},{"type":"Feature","properties":{"h":"tertiary"},"geometry":{"type":"LineString","coordinates":[[-157.9378689,21.3359351],[-157.9375942,21.335802]]}},{"type":"Feature","properties":{"h":"tertiary"},"geometry":{"type":"LineString","coordinates":[[-157.9382113,21.3361007],[-157.9378689,21.3359351]]}},{"type":"Feature","properties":{"h":"tertiary"},"geometry":{"type":"LineString","coordinates":[[-157.9386297,21.3363158],[-157.9384744,21.3362333],[-157.9382113,21.3361007]]}},{"type":"Feature","properties":{"h":"tertiary"},"geometry":{"type":"LineString","coordinates":[[-157.938956,21.3364826],[-157.9386297,21.3363158]]}},{"type":"Feature","properties":{"h":"tertiary"},"geometry":{"type":"LineString","coordinates":[[-157.9393357,21.3366763],[-157.9391007,21.336556],[-157.9390706,21.3365407],[-157.938956,21.3364826]]}},{"type":"Feature","properties":{"h":"tertiary"},"geometry":{"type":"LineString","coordinates":[[-157.9399795,21.3370088],[-157.9393357,21.3366763]]}},{"type":"Feature","properties":{"h":"tertiary"},"geometry":{"type":"LineString","coordinates":[[-157.9403338,21.3371838],[-157.9399795,21.3370088]]}},{"type":"Feature","properties":{"h":"tertiary"},"geometry":{"type":"LineString","coordinates":[[-157.9407256,21.337373],[-157.9403338,21.3371838]]}},{"type":"Feature","properties":{"h":"tertiary"},"geometry":{"type":"LineString","coordinates":[[-157.9410693,21.3375448],[-157.9408598,21.3374375],[-157.9407256,21.337373]]}},{"type":"Feature","properties":{"h":"tertiary"},"geometry":{"type":"LineString","coordinates":[[-157.9425013,21.3382761],[-157.9415541,21.3377898],[-157.9410693,21.3375448]]}},{"type":"Feature","properties":{"h":"tertiary"},"geometry":{"type":"LineString","coordinates":[[-157.9428801,21.338471],[-157.9425013,21.3382761]]}},{"type":"Feature","properties":{"h":"tertiary"},"geometry":{"type":"LineString","coordinates":[[-157.9435229,21.3387897],[-157.9428801,21.338471]]}},{"type":"Feature","properties":{"h":"tertiary"},"geometry":{"type":"LineString","coordinates":[[-157.9447715,21.3395897],[-157.9446546,21.3394359],[-157.9445631,21.3393325],[-157.9444549,21.3392525],[-157.9442146,21.3391383]]}},{"type":"Feature","properties":{"h":"tertiary"},"geometry":{"type":"LineString","coordinates":[[-157.9646149,21.3917397],[-157.9645132,21.3918615],[-157.9644742,21.3919329],[-157.9644412,21.3919935],[-157.9643708,21.3921094]]}},{"type":"Feature","properties":{"h":"primary"},"geometry":{"type":"LineString","coordinates":[[-157.9645755,21.3918902],[-157.9646627,21.3919304],[-157.9649907,21.3920778],[-157.9653075,21.3922104],[-157.9656532,21.3923475],[-157.9658834,21.3924346],[-157.9661036,21.3925149],[-157.9672901,21.3929251],[-157.9677525,21.3930866]]}},{"type":"Feature","properties":{"h":"primary"},"geometry":{"type":"LineString","coordinates":[[-157.9657429,21.3922182],[-157.9656815,21.3921947],[-157.9654826,21.3921163],[-157.9654055,21.3920844],[-157.9648432,21.3918428],[-157.96474,21.3917964],[-157.9646149,21.3917397]]}},{"type":"Feature","properties":{"h":"primary"},"geometry":{"type":"LineString","coordinates":[[-157.967836,21.3929541],[-157.9671471,21.3927146],[-157.9670094,21.3926667],[-157.9668088,21.392597],[-157.9665824,21.3925182],[-157.9660213,21.3923231],[-157.9657429,21.3922182]]}},{"type":"Feature","properties":{"h":"tertiary"},"geometry":{"type":"LineString","coordinates":[[-157.9645755,21.3918902],[-157.9646149,21.3917397]]}},{"type":"Feature","properties":{"h":"tertiary"},"geometry":{"type":"LineString","coordinates":[[-157.9627408,21.3947584],[-157.9627336,21.3948921],[-157.9627451,21.3949768]]}},{"type":"Feature","properties":{"h":"tertiary"},"geometry":{"type":"LineString","coordinates":[[-157.9571911,21.4004636],[-157.9572367,21.4004074],[-157.9572945,21.4003362],[-157.9575299,21.3999928],[-157.9575795,21.3999273],[-157.9576344,21.3998603]]}},{"type":"Feature","properties":{"h":"tertiary"},"geometry":{"type":"LineString","coordinates":[[-157.9610485,21.3959639],[-157.9611262,21.3958971],[-157.9614023,21.3956391],[-157.9616686,21.3953928]]}},{"type":"Feature","properties":{"h":"secondary"},"geometry":{"type":"LineString","coordinates":[[-157.975603,21.3981479],[-157.9759028,21.3978295]]}},{"type":"Feature","properties":{"h":"secondary"},"geometry":{"type":"LineString","coordinates":[[-157.973654,21.399937],[-157.9735743,21.3999954],[-157.9733223,21.4001646],[-157.9730904,21.4003052]]}},{"type":"Feature","properties":{"h":"secondary"},"geometry":{"type":"LineString","coordinates":[[-157.9741896,21.3995196],[-157.9739734,21.399697],[-157.9737375,21.3998771],[-157.973654,21.399937]]}},{"type":"Feature","properties":{"h":"secondary"},"geometry":{"type":"LineString","coordinates":[[-157.9747382,21.3990744],[-157.9745787,21.3991542],[-157.9743816,21.399344],[-157.9743024,21.3994164],[-157.9741896,21.3995196]]}},{"type":"Feature","properties":{"h":"secondary"},"geometry":{"type":"LineString","coordinates":[[-157.9737174,21.400034],[-157.9737999,21.3999745],[-157.9740545,21.3997803],[-157.9742837,21.3995904],[-157.9744295,21.3994602]]}},{"type":"Feature","properties":{"h":"secondary"},"geometry":{"type":"LineString","coordinates":[[-157.9747382,21.3990744],[-157.9751716,21.3986134],[-157.9752171,21.398563]]}},{"type":"Feature","properties":{"h":"secondary"},"geometry":{"type":"LineString","coordinates":[[-157.9313916,21.3706689],[-157.9316215,21.3707915],[-157.9316722,21.3708184]]}},{"type":"Feature","properties":{"h":"primary"},"geometry":{"type":"LineString","coordinates":[[-157.9350629,21.3694985],[-157.9349131,21.3697607],[-157.9348186,21.3699008],[-157.9347308,21.370032]]}},{"type":"Feature","properties":{"h":"secondary"},"geometry":{"type":"LineString","coordinates":[[-157.9331305,21.371579],[-157.9332316,21.3716273]]}},{"type":"Feature","properties":{"h":"secondary"},"geometry":{"type":"LineString","coordinates":[[-157.9811814,21.3975193],[-157.9817971,21.3976904],[-157.9825236,21.3979039],[-157.982956,21.3980301],[-157.9833852,21.3981547]]}},{"type":"Feature","properties":{"h":"tertiary"},"geometry":{"type":"LineString","coordinates":[[-157.9842439,21.3982433],[-157.98408,21.3982173],[-157.983346,21.3980216],[-157.9816707,21.3975305],[-157.9816203,21.3975134],[-157.9815865,21.3974926],[-157.9815732,21.3974766],[-157.9815262,21.3974275]]}},{"type":"Feature","properties":{"h":"secondary"},"geometry":{"type":"LineString","coordinates":[[-157.9744713,21.3952241],[-157.9744249,21.395403]]}},{"type":"Feature","properties":{"h":"primary"},"geometry":{"type":"LineString","coordinates":[[-158.0232912,21.377764],[-158.0231956,21.3778138],[-158.0225155,21.3781684]]}},{"type":"Feature","properties":{"h":"tertiary"},"geometry":{"type":"LineString","coordinates":[[-157.9718702,21.3901308],[-157.9718068,21.3902763]]}},{"type":"Feature","properties":{"h":"tertiary"},"geometry":{"type":"LineString","coordinates":[[-157.9718068,21.3902763],[-157.9715208,21.3909416],[-157.9714769,21.3910436]]}},{"type":"Feature","properties":{"h":"tertiary"},"geometry":{"type":"LineString","coordinates":[[-157.9714769,21.3910436],[-157.9711188,21.391865],[-157.9710764,21.3919622]]}},{"type":"Feature","properties":{"h":"tertiary"},"geometry":{"type":"LineString","coordinates":[[-157.970968,21.3922139],[-157.9707195,21.3927907],[-157.9706781,21.3928869]]}},{"type":"Feature","properties":{"h":"tertiary"},"geometry":{"type":"LineString","coordinates":[[-157.9704502,21.3934085],[-157.9704082,21.393494]]}},{"type":"Feature","properties":{"h":"tertiary"},"geometry":{"type":"LineString","coordinates":[[-157.9710764,21.3919622],[-157.970968,21.3922139]]}},{"type":"Feature","properties":{"h":"primary"},"geometry":{"type":"LineString","coordinates":[[-157.9685487,21.3932007],[-157.9679253,21.3929841],[-157.967836,21.3929541]]}},{"type":"Feature","properties":{"h":"secondary"},"geometry":{"type":"LineString","coordinates":[[-157.9533166,21.3904213],[-157.9533226,21.3903203],[-157.9533357,21.3901015],[-157.9533524,21.389824],[-157.9533571,21.389745]]}},{"type":"Feature","properties":{"h":"secondary"},"geometry":{"type":"LineString","coordinates":[[-157.9509689,21.3907608],[-157.9506199,21.3907578],[-157.9498423,21.3907489],[-157.9496045,21.3907462]]}},{"type":"Feature","properties":{"h":"secondary"},"geometry":{"type":"LineString","coordinates":[[-157.9563352,21.3913146],[-157.9548282,21.3910035]]}},{"type":"Feature","properties":{"h":"secondary"},"geometry":{"type":"LineString","coordinates":[[-157.9548282,21.3910035],[-157.9541562,21.3908647],[-157.9537722,21.3907978]]}},{"type":"Feature","properties":{"h":"secondary"},"geometry":{"type":"LineString","coordinates":[[-157.9537722,21.3907978],[-157.9534495,21.3907535],[-157.9533022,21.3907422]]}},{"type":"Feature","properties":{"h":"secondary"},"geometry":{"type":"LineString","coordinates":[[-157.9532991,21.3908593],[-157.9534467,21.3908795],[-157.9538546,21.3909399],[-157.9541537,21.3909946]]}},{"type":"Feature","properties":{"h":"secondary"},"geometry":{"type":"LineString","coordinates":[[-157.9566436,21.3915131],[-157.9572823,21.3916456],[-157.9575016,21.3916929],[-157.9577062,21.3917483],[-157.9578792,21.3918036]]}},{"type":"Feature","properties":{"h":"secondary"},"geometry":{"type":"LineString","coordinates":[[-157.9582351,21.3919408],[-157.9583487,21.3919943],[-157.9584752,21.3920542],[-157.9586443,21.3921495],[-157.9588758,21.3922835],[-157.9594188,21.3926427],[-157.9600327,21.3930489]]}},{"type":"Feature","properties":{"h":"tertiary"},"geometry":{"type":"LineString","coordinates":[[-157.9450544,21.396987],[-157.9449947,21.3970469],[-157.9449523,21.3970953],[-157.9449076,21.3971514],[-157.9448617,21.3972165]]}},{"type":"Feature","properties":{"h":"tertiary"},"geometry":{"type":"LineString","coordinates":[[-157.9453991,21.396721],[-157.9453057,21.3967777],[-157.945217,21.3968389],[-157.9451302,21.3969119],[-157.9450544,21.396987]]}},{"type":"Feature","properties":{"h":"tertiary"},"geometry":{"type":"LineString","coordinates":[[-157.9467937,21.3962762],[-157.9457033,21.3966058],[-157.9455811,21.3966429],[-157.945494,21.3966757],[-157.9453991,21.396721]]}},{"type":"Feature","properties":{"h":"tertiary"},"geometry":{"type":"LineString","coordinates":[[-157.9472404,21.3961444],[-157.947153,21.3961699],[-157.9467937,21.3962762]]}},{"type":"Feature","properties":{"h":"tertiary"},"geometry":{"type":"LineString","coordinates":[[-157.9475488,21.3960537],[-157.9472404,21.3961444]]}},{"type":"Feature","properties":{"h":"tertiary"},"geometry":{"type":"LineString","coordinates":[[-157.9488062,21.3947223],[-157.9487948,21.3948291],[-157.9487832,21.3949039],[-157.948765,21.394982],[-157.9487433,21.3950575]]}},{"type":"Feature","properties":{"h":"tertiary"},"geometry":{"type":"LineString","coordinates":[[-157.9487433,21.3950575],[-157.9487235,21.3951115],[-157.9486986,21.3951725],[-157.9486572,21.3952568],[-157.9486012,21.3953543]]}},{"type":"Feature","properties":{"h":"tertiary"},"geometry":{"type":"LineString","coordinates":[[-157.9486012,21.3953543],[-157.9485374,21.3954475],[-157.9484661,21.3955359],[-157.9483904,21.3956196],[-157.9483027,21.3956996],[-157.9482099,21.3957721],[-157.948114,21.3958345],[-157.9480157,21.3958897],[-157.9479056,21.3959413],[-157.9477975,21.3959803],[-157.9475488,21.3960537]]}},{"type":"Feature","properties":{"h":"tertiary"},"geometry":{"type":"LineString","coordinates":[[-157.9485927,21.3934192],[-157.9487818,21.3943619],[-157.9487933,21.3944362],[-157.9488027,21.3945015],[-157.948809,21.3945757],[-157.9488107,21.3946336],[-157.9488062,21.3947223]]}},{"type":"Feature","properties":{"h":"tertiary"},"geometry":{"type":"LineString","coordinates":[[-157.9485111,21.3929972],[-157.9485927,21.3934192]]}},{"type":"Feature","properties":{"h":"tertiary"},"geometry":{"type":"LineString","coordinates":[[-157.9484159,21.3925227],[-157.9485111,21.3929972]]}},{"type":"Feature","properties":{"h":"tertiary"},"geometry":{"type":"LineString","coordinates":[[-157.9483874,21.3909923],[-157.9482881,21.391264],[-157.9482622,21.3913769],[-157.9482488,21.3915118],[-157.9482476,21.3915904],[-157.948249,21.391648],[-157.9482538,21.3916966],[-157.948321,21.3920418],[-157.9484159,21.3925227]]}},{"type":"Feature","properties":{"h":"tertiary"},"geometry":{"type":"LineString","coordinates":[[-157.9484491,21.3906962],[-157.9484456,21.3908098],[-157.94844,21.3908374],[-157.9484036,21.3909446],[-157.9483874,21.3909923]]}},{"type":"Feature","properties":{"h":"secondary"},"geometry":{"type":"LineString","coordinates":[[-157.9795783,21.397359],[-157.9796551,21.3973121],[-157.9797996,21.3972061],[-157.9798227,21.3971902],[-157.9798435,21.3971769],[-157.9798656,21.3971666],[-157.9798871,21.3971601],[-157.97991,21.3971583],[-157.9800069,21.3971663]]}},{"type":"Feature","properties":{"h":"secondary"},"geometry":{"type":"LineString","coordinates":[[-157.9780707,21.3976972],[-157.9783863,21.3977902]]}},{"type":"Feature","properties":{"h":"secondary"},"geometry":{"type":"LineString","coordinates":[[-157.9776859,21.3975837],[-157.9780707,21.3976972]]}},{"type":"Feature","properties":{"h":"secondary"},"geometry":{"type":"LineString","coordinates":[[-157.9773801,21.3974935],[-157.9776859,21.3975837]]}},{"type":"Feature","properties":{"h":"secondary"},"geometry":{"type":"LineString","coordinates":[[-157.9769783,21.3973751],[-157.9771594,21.3974285]]}},{"type":"Feature","properties":{"h":"secondary"},"geometry":{"type":"LineString","coordinates":[[-157.9760784,21.3976365],[-157.976141,21.397563],[-157.97627,21.3974366],[-157.9763257,21.3973934],[-157.9763896,21.3973591],[-157.9764531,21.3973341]]}},{"type":"Feature","properties":{"h":"secondary"},"geometry":{"type":"LineString","coordinates":[[-157.9744676,21.3958916],[-157.9747787,21.3964024],[-157.9748221,21.3964637],[-157.9748713,21.3965247],[-157.9749249,21.3965809],[-157.9749949,21.3966512]]}},{"type":"Feature","properties":{"h":"secondary"},"geometry":{"type":"LineString","coordinates":[[-157.9753139,21.396943],[-157.9755975,21.3972021],[-157.9758855,21.3974747]]}},{"type":"Feature","properties":{"h":"tertiary"},"geometry":{"type":"LineString","coordinates":[[-157.9441453,21.3981187],[-157.9442056,21.3981987],[-157.9442213,21.3982196],[-157.9443292,21.3983623],[-157.944393,21.398444],[-157.9444404,21.3985023],[-157.9444893,21.3985576]]}},{"type":"Feature","properties":{"h":"secondary"},"geometry":{"type":"LineString","coordinates":[[-157.9465016,21.3898048],[-157.9464668,21.3897218],[-157.9463706,21.3894733]]}},{"type":"Feature","properties":{"h":"secondary"},"geometry":{"type":"LineString","coordinates":[[-157.9474455,21.3906133],[-157.9473738,21.3905964],[-157.9472795,21.3905671],[-157.9472044,21.3905391],[-157.9471392,21.3905098]]}},{"type":"Feature","properties":{"h":"secondary"},"geometry":{"type":"LineString","coordinates":[[-157.9478924,21.3906625],[-157.9475829,21.3906365],[-157.9474455,21.3906133]]}},{"type":"Feature","properties":{"h":"secondary"},"geometry":{"type":"LineString","coordinates":[[-157.946843,21.390319],[-157.9467483,21.3902253],[-157.9466838,21.3901503],[-157.9466313,21.3900711],[-157.9465846,21.389986],[-157.9465456,21.3899016],[-157.9465016,21.3898048]]}},{"type":"Feature","properties":{"h":"secondary"},"geometry":{"type":"LineString","coordinates":[[-157.9463706,21.3894733],[-157.9463239,21.3893317],[-157.9462588,21.3891224]]}},{"type":"Feature","properties":{"h":"secondary"},"geometry":{"type":"LineString","coordinates":[[-157.9462588,21.3891224],[-157.9461012,21.3886344],[-157.9460676,21.388532],[-157.946042,21.3884627],[-157.9460129,21.3883965]]}},{"type":"Feature","properties":{"h":"secondary"},"geometry":{"type":"LineString","coordinates":[[-157.9460129,21.3883965],[-157.9459584,21.3882933],[-157.9458971,21.3882045],[-157.9458261,21.3881164],[-157.9457496,21.3880353],[-157.9456765,21.3879729],[-157.9455848,21.3879071],[-157.9454653,21.3878399],[-157.9453323,21.3877811],[-157.9449187,21.3876157]]}},{"type":"Feature","properties":{"h":"secondary"},"geometry":{"type":"LineString","coordinates":[[-157.9449187,21.3876157],[-157.9446462,21.3875064]]}},{"type":"Feature","properties":{"h":"secondary"},"geometry":{"type":"LineString","coordinates":[[-157.9433729,21.3869957],[-157.9428461,21.3867833],[-157.9421791,21.3865143],[-157.9420039,21.3864467]]}},{"type":"Feature","properties":{"h":"secondary"},"geometry":{"type":"LineString","coordinates":[[-157.9437864,21.3871611],[-157.9433729,21.3869957]]}},{"type":"Feature","properties":{"h":"secondary"},"geometry":{"type":"LineString","coordinates":[[-157.9444744,21.3874376],[-157.9441149,21.3872911]]}},{"type":"Feature","properties":{"h":"secondary"},"geometry":{"type":"LineString","coordinates":[[-157.9441149,21.3872911],[-157.9437864,21.3871611]]}},{"type":"Feature","properties":{"h":"secondary"},"geometry":{"type":"LineString","coordinates":[[-157.9446462,21.3875064],[-157.9444744,21.3874376]]}},{"type":"Feature","properties":{"h":"tertiary"},"geometry":{"type":"LineString","coordinates":[[-157.9415489,21.3873151],[-157.9414326,21.3875913],[-157.9413805,21.3877149]]}},{"type":"Feature","properties":{"h":"tertiary"},"geometry":{"type":"LineString","coordinates":[[-157.9413805,21.3877149],[-157.9413558,21.3877736],[-157.9412147,21.3881067]]}},{"type":"Feature","properties":{"h":"tertiary"},"geometry":{"type":"LineString","coordinates":[[-157.9393435,21.3920472],[-157.9391738,21.3922094]]}},{"type":"Feature","properties":{"h":"tertiary"},"geometry":{"type":"LineString","coordinates":[[-157.9391738,21.3922094],[-157.9391142,21.3922573],[-157.9390709,21.3922916],[-157.9389445,21.3923872],[-157.9388795,21.392433],[-157.938804,21.3924798],[-157.9387242,21.3925279],[-157.9386343,21.3925778],[-157.9384932,21.3926488],[-157.9383816,21.392699],[-157.9382676,21.3927443],[-157.9381525,21.3927838],[-157.9379649,21.3928455],[-157.937746,21.3929172],[-157.9374868,21.3930021],[-157.9372814,21.3930696],[-157.9370703,21.3931388],[-157.936862,21.3932072]]}},{"type":"Feature","properties":{"h":"tertiary"},"geometry":{"type":"LineString","coordinates":[[-157.9416892,21.3869848],[-157.9416622,21.3870485],[-157.9415489,21.3873151]]}},{"type":"Feature","properties":{"h":"tertiary"},"geometry":{"type":"LineString","coordinates":[[-157.936862,21.3932072],[-157.9366282,21.3932847],[-157.9362753,21.3934007],[-157.9361346,21.3934535],[-157.9360065,21.3935097],[-157.935859,21.3935825],[-157.9357244,21.3936585],[-157.9355231,21.3937856],[-157.9352294,21.3939724]]}},{"type":"Feature","properties":{"h":"tertiary"},"geometry":{"type":"LineString","coordinates":[[-157.9352294,21.3939724],[-157.934874,21.3941989],[-157.9342311,21.3946098],[-157.9340236,21.3947428],[-157.9339559,21.3947841],[-157.9338101,21.3948721],[-157.9336059,21.3949826],[-157.9334545,21.3950598],[-157.9334107,21.3950821],[-157.9327423,21.395423],[-157.9326072,21.3954919],[-157.93249,21.3955516],[-157.9317715,21.3959172],[-157.9314085,21.3961023],[-157.9313223,21.3961423],[-157.9312337,21.3961781],[-157.9311198,21.3962182],[-157.9310146,21.396249],[-157.930913,21.3962736],[-157.9308123,21.3962917],[-157.9306958,21.3963074],[-157.9305867,21.3963178],[-157.9304913,21.3963198],[-157.9303839,21.3963198],[-157.9302585,21.3963118],[-157.9297339,21.3962555],[-157.9289424,21.3961695],[-157.9286491,21.396138],[-157.9285833,21.396131]]}},{"type":"Feature","properties":{"h":"secondary"},"geometry":{"type":"LineString","coordinates":[[-157.933684,21.3718179],[-157.9337122,21.3718235],[-157.9337329,21.3718243],[-157.9337563,21.3718221],[-157.9337827,21.3718172],[-157.9338081,21.3718095],[-157.9338316,21.3717989],[-157.9338854,21.3717693]]}},{"type":"Feature","properties":{"h":"primary"},"geometry":{"type":"LineString","coordinates":[[-157.933684,21.3718179],[-157.9336449,21.3718828],[-157.9335201,21.3720899]]}},{"type":"Feature","properties":{"h":"primary"},"geometry":{"type":"LineString","coordinates":[[-157.9479789,21.3843448],[-157.9487867,21.3847165]]}},{"type":"Feature","properties":{"h":"primary"},"geometry":{"type":"LineString","coordinates":[[-157.946978,21.3836893],[-157.9467029,21.3835643],[-157.9465756,21.3835064],[-157.9462778,21.3833711],[-157.9461606,21.383317]]}},{"type":"Feature","properties":{"h":"primary"},"geometry":{"type":"LineString","coordinates":[[-157.9499167,21.3850326],[-157.9489828,21.3846048],[-157.9488659,21.3845515]]}},{"type":"Feature","properties":{"h":"primary"},"geometry":{"type":"LineString","coordinates":[[-157.9500826,21.3853058],[-157.950927,21.3856918],[-157.9510216,21.3857349]]}},{"type":"Feature","properties":{"h":"primary"},"geometry":{"type":"LineString","coordinates":[[-157.9488659,21.3845515],[-157.948096,21.3842004],[-157.9479592,21.3841403],[-157.9476854,21.3840201]]}},{"type":"Feature","properties":{"h":"primary"},"geometry":{"type":"LineString","coordinates":[[-157.9516717,21.385835],[-157.9511074,21.3855722]]}},{"type":"Feature","properties":{"h":"primary"},"geometry":{"type":"LineString","coordinates":[[-157.9537304,21.3869689],[-157.9543539,21.3872505]]}},{"type":"Feature","properties":{"h":"tertiary"},"geometry":{"type":"LineString","coordinates":[[-157.9488659,21.3845515],[-157.9487867,21.3847165]]}},{"type":"Feature","properties":{"h":"tertiary"},"geometry":{"type":"LineString","coordinates":[[-157.9487867,21.3847165],[-157.948742,21.3848096],[-157.9486774,21.3849358],[-157.9486466,21.3849964],[-157.9485829,21.3851202]]}},{"type":"Feature","properties":{"h":"tertiary"},"geometry":{"type":"LineString","coordinates":[[-157.9511074,21.3855722],[-157.9510216,21.3857349]]}},{"type":"Feature","properties":{"h":"tertiary"},"geometry":{"type":"LineString","coordinates":[[-157.9510216,21.3857349],[-157.9509888,21.385797],[-157.9508831,21.3860112],[-157.9508272,21.3861354],[-157.9507734,21.3862624],[-157.950732,21.386378]]}},{"type":"Feature","properties":{"h":"primary"},"geometry":{"type":"LineString","coordinates":[[-157.9487867,21.3847165],[-157.9489016,21.3847687],[-157.9500826,21.3853058]]}},{"type":"Feature","properties":{"h":"primary"},"geometry":{"type":"LineString","coordinates":[[-157.952136,21.3860557],[-157.9519083,21.385954],[-157.9516717,21.385835]]}},{"type":"Feature","properties":{"h":"primary"},"geometry":{"type":"LineString","coordinates":[[-157.9469435,21.3838682],[-157.9472649,21.3840164],[-157.9475851,21.3841641],[-157.947668,21.3842023],[-157.9478542,21.3842876],[-157.9479789,21.3843448]]}},{"type":"Feature","properties":{"h":"tertiary"},"geometry":{"type":"LineString","coordinates":[[-157.9452839,21.3841932],[-157.9447225,21.384529]]}},{"type":"Feature","properties":{"h":"tertiary"},"geometry":{"type":"LineString","coordinates":[[-157.9431812,21.3854966],[-157.9430523,21.3855426],[-157.9429569,21.3856012],[-157.942879,21.385649],[-157.942721,21.385756],[-157.942544,21.3858881],[-157.9424314,21.3859873],[-157.9420861,21.3863108],[-157.942074,21.3863308],[-157.9420039,21.3864467]]}},{"type":"Feature","properties":{"h":"tertiary"},"geometry":{"type":"LineString","coordinates":[[-157.9458121,21.383884],[-157.945579,21.3840201]]}},{"type":"Feature","properties":{"h":"tertiary"},"geometry":{"type":"LineString","coordinates":[[-157.9459039,21.383788],[-157.9458639,21.3838351],[-157.9458121,21.383884]]}},{"type":"Feature","properties":{"h":"secondary"},"geometry":{"type":"LineString","coordinates":[[-157.937552,21.3836923],[-157.9374351,21.3833794]]}},{"type":"Feature","properties":{"h":"secondary"},"geometry":{"type":"LineString","coordinates":[[-157.9380952,21.3845868],[-157.9379957,21.3844742],[-157.9378942,21.3843387],[-157.9377742,21.3841623]]}},{"type":"Feature","properties":{"h":"secondary"},"geometry":{"type":"LineString","coordinates":[[-157.9382468,21.3847449],[-157.9380952,21.3845868]]}},{"type":"Feature","properties":{"h":"secondary"},"geometry":{"type":"LineString","coordinates":[[-157.9385743,21.3850055],[-157.9384379,21.3849078],[-157.9383373,21.384826],[-157.9382468,21.3847449]]}},{"type":"Feature","properties":{"h":"secondary"},"geometry":{"type":"LineString","coordinates":[[-157.9386515,21.3850576],[-157.9385743,21.3850055]]}},{"type":"Feature","properties":{"h":"secondary"},"geometry":{"type":"LineString","coordinates":[[-157.9406401,21.3859052],[-157.9405459,21.385868],[-157.9400791,21.3856839]]}},{"type":"Feature","properties":{"h":"secondary"},"geometry":{"type":"LineString","coordinates":[[-157.9389531,21.3852263],[-157.9388711,21.3851862]]}},{"type":"Feature","properties":{"h":"secondary"},"geometry":{"type":"LineString","coordinates":[[-157.9392667,21.3853599],[-157.9390555,21.3852698],[-157.9389531,21.3852263]]}},{"type":"Feature","properties":{"h":"secondary"},"geometry":{"type":"LineString","coordinates":[[-157.9410493,21.386067],[-157.9406401,21.3859052]]}},{"type":"Feature","properties":{"h":"secondary"},"geometry":{"type":"LineString","coordinates":[[-157.9420039,21.3864467],[-157.941833,21.3863787],[-157.9410493,21.386067]]}},{"type":"Feature","properties":{"h":"tertiary"},"geometry":{"type":"LineString","coordinates":[[-157.9395708,21.3822543],[-157.9396701,21.3822072],[-157.9398984,21.382104]]}},{"type":"Feature","properties":{"h":"tertiary"},"geometry":{"type":"LineString","coordinates":[[-157.9398984,21.382104],[-157.9403698,21.3818869],[-157.9403936,21.3818759],[-157.9405054,21.381796]]}},{"type":"Feature","properties":{"h":"tertiary"},"geometry":{"type":"LineString","coordinates":[[-157.9384464,21.3829516],[-157.9387333,21.3828308],[-157.938755,21.3828205],[-157.9388404,21.3827797]]}},{"type":"Feature","properties":{"h":"tertiary"},"geometry":{"type":"LineString","coordinates":[[-157.9381668,21.3830704],[-157.9384464,21.3829516]]}},{"type":"Feature","properties":{"h":"tertiary"},"geometry":{"type":"LineString","coordinates":[[-157.9376638,21.3832822],[-157.9381668,21.3830704]]}},{"type":"Feature","properties":{"h":"secondary"},"geometry":{"type":"LineString","coordinates":[[-157.9377742,21.3841623],[-157.9377111,21.3840569]]}},{"type":"Feature","properties":{"h":"secondary"},"geometry":{"type":"LineString","coordinates":[[-157.9376265,21.3838862],[-157.937552,21.3836923]]}},{"type":"Feature","properties":{"h":"primary"},"geometry":{"type":"LineString","coordinates":[[-157.9439533,21.3824888],[-157.9445768,21.3827741],[-157.9446859,21.3828241]]}},{"type":"Feature","properties":{"h":"primary"},"geometry":{"type":"LineString","coordinates":[[-157.9458056,21.3833542],[-157.9459369,21.3834124],[-157.9460288,21.3834535]]}},{"type":"Feature","properties":{"h":"primary"},"geometry":{"type":"LineString","coordinates":[[-157.9414077,21.3811481],[-157.9409229,21.3809412]]}},{"type":"Feature","properties":{"h":"primary"},"geometry":{"type":"LineString","coordinates":[[-157.9461606,21.383317],[-157.9459906,21.3832373],[-157.9457105,21.3831074],[-157.9452578,21.3829018],[-157.9450301,21.3827984],[-157.9447642,21.3826776]]}},{"type":"Feature","properties":{"h":"primary"},"geometry":{"type":"LineString","coordinates":[[-157.9446859,21.3828241],[-157.9450523,21.3829911],[-157.9455204,21.3832229],[-157.9458056,21.3833542]]}},{"type":"Feature","properties":{"h":"primary"},"geometry":{"type":"LineString","coordinates":[[-157.9406541,21.3809867],[-157.9407411,21.3810316],[-157.9409859,21.3811578]]}},{"type":"Feature","properties":{"h":"primary"},"geometry":{"type":"LineString","coordinates":[[-157.939586,21.3803278],[-157.9392049,21.3801576],[-157.9388998,21.3800214]]}},{"type":"Feature","properties":{"h":"primary"},"geometry":{"type":"LineString","coordinates":[[-157.9403047,21.3806634],[-157.9399819,21.3805165],[-157.9397058,21.3803828],[-157.939586,21.3803278]]}},{"type":"Feature","properties":{"h":"primary"},"geometry":{"type":"LineString","coordinates":[[-157.9398114,21.380598],[-157.9399369,21.3806579]]}},{"type":"Feature","properties":{"h":"primary"},"geometry":{"type":"LineString","coordinates":[[-157.9392253,21.3803384],[-157.9395583,21.3804854],[-157.9398114,21.380598]]}},{"type":"Feature","properties":{"h":"tertiary"},"geometry":{"type":"LineString","coordinates":[[-157.9345,21.3811195],[-157.9344924,21.3812275],[-157.9344937,21.3812941],[-157.9345081,21.38137]]}},{"type":"Feature","properties":{"h":"secondary"},"geometry":{"type":"LineString","coordinates":[[-157.9349977,21.3811323],[-157.9345,21.3811195]]}},{"type":"Feature","properties":{"h":"secondary"},"geometry":{"type":"LineString","coordinates":[[-157.9352903,21.3811403],[-157.9349977,21.3811323]]}},{"type":"Feature","properties":{"h":"secondary"},"geometry":{"type":"LineString","coordinates":[[-157.9359313,21.3813127],[-157.9358495,21.3812744],[-157.9357933,21.3812514],[-157.9357,21.3812202],[-157.9355998,21.3811895]]}},{"type":"Feature","properties":{"h":"secondary"},"geometry":{"type":"LineString","coordinates":[[-157.9363973,21.3816774],[-157.9362754,21.3815586],[-157.936214,21.3815052],[-157.9361295,21.3814374],[-157.9360152,21.3813603],[-157.9359313,21.3813127]]}},{"type":"Feature","properties":{"h":"secondary"},"geometry":{"type":"LineString","coordinates":[[-157.9366592,21.381929],[-157.9366291,21.3819001],[-157.9363973,21.3816774]]}},{"type":"Feature","properties":{"h":"secondary"},"geometry":{"type":"LineString","coordinates":[[-157.9368554,21.3821278],[-157.9366592,21.381929]]}},{"type":"Feature","properties":{"h":"secondary"},"geometry":{"type":"LineString","coordinates":[[-157.9372225,21.3827821],[-157.9371485,21.3825795]]}},{"type":"Feature","properties":{"h":"secondary"},"geometry":{"type":"LineString","coordinates":[[-157.9371485,21.3825795],[-157.9370603,21.3823934],[-157.937014,21.38232],[-157.9369649,21.3822534]]}},{"type":"Feature","properties":{"h":"secondary"},"geometry":{"type":"LineString","coordinates":[[-157.9308419,21.379809],[-157.9308653,21.3796903],[-157.9308855,21.3795717],[-157.9308957,21.3794874],[-157.9309079,21.3793315],[-157.9309086,21.3792741],[-157.9309113,21.3791223]]}},{"type":"Feature","properties":{"h":"secondary"},"geometry":{"type":"LineString","coordinates":[[-157.9310593,21.3807508],[-157.9310058,21.3806907],[-157.9309518,21.3806111],[-157.9309096,21.3805355],[-157.9308598,21.3804337],[-157.9308251,21.3803472],[-157.9308135,21.3802944]]}},{"type":"Feature","properties":{"h":"secondary"},"geometry":{"type":"LineString","coordinates":[[-157.9308135,21.3802944],[-157.9307981,21.380179],[-157.930799,21.3800756],[-157.9308124,21.3799651],[-157.9308419,21.379809]]}},{"type":"Feature","properties":{"h":"secondary"},"geometry":{"type":"LineString","coordinates":[[-157.9332912,21.3810905],[-157.9326493,21.381073]]}},{"type":"Feature","properties":{"h":"secondary"},"geometry":{"type":"LineString","coordinates":[[-157.9340138,21.3811079],[-157.9339028,21.3811058],[-157.9338094,21.3811035],[-157.9334438,21.3810945],[-157.9332912,21.3810905]]}},{"type":"Feature","properties":{"h":"secondary"},"geometry":{"type":"LineString","coordinates":[[-157.9345,21.3811195],[-157.9343624,21.3811159],[-157.9340138,21.3811079]]}},{"type":"Feature","properties":{"h":"primary"},"geometry":{"type":"LineString","coordinates":[[-157.9343189,21.3770419],[-157.9342054,21.3769549]]}},{"type":"Feature","properties":{"h":"primary"},"geometry":{"type":"LineString","coordinates":[[-157.9368192,21.379142],[-157.9369667,21.3792495],[-157.937078,21.379321],[-157.9371796,21.379382]]}},{"type":"Feature","properties":{"h":"primary"},"geometry":{"type":"LineString","coordinates":[[-157.9342438,21.3771287],[-157.9345511,21.3773709]]}},{"type":"Feature","properties":{"h":"primary"},"geometry":{"type":"LineString","coordinates":[[-157.9341383,21.377026],[-157.9342438,21.3771287]]}},{"type":"Feature","properties":{"h":"primary"},"geometry":{"type":"LineString","coordinates":[[-157.9341008,21.3770709],[-157.9342438,21.3771287]]}},{"type":"Feature","properties":{"h":"tertiary"},"geometry":{"type":"LineString","coordinates":[[-157.9305063,21.3790876],[-157.9306076,21.3790305]]}},{"type":"Feature","properties":{"h":"primary"},"geometry":{"type":"LineString","coordinates":[[-157.929245,21.3757893],[-157.929602,21.3760115]]}},{"type":"Feature","properties":{"h":"secondary"},"geometry":{"type":"LineString","coordinates":[[-157.9306223,21.3766926],[-157.930666,21.3767666]]}},{"type":"Feature","properties":{"h":"secondary"},"geometry":{"type":"LineString","coordinates":[[-157.930845,21.3772118],[-157.9308632,21.3772911],[-157.9308858,21.3774159],[-157.9309063,21.3775514]]}},{"type":"Feature","properties":{"h":"secondary"},"geometry":{"type":"LineString","coordinates":[[-157.9309063,21.3775514],[-157.9309092,21.3775776],[-157.9309237,21.3777088]]}},{"type":"Feature","properties":{"h":"secondary"},"geometry":{"type":"LineString","coordinates":[[-157.9309237,21.3777088],[-157.9309252,21.3778274],[-157.9309272,21.3779935]]}},{"type":"Feature","properties":{"h":"secondary"},"geometry":{"type":"LineString","coordinates":[[-157.9309272,21.3779935],[-157.9309236,21.3782842]]}},{"type":"Feature","properties":{"h":"secondary"},"geometry":{"type":"LineString","coordinates":[[-157.9309217,21.3784374],[-157.9309211,21.378521]]}},{"type":"Feature","properties":{"h":"tertiary"},"geometry":{"type":"LineString","coordinates":[[-157.9290796,21.3822531],[-157.9289492,21.382123],[-157.9288556,21.3820733]]}},{"type":"Feature","properties":{"h":"tertiary"},"geometry":{"type":"LineString","coordinates":[[-157.9319948,21.384848],[-157.9319649,21.3849249],[-157.9319158,21.3850514]]}},{"type":"Feature","properties":{"h":"tertiary"},"geometry":{"type":"LineString","coordinates":[[-157.9322195,21.3844916],[-157.9321696,21.3845456],[-157.9321136,21.3846228],[-157.9320747,21.3846822],[-157.9320328,21.3847627],[-157.9319948,21.384848]]}},{"type":"Feature","properties":{"h":"tertiary"},"geometry":{"type":"LineString","coordinates":[[-157.9317003,21.3847131],[-157.9316137,21.3846578],[-157.9315284,21.3845916],[-157.9314263,21.384496],[-157.9312718,21.3843517],[-157.9311739,21.3842654],[-157.9310221,21.3841366],[-157.9308892,21.3840238]]}},{"type":"Feature","properties":{"h":"tertiary"},"geometry":{"type":"LineString","coordinates":[[-157.9319158,21.3850514],[-157.93188,21.3851235],[-157.9318108,21.3852444],[-157.9317575,21.3853165],[-157.9317119,21.3853733],[-157.9316619,21.385429],[-157.9313824,21.3857258],[-157.9308083,21.3863413],[-157.930752,21.3864024],[-157.9306983,21.3864642],[-157.9301638,21.3870795],[-157.9301034,21.3871489],[-157.9300463,21.3872146],[-157.9293553,21.38801],[-157.9292923,21.3880784],[-157.9292289,21.3881346],[-157.9291441,21.3881999],[-157.9290643,21.3882507],[-157.9289932,21.3882882],[-157.928945,21.3883096],[-157.9288829,21.3883344],[-157.9275238,21.3888484],[-157.927433,21.3888828],[-157.9273499,21.3889142],[-157.9267861,21.3891275],[-157.9267136,21.3891549],[-157.9266165,21.3891882],[-157.9265079,21.3892144],[-157.9264069,21.3892298],[-157.9263137,21.3892341],[-157.9262208,21.3892326],[-157.9261299,21.3892254],[-157.9256318,21.3891678],[-157.9255583,21.3891593],[-157.9254747,21.3891496],[-157.9253901,21.3891399],[-157.9252709,21.3891336],[-157.9251664,21.3891355],[-157.9250477,21.3891461],[-157.9249966,21.3891535],[-157.9249131,21.389167],[-157.9248287,21.3891823],[-157.9242485,21.3892874],[-157.9241788,21.3893],[-157.9241028,21.3893138],[-157.9230665,21.3895014],[-157.9229428,21.3895295],[-157.9228107,21.3895713],[-157.922577,21.3896637],[-157.9210345,21.3902735],[-157.9209137,21.3903305],[-157.9207991,21.3903898],[-157.9202802,21.390691],[-157.9202056,21.3907289],[-157.9201285,21.3907588],[-157.920039,21.3907819],[-157.9199434,21.3907941],[-157.91987,21.3907957]]}},{"type":"Feature","properties":{"h":"tertiary"},"geometry":{"type":"LineString","coordinates":[[-157.9319948,21.384848],[-157.9319207,21.3848205],[-157.9318968,21.384811],[-157.9318078,21.3847726],[-157.9317003,21.3847131]]}},{"type":"Feature","properties":{"h":"secondary"},"geometry":{"type":"LineString","coordinates":[[-157.9292029,21.3656332],[-157.9291778,21.3655785],[-157.9291689,21.3655589],[-157.9290515,21.3652977],[-157.9290011,21.3651856],[-157.9289578,21.3650881],[-157.9286803,21.3644625],[-157.9285973,21.364269],[-157.9285191,21.3640591],[-157.9284877,21.363975]]}},{"type":"Feature","properties":{"h":"secondary"},"geometry":{"type":"LineString","coordinates":[[-157.9291353,21.3658516],[-157.929265,21.3657892]]}},{"type":"Feature","properties":{"h":"primary"},"geometry":{"type":"LineString","coordinates":[[-157.9464568,21.3836437],[-157.9466703,21.3837422],[-157.9469435,21.3838682]]}},{"type":"Feature","properties":{"h":"primary"},"geometry":{"type":"LineString","coordinates":[[-157.9476854,21.3840201],[-157.946978,21.3836893]]}},{"type":"Feature","properties":{"h":"primary"},"geometry":{"type":"LineString","coordinates":[[-157.9744249,21.395403],[-157.9745353,21.3954403],[-157.9747097,21.3955001]]}},{"type":"Feature","properties":{"h":"primary"},"geometry":{"type":"LineString","coordinates":[[-157.9357721,21.3533858],[-157.9356648,21.3528611],[-157.9356482,21.3527797]]}},{"type":"Feature","properties":{"h":"tertiary"},"geometry":{"type":"LineString","coordinates":[[-157.9569403,21.3387462],[-157.9570019,21.3387947],[-157.9570926,21.3388505],[-157.9571926,21.33889],[-157.9573098,21.3389116],[-157.9573705,21.3389158],[-157.9574626,21.3389096]]}},{"type":"Feature","properties":{"h":"primary"},"geometry":{"type":"LineString","coordinates":[[-157.9335957,21.3469221],[-157.9336699,21.3470259],[-157.9337247,21.3471009]]}},{"type":"Feature","properties":{"h":"tertiary"},"geometry":{"type":"LineString","coordinates":[[-157.9274996,21.3844588],[-157.927417,21.3844716],[-157.9273199,21.3844779],[-157.9272424,21.3844754],[-157.9271713,21.3844636],[-157.9271009,21.3844463]]}},{"type":"Feature","properties":{"h":"tertiary"},"geometry":{"type":"LineString","coordinates":[[-157.9288556,21.3820733],[-157.9288642,21.3821964],[-157.9288621,21.3822725],[-157.9288526,21.3823433],[-157.9288345,21.3824269],[-157.9288078,21.3825084],[-157.9287789,21.3825817],[-157.92874,21.3826672],[-157.9286979,21.3827526],[-157.9286698,21.3828042],[-157.9286368,21.3828564],[-157.9285535,21.3829739],[-157.9284688,21.383095],[-157.9282507,21.3834076],[-157.9282171,21.3834628],[-157.9281821,21.3835314],[-157.9281532,21.3836007],[-157.9281049,21.3837419],[-157.9280586,21.3838963],[-157.9280215,21.383999],[-157.9279964,21.3840518],[-157.9279699,21.3841002],[-157.9279357,21.3841514],[-157.9278855,21.3842127],[-157.9278139,21.3842825],[-157.9277495,21.3843361],[-157.9276655,21.3843877],[-157.9275856,21.3844283],[-157.9274996,21.3844588]]}},{"type":"Feature","properties":{"h":"tertiary"},"geometry":{"type":"LineString","coordinates":[[-157.9266582,21.3788289],[-157.926687,21.3789937]]}},{"type":"Feature","properties":{"h":"tertiary"},"geometry":{"type":"LineString","coordinates":[[-157.9272601,21.3801702],[-157.9273405,21.3802776],[-157.9274193,21.3803601],[-157.9274928,21.3804207],[-157.9276305,21.3805219],[-157.9278001,21.3806464],[-157.9278792,21.3807124]]}},{"type":"Feature","properties":{"h":"tertiary"},"geometry":{"type":"LineString","coordinates":[[-157.9287948,21.3818851],[-157.9288184,21.3819447],[-157.9288278,21.3819703],[-157.9288556,21.3820733]]}},{"type":"Feature","properties":{"h":"primary"},"geometry":{"type":"LineString","coordinates":[[-157.9432291,21.3821577],[-157.943412,21.3822399],[-157.9439533,21.3824888]]}},{"type":"Feature","properties":{"h":"primary"},"geometry":{"type":"LineString","coordinates":[[-157.9430564,21.3820801],[-157.9432291,21.3821577]]}},{"type":"Feature","properties":{"h":"primary"},"geometry":{"type":"LineString","coordinates":[[-157.9431434,21.3819474],[-157.9430625,21.3819103],[-157.9429582,21.3818626],[-157.9426671,21.3817265]]}},{"type":"Feature","properties":{"h":"primary"},"geometry":{"type":"LineString","coordinates":[[-157.9433071,21.3820207],[-157.9431434,21.3819474]]}},{"type":"Feature","properties":{"h":"tertiary"},"geometry":{"type":"LineString","coordinates":[[-157.9262513,21.3784164],[-157.9257497,21.3781704],[-157.9256065,21.3780957]]}},{"type":"Feature","properties":{"h":"tertiary"},"geometry":{"type":"LineString","coordinates":[[-157.9270458,21.3787889],[-157.9268628,21.3787006]]}},{"type":"Feature","properties":{"h":"tertiary"},"geometry":{"type":"LineString","coordinates":[[-157.9265688,21.3786138],[-157.9266213,21.3787299],[-157.9266404,21.3787665],[-157.9266582,21.3788289]]}},{"type":"Feature","properties":{"h":"tertiary"},"geometry":{"type":"LineString","coordinates":[[-157.9265688,21.3786138],[-157.9264679,21.3785223],[-157.9262513,21.3784164]]}},{"type":"Feature","properties":{"h":"tertiary"},"geometry":{"type":"LineString","coordinates":[[-157.9268628,21.3787006],[-157.926706,21.3786268],[-157.9265688,21.3786138]]}},{"type":"Feature","properties":{"h":"tertiary"},"geometry":{"type":"LineString","coordinates":[[-157.9285525,21.380242],[-157.9285107,21.3801796],[-157.9284203,21.3800442],[-157.9283386,21.3799221]]}},{"type":"Feature","properties":{"h":"tertiary"},"geometry":{"type":"LineString","coordinates":[[-157.9245936,21.3776274],[-157.9244301,21.3775517],[-157.9242698,21.3774906]]}},{"type":"Feature","properties":{"h":"tertiary"},"geometry":{"type":"LineString","coordinates":[[-157.9249994,21.3778246],[-157.9247002,21.3776792],[-157.9245936,21.3776274]]}},{"type":"Feature","properties":{"h":"primary"},"geometry":{"type":"LineString","coordinates":[[-157.9781834,21.3956608],[-157.9775233,21.3957112],[-157.9769193,21.3957603],[-157.976683,21.3957654]]}},{"type":"Feature","properties":{"h":"primary"},"geometry":{"type":"LineString","coordinates":[[-157.9787938,21.3956115],[-157.9781834,21.3956608]]}},{"type":"Feature","properties":{"h":"primary"},"geometry":{"type":"LineString","coordinates":[[-157.9807435,21.3963719],[-157.9814408,21.3963354]]}},{"type":"Feature","properties":{"h":"primary"},"geometry":{"type":"LineString","coordinates":[[-157.9796982,21.3964315],[-157.9807435,21.3963719]]}},{"type":"Feature","properties":{"h":"tertiary"},"geometry":{"type":"LineString","coordinates":[[-157.9345857,21.3528611],[-157.9346714,21.3528823],[-157.9347352,21.3528924],[-157.9348272,21.3528996],[-157.9349306,21.3528976],[-157.9350147,21.3528921],[-157.9350929,21.3528845],[-157.9351693,21.352873],[-157.9353773,21.3528323],[-157.9354085,21.3528262],[-157.9354574,21.3528166]]}},{"type":"Feature","properties":{"h":"tertiary"},"geometry":{"type":"LineString","coordinates":[[-157.9387495,21.3529938],[-157.9387707,21.3529155]]}},{"type":"Feature","properties":{"h":"tertiary"},"geometry":{"type":"LineString","coordinates":[[-157.9388942,21.3525627],[-157.9389444,21.3524854],[-157.9390565,21.352352],[-157.9392385,21.3521944],[-157.9394382,21.3520944],[-157.939589,21.3520304],[-157.9397467,21.3519711],[-157.9404806,21.3517099],[-157.9408589,21.3515524],[-157.9413261,21.3512519],[-157.9416603,21.3509385],[-157.9417482,21.3508487],[-157.9423361,21.35028],[-157.9424971,21.3501325]]}},{"type":"Feature","properties":{"h":"tertiary"},"geometry":{"type":"LineString","coordinates":[[-157.9369863,21.3525656],[-157.9369263,21.3525539],[-157.9367149,21.3525192],[-157.9366108,21.3525167],[-157.9365415,21.3525172],[-157.9364051,21.352532],[-157.936234,21.3525667],[-157.9356968,21.3526677],[-157.9356218,21.3526818]]}},{"type":"Feature","properties":{"h":"tertiary"},"geometry":{"type":"LineString","coordinates":[[-157.9387707,21.3529155],[-157.9387979,21.3528276],[-157.9388413,21.3527158],[-157.9388942,21.3525627]]}},{"type":"Feature","properties":{"h":"tertiary"},"geometry":{"type":"LineString","coordinates":[[-157.9387288,21.3532963],[-157.9387317,21.3532037],[-157.9387495,21.3529938]]}},{"type":"Feature","properties":{"h":"tertiary"},"geometry":{"type":"LineString","coordinates":[[-157.9383175,21.3528239],[-157.9377253,21.352709],[-157.9372123,21.3526094],[-157.9370629,21.3525804],[-157.9369863,21.3525656]]}},{"type":"Feature","properties":{"h":"tertiary"},"geometry":{"type":"LineString","coordinates":[[-157.9370945,21.3526958],[-157.9372508,21.3527253],[-157.937433,21.3527598],[-157.9380526,21.3528756],[-157.9382468,21.3529058],[-157.9387495,21.3529938]]}},{"type":"Feature","properties":{"h":"tertiary"},"geometry":{"type":"LineString","coordinates":[[-157.9393551,21.3647733],[-157.9393219,21.3648558]]}},{"type":"Feature","properties":{"h":"tertiary"},"geometry":{"type":"LineString","coordinates":[[-157.9377449,21.3643435],[-157.9375392,21.3642869]]}},{"type":"Feature","properties":{"h":"tertiary"},"geometry":{"type":"LineString","coordinates":[[-157.9393095,21.3650816],[-157.9394302,21.3647977]]}},{"type":"Feature","properties":{"h":"tertiary"},"geometry":{"type":"LineString","coordinates":[[-157.9394722,21.3645968],[-157.9393638,21.364747],[-157.9393551,21.3647733]]}},{"type":"Feature","properties":{"h":"tertiary"},"geometry":{"type":"LineString","coordinates":[[-157.9452964,21.3396599],[-157.9451967,21.3397604],[-157.94485,21.34011],[-157.9446352,21.3403166],[-157.9444185,21.3405119],[-157.944182,21.3407239]]}},{"type":"Feature","properties":{"h":"tertiary"},"geometry":{"type":"LineString","coordinates":[[-157.9589143,21.3260663],[-157.9585425,21.3259818]]}},{"type":"Feature","properties":{"h":"tertiary"},"geometry":{"type":"LineString","coordinates":[[-157.9303103,21.3325131],[-157.9303752,21.3325522],[-157.9305524,21.3326356],[-157.9310738,21.3328526],[-157.9311095,21.3328674],[-157.9313142,21.3329525]]}},{"type":"Feature","properties":{"h":"tertiary"},"geometry":{"type":"LineString","coordinates":[[-157.9377533,21.3696716],[-157.9375832,21.3696667],[-157.9374494,21.3696878]]}},{"type":"Feature","properties":{"h":"tertiary"},"geometry":{"type":"LineString","coordinates":[[-157.9439743,21.3390231],[-157.9435229,21.3387897]]}},{"type":"Feature","properties":{"h":"tertiary"},"geometry":{"type":"LineString","coordinates":[[-157.9271899,21.3467831],[-157.9270264,21.346788],[-157.926903,21.346803],[-157.9267501,21.3468555]]}},{"type":"Feature","properties":{"h":"tertiary"},"geometry":{"type":"LineString","coordinates":[[-157.9277079,21.3445164],[-157.9277504,21.3444368],[-157.9281095,21.3437533],[-157.9282198,21.3435489],[-157.9288204,21.342436]]}},{"type":"Feature","properties":{"h":"tertiary"},"geometry":{"type":"LineString","coordinates":[[-157.9435562,21.3479764],[-157.9437325,21.3477333],[-157.9439062,21.3475309],[-157.943956,21.3474425]]}},{"type":"Feature","properties":{"h":"tertiary"},"geometry":{"type":"LineString","coordinates":[[-157.9468231,21.3468004],[-157.9467298,21.3468132]]}},{"type":"Feature","properties":{"h":"tertiary"},"geometry":{"type":"LineString","coordinates":[[-157.9464559,21.3468646],[-157.9464242,21.3468701],[-157.9458698,21.3469802],[-157.9453707,21.3470744],[-157.9445951,21.3472202],[-157.9442078,21.347309],[-157.943956,21.3474425]]}},{"type":"Feature","properties":{"h":"tertiary"},"geometry":{"type":"LineString","coordinates":[[-157.9467298,21.3468132],[-157.9464559,21.3468646]]}},{"type":"Feature","properties":{"h":"tertiary"},"geometry":{"type":"LineString","coordinates":[[-157.9470366,21.3467617],[-157.9468231,21.3468004]]}},{"type":"Feature","properties":{"h":"tertiary"},"geometry":{"type":"LineString","coordinates":[[-157.9532599,21.3430866],[-157.9523586,21.3432474],[-157.9520994,21.343292]]}},{"type":"Feature","properties":{"h":"tertiary"},"geometry":{"type":"LineString","coordinates":[[-157.9519016,21.3434598],[-157.9531127,21.3432519]]}},{"type":"Feature","properties":{"h":"secondary"},"geometry":{"type":"LineString","coordinates":[[-157.9293829,21.3663876],[-157.9295829,21.3668792],[-157.9298774,21.3676229]]}},{"type":"Feature","properties":{"h":"secondary"},"geometry":{"type":"LineString","coordinates":[[-157.9298774,21.3676229],[-157.9300846,21.3681808]]}},{"type":"Feature","properties":{"h":"secondary"},"geometry":{"type":"LineString","coordinates":[[-157.9299494,21.3674327],[-157.9297864,21.3670241],[-157.9297114,21.3668359],[-157.9296225,21.3666206],[-157.9293034,21.3658837],[-157.929265,21.3657892]]}},{"type":"Feature","properties":{"h":"secondary"},"geometry":{"type":"LineString","coordinates":[[-157.9301706,21.3680357],[-157.9299494,21.3674327]]}},{"type":"Feature","properties":{"h":"tertiary"},"geometry":{"type":"LineString","coordinates":[[-157.9609396,21.3349655],[-157.9609873,21.3349209],[-157.9618,21.3341616]]}},{"type":"Feature","properties":{"h":"tertiary"},"geometry":{"type":"LineString","coordinates":[[-158.0246473,21.3895285],[-158.0246595,21.3895371],[-158.0246776,21.3895455],[-158.0247012,21.3895503],[-158.0247245,21.3895513],[-158.024752,21.3895456],[-158.0247764,21.3895333],[-158.0247916,21.3895162],[-158.0248028,21.3894916],[-158.0248089,21.389467],[-158.0248069,21.3894405],[-158.0247987,21.3894178],[-158.0247835,21.3893961],[-158.0247652,21.3893838],[-158.0247404,21.3893757],[-158.0247102,21.3893733]]}},{"type":"Feature","properties":{"h":"tertiary"},"geometry":{"type":"LineString","coordinates":[[-158.0244806,21.3903358],[-158.0245001,21.3903482],[-158.0245204,21.3903554],[-158.0245526,21.3903558],[-158.0245748,21.3903492],[-158.0245982,21.3903384],[-158.0246192,21.3903232],[-158.0246341,21.3902953],[-158.0246396,21.3902613],[-158.0246297,21.390234],[-158.0246192,21.3902177],[-158.0246005,21.3901992],[-158.024576,21.3901894],[-158.0245522,21.3901848],[-158.0245234,21.3901884]]}},{"type":"Feature","properties":{"h":"tertiary"},"geometry":{"type":"LineString","coordinates":[[-157.9815262,21.3974275],[-157.9815175,21.3974074],[-157.9815091,21.3973931],[-157.981497,21.39738],[-157.9814837,21.3973706],[-157.9814658,21.3973639],[-157.9814338,21.3973634],[-157.9812731,21.3973869],[-157.9812352,21.3973887],[-157.9812025,21.3973865],[-157.9811736,21.3973825],[-157.9811458,21.3973763],[-157.9810278,21.3973413],[-157.9804093,21.3971549]]}},{"type":"Feature","properties":{"h":"tertiary"},"geometry":{"type":"LineString","coordinates":[[-157.9720919,21.3896189],[-157.9719071,21.3900457],[-157.9718702,21.3901308]]}},{"type":"Feature","properties":{"h":"tertiary"},"geometry":{"type":"LineString","coordinates":[[-157.9285833,21.396131],[-157.9285081,21.3961229],[-157.9279551,21.3960629],[-157.9278656,21.3960534],[-157.9273976,21.3960016],[-157.9273127,21.3959933],[-157.9266914,21.3959252],[-157.9260252,21.3958522]]}},{"type":"Feature","properties":{"h":"tertiary"},"geometry":{"type":"LineString","coordinates":[[-157.980165,21.394741],[-157.9798881,21.3945817]]}},{"type":"Feature","properties":{"h":"tertiary"},"geometry":{"type":"LineString","coordinates":[[-157.9809247,21.3952141],[-157.980165,21.394741]]}},{"type":"Feature","properties":{"h":"tertiary"},"geometry":{"type":"LineString","coordinates":[[-157.9814289,21.3961584],[-157.9813935,21.3959803]]}},{"type":"Feature","properties":{"h":"tertiary"},"geometry":{"type":"LineString","coordinates":[[-157.9813935,21.3959803],[-157.9813335,21.3957643],[-157.9812954,21.3956745]]}},{"type":"Feature","properties":{"h":"secondary"},"geometry":{"type":"LineString","coordinates":[[-157.9275877,21.3608744],[-157.9276291,21.3610284],[-157.9278881,21.361997]]}},{"type":"Feature","properties":{"h":"primary"},"geometry":{"type":"LineString","coordinates":[[-157.9926494,21.3994368],[-157.9924669,21.3991118]]}},{"type":"Feature","properties":{"h":"primary"},"geometry":{"type":"LineString","coordinates":[[-157.992119,21.3987769],[-157.9922236,21.398967]]}},{"type":"Feature","properties":{"h":"primary"},"geometry":{"type":"LineString","coordinates":[[-157.9920073,21.3985651],[-157.992119,21.3987769]]}},{"type":"Feature","properties":{"h":"primary"},"geometry":{"type":"LineString","coordinates":[[-157.9927954,21.3997632],[-157.9926494,21.3994368]]}},{"type":"Feature","properties":{"h":"secondary"},"geometry":{"type":"LineString","coordinates":[[-158.0053551,21.4000754],[-158.0050352,21.400007],[-158.0048212,21.3999797],[-158.0046051,21.3999709],[-158.0044223,21.3999754],[-158.0042237,21.3999972],[-158.0040622,21.4000253],[-158.0039058,21.4000622],[-158.0036954,21.4001326],[-158.0034935,21.4002226],[-158.0033287,21.4003073],[-158.003099,21.4004645],[-158.0027148,21.4007337]]}},{"type":"Feature","properties":{"h":"tertiary"},"geometry":{"type":"LineString","coordinates":[[-158.0136762,21.3934637],[-158.0138858,21.3937226]]}},{"type":"Feature","properties":{"h":"secondary"},"geometry":{"type":"LineString","coordinates":[[-158.0136272,21.3934032],[-158.0136762,21.3934637]]}},{"type":"Feature","properties":{"h":"primary"},"geometry":{"type":"LineString","coordinates":[[-158.0005059,21.3849227],[-158.0003001,21.3850148],[-157.9996845,21.3853395],[-157.9992152,21.3856298]]}},{"type":"Feature","properties":{"h":"primary"},"geometry":{"type":"LineString","coordinates":[[-157.9958975,21.3883619],[-157.995638,21.3885696]]}},{"type":"Feature","properties":{"h":"primary"},"geometry":{"type":"LineString","coordinates":[[-157.995638,21.3885696],[-157.9953923,21.3887767]]}},{"type":"Feature","properties":{"h":"primary"},"geometry":{"type":"LineString","coordinates":[[-157.9979786,21.3865792],[-157.9979179,21.3866305],[-157.9971364,21.3873096],[-157.9958975,21.3883619]]}},{"type":"Feature","properties":{"h":"primary"},"geometry":{"type":"LineString","coordinates":[[-157.9973514,21.3873018],[-157.9979979,21.3867583],[-157.9980809,21.3866899]]}},{"type":"Feature","properties":{"h":"tertiary"},"geometry":{"type":"LineString","coordinates":[[-157.9984621,21.3870705],[-157.9981558,21.3867647],[-157.9980809,21.3866899]]}},{"type":"Feature","properties":{"h":"tertiary"},"geometry":{"type":"LineString","coordinates":[[-158.0014253,21.3927701],[-158.0011037,21.3929154],[-158.0006385,21.3931066],[-158.0005791,21.393131],[-158.0003911,21.3932004]]}},{"type":"Feature","properties":{"h":"tertiary"},"geometry":{"type":"LineString","coordinates":[[-158.0003911,21.3932004],[-158.0001932,21.3932735],[-157.9998837,21.3933963],[-157.9997009,21.3934816],[-157.9995256,21.3935824],[-157.9993634,21.3936852],[-157.9993146,21.3937161],[-157.9989619,21.3939432]]}},{"type":"Feature","properties":{"h":"tertiary"},"geometry":{"type":"LineString","coordinates":[[-158.0030643,21.3923195],[-158.002858,21.3920352],[-158.0027992,21.391954]]}},{"type":"Feature","properties":{"h":"secondary"},"geometry":{"type":"LineString","coordinates":[[-158.0095059,21.3962638],[-158.0097481,21.3967907]]}},{"type":"Feature","properties":{"h":"tertiary"},"geometry":{"type":"LineString","coordinates":[[-158.0027992,21.391954],[-158.0028864,21.3919004],[-158.0030131,21.3918262]]}},{"type":"Feature","properties":{"h":"secondary"},"geometry":{"type":"LineString","coordinates":[[-158.0097481,21.3967907],[-158.0098359,21.3969827]]}},{"type":"Feature","properties":{"h":"secondary"},"geometry":{"type":"LineString","coordinates":[[-158.0065396,21.390789],[-158.0066828,21.3910588]]}},{"type":"Feature","properties":{"h":"secondary"},"geometry":{"type":"LineString","coordinates":[[-158.0064351,21.3906302],[-158.0065396,21.390789]]}},{"type":"Feature","properties":{"h":"secondary"},"geometry":{"type":"LineString","coordinates":[[-158.0061197,21.3902736],[-158.0062036,21.3903563],[-158.0063277,21.3904937]]}},{"type":"Feature","properties":{"h":"secondary"},"geometry":{"type":"LineString","coordinates":[[-158.0058141,21.390091],[-158.0059632,21.3901707],[-158.0060205,21.3902078],[-158.0061197,21.3902736]]}},{"type":"Feature","properties":{"h":"secondary"},"geometry":{"type":"LineString","coordinates":[[-158.0055548,21.3899796],[-158.0056856,21.3900327],[-158.0058141,21.390091]]}},{"type":"Feature","properties":{"h":"tertiary"},"geometry":{"type":"LineString","coordinates":[[-158.0055152,21.3873538],[-158.0054331,21.3872921],[-158.0052745,21.3871728],[-158.0052273,21.3871373]]}},{"type":"Feature","properties":{"h":"tertiary"},"geometry":{"type":"LineString","coordinates":[[-158.005169,21.3881492],[-158.0052213,21.3879581],[-158.0052843,21.3876984],[-158.0053067,21.3876233],[-158.005355,21.3875371],[-158.005397,21.3874805],[-158.005447,21.387429],[-158.0055152,21.3873538]]}},{"type":"Feature","properties":{"h":"tertiary"},"geometry":{"type":"LineString","coordinates":[[-158.0065677,21.3879795],[-158.0064239,21.3879255],[-158.0062562,21.387848],[-158.0060933,21.3877589],[-158.0059887,21.3876913],[-158.0055969,21.3874155],[-158.0055152,21.3873538]]}},{"type":"Feature","properties":{"h":"tertiary"},"geometry":{"type":"LineString","coordinates":[[-158.0061197,21.3902736],[-158.0062032,21.390183],[-158.0064316,21.3899366],[-158.0067544,21.3895888],[-158.0068081,21.3895195],[-158.0068864,21.3893705]]}},{"type":"Feature","properties":{"h":"tertiary"},"geometry":{"type":"LineString","coordinates":[[-158.0119399,21.3915604],[-158.0119609,21.3915787],[-158.0119868,21.3915904],[-158.0120152,21.3915944],[-158.0120437,21.3915905],[-158.0120696,21.3915789]]}},{"type":"Feature","properties":{"h":"tertiary"},"geometry":{"type":"LineString","coordinates":[[-158.0120696,21.3915789],[-158.0120922,21.3915589],[-158.0121067,21.3915332],[-158.0121117,21.3915046],[-158.0121066,21.391476],[-158.0120919,21.3914504],[-158.0120727,21.3914327],[-158.0120489,21.3914207],[-158.0120225,21.3914154],[-158.0119955,21.3914171],[-158.0119701,21.3914257]]}},{"type":"Feature","properties":{"h":"tertiary"},"geometry":{"type":"LineString","coordinates":[[-158.0050316,21.38699],[-158.0045008,21.38659]]}},{"type":"Feature","properties":{"h":"tertiary"},"geometry":{"type":"LineString","coordinates":[[-158.0119701,21.3914257],[-158.0119476,21.3914412],[-158.0119308,21.391462],[-158.0119212,21.3914865],[-158.0119195,21.3915124],[-158.0119259,21.3915378],[-158.0119399,21.3915604]]}},{"type":"Feature","properties":{"h":"tertiary"},"geometry":{"type":"LineString","coordinates":[[-158.0106152,21.3864371],[-158.0103082,21.386292]]}},{"type":"Feature","properties":{"h":"tertiary"},"geometry":{"type":"LineString","coordinates":[[-158.0103082,21.386292],[-158.0096929,21.3860013],[-158.0093716,21.3858481],[-158.0090392,21.3857192],[-158.0085919,21.3855529],[-158.0083846,21.3854735],[-158.0082853,21.385446],[-158.0082165,21.3854437],[-158.0081415,21.3854496],[-158.0079732,21.3854974],[-158.0078306,21.3855517],[-158.0075745,21.3856491],[-158.0075078,21.3856712]]}},{"type":"Feature","properties":{"h":"tertiary"},"geometry":{"type":"LineString","coordinates":[[-158.0064791,21.383715],[-158.0065094,21.3838005],[-158.0065528,21.3839279]]}},{"type":"Feature","properties":{"h":"tertiary"},"geometry":{"type":"LineString","coordinates":[[-158.007442,21.385502],[-158.007478,21.3855947],[-158.0075078,21.3856712]]}},{"type":"Feature","properties":{"h":"tertiary"},"geometry":{"type":"LineString","coordinates":[[-158.0059996,21.3868278],[-158.0057047,21.3871471],[-158.005589,21.3872724],[-158.0055152,21.3873538]]}},{"type":"Feature","properties":{"h":"primary"},"geometry":{"type":"LineString","coordinates":[[-158.0039253,21.3840366],[-158.0038079,21.38406],[-158.0034136,21.3841381],[-158.0028764,21.3842421]]}},{"type":"Feature","properties":{"h":"primary"},"geometry":{"type":"LineString","coordinates":[[-158.0053038,21.3839294],[-158.0056612,21.3838645],[-158.0060581,21.3837923],[-158.0063303,21.3837443],[-158.0064791,21.383715]]}},{"type":"Feature","properties":{"h":"primary"},"geometry":{"type":"LineString","coordinates":[[-158.0018983,21.3845856],[-158.0021587,21.3845208],[-158.0027956,21.3843928],[-158.0029291,21.3843671]]}},{"type":"Feature","properties":{"h":"tertiary"},"geometry":{"type":"LineString","coordinates":[[-157.9931329,21.3305599],[-157.9938568,21.3297834],[-157.9951485,21.3284002],[-157.9961727,21.3273024],[-157.9963223,21.3271421],[-157.9971358,21.3262701],[-158.0007673,21.322361],[-158.0011668,21.3219368],[-158.0016405,21.3214226],[-158.0021139,21.3209214],[-158.002601,21.320391]]}},{"type":"Feature","properties":{"h":"tertiary"},"geometry":{"type":"LineString","coordinates":[[-157.9922401,21.3315671],[-157.99253,21.3312274]]}},{"type":"Feature","properties":{"h":"primary"},"geometry":{"type":"LineString","coordinates":[[-158.0071022,21.3834443],[-158.006945,21.3834735],[-158.0066795,21.3835229],[-158.0065936,21.3835384],[-158.0064059,21.3835726]]}},{"type":"Feature","properties":{"h":"tertiary"},"geometry":{"type":"LineString","coordinates":[[-157.9722094,21.389355],[-157.9721605,21.3894647],[-157.9720919,21.3896189]]}},{"type":"Feature","properties":{"h":"tertiary"},"geometry":{"type":"LineString","coordinates":[[-157.9722825,21.3891653],[-157.972257,21.3892315],[-157.9722094,21.389355]]}},{"type":"Feature","properties":{"h":"primary"},"geometry":{"type":"LineString","coordinates":[[-158.0171112,21.3809181],[-158.016798,21.3810603]]}},{"type":"Feature","properties":{"h":"primary"},"geometry":{"type":"LineString","coordinates":[[-158.0163742,21.381236],[-158.015811,21.3814632]]}},{"type":"Feature","properties":{"h":"primary"},"geometry":{"type":"LineString","coordinates":[[-158.0153405,21.3816446],[-158.0151331,21.3817193],[-158.0145548,21.3819026]]}},{"type":"Feature","properties":{"h":"tertiary"},"geometry":{"type":"LineString","coordinates":[[-158.0154108,21.382016],[-158.0153877,21.3819411],[-158.0153655,21.3818608],[-158.0153575,21.3818018],[-158.0153405,21.3816446]]}},{"type":"Feature","properties":{"h":"primary"},"geometry":{"type":"LineString","coordinates":[[-158.012641,21.3824038],[-158.0122209,21.3824874],[-158.0108344,21.3827289]]}},{"type":"Feature","properties":{"h":"primary"},"geometry":{"type":"LineString","coordinates":[[-158.0135944,21.3823435],[-158.0137071,21.3823153],[-158.01395,21.3822528],[-158.0143401,21.3821445]]}},{"type":"Feature","properties":{"h":"primary"},"geometry":{"type":"LineString","coordinates":[[-158.010957,21.3829186],[-158.0114551,21.3828021],[-158.012266,21.3826378],[-158.0124947,21.3825891]]}},{"type":"Feature","properties":{"h":"primary"},"geometry":{"type":"LineString","coordinates":[[-158.0143401,21.3821445],[-158.0148839,21.3819672],[-158.0153575,21.3818018]]}},{"type":"Feature","properties":{"h":"primary"},"geometry":{"type":"LineString","coordinates":[[-158.0156366,21.3815316],[-158.015486,21.3815917],[-158.0153405,21.3816446]]}},{"type":"Feature","properties":{"h":"primary"},"geometry":{"type":"LineString","coordinates":[[-158.015811,21.3814632],[-158.0156366,21.3815316]]}},{"type":"Feature","properties":{"h":"primary"},"geometry":{"type":"LineString","coordinates":[[-158.0153575,21.3818018],[-158.0155531,21.3817339],[-158.0158636,21.3816206],[-158.0164081,21.3814152]]}},{"type":"Feature","properties":{"h":"primary"},"geometry":{"type":"LineString","coordinates":[[-158.0173686,21.3807997],[-158.0172551,21.3808524],[-158.0171112,21.3809181]]}},{"type":"Feature","properties":{"h":"primary"},"geometry":{"type":"LineString","coordinates":[[-158.0164081,21.3814152],[-158.0169414,21.3811921],[-158.0173464,21.3810022],[-158.0174731,21.3809436]]}},{"type":"Feature","properties":{"h":"primary"},"geometry":{"type":"LineString","coordinates":[[-158.016798,21.3810603],[-158.0163742,21.381236]]}},{"type":"Feature","properties":{"h":"primary"},"geometry":{"type":"LineString","coordinates":[[-158.018505,21.3804176],[-158.0188761,21.3802245],[-158.0193854,21.3799614],[-158.0195153,21.3798942]]}},{"type":"Feature","properties":{"h":"tertiary"},"geometry":{"type":"LineString","coordinates":[[-158.0139162,21.3867235],[-158.0138739,21.3867874],[-158.0138169,21.3868603],[-158.0137632,21.3869173]]}},{"type":"Feature","properties":{"h":"tertiary"},"geometry":{"type":"LineString","coordinates":[[-158.0137632,21.3869173],[-158.0137101,21.38696],[-158.0136573,21.3869915],[-158.0135661,21.3870351],[-158.0133971,21.3871003],[-158.0129499,21.3872506]]}},{"type":"Feature","properties":{"h":"secondary"},"geometry":{"type":"LineString","coordinates":[[-158.0096764,21.3961022],[-158.009573,21.3959027]]}},{"type":"Feature","properties":{"h":"primary"},"geometry":{"type":"LineString","coordinates":[[-158.0177054,21.3806353],[-158.0173686,21.3807997]]}},{"type":"Feature","properties":{"h":"primary"},"geometry":{"type":"LineString","coordinates":[[-158.018866,21.3800495],[-158.018649,21.3801598],[-158.0185008,21.3802352],[-158.0182992,21.3803377]]}},{"type":"Feature","properties":{"h":"primary"},"geometry":{"type":"LineString","coordinates":[[-158.0194309,21.3797544],[-158.0193058,21.3798197],[-158.018866,21.3800495]]}},{"type":"Feature","properties":{"h":"primary"},"geometry":{"type":"LineString","coordinates":[[-158.0182992,21.3803377],[-158.0181399,21.3804187],[-158.0178832,21.3805492],[-158.0177054,21.3806353]]}},{"type":"Feature","properties":{"h":"primary"},"geometry":{"type":"LineString","coordinates":[[-158.0180169,21.3806717],[-158.018505,21.3804176]]}},{"type":"Feature","properties":{"h":"primary"},"geometry":{"type":"LineString","coordinates":[[-158.0174731,21.3809436],[-158.0178654,21.3807505],[-158.0180169,21.3806717]]}},{"type":"Feature","properties":{"h":"tertiary"},"geometry":{"type":"LineString","coordinates":[[-158.0192261,21.3841499],[-158.0192639,21.3842202],[-158.0193566,21.3843925]]}},{"type":"Feature","properties":{"h":"secondary"},"geometry":{"type":"LineString","coordinates":[[-157.9252914,21.3674452],[-157.9250475,21.3675445],[-157.9242805,21.3678425],[-157.9230721,21.3682663],[-157.9220831,21.3685792],[-157.921371,21.3688368],[-157.9210891,21.3689605],[-157.9208286,21.3691199],[-157.9206195,21.3692613]]}},{"type":"Feature","properties":{"h":"secondary"},"geometry":{"type":"LineString","coordinates":[[-157.9262151,21.3672512],[-157.9271564,21.3668023],[-157.9277633,21.3665068],[-157.9285274,21.3661366]]}},{"type":"Feature","properties":{"h":"secondary"},"geometry":{"type":"LineString","coordinates":[[-157.9254871,21.3673604],[-157.9254337,21.3673828],[-157.9252914,21.3674452]]}},{"type":"Feature","properties":{"h":"tertiary"},"geometry":{"type":"LineString","coordinates":[[-157.9927961,21.3989659],[-157.9925173,21.3990892],[-157.9924669,21.3991118]]}},{"type":"Feature","properties":{"h":"tertiary"},"geometry":{"type":"LineString","coordinates":[[-157.9930587,21.3987827],[-157.9929165,21.3988919],[-157.9927961,21.3989659]]}},{"type":"Feature","properties":{"h":"tertiary"},"geometry":{"type":"LineString","coordinates":[[-157.99331,21.3984922],[-157.9932442,21.3985917],[-157.9931925,21.3986604],[-157.9930587,21.3987827]]}},{"type":"Feature","properties":{"h":"primary"},"geometry":{"type":"LineString","coordinates":[[-158.0244743,21.3773346],[-158.0247316,21.3772015],[-158.0255166,21.3767957]]}},{"type":"Feature","properties":{"h":"primary"},"geometry":{"type":"LineString","coordinates":[[-158.0195153,21.3798942],[-158.0196173,21.3798416],[-158.0199269,21.379682]]}},{"type":"Feature","properties":{"h":"primary"},"geometry":{"type":"LineString","coordinates":[[-158.020614,21.379146],[-158.0199032,21.3795115]]}},{"type":"Feature","properties":{"h":"primary"},"geometry":{"type":"LineString","coordinates":[[-158.0199032,21.3795115],[-158.0196045,21.3796651],[-158.0195339,21.3797014],[-158.0194309,21.3797544]]}},{"type":"Feature","properties":{"h":"primary"},"geometry":{"type":"LineString","coordinates":[[-158.0214402,21.3789019],[-158.0215808,21.3788294],[-158.0216764,21.3787802],[-158.0217591,21.3787375]]}},{"type":"Feature","properties":{"h":"primary"},"geometry":{"type":"LineString","coordinates":[[-158.0217591,21.3787375],[-158.0230119,21.3780917]]}},{"type":"Feature","properties":{"h":"primary"},"geometry":{"type":"LineString","coordinates":[[-158.0230119,21.3780917],[-158.0232845,21.3779512],[-158.0233731,21.3779055]]}},{"type":"Feature","properties":{"h":"tertiary"},"geometry":{"type":"LineString","coordinates":[[-158.0235,21.378121],[-158.0234075,21.3779639],[-158.0233731,21.3779055]]}},{"type":"Feature","properties":{"h":"tertiary"},"geometry":{"type":"LineString","coordinates":[[-158.025204,21.3810191],[-158.0251636,21.3809507],[-158.025037,21.3807366]]}},{"type":"Feature","properties":{"h":"tertiary"},"geometry":{"type":"LineString","coordinates":[[-157.9369664,21.3526715],[-157.9370417,21.3526858],[-157.9370945,21.3526958]]}},{"type":"Feature","properties":{"h":"tertiary"},"geometry":{"type":"LineString","coordinates":[[-157.9394302,21.3647977],[-157.9394427,21.3647645],[-157.9394722,21.3645968]]}},{"type":"Feature","properties":{"h":"tertiary"},"geometry":{"type":"LineString","coordinates":[[-157.97296,21.3859367],[-157.9729332,21.3860916],[-157.9728552,21.3864625]]}},{"type":"Feature","properties":{"h":"tertiary"},"geometry":{"type":"LineString","coordinates":[[-157.9729186,21.386462],[-157.9729681,21.3860961],[-157.97296,21.3859367]]}},{"type":"Feature","properties":{"h":"tertiary"},"geometry":{"type":"LineString","coordinates":[[-157.9728565,21.3868687],[-157.9728846,21.386778],[-157.9729186,21.386462]]}},{"type":"Feature","properties":{"h":"tertiary"},"geometry":{"type":"LineString","coordinates":[[-157.9728552,21.3864625],[-157.9728457,21.3867763],[-157.9728565,21.3868687]]}},{"type":"Feature","properties":{"h":"tertiary"},"geometry":{"type":"LineString","coordinates":[[-157.945579,21.3840201],[-157.9454779,21.3840793],[-157.9452839,21.3841932]]}},{"type":"Feature","properties":{"h":"primary"},"geometry":{"type":"LineString","coordinates":[[-157.9338854,21.3717693],[-157.9339391,21.3716748],[-157.9341771,21.3712655]]}},{"type":"Feature","properties":{"h":"primary"},"geometry":{"type":"LineString","coordinates":[[-158.010136,21.3828598],[-158.0099811,21.3828873]]}},{"type":"Feature","properties":{"h":"primary"},"geometry":{"type":"LineString","coordinates":[[-158.0104681,21.3827982],[-158.010136,21.3828598]]}},{"type":"Feature","properties":{"h":"tertiary"},"geometry":{"type":"LineString","coordinates":[[-157.9672918,21.3596517],[-157.9667353,21.3600412],[-157.9663878,21.3602875],[-157.9654665,21.360945],[-157.9632708,21.3624932],[-157.9625523,21.3630123],[-157.9608296,21.3642243],[-157.9599958,21.3648118],[-157.9577368,21.3664179],[-157.9576612,21.3664697]]}},{"type":"Feature","properties":{"h":"tertiary"},"geometry":{"type":"LineString","coordinates":[[-157.9666615,21.3588661],[-157.9624765,21.3618275],[-157.9623937,21.361886],[-157.9592895,21.3640804],[-157.9576481,21.365248],[-157.9573263,21.3654754],[-157.9569944,21.3657118],[-157.9566642,21.3659627],[-157.9565884,21.3660189]]}},{"type":"Feature","properties":{"h":"primary"},"geometry":{"type":"LineString","coordinates":[[-157.9354357,21.3527202],[-157.9354574,21.3528166]]}},{"type":"Feature","properties":{"h":"tertiary"},"geometry":{"type":"LineString","coordinates":[[-157.9354357,21.3527202],[-157.9353881,21.3527295],[-157.9353569,21.3527356],[-157.9350142,21.3528023],[-157.9348925,21.352821],[-157.9348096,21.3528302]]}},{"type":"Feature","properties":{"h":"tertiary"},"geometry":{"type":"LineString","coordinates":[[-157.9356218,21.3526818],[-157.9354357,21.3527202]]}},{"type":"Feature","properties":{"h":"tertiary"},"geometry":{"type":"LineString","coordinates":[[-157.9354574,21.3528166],[-157.9356482,21.3527797]]}},{"type":"Feature","properties":{"h":"primary"},"geometry":{"type":"LineString","coordinates":[[-157.9354574,21.3528166],[-157.9354735,21.3528941],[-157.9355899,21.3534543],[-157.9358868,21.3545967],[-157.9360523,21.3551689],[-157.9363034,21.3563143],[-157.9364592,21.357013],[-157.9367994,21.3585972],[-157.9369431,21.3592308],[-157.9375329,21.3617925],[-157.9376664,21.3624121],[-157.9377594,21.3632127],[-157.9377341,21.3636564],[-157.9376367,21.3639958]]}},{"type":"Feature","properties":{"h":"primary"},"geometry":{"type":"LineString","coordinates":[[-157.9356482,21.3527797],[-157.9356218,21.3526818]]}},{"type":"Feature","properties":{"h":"tertiary"},"geometry":{"type":"LineString","coordinates":[[-157.9356482,21.3527797],[-157.9357187,21.3527661],[-157.9362686,21.3526604],[-157.9364712,21.3526337],[-157.936546,21.3526301],[-157.936615,21.3526268],[-157.9367676,21.3526355],[-157.9368961,21.3526588],[-157.9369664,21.3526715]]}},{"type":"Feature","properties":{"h":"tertiary"},"geometry":{"type":"LineString","coordinates":[[-158.0221561,21.3269038],[-158.0218535,21.3264427],[-158.0218095,21.3263761]]}},{"type":"Feature","properties":{"h":"primary"},"geometry":{"type":"LineString","coordinates":[[-158.0234688,21.3350071],[-158.0232878,21.3343636]]}},{"type":"Feature","properties":{"h":"secondary"},"geometry":{"type":"LineString","coordinates":[[-157.9581137,21.3917531],[-157.957904,21.3916742],[-157.9577748,21.391635],[-157.9576425,21.3915979],[-157.957501,21.3915603],[-157.9573395,21.3915237],[-157.9569049,21.3914325],[-157.9563352,21.3913146]]}},{"type":"Feature","properties":{"h":"primary"},"geometry":{"type":"LineString","coordinates":[[-157.9347308,21.370032],[-157.933715,21.371765],[-157.933684,21.3718179]]}},{"type":"Feature","properties":{"h":"primary"},"geometry":{"type":"LineString","coordinates":[[-157.9351147,21.3696951],[-157.9354207,21.3691717],[-157.9356106,21.3688365],[-157.9359124,21.3683022],[-157.9362308,21.3677067],[-157.9367648,21.3665706]]}},{"type":"Feature","properties":{"h":"tertiary"},"geometry":{"type":"LineString","coordinates":[[-157.935186,21.3702517],[-157.9350503,21.3701988],[-157.9349734,21.3701625],[-157.9348728,21.3701167]]}},{"type":"Feature","properties":{"h":"tertiary"},"geometry":{"type":"LineString","coordinates":[[-157.9357272,21.3702107],[-157.9355343,21.3702664],[-157.9354397,21.3702834],[-157.9353575,21.3702872],[-157.9352785,21.3702726],[-157.935186,21.3702517]]}},{"type":"Feature","properties":{"h":"primary"},"geometry":{"type":"LineString","coordinates":[[-157.9369075,21.3662225],[-157.9371001,21.3658147]]}},{"type":"Feature","properties":{"h":"primary"},"geometry":{"type":"LineString","coordinates":[[-157.9371001,21.3658147],[-157.9371944,21.3655714]]}},{"type":"Feature","properties":{"h":"primary"},"geometry":{"type":"LineString","coordinates":[[-157.9367648,21.3665706],[-157.9368728,21.3663313],[-157.9368806,21.366314],[-157.9369075,21.3662225]]}},{"type":"Feature","properties":{"h":"tertiary"},"geometry":{"type":"LineString","coordinates":[[-157.9391603,21.3649659],[-157.9384982,21.3647201],[-157.9384031,21.3646817]]}},{"type":"Feature","properties":{"h":"tertiary"},"geometry":{"type":"LineString","coordinates":[[-157.9393219,21.3648558],[-157.9392983,21.3649012],[-157.9392759,21.3649192],[-157.9391603,21.3649659]]}},{"type":"Feature","properties":{"h":"primary"},"geometry":{"type":"LineString","coordinates":[[-157.9375392,21.3642869],[-157.9375138,21.3643582]]}},{"type":"Feature","properties":{"h":"primary"},"geometry":{"type":"LineString","coordinates":[[-157.9376367,21.3639958],[-157.9375698,21.3641956],[-157.9375392,21.3642869]]}},{"type":"Feature","properties":{"h":"primary"},"geometry":{"type":"LineString","coordinates":[[-157.9377449,21.3643435],[-157.9377704,21.3642754],[-157.9378792,21.3639849],[-157.9379345,21.363798],[-157.9379588,21.3635709],[-157.9379371,21.363251],[-157.9378907,21.3628693]]}},{"type":"Feature","properties":{"h":"primary"},"geometry":{"type":"LineString","coordinates":[[-157.9373286,21.3647368],[-157.9372891,21.3648229]]}},{"type":"Feature","properties":{"h":"tertiary"},"geometry":{"type":"LineString","coordinates":[[-157.9377023,21.3644346],[-157.93783,21.3645026],[-157.9380047,21.3645957]]}},{"type":"Feature","properties":{"h":"primary"},"geometry":{"type":"LineString","coordinates":[[-157.9377023,21.3644346],[-157.9377449,21.3643435]]}},{"type":"Feature","properties":{"h":"tertiary"},"geometry":{"type":"LineString","coordinates":[[-158.0268143,21.3480323],[-158.0268754,21.3479973]]}},{"type":"Feature","properties":{"h":"tertiary"},"geometry":{"type":"LineString","coordinates":[[-157.9424971,21.3501325],[-157.9425952,21.3500295]]}},{"type":"Feature","properties":{"h":"primary"},"geometry":{"type":"LineString","coordinates":[[-157.9347853,21.3488711],[-157.9347494,21.3487298]]}},{"type":"Feature","properties":{"h":"primary"},"geometry":{"type":"LineString","coordinates":[[-157.9227072,21.3385699],[-157.9228929,21.3385985],[-157.9252485,21.3389539],[-157.9265444,21.3391832],[-157.927296,21.339396]]}},{"type":"Feature","properties":{"h":"tertiary"},"geometry":{"type":"LineString","coordinates":[[-158.0259952,21.3698579],[-158.0262129,21.3698008]]}},{"type":"Feature","properties":{"h":"tertiary"},"geometry":{"type":"LineString","coordinates":[[-158.023019,21.37011],[-158.023617,21.3699853]]}},{"type":"Feature","properties":{"h":"tertiary"},"geometry":{"type":"LineString","coordinates":[[-158.0255069,21.3698184],[-158.0258479,21.3698446],[-158.0259952,21.3698579]]}},{"type":"Feature","properties":{"h":"tertiary"},"geometry":{"type":"LineString","coordinates":[[-158.0223178,21.3702558],[-158.0223962,21.3702388],[-158.0224224,21.3702332],[-158.023019,21.37011]]}},{"type":"Feature","properties":{"h":"tertiary"},"geometry":{"type":"LineString","coordinates":[[-158.0260054,21.3697486],[-158.0258562,21.3697355],[-158.0254515,21.3697045],[-158.0252121,21.3696982],[-158.0249955,21.3697045],[-158.0248284,21.3697148],[-158.0247266,21.3697245],[-158.0246517,21.3697324],[-158.0245422,21.3697469],[-158.0243631,21.3697725],[-158.0240936,21.3698213],[-158.0237656,21.3699004],[-158.023687,21.3699194],[-158.023617,21.3699853]]}},{"type":"Feature","properties":{"h":"secondary"},"geometry":{"type":"LineString","coordinates":[[-157.9783863,21.3977902],[-157.9785385,21.3978327],[-157.9785796,21.3978424],[-157.9786304,21.3978529],[-157.9786846,21.3978605],[-157.9787559,21.3978603],[-157.9788605,21.3978492]]}},{"type":"Feature","properties":{"h":"secondary"},"geometry":{"type":"LineString","coordinates":[[-157.9764531,21.3973341],[-157.9765341,21.3973099],[-157.9766267,21.3972992],[-157.9767009,21.3973013],[-157.9768041,21.3973237],[-157.9769783,21.3973751]]}},{"type":"Feature","properties":{"h":"secondary"},"geometry":{"type":"LineString","coordinates":[[-157.9771594,21.3974285],[-157.9773801,21.3974935]]}},{"type":"Feature","properties":{"h":"secondary"},"geometry":{"type":"LineString","coordinates":[[-157.9794215,21.3969992],[-157.9800069,21.3971663],[-157.9804346,21.3972901],[-157.9808153,21.3974095],[-157.980998,21.3974645]]}},{"type":"Feature","properties":{"h":"secondary"},"geometry":{"type":"LineString","coordinates":[[-157.9775516,21.3963435],[-157.9777228,21.3964184],[-157.9779326,21.396489],[-157.9784963,21.3966958]]}},{"type":"Feature","properties":{"h":"secondary"},"geometry":{"type":"LineString","coordinates":[[-157.980998,21.3974645],[-157.9811814,21.3975193]]}},{"type":"Feature","properties":{"h":"secondary"},"geometry":{"type":"LineString","coordinates":[[-157.9749949,21.3966512],[-157.9753139,21.396943]]}},{"type":"Feature","properties":{"h":"primary"},"geometry":{"type":"LineString","coordinates":[[-157.9747097,21.3955001],[-157.9754866,21.3957453],[-157.9757095,21.3958064]]}},{"type":"Feature","properties":{"h":"primary"},"geometry":{"type":"LineString","coordinates":[[-157.9738852,21.395021],[-157.9734532,21.3948712]]}},{"type":"Feature","properties":{"h":"primary"},"geometry":{"type":"LineString","coordinates":[[-157.9744713,21.3952241],[-157.9738852,21.395021]]}},{"type":"Feature","properties":{"h":"primary"},"geometry":{"type":"LineString","coordinates":[[-157.9734532,21.3948712],[-157.9731341,21.3947606],[-157.9728186,21.3946513]]}},{"type":"Feature","properties":{"h":"primary"},"geometry":{"type":"LineString","coordinates":[[-157.9755485,21.3955807],[-157.9750655,21.3954278]]}},{"type":"Feature","properties":{"h":"primary"},"geometry":{"type":"LineString","coordinates":[[-157.9750655,21.3954278],[-157.974595,21.3952696],[-157.9744713,21.3952241]]}},{"type":"Feature","properties":{"h":"primary"},"geometry":{"type":"LineString","coordinates":[[-157.976683,21.3957654],[-157.9764987,21.3957605],[-157.9762973,21.395747],[-157.9761017,21.3957231]]}},{"type":"Feature","properties":{"h":"secondary"},"geometry":{"type":"LineString","coordinates":[[-157.9752171,21.398563],[-157.9752674,21.3985073]]}},{"type":"Feature","properties":{"h":"secondary"},"geometry":{"type":"LineString","coordinates":[[-157.9759028,21.3978295],[-157.97602,21.3977051],[-157.9760784,21.3976365]]}},{"type":"Feature","properties":{"h":"secondary"},"geometry":{"type":"LineString","coordinates":[[-157.9758855,21.3974747],[-157.9759255,21.3975125],[-157.9760032,21.3975755],[-157.9760784,21.3976365]]}},{"type":"Feature","properties":{"h":"secondary"},"geometry":{"type":"LineString","coordinates":[[-157.9744295,21.3994602],[-157.9746714,21.3992281],[-157.9747382,21.3990744]]}},{"type":"Feature","properties":{"h":"primary"},"geometry":{"type":"LineString","coordinates":[[-157.9732962,21.3950108],[-157.9744249,21.395403]]}},{"type":"Feature","properties":{"h":"tertiary"},"geometry":{"type":"LineString","coordinates":[[-158.0252368,21.3415265],[-158.0253946,21.3414961],[-158.0254343,21.3414884]]}},{"type":"Feature","properties":{"h":"primary"},"geometry":{"type":"LineString","coordinates":[[-158.0250431,21.3414542],[-158.0250726,21.3415582]]}},{"type":"Feature","properties":{"h":"tertiary"},"geometry":{"type":"LineString","coordinates":[[-158.0250726,21.3415582],[-158.0252368,21.3415265]]}},{"type":"Feature","properties":{"h":"secondary"},"geometry":{"type":"LineString","coordinates":[[-157.9699769,21.3945093],[-157.9698741,21.3947714]]}},{"type":"Feature","properties":{"h":"tertiary"},"geometry":{"type":"LineString","coordinates":[[-157.9703774,21.3935568],[-157.9703074,21.3936989],[-157.9702739,21.3937753]]}},{"type":"Feature","properties":{"h":"primary"},"geometry":{"type":"LineString","coordinates":[[-157.9700109,21.3936876],[-157.9698131,21.3936183],[-157.9691871,21.3934036],[-157.9689184,21.393326],[-157.9687249,21.3932621]]}},{"type":"Feature","properties":{"h":"primary"},"geometry":{"type":"LineString","coordinates":[[-157.9705512,21.3938637],[-157.9703637,21.3938039],[-157.9702739,21.3937753]]}},{"type":"Feature","properties":{"h":"tertiary"},"geometry":{"type":"LineString","coordinates":[[-157.9704082,21.393494],[-157.9703774,21.3935568]]}},{"type":"Feature","properties":{"h":"tertiary"},"geometry":{"type":"LineString","coordinates":[[-157.970489,21.3933295],[-157.9704502,21.3934085]]}},{"type":"Feature","properties":{"h":"secondary"},"geometry":{"type":"LineString","coordinates":[[-157.9833852,21.3981547],[-157.983657,21.398233]]}},{"type":"Feature","properties":{"h":"secondary"},"geometry":{"type":"LineString","coordinates":[[-157.983657,21.398233],[-157.9838641,21.3982896],[-157.9840325,21.3983291],[-157.9842358,21.3983587]]}},{"type":"Feature","properties":{"h":"tertiary"},"geometry":{"type":"LineString","coordinates":[[-157.9293325,21.3797815],[-157.929462,21.3797046]]}},{"type":"Feature","properties":{"h":"tertiary"},"geometry":{"type":"LineString","coordinates":[[-157.9295914,21.3796278],[-157.9300166,21.3793771]]}},{"type":"Feature","properties":{"h":"secondary"},"geometry":{"type":"LineString","coordinates":[[-157.9578792,21.3918036],[-157.9582351,21.3919408]]}},{"type":"Feature","properties":{"h":"secondary"},"geometry":{"type":"LineString","coordinates":[[-157.9290637,21.3657001],[-157.9291353,21.3658516]]}},{"type":"Feature","properties":{"h":"secondary"},"geometry":{"type":"LineString","coordinates":[[-157.9290637,21.3657001],[-157.9290054,21.3657344],[-157.9289842,21.3657467],[-157.9274806,21.366463],[-157.9260371,21.3671402],[-157.9254871,21.3673604]]}},{"type":"Feature","properties":{"h":"secondary"},"geometry":{"type":"LineString","coordinates":[[-157.929265,21.3657892],[-157.9292029,21.3656332]]}},{"type":"Feature","properties":{"h":"primary"},"geometry":{"type":"LineString","coordinates":[[-157.9336939,21.3720851],[-157.9337668,21.3719649],[-157.9338854,21.3717693]]}},{"type":"Feature","properties":{"h":"secondary"},"geometry":{"type":"LineString","coordinates":[[-157.9304997,21.368898],[-157.9303015,21.3683912]]}},{"type":"Feature","properties":{"h":"secondary"},"geometry":{"type":"LineString","coordinates":[[-157.9303652,21.3689173],[-157.9304221,21.3690634],[-157.9306835,21.3697505],[-157.93081,21.3700748],[-157.9309081,21.3702636],[-157.9310016,21.3703837],[-157.9310998,21.3704807],[-157.931143,21.3705212],[-157.9312556,21.3705915],[-157.9313167,21.3706263],[-157.9313916,21.3706689]]}},{"type":"Feature","properties":{"h":"tertiary"},"geometry":{"type":"LineString","coordinates":[[-157.9459849,21.3837515],[-157.9460178,21.3837077],[-157.9460429,21.3836679],[-157.9460765,21.383603],[-157.9460886,21.3835797],[-157.9461293,21.3834984]]}},{"type":"Feature","properties":{"h":"primary"},"geometry":{"type":"LineString","coordinates":[[-157.9677525,21.3930866],[-157.9678425,21.3931178],[-157.9682645,21.3932644],[-157.968646,21.3933968]]}},{"type":"Feature","properties":{"h":"tertiary"},"geometry":{"type":"LineString","coordinates":[[-157.9306076,21.3790305],[-157.9306448,21.3790222],[-157.9306932,21.3790202],[-157.9307518,21.3790248],[-157.9309113,21.3791223]]}},{"type":"Feature","properties":{"h":"secondary"},"geometry":{"type":"LineString","coordinates":[[-157.9309189,21.378764],[-157.9309113,21.3791223]]}},{"type":"Feature","properties":{"h":"tertiary"},"geometry":{"type":"LineString","coordinates":[[-158.0190372,21.3295611],[-158.0180011,21.3301199],[-158.0177227,21.3302701],[-158.0176102,21.3303298],[-158.017501,21.3303901],[-158.0173985,21.3304568],[-158.017298,21.3305258],[-158.0172066,21.3306078],[-158.0171224,21.3306962],[-158.0170457,21.3307903],[-158.016977,21.3308897],[-158.0169181,21.3309914],[-158.0168675,21.3310969],[-158.0168257,21.3312057],[-158.0167928,21.3313171],[-158.016769,21.3314306],[-158.0167545,21.3315453],[-158.0167493,21.3316608],[-158.0167536,21.3317763],[-158.0167671,21.3318911],[-158.01679,21.3320047],[-158.0168089,21.3320193],[-158.016859,21.3320578]]}},{"type":"Feature","properties":{"h":"tertiary"},"geometry":{"type":"LineString","coordinates":[[-158.0191009,21.329662],[-158.0201591,21.3290903]]}},{"type":"Feature","properties":{"h":"tertiary"},"geometry":{"type":"LineString","coordinates":[[-157.9631086,21.3998949],[-157.9634374,21.3997818],[-157.9635335,21.3997488]]}},{"type":"Feature","properties":{"h":"tertiary"},"geometry":{"type":"LineString","coordinates":[[-157.9635335,21.3997488],[-157.9635055,21.3996773],[-157.9634693,21.3995847],[-157.9634415,21.3995193],[-157.9634093,21.3994628],[-157.9633717,21.3994038],[-157.9633201,21.3993376],[-157.9632772,21.3992889],[-157.9632239,21.3992383],[-157.9631548,21.3991834],[-157.9630177,21.3990886],[-157.9626009,21.398815],[-157.9625366,21.3987685],[-157.9624798,21.3987204],[-157.9624283,21.3986715],[-157.9623811,21.3986161],[-157.9623201,21.3985302],[-157.962277,21.398457],[-157.9622402,21.398379],[-157.9621991,21.3982775]]}},{"type":"Feature","properties":{"h":"tertiary"},"geometry":{"type":"LineString","coordinates":[[-157.962809,21.39999],[-157.962901,21.3999625]]}},{"type":"Feature","properties":{"h":"secondary"},"geometry":{"type":"LineString","coordinates":[[-157.9696035,21.3953843],[-157.9695508,21.3955039]]}},{"type":"Feature","properties":{"h":"secondary"},"geometry":{"type":"LineString","coordinates":[[-157.9695508,21.3955039],[-157.9694875,21.3956519],[-157.9693939,21.3958643],[-157.9693334,21.396003]]}},{"type":"Feature","properties":{"h":"secondary"},"geometry":{"type":"LineString","coordinates":[[-158.0266949,21.326393],[-158.026749,21.3265591],[-158.0268815,21.3269594],[-158.0272891,21.3282598],[-158.0276212,21.3292476],[-158.0276542,21.3294041]]}},{"type":"Feature","properties":{"h":"secondary"},"geometry":{"type":"LineString","coordinates":[[-158.0268699,21.3263428],[-158.0266556,21.325717],[-158.0262623,21.324537],[-158.0261887,21.3243521],[-158.0261757,21.3243193]]}},{"type":"Feature","properties":{"h":"tertiary"},"geometry":{"type":"LineString","coordinates":[[-157.9311891,21.3511249],[-157.9305985,21.3505362],[-157.9305803,21.3505178],[-157.9300972,21.3500686],[-157.9297184,21.3496775],[-157.9293798,21.3493111],[-157.9287428,21.3483202]]}},{"type":"Feature","properties":{"h":"tertiary"},"geometry":{"type":"LineString","coordinates":[[-157.9313016,21.3512401],[-157.9312563,21.3511938],[-157.9311891,21.3511249]]}},{"type":"Feature","properties":{"h":"tertiary"},"geometry":{"type":"LineString","coordinates":[[-158.0304064,21.3460167],[-158.0297363,21.346267],[-158.0295651,21.3463452],[-158.0295209,21.3463665],[-158.0293956,21.3464269],[-158.0291944,21.3465294],[-158.028996,21.3466367],[-158.0282242,21.3471071],[-158.027219,21.3477197],[-158.0270678,21.3478069],[-158.0269775,21.3478578]]}},{"type":"Feature","properties":{"h":"tertiary"},"geometry":{"type":"LineString","coordinates":[[-158.0227956,21.3273244],[-158.0226839,21.3272684]]}},{"type":"Feature","properties":{"h":"secondary"},"geometry":{"type":"LineString","coordinates":[[-158.0227956,21.3273244],[-158.0228602,21.3272305],[-158.0237706,21.3259063]]}},{"type":"Feature","properties":{"h":"tertiary"},"geometry":{"type":"LineString","coordinates":[[-158.0226327,21.3273498],[-158.02274,21.3274114]]}},{"type":"Feature","properties":{"h":"secondary"},"geometry":{"type":"LineString","coordinates":[[-158.0226839,21.3272684],[-158.0226327,21.3273498]]}},{"type":"Feature","properties":{"h":"secondary"},"geometry":{"type":"LineString","coordinates":[[-158.0236797,21.3258549],[-158.0231309,21.3265714],[-158.0227454,21.3271725],[-158.0226839,21.3272684]]}},{"type":"Feature","properties":{"h":"secondary"},"geometry":{"type":"LineString","coordinates":[[-158.0237706,21.3259063],[-158.0240043,21.3255412],[-158.0241116,21.3253851],[-158.0242037,21.3252573],[-158.024267,21.325181],[-158.0244012,21.3250607],[-158.0245584,21.3249595],[-158.0248146,21.3248358],[-158.0252896,21.3246455],[-158.0256562,21.3245091],[-158.0259567,21.3243943],[-158.0260143,21.3243723],[-158.0261757,21.3243193]]}},{"type":"Feature","properties":{"h":"tertiary"},"geometry":{"type":"LineString","coordinates":[[-158.0033107,21.3934275],[-158.0034398,21.394352],[-158.0034538,21.394452],[-158.0036036,21.3955535],[-158.003618,21.3956593]]}},{"type":"Feature","properties":{"h":"tertiary"},"geometry":{"type":"LineString","coordinates":[[-157.9300961,21.3793301],[-157.9302852,21.3792184]]}},{"type":"Feature","properties":{"h":"tertiary"},"geometry":{"type":"LineString","coordinates":[[-157.9302852,21.3792184],[-157.9303606,21.3791738],[-157.9305063,21.3790876]]}},{"type":"Feature","properties":{"h":"tertiary"},"geometry":{"type":"LineString","coordinates":[[-157.9300166,21.3793771],[-157.9300961,21.3793301]]}},{"type":"Feature","properties":{"h":"secondary"},"geometry":{"type":"LineString","coordinates":[[-157.9609311,21.393476],[-157.9601485,21.3929625]]}},{"type":"Feature","properties":{"h":"secondary"},"geometry":{"type":"LineString","coordinates":[[-157.9612794,21.3937073],[-157.9610752,21.3935717],[-157.9609311,21.393476]]}},{"type":"Feature","properties":{"h":"tertiary"},"geometry":{"type":"LineString","coordinates":[[-157.927694,21.3469697],[-157.927662,21.3469454],[-157.9274502,21.346843],[-157.9272865,21.3468005],[-157.9271899,21.3467831]]}},{"type":"Feature","properties":{"h":"primary"},"geometry":{"type":"LineString","coordinates":[[-158.0235323,21.335242],[-158.0234901,21.3350827],[-158.0234688,21.3350071]]}},{"type":"Feature","properties":{"h":"primary"},"geometry":{"type":"LineString","coordinates":[[-158.0236883,21.335785],[-158.0235323,21.335242]]}},{"type":"Feature","properties":{"h":"primary"},"geometry":{"type":"LineString","coordinates":[[-158.0232878,21.3343636],[-158.023219,21.3341192]]}},{"type":"Feature","properties":{"h":"secondary"},"geometry":{"type":"LineString","coordinates":[[-157.9309211,21.378521],[-157.9309189,21.378764]]}},{"type":"Feature","properties":{"h":"secondary"},"geometry":{"type":"LineString","coordinates":[[-157.9303015,21.3683912],[-157.9301706,21.3680357]]}},{"type":"Feature","properties":{"h":"secondary"},"geometry":{"type":"LineString","coordinates":[[-157.9300846,21.3681808],[-157.9302113,21.3685007]]}},{"type":"Feature","properties":{"h":"tertiary"},"geometry":{"type":"LineString","coordinates":[[-157.9524971,21.3380615],[-157.9510964,21.339374],[-157.9510523,21.3394142],[-157.9502422,21.3401856],[-157.9501574,21.3402538]]}},{"type":"Feature","properties":{"h":"tertiary"},"geometry":{"type":"LineString","coordinates":[[-157.9525869,21.3381467],[-157.9533065,21.3374695],[-157.9533804,21.3373972],[-157.9541041,21.33674],[-157.9542126,21.3366483],[-157.9542047,21.3364993]]}},{"type":"Feature","properties":{"h":"tertiary"},"geometry":{"type":"LineString","coordinates":[[-157.9501574,21.3402538],[-157.949471,21.340896],[-157.9493796,21.3409775]]}},{"type":"Feature","properties":{"h":"tertiary"},"geometry":{"type":"LineString","coordinates":[[-157.9502441,21.3403347],[-157.9503248,21.340258],[-157.9511462,21.3395038],[-157.9511927,21.3394635],[-157.9525869,21.3381467]]}},{"type":"Feature","properties":{"h":"tertiary"},"geometry":{"type":"LineString","coordinates":[[-157.9494658,21.3410615],[-157.9495501,21.3409861],[-157.9502441,21.3403347]]}},{"type":"Feature","properties":{"h":"tertiary"},"geometry":{"type":"LineString","coordinates":[[-157.9493796,21.3409775],[-157.9486423,21.3416651],[-157.9485136,21.3417975],[-157.9482887,21.342028],[-157.9482814,21.3420669],[-157.9482855,21.3420967],[-157.9482993,21.3421375],[-157.9483692,21.3423304]]}},{"type":"Feature","properties":{"h":"tertiary"},"geometry":{"type":"LineString","coordinates":[[-157.9842439,21.3982433],[-157.9842358,21.3983587]]}},{"type":"Feature","properties":{"h":"tertiary"},"geometry":{"type":"LineString","coordinates":[[-157.9842358,21.3983587],[-157.9842046,21.3984384],[-157.9842081,21.3985145],[-157.9842241,21.3985708]]}},{"type":"Feature","properties":{"h":"tertiary"},"geometry":{"type":"LineString","coordinates":[[-157.984249,21.3986089],[-157.984263,21.398564],[-157.9842597,21.3985176]]}},{"type":"Feature","properties":{"h":"primary"},"geometry":{"type":"LineString","coordinates":[[-157.9611113,21.3903212],[-157.9613237,21.3904188],[-157.9615351,21.3905137]]}},{"type":"Feature","properties":{"h":"primary"},"geometry":{"type":"LineString","coordinates":[[-157.9614024,21.3902736],[-157.9598625,21.3895705],[-157.9597493,21.3895188],[-157.9578854,21.3886713],[-157.9575049,21.3884983],[-157.9572331,21.3883747],[-157.9570054,21.3882712],[-157.9568948,21.3882209],[-157.9566032,21.3880883],[-157.956526,21.3880532],[-157.956225,21.3879164],[-157.9560838,21.3878522],[-157.9559447,21.3877868],[-157.9552929,21.3874806]]}},{"type":"Feature","properties":{"h":"primary"},"geometry":{"type":"LineString","coordinates":[[-157.9620534,21.3907495],[-157.9628513,21.3911108],[-157.9630569,21.3912038],[-157.9633495,21.3913381],[-157.9645132,21.3918615],[-157.9645755,21.3918902]]}},{"type":"Feature","properties":{"h":"primary"},"geometry":{"type":"LineString","coordinates":[[-157.9617497,21.3904328],[-157.9614024,21.3902736]]}},{"type":"Feature","properties":{"h":"primary"},"geometry":{"type":"LineString","coordinates":[[-158.0270243,21.3760205],[-158.0279397,21.3755732],[-158.0283,21.3753998]]}},{"type":"Feature","properties":{"h":"trunk"},"geometry":{"type":"LineString","coordinates":[[-158.0273019,21.3491011],[-158.0272228,21.3488186],[-158.0271121,21.3483965]]}},{"type":"Feature","properties":{"h":"primary"},"geometry":{"type":"LineString","coordinates":[[-157.9615351,21.3905137],[-157.9620534,21.3907495]]}},{"type":"Feature","properties":{"h":"primary"},"geometry":{"type":"LineString","coordinates":[[-157.9608624,21.3902067],[-157.9611113,21.3903212]]}},{"type":"Feature","properties":{"h":"secondary"},"geometry":{"type":"LineString","coordinates":[[-157.9534658,21.3890079],[-157.9535196,21.3888533],[-157.9535783,21.3887199]]}},{"type":"Feature","properties":{"h":"secondary"},"geometry":{"type":"LineString","coordinates":[[-157.9536915,21.3884971],[-157.9538198,21.3882648],[-157.9538426,21.3882236],[-157.9538814,21.3881533],[-157.9539228,21.3880762],[-157.9539511,21.3880234],[-157.9539822,21.3879648]]}},{"type":"Feature","properties":{"h":"secondary"},"geometry":{"type":"LineString","coordinates":[[-157.9535783,21.3887199],[-157.9536915,21.3884971]]}},{"type":"Feature","properties":{"h":"secondary"},"geometry":{"type":"LineString","coordinates":[[-157.9539822,21.3879648],[-157.9540266,21.3878809],[-157.9540656,21.3878064],[-157.9541304,21.3876826],[-157.9543165,21.3873238],[-157.9543539,21.3872505]]}},{"type":"Feature","properties":{"h":"primary"},"geometry":{"type":"LineString","coordinates":[[-157.9552929,21.3874806],[-157.9547462,21.3872309],[-157.9545733,21.3871519],[-157.9544363,21.3870885]]}},{"type":"Feature","properties":{"h":"primary"},"geometry":{"type":"LineString","coordinates":[[-158.0237421,21.3775314],[-158.0233783,21.377719],[-158.0232912,21.377764]]}},{"type":"Feature","properties":{"h":"tertiary"},"geometry":{"type":"LineString","coordinates":[[-157.99253,21.3312274],[-157.9931329,21.3305599]]}},{"type":"Feature","properties":{"h":"primary"},"geometry":{"type":"LineString","coordinates":[[-158.0212226,21.3299431],[-158.0207728,21.3291927]]}},{"type":"Feature","properties":{"h":"primary"},"geometry":{"type":"LineString","coordinates":[[-158.0215914,21.3305572],[-158.0215199,21.3304382],[-158.0212226,21.3299431]]}},{"type":"Feature","properties":{"h":"primary"},"geometry":{"type":"LineString","coordinates":[[-157.9593218,21.3894702],[-157.9597072,21.3896642],[-157.9599287,21.3897743],[-157.9608624,21.3902067]]}},{"type":"Feature","properties":{"h":"primary"},"geometry":{"type":"LineString","coordinates":[[-157.9592444,21.3894349],[-157.9593218,21.3894702]]}},{"type":"Feature","properties":{"h":"secondary"},"geometry":{"type":"LineString","coordinates":[[-157.9518274,21.390765],[-157.9519751,21.3908133],[-157.9526033,21.3908119]]}},{"type":"Feature","properties":{"h":"secondary"},"geometry":{"type":"LineString","coordinates":[[-158.0237035,21.3334477],[-158.0235055,21.3335165]]}},{"type":"Feature","properties":{"h":"secondary"},"geometry":{"type":"LineString","coordinates":[[-157.9261185,21.3554005],[-157.9263091,21.3561671],[-157.9263623,21.3563413],[-157.9264883,21.356797],[-157.9265367,21.3569722],[-157.9265603,21.3570554],[-157.9267036,21.357604],[-157.926792,21.357924],[-157.926843,21.3581251],[-157.9268764,21.3582664]]}},{"type":"Feature","properties":{"h":"secondary"},"geometry":{"type":"LineString","coordinates":[[-157.9259778,21.3550169],[-157.9261185,21.3554005]]}},{"type":"Feature","properties":{"h":"tertiary"},"geometry":{"type":"LineString","coordinates":[[-157.9533262,21.3917397],[-157.9533186,21.3915368]]}},{"type":"Feature","properties":{"h":"secondary"},"geometry":{"type":"LineString","coordinates":[[-158.0277321,21.3297733],[-158.0278923,21.3307725],[-158.0281431,21.3316767],[-158.0281767,21.3317978]]}},{"type":"Feature","properties":{"h":"secondary"},"geometry":{"type":"LineString","coordinates":[[-158.0276542,21.3294041],[-158.0277321,21.3297733]]}},{"type":"Feature","properties":{"h":"primary"},"geometry":{"type":"LineString","coordinates":[[-157.9426671,21.3817265],[-157.9425111,21.3816524],[-157.9415058,21.3811914]]}},{"type":"Feature","properties":{"h":"primary"},"geometry":{"type":"LineString","coordinates":[[-157.9415058,21.3811914],[-157.9414077,21.3811481]]}},{"type":"Feature","properties":{"h":"primary"},"geometry":{"type":"LineString","coordinates":[[-157.9409859,21.3811578],[-157.9412205,21.3812625]]}},{"type":"Feature","properties":{"h":"primary"},"geometry":{"type":"LineString","coordinates":[[-157.9409229,21.3809412],[-157.9408081,21.3808911],[-157.9407214,21.3808537]]}},{"type":"Feature","properties":{"h":"tertiary"},"geometry":{"type":"LineString","coordinates":[[-157.9303103,21.3325131],[-157.9299957,21.3324163],[-157.9299171,21.3324008],[-157.9297865,21.3323811],[-157.9296523,21.3323688]]}},{"type":"Feature","properties":{"h":"tertiary"},"geometry":{"type":"LineString","coordinates":[[-157.9323144,21.3520121],[-157.9325163,21.3521208]]}},{"type":"Feature","properties":{"h":"tertiary"},"geometry":{"type":"LineString","coordinates":[[-157.9348096,21.3528302],[-157.9346807,21.3528453],[-157.9345857,21.3528611]]}},{"type":"Feature","properties":{"h":"tertiary"},"geometry":{"type":"LineString","coordinates":[[-157.9314746,21.3514023],[-157.931342,21.3512722],[-157.9313016,21.3512401]]}},{"type":"Feature","properties":{"h":"tertiary"},"geometry":{"type":"LineString","coordinates":[[-157.9321928,21.3511998],[-157.9321125,21.3515305]]}},{"type":"Feature","properties":{"h":"tertiary"},"geometry":{"type":"LineString","coordinates":[[-157.9321125,21.3515305],[-157.9320508,21.3517501],[-157.9320185,21.351865]]}},{"type":"Feature","properties":{"h":"tertiary"},"geometry":{"type":"LineString","coordinates":[[-157.932237,21.3510178],[-157.9321928,21.3511998]]}},{"type":"Feature","properties":{"h":"tertiary"},"geometry":{"type":"LineString","coordinates":[[-157.926175,21.3584392],[-157.9262697,21.3584296],[-157.9263639,21.3584081],[-157.9267354,21.3583066],[-157.9268764,21.3582664]]}},{"type":"Feature","properties":{"h":"tertiary"},"geometry":{"type":"LineString","coordinates":[[-157.9521066,21.334549],[-157.9517917,21.3342558],[-157.9516282,21.33413],[-157.951433,21.334036],[-157.9512522,21.3339927],[-157.9511176,21.3339749],[-157.9510002,21.3339754],[-157.9508807,21.3339874],[-157.9507683,21.3340123],[-157.9506332,21.3340518],[-157.9504652,21.3341368],[-157.9503442,21.334216],[-157.9501651,21.3343824],[-157.949945,21.3345944]]}},{"type":"Feature","properties":{"h":"tertiary"},"geometry":{"type":"LineString","coordinates":[[-157.9268359,21.346226],[-157.9268999,21.3460866],[-157.9271202,21.345691],[-157.9271356,21.3456609],[-157.9272939,21.3453585],[-157.9273783,21.3451729]]}},{"type":"Feature","properties":{"h":"tertiary"},"geometry":{"type":"LineString","coordinates":[[-157.927465,21.3449935],[-157.9277079,21.3445164]]}},{"type":"Feature","properties":{"h":"tertiary"},"geometry":{"type":"LineString","coordinates":[[-157.9273783,21.3451729],[-157.927465,21.3449935]]}},{"type":"Feature","properties":{"h":"tertiary"},"geometry":{"type":"LineString","coordinates":[[-157.9288204,21.342436],[-157.9290486,21.342568]]}},{"type":"Feature","properties":{"h":"tertiary"},"geometry":{"type":"LineString","coordinates":[[-157.9255476,21.3584716],[-157.926175,21.3584392]]}},{"type":"Feature","properties":{"h":"tertiary"},"geometry":{"type":"LineString","coordinates":[[-157.9249369,21.358508],[-157.925019,21.3585013],[-157.9255476,21.3584716]]}},{"type":"Feature","properties":{"h":"tertiary"},"geometry":{"type":"LineString","coordinates":[[-157.9287428,21.3483202],[-157.9286653,21.3481886],[-157.9284961,21.3479281],[-157.9283058,21.3476499],[-157.9281266,21.3473821]]}},{"type":"Feature","properties":{"h":"tertiary"},"geometry":{"type":"LineString","coordinates":[[-157.9281266,21.3473821],[-157.9280966,21.3473402],[-157.9278975,21.3471241]]}},{"type":"Feature","properties":{"h":"tertiary"},"geometry":{"type":"LineString","coordinates":[[-157.9278975,21.3471241],[-157.927694,21.3469697]]}},{"type":"Feature","properties":{"h":"tertiary"},"geometry":{"type":"LineString","coordinates":[[-157.9183175,21.3442715],[-157.9185969,21.3442885],[-157.9190052,21.3444806],[-157.9201703,21.3450069]]}},{"type":"Feature","properties":{"h":"tertiary"},"geometry":{"type":"LineString","coordinates":[[-157.922131,21.3458813],[-157.9221942,21.3459129],[-157.9224314,21.3460312]]}},{"type":"Feature","properties":{"h":"tertiary"},"geometry":{"type":"LineString","coordinates":[[-157.9412147,21.3881067],[-157.9411143,21.3883437]]}},{"type":"Feature","properties":{"h":"tertiary"},"geometry":{"type":"LineString","coordinates":[[-157.9204645,21.3451369],[-157.9215973,21.3456365]]}},{"type":"Feature","properties":{"h":"tertiary"},"geometry":{"type":"LineString","coordinates":[[-157.9201703,21.3450069],[-157.9204645,21.3451369]]}},{"type":"Feature","properties":{"h":"tertiary"},"geometry":{"type":"LineString","coordinates":[[-157.9224314,21.3460312],[-157.9234426,21.3465034]]}},{"type":"Feature","properties":{"h":"tertiary"},"geometry":{"type":"LineString","coordinates":[[-157.9234426,21.3465034],[-157.9234503,21.3465064],[-157.92346,21.3465102],[-157.9234655,21.3465124],[-157.9236787,21.3465958],[-157.9237367,21.3466386]]}},{"type":"Feature","properties":{"h":"tertiary"},"geometry":{"type":"LineString","coordinates":[[-158.0271132,21.3920579],[-158.0268968,21.3917337]]}},{"type":"Feature","properties":{"h":"tertiary"},"geometry":{"type":"LineString","coordinates":[[-158.0268968,21.3917337],[-158.0267379,21.3915058],[-158.0266748,21.3914152],[-158.026604,21.3913046],[-158.0263855,21.390963],[-158.0262675,21.3908462],[-158.0261712,21.3907558],[-158.0260811,21.3906836],[-158.0259167,21.3905899],[-158.0257407,21.39051],[-158.025558,21.3904495],[-158.0251273,21.3903715]]}},{"type":"Feature","properties":{"h":"tertiary"},"geometry":{"type":"LineString","coordinates":[[-158.0243101,21.3902402],[-158.0233233,21.3900731],[-158.0231343,21.3900595],[-158.0229467,21.3900705],[-158.0228196,21.3901011]]}},{"type":"Feature","properties":{"h":"tertiary"},"geometry":{"type":"LineString","coordinates":[[-158.0245806,21.389451],[-158.0246249,21.3894708]]}},{"type":"Feature","properties":{"h":"tertiary"},"geometry":{"type":"LineString","coordinates":[[-158.0245342,21.3894442],[-158.0245806,21.389451]]}},{"type":"Feature","properties":{"h":"tertiary"},"geometry":{"type":"LineString","coordinates":[[-158.0246615,21.3893923],[-158.0246114,21.3893965],[-158.0245379,21.3893972]]}},{"type":"Feature","properties":{"h":"tertiary"},"geometry":{"type":"LineString","coordinates":[[-158.0138858,21.3937226],[-158.0139367,21.3937863],[-158.0140011,21.3938737],[-158.0140755,21.3939911],[-158.0141893,21.3942099]]}},{"type":"Feature","properties":{"h":"tertiary"},"geometry":{"type":"LineString","coordinates":[[-158.0088236,21.3933732],[-158.0090423,21.3932597]]}},{"type":"Feature","properties":{"h":"tertiary"},"geometry":{"type":"LineString","coordinates":[[-158.0104328,21.3895472],[-158.0110809,21.3903331],[-158.0116157,21.3909951],[-158.011965,21.39142],[-158.0119701,21.3914257]]}},{"type":"Feature","properties":{"h":"secondary"},"geometry":{"type":"LineString","coordinates":[[-157.9316722,21.3708184],[-157.9318373,21.3709058],[-157.9320053,21.3709916]]}},{"type":"Feature","properties":{"h":"tertiary"},"geometry":{"type":"LineString","coordinates":[[-157.9384031,21.3646817],[-157.9380547,21.3644945],[-157.9378691,21.364404],[-157.9377449,21.3643435]]}},{"type":"Feature","properties":{"h":"tertiary"},"geometry":{"type":"LineString","coordinates":[[-157.9380047,21.3645957],[-157.9382525,21.3647121],[-157.938364,21.3647699]]}},{"type":"Feature","properties":{"h":"tertiary"},"geometry":{"type":"LineString","coordinates":[[-157.9325408,21.3497163],[-157.9325222,21.3498056],[-157.9323851,21.3504654],[-157.9322723,21.3508647],[-157.932237,21.3510178]]}},{"type":"Feature","properties":{"h":"tertiary"},"geometry":{"type":"LineString","coordinates":[[-157.9311173,21.3551721],[-157.9309597,21.3553387]]}},{"type":"Feature","properties":{"h":"tertiary"},"geometry":{"type":"LineString","coordinates":[[-157.9948986,21.3965618],[-157.9946132,21.3967965],[-157.9944156,21.3969854],[-157.9942364,21.3971731],[-157.9940715,21.3973707],[-157.9939509,21.3975396]]}},{"type":"Feature","properties":{"h":"secondary"},"geometry":{"type":"LineString","coordinates":[[-157.9278881,21.361997],[-157.9278838,21.3622065],[-157.9283318,21.36392],[-157.928354,21.3640048]]}},{"type":"Feature","properties":{"h":"tertiary"},"geometry":{"type":"LineString","coordinates":[[-157.9229708,21.3638449],[-157.9229136,21.3638952],[-157.921412,21.365155],[-157.9213706,21.3651909],[-157.9207927,21.3656787]]}},{"type":"Feature","properties":{"h":"tertiary"},"geometry":{"type":"LineString","coordinates":[[-157.9239643,21.3585637],[-157.9248217,21.3585155],[-157.9249369,21.358508]]}},{"type":"Feature","properties":{"h":"tertiary"},"geometry":{"type":"LineString","coordinates":[[-157.9643708,21.3921094],[-157.9642054,21.3922358]]}},{"type":"Feature","properties":{"h":"secondary"},"geometry":{"type":"LineString","coordinates":[[-158.0281767,21.3317978],[-158.0281885,21.3318341],[-158.0282115,21.3319004],[-158.0289186,21.3339365]]}},{"type":"Feature","properties":{"h":"secondary"},"geometry":{"type":"LineString","coordinates":[[-158.0290536,21.3339019],[-158.0289306,21.3335213],[-158.0286206,21.332654],[-158.0283938,21.3319131],[-158.0283641,21.3318447],[-158.0283249,21.3317541]]}},{"type":"Feature","properties":{"h":"secondary"},"geometry":{"type":"LineString","coordinates":[[-157.9285274,21.3661366],[-157.9290794,21.3658779],[-157.9291353,21.3658516]]}},{"type":"Feature","properties":{"h":"secondary"},"geometry":{"type":"LineString","coordinates":[[-157.9253763,21.3675908],[-157.9255125,21.3675326],[-157.9256101,21.3674998],[-157.9257581,21.3674464],[-157.9262151,21.3672512]]}},{"type":"Feature","properties":{"h":"tertiary"},"geometry":{"type":"LineString","coordinates":[[-157.9205435,21.3734457],[-157.920446,21.3733764]]}},{"type":"Feature","properties":{"h":"tertiary"},"geometry":{"type":"LineString","coordinates":[[-158.0272576,21.3952254],[-158.02809,21.3949822],[-158.0289177,21.3947385],[-158.0290738,21.3946834],[-158.0292197,21.3946078],[-158.0293522,21.3945131],[-158.0294684,21.3944015],[-158.0295659,21.3942753],[-158.0296589,21.3941155],[-158.029893,21.3935976],[-158.0299248,21.3935272]]}},{"type":"Feature","properties":{"h":"tertiary"},"geometry":{"type":"LineString","coordinates":[[-158.021433,21.3398427],[-158.021536,21.3402299],[-158.0216504,21.3406224],[-158.0219236,21.3417219],[-158.0221722,21.3425698]]}},{"type":"Feature","properties":{"h":"tertiary"},"geometry":{"type":"LineString","coordinates":[[-158.0297384,21.3604685],[-158.02952,21.3604644],[-158.0294524,21.3604598],[-158.0294238,21.3604553],[-158.0293726,21.3604445],[-158.0292804,21.3604164]]}},{"type":"Feature","properties":{"h":"primary"},"geometry":{"type":"LineString","coordinates":[[-158.0229476,21.3333382],[-158.022733,21.332791],[-158.0226798,21.3326686]]}},{"type":"Feature","properties":{"h":"tertiary"},"geometry":{"type":"LineString","coordinates":[[-158.0185163,21.3369592],[-158.0173685,21.3381446]]}},{"type":"Feature","properties":{"h":"tertiary"},"geometry":{"type":"LineString","coordinates":[[-157.9287337,21.3817683],[-157.9287948,21.3818851]]}},{"type":"Feature","properties":{"h":"primary"},"geometry":{"type":"LineString","coordinates":[[-158.0203574,21.3285136],[-158.0195765,21.3272982],[-158.0195331,21.3272321],[-158.0192608,21.3268167]]}},{"type":"Feature","properties":{"h":"tertiary"},"geometry":{"type":"LineString","coordinates":[[-158.0178523,21.3814633],[-158.0176874,21.3812374],[-158.0176537,21.3811912],[-158.0175486,21.3810472],[-158.0175141,21.3810015]]}},{"type":"Feature","properties":{"h":"tertiary"},"geometry":{"type":"LineString","coordinates":[[-158.0182079,21.381965],[-158.0180667,21.3817745],[-158.0178523,21.3814633]]}},{"type":"Feature","properties":{"h":"tertiary"},"geometry":{"type":"LineString","coordinates":[[-158.0175141,21.3810015],[-158.0174731,21.3809436],[-158.0173686,21.3807997]]}},{"type":"Feature","properties":{"h":"primary"},"geometry":{"type":"LineString","coordinates":[[-157.9945537,21.38944],[-157.9943579,21.389628]]}},{"type":"Feature","properties":{"h":"tertiary"},"geometry":{"type":"LineString","coordinates":[[-158.016859,21.3320578],[-158.0168694,21.3320981],[-158.0168795,21.3321369],[-158.0169149,21.3322558],[-158.0169398,21.3323175],[-158.0174312,21.3335378],[-158.0177552,21.3343044]]}},{"type":"Feature","properties":{"h":"primary"},"geometry":{"type":"LineString","coordinates":[[-158.0135478,21.382199],[-158.0132728,21.3822679],[-158.0129656,21.3823392],[-158.012641,21.3824038]]}},{"type":"Feature","properties":{"h":"primary"},"geometry":{"type":"LineString","coordinates":[[-158.0076565,21.3833356],[-158.0071022,21.3834443]]}},{"type":"Feature","properties":{"h":"tertiary"},"geometry":{"type":"LineString","coordinates":[[-157.925301,21.3477486],[-157.9253446,21.3477449],[-157.9254793,21.3477021],[-157.9255806,21.3476699],[-157.9257621,21.3475653],[-157.9257952,21.347545],[-157.9259172,21.3474569],[-157.9264784,21.3470517]]}},{"type":"Feature","properties":{"h":"tertiary"},"geometry":{"type":"LineString","coordinates":[[-157.9249745,21.3477349],[-157.9251826,21.3477586],[-157.925301,21.3477486]]}},{"type":"Feature","properties":{"h":"tertiary"},"geometry":{"type":"LineString","coordinates":[[-157.9264784,21.3470517],[-157.9267501,21.3468555]]}},{"type":"Feature","properties":{"h":"tertiary"},"geometry":{"type":"LineString","coordinates":[[-157.9420039,21.3864467],[-157.9421768,21.3863641],[-157.9422745,21.3862655],[-157.9424612,21.3860904],[-157.9425615,21.3859974],[-157.9426788,21.3859031],[-157.9428904,21.3857539],[-157.9431013,21.3856221],[-157.9431812,21.3854966]]}},{"type":"Feature","properties":{"h":"tertiary"},"geometry":{"type":"LineString","coordinates":[[-157.9447225,21.384529],[-157.9442811,21.3848027]]}},{"type":"Feature","properties":{"h":"tertiary"},"geometry":{"type":"LineString","coordinates":[[-157.9461293,21.3834984],[-157.9461606,21.383317]]}},{"type":"Feature","properties":{"h":"primary"},"geometry":{"type":"LineString","coordinates":[[-157.9460288,21.3834535],[-157.9461293,21.3834984]]}},{"type":"Feature","properties":{"h":"tertiary"},"geometry":{"type":"LineString","coordinates":[[-157.9459039,21.383788],[-157.9459849,21.3837515]]}},{"type":"Feature","properties":{"h":"tertiary"},"geometry":{"type":"LineString","coordinates":[[-157.9459074,21.3837077],[-157.9459039,21.383788]]}},{"type":"Feature","properties":{"h":"tertiary"},"geometry":{"type":"LineString","coordinates":[[-157.9461606,21.383317],[-157.9460288,21.3834535],[-157.9459874,21.3835332],[-157.9459074,21.3837077]]}},{"type":"Feature","properties":{"h":"tertiary"},"geometry":{"type":"LineString","coordinates":[[-157.9218543,21.3457544],[-157.922131,21.3458813]]}},{"type":"Feature","properties":{"h":"tertiary"},"geometry":{"type":"LineString","coordinates":[[-157.9215973,21.3456365],[-157.9218543,21.3457544]]}},{"type":"Feature","properties":{"h":"tertiary"},"geometry":{"type":"LineString","coordinates":[[-157.9842597,21.3985176],[-157.9842588,21.3984384],[-157.9842358,21.3983587]]}},{"type":"Feature","properties":{"h":"tertiary"},"geometry":{"type":"LineString","coordinates":[[-157.9842241,21.3985708],[-157.984249,21.3986089]]}},{"type":"Feature","properties":{"h":"tertiary"},"geometry":{"type":"LineString","coordinates":[[-158.0192831,21.3361672],[-158.0186155,21.3368567]]}},{"type":"Feature","properties":{"h":"tertiary"},"geometry":{"type":"LineString","coordinates":[[-158.0186155,21.3368567],[-158.0185163,21.3369592]]}},{"type":"Feature","properties":{"h":"tertiary"},"geometry":{"type":"LineString","coordinates":[[-158.0177552,21.3343044],[-158.0177996,21.3343858],[-158.0178878,21.3345373],[-158.0180473,21.3348253],[-158.0184093,21.3352962],[-158.0184825,21.3353644],[-158.0189643,21.3358129],[-158.0192235,21.3360117],[-158.0193441,21.3361042]]}},{"type":"Feature","properties":{"h":"tertiary"},"geometry":{"type":"LineString","coordinates":[[-158.0193441,21.3361042],[-158.0192831,21.3361672]]}},{"type":"Feature","properties":{"h":"primary"},"geometry":{"type":"LineString","coordinates":[[-157.9808168,21.39557],[-157.9805338,21.3955258]]}},{"type":"Feature","properties":{"h":"tertiary"},"geometry":{"type":"LineString","coordinates":[[-157.9374351,21.3833794],[-157.9375452,21.3833322],[-157.9376638,21.3832822]]}},{"type":"Feature","properties":{"h":"motorway"},"geometry":{"type":"LineString","coordinates":[[-157.9318763,21.3834246],[-157.9312977,21.3826365],[-157.9291128,21.379662]]}},{"type":"Feature","properties":{"h":"tertiary"},"geometry":{"type":"LineString","coordinates":[[-157.922658,21.3588894],[-157.9227969,21.3587756],[-157.9229044,21.3587043],[-157.923008,21.3586563],[-157.9231223,21.3586225],[-157.9232775,21.3585996],[-157.9235659,21.3585777],[-157.9239643,21.3585637]]}},{"type":"Feature","properties":{"h":"tertiary"},"geometry":{"type":"LineString","coordinates":[[-157.9224494,21.3592053],[-157.9225981,21.3589699],[-157.922658,21.3588894]]}},{"type":"Feature","properties":{"h":"primary"},"geometry":{"type":"LineString","coordinates":[[-157.9365712,21.3789536],[-157.9367532,21.3790937],[-157.9368192,21.379142]]}},{"type":"Feature","properties":{"h":"secondary"},"geometry":{"type":"LineString","coordinates":[[-157.9309227,21.3783544],[-157.9309217,21.3784374]]}},{"type":"Feature","properties":{"h":"secondary"},"geometry":{"type":"LineString","coordinates":[[-157.9309236,21.3782842],[-157.9309227,21.3783544]]}},{"type":"Feature","properties":{"h":"motorway"},"geometry":{"type":"LineString","coordinates":[[-157.9329018,21.3760394],[-157.9313314,21.3758209],[-157.9311209,21.3757795]]}},{"type":"Feature","properties":{"h":"secondary"},"geometry":{"type":"LineString","coordinates":[[-157.9303387,21.3764616],[-157.9303572,21.3764758]]}},{"type":"Feature","properties":{"h":"tertiary"},"geometry":{"type":"LineString","coordinates":[[-157.9272953,21.3789345],[-157.9270458,21.3787889]]}},{"type":"Feature","properties":{"h":"tertiary"},"geometry":{"type":"LineString","coordinates":[[-157.926687,21.3789937],[-157.9267382,21.3792482]]}}]}